1091113,1600,23.95,24.09,23.91,24.09
1091116,1600,24.25,24.44,24.21,24.44
1091117,1600,24.45,24.65,24.35,24.65
1091118,1600,24.65,24.89,24.62,24.65
1091119,1600,24.68,24.7,24.48,24.56
1091120,1600,24.68,24.76,24.61,24.73
1091123,1600,25.06,25.18,25.0,25.12
1091124,1600,25.15,25.21,25.02,25.09
1091125,1600,25.29,25.29,25.17,25.27
1091126,1600,25.39,25.41,25.18,25.4
1091127,1600,24.8,25.33,24.75,25.28
1091130,1600,25.07,25.18,24.91,25.135
1091201,1600,25.39,25.56,25.32,25.54
1091202,1600,25.8,25.89,25.71,25.835
1091203,1600,25.95,25.97,25.68,25.825
1091204,1600,25.74,25.86,25.15,25.15
1091207,1600,24.92,24.92,24.72,24.755
1091208,1600,25.11,25.19,24.88,25.04
1091209,1600,24.72,24.98,24.68,24.88
1091210,1600,24.61,24.65,24.44,24.58
1091211,1600,24.82,24.87,24.42,24.42
1091214,1600,24.6,24.69,24.5,24.66
1091215,1600,24.68,24.88,24.58,24.75
1091216,1600,24.9,25.09,24.87,25.06
1091217,1600,25.15,25.22,24.9,24.91
1091218,1600,24.75,24.84,24.65,24.84
1091221,1600,24.97,25.02,24.7,24.74
1091222,1600,24.6,24.63,24.26,24.35
1091223,1600,24.45,24.54,24.35,24.54
1091228,1600,24.8,24.87,24.64,24.64
1091229,1600,24.6,24.66,24.49,24.62
1091230,1600,24.53,24.53,24.43,24.5
1100104,1600,24.85,25.03,24.85,24.98
1100105,1600,25.09,25.12,24.91,25.07
1100106,1600,25.2,25.41,25.12,25.37
1100107,1600,25.34,25.43,25.3,25.41
1100108,1600,25.26,25.42,25.18,25.28
1100111,1600,25.6,25.68,25.49,25.51
1100112,1600,25.66,25.66,25.38,25.4
1100113,1600,25.04,25.15,24.81,24.96
1100114,1600,25.25,25.28,25.13,25.23
1100115,1600,25.35,25.39,25.2,25.3
1100118,1600,25.36,25.44,25.3,25.33
1100119,1600,25.42,25.53,25.39,25.51
1100120,1600,25.59,25.68,25.22,25.28
1100121,1600,25.38,25.4,24.92,24.98
1100122,1600,24.95,24.99,24.7,24.91
1100125,1600,24.99,25.04,24.88,24.91
1100126,1600,24.9,25.14,24.82,25.09
1100127,1600,25.04,25.14,24.93,25.06
1100128,1600,24.99,25.17,24.95,24.96
1100129,1600,24.95,25.08,24.88,24.93
1100201,1600,25.08,25.39,24.98,25.39
1100202,1600,25.51,25.72,25.44,25.72
1100203,1600,25.81,25.81,25.64,25.73
1100204,1600,25.68,25.69,24.86,24.92
1100205,1600,24.98,24.98,24.7,24.86
1100208,1600,25.1,25.2,25.02,25.06
1100209,1600,25.08,25.22,25.01,25.17
1100210,1600,25.19,25.25,24.99,25.04
1100211,1600,25.19,25.72,25.19,25.72
1100212,1600,25.66,25.77,25.6,25.69
1100215,1600,25.9,26.04,25.86,26.04
1100216,1600,26.19,26.37,26.15,26.21
1100217,1600,26.15,26.41,26.15,26.35
1100218,1600,26.09,26.52,26.08,26.49
1100219,1600,26.41,26.62,26.35,26.59
1100222,1600,26.61,26.61,26.27,26.34
1100223,1600,26.31,26.4,26.16,26.27
1100224,1600,26.19,26.24,25.87,25.99
1100225,1600,26.0,26.2,26.0,26.12
1100226,1600,26.37,26.41,26.22,26.29
1100301,1600,26.49,26.65,26.41,26.65
1100302,1600,26.61,26.92,26.55,26.92
1100303,1600,26.81,26.92,26.78,26.81
1100304,1600,26.78,26.84,26.67,26.75
1100305,1600,26.84,26.97,26.83,26.92
1100308,1600,26.74,26.78,26.45,26.48
1100309,1600,26.52,26.58,26.35,26.52
1100310,1600,26.67,26.7,26.32,26.32
1100311,1600,26.13,26.15,25.94,26.01
1100312,1600,26.16,26.18,25.86,25.86
1100315,1600,25.84,26.01,25.84,25.97
1100316,1600,26.17,26.37,26.11,26.3
1100317,1600,26.38,26.43,26.26,26.31
1100318,1600,26.37,26.62,26.37,26.62
1100319,1600,26.56,26.74,26.25,26.26
1100322,1600,26.36,26.38,26.05,26.11
1100323,1600,26.23,26.29,26.08,26.29
1100324,1600,26.34,26.38,26.26,26.32
1100325,1600,26.29,26.4,26.24,26.28
1100326,1600,26.42,26.5,26.23,26.41
1100329,1600,26.5,26.6,26.45,26.57
1100330,1600,26.46,26.52,26.4,26.47
1100331,1600,26.54,26.63,26.44,26.5
1100401,1600,26.55,26.82,26.54,26.77
1100406,1600,27.0,27.37,26.91,27.36
1100407,1600,27.34,27.61,27.2,27.6
1100408,1600,27.69,27.81,27.66,27.74
1100409,1600,27.75,27.81,27.57,27.7
1100412,1600,27.45,27.57,27.41,27.55
1100413,1600,27.27,27.36,27.15,27.24
1100414,1600,27.21,27.43,27.21,27.3
1100415,1600,27.27,27.53,27.23,27.53
1100416,1600,27.39,27.5,27.04,27.13
1100419,1600,27.09,27.17,26.9,27.09
1100420,1600,27.16,27.35,27.16,27.24
1100421,1600,27.4,27.47,27.35,27.41
1100422,1600,27.51,27.6,27.41,27.53
1100423,1600,27.75,27.85,27.49,27.83
1100426,1600,27.86,27.95,27.82,27.88
1100427,1600,27.73,28.15,27.7,28.15
1100428,1600,28.43,28.73,28.23,28.73
1100429,1600,28.45,28.49,28.25,28.37
1100430,1600,28.42,28.62,28.35,28.6
1100503,1600,28.68,28.99,28.63,28.96
1100504,1600,28.84,29.37,28.8,29.04
1100505,1600,29.04,29.45,28.96,29.38
1100506,1600,29.66,30.15,29.56,30.15
1100507,1600,30.67,30.67,30.12,30.4
1100510,1600,29.74,30.17,29.19,29.99
1100511,1600,30.49,31.13,30.46,30.88
1100512,1600,31.3,31.62,31.06,31.55
1100513,1600,31.48,31.83,31.4,31.83
1100514,1600,31.64,32.28,31.6,31.85
1100517,1600,32.35,32.41,31.8,32.16
1100518,1600,31.77,31.78,31.22,31.64
1100519,1600,31.92,32.22,31.07,31.15
1100520,1600,30.8,31.09,30.59,30.96
1100521,1600,30.19,30.44,29.89,30.3
1100524,1600,30.58,31.0,30.52,30.93
1100525,1600,31.1,31.54,31.08,31.39
1100526,1600,31.58,31.97,31.49,31.92
1100527,1600,31.62,31.96,31.55,31.67
1100528,1600,31.63,31.64,31.31,31.35
1100531,1600,31.72,31.9,31.66,31.86
1100601,1600,32.02,32.47,31.89,32.07
1100602,1600,32.16,32.2,32.01,32.15
1100603,1600,31.99,32.1,31.8,31.99
1100604,1600,31.82,32.28,31.63,32.28
1100607,1600,32.77,33.25,32.55,33.21
1100608,1600,33.34,33.82,33.32,33.36
1100609,1600,33.26,33.31,32.5,32.69
1100610,1600,32.76,32.88,32.21,32.52
1100611,1600,32.43,32.71,32.32,32.66
1100614,1600,32.53,32.6,31.84,31.86
1100615,1600,32.25,32.33,31.96,32.03
1100616,1600,32.19,32.44,32.13,32.19
1100617,1600,32.35,32.47,32.0,32.42
1100618,1600,32.39,32.79,32.25,32.75
1100621,1600,32.59,32.88,32.55,32.6
1100622,1600,32.34,32.56,32.28,32.49
1100623,1600,32.48,32.68,32.22,32.41
1100624,1600,32.21,32.58,32.1,32.56
1100625,1600,32.47,32.87,32.47,32.78
1100628,1600,32.65,32.98,32.51,32.61
1100629,1600,32.54,32.73,32.45,32.65
1100630,1600,32.72,32.78,32.45,32.59
1100701,1600,32.65,32.7,31.35,31.47
1100702,1600,31.17,31.23,30.66,30.82
1100705,1600,31.08,31.09,30.95,30.98
1100706,1600,30.92,30.98,30.25,30.33
1100707,1600,30.35,30.49,30.29,30.37
1100708,1600,30.62,30.66,30.07,30.23
1100709,1600,30.26,30.84,30.25,30.75
1100712,1600,30.86,30.91,30.34,30.66
1100713,1600,30.67,31.25,30.66,30.72
1100714,1600,30.71,30.74,30.51,30.62
1100715,1600,30.55,30.59,30.1,30.15
1100716,1600,30.08,30.08,29.44,29.61
1100719,1600,29.68,29.8,29.01,29.29
1100720,1600,29.25,29.74,29.24,29.68
1100721,1600,29.67,30.04,29.65,29.91
1100722,1600,29.8,29.9,29.6,29.8
1100723,1600,29.89,30.15,29.75,29.85
1100726,1600,29.64,29.76,29.28,29.33
1100727,1600,29.3,29.39,28.76,28.82
1100728,1600,28.68,28.83,28.56,28.63
1100729,1600,28.78,28.79,28.46,28.59
1100730,1600,28.68,29.02,28.68,28.95
1100802,1600,29.02,29.1,28.81,28.83
1100803,1600,28.83,28.94,28.64,28.88
1100804,1600,29.0,29.4,28.97,29.33
1100805,1600,29.27,29.3,29.08,29.19
1100806,1600,29.17,29.3,29.09,29.2
1100809,1600,29.25,29.32,29.14,29.17
1100810,1600,29.28,29.38,29.17,29.38
1100811,1600,29.52,30.02,29.45,29.81
1100812,1600,29.92,30.54,29.85,30.32
1100813,1600,30.37,30.65,30.33,30.54
1100816,1600,30.62,30.79,30.53,30.67
1100817,1600,30.73,30.74,30.53,30.57
1100818,1600,30.68,30.72,30.42,30.7
1100819,1600,30.86,30.95,30.76,30.86
1100820,1600,30.9,31.19,30.85,31.12
1100823,1600,31.11,31.15,31.0,31.08
1100824,1600,31.06,31.3,30.87,31.25
1100825,1600,31.32,31.56,31.17,31.51
1100826,1600,31.35,31.48,31.19,31.37
1100827,1600,31.32,31.39,31.18,31.26
1100830,1600,31.27,31.37,31.2,31.34
1100831,1600,31.4,31.59,31.24,31.54
1100901,1600,31.6,31.64,31.19,31.27
1100902,1600,31.3,31.43,31.23,31.36
1100903,1600,31.43,31.44,30.77,31.22
1100906,1600,31.1,31.24,31.1,31.2
1100907,1600,31.4,31.78,31.37,31.75
1100908,1600,31.84,31.99,31.62,31.77
1100909,1600,31.86,31.86,31.51,31.51
1100910,1600,31.63,31.63,31.33,31.52
1100913,1600,31.29,31.3,31.07,31.1
1100914,1600,31.23,31.65,31.2,31.49
1100915,1600,31.47,31.52,31.3,31.37
1100916,1600,31.32,31.4,31.21,31.32
1100917,1600,31.34,31.51,31.3,31.46
1100920,1600,31.5,31.55,31.4,31.51
1100921,1600,31.41,31.41,31.2,31.22
1100922,1600,31.2,31.25,30.92,31.0
1100923,1600,31.04,31.2,31.01,31.2
1100924,1600,31.24,31.31,30.85,30.91
1100927,1600,30.99,31.06,30.92,30.92
1100928,1600,30.99,31.01,30.6,30.93
1100929,1600,31.0,31.0,30.8,30.91
1100930,1600,30.98,31.0,30.7,30.72
1101001,1600,30.86,30.86,30.7,30.77
1101004,1600,30.87,30.96,30.82,30.88
1101005,1600,30.91,31.1,30.91,31.08
1101006,1600,31.25,31.31,31.1,31.1
1101007,1600,31.21,31.36,30.74,30.87
1101008,1600,30.77,31.11,30.68,31.06
1101011,1600,31.07,31.21,30.93,31.21
1101012,1600,31.29,31.39,31.04,31.26
1101013,1600,31.23,31.66,31.19,31.53
1101014,1600,31.62,31.62,31.34,31.38
1101015,1600,31.53,31.53,31.25,31.47
1101018,1600,31.51,31.55,31.41,31.52
1101019,1600,31.59,31.61,31.03,31.21
1101020,1600,31.21,31.24,30.87,30.93
1101021,1600,30.94,30.95,30.72,30.72
1101022,1600,30.56,30.57,30.43,30.55
1101025,1600,30.76,30.84,30.66,30.74
1101026,1600,30.82,30.98,30.72,30.95
1101027,1600,31.03,31.03,30.81,30.87
1101028,1600,30.78,31.05,30.72,31.01
1101029,1600,31.07,31.35,31.04,31.22
1101101,1600,31.32,31.44,31.29,31.32
1101102,1600,31.32,31.32,30.98,30.98
1101103,1600,31.07,31.23,30.53,30.73
1101104,1600,30.87,31.22,30.72,31.21
1101105,1600,31.34,31.92,31.29,31.85
1101108,1600,31.99,32.28,31.96,32.27
1101109,1600,32.79,32.92,32.64,32.92
1101110,1600,32.71,32.83,32.51,32.63
1101111,1600,32.86,33.2,32.85,33.02
1101112,1600,32.72,32.72,32.25,32.26
1101115,1600,32.12,32.48,32.06,32.42
1101116,1600,32.18,32.24,31.7,31.7
1101117,1600,31.75,32.0,31.74,31.86
1101118,1600,32.06,32.07,31.82,32.04
1101119,1600,31.89,31.95,31.6,31.88
1101122,1600,31.9,31.97,31.77,31.97
1101123,1600,32.3,33.09,32.22,33.02
1101124,1600,33.0,33.36,32.86,33.0
1101125,1600,33.04,33.17,33.01,33.06
1101126,1600,33.11,33.26,32.82,32.96
1101129,1600,33.1,33.56,33.07,33.56
1101130,1600,33.52,34.35,33.49,34.2
1101201,1600,34.37,34.39,33.95,34.14
1101202,1600,34.07,34.15,33.82,33.93
1101203,1600,33.86,33.93,33.64,33.81
1101206,1600,34.09,34.4,34.05,34.39
1101207,1600,34.29,34.39,33.94,34.11
1101208,1600,33.87,34.01,32.87,33.48
1101209,1600,33.59,33.86,33.58,33.75
1101210,1600,33.74,33.8,33.48,33.55
1101213,1600,33.89,33.91,33.5,33.55
1101214,1600,33.61,33.65,33.4,33.54
1101215,1600,33.6,33.66,33.38,33.56
1101216,1600,33.63,33.69,33.13,33.33
1101217,1600,33.24,33.5,33.11,33.5
1101220,1600,33.83,33.95,33.76,33.95
1101221,1600,33.87,33.99,33.79,33.96
1101222,1600,33.99,34.16,33.93,34.08
1101223,1600,33.95,34.02,33.79,33.87
1101227,1600,33.83,33.85,33.73,33.77
1101228,1600,33.83,34.5,33.74,34.5
1101229,1600,34.47,34.62,34.32,34.52
1101230,1600,34.39,34.45,34.22,34.22
1110103,1600,34.4,34.42,34.08,34.17
1110104,1600,34.12,34.13,33.36,33.48
1110105,1600,33.6,33.63,33.38,33.6
1110106,1600,33.78,33.92,33.59,33.92
1110107,1600,33.82,34.15,33.58,34.09
1110110,1600,34.2,34.24,34.01,34.03
1110111,1600,34.25,34.39,34.16,34.21
1110112,1600,34.27,34.3,33.91,33.91
1110113,1600,33.92,33.92,33.28,33.33
1110114,1600,33.0,33.0,32.59,32.66
1110117,1600,32.9,32.98,32.76,32.93
1110118,1600,32.9,33.02,32.69,32.84
1110119,1600,32.83,32.83,32.62,32.7
1110120,1600,32.61,32.61,32.08,32.26
1110121,1600,32.01,32.05,31.73,31.84
1110124,1600,31.92,31.98,31.63,31.66
1110125,1600,31.33,31.66,31.17,31.28
1110126,1600,31.38,31.42,31.08,31.14
1110127,1600,31.56,31.59,30.84,30.91
1110128,1600,30.84,31.47,30.7,31.47
1110131,1600,31.54,31.57,31.01,31.18
1110201,1600,31.31,31.33,30.9,31.07
1110202,1600,31.06,31.17,30.99,31.11
1110203,1600,30.94,31.45,30.94,31.39
1110204,1600,31.87,32.19,31.75,31.9
1110207,1600,31.86,32.11,31.82,32.01
1110208,1600,31.99,32.15,31.75,32.09
1110209,1600,32.15,32.17,31.94,31.94
1110210,1600,31.97,32.23,31.94,32.14
1110211,1600,32.29,32.48,32.25,32.3
1110214,1600,32.3,32.59,32.26,32.54
1110215,1600,32.57,32.72,32.42,32.67
1110216,1600,32.62,32.83,32.59,32.63
1110217,1600,32.67,32.75,32.6,32.65
1110218,1600,32.77,32.87,32.6,32.73
1110221,1600,32.85,33.1,32.8,33.1
1110222,1600,33.22,33.24,32.84,33.06
1110223,1600,32.82,33.01,32.8,32.98
1110224,1600,33.16,33.23,32.9,32.96
1110225,1600,32.79,33.02,32.59,32.85
1110228,1600,32.97,32.97,32.76,32.94
1110301,1600,32.92,33.15,32.84,33.15
1110302,1600,33.36,33.42,33.24,33.36
1110303,1600,33.1,33.28,32.7,32.83
1110304,1600,32.61,32.89,32.57,32.89
1110307,1600,33.11,33.12,32.88,32.88
1110308,1600,32.91,33.17,32.9,33.05
1110309,1600,32.98,33.19,32.98,32.99
1110310,1600,33.24,33.24,32.73,32.78
1110311,1600,32.96,33.03,32.78,32.86
1110314,1600,32.94,32.99,32.73,32.82
1110315,1600,32.8,32.8,31.99,32.13
1110316,1600,32.24,32.42,32.21,32.27
1110317,1600,32.16,32.25,32.06,32.11
1110318,1600,32.24,32.36,32.18,32.19
1110321,1600,32.28,32.5,32.28,32.34
1110322,1600,32.29,32.33,32.11,32.3
1110323,1600,32.42,32.79,32.34,32.79
1110324,1600,32.88,32.88,32.65,32.72
1110325,1600,32.53,32.7,32.5,32.6
1110328,1600,32.53,32.54,32.27,32.33
1110329,1600,32.32,32.48,32.18,32.47
1110330,1600,32.47,32.66,32.29,32.29
1110331,1600,32.35,32.63,32.28,32.55
1110401,1600,32.55,32.64,32.29,32.29
1110404,1600,32.42,32.51,32.35,32.44
1110405,1600,32.52,32.83,32.44,32.72
1110406,1600,32.81,32.89,32.63,32.67
1110407,1600,32.68,32.95,32.68,32.88
1110408,1600,32.77,32.87,32.67,32.8
1110411,1600,32.83,32.83,32.6,32.73
1110412,1600,32.58,32.58,32.07,32.2
1110413,1600,32.31,32.44,32.29,32.39
1110414,1600,32.4,32.68,32.4,32.66
1110415,1600,32.82,33.09,32.73,33.07
1110418,1600,33.27,33.86,33.21,33.83
1110419,1600,33.72,33.75,33.47,33.56
1110420,1600,33.52,33.52,33.22,33.34
1110421,1600,33.21,33.26,33.08,33.21
1110426,1600,33.18,33.21,32.87,32.97
1110427,1600,33.06,33.15,32.98,33.1
1110428,1600,33.2,33.37,33.11,33.37
1110429,1600,33.26,33.47,33.16,33.47
1110502,1600,33.76,33.98,33.6,33.95
1110503,1600,33.56,33.65,33.28,33.43
1110504,1600,33.28,33.3,32.95,32.95
1110505,1600,32.87,33.14,32.41,32.68
1110506,1600,32.79,33.16,32.62,33.02
1110509,1600,33.48,34.01,33.46,33.92
1110510,1600,33.91,34.02,33.74,33.9
1110511,1600,34.04,34.07,33.85,33.93
1110512,1600,33.79,33.89,33.56,33.78
1110513,1600,34.02,34.12,33.9,34.09
1110516,1600,34.01,34.12,33.87,33.88
1110517,1600,33.91,33.97,33.46,33.54
1110518,1600,33.56,33.89,33.56,33.77
1110519,1600,33.71,33.76,33.53,33.6
1110520,1600,33.64,34.28,33.63,34.28
1110523,1600,34.49,34.79,34.46,34.67
1110524,1600,34.7,34.87,34.66,34.73
1110525,1600,34.98,35.02,34.87,34.92
1110526,1600,34.72,34.73,34.44,34.68
1110527,1600,34.45,34.69,34.41,34.61
1110530,1600,34.59,34.68,34.54,34.64
1110531,1600,34.41,34.45,34.29,34.43
1110601,1600,34.18,34.55,34.12,34.52
1110602,1600,34.51,34.51,33.96,33.99
1110603,1600,34.08,34.22,33.88,33.94
1110606,1600,33.95,34.2,33.92,34.12
1110607,1600,34.0,34.01,33.72,33.76
1110608,1600,33.76,33.94,33.66,33.93
1110609,1600,33.81,34.27,33.77,34.23
1110610,1600,34.29,34.41,33.99,34.39
1110613,1600,34.33,34.33,34.11,34.12
1110614,1600,33.93,33.93,33.78,33.8
1110615,1600,34.1,34.55,34.07,34.48
1110616,1600,34.75,34.95,34.61,34.63
1110617,1600,34.71,34.73,34.36,34.59
1110620,1600,34.87,34.87,34.53,34.58
1110621,1600,34.58,34.66,34.47,34.57
1110622,1600,34.52,34.76,34.5,34.73
1110623,1600,34.8,34.83,34.47,34.52
1110624,1600,34.36,34.4,34.18,34.19
1110627,1600,33.9,34.07,33.75,33.79
1110628,1600,33.75,33.91,33.58,33.66
1110629,1600,33.71,33.77,33.6,33.72
1110630,1600,33.51,33.6,33.3,33.39
1110701,1600,33.17,33.21,32.91,32.91
1110704,1600,33.06,33.15,33.01,33.11
1110705,1600,33.18,33.55,33.16,33.54
1110706,1600,33.85,34.42,33.81,34.42
1110707,1600,34.4,34.5,34.09,34.24
1110708,1600,34.34,34.85,34.29,34.84
1110711,1600,35.09,35.77,35.08,35.46
1110712,1600,35.89,36.0,35.58,35.71
1110713,1600,36.0,36.2,35.81,36.01
1110714,1600,35.9,36.16,35.86,35.98
1110715,1600,35.98,36.23,35.87,36.17
1110718,1600,36.64,36.87,36.55,36.84
1110719,1600,36.63,36.68,36.24,36.41
1110720,1600,36.14,36.2,35.85,36.1
1110721,1600,36.11,36.41,35.7,35.86
1110722,1600,35.46,36.1,35.32,35.98
1110725,1600,36.3,36.36,36.15,36.2
1110726,1600,35.82,35.87,35.67,35.82
1110727,1600,36.02,36.5,35.99,36.25
1110728,1600,36.2,36.55,36.08,36.16
1110729,1600,36.37,36.65,36.27,36.41
1110801,1600,36.03,36.95,35.98,36.91
1110802,1600,36.85,37.25,36.8,37.11
1110803,1600,37.79,37.92,37.3,37.54
1110804,1600,37.41,38.28,37.38,38.12
1110805,1600,37.83,37.99,37.38,37.59
1110808,1600,38.25,38.79,38.0,38.68
1110809,1600,39.55,40.29,38.85,39.26
1110810,1600,39.12,40.38,39.05,40.38
1110811,1600,40.18,40.7,39.55,39.63
1110812,1600,39.67,39.97,38.87,39.05
1110815,1600,39.01,39.31,38.66,38.85
1110816,1600,39.57,39.93,39.47,39.77
1110817,1600,40.0,40.15,39.6,39.77
1110818,1600,40.13,41.09,39.97,40.83
1110819,1600,41.49,42.22,40.89,41.42
1110822,1600,42.38,42.5,41.45,42.3
1110823,1600,42.34,42.35,41.48,41.9
1110824,1600,41.05,41.36,39.2,39.68
1110825,1600,38.75,39.06,37.84,38.79
1110826,1600,39.5,40.14,39.33,39.69
1110829,1600,40.25,40.41,39.39,39.67
1110830,1600,39.8,40.82,39.68,40.67
1110831,1600,40.88,40.92,40.37,40.74
1110901,1600,40.69,41.2,40.69,41.1
1110902,1600,41.49,42.5,41.43,42.34
1110905,1600,42.89,43.38,42.85,43.32
1110906,1600,43.47,43.7,41.93,42.89
1110907,1600,41.97,42.29,40.9,41.5
1110908,1600,42.09,42.82,41.8,42.71
1110909,1600,43.29,43.77,42.5,43.63
1110912,1600,43.37,43.81,42.97,43.21
1110913,1600,43.04,43.14,42.33,42.79
1110914,1600,42.97,43.18,42.54,42.67
1110915,1600,42.41,42.43,40.5,41.19
1110916,1600,41.0,42.14,40.98,42.11
1110919,1600,42.79,42.89,41.91,41.91
1110920,1600,42.13,42.47,41.75,42.38
1110921,1600,42.62,42.64,42.0,42.2
1110922,1600,42.04,42.16,41.14,41.34
1110923,1600,41.5,41.5,39.59,39.85
1110926,1600,37.46,38.88,37.27,38.35
1110927,1600,39.21,39.9,39.02,39.05
1110928,1600,39.16,39.37,38.65,38.82
1110929,1600,38.39,38.55,37.84,38.17
1110930,1600,38.65,38.83,38.45,38.79
1111004,1600,40.73,40.84,39.1,39.25
1111005,1600,39.3,39.39,38.59,39.0
1111006,1600,39.64,39.95,39.32,39.42
1111007,1600,39.71,39.72,39.29,39.29
1111010,1600,39.44,39.53,39.06,39.28
1111011,1600,39.47,39.5,39.11,39.22
1111012,1600,39.41,39.5,39.04,39.12
1111013,1600,39.09,39.24,38.84,38.91
1111014,1600,39.05,39.16,38.66,38.81
1111017,1600,39.02,39.38,39.0,39.26
1111018,1600,38.99,39.07,38.35,38.54
1111019,1600,38.44,38.6,38.27,38.42
1111020,1600,38.05,38.09,37.7,37.86
1111021,1600,37.99,38.32,37.83,37.95
1111024,1600,38.19,38.56,38.16,38.22
1111025,1600,38.28,39.09,38.19,39.09
1111026,1600,39.58,40.02,39.35,39.96
1111027,1600,39.49,39.57,39.0,39.34
1111028,1600,39.41,39.62,39.34,39.51
1111031,1600,39.23,39.78,39.23,39.78
1111101,1600,39.99,40.25,39.68,39.99
1111102,1600,40.52,40.65,40.19,40.54
1111103,1600,40.62,41.29,40.38,41.25
1111104,1600,40.97,41.09,40.7,41.0
1111107,1600,41.42,41.7,41.25,41.7
1111108,1600,41.81,41.96,41.7,41.88
1111109,1600,41.7,42.51,41.6,42.38
1111110,1600,41.79,41.9,41.2,41.43
1111111,1600,41.6,41.78,41.47,41.49
1111114,1600,41.77,42.12,41.74,42.05
1111115,1600,41.84,42.36,41.82,42.1
1111116,1600,42.25,42.42,41.81,42.25
1111117,1600,42.05,42.11,41.29,41.44
1111118,1600,41.11,41.21,40.8,41.08
1111121,1600,41.04,41.06,40.25,40.3
1111122,1600,40.16,40.64,40.15,40.43
1111123,1600,40.66,40.7,40.4,40.55
1111124,1600,40.85,40.95,40.76,40.86
1111125,1600,40.73,41.12,40.6,41.03
1111128,1600,41.27,41.42,41.16,41.31
1111129,1600,41.21,41.42,41.1,41.36
1111130,1600,41.38,41.8,41.22,41.71
1111201,1600,41.72,41.79,41.59,41.69
1111202,1600,41.67,42.04,41.65,42.02
1111205,1600,41.79,41.81,41.4,41.57
1111206,1600,41.39,41.49,40.93,41.1
1111207,1600,41.48,41.82,41.4,41.68
1111208,1600,41.7,41.95,41.25,41.38
1111209,1600,41.28,41.37,41.14,41.31
1111212,1600,40.78,40.82,40.33,40.62
1111213,1600,40.42,40.8,40.4,40.78
1111214,1600,40.4,40.45,38.79,39.0
1111215,1600,38.89,39.39,38.63,38.95
1111216,1600,39.3,39.4,39.05,39.21
1111219,1600,39.41,39.62,39.27,39.29
1111220,1600,39.56,39.68,39.42,39.68
1111221,1600,39.91,40.07,39.65,39.74
1111222,1600,39.57,39.77,39.21,39.54
1111223,1600,39.61,39.69,39.49,39.65
1111227,1600,39.23,39.38,39.17,39.27
1111228,1600,39.05,39.2,38.84,38.87
1111229,1600,38.52,38.66,37.97,38.1
1111230,1600,38.76,39.12,38.75,38.99
1120102,1600,38.95,39.49,38.9,39.16
1120103,1600,39.36,39.57,39.17,39.57
1120104,1600,39.55,40.13,39.52,40.05
1120105,1600,40.39,40.45,40.1,40.4
1120106,1600,40.8,41.2,40.7,41.0
1120109,1600,40.87,40.96,40.67,40.75
1120110,1600,40.72,41.22,40.72,41.19
1120111,1600,41.38,41.69,41.34,41.69
1120112,1600,41.68,41.8,41.48,41.48
1120113,1600,41.16,41.55,41.11,41.49
1120116,1600,41.74,41.8,41.66,41.7
1120117,1600,41.91,41.96,41.79,41.89
1120118,1600,41.61,41.64,41.19,41.55
1120119,1600,41.6,41.65,40.96,41.21
1120120,1600,41.06,41.3,40.93,41.27
1120123,1600,41.56,41.65,41.19,41.44
1120124,1600,41.35,41.36,41.17,41.26
1120125,1600,41.17,41.17,40.82,41.1
1120126,1600,41.96,42.25,41.76,42.18
1120127,1600,42.2,42.4,42.13,42.26
1120130,1600,42.21,42.5,42.0,42.45
1120131,1600,42.51,42.76,42.33,42.64
1120201,1600,42.83,42.86,42.5,42.6
1120202,1600,42.7,42.96,42.65,42.93
1120203,1600,43.01,43.09,42.55,42.68
1120206,1600,42.53,42.57,42.18,42.19
1120207,1600,42.24,42.24,41.96,42.11
1120208,1600,42.33,42.35,42.11,42.11
1120209,1600,42.02,42.34,41.89,42.24
1120210,1600,41.76,42.02,41.5,41.92
1120213,1600,41.95,42.0,41.74,41.93
1120214,1600,42.01,42.16,41.8,42.11
1120215,1600,42.22,42.63,42.11,42.51
1120216,1600,42.45,42.52,42.19,42.35
1120217,1600,42.44,42.44,42.0,42.03
1120220,1600,42.19,42.23,42.0,42.09
1120221,1600,42.23,42.58,42.15,42.55
1120222,1600,42.62,42.68,42.52,42.64
1120223,1600,42.96,43.12,42.88,43.08
1120224,1600,42.72,42.8,42.34,42.46
1120227,1600,42.35,42.64,42.28,42.59
1120228,1600,42.44,42.82,42.43,42.62
1120229,1600,42.7,42.78,41.08,41.4
1120301,1600,41.52,41.58,41.19,41.52
1120302,1600,41.56,41.77,41.48,41.75
1120305,1600,41.69,41.69,41.24,41.44
1120306,1600,41.44,41.44,40.76,40.96
1120307,1600,40.95,41.24,40.95,41.24
1120308,1600,41.27,41.46,41.02,41.13
1120309,1600,41.41,41.97,41.11,41.89
1120312,1600,41.81,41.86,41.55,41.55
1120313,1600,41.57,41.7,41.4,41.64
1120314,1600,41.2,41.2,40.25,40.54
1120315,1600,40.57,40.63,40.41,40.57
1120316,1600,40.75,40.75,40.25,40.41
1120319,1600,40.46,40.53,40.37,40.41
1120320,1600,40.22,40.23,40.05,40.21
1120321,1600,40.07,40.35,39.98,40.25
1120322,1600,40.02,40.11,39.78,39.94
1120323,1600,39.93,40.36,39.93,40.25
1120326,1600,40.33,40.69,40.24,40.69
1120327,1600,40.7,40.86,40.59,40.64
1120328,1600,40.39,40.51,40.2,40.44
1120329,1600,40.05,40.25,39.93,39.95
1120330,1600,40.0,40.21,40.0,40.13
1120402,1600,40.22,40.68,40.0,40.62
1120403,1600,40.44,40.51,40.29,40.34
1120404,1600,39.96,39.96,39.52,39.59
1120405,1600,39.72,40.18,39.7,40.1
1120410,1600,40.43,40.5,40.09,40.29
1120411,1600,40.65,40.7,40.49,40.7
1120412,1600,40.59,40.87,40.38,40.85
1120413,1600,40.94,41.06,40.83,40.99
1120416,1600,40.59,40.77,40.58,40.59
1120417,1600,40.44,40.51,40.1,40.46
1120418,1600,40.53,40.53,40.25,40.26
1120419,1600,40.2,40.49,40.1,40.29
1120420,1600,40.21,40.21,39.94,39.94
1120423,1600,40.11,40.11,39.74,39.96
1120424,1600,39.89,40.19,39.89,40.02
1120425,1600,39.99,40.04,39.84,39.95
1120426,1600,40.09,40.3,40.02,40.27
1120427,1600,40.34,40.44,40.21,40.4
1120430,1600,40.36,40.48,40.05,40.33
1120502,1600,40.25,40.6,40.25,40.35
1120503,1600,40.22,40.3,39.9,40.04
1120504,1600,39.94,40.26,39.79,40.2
1120507,1600,40.54,40.54,40.25,40.34
1120508,1600,40.21,40.24,39.53,39.61
1120509,1600,39.48,39.57,39.18,39.52
1120510,1600,39.55,39.69,39.41,39.63
1120511,1600,39.38,39.5,39.17,39.47
1120514,1600,39.36,39.36,38.98,39.14
1120515,1600,38.9,39.19,38.9,39.15
1120516,1600,38.8,39.1,38.73,38.95
1120517,1600,39.09,39.88,39.09,39.88
1120518,1600,39.93,40.4,39.92,40.32
1120521,1600,40.17,40.22,39.99,40.07
1120522,1600,39.93,40.07,39.66,40.03
1120523,1600,39.53,39.68,39.27,39.34
1120524,1600,39.88,40.26,39.82,40.11
1120525,1600,40.01,40.25,39.86,40.21
1120528,1600,40.35,40.42,40.34,40.41
1120529,1600,40.4,40.57,40.18,40.18
1120530,1600,39.94,40.2,39.68,40.2
1120531,1600,40.46,40.83,40.39,40.75
1120601,1600,40.56,41.96,40.33,41.84
1120604,1600,42.0,42.03,41.43,41.56
1120605,1600,41.62,41.95,41.59,41.8
1120606,1600,41.85,42.25,41.83,42.05
1120607,1600,41.57,41.61,40.57,40.57
1120608,1600,40.44,40.83,40.37,40.79
1120611,1600,40.71,40.89,40.37,40.85
1120612,1600,40.95,41.6,40.37,41.6
1120613,1600,41.44,41.72,40.37,41.39
1120614,1600,41.43,41.62,41.11,41.48
1120615,1600,41.42,41.67,41.27,41.4
1120618,1600,41.05,41.67,40.95,41.67
1120619,1600,41.62,41.67,41.15,41.15
1120620,1600,41.05,41.05,40.38,40.68
1120621,1600,40.6,40.63,40.15,40.15
1120622,1600,40.08,40.36,39.96,40.09
1120625,1600,40.44,40.57,40.35,40.56
1120626,1600,40.75,40.82,40.45,40.54
1120627,1600,40.43,40.71,40.29,40.58
1120628,1600,40.53,40.68,40.15,40.2
1120629,1600,40.08,40.56,40.08,40.56
1120702,1600,40.5,40.96,40.5,40.87
1120703,1600,40.99,41.45,40.99,41.27
1120704,1600,41.31,41.5,41.21,41.48
1120705,1600,41.52,41.81,41.5,41.8
1120706,1600,41.62,41.89,41.3,41.49
1120709,1600,41.39,41.59,41.35,41.53
1120710,1600,41.47,41.95,41.44,41.66
1120711,1600,41.32,41.42,41.22,41.41
1120712,1600,41.33,41.36,41.05,41.15
1120713,1600,41.5,41.93,41.5,41.86
1120716,1600,41.78,41.88,41.67,41.78
1120717,1600,41.7,41.8,41.47,41.56
1120718,1600,41.4,41.72,41.24,41.46
1120719,1600,41.33,41.7,41.3,41.7
1120720,1600,41.59,41.87,41.48,41.87
1120723,1600,41.9,41.91,41.57,41.87
1120724,1600,41.87,42.1,41.8,42.0
1120725,1600,42.18,42.5,42.06,42.49
1120726,1600,42.51,42.63,42.14,42.2
1120727,1600,42.36,42.62,42.03,42.14
1120730,1600,42.4,42.58,42.36,42.54
1120731,1600,42.51,42.6,42.32,42.32
1120801,1600,42.24,42.27,41.55,41.91
1120802,1600,42.03,42.24,41.8,42.16
1120803,1600,41.97,41.99,41.4,41.71
1120806,1600,41.78,41.89,41.7,41.8
1120807,1600,41.86,41.88,41.66,41.76
1120808,1600,41.79,42.1,41.76,41.96
1120809,1600,42.0,42.25,42.0,42.25
1120810,1600,42.24,42.54,42.04,42.42
1120813,1600,42.52,42.52,42.08,42.15
1120814,1600,42.02,42.03,41.46,41.82
1120815,1600,41.75,42.03,41.54,41.98
1120816,1600,42.02,42.11,41.82,42.08
1120817,1600,42.09,42.26,42.0,42.25
1120820,1600,42.12,42.24,42.01,42.24
1120821,1600,42.21,42.35,42.05,42.27
1120822,1600,42.34,42.44,42.3,42.36
1120823,1600,42.64,42.84,42.48,42.8
1120824,1600,42.69,42.97,42.68,42.75
1120827,1600,43.07,43.07,42.8,42.96
1120828,1600,42.82,42.82,42.58,42.8
1120829,1600,42.77,42.77,42.27,42.52
1120830,1600,42.5,42.65,42.44,42.6
1120831,1600,42.66,42.87,42.1,42.87
1120903,1600,43.19,43.3,43.12,43.24
1120904,1600,43.19,43.43,43.16,43.36
1120905,1600,43.46,43.47,43.1,43.2
1120906,1600,43.43,43.62,43.13,43.42
1120907,1600,43.07,43.79,42.88,43.65
1120910,1600,43.68,43.68,43.48,43.53
1120911,1600,43.51,43.61,43.36,43.37
1120912,1600,43.39,43.54,43.07,43.2
1120913,1600,43.06,43.25,43.05,43.2
1120914,1600,43.71,43.81,43.25,43.41
1120917,1600,43.42,43.48,43.1,43.37
1120918,1600,43.17,43.66,43.11,43.61
1120919,1600,43.75,43.91,43.61,43.64
1120920,1600,43.71,43.88,43.64,43.81
1120921,1600,43.88,44.18,43.77,43.92
1120924,1600,43.72,44.0,43.66,43.94
1120925,1600,43.98,44.1,43.9,43.98
1120926,1600,44.06,44.12,43.46,43.69
1120927,1600,43.87,44.23,43.82,44.2
1120928,1600,44.33,44.41,43.92,44.41
1121001,1600,44.2,44.56,44.07,44.31
1121002,1600,44.31,44.35,44.04,44.15
1121004,1600,44.36,44.5,44.23,44.34
1121005,1600,44.29,44.46,43.9,43.94
1121008,1600,43.85,44.05,43.81,44.01
1121009,1600,44.02,44.19,43.94,44.06
1121010,1600,44.05,44.11,43.88,43.96
1121011,1600,44.17,44.2,43.89,44.03
1121012,1600,43.96,43.98,43.7,43.77
1121015,1600,43.39,43.46,42.98,43.08
1121016,1600,43.09,43.1,42.88,43.04
1121017,1600,42.95,42.99,42.73,42.91
1121018,1600,42.92,42.94,42.63,42.85
1121019,1600,42.77,42.85,42.56,42.56
1121022,1600,42.49,42.55,42.42,42.47
1121023,1600,42.52,42.52,42.04,42.4
1121024,1600,42.35,42.52,42.23,42.23
1121025,1600,42.32,42.58,42.32,42.56
1121026,1600,42.38,42.68,42.32,42.62
1121029,1600,42.68,42.72,42.52,42.61
1121030,1600,42.55,42.61,42.37,42.42
1121031,1600,42.52,42.79,42.43,42.79
1121101,1600,42.82,42.83,42.57,42.66
1121102,1600,42.62,42.66,42.09,42.1
1121105,1600,42.14,42.36,42.06,42.29
1121106,1600,42.41,42.55,42.4,42.55
1121107,1600,43.16,43.57,42.98,43.09
1121108,1600,43.32,43.49,43.25,43.49
1121109,1600,43.69,43.96,43.67,43.87
1121112,1600,43.89,43.95,43.77,43.81
1121113,1600,43.71,43.83,43.57,43.74
1121114,1600,43.65,43.67,43.45,43.61
1121115,1600,43.52,43.53,42.91,43.13
1121116,1600,43.21,43.36,43.09,43.36
1121119,1600,43.4,43.62,43.36,43.51
1121120,1600,43.61,43.9,43.4,43.46
1121121,1600,43.45,43.48,43.24,43.34
1121122,1600,43.29,43.29,43.16,43.21
1121123,1600,43.13,43.55,43.05,43.39
1121126,1600,43.42,43.46,43.3,43.41
1121127,1600,43.32,43.43,43.3,43.41
1121128,1600,43.24,43.34,42.53,42.7
1121129,1600,42.7,42.82,42.59,42.77
1121130,1600,42.71,42.82,42.35,42.35
1121203,1600,42.42,42.44,42.2,42.2
1121204,1600,41.99,42.03,41.52,41.72
1121205,1600,41.82,41.95,41.48,41.53
1121206,1600,41.6,42.17,41.5,42.14
1121207,1600,42.28,42.47,42.05,42.23
1121210,1600,42.56,42.69,42.56,42.62
1121211,1600,42.46,42.48,42.19,42.27
1121212,1600,42.36,42.42,42.15,42.22
1121213,1600,41.79,41.82,41.6,41.8
1121214,1600,41.69,41.76,41.16,41.52
1121217,1600,41.28,41.49,41.25,41.42
1121218,1600,41.56,41.57,40.66,40.95
1121219,1600,40.67,40.69,40.25,40.57
1121220,1600,40.6,40.64,39.68,39.86
1121221,1600,40.1,40.46,40.05,40.38
1121227,1600,40.25,40.46,40.04,40.4
1121228,1600,40.34,40.52,40.31,40.47
1130102,1600,40.72,41.22,40.71,41.21
1130103,1600,41.24,41.34,41.12,41.18
1130104,1600,40.66,40.88,40.22,40.44
1130107,1600,40.83,40.88,40.42,40.42
1130108,1600,40.47,40.76,40.42,40.74
1130109,1600,40.89,41.0,40.79,40.83
1130110,1600,40.85,40.91,40.66,40.8
1130111,1600,40.5,40.53,39.8,39.98
1130114,1600,40.14,40.33,40.1,40.14
1130115,1600,40.39,40.64,40.39,40.55
1130116,1600,40.73,40.75,40.53,40.59
1130117,1600,40.66,40.69,40.2,40.65
1130118,1600,40.66,40.87,40.63,40.84
1130121,1600,40.82,40.83,40.74,40.8
1130122,1600,40.77,41.01,40.73,40.96
1130123,1600,40.91,40.93,40.75,40.78
1130124,1600,40.63,40.66,40.0,40.24
1130125,1600,40.06,40.06,39.57,39.72
1130128,1600,39.74,39.74,39.49,39.55
1130129,1600,39.77,39.83,39.59,39.67
1130130,1600,39.67,39.88,39.49,39.82
1130131,1600,39.8,39.8,39.39,39.39
1130201,1600,39.28,39.69,39.14,39.24
1130204,1600,39.38,39.68,39.35,39.68
1130205,1600,39.95,40.13,39.41,39.51
1130206,1600,39.69,39.95,39.61,39.81
1130207,1600,39.87,40.46,39.7,40.31
1130208,1600,40.11,40.2,40.0,40.1
1130211,1600,40.09,40.12,39.48,39.51
1130212,1600,39.52,39.54,39.3,39.39
1130213,1600,39.4,39.44,39.17,39.38
1130214,1600,39.49,39.79,39.43,39.61
1130215,1600,39.28,39.36,38.46,38.71
1130218,1600,38.91,38.96,38.7,38.74
1130219,1600,38.89,38.9,38.57,38.57
1130220,1600,38.5,38.51,37.93,38.15
1130221,1600,37.95,38.54,37.94,38.42
1130222,1600,38.51,38.61,38.35,38.39
1130225,1600,38.55,38.73,38.33,38.73
1130226,1600,39.22,39.86,39.04,39.76
1130227,1600,39.62,39.64,39.31,39.34
1130228,1600,39.14,39.15,38.83,38.89
1130301,1600,38.81,39.24,38.6,39.0
1130304,1600,38.96,39.09,38.85,38.87
1130305,1600,39.0,39.25,38.84,38.9
1130306,1600,38.87,39.2,38.72,39.1
1130307,1600,39.17,39.17,38.68,38.72
1130308,1600,38.79,39.18,38.3,39.0
1130311,1600,39.06,39.12,38.98,39.02
1130312,1600,39.14,39.48,39.07,39.29
1130313,1600,39.21,39.64,39.18,39.36
1130314,1600,39.41,39.45,39.25,39.34
1130315,1600,39.3,39.33,39.09,39.24
1130318,1600,39.9,40.07,39.74,39.86
1130319,1600,39.86,40.3,39.75,40.25
1130320,1600,40.16,40.2,39.84,39.88
1130321,1600,40.0,40.31,40.0,40.2
1130322,1600,40.18,40.19,39.75,39.85
1130325,1600,39.79,40.13,39.49,40.13
1130326,1600,40.02,40.08,39.85,40.01
1130327,1600,39.97,40.52,39.91,40.4
1130328,1600,40.32,40.45,39.98,40.03
1130402,1600,39.96,40.08,39.63,39.63
1130403,1600,39.32,39.48,39.27,39.32
1130404,1600,38.9,39.14,38.63,38.69
1130405,1600,38.62,38.85,38.27,38.67
1130408,1600,39.06,39.09,38.75,38.79
1130409,1600,38.85,39.16,38.74,38.99
1130410,1600,38.95,38.95,38.54,38.61
1130411,1600,38.34,38.42,38.14,38.36
1130412,1600,38.32,38.36,36.69,36.79
1130415,1600,35.72,35.76,33.33,33.79
1130416,1600,33.82,34.29,33.52,33.94
1130417,1600,33.61,34.31,33.55,34.27
1130418,1600,33.86,34.51,33.85,34.26
1130419,1600,34.82,34.99,34.32,34.38
1130422,1600,34.99,35.45,34.99,35.13
1130423,1600,34.87,35.28,34.68,34.86
1130424,1600,35.3,35.48,35.08,35.25
1130425,1600,35.56,36.01,35.54,35.99
1130426,1600,36.38,36.55,36.0,36.2
1130429,1600,36.16,36.32,35.98,36.17
1130430,1600,36.04,36.3,35.76,35.83
1130502,1600,35.57,36.21,35.42,36.21
1130503,1600,36.21,36.41,35.9,35.99
1130506,1600,36.14,36.25,36.0,36.07
1130507,1600,35.87,36.02,35.4,35.55
1130508,1600,35.65,35.97,35.52,35.79
1130509,1600,35.93,36.09,35.82,36.09
1130510,1600,36.06,36.06,34.85,35.39
1130513,1600,35.49,35.58,35.36,35.56
1130514,1600,35.59,35.63,35.25,35.55
1130515,1600,35.29,35.32,34.73,34.88
1130516,1600,34.73,34.75,34.26,34.44
1130517,1600,34.34,34.64,34.09,34.2
1130520,1600,33.74,34.1,33.68,33.98
1130521,1600,34.73,34.74,34.0,34.2
1130522,1600,34.5,34.97,34.07,34.42
1130523,1600,34.6,34.79,34.3,34.33
1130524,1600,34.6,34.62,34.34,34.52
1130527,1600,34.61,34.7,34.58,34.65
1130528,1600,34.59,34.82,34.24,34.82
1130529,1600,34.6,34.68,34.34,34.48
1130530,1600,34.9,34.95,34.65,34.86
1130531,1600,35.0,35.0,34.53,34.59
1130603,1600,34.42,34.75,34.36,34.75
1130604,1600,34.65,34.65,34.23,34.3
1130605,1600,34.5,34.63,34.37,34.54
1130606,1600,34.27,34.51,34.12,34.18
1130607,1600,34.21,34.32,33.34,33.56
1130610,1600,33.7,33.76,33.49,33.67
1130611,1600,33.55,33.55,32.92,33.41
1130612,1600,33.17,33.56,33.17,33.56
1130613,1600,33.4,33.52,33.18,33.23
1130614,1600,33.42,33.6,33.27,33.46
1130617,1600,33.49,33.49,33.3,33.31
1130618,1600,33.28,33.28,32.68,32.72
1130619,1600,32.82,33.01,32.8,32.94
1130620,1600,32.29,32.29,31.27,31.56
1130621,1600,31.59,31.7,31.34,31.66
1130624,1600,31.43,31.67,31.38,31.55
1130625,1600,31.33,31.54,31.27,31.32
1130626,1600,30.73,30.75,30.18,30.53
1130627,1600,30.55,30.61,30.24,30.26
1130628,1600,29.68,30.12,29.09,29.98
1130701,1600,30.73,31.11,30.45,31.02
1130702,1600,31.07,31.2,30.74,30.9
1130703,1600,30.91,31.22,30.7,30.97
1130704,1600,30.95,31.16,30.87,31.05
1130705,1600,31.0,31.04,30.28,30.43
1130708,1600,30.65,30.96,30.6,30.83
1130709,1600,31.34,31.47,31.21,31.47
1130710,1600,31.34,31.65,31.34,31.43
1130711,1600,31.65,31.8,31.55,31.58
1130712,1600,31.44,31.59,31.28,31.59
1130715,1600,31.68,31.72,31.55,31.65
1130716,1600,31.5,31.71,31.45,31.55
1130717,1600,31.55,31.92,31.38,31.46
1130718,1600,31.39,31.65,31.32,31.55
1130719,1600,31.7,31.75,31.55,31.7
1130722,1600,32.24,32.42,32.09,32.42
1130723,1600,32.49,32.77,32.38,32.51
1130724,1600,32.65,32.71,32.28,32.37
1130725,1600,32.16,32.37,31.97,32.37
1130726,1600,32.35,32.4,31.82,32.0
1130729,1600,32.11,32.4,32.07,32.3
1130730,1600,32.1,32.18,31.94,32.15
1130731,1600,32.34,32.35,31.67,31.67
1130801,1600,32.02,32.5,31.85,31.99
1130802,1600,31.33,31.88,31.23,31.74
1130805,1600,31.86,31.86,31.47,31.57
1130806,1600,31.34,31.39,30.8,31.1
1130807,1600,30.95,31.07,30.84,31.06
1130808,1600,31.15,31.49,31.04,31.45
1130809,1600,31.49,31.73,31.4,31.73
1130812,1600,32.1,32.5,32.0,32.36
1130813,1600,32.38,32.4,32.05,32.09
1130814,1600,32.03,32.35,32.0,32.33
1130815,1600,32.44,32.46,32.07,32.28
1130816,1600,32.88,33.04,32.79,33.04
1130819,1600,33.17,33.2,32.87,32.9
1130820,1600,32.79,32.94,32.7,32.9
1130821,1600,32.84,32.92,32.64,32.92
1130822,1600,32.94,33.27,32.85,33.07
1130823,1600,33.19,33.57,33.0,33.57
1130826,1600,33.6,33.61,33.48,33.6
1130827,1600,33.75,34.3,33.72,34.02
1130828,1600,34.33,34.51,34.15,34.3
1130829,1600,34.11,34.31,34.07,34.23
1130830,1600,34.12,34.18,33.75,34.18
1130902,1600,33.75,33.98,33.75,33.94
1130903,1600,33.91,34.4,33.8,34.4
1130904,1600,34.4,34.43,33.85,33.85
1130905,1600,33.85,34.03,33.48,33.57
1130906,1600,33.58,34.0,33.33,33.83
1130909,1600,33.87,33.87,33.67,33.71
1130910,1600,33.44,33.44,32.94,33.04
1130911,1600,33.19,33.19,32.88,32.93
1130912,1600,32.56,32.56,32.08,32.08
1130913,1600,31.87,31.98,31.56,31.84
1130916,1600,31.91,31.93,31.5,31.7
1130917,1600,31.72,31.87,31.5,31.5
1130918,1600,31.35,31.45,31.22,31.26
1130919,1600,32.41,32.62,32.3,32.62
1130920,1600,32.38,32.38,31.72,31.8
1130923,1600,31.52,31.67,31.34,31.6
1130924,1600,31.55,31.55,31.19,31.32
1130925,1600,31.66,31.83,31.39,31.74
1130926,1600,31.67,31.86,31.53,31.62
1130927,1600,31.58,31.9,31.47,31.79
1130930,1600,31.96,32.03,31.4,31.57
1131001,1600,31.63,31.65,30.44,30.67
1131002,1600,30.72,31.29,30.6,31.19
1131004,1600,31.14,31.29,30.9,30.96
1131007,1600,31.1,31.43,31.0,31.32
1131008,1600,31.44,31.45,31.16,31.43
1131009,1600,31.31,31.43,30.85,30.95
1131010,1600,31.11,31.13,30.75,30.89
1131011,1600,30.64,30.72,29.45,30.03
1131014,1600,30.24,30.52,30.22,30.34
1131015,1600,30.15,30.46,29.75,30.26
1131016,1600,30.55,30.6,30.21,30.35
1131017,1600,30.29,31.19,30.27,31.04
1131018,1600,31.05,31.08,30.87,30.87
1131021,1600,31.1,31.1,30.89,30.92
1131022,1600,30.96,31.37,30.81,31.34
1131023,1600,31.13,31.26,31.05,31.15
1131024,1600,31.21,31.73,31.14,31.41
1131025,1600,31.2,31.41,31.14,31.33
1131028,1600,31.4,31.75,31.39,31.59
1131029,1600,31.4,31.55,31.37,31.43
1131030,1600,31.47,31.75,31.47,31.59
1131031,1600,31.32,31.45,31.2,31.31
1131101,1600,31.44,31.44,31.15,31.33
1131104,1600,31.29,31.46,31.24,31.31
1131105,1600,31.36,31.44,31.2,31.26
1131106,1600,31.29,31.44,31.25,31.27
1131107,1600,31.3,31.82,31.25,31.44
1131108,1600,31.38,31.6,30.64,30.97
1131111,1600,30.9,30.93,30.73,30.77
1131112,1600,30.77,30.81,30.5,30.54
1131113,1600,30.46,30.65,30.46,30.51
1131114,1600,30.69,30.9,30.65,30.77
1131115,1600,30.71,30.73,30.62,30.7
1131118,1600,30.67,30.67,30.33,30.33
1131119,1600,30.31,30.45,30.25,30.29
1131120,1600,30.26,30.27,29.83,30.15
1131121,1600,29.84,29.93,29.53,29.63
1131122,1600,29.66,29.69,29.51,29.58
1131125,1600,29.3,29.62,29.19,29.55
1131126,1600,29.73,29.75,29.47,29.49
1131127,1600,29.47,29.66,29.4,29.42
1131128,1600,29.35,29.46,29.32,29.45
1131129,1600,29.42,29.65,29.37,29.58
1131202,1600,29.39,29.46,29.02,29.12
1131203,1600,29.07,29.07,28.78,28.93
1131204,1600,28.78,29.21,28.66,29.05
1131205,1600,29.21,29.24,28.68,28.94
1131206,1600,28.91,29.26,28.65,28.97
1131209,1600,28.91,29.01,28.75,28.95
1131210,1600,29.14,29.59,29.06,29.47
1131211,1600,29.38,29.45,29.26,29.31
1131212,1600,29.26,29.27,28.63,28.75
1131213,1600,28.64,28.98,28.59,28.92
1131216,1600,28.84,29.2,28.66,29.18
1131217,1600,29.02,29.06,28.75,28.79
1131218,1600,28.74,28.97,28.71,28.71
1131219,1600,28.61,28.61,28.09,28.17
1131220,1600,28.14,28.32,28.06,28.32
1131223,1600,28.24,28.32,28.03,28.15
1131227,1600,28.36,28.39,28.06,28.33
1131230,1600,28.13,28.22,28.06,28.07
1140102,1600,28.65,28.9,28.55,28.86
1140103,1600,29.09,29.21,28.96,29.2
1140106,1600,29.36,29.45,28.93,29.3
1140107,1600,29.3,29.3,28.95,28.98
1140108,1600,29.03,29.12,28.85,28.97
1140109,1600,28.98,29.11,28.95,29.0
1140110,1600,29.18,29.36,29.06,29.26
1140113,1600,29.37,29.51,29.31,29.5
1140114,1600,29.55,29.55,29.23,29.23
1140115,1600,29.29,29.37,29.12,29.32
1140116,1600,29.26,29.38,29.18,29.35
1140117,1600,29.33,29.74,29.29,29.74
1140120,1600,29.78,29.82,29.75,29.78
1140121,1600,29.73,29.77,29.35,29.42
1140122,1600,29.45,29.46,29.35,29.41
1140123,1600,29.28,29.74,29.21,29.6
1140124,1600,29.59,29.86,29.56,29.7
1140127,1600,29.79,29.88,29.6,29.64
1140128,1600,29.62,29.66,29.37,29.44
1140129,1600,29.5,29.95,29.41,29.77
1140130,1600,29.69,29.75,29.31,29.43
1140131,1600,29.46,29.85,29.38,29.6
1140203,1600,29.65,30.1,29.56,30.02
1140204,1600,29.99,30.0,29.67,29.8
1140205,1600,29.91,30.25,29.82,29.86
1140206,1600,29.94,30.08,29.63,29.66
1140207,1600,29.91,30.01,29.75,29.81
1140210,1600,30.01,30.13,30.0,30.05
1140211,1600,30.22,30.38,30.03,30.38
1140212,1600,30.38,30.69,30.3,30.57
1140213,1600,30.41,30.54,30.29,30.52
1140214,1600,30.73,31.03,30.7,30.96
1140217,1600,31.06,31.19,31.03,31.19
1140218,1600,30.91,30.98,30.75,30.92
1140219,1600,30.82,30.92,30.8,30.8
1140220,1600,30.8,31.03,30.67,30.87
1140221,1600,30.99,31.11,30.92,30.95
1140224,1600,31.11,31.37,31.08,31.3
1140225,1600,31.22,31.4,31.15,31.39
1140226,1600,31.43,31.43,31.12,31.21
1140227,1600,31.23,31.41,31.18,31.25
1140228,1600,31.2,31.22,30.83,30.88
1140303,1600,31.51,31.66,31.35,31.63
1140304,1600,31.33,31.36,31.1,31.33
1140305,1600,31.29,31.37,31.21,31.35
1140306,1600,31.22,31.33,31.11,31.31
1140307,1600,31.29,31.3,30.49,31.07
1140310,1600,30.9,31.16,30.84,31.08
1140311,1600,31.18,31.39,31.02,31.15
1140312,1600,31.52,31.66,31.43,31.65
1140313,1600,31.68,31.76,31.48,31.76
1140314,1600,31.8,32.14,31.68,31.8
1140317,1600,32.02,32.04,31.64,31.68
1140318,1600,31.41,31.54,31.22,31.47
1140319,1600,31.28,31.28,30.81,30.97
1140320,1600,30.93,31.08,30.83,31.03
1140321,1600,31.07,31.27,31.06,31.11
1140324,1600,30.81,30.95,30.51,30.54
1140325,1600,30.53,30.65,30.42,30.57
1140326,1600,30.59,30.65,30.34,30.36
1140327,1600,30.36,30.41,30.18,30.28
1140328,1600,30.4,30.4,30.03,30.2
1140331,1600,30.22,30.24,30.01,30.07
1140401,1600,29.96,30.03,29.66,29.79
1140402,1600,29.88,30.25,29.88,30.22
1140403,1600,30.16,30.23,29.95,30.17
1140404,1600,30.22,30.69,30.19,30.65
1140407,1600,30.51,30.51,30.33,30.33
1140408,1600,30.61,30.71,30.46,30.47
1140409,1600,30.59,30.59,30.32,30.35
1140410,1600,30.59,30.71,30.55,30.56
1140411,1600,30.45,30.66,30.45,30.48
1140414,1600,30.83,30.97,30.7,30.91
1140415,1600,30.61,30.61,29.95,30.3
1140416,1600,30.29,30.35,30.15,30.29
1140417,1600,30.17,30.25,30.1,30.22
1140422,1600,30.1,30.1,29.81,29.81
1140423,1600,29.88,29.94,29.8,29.91
1140424,1600,29.92,30.22,29.52,29.94
1140425,1600,30.05,30.31,30.02,30.21
1140428,1600,30.3,30.3,30.0,30.04
1140429,1600,30.0,30.25,29.85,30.22
1140430,1600,30.09,30.09,29.83,29.97
1140502,1600,29.79,30.25,29.65,30.18
1140505,1600,30.36,30.5,30.28,30.35
1140506,1600,30.35,30.35,30.14,30.16
1140507,1600,30.28,30.35,29.93,29.93
1140508,1600,29.83,29.92,29.57,29.85
1140509,1600,30.0,30.17,29.98,30.09
1140512,1600,30.13,30.45,30.1,30.31
1140513,1600,30.2,30.45,30.13,30.38
1140514,1600,30.4,30.68,30.35,30.59
1140515,1600,30.55,30.75,30.41,30.41
1140516,1600,30.38,30.42,30.25,30.36
1140519,1600,30.41,30.59,30.37,30.44
1140520,1600,30.28,30.41,30.2,30.38
1140521,1600,30.29,30.38,30.29,30.32
1140522,1600,30.46,30.68,30.4,30.49
1140523,1600,30.52,30.55,30.42,30.49
1140526,1600,30.49,30.5,30.43,30.47
1140527,1600,30.29,30.29,29.89,29.94
1140528,1600,29.84,29.92,29.68,29.72
1140529,1600,29.61,29.75,29.57,29.68
1140530,1600,29.74,29.74,29.32,29.35
1140602,1600,29.4,29.5,29.39,29.44
1140603,1600,29.43,29.49,29.27,29.39
1140604,1600,29.43,29.47,29.35,29.37
1140605,1600,29.43,29.85,29.35,29.62
1140606,1600,29.54,29.61,29.39,29.52
1140609,1600,29.55,29.7,29.55,29.64
1140610,1600,29.68,29.96,29.68,29.93
1140611,1600,29.96,30.04,29.95,30.0
1140612,1600,29.95,30.25,29.94,30.17
1140613,1600,30.18,30.3,30.14,30.28
1140616,1600,30.5,30.54,30.17,30.21
1140617,1600,29.99,30.17,29.87,30.17
1140618,1600,30.14,30.2,30.04,30.13
1140619,1600,30.22,30.67,30.18,30.65
1140620,1600,30.95,31.25,30.87,31.15
1140623,1600,31.16,31.17,31.0,31.12
1140624,1600,31.09,31.3,31.04,31.22
1140625,1600,31.07,31.13,30.98,31.13
1140626,1600,31.05,31.17,30.83,31.11
1140627,1600,31.17,31.17,31.02,31.15
1140630,1600,31.01,31.01,30.88,30.97
1140701,1600,31.16,31.28,31.1,31.18
1140702,1600,31.17,31.36,31.14,31.3
1140703,1600,31.16,31.22,30.93,31.14
1140704,1600,31.23,31.3,31.23,31.24
1140707,1600,31.11,31.14,31.04,31.07
1140708,1600,31.22,31.32,31.06,31.06
1140709,1600,31.29,31.35,31.21,31.24
1140710,1600,31.33,31.75,31.33,31.64
1140711,1600,31.58,31.64,31.52,31.6
1140714,1600,31.17,31.22,30.76,30.85
1140715,1600,30.92,31.07,30.65,30.8
1140716,1600,30.77,30.98,30.77,30.91
1140717,1600,31.01,31.3,30.9,31.28
1140718,1600,31.23,31.23,31.1,31.1
1140721,1600,31.2,31.34,31.17,31.17
1140722,1600,31.12,31.5,31.05,31.18
1140723,1600,31.22,31.29,31.19,31.2
1140724,1600,31.03,31.07,30.77,30.81
1140725,1600,30.86,31.08,30.86,31.08
1140728,1600,31.22,31.24,31.17,31.21
1140729,1600,31.28,31.4,31.1,31.16
1140730,1600,31.16,31.25,31.09,31.11
1140731,1600,31.12,31.14,30.88,30.91
1140801,1600,30.82,31.07,30.78,30.99
1140804,1600,31.03,31.03,30.87,30.87
1140805,1600,30.95,31.04,30.88,30.91
1140806,1600,31.09,31.54,31.02,31.5
1140807,1600,31.4,31.53,31.35,31.46
1140808,1600,31.68,31.71,31.38,31.42
1140811,1600,31.39,31.46,31.38,31.43
1140812,1600,31.47,31.74,31.45,31.69
1140813,1600,31.51,31.56,31.4,31.56
1140814,1600,31.59,31.71,31.49,31.53
1140815,1600,31.6,31.6,31.03,31.31
1140818,1600,31.24,31.32,31.13,31.27
1140819,1600,31.29,31.4,31.26,31.26
1140820,1600,31.32,31.38,31.27,31.28
1140821,1600,31.02,31.09,30.89,30.92
1140822,1600,30.99,31.11,30.95,31.11
1140825,1600,31.09,31.19,31.08,31.08
1140826,1600,31.39,31.45,31.23,31.27
1140827,1600,31.37,31.39,31.2,31.23
1140828,1600,31.36,31.6,31.34,31.5
1140829,1600,31.5,31.52,31.32,31.47
1140901,1600,31.56,31.58,31.47,31.51
1140902,1600,31.27,31.34,30.96,30.99
1140903,1600,31.07,31.07,30.87,31.02
1140904,1600,31.08,31.54,31.08,31.49
1140905,1600,31.41,31.5,31.37,31.43
1140908,1600,31.57,31.57,31.12,31.15
1140909,1600,31.33,31.36,31.23,31.23
1140910,1600,31.24,31.26,31.0,31.08
1140911,1600,31.11,31.13,30.72,30.74
1140912,1600,30.84,30.84,30.53,30.57
1140915,1600,30.68,30.8,30.61,30.63
1140916,1600,30.72,30.82,30.62,30.65
1140917,1600,30.74,30.74,30.62,30.67
1140918,1600,30.54,30.57,30.37,30.53
1140919,1600,30.46,30.6,30.44,30.5
1140922,1600,30.35,30.45,30.34,30.45
1140923,1600,30.45,30.76,30.42,30.58
1140924,1600,30.6,30.77,30.56,30.6
1140925,1600,30.52,30.85,30.45,30.79
1140926,1600,30.94,30.95,30.75,30.79
1140929,1600,30.86,30.97,30.84,30.84
1140930,1600,30.81,31.06,30.75,30.85
1141001,1600,30.78,31.04,30.74,31.03
1141002,1600,30.95,31.0,30.79,30.87
1141006,1600,30.61,30.74,30.56,30.72
1141007,1600,30.71,30.89,30.69,30.83
1141008,1600,30.92,30.98,30.62,30.62
1141009,1600,30.9,31.06,30.87,31.01
1141010,1600,30.99,31.14,30.91,31.1
1141013,1600,31.31,31.33,31.08,31.2
1141014,1600,31.22,31.47,31.21,31.29
1141015,1600,31.13,31.31,31.05,31.3
1141016,1600,31.15,31.43,31.1,31.18
1141017,1600,31.18,31.18,30.98,31.09
1141020,1600,31.31,31.4,31.24,31.3
1141021,1600,31.32,31.66,31.32,31.62
1141022,1600,31.54,31.63,31.53,31.61
1141023,1600,31.65,31.66,31.18,31.24
1141024,1600,31.34,31.35,31.2,31.23
1141027,1600,31.14,31.24,31.07,31.09
1141028,1600,31.11,31.15,31.0,31.02
1141029,1600,31.04,31.05,30.81,30.83
1141030,1600,30.81,30.81,30.5,30.55
1141031,1600,30.12,30.32,29.77,29.93
1141103,1600,30.1,30.2,30.05,30.12
1141104,1600,29.97,30.15,29.93,29.94
1141105,1600,29.5,29.6,29.34,29.6
1141106,1600,29.47,29.72,29.37,29.68
1141107,1600,29.63,30.22,29.63,30.16
1141110,1600,30.25,30.25,30.03,30.03
1141111,1600,29.84,30.05,29.77,30.05
1141112,1600,30.0,30.15,29.95,30.04
1141113,1600,29.85,30.06,29.84,30.03
1141114,1600,29.78,30.36,29.7,30.25
1141117,1600,30.48,30.67,30.43,30.58
1141118,1600,30.74,30.91,30.62,30.62
1141119,1600,30.67,30.85,30.15,30.21
1141120,1600,30.42,30.71,30.37,30.53
1141121,1600,30.68,31.25,30.62,31.23
1141124,1600,31.05,31.08,30.91,30.96
1141125,1600,30.97,31.12,30.8,30.91
1141126,1600,30.94,30.94,30.79,30.79
1141127,1600,30.75,30.86,30.65,30.68
1141128,1600,30.66,30.66,30.35,30.53
1141201,1600,29.92,31.0,29.87,31.0
1141202,1600,31.11,31.17,30.85,31.1
1141203,1600,31.31,31.7,31.31,31.61
1141204,1600,31.51,31.55,31.25,31.29
1141205,1600,31.3,31.34,31.15,31.21
1141208,1600,31.33,31.38,31.17,31.21
1141209,1600,31.38,32.0,31.33,31.87
1141210,1600,32.0,32.03,31.76,31.79
1141211,1600,31.55,31.86,31.51,31.86
1141212,1600,31.66,31.71,31.41,31.54
1141215,1600,31.44,31.45,31.25,31.39
1141216,1600,30.91,31.28,30.54,30.83
1141217,1600,30.93,31.05,30.84,30.96
1141218,1600,31.28,31.62,31.24,31.32
1141219,1600,31.38,31.49,31.27,31.49
1141222,1600,31.45,31.45,31.05,31.05
1141223,1600,31.1,31.13,30.97,31.1
1141229,1600,31.54,31.56,31.14,31.16
1141230,1600,31.43,31.44,31.28,31.31
1150102,1600,31.61,31.92,31.2,31.81
1150105,1600,32.17,32.4,32.06,32.25
1150106,1600,32.58,32.77,32.54,32.67
1150107,1600,32.88,33.11,32.87,33.03
1150108,1600,32.86,33.2,32.84,33.08
1150109,1600,33.06,33.24,32.7,33.09
1150112,1600,33.32,33.42,33.2,33.38
1150113,1600,33.69,33.9,33.69,33.82
1150114,1600,33.6,33.83,33.44,33.75
1150115,1600,33.57,35.22,33.53,35.04
1150116,1600,34.82,35.75,34.68,35.75
1150119,1600,35.56,35.56,35.17,35.28
1150120,1600,35.53,36.0,35.51,36.0
1150121,1600,36.15,36.27,35.57,35.77
1150122,1600,35.73,36.85,35.41,36.69
1150123,1600,36.72,37.56,36.44,36.81
1150126,1600,36.94,36.94,36.39,36.49
1150127,1600,36.57,36.61,36.33,36.61
1150128,1600,36.53,36.64,36.38,36.51
1150129,1600,36.5,36.53,35.78,35.86
1150130,1600,35.86,36.35,35.77,36.35
1150202,1600,36.4,36.4,35.99,36.15
1150203,1600,36.44,36.48,35.25,35.28
1150204,1600,35.44,35.83,35.43,35.54
1150205,1600,35.83,35.87,35.36,35.48
1150206,1600,35.59,35.6,34.86,35.02
1150209,1600,35.14,35.37,35.1,35.25
1150210,1600,35.27,35.35,35.04,35.15
1150211,1600,35.18,35.19,34.75,34.84
1150212,1600,34.73,34.96,34.48,34.59
1150213,1600,34.59,34.79,34.47,34.65
1150216,1600,34.79,34.85,34.68,34.79
1150217,1600,34.67,34.67,34.03,34.08
1150218,1600,34.15,34.23,33.91,34.0
1150219,1600,34.17,34.61,34.1,34.24
1150220,1600,34.25,34.58,34.08,34.18
1150223,1600,34.04,34.3,33.81,34.09
1150224,1600,34.1,34.11,33.87,33.92
1150225,1600,34.21,34.33,34.09,34.14
1150226,1600,34.31,34.75,34.31,34.75
1150227,1600,34.69,34.95,34.52,34.92
1150302,1600,35.08,35.08,34.72,34.75
1150303,1600,34.74,34.91,34.54,34.6
1150304,1600,34.71,34.96,34.69,34.94
1150305,1600,34.95,35.22,34.93,35.12
1150306,1600,34.95,35.19,34.73,34.73
1150309,1600,34.71,34.81,34.6,34.65
1150310,1600,34.48,35.0,34.45,34.86
1150311,1600,35.05,35.3,34.89,34.98
1150312,1600,35.14,35.23,34.83,34.88
1150313,1600,35.11,35.37,35.02,35.25
1150316,1600,35.46,35.46,34.98,35.02
1150317,1600,35.05,35.12,34.55,34.87
1150318,1600,34.83,34.9,34.74,34.86
1150319,1600,35.06,35.48,34.94,35.36
1150320,1600,35.3,35.33,34.97,35.17
1150323,1600,35.25,35.32,34.82,34.94
1150324,1600,34.9,35.12,34.8,35.11
1150325,1600,35.08,35.15,34.93,35.09
1150326,1600,35.36,35.69,35.25,35.59
1150327,1600,35.67,35.67,35.32,35.41
1150330,1600,35.36,35.36,35.11,35.2
1150331,1600,35.19,35.62,35.19,35.57
1150401,1600,35.37,35.96,35.32,35.92
1150402,1600,35.86,35.86,35.35,35.45
1150407,1600,35.63,35.94,35.63,35.91
1150408,1600,35.91,35.91,35.73,35.83
1150409,1600,35.7,36.01,35.66,35.98
1150410,1600,36.07,36.66,36.07,36.64
1150413,1600,36.58,36.74,36.4,36.43
1150414,1600,36.41,36.42,35.89,36.07
1150415,1600,36.01,36.27,36.01,36.26
1150416,1600,36.29,36.55,35.86,35.94
1150417,1600,35.89,36.0,35.8,35.94
1150420,1600,35.98,36.04,35.54,35.68
1150421,1600,35.96,36.09,35.81,35.83
1150422,1600,35.9,36.01,35.58,35.68
1150423,1600,35.74,35.81,35.42,35.54
1150424,1600,35.34,35.41,34.85,34.87
1150427,1600,35.0,35.56,34.99,35.47
1150428,1600,35.5,35.62,35.34,35.55
1150429,1600,35.45,35.46,34.87,34.93
1150430,1600,34.84,34.84,33.87,33.92
1150504,1600,34.03,34.4,34.03,34.34
1150505,1600,34.39,34.6,34.32,34.36
1150506,1600,34.26,34.26,33.69,33.81
1150507,1600,33.57,33.95,33.4,33.73
1150508,1600,34.03,34.1,33.93,33.97
1150511,1600,34.1,34.4,34.04,34.07
1150512,1600,34.06,34.22,33.79,34.14
1150513,1600,34.22,34.55,34.17,34.42
1150514,1600,34.38,34.64,34.2,34.64
1150515,1600,34.47,34.56,34.35,34.38
1150518,1600,34.64,34.8,34.6,34.77
1150519,1600,34.91,35.13,34.82,34.85
1150520,1600,35.0,35.11,34.9,35.1
1150521,1600,35.02,35.02,34.8,34.86
1150522,1600,34.89,35.22,34.84,35.17
1150526,1600,35.29,35.33,34.97,35.09
1150527,1600,35.07,35.26,35.0,35.07
1150528,1600,35.05,35.07,34.95,35.04
1150529,1600,34.97,34.97,34.8,34.84
1150601,1600,34.92,35.45,34.84,35.22
1150602,1600,34.92,34.92,34.38,34.49
1150603,1600,34.43,34.5,33.95,33.95
1150604,1600,33.85,33.85,33.48,33.53
1150605,1600,33.64,33.94,33.56,33.84
1150608,1600,33.87,33.98,33.57,33.61
1150609,1600,33.57,33.82,33.5,33.62
1150610,1600,33.66,33.91,33.48,33.81
1150611,1600,33.71,33.87,33.65,33.77
1150612,1600,33.9,34.0,33.68,33.72
1150615,1600,33.9,34.01,33.63,34.01
1150616,1600,33.79,33.95,33.66,33.73
1150617,1600,33.71,33.72,33.61,33.65
1150618,1600,33.73,33.96,33.66,33.89
1150619,1600,34.03,34.23,34.03,34.08
1150622,1600,33.84,33.94,33.4,33.49
1150623,1600,33.84,34.03,33.8,33.87
1150624,1600,33.85,33.9,33.65,33.74
1150625,1600,33.77,34.01,33.65,33.71
1150626,1600,33.6,33.84,33.6,33.84
1150629,1600,34.24,34.33,33.85,33.85
1150630,1600,33.87,33.9,33.48,33.89
1150701,1600,33.97,34.04,33.78,33.94
1150702,1600,33.82,33.92,33.65,33.72
1150703,1600,33.83,33.93,33.79,33.8
1150706,1600,33.95,34.02,33.78,33.93
1150707,1600,34.1,34.32,33.78,33.91
1150708,1600,33.56,33.87,33.48,33.73
1150709,1600,33.73,34.01,33.73,33.87
1150710,1600,33.7,33.72,33.29,33.5
1150713,1600,33.42,33.77,33.25,33.77
1150714,1600,33.82,33.82,33.58,33.73
1150715,1600,33.76,33.76,33.55,33.62
1150716,1600,33.71,33.85,33.68,33.77
1150717,1600,33.8,33.8,33.49,33.51
1150720,1600,33.1,33.1,32.6,32.86
1150721,1600,32.79,32.89,32.53,32.55
1150722,1600,32.12,32.29,32.01,32.29
1150723,1600,32.29,32.31,31.98,32.06
1150724,1600,31.77,31.88,31.64,31.84
1150727,1600,32.14,32.15,31.65,31.75
1150728,1600,31.83,31.95,31.78,31.83
1150729,1600,31.95,31.97,31.77,31.97
1150730,1600,31.81,32.2,31.79,32.17
1150731,1600,31.8,31.91,31.62,31.88
1150803,1600,32.08,32.09,31.95,32.01
1150804,1600,31.93,32.04,31.91,32.04
1150805,1600,32.15,32.17,32.03,32.07
1150806,1600,32.01,32.13,31.97,32.13
1150807,1600,32.28,32.42,32.0,32.18
1150810,1600,32.16,32.44,32.07,32.44
1150811,1600,32.17,32.62,32.1,32.26
1150812,1600,32.35,32.4,32.15,32.27
1150813,1600,32.43,32.43,32.21,32.23
1150814,1600,32.21,32.34,32.2,32.24
1150817,1600,32.45,32.51,32.35,32.5
1150818,1600,32.51,32.6,32.38,32.59
1150819,1600,32.62,32.89,32.62,32.78
1150820,1600,32.92,33.08,32.75,33.01
1150821,1600,33.05,33.05,32.74,32.89
1150824,1600,32.46,32.5,31.88,32.19
1150825,1600,31.97,32.26,31.89,32.03
1150826,1600,31.82,31.98,31.52,31.73
1150827,1600,32.0,32.25,31.95,32.21
1150828,1600,32.26,32.65,32.09,32.59
1150831,1600,32.44,32.53,32.3,32.51
1150901,1600,32.57,32.75,32.47,32.57
1150902,1600,32.57,32.65,32.44,32.44
1150903,1600,32.47,32.68,32.2,32.51
1150904,1600,32.5,32.68,32.3,32.42
1150907,1600,32.46,32.46,32.16,32.23
1150908,1600,32.23,32.38,32.2,32.38
1150909,1600,32.36,32.36,31.97,32.0
1150910,1600,31.76,31.98,31.73,31.74
1150911,1600,31.66,31.66,31.3,31.32
1150914,1600,31.37,31.52,31.35,31.5
1150915,1600,31.56,31.56,31.38,31.54
1150916,1600,31.65,31.96,31.61,31.91
1150917,1600,31.92,31.92,31.7,31.81
1150918,1600,31.84,32.19,31.78,32.15
1150921,1600,32.38,32.55,32.3,32.55
1150922,1600,32.61,32.7,32.36,32.5
1150923,1600,32.54,32.7,32.43,32.64
1150924,1600,32.59,33.0,32.47,32.98
1150925,1600,33.02,33.09,32.89,32.89
1150928,1600,32.78,32.78,32.48,32.48
1150929,1600,32.18,32.46,32.16,32.37
1150930,1600,32.22,32.25,31.98,32.12
1151001,1600,32.1,32.15,32.0,32.09
1151002,1600,31.96,32.52,31.85,32.5
1151005,1600,32.48,32.7,32.29,32.6
1151006,1600,32.72,32.93,32.62,32.78
1151007,1600,32.91,32.97,32.73,32.73
1151008,1600,32.67,32.75,32.52,32.64
1151009,1600,32.65,32.84,32.6,32.77
1151012,1600,32.92,33.04,32.85,32.87
1151013,1600,32.74,33.04,32.57,32.94
1151014,1600,33.06,33.14,32.8,33.14
1151015,1600,33.17,33.51,33.17,33.47
1151016,1600,33.24,33.51,33.24,33.46
1151019,1600,33.2,33.42,33.18,33.26
1151020,1600,33.32,33.45,33.15,33.34
1151021,1600,33.3,33.32,33.0,33.05
1151022,1600,33.17,33.71,33.15,33.68
1151023,1600,33.97,34.34,33.75,33.93
1151026,1600,33.9,34.06,33.85,33.95
1151027,1600,33.95,34.03,33.78,33.96
1151028,1600,34.07,34.4,34.02,34.26
1151029,1600,34.12,34.12,33.7,33.71
1151030,1600,33.64,33.64,33.16,33.3
1151102,1600,33.23,33.25,32.94,33.12
1151103,1600,33.21,33.22,32.94,32.98
1151104,1600,32.95,33.05,32.83,32.96
1151105,1600,32.96,32.96,32.68,32.71
1151106,1600,32.79,32.81,32.52,32.55
1151109,1600,32.56,32.69,32.5,32.61
1151110,1600,32.78,32.87,32.63,32.87
1151111,1600,32.79,32.79,32.47,32.55
1151112,1600,32.55,32.72,32.19,32.24
1151113,1600,32.3,32.48,32.3,32.46
1151116,1600,32.84,32.84,32.53,32.6
1151117,1600,32.53,32.63,32.41,32.5
1151118,1600,32.35,32.35,32.17,32.32
1151119,1600,32.4,32.51,32.19,32.43
1151120,1600,32.5,32.7,32.48,32.54
1151123,1600,32.39,32.43,32.2,32.41
1151124,1600,32.4,32.56,32.36,32.48
1151125,1600,32.45,32.6,32.42,32.47
1151126,1600,32.47,32.49,32.41,32.47
1151127,1600,32.33,32.38,32.02,32.11
1151130,1600,32.1,32.37,32.06,32.35
1151201,1600,32.49,32.53,32.26,32.26
1151202,1600,32.28,32.42,32.09,32.11
1151203,1600,32.03,32.06,31.26,31.32
1151204,1600,31.35,32.14,31.32,32.08
1151207,1600,32.18,32.24,31.88,31.93
1151208,1600,31.79,31.83,31.59,31.77
1151209,1600,31.69,31.78,31.4,31.42
1151210,1600,31.42,31.59,31.42,31.54
1151211,1600,31.41,31.54,31.16,31.48
1151214,1600,31.38,31.43,31.17,31.17
1151215,1600,30.94,31.26,30.9,31.22
1151216,1600,31.33,31.65,31.27,31.61
1151217,1600,31.54,31.66,31.06,31.27
1151218,1600,31.24,31.7,31.24,31.63
1151221,1600,31.61,31.83,31.6,31.73
1151222,1600,31.79,31.79,31.48,31.53
1151223,1600,31.6,31.62,31.5,31.59
1151228,1600,31.47,31.47,31.3,31.3
1151229,1600,31.42,31.53,31.29,31.5
1151230,1600,31.44,31.54,31.33,31.45
1160104,1600,31.52,32.18,31.5,31.97
1160105,1600,31.98,32.35,31.98,32.34
1160106,1600,32.44,32.71,32.39,32.64
1160107,1600,32.74,32.81,32.47,32.79
1160108,1600,32.53,32.66,32.4,32.63
1160111,1600,32.62,32.65,32.48,32.48
1160112,1600,32.37,32.45,32.18,32.29
1160113,1600,32.18,32.3,32.08,32.24
1160114,1600,32.29,32.29,32.0,32.07
1160115,1600,32.07,32.17,31.84,31.97
1160118,1600,32.15,32.23,32.12,32.17
1160119,1600,32.29,32.37,32.03,32.04
1160120,1600,32.14,32.56,32.14,32.56
1160121,1600,32.55,32.7,32.4,32.52
1160122,1600,32.52,32.77,32.44,32.71
1160125,1600,32.84,32.99,32.78,32.9
1160126,1600,33.04,33.16,33.0,33.14
1160127,1600,33.1,33.13,32.99,33.06
1160128,1600,33.09,33.1,32.76,32.76
1160129,1600,32.88,33.22,32.76,33.22
1160201,1600,33.31,33.31,33.15,33.28
1160202,1600,33.21,33.29,33.13,33.21
1160203,1600,33.21,33.3,33.07,33.19
1160204,1600,33.11,33.2,32.93,33.18
1160205,1600,33.17,33.38,33.13,33.38
1160208,1600,33.65,34.6,33.65,34.41
1160209,1600,34.16,34.33,33.92,33.95
1160210,1600,33.86,34.25,33.75,34.18
1160211,1600,34.43,35.6,34.43,35.6
1160212,1600,35.31,35.46,35.2,35.41
1160215,1600,34.83,34.91,34.68,34.81
1160216,1600,34.53,35.12,34.5,35.04
1160217,1600,34.87,35.05,34.68,34.98
1160218,1600,34.9,35.36,34.73,35.36
1160219,1600,35.4,35.75,35.38,35.59
1160222,1600,35.13,35.44,34.97,35.31
1160223,1600,35.5,35.87,35.45,35.77
1160224,1600,35.79,36.55,35.79,36.39
1160225,1600,36.21,36.21,35.86,36.13
1160226,1600,36.03,36.14,35.69,35.85
1160229,1600,36.15,36.55,36.15,36.55
1160301,1600,36.7,36.91,36.42,36.51
1160302,1600,36.32,36.84,36.3,36.76
1160303,1600,36.73,36.97,36.57,36.96
1160304,1600,37.05,37.46,36.8,37.15
1160307,1600,37.07,37.39,37.03,37.03
1160308,1600,37.12,37.34,36.88,36.92
1160309,1600,36.86,36.92,36.54,36.6
1160310,1600,36.54,37.18,36.41,36.41
1160311,1600,36.68,36.78,36.18,36.26
1160314,1600,36.29,36.44,35.96,36.0
1160315,1600,35.66,35.86,35.57,35.63
1160316,1600,35.72,35.83,35.65,35.68
1160317,1600,36.17,36.17,35.89,35.91
1160318,1600,35.95,35.95,35.59,35.72
1160321,1600,35.52,35.66,35.47,35.62
1160322,1600,36.0,36.12,35.84,35.87
1160323,1600,35.47,35.53,34.95,35.2
1160324,1600,35.03,35.28,35.0,35.17
1160329,1600,35.05,35.28,34.93,35.24
1160330,1600,35.28,35.31,34.77,34.81
1160331,1600,34.9,35.0,34.83,34.92
1160401,1600,34.83,34.88,34.3,34.31
1160404,1600,34.4,34.51,34.35,34.43
1160405,1600,34.66,34.98,34.66,34.72
1160406,1600,34.78,34.79,34.47,34.5
1160407,1600,34.57,35.24,34.54,35.03
1160408,1600,34.89,35.01,34.82,34.98
1160411,1600,35.26,35.45,35.19,35.43
1160412,1600,35.43,35.61,35.4,35.48
1160413,1600,35.41,35.61,35.31,35.5
1160414,1600,35.3,35.55,35.16,35.18
1160415,1600,35.18,35.18,34.97,35.08
1160418,1600,35.2,35.31,35.07,35.11
1160419,1600,35.28,35.53,35.24,35.5
1160420,1600,35.39,35.64,35.29,35.59
1160421,1600,35.81,35.99,35.57,35.62
1160422,1600,35.65,35.65,35.48,35.48
1160425,1600,35.35,35.48,35.2,35.43
1160426,1600,35.25,35.34,35.1,35.33
1160427,1600,35.44,35.57,35.37,35.48
1160428,1600,35.61,35.96,35.54,35.9
1160429,1600,35.96,36.42,35.95,36.37
1160502,1600,36.33,36.5,36.06,36.19
1160503,1600,36.15,36.15,35.83,35.93
1160504,1600,35.83,36.02,35.7,35.81
1160505,1600,35.83,36.14,35.82,35.96
1160506,1600,36.03,36.41,35.97,36.41
1160509,1600,36.12,36.14,35.67,35.67
1160510,1600,35.8,35.82,35.5,35.58
1160511,1600,35.96,36.07,35.8,35.85
1160512,1600,35.83,36.1,35.72,35.84
1160513,1600,36.16,36.2,35.95,36.2
1160517,1600,36.23,36.38,36.1,36.34
1160518,1600,36.28,36.38,36.14,36.28
1160519,1600,35.94,36.02,35.75,35.94
1160520,1600,36.0,36.07,35.88,35.88
1160523,1600,35.84,35.94,35.75,35.84
1160524,1600,35.72,35.82,35.54,35.54
1160525,1600,35.36,35.37,35.15,35.27
1160526,1600,35.41,35.41,35.15,35.15
1160527,1600,35.13,35.2,35.01,35.02
1160530,1600,34.86,34.96,34.75,34.89
1160531,1600,35.03,35.09,34.9,35.08
1160601,1600,35.17,35.19,34.83,34.87
1160602,1600,34.98,35.02,34.85,34.95
1160603,1600,34.96,35.29,34.95,35.22
1160606,1600,35.21,35.31,35.14,35.31
1160607,1600,35.22,35.22,35.02,35.21
1160608,1600,35.39,35.65,35.39,35.61
1160609,1600,35.62,36.1,35.57,36.08
1160610,1600,36.04,36.38,36.02,36.22
1160613,1600,36.64,36.8,36.44,36.56
1160614,1600,36.59,37.0,36.52,36.82
1160615,1600,36.88,36.88,36.63,36.78
1160616,1600,37.35,38.04,37.28,37.8
1160617,1600,36.74,36.92,36.7,36.86
1160620,1600,36.44,36.56,36.27,36.55
1160621,1600,36.39,36.41,36.08,36.31
1160622,1600,36.12,36.2,35.93,36.18
1160623,1600,35.95,36.07,35.49,35.83
1160624,1600,37.9,38.78,37.67,38.07
1160627,1600,38.56,39.0,38.44,38.57
1160628,1600,38.27,38.38,37.92,38.27
1160629,1600,38.43,38.46,38.18,38.32
1160630,1600,38.09,38.3,37.99,38.25
1160701,1600,38.65,38.72,38.52,38.61
1160704,1600,39.03,39.12,38.92,39.02
1160705,1600,38.84,39.15,38.66,39.15
1160706,1600,39.76,40.01,39.65,39.72
1160707,1600,39.67,39.77,39.28,39.41
1160708,1600,39.38,39.66,39.0,39.37
1160711,1600,39.71,39.75,39.3,39.57
1160712,1600,39.28,39.31,38.88,38.92
1160713,1600,39.0,39.11,38.74,38.86
1160714,1600,38.56,38.64,38.12,38.55
1160715,1600,38.51,38.65,38.4,38.65
1160718,1600,38.66,38.87,38.53,38.6
1160719,1600,38.64,38.95,38.64,38.92
1160720,1600,38.83,38.9,38.43,38.54
1160721,1600,38.4,38.76,38.39,38.76
1160722,1600,38.69,38.81,38.59,38.81
1160725,1600,38.63,38.68,38.45,38.67
1160726,1600,38.56,38.7,38.54,38.65
1160727,1600,38.62,38.86,38.57,38.83
1160728,1600,38.86,39.05,38.76,38.76
1160729,1600,38.72,38.89,38.58,38.83
1160801,1600,38.83,38.9,38.8,38.89
1160802,1600,38.9,39.2,38.9,39.16
1160803,1600,39.18,39.27,39.06,39.09
1160804,1600,39.01,39.43,39.01,39.38
1160805,1600,39.39,39.42,38.86,38.89
1160808,1600,38.74,38.84,38.57,38.81
1160809,1600,38.68,38.88,38.66,38.82
1160810,1600,39.08,39.09,38.71,38.79
1160811,1600,38.72,38.95,38.7,38.88
1160812,1600,38.66,38.97,38.53,38.94
1160815,1600,38.63,38.65,38.45,38.57
1160816,1600,38.6,38.62,38.33,38.48
1160817,1600,38.35,38.43,38.31,38.41
1160818,1600,38.42,38.47,38.3,38.34
1160819,1600,38.25,38.35,38.02,38.14
1160822,1600,38.03,38.08,37.98,38.05
1160823,1600,38.0,38.18,38.0,38.05
1160824,1600,38.11,38.23,37.85,37.96
1160825,1600,37.85,37.86,37.58,37.74
1160826,1600,37.75,38.12,37.71,38.03
1160829,1600,37.88,38.12,37.86,38.11
1160830,1600,38.04,38.09,37.97,38.0
1160831,1600,37.91,37.98,37.68,37.75
1160901,1600,37.73,37.85,37.64,37.73
1160902,1600,37.66,38.05,37.57,38.05
1160905,1600,38.2,38.32,38.17,38.32
1160906,1600,38.29,38.52,38.28,38.39
1160907,1600,38.66,38.66,38.45,38.51
1160908,1600,38.52,38.53,38.17,38.28
1160909,1600,38.14,38.27,38.06,38.25
1160912,1600,38.03,38.09,37.9,37.9
1160913,1600,38.08,38.12,37.88,37.94
1160914,1600,37.85,37.95,37.78,37.81
1160915,1600,37.85,37.85,37.47,37.75
1160916,1600,37.66,37.79,37.6,37.77
1160919,1600,37.93,38.01,37.76,37.82
1160920,1600,37.82,37.93,37.77,37.91
1160921,1600,38.09,38.37,38.04,38.28
1160922,1600,38.21,38.38,38.14,38.38
1160923,1600,38.33,38.43,38.29,38.38
1160926,1600,38.28,38.39,38.18,38.28
1160927,1600,38.19,38.31,38.08,38.08
1160928,1600,38.06,38.08,37.9,37.93
1160929,1600,37.88,37.92,37.73,37.75
1160930,1600,37.97,38.27,37.78,37.8
1161004,1600,37.66,37.77,36.9,36.98
1161005,1600,36.45,36.64,36.35,36.39
1161006,1600,36.36,36.48,36.05,36.1
1161007,1600,36.34,36.45,35.89,35.89
1161010,1600,36.35,36.4,36.28,36.3
1161011,1600,36.47,36.63,36.34,36.63
1161012,1600,36.57,36.7,36.5,36.63
1161013,1600,36.78,36.85,36.63,36.63
1161014,1600,36.66,36.71,36.49,36.66
1161017,1600,36.74,36.79,36.64,36.75
1161018,1600,36.85,36.95,36.82,36.92
1161019,1600,36.94,37.35,36.94,37.34
1161020,1600,37.26,37.42,36.99,37.26
1161021,1600,37.27,37.5,37.24,37.49
1161024,1600,37.44,37.56,37.26,37.33
1161025,1600,37.48,37.67,37.46,37.65
1161026,1600,37.62,37.63,37.36,37.38
1161027,1600,37.4,37.48,37.29,37.41
1161028,1600,37.41,37.48,37.18,37.3
1161031,1600,37.44,37.48,37.36,37.37
1161101,1600,37.48,37.6,37.44,37.57
1161102,1600,37.62,37.79,37.59,37.78
1161103,1600,37.67,37.76,37.37,37.68
1161104,1600,37.66,37.86,37.61,37.71
1161107,1600,37.48,37.48,37.31,37.33
1161108,1600,37.37,37.51,37.18,37.18
1161109,1600,37.87,38.24,37.5,37.77
1161110,1600,37.85,38.01,37.33,37.36
1161111,1600,37.1,37.23,36.28,36.45
1161114,1600,36.43,36.69,36.34,36.52
1161115,1600,36.59,36.8,36.45,36.66
1161116,1600,36.88,36.96,36.76,36.96
1161117,1600,36.9,37.01,36.79,36.99
1161118,1600,36.58,36.76,36.5,36.67
1161121,1600,36.74,36.82,36.68,36.73
1161122,1600,36.85,36.87,36.62,36.63
1161123,1600,36.71,36.76,36.08,36.2
1161124,1600,36.16,36.18,36.02,36.06
1161125,1600,36.0,36.15,35.78,35.78
1161128,1600,35.98,36.16,35.93,36.13
1161129,1600,36.12,36.12,35.87,35.92
1161130,1600,35.96,35.96,35.62,35.63
1161201,1600,35.55,35.55,35.22,35.39
1161202,1600,35.41,35.52,35.3,35.4
1161205,1600,35.58,35.58,34.7,34.96
1161206,1600,35.05,35.18,34.95,35.08
1161207,1600,35.07,35.33,35.05,35.2
1161208,1600,35.1,35.51,34.81,35.47
1161209,1600,35.41,35.58,35.39,35.46
1161212,1600,35.18,35.23,35.01,35.23
1161213,1600,35.1,35.23,34.9,35.0
1161214,1600,35.14,35.24,35.06,35.14
1161215,1600,34.88,34.91,34.7,34.82
1161216,1600,34.88,35.07,34.86,35.07
1161219,1600,35.07,35.23,35.02,35.11
1161220,1600,35.1,35.14,34.92,34.94
1161221,1600,35.12,35.12,34.84,34.9
1161222,1600,34.84,34.87,34.74,34.81
1161223,1600,34.85,34.95,34.8,34.91
1161227,1600,35.23,35.25,34.95,34.98
1161228,1600,35.12,35.27,35.09,35.26
1161229,1600,35.38,35.53,35.22,35.48
1161230,1600,35.45,35.49,35.26,35.35
1170102,1600,35.3,35.65,35.3,35.43
1170103,1600,35.47,35.83,35.44,35.79
1170104,1600,35.86,35.99,35.7,35.74
1170105,1600,35.89,35.97,35.85,35.94
1170106,1600,35.71,35.98,35.7,35.73
1170109,1600,35.85,36.11,35.85,35.98
1170110,1600,35.96,36.14,35.9,36.12
1170111,1600,36.22,36.42,36.18,36.33
1170112,1600,36.32,36.51,36.23,36.26
1170113,1600,36.19,36.24,36.03,36.16
1170116,1600,36.5,36.58,36.47,36.51
1170117,1600,36.58,36.7,36.44,36.51
1170118,1600,36.48,36.61,36.47,36.55
1170119,1600,36.25,36.45,36.23,36.33
1170120,1600,36.34,36.35,36.22,36.25
1170123,1600,36.33,36.46,36.3,36.43
1170124,1600,36.3,36.38,36.25,36.26
1170125,1600,36.14,36.14,35.79,35.91
1170126,1600,35.86,35.87,35.59,35.76
1170127,1600,35.64,35.74,35.54,35.74
1170130,1600,35.78,36.1,35.73,36.0
1170131,1600,36.06,36.21,35.9,36.12
1170201,1600,36.01,36.12,35.87,36.03
1170202,1600,36.19,36.44,36.18,36.23
1170203,1600,36.3,36.4,36.23,36.37
1170206,1600,36.59,36.93,36.59,36.82
1170207,1600,37.06,37.17,37.02,37.14
1170208,1600,37.23,37.44,37.21,37.31
1170209,1600,37.34,37.43,37.13,37.22
1170210,1600,36.95,37.32,36.94,37.32
1170213,1600,37.23,37.23,37.02,37.1
1170214,1600,37.2,37.41,37.16,37.27
1170215,1600,37.3,37.41,37.18,37.36
1170216,1600,37.39,37.47,37.38,37.42
1170217,1600,37.35,37.56,37.35,37.49
1170220,1600,37.42,37.54,37.4,37.48
1170221,1600,37.54,37.73,37.45,37.72
1170222,1600,37.81,37.94,37.61,37.62
1170223,1600,37.7,37.99,37.67,37.92
1170224,1600,38.05,38.25,38.05,38.22
1170227,1600,38.17,38.25,38.12,38.25
1170228,1600,38.07,38.14,37.95,38.06
1170301,1600,38.0,38.04,37.78,37.87
1170302,1600,38.0,38.01,37.66,37.79
1170303,1600,37.51,37.57,37.3,37.31
1170306,1600,37.38,37.45,37.24,37.29
1170307,1600,37.2,37.25,37.01,37.01
1170308,1600,36.95,36.99,36.77,36.84
1170309,1600,36.78,36.85,36.55,36.59
1170310,1600,36.29,36.42,36.14,36.18
1170313,1600,36.4,36.46,36.27,36.36
1170314,1600,36.32,36.52,36.29,36.41
1170315,1600,36.41,36.43,36.29,36.3
1170316,1600,36.76,37.0,36.7,36.81
1170317,1600,36.68,36.89,36.62,36.78
1170320,1600,36.85,36.96,36.82,36.91
1170321,1600,36.63,37.03,36.6,37.01
1170322,1600,37.18,37.22,37.07,37.19
1170323,1600,37.17,37.36,37.07,37.1
1170324,1600,37.12,37.18,37.0,37.16
1170327,1600,37.25,37.26,37.05,37.06
1170328,1600,37.11,37.25,37.1,37.21
1170329,1600,37.26,37.5,37.25,37.45
1170330,1600,37.42,37.5,37.32,37.44
1170331,1600,37.43,37.55,37.36,37.47
1170403,1600,37.56,37.86,37.51,37.83
1170404,1600,37.97,38.09,37.87,37.87
1170405,1600,37.82,37.87,37.52,37.65
1170406,1600,37.77,37.94,37.75,37.79
1170407,1600,38.14,38.39,38.14,38.34
1170410,1600,38.12,38.14,37.9,38.0
1170411,1600,38.2,38.53,38.08,38.51
1170412,1600,38.64,38.75,38.54,38.64
1170413,1600,38.78,38.95,38.77,38.86
1170418,1600,38.75,38.85,38.49,38.79
1170419,1600,38.55,38.56,38.2,38.41
1170420,1600,38.38,38.39,38.11,38.28
1170421,1600,38.38,38.71,38.34,38.58
1170424,1600,37.75,37.77,37.53,37.75
1170425,1600,37.63,37.63,37.24,37.26
1170426,1600,37.18,37.38,37.16,37.37
1170427,1600,37.22,37.48,37.19,37.44
1170428,1600,37.37,37.42,37.22,37.4
1170502,1600,37.0,37.07,36.89,36.98
1170503,1600,36.94,36.98,36.7,36.76
1170504,1600,36.5,36.5,36.04,36.09
1170505,1600,36.08,36.24,35.92,35.95
1170508,1600,36.01,36.32,36.0,36.16
1170509,1600,36.16,36.2,35.9,35.97
1170510,1600,36.04,36.27,36.03,36.13
1170511,1600,36.12,36.31,36.05,36.22
1170512,1600,36.34,36.4,36.17,36.17
1170515,1600,36.19,36.23,36.1,36.1
1170516,1600,36.06,36.06,35.83,35.97
1170517,1600,36.01,36.39,36.0,36.31
1170518,1600,36.25,36.53,36.18,36.25
1170519,1600,36.17,36.17,35.93,36.03
1170522,1600,36.07,36.17,35.95,36.08
1170523,1600,36.11,36.16,35.98,36.04
1170524,1600,36.0,36.09,35.95,36.06
1170525,1600,36.01,36.1,35.98,36.05
1170526,1600,36.19,36.51,36.15,36.46
1170529,1600,36.5,36.51,36.41,36.48
1170530,1600,36.62,36.65,36.27,36.32
1170531,1600,36.29,36.39,36.2,36.28
1170601,1600,36.25,36.33,36.2,36.27
1170602,1600,36.15,36.45,36.12,36.44
1170606,1600,36.76,36.96,36.76,36.93
1170607,1600,36.87,37.02,36.85,36.9
1170608,1600,36.78,36.82,36.47,36.57
1170609,1600,36.54,36.66,36.4,36.43
1170612,1600,36.32,36.4,36.24,36.36
1170613,1600,36.33,36.33,36.12,36.25
1170614,1600,36.36,36.49,36.3,36.41
1170615,1600,36.18,36.3,36.09,36.15
1170616,1600,36.16,36.18,36.05,36.08
1170619,1600,35.94,35.98,35.88,35.97
1170620,1600,35.94,35.98,35.83,35.96
1170621,1600,35.99,36.01,35.81,35.95
1170622,1600,36.09,36.13,36.0,36.05
1170623,1600,36.07,36.24,36.05,36.09
1170626,1600,36.04,36.04,35.57,36.09
1170627,1600,35.93,35.97,35.5,35.73
1170628,1600,35.41,35.71,35.28,35.52
1170629,1600,35.23,35.23,34.96,35.39
1170630,1600,35.02,35.13,34.93,35.02
1170703,1600,34.87,34.94,34.56,34.61
1170704,1600,34.66,34.75,34.65,34.67
1170705,1600,34.71,34.72,34.58,34.69
1170706,1600,34.74,34.74,34.5,34.54
1170707,1600,34.43,34.51,34.16,34.17
1170710,1600,34.02,34.3,33.99,34.26
1170711,1600,34.17,34.23,34.04,34.18
1170712,1600,34.17,34.45,34.12,34.41
1170713,1600,34.34,34.52,34.33,34.39
1170714,1600,34.31,34.6,34.28,34.47
1170717,1600,34.54,34.67,34.51,34.63
1170718,1600,34.52,34.56,34.42,34.51
1170719,1600,34.6,34.69,34.49,34.67
1170720,1600,34.6,34.7,34.35,34.42
1170721,1600,34.4,34.6,34.4,34.52
1170724,1600,34.58,34.76,34.58,34.71
1170725,1600,34.68,34.7,34.4,34.53
1170726,1600,34.43,34.56,34.4,34.51
1170727,1600,34.61,34.79,34.61,34.71
1170728,1600,34.62,34.75,34.55,34.72
1170731,1600,34.75,34.8,34.6,34.6
1170801,1600,34.53,34.69,34.4,34.66
1170802,1600,34.45,34.54,34.35,34.49
1170803,1600,34.26,34.4,34.22,34.34
1170804,1600,34.35,34.44,34.25,34.41
1170807,1600,34.32,34.34,34.23,34.34
1170808,1600,34.33,34.45,34.29,34.34
1170809,1600,34.7,35.0,34.67,34.91
1170810,1600,35.08,35.31,35.04,35.17
1170811,1600,35.19,35.27,34.9,35.12
1170814,1600,34.99,35.05,34.89,35.05
1170815,1600,34.95,34.98,34.82,34.86
1170816,1600,34.81,34.99,34.74,34.98
1170817,1600,35.23,35.38,35.13,35.17
1170818,1600,35.37,35.57,35.34,35.34
1170821,1600,35.26,35.28,35.1,35.1
1170822,1600,35.0,35.26,34.99,35.18
1170823,1600,35.19,35.2,35.04,35.04
1170824,1600,35.05,35.12,35.03,35.1
1170825,1600,35.1,35.19,34.74,34.93
1170828,1600,34.97,35.14,34.91,35.1
1170829,1600,35.33,35.39,35.21,35.22
1170830,1600,35.18,35.37,35.17,35.32
1170831,1600,35.32,35.7,35.29,35.67
1170901,1600,35.67,35.82,35.58,35.81
1170904,1600,36.2,36.2,35.95,36.02
1170905,1600,36.07,36.08,35.92,36.04
1170906,1600,36.08,36.12,36.0,36.05
1170907,1600,36.02,36.13,35.83,36.0
1170908,1600,36.12,36.14,35.95,35.96
1170911,1600,35.79,35.82,35.7,35.8
1170912,1600,35.62,35.75,35.61,35.66
1170913,1600,35.72,35.81,35.69,35.75
1170914,1600,35.76,35.88,35.69,35.85
1170915,1600,35.85,35.85,35.47,35.54
1170918,1600,35.41,35.48,35.17,35.18
1170919,1600,35.03,35.16,35.03,35.13
1170920,1600,35.16,35.23,35.14,35.18
1170921,1600,35.02,35.04,34.79,34.83
1170922,1600,34.86,34.86,34.75,34.8
1170925,1600,34.86,35.38,34.86,35.35
1170926,1600,35.54,35.59,35.43,35.55
1170927,1600,35.34,35.4,35.19,35.23
1170928,1600,35.07,35.13,34.98,35.06
1170929,1600,35.08,35.13,34.95,34.95
1171002,1600,34.83,34.92,34.82,34.91
1171003,1600,34.91,34.91,34.91,34.91
1171004,1600,34.91,35.0,34.79,34.85
1171005,1600,34.84,35.04,34.84,34.98
1171006,1600,34.87,34.98,34.67,34.95
1171009,1600,35.12,35.16,35.07,35.11
1171010,1600,35.15,35.26,35.15,35.18
1171011,1600,35.04,35.14,34.95,34.97
1171012,1600,35.12,35.16,35.06,35.11
1171013,1600,35.25,35.34,35.15,35.34
1171016,1600,35.58,35.62,35.48,35.51
1171017,1600,35.28,35.29,35.1,35.14
1171018,1600,35.11,35.11,34.94,34.98
1171019,1600,34.87,35.05,34.85,35.0
1171020,1600,34.93,35.0,34.85,34.96
1171023,1600,34.87,34.95,34.86,34.87
1171024,1600,35.03,35.05,34.84,34.88
1171025,1600,34.81,34.85,34.72,34.77
1171026,1600,34.82,35.0,34.75,34.97
1171027,1600,35.02,35.31,34.98,35.31
1171030,1600,35.14,35.33,35.1,35.31
1171031,1600,35.31,35.31,35.31,35.31
1171101,1600,35.2,35.39,35.2,35.34
1171102,1600,35.27,35.34,35.16,35.19
1171103,1600,35.21,35.34,35.06,35.11
1171106,1600,35.15,35.43,35.15,35.43
1171107,1600,35.48,35.55,35.38,35.42
1171108,1600,35.45,35.7,35.42,35.7
1171109,1600,35.58,35.62,35.46,35.48
1171110,1600,35.48,35.5,35.19,35.21
1171113,1600,35.27,35.32,35.18,35.27
1171114,1600,35.05,35.07,34.79,34.98
1171115,1600,34.94,35.03,34.82,34.84
1171116,1600,34.87,35.0,34.84,34.96
1171117,1600,34.99,35.17,34.94,35.14
1171120,1600,35.3,35.31,35.11,35.11
1171121,1600,35.07,35.15,34.99,35.09
1171122,1600,35.07,35.21,35.05,35.21
1171123,1600,35.02,35.1,34.95,35.03
1171124,1600,35.02,35.03,34.67,34.67
1171127,1600,34.81,34.97,34.77,34.96
1171128,1600,34.96,35.09,34.9,35.07
1171129,1600,35.11,35.17,34.8,34.82
1171130,1600,34.76,34.89,34.48,34.48
1171201,1600,34.41,34.75,34.38,34.73
1171204,1600,34.53,34.69,34.48,34.56
1171205,1600,34.58,34.63,34.33,34.36
1171206,1600,34.49,34.54,34.42,34.47
1171207,1600,34.31,34.31,34.15,34.16
1171208,1600,34.17,34.23,34.05,34.15
1171211,1600,34.11,34.12,33.95,33.96
1171212,1600,33.97,34.02,33.91,33.94
1171213,1600,34.01,34.13,33.93,34.05
1171214,1600,34.18,34.27,34.0,34.26
1171215,1600,34.29,34.37,34.25,34.28
1171218,1600,34.32,34.42,34.26,34.39
1171219,1600,34.43,34.45,34.26,34.26
1171220,1600,34.3,34.37,34.18,34.24
1171221,1600,34.26,34.31,34.22,34.3
1171222,1600,34.39,34.64,34.37,34.58
1171227,1600,34.84,34.87,34.67,34.78
1171228,1600,34.8,34.84,34.71,34.83
1171229,1600,34.83,34.85,34.75,34.76
1180102,1600,34.97,35.08,34.92,35.03
1180103,1600,35.09,35.252,35.09,35.208
1180104,1600,35.05,35.142,34.9,35.134
1180105,1600,35.14,35.268,35.12,35.268
1180108,1600,35.26,35.478,35.26,35.372
1180109,1600,35.46,35.468,35.29,35.386
1180110,1600,35.358,35.524,35.25,35.418
1180111,1600,35.488,35.538,35.242,35.292
1180112,1600,35.408,35.408,35.1,35.29
1180115,1600,35.346,35.35,35.08,35.17
1180116,1600,35.144,35.172,35.058,35.09
1180117,1600,35.112,35.224,35.07,35.084
1180118,1600,34.988,35.004,34.878,34.972
1180119,1600,34.966,35.086,34.966,35.062
1180122,1600,34.984,35.03,34.96,35.006
1180123,1600,35.102,35.168,34.9,35.008
1180124,1600,35.09,35.248,35.076,35.1
1180125,1600,35.238,35.268,34.85,34.996
1180126,1600,34.942,35.024,34.914,35.016
1180129,1600,34.94,34.988,34.83,34.846
1180130,1600,34.81,34.842,34.69,34.764
1180131,1600,34.704,34.704,34.6,34.67
1180201,1600,34.694,34.694,34.566,34.584
1180202,1600,34.642,34.694,34.33,34.354
1180205,1600,34.448,34.626,34.402,34.562
1180206,1600,34.83,34.898,34.536,34.604
1180207,1600,34.556,34.594,34.43,34.558
1180208,1600,34.396,34.578,34.392,34.55
1180209,1600,34.482,34.584,34.42,34.534
1180212,1600,34.63,34.704,34.532,34.696
1180213,1600,34.652,34.696,34.438,34.538
1180214,1600,34.606,35.0,34.32,34.908
1180215,1600,34.854,34.912,34.76,34.816
1180216,1600,34.86,35.024,34.84,34.994
1180219,1600,34.922,35.01,34.888,34.956
1180220,1600,34.814,34.944,34.684,34.684
1180221,1600,34.628,34.736,34.616,34.708
1180222,1600,34.636,34.694,34.6,34.668
1180223,1600,34.718,34.78,34.666,34.718
1180226,1600,34.936,34.936,34.786,34.786
1180227,1600,34.734,34.794,34.6,34.604
1180228,1600,34.674,34.764,34.672,34.716
1180301,1600,34.598,34.598,34.426,34.55
1180302,1600,34.544,34.624,34.458,34.478
1180305,1600,34.712,34.724,34.436,34.44
1180306,1600,34.43,34.66,34.4,34.624
1180307,1600,34.518,34.538,34.346,34.346
1180308,1600,34.42,34.47,34.274,34.448
1180309,1600,34.42,34.53,34.4,34.524
1180312,1600,34.46,34.488,34.384,34.418
1180313,1600,34.406,34.474,34.28,34.398
1180314,1600,34.394,34.492,34.394,34.412
1180315,1600,34.446,34.454,34.334,34.38
1180316,1600,34.434,34.47,34.32,34.364
1180319,1600,34.312,34.402,34.25,34.394
1180320,1600,34.25,34.4,34.238,34.386
1180321,1600,34.498,34.734,34.446,34.712
1180322,1600,34.64,34.774,34.624,34.648
1180323,1600,34.954,35.15,34.914,35.118
1180326,1600,34.964,35.036,34.92,35.016
1180327,1600,34.984,34.984,34.794,34.8
1180328,1600,34.8,34.812,34.6,34.612
1180329,1600,34.576,34.616,34.482,34.588
1180403,1600,34.968,35.02,34.84,34.92
1180404,1600,35.0,35.3,34.89,34.922
1180405,1600,34.764,34.886,34.75,34.828
1180406,1600,34.826,34.984,34.754,34.908
1180409,1600,34.864,34.864,34.76,34.792
1180410,1600,34.824,34.898,34.774,34.854
1180411,1600,34.938,35.468,34.896,35.408
1180412,1600,35.142,35.16,34.9,34.918
1180413,1600,34.94,35.126,34.86,35.12
1180416,1600,35.024,35.082,34.92,35.038
1180417,1600,34.96,35.02,34.8,35.004
1180418,1600,35.0,35.164,34.976,35.086
1180419,1600,35.158,35.172,34.962,35.0
1180420,1600,34.99,35.116,34.958,35.05
1180423,1600,34.936,34.95,34.786,34.842
1180424,1600,34.94,34.984,34.882,34.956
1180425,1600,34.882,34.928,34.818,34.858
1180426,1600,34.97,35.02,34.87,34.948
1180427,1600,35.01,35.18,35.01,35.098
1180430,1600,34.916,35.024,34.91,35.024
1180502,1600,35.064,35.14,35.016,35.092
1180503,1600,35.118,35.44,35.07,35.332
1180504,1600,35.228,35.354,35.18,35.312
1180507,1600,35.37,35.464,35.37,35.464
1180508,1600,35.428,35.58,35.42,35.474
1180509,1600,35.536,35.694,35.418,35.618
1180510,1600,35.578,35.7,35.514,35.624
1180511,1600,35.662,35.724,35.58,35.592
1180514,1600,35.512,35.512,35.374,35.438
1180515,1600,35.35,35.39,35.066,35.066
1180516,1600,35.17,35.218,35.116,35.148
1180517,1600,35.1,35.168,35.03,35.136
1180518,1600,35.118,35.312,35.076,35.302
1180521,1600,35.302,35.302,35.302,35.302
1180522,1600,35.226,35.328,35.156,35.256
1180523,1600,35.336,35.662,35.336,35.526
1180524,1600,35.59,35.834,35.484,35.8
1180525,1600,35.834,36.05,35.798,35.948
1180528,1600,35.628,35.976,35.604,35.912
1180529,1600,35.962,36.456,35.948,36.26
1180530,1600,36.024,36.1,35.858,35.908
1180531,1600,35.938,36.17,35.752,35.948
1180601,1600,35.748,35.79,35.58,35.754
1180604,1600,35.556,35.614,35.464,35.59
1180605,1600,35.508,35.718,35.484,35.718
1180606,1600,35.6,35.6,35.37,35.534
1180607,1600,35.32,35.45,35.278,35.31
1180608,1600,35.37,35.612,35.35,35.512
1180611,1600,35.334,35.466,35.296,35.466
1180612,1600,35.432,35.46,35.298,35.426
1180613,1600,35.456,35.46,35.38,35.456
1180614,1600,35.468,36.092,35.432,36.068
1180615,1600,36.134,36.15,35.39,35.408
1180618,1600,35.522,35.602,35.38,35.402
1180619,1600,35.55,35.64,35.37,35.392
1180620,1600,35.396,35.404,35.31,35.36
1180621,1600,35.182,35.258,35.05,35.11
1180622,1600,35.014,35.116,34.958,35.088
1180625,1600,34.986,35.062,34.824,34.834
1180626,1600,34.75,34.766,34.572,34.756
1180627,1600,34.67,34.834,34.666,34.786
1180628,1600,34.872,34.872,34.704,34.72
1180629,1600,34.568,34.602,34.46,34.492
1180702,1600,34.49,34.6,34.48,34.488
1180703,1600,34.314,34.66,34.298,34.622
1180704,1600,34.71,34.742,34.666,34.701
1180705,1600,34.516,34.608,34.426,34.598
1180706,1600,34.502,34.516,34.319,34.319
1180709,1600,34.452,34.58,34.434,34.508
1180710,1600,34.4,34.448,34.282,34.391
1180711,1600,34.316,34.36,34.19,34.192
1180712,1600,34.252,34.354,34.25,34.328
1180713,1600,34.358,34.362,34.2,34.224
1180716,1600,34.172,34.19,34.01,34.016
1180717,1600,34.068,34.108,33.74,33.798
1180718,1600,33.832,33.892,33.78,33.844
1180719,1600,33.82,33.83,33.642,33.718
1180720,1600,33.778,33.834,33.7,33.726
1180723,1600,33.734,33.8,33.62,33.638
1180724,1600,33.648,33.754,33.648,33.704
1180725,1600,33.736,33.92,33.716,33.852
1180726,1600,33.72,33.85,33.65,33.848
1180727,1600,33.804,33.848,33.688,33.804
1180730,1600,33.672,33.688,33.606,33.612
1180731,1600,33.534,33.682,33.356,33.604
1180801,1600,33.606,33.696,33.528,33.58
1180802,1600,33.688,33.774,33.59,33.598
1180803,1600,33.482,33.834,33.482,33.77
1180806,1600,33.728,33.74,33.638,33.666
1180807,1600,33.704,33.734,33.584,33.63
1180808,1600,33.606,33.644,33.51,33.53
1180809,1600,33.638,33.75,33.606,33.746
1180810,1600,33.858,34.228,33.858,34.188
1180813,1600,34.106,34.108,33.69,33.69
1180814,1600,33.648,33.894,33.64,33.888
1180815,1600,33.714,33.72,33.45,33.45
1180816,1600,33.232,33.406,33.21,33.288
1180817,1600,33.154,33.258,33.146,33.244
1180820,1600,33.414,33.526,33.338,33.37
1180821,1600,33.38,33.38,33.176,33.176
1180822,1600,33.186,33.25,33.126,33.15
1180823,1600,32.974,33.112,32.97,33.034
1180824,1600,33.04,33.384,33.022,33.376
1180827,1600,33.384,33.422,33.278,33.3
1180828,1600,33.316,33.37,33.168,33.182
1180829,1600,33.156,33.22,33.078,33.094
1180830,1600,33.066,33.196,32.99,33.104
1180831,1600,33.184,33.284,33.172,33.26
1180903,1600,33.236,33.33,33.2,33.222
1180904,1600,33.196,33.256,33.126,33.136
1180905,1600,33.214,33.214,33.08,33.124
1180906,1600,33.118,33.344,33.118,33.17
1180907,1600,33.114,33.276,33.1,33.252
1180910,1600,33.256,33.266,33.1,33.166
1180911,1600,33.076,33.16,32.99,33.116
1180912,1600,33.136,33.242,33.1,33.224
1180913,1600,33.312,33.402,33.108,33.126
1180914,1600,33.128,33.194,33.0,33.002
1180917,1600,33.07,33.136,32.994,33.104
1180918,1600,32.958,33.056,32.928,32.996
1180919,1600,33.124,33.216,33.048,33.14
1180920,1600,33.11,33.11,32.936,32.952
1180921,1600,33.01,33.02,32.638,32.78
1180924,1600,32.81,32.858,32.7,32.816
1180925,1600,32.834,32.854,32.778,32.844
1180926,1600,32.796,32.818,32.684,32.686
1180927,1600,32.856,32.896,32.55,32.598
1180928,1600,32.694,33.012,32.694,33.012
1181001,1600,32.952,33.026,32.818,33.026
1181002,1600,33.262,33.612,33.208,33.568
1181004,1600,33.574,33.652,33.508,33.568
1181005,1600,33.484,33.64,33.468,33.568
1181008,1600,33.464,33.468,33.15,33.174
1181009,1600,33.34,33.384,33.248,33.304
1181010,1600,33.262,33.284,33.09,33.146
1181011,1600,33.268,33.89,33.262,33.864
1181012,1600,33.772,34.02,33.764,33.89
1181015,1600,34.132,34.23,33.966,34.058
1181016,1600,34.07,34.2,34.028,34.088
1181017,1600,34.01,34.258,33.984,34.198
1181018,1600,34.184,34.352,34.118,34.32
1181019,1600,34.476,34.53,34.31,34.35
1181022,1600,34.158,34.286,34.158,34.24
1181023,1600,34.552,34.786,34.514,34.556
1181024,1600,34.562,34.75,34.556,34.692
1181025,1600,34.82,34.83,34.678,34.774
1181026,1600,34.872,35.15,34.864,35.022
1181029,1600,34.68,34.796,34.638,34.694
1181030,1600,34.602,34.67,34.534,34.604
1181031,1600,34.42,34.548,34.408,34.512
1181101,1600,34.65,34.796,34.53,34.796
1181102,1600,34.742,34.814,34.66,34.81
1181105,1600,34.828,34.852,34.7,34.712
1181106,1600,34.698,34.866,34.556,34.556
1181107,1600,34.568,34.578,34.4,34.42
1181108,1600,34.44,34.502,34.38,34.482
1181109,1600,34.598,34.65,34.272,34.304
1181112,1600,34.412,34.506,34.336,34.432
1181113,1600,34.428,34.442,34.23,34.3
1181114,1600,34.24,34.264,34.082,34.18
1181115,1600,34.436,34.604,34.378,34.462
1181116,1600,34.482,34.592,34.42,34.428
1181119,1600,34.45,34.45,34.312,34.354
1181120,1600,34.392,34.62,34.366,34.538
1181121,1600,34.542,34.648,34.48,34.62
1181122,1600,34.624,34.64,34.546,34.618
1181123,1600,34.494,34.704,34.48,34.704
1181126,1600,34.738,34.738,34.64,34.666
1181127,1600,34.688,34.79,34.55,34.552
1181128,1600,34.592,34.64,34.54,34.606
1181129,1600,34.63,34.72,34.616,34.634
1181130,1600,34.592,34.664,34.488,34.664
1181203,1600,34.826,35.006,34.808,34.954
1181204,1600,34.952,35.088,34.93,35.088
1181205,1600,35.04,35.134,35.032,35.06
1181206,1600,35.056,35.142,35.008,35.112
1181207,1600,35.066,35.204,35.04,35.162
1181210,1600,35.118,35.292,35.042,35.264
1181211,1600,35.284,35.35,35.188,35.318
1181212,1600,35.304,35.35,35.226,35.27
1181213,1600,35.218,35.248,35.09,35.206
1181214,1600,35.072,35.302,35.07,35.302
1181217,1600,35.204,35.25,35.138,35.216
1181218,1600,35.318,35.326,35.212,35.296
1181219,1600,35.238,35.37,35.156,35.326
1181220,1600,35.19,35.48,35.07,35.428
1181221,1600,35.362,35.556,35.36,35.462
1181227,1600,35.76,36.062,35.76,35.922
1181228,1600,35.994,35.994,35.842,35.874
1190102,1600,36.1,36.474,36.002,36.396
1190103,1600,36.504,36.534,36.35,36.394
1190104,1600,36.502,36.508,36.158,36.182
1190107,1600,36.332,36.374,36.11,36.11
1190108,1600,36.066,36.148,35.97,36.1
1190109,1600,35.976,36.074,35.922,35.984
1190110,1600,36.09,36.12,35.984,36.0
1190111,1600,36.092,36.186,36.024,36.142
1190114,1600,36.22,36.36,36.154,36.154
1190115,1600,36.126,36.372,36.126,36.352
1190116,1600,36.38,36.516,36.314,36.486
1190117,1600,36.5,36.534,36.39,36.486
1190118,1600,36.422,36.422,36.14,36.32
1190121,1600,36.212,36.24,36.118,36.222
1190122,1600,36.374,36.408,36.23,36.274
1190123,1600,36.38,36.42,36.2,36.282
1190124,1600,36.184,36.37,36.174,36.37
1190125,1600,36.466,36.668,36.398,36.644
1190128,1600,36.688,36.726,36.578,36.624
1190129,1600,36.762,36.95,36.756,36.848
1190130,1600,36.974,36.998,36.89,36.926
1190131,1600,36.948,37.12,36.936,37.09
1190201,1600,37.04,37.082,36.92,36.928
1190204,1600,36.912,36.99,36.778,36.98
1190205,1600,36.954,37.098,36.904,37.048
1190206,1600,37.14,37.15,37.04,37.082
1190207,1600,36.948,37.2,36.926,37.12
1190208,1600,37.136,37.324,37.13,37.31
1190211,1600,37.256,37.362,37.092,37.328
1190212,1600,37.398,37.462,37.23,37.236
1190213,1600,37.28,37.51,37.218,37.426
1190214,1600,37.332,37.4,37.184,37.384
1190215,1600,37.508,37.7,37.488,37.548
1190218,1600,37.624,37.73,37.592,37.718
1190219,1600,37.746,38.02,37.716,37.966
1190220,1600,38.06,38.16,38.032,38.052
1190221,1600,37.978,38.0,37.702,37.77
1190222,1600,37.6,37.736,37.496,37.734
1190225,1600,37.656,37.724,37.55,37.608
1190226,1600,37.55,37.594,37.46,37.544
1190227,1600,37.48,37.518,37.314,37.338
1190228,1600,37.368,37.406,37.12,37.146
1190301,1600,37.002,37.068,36.808,36.824
1190304,1600,36.576,36.6,36.426,36.55
1190305,1600,36.456,36.578,36.428,36.54
1190306,1600,36.662,36.682,36.5,36.544
1190307,1600,36.456,36.852,36.456,36.84
1190308,1600,37.094,37.24,37.01,37.176
1190311,1600,37.072,37.09,36.946,36.996
1190312,1600,36.966,37.058,36.92,36.966
1190313,1600,37.164,37.262,37.164,37.214
1190314,1600,36.988,36.988,36.81,36.856
1190315,1600,37.006,37.054,36.942,36.992
1190318,1600,36.962,37.03,36.93,37.016
1190319,1600,36.974,37.134,36.968,37.014
1190320,1600,36.94,37.06,36.798,36.852
1190321,1600,37.172,37.22,36.958,36.958
1190322,1600,37.078,37.436,37.06,37.38
1190325,1600,37.46,37.592,37.41,37.592
1190326,1600,37.426,37.528,37.308,37.446
1190327,1600,37.536,37.632,37.414,37.458
1190328,1600,37.464,37.472,36.944,36.944
1190329,1600,36.9,37.208,36.88,37.126
1190401,1600,36.892,37.112,36.89,37.058
1190402,1600,36.954,37.134,36.932,37.118
1190403,1600,37.016,37.028,36.89,36.924
1190404,1600,36.992,37.012,36.746,36.924
1190405,1600,36.908,37.046,36.814,37.036
1190408,1600,37.156,37.234,37.038,37.058
1190409,1600,37.07,37.236,37.042,37.214
1190410,1600,37.232,37.378,37.128,37.36
1190411,1600,37.224,37.228,36.94,36.96
1190412,1600,36.856,36.856,36.682,36.738
1190415,1600,36.584,36.652,36.458,36.652
1190416,1600,36.578,36.586,36.23,36.292
1190417,1600,36.33,36.342,36.204,36.256
1190418,1600,36.188,36.488,36.176,36.444
1190423,1600,36.376,36.428,36.27,36.406
1190424,1600,36.43,36.656,36.412,36.656
1190425,1600,36.804,36.994,36.804,36.906
1190426,1600,36.978,37.1,36.826,37.1
1190429,1600,36.978,37.0,36.82,36.84
1190430,1600,36.856,36.884,36.676,36.854
1190502,1600,36.53,36.53,36.378,36.518
1190503,1600,36.644,36.842,36.55,36.796
1190506,1600,36.87,36.882,36.69,36.744
1190507,1600,36.766,36.908,36.738,36.906
1190508,1600,36.932,37.08,36.776,36.776
1190509,1600,36.846,36.976,36.76,36.79
1190510,1600,36.764,36.852,36.754,36.828
1190513,1600,36.724,37.18,36.71,37.132
1190514,1600,37.134,37.252,37.096,37.144
1190515,1600,37.13,37.4,37.13,37.184
1190516,1600,37.206,37.256,36.97,36.97
1190517,1600,37.044,37.076,36.756,36.756
1190520,1600,36.782,36.816,36.722,36.772
1190521,1600,36.762,36.812,36.618,36.716
1190522,1600,36.738,36.788,36.678,36.788
1190523,1600,36.774,37.124,36.76,37.02
1190524,1600,36.872,36.9,36.806,36.854
1190527,1600,36.934,36.976,36.912,36.934
1190528,1600,36.892,36.94,36.692,36.8
1190529,1600,36.98,37.06,36.96,37.028
1190530,1600,36.904,37.23,36.836,37.174
1190531,1600,37.37,37.584,37.328,37.524
1190603,1600,37.75,37.898,37.722,37.84
1190604,1600,37.862,37.966,37.782,37.802
1190605,1600,38.076,38.24,37.964,37.964
1190606,1600,38.196,38.3,37.994,38.066
1190607,1600,38.012,38.222,38.012,38.096
1190611,1600,37.644,37.706,37.52,37.684
1190612,1600,37.868,37.972,37.82,37.934
1190613,1600,38.068,38.22,38.018,38.22
1190614,1600,38.694,38.704,38.546,38.674
1190617,1600,38.378,38.416,38.222,38.364
1190618,1600,38.518,38.918,38.46,38.72
1190619,1600,38.66,38.66,38.5,38.562
1190620,1600,39.422,39.51,39.254,39.49
1190621,1600,39.678,39.782,39.314,39.63
1190624,1600,39.648,39.97,39.598,39.94
1190625,1600,40.372,40.54,40.224,40.33
1190626,1600,39.84,39.988,39.656,39.904
1190627,1600,39.708,39.814,39.584,39.73
1190628,1600,39.89,39.986,39.726,39.888
1190701,1600,39.32,39.618,39.248,39.55
1190702,1600,39.63,39.88,39.582,39.88
1190703,1600,40.632,40.672,40.24,40.44
1190704,1600,40.312,40.41,40.226,40.332
1190705,1600,40.37,40.426,39.802,40.114
1190708,1600,40.308,40.33,40.046,40.062
1190709,1600,40.01,40.162,39.794,40.114
1190710,1600,39.92,40.348,39.888,40.254
1190711,1600,40.588,40.632,40.286,40.328
1190712,1600,40.194,40.328,40.126,40.274
1190715,1600,40.328,40.428,40.202,40.336
1190716,1600,40.384,40.558,40.38,40.428
1190717,1600,40.354,40.782,40.156,40.762
1190718,1600,40.662,40.83,40.578,40.814
1190719,1600,41.036,41.25,40.762,40.9
1190722,1600,40.854,40.93,40.822,40.88
1190723,1600,40.728,41.182,40.712,40.948
1190724,1600,40.982,41.21,40.954,41.066
1190725,1600,41.164,41.482,40.688,40.886
1190726,1600,40.896,41.096,40.836,40.998
1190729,1600,40.998,41.118,40.93,40.994
1190730,1600,41.186,41.248,41.122,41.198
1190731,1600,41.272,41.398,41.178,41.25
1190801,1600,40.96,41.168,40.802,41.168
1190802,1600,41.598,41.902,41.514,41.83
1190805,1600,42.152,42.214,41.786,41.994
1190806,1600,41.994,42.31,41.85,42.29
1190807,1600,42.684,43.222,42.68,43.116
1190808,1600,42.944,43.116,42.728,42.93
1190809,1600,43.186,43.2,42.93,43.118
1190812,1600,42.856,43.33,42.814,43.144
1190813,1600,43.722,44.032,42.656,43.216
1190814,1600,43.142,43.834,43.082,43.734
1190815,1600,43.608,44.05,43.534,43.958
1190816,1600,43.882,44.01,43.59,43.744
1190819,1600,43.714,43.726,43.28,43.488
1190820,1600,43.49,43.766,43.49,43.588
1190821,1600,43.468,43.58,43.35,43.554
1190822,1600,43.564,43.612,43.318,43.508
1190823,1600,43.476,44.22,43.42,44.06
1190826,1600,44.262,44.454,44.136,44.288
1190827,1600,44.412,44.708,44.284,44.696
1190828,1600,44.646,44.878,44.564,44.606
1190829,1600,44.95,44.964,44.56,44.714
1190830,1600,44.55,44.816,44.358,44.74
1190902,1600,44.598,44.808,44.5,44.754
1190903,1600,44.9,45.436,44.886,45.382
1190904,1600,45.036,45.202,44.792,45.106
1190905,1600,45.186,45.186,43.79,44.224
1190906,1600,43.944,44.428,43.802,44.268
1190909,1600,43.972,44.138,43.55,43.63
1190910,1600,43.39,43.69,43.268,43.562
1190911,1600,43.444,43.744,43.39,43.712
1190912,1600,43.802,44.754,43.724,43.86
1190913,1600,43.584,43.748,43.31,43.346
1190916,1600,43.68,43.99,43.586,43.902
1190917,1600,43.708,43.9,43.658,43.75
1190918,1600,43.686,43.9,43.65,43.9
1190919,1600,43.596,43.72,43.488,43.59
1190920,1600,43.736,43.938,43.728,43.924
1190923,1600,44.178,44.656,44.16,44.556
1190924,1600,44.49,44.628,44.34,44.628
1190925,1600,44.708,44.826,44.45,44.488
1190926,1600,44.274,44.474,44.1,44.41
1190927,1600,44.158,44.186,43.76,43.82
1190930,1600,43.848,43.91,43.304,43.304
1191001,1600,43.278,43.714,43.052,43.658
1191002,1600,43.496,44.102,43.496,44.102
1191004,1600,44.22,44.276,43.886,44.07
1191007,1600,44.106,44.132,43.766,43.902
1191008,1600,43.692,44.198,43.68,44.164
1191009,1600,44.272,44.272,43.856,44.154
1191010,1600,44.028,44.12,43.584,43.682
1191011,1600,43.794,43.9,42.888,43.064
1191014,1600,43.402,43.65,43.316,43.536
1191015,1600,43.41,43.74,43.06,43.19
1191016,1600,43.134,43.436,43.02,43.252
1191017,1600,43.322,43.322,42.872,43.204
1191018,1600,43.064,43.1,42.9,43.056
1191021,1600,43.008,43.088,42.812,42.848
1191022,1600,42.916,43.0,42.838,42.838
1191023,1600,43.128,43.262,43.11,43.204
1191024,1600,43.06,43.542,42.9,43.47
1191025,1600,43.582,43.95,43.494,43.73
1191028,1600,43.61,43.712,43.21,43.238
1191029,1600,43.354,43.386,43.0,43.0
1191030,1600,43.06,43.25,43.06,43.208
1191031,1600,43.22,43.754,43.192,43.608
1191101,1600,43.568,43.66,43.466,43.508
1191104,1600,43.588,43.664,43.44,43.44
1191105,1600,43.506,43.608,43.066,43.066
1191106,1600,43.12,43.25,43.058,43.24
1191107,1600,43.166,43.256,42.67,42.67
1191108,1600,42.818,42.856,42.39,42.8
1191111,1600,42.682,42.756,42.214,42.404
1191112,1600,42.34,42.5,42.27,42.416
1191113,1600,42.67,42.868,42.622,42.768
1191114,1600,42.832,43.078,42.822,42.978
1191115,1600,42.742,42.808,42.652,42.692
1191118,1600,42.556,42.788,42.354,42.722
1191119,1600,42.704,42.778,42.562,42.756
1191120,1600,42.93,43.0,42.6,42.654
1191121,1600,42.746,42.796,42.5,42.652
1191122,1600,42.662,42.828,42.39,42.726
1191125,1600,42.502,42.64,42.476,42.58
1191126,1600,42.508,42.654,42.38,42.618
1191127,1600,42.636,42.674,42.5,42.528
1191128,1600,42.55,42.592,42.51,42.542
1191129,1600,42.596,42.746,42.522,42.746
1191202,1600,42.524,42.668,42.416,42.486
1191203,1600,42.458,42.996,42.44,42.942
1191204,1600,43.062,43.11,42.674,42.74
1191205,1600,42.8,42.854,42.702,42.842
1191206,1600,42.65,42.9,42.41,42.46
1191209,1600,42.46,42.54,42.44,42.448
1191210,1600,42.512,42.614,42.408,42.422
1191211,1600,42.5,42.69,42.472,42.67
1191212,1600,42.568,42.906,42.336,42.46
1191213,1600,42.344,42.674,42.22,42.66
1191216,1600,42.638,42.684,42.532,42.564
1191217,1600,42.618,42.734,42.52,42.572
1191218,1600,42.698,42.752,42.544,42.662
1191219,1600,42.672,42.74,42.556,42.724
1191220,1600,42.752,42.95,42.706,42.884
1191223,1600,43.04,43.164,43.002,43.002
1191227,1600,43.588,43.706,43.486,43.582
1191230,1600,43.484,43.58,43.38,43.496
1200102,1600,43.606,44.072,43.566,43.938
1200103,1600,44.488,44.846,44.46,44.59
1200106,1600,45.29,45.394,44.876,44.902
1200107,1600,45.164,45.35,44.956,45.324
1200108,1600,45.782,45.816,45.236,45.348
1200109,1600,44.75,45.024,44.694,44.876
1200110,1600,44.902,45.126,44.8,45.126
1200113,1600,44.876,44.976,44.672,44.802
1200114,1600,44.524,44.72,44.514,44.58
1200115,1600,44.868,44.9,44.65,44.688
1200116,1600,44.8,44.88,44.722,44.796
1200117,1600,44.93,45.18,44.874,45.154
1200120,1600,45.248,45.312,45.202,45.298
1200121,1600,45.236,45.264,44.766,45.132
1200122,1600,45.112,45.298,45.1,45.158
1200123,1600,45.07,45.634,45.02,45.604
1200124,1600,45.394,45.906,45.326,45.882
1200127,1600,46.0,46.282,45.95,46.164
1200128,1600,46.042,46.176,45.828,45.828
1200129,1600,45.864,46.012,45.8,45.912
1200130,1600,46.178,46.258,45.912,46.15
1200131,1600,45.994,46.172,45.94,46.046
1200203,1600,45.77,45.998,45.738,45.88
1200204,1600,45.762,45.762,45.204,45.246
1200205,1600,45.48,45.588,45.152,45.588
1200206,1600,45.534,45.862,45.534,45.808
1200207,1600,45.946,46.16,45.808,45.984
1200210,1600,46.188,46.416,46.15,46.416
1200211,1600,46.198,46.436,46.042,46.092
1200212,1600,46.1,46.304,45.996,46.304
1200213,1600,46.56,46.814,46.492,46.706
1200214,1600,46.74,46.978,46.722,46.926
1200217,1600,46.894,46.988,46.842,46.964
1200218,1600,47.134,47.73,47.11,47.66
1200219,1600,47.828,48.038,47.76,47.828
1200220,1600,47.918,48.364,47.904,48.35
1200221,1600,48.688,48.916,48.482,48.576
1200224,1600,49.792,50.21,49.444,49.526
1200225,1600,48.64,49.136,47.036,48.71
1200226,1600,48.654,48.85,48.126,48.394
1200227,1600,48.546,48.546,48.132,48.41
1200228,1600,47.596,47.84,46.05,46.402
1200302,1600,46.498,46.794,45.908,45.964
1200303,1600,46.11,47.372,46.096,47.156
1200304,1600,47.14,47.67,47.052,47.454
1200305,1600,47.35,47.768,47.298,47.71
1200306,1600,47.866,48.1,46.752,47.36
1200309,1600,47.236,47.44,46.752,46.798
1200310,1600,47.038,47.146,46.652,46.964
1200311,1600,47.19,47.378,46.9,47.018
1200312,1600,46.65,47.092,45.206,45.658
1200313,1600,45.764,46.212,44.0,44.0
1200316,1600,44.004,44.242,41.742,43.508
1200317,1600,42.82,45.44,42.46,44.858
1200318,1600,44.162,44.672,42.612,44.15
1200319,1600,43.95,44.478,43.48,44.0
1200320,1600,45.064,45.4,44.514,44.784
1200323,1600,44.94,46.398,44.7,46.23
1200324,1600,46.942,49.0,46.79,49.0
1200325,1600,47.752,48.512,47.3,48.158
1200326,1600,47.44,48.452,47.226,47.57
1200327,1600,47.56,48.092,47.2,47.2
1200330,1600,47.2,47.562,47.052,47.308
1200331,1600,47.318,47.498,46.902,47.15
1200401,1600,46.646,47.096,46.35,46.698
1200402,1600,46.794,47.896,46.734,47.774
1200403,1600,47.8,48.46,47.8,48.214
1200406,1600,48.462,49.3,48.304,48.98
1200407,1600,49.282,49.388,48.364,48.892
1200408,1600,48.938,49.152,48.6,48.922
1200409,1600,49.064,49.6,48.988,49.348
1200414,1600,50.305,51.22,50.305,50.91
1200415,1600,50.44,51.1,50.22,50.555
1200416,1600,50.99,51.39,50.79,51.205
1200417,1600,50.52,50.58,49.76,50.12
1200420,1600,49.82,50.17,49.418,50.11
1200421,1600,50.315,50.43,49.004,49.546
1200422,1600,49.962,50.91,49.954,50.87
1200423,1600,51.0,51.755,50.93,51.485
1200424,1600,51.81,51.9,51.0,51.22
1200427,1600,51.0,51.275,50.645,50.835
1200428,1600,50.71,50.745,50.25,50.645
1200429,1600,50.695,50.825,50.3,50.56
1200430,1600,50.825,50.94,50.06,50.11
1200504,1600,50.145,50.46,49.84,50.27
1200505,1600,50.215,50.56,50.0,50.5
1200506,1600,50.75,50.94,50.15,50.36
1200507,1600,50.315,50.82,50.25,50.75
1200508,1600,50.94,51.2,50.64,50.8
1200511,1600,50.65,50.835,50.3,50.515
1200512,1600,50.545,50.79,50.31,50.545
1200513,1600,50.56,51.0,50.435,50.9
1200514,1600,51.15,51.66,50.995,51.585
1200515,1600,51.72,51.97,51.47,51.955
1200518,1600,52.25,52.625,51.05,51.365
1200519,1600,50.805,51.4,50.74,51.22
1200520,1600,51.49,51.6,51.01,51.14
1200521,1600,50.95,51.02,50.405,50.615
1200522,1600,51.115,51.425,50.945,51.105
1200525,1600,50.945,51.23,50.8,51.14
1200526,1600,51.025,51.025,50.01,50.28
1200527,1600,50.04,50.21,49.52,49.882
1200528,1600,50.145,50.465,50.075,50.08
1200529,1600,49.852,50.24,49.718,50.13
1200602,1600,50.275,50.275,49.83,49.844
1200603,1600,49.5,49.594,48.368,48.634
1200604,1600,48.898,49.22,48.4,48.722
1200605,1600,48.312,48.61,47.51,47.758
1200608,1600,48.202,48.418,47.976,48.176
1200609,1600,48.42,48.906,48.42,48.65
1200610,1600,48.674,48.888,48.606,48.65
1200611,1600,49.112,49.33,48.76,49.254
1200612,1600,49.284,49.75,49.194,49.562
1200615,1600,49.346,49.358,48.654,49.148
1200616,1600,48.936,49.502,48.9,49.324
1200617,1600,49.26,49.532,49.0,49.476
1200618,1600,49.362,49.694,49.2,49.41
1200619,1600,49.64,50.135,49.556,50.01
1200622,1600,50.25,50.43,50.02,50.25
1200623,1600,49.898,50.2,49.816,50.16
1200624,1600,50.305,50.72,50.285,50.4
1200625,1600,50.53,50.66,50.35,50.465
1200626,1600,50.535,50.65,50.16,50.63
1200629,1600,50.61,50.75,50.35,50.675
1200630,1600,50.855,51.1,50.67,51.015
1200701,1600,51.31,51.365,50.26,50.34
1200702,1600,50.495,50.915,50.13,50.88
1200703,1600,50.815,50.93,50.745,50.785
1200706,1600,50.64,50.77,50.51,50.755
1200707,1600,50.785,51.2,50.59,51.06
1200708,1600,51.235,51.6,51.085,51.42
1200709,1600,51.32,51.58,51.17,51.29
1200710,1600,51.31,51.62,51.14,51.14
1200713,1600,51.3,51.51,51.04,51.34
1200714,1600,51.07,51.13,50.55,51.045
1200715,1600,50.95,51.03,50.7,50.97
1200716,1600,50.95,51.03,50.79,50.795
1200717,1600,50.835,50.95,50.75,50.945
1200720,1600,50.86,51.2,50.78,51.045
1200721,1600,51.175,51.77,51.125,51.49
1200722,1600,51.85,51.87,51.33,51.735
1200723,1600,51.98,52.59,51.98,52.55
1200724,1600,52.32,52.815,52.32,52.5
1200727,1600,53.11,53.385,52.85,52.915
1200728,1600,53.11,53.61,52.36,53.575
1200729,1600,53.61,53.71,53.15,53.47
1200730,1600,53.41,53.55,52.77,53.075
1200731,1600,53.315,53.73,53.2,53.73
1200803,1600,53.93,54.11,53.735,53.95
1200804,1600,53.875,54.54,53.73,54.54
1200805,1600,55.17,55.57,55.075,55.255
1200806,1600,55.43,56.22,55.33,55.715
1200807,1600,55.955,56.1,55.295,55.33
1200810,1600,55.38,55.93,55.38,55.58
1200811,1600,54.835,54.945,52.8,53.085
1200812,1600,52.5,53.315,52.45,52.87
1200813,1600,52.545,52.99,52.2,52.945
1200814,1600,52.88,53.185,52.8,52.81
1200817,1600,52.95,53.955,52.865,53.78
1200818,1600,54.06,54.345,53.14,53.845
1200819,1600,53.485,53.795,52.83,53.005
1200820,1600,52.785,52.865,52.265,52.865
1200821,1600,52.715,53.105,52.25,52.895
1200824,1600,52.665,53.155,52.45,52.68
1200825,1600,52.605,52.68,52.07,52.195
1200826,1600,52.14,52.9,51.92,52.875
1200827,1600,52.75,53.465,52.175,52.34
1200828,1600,52.72,53.24,52.525,53.24
1200831,1600,53.06,53.165,52.795,52.955
1200901,1600,53.38,53.47,52.955,53.155
1200902,1600,53.14,53.49,52.68,52.805
1200903,1600,52.585,52.81,52.33,52.33
1200904,1600,52.585,52.86,52.145,52.39
1200907,1600,52.47,52.57,52.33,52.49
1200908,1600,52.595,52.64,52.05,52.55
1200909,1600,52.66,53.0,52.545,52.925
1200910,1600,52.86,53.11,52.8,53.03
1200911,1600,52.81,53.04,52.68,52.98
1200914,1600,52.835,53.1,52.55,53.085
1200915,1600,53.125,53.35,52.89,52.99
1200916,1600,53.235,53.515,53.15,53.495
1200917,1600,53.135,53.135,52.7,52.93
1200918,1600,52.97,53.09,52.88,52.935
1200921,1600,52.945,53.05,51.56,51.905
1200922,1600,52.225,52.53,51.99,52.235
1200923,1600,51.76,52.03,51.34,51.44
1200924,1600,51.225,51.54,51.06,51.52
1200925,1600,51.6,51.71,51.2,51.505
1200928,1600,51.48,51.68,51.08,51.665
1200929,1600,51.885,51.94,51.63,51.845
1200930,1600,51.77,52.13,51.67,52.015
1201001,1600,51.98,52.315,51.895,52.305
1201002,1600,52.465,52.52,52.12,52.33
1201005,1600,51.915,52.33,51.76,52.3
1201006,1600,52.155,52.38,52.09,52.15
1201007,1600,51.845,51.92,51.375,51.6
1201008,1600,51.725,52.015,51.63,51.695
1201009,1600,52.145,52.51,52.13,52.415
1201012,1600,52.445,52.525,52.3,52.345
1201013,1600,52.27,52.49,51.68,51.89
1201014,1600,51.98,52.335,51.92,52.24
1201015,1600,52.02,52.36,51.95,52.32
1201016,1600,52.34,52.575,52.12,52.13
1201019,1600,52.4,52.475,51.995,52.05
1201020,1600,51.98,52.01,51.645,51.965
1201021,1600,52.04,52.305,51.98,52.18
1201022,1600,52.03,52.15,51.545,51.71
1201023,1600,51.995,52.01,51.485,51.545
1201026,1600,51.6,51.905,51.57,51.825
1201027,1600,51.8,51.96,51.675,51.85
1201028,1600,52.11,52.125,51.21,51.51
1201029,1600,51.52,51.64,51.13,51.535
1201030,1600,51.565,51.98,51.48,51.875
1201102,1600,52.14,52.34,52.0,52.285
1201103,1600,52.06,52.39,52.06,52.25
1201104,1600,52.16,52.44,51.88,52.18
1201105,1600,52.295,53.07,52.17,52.895
1201106,1600,52.93,53.08,52.6,52.81
1201109,1600,52.965,53.12,50.33,50.47
1201110,1600,51.355,51.395,50.965,51.25
1201111,1600,51.105,51.35,50.78,50.925
1201112,1600,51.0,51.3,50.8,51.125
1201113,1600,51.17,51.57,51.05,51.435
1201116,1600,51.31,51.44,50.68,51.415
1201117,1600,51.185,51.28,51.03,51.13
1201118,1600,50.94,51.06,50.5,50.955
1201119,1600,50.54,50.68,50.345,50.495
1201120,1600,50.56,50.9,50.48,50.78
1201123,1600,50.73,50.78,49.774,49.854
1201124,1600,49.572,49.6,48.74,48.842
1201125,1600,48.87,49.05,48.832,48.884
1201126,1600,48.908,49.052,48.812,48.894
1201127,1600,48.758,48.806,47.774,48.062
1201130,1600,47.798,47.912,47.326,47.898
1201201,1600,48.108,48.662,48.038,48.324
1201202,1600,48.362,48.87,48.29,48.61
1201203,1600,48.78,48.88,48.25,48.42
1201204,1600,48.636,48.856,48.426,48.548
1201207,1600,48.778,49.486,48.49,49.394
1201208,1600,49.554,49.7,49.342,49.612
1201209,1600,49.302,49.438,48.84,49.18
1201210,1600,48.836,49.0,48.6,48.706
1201211,1600,48.64,49.002,48.426,48.92
1201214,1600,48.55,48.574,48.07,48.346
1201215,1600,48.786,49.116,48.7,48.872
1201216,1600,49.058,49.2,48.77,48.95
1201217,1600,49.236,49.742,49.23,49.536
1201218,1600,49.394,49.612,49.254,49.506
1201221,1600,49.956,50.08,49.086,49.49
1201222,1600,49.216,49.456,49.106,49.282
1201223,1600,49.256,49.456,49.0,49.372
1201228,1600,49.568,49.84,49.3,49.458
1201229,1600,49.39,49.504,49.156,49.454
1201230,1600,49.28,49.332,49.162,49.174
1210104,1600,50.465,50.96,50.385,50.85
1210105,1600,50.93,51.215,50.83,50.98
1210106,1600,50.885,51.09,49.84,49.93
1210107,1600,50.175,50.43,50.05,50.14
1210108,1600,49.83,49.896,48.67,48.896
1210111,1600,48.838,48.994,48.468,48.84
1210112,1600,49.21,49.31,48.666,48.788
1210113,1600,48.962,49.2,48.804,49.152
1210114,1600,48.776,49.12,48.592,48.918
1210115,1600,49.114,49.198,48.51,48.628
1210118,1600,48.942,48.99,48.798,48.94
1210119,1600,49.0,49.0,48.63,48.826
1210120,1600,49.094,49.636,48.7,49.538
1210121,1600,49.598,49.636,49.17,49.352
1210122,1600,49.242,49.242,48.58,48.988
1210125,1600,48.956,49.41,48.874,49.1
1210126,1600,49.15,49.224,48.912,49.04
1210127,1600,49.026,49.21,48.792,49.118
1210128,1600,48.816,49.392,48.794,49.202
1210129,1600,49.062,49.618,48.96,49.22
1210201,1600,49.404,49.748,49.38,49.542
1210202,1600,49.226,49.446,48.86,49.122
1210203,1600,49.074,49.298,48.99,49.188
1210204,1600,48.872,48.892,47.932,47.998
1210205,1600,48.334,48.634,48.1,48.376
1210208,1600,48.476,49.12,48.3,49.024
1210209,1600,49.044,49.098,48.748,48.87
1210210,1600,48.946,49.188,48.652,48.736
1210211,1600,48.906,48.964,48.688,48.708
1210212,1600,48.232,48.548,48.136,48.46
1210215,1600,48.186,48.394,48.124,48.244
1210216,1600,48.28,48.33,47.5,47.884
1210217,1600,47.618,47.788,47.326,47.41
1210218,1600,47.522,47.672,47.124,47.31
1210219,1600,47.128,47.48,46.826,47.34
1210222,1600,47.622,47.952,47.48,47.93
1210223,1600,47.772,48.0,47.592,47.788
1210224,1600,47.804,47.844,47.25,47.65
1210225,1600,47.242,47.272,46.544,46.764
1210226,1600,46.582,46.852,45.68,45.756
1210301,1600,46.632,46.744,46.2,46.308
1210302,1600,46.016,46.374,45.912,46.072
1210303,1600,46.08,46.098,45.37,45.884
1210304,1600,45.826,46.032,45.612,45.812
1210305,1600,45.628,45.918,45.556,45.768
1210308,1600,45.908,45.978,45.51,45.56
1210309,1600,45.892,46.49,45.882,46.398
1210310,1600,46.37,46.524,46.2,46.428
1210311,1600,46.792,46.804,46.296,46.31
1210312,1600,45.994,46.106,45.828,46.106
1210315,1600,46.502,46.792,46.474,46.596
1210316,1600,46.68,47.036,46.594,46.75
1210317,1600,46.912,46.946,46.584,46.706
1210318,1600,46.808,46.836,46.416,46.768
1210319,1600,46.912,47.108,46.87,46.998
1210322,1600,46.794,46.894,46.66,46.86
1210323,1600,46.948,47.154,46.752,46.834
1210324,1600,47.054,47.216,46.994,47.19
1210325,1600,47.218,47.514,47.044,47.296
1210326,1600,47.142,47.334,47.004,47.246
1210329,1600,47.098,47.21,46.606,46.748
1210330,1600,46.62,46.67,46.016,46.158
1210331,1600,46.218,46.74,46.092,46.694
1210401,1600,47.042,47.324,46.888,47.254
1210406,1600,47.184,47.394,47.1,47.358
1210407,1600,47.154,47.172,46.864,47.072
1210408,1600,47.186,47.514,47.146,47.414
1210409,1600,47.274,47.294,46.9,47.168
1210412,1600,47.12,47.146,46.704,46.794
1210413,1600,46.64,47.098,46.606,46.97
1210414,1600,46.936,46.946,46.574,46.586
1210415,1600,46.87,47.506,46.816,47.506
1210416,1600,47.396,47.878,47.284,47.726
1210419,1600,47.774,47.88,47.274,47.414
1210420,1600,47.168,47.482,47.034,47.46
1210421,1600,47.808,48.12,47.6,47.94
1210422,1600,47.86,47.906,47.5,47.688
1210423,1600,47.716,47.822,47.246,47.36
1210426,1600,47.246,47.41,47.09,47.346
1210427,1600,47.46,47.508,47.348,47.368
1210428,1600,47.152,47.266,46.992,47.172
1210429,1600,47.196,47.29,46.68,46.95
1210430,1600,47.046,47.34,46.988,47.236
1210503,1600,47.56,47.886,47.38,47.762
1210504,1600,47.756,48.12,47.574,47.734
1210505,1600,47.63,47.834,47.48,47.774
1210506,1600,47.998,48.504,47.79,48.424
1210507,1600,48.516,48.82,48.402,48.534
1210510,1600,48.522,48.756,48.49,48.624
1210511,1600,48.624,48.712,48.116,48.418
1210512,1600,48.642,48.814,48.51,48.518
1210513,1600,48.43,48.648,48.262,48.624
1210514,1600,48.722,48.788,48.61,48.726
1210517,1600,49.094,49.398,48.852,49.39
1210518,1600,49.35,49.354,49.078,49.204
1210519,1600,49.194,49.696,48.842,49.602
1210520,1600,49.414,49.514,49.226,49.464
1210521,1600,49.27,49.806,49.25,49.518
1210525,1600,49.512,49.77,49.344,49.732
1210526,1600,50.01,50.3,49.934,50.14
1210527,1600,50.095,50.11,49.794,49.908
1210528,1600,49.87,50.265,49.814,49.934
1210531,1600,50.25,50.305,50.08,50.12
1210601,1600,50.325,50.325,49.674,49.868
1210602,1600,49.984,50.305,49.96,50.145
1210603,1600,50.065,50.09,49.4,49.566
1210604,1600,49.71,50.085,49.6,50.035
1210607,1600,49.87,49.968,49.786,49.93
1210608,1600,50.075,50.24,49.74,49.978
1210609,1600,49.94,50.0,49.8,49.93
1210610,1600,49.82,50.04,49.454,50.025
1210611,1600,50.18,50.22,49.868,49.906
1210614,1600,49.77,49.77,48.888,49.46
1210615,1600,49.492,49.586,49.276,49.342
1210616,1600,49.348,49.364,49.18,49.342
1210617,1600,48.704,48.73,47.75,47.816
1210618,1600,48.24,48.484,47.974,48.21
1210621,1600,48.178,48.286,47.868,48.158
1210622,1600,48.126,48.318,47.942,47.994
1210623,1600,48.068,48.322,47.902,48.1
1210624,1600,47.876,48.178,47.838,47.972
1210625,1600,47.938,48.118,47.938,47.948
1210628,1600,48.056,48.1,47.81,47.972
1210629,1600,47.93,48.024,47.362,47.592
1210630,1600,47.546,47.928,47.386,47.92
1210701,1600,48.198,48.27,47.982,48.034
1210702,1600,48.252,48.688,48.238,48.386
1210705,1600,48.512,48.61,48.474,48.55
1210706,1600,48.842,49.264,48.836,49.04
1210707,1600,49.046,49.268,49.02,49.098
1210708,1600,49.012,49.416,48.72,48.812
1210709,1600,48.888,49.106,48.764,49.064
1210712,1600,48.8,48.962,48.56,48.93
1210713,1600,49.12,49.462,49.034,49.36
1210714,1600,49.426,49.792,49.38,49.562
1210715,1600,49.79,49.84,49.554,49.672
1210716,1600,49.69,49.748,49.32,49.33
1210719,1600,49.206,49.464,49.058,49.248
1210720,1600,49.558,49.884,49.392,49.412
1210721,1600,49.536,49.562,49.098,49.202
1210722,1600,49.156,49.356,48.878,49.356
1210723,1600,49.388,49.434,48.974,49.236
1210726,1600,49.358,49.456,48.894,49.01
1210727,1600,48.986,49.168,48.84,48.992
1210728,1600,49.162,49.184,48.898,49.05
1210729,1600,49.322,49.53,49.206,49.53
1210730,1600,49.468,49.544,49.33,49.418
1210802,1600,48.956,49.166,48.87,49.158
1210803,1600,49.016,49.172,48.93,49.102
1210804,1600,49.132,49.526,49.1,49.128
1210805,1600,49.174,49.25,48.85,48.994
1210806,1600,48.95,49.08,48.11,48.162
1210809,1600,47.75,47.912,47.284,47.334
1210810,1600,47.548,47.596,47.17,47.412
1210811,1600,47.542,48.0,47.516,47.938
1210812,1600,48.026,48.162,47.798,47.968
1210813,1600,48.202,48.446,48.038,48.444
1210816,1600,48.416,48.82,48.384,48.734
1210817,1600,48.978,49.11,48.858,48.916
1210818,1600,49.174,49.184,48.866,48.956
1210819,1600,49.032,49.266,48.882,49.028
1210820,1600,49.21,49.238,48.986,49.11
1210823,1600,49.044,49.482,48.95,49.456
1210824,1600,49.386,49.51,49.336,49.454
1210825,1600,49.166,49.258,48.816,48.886
1210826,1600,48.814,49.15,48.742,49.08
1210827,1600,49.278,49.336,48.974,49.336
1210830,1600,49.458,49.554,49.334,49.334
1210831,1600,49.356,49.404,49.036,49.268
1210901,1600,49.452,49.456,49.106,49.242
1210902,1600,49.27,49.32,48.99,49.114
1210903,1600,49.116,49.626,49.05,49.542
1210906,1600,49.508,49.522,49.36,49.41
1210907,1600,49.272,49.304,48.684,48.764
1210908,1600,48.814,49.0,48.586,48.774
1210909,1600,48.682,48.952,48.612,48.728
1210910,1600,48.986,48.986,48.68,48.774
1210913,1600,48.798,49.0,48.744,48.828
1210914,1600,48.762,49.192,48.5,49.126
1210915,1600,49.034,49.116,48.77,48.804
1210916,1600,48.686,48.762,47.8,47.992
1210917,1600,48.138,48.28,47.85,48.072
1210920,1600,48.108,48.464,48.1,48.312
1210921,1600,48.288,48.898,48.2,48.89
1210922,1600,48.768,48.802,48.594,48.728
1210923,1600,48.426,48.748,47.85,47.904
1210924,1600,48.054,48.148,47.79,48.102
1210927,1600,48.264,48.316,47.968,48.156
1210928,1600,47.926,48.012,47.6,47.864
1210929,1600,47.972,48.144,47.76,47.95
1210930,1600,47.894,48.91,47.884,48.822
1211001,1600,48.736,48.894,48.5,48.79
1211004,1600,48.694,48.95,48.332,48.824
1211005,1600,48.67,48.806,48.54,48.758
1211006,1600,48.638,49.08,48.55,49.016
1211007,1600,48.986,49.116,48.772,48.862
1211008,1600,48.946,49.49,48.79,48.812
1211011,1600,48.702,48.86,48.662,48.84
1211012,1600,49.0,49.278,48.84,49.028
1211013,1600,49.088,49.88,48.98,49.828
1211014,1600,49.714,49.89,49.614,49.864
1211015,1600,49.608,49.608,48.94,49.116
1211018,1600,48.992,49.096,48.85,49.004
1211019,1600,49.106,49.252,48.9,48.946
1211020,1600,49.09,49.402,49.06,49.254
1211021,1600,49.182,49.364,49.07,49.144
1211022,1600,49.528,50.025,49.442,49.566
1211025,1600,49.616,50.1,49.53,50.045
1211026,1600,49.982,49.984,49.39,49.614
1211027,1600,49.574,49.752,49.432,49.732
1211028,1600,49.952,50.14,49.396,49.64
1211029,1600,49.464,49.644,49.034,49.464
1211101,1600,49.57,49.914,49.506,49.734
1211102,1600,49.69,49.822,49.578,49.642
1211103,1600,49.476,49.572,48.872,48.968
1211104,1600,49.338,50.085,49.322,49.932
1211105,1600,50.005,50.505,49.848,50.415
1211108,1600,50.545,50.72,50.365,50.59
1211109,1600,50.52,50.81,50.495,50.715
1211110,1600,50.72,51.93,50.67,51.845
1211111,1600,52.075,52.355,52.06,52.21
1211112,1600,52.17,52.415,51.86,52.325
1211115,1600,52.275,52.54,52.22,52.475
1211116,1600,52.705,53.09,52.575,52.605
1211117,1600,52.81,53.11,52.77,52.995
1211118,1600,53.03,53.03,52.64,52.7
1211119,1600,52.685,53.185,52.595,52.77
1211122,1600,52.635,52.71,51.82,51.82
1211123,1600,51.71,51.725,50.875,50.905
1211124,1600,51.27,51.45,51.08,51.445
1211125,1600,51.425,51.455,51.27,51.305
1211126,1600,51.735,51.735,51.05,51.05
1211129,1600,51.245,51.325,50.9,50.935
1211130,1600,50.865,51.13,50.565,50.565
1211201,1600,50.52,50.825,50.5,50.69
1211202,1600,50.475,50.505,50.005,50.205
1211203,1600,50.395,50.64,50.3,50.565
1211206,1600,50.815,50.815,50.58,50.75
1211207,1600,50.79,51.065,50.74,51.06
1211208,1600,50.97,51.055,50.515,50.565
1211209,1600,50.705,50.745,50.425,50.625
1211210,1600,50.49,50.915,50.41,50.765
1211213,1600,50.86,51.05,50.79,50.93
1211214,1600,50.875,50.92,50.27,50.57
1211215,1600,50.465,50.605,50.39,50.435
1211216,1600,50.765,51.145,50.57,51.11
1211217,1600,51.385,51.525,51.245,51.405
1211220,1600,51.385,51.42,50.98,51.055
1211221,1600,51.07,51.235,50.895,50.925
1211222,1600,50.995,51.05,50.86,50.98
1211223,1600,51.275,51.435,51.165,51.345
1211227,1600,51.32,51.545,51.25,51.44
1211228,1600,51.53,51.66,51.43,51.43
1211229,1600,51.325,51.435,50.835,51.105
1211230,1600,51.135,51.3,51.12,51.155
1220103,1600,51.73,51.76,51.17,51.24
1220104,1600,51.42,51.655,51.315,51.655
1220105,1600,51.65,51.92,51.63,51.76
1220106,1600,51.315,51.315,50.775,50.935
1220107,1600,50.895,51.05,50.68,50.76
1220110,1600,50.9,51.33,50.89,50.975
1220111,1600,51.31,51.405,51.18,51.39
1220112,1600,51.455,51.5,51.25,51.325
1220113,1600,51.215,51.235,50.85,50.95
1220114,1600,51.24,51.36,51.075,51.245
1220117,1600,51.275,51.38,51.245,51.25
1220118,1600,51.205,51.585,51.02,51.415
1220119,1600,51.42,52.15,51.4,52.12
1220120,1600,52.065,52.385,52.02,52.175
1220121,1600,52.175,52.23,51.84,51.995
1220124,1600,52.23,52.41,52.015,52.115
1220125,1600,52.345,52.805,52.29,52.64
1220126,1600,52.545,52.705,52.165,52.23
1220127,1600,52.05,52.24,51.675,51.735
1220128,1600,51.83,51.845,51.35,51.42
1220131,1600,51.515,51.71,51.43,51.505
1220201,1600,51.48,51.695,51.4,51.695
1220202,1600,51.22,51.535,51.19,51.465
1220203,1600,51.36,51.48,50.5,50.795
1220204,1600,50.76,50.935,50.42,50.705
1220207,1600,50.965,51.14,50.875,51.105
1220208,1600,51.27,51.545,51.14,51.475
1220209,1600,51.47,51.535,51.33,51.455
1220210,1600,51.57,51.79,51.4,51.485
1220211,1600,51.6,51.83,51.515,51.76
1220214,1600,52.585,53.275,52.52,52.88
1220215,1600,53.335,53.375,52.27,52.385
1220216,1600,52.46,52.73,52.325,52.72
1220217,1600,52.995,53.69,52.995,53.605
1220218,1600,53.52,53.88,53.345,53.69
1220221,1600,53.485,53.885,53.445,53.79
1220222,1600,54.325,54.41,53.595,53.91
1220223,1600,53.77,54.245,53.565,54.2
1220224,1600,55.495,56.86,55.29,55.405
1220225,1600,54.915,55.12,53.84,53.89
1220228,1600,54.56,55.02,54.35,54.41
1220301,1600,54.685,55.875,54.675,55.875
1220302,1600,56.31,56.385,55.5,55.5
1220303,1600,56.025,56.25,55.8,56.125
1220304,1600,56.58,57.87,56.485,57.785
1220307,1600,58.84,59.555,57.78,58.585
1220308,1600,59.72,61.13,58.93,60.79
1220309,1600,60.2,60.305,57.53,57.98
1220310,1600,57.61,58.64,57.33,58.14
1220311,1600,58.235,58.445,57.215,58.29
1220314,1600,57.975,58.015,57.175,57.31
1220315,1600,56.33,56.6,55.82,56.445
1220316,1600,56.125,56.3,55.48,55.715
1220317,1600,56.32,56.7,56.175,56.205
1220318,1600,56.17,56.57,55.94,55.94
1220321,1600,55.97,56.46,55.88,56.39
1220322,1600,56.585,56.59,55.68,56.105
1220323,1600,56.09,56.78,56.065,56.515
1220324,1600,56.955,57.535,56.73,57.445
1220325,1600,57.075,57.335,56.75,57.275
1220328,1600,56.855,57.07,56.365,56.77
1220329,1600,56.215,56.235,54.65,55.365
1220330,1600,55.61,55.81,55.24,55.735
1220331,1600,55.46,56.35,55.46,56.34
1220401,1600,56.115,56.375,55.94,56.18
1220404,1600,56.195,56.695,56.17,56.515
1220405,1600,56.6,57.02,56.4,56.745
1220406,1600,56.645,56.945,56.545,56.855
1220407,1600,56.75,57.1,56.7,57.0
1220408,1600,57.185,57.77,57.085,57.54
1220411,1600,57.41,58.13,57.34,57.7
1220412,1600,58.02,58.51,57.685,58.465
1220413,1600,58.495,58.9,58.4,58.555
1220414,1600,58.18,58.88,57.95,58.545
1220419,1600,58.935,59.04,58.11,58.245
1220420,1600,57.795,58.02,57.64,57.865
1220421,1600,57.62,57.74,57.2,57.53
1220422,1600,58.045,58.15,57.345,57.545
1220425,1600,57.5,57.6,56.645,56.885
1220426,1600,57.17,57.63,57.035,57.435
1220427,1600,57.48,57.93,57.155,57.49
1220428,1600,57.5,57.92,57.35,57.73
1220429,1600,58.315,58.52,57.99,58.175
1220502,1600,57.445,57.565,56.665,57.055
1220503,1600,56.875,57.29,56.49,57.15
1220504,1600,57.015,57.24,56.81,56.89
1220505,1600,57.505,58.16,57.365,57.615
1220506,1600,57.475,57.52,57.03,57.43
1220509,1600,57.295,57.31,56.67,56.77
1220510,1600,56.695,56.785,56.315,56.315
1220511,1600,56.23,56.515,56.13,56.455
1220512,1600,56.665,57.11,56.605,56.75
1220513,1600,56.385,56.515,55.825,55.955
1220516,1600,55.86,56.1,55.18,56.0
1220517,1600,56.155,56.17,55.48,55.59
1220518,1600,55.39,55.68,55.22,55.68
1220519,1600,55.675,56.17,55.525,56.105
1220520,1600,56.205,56.28,55.835,56.165
1220523,1600,56.185,56.34,55.735,55.785
1220524,1600,55.63,56.03,55.615,55.965
1220525,1600,55.9,56.09,55.65,55.75
1220526,1600,55.685,55.685,55.22,55.365
1220527,1600,55.52,55.89,55.465,55.7
1220530,1600,55.64,55.73,55.33,55.385
1220531,1600,55.565,55.7,55.185,55.23
1220601,1600,55.025,55.675,54.815,55.675
1220602,1600,55.76,56.12,55.67,55.98
1220603,1600,55.79,55.935,55.555,55.595
1220606,1600,55.585,55.705,55.33,55.455
1220607,1600,55.415,55.79,55.415,55.64
1220608,1600,55.61,55.705,55.295,55.685
1220609,1600,55.525,55.655,55.2,55.59
1220610,1600,55.79,56.98,55.66,56.97
1220613,1600,57.185,57.185,56.2,56.31
1220614,1600,56.37,56.4,55.855,55.95
1220615,1600,55.93,56.58,55.73,56.275
1220616,1600,56.46,56.715,56.085,56.48
1220617,1600,56.48,56.73,56.37,56.635
1220620,1600,56.305,56.34,56.08,56.145
1220621,1600,56.035,56.13,55.75,56.01
1220622,1600,55.99,56.41,55.78,55.805
1220623,1600,55.765,56.34,55.74,56.035
1220624,1600,55.61,55.895,55.55,55.75
1220627,1600,55.895,55.98,55.17,55.205
1220628,1600,55.535,55.75,55.28,55.555
1220629,1600,55.62,56.09,55.39,55.765
1220630,1600,55.935,56.37,55.5,55.595
1220701,1600,55.3,55.915,54.975,55.795
1220704,1600,55.85,55.86,55.465,55.745
1220705,1600,55.74,56.405,55.4,55.445
1220706,1600,55.385,55.795,54.81,54.96
1220707,1600,55.0,55.245,54.835,55.13
1220708,1600,55.125,55.45,54.8,55.075
1220711,1600,55.24,55.68,55.155,55.445
1220712,1600,55.645,55.825,55.25,55.355
1220713,1600,55.275,55.54,54.845,55.465
1220714,1600,55.16,55.255,54.675,54.785
1220715,1600,54.725,54.78,54.27,54.33
1220718,1600,54.495,54.62,53.945,54.12
1220719,1600,54.0,54.0,53.59,53.835
1220720,1600,53.53,54.01,53.47,53.78
1220721,1600,53.195,54.11,52.85,53.935
1220722,1600,54.085,54.65,54.065,54.435
1220725,1600,54.44,54.495,53.86,54.055
1220726,1600,54.305,54.645,54.17,54.54
1220727,1600,54.525,54.675,54.325,54.585
1220728,1600,54.825,55.595,54.815,55.545
1220729,1600,55.405,55.685,55.315,55.635
1220801,1600,55.43,55.73,55.25,55.32
1220802,1600,55.675,56.3,55.615,56.135
1220803,1600,55.92,55.975,55.6,55.74
1220804,1600,56.005,56.5,55.965,56.25
1220805,1600,56.275,56.305,55.875,56.25
1220808,1600,56.09,56.375,55.95,56.335
1220809,1600,56.265,56.5,56.165,56.42
1220810,1600,56.4,56.425,55.84,55.86
1220811,1600,55.695,55.93,55.6,55.675
1220812,1600,55.93,56.35,55.74,56.35
1220815,1600,56.265,56.265,55.915,56.21
1220816,1600,56.35,56.44,56.055,56.1
1220817,1600,56.21,56.23,55.695,55.765
1220818,1600,55.755,56.1,55.71,55.91
1220819,1600,55.965,56.195,55.845,56.005
1220822,1600,55.875,56.165,55.55,56.165
1220823,1600,56.28,56.415,56.085,56.35
1220824,1600,56.445,56.665,56.345,56.5
1220825,1600,56.54,56.825,56.5,56.605
1220826,1600,56.705,56.705,55.78,55.86
1220829,1600,55.72,56.035,55.495,56.0
1220830,1600,55.725,55.775,55.33,55.365
1220831,1600,55.29,55.325,54.935,54.965
1220901,1600,54.755,54.92,54.5,54.74
1220902,1600,54.85,55.1,54.74,54.95
1220905,1600,55.545,55.57,55.4,55.425
1220906,1600,55.395,55.58,55.22,55.24
1220907,1600,55.15,55.395,55.075,55.325
1220908,1600,55.365,55.395,54.965,55.13
1220909,1600,55.085,55.225,54.735,55.04
1220912,1600,54.505,55.025,54.4,54.945
1220913,1600,54.58,54.8,54.495,54.8
1220914,1600,54.815,54.9,54.3,54.775
1220915,1600,54.475,54.475,53.525,53.665
1220916,1600,53.4,54.005,53.38,53.77
1220919,1600,53.675,53.77,53.44,53.71
1220920,1600,53.605,53.82,53.505,53.575
1220921,1600,54.305,54.415,54.16,54.235
1220922,1600,54.21,54.8,54.13,54.64
1220923,1600,54.835,54.9,54.08,54.515
1220926,1600,54.595,54.81,54.505,54.725
1220927,1600,54.575,54.75,54.5,54.59
1220928,1600,54.595,55.34,54.32,55.14
1220929,1600,54.75,54.835,54.34,54.525
1220930,1600,54.75,55.075,54.59,54.9
1221003,1600,54.625,55.37,54.43,55.21
1221004,1600,55.565,55.75,55.32,55.75
1221005,1600,55.59,55.8,55.255,55.725
1221006,1600,55.875,56.085,55.695,55.99
1221007,1600,56.135,56.34,55.75,55.915
1221010,1600,55.775,55.825,55.2,55.28
1221011,1600,55.265,55.49,55.05,55.49
1221012,1600,55.28,55.5,55.215,55.28
1221013,1600,55.285,55.465,54.49,54.68
1221014,1600,54.89,54.92,54.25,54.335
1221017,1600,54.5,55.0,54.405,54.415
1221018,1600,53.93,54.11,53.88,53.89
1221019,1600,53.645,53.825,53.61,53.62
1221020,1600,53.56,53.8,53.495,53.73
1221021,1600,53.375,53.945,53.245,53.885
1221024,1600,54.035,54.065,53.56,53.68
1221025,1600,53.775,53.785,53.34,53.435
1221026,1600,53.685,53.705,53.31,53.33
1221027,1600,53.09,53.52,53.04,53.52
1221028,1600,53.4,53.465,52.96,53.07
1221031,1600,53.13,53.35,52.945,53.23
1221101,1600,53.28,53.625,53.23,53.625
1221102,1600,53.765,53.86,53.54,53.645
1221103,1600,53.505,53.635,53.3,53.565
1221104,1600,54.18,54.355,54.04,54.26
1221107,1600,54.005,54.11,53.895,53.96
1221108,1600,53.71,54.77,53.66,54.705
1221109,1600,54.74,55.025,54.53,54.8
1221110,1600,54.885,55.4,54.87,55.345
1221111,1600,55.29,55.31,54.83,54.86
1221114,1600,54.88,55.26,54.735,55.005
1221115,1600,55.085,55.085,54.72,54.82
1221116,1600,54.97,55.065,54.855,54.905
1221117,1600,54.7,54.925,54.675,54.75
1221118,1600,54.69,54.785,54.435,54.5
1221121,1600,54.555,54.78,54.4,54.42
1221122,1600,54.585,54.76,54.41,54.48
1221123,1600,54.21,54.25,53.665,54.07
1221124,1600,54.14,54.365,54.14,54.28
1221125,1600,54.05,54.255,54.035,54.135
1221128,1600,54.265,54.285,53.8,54.02
1221129,1600,54.37,54.52,54.32,54.4
1221130,1600,54.505,54.74,54.325,54.63
1221201,1600,54.835,55.135,54.7,55.085
1221202,1600,55.03,55.055,54.685,54.875
1221205,1600,54.865,54.88,54.115,54.275
1221206,1600,54.265,54.415,54.2,54.275
1221207,1600,54.48,54.66,54.14,54.51
1221208,1600,54.54,54.71,54.45,54.48
1221209,1600,54.52,55.0,54.475,55.0
1221212,1600,54.73,54.735,54.36,54.445
1221213,1600,54.435,55.07,54.375,54.785
1221214,1600,54.71,54.74,54.5,54.635
1221215,1600,53.98,54.06,53.4,53.65
1221216,1600,53.77,54.27,53.605,54.255
1221219,1600,54.235,54.435,54.16,54.2
1221220,1600,54.365,54.965,54.365,54.965
1221221,1600,54.905,55.165,54.8,55.035
1221222,1600,54.88,55.03,54.43,54.54
1221223,1600,54.41,54.625,54.32,54.58
1221227,1600,54.39,55.34,54.39,54.97
1221228,1600,54.715,54.715,54.385,54.56
1221229,1600,54.68,54.89,54.545,54.66
1221230,1600,54.82,54.85,54.65,54.795
1230102,1600,54.8,55.165,54.74,55.08
1230103,1600,55.9,56.15,55.615,55.755
1230104,1600,56.305,56.415,56.15,56.36
1230105,1600,56.01,56.08,55.8,55.9
1230106,1600,56.175,56.645,56.105,56.39
1230109,1600,56.42,56.48,55.99,56.105
1230110,1600,56.075,56.275,56.055,56.175
1230111,1600,56.33,56.475,55.79,55.925
1230112,1600,56.275,56.505,55.635,56.245
1230113,1600,56.29,56.87,56.29,56.845
1230116,1600,56.89,56.97,56.835,56.88
1230117,1600,56.7,56.925,56.545,56.925
1230118,1600,56.675,57.0,56.595,56.715
1230119,1600,56.875,57.28,56.6,57.175
1230120,1600,57.295,57.365,57.09,57.09
1230123,1600,56.555,56.98,56.55,56.88
1230124,1600,57.29,57.38,56.94,57.16
1230125,1600,56.965,57.115,56.83,57.115
1230126,1600,57.17,57.285,56.85,56.975
1230127,1600,56.875,57.2,56.85,57.115
1230130,1600,56.86,57.0,56.705,56.89
1230131,1600,56.735,57.115,56.39,57.04
1230201,1600,56.86,56.99,56.75,56.76
1230202,1600,57.175,57.25,56.47,56.505
1230203,1600,56.455,56.505,55.315,55.37
1230206,1600,55.97,56.08,55.765,55.985
1230207,1600,56.305,56.535,56.075,56.43
1230208,1600,56.315,56.39,56.085,56.21
1230209,1600,56.405,56.415,55.79,56.025
1230210,1600,55.9,56.175,55.845,56.0
1230213,1600,56.1,56.12,55.565,55.62
1230214,1600,55.73,55.745,55.3,55.45
1230215,1600,55.04,55.355,54.97,55.225
1230216,1600,55.28,55.41,55.06,55.305
1230217,1600,55.055,55.42,54.985,55.385
1230220,1600,55.5,55.575,55.38,55.47
1230221,1600,55.255,55.56,55.12,55.34
1230222,1600,55.52,55.735,55.34,55.49
1230223,1600,55.385,55.475,55.19,55.285
1230224,1600,55.285,55.4,55.15,55.25
1230227,1600,55.18,55.23,54.995,55.07
1230228,1600,54.89,55.4,54.725,55.345
1230301,1600,55.44,55.59,55.235,55.335
1230302,1600,55.365,55.74,55.345,55.725
1230303,1600,55.83,56.005,55.79,55.955
1230306,1600,56.055,56.06,55.67,55.71
1230307,1600,55.67,55.67,55.13,55.305
1230308,1600,55.335,55.49,55.265,55.405
1230309,1600,55.28,55.76,55.26,55.615
1230310,1600,55.745,56.125,55.56,55.945
1230313,1600,56.235,57.355,56.235,57.035
1230314,1600,57.5,57.505,56.965,57.17
1230315,1600,56.675,59.03,56.48,58.975
1230316,1600,58.005,58.885,57.975,58.09
1230317,1600,58.19,59.385,58.13,59.02
1230320,1600,60.47,60.605,58.905,59.23
1230321,1600,59.05,59.05,57.915,57.955
1230322,1600,57.925,58.105,57.765,58.07
1230323,1600,58.27,58.87,58.145,58.87
1230324,1600,59.08,59.95,59.08,59.39
1230327,1600,58.71,59.0,57.965,58.3
1230328,1600,58.135,58.46,57.945,58.33
1230329,1600,58.26,58.49,58.085,58.34
1230330,1600,58.42,58.485,57.845,58.24
1230331,1600,58.475,58.62,58.305,58.535
1230403,1600,58.15,58.745,58.12,58.73
1230404,1600,58.375,59.42,58.285,59.295
1230405,1600,59.4,59.645,59.195,59.41
1230406,1600,59.34,59.64,59.035,59.155
1230411,1600,59.0,59.175,58.825,58.995
1230412,1600,59.325,59.35,58.59,58.78
1230413,1600,59.18,59.515,59.045,59.33
1230414,1600,59.3,59.345,58.275,58.48
1230417,1600,58.875,58.97,58.37,58.65
1230418,1600,58.72,58.97,58.53,58.935
1230419,1600,58.44,58.52,57.945,58.47
1230420,1600,58.565,58.965,58.44,58.7
1230421,1600,58.335,58.435,57.88,57.895
1230424,1600,57.995,58.065,57.62,57.86
1230425,1600,58.055,58.225,57.67,58.225
1230426,1600,58.38,58.38,57.955,58.095
1230427,1600,58.23,58.32,57.71,57.88
1230428,1600,57.895,58.13,57.5,57.955
1230502,1600,58.03,58.885,57.895,58.885
1230503,1600,58.81,58.91,58.56,58.87
1230504,1600,59.15,60.11,58.99,59.905
1230505,1600,59.595,59.64,58.495,58.73
1230508,1600,58.79,59.18,58.745,59.14
1230509,1600,59.13,59.595,59.105,59.43
1230510,1600,59.485,59.91,59.235,59.31
1230511,1600,59.645,59.965,59.3,59.42
1230512,1600,59.105,59.67,58.955,59.495
1230515,1600,59.675,59.74,59.47,59.64
1230516,1600,59.315,59.49,59.145,59.145
1230517,1600,58.885,59.035,58.705,58.755
1230518,1600,58.7,58.84,58.28,58.36
1230519,1600,58.62,58.875,58.275,58.875
1230522,1600,58.78,58.92,58.545,58.72
1230523,1600,58.33,58.825,58.22,58.645
1230524,1600,58.835,59.16,58.68,58.845
1230525,1600,58.695,59.065,58.18,58.35
1230526,1600,58.495,58.605,58.225,58.335
1230529,1600,58.315,58.515,58.235,58.43
1230530,1600,58.32,58.825,58.28,58.81
1230531,1600,58.985,59.555,58.905,59.485
1230601,1600,59.035,59.38,58.82,59.295
1230602,1600,59.035,59.17,58.74,58.82
1230605,1600,58.435,58.85,58.305,58.755
1230606,1600,58.725,59.195,58.725,58.985
1230607,1600,58.9,59.07,58.65,58.65
1230608,1600,58.42,58.795,58.275,58.675
1230609,1600,58.65,58.775,58.45,58.68
1230612,1600,58.65,58.68,58.295,58.545
1230613,1600,58.43,58.6,57.92,57.945
1230614,1600,57.99,58.145,57.89,58.015
1230615,1600,57.44,57.73,57.05,57.525
1230616,1600,57.6,57.715,57.455,57.66
1230619,1600,57.49,57.59,57.33,57.45
1230620,1600,57.48,57.49,56.855,57.055
1230621,1600,57.01,57.055,56.545,56.7
1230622,1600,56.44,56.5,56.12,56.145
1230623,1600,56.32,57.14,56.315,56.735
1230626,1600,56.72,57.07,56.635,56.765
1230627,1600,56.695,56.7,56.145,56.175
1230628,1600,56.15,56.325,55.92,56.31
1230629,1600,56.085,56.465,55.98,56.44
1230630,1600,56.405,56.545,56.29,56.505
1230703,1600,56.58,56.875,56.365,56.795
1230704,1600,56.775,56.94,56.755,56.86
1230705,1600,56.78,57.06,56.7,56.89
1230706,1600,56.835,56.865,56.3,56.47
1230707,1600,56.48,56.79,56.48,56.695
1230710,1600,56.44,56.52,56.17,56.31
1230711,1600,56.45,56.685,56.345,56.53
1230712,1600,56.42,56.71,56.37,56.525
1230713,1600,56.61,56.61,56.245,56.34
1230714,1600,56.095,56.235,55.88,56.01
1230717,1600,55.92,56.07,55.745,55.885
1230718,1600,56.01,56.755,55.975,56.735
1230719,1600,56.675,56.785,56.55,56.73
1230720,1600,56.81,56.93,56.73,56.875
1230721,1600,56.875,56.89,56.57,56.72
1230724,1600,56.675,57.025,56.645,56.895
1230725,1600,56.95,57.185,56.87,57.14
1230726,1600,57.25,57.345,57.1,57.26
1230727,1600,57.185,57.41,56.765,56.88
1230728,1600,57.135,57.25,57.03,57.185
1230731,1600,57.035,57.46,56.895,57.43
1230801,1600,57.29,57.37,56.905,57.03
1230802,1600,57.045,57.25,56.81,56.88
1230803,1600,56.925,57.105,56.75,56.9
1230804,1600,56.78,56.9,56.52,56.555
1230807,1600,56.725,56.76,56.5,56.52
1230808,1600,56.55,56.74,56.5,56.575
1230809,1600,56.545,56.575,56.1,56.115
1230810,1600,56.085,56.215,55.845,55.985
1230811,1600,56.05,56.29,56.035,56.225
1230814,1600,56.23,56.35,56.095,56.245
1230815,1600,56.07,56.19,55.89,56.145
1230816,1600,56.1,56.185,56.015,56.13
1230817,1600,56.045,56.105,55.92,55.965
1230818,1600,56.03,56.09,55.92,55.92
1230821,1600,55.85,56.0,55.69,55.805
1230822,1600,55.92,56.255,55.91,56.235
1230823,1600,56.36,56.9,56.315,56.785
1230824,1600,56.92,57.05,56.775,57.0
1230825,1600,57.035,57.15,56.81,56.87
1230828,1600,56.94,57.18,56.885,57.18
1230829,1600,57.185,57.445,57.02,57.375
1230830,1600,57.27,57.35,57.185,57.205
1230831,1600,57.355,57.625,57.355,57.53
1230901,1600,57.525,57.76,57.515,57.645
1230904,1600,57.935,57.935,57.675,57.725
1230905,1600,57.835,57.915,57.735,57.82
1230906,1600,57.705,57.745,57.48,57.51
1230907,1600,57.53,57.82,57.53,57.66
1230908,1600,57.765,57.84,57.64,57.64
1230911,1600,57.775,57.8,57.46,57.545
1230912,1600,57.5,57.615,57.26,57.29
1230913,1600,57.18,57.3,57.085,57.195
1230914,1600,57.07,57.56,57.04,57.515
1230915,1600,57.825,58.16,57.78,57.98
1230918,1600,58.16,58.17,57.96,57.96
1230919,1600,58.125,58.23,58.08,58.155
1230920,1600,58.105,58.34,57.98,58.285
1230921,1600,58.205,58.23,57.8,57.815
1230922,1600,58.08,58.35,58.025,58.11
1230925,1600,58.12,58.405,58.08,58.265
1230926,1600,58.085,58.135,57.77,57.85
1230927,1600,57.745,57.78,57.44,57.51
1230928,1600,57.45,57.45,56.565,56.635
1230929,1600,56.78,56.97,56.36,56.375
1231002,1600,56.025,56.12,55.815,56.115
1231003,1600,55.96,56.215,55.885,56.045
1231004,1600,55.91,55.925,55.63,55.775
1231005,1600,55.735,55.765,55.435,55.48
1231006,1600,55.505,55.835,55.35,55.67
1231009,1600,56.44,56.57,56.23,56.505
1231010,1600,56.53,56.535,56.275,56.365
1231011,1600,56.51,56.84,56.46,56.675
1231012,1600,56.895,57.11,56.86,57.03
1231013,1600,57.275,58.855,57.265,58.855
1231016,1600,58.315,58.695,58.275,58.585
1231017,1600,58.5,58.83,58.44,58.445
1231018,1600,58.89,59.745,58.85,59.36
1231019,1600,59.385,59.615,59.285,59.535
1231020,1600,60.155,60.615,59.965,60.52
1231023,1600,60.02,60.095,59.725,59.735
1231024,1600,59.495,59.645,59.105,59.645
1231025,1600,59.87,60.35,59.625,60.055
1231026,1600,60.535,60.74,60.175,60.38
1231027,1600,60.505,60.56,60.035,60.135
1231030,1600,60.715,60.765,60.45,60.59
1231031,1600,60.42,60.8,60.17,60.61
1231101,1600,60.215,60.8,60.18,60.315
1231102,1600,60.22,60.3,59.775,60.035
1231103,1600,60.085,60.19,59.575,59.67
1231106,1600,59.405,59.535,59.275,59.315
1231107,1600,59.17,59.25,58.895,59.105
1231108,1600,59.24,59.315,58.595,58.75
1231109,1600,58.515,58.97,58.425,58.92
1231110,1600,58.945,58.945,58.4,58.41
1231113,1600,58.3,58.47,58.185,58.47
1231114,1600,58.43,58.5,57.55,58.2
1231115,1600,58.265,58.47,58.015,58.06
1231116,1600,58.325,58.795,58.17,58.795
1231117,1600,58.925,58.995,58.525,58.575
1231120,1600,58.27,58.27,57.82,58.0
1231121,1600,58.47,58.925,58.27,58.825
1231122,1600,59.0,59.175,58.86,58.92
1231123,1600,58.76,58.845,58.625,58.625
1231124,1600,58.69,58.92,58.665,58.73
1231127,1600,59.0,59.22,59.0,59.05
1231128,1600,59.135,59.6,59.06,59.52
1231129,1600,59.785,59.89,59.61,59.835
1231130,1600,59.985,60.1,59.87,60.1
1231201,1600,60.155,60.91,60.075,60.81
1231204,1600,60.81,60.81,60.81,60.81
1231205,1600,60.81,60.81,60.81,60.81
1231206,1600,60.81,60.81,60.81,60.81
1231207,1600,60.5,60.765,60.38,60.38
1231208,1600,60.5,60.565,59.825,59.98
1231211,1600,59.565,59.655,59.23,59.265
1231212,1600,59.26,59.38,59.0,59.0
1231213,1600,58.995,59.175,58.965,59.03
1231214,1600,60.075,60.155,59.545,59.61
1231215,1600,59.595,60.0,59.565,59.93
1231218,1600,59.53,59.645,59.45,59.555
1231219,1600,59.51,59.915,59.475,59.915
1231220,1600,59.81,59.9,59.56,59.61
1231221,1600,59.775,59.85,59.455,59.775
1231222,1600,59.835,60.27,59.835,60.055
1231227,1600,60.0,60.3,59.8,60.08
1231228,1600,60.17,60.265,59.82,60.17
1231229,1600,60.075,60.085,59.835,59.9
1240102,1600,60.415,60.73,60.28,60.595
1240103,1600,60.505,60.505,59.82,59.82
1240104,1600,60.145,60.155,59.82,59.93
1240105,1600,60.125,60.33,59.76,60.075
1240108,1600,59.665,59.695,59.205,59.54
1240109,1600,59.705,59.95,59.65,59.65
1240110,1600,59.705,59.825,59.38,59.38
1240111,1600,59.545,59.95,59.16,59.16
1240112,1600,59.74,60.395,59.68,60.165
1240115,1600,60.215,60.4,60.185,60.29
1240116,1600,60.33,60.355,60.045,60.11
1240117,1600,59.85,59.98,59.41,59.515
1240118,1600,59.4,59.68,59.315,59.64
1240119,1600,59.925,60.19,59.785,59.8
1240122,1600,59.665,59.89,59.545,59.735
1240123,1600,59.825,60.145,59.81,60.05
1240124,1600,60.01,60.1,59.35,59.35
1240125,1600,59.5,60.0,59.35,59.795
1240126,1600,60.03,60.045,59.65,59.695
1240129,1600,60.27,60.525,60.075,60.29
1240130,1600,60.51,60.665,60.2,60.285
1240131,1600,60.505,60.8,60.37,60.795
1240201,1600,60.81,61.075,60.4,61.035
1240202,1600,60.745,60.775,60.38,60.56
1240205,1600,60.41,60.62,60.29,60.57
1240206,1600,60.57,60.985,60.51,60.895
1240207,1600,60.74,61.005,60.615,60.905
1240208,1600,60.6,60.795,60.45,60.52
1240209,1600,60.615,60.705,60.23,60.29
1240212,1600,60.315,60.52,60.07,60.105
1240213,1600,60.445,60.58,59.72,59.875
1240214,1600,59.745,59.885,59.54,59.695
1240215,1600,59.745,59.895,59.65,59.78
1240216,1600,59.875,60.0,59.655,59.945
1240219,1600,60.225,60.285,60.125,60.195
1240220,1600,60.31,60.38,60.15,60.31
1240221,1600,60.31,60.44,60.16,60.16
1240222,1600,60.165,60.255,60.0,60.075
1240223,1600,60.03,60.465,59.905,60.465
1240226,1600,60.395,60.425,60.025,60.09
1240227,1600,60.26,60.4,60.2,60.26
1240228,1600,60.215,60.48,60.185,60.345
1240229,1600,60.4,60.84,60.19,60.815
1240301,1600,60.8,61.65,60.635,61.63
1240304,1600,61.78,62.705,61.65,62.705
1240305,1600,62.71,63.455,62.705,62.96
1240306,1600,62.95,63.42,62.79,63.2
1240307,1600,63.61,63.9,63.25,63.425
1240308,1600,63.57,63.99,63.5,63.91
1240311,1600,64.085,64.32,63.945,64.17
1240312,1600,64.025,64.125,63.43,63.68
1240313,1600,63.56,64.2,63.07,63.835
1240314,1600,63.745,63.805,63.47,63.7
1240315,1600,64.03,64.075,63.71,63.87
1240318,1600,63.485,63.83,63.435,63.83
1240319,1600,63.845,63.94,63.65,63.74
1240320,1600,63.85,64.14,63.765,63.85
1240321,1600,64.855,65.1,64.135,64.45
1240322,1600,64.375,64.71,64.345,64.365
1240325,1600,64.405,64.635,64.32,64.58
1240326,1600,64.395,65.11,64.375,64.66
1240327,1600,64.76,65.21,64.64,65.11
1240328,1600,65.255,66.085,65.255,66.085
1240402,1600,67.54,67.9,67.27,67.27
1240403,1600,68.015,68.015,67.565,67.91
1240404,1600,68.06,68.115,67.58,67.75
1240405,1600,67.66,69.04,67.66,68.935
1240408,1600,69.245,69.55,68.695,69.045
1240409,1600,69.445,69.99,69.33,69.51
1240410,1600,69.79,70.26,69.25,69.99
1240411,1600,69.995,70.31,69.595,70.27
1240412,1600,72.18,73.465,72.0,72.39
1240415,1600,71.1,71.25,70.325,70.945
1240416,1600,71.87,72.3,71.475,72.175
1240417,1600,71.99,72.39,71.89,72.02
1240418,1600,71.635,72.11,71.435,71.835
1240419,1600,72.125,72.225,71.58,72.08
1240422,1600,71.025,71.26,70.41,70.56
1240423,1600,69.58,70.045,69.1,69.69
1240424,1600,69.87,70.235,69.54,70.025
1240425,1600,69.595,70.285,69.58,69.95
1240426,1600,70.08,70.46,70.01,70.19
1240429,1600,69.95,70.315,69.88,70.11
1240430,1600,69.725,69.725,68.93,69.11
1240502,1600,69.425,69.45,68.71,69.08
1240503,1600,68.84,69.08,67.95,68.445
1240506,1600,69.115,69.52,69.045,69.29
1240507,1600,69.295,69.325,68.965,69.095
1240508,1600,69.215,69.375,68.975,69.355
1240509,1600,69.3,69.74,69.11,69.57
1240510,1600,70.635,70.89,70.4,70.52
1240513,1600,70.105,70.145,69.51,69.51
1240514,1600,69.68,70.01,69.645,69.915
1240515,1600,70.085,70.59,69.85,70.465
1240516,1600,70.535,70.69,70.155,70.41
1240517,1600,70.59,71.5,70.535,71.275
1240520,1600,72.145,72.37,71.305,71.815
1240521,1600,71.365,72.05,71.365,71.92
1240522,1600,71.55,71.705,70.75,70.84
1240523,1600,70.17,70.245,69.515,69.605
1240524,1600,69.475,69.58,69.13,69.14
1240527,1600,69.345,69.875,69.245,69.8
1240528,1600,69.33,69.88,69.21,69.745
1240529,1600,69.79,69.795,69.2,69.545
1240530,1600,69.525,69.765,69.31,69.51
1240531,1600,69.625,69.725,69.04,69.06
1240603,1600,68.85,69.335,68.81,69.155
1240604,1600,69.18,69.22,68.485,68.745
1240605,1600,68.975,69.65,68.86,69.65
1240606,1600,69.925,70.195,69.575,70.175
1240607,1600,70.12,70.2,68.51,68.68
1240610,1600,68.57,69.09,68.5,68.99
1240611,1600,68.795,69.495,68.755,69.28
1240612,1600,69.285,69.52,68.845,69.155
1240613,1600,68.885,69.21,68.68,68.955
1240614,1600,69.33,70.285,69.27,69.9
1240617,1600,69.69,69.82,69.365,69.365
1240618,1600,69.47,69.66,69.2,69.66
1240619,1600,69.84,69.91,69.55,69.66
1240620,1600,70.205,70.95,69.92,70.645
1240621,1600,70.78,71.26,69.95,70.07
1240624,1600,69.75,70.005,69.6,69.86
1240625,1600,69.76,70.05,69.645,69.66
1240626,1600,69.645,69.795,69.1,69.26
1240627,1600,69.205,70.005,69.15,69.89
1240628,1600,69.95,70.275,69.785,69.915
1240701,1600,69.465,69.975,69.4,69.82
1240702,1600,69.825,69.985,69.52,69.72
1240703,1600,69.98,70.37,69.905,70.305
1240704,1600,70.17,70.31,70.09,70.165
1240705,1600,70.24,70.875,69.72,70.865
1240708,1600,70.67,70.695,70.265,70.265
1240709,1600,70.2,70.335,69.925,70.01
1240710,1600,70.53,70.92,70.48,70.68
1240711,1600,70.665,71.695,70.485,71.64
1240712,1600,71.16,71.19,70.685,71.095
1240715,1600,70.965,71.8,70.94,71.755
1240716,1600,71.825,72.77,71.8,72.7
1240717,1600,72.785,73.03,72.31,72.53
1240718,1600,72.74,72.79,72.395,72.67
1240719,1600,71.54,71.58,70.7,71.025
1240722,1600,70.935,71.11,70.435,70.545
1240723,1600,70.58,71.355,70.58,71.24
1240724,1600,71.65,72.04,71.505,71.94
1240725,1600,70.285,70.595,69.95,70.015
1240726,1600,70.205,70.76,70.14,70.655
1240729,1600,70.81,71.23,70.44,70.56
1240730,1600,71.01,71.335,70.875,71.04
1240731,1600,71.93,72.04,71.7,71.98
1240801,1600,72.62,73.175,72.47,72.98
1240802,1600,73.43,73.455,70.975,71.43
1240805,1600,71.49,71.785,69.295,70.455
1240806,1600,70.67,71.2,70.08,70.195
1240807,1600,70.485,70.89,70.285,70.455
1240808,1600,70.52,71.555,70.35,71.29
1240809,1600,71.25,71.705,71.205,71.49
1240812,1600,71.725,72.34,71.69,72.255
1240813,1600,72.435,72.65,72.22,72.47
1240814,1600,72.145,72.38,71.275,71.355
1240815,1600,71.69,72.215,71.41,71.895
1240816,1600,71.85,73.045,71.805,72.675
1240819,1600,72.93,72.97,72.45,72.7
1240820,1600,72.635,73.32,72.57,72.78
1240821,1600,72.7,72.75,72.15,72.41
1240822,1600,72.35,72.435,71.575,71.725
1240823,1600,72.035,72.5,72.0,72.325
1240826,1600,72.32,72.82,72.305,72.385
1240827,1600,72.475,72.57,72.11,72.475
1240828,1600,72.385,72.6,72.2,72.5
1240829,1600,72.75,73.325,72.68,73.16
1240830,1600,73.115,73.3,72.75,72.835
1240902,1600,72.595,72.85,72.5,72.64
1240903,1600,72.64,73.0,72.0,72.29
1240904,1600,72.33,72.51,71.935,72.345
1240905,1600,72.625,73.055,72.615,72.705
1240906,1600,72.85,72.97,72.525,72.865
1240909,1600,72.405,72.89,72.38,72.715
1240910,1600,72.9,73.41,72.83,73.41
1240911,1600,73.53,73.55,72.625,73.4
1240912,1600,73.485,74.415,73.335,74.415
1240913,1600,74.505,74.885,74.36,74.8
1240916,1600,74.785,74.845,74.405,74.61
1240917,1600,74.705,74.745,74.19,74.19
1240918,1600,74.295,74.55,74.15,74.4
1240919,1600,74.315,74.655,74.3,74.54
1240920,1600,74.955,75.52,74.925,75.435
1240923,1600,75.625,76.105,75.59,75.92
1240924,1600,76.005,76.32,75.755,76.23
1240925,1600,76.22,76.665,76.135,76.59
1240926,1600,76.725,77.375,76.635,76.84
1240927,1600,76.95,77.02,76.165,76.41
1240930,1600,76.555,76.625,75.68,75.93
1241001,1600,76.39,77.65,76.375,77.425
1241002,1600,77.1,77.435,76.89,77.155
1241003,1600,77.355,77.435,76.93,77.425
1241004,1600,77.515,78.275,77.25,77.935
1241007,1600,77.49,77.97,77.235,77.62
1241008,1600,77.065,77.65,76.435,76.435
1241009,1600,76.6,76.92,76.46,76.745
1241010,1600,76.77,77.345,76.65,77.125
1241011,1600,77.555,78.065,77.425,78.04
1241014,1600,78.385,78.41,77.91,77.965
1241015,1600,78.22,78.54,77.97,78.515
1241016,1600,79.07,79.25,78.855,79.075
1241017,1600,79.435,80.09,79.2,79.905
1241018,1600,80.24,80.51,80.055,80.425
1241021,1600,80.93,81.21,80.685,80.905
1241022,1600,81.235,81.625,81.05,81.535
1241023,1600,82.025,82.255,80.77,81.01
1241024,1600,81.525,81.655,81.05,81.335
1241025,1600,81.165,81.48,80.7,81.41
1241028,1600,81.51,81.58,81.1,81.54
1241029,1600,81.8,82.525,81.65,82.37
1241030,1600,82.615,82.87,82.15,82.445
1241031,1600,82.415,82.415,80.91,81.165
1241101,1600,81.39,81.615,81.165,81.355
1241104,1600,80.74,81.01,80.63,80.83
1241105,1600,80.765,81.09,80.585,80.625
1241106,1600,81.63,81.775,79.665,80.01
1241107,1600,79.62,80.315,79.325,80.265
1241108,1600,80.165,80.805,80.015,80.505
1241111,1600,80.275,80.505,78.88,78.985
1241112,1600,78.655,79.17,78.375,78.83
1241113,1600,78.935,79.175,78.76,78.76
1241114,1600,77.885,78.315,77.505,78.315
1241115,1600,78.17,78.605,77.965,78.165
1241118,1600,78.71,79.545,78.71,79.415
1241119,1600,79.615,80.355,79.56,79.74
1241120,1600,79.705,81.075,79.69,81.005
1241121,1600,81.265,81.815,81.235,81.705
1241122,1600,82.565,83.77,82.555,83.51
1241125,1600,82.03,82.475,80.455,80.905
1241126,1600,80.2,80.745,79.975,80.635
1241127,1600,81.055,81.165,80.275,80.32
1241128,1600,80.51,80.805,80.34,80.49
1241129,1600,80.895,81.18,80.75,81.08
1241202,1600,80.45,81.29,80.425,80.945
1241203,1600,80.895,81.1,80.625,80.89
1241204,1600,80.805,81.325,80.725,80.995
1241205,1600,80.815,81.0,80.185,80.26
1241206,1600,80.175,80.445,79.785,80.33
1241209,1600,80.675,81.385,80.53,81.06
1241210,1600,81.25,82.38,81.135,82.3
1241211,1600,82.375,83.25,82.19,83.12
1241212,1600,83.115,83.16,82.055,82.085
1241213,1600,82.44,82.485,81.305,81.505
1241216,1600,81.21,81.665,81.1,81.1
1241217,1600,81.245,81.245,80.57,80.775
1241218,1600,80.965,81.185,80.73,80.98
1241219,1600,80.875,81.03,80.06,80.315
1241220,1600,80.74,81.375,80.425,80.985
1241223,1600,81.09,81.32,80.645,80.7
1241227,1600,81.19,81.215,80.5,80.73
1241230,1600,80.6,80.74,80.365,80.61
1250102,1600,81.81,83.335,81.75,83.31
1250103,1600,82.94,83.13,82.5,82.505
1250106,1600,81.79,81.985,80.945,81.595
1250107,1600,81.6,82.42,81.415,82.245
1250108,1600,82.505,83.325,82.48,83.17
1250109,1600,83.185,83.5,83.005,83.37
1250110,1600,83.55,84.6,83.46,84.6
1250113,1600,84.58,84.85,83.855,83.985
1250114,1600,83.685,83.86,83.3,83.535
1250115,1600,83.67,83.965,83.34,83.965
1250116,1600,84.235,85.095,84.235,84.91
1250117,1600,84.71,85.015,84.395,84.825
1250120,1600,84.47,84.605,83.535,83.745
1250121,1600,84.57,84.875,84.41,84.7
1250122,1600,84.88,85.225,84.8,85.155
1250123,1600,85.125,85.205,84.48,85.01
1250124,1600,85.195,85.54,84.845,84.95
1250127,1600,84.57,84.795,83.84,83.96
1250128,1600,84.435,85.055,84.36,84.975
1250129,1600,85.215,85.445,84.9,84.97
1250130,1600,85.465,86.235,85.455,86.11
1250131,1600,86.425,87.365,86.42,86.845
1250203,1600,87.765,88.825,87.7,88.08
1250204,1600,87.735,88.31,87.52,88.05
1250205,1600,88.55,88.93,88.325,88.605
1250206,1600,88.47,89.1,87.9,88.365
1250207,1600,88.675,89.66,88.56,89.13
1250210,1600,90.22,90.755,90.19,90.525
1250211,1600,90.91,90.94,89.845,90.28
1250212,1600,89.615,90.045,89.035,89.78
1250213,1600,89.985,90.445,89.775,89.825
1250214,1600,90.07,90.28,88.525,88.525
1250217,1600,89.025,89.195,88.825,88.92
1250218,1600,89.425,90.085,89.375,90.025
1250219,1600,90.315,90.9,90.175,90.36
1250220,1600,90.935,91.085,90.0,90.425
1250221,1600,89.775,90.365,89.555,90.365
1250224,1600,90.265,90.815,90.08,90.355
1250225,1600,90.14,90.395,88.47,88.69
1250226,1600,89.295,89.47,88.65,89.11
1250227,1600,88.75,89.16,88.28,88.75
1250228,1600,88.385,88.595,87.47,88.04
1250303,1600,88.49,88.73,88.1,88.54
1250304,1600,88.79,89.335,88.655,88.86
1250305,1600,88.045,88.08,86.875,87.48
1250306,1600,86.625,86.68,86.045,86.56
1250307,1600,86.64,86.835,85.95,86.42
1250310,1600,86.48,86.53,85.765,86.105
1250311,1600,85.675,86.1,85.645,85.8
1250312,1600,85.98,86.595,85.765,86.535
1250313,1600,86.87,88.265,86.83,88.25
1250314,1600,88.565,88.92,87.99,88.285
1250317,1600,88.31,88.51,88.09,88.19
1250318,1600,88.73,89.5,88.65,89.225
1250319,1600,89.565,89.74,89.2,89.725
1250320,1600,89.9,90.325,89.72,89.995
1250321,1600,89.995,90.15,89.07,89.605
1250324,1600,89.69,90.1,89.51,89.665
1250325,1600,89.785,90.265,89.625,89.945
1250326,1600,90.375,90.375,89.77,89.94
1250327,1600,90.71,91.2,90.355,90.945
1250328,1600,91.76,91.95,91.15,91.595
1250331,1600,92.565,93.1,92.24,92.835
1250401,1600,93.28,93.585,92.95,93.085
1250402,1600,92.765,93.33,92.44,92.655
1250403,1600,91.485,91.815,88.4,90.37
1250404,1600,90.085,91.31,88.44,88.44
1250407,1600,88.295,89.5,87.705,87.91
1250408,1600,88.125,89.03,88.12,88.67
1250409,1600,88.275,89.855,88.235,89.76
1250410,1600,91.365,91.51,90.09,91.1
1250411,1600,91.19,92.06,90.3,91.76
1250414,1600,91.045,91.305,90.575,90.68
1250415,1600,91.545,91.8,91.2,91.74
1250416,1600,93.09,93.905,93.025,93.87
1250417,1600,94.22,94.675,92.92,93.135
1250422,1600,96.98,97.32,95.56,95.8
1250423,1600,93.355,94.22,92.3,92.62
1250424,1600,94.455,94.66,93.495,94.15
1250425,1600,93.665,93.775,92.505,92.65
1250428,1600,93.145,94.235,92.7,93.955
1250429,1600,93.645,93.725,93.1,93.38
1250430,1600,93.355,93.855,92.375,93.8
1250502,1600,92.305,92.63,91.64,91.87
1250505,1600,92.605,94.2,92.53,94.105
1250506,1600,95.57,96.395,95.52,96.32
1250507,1600,95.885,96.185,95.37,95.97
1250508,1600,95.15,95.775,94.88,95.385
1250509,1600,95.155,95.385,94.72,95.365
1250512,1600,93.45,93.865,92.905,93.665
1250513,1600,94.325,94.36,93.14,93.485
1250514,1600,92.75,92.9,91.03,91.34
1250515,1600,90.145,92.495,89.875,92.47
1250516,1600,92.185,92.25,90.635,91.735
1250519,1600,92.535,92.71,92.01,92.395
1250520,1600,91.725,93.83,91.575,93.63
1250521,1600,94.135,94.155,93.395,93.905
1250522,1600,94.485,94.71,93.47,93.81
1250523,1600,94.595,95.41,94.07,95.22
1250526,1600,94.115,94.395,93.95,94.32
1250527,1600,93.545,93.795,93.12,93.49
1250528,1600,94.065,94.39,93.735,93.9
1250529,1600,93.31,94.26,93.28,93.815
1250530,1600,93.49,93.73,92.835,93.25
1250602,1600,94.42,95.06,94.105,94.9
1250603,1600,94.495,95.005,94.16,94.74
1250604,1600,94.93,95.2,94.4,94.99
1250605,1600,94.915,95.76,94.31,94.31
1250606,1600,94.505,94.86,93.5,94.11
1250609,1600,93.555,93.83,93.285,93.755
1250610,1600,93.915,94.105,93.6,93.725
1250611,1600,94.01,94.26,93.31,93.505
1250612,1600,94.195,94.245,93.3,94.155
1250613,1600,95.05,96.32,94.89,95.17
1250616,1600,95.035,95.06,93.84,94.535
1250617,1600,94.255,94.505,93.99,94.305
1250618,1600,94.43,95.0,94.285,94.58
1250619,1600,94.205,94.705,93.93,94.475
1250620,1600,93.605,94.22,93.35,93.97
1250623,1600,93.835,94.805,93.735,94.34
1250624,1600,92.05,92.45,91.275,91.7
1250625,1600,92.315,92.44,91.82,91.98
1250626,1600,91.875,92.04,90.89,91.26
1250627,1600,90.35,90.395,89.285,89.845
1250630,1600,90.26,90.445,89.785,90.015
1250701,1600,91.05,91.49,90.9,91.25
1250702,1600,90.945,91.615,90.855,91.2
1250703,1600,91.61,91.625,90.8,91.01
1250704,1600,91.245,91.375,90.915,90.97
1250707,1600,90.5,91.025,90.37,91.025
1250708,1600,91.345,91.46,90.4,90.565
1250709,1600,90.32,90.955,90.12,90.895
1250710,1600,91.21,91.48,91.025,91.48
1250711,1600,91.74,92.585,91.685,92.385
1250714,1600,92.925,92.945,91.915,92.12
1250715,1600,92.525,92.755,92.0,92.255
1250716,1600,92.375,92.95,92.295,92.62
1250717,1600,92.645,92.655,91.85,92.49
1250718,1600,92.45,92.77,92.435,92.48
1250721,1600,93.01,93.56,92.85,93.325
1250722,1600,93.1,94.16,92.995,93.815
1250723,1600,93.825,94.095,93.455,93.555
1250724,1600,92.24,92.31,91.72,92.15
1250725,1600,91.88,91.94,91.215,91.31
1250728,1600,91.65,92.135,91.25,91.75
1250729,1600,92.38,92.95,92.235,92.65
1250730,1600,92.6,93.05,92.13,92.215
1250731,1600,92.645,93.38,92.46,92.67
1250801,1600,92.565,93.355,92.49,93.24
1250804,1600,93.345,94.02,93.26,93.82
1250805,1600,93.77,94.235,93.35,93.965
1250806,1600,93.725,93.805,93.1,93.235
1250807,1600,93.315,93.825,92.88,93.62
1250808,1600,93.755,94.005,93.3,93.54
1250811,1600,92.78,93.075,92.55,92.9
1250812,1600,92.675,92.915,91.905,92.27
1250813,1600,92.29,92.61,92.045,92.08
1250814,1600,92.6,92.6,92.02,92.275
1250815,1600,92.07,92.17,91.585,91.805
1250818,1600,92.12,92.3,91.79,91.87
1250819,1600,91.9,92.07,91.515,91.665
1250820,1600,91.785,92.34,91.74,92.135
1250821,1600,92.275,92.645,91.79,92.54
1250822,1600,92.38,92.73,92.005,92.63
1250825,1600,92.485,92.925,92.41,92.885
1250826,1600,93.385,93.55,93.04,93.395
1250827,1600,93.48,93.975,93.43,93.83
1250828,1600,93.73,94.055,93.555,93.9
1250829,1600,94.05,94.71,93.83,94.66
1250901,1600,95.38,95.585,95.13,95.52
1250902,1600,95.76,96.925,95.735,96.925
1250903,1600,97.72,98.3,97.485,98.17
1250904,1600,97.525,98.2,97.46,97.98
1250905,1600,97.93,98.5,97.55,98.29
1250908,1600,98.73,99.775,98.705,99.54
1250909,1600,99.695,100.53,99.515,99.755
1250910,1600,100.24,100.55,99.87,100.04
1250911,1600,99.865,100.0,99.28,99.6
1250912,1600,99.955,100.3,99.845,100.07
1250915,1600,99.685,100.26,99.39,100.25
1250916,1600,100.74,100.8,99.99,99.995
1250917,1600,99.71,100.08,99.435,100.08
1250918,1600,99.2,99.96,99.15,99.36
1250919,1600,99.68,100.65,99.66,100.57
1250922,1600,101.65,101.97,101.38,101.97
1250923,1600,102.34,103.32,102.28,103.13
1250924,1600,102.97,103.36,102.66,102.66
1250925,1600,102.49,103.04,102.4,102.86
1250926,1600,103.01,104.08,102.97,103.87
1250929,1600,104.72,105.08,104.32,104.92
1250930,1600,105.63,105.71,103.8,105.18
1251001,1600,105.45,106.71,105.43,105.94
1251002,1600,105.91,106.7,105.06,105.3
1251003,1600,105.88,106.5,105.63,106.44
1251006,1600,108.13,108.96,107.95,108.59
1251007,1600,108.87,109.96,108.52,109.78
1251008,1600,111.75,112.17,111.3,112.0
1251009,1600,111.55,112.38,111.16,111.61
1251010,1600,109.91,111.3,109.81,111.17
1251013,1600,112.67,114.08,112.67,113.86
1251014,1600,114.19,115.32,114.0,114.84
1251015,1600,116.01,116.52,115.13,115.69
1251016,1600,116.59,117.68,116.49,117.63
1251017,1600,119.64,119.75,116.12,117.21
1251020,1600,116.77,120.08,116.75,119.89
1251021,1600,119.81,119.89,113.4,114.31
1251022,1600,114.87,114.89,111.05,111.64
1251023,1600,114.03,115.0,113.48,114.7
1251027,1600,112.48,112.53,109.7,110.2
1251028,1600,108.26,109.45,107.25,109.05
1251029,1600,110.81,111.31,109.99,110.18
1251030,1600,109.66,111.45,109.65,111.16
1251031,1600,111.81,112.28,110.75,111.1
1251103,1600,112.24,112.5,111.49,111.6
1251104,1600,111.44,111.9,110.12,111.15
1251105,1600,111.24,111.63,110.8,111.51
1251106,1600,111.94,112.29,110.85,110.85
1251107,1600,111.73,111.9,110.66,111.67
1251110,1600,114.0,114.0,114.0,114.0
1251111,1600,114.99,115.33,113.58,114.03
1251112,1600,114.36,116.33,114.19,116.33
1251113,1600,117.01,117.44,115.72,116.11
1251114,1600,115.56,115.77,111.48,113.42
1251117,1600,113.3,113.45,112.4,112.85
1251118,1600,111.45,113.18,111.4,112.74
1251119,1600,113.41,115.02,113.27,113.6
1251120,1600,113.13,114.41,112.8,113.3
1251121,1600,112.27,114.0,112.27,113.87
1251124,1600,113.39,114.34,113.22,114.34
1251125,1600,115.37,115.6,114.29,115.11
1251126,1600,115.53,116.0,114.89,115.42
1251127,1600,115.4,115.57,115.1,115.18
1251128,1600,115.53,116.91,115.18,116.7
1251201,1600,117.69,117.89,116.6,117.13
1251202,1600,116.67,117.07,115.4,115.92
1251203,1600,116.13,116.93,115.79,116.46
1251204,1600,115.61,116.32,115.25,116.28
1251205,1600,116.51,117.5,116.12,116.48
1251208,1600,116.13,116.31,115.5,116.03
1251209,1600,115.64,116.6,115.58,116.42
1251210,1600,116.13,116.2,115.7,115.96
1251211,1600,115.88,116.56,115.46,116.56
1251212,1600,117.54,119.2,117.05,117.29
1251215,1600,119.03,119.18,117.35,117.38
1251216,1600,117.27,118.17,116.88,117.5
1251217,1600,118.55,119.04,118.21,118.31
1251218,1600,118.49,119.78,118.05,119.77
1251219,1600,118.65,119.5,118.38,119.29
1251222,1600,120.97,121.38,120.62,121.29
1251223,1600,122.45,122.6,120.99,121.75
1251229,1600,122.15,122.5,117.34,118.64
1251230,1600,119.29,120.37,118.84,120.37
1260102,1600,120.13,120.73,118.18,118.22
1260105,1600,121.79,122.55,121.26,121.98
1260106,1600,122.33,123.44,122.0,123.44
1260107,1600,122.91,123.17,121.77,122.8
1260108,1600,121.93,123.06,121.45,123.06
1260109,1600,123.42,124.82,123.12,124.54
1260112,1600,126.12,127.53,126.05,127.19
1260113,1600,126.42,127.73,126.2,127.14
1260114,1600,127.86,128.09,126.99,127.45
1260115,1600,127.19,128.14,126.94,127.77
1260116,1600,127.66,127.8,125.8,127.36
1260119,1600,129.29,129.35,128.88,129.03
1260120,1600,129.84,130.25,129.16,130.04
1260121,1600,133.42,133.95,132.29,133.06
1260122,1600,132.95,133.6,132.13,133.56
1260123,1600,135.57,136.38,134.21,136.24
1260126,1600,138.23,138.46,137.22,137.36
1260127,1600,137.85,138.03,135.78,136.64
1260128,1600,141.79,142.5,140.65,142.36
1260129,1600,148.66,149.11,137.61,141.69
1260130,1600,138.4,139.21,133.35,134.41
1260202,1600,125.52,130.58,124.96,127.06
1260203,1600,134.35,135.7,133.04,135.65
1260204,1600,138.19,138.28,133.27,134.11
1260205,1600,134.06,134.58,130.86,132.24
1260206,1600,131.99,135.01,131.72,134.27
1260209,1600,136.06,137.18,135.1,137.08
1260210,1600,136.01,136.89,135.01,135.51
1260211,1600,136.5,138.1,136.14,137.31
1260212,1600,137.22,137.5,132.2,133.71
1260213,1600,135.0,136.29,133.77,135.83
1260216,1600,135.76,135.95,134.82,135.32
1260217,1600,133.72,134.33,131.51,132.54
1260218,1600,133.88,136.22,133.4,136.09
1260219,1600,136.38,137.22,135.82,136.64
1260220,1600,137.21,138.38,136.4,138.38
1260223,1600,139.66,142.16,139.37,141.99
1260224,1600,141.29,141.37,139.11,140.25
1260225,1600,141.34,141.86,140.8,141.79
1260226,1600,141.17,141.59,140.0,141.3
1260227,1600,140.98,143.03,140.87,142.32
1260302,1600,148.45,148.86,145.05,145.49
1260303,1600,147.09,147.24,139.22,141.86
1260304,1600,142.83,143.7,141.9,142.34
1260305,1600,142.95,143.29,140.38,140.59
1260309,1600,142.13,142.74,140.8,141.51
1260310,1600,142.83,144.52,142.6,144.38
1260311,1600,143.78,144.04,142.95,143.61
1260312,1600,144.22,144.47,142.8,143.06
1260313,1600,142.3,143.39,141.0,141.83
1260316,1600,140.55,140.9,139.35,139.35
1260317,1600,140.52,140.65,138.8,139.48
1260318,1600,139.28,139.28,135.19,136.11
1260319,1600,132.34,132.92,126.01,127.91
1260320,1600,131.02,131.44,126.48,127.55
1260323,1600,117.4,124.99,117.18,121.43
1260324,1600,122.08,123.12,120.88,122.43
1260325,1600,126.41,127.05,125.45,126.56
1260326,1600,123.64,124.59,122.2,122.44
1260327,1600,124.18,126.94,123.09,126.05
1260330,1600,126.49,128.2,126.37,127.64
1260331,1600,127.86,129.03,127.07,128.8
1260401,1600,131.09,132.46,130.79,132.46
1260402,1600,128.9,130.78,127.89,130.1
1260407,1600,129.65,130.49,128.16,129.17
1260408,1600,132.5,132.6,130.26,130.87
1260409,1600,130.05,131.75,129.81,131.75
1260410,1600,130.7,131.36,130.2,130.77
1260413,1600,130.35,130.36,129.13,129.4
1260414,1600,130.58,131.22,129.7,131.12
1260415,1600,131.2,131.76,130.66,130.8
1260416,1600,131.56,131.71,130.42,131.15
1260417,1600,130.78,132.76,130.41,132.66
1260420,1600,131.07,131.85,130.75,131.13
1260421,1600,130.44,131.14,129.2,129.79
1260422,1600,130.5,130.56,129.69,129.75
1260423,1600,129.51,130.45,128.92,129.97
1260424,1600,128.72,130.05,128.53,129.65
1260427,1600,129.25,129.31,127.87,128.23
1260428,1600,127.61,127.64,125.33,125.6
1260429,1600,126.11,126.12,124.11,125.08
1260430,1600,126.54,127.71,126.27,126.71
1260504,1600,125.85,125.95,124.12,124.62
1260505,1600,125.26,126.01,124.92,125.7
1260506,1600,127.91,129.09,127.5,128.36
1260507,1600,129.53,130.1,129.13,129.66
1260508,1600,129.38,129.6,128.55,128.71
1260511,1600,127.91,129.52,127.07,129.14
1260512,1600,128.45,128.95,127.3,127.78
1260513,1600,128.98,129.38,128.3,128.9
1260514,1600,128.96,129.5,128.42,129.1
1260515,1600,126.64,126.71,124.84,125.76
1260518,1600,125.64,126.5,125.3,125.34
1260519,1600,125.71,126.0,123.74,124.79
1260520,1600,124.13,125.77,124.02,125.43
1260521,1600,125.11,125.55,124.64,125.16
1260522,1600,125.4,125.69,124.65,125.31
1260525,1600,126.05,126.36,125.75,126.23
1260526,1600,125.29,125.43,124.41,124.71
1260527,1600,123.9,124.25,121.59,122.65
1260528,1600,121.47,123.7,121.2,123.7
1260529,1600,124.74,126.5,124.59,126.02
1260601,1600,124.28,124.6,123.19,123.83
1260602,1600,125.27,125.36,124.09,124.58
1260603,1600,123.63,123.78,122.66,123.04
1260604,1600,123.8,124.7,123.26,123.74
1260605,1600,123.25,124.1,120.93,121.12
1260608,1600,120.03,121.0,119.46,120.77
1260609,1600,120.67,121.1,118.94,118.94
1260610,1600,117.11,117.12,114.55,114.82
1260611,1600,114.04,114.59,113.08,113.87
1260612,1600,116.14,117.57,115.98,117.21
1260615,1600,119.46,120.93,119.42,120.67
1260616,1600,120.08,120.7,119.72,119.87
1260617,1600,119.94,121.0,119.67,120.84
1260618,1600,120.15,120.32,118.57,118.57
1260619,1600,116.79,117.25,116.14,116.43
1260622,1600,117.75,118.34,117.51,117.61
1260623,1600,115.85,117.0,115.26,116.75
1260624,1600,115.71,115.78,112.5,113.5
1260625,1600,112.66,114.17,112.43,113.68
1260626,1600,113.87,115.27,113.61,115.13
1260629,1600,114.44,114.67,112.78,113.23
1260630,1600,113.48,114.45,113.07,113.48
1260701,1600,111.88,116.05,111.71,115.23
1260702,1600,114.85,116.36,114.38,116.04
1260703,1600,117.23,117.59,116.83,117.14
1260706,1600,116.96,117.26,116.37,116.9
1260707,1600,116.1,117.57,115.96,116.63
1260708,1600,116.02,116.12,113.51,113.7
1260709,1600,115.41,116.19,115.28,116.1
1260710,1600,115.62,115.68,114.78,115.43
1260713,1600,114.31,114.67,112.86,113.29
1260714,1600,113.69,115.31,113.29,114.66
1260715,1600,113.48,114.59,113.14,113.84
1260716,1600,112.98,113.3,111.7,112.77
1260717,1600,112.36,112.83,111.45,112.79
1260720,1600,112.58,113.5,112.54,113.14
1260721,1600,114.76,114.99,114.08,114.99
1260722,1600,115.92,117.28,115.84,117.19
1260723,1600,115.89,115.89,114.29,114.53
1260724,1600,114.05,115.29,114.05,115.11
1260727,1600,115.56,115.83,114.97,115.16
1260728,1600,114.54,114.65,113.5,113.84
1260729,1600,114.1,114.21,112.85,113.36
1260730,1600,113.64,114.91,113.5,114.45
1260731,1600,113.89,113.92,112.79,112.93
1260803,1600,113.33,113.41,112.16,112.81
1260804,1600,113.58,114.22,113.1,113.9
1260805,1600,116.26,118.79,115.7,118.6
1260806,1600,118.58,119.35,117.93,118.6
1260807,1600,119.88,121.41,119.57,121.1
1260810,1600,121.24,121.3,120.27,121.2
1260811,1600,121.62,122.61,121.5,122.01
1260812,1600,122.7,123.6,122.39,123.18
1260813,1600,122.3,122.56,121.5,121.66
1260814,1600,120.79,122.33,120.61,121.83
1260817,1600,122.12,122.89,121.45,122.79
1260818,1600,122.28,122.32,120.92,121.07
1260819,1600,120.62,123.83,120.62,123.69
1260820,1600,123.56,125.0,122.6,124.62
1260821,1600,125.47,126.92,125.37,126.88
1260824,1600,128.06,129.0,127.69,128.82
1260825,1600,128.04,128.2,126.95,128.2
1260826,1600,127.86,127.87,126.56,126.9
1260827,1600,127.06,127.09,125.95,126.91
1260828,1600,127.21,127.78,125.69,126.33
1260831,1600,123.22,123.73,122.45,122.68
1260901,1600,122.86,122.89,120.0,121.06
1260902,1600,120.15,121.96,119.58,121.26
1260903,1600,122.71,124.8,122.5,124.56
1260904,1600,123.52,124.18,121.1,122.87
1260907,1600,121.87,122.25,121.25,122.03
1260908,1600,121.95,122.1,121.42,121.75
1260909,1600,121.62,122.43,121.08,121.78
1260910,1600,122.05,122.08,119.97,120.87
1260911,1600,120.62,121.88,119.2,121.16
1260914,1600,120.28,120.32,118.65,119.58
1260915,1600,119.68,119.72,118.82,119.37
1260916,1600,120.71,121.5,120.43,121.21
1260918,1600,122.95,123.14,122.95,123.04
