900102,1600,1788.89,1788.89,1788.89,1788.89
900103,1600,1867.29,1867.29,1867.29,1867.29
900104,1600,1830.92,1830.92,1830.92,1830.92
900105,1600,1812.9,1812.9,1812.9,1812.9
900108,1600,1841.47,1841.47,1841.47,1841.47
900109,1600,1865.52,1865.52,1865.52,1865.52
900110,1600,1843.05,1843.05,1843.05,1843.05
900111,1600,1843.42,1843.42,1843.42,1843.42
900112,1600,1860.96,1860.96,1860.96,1860.96
900115,1600,1840.38,1840.38,1840.38,1840.38
900116,1600,1806.1,1806.1,1806.1,1806.1
900117,1600,1810.61,1810.61,1810.61,1810.61
900118,1600,1771.67,1771.67,1771.67,1771.67
900119,1600,1775.29,1775.29,1775.29,1775.29
900122,1600,1787.08,1787.08,1787.08,1787.08
900123,1600,1785.0,1785.0,1785.0,1785.0
900124,1600,1751.62,1751.62,1751.62,1751.62
900125,1600,1791.52,1791.52,1791.52,1791.52
900126,1600,1798.22,1798.22,1798.22,1798.22
900129,1600,1815.6899,1815.6899,1815.6899,1815.6899
900130,1600,1815.2,1815.2,1815.2,1815.2
900131,1600,1821.21,1821.21,1821.21,1821.21
900201,1600,1852.92,1852.92,1852.92,1852.92
900202,1600,1908.46,1908.46,1908.46,1908.46
900205,1600,1939.8199,1939.8199,1939.8199,1939.8199
900206,1600,1936.25,1936.25,1936.25,1936.25
900207,1600,1895.65,1895.65,1895.65,1895.65
900208,1600,1909.95,1909.95,1909.95,1909.95
900209,1600,1895.9301,1895.9301,1895.9301,1895.9301
900212,1600,1844.47,1844.47,1844.47,1844.47
900213,1600,1857.1,1857.1,1857.1,1857.1
900214,1600,1836.58,1836.58,1836.58,1836.58
900215,1600,1845.92,1845.92,1845.92,1845.92
900216,1600,1888.8199,1888.8199,1888.8199,1888.8199
900219,1600,1886.73,1886.73,1886.73,1886.73
900220,1600,1830.51,1830.51,1830.51,1830.51
900221,1600,1807.4,1807.4,1807.4,1807.4
900222,1600,1823.5,1823.5,1823.5,1823.5
900223,1600,1788.39,1788.39,1788.39,1788.39
900226,1600,1764.0601,1764.0601,1764.0601,1764.0601
900227,1600,1797.04,1797.04,1797.04,1797.04
900228,1600,1806.63,1806.63,1806.63,1806.63
900301,1600,1796.1801,1796.1801,1796.1801,1796.1801
900302,1600,1804.98,1804.98,1804.98,1804.98
900305,1600,1838.1801,1838.1801,1838.1801,1838.1801
900306,1600,1820.36,1820.36,1820.36,1820.36
900307,1600,1841.92,1841.92,1841.92,1841.92
900308,1600,1861.95,1861.95,1861.95,1861.95
900309,1600,1858.89,1858.89,1858.89,1858.89
900312,1600,1843.74,1843.74,1843.74,1843.74
900313,1600,1866.5699,1866.5699,1866.5699,1866.5699
900314,1600,1876.89,1876.89,1876.89,1876.89
900315,1600,1884.26,1884.26,1884.26,1884.26
900316,1600,1881.98,1881.98,1881.98,1881.98
900319,1600,1924.5601,1924.5601,1924.5601,1924.5601
900320,1600,1903.3,1903.3,1903.3,1903.3
900321,1600,1930.67,1930.67,1930.67,1930.67
900322,1600,1931.75,1931.75,1931.75,1931.75
900323,1600,1921.64,1921.64,1921.64,1921.64
900326,1600,1934.78,1934.78,1934.78,1934.78
900327,1600,1926.92,1926.92,1926.92,1926.92
900328,1600,1918.3,1918.3,1918.3,1918.3
900329,1600,1955.88,1955.88,1955.88,1955.88
900330,1600,1966.75,1966.75,1966.75,1966.75
900402,1600,1935.26,1935.26,1935.26,1935.26
900403,1600,1965.91,1965.91,1965.91,1965.91
900404,1600,1960.89,1960.89,1960.89,1960.89
900405,1600,1952.8,1952.8,1952.8,1952.8
900406,1600,1959.08,1959.08,1959.08,1959.08
900409,1600,1919.78,1919.78,1919.78,1919.78
900410,1600,1913.14,1913.14,1913.14,1913.14
900411,1600,1890.9,1890.9,1890.9,1890.9
900412,1600,1909.87,1909.87,1909.87,1909.87
900417,1600,1916.23,1916.23,1916.23,1916.23
900418,1600,1896.91,1896.91,1896.91,1896.91
900419,1600,1873.79,1873.79,1873.79,1873.79
900420,1600,1890.62,1890.62,1890.62,1890.62
900423,1600,1851.35,1851.35,1851.35,1851.35
900424,1600,1841.21,1841.21,1841.21,1841.21
900425,1600,1845.9399,1845.9399,1845.9399,1845.9399
900426,1600,1830.92,1830.92,1830.92,1830.92
900427,1600,1817.8,1817.8,1817.8,1817.8
900430,1600,1812.91,1812.91,1812.91,1812.91
900502,1600,1835.8101,1835.8101,1835.8101,1835.8101
900503,1600,1874.85,1874.85,1874.85,1874.85
900504,1600,1904.85,1904.85,1904.85,1904.85
900507,1600,1920.88,1920.88,1920.88,1920.88
900508,1600,1910.1801,1910.1801,1910.1801,1910.1801
900509,1600,1903.61,1903.61,1903.61,1903.61
900510,1600,1884.9,1884.9,1884.9,1884.9
900511,1600,1884.76,1884.76,1884.76,1884.76
900514,1600,1857.98,1857.98,1857.98,1857.98
900515,1600,1843.77,1843.77,1843.77,1843.77
900516,1600,1850.26,1850.26,1850.26,1850.26
900517,1600,1831.59,1831.59,1831.59,1831.59
900518,1600,1856.45,1856.45,1856.45,1856.45
900521,1600,1817.71,1817.71,1817.71,1817.71
900522,1600,1803.25,1803.25,1803.25,1803.25
900523,1600,1833.66,1833.66,1833.66,1833.66
900525,1600,1826.99,1826.99,1826.99,1826.99
900528,1600,1823.22,1823.22,1823.22,1823.22
900529,1600,1851.95,1851.95,1851.95,1851.95
900530,1600,1843.3199,1843.3199,1843.3199,1843.3199
900531,1600,1836.6899,1836.6899,1836.6899,1836.6899
900601,1600,1850.24,1850.24,1850.24,1850.24
900605,1600,1880.63,1880.63,1880.63,1880.63
900606,1600,1857.95,1857.95,1857.95,1857.95
900607,1600,1846.14,1846.14,1846.14,1846.14
900608,1600,1826.5601,1826.5601,1826.5601,1826.5601
900611,1600,1809.71,1809.71,1809.71,1809.71
900612,1600,1812.35,1812.35,1812.35,1812.35
900613,1600,1792.25,1792.25,1792.25,1792.25
900615,1600,1787.28,1787.28,1787.28,1787.28
900618,1600,1804.38,1804.38,1804.38,1804.38
900619,1600,1821.34,1821.34,1821.34,1821.34
900620,1600,1853.1,1853.1,1853.1,1853.1
900621,1600,1863.55,1863.55,1863.55,1863.55
900622,1600,1874.0601,1874.0601,1874.0601,1874.0601
900625,1600,1881.88,1881.88,1881.88,1881.88
900626,1600,1887.88,1887.88,1887.88,1887.88
900627,1600,1887.3,1887.3,1887.3,1887.3
900628,1600,1911.08,1911.08,1911.08,1911.08
900629,1600,1884.67,1884.67,1884.67,1884.67
900702,1600,1911.34,1911.34,1911.34,1911.34
900703,1600,1911.26,1911.26,1911.26,1911.26
900704,1600,1927.1899,1927.1899,1927.1899,1927.1899
900705,1600,1927.0699,1927.0699,1927.0699,1927.0699
900706,1600,1924.1,1924.1,1924.1,1924.1
900709,1600,1927.28,1927.28,1927.28,1927.28
900710,1600,1904.02,1904.02,1904.02,1904.02
900711,1600,1902.36,1902.36,1902.36,1902.36
900712,1600,1929.24,1929.24,1929.24,1929.24
900713,1600,1931.85,1931.85,1931.85,1931.85
900716,1600,1932.4301,1932.4301,1932.4301,1932.4301
900717,1600,1929.0601,1929.0601,1929.0601,1929.0601
900718,1600,1962.0699,1962.0699,1962.0699,1962.0699
900719,1600,1962.22,1962.22,1962.22,1962.22
900720,1600,1950.16,1950.16,1950.16,1950.16
900723,1600,1939.8199,1939.8199,1939.8199,1939.8199
900724,1600,1922.67,1922.67,1922.67,1922.67
900725,1600,1924.34,1924.34,1924.34,1924.34
900726,1600,1930.5699,1930.5699,1930.5699,1930.5699
900727,1600,1920.25,1920.25,1920.25,1920.25
900730,1600,1909.2,1909.2,1909.2,1909.2
900731,1600,1922.92,1922.92,1922.92,1922.92
900801,1600,1903.98,1903.98,1903.98,1903.98
900802,1600,1870.89,1870.89,1870.89,1870.89
900803,1600,1848.5,1848.5,1848.5,1848.5
900806,1600,1759.59,1759.59,1759.59,1759.59
900807,1600,1786.04,1786.04,1786.04,1786.04
900808,1600,1733.5699,1733.5699,1733.5699,1733.5699
900809,1600,1751.51,1751.51,1751.51,1751.51
900810,1600,1752.48,1752.48,1752.48,1752.48
900813,1600,1721.54,1721.54,1721.54,1721.54
900814,1600,1714.53,1714.53,1714.53,1714.53
900815,1600,1737.52,1737.52,1737.52,1737.52
900816,1600,1739.58,1739.58,1739.58,1739.58
900817,1600,1677.89,1677.89,1677.89,1677.89
900820,1600,1645.38,1645.38,1645.38,1645.38
900821,1600,1584.99,1584.99,1584.99,1584.99
900822,1600,1568.1801,1568.1801,1568.1801,1568.1801
900823,1600,1532.29,1532.29,1532.29,1532.29
900824,1600,1545.76,1545.76,1545.76,1545.76
900827,1600,1633.61,1633.61,1633.61,1633.61
900828,1600,1623.0601,1623.0601,1623.0601,1623.0601
900829,1600,1626.1899,1626.1899,1626.1899,1626.1899
900830,1600,1653.55,1653.55,1653.55,1653.55
900831,1600,1622.01,1622.01,1622.01,1622.01
900903,1600,1620.15,1620.15,1620.15,1620.15
900904,1600,1605.6801,1605.6801,1605.6801,1605.6801
900905,1600,1581.66,1581.66,1581.66,1581.66
900906,1600,1555.9399,1555.9399,1555.9399,1555.9399
900907,1600,1559.67,1559.67,1559.67,1559.67
900910,1600,1603.42,1603.42,1603.42,1603.42
900911,1600,1578.99,1578.99,1578.99,1578.99
900912,1600,1599.35,1599.35,1599.35,1599.35
900913,1600,1581.26,1581.26,1581.26,1581.26
900914,1600,1561.8,1561.8,1561.8,1561.8
900917,1600,1527.3199,1527.3199,1527.3199,1527.3199
900918,1600,1509.89,1509.89,1509.89,1509.89
900919,1600,1479.4,1479.4,1479.4,1479.4
900920,1600,1465.77,1465.77,1465.77,1465.77
900921,1600,1430.47,1430.47,1430.47,1430.47
900924,1600,1426.3101,1426.3101,1426.3101,1426.3101
900925,1600,1367.9,1367.9,1367.9,1367.9
900926,1600,1377.09,1377.09,1377.09,1377.09
900927,1600,1399.5,1399.5,1399.5,1399.5
900928,1600,1327.98,1327.98,1327.98,1327.98
901001,1600,1405.67,1405.67,1405.67,1405.67
901002,1600,1448.45,1448.45,1448.45,1448.45
901004,1600,1413.38,1413.38,1413.38,1413.38
901005,1600,1402.55,1402.55,1402.55,1402.55
901008,1600,1458.0699,1458.0699,1458.0699,1458.0699
901009,1600,1445.9399,1445.9399,1445.9399,1445.9399
901010,1600,1406.02,1406.02,1406.02,1406.02
901011,1600,1425.64,1425.64,1425.64,1425.64
901012,1600,1461.9,1461.9,1461.9,1461.9
901015,1600,1472.73,1472.73,1472.73,1472.73
901016,1600,1462.71,1462.71,1462.71,1462.71
901017,1600,1441.3101,1441.3101,1441.3101,1441.3101
901018,1600,1468.54,1468.54,1468.54,1468.54
901019,1600,1484.09,1484.09,1484.09,1484.09
901022,1600,1474.16,1474.16,1474.16,1474.16
901023,1600,1488.34,1488.34,1488.34,1488.34
901024,1600,1523.17,1523.17,1523.17,1523.17
901025,1600,1498.51,1498.51,1498.51,1498.51
901026,1600,1463.12,1463.12,1463.12,1463.12
901029,1600,1453.1801,1453.1801,1453.1801,1453.1801
901030,1600,1439.72,1439.72,1439.72,1439.72
901031,1600,1434.5,1434.5,1434.5,1434.5
901101,1600,1421.23,1421.23,1421.23,1421.23
901102,1600,1420.05,1420.05,1420.05,1420.05
901105,1600,1422.83,1422.83,1422.83,1422.83
901106,1600,1404.76,1404.76,1404.76,1404.76
901107,1600,1370.5,1370.5,1370.5,1370.5
901108,1600,1359.1801,1359.1801,1359.1801,1359.1801
901109,1600,1384.12,1384.12,1384.12,1384.12
901112,1600,1409.8199,1409.8199,1409.8199,1409.8199
901113,1600,1421.8101,1421.8101,1421.8101,1421.8101
901114,1600,1402.3,1402.3,1402.3,1402.3
901115,1600,1417.48,1417.48,1417.48,1417.48
901116,1600,1430.2,1430.2,1430.2,1430.2
901119,1600,1462.8101,1462.8101,1462.8101,1462.8101
901120,1600,1459.87,1459.87,1459.87,1459.87
901122,1600,1496.05,1496.05,1496.05,1496.05
901123,1600,1477.04,1477.04,1477.04,1477.04
901126,1600,1458.28,1458.28,1458.28,1458.28
901127,1600,1434.37,1434.37,1434.37,1434.37
901128,1600,1425.67,1425.67,1425.67,1425.67
901129,1600,1424.41,1424.41,1424.41,1424.41
901130,1600,1436.5699,1436.5699,1436.5699,1436.5699
901203,1600,1466.4,1466.4,1466.4,1466.4
901204,1600,1442.7,1442.7,1442.7,1442.7
901205,1600,1459.9,1459.9,1459.9,1459.9
901206,1600,1493.0601,1493.0601,1493.0601,1493.0601
901207,1600,1510.98,1510.98,1510.98,1510.98
901210,1600,1514.6,1514.6,1514.6,1514.6
901211,1600,1487.6801,1487.6801,1487.6801,1487.6801
901212,1600,1518.58,1518.58,1518.58,1518.58
901213,1600,1527.36,1527.36,1527.36,1527.36
901214,1600,1513.25,1513.25,1513.25,1513.25
901217,1600,1491.13,1491.13,1491.13,1491.13
901218,1600,1480.3199,1480.3199,1480.3199,1480.3199
901219,1600,1460.98,1460.98,1460.98,1460.98
901220,1600,1417.96,1417.96,1417.96,1417.96
901221,1600,1421.23,1421.23,1421.23,1421.23
901227,1600,1413.3199,1413.3199,1413.3199,1413.3199
901228,1600,1389.35,1389.35,1389.35,1389.35
910102,1600,1359.4301,1359.4301,1359.4301,1359.4301
910103,1600,1370.0601,1370.0601,1370.0601,1370.0601
910104,1600,1390.08,1390.08,1390.08,1390.08
910107,1600,1356.48,1356.48,1356.48,1356.48
910108,1600,1351.21,1351.21,1351.21,1351.21
910109,1600,1367.72,1367.72,1367.72,1367.72
910110,1600,1376.76,1376.76,1376.76,1376.76
910111,1600,1377.49,1377.49,1377.49,1377.49
910114,1600,1345.26,1345.26,1345.26,1345.26
910115,1600,1317.17,1317.17,1317.17,1317.17
910116,1600,1324.9399,1324.9399,1324.9399,1324.9399
910117,1600,1404.35,1404.35,1404.35,1404.35
910118,1600,1401.65,1401.65,1401.65,1401.65
910121,1600,1393.02,1393.02,1393.02,1393.02
910122,1600,1373.91,1373.91,1373.91,1373.91
910123,1600,1365.47,1365.47,1365.47,1365.47
910124,1600,1379.5699,1379.5699,1379.5699,1379.5699
910125,1600,1381.3,1381.3,1381.3,1381.3
910128,1600,1378.5,1378.5,1378.5,1378.5
910129,1600,1388.39,1388.39,1388.39,1388.39
910130,1600,1395.54,1395.54,1395.54,1395.54
910131,1600,1421.16,1421.16,1421.16,1421.16
910201,1600,1417.52,1417.52,1417.52,1417.52
910204,1600,1446.23,1446.23,1446.23,1446.23
910205,1600,1442.73,1442.73,1442.73,1442.73
910206,1600,1425.22,1425.22,1425.22,1425.22
910207,1600,1442.83,1442.83,1442.83,1442.83
910208,1600,1449.0699,1449.0699,1449.0699,1449.0699
910211,1600,1493.1801,1493.1801,1493.1801,1493.1801
910212,1600,1470.01,1470.01,1470.01,1470.01
910213,1600,1482.87,1482.87,1482.87,1482.87
910214,1600,1497.29,1497.29,1497.29,1497.29
910215,1600,1500.62,1500.62,1500.62,1500.62
910218,1600,1557.87,1557.87,1557.87,1557.87
910219,1600,1588.5601,1588.5601,1588.5601,1588.5601
910220,1600,1567.26,1567.26,1567.26,1567.26
910221,1600,1569.54,1569.54,1569.54,1569.54
910222,1600,1574.77,1574.77,1574.77,1574.77
910225,1600,1606.0601,1606.0601,1606.0601,1606.0601
910226,1600,1564.79,1564.79,1564.79,1564.79
910227,1600,1553.99,1553.99,1553.99,1553.99
910228,1600,1564.45,1564.45,1564.45,1564.45
910301,1600,1521.3,1521.3,1521.3,1521.3
910304,1600,1529.3101,1529.3101,1529.3101,1529.3101
910305,1600,1546.61,1546.61,1546.61,1546.61
910306,1600,1584.15,1584.15,1584.15,1584.15
910307,1600,1586.6899,1586.6899,1586.6899,1586.6899
910308,1600,1604.67,1604.67,1604.67,1604.67
910311,1600,1575.6899,1575.6899,1575.6899,1575.6899
910312,1600,1568.47,1568.47,1568.47,1568.47
910313,1600,1558.75,1558.75,1558.75,1558.75
910314,1600,1563.64,1563.64,1563.64,1563.64
910315,1600,1572.21,1572.21,1572.21,1572.21
910318,1600,1558.23,1558.23,1558.23,1558.23
910319,1600,1542.85,1542.85,1542.85,1542.85
910320,1600,1530.6899,1530.6899,1530.6899,1530.6899
910321,1600,1527.54,1527.54,1527.54,1527.54
910322,1600,1507.64,1507.64,1507.64,1507.64
910325,1600,1508.8101,1508.8101,1508.8101,1508.8101
910326,1600,1499.26,1499.26,1499.26,1499.26
910327,1600,1514.86,1514.86,1514.86,1514.86
910328,1600,1515.3199,1515.3199,1515.3199,1515.3199
910402,1600,1541.84,1541.84,1541.84,1541.84
910403,1600,1572.4399,1572.4399,1572.4399,1572.4399
910404,1600,1568.4,1568.4,1568.4,1568.4
910405,1600,1576.17,1576.17,1576.17,1576.17
910408,1600,1576.37,1576.37,1576.37,1576.37
910409,1600,1588.45,1588.45,1588.45,1588.45
910410,1600,1560.53,1560.53,1560.53,1560.53
910411,1600,1566.52,1566.52,1566.52,1566.52
910412,1600,1577.65,1577.65,1577.65,1577.65
910415,1600,1600.5,1600.5,1600.5,1600.5
910416,1600,1602.5,1602.5,1602.5,1602.5
910417,1600,1616.92,1616.92,1616.92,1616.92
910418,1600,1614.16,1614.16,1614.16,1614.16
910419,1600,1599.83,1599.83,1599.83,1599.83
910422,1600,1577.05,1577.05,1577.05,1577.05
910423,1600,1593.62,1593.62,1593.62,1593.62
910424,1600,1599.41,1599.41,1599.41,1599.41
910425,1600,1625.87,1625.87,1625.87,1625.87
910426,1600,1620.52,1620.52,1620.52,1620.52
910429,1600,1633.85,1633.85,1633.85,1633.85
910430,1600,1606.87,1606.87,1606.87,1606.87
910502,1600,1631.16,1631.16,1631.16,1631.16
910503,1600,1633.13,1633.13,1633.13,1633.13
910506,1600,1625.86,1625.86,1625.86,1625.86
910507,1600,1628.99,1628.99,1628.99,1628.99
910508,1600,1608.77,1608.77,1608.77,1608.77
910510,1600,1620.39,1620.39,1620.39,1620.39
910513,1600,1607.28,1607.28,1607.28,1607.28
910514,1600,1598.0699,1598.0699,1598.0699,1598.0699
910515,1600,1587.77,1587.77,1587.77,1587.77
910516,1600,1592.3199,1592.3199,1592.3199,1592.3199
910517,1600,1602.59,1602.59,1602.59,1602.59
910521,1600,1612.48,1612.48,1612.48,1612.48
910522,1600,1640.73,1640.73,1640.73,1640.73
910523,1600,1641.21,1641.21,1641.21,1641.21
910524,1600,1662.29,1662.29,1662.29,1662.29
910527,1600,1677.34,1677.34,1677.34,1677.34
910528,1600,1675.28,1675.28,1675.28,1675.28
910529,1600,1686.42,1686.42,1686.42,1686.42
910531,1600,1707.96,1707.96,1707.96,1707.96
910603,1600,1704.1899,1704.1899,1704.1899,1704.1899
910604,1600,1689.3,1689.3,1689.3,1689.3
910605,1600,1705.74,1705.74,1705.74,1705.74
910606,1600,1708.7,1708.7,1708.7,1708.7
910607,1600,1708.36,1708.36,1708.36,1708.36
910610,1600,1698.08,1698.08,1698.08,1698.08
910611,1600,1713.3,1713.3,1713.3,1713.3
910612,1600,1699.28,1699.28,1699.28,1699.28
910613,1600,1688.85,1688.85,1688.85,1688.85
910614,1600,1702.88,1702.88,1702.88,1702.88
910617,1600,1714.22,1714.22,1714.22,1714.22
910618,1600,1694.0,1694.0,1694.0,1694.0
910619,1600,1687.7,1687.7,1687.7,1687.7
910620,1600,1689.72,1689.72,1689.72,1689.72
910621,1600,1706.76,1706.76,1706.76,1706.76
910624,1600,1690.6801,1690.6801,1690.6801,1690.6801
910625,1600,1691.47,1691.47,1691.47,1691.47
910626,1600,1677.58,1677.58,1677.58,1677.58
910627,1600,1668.61,1668.61,1668.61,1668.61
910628,1600,1623.73,1623.73,1623.73,1623.73
910701,1600,1628.75,1628.75,1628.75,1628.75
910702,1600,1613.63,1613.63,1613.63,1613.63
910703,1600,1606.51,1606.51,1606.51,1606.51
910704,1600,1621.04,1621.04,1621.04,1621.04
910705,1600,1618.16,1618.16,1618.16,1618.16
910708,1600,1610.61,1610.61,1610.61,1610.61
910709,1600,1630.75,1630.75,1630.75,1630.75
910710,1600,1640.17,1640.17,1640.17,1640.17
910711,1600,1635.47,1635.47,1635.47,1635.47
910712,1600,1645.89,1645.89,1645.89,1645.89
910715,1600,1647.84,1647.84,1647.84,1647.84
910716,1600,1638.35,1638.35,1638.35,1638.35
910717,1600,1629.9301,1629.9301,1629.9301,1629.9301
910718,1600,1621.49,1621.49,1621.49,1621.49
910719,1600,1624.74,1624.74,1624.74,1624.74
910722,1600,1627.63,1627.63,1627.63,1627.63
910723,1600,1631.99,1631.99,1631.99,1631.99
910724,1600,1621.1801,1621.1801,1621.1801,1621.1801
910725,1600,1613.42,1613.42,1613.42,1613.42
910726,1600,1604.95,1604.95,1604.95,1604.95
910729,1600,1605.75,1605.75,1605.75,1605.75
910730,1600,1616.67,1616.67,1616.67,1616.67
910731,1600,1619.29,1619.29,1619.29,1619.29
910801,1600,1620.49,1620.49,1620.49,1620.49
910802,1600,1619.67,1619.67,1619.67,1619.67
910805,1600,1623.0699,1623.0699,1623.0699,1623.0699
910806,1600,1613.98,1613.98,1613.98,1613.98
910807,1600,1631.87,1631.87,1631.87,1631.87
910808,1600,1630.37,1630.37,1630.37,1630.37
910809,1600,1633.47,1633.47,1633.47,1633.47
910812,1600,1626.55,1626.55,1626.55,1626.55
910813,1600,1650.4301,1650.4301,1650.4301,1650.4301
910814,1600,1650.0601,1650.0601,1650.0601,1650.0601
910815,1600,1654.11,1654.11,1654.11,1654.11
910816,1600,1653.6,1653.6,1653.6,1653.6
910819,1600,1501.8199,1501.8199,1501.8199,1501.8199
910820,1600,1524.28,1524.28,1524.28,1524.28
910821,1600,1603.65,1603.65,1603.65,1603.65
910822,1600,1622.49,1622.49,1622.49,1622.49
910823,1600,1636.6801,1636.6801,1636.6801,1636.6801
910826,1600,1652.1,1652.1,1652.1,1652.1
910827,1600,1645.8101,1645.8101,1645.8101,1645.8101
910828,1600,1650.36,1650.36,1650.36,1650.36
910829,1600,1651.55,1651.55,1651.55,1651.55
910830,1600,1649.88,1649.88,1649.88,1649.88
910902,1600,1653.52,1653.52,1653.52,1653.52
910903,1600,1657.51,1657.51,1657.51,1657.51
910904,1600,1649.55,1649.55,1649.55,1649.55
910905,1600,1649.09,1649.09,1649.09,1649.09
910906,1600,1646.41,1646.41,1646.41,1646.41
910909,1600,1638.65,1638.65,1638.65,1638.65
910910,1600,1625.8,1625.8,1625.8,1625.8
910911,1600,1628.64,1628.64,1628.64,1628.64
910912,1600,1632.22,1632.22,1632.22,1632.22
910913,1600,1633.65,1633.65,1633.65,1633.65
910916,1600,1631.17,1631.17,1631.17,1631.17
910917,1600,1635.8,1635.8,1635.8,1635.8
910918,1600,1621.27,1621.27,1621.27,1621.27
910919,1600,1624.7,1624.7,1624.7,1624.7
910920,1600,1616.13,1616.13,1616.13,1616.13
910923,1600,1618.12,1618.12,1618.12,1618.12
910924,1600,1627.8,1627.8,1627.8,1627.8
910925,1600,1625.79,1625.79,1625.79,1625.79
910926,1600,1614.8,1614.8,1614.8,1614.8
910927,1600,1612.8,1612.8,1612.8,1612.8
910930,1600,1605.47,1605.47,1605.47,1605.47
911001,1600,1609.3199,1609.3199,1609.3199,1609.3199
911002,1600,1607.48,1607.48,1607.48,1607.48
911004,1600,1604.89,1604.89,1604.89,1604.89
911007,1600,1589.12,1589.12,1589.12,1589.12
911008,1600,1582.27,1582.27,1582.27,1582.27
911009,1600,1567.99,1567.99,1567.99,1567.99
911010,1600,1568.16,1568.16,1568.16,1568.16
911011,1600,1569.71,1569.71,1569.71,1569.71
911014,1600,1571.74,1571.74,1571.74,1571.74
911015,1600,1585.41,1585.41,1585.41,1585.41
911016,1600,1570.01,1570.01,1570.01,1570.01
911017,1600,1561.89,1561.89,1561.89,1561.89
911018,1600,1565.1801,1565.1801,1565.1801,1565.1801
911021,1600,1570.34,1570.34,1570.34,1570.34
911022,1600,1577.0,1577.0,1577.0,1577.0
911023,1600,1590.29,1590.29,1590.29,1590.29
911024,1600,1572.72,1572.72,1572.72,1572.72
911025,1600,1572.0699,1572.0699,1572.0699,1572.0699
911028,1600,1579.1899,1579.1899,1579.1899,1579.1899
911029,1600,1588.73,1588.73,1588.73,1588.73
911030,1600,1586.01,1586.01,1586.01,1586.01
911031,1600,1579.77,1579.77,1579.77,1579.77
911101,1600,1572.58,1572.58,1572.58,1572.58
911104,1600,1568.09,1568.09,1568.09,1568.09
911105,1600,1578.21,1578.21,1578.21,1578.21
911106,1600,1573.9399,1573.9399,1573.9399,1573.9399
911107,1600,1582.0601,1582.0601,1582.0601,1582.0601
911108,1600,1610.1801,1610.1801,1610.1801,1610.1801
911111,1600,1605.16,1605.16,1605.16,1605.16
911112,1600,1623.84,1623.84,1623.84,1623.84
911113,1600,1615.26,1615.26,1615.26,1615.26
911114,1600,1627.08,1627.08,1627.08,1627.08
911115,1600,1626.97,1626.97,1626.97,1626.97
911118,1600,1605.7,1605.7,1605.7,1605.7
911119,1600,1589.7,1589.7,1589.7,1589.7
911121,1600,1603.26,1603.26,1603.26,1603.26
911122,1600,1599.75,1599.75,1599.75,1599.75
911125,1600,1590.86,1590.86,1590.86,1590.86
911126,1600,1603.5,1603.5,1603.5,1603.5
911127,1600,1589.86,1589.86,1589.86,1589.86
911128,1600,1587.92,1587.92,1587.92,1587.92
911129,1600,1571.0601,1571.0601,1571.0601,1571.0601
911202,1600,1549.8101,1549.8101,1549.8101,1549.8101
911203,1600,1549.36,1549.36,1549.36,1549.36
911204,1600,1554.65,1554.65,1554.65,1554.65
911205,1600,1557.52,1557.52,1557.52,1557.52
911206,1600,1555.3101,1555.3101,1555.3101,1555.3101
911209,1600,1559.76,1559.76,1559.76,1559.76
911210,1600,1548.4399,1548.4399,1548.4399,1548.4399
911211,1600,1543.99,1543.99,1543.99,1543.99
911212,1600,1550.21,1550.21,1550.21,1550.21
911213,1600,1557.03,1557.03,1557.03,1557.03
911216,1600,1551.78,1551.78,1551.78,1551.78
911217,1600,1562.89,1562.89,1562.89,1562.89
911218,1600,1570.28,1570.28,1570.28,1570.28
911219,1600,1559.26,1559.26,1559.26,1559.26
911220,1600,1545.87,1545.87,1545.87,1545.87
911223,1600,1542.77,1542.77,1542.77,1542.77
911227,1600,1564.27,1564.27,1564.27,1564.27
911230,1600,1577.26,1577.26,1577.26,1577.26
920102,1600,1598.1899,1598.1899,1598.1899,1598.1899
920103,1600,1604.05,1604.05,1604.05,1604.05
920106,1600,1604.6899,1604.6899,1604.6899,1604.6899
920107,1600,1593.65,1593.65,1593.65,1593.65
920108,1600,1581.6801,1581.6801,1581.6801,1581.6801
920109,1600,1599.14,1599.14,1599.14,1599.14
920110,1600,1613.8199,1613.8199,1613.8199,1613.8199
920113,1600,1620.45,1620.45,1620.45,1620.45
920114,1600,1629.51,1629.51,1629.51,1629.51
920115,1600,1663.7,1663.7,1663.7,1663.7
920116,1600,1664.09,1664.09,1664.09,1664.09
920117,1600,1669.29,1669.29,1669.29,1669.29
920120,1600,1685.14,1685.14,1685.14,1685.14
920121,1600,1687.0699,1687.0699,1687.0699,1687.0699
920122,1600,1680.13,1680.13,1680.13,1680.13
920123,1600,1671.84,1671.84,1671.84,1671.84
920124,1600,1669.52,1669.52,1669.52,1669.52
920127,1600,1686.71,1686.71,1686.71,1686.71
920128,1600,1685.51,1685.51,1685.51,1685.51
920129,1600,1671.01,1671.01,1671.01,1671.01
920130,1600,1683.0601,1683.0601,1683.0601,1683.0601
920131,1600,1685.7,1685.7,1685.7,1685.7
920203,1600,1685.66,1685.66,1685.66,1685.66
920204,1600,1678.77,1678.77,1678.77,1678.77
920205,1600,1685.85,1685.85,1685.85,1685.85
920206,1600,1683.71,1683.71,1683.71,1683.71
920207,1600,1686.59,1686.59,1686.59,1686.59
920210,1600,1683.73,1683.73,1683.73,1683.73
920211,1600,1679.14,1679.14,1679.14,1679.14
920212,1600,1685.03,1685.03,1685.03,1685.03
920213,1600,1680.8101,1680.8101,1680.8101,1680.8101
920214,1600,1676.17,1676.17,1676.17,1676.17
920217,1600,1688.46,1688.46,1688.46,1688.46
920218,1600,1696.55,1696.55,1696.55,1696.55
920219,1600,1690.24,1690.24,1690.24,1690.24
920220,1600,1711.35,1711.35,1711.35,1711.35
920221,1600,1711.29,1711.29,1711.29,1711.29
920224,1600,1729.86,1729.86,1729.86,1729.86
920225,1600,1716.63,1716.63,1716.63,1716.63
920226,1600,1743.36,1743.36,1743.36,1743.36
920227,1600,1745.17,1745.17,1745.17,1745.17
920228,1600,1746.76,1746.76,1746.76,1746.76
920302,1600,1749.29,1749.29,1749.29,1749.29
920303,1600,1763.86,1763.86,1763.86,1763.86
920304,1600,1762.27,1762.27,1762.27,1762.27
920305,1600,1762.29,1762.29,1762.29,1762.29
920306,1600,1746.77,1746.77,1746.77,1746.77
920309,1600,1753.5,1753.5,1753.5,1753.5
920310,1600,1753.21,1753.21,1753.21,1753.21
920311,1600,1739.88,1739.88,1739.88,1739.88
920312,1600,1723.92,1723.92,1723.92,1723.92
920313,1600,1734.42,1734.42,1734.42,1734.42
920316,1600,1723.13,1723.13,1723.13,1723.13
920317,1600,1732.92,1732.92,1732.92,1732.92
920318,1600,1729.89,1729.89,1729.89,1729.89
920319,1600,1725.74,1725.74,1725.74,1725.74
920320,1600,1730.9,1730.9,1730.9,1730.9
920323,1600,1714.17,1714.17,1714.17,1714.17
920324,1600,1716.2,1716.2,1716.2,1716.2
920325,1600,1719.0601,1719.0601,1719.0601,1719.0601
920326,1600,1718.21,1718.21,1718.21,1718.21
920327,1600,1698.84,1698.84,1698.84,1698.84
920330,1600,1714.76,1714.76,1714.76,1714.76
920331,1600,1718.35,1718.35,1718.35,1718.35
920401,1600,1706.6899,1706.6899,1706.6899,1706.6899
920402,1600,1723.37,1723.37,1723.37,1723.37
920403,1600,1716.1801,1716.1801,1716.1801,1716.1801
920406,1600,1738.78,1738.78,1738.78,1738.78
920407,1600,1737.41,1737.41,1737.41,1737.41
920408,1600,1714.77,1714.77,1714.77,1714.77
920409,1600,1724.24,1724.24,1724.24,1724.24
920410,1600,1733.77,1733.77,1733.77,1733.77
920413,1600,1729.96,1729.96,1729.96,1729.96
920414,1600,1734.46,1734.46,1734.46,1734.46
920415,1600,1744.35,1744.35,1744.35,1744.35
920416,1600,1746.88,1746.88,1746.88,1746.88
920421,1600,1747.47,1747.47,1747.47,1747.47
920422,1600,1753.1,1753.1,1753.1,1753.1
920423,1600,1745.17,1745.17,1745.17,1745.17
920424,1600,1745.72,1745.72,1745.72,1745.72
920427,1600,1742.92,1742.92,1742.92,1742.92
920428,1600,1731.6801,1731.6801,1731.6801,1731.6801
920429,1600,1731.1801,1731.1801,1731.1801,1731.1801
920430,1600,1728.09,1728.09,1728.09,1728.09
920504,1600,1731.29,1731.29,1731.29,1731.29
920505,1600,1733.8199,1733.8199,1733.8199,1733.8199
920506,1600,1745.78,1745.78,1745.78,1745.78
920507,1600,1752.5699,1752.5699,1752.5699,1752.5699
920508,1600,1748.13,1748.13,1748.13,1748.13
920511,1600,1750.7,1750.7,1750.7,1750.7
920512,1600,1747.91,1747.91,1747.91,1747.91
920513,1600,1745.79,1745.79,1745.79,1745.79
920514,1600,1735.34,1735.34,1735.34,1735.34
920515,1600,1719.92,1719.92,1719.92,1719.92
920518,1600,1763.59,1763.59,1763.59,1763.59
920519,1600,1766.76,1766.76,1766.76,1766.76
920520,1600,1785.4,1785.4,1785.4,1785.4
920521,1600,1783.5601,1783.5601,1783.5601,1783.5601
920522,1600,1804.42,1804.42,1804.42,1804.42
920525,1600,1812.33,1812.33,1812.33,1812.33
920526,1600,1799.51,1799.51,1799.51,1799.51
920527,1600,1792.8,1792.8,1792.8,1792.8
920529,1600,1806.36,1806.36,1806.36,1806.36
920601,1600,1798.23,1798.23,1798.23,1798.23
920602,1600,1800.62,1800.62,1800.62,1800.62
920603,1600,1786.1899,1786.1899,1786.1899,1786.1899
920604,1600,1791.35,1791.35,1791.35,1791.35
920605,1600,1789.05,1789.05,1789.05,1789.05
920609,1600,1784.71,1784.71,1784.71,1784.71
920610,1600,1789.45,1789.45,1789.45,1789.45
920611,1600,1779.74,1779.74,1779.74,1779.74
920612,1600,1786.97,1786.97,1786.97,1786.97
920615,1600,1773.25,1773.25,1773.25,1773.25
920616,1600,1781.62,1781.62,1781.62,1781.62
920617,1600,1773.75,1773.75,1773.75,1773.75
920619,1600,1776.34,1776.34,1776.34,1776.34
920622,1600,1770.72,1770.72,1770.72,1770.72
920623,1600,1772.39,1772.39,1772.39,1772.39
920624,1600,1762.55,1762.55,1762.55,1762.55
920625,1600,1764.35,1764.35,1764.35,1764.35
920626,1600,1752.83,1752.83,1752.83,1752.83
920629,1600,1755.98,1755.98,1755.98,1755.98
920630,1600,1754.95,1754.95,1754.95,1754.95
920701,1600,1759.9,1759.9,1759.9,1759.9
920702,1600,1759.84,1759.84,1759.84,1759.84
920703,1600,1776.5,1776.5,1776.5,1776.5
920706,1600,1769.98,1769.98,1769.98,1769.98
920707,1600,1766.98,1766.98,1766.98,1766.98
920708,1600,1752.29,1752.29,1752.29,1752.29
920709,1600,1760.17,1760.17,1760.17,1760.17
920710,1600,1750.3199,1750.3199,1750.3199,1750.3199
920713,1600,1731.4399,1731.4399,1731.4399,1731.4399
920714,1600,1735.51,1735.51,1735.51,1735.51
920715,1600,1733.84,1733.84,1733.84,1733.84
920716,1600,1730.78,1730.78,1730.78,1730.78
920717,1600,1699.46,1699.46,1699.46,1699.46
920720,1600,1652.71,1652.71,1652.71,1652.71
920721,1600,1654.09,1654.09,1654.09,1654.09
920722,1600,1636.8101,1636.8101,1636.8101,1636.8101
920723,1600,1622.8101,1622.8101,1622.8101,1622.8101
920724,1600,1613.36,1613.36,1613.36,1613.36
920727,1600,1617.78,1617.78,1617.78,1617.78
920728,1600,1617.1801,1617.1801,1617.1801,1617.1801
920729,1600,1637.62,1637.62,1637.62,1637.62
920730,1600,1622.2,1622.2,1622.2,1622.2
920731,1600,1608.49,1608.49,1608.49,1608.49
920803,1600,1605.11,1605.11,1605.11,1605.11
920804,1600,1609.61,1609.61,1609.61,1609.61
920805,1600,1624.9399,1624.9399,1624.9399,1624.9399
920806,1600,1618.0699,1618.0699,1618.0699,1618.0699
920807,1600,1611.96,1611.96,1611.96,1611.96
920810,1600,1578.95,1578.95,1578.95,1578.95
920811,1600,1561.39,1561.39,1561.39,1561.39
920812,1600,1547.87,1547.87,1547.87,1547.87
920813,1600,1548.63,1548.63,1548.63,1548.63
920814,1600,1560.16,1560.16,1560.16,1560.16
920817,1600,1554.76,1554.76,1554.76,1554.76
920818,1600,1531.87,1531.87,1531.87,1531.87
920819,1600,1526.14,1526.14,1526.14,1526.14
920820,1600,1509.03,1509.03,1509.03,1509.03
920821,1600,1530.03,1530.03,1530.03,1530.03
920824,1600,1484.97,1484.97,1484.97,1484.97
920825,1600,1464.03,1464.03,1464.03,1464.03
920826,1600,1475.11,1475.11,1475.11,1475.11
920827,1600,1516.12,1516.12,1516.12,1516.12
920828,1600,1519.6899,1519.6899,1519.6899,1519.6899
920831,1600,1529.97,1529.97,1529.97,1529.97
920901,1600,1516.4399,1516.4399,1516.4399,1516.4399
920902,1600,1515.53,1515.53,1515.53,1515.53
920903,1600,1543.89,1543.89,1543.89,1543.89
920904,1600,1534.72,1534.72,1534.72,1534.72
920907,1600,1538.66,1538.66,1538.66,1538.66
920908,1600,1536.71,1536.71,1536.71,1536.71
920909,1600,1523.83,1523.83,1523.83,1523.83
920910,1600,1527.1,1527.1,1527.1,1527.1
920911,1600,1530.2,1530.2,1530.2,1530.2
920914,1600,1601.5,1601.5,1601.5,1601.5
920915,1600,1580.29,1580.29,1580.29,1580.29
920916,1600,1595.09,1595.09,1595.09,1595.09
920917,1600,1579.47,1579.47,1579.47,1579.47
920918,1600,1600.59,1600.59,1600.59,1600.59
920921,1600,1566.0,1566.0,1566.0,1566.0
920922,1600,1557.01,1557.01,1557.01,1557.01
920923,1600,1542.74,1542.74,1542.74,1542.74
920924,1600,1536.3,1536.3,1536.3,1536.3
920925,1600,1510.66,1510.66,1510.66,1510.66
920928,1600,1481.03,1481.03,1481.03,1481.03
920929,1600,1483.83,1483.83,1483.83,1483.83
920930,1600,1470.09,1470.09,1470.09,1470.09
921001,1600,1484.78,1484.78,1484.78,1484.78
921002,1600,1475.41,1475.41,1475.41,1475.41
921005,1600,1402.34,1402.34,1402.34,1402.34
921006,1600,1421.49,1421.49,1421.49,1421.49
921007,1600,1434.61,1434.61,1434.61,1434.61
921008,1600,1446.3199,1446.3199,1446.3199,1446.3199
921009,1600,1437.65,1437.65,1437.65,1437.65
921012,1600,1441.5699,1441.5699,1441.5699,1441.5699
921013,1600,1471.64,1471.64,1471.64,1471.64
921014,1600,1453.95,1453.95,1453.95,1453.95
921015,1600,1453.79,1453.79,1453.79,1453.79
921016,1600,1458.02,1458.02,1458.02,1458.02
921019,1600,1479.59,1479.59,1479.59,1479.59
921020,1600,1504.89,1504.89,1504.89,1504.89
921021,1600,1496.54,1496.54,1496.54,1496.54
921022,1600,1511.0,1511.0,1511.0,1511.0
921023,1600,1528.86,1528.86,1528.86,1528.86
921026,1600,1534.02,1534.02,1534.02,1534.02
921027,1600,1536.6,1536.6,1536.6,1536.6
921028,1600,1508.1899,1508.1899,1508.1899,1508.1899
921029,1600,1493.54,1493.54,1493.54,1493.54
921030,1600,1489.6801,1489.6801,1489.6801,1489.6801
921102,1600,1482.4399,1482.4399,1482.4399,1482.4399
921103,1600,1483.34,1483.34,1483.34,1483.34
921104,1600,1470.5699,1470.5699,1470.5699,1470.5699
921105,1600,1484.84,1484.84,1484.84,1484.84
921106,1600,1487.71,1487.71,1487.71,1487.71
921109,1600,1508.63,1508.63,1508.63,1508.63
921110,1600,1515.27,1515.27,1515.27,1515.27
921111,1600,1509.84,1509.84,1509.84,1509.84
921112,1600,1542.28,1542.28,1542.28,1542.28
921113,1600,1541.79,1541.79,1541.79,1541.79
921116,1600,1542.48,1542.48,1542.48,1542.48
921117,1600,1550.27,1550.27,1550.27,1550.27
921119,1600,1543.37,1543.37,1543.37,1543.37
921120,1600,1547.84,1547.84,1547.84,1547.84
921123,1600,1523.62,1523.62,1523.62,1523.62
921124,1600,1526.6801,1526.6801,1526.6801,1526.6801
921125,1600,1513.42,1513.42,1513.42,1513.42
921126,1600,1523.02,1523.02,1523.02,1523.02
921127,1600,1529.6899,1529.6899,1529.6899,1529.6899
921130,1600,1545.12,1545.12,1545.12,1545.12
921201,1600,1546.8199,1546.8199,1546.8199,1546.8199
921202,1600,1528.12,1528.12,1528.12,1528.12
921203,1600,1530.65,1530.65,1530.65,1530.65
921204,1600,1526.25,1526.25,1526.25,1526.25
921207,1600,1519.48,1519.48,1519.48,1519.48
921208,1600,1506.65,1506.65,1506.65,1506.65
921209,1600,1504.3,1504.3,1504.3,1504.3
921210,1600,1480.65,1480.65,1480.65,1480.65
921211,1600,1476.7,1476.7,1476.7,1476.7
921214,1600,1478.0699,1478.0699,1478.0699,1478.0699
921215,1600,1479.62,1479.62,1479.62,1479.62
921216,1600,1477.55,1477.55,1477.55,1477.55
921217,1600,1472.59,1472.59,1472.59,1472.59
921218,1600,1495.6,1495.6,1495.6,1495.6
921221,1600,1517.45,1517.45,1517.45,1517.45
921222,1600,1520.9301,1520.9301,1520.9301,1520.9301
921223,1600,1527.0601,1527.0601,1527.0601,1527.0601
921228,1600,1547.51,1547.51,1547.51,1547.51
921229,1600,1545.8199,1545.8199,1545.8199,1545.8199
921230,1600,1538.4301,1538.4301,1538.4301,1538.4301
930104,1600,1538.04,1538.04,1538.04,1538.04
930105,1600,1554.03,1554.03,1554.03,1554.03
930106,1600,1551.17,1551.17,1551.17,1551.17
930107,1600,1538.37,1538.37,1538.37,1538.37
930108,1600,1529.1,1529.1,1529.1,1529.1
930111,1600,1522.26,1522.26,1522.26,1522.26
930112,1600,1533.79,1533.79,1533.79,1533.79
930113,1600,1510.1801,1510.1801,1510.1801,1510.1801
930114,1600,1526.91,1526.91,1526.91,1526.91
930115,1600,1555.52,1555.52,1555.52,1555.52
930118,1600,1581.49,1581.49,1581.49,1581.49
930119,1600,1572.61,1572.61,1572.61,1572.61
930120,1600,1572.6899,1572.6899,1572.6899,1572.6899
930121,1600,1580.64,1580.64,1580.64,1580.64
930122,1600,1593.35,1593.35,1593.35,1593.35
930125,1600,1571.28,1571.28,1571.28,1571.28
930126,1600,1575.59,1575.59,1575.59,1575.59
930127,1600,1561.78,1561.78,1561.78,1561.78
930128,1600,1572.6801,1572.6801,1572.6801,1572.6801
930129,1600,1574.04,1574.04,1574.04,1574.04
930201,1600,1590.33,1590.33,1590.33,1590.33
930202,1600,1584.14,1584.14,1584.14,1584.14
930203,1600,1605.91,1605.91,1605.91,1605.91
930204,1600,1615.98,1615.98,1615.98,1615.98
930205,1600,1643.83,1643.83,1643.83,1643.83
930208,1600,1646.85,1646.85,1646.85,1646.85
930209,1600,1639.12,1639.12,1639.12,1639.12
930210,1600,1642.8,1642.8,1642.8,1642.8
930211,1600,1659.0699,1659.0699,1659.0699,1659.0699
930212,1600,1649.64,1649.64,1649.64,1649.64
930215,1600,1674.9301,1674.9301,1674.9301,1674.9301
930216,1600,1651.6,1651.6,1651.6,1651.6
930217,1600,1656.35,1656.35,1656.35,1656.35
930218,1600,1670.9,1670.9,1670.9,1670.9
930219,1600,1683.3,1683.3,1683.3,1683.3
930222,1600,1679.41,1679.41,1679.41,1679.41
930223,1600,1658.09,1658.09,1658.09,1658.09
930224,1600,1652.92,1652.92,1652.92,1652.92
930225,1600,1661.96,1661.96,1661.96,1661.96
930226,1600,1680.02,1680.02,1680.02,1680.02
930301,1600,1691.37,1691.37,1691.37,1691.37
930302,1600,1701.46,1701.46,1701.46,1701.46
930303,1600,1690.48,1690.48,1690.48,1690.48
930304,1600,1685.46,1685.46,1685.46,1685.46
930305,1600,1686.15,1686.15,1686.15,1686.15
930308,1600,1702.27,1702.27,1702.27,1702.27
930309,1600,1711.91,1711.91,1711.91,1711.91
930310,1600,1714.48,1714.48,1714.48,1714.48
930311,1600,1708.65,1708.65,1708.65,1708.65
930312,1600,1688.74,1688.74,1688.74,1688.74
930315,1600,1705.05,1705.05,1705.05,1705.05
930316,1600,1700.28,1700.28,1700.28,1700.28
930317,1600,1689.71,1689.71,1689.71,1689.71
930318,1600,1696.38,1696.38,1696.38,1696.38
930319,1600,1686.5699,1686.5699,1686.5699,1686.5699
930322,1600,1656.59,1656.59,1656.59,1656.59
930323,1600,1653.2,1653.2,1653.2,1653.2
930324,1600,1666.72,1666.72,1666.72,1666.72
930325,1600,1663.27,1663.27,1663.27,1663.27
930326,1600,1667.26,1667.26,1667.26,1667.26
930329,1600,1675.1801,1675.1801,1675.1801,1675.1801
930330,1600,1686.64,1686.64,1686.64,1686.64
930331,1600,1676.84,1676.84,1676.84,1676.84
930401,1600,1670.04,1670.04,1670.04,1670.04
930402,1600,1657.0601,1657.0601,1657.0601,1657.0601
930405,1600,1658.36,1658.36,1658.36,1658.36
930406,1600,1667.64,1667.64,1667.64,1667.64
930407,1600,1654.6,1654.6,1654.6,1654.6
930408,1600,1658.13,1658.13,1658.13,1658.13
930413,1600,1671.54,1671.54,1671.54,1671.54
930414,1600,1674.95,1674.95,1674.95,1674.95
930415,1600,1674.67,1674.67,1674.67,1674.67
930416,1600,1678.65,1678.65,1678.65,1678.65
930419,1600,1687.14,1687.14,1687.14,1687.14
930420,1600,1680.0601,1680.0601,1680.0601,1680.0601
930421,1600,1666.49,1666.49,1666.49,1666.49
930422,1600,1680.01,1680.01,1680.01,1680.01
930423,1600,1656.03,1656.03,1656.03,1656.03
930426,1600,1643.53,1643.53,1643.53,1643.53
930427,1600,1636.59,1636.59,1636.59,1636.59
930428,1600,1630.88,1630.88,1630.88,1630.88
930429,1600,1618.6,1618.6,1618.6,1618.6
930430,1600,1626.83,1626.83,1626.83,1626.83
930503,1600,1632.0,1632.0,1632.0,1632.0
930504,1600,1619.92,1619.92,1619.92,1619.92
930505,1600,1628.88,1628.88,1628.88,1628.88
930506,1600,1617.74,1617.74,1617.74,1617.74
930507,1600,1607.7,1607.7,1607.7,1607.7
930510,1600,1616.45,1616.45,1616.45,1616.45
930511,1600,1613.46,1613.46,1613.46,1613.46
930512,1600,1632.99,1632.99,1632.99,1632.99
930513,1600,1636.02,1636.02,1636.02,1636.02
930514,1600,1632.35,1632.35,1632.35,1632.35
930517,1600,1630.37,1630.37,1630.37,1630.37
930518,1600,1619.26,1619.26,1619.26,1619.26
930519,1600,1606.64,1606.64,1606.64,1606.64
930521,1600,1613.98,1613.98,1613.98,1613.98
930524,1600,1608.58,1608.58,1608.58,1608.58
930525,1600,1623.05,1623.05,1623.05,1623.05
930526,1600,1617.1801,1617.1801,1617.1801,1617.1801
930527,1600,1633.1801,1633.1801,1633.1801,1633.1801
930528,1600,1627.21,1627.21,1627.21,1627.21
930601,1600,1625.59,1625.59,1625.59,1625.59
930602,1600,1628.53,1628.53,1628.53,1628.53
930603,1600,1630.5601,1630.5601,1630.5601,1630.5601
930604,1600,1638.47,1638.47,1638.47,1638.47
930607,1600,1660.88,1660.88,1660.88,1660.88
930608,1600,1662.28,1662.28,1662.28,1662.28
930609,1600,1679.6899,1679.6899,1679.6899,1679.6899
930611,1600,1685.85,1685.85,1685.85,1685.85
930614,1600,1686.4399,1686.4399,1686.4399,1686.4399
930615,1600,1684.5699,1684.5699,1684.5699,1684.5699
930616,1600,1689.9301,1689.9301,1689.9301,1689.9301
930617,1600,1681.47,1681.47,1681.47,1681.47
930618,1600,1687.14,1687.14,1687.14,1687.14
930621,1600,1697.26,1697.26,1697.26,1697.26
930622,1600,1698.33,1698.33,1698.33,1698.33
930623,1600,1690.96,1690.96,1690.96,1690.96
930624,1600,1692.16,1692.16,1692.16,1692.16
930625,1600,1699.52,1699.52,1699.52,1699.52
930628,1600,1712.33,1712.33,1712.33,1712.33
930629,1600,1703.05,1703.05,1703.05,1703.05
930630,1600,1700.9301,1700.9301,1700.9301,1700.9301
930701,1600,1698.36,1698.36,1698.36,1698.36
930702,1600,1697.39,1697.39,1697.39,1697.39
930705,1600,1694.83,1694.83,1694.83,1694.83
930706,1600,1705.66,1705.66,1705.66,1705.66
930707,1600,1739.48,1739.48,1739.48,1739.48
930708,1600,1798.63,1798.63,1798.63,1798.63
930709,1600,1798.36,1798.36,1798.36,1798.36
930712,1600,1808.74,1808.74,1808.74,1808.74
930713,1600,1806.52,1806.52,1806.52,1806.52
930714,1600,1815.63,1815.63,1815.63,1815.63
930715,1600,1807.12,1807.12,1807.12,1807.12
930716,1600,1829.36,1829.36,1829.36,1829.36
930719,1600,1835.09,1835.09,1835.09,1835.09
930720,1600,1826.45,1826.45,1826.45,1826.45
930721,1600,1821.28,1821.28,1821.28,1821.28
930722,1600,1828.53,1828.53,1828.53,1828.53
930723,1600,1830.61,1830.61,1830.61,1830.61
930726,1600,1859.49,1859.49,1859.49,1859.49
930727,1600,1846.02,1846.02,1846.02,1846.02
930728,1600,1832.2,1832.2,1832.2,1832.2
930729,1600,1823.4,1823.4,1823.4,1823.4
930730,1600,1823.0699,1823.0699,1823.0699,1823.0699
930802,1600,1818.1,1818.1,1818.1,1818.1
930803,1600,1857.36,1857.36,1857.36,1857.36
930804,1600,1861.22,1861.22,1861.22,1861.22
930805,1600,1870.8,1870.8,1870.8,1870.8
930806,1600,1878.9399,1878.9399,1878.9399,1878.9399
930809,1600,1870.24,1870.24,1870.24,1870.24
930810,1600,1864.51,1864.51,1864.51,1864.51
930811,1600,1894.5601,1894.5601,1894.5601,1894.5601
930812,1600,1908.6899,1908.6899,1908.6899,1908.6899
930813,1600,1917.6899,1917.6899,1917.6899,1917.6899
930816,1600,1903.4399,1903.4399,1903.4399,1903.4399
930817,1600,1918.75,1918.75,1918.75,1918.75
930818,1600,1930.29,1930.29,1930.29,1930.29
930819,1600,1937.77,1937.77,1937.77,1937.77
930820,1600,1909.53,1909.53,1909.53,1909.53
930823,1600,1893.48,1893.48,1893.48,1893.48
930824,1600,1907.65,1907.65,1907.65,1907.65
930825,1600,1915.59,1915.59,1915.59,1915.59
930826,1600,1890.58,1890.58,1890.58,1890.58
930827,1600,1909.54,1909.54,1909.54,1909.54
930830,1600,1929.5601,1929.5601,1929.5601,1929.5601
930831,1600,1931.88,1931.88,1931.88,1931.88
930901,1600,1923.67,1923.67,1923.67,1923.67
930902,1600,1928.63,1928.63,1928.63,1928.63
930903,1600,1920.4301,1920.4301,1920.4301,1920.4301
930906,1600,1911.15,1911.15,1911.15,1911.15
930907,1600,1878.77,1878.77,1878.77,1878.77
930908,1600,1870.3199,1870.3199,1870.3199,1870.3199
930909,1600,1870.46,1870.46,1870.46,1870.46
930910,1600,1868.28,1868.28,1868.28,1868.28
930913,1600,1874.38,1874.38,1874.38,1874.38
930914,1600,1869.25,1869.25,1869.25,1869.25
930915,1600,1852.8101,1852.8101,1852.8101,1852.8101
930916,1600,1862.62,1862.62,1862.62,1862.62
930917,1600,1884.67,1884.67,1884.67,1884.67
930920,1600,1922.6899,1922.6899,1922.6899,1922.6899
930921,1600,1922.05,1922.05,1922.05,1922.05
930922,1600,1899.54,1899.54,1899.54,1899.54
930923,1600,1902.14,1902.14,1902.14,1902.14
930924,1600,1890.1801,1890.1801,1890.1801,1890.1801
930927,1600,1914.4,1914.4,1914.4,1914.4
930928,1600,1915.61,1915.61,1915.61,1915.61
930929,1600,1908.97,1908.97,1908.97,1908.97
930930,1600,1910.23,1910.23,1910.23,1910.23
931001,1600,1920.46,1920.46,1920.46,1920.46
931004,1600,1934.99,1934.99,1934.99,1934.99
931005,1600,1973.45,1973.45,1973.45,1973.45
931006,1600,1994.09,1994.09,1994.09,1994.09
931007,1600,1991.95,1991.95,1991.95,1991.95
931008,1600,2015.71,2015.71,2015.71,2015.71
931011,1600,2009.28,2009.28,2009.28,2009.28
931012,1600,2004.11,2004.11,2004.11,2004.11
931013,1600,1999.6,1999.6,1999.6,1999.6
931014,1600,1995.35,1995.35,1995.35,1995.35
931015,1600,2023.26,2023.26,2023.26,2023.26
931018,1600,2032.25,2032.25,2032.25,2032.25
931019,1600,2036.9301,2036.9301,2036.9301,2036.9301
931020,1600,2029.87,2029.87,2029.87,2029.87
931021,1600,2048.05,2048.05,2048.05,2048.05
931022,1600,2083.6201,2083.6201,2083.6201,2083.6201
931025,1600,2061.1799,2061.1799,2061.1799,2061.1799
931026,1600,2048.75,2048.75,2048.75,2048.75
931027,1600,2040.97,2040.97,2040.97,2040.97
931028,1600,2053.6599,2053.6599,2053.6599,2053.6599
931029,1600,2064.98,2064.98,2064.98,2064.98
931101,1600,2068.51,2068.51,2068.51,2068.51
931102,1600,2086.3999,2086.3999,2086.3999,2086.3999
931103,1600,2086.22,2086.22,2086.22,2086.22
931104,1600,2057.1001,2057.1001,2057.1001,2057.1001
931105,1600,2013.65,2013.65,2013.65,2013.65
931108,1600,2007.5,2007.5,2007.5,2007.5
931109,1600,2040.74,2040.74,2040.74,2040.74
931110,1600,2020.11,2020.11,2020.11,2020.11
931111,1600,2021.8101,2021.8101,2021.8101,2021.8101
931112,1600,2023.0601,2023.0601,2023.0601,2023.0601
931115,1600,2047.2,2047.2,2047.2,2047.2
931116,1600,2070.1699,2070.1699,2070.1699,2070.1699
931118,1600,2075.99,2075.99,2075.99,2075.99
931119,1600,2072.1299,2072.1299,2072.1299,2072.1299
931122,1600,2020.36,2020.36,2020.36,2020.36
931123,1600,2027.99,2027.99,2027.99,2027.99
931124,1600,2036.45,2036.45,2036.45,2036.45
931125,1600,2057.8,2057.8,2057.8,2057.8
931126,1600,2045.25,2045.25,2045.25,2045.25
931129,1600,2052.0901,2052.0901,2052.0901,2052.0901
931130,1600,2052.9199,2052.9199,2052.9199,2052.9199
931201,1600,2089.77,2089.77,2089.77,2089.77
931202,1600,2099.76,2099.76,2099.76,2099.76
931203,1600,2128.3,2128.3,2128.3,2128.3
931206,1600,2118.01,2118.01,2118.01,2118.01
931207,1600,2127.3899,2127.3899,2127.3899,2127.3899
931208,1600,2165.95,2165.95,2165.95,2165.95
931209,1600,2166.5801,2166.5801,2166.5801,2166.5801
931210,1600,2165.5,2165.5,2165.5,2165.5
931213,1600,2163.8301,2163.8301,2163.8301,2163.8301
931214,1600,2161.52,2169.1799,2128.0701,2128.0701
931215,1600,2132.0701,2140.95,2113.26,2128.3301
931216,1600,2133.1001,2144.22,2132.02,2144.03
931217,1600,2150.46,2158.5601,2147.8601,2154.76
931220,1600,2159.21,2190.8701,2158.5801,2188.1799
931221,1600,2192.0701,2196.1599,2179.8401,2183.78
931222,1600,2190.3201,2210.8,2182.3899,2209.1699
931223,1600,2217.55,2227.6299,2215.1399,2227.6299
931227,1600,2233.0,2268.1101,2232.76,2266.7
931228,1600,2271.3,2284.1799,2235.8999,2236.9099
931229,1600,2234.8301,2237.95,2216.1699,2229.6201
931230,1600,2236.25,2258.1699,2231.04,2255.29
940103,1600,2252.4299,2277.97,2231.1399,2274.6201
940104,1600,2280.3999,2280.4099,2247.8899,2249.8501
940105,1600,2264.24,2266.21,2221.8899,2223.6101
940106,1600,2228.0901,2228.49,2206.46,2220.6299
940107,1600,2218.96,2227.6399,2201.8201,2224.95
940110,1600,2231.8401,2238.01,2222.0,2225.0
940111,1600,2225.4299,2235.6101,2225.1799,2228.1001
940112,1600,2227.1201,2227.79,2182.0601,2182.0601
940113,1600,2171.5,2183.71,2134.1001,2142.3701
940114,1600,2151.2,2153.3501,2128.45,2151.05
940117,1600,2153.1599,2155.73,2113.03,2115.5601
940118,1600,2108.3301,2131.25,2105.24,2130.3501
940119,1600,2133.3201,2138.98,2128.8301,2132.52
940120,1600,2133.29,2136.4199,2093.8,2098.3601
940121,1600,2096.01,2096.01,2072.4299,2073.9399
940124,1600,2065.8201,2107.29,2056.1101,2107.29
940125,1600,2103.6399,2129.45,2090.6599,2090.78
940126,1600,2095.1599,2128.6599,2090.6699,2128.6599
940127,1600,2136.3,2143.3201,2123.3101,2123.3101
940128,1600,2129.5701,2160.52,2128.3999,2156.6101
940131,1600,2166.0701,2196.1299,2161.77,2192.6001
940201,1600,2207.0601,2208.3999,2175.0901,2181.8799
940202,1600,2186.3501,2191.8701,2175.3201,2184.05
940203,1600,2192.8601,2197.3101,2135.8401,2137.0801
940204,1600,2130.8101,2143.9099,2128.6599,2143.8999
940207,1600,2096.4099,2099.6599,2069.26,2095.1101
940208,1600,2109.47,2111.8899,2099.1799,2099.5701
940209,1600,2090.0801,2116.4299,2085.02,2116.4299
940210,1600,2120.52,2121.71,2108.6399,2119.6899
940211,1600,2119.2,2119.5,2089.73,2108.77
940214,1600,2110.3101,2120.51,2099.04,2101.9299
940215,1600,2103.53,2132.22,2100.0801,2130.71
940216,1600,2142.47,2144.3899,2126.5601,2135.25
940217,1600,2137.8401,2176.3601,2130.3601,2162.29
940218,1600,2155.8401,2155.8401,2129.8401,2133.8501
940221,1600,2115.49,2120.3201,2107.6599,2108.0601
940222,1600,2117.28,2123.6899,2100.8301,2113.6399
940223,1600,2118.1599,2142.73,2117.75,2140.25
940224,1600,2131.8799,2134.3701,2071.52,2082.8999
940225,1600,2069.0601,2083.79,2053.6499,2075.3301
940228,1600,2087.49,2104.6399,2083.26,2103.24
940301,1600,2101.99,2101.99,2056.53,2056.6101
940302,1600,2042.76,2045.5699,1999.11,2018.6899
940303,1600,2031.79,2044.45,2020.01,2044.45
940304,1600,2043.33,2076.76,2043.33,2076.76
940307,1600,2087.75,2136.8201,2085.9299,2132.1201
940308,1600,2132.6399,2140.05,2124.2,2125.47
940309,1600,2119.53,2129.22,2112.47,2118.01
940310,1600,2130.0,2145.6699,2124.51,2124.51
940311,1600,2117.6699,2120.6201,2100.0801,2101.8899
940314,1600,2121.3201,2170.05,2121.0801,2169.3999
940315,1600,2171.46,2178.9099,2164.3799,2178.9099
940316,1600,2174.0,2187.1799,2166.9299,2168.1101
940317,1600,2180.3999,2181.8,2153.1799,2160.45
940318,1600,2154.5701,2155.5801,2129.6599,2140.3899
940321,1600,2145.53,2145.53,2120.8899,2130.55
940322,1600,2134.7,2153.3799,2134.7,2141.7
940323,1600,2152.6699,2168.73,2152.6699,2162.96
940324,1600,2164.1399,2169.1399,2138.05,2144.3601
940325,1600,2138.6299,2148.4199,2130.25,2144.0
940328,1600,2109.6201,2176.0601,2109.6201,2167.72
940329,1600,2174.95,2181.5701,2161.22,2162.8201
940330,1600,2152.22,2158.1001,2136.0,2151.8401
940331,1600,2141.76,2145.9099,2131.6399,2142.8799
940405,1600,2134.25,2177.0901,2130.5801,2177.0901
940406,1600,2187.48,2196.1899,2183.47,2184.8899
940407,1600,2193.28,2218.1699,2188.1001,2202.5701
940408,1600,2211.6699,2215.4299,2197.9199,2203.1799
940411,1600,2211.76,2229.8899,2211.55,2224.8501
940412,1600,2232.5601,2233.0801,2206.8501,2211.1899
940413,1600,2211.3301,2215.1899,2206.03,2215.1899
940414,1600,2217.73,2219.3999,2191.5601,2198.24
940415,1600,2203.76,2211.9199,2199.6599,2211.9199
940418,1600,2221.8201,2234.2,2216.54,2218.3701
940419,1600,2224.03,2224.28,2172.6101,2193.8899
940420,1600,2191.76,2207.3799,2182.9399,2194.0901
940421,1600,2199.46,2205.74,2192.8999,2194.4099
940422,1600,2204.27,2219.8701,2204.27,2218.1299
940425,1600,2210.52,2213.8301,2200.0601,2208.6799
940426,1600,2214.9399,2245.49,2213.5801,2241.3601
940427,1600,2250.1899,2262.4199,2250.1899,2256.98
940428,1600,2265.1599,2267.6001,2237.8201,2237.8201
940429,1600,2234.6299,2253.6299,2234.04,2252.51
940502,1600,2261.23,2277.95,2261.23,2266.72
940503,1600,2270.79,2270.79,2250.3101,2261.71
940504,1600,2257.4399,2261.47,2240.5,2241.8501
940505,1600,2245.74,2249.78,2225.77,2249.78
940506,1600,2251.04,2251.79,2222.48,2233.55
940509,1600,2226.1499,2226.1499,2215.01,2218.77
940510,1600,2222.6399,2246.0601,2221.73,2241.3401
940511,1600,2249.9099,2251.79,2238.3601,2248.02
940513,1600,2255.52,2261.77,2254.01,2257.3301
940516,1600,2263.0,2273.72,2262.45,2272.96
940517,1600,2274.05,2275.3201,2258.7,2268.1101
940518,1600,2277.6299,2281.72,2253.8601,2254.21
940519,1600,2252.5801,2255.4299,2242.03,2245.79
940520,1600,2246.1201,2250.3999,2236.9299,2238.97
940524,1600,2228.46,2228.46,2177.72,2188.01
940525,1600,2189.96,2193.8101,2128.4099,2137.5601
940526,1600,2144.3799,2151.5,2129.02,2146.0
940527,1600,2149.6299,2161.3201,2112.1799,2112.8
940530,1600,2120.2,2129.8799,2116.51,2129.76
940531,1600,2113.6001,2140.1699,2108.9099,2137.3401
940601,1600,2143.6201,2146.6201,2113.3899,2113.6201
940603,1600,2124.6399,2158.8799,2121.97,2158.8799
940606,1600,2165.28,2170.25,2159.9399,2163.5901
940607,1600,2159.4399,2159.8201,2123.6699,2131.8
940608,1600,2126.02,2151.05,2119.79,2143.9299
940609,1600,2140.3999,2140.72,2124.5,2131.1399
940610,1600,2136.0901,2143.5801,2132.04,2143.5801
940613,1600,2141.3401,2143.3301,2084.4199,2084.4199
940614,1600,2087.8501,2089.3401,2048.74,2088.4399
940615,1600,2089.48,2089.48,2065.3601,2073.21
940616,1600,2058.8301,2059.77,2040.89,2047.29
940617,1600,2054.6599,2065.6299,2029.98,2031.8
940620,1600,2012.33,2014.4,1953.15,1986.42
940621,1600,1984.6801,1992.38,1955.12,1957.08
940622,1600,1956.88,2006.6801,1956.86,2004.9301
940623,1600,2021.35,2033.65,2011.9399,2032.52
940624,1600,2014.7,2019.11,1995.97,2005.0699
940627,1600,1981.89,2002.5,1973.15,2000.48
940628,1600,2013.23,2030.98,2011.52,2022.25
940629,1600,2019.42,2045.34,2018.72,2042.45
940630,1600,2047.8199,2057.8,2019.47,2020.85
940701,1600,2024.74,2040.78,2019.65,2040.6899
940704,1600,2047.6801,2061.7,2047.66,2061.7
940705,1600,2068.3601,2068.3601,2029.4,2034.64
940706,1600,2027.97,2038.99,2026.74,2031.33
940707,1600,2036.0601,2052.3999,2035.73,2049.1001
940708,1600,2052.23,2053.1699,2039.22,2047.83
940711,1600,2044.71,2071.8201,2044.41,2069.46
940712,1600,2072.49,2073.77,2039.66,2048.5701
940713,1600,2055.72,2061.3101,2047.47,2051.25
940714,1600,2051.48,2071.0901,2051.48,2070.71
940715,1600,2073.71,2104.49,2070.6201,2103.54
940718,1600,2095.25,2117.3601,2086.24,2116.96
940719,1600,2122.4299,2133.22,2118.8899,2129.8601
940720,1600,2130.1101,2145.21,2117.0901,2120.97
940721,1600,2123.3701,2127.6899,2104.9199,2126.75
940722,1600,2129.8,2154.4199,2124.1899,2148.23
940725,1600,2138.6201,2148.0601,2131.1499,2144.21
940726,1600,2148.49,2168.78,2143.0901,2163.3201
940727,1600,2165.98,2166.46,2132.8101,2135.9299
940728,1600,2126.5,2136.47,2121.01,2134.1201
940729,1600,2141.8201,2157.3701,2138.01,2152.1899
940801,1600,2150.5801,2161.9399,2150.5801,2161.5
940802,1600,2172.47,2196.8899,2170.0801,2193.6299
940803,1600,2193.98,2199.1299,2187.9099,2190.8301
940804,1600,2197.23,2197.23,2175.96,2176.6599
940805,1600,2172.2,2189.1499,2171.1201,2188.8101
940808,1600,2188.9099,2188.98,2176.3201,2182.3201
940809,1600,2185.6299,2185.6299,2156.1001,2160.5601
940810,1600,2155.1001,2167.1299,2154.97,2166.51
940811,1600,2174.2,2177.46,2146.53,2156.3101
940812,1600,2139.8701,2140.27,2119.5701,2133.74
940815,1600,2140.3601,2140.3601,2127.3999,2134.3401
940816,1600,2133.76,2158.1299,2133.75,2152.6499
940817,1600,2164.46,2169.8701,2157.5801,2166.5601
940818,1600,2163.6599,2173.8301,2150.5701,2151.4399
940819,1600,2145.4299,2150.47,2141.47,2143.8401
940822,1600,2141.1599,2146.4099,2108.96,2113.3701
940823,1600,2112.55,2121.25,2094.1201,2121.25
940824,1600,2116.22,2134.95,2111.02,2132.98
940825,1600,2144.3799,2158.27,2143.71,2153.48
940826,1600,2148.7,2191.8,2143.22,2190.5801
940829,1600,2179.78,2227.7,2179.78,2215.72
940830,1600,2215.45,2219.99,2204.21,2205.8201
940831,1600,2202.6201,2222.95,2195.3701,2207.0901
940901,1600,2209.5701,2213.6899,2185.27,2185.78
940902,1600,2187.5,2215.75,2187.5,2197.3799
940905,1600,2188.1299,2191.96,2163.3,2173.6001
940906,1600,2169.3799,2172.9099,2157.8201,2158.0701
940907,1600,2163.25,2172.97,2159.71,2167.6799
940908,1600,2174.27,2179.27,2170.8301,2178.1001
940909,1600,2179.6001,2192.29,2154.0601,2155.5801
940912,1600,2156.3401,2157.0601,2146.6201,2155.8101
940913,1600,2152.5601,2157.1599,2136.49,2157.1499
940914,1600,2149.6201,2149.78,2114.49,2118.1699
940915,1600,2120.9099,2130.5,2115.29,2129.3601
940916,1600,2135.8201,2136.29,2096.52,2097.45
940919,1600,2102.9099,2104.0901,2094.4299,2100.55
940920,1600,2102.8899,2102.8899,2059.0701,2059.1499
940921,1600,2051.6799,2087.1399,2051.4099,2067.1699
940922,1600,2072.96,2086.71,2066.9099,2072.8101
940923,1600,2077.95,2107.1201,2076.46,2097.3301
940926,1600,2097.0801,2099.3999,2056.54,2057.8301
940927,1600,2053.54,2064.6599,2051.5801,2056.8899
940928,1600,2063.74,2073.8501,2063.74,2070.3601
940929,1600,2060.4199,2060.97,2010.75,2016.08
940930,1600,2009.95,2014.47,1984.65,2002.3
941004,1600,1995.8,1995.8,1978.5699,1988.67
941005,1600,1978.12,1979.6801,1930.55,1946.49
941006,1600,1955.75,1965.41,1948.0699,1965.41
941007,1600,1962.42,1979.97,1955.65,1977.67
941010,1600,1987.6,2048.5601,1987.15,2048.5601
941011,1600,2045.41,2088.8799,2045.41,2087.71
941012,1600,2087.96,2090.04,2068.0901,2072.6799
941013,1600,2064.4099,2112.9199,2061.99,2108.0801
941014,1600,2099.1499,2118.9199,2093.02,2118.52
941017,1600,2106.96,2147.03,2090.6899,2095.5801
941018,1600,2094.0901,2094.21,2068.27,2069.5801
941019,1600,2071.04,2074.79,2046.65,2058.1299
941020,1600,2047.16,2072.48,2046.99,2048.1499
941021,1600,2043.0601,2043.12,2007.1899,2016.6
941024,1600,2020.26,2026.34,2015.35,2022.64
941025,1600,2009.88,2009.88,1975.4399,1995.85
941026,1600,2003.36,2024.96,2003.36,2009.45
941027,1600,2014.59,2026.37,2013.11,2026.37
941028,1600,2032.89,2065.5801,2032.5601,2064.8601
941031,1600,2076.9399,2082.1699,2060.78,2061.5801
941101,1600,2052.22,2070.03,2047.61,2066.1799
941102,1600,2057.77,2059.23,2038.0601,2039.91
941103,1600,2045.72,2062.45,2036.72,2061.3701
941104,1600,2066.3301,2076.8899,2062.9199,2069.3899
941107,1600,2056.71,2057.55,2040.1899,2043.3
941108,1600,2045.35,2057.22,2045.35,2056.3601
941109,1600,2064.45,2090.78,2064.25,2090.78
941110,1600,2091.3701,2101.3601,2076.6599,2098.04
941111,1600,2078.53,2092.3,2072.99,2073.6699
941114,1600,2086.6101,2093.3701,2086.3101,2091.04
941115,1600,2098.4299,2115.8999,2098.0,2112.21
941117,1600,2104.8799,2105.99,2091.9399,2091.9399
941118,1600,2100.98,2100.98,2078.51,2089.48
941121,1600,2099.5701,2104.6201,2096.9199,2097.2
941122,1600,2091.1399,2095.8701,2064.0701,2073.29
941123,1600,2043.36,2043.36,2025.36,2040.05
941124,1600,2041.65,2063.26,2041.65,2058.79
941125,1600,2065.5801,2069.74,2045.97,2056.27
941128,1600,2060.54,2071.3101,2047.36,2050.8201
941129,1600,2054.97,2055.97,2034.73,2036.24
941130,1600,2039.7,2057.28,2035.49,2057.28
941201,1600,2054.1599,2054.1599,2044.4399,2045.54
941202,1600,2035.73,2046.4399,2035.59,2042.38
941205,1600,2054.9099,2073.1201,2054.9099,2067.26
941206,1600,2072.25,2072.9399,2042.01,2046.99
941207,1600,2047.8,2058.45,2041.5601,2044.04
941208,1600,2045.49,2048.1201,2038.87,2041.85
941209,1600,2034.4,2035.0601,2022.45,2024.1899
941212,1600,2026.2,2033.8199,1998.2,2003.64
941213,1600,2008.23,2019.3101,2002.9301,2019.13
941214,1600,2017.65,2040.9399,2016.98,2040.9399
941215,1600,2046.9,2060.9099,2045.4399,2054.23
941216,1600,2059.9399,2071.1201,2059.75,2069.8999
941219,1600,2080.0701,2086.3201,2066.48,2066.5901
941220,1600,2063.99,2082.3799,2063.99,2080.1599
941221,1600,2084.1699,2095.8201,2082.9199,2095.5
941222,1600,2100.97,2103.8,2093.26,2102.25
941223,1600,2102.9099,2104.4399,2092.6699,2100.98
941227,1600,2103.5901,2112.3501,2103.5901,2110.77
941228,1600,2116.25,2116.3201,2096.1299,2097.3401
941229,1600,2092.96,2093.0801,2071.3301,2074.6799
941230,1600,2095.8,2098.8799,2095.8,2097.51
950102,1600,2091.47,2092.3301,2078.46,2079.1899
950103,1600,2079.2,2079.6399,2065.45,2068.9199
950104,1600,2076.1201,2081.1499,2071.6299,2072.8999
950105,1600,2074.96,2075.0,2050.6001,2051.46
950106,1600,2049.1201,2059.02,2045.83,2058.2
950109,1600,2061.6101,2068.6699,2052.05,2053.4099
950110,1600,2049.8899,2062.0801,2042.22,2062.0801
950111,1600,2059.0701,2067.5801,2052.99,2061.76
950112,1600,2069.9399,2071.3201,2053.28,2059.6799
950113,1600,2061.2,2066.3999,2057.55,2064.1399
950116,1600,2071.26,2094.05,2070.22,2088.25
950117,1600,2092.8101,2095.5,2076.97,2081.3899
950118,1600,2079.3899,2086.6499,2075.6001,2085.6201
950119,1600,2088.9299,2092.95,2077.8899,2079.6001
950120,1600,2072.96,2072.96,2048.75,2050.8601
950123,1600,2036.79,2036.83,2007.1,2013.03
950124,1600,2024.04,2032.54,2019.0,2027.67
950125,1600,2021.29,2028.45,2013.77,2026.97
950126,1600,2035.7,2041.4301,2030.38,2040.79
950127,1600,2032.6899,2035.5601,2022.97,2030.5601
950130,1600,2027.8101,2035.6801,2026.6801,2026.6801
950131,1600,2026.66,2029.84,2018.34,2024.8199
950201,1600,2028.7,2050.0701,2026.72,2047.4399
950202,1600,2046.34,2046.41,2038.03,2038.46
950203,1600,2041.49,2079.0901,2041.28,2077.9399
950206,1600,2084.98,2093.1201,2083.1599,2085.0801
950207,1600,2085.1599,2097.3601,2085.1599,2093.01
950208,1600,2095.8,2095.8,2084.72,2087.78
950209,1600,2086.0901,2128.5601,2082.96,2117.8
950210,1600,2123.96,2136.4299,2123.96,2127.5601
950213,1600,2123.27,2126.29,2116.3701,2118.96
950214,1600,2124.55,2135.01,2123.9199,2128.3301
950215,1600,2126.78,2137.8301,2121.8101,2135.49
950216,1600,2142.9399,2149.8601,2107.0,2112.0601
950217,1600,2106.5801,2126.8501,2099.71,2119.29
950220,1600,2110.5,2110.5,2101.1201,2101.98
950221,1600,2107.25,2107.25,2091.9299,2101.8201
950222,1600,2093.03,2098.24,2085.8201,2096.26
950223,1600,2100.4199,2127.77,2100.4199,2126.4399
950224,1600,2125.9399,2129.46,2112.3701,2117.5901
950227,1600,2102.1399,2108.48,2090.53,2106.05
950228,1600,2111.3701,2111.4399,2097.3,2097.8501
950301,1600,2100.2,2131.3701,2100.2,2127.21
950302,1600,2129.47,2131.77,2115.01,2116.6399
950303,1600,2113.55,2116.3401,2092.45,2094.1599
950306,1600,2086.8,2092.99,2060.6101,2069.95
950307,1600,2077.1201,2087.24,2039.84,2041.26
950308,1600,2017.6,2035.85,2013.67,2029.38
950309,1600,2041.46,2045.54,1984.17,1989.2
950310,1600,1992.46,2014.1801,1965.49,2008.85
950313,1600,2009.41,2013.12,1974.14,1974.14
950314,1600,1973.3,2023.37,1965.0699,2022.5
950315,1600,2023.6899,2023.6899,1995.22,1995.22
950316,1600,2003.36,2016.15,1992.17,2016.15
950317,1600,2019.28,2019.28,1974.63,1979.52
950320,1600,1979.38,1992.71,1979.26,1984.99
950321,1600,1991.0699,2010.9301,1973.95,1984.15
950322,1600,1979.34,1990.54,1971.76,1978.0699
950323,1600,1977.15,1977.15,1913.42,1935.08
950324,1600,1940.99,1943.46,1918.39,1935.87
950327,1600,1944.26,1956.83,1928.72,1928.8199
950328,1600,1931.52,1945.45,1896.55,1911.7
950329,1600,1903.76,1921.3,1891.71,1918.85
950330,1600,1924.1899,1966.84,1923.74,1949.76
950331,1600,1955.09,1955.59,1910.08,1914.6899
950403,1600,1916.17,1943.77,1908.83,1934.96
950404,1600,1940.34,1972.42,1939.3199,1965.6801
950405,1600,1966.47,1977.28,1961.67,1972.59
950406,1600,1961.02,1987.53,1954.98,1976.52
950407,1600,1976.4399,1987.0699,1975.66,1978.71
950410,1600,1986.96,1993.97,1968.97,1980.8101
950411,1600,1988.73,1993.13,1978.8,1979.26
950412,1600,1976.8101,1991.72,1976.8101,1991.08
950413,1600,1994.49,1994.51,1981.09,1982.99
950418,1600,1971.15,1971.15,1953.79,1954.62
950419,1600,1944.77,1951.54,1938.74,1943.88
950420,1600,1949.96,1959.0601,1946.8101,1955.33
950421,1600,1963.67,1990.09,1963.29,1987.7
950424,1600,1983.0,1990.12,1971.35,1978.97
950425,1600,1988.4399,2014.1,1985.98,2007.5699
950426,1600,2014.2,2030.38,2012.08,2028.52
950427,1600,2031.84,2031.84,2018.9399,2024.25
950428,1600,2024.87,2028.54,2015.71,2017.95
950502,1600,2022.8101,2037.87,2022.8101,2036.47
950503,1600,2040.64,2041.4301,2027.3199,2037.99
950504,1600,2046.03,2052.6599,2029.62,2034.15
950505,1600,2031.71,2033.91,2020.52,2021.22
950508,1600,2021.04,2030.65,2018.9,2030.65
950509,1600,2037.25,2053.0601,2037.25,2050.6599
950510,1600,2054.5901,2067.22,2052.49,2064.4099
950511,1600,2069.0601,2086.4099,2058.24,2086.4099
950512,1600,2100.8601,2104.51,2091.99,2102.3999
950515,1600,2097.2,2100.25,2086.52,2092.0
950516,1600,2087.1899,2116.6799,2082.0601,2109.3601
950517,1600,2112.55,2112.5801,2086.29,2088.99
950518,1600,2085.2,2098.1399,2081.0801,2083.8
950519,1600,2065.3899,2070.3799,2052.8899,2064.4199
950522,1600,2069.3601,2097.3501,2068.2,2096.8701
950523,1600,2097.6001,2101.71,2078.72,2083.55
950524,1600,2092.6299,2113.0701,2092.6299,2105.8799
950526,1600,2091.0601,2091.0601,2065.71,2065.71
950529,1600,2059.23,2069.53,2058.24,2069.26
950530,1600,2072.4099,2088.3601,2072.4099,2081.46
950531,1600,2089.29,2100.1001,2083.3799,2099.95
950601,1600,2116.6399,2135.3701,2112.8701,2119.24
950602,1600,2121.4299,2139.3201,2117.3101,2132.72
950606,1600,2141.55,2154.6499,2139.6001,2154.1699
950607,1600,2144.48,2144.48,2135.1399,2136.72
950608,1600,2138.3401,2143.9299,2130.05,2137.21
950609,1600,2128.6201,2129.29,2106.8101,2107.1599
950612,1600,2101.5701,2129.9199,2101.3501,2127.79
950613,1600,2129.1499,2130.8701,2112.8799,2124.25
950614,1600,2132.49,2137.75,2121.72,2124.8401
950616,1600,2123.6799,2127.5901,2111.0901,2125.0601
950619,1600,2120.29,2156.1201,2120.29,2154.1299
950620,1600,2157.22,2162.55,2134.04,2140.3601
950621,1600,2143.8101,2152.8899,2142.48,2144.8799
950622,1600,2138.6799,2166.03,2134.96,2162.3899
950623,1600,2168.6299,2174.1399,2131.4399,2138.22
950626,1600,2137.8501,2146.3601,2128.0701,2137.3601
950627,1600,2129.6799,2130.6599,2119.4299,2128.99
950628,1600,2115.1799,2115.1799,2087.6499,2091.3
950629,1600,2096.4199,2111.0601,2092.47,2094.6799
950630,1600,2087.3701,2092.1799,2079.8601,2089.04
950703,1600,2081.01,2100.48,2081.01,2099.6799
950704,1600,2105.8701,2114.98,2105.8701,2110.1299
950705,1600,2115.05,2118.75,2103.6699,2117.6299
950706,1600,2117.1399,2125.1201,2110.3301,2111.3501
950707,1600,2132.2,2163.6001,2132.2,2163.3701
950710,1600,2173.52,2184.5601,2171.9399,2184.3899
950711,1600,2180.73,2201.6799,2173.8401,2194.1499
950712,1600,2191.3201,2200.9199,2182.96,2200.3201
950713,1600,2210.76,2217.4199,2192.75,2193.72
950714,1600,2197.47,2198.1799,2182.1699,2191.25
950717,1600,2196.4399,2205.95,2196.4399,2201.3601
950718,1600,2195.6899,2197.6001,2183.71,2183.71
950719,1600,2178.1599,2196.23,2174.05,2195.3101
950720,1600,2177.3101,2191.02,2172.47,2183.52
950721,1600,2193.1599,2202.45,2192.95,2196.54
950724,1600,2199.52,2232.27,2196.9199,2232.02
950725,1600,2233.0801,2236.46,2224.6799,2232.23
950726,1600,2241.45,2246.52,2235.26,2237.73
950727,1600,2233.5901,2240.1599,2229.23,2239.3601
950728,1600,2241.1499,2242.25,2215.1101,2217.9099
950731,1600,2215.27,2222.55,2212.1899,2222.51
950801,1600,2225.6699,2229.72,2210.8501,2211.26
950802,1600,2222.27,2255.8401,2222.26,2249.6001
950803,1600,2248.0601,2249.3201,2229.8899,2234.8601
950804,1600,2235.1699,2242.01,2233.75,2236.6799
950807,1600,2240.1201,2250.1201,2239.9199,2244.5601
950808,1600,2250.3401,2250.3401,2233.73,2236.8899
950809,1600,2234.1699,2236.8301,2218.8101,2222.28
950810,1600,2224.73,2236.72,2214.8701,2236.72
950811,1600,2239.72,2240.54,2223.74,2228.4399
950814,1600,2225.72,2226.1101,2203.05,2211.03
950815,1600,2218.1101,2245.53,2218.1101,2236.73
950816,1600,2248.1499,2260.99,2248.1499,2251.6399
950817,1600,2255.3799,2263.9299,2246.74,2253.9299
950818,1600,2261.05,2272.23,2255.53,2265.8601
950821,1600,2264.1899,2278.1201,2260.74,2269.6001
950822,1600,2273.6499,2274.02,2254.28,2258.97
950823,1600,2264.5901,2270.9199,2258.1599,2262.6599
950824,1600,2263.04,2270.9399,2250.04,2253.9099
950825,1600,2255.98,2261.6001,2246.1101,2257.3401
950828,1600,2258.8799,2259.02,2233.27,2240.3101
950829,1600,2239.8601,2240.1799,2227.74,2230.27
950830,1600,2234.3501,2251.6299,2233.97,2251.3
950831,1600,2244.53,2245.0,2232.0801,2234.23
950901,1600,2237.28,2242.8,2232.3501,2242.76
950904,1600,2240.0701,2263.3701,2240.0701,2263.0801
950905,1600,2266.3301,2269.73,2261.3101,2266.5701
950906,1600,2275.03,2282.21,2263.6599,2266.3701
950907,1600,2269.1499,2270.8899,2254.96,2269.01
950908,1600,2273.1899,2280.1599,2264.6499,2266.77
950911,1600,2263.28,2270.0801,2256.77,2268.26
950912,1600,2271.2,2274.51,2264.52,2266.0701
950913,1600,2273.6899,2301.72,2273.54,2300.72
950914,1600,2303.99,2308.3401,2298.21,2300.29
950915,1600,2304.22,2320.5801,2302.97,2305.5801
950918,1600,2294.55,2305.8,2287.6499,2289.49
950919,1600,2297.0801,2315.5801,2297.0801,2306.6599
950920,1600,2314.2,2317.6899,2288.8501,2294.1499
950921,1600,2283.5801,2292.03,2272.1699,2275.72
950922,1600,2259.9399,2264.48,2196.3999,2204.4399
950925,1600,2216.53,2222.29,2202.46,2212.97
950926,1600,2221.0,2235.28,2220.5801,2232.02
950927,1600,2223.47,2224.8501,2178.3601,2190.8999
950928,1600,2181.27,2197.5701,2164.6799,2184.24
950929,1600,2181.3601,2201.6001,2168.71,2201.27
951002,1600,2206.3501,2210.1399,2193.4199,2197.01
951004,1600,2206.79,2219.04,2206.3101,2211.6001
951005,1600,2212.02,2214.1299,2189.52,2191.54
951006,1600,2191.6201,2191.6201,2159.46,2176.3501
951009,1600,2159.48,2175.0,2152.51,2157.4099
951010,1600,2168.95,2171.97,2119.4199,2137.01
951011,1600,2142.8401,2159.98,2135.53,2153.5601
951012,1600,2152.3401,2165.8899,2152.3,2159.73
951013,1600,2161.1399,2207.29,2161.1399,2206.1101
951016,1600,2206.5601,2208.76,2185.8401,2193.8501
951017,1600,2196.0801,2207.21,2185.52,2185.52
951018,1600,2179.8101,2213.5901,2174.6699,2197.5701
951019,1600,2193.3799,2197.26,2174.3701,2176.0901
951020,1600,2178.0801,2184.23,2139.52,2148.1201
951023,1600,2136.8701,2136.8701,2107.46,2116.8601
951024,1600,2120.6799,2132.6299,2107.05,2114.8799
951025,1600,2125.0601,2149.8601,2124.76,2140.74
951026,1600,2135.1399,2144.73,2123.27,2142.74
951027,1600,2130.76,2130.97,2094.3501,2112.01
951030,1600,2129.3999,2152.3899,2129.3999,2149.71
951031,1600,2147.27,2172.04,2147.27,2165.76
951101,1600,2162.45,2183.73,2151.74,2182.1101
951102,1600,2187.8701,2189.7,2167.4399,2180.49
951103,1600,2188.6599,2199.72,2168.45,2169.6899
951106,1600,2171.45,2176.6101,2160.8501,2168.5701
951107,1600,2174.0801,2182.23,2154.8701,2174.27
951108,1600,2178.3501,2186.45,2168.3701,2184.05
951109,1600,2198.5801,2204.55,2181.6699,2182.47
951110,1600,2177.4099,2177.4099,2162.5701,2174.78
951113,1600,2170.6799,2195.1499,2169.1399,2195.1499
951114,1600,2196.0701,2204.1101,2186.52,2197.3401
951115,1600,2187.9199,2197.6799,2181.5,2196.6399
951116,1600,2205.3101,2209.48,2191.54,2202.5
951117,1600,2201.48,2208.3,2188.74,2196.5901
951120,1600,2204.9099,2224.1101,2202.6699,2204.01
951121,1600,2204.6101,2208.74,2198.72,2201.8999
951122,1600,2210.55,2215.3,2188.21,2194.53
951123,1600,2191.0801,2202.6101,2190.9199,2197.26
951124,1600,2201.6201,2211.3401,2193.1101,2210.9199
951127,1600,2221.1799,2248.1399,2221.1799,2247.97
951128,1600,2244.8501,2251.53,2238.8899,2242.9099
951129,1600,2248.48,2255.8101,2242.0701,2249.75
951130,1600,2252.1599,2254.95,2234.3101,2254.95
951201,1600,2256.21,2269.0,2252.6101,2266.5601
951204,1600,2260.28,2261.5901,2249.54,2261.0801
951205,1600,2267.8301,2273.3701,2255.6699,2269.3401
951206,1600,2262.1101,2277.1101,2259.6499,2274.9399
951207,1600,2278.29,2278.55,2256.6201,2260.6201
951208,1600,2258.74,2284.02,2257.1299,2277.7
951211,1600,2275.71,2280.47,2273.5,2280.3899
951212,1600,2280.8899,2290.96,2276.8501,2278.6399
951213,1600,2284.1001,2285.98,2274.1299,2283.26
951214,1600,2288.3301,2291.49,2283.8201,2286.21
951215,1600,2283.21,2293.6599,2276.6399,2283.8401
951218,1600,2283.9399,2283.9399,2236.6599,2240.24
951219,1600,2240.1699,2248.49,2227.23,2241.4299
951220,1600,2256.01,2271.5901,2251.97,2268.0701
951221,1600,2263.1201,2268.9299,2254.6899,2268.3501
951222,1600,2277.23,2281.29,2273.3601,2280.8101
951227,1600,2277.8899,2283.0901,2276.4199,2280.4399
951228,1600,2277.5,2279.9399,2271.54,2273.8999
951229,1600,2275.3799,2275.3799,2256.5901,2260.6899
960102,1600,2259.9199,2309.1001,2259.9199,2307.7
960103,1600,2311.9199,2335.53,2311.6001,2326.1799
960104,1600,2329.72,2343.3301,2321.6299,2332.8101
960105,1600,2321.8601,2333.0801,2309.1001,2315.6599
960108,1600,2324.3799,2337.54,2314.99,2336.76
960109,1600,2343.6899,2360.78,2343.6899,2351.47
960110,1600,2339.53,2354.1499,2335.26,2340.3101
960111,1600,2325.72,2339.01,2316.1201,2330.98
960112,1600,2340.6799,2360.4199,2340.6799,2353.8899
960115,1600,2365.1201,2371.4299,2350.8799,2361.3799
960116,1600,2370.3999,2382.6001,2368.78,2379.4299
960117,1600,2395.28,2398.1499,2365.24,2375.6299
960118,1600,2371.8701,2395.8799,2366.05,2389.6201
960119,1600,2397.9299,2404.9099,2385.6299,2400.5801
960122,1600,2388.8301,2399.75,2385.6399,2391.74
960123,1600,2382.3501,2396.23,2380.0601,2393.1201
960124,1600,2402.1001,2437.8601,2402.1001,2436.6799
960125,1600,2441.6201,2458.9199,2427.71,2437.02
960126,1600,2442.3501,2450.3301,2421.9299,2449.71
960129,1600,2448.1001,2459.52,2434.7,2437.7
960130,1600,2441.3,2458.0601,2428.9399,2456.0901
960131,1600,2466.0901,2471.79,2452.53,2463.0
960201,1600,2458.46,2473.5801,2455.47,2472.53
960202,1600,2475.53,2476.0901,2450.4299,2459.8101
960205,1600,2441.6899,2442.48,2408.8899,2416.8401
960206,1600,2418.8201,2438.78,2414.0801,2437.98
960207,1600,2449.1201,2451.8401,2440.78,2442.4299
960208,1600,2448.24,2452.3,2409.47,2411.49
960209,1600,2417.79,2436.22,2400.3301,2435.0701
960212,1600,2435.0701,2438.21,2420.96,2428.5901
960213,1600,2436.5,2441.6799,2425.8501,2436.0901
960214,1600,2425.51,2434.0701,2421.03,2427.77
960215,1600,2420.26,2427.8201,2409.8899,2426.51
960216,1600,2425.4099,2431.3999,2411.6799,2423.6001
960219,1600,2402.98,2404.02,2383.8601,2387.6001
960220,1600,2396.4099,2399.0701,2359.1899,2373.01
960221,1600,2360.7,2402.51,2358.49,2401.5901
960222,1600,2400.74,2425.99,2400.74,2421.9299
960223,1600,2431.49,2466.3101,2431.49,2449.52
960226,1600,2448.1101,2454.4399,2436.28,2438.73
960227,1600,2437.8201,2458.8501,2431.3701,2449.0901
960228,1600,2455.3899,2487.2,2455.3101,2486.95
960229,1600,2489.3501,2494.6599,2470.8501,2485.1799
960301,1600,2489.95,2505.3601,2487.0701,2488.8501
960304,1600,2495.8601,2497.6299,2480.25,2486.8301
960305,1600,2495.26,2506.26,2471.5,2472.52
960306,1600,2476.3501,2486.02,2464.74,2471.3799
960307,1600,2472.03,2486.7,2468.1599,2479.3799
960308,1600,2492.76,2493.52,2421.8201,2448.8
960311,1600,2412.1101,2422.5901,2387.74,2419.72
960312,1600,2442.9099,2448.3,2414.23,2415.29
960313,1600,2426.1399,2435.26,2416.46,2417.0
960314,1600,2424.8799,2433.5901,2418.8999,2432.46
960315,1600,2437.28,2469.97,2437.1799,2458.0
960318,1600,2456.1101,2474.8799,2447.6201,2472.55
960319,1600,2486.54,2500.24,2481.28,2484.74
960320,1600,2488.6299,2495.0901,2475.0801,2491.73
960321,1600,2497.24,2507.4299,2491.73,2505.3201
960322,1600,2508.74,2511.28,2478.97,2479.8401
960325,1600,2493.3301,2518.4399,2493.22,2514.8
960326,1600,2504.27,2517.45,2490.3601,2505.78
960327,1600,2516.97,2527.28,2511.26,2523.8101
960328,1600,2516.72,2522.5901,2492.5901,2502.9399
960329,1600,2505.5,2506.1201,2477.99,2489.3501
960401,1600,2495.79,2501.6499,2486.6599,2500.75
960402,1600,2503.3899,2510.1599,2491.0601,2508.1101
960403,1600,2512.3201,2512.6299,2486.24,2489.52
960404,1600,2494.8,2503.3,2487.05,2498.75
960409,1600,2480.46,2513.3201,2477.24,2510.8101
960410,1600,2523.48,2531.24,2516.8601,2525.5901
960411,1600,2518.55,2522.6399,2501.6101,2508.1201
960412,1600,2516.74,2526.77,2507.9399,2526.74
960415,1600,2537.8101,2548.26,2536.54,2540.79
960416,1600,2539.3501,2548.5901,2532.6599,2547.3201
960417,1600,2557.98,2559.6001,2519.1799,2519.8201
960418,1600,2518.28,2542.5701,2518.05,2524.1799
960419,1600,2525.5701,2537.46,2520.05,2535.8601
960422,1600,2546.2,2553.78,2542.3501,2549.27
960423,1600,2545.54,2555.74,2538.9199,2549.1201
960424,1600,2555.49,2558.4099,2523.7,2524.8401
960425,1600,2531.8301,2540.4199,2526.3501,2538.6799
960426,1600,2546.5601,2548.72,2529.1399,2539.8799
960429,1600,2532.03,2532.03,2501.29,2505.97
960430,1600,2506.3601,2508.0901,2486.0,2492.6299
960502,1600,2501.23,2503.6599,2461.5901,2465.49
960503,1600,2458.3301,2474.1599,2451.9299,2472.4299
960506,1600,2463.8101,2475.05,2461.8201,2473.52
960507,1600,2475.3301,2482.1201,2466.9199,2476.79
960508,1600,2475.01,2484.96,2456.78,2456.78
960509,1600,2468.77,2476.2,2464.8701,2470.5701
960510,1600,2475.28,2499.1399,2462.5901,2499.02
960513,1600,2495.9299,2505.3501,2491.8899,2496.3301
960514,1600,2505.1399,2531.73,2504.3601,2528.2
960515,1600,2535.0,2537.95,2523.8999,2534.3999
960517,1600,2530.98,2554.21,2526.6799,2552.29
960520,1600,2557.29,2558.5601,2541.6899,2541.98
960521,1600,2542.3,2572.51,2542.3,2564.1201
960522,1600,2572.22,2572.6799,2543.8301,2548.79
960523,1600,2557.6101,2569.5,2544.9199,2546.55
960524,1600,2543.1001,2550.8201,2536.6799,2549.53
960528,1600,2553.98,2563.8701,2553.5801,2559.1499
960529,1600,2564.0701,2564.1699,2546.79,2548.53
960530,1600,2537.27,2537.6101,2524.3999,2535.78
960531,1600,2543.3101,2545.79,2522.5901,2523.8101
960603,1600,2517.3601,2544.1699,2516.3101,2543.99
960604,1600,2545.8999,2550.4199,2536.8601,2550.4199
960605,1600,2548.8401,2556.29,2547.6699,2551.03
960607,1600,2556.6599,2564.22,2525.47,2536.03
960610,1600,2550.53,2562.1699,2548.47,2552.96
960611,1600,2551.29,2571.1299,2544.72,2571.1001
960612,1600,2572.0701,2577.75,2560.1201,2569.8999
960613,1600,2570.27,2578.1699,2559.1001,2566.1299
960614,1600,2566.47,2566.8301,2536.95,2544.8999
960617,1600,2551.0701,2558.5901,2543.9299,2549.71
960618,1600,2550.6001,2555.8101,2546.4399,2555.8101
960619,1600,2552.6201,2556.21,2539.45,2546.04
960620,1600,2556.1599,2557.98,2530.3301,2532.22
960621,1600,2539.3401,2549.1001,2534.99,2547.78
960624,1600,2552.98,2566.0901,2552.98,2562.1899
960625,1600,2574.5901,2582.79,2567.1599,2578.3601
960626,1600,2581.0601,2581.25,2566.95,2572.0601
960627,1600,2565.2,2570.1699,2548.9099,2551.8
960628,1600,2555.0901,2573.72,2554.3401,2570.4399
960701,1600,2567.01,2573.8,2557.05,2573.4399
960702,1600,2583.99,2586.53,2562.6699,2565.3201
960703,1600,2562.48,2571.4299,2561.8,2566.3201
960704,1600,2567.4099,2579.71,2566.6699,2578.74
960705,1600,2580.48,2584.04,2554.5801,2568.79
960708,1600,2557.3899,2561.51,2544.8601,2561.51
960709,1600,2564.1599,2564.8,2554.1001,2562.24
960710,1600,2565.54,2574.5701,2565.1399,2573.0
960711,1600,2580.3799,2589.9099,2559.1499,2561.95
960712,1600,2554.23,2556.9399,2541.24,2548.97
960715,1600,2545.5901,2554.1399,2529.3501,2529.5
960716,1600,2493.6699,2499.79,2466.52,2475.98
960717,1600,2489.22,2505.7,2489.22,2497.6899
960718,1600,2500.1499,2513.54,2498.0,2505.5601
960719,1600,2521.29,2529.9099,2494.3101,2498.3501
960722,1600,2498.8799,2505.29,2465.45,2468.3201
960723,1600,2466.8501,2489.0701,2466.8501,2488.8201
960724,1600,2472.5701,2472.5701,2442.8799,2459.1299
960725,1600,2465.8999,2472.99,2447.6899,2464.51
960726,1600,2466.6399,2475.01,2466.05,2469.51
960729,1600,2469.3,2481.1399,2468.9199,2472.25
960730,1600,2467.4399,2474.8201,2453.3799,2466.8401
960731,1600,2466.23,2492.25,2465.8899,2491.5
960801,1600,2499.01,2505.55,2486.79,2504.1599
960802,1600,2505.5,2523.3401,2503.49,2520.26
960805,1600,2520.45,2524.98,2516.49,2520.52
960806,1600,2531.03,2531.29,2514.6201,2527.73
960807,1600,2532.45,2542.6499,2527.98,2541.4099
960808,1600,2540.73,2546.8799,2533.6299,2534.6299
960809,1600,2533.0801,2534.9199,2521.4299,2532.96
960812,1600,2531.0901,2532.6101,2523.8301,2529.1399
960813,1600,2533.2,2547.8899,2532.53,2545.6499
960814,1600,2543.98,2545.78,2536.45,2544.6101
960815,1600,2547.45,2552.55,2538.26,2542.75
960816,1600,2548.3701,2570.76,2546.9299,2567.96
960819,1600,2567.6001,2567.6001,2552.8799,2556.25
960820,1600,2557.48,2566.0901,2556.1499,2562.1201
960821,1600,2559.4099,2559.4099,2529.4199,2534.4399
960822,1600,2537.8101,2565.7,2536.98,2559.4199
960823,1600,2566.78,2568.6799,2549.51,2562.1201
960826,1600,2551.45,2558.0801,2548.1001,2554.4199
960827,1600,2553.1299,2569.1699,2548.1101,2563.5901
960828,1600,2573.98,2574.6001,2553.6899,2556.6399
960829,1600,2559.6799,2562.3899,2541.3401,2548.8401
960830,1600,2539.97,2544.7,2528.74,2534.49
960902,1600,2534.97,2541.1799,2530.49,2538.3401
960903,1600,2536.9199,2536.9199,2509.3601,2528.73
960904,1600,2534.3301,2536.6599,2522.48,2526.1799
960905,1600,2529.21,2533.6599,2523.5,2532.55
960906,1600,2527.79,2542.8601,2515.1799,2542.74
960909,1600,2545.8799,2553.3701,2541.02,2549.71
960910,1600,2559.79,2572.3401,2559.79,2568.77
960911,1600,2576.8501,2576.8501,2558.2,2568.7
960912,1600,2568.25,2589.9199,2564.9299,2588.04
960913,1600,2591.5601,2614.6499,2588.52,2614.5
960916,1600,2622.9199,2632.51,2613.72,2630.24
960917,1600,2639.0701,2639.0701,2621.1699,2626.4299
960918,1600,2626.54,2630.46,2616.54,2621.2
960919,1600,2623.4399,2628.75,2619.8501,2625.46
960920,1600,2628.55,2647.78,2628.3501,2641.5
960923,1600,2641.02,2641.02,2621.1399,2624.1799
960924,1600,2628.74,2643.6699,2628.6499,2643.4199
960925,1600,2642.29,2665.6499,2637.9299,2663.1001
960926,1600,2667.1001,2672.48,2661.5,2664.96
960927,1600,2661.8999,2666.1499,2654.7,2659.8601
960930,1600,2657.3701,2657.4399,2643.3501,2655.49
961001,1600,2646.98,2657.8501,2644.49,2654.3401
961002,1600,2660.53,2685.5,2660.53,2685.29
961004,1600,2688.78,2704.25,2674.6001,2704.25
961007,1600,2703.1799,2708.5,2697.48,2705.21
961008,1600,2705.1299,2705.29,2689.49,2702.6001
961009,1600,2703.29,2705.3701,2682.96,2685.23
961010,1600,2690.98,2691.6299,2667.8,2683.52
961011,1600,2681.8401,2700.3601,2680.8401,2692.6899
961014,1600,2688.1799,2701.8601,2685.8201,2700.8301
961015,1600,2711.1699,2734.3701,2711.1699,2718.73
961016,1600,2723.5801,2727.5601,2704.51,2705.0601
961017,1600,2711.1799,2722.3501,2704.8,2717.5
961018,1600,2725.02,2739.4199,2720.97,2727.5601
961021,1600,2731.9399,2745.8201,2724.1699,2733.6699
961022,1600,2723.3501,2726.6799,2717.3501,2721.74
961023,1600,2696.6201,2709.8401,2676.75,2678.8899
961024,1600,2689.04,2690.1299,2674.45,2681.9399
961025,1600,2674.4199,2695.1299,2663.53,2690.79
961028,1600,2693.0601,2709.48,2692.3999,2703.3301
961029,1600,2690.5801,2690.5801,2669.1399,2675.5
961030,1600,2678.98,2692.1101,2660.1299,2664.72
961031,1600,2668.3401,2675.6399,2655.96,2671.3999
961101,1600,2679.47,2687.73,2661.51,2670.1899
961104,1600,2671.5901,2679.1799,2664.3899,2678.73
961105,1600,2682.5801,2717.5901,2677.22,2716.1599
961106,1600,2730.1699,2737.1299,2719.47,2735.28
961107,1600,2737.25,2737.25,2705.53,2724.25
961108,1600,2736.98,2745.8401,2728.8501,2732.29
961111,1600,2737.1101,2740.0,2727.51,2730.4399
961112,1600,2733.0801,2765.6101,2726.6399,2764.3
961113,1600,2769.0601,2778.8301,2763.05,2770.6101
961114,1600,2783.76,2789.9399,2767.77,2784.3899
961115,1600,2791.3201,2803.3101,2787.73,2800.6001
961118,1600,2797.2,2797.2,2768.8999,2768.8999
961119,1600,2774.3799,2782.4199,2759.01,2781.54
961120,1600,2788.98,2794.05,2756.73,2766.0801
961121,1600,2768.49,2777.1899,2759.3401,2765.29
961122,1600,2753.23,2770.1699,2750.0601,2769.47
961125,1600,2778.8799,2805.75,2778.8799,2800.52
961126,1600,2811.6001,2821.95,2808.6201,2808.6201
961127,1600,2799.8999,2806.23,2786.6101,2793.8601
961128,1600,2801.4299,2832.3,2800.52,2829.6799
961129,1600,2839.01,2854.5901,2837.8201,2848.8401
961202,1600,2849.4299,2860.9199,2845.1899,2853.46
961203,1600,2871.72,2901.26,2871.3201,2900.76
961204,1600,2881.48,2882.9099,2858.49,2880.8899
961205,1600,2884.4299,2916.1599,2881.5801,2894.4299
961206,1600,2846.75,2850.78,2759.6799,2832.53
961209,1600,2851.72,2876.6299,2850.77,2870.3
961210,1600,2884.75,2897.0801,2881.8999,2890.95
961211,1600,2874.52,2874.6299,2819.6799,2836.3601
961212,1600,2845.8701,2860.5701,2838.48,2846.9399
961213,1600,2823.26,2828.79,2785.1201,2815.77
961216,1600,2829.04,2855.5701,2829.04,2841.1599
961217,1600,2821.3201,2823.1599,2795.3201,2808.5
961218,1600,2825.51,2829.1001,2809.5,2814.23
961219,1600,2816.6101,2831.2,2802.6499,2824.8301
961220,1600,2847.8501,2864.6001,2832.4399,2835.54
961223,1600,2842.0901,2845.3899,2840.7,2844.0901
961227,1600,2857.3999,2860.4299,2853.9299,2859.22
961230,1600,2866.47,2884.98,2854.97,2880.0701
970102,1600,2836.8201,2850.9399,2815.5,2820.8101
970103,1600,2836.6201,2863.28,2833.6101,2863.26
970106,1600,2884.0601,2904.48,2877.3501,2890.2
970107,1600,2883.1299,2885.22,2869.0601,2876.3401
970108,1600,2888.73,2909.24,2887.28,2904.0801
970109,1600,2910.6201,2937.78,2884.3,2936.6899
970110,1600,2947.99,2948.6101,2892.8501,2915.8101
970113,1600,2938.8401,2960.75,2937.1399,2956.78
970114,1600,2953.7,2984.3201,2946.6201,2978.8401
970115,1600,2994.02,2996.8101,2970.23,2976.5601
970116,1600,2979.6299,2998.79,2970.3899,2996.1201
970117,1600,3003.29,3011.3501,2995.6599,3006.8701
970120,1600,3024.79,3033.1201,2999.1899,2999.1899
970121,1600,3016.8899,3023.3501,2973.04,3000.6599
970122,1600,3023.0,3043.0601,3011.76,3026.6299
970123,1600,3019.1599,3040.52,3008.8601,3037.28
970124,1600,3016.1599,3017.1001,2982.5901,2982.6299
970127,1600,2984.52,3002.98,2983.23,2992.55
970128,1600,2988.5601,3032.9099,2981.9299,3028.27
970129,1600,3005.48,3017.4299,2978.0,2997.95
970130,1600,3010.3799,3025.1399,3010.3799,3018.5801
970131,1600,3042.24,3050.8799,3021.76,3037.7
970203,1600,3042.8999,3065.5801,3030.24,3064.7
970204,1600,3081.6399,3084.26,3066.0801,3067.48
970205,1600,3080.53,3120.3101,3080.53,3114.73
970206,1600,3108.25,3125.7,3087.3899,3124.78
970207,1600,3131.3401,3166.4099,3121.3799,3161.3601
970210,1600,3163.0,3194.1499,3152.7,3185.72
970211,1600,3192.71,3197.8799,3182.1899,3191.45
970212,1600,3210.96,3239.29,3190.1399,3211.01
970213,1600,3224.1499,3259.25,3222.3899,3256.8601
970214,1600,3264.9399,3271.9099,3243.8701,3249.1699
970217,1600,3234.8401,3262.5901,3229.3799,3260.3
970218,1600,3264.24,3286.3701,3229.8301,3230.8301
970219,1600,3239.77,3250.24,3198.8401,3209.04
970220,1600,3206.8899,3206.8899,3175.21,3197.0901
970221,1600,3178.9299,3205.1299,3164.51,3203.79
970224,1600,3189.3999,3189.3999,3161.1201,3180.6299
970225,1600,3199.04,3238.98,3199.04,3233.3401
970226,1600,3237.8999,3256.04,3216.9399,3245.02
970227,1600,3255.21,3284.22,3255.21,3272.5801
970228,1600,3265.75,3279.5,3251.1201,3261.04
970303,1600,3262.77,3270.76,3245.7,3258.74
970304,1600,3285.27,3345.8301,3285.27,3345.0901
970305,1600,3342.51,3392.1299,3332.8899,3375.45
970306,1600,3403.0801,3441.51,3389.3999,3396.55
970307,1600,3394.8501,3425.0801,3363.8601,3419.51
970310,1600,3426.8,3442.0601,3410.3701,3426.77
970311,1600,3448.25,3475.1799,3429.8999,3430.95
970312,1600,3428.6101,3443.8101,3375.8,3382.3999
970313,1600,3349.7,3370.8899,3332.3201,3367.8201
970314,1600,3351.46,3415.29,3322.24,3404.29
970317,1600,3400.29,3404.04,3329.5,3337.1101
970318,1600,3344.6001,3366.23,3288.8,3289.5901
970319,1600,3299.8799,3320.96,3293.9099,3305.72
970320,1600,3311.4299,3311.4299,3219.6001,3247.03
970321,1600,3279.9299,3313.6101,3278.97,3288.52
970324,1600,3309.1699,3328.3501,3299.3201,3302.5701
970325,1600,3309.4199,3378.6201,3309.3899,3374.9299
970326,1600,3359.49,3442.8701,3350.9199,3439.22
970327,1600,3448.77,3466.47,3405.45,3407.8301
970401,1600,3329.1499,3329.1499,3260.27,3281.46
970402,1600,3307.03,3316.3101,3203.3401,3210.9399
970403,1600,3218.6899,3233.53,3178.8,3212.8201
970404,1600,3228.6599,3262.1299,3209.45,3235.3501
970407,1600,3266.3401,3344.49,3266.3401,3342.77
970408,1600,3361.48,3364.46,3314.21,3328.1299
970409,1600,3349.01,3376.8999,3345.53,3364.76
970410,1600,3353.1299,3358.8401,3333.4099,3352.5801
970411,1600,3365.2,3381.1799,3304.8301,3319.24
970414,1600,3281.74,3302.9399,3257.7,3297.52
970415,1600,3330.3799,3373.03,3325.6399,3369.26
970416,1600,3389.76,3389.76,3328.9099,3347.54
970417,1600,3344.2,3389.1599,3344.2,3361.8
970418,1600,3356.72,3369.3701,3339.28,3361.2
970421,1600,3317.25,3348.5,3306.1499,3328.4099
970422,1600,3327.71,3357.75,3325.75,3348.8999
970423,1600,3389.74,3406.8701,3365.1899,3366.8701
970424,1600,3378.6799,3412.0,3378.6799,3396.49
970425,1600,3381.96,3392.73,3351.21,3357.5701
970428,1600,3374.71,3379.78,3360.73,3372.96
970429,1600,3382.8799,3435.71,3378.02,3425.8601
970430,1600,3448.5801,3452.53,3416.1101,3438.0901
970502,1600,3453.3401,3504.27,3448.8101,3491.0801
970505,1600,3510.6899,3566.6001,3507.75,3565.6899
970506,1600,3592.1001,3612.46,3537.98,3548.52
970507,1600,3555.8601,3561.0801,3522.1101,3537.45
970509,1600,3532.8899,3565.4199,3530.49,3533.21
970512,1600,3554.8601,3593.8899,3543.1101,3593.1399
970513,1600,3610.8501,3611.1001,3556.72,3559.29
970514,1600,3570.45,3607.55,3568.29,3588.5701
970515,1600,3574.5701,3577.3,3550.6201,3564.8501
970516,1600,3584.8101,3617.8601,3562.5801,3569.26
970520,1600,3558.23,3561.1299,3509.26,3516.2
970521,1600,3541.8999,3608.47,3541.8999,3600.3999
970522,1600,3601.0701,3627.4299,3569.3201,3575.4399
970523,1600,3595.8401,3622.27,3578.2,3621.72
970526,1600,3622.8401,3676.8701,3598.5601,3669.3101
970527,1600,3680.3501,3691.5601,3649.55,3665.4299
970528,1600,3680.6699,3696.5701,3623.1899,3626.6001
970529,1600,3635.3799,3635.3799,3635.3799,3635.3799
970530,1600,3617.97,3617.97,3544.1499,3562.73
970602,1600,3551.01,3618.24,3544.49,3596.3999
970603,1600,3602.95,3655.8301,3602.95,3655.5901
970604,1600,3659.46,3669.5601,3643.98,3651.5901
970605,1600,3650.5601,3690.8501,3650.53,3684.6001
970606,1600,3690.1201,3707.73,3681.22,3700.53
970609,1600,3717.1001,3734.05,3662.1299,3668.6101
970610,1600,3678.24,3681.4399,3644.52,3671.1599
970611,1600,3675.6799,3686.1299,3662.9099,3671.8701
970612,1600,3694.3999,3739.28,3688.3101,3737.1599
970613,1600,3754.29,3762.5801,3732.1499,3752.3701
970616,1600,3766.76,3775.2,3742.79,3750.02
970617,1600,3754.5,3767.0601,3704.47,3721.1799
970618,1600,3721.29,3734.04,3707.78,3730.5601
970619,1600,3739.8601,3791.3101,3739.8601,3777.5601
970620,1600,3785.3999,3801.3501,3751.6101,3788.54
970623,1600,3773.24,3775.1599,3739.1399,3748.79
970624,1600,3712.9299,3775.0801,3709.5801,3761.0701
970625,1600,3782.5801,3820.9399,3771.0801,3819.52
970626,1600,3799.77,3836.9099,3798.3501,3820.1599
970627,1600,3826.3701,3829.76,3785.8601,3809.9199
970630,1600,3815.27,3826.1399,3756.6499,3766.8899
970701,1600,3782.71,3835.8401,3782.5901,3834.8401
970702,1600,3840.3201,3870.8101,3837.04,3867.53
970703,1600,3882.48,3944.3401,3870.5701,3939.73
970704,1600,3965.3701,3965.6101,3912.8799,3946.73
970707,1600,3956.3101,4003.8301,3940.01,4003.3501
970708,1600,3986.6499,4030.54,3982.1001,4030.1001
970709,1600,4050.3701,4067.51,4008.8101,4026.97
970710,1600,4029.4299,4032.76,3978.4299,4000.6499
970711,1600,4018.21,4074.3,4018.21,4074.3
970714,1600,4093.7,4151.5098,4090.27,4142.1899
970715,1600,4127.5498,4157.2002,4108.8398,4139.6802
970716,1600,4164.6099,4234.8701,4163.3198,4223.6899
970717,1600,4250.2598,4272.5498,4182.3999,4203.9102
970718,1600,4207.1602,4209.2998,4110.1401,4131.9399
970721,1600,4183.7598,4211.6699,4086.5601,4139.96
970722,1600,4167.1299,4301.9199,4167.1299,4297.6401
970723,1600,4359.0498,4441.0898,4355.5601,4384.8198
970724,1600,4382.6001,4449.3301,4315.3599,4320.52
970725,1600,4365.0298,4379.9102,4307.4399,4368.54
970728,1600,4407.5,4423.7402,4360.4702,4400.2998
970729,1600,4395.5498,4409.21,4347.7998,4377.7002
970730,1600,4399.9902,4462.9902,4399.9902,4458.6602
970731,1600,4463.9199,4477.7002,4393.04,4405.52
970801,1600,4422.1699,4431.9502,4275.6802,4336.98
970804,1600,4354.0,4375.5898,4279.6699,4302.5
970805,1600,4330.21,4371.2202,4290.0898,4325.8599
970806,1600,4318.6401,4371.9502,4300.3198,4364.25
970807,1600,4383.1001,4460.1499,4373.6299,4428.0801
970808,1600,4378.5098,4407.2002,4309.6499,4342.3101
970811,1600,4269.3599,4352.1499,4267.7402,4333.1499
970812,1600,4351.8301,4384.3301,4347.3301,4377.5098
970813,1600,4316.9302,4338.8599,4211.8198,4237.0601
970814,1600,4269.6699,4290.25,4175.4302,4195.5298
970815,1600,4204.9302,4228.23,4067.6399,4077.5901
970818,1600,4017.3999,4095.27,3965.3101,4080.55
970819,1600,4134.4702,4191.23,4118.46,4190.4502
970820,1600,4242.1699,4264.25,4205.96,4251.9302
970821,1600,4277.7402,4279.9199,4191.6899,4204.8101
970822,1600,4155.3999,4159.8901,4031.51,4090.1399
970825,1600,4126.9702,4146.2402,4044.0801,4076.75
970826,1600,4050.6101,4108.1899,3910.29,3993.7
970827,1600,3952.1699,4037.8101,3932.99,3992.03
970828,1600,4019.55,4040.3899,3853.1299,3897.4299
970829,1600,3897.6001,3920.3601,3849.8899,3919.79
970901,1600,3942.51,4004.1201,3934.0901,4001.8101
970902,1600,4018.53,4130.6099,4018.53,4127.2798
970903,1600,4166.6099,4196.75,4054.04,4062.1299
970904,1600,4048.74,4098.5,4027.25,4093.4299
970905,1600,4098.98,4149.7402,4068.8899,4073.71
970908,1600,4071.27,4133.0601,4055.5701,4131.2598
970909,1600,4120.04,4141.1602,4067.1599,4104.5698
970910,1600,4101.75,4126.3599,4014.6599,4028.0
970911,1600,3969.23,3986.5801,3888.3701,3890.24
970912,1600,3918.5901,3956.98,3783.05,3796.6101
970915,1600,3848.6299,3893.28,3796.9399,3869.53
970916,1600,3873.76,3995.96,3832.03,3995.6899
970917,1600,4026.9299,4040.8701,3968.26,3970.4399
970918,1600,3974.3899,4010.6299,3946.52,4004.04
970919,1600,4012.3,4046.7,3955.8501,3983.0601
970922,1600,4011.24,4102.7998,4011.24,4096.8501
970923,1600,4107.6802,4138.7402,4082.6399,4091.77
970924,1600,4090.1699,4156.2598,4066.78,4150.9502
970925,1600,4130.7002,4163.8799,4102.5098,4104.9302
970926,1600,4082.54,4137.8799,4041.0901,4135.0898
970929,1600,4126.6201,4126.6201,4085.45,4116.52
970930,1600,4146.5298,4173.8999,4142.9502,4154.8901
971001,1600,4154.6299,4272.8701,4147.2998,4262.98
971002,1600,4271.71,4285.1401,4247.3799,4266.1699
971006,1600,4281.8999,4332.3599,4266.2598,4326.3501
971007,1600,4332.02,4348.96,4263.9702,4311.1299
971008,1600,4343.27,4363.7402,4244.1299,4267.3999
971009,1600,4241.3101,4284.0098,4129.6201,4179.9199
971010,1600,4188.6602,4208.7798,4134.3701,4164.6201
971013,1600,4177.3301,4236.7402,4177.3301,4225.27
971014,1600,4247.5098,4247.5098,4171.46,4215.23
971015,1600,4182.3301,4205.6201,4139.7002,4168.6201
971016,1600,4168.23,4172.0601,4114.0601,4149.9199
971017,1600,4098.2202,4103.6602,4030.27,4049.1599
971020,1600,4046.3701,4072.3301,3980.7,4069.25
971021,1600,4088.8201,4178.7002,4085.6899,4172.4702
971022,1600,4203.46,4235.8799,4119.1602,4124.8599
971023,1600,4102.2402,4103.8999,3927.1799,3976.3799
971024,1600,4042.0701,4066.27,3976.99,3981.4399
971027,1600,3935.73,3935.73,3846.73,3871.3899
971028,1600,3669.45,3733.46,3366.03,3645.6899
971029,1600,3797.5801,3841.1599,3734.3401,3806.6599
971030,1600,3732.8701,3759.3601,3632.8601,3748.8799
971031,1600,3771.51,3827.5,3734.2,3753.6599
971103,1600,3802.73,3876.97,3802.3,3847.73
971104,1600,3869.0801,3869.0801,3776.3899,3784.8
971105,1600,3806.8201,3876.22,3806.8201,3841.3899
971106,1600,3833.9299,3844.5601,3797.8,3813.8799
971107,1600,3775.8301,3775.8301,3663.8,3715.3799
971110,1600,3723.25,3771.9099,3722.28,3728.3701
971111,1600,3727.8601,3741.29,3704.8701,3734.79
971112,1600,3700.6599,3710.1799,3645.8301,3697.48
971113,1600,3699.4399,3726.6499,3679.01,3701.9399
971114,1600,3724.6001,3768.5901,3673.9099,3676.6499
971117,1600,3739.71,3817.45,3739.71,3816.71
971118,1600,3826.1499,3860.25,3796.8201,3844.1399
971119,1600,3801.04,3884.1101,3783.96,3876.8999
971120,1600,3891.1799,3940.74,3888.9399,3931.8101
971121,1600,3960.9099,3986.3701,3937.27,3941.9099
971124,1600,3918.98,3918.98,3821.9299,3832.1001
971125,1600,3818.2,3873.7,3816.99,3850.1399
971126,1600,3880.22,3943.26,3878.1001,3926.9299
971127,1600,3953.3899,3978.8799,3952.1499,3961.97
971128,1600,3966.02,3975.1399,3941.47,3972.0801
971201,1600,4000.04,4137.9302,4000.04,4125.9199
971202,1600,4140.2798,4143.52,4073.4199,4096.3999
971203,1600,4087.79,4117.2798,4053.51,4074.55
971204,1600,4089.3501,4172.1299,4089.3501,4159.7202
971205,1600,4153.75,4195.9702,4121.6299,4191.8101
971208,1600,4217.27,4245.79,4194.0698,4208.1401
971209,1600,4212.9399,4226.48,4167.3599,4187.1299
971210,1600,4174.0698,4180.2402,4104.0,4116.7002
971211,1600,4064.26,4064.26,4005.6499,4016.7
971212,1600,4051.54,4087.71,4034.4399,4061.9099
971215,1600,4072.8501,4091.6699,4028.73,4029.0801
971216,1600,4063.3,4152.1802,4053.8,4150.3101
971217,1600,4156.2402,4194.7798,4130.0098,4154.5698
971218,1600,4140.8398,4187.6802,4140.8398,4162.9199
971219,1600,4115.1899,4131.04,4051.24,4055.3501
971222,1600,4074.51,4137.3398,4035.05,4125.54
971223,1600,4141.5601,4146.96,4104.46,4132.79
971229,1600,4142.71,4266.02,4142.5801,4266.02
971230,1600,4283.5698,4320.04,4223.04,4224.2998
980102,1600,4270.6899,4368.0,4270.6899,4364.3198
980105,1600,4358.0298,4420.8501,4331.2002,4416.9502
980106,1600,4427.2998,4427.3301,4345.8198,4360.0498
980107,1600,4356.8701,4395.96,4326.5498,4339.98
980108,1600,4359.3501,4400.9399,4274.0,4293.6401
980109,1600,4270.9199,4300.4199,4229.6499,4237.75
980112,1600,4145.1401,4145.1401,4069.6499,4134.6401
980113,1600,4179.1299,4209.48,4142.4102,4150.0098
980114,1600,4198.1699,4224.8198,4141.96,4145.4102
980115,1600,4132.6401,4165.2798,4124.1499,4140.2202
980116,1600,4170.0,4219.1299,4170.0,4216.2402
980119,1600,4247.0898,4304.29,4241.7002,4290.0498
980120,1600,4291.3101,4322.0,4268.9502,4310.8301
980121,1600,4328.7998,4332.4902,4248.8198,4250.4702
980122,1600,4208.29,4243.4102,4172.4102,4238.77
980123,1600,4236.6499,4275.7402,4204.9702,4222.1602
980126,1600,4172.1299,4277.5498,4155.8398,4266.3398
980127,1600,4267.3398,4318.6401,4249.6099,4316.0498
980128,1600,4325.0801,4405.3599,4317.02,4385.29
980129,1600,4410.2598,4451.2598,4380.3999,4444.5298
980130,1600,4455.5298,4458.3398,4421.3301,4442.5298
980202,1600,4481.02,4549.2202,4480.8198,4529.8799
980203,1600,4533.8198,4554.5098,4491.8599,4529.1802
980204,1600,4545.1802,4555.0498,4474.27,4509.25
980205,1600,4508.4502,4581.0,4486.5098,4494.7202
980206,1600,4513.8701,4546.4702,4494.5,4536.9102
980209,1600,4569.5,4591.9302,4509.4199,4519.5601
980210,1600,4515.3101,4563.4502,4506.6899,4558.6201
980211,1600,4578.4199,4598.0601,4537.6499,4552.46
980212,1600,4561.9502,4602.1602,4504.1099,4509.3701
980213,1600,4523.75,4528.52,4485.5498,4522.4199
980216,1600,4520.6001,4535.5601,4504.8398,4535.5601
980217,1600,4551.9502,4632.3501,4548.1499,4627.4199
980218,1600,4623.46,4633.77,4582.23,4611.6602
980219,1600,4628.9399,4637.5098,4575.8398,4581.0801
980220,1600,4580.3599,4612.1802,4578.3901,4583.0298
980223,1600,4609.3398,4665.1899,4591.6001,4610.6602
980224,1600,4601.8198,4629.48,4569.5,4604.5498
980225,1600,4601.7598,4707.5498,4601.4302,4704.5801
980226,1600,4726.6699,4729.5898,4680.8398,4695.7798
980227,1600,4727.73,4736.0898,4662.2798,4693.8599
980302,1600,4696.48,4790.3101,4679.8599,4781.6201
980303,1600,4779.8599,4783.9702,4745.6899,4759.6201
980304,1600,4781.5698,4791.4102,4678.0801,4690.52
980305,1600,4659.79,4689.1602,4612.1401,4676.4199
980306,1600,4697.02,4782.1001,4661.6201,4762.71
980309,1600,4757.7002,4838.7002,4749.5601,4828.8901
980310,1600,4830.1699,4870.5498,4807.8398,4852.2202
980311,1600,4898.1602,4916.8799,4829.3501,4862.4102
980312,1600,4845.0298,4854.46,4810.8398,4838.6699
980313,1600,4861.7998,4914.0498,4835.3101,4872.2402
980316,1600,4852.8701,4918.5698,4847.1099,4905.5898
980317,1600,4929.0601,4956.0601,4929.0298,4945.9102
980318,1600,4958.96,4958.96,4874.5298,4908.5498
980319,1600,4920.3198,4960.7002,4917.25,4949.9102
980320,1600,4969.8301,5055.3701,4969.8301,5045.1602
980323,1600,5060.3398,5060.3398,4960.6699,5014.1299
980324,1600,4991.5498,5065.29,4988.4199,5064.3501
980325,1600,5096.6099,5136.79,5079.7798,5114.1299
980326,1600,5105.3101,5105.4702,4996.3901,5029.0
980327,1600,5020.1899,5100.7998,5008.5698,5066.8999
980330,1600,5059.29,5080.2798,4994.52,5069.8901
980331,1600,5092.3599,5106.5,5037.8701,5097.25
980401,1600,5084.1201,5170.29,5079.6802,5135.3501
980402,1600,5153.9502,5192.2998,5145.8198,5179.04
980403,1600,5210.2202,5256.5801,5206.71,5254.3198
980406,1600,5246.4302,5346.8398,5238.27,5345.8901
980407,1600,5353.6401,5359.6802,5283.3701,5309.6699
980408,1600,5316.5698,5323.3198,5241.0498,5267.3501
980409,1600,5234.77,5322.2998,5233.8301,5312.25
980414,1600,5350.1602,5409.8198,5301.5698,5367.98
980415,1600,5390.02,5409.23,5343.46,5359.2402
980416,1600,5381.5,5398.46,5268.8599,5292.9702
980417,1600,5276.0498,5333.5801,5243.2598,5326.6299
980420,1600,5372.8398,5436.77,5372.8398,5407.9302
980421,1600,5419.8701,5420.9199,5337.46,5373.7998
980422,1600,5386.8198,5425.8501,5297.48,5312.2798
980423,1600,5333.2402,5341.71,5215.1699,5262.5698
980424,1600,5249.54,5254.7798,5136.73,5144.4199
980427,1600,5121.1401,5155.6299,4992.1201,5002.71
980428,1600,5027.9199,5114.3701,5009.9199,5110.8799
980429,1600,5129.21,5153.1802,5051.23,5083.7998
980430,1600,5102.0898,5269.1001,5082.1401,5241.23
980504,1600,5264.25,5357.4702,5259.4302,5337.75
980505,1600,5337.5,5337.5,5210.3101,5226.2002
980506,1600,5230.9399,5297.6401,5189.1802,5264.6201
980507,1600,5277.5498,5277.5498,5160.1299,5164.8901
980508,1600,5184.8198,5289.0898,5178.4399,5270.6099
980511,1600,5310.5298,5351.7798,5297.6201,5348.75
980512,1600,5296.1201,5320.6099,5266.7002,5307.8198
980513,1600,5340.1001,5413.9302,5328.98,5371.9902
980514,1600,5400.29,5410.7798,5322.27,5374.1099
980515,1600,5385.9102,5429.1099,5374.9702,5414.3101
980518,1600,5384.0298,5388.73,5329.0898,5343.6602
980519,1600,5374.0698,5446.0298,5370.9399,5441.0
980520,1600,5447.2402,5533.3999,5434.5898,5514.5098
980522,1600,5520.3398,5577.3501,5506.77,5530.1899
980525,1600,5548.3301,5597.4302,5547.8198,5592.46
980526,1600,5614.4302,5671.52,5612.7402,5639.8901
980527,1600,5580.79,5580.79,5451.46,5466.8799
980528,1600,5532.2998,5579.2002,5470.6001,5507.3599
980529,1600,5543.7402,5591.4399,5534.1499,5556.9902
980602,1600,5542.5498,5613.8301,5495.1099,5583.8301
980603,1600,5575.9702,5641.0698,5572.5898,5640.4199
980604,1600,5628.54,5628.54,5569.4102,5605.3799
980605,1600,5648.73,5726.1299,5644.8101,5724.75
980608,1600,5761.96,5796.1899,5757.6299,5787.0498
980609,1600,5789.1299,5789.4399,5740.9399,5773.77
980610,1600,5758.02,5810.02,5707.4702,5799.2202
980612,1600,5741.0898,5741.0898,5623.3501,5631.3398
980615,1600,5635.3901,5668.0498,5511.27,5581.2402
980616,1600,5535.96,5632.3999,5523.8501,5621.71
980617,1600,5662.3799,5743.1401,5662.3799,5742.8301
980618,1600,5777.7002,5811.7002,5680.75,5689.8901
980619,1600,5718.98,5730.54,5634.1499,5644.2202
980622,1600,5652.5601,5688.2402,5609.5298,5648.1099
980623,1600,5664.5498,5751.8901,5659.23,5748.3398
980624,1600,5769.5601,5794.9302,5719.3101,5784.3999
980625,1600,5822.71,5894.21,5822.71,5886.7202
980626,1600,5873.4902,5899.73,5842.4502,5870.4902
980629,1600,5888.6201,5945.0298,5888.6201,5933.73
980630,1600,5953.5298,5957.5601,5831.73,5841.8301
980701,1600,5866.8101,5937.4902,5860.6899,5910.5098
980702,1600,5939.6201,5986.6299,5890.9102,5905.1499
980703,1600,5914.5498,5963.9399,5912.9502,5961.4502
980706,1600,5985.3901,5985.3901,5901.0498,5942.0601
980707,1600,5963.5098,5998.9199,5955.5,5975.8799
980708,1600,5973.29,6025.5,5949.3301,6018.8901
980709,1600,6051.3599,6051.3599,5979.23,6000.8398
980710,1600,5962.0601,6024.5801,5919.9902,6001.2402
980713,1600,6014.4302,6054.7798,6001.7798,6023.3101
980714,1600,6026.0801,6103.0801,6026.0801,6101.8999
980715,1600,6143.4199,6161.6099,6084.5298,6106.1001
980716,1600,6107.73,6158.9702,6084.23,6108.0
980717,1600,6131.46,6170.3799,6117.7402,6162.8599
980720,1600,6155.21,6206.0098,6132.2798,6186.0898
980721,1600,6195.1802,6224.52,6164.48,6184.1001
980722,1600,6151.73,6189.6099,6081.1099,6081.1099
980723,1600,6109.6602,6138.7798,6025.77,6043.8198
980724,1600,5990.48,6062.0298,5952.8198,6040.5801
980727,1600,6048.71,6075.0498,5850.2598,5854.3501
980728,1600,5948.8701,5969.2002,5857.27,5867.52
980729,1600,5862.0698,5890.1401,5806.96,5828.7402
980730,1600,5850.3799,5908.1401,5828.9502,5906.3301
980731,1600,5929.79,5963.5098,5856.6899,5861.1899
980803,1600,5805.0698,5813.23,5720.4302,5774.3799
980804,1600,5747.02,5816.8901,5718.7002,5718.7002
980805,1600,5620.7002,5641.1802,5555.5898,5614.77
980806,1600,5653.3501,5670.2002,5499.4399,5528.1201
980807,1600,5563.9199,5598.3198,5529.1099,5598.3198
980810,1600,5600.27,5612.1602,5460.4302,5460.4302
980811,1600,5471.1099,5472.8398,5251.4399,5285.7798
980812,1600,5347.7202,5425.98,5336.77,5386.9399
980813,1600,5355.6899,5398.1899,5231.8101,5355.0298
980814,1600,5361.8701,5484.4199,5361.8701,5473.7202
980817,1600,5404.6401,5472.1001,5307.7598,5432.0298
980818,1600,5500.7402,5602.1499,5500.7402,5602.1499
980819,1600,5637.8198,5677.1602,5585.8701,5601.9302
980820,1600,5619.1499,5659.77,5470.9302,5486.7598
980821,1600,5459.1201,5459.1201,5156.2402,5190.6001
980824,1600,5218.29,5287.3999,5143.9902,5253.3799
980825,1600,5293.7002,5407.0298,5293.7002,5407.0298
980826,1600,5386.3301,5386.3301,5208.3599,5247.6201
980827,1600,5203.4199,5253.0498,5012.73,5012.73
980828,1600,4912.3101,5018.8101,4745.0601,4925.7998
980831,1600,4950.77,4990.27,4810.7598,4811.2798
980901,1600,4723.1401,4855.8999,4647.8799,4855.8999
980902,1600,4937.1401,5013.77,4907.77,4948.5098
980903,1600,4916.3901,4917.4399,4742.3198,4797.1299
980904,1600,4782.0298,4953.4902,4778.77,4864.9702
980907,1600,4952.04,5015.6802,4877.2402,4945.7402
980908,1600,4983.29,5118.4302,4943.96,5095.6201
980909,1600,5140.9102,5151.6802,4957.6899,4958.4399
980910,1600,4919.3999,4921.9199,4690.4199,4744.0498
980911,1600,4683.8901,4786.4702,4600.1699,4754.6499
980914,1600,4851.8198,4916.4702,4830.9502,4893.5098
980915,1600,4928.4199,4959.8799,4792.75,4851.5601
980916,1600,4881.4502,4958.6299,4847.1602,4872.1802
980917,1600,4840.7798,4842.25,4619.1001,4629.0298
980918,1600,4716.7402,4771.0098,4550.27,4623.3701
980921,1600,4563.2598,4581.5801,4347.6499,4439.1299
980922,1600,4572.7998,4609.0498,4529.71,4549.23
980923,1600,4553.8701,4722.96,4553.8701,4722.96
980924,1600,4799.3901,4864.3901,4611.3398,4611.3398
980925,1600,4561.1602,4593.1602,4452.9102,4584.4102
980928,1600,4579.3301,4721.79,4573.6699,4677.5601
980929,1600,4664.7002,4666.4502,4566.8501,4600.3301
980930,1600,4546.2202,4559.75,4407.79,4430.9102
981001,1600,4370.6602,4374.04,4094.6201,4094.6201
981002,1600,4137.71,4230.3198,3855.04,4019.3101
981005,1600,4013.05,4119.79,3880.4299,3970.99
981006,1600,3966.3101,4190.7998,3963.3799,4185.3901
981007,1600,4234.9199,4279.1699,4006.0601,4064.1599
981008,1600,4004.95,4043.3799,3822.5901,3861.8899
981009,1600,3981.78,4042.0601,3904.3101,3973.4399
981012,1600,4075.8501,4280.9302,4075.8501,4271.6299
981013,1600,4219.1602,4307.4502,4169.1602,4253.1201
981014,1600,4219.1299,4377.8599,4171.8701,4371.1001
981015,1600,4364.54,4438.75,4315.6602,4391.6401
981016,1600,4504.8901,4578.4102,4399.4302,4469.1201
981019,1600,4499.46,4543.5298,4407.3301,4466.1802
981020,1600,4489.7002,4657.8599,4489.7002,4657.8599
981021,1600,4616.8701,4643.1699,4516.3501,4534.5498
981022,1600,4559.79,4601.5098,4427.8701,4449.1201
981023,1600,4459.54,4498.3101,4421.3398,4480.4302
981026,1600,4459.5498,4618.6299,4437.9702,4579.6401
981027,1600,4629.7998,4711.25,4608.1201,4682.7002
981028,1600,4653.3101,4653.3101,4524.4199,4564.1201
981029,1600,4556.96,4593.6401,4483.2598,4569.73
981030,1600,4602.8901,4729.3501,4600.7598,4690.9902
981102,1600,4717.52,4806.6401,4717.52,4762.4702
981103,1600,4793.0498,4794.6699,4691.2402,4709.3198
981104,1600,4725.4902,4880.8901,4724.6802,4878.2402
981105,1600,4866.79,4878.9702,4765.1299,4795.2798
981106,1600,4834.5698,4906.9102,4799.79,4809.73
981109,1600,4854.8101,4887.79,4740.02,4762.3799
981110,1600,4746.5898,4790.2998,4653.5801,4681.3398
981111,1600,4698.29,4761.0698,4683.9902,4705.3198
981112,1600,4683.7798,4684.0898,4630.5,4645.8901
981113,1600,4653.1602,4715.7202,4613.0898,4643.7998
981116,1600,4687.6899,4785.7598,4687.6899,4785.7598
981117,1600,4787.75,4790.29,4706.9199,4718.3398
981118,1600,4740.2598,4816.9399,4687.1802,4700.6899
981119,1600,4716.9902,4834.2402,4700.4102,4805.6899
981120,1600,4832.3701,4926.0298,4827.5298,4911.4302
981123,1600,4964.6099,5036.6899,4960.4102,5024.5098
981124,1600,5058.5898,5116.0,4950.3301,4954.54
981125,1600,4941.23,5014.5098,4926.3701,4956.5298
981126,1600,4972.0601,5071.3901,4972.0601,5067.9902
981127,1600,5064.4902,5161.3501,5033.3198,5159.21
981130,1600,5135.0,5174.4199,5017.9502,5026.1401
981201,1600,4997.0098,4997.0098,4752.0801,4777.1802
981202,1600,4871.1802,4879.3501,4676.4702,4712.2002
981203,1600,4681.5,4827.75,4592.0698,4812.3398
981204,1600,4757.7798,4850.5601,4687.1699,4802.7598
981207,1600,4830.6401,4911.4102,4701.9502,4721.1699
981208,1600,4718.8701,4766.29,4644.29,4708.1899
981209,1600,4692.1201,4724.25,4628.4199,4676.5698
981210,1600,4680.6299,4741.8999,4606.6602,4650.2998
981211,1600,4573.2202,4580.8901,4495.0801,4543.02
981214,1600,4499.1602,4567.5801,4435.9399,4563.2598
981215,1600,4536.5698,4619.3701,4522.48,4569.7002
981216,1600,4606.23,4716.8599,4604.2798,4686.7402
981217,1600,4688.2598,4742.1099,4652.1401,4732.1099
981218,1600,4741.96,4750.4399,4649.3901,4666.7402
981221,1600,4681.0801,4845.96,4667.2002,4826.7002
981222,1600,4820.29,4889.1099,4773.3501,4879.4702
981223,1600,4873.3398,4989.0,4857.1802,4978.6201
981228,1600,4991.3701,5066.8799,4991.3701,5040.1499
981229,1600,5038.0601,5066.8701,5002.2402,5056.2002
981230,1600,5054.8599,5089.23,4999.71,5006.5698
990104,1600,4978.3799,5290.3599,4962.8301,5290.3599
990105,1600,5171.77,5313.6099,5140.6899,5263.4102
990106,1600,5337.8999,5460.2002,5312.48,5442.8999
990107,1600,5482.6201,5509.2998,5261.5298,5345.71
990108,1600,5357.0801,5458.2598,5352.3301,5370.5098
990111,1600,5404.4502,5485.79,5250.9399,5266.4702
990112,1600,5278.1401,5338.3599,5180.21,5196.1299
990113,1600,5146.2002,5193.0298,4849.7798,4982.1201
990114,1600,5062.2998,5093.6602,4867.25,4902.75
990115,1600,4882.23,4988.48,4752.8198,4973.7798
990118,1600,5065.9102,5091.7002,5011.6699,5076.8501
990119,1600,5098.73,5129.7002,4978.0898,5038.4502
990120,1600,5095.9399,5198.48,5087.9502,5197.1499
990121,1600,5161.96,5234.2202,5108.1201,5163.4502
990122,1600,5111.6001,5111.6001,4970.0801,5008.21
990125,1600,4979.8799,5021.3198,4880.73,4988.5898
990126,1600,5032.1602,5071.9102,4938.3599,5001.1899
990127,1600,5076.7002,5112.79,5034.3398,5038.21
990128,1600,5011.4199,5126.9399,4951.1401,5080.9302
990129,1600,5113.0098,5196.6001,5113.0098,5180.29
990201,1600,5205.8999,5292.7402,5204.52,5239.6001
990202,1600,5221.2002,5246.1699,5151.5801,5164.9502
990203,1600,5154.0098,5168.3799,5051.4399,5090.0698
990204,1600,5136.29,5206.3101,5060.5,5061.2798
990205,1600,5027.8198,5100.1099,4981.6899,5097.48
990208,1600,5127.46,5174.25,4999.7202,5052.4399
990209,1600,5070.3599,5103.9902,4842.5801,4850.6699
990210,1600,4840.7202,4849.1802,4743.46,4814.04
990211,1600,4841.5,4877.54,4789.9399,4869.29
990212,1600,4961.8198,4995.5298,4850.6099,4896.7402
990215,1600,4871.52,4888.9502,4807.3901,4888.9502
990216,1600,4931.79,4950.1201,4874.7598,4895.1099
990217,1600,4888.2402,4888.2402,4771.4302,4820.4199
990218,1600,4801.5898,4878.46,4782.0298,4871.0898
990219,1600,4886.1602,4916.6099,4775.6602,4823.2598
990222,1600,4870.6699,4904.2998,4821.9302,4887.7002
990223,1600,4929.4199,5039.6802,4929.4199,5012.6001
990224,1600,4982.0601,5083.4502,4971.0498,5058.29
990225,1600,5022.5698,5030.1401,4904.4902,4918.5498
990226,1600,4930.71,4953.9102,4847.4502,4903.96
990301,1600,4929.0298,4956.0898,4739.6499,4779.0698
990302,1600,4808.1499,4834.0801,4704.7202,4797.8398
990303,1600,4804.0898,4815.3999,4658.2002,4668.52
990304,1600,4677.96,4722.6899,4601.0698,4722.6899
990305,1600,4762.73,4877.71,4727.77,4840.8101
990308,1600,4876.6099,4885.02,4764.5,4791.4302
990309,1600,4797.6899,4869.4702,4720.1899,4790.4702
990310,1600,4798.5601,4823.8901,4696.0098,4730.0498
990311,1600,4757.1099,4805.1401,4712.6499,4785.3701
990312,1600,5006.8101,5099.77,4968.3101,5031.0601
990315,1600,5034.9102,5086.4302,4988.1699,5043.23
990316,1600,5064.8501,5124.0,5027.0601,5090.9302
990317,1600,5065.7998,5128.6699,5053.8799,5062.5898
990318,1600,5031.3198,5054.8301,4980.8301,5025.79
990319,1600,5066.8501,5162.7402,5066.3198,5108.75
990322,1600,5080.23,5080.23,5020.4199,5034.6802
990323,1600,5013.0498,5029.1401,4856.7798,4870.4902
990324,1600,4837.5898,4837.5898,4749.8999,4797.3301
990325,1600,4808.3301,4882.77,4796.2998,4863.8101
990326,1600,4889.7598,4909.48,4732.04,4799.5898
990329,1600,4803.6401,4872.25,4780.6602,4867.21
990330,1600,4916.8501,4916.8501,4810.5298,4841.2002
990331,1600,4842.48,4893.5898,4831.6899,4865.27
990401,1600,4843.6899,4916.8999,4768.77,4901.8101
990406,1600,4966.7798,5034.2402,4927.3999,5022.27
990407,1600,4996.6699,5063.3501,4981.0601,5027.25
990408,1600,5048.1699,5078.0,4994.8599,5067.7598
990409,1600,5097.02,5178.8901,5091.5498,5133.9199
990412,1600,5101.4399,5187.4102,5064.6299,5167.5498
990413,1600,5214.9502,5229.4702,5166.73,5225.2202
990414,1600,5189.54,5233.02,5149.1201,5186.7598
990415,1600,5158.2798,5221.9102,5142.7998,5189.7202
990416,1600,5172.9302,5209.04,5131.52,5143.02
990419,1600,5147.7202,5255.2402,5147.7202,5252.3999
990420,1600,5184.8198,5198.9399,5082.21,5101.4102
990421,1600,5102.3999,5176.3301,5099.6201,5175.5698
990422,1600,5205.3198,5261.5801,5205.3198,5226.6401
990423,1600,5256.54,5266.73,5177.8301,5187.8901
990426,1600,5193.8501,5288.98,5193.8501,5269.1201
990427,1600,5307.0698,5371.0801,5258.8501,5364.8101
990428,1600,5368.0898,5370.25,5311.4302,5352.7202
990429,1600,5336.8599,5352.7002,5285.2002,5323.0601
990430,1600,5318.27,5403.2598,5307.3599,5360.4399
990503,1600,5370.3901,5394.9502,5344.8799,5383.2202
990504,1600,5411.21,5452.8701,5359.2998,5377.3999
990505,1600,5337.8301,5370.7002,5270.7002,5295.2202
990506,1600,5328.9702,5376.75,5265.8398,5275.5698
990507,1600,5276.2002,5305.0298,5235.52,5276.5
990510,1600,5299.4102,5322.6099,5190.1099,5261.0098
990511,1600,5250.7798,5300.3901,5232.7202,5297.4902
990512,1600,5304.9199,5313.7798,5190.9502,5249.2402
990514,1600,5278.9302,5308.46,5173.2002,5183.4902
990517,1600,5166.2998,5173.04,5090.3901,5102.0
990518,1600,5124.6699,5169.5098,5113.27,5160.4702
990519,1600,5164.6099,5213.2998,5125.3198,5213.2998
990520,1600,5224.5498,5250.8398,5199.6802,5243.21
990521,1600,5244.1201,5273.0698,5211.8901,5253.77
990525,1600,5216.3799,5217.6499,5125.7002,5165.7202
990526,1600,5125.5,5198.23,5101.5,5183.0801
990527,1600,5199.9902,5218.6099,5055.9399,5064.3101
990528,1600,5028.8198,5078.3101,5000.3301,5070.98
990531,1600,5114.71,5116.3701,5027.7202,5068.5898
990601,1600,5095.73,5096.8999,4983.0698,5010.71
990602,1600,5034.8301,5046.96,4969.5698,5040.3398
990604,1600,5067.5098,5125.2798,5034.4199,5124.1299
990607,1600,5138.8999,5218.73,5090.0698,5212.8599
990608,1600,5228.3198,5240.8999,5196.5498,5196.9302
990609,1600,5187.9302,5272.6099,5166.79,5250.6299
990610,1600,5264.54,5291.3701,5186.4702,5201.4902
990611,1600,5209.48,5303.7798,5201.4702,5296.0098
990614,1600,5271.6299,5307.5698,5256.4502,5291.52
990615,1600,5276.6401,5357.73,5237.2402,5344.9199
990616,1600,5331.3799,5391.7202,5298.6099,5382.6699
990617,1600,5405.6099,5428.25,5385.0,5415.5098
990618,1600,5416.4199,5506.25,5337.1899,5337.1899
990621,1600,5366.2798,5499.1602,5366.2798,5468.4702
990622,1600,5471.7002,5481.96,5417.52,5468.6699
990623,1600,5436.7202,5455.1201,5387.2002,5399.1099
990624,1600,5412.3701,5441.98,5321.6401,5327.6001
990625,1600,5318.8901,5351.0698,5287.27,5301.21
990628,1600,5319.8799,5358.4199,5283.73,5356.9502
990629,1600,5370.0098,5394.3501,5332.96,5359.5298
990630,1600,5375.4199,5413.6899,5357.8701,5378.52
990701,1600,5428.3398,5498.1099,5425.8501,5480.2202
990702,1600,5489.8799,5521.7002,5456.1899,5519.0498
990705,1600,5533.2002,5649.8901,5528.8501,5625.6201
990706,1600,5632.1802,5640.1099,5580.1299,5612.8999
990707,1600,5606.71,5620.0801,5547.8799,5588.5
990708,1600,5601.8701,5646.5801,5549.1401,5607.1001
990709,1600,5598.5098,5666.2598,5598.5098,5638.9502
990712,1600,5662.0698,5686.5498,5635.1001,5652.02
990713,1600,5646.3398,5652.8999,5553.4199,5573.8198
990714,1600,5579.4902,5649.4199,5571.9702,5610.8901
990715,1600,5608.3799,5671.77,5598.3901,5619.2598
990716,1600,5644.8501,5653.52,5576.8999,5619.9399
990719,1600,5632.9902,5654.8501,5600.1499,5624.7402
990720,1600,5621.0601,5643.1899,5482.6099,5491.29
990721,1600,5461.9399,5472.5498,5401.8398,5414.1699
990722,1600,5417.1099,5442.6899,5320.7798,5340.9102
990723,1600,5349.04,5391.52,5297.8599,5310.6299
990726,1600,5318.2598,5330.02,5161.25,5206.4399
990727,1600,5196.71,5253.1099,5188.5298,5224.1602
990728,1600,5267.54,5274.3301,5204.6401,5229.5601
990729,1600,5235.6602,5241.2402,5035.2002,5052.3198
990730,1600,5050.5498,5110.52,5039.5,5101.8701
990802,1600,5088.6499,5144.2002,4970.7402,5129.5
990803,1600,5105.0098,5139.2402,5054.8398,5107.6802
990804,1600,5097.6899,5149.1001,5067.2002,5119.3701
990805,1600,5094.48,5094.48,4948.0801,4978.4502
990806,1600,5013.3799,5057.2002,4974.98,5010.4702
990809,1600,5001.3301,5102.5601,4980.6099,5087.2998
990810,1600,5089.8301,5095.8301,4975.1499,5000.8701
990811,1600,5013.71,5047.4302,5010.9102,5019.6899
990812,1600,5073.2798,5149.1899,5068.8799,5127.4302
990813,1600,5111.02,5225.2202,5089.4399,5219.4302
990816,1600,5241.5698,5257.6802,5196.9399,5257.1001
990817,1600,5256.8501,5301.4902,5223.3999,5259.9102
990818,1600,5272.5801,5293.2598,5217.5498,5230.4702
990819,1600,5213.21,5235.0801,5165.8101,5186.8501
990820,1600,5200.2402,5260.96,5200.2402,5254.1401
990823,1600,5267.29,5314.27,5267.29,5301.98
990824,1600,5328.73,5342.23,5268.2402,5324.02
990825,1600,5321.4102,5414.52,5300.79,5400.3198
990826,1600,5433.9399,5455.8398,5354.6001,5389.3398
990827,1600,5368.1899,5428.9502,5329.6201,5420.3599
990830,1600,5414.4199,5425.3901,5363.5898,5392.5298
990831,1600,5346.8301,5346.8301,5267.1699,5270.77
990901,1600,5286.5801,5328.54,5273.8999,5317.1201
990902,1600,5337.6201,5340.6499,5184.0098,5189.9199
990903,1600,5202.54,5340.0098,5199.6802,5336.2202
990906,1600,5343.7002,5416.2002,5329.79,5400.5498
990907,1600,5397.48,5430.5601,5364.3398,5391.3599
990908,1600,5387.4302,5401.0898,5332.8398,5400.7002
990909,1600,5397.4502,5448.9102,5370.3599,5436.8599
990910,1600,5438.6401,5522.4102,5427.1299,5483.9502
990913,1600,5489.6001,5530.7598,5440.9199,5446.9102
990914,1600,5457.27,5493.2002,5394.5098,5401.4702
990915,1600,5385.4199,5449.3599,5342.9102,5387.1802
990916,1600,5356.4302,5361.6201,5297.7402,5304.4199
990917,1600,5331.52,5365.27,5290.3198,5303.9399
990920,1600,5327.8398,5372.8701,5320.04,5351.98
990921,1600,5378.9102,5384.52,5247.7002,5282.7598
990922,1600,5236.5298,5286.2402,5211.7002,5238.7598
990923,1600,5256.4302,5332.9902,5228.8501,5299.5698
990924,1600,5220.96,5220.96,5163.21,5186.5298
990927,1600,5207.6602,5247.6299,5201.4702,5239.6401
990928,1600,5254.5098,5261.8501,5116.8799,5119.1001
990929,1600,5157.1699,5172.46,5069.8701,5135.6201
990930,1600,5127.1099,5149.8301,5083.6699,5149.8301
991001,1600,5166.5698,5185.7202,5078.5898,5124.5498
991004,1600,5134.9702,5251.5698,5115.0898,5218.8599
991005,1600,5245.8301,5304.7002,5224.4902,5301.8501
991006,1600,5275.5601,5353.3198,5243.4302,5353.3198
991007,1600,5395.3198,5419.3999,5353.4702,5419.3101
991008,1600,5409.4399,5439.5298,5364.3501,5419.2598
991011,1600,5453.0801,5453.77,5396.0498,5414.5
991012,1600,5409.2402,5432.1201,5329.8501,5358.46
991013,1600,5315.5698,5315.5698,5264.7998,5295.4302
991014,1600,5270.5298,5319.3301,5218.52,5220.29
991015,1600,5211.6602,5230.4199,5101.8901,5184.23
991018,1600,5160.7998,5177.6401,5093.8398,5156.2798
991019,1600,5172.3701,5296.9102,5150.1699,5296.9102
991020,1600,5291.0698,5326.6699,5239.3501,5291.23
991021,1600,5290.1899,5295.1699,5211.1099,5246.4902
991022,1600,5272.6201,5362.0098,5268.8101,5357.75
991025,1600,5356.7002,5388.9502,5300.79,5320.3999
991026,1600,5306.71,5394.8398,5302.2798,5388.7598
991027,1600,5356.71,5386.1001,5324.3501,5363.8599
991028,1600,5360.5801,5492.9702,5342.3101,5478.8901
991029,1600,5503.1899,5557.9102,5492.8398,5525.3999
991101,1600,5518.7402,5549.7798,5496.77,5524.9199
991102,1600,5524.4199,5551.8198,5474.1201,5546.9502
991103,1600,5532.0601,5592.0898,5501.8599,5560.8701
991104,1600,5568.9199,5650.8198,5561.2798,5635.6201
991105,1600,5639.8799,5680.6699,5597.5698,5658.1001
991108,1600,5628.7402,5681.02,5613.9502,5647.9399
991109,1600,5654.3301,5755.25,5654.3301,5694.73
991110,1600,5685.5,5742.4199,5661.6802,5742.4199
991111,1600,5714.48,5803.8398,5714.48,5802.3599
991112,1600,5789.5,5824.2998,5750.6499,5791.0498
991115,1600,5792.4502,5861.0,5792.4502,5859.29
991116,1600,5849.5601,5914.2002,5809.3701,5909.52
991117,1600,5912.3999,5950.7998,5850.6602,5870.1699
991118,1600,5870.6699,5956.4102,5856.3301,5950.0498
991119,1600,5955.7598,6032.6699,5927.7798,5955.9702
991122,1600,5951.7002,5998.46,5812.21,5819.8901
991123,1600,5822.9502,5869.6802,5794.1401,5814.7402
991124,1600,5815.0898,5852.4502,5765.3599,5818.73
991125,1600,5812.8101,5967.6099,5810.21,5961.4502
991126,1600,5964.9702,6023.0098,5943.3701,5958.0698
991129,1600,5953.7798,5978.6401,5881.52,5888.8799
991130,1600,5875.4902,5896.73,5808.9502,5896.04
991201,1600,5891.27,5960.5898,5836.73,5933.8398
991202,1600,5933.0,5995.0098,5912.1699,5937.2002
991203,1600,5942.0898,6127.1201,5942.0898,6119.1699
991206,1600,6126.7202,6188.6802,6095.8799,6142.1899
991207,1600,6141.6899,6188.4902,6121.73,6158.77
991208,1600,6135.27,6140.8501,6051.5698,6115.5898
991209,1600,6100.73,6178.1699,6084.9502,6118.0601
991210,1600,6121.6802,6158.1802,6067.0801,6097.8999
991213,1600,6106.21,6159.21,6078.0098,6127.2002
991214,1600,6129.3101,6247.2402,6103.3599,6187.9902
991215,1600,6191.7598,6232.75,6148.21,6232.75
991216,1600,6228.9302,6364.0898,6220.5298,6341.29
991217,1600,6342.9199,6443.0498,6342.9199,6353.8999
991220,1600,6358.48,6393.2002,6296.8999,6378.6602
991221,1600,6372.79,6423.8799,6322.0898,6418.6802
991222,1600,6431.5098,6531.75,6431.5098,6492.5298
991223,1600,6503.6699,6798.1899,6503.6699,6782.3901
991227,1600,6784.3701,6992.9199,6784.3701,6837.4102
991228,1600,6839.0298,6885.2002,6762.1099,6861.54
991229,1600,6845.3701,6888.5098,6812.7202,6859.5801
991230,1600,6858.3999,6972.6602,6858.3999,6958.1401
1000103,1600,6961.7202,7159.3301,6720.8701,6750.7598
1000104,1600,6747.2402,6755.3599,6510.46,6586.9502
1000105,1600,6585.8501,6585.8501,6388.9102,6502.0698
1000106,1600,6501.4502,6539.3101,6402.6299,6474.9199
1000107,1600,6489.9399,6791.5298,6470.1401,6780.96
1000110,1600,6785.4702,6975.2598,6785.4702,6925.52
1000111,1600,6926.04,6943.8301,6821.2598,6891.25
1000112,1600,6878.9199,6913.5,6783.2202,6912.8101
1000113,1600,6913.1299,7106.4502,6898.6899,6955.98
1000114,1600,6960.29,7207.4502,6960.29,7173.2202
1000117,1600,7177.48,7297.04,7112.9702,7258.8999
1000118,1600,7262.21,7306.48,7053.8599,7072.1201
1000119,1600,7065.3101,7110.1899,6987.1201,7091.04
1000120,1600,7095.98,7230.75,7076.8101,7112.6602
1000121,1600,7103.7002,7103.7002,6939.9399,6992.75
1000124,1600,6987.5898,7092.5,6921.9702,6931.9902
1000125,1600,6928.0801,6928.0801,6809.6401,6809.6401
1000126,1600,6838.0498,6980.9302,6838.0498,6969.3701
1000127,1600,6983.4199,7169.8701,6944.6499,7126.1299
1000128,1600,7128.0098,7214.5801,7040.4902,7066.6001
1000131,1600,7054.2402,7054.2402,6816.54,6835.6001
1000201,1600,6841.1201,7052.2202,6841.1201,7050.46
1000202,1600,7063.5698,7172.0498,7038.71,7171.9502
1000203,1600,7175.8701,7354.5601,7134.4199,7354.2598
1000204,1600,7355.6899,7491.79,7338.1499,7444.6099
1000207,1600,7450.79,7450.79,7270.3999,7296.3198
1000208,1600,7295.6099,7570.5498,7263.1899,7549.8799
1000209,1600,7566.6802,7676.5601,7526.0801,7629.1099
1000210,1600,7617.0698,7709.27,7496.4199,7709.27
1000211,1600,7724.3599,7812.0898,7586.2598,7611.5498
1000214,1600,7569.0098,7660.3901,7542.2998,7644.7998
1000215,1600,7636.4102,7699.9702,7396.1299,7396.1299
1000216,1600,7401.2598,7596.8999,7342.6499,7490.3198
1000217,1600,7478.3198,7637.46,7394.02,7580.5298
1000218,1600,7584.3901,7658.8799,7543.5,7573.7798
1000221,1600,7568.3398,7590.5298,7447.71,7590.5298
1000222,1600,7580.3799,7725.5,7540.3599,7607.9399
1000223,1600,7619.8301,7772.2798,7619.8301,7698.9702
1000224,1600,7696.9199,7813.2002,7587.0801,7640.5298
1000225,1600,7668.7002,7776.8398,7640.6899,7738.6802
1000228,1600,7732.8999,7747.3701,7492.23,7587.1299
1000229,1600,7590.8999,7700.3599,7590.8999,7644.5498
1000301,1600,7645.2998,7769.0098,7618.6001,7727.9302
1000302,1600,7720.8999,7950.6602,7639.9302,7945.77
1000303,1600,7952.2798,8022.48,7874.5698,7960.0298
1000306,1600,7960.0898,8030.5898,7925.2002,7975.7798
1000307,1600,7971.23,8136.1602,7922.3198,8064.9702
1000308,1600,8069.98,8097.6802,7949.3799,7987.0
1000309,1600,7984.21,8084.9199,7877.1899,7949.1499
1000310,1600,7952.5098,8076.3101,7952.5098,7975.9502
1000313,1600,7977.0601,7991.0698,7630.3101,7693.8501
1000314,1600,7695.79,7757.0298,7630.1001,7650.0498
1000315,1600,7633.2002,7633.2002,7411.7598,7414.46
1000316,1600,7416.6401,7648.2798,7416.6401,7583.96
1000317,1600,7594.9902,7834.54,7574.52,7710.9199
1000320,1600,7716.2402,7887.9702,7716.2402,7872.3799
1000321,1600,7865.48,7865.48,7735.7402,7807.9302
1000322,1600,7827.5601,7949.7202,7787.0898,7798.6201
1000323,1600,7803.6899,7873.0298,7677.0801,7694.7798
1000324,1600,7706.5,7932.4199,7706.5,7932.4199
1000327,1600,7932.71,7939.9199,7832.0601,7892.4902
1000328,1600,7891.1499,8031.21,7880.1201,7931.9302
1000329,1600,7930.8198,7963.7002,7859.4399,7864.7598
1000330,1600,7834.5601,7849.5298,7610.5098,7644.8901
1000331,1600,7649.8799,7704.2798,7522.7002,7599.3901
1000403,1600,7599.7798,7641.5298,7404.3701,7429.2202
1000404,1600,7431.4199,7566.9199,7430.1802,7522.7998
1000405,1600,7502.0898,7538.7202,7205.8599,7330.77
1000406,1600,7345.0098,7480.1299,7325.7202,7446.21
1000407,1600,7470.3901,7533.3599,7399.8101,7522.2002
1000410,1600,7534.9102,7614.8101,7507.9302,7516.9502
1000411,1600,7513.1201,7513.1201,7366.4902,7442.6602
1000412,1600,7438.2598,7517.75,7414.3799,7443.0698
1000413,1600,7421.0601,7450.3901,7302.8198,7449.0601
1000414,1600,7440.0498,7440.0498,7168.8999,7214.8301
1000417,1600,7201.6602,7201.6602,6890.96,7187.1401
1000418,1600,7186.1802,7305.0298,7094.9199,7196.4902
1000419,1600,7204.3301,7305.9399,7146.52,7216.71
1000420,1600,7216.2202,7242.7998,7157.9502,7157.9502
1000425,1600,7164.1499,7317.0601,7096.3799,7280.5098
1000426,1600,7293.1001,7444.2798,7293.1001,7388.5498
1000427,1600,7386.6099,7413.8198,7156.8301,7221.7402
1000428,1600,7223.27,7436.4502,7223.27,7414.6802
1000502,1600,7407.5298,7561.6699,7405.7002,7555.9199
1000503,1600,7547.9102,7571.7202,7362.75,7376.9302
1000504,1600,7388.6802,7419.7402,7321.4302,7386.71
1000505,1600,7391.6201,7530.8198,7333.48,7530.8198
1000508,1600,7532.9702,7532.9702,7383.2202,7408.0898
1000509,1600,7407.8901,7407.9502,7225.1802,7280.54
1000510,1600,7273.5601,7313.27,7102.5898,7120.8599
1000511,1600,7111.2798,7277.5601,7013.7002,7259.48
1000512,1600,7269.8701,7331.0298,7206.0898,7269.2798
1000515,1600,7266.0801,7278.0298,7188.25,7195.1499
1000516,1600,7203.5801,7398.48,7203.5801,7371.0601
1000517,1600,7370.1802,7378.5698,7197.8301,7211.5098
1000518,1600,7214.5,7258.6099,7158.54,7181.5801
1000519,1600,7182.46,7182.46,6958.9199,6989.0298
1000522,1600,6983.46,7040.5698,6818.7002,6912.96
1000523,1600,6918.9302,7017.2402,6883.3901,6927.6899
1000524,1600,6920.1401,6920.1401,6794.0801,6834.8799
1000525,1600,6846.3701,6998.3101,6846.3701,6978.8701
1000526,1600,6969.0098,6972.21,6833.1099,6938.3301
1000529,1600,6956.1401,7029.7998,6956.1401,7016.6602
1000530,1600,7024.6001,7150.5,7024.6001,7119.2598
1000531,1600,7127.2598,7213.98,7101.1401,7109.6699
1000601,1600,7117.5698,7277.52,7117.5698,7272.7598
1000602,1600,7286.1899,7460.5098,7246.1699,7438.9502
1000605,1600,7456.2202,7486.3999,7354.8398,7408.02
1000606,1600,7404.7798,7464.7598,7298.23,7359.7998
1000607,1600,7363.6602,7363.6602,7241.5801,7292.98
1000608,1600,7293.7402,7390.5,7211.9702,7243.1299
1000609,1600,7246.46,7354.3198,7229.3301,7254.5298
1000612,1600,7251.29,7315.0498,7224.7202,7235.6401
1000613,1600,7222.77,7307.3398,7173.6401,7268.9102
1000614,1600,7292.77,7374.6001,7251.23,7350.9399
1000615,1600,7347.75,7388.2402,7324.6001,7328.6201
1000616,1600,7344.4399,7368.5698,7131.3999,7131.3999
1000619,1600,7134.1699,7225.3398,7134.1699,7198.7998
1000620,1600,7207.5898,7270.2002,7201.8799,7227.27
1000621,1600,7227.0498,7240.0098,7090.5,7100.0898
1000622,1600,7112.1499,7172.8599,7028.3398,7053.6699
1000623,1600,7056.8198,7081.5801,6976.9702,6980.4102
1000626,1600,6986.8901,7085.27,6975.0698,7027.1899
1000627,1600,7029.5498,7064.4399,6966.4502,7048.96
1000628,1600,7050.8398,7072.6401,7010.6699,7056.0498
1000629,1600,7055.4199,7058.0,6851.8398,6874.54
1000630,1600,6882.9399,6935.1802,6866.8501,6898.21
1000703,1600,6912.9702,6962.02,6842.6099,6958.96
1000704,1600,6958.3999,6976.0801,6881.1401,6944.3599
1000705,1600,6946.73,7090.1099,6946.73,6961.73
1000706,1600,6947.21,6978.9302,6905.2402,6951.0898
1000707,1600,6957.0098,7052.2202,6919.9399,7052.2202
1000710,1600,7052.6802,7126.04,7031.3301,7070.8198
1000711,1600,7068.0898,7069.4902,6955.5801,7003.98
1000712,1600,7015.8398,7100.3599,7011.6802,7065.9702
1000713,1600,7073.8101,7196.1602,7008.96,7195.9902
1000714,1600,7193.23,7342.2202,7173.4199,7318.3799
1000717,1600,7320.1001,7430.7002,7320.1001,7430.7002
1000718,1600,7417.02,7449.7798,7355.3101,7406.9102
1000719,1600,7406.2402,7406.2402,7321.27,7366.5698
1000720,1600,7364.6401,7491.7998,7303.9102,7480.1401
1000721,1600,7481.1899,7503.3198,7373.1499,7373.2598
1000724,1600,7377.98,7428.1699,7308.4502,7328.3101
1000725,1600,7323.2402,7358.6401,7294.0601,7329.04
1000726,1600,7330.1401,7368.3398,7250.2202,7302.1201
1000727,1600,7291.1401,7333.02,7170.8101,7183.4399
1000728,1600,7188.6299,7222.1099,7076.3701,7128.2998
1000731,1600,7135.3901,7251.8799,7112.9399,7190.3701
1000801,1600,7194.0298,7244.5498,7094.9302,7145.5298
1000802,1600,7151.5,7197.3198,7068.96,7112.4502
1000803,1600,7113.0801,7113.0801,6954.6001,7037.9102
1000804,1600,7040.25,7112.9702,7007.21,7016.5898
1000807,1600,7020.6499,7135.2798,7020.6499,7113.2202
1000808,1600,7110.4702,7194.2202,7079.7402,7123.8101
1000809,1600,7129.7002,7268.6401,7129.7002,7226.71
1000810,1600,7228.7002,7318.9399,7213.3799,7280.9702
1000811,1600,7289.2598,7327.2202,7225.0298,7322.98
1000814,1600,7323.8701,7369.0098,7297.0298,7331.6699
1000815,1600,7336.73,7380.1899,7276.04,7307.4302
1000816,1600,7314.5698,7363.6401,7291.0098,7315.27
1000817,1600,7320.6899,7336.23,7214.6802,7278.4302
1000818,1600,7286.3198,7320.6099,7216.6201,7232.4199
1000821,1600,7233.7402,7258.8701,7147.1499,7199.3398
1000822,1600,7208.3901,7282.21,7208.3901,7249.2002
1000823,1600,7257.3398,7263.5498,7157.8501,7232.7798
1000824,1600,7233.7798,7279.2002,7213.2002,7230.2598
1000825,1600,7232.3701,7333.0898,7232.3701,7307.1699
1000828,1600,7320.9302,7395.8101,7310.29,7339.2202
1000829,1600,7342.04,7355.5801,7277.1699,7294.3999
1000830,1600,7292.46,7292.46,7176.2402,7185.5601
1000831,1600,7191.0,7251.3101,7168.52,7216.4502
1000901,1600,7221.4102,7397.1201,7221.4102,7344.6699
1000904,1600,7355.7402,7453.3599,7355.7402,7445.5601
1000905,1600,7448.0801,7456.71,7369.3599,7395.0698
1000906,1600,7397.0498,7434.02,7315.1499,7333.02
1000907,1600,7327.6602,7383.6001,7283.79,7373.3398
1000908,1600,7373.8999,7393.8799,7248.9399,7267.77
1000911,1600,7267.6802,7273.2998,7196.6401,7214.4502
1000912,1600,7213.1802,7213.1802,7129.0298,7135.75
1000913,1600,7134.5601,7169.5298,6994.1802,7006.2598
1000914,1600,7010.7002,7101.5,7006.6401,7048.5
1000915,1600,7048.8799,7077.5801,6976.4102,6999.54
1000918,1600,6959.9302,6977.25,6873.3999,6891.6899
1000919,1600,6865.8701,6937.8198,6839.2998,6937.7402
1000920,1600,6953.25,6973.3101,6726.46,6765.23
1000921,1600,6774.2598,6817.0898,6581.9302,6682.9199
1000922,1600,6677.8301,6740.25,6468.46,6740.25
1000925,1600,6739.2798,6827.0698,6739.2798,6788.6899
1000926,1600,6779.8101,6827.8901,6726.2402,6765.04
1000927,1600,6761.9302,6857.48,6716.8398,6814.0601
1000928,1600,6809.5898,6846.9902,6727.3198,6832.7598
1000929,1600,6835.1299,6884.6299,6771.6602,6798.1201
1001002,1600,6800.0698,6906.8301,6766.1001,6862.2598
1001004,1600,6857.48,6896.54,6760.71,6823.4302
1001005,1600,6819.1201,6917.1699,6819.1201,6892.4902
1001006,1600,6895.71,6921.0801,6712.48,6776.3901
1001009,1600,6776.04,6776.04,6624.5498,6680.7798
1001010,1600,6683.6899,6726.4502,6655.5098,6673.1499
1001011,1600,6668.9399,6668.9399,6467.29,6561.6299
1001012,1600,6569.8599,6649.25,6383.1699,6465.2598
1001013,1600,6452.1099,6661.2998,6385.5498,6661.2998
1001016,1600,6668.1201,6725.3301,6578.7798,6627.25
1001017,1600,6622.0098,6668.5601,6521.75,6531.71
1001018,1600,6523.75,6523.75,6297.4902,6483.0
1001019,1600,6489.8501,6620.7798,6488.6899,6619.4302
1001020,1600,6616.7598,6663.1802,6533.1499,6618.4302
1001023,1600,6614.1802,6651.1001,6542.8701,6620.8701
1001024,1600,6617.73,6835.1602,6603.4902,6802.8101
1001025,1600,6794.48,6810.2998,6701.3101,6748.2202
1001026,1600,6749.0098,6858.1001,6718.5498,6767.8999
1001027,1600,6768.8701,6930.3599,6768.8701,6924.6802
1001030,1600,6921.3301,6955.9199,6880.1802,6926.5698
1001031,1600,6928.6899,7087.9199,6928.6899,7077.4399
1001101,1600,7093.8398,7114.2002,7015.52,7059.0698
1001102,1600,7067.7002,7135.8901,7048.8799,7088.6401
1001103,1600,7092.02,7152.4502,7072.3701,7128.27
1001106,1600,7139.9399,7185.6602,7111.5,7136.2998
1001107,1600,7140.25,7140.25,7028.79,7076.2798
1001108,1600,7075.8198,7130.21,7004.9302,7008.6401
1001109,1600,7005.2002,7019.5698,6930.29,6959.5
1001110,1600,6962.9399,7013.0698,6831.3999,6851.6899
1001113,1600,6839.98,6839.98,6690.6099,6742.1001
1001114,1600,6740.6401,6966.6499,6740.6401,6966.6499
1001115,1600,6976.1602,6976.6299,6882.0,6961.0898
1001116,1600,6950.9399,6950.9399,6805.1499,6842.1099
1001117,1600,6824.0,6839.9199,6724.0698,6752.29
1001120,1600,6755.23,6794.4102,6598.4199,6609.48
1001121,1600,6594.8799,6679.8701,6571.5601,6678.0698
1001122,1600,6669.75,6669.75,6474.5,6510.54
1001123,1600,6508.5298,6617.79,6476.6299,6601.0
1001124,1600,6607.98,6710.4502,6572.3398,6664.1802
1001127,1600,6665.25,6804.2202,6665.25,6696.9102
1001128,1600,6696.71,6717.7402,6603.6099,6625.5601
1001129,1600,6609.7598,6655.3599,6534.8198,6598.3198
1001130,1600,6598.0698,6598.0698,6361.4302,6372.3301
1001201,1600,6379.2598,6542.7202,6379.2598,6512.9102
1001204,1600,6507.6401,6507.6401,6343.4502,6408.1001
1001205,1600,6412.1499,6637.0898,6412.1499,6637.0898
1001206,1600,6641.5098,6721.8999,6606.4302,6622.25
1001207,1600,6621.6099,6650.0801,6495.2598,6566.0801
1001208,1600,6567.9902,6745.9102,6567.9902,6691.25
1001211,1600,6702.25,6806.4502,6702.25,6782.52
1001212,1600,6781.6201,6813.2998,6733.5898,6733.5898
1001213,1600,6741.5898,6797.8599,6585.1802,6620.21
1001214,1600,6617.46,6617.46,6449.5801,6469.9502
1001215,1600,6455.21,6455.21,6331.2998,6331.2998
1001218,1600,6337.8101,6467.3301,6337.8101,6390.25
1001219,1600,6392.4399,6505.75,6309.1401,6479.2798
1001220,1600,6467.0601,6467.0601,6226.6401,6248.7598
1001221,1600,6240.1201,6291.02,6110.2598,6200.71
1001222,1600,6210.8101,6281.73,6201.4399,6251.3999
1001227,1600,6252.1099,6357.7598,6252.1099,6328.1602
1001228,1600,6337.0601,6393.27,6323.0,6371.6401
1001229,1600,6376.1001,6469.7402,6364.1001,6433.6099
1010102,1600,6431.1401,6439.23,6289.8198,6289.8198
1010103,1600,6284.8701,6467.8198,6172.4399,6434.96
1010104,1600,6443.8701,6556.9399,6356.9199,6376.54
1010105,1600,6383.3301,6485.3398,6344.1602,6382.3101
1010108,1600,6368.8301,6426.6401,6337.9502,6392.1699
1010109,1600,6408.0601,6462.5,6354.9702,6404.52
1010110,1600,6402.1899,6413.5601,6293.4902,6320.0698
1010111,1600,6320.9399,6477.6602,6320.9399,6465.21
1010112,1600,6480.8198,6552.52,6467.1201,6490.0298
1010115,1600,6506.7002,6553.75,6481.1699,6522.8701
1010116,1600,6521.2798,6539.6401,6452.6201,6502.8901
1010117,1600,6540.04,6668.6699,6540.04,6653.3799
1010118,1600,6642.7002,6661.1201,6587.5098,6635.7598
1010119,1600,6644.4199,6737.1802,6632.8101,6651.5298
1010122,1600,6652.46,6688.8301,6594.1899,6675.0
1010123,1600,6678.2202,6722.4102,6601.8799,6722.4102
1010124,1600,6723.21,6759.0098,6690.7202,6706.6699
1010125,1600,6700.9702,6775.2598,6677.8101,6727.4902
1010126,1600,6713.3999,6713.3999,6650.3398,6695.2002
1010129,1600,6699.1001,6750.96,6659.98,6750.96
1010130,1600,6746.1201,6792.8101,6706.1602,6739.2998
1010131,1600,6745.8999,6795.1401,6720.5698,6795.1401
1010201,1600,6788.5698,6788.5698,6704.6802,6704.6802
1010202,1600,6709.8999,6750.9902,6624.1899,6638.2002
1010205,1600,6633.7798,6635.7998,6592.21,6628.0698
1010206,1600,6632.4902,6693.4502,6620.0298,6693.0298
1010207,1600,6691.3599,6691.3599,6578.96,6578.96
1010208,1600,6585.3999,6662.77,6580.2402,6636.8101
1010209,1600,6637.1299,6637.1299,6497.0698,6497.0698
1010212,1600,6498.9302,6572.3701,6498.9302,6564.9102
1010213,1600,6567.8501,6603.1699,6545.02,6557.9302
1010214,1600,6556.0898,6556.0898,6444.1602,6479.8701
1010215,1600,6480.3398,6591.6699,6480.3398,6591.6699
1010216,1600,6587.46,6587.46,6439.2598,6439.2598
1010219,1600,6441.2598,6493.6099,6441.2598,6472.21
1010220,1600,6471.0298,6530.1299,6425.6499,6451.5698
1010221,1600,6453.7598,6453.7598,6312.1401,6347.9902
1010222,1600,6347.4302,6363.5498,6216.52,6277.9902
1010223,1600,6279.2798,6312.1001,6071.3501,6075.3398
1010226,1600,6079.9702,6209.1299,6079.9702,6189.0698
1010227,1600,6191.8701,6254.8198,6162.5098,6220.48
1010228,1600,6221.7002,6284.8101,6170.0,6208.2402
1010301,1600,6212.6602,6212.6602,6094.7598,6123.3799
1010302,1600,6123.5898,6183.9102,6052.0098,6159.02
1010305,1600,6172.3501,6218.79,6134.02,6216.3799
1010306,1600,6218.1201,6310.1802,6218.1201,6284.0601
1010307,1600,6274.21,6342.54,6249.7002,6305.6401
1010308,1600,6308.73,6339.9199,6245.7202,6267.0601
1010309,1600,6264.2202,6264.2202,6193.3301,6204.4199
1010312,1600,6202.3701,6202.3701,6043.3398,6046.5601
1010313,1600,6038.8501,6038.8501,5935.0698,5962.9302
1010314,1600,5969.5098,6025.9302,5663.54,5794.1201
1010315,1600,5819.6899,5889.9502,5767.0601,5889.9502
1010316,1600,5881.6201,5907.0698,5728.8799,5734.4902
1010319,1600,5732.8501,5805.71,5650.2998,5657.29
1010320,1600,5663.6602,5788.9902,5663.6602,5782.1602
1010321,1600,5780.6001,5780.6001,5600.8901,5622.0898
1010322,1600,5599.02,5621.0601,5351.48,5388.02
1010323,1600,5396.6299,5574.9902,5396.6299,5544.6699
1010326,1600,5557.8198,5756.5898,5557.8198,5726.9702
1010327,1600,5724.1499,5938.21,5689.1802,5938.21
1010328,1600,5938.21,5938.21,5775.4399,5817.52
1010329,1600,5812.6499,5879.2998,5713.5601,5879.2998
1010330,1600,5870.1001,5944.25,5805.27,5829.9502
1010402,1600,5843.3701,5912.2598,5702.9302,5760.7598
1010403,1600,5747.0498,5747.0498,5511.7598,5553.46
1010404,1600,5537.9399,5632.1299,5383.9902,5597.6602
1010405,1600,5615.0801,5781.71,5615.0801,5773.3398
1010406,1600,5790.9302,5839.1099,5651.8301,5698.8799
1010409,1600,5695.77,5809.8799,5657.8701,5781.0098
1010410,1600,5787.2402,5917.7798,5787.2402,5913.8398
1010411,1600,5925.2998,6019.2598,5879.23,5951.1602
1010412,1600,5953.3901,6013.3799,5910.46,6002.2998
1010417,1600,6004.3198,6004.3198,5827.6201,5935.5801
1010418,1600,5941.2402,6188.77,5941.2402,6164.8799
1010419,1600,6178.0098,6224.2998,6107.4302,6181.9102
1010420,1600,6176.1802,6198.1699,6100.8701,6127.9702
1010423,1600,6118.2402,6119.3501,6032.7402,6051.48
1010424,1600,6059.3701,6164.02,6042.6899,6124.5698
1010425,1600,6124.21,6140.8398,6060.6602,6115.1899
1010426,1600,6120.1499,6164.6299,6058.46,6123.6602
1010427,1600,6116.8301,6186.6802,6075.0498,6175.2402
1010430,1600,6176.73,6271.2002,6176.73,6264.5098
1010502,1600,6272.0298,6296.6201,6185.1401,6213.8398
1010503,1600,6211.6499,6236.46,6061.5898,6089.1699
1010504,1600,6096.6201,6138.2798,6001.5098,6138.2798
1010507,1600,6137.9199,6193.4502,6097.98,6122.6201
1010508,1600,6111.6001,6172.77,6071.6699,6108.7202
1010509,1600,6107.3301,6107.3301,6025.8599,6063.9399
1010510,1600,6047.1699,6222.2402,6047.1699,6165.1802
1010511,1600,6161.5298,6192.3799,6122.8901,6141.02
1010514,1600,6122.4502,6122.4502,6040.27,6064.6802
1010515,1600,6072.8701,6095.71,6027.4502,6070.3799
1010516,1600,6060.75,6157.7402,5960.46,6148.4399
1010517,1600,6167.1099,6226.5801,6139.6699,6173.8101
1010518,1600,6168.6401,6213.1201,6124.9399,6186.8701
1010521,1600,6193.1299,6260.1299,6139.2402,6249.8701
1010522,1600,6250.3198,6337.4702,6245.6499,6270.5898
1010523,1600,6259.98,6288.9502,6209.27,6215.25
1010524,1600,6209.98,6306.3501,6193.1602,6278.8999
1010525,1600,6281.1401,6303.7202,6204.54,6223.5698
1010528,1600,6225.6602,6255.1899,6189.3901,6216.8301
1010529,1600,6219.0498,6235.2998,6112.8101,6120.3301
1010530,1600,6120.46,6120.46,6041.2002,6041.2202
1010531,1600,6035.6099,6148.2998,5994.6602,6123.2598
1010601,1600,6122.96,6174.1099,6054.1699,6125.1699
1010604,1600,6134.1001,6185.77,6134.1001,6177.7402
1010605,1600,6183.21,6256.9902,6154.4902,6242.1299
1010606,1600,6242.8799,6278.04,6177.1699,6192.4399
1010607,1600,6184.7798,6219.0898,6156.1699,6184.25
1010608,1600,6197.8301,6266.1201,6169.0898,6187.21
1010611,1600,6189.0601,6225.8398,6138.0498,6162.7402
1010612,1600,6174.1299,6181.5498,6026.0601,6059.1499
1010613,1600,6071.1499,6142.98,6071.1499,6111.9399
1010614,1600,6109.6602,6109.6602,6017.0,6031.27
1010615,1600,6019.6699,6022.75,5889.4102,5915.1802
1010618,1600,5921.6099,5948.8398,5853.0698,5869.04
1010619,1600,5875.3101,5980.1401,5875.3101,5922.5298
1010620,1600,5907.6499,5907.6499,5812.7002,5876.04
1010621,1600,5881.7002,5928.4302,5833.9199,5926.3799
1010622,1600,5922.4902,5952.8301,5876.3301,5941.77
1010625,1600,5928.5,5948.27,5866.3901,5902.3198
1010626,1600,5898.25,5898.25,5766.73,5847.79
1010627,1600,5848.1299,5851.6499,5814.8599,5833.1001
1010628,1600,5835.5298,5971.77,5758.6899,5971.77
1010629,1600,5976.02,6058.5,5955.6201,6058.3799
1010702,1600,6053.8101,6131.9702,6005.7998,6109.5
1010703,1600,6103.8999,6108.0698,6038.2202,6056.8398
1010704,1600,6060.4902,6080.7002,5998.8301,6015.7202
1010705,1600,5993.8301,6040.9702,5947.9399,5999.1899
1010706,1600,5992.9902,5992.9902,5846.6299,5862.1001
1010709,1600,5861.9199,5894.7798,5778.25,5869.8599
1010710,1600,5869.5601,5923.52,5805.7402,5816.3198
1010711,1600,5799.77,5805.6299,5731.8501,5801.7998
1010712,1600,5814.5,5928.52,5814.5,5889.8799
1010713,1600,5889.2998,5932.6401,5847.1499,5928.0098
1010716,1600,5927.4502,5928.8901,5842.1401,5853.7598
1010717,1600,5846.3901,5846.6602,5787.3301,5846.6602
1010718,1600,5838.21,5838.21,5710.71,5728.3701
1010719,1600,5727.48,5829.6899,5707.0898,5829.6899
1010720,1600,5820.29,5820.29,5684.5601,5764.0601
1010723,1600,5751.1299,5844.0698,5700.8999,5791.73
1010724,1600,5780.75,5780.75,5659.2598,5663.2598
1010725,1600,5672.9702,5723.9399,5551.1401,5582.7598
1010726,1600,5594.4902,5675.7598,5572.21,5675.7598
1010727,1600,5681.2998,5772.5698,5681.2998,5754.8599
1010730,1600,5749.25,5830.6201,5712.48,5792.1899
1010731,1600,5802.4902,5861.1899,5754.2002,5861.1899
1010801,1600,5859.6802,5859.6802,5812.5898,5835.23
1010802,1600,5845.6299,5930.4502,5764.29,5777.2798
1010803,1600,5777.4502,5808.5298,5735.8799,5735.8799
1010806,1600,5734.2402,5802.6802,5708.4702,5746.04
1010807,1600,5747.3599,5783.0801,5688.5698,5752.5098
1010808,1600,5748.6802,5748.6802,5609.3999,5614.5098
1010809,1600,5595.54,5595.54,5467.7202,5512.2798
1010810,1600,5523.0601,5569.9302,5387.3398,5433.4902
1010813,1600,5441.1001,5499.75,5401.4902,5453.77
1010814,1600,5465.75,5569.0498,5465.75,5520.71
1010815,1600,5521.46,5530.7798,5428.5098,5455.4399
1010816,1600,5454.3701,5454.3701,5334.04,5361.9199
1010817,1600,5370.3398,5416.1499,5174.2998,5222.1201
1010820,1600,5219.75,5266.1499,5124.6899,5207.8301
1010821,1600,5215.2002,5252.02,5169.52,5216.1099
1010822,1600,5204.3101,5322.9902,5141.6499,5220.21
1010823,1600,5232.9399,5280.3198,5187.1401,5254.04
1010824,1600,5268.7998,5423.54,5268.7998,5387.5
1010827,1600,5397.6401,5455.1201,5382.1201,5406.4702
1010828,1600,5406.2598,5454.9902,5286.5,5308.7798
1010829,1600,5290.6802,5347.2798,5239.9902,5305.0
1010830,1600,5296.2998,5334.54,5157.6602,5162.3999
1010831,1600,5160.02,5228.4502,5132.27,5188.1699
1010903,1600,5195.6699,5205.2598,5062.9502,5094.1001
1010904,1600,5102.2798,5220.1001,5034.7202,5208.1001
1010905,1600,5188.2998,5188.2998,5028.2998,5048.0801
1010906,1600,5058.7598,5109.9302,4849.0298,4875.3701
1010907,1600,4871.4102,4910.9302,4713.1201,4730.6699
1010910,1600,4725.1602,4758.1001,4528.0698,4670.1299
1010911,1600,4680.7998,4788.3799,4130.52,4273.5298
1010912,1600,4259.5298,4403.5098,4159.6499,4335.2002
1010913,1600,4342.5898,4397.0098,4277.5,4392.3999
1010914,1600,4385.8799,4441.1699,4115.98,4115.98
1010917,1600,4120.5601,4301.4702,3983.5601,4234.5498
1010918,1600,4237.7002,4238.1699,4122.1099,4194.8501
1010919,1600,4195.98,4285.3398,4014.8301,4041.8
1010920,1600,4044.98,4110.4399,3778.1799,3809.6699
1010921,1600,3805.0,3826.05,3539.1799,3787.23
1010924,1600,3792.8601,4056.04,3792.8601,4038.6899
1010925,1600,4035.3101,4135.5,3948.6399,4009.1201
1010926,1600,4014.3999,4186.04,4014.3999,4095.3201
1010927,1600,4095.3501,4184.5,4048.2,4184.5
1010928,1600,4197.3501,4317.6299,4197.3501,4308.1499
1011001,1600,4315.0601,4316.3901,4183.6602,4239.9702
1011002,1600,4239.6899,4304.2002,4157.6001,4304.2002
1011003,1600,4304.0098,4441.5498,4181.0898,4436.6602
1011004,1600,4440.2998,4549.8901,4414.5498,4548.1299
1011005,1600,4537.52,4592.1401,4441.3198,4487.6899
1011008,1600,4469.1099,4505.2798,4330.54,4495.1499
1011009,1600,4488.4702,4545.6802,4436.54,4472.4199
1011010,1600,4471.6299,4622.8501,4421.96,4613.1899
1011011,1600,4627.7202,4742.1802,4616.6802,4718.46
1011012,1600,4720.6099,4724.73,4581.3599,4625.1299
1011015,1600,4619.5898,4623.9502,4496.5898,4548.48
1011016,1600,4542.2798,4636.9302,4510.75,4626.48
1011017,1600,4634.1001,4779.6401,4609.9399,4644.8198
1011018,1600,4628.0898,4628.0898,4493.8398,4574.3701
1011019,1600,4580.6802,4590.9302,4445.6401,4513.5298
1011022,1600,4518.3599,4633.2402,4480.1602,4619.3198
1011023,1600,4629.4902,4735.9399,4629.4902,4704.2202
1011024,1600,4689.04,4841.1401,4652.25,4811.8198
1011025,1600,4805.0298,4874.3101,4651.3501,4715.6001
1011026,1600,4719.0298,4820.2598,4719.0298,4820.2598
1011029,1600,4812.6001,4812.6001,4659.75,4660.3501
1011030,1600,4658.52,4658.52,4476.6099,4543.98
1011031,1600,4526.8501,4626.02,4457.7202,4559.1299
1011101,1600,4556.71,4637.1802,4481.5498,4636.1299
1011102,1600,4641.3599,4658.4702,4568.6401,4583.3101
1011105,1600,4588.6899,4755.1099,4588.6899,4755.1099
1011106,1600,4767.6099,4819.8999,4707.6499,4707.6499
1011107,1600,4715.1499,4862.8501,4676.25,4860.6602
1011108,1600,4851.3799,5005.9502,4833.5898,4993.5698
1011109,1600,4990.8101,4990.8101,4886.3101,4910.0698
1011112,1600,4907.6099,4910.1201,4648.6802,4820.3701
1011113,1600,4825.5498,4970.0298,4821.8198,4946.9702
1011114,1600,4950.7402,5047.1899,4939.8301,4953.5298
1011115,1600,4960.5898,5073.25,4960.5898,5006.3301
1011116,1600,5015.5601,5114.3999,4989.21,5062.6401
1011119,1600,5071.6299,5193.6602,5071.6299,5185.1001
1011120,1600,5187.1899,5212.0298,5016.9199,5096.1802
1011121,1600,5091.4902,5151.9902,5040.6099,5087.0298
1011122,1600,5089.8999,5143.6201,5083.75,5124.54
1011123,1600,5131.6802,5160.1899,5031.3901,5150.9702
1011126,1600,5159.8101,5217.4702,5106.0601,5114.1201
1011127,1600,5117.52,5147.8301,4969.1802,5059.5698
1011128,1600,5031.1499,5031.1499,4915.1499,4915.9502
1011129,1600,4897.96,4975.4199,4874.23,4936.0801
1011130,1600,4954.2002,5042.4302,4954.2002,4989.9102
1011203,1600,4986.5801,4996.4302,4872.25,4988.4399
1011204,1600,4989.0298,5040.2002,4978.0601,5013.9902
1011205,1600,5020.0698,5282.0098,5020.0698,5262.75
1011206,1600,5258.4702,5341.8599,5241.2402,5271.29
1011207,1600,5277.1802,5297.8999,5199.0298,5199.0298
1011210,1600,5200.54,5212.9502,5113.4102,5124.6802
1011211,1600,5121.6802,5169.1499,5075.4302,5146.4502
1011212,1600,5149.3799,5193.96,5028.1602,5062.5601
1011213,1600,5053.8701,5096.8198,4947.8198,4966.0498
1011214,1600,4957.1001,4983.8599,4901.04,4909.4199
1011217,1600,4913.9302,5098.25,4905.2798,5067.9902
1011218,1600,5061.8398,5115.79,5037.8701,5039.6401
1011219,1600,5036.0298,5061.25,4948.2798,4984.6899
1011220,1600,4990.9199,5026.8198,4924.6299,4934.1401
1011221,1600,4930.04,5024.8101,4877.5698,5019.0098
1011227,1600,5032.8701,5117.1299,5032.8701,5117.1299
1011228,1600,5110.2202,5175.5698,5110.2202,5160.1001
1020102,1600,5155.2598,5195.5601,5107.3599,5167.8799
1020103,1600,5175.1802,5288.23,5175.1802,5270.29
1020104,1600,5291.6001,5352.1602,5262.9199,5318.73
1020107,1600,5327.3999,5347.1201,5220.9902,5232.2202
1020108,1600,5211.23,5260.6201,5185.0698,5236.3701
1020109,1600,5228.1802,5303.8101,5180.3198,5288.21
1020110,1600,5265.8101,5265.8101,5172.04,5228.1099
1020111,1600,5228.0898,5270.4399,5188.4302,5209.9702
1020114,1600,5206.23,5206.23,5055.6201,5065.8398
1020115,1600,5059.8398,5107.5601,5029.48,5062.04
1020116,1600,5050.3501,5052.8101,4974.5801,4984.2002
1020117,1600,4985.3701,5135.9902,4985.3701,5133.3999
1020118,1600,5118.27,5133.6201,5065.0298,5122.23
1020121,1600,5122.3999,5122.3999,5021.21,5069.7402
1020122,1600,5069.8398,5136.4199,5028.8901,5045.7202
1020123,1600,5048.8101,5169.5298,5006.2598,5163.0298
1020124,1600,5169.0298,5219.8501,5146.6001,5170.4399
1020125,1600,5168.52,5169.7998,5081.7202,5156.6299
1020128,1600,5156.52,5203.77,5129.2402,5159.02
1020129,1600,5165.0601,5205.6299,5073.0698,5084.52
1020130,1600,5065.6201,5066.4199,4980.7002,5052.2002
1020131,1600,5068.8901,5119.5098,5054.4199,5107.6099
1020201,1600,5109.48,5165.9702,5082.4302,5097.0601
1020204,1600,5088.8301,5093.4902,4984.48,4984.48
1020205,1600,4981.4702,4981.4702,4869.8101,4936.75
1020206,1600,4937.1899,4946.0801,4778.3599,4804.4102
1020207,1600,4798.0298,4873.5898,4730.7002,4862.6201
1020208,1600,4850.3901,4896.5498,4806.7798,4835.9502
1020211,1600,4845.2402,4945.3701,4845.2402,4940.0
1020212,1600,4945.75,4975.5698,4858.8101,4884.7798
1020213,1600,4891.0098,4945.8701,4834.1499,4935.3501
1020214,1600,4945.23,4992.6001,4916.5498,4973.77
1020215,1600,4967.5098,4969.8599,4856.1699,4862.6001
1020218,1600,4865.8301,4894.4902,4840.8799,4871.7598
1020219,1600,4855.7002,4855.7002,4757.73,4764.0498
1020220,1600,4765.8999,4803.2998,4706.0098,4780.2402
1020221,1600,4797.9302,4868.1299,4788.3999,4850.73
1020222,1600,4846.6699,4846.6699,4730.1499,4745.5801
1020225,1600,4758.8301,4867.0898,4731.4102,4863.54
1020226,1600,4863.3398,4937.02,4860.27,4897.75
1020227,1600,4913.0,5003.6802,4913.0,4960.2202
1020228,1600,4945.1401,5072.4302,4926.6201,5039.0801
1020301,1600,5025.96,5116.1401,5003.0601,5097.4102
1020304,1600,5107.8701,5265.3501,5107.8701,5245.8398
1020305,1600,5245.71,5284.3901,5208.8599,5228.6699
1020306,1600,5223.8501,5296.9502,5197.3198,5285.2598
1020307,1600,5293.48,5370.4502,5267.79,5289.4302
1020308,1600,5293.1802,5376.23,5288.8701,5359.5498
1020311,1600,5360.04,5401.0601,5298.48,5340.6699
1020312,1600,5338.7402,5338.7402,5245.1802,5275.8101
1020313,1600,5276.7798,5335.27,5238.7998,5245.9902
1020314,1600,5245.7998,5293.48,5233.6602,5276.8701
1020315,1600,5270.8599,5403.2798,5253.1602,5401.1099
1020318,1600,5399.1499,5465.29,5392.1299,5426.04
1020319,1600,5430.71,5467.3101,5413.0601,5462.5498
1020320,1600,5453.9502,5453.9502,5355.3198,5364.7002
1020321,1600,5357.23,5387.8701,5312.0298,5348.6802
1020322,1600,5348.3301,5401.8198,5331.0,5366.1299
1020325,1600,5361.2002,5400.4302,5306.4399,5317.3799
1020326,1600,5314.02,5398.7998,5289.9302,5390.5898
1020327,1600,5384.6802,5388.6802,5332.8398,5348.0
1020328,1600,5350.2598,5424.52,5350.2598,5397.29
1020402,1600,5379.6401,5379.6401,5289.7998,5311.0801
1020403,1600,5293.3701,5322.5498,5266.0601,5281.8398
1020404,1600,5284.2002,5290.1201,5211.7402,5254.9502
1020405,1600,5250.48,5293.2798,5235.1001,5260.5298
1020408,1600,5261.3701,5261.3701,5128.02,5180.3301
1020409,1600,5194.0898,5228.2202,5166.2402,5170.25
1020410,1600,5169.9902,5274.2798,5139.0098,5265.3599
1020411,1600,5270.3501,5290.8701,5162.0698,5162.96
1020412,1600,5165.3101,5211.8198,5148.8501,5189.6499
1020415,1600,5194.9399,5244.2002,5167.1899,5244.2002
1020416,1600,5250.1899,5343.8799,5246.98,5343.8799
1020417,1600,5357.9102,5378.27,5311.23,5318.5498
1020418,1600,5316.5298,5372.46,5194.1802,5262.8799
1020419,1600,5263.48,5288.8398,5222.2202,5284.5498
1020422,1600,5285.4199,5285.4199,5173.6802,5205.48
1020423,1600,5211.73,5246.1802,5147.8701,5192.1001
1020424,1600,5187.1299,5220.5801,5144.1899,5160.1401
1020425,1600,5158.6602,5166.98,5012.8599,5054.4102
1020426,1600,5064.79,5097.8501,4984.6201,5000.3799
1020429,1600,4994.2002,5008.04,4945.4199,5008.04
1020430,1600,5007.2402,5041.2002,4929.3501,5041.2002
1020502,1600,5043.0098,5066.9702,4952.1602,4964.5601
1020503,1600,4958.7798,5021.7402,4872.1899,4882.77
1020506,1600,4884.0298,4926.7798,4876.5801,4880.6699
1020507,1600,4875.3501,4892.4302,4773.4902,4872.4102
1020508,1600,4878.7402,5028.5898,4878.7402,5028.5898
1020509,1600,5023.98,5026.0898,4952.4102,4966.48
1020510,1600,4961.0298,4964.1401,4849.0898,4871.7002
1020513,1600,4861.1499,4988.3999,4832.8599,4975.48
1020514,1600,4981.8799,5068.4199,4956.0098,5049.0801
1020515,1600,5062.1001,5085.21,5001.4199,5072.3901
1020516,1600,5066.8301,5101.1201,5032.0801,5047.4502
1020517,1600,5057.96,5126.3301,5021.9102,5036.4102
1020520,1600,5046.1699,5059.4199,4984.54,4998.9902
1020521,1600,4993.4302,5057.8198,4948.0498,4984.6099
1020522,1600,4971.3101,4996.5698,4889.3301,4919.5
1020523,1600,4925.0498,4952.1401,4859.54,4879.5
1020524,1600,4890.46,4937.48,4880.5498,4899.1299
1020527,1600,4896.8398,4972.21,4896.8398,4961.54
1020528,1600,4969.3501,5016.1099,4892.75,4918.5801
1020529,1600,4914.54,4914.54,4855.25,4881.7998
1020530,1600,4873.6001,4873.6001,4741.9502,4761.96
1020531,1600,4765.9199,4859.0098,4765.9199,4818.2998
1020603,1600,4818.0698,4850.3799,4725.8799,4747.9502
1020604,1600,4731.2402,4731.2402,4580.9199,4625.79
1020605,1600,4632.4902,4685.0698,4602.1499,4624.3101
1020606,1600,4634.2202,4716.3501,4617.4302,4657.52
1020607,1600,4630.4302,4630.4302,4513.0,4610.1802
1020610,1600,4617.1899,4659.2202,4544.77,4589.2598
1020611,1600,4587.1001,4686.1299,4555.1699,4606.0898
1020612,1600,4599.0601,4599.0601,4480.9902,4510.1899
1020613,1600,4517.4399,4584.5698,4441.6499,4470.1401
1020614,1600,4464.9302,4464.9302,4252.8599,4303.8501
1020617,1600,4317.8398,4483.29,4317.8398,4475.1001
1020618,1600,4481.02,4503.7998,4398.73,4433.8501
1020619,1600,4423.8301,4423.8301,4321.8999,4354.8198
1020620,1600,4352.3101,4371.0,4199.8501,4245.6802
1020621,1600,4244.2402,4312.1201,4153.3101,4232.3999
1020624,1600,4233.8701,4297.98,4045.52,4127.21
1020625,1600,4129.46,4260.0898,4129.46,4202.9702
1020626,1600,4187.1201,4187.1201,3946.7,4099.0498
1020627,1600,4103.6201,4259.4302,4103.6201,4259.4302
1020628,1600,4275.29,4388.27,4275.29,4382.5601
1020701,1600,4377.1001,4443.6899,4318.23,4366.8101
1020702,1600,4359.1699,4359.1699,4163.7998,4195.9502
1020703,1600,4202.29,4252.4902,4101.5801,4138.1499
1020704,1600,4140.4302,4258.6201,4140.4302,4258.6201
1020705,1600,4268.23,4483.0298,4268.23,4483.0298
1020708,1600,4475.8901,4476.1499,4393.2798,4442.3301
1020709,1600,4445.9302,4480.4902,4341.8501,4369.7598
1020710,1600,4352.77,4354.23,4188.6401,4190.2202
1020711,1600,4179.79,4179.79,4039.23,4118.5
1020712,1600,4121.02,4249.77,4075.25,4130.7998
1020715,1600,4124.5298,4142.6499,3912.51,3912.51
1020716,1600,3913.1201,4052.0601,3825.54,3977.75
1020717,1600,3978.97,4105.6899,3899.51,4092.8201
1020718,1600,4095.4399,4152.4502,4031.9099,4100.75
1020719,1600,4092.96,4092.96,3875.8401,3891.8799
1020722,1600,3888.1101,3888.1101,3638.51,3691.4299
1020723,1600,3711.3,3810.51,3512.46,3515.8301
1020724,1600,3515.5701,3641.0701,3265.96,3632.6599
1020725,1600,3632.8999,3726.5801,3472.8401,3520.46
1020726,1600,3526.29,3581.99,3368.29,3579.0
1020729,1600,3584.51,3859.78,3584.51,3859.78
1020730,1600,3852.9299,3878.9399,3741.79,3878.9399
1020731,1600,3876.8,3945.3799,3700.1399,3700.1399
1020801,1600,3699.3101,3806.97,3545.28,3606.45
1020802,1600,3601.71,3624.23,3496.49,3532.49
1020805,1600,3533.3,3536.05,3327.96,3332.6499
1020806,1600,3319.77,3601.5701,3235.3799,3568.6399
1020807,1600,3570.1101,3632.47,3440.5701,3465.54
1020808,1600,3473.48,3679.26,3473.48,3679.26
1020809,1600,3682.74,3760.8601,3607.53,3760.8601
1020812,1600,3750.26,3750.26,3639.46,3647.1299
1020813,1600,3660.3999,3703.55,3553.1201,3683.21
1020814,1600,3677.54,3677.54,3542.0601,3589.9199
1020815,1600,3591.48,3722.9299,3591.48,3665.74
1020816,1600,3665.6699,3703.8701,3576.01,3684.6899
1020819,1600,3681.6699,3846.72,3628.46,3837.6699
1020820,1600,3842.4099,3868.8601,3765.0801,3768.51
1020821,1600,3770.75,3903.75,3770.75,3868.1699
1020822,1600,3873.55,3930.96,3855.9399,3906.55
1020823,1600,3911.22,3924.3,3815.28,3828.26
1020826,1600,3830.0801,3899.6001,3749.9299,3783.8401
1020827,1600,3791.4299,3900.1101,3770.6599,3851.3401
1020828,1600,3836.0801,3836.0801,3682.3101,3682.8401
1020829,1600,3681.29,3697.54,3580.9099,3660.95
1020830,1600,3658.6699,3720.5,3603.04,3712.9399
1020902,1600,3698.6899,3698.6899,3602.3701,3609.4099
1020903,1600,3609.03,3609.03,3398.99,3398.99
1020904,1600,3396.8,3463.05,3348.6299,3425.8999
1020905,1600,3429.48,3466.6799,3301.8101,3354.71
1020906,1600,3361.6699,3486.51,3352.1001,3485.6799
1020909,1600,3480.5701,3480.5701,3383.6799,3429.22
1020910,1600,3437.1101,3515.52,3437.1101,3494.6899
1020911,1600,3507.5,3615.5901,3467.22,3584.6899
1020912,1600,3573.22,3573.22,3421.8701,3421.8701
1020913,1600,3406.5801,3406.5801,3275.28,3361.28
1020916,1600,3359.3301,3378.1101,3288.22,3319.05
1020917,1600,3321.76,3445.5901,3243.8101,3289.1299
1020918,1600,3277.4099,3277.4099,3111.01,3124.9199
1020919,1600,3136.3301,3162.0701,3007.47,3007.47
1020920,1600,3001.8799,3093.22,2956.5601,3065.73
1020923,1600,3063.4399,3106.0901,2890.3,2914.25
1020924,1600,2913.1599,2959.49,2774.3601,2873.21
1020925,1600,2872.98,2979.6001,2806.8301,2962.5
1020926,1600,2963.1201,3058.8701,2932.8501,3020.6001
1020927,1600,3020.71,3050.77,2888.45,2918.8999
1020930,1600,2906.6001,2906.6001,2719.49,2769.03
1021001,1600,2772.96,2894.9299,2729.5701,2865.23
1021002,1600,2866.26,2974.3401,2817.3601,2926.74
1021003,1600,2923.55,2939.6899,2809.8401,2813.3
1021004,1600,2812.1499,2847.4199,2677.6101,2714.6201
1021007,1600,2710.3301,2710.3301,2621.8601,2667.3899
1021008,1600,2679.02,2723.3701,2542.6499,2622.0901
1021009,1600,2617.54,2620.0,2519.3,2597.8799
1021010,1600,2593.26,2733.1899,2548.3999,2733.1899
1021011,1600,2731.8401,2930.74,2714.4099,2930.74
1021014,1600,2928.6299,2928.6299,2793.9299,2850.1101
1021015,1600,2856.5801,3048.27,2856.5801,3048.27
1021016,1600,3038.1799,3106.29,2966.4399,3008.9299
1021017,1600,3021.74,3187.27,3018.0901,3172.46
1021018,1600,3172.3401,3226.25,3083.46,3163.6699
1021021,1600,3151.9399,3282.6699,3096.1201,3282.6699
1021022,1600,3269.8,3299.01,3141.6001,3155.97
1021023,1600,3164.5801,3232.98,2983.6399,3015.4199
1021024,1600,3027.3601,3129.5701,3020.05,3090.01
1021025,1600,3089.71,3119.71,3018.74,3102.01
1021028,1600,3105.29,3235.6599,3105.29,3198.96
1021029,1600,3188.72,3188.72,3010.74,3022.01
1021030,1600,3024.8999,3140.3899,2999.6001,3113.5901
1021031,1600,3115.76,3216.27,3086.6201,3152.8501
1021101,1600,3152.1899,3174.01,3056.22,3165.1599
1021104,1600,3167.49,3330.9399,3167.49,3327.9399
1021105,1600,3318.1699,3395.53,3268.1299,3351.3201
1021106,1600,3356.0601,3443.49,3280.8999,3298.8401
1021107,1600,3298.51,3334.51,3130.4399,3155.6599
1021108,1600,3157.9099,3174.3899,3072.8101,3079.1001
1021111,1600,3076.25,3076.25,3005.4299,3042.0601
1021112,1600,3040.1399,3129.6599,3024.97,3115.8799
1021113,1600,3096.7,3121.3201,2987.8501,3066.4199
1021114,1600,3063.3,3191.6699,3035.72,3188.3899
1021115,1600,3195.99,3232.0701,3151.6101,3191.76
1021118,1600,3195.97,3262.0801,3185.0601,3218.3601
1021119,1600,3205.76,3221.98,3144.78,3206.9299
1021120,1600,3210.22,3224.78,3117.02,3212.99
1021121,1600,3216.54,3304.8301,3216.54,3304.6299
1021122,1600,3302.6799,3337.3401,3278.0,3320.8799
1021125,1600,3322.78,3365.5901,3278.5901,3299.24
1021126,1600,3299.6101,3333.53,3183.3,3191.6299
1021127,1600,3184.47,3346.1399,3148.9399,3346.1399
1021128,1600,3342.5801,3376.99,3305.4399,3360.76
1021129,1600,3361.0601,3403.3999,3320.3201,3320.3201
1021202,1600,3332.73,3476.8301,3332.73,3380.2
1021203,1600,3389.1299,3410.95,3278.6299,3280.49
1021204,1600,3275.8,3331.1399,3235.5801,3320.75
1021205,1600,3327.75,3386.27,3189.1201,3224.74
1021206,1600,3221.6799,3245.76,3108.76,3207.53
1021209,1600,3206.3601,3223.4199,3065.5701,3065.5701
1021210,1600,3062.8701,3173.96,3062.8701,3167.99
1021211,1600,3166.46,3212.6201,3134.3701,3196.05
1021212,1600,3193.5901,3208.5901,3098.26,3111.8799
1021213,1600,3110.79,3122.53,3034.1201,3077.0601
1021216,1600,3074.51,3205.29,3029.74,3205.29
1021217,1600,3209.6499,3222.3999,3136.0901,3139.97
1021218,1600,3136.04,3136.04,3022.6899,3022.6899
1021219,1600,3031.98,3099.3201,2925.8701,2961.4099
1021220,1600,2970.28,3039.1201,2948.5601,3024.22
1021223,1600,3022.3101,3048.29,2961.78,3000.8401
1021227,1600,2996.6699,2996.6699,2840.0,2840.0
1021230,1600,2838.8701,2900.95,2836.01,2892.6299
1030102,1600,2898.6799,3105.04,2898.6799,3105.04
1030103,1600,3098.8899,3124.8601,3070.03,3092.9399
1030106,1600,3101.1699,3157.25,3033.77,3157.25
1030107,1600,3156.5601,3156.5601,3069.1101,3112.77
1030108,1600,3108.02,3108.02,2993.0,2993.0
1030109,1600,3000.24,3043.6399,2932.9299,3037.6799
1030110,1600,3037.8,3093.78,2986.75,3037.3301
1030113,1600,3039.9099,3127.1201,3039.9099,3060.6499
1030114,1600,3063.49,3141.3301,3055.29,3098.72
1030115,1600,3107.6101,3145.6599,3036.9399,3049.3999
1030116,1600,3047.24,3080.27,3023.3201,3054.1101
1030117,1600,3047.1101,3047.1101,2918.26,2918.8201
1030120,1600,2927.5801,2966.78,2892.9299,2893.55
1030121,1600,2900.8799,2955.75,2860.3401,2870.5701
1030122,1600,2866.3501,2897.48,2765.5601,2803.25
1030123,1600,2804.1299,2862.5901,2776.72,2811.22
1030124,1600,2813.1299,2827.4299,2714.8899,2717.8201
1030127,1600,2716.4199,2728.28,2615.6699,2643.8
1030128,1600,2649.96,2705.22,2616.04,2671.3601
1030129,1600,2667.6899,2743.1001,2563.9199,2706.5701
1030130,1600,2711.8401,2742.9199,2665.52,2693.78
1030131,1600,2687.72,2753.26,2622.4099,2747.8301
1030203,1600,2750.3999,2802.9299,2735.5801,2751.99
1030204,1600,2750.04,2750.04,2618.1399,2632.98
1030205,1600,2626.8501,2738.1101,2584.8799,2725.8799
1030206,1600,2714.1201,2720.1799,2617.6599,2649.0
1030207,1600,2649.02,2671.7,2561.73,2569.3401
1030210,1600,2573.26,2593.0,2528.8999,2586.0901
1030211,1600,2593.1499,2664.1599,2584.6799,2627.0
1030212,1600,2621.45,2621.45,2565.02,2571.25
1030213,1600,2566.95,2599.4399,2535.04,2555.27
1030214,1600,2558.25,2711.5901,2558.25,2674.46
1030217,1600,2683.48,2722.3,2679.95,2708.97
1030218,1600,2707.5701,2750.0801,2673.9099,2740.1399
1030219,1600,2734.8101,2734.8101,2616.9099,2624.6499
1030220,1600,2631.48,2669.49,2575.95,2591.26
1030221,1600,2591.6799,2648.8701,2565.1399,2648.8701
1030224,1600,2648.49,2648.55,2571.3501,2571.3501
1030225,1600,2563.3701,2563.3701,2448.98,2485.5
1030226,1600,2488.9199,2518.8501,2433.1499,2450.2
1030227,1600,2453.3401,2513.4099,2435.6399,2513.22
1030228,1600,2508.8899,2581.48,2480.72,2547.05
1030303,1600,2553.74,2600.76,2535.3,2549.6499
1030304,1600,2541.8101,2541.8101,2477.0601,2501.03
1030305,1600,2495.46,2540.0601,2456.3999,2498.02
1030306,1600,2500.6399,2531.6299,2433.3201,2437.51
1030307,1600,2433.72,2467.5701,2393.5901,2431.6599
1030310,1600,2437.3201,2447.98,2328.8101,2329.04
1030311,1600,2324.01,2348.0801,2258.5701,2305.3
1030312,1600,2300.1101,2319.6499,2188.75,2202.96
1030313,1600,2203.97,2354.3101,2203.97,2354.3101
1030314,1600,2356.3601,2482.1399,2356.3601,2403.1899
1030317,1600,2398.1101,2520.54,2327.8701,2487.1201
1030318,1600,2490.78,2624.98,2490.78,2584.6101
1030319,1600,2576.96,2675.02,2524.52,2615.22
1030320,1600,2607.76,2657.5,2551.9099,2604.8501
1030321,1600,2607.7,2731.5701,2603.8501,2715.0601
1030324,1600,2712.6201,2712.6201,2548.3701,2548.3701
1030325,1600,2541.79,2636.72,2481.71,2636.1001
1030326,1600,2634.8899,2680.53,2579.3301,2579.3301
1030327,1600,2583.27,2589.6799,2511.96,2584.05
1030328,1600,2580.96,2581.6499,2498.29,2520.8401
1030331,1600,2511.99,2511.99,2396.6001,2423.8701
1030401,1600,2426.24,2473.9399,2395.72,2450.1899
1030402,1600,2462.21,2589.3501,2462.21,2589.3501
1030403,1600,2582.95,2644.96,2557.1899,2569.8101
1030404,1600,2573.1599,2656.25,2553.6699,2654.0701
1030407,1600,2654.76,2814.3899,2654.4399,2808.9399
1030408,1600,2798.74,2809.1699,2740.6101,2767.79
1030409,1600,2756.6201,2824.99,2696.3201,2734.1001
1030410,1600,2730.97,2763.6499,2685.8,2697.1001
1030411,1600,2700.6101,2797.4199,2700.6101,2733.95
1030414,1600,2741.6599,2787.3799,2700.3301,2776.78
1030415,1600,2792.0601,2867.6399,2792.0601,2834.1201
1030416,1600,2843.3301,2915.6899,2824.6799,2824.6799
1030417,1600,2820.3501,2899.98,2801.1699,2899.78
1030422,1600,2898.3601,2965.21,2843.8,2960.96
1030423,1600,2968.8,3000.76,2932.73,2974.3999
1030424,1600,2967.6201,2969.95,2881.04,2891.6201
1030425,1600,2892.46,2909.1399,2828.8401,2838.23
1030428,1600,2834.46,2953.9199,2821.3501,2953.9199
1030429,1600,2958.1201,3004.79,2908.96,2908.96
1030430,1600,2914.47,2967.0801,2914.02,2942.04
1030502,1600,2938.72,2986.0,2888.46,2986.0
1030505,1600,2991.74,3039.26,2978.71,3013.04
1030506,1600,3002.3999,3066.95,2977.6201,3066.95
1030507,1600,3063.4099,3068.0801,2992.79,3005.6399
1030508,1600,3005.1201,3016.5701,2884.51,2886.0801
1030509,1600,2892.6299,2956.5901,2861.7,2956.5901
1030512,1600,2961.1399,2972.72,2871.6101,2937.26
1030513,1600,2941.5701,2951.99,2883.3101,2909.95
1030514,1600,2906.95,2960.23,2888.2,2926.03
1030515,1600,2926.79,2989.3799,2902.52,2989.3799
1030516,1600,2987.45,3029.49,2952.1799,2989.0801
1030519,1600,2976.3799,2976.3799,2841.02,2850.6799
1030520,1600,2848.1899,2875.3999,2820.4099,2838.9299
1030521,1600,2841.3301,2853.04,2773.77,2827.25
1030522,1600,2826.47,2865.21,2817.6299,2865.21
1030523,1600,2867.1001,2886.0701,2804.1299,2822.8301
1030526,1600,2821.54,2855.28,2812.3999,2828.28
1030527,1600,2827.6599,2875.1399,2769.45,2873.6001
1030528,1600,2885.53,2958.21,2885.53,2919.54
1030529,1600,2914.1799,2968.4299,2897.1001,2906.71
1030530,1600,2907.73,2997.6201,2906.4199,2982.6799
1030602,1600,2990.9299,3066.04,2990.9299,3064.5601
1030603,1600,3062.8601,3062.8601,3003.1599,3026.8201
1030604,1600,3030.29,3099.8201,3020.1599,3080.02
1030605,1600,3086.6499,3106.27,3020.46,3039.76
1030606,1600,3054.99,3146.9099,3054.99,3127.46
1030609,1600,3124.5901,3132.76,3075.1899,3094.76
1030610,1600,3088.6101,3149.4399,3076.77,3140.3401
1030611,1600,3145.52,3191.3301,3133.6499,3178.1499
1030612,1600,3180.6101,3253.7,3180.6101,3219.47
1030613,1600,3220.8201,3246.1399,3157.29,3168.71
1030616,1600,3156.8,3264.5,3122.3999,3264.5
1030617,1600,3276.1599,3321.5,3264.1001,3286.48
1030618,1600,3280.04,3316.0701,3263.3301,3304.1499
1030619,1600,3304.24,3324.4399,3217.46,3247.1101
1030620,1600,3237.23,3267.6699,3218.05,3238.98
1030623,1600,3236.96,3246.25,3173.1799,3186.3899
1030624,1600,3185.1799,3228.3701,3165.25,3217.3401
1030625,1600,3217.23,3237.48,3180.03,3198.8201
1030626,1600,3194.98,3246.6699,3157.7,3241.22
1030627,1600,3251.8701,3263.1201,3207.1299,3224.6599
1030630,1600,3228.8101,3271.3101,3181.76,3220.5801
1030701,1600,3217.21,3217.21,3119.3501,3146.55
1030702,1600,3148.1001,3243.04,3148.1001,3241.04
1030703,1600,3237.05,3261.5801,3196.73,3241.9199
1030704,1600,3237.8,3243.73,3213.6101,3239.6101
1030707,1600,3244.9399,3359.01,3244.9399,3332.8701
1030708,1600,3335.0,3363.4299,3308.79,3344.46
1030709,1600,3343.1299,3358.0601,3299.74,3322.4299
1030710,1600,3322.04,3322.04,3255.8899,3269.8401
1030711,1600,3264.5801,3332.1201,3245.45,3326.51
1030714,1600,3335.1201,3404.47,3333.97,3396.0701
1030715,1600,3391.8401,3429.8899,3372.5,3384.6899
1030716,1600,3385.1799,3430.76,3358.6799,3387.6399
1030717,1600,3384.8601,3384.8601,3312.8999,3330.6799
1030718,1600,3328.9099,3378.1399,3328.0601,3366.71
1030721,1600,3370.0701,3390.6101,3281.0601,3287.0
1030722,1600,3295.3401,3321.8799,3254.1899,3318.1499
1030723,1600,3323.7,3338.77,3277.24,3304.48
1030724,1600,3305.8101,3377.5901,3281.95,3374.8201
1030725,1600,3367.71,3371.9299,3313.5601,3356.8899
1030728,1600,3360.6699,3425.45,3360.6699,3417.77
1030729,1600,3417.51,3452.1799,3373.6299,3428.1201
1030730,1600,3418.49,3449.21,3395.74,3429.03
1030731,1600,3432.75,3487.8601,3399.8601,3487.8601
1030801,1600,3481.8101,3481.8101,3403.03,3438.8899
1030804,1600,3433.72,3464.6001,3363.95,3405.3101
1030805,1600,3414.1001,3454.76,3399.2,3438.3601
1030806,1600,3427.49,3427.49,3318.1599,3375.6599
1030807,1600,3370.5,3370.5,3299.77,3331.8899
1030808,1600,3339.8701,3367.1699,3309.22,3332.24
1030811,1600,3333.0701,3361.6699,3309.8501,3339.5801
1030812,1600,3342.5901,3399.76,3342.5901,3381.71
1030813,1600,3388.55,3428.98,3376.3,3398.8899
1030814,1600,3398.1299,3452.7,3379.5,3452.7
1030815,1600,3449.5601,3470.53,3434.23,3443.9299
1030818,1600,3447.5801,3507.23,3447.5801,3507.23
1030819,1600,3511.05,3545.0801,3486.4399,3504.53
1030820,1600,3507.25,3515.1699,3461.3799,3501.23
1030821,1600,3501.4099,3565.47,3501.4099,3565.47
1030822,1600,3563.3,3588.53,3534.4199,3549.05
1030825,1600,3547.6499,3547.6499,3489.77,3500.0901
1030826,1600,3498.8899,3532.24,3438.8601,3455.48
1030827,1600,3462.1599,3493.46,3451.8101,3483.0801
1030828,1600,3486.3701,3530.1399,3465.6799,3492.6699
1030829,1600,3510.3201,3531.8,3479.9199,3484.5801
1030901,1600,3493.3401,3577.8701,3493.3401,3571.22
1030902,1600,3570.0901,3588.46,3536.26,3567.2
1030903,1600,3570.25,3656.6699,3570.25,3647.51
1030904,1600,3638.9199,3671.4199,3628.95,3668.6699
1030905,1600,3671.9299,3676.8799,3597.5901,3607.71
1030908,1600,3612.8501,3656.6201,3612.3899,3641.53
1030909,1600,3645.8799,3670.3,3583.3701,3594.3999
1030910,1600,3586.8,3586.8,3524.1699,3536.8701
1030911,1600,3525.5,3566.8501,3495.1101,3566.8501
1030912,1600,3564.55,3573.2,3473.79,3508.0601
1030915,1600,3512.28,3547.3301,3506.3799,3516.3101
1030916,1600,3522.8101,3568.6799,3508.8701,3564.75
1030917,1600,3573.29,3613.22,3551.8101,3561.03
1030918,1600,3562.8799,3623.6101,3554.01,3612.02
1030919,1600,3617.1299,3629.5901,3578.7,3578.7
1030922,1600,3578.1599,3578.1599,3456.27,3456.27
1030923,1600,3459.3999,3483.77,3396.3201,3411.02
1030924,1600,3414.6599,3450.9399,3285.98,3307.3401
1030925,1600,3305.54,3361.8301,3301.3899,3326.27
1030926,1600,3325.76,3345.1399,3275.54,3324.8501
1030929,1600,3324.0,3364.5801,3280.1001,3323.3799
1030930,1600,3317.5901,3330.22,3202.8701,3256.78
1031001,1600,3255.76,3329.8301,3217.3999,3329.8301
1031002,1600,3330.9399,3354.6399,3267.99,3276.6399
1031003,1600,3283.3799,3439.8899,3283.3799,3419.0
1031006,1600,3414.0601,3416.75,3379.53,3404.9099
1031007,1600,3407.72,3409.22,3332.8201,3355.78
1031008,1600,3357.7,3432.0901,3342.9099,3395.3301
1031009,1600,3395.03,3491.2,3389.1399,3481.8999
1031010,1600,3479.22,3512.21,3455.96,3471.25
1031013,1600,3480.1299,3554.53,3480.1299,3538.3899
1031014,1600,3543.1699,3567.1201,3504.46,3538.1299
1031015,1600,3542.25,3606.0,3540.8401,3570.5801
1031016,1600,3568.72,3594.96,3524.1001,3577.72
1031017,1600,3577.6399,3593.75,3510.8101,3516.6699
1031020,1600,3520.54,3566.6399,3496.5701,3559.3301
1031021,1600,3567.3501,3593.5,3536.8,3580.0801
1031022,1600,3560.9299,3571.3,3488.75,3490.6001
1031023,1600,3486.9099,3502.95,3423.3401,3497.1399
1031024,1600,3495.21,3495.21,3439.0901,3452.6399
1031027,1600,3459.0701,3529.4299,3459.0701,3517.1001
1031028,1600,3531.98,3600.75,3531.98,3586.9299
1031029,1600,3597.52,3627.1799,3583.79,3615.4199
1031030,1600,3620.0,3675.78,3583.47,3639.6599
1031031,1600,3639.3601,3657.6201,3612.6699,3655.99
1031103,1600,3657.6101,3750.25,3651.77,3744.5
1031104,1600,3742.53,3768.54,3724.21,3741.71
1031105,1600,3737.3201,3745.1799,3690.8701,3717.7
1031106,1600,3719.8501,3759.8701,3683.46,3733.9299
1031107,1600,3744.4099,3814.21,3744.4099,3782.5601
1031110,1600,3778.27,3789.29,3737.25,3746.24
1031111,1600,3739.47,3739.47,3699.99,3729.8701
1031112,1600,3730.1399,3754.3501,3696.95,3748.3401
1031113,1600,3756.3,3813.2,3739.25,3765.5901
1031114,1600,3752.1799,3812.8999,3746.9099,3797.3999
1031117,1600,3792.8899,3792.8899,3664.95,3674.54
1031118,1600,3693.0801,3715.8799,3644.96,3666.28
1031119,1600,3659.97,3659.97,3594.6101,3652.29
1031120,1600,3663.6299,3671.3799,3576.52,3638.04
1031121,1600,3637.6201,3658.22,3619.9199,3642.25
1031124,1600,3642.7,3743.3701,3642.7,3737.0901
1031125,1600,3744.47,3767.9199,3727.8,3733.1599
1031126,1600,3731.29,3786.3701,3712.98,3712.98
1031127,1600,3741.6299,3756.1101,3729.1799,3744.99
1031128,1600,3748.23,3771.1001,3692.01,3745.95
1031201,1600,3752.72,3829.46,3752.72,3821.2
1031202,1600,3821.6399,3838.0901,3788.9299,3809.26
1031203,1600,3808.3,3875.6599,3801.76,3875.6599
1031204,1600,3871.5,3894.8201,3848.02,3874.78
1031205,1600,3856.48,3874.55,3813.6001,3841.73
1031208,1600,3834.8899,3834.8899,3778.73,3806.54
1031209,1600,3812.9199,3878.45,3812.9199,3846.1799
1031210,1600,3841.8701,3847.9299,3798.0,3820.9199
1031211,1600,3833.22,3864.3401,3826.9299,3858.8501
1031212,1600,3864.5901,3904.4299,3847.6299,3860.1299
1031215,1600,3866.9199,3930.26,3866.9199,3875.47
1031216,1600,3862.8201,3878.6299,3835.9399,3865.98
1031217,1600,3870.1599,3880.0701,3840.96,3847.5701
1031218,1600,3847.3201,3878.8899,3823.71,3870.8799
1031219,1600,3881.97,3907.9099,3876.4399,3898.4199
1031222,1600,3891.6699,3909.4099,3870.5601,3876.9399
1031223,1600,3884.1001,3913.26,3884.1001,3903.3401
1031229,1600,3907.5701,3957.23,3907.5701,3952.72
1031230,1600,3957.9299,3996.28,3957.9299,3965.1599
1040102,1600,3969.04,4022.96,3969.04,4018.5
1040105,1600,4019.9399,4040.98,4001.49,4035.8999
1040106,1600,4038.4199,4047.03,4003.48,4035.4399
1040107,1600,4039.6499,4050.99,3985.95,4004.3999
1040108,1600,4013.1499,4070.47,4013.1499,4045.4299
1040109,1600,4059.1001,4073.3301,3982.8301,4016.1799
1040112,1600,4010.05,4010.05,3980.1899,3995.9099
1040113,1600,4006.8501,4033.6699,3990.6101,3996.22
1040114,1600,3993.3301,4056.23,3980.3301,4055.21
1040115,1600,4047.6299,4081.6201,4026.9099,4068.75
1040116,1600,4090.8,4122.9302,4090.8,4111.6401
1040119,1600,4111.8901,4151.7202,4111.8901,4139.9199
1040120,1600,4141.3301,4156.0801,4101.54,4106.4102
1040121,1600,4109.6401,4138.04,4099.4702,4138.04
1040122,1600,4144.04,4171.4902,4129.23,4139.8599
1040123,1600,4140.7598,4164.2598,4130.8599,4151.8301
1040126,1600,4152.0898,4152.0898,4116.0698,4128.6802
1040127,1600,4141.8599,4175.48,4129.1201,4134.4199
1040128,1600,4124.4902,4157.1802,4105.9702,4150.2402
1040129,1600,4117.5801,4126.6401,4092.05,4095.71
1040130,1600,4106.6499,4116.52,4048.52,4058.6001
1040202,1600,4062.79,4087.21,4046.3,4071.6001
1040203,1600,4074.4199,4075.8,4019.0,4057.51
1040204,1600,4050.0801,4050.0801,4008.8,4028.3701
1040205,1600,4025.3999,4054.9299,4009.5601,4014.79
1040206,1600,4015.02,4053.02,4007.8701,4044.99
1040209,1600,4051.3601,4102.46,4051.3601,4098.9702
1040210,1600,4100.75,4114.7798,4083.3301,4110.7998
1040211,1600,4111.8901,4125.5898,4101.1401,4122.1602
1040212,1600,4138.1699,4150.5601,4106.3101,4121.6499
1040213,1600,4121.4502,4130.75,4047.9199,4057.05
1040216,1600,4054.96,4070.46,4040.49,4070.46
1040217,1600,4073.77,4099.7998,4070.6499,4095.8601
1040218,1600,4096.73,4111.5,4085.29,4095.3401
1040219,1600,4099.9199,4147.3398,4099.9199,4141.5298
1040220,1600,4124.5098,4135.5498,4055.5601,4073.3501
1040223,1600,4074.1101,4106.0801,4065.25,4068.71
1040224,1600,4067.9099,4067.9099,3967.8701,3991.4199
1040225,1600,3993.3,4008.03,3960.4099,3995.3401
1040226,1600,4008.3899,4019.3101,3973.8,4007.8101
1040227,1600,4027.3601,4052.5801,4017.9099,4018.1599
1040301,1600,4026.1899,4061.1001,4026.1899,4054.4299
1040302,1600,4057.0801,4101.0601,4057.0801,4100.3398
1040303,1600,4088.8899,4096.4102,4058.1101,4071.7
1040304,1600,4077.3101,4138.8501,4077.3101,4133.7798
1040305,1600,4136.79,4151.8398,4090.8999,4126.1401
1040308,1600,4131.3398,4163.1899,4131.3398,4145.9902
1040309,1600,4143.98,4143.98,4077.03,4087.55
1040310,1600,4077.6399,4077.6399,4024.8101,4044.7
1040311,1600,4040.51,4040.51,3875.5901,3904.95
1040312,1600,3879.6299,3920.4099,3824.54,3915.3799
1040315,1600,3908.6101,3909.8701,3807.9399,3810.76
1040316,1600,3810.8799,3851.01,3775.1101,3822.3701
1040317,1600,3828.26,3902.8501,3828.26,3896.79
1040318,1600,3898.3799,3902.74,3821.8799,3827.4299
1040319,1600,3838.3799,3863.01,3805.1499,3819.1499
1040322,1600,3802.53,3802.53,3696.1799,3729.23
1040323,1600,3722.95,3772.8401,3715.4099,3728.8201
1040324,1600,3732.3,3758.4399,3692.3999,3726.0701
1040325,1600,3729.76,3811.9199,3729.76,3811.9199
1040326,1600,3834.8501,3849.99,3802.23,3822.3301
1040329,1600,3828.04,3886.3601,3823.6699,3881.25
1040330,1600,3880.3999,3883.6599,3845.5701,3874.04
1040331,1600,3876.47,3901.05,3840.1101,3856.7
1040401,1600,3858.3401,3928.6299,3857.04,3924.8501
1040402,1600,3924.48,4008.0801,3921.5,4007.6001
1040405,1600,4015.23,4059.0801,4006.47,4048.6001
1040406,1600,4064.75,4065.71,4010.73,4022.8101
1040407,1600,4023.71,4048.6101,4000.4399,4001.1599
1040408,1600,4030.5601,4058.29,4004.5701,4013.53
1040413,1600,4016.0901,4094.23,4016.0901,4071.4199
1040414,1600,4058.9099,4058.9099,3970.02,4012.77
1040415,1600,4011.27,4034.3201,3989.21,4004.6101
1040416,1600,4004.6101,4043.53,3986.6201,4033.98
1040419,1600,4033.0,4040.6799,3995.5901,4025.0701
1040420,1600,4034.28,4083.27,4034.28,4061.1299
1040421,1600,4050.47,4055.26,4013.3,4026.1499
1040422,1600,4043.3701,4062.8301,4002.45,4059.1499
1040423,1600,4080.3701,4129.1401,4080.3701,4103.6201
1040426,1600,4105.9702,4156.8901,4105.9702,4125.8301
1040427,1600,4124.6899,4151.0801,4112.8599,4134.1001
1040428,1600,4130.4902,4133.8599,4062.5901,4065.74
1040429,1600,4051.25,4061.95,3987.0,4008.9099
1040430,1600,3998.53,4008.0701,3968.8601,3985.21
1040503,1600,3972.8799,4011.4399,3945.52,4007.6499
1040504,1600,4002.28,4018.71,3976.21,3990.75
1040505,1600,3975.6599,4029.3201,3964.29,4022.1001
1040506,1600,4011.8301,4012.9199,3900.51,3909.46
1040507,1600,3909.6101,3923.1599,3852.8999,3895.6399
1040510,1600,3894.98,3894.98,3776.3601,3784.6101
1040511,1600,3790.71,3850.52,3790.71,3849.8401
1040512,1600,3846.6899,3851.74,3769.8799,3776.24
1040513,1600,3781.75,3827.03,3779.75,3824.9299
1040514,1600,3824.55,3833.02,3769.5901,3803.1001
1040517,1600,3801.47,3801.47,3710.02,3754.3701
1040518,1600,3756.8601,3796.73,3754.0601,3789.24
1040519,1600,3799.4299,3883.1499,3799.4299,3872.26
1040520,1600,3855.6299,3855.6299,3812.04,3839.3201
1040521,1600,3842.24,3869.2,3808.6001,3831.8401
1040524,1600,3842.4099,3901.48,3842.4099,3867.8401
1040525,1600,3859.6399,3859.6399,3809.98,3828.0701
1040526,1600,3830.72,3901.3101,3830.72,3867.52
1040527,1600,3872.03,3926.6201,3872.03,3913.3301
1040528,1600,3921.8899,3940.71,3892.3101,3902.72
1040531,1600,3904.3899,3927.95,3898.3999,3921.4099
1040601,1600,3924.3,3929.8799,3856.04,3864.1799
1040602,1600,3868.9399,3917.73,3868.9399,3888.3101
1040603,1600,3890.27,3917.6599,3870.8401,3917.0801
1040604,1600,3917.8,3973.5701,3913.77,3961.9299
1040607,1600,3973.45,4025.0801,3973.45,4017.8101
1040608,1600,4021.79,4040.77,4003.1201,4018.95
1040609,1600,4024.3899,4036.46,3990.6399,3997.76
1040610,1600,3997.21,4027.3999,3992.53,4021.6399
1040611,1600,4017.45,4019.3799,3993.27,4014.5601
1040614,1600,4008.6101,4008.6101,3939.1699,3948.6499
1040615,1600,3946.1699,3995.4299,3933.1201,3987.3
1040616,1600,3991.0801,4014.8101,3991.0801,4003.24
1040617,1600,3996.98,4018.6001,3971.77,3985.46
1040618,1600,3976.3,4004.8601,3966.22,3999.79
1040621,1600,4008.5,4029.1101,3977.8,3989.3101
1040622,1600,3985.4199,3985.4199,3916.4199,3928.3899
1040623,1600,3933.8501,3966.8899,3933.8501,3945.1001
1040624,1600,3954.21,4012.6699,3954.21,4007.05
1040625,1600,4006.74,4020.1599,3987.02,4013.3501
1040628,1600,4016.8201,4076.5801,4004.5,4069.3501
1040629,1600,4067.9199,4086.0701,4050.22,4069.73
1040630,1600,4070.0701,4090.75,4052.73,4052.73
1040701,1600,4078.3601,4101.52,4026.5601,4035.02
1040702,1600,4030.46,4030.46,3990.5,3998.77
1040705,1600,3998.1899,4011.54,3991.1599,3995.73
1040706,1600,4001.54,4008.1001,3935.9199,3944.8799
1040707,1600,3944.3601,3958.8899,3922.46,3930.5801
1040708,1600,3921.4199,3936.99,3894.73,3934.48
1040709,1600,3932.26,3932.5901,3882.75,3924.49
1040712,1600,3911.54,3928.0701,3884.4199,3893.24
1040713,1600,3897.3101,3919.24,3892.1399,3903.8799
1040714,1600,3894.5701,3898.8401,3851.3501,3898.8401
1040715,1600,3898.2,3898.2,3847.1899,3847.1899
1040716,1600,3848.1399,3883.0601,3837.6299,3845.9299
1040719,1600,3845.03,3845.8,3812.6299,3812.6299
1040720,1600,3809.3601,3839.73,3785.3401,3837.6001
1040721,1600,3849.6399,3899.4199,3849.6399,3877.48
1040722,1600,3867.21,3867.21,3796.29,3801.05
1040723,1600,3805.3,3824.76,3785.29,3797.3301
1040726,1600,3795.6599,3811.3799,3749.04,3752.5901
1040727,1600,3755.4299,3815.1201,3755.4299,3814.0801
1040728,1600,3829.04,3856.6599,3797.74,3807.21
1040729,1600,3815.3601,3895.3501,3815.3601,3889.6799
1040730,1600,3900.8899,3911.3,3867.0801,3895.6101
1040802,1600,3891.1799,3891.1799,3841.73,3862.71
1040803,1600,3869.1399,3891.78,3864.79,3877.3201
1040804,1600,3867.47,3867.47,3807.25,3823.74
1040805,1600,3834.27,3858.6599,3828.6899,3829.03
1040806,1600,3818.78,3818.78,3719.46,3727.74
1040809,1600,3726.51,3736.55,3666.05,3690.3301
1040810,1600,3691.6101,3721.3101,3685.9199,3720.6399
1040811,1600,3722.6101,3731.45,3636.96,3678.9099
1040812,1600,3683.6599,3708.3301,3632.45,3658.1101
1040813,1600,3648.8899,3662.78,3618.6899,3646.99
1040816,1600,3643.0801,3703.4099,3618.5801,3699.1101
1040817,1600,3696.21,3735.8401,3679.22,3705.73
1040818,1600,3704.8,3728.4099,3677.9299,3726.5
1040819,1600,3729.8701,3758.51,3706.1001,3722.99
1040820,1600,3716.6001,3723.8401,3689.8601,3712.6101
1040823,1600,3722.23,3782.3701,3722.23,3772.1399
1040824,1600,3771.0901,3799.8899,3766.3899,3771.0
1040825,1600,3790.1299,3801.76,3770.78,3788.8799
1040826,1600,3796.5801,3839.3201,3796.5801,3832.28
1040827,1600,3833.49,3856.03,3811.7,3851.1799
1040830,1600,3848.8,3852.9399,3818.75,3838.8501
1040831,1600,3829.74,3829.74,3778.1899,3785.21
1040901,1600,3794.1699,3827.8701,3792.25,3817.6201
1040902,1600,3814.99,3844.53,3797.98,3833.45
1040903,1600,3834.6799,3882.78,3823.2,3866.99
1040906,1600,3867.45,3891.6201,3867.45,3887.5801
1040907,1600,3888.54,3905.1101,3873.53,3889.04
1040908,1600,3890.6899,3898.73,3875.3999,3884.1599
1040909,1600,3867.97,3867.97,3836.04,3851.22
1040910,1600,3855.4099,3896.6001,3855.4099,3886.03
1040913,1600,3890.29,3953.3101,3890.29,3953.3101
1040914,1600,3954.49,3955.04,3933.26,3947.75
1040915,1600,3949.55,3970.99,3928.3201,3941.75
1040916,1600,3941.5701,3968.1399,3940.96,3963.6499
1040917,1600,3962.8201,4000.1299,3955.8201,3988.0701
1040920,1600,3986.3301,3986.3301,3954.1599,3977.6799
1040921,1600,3977.0701,3998.5,3968.6299,3991.02
1040922,1600,3989.8501,3999.47,3935.76,3942.3501
1040923,1600,3927.4099,3929.3201,3895.1299,3905.6599
1040924,1600,3900.52,3917.72,3887.8401,3910.3
1040927,1600,3905.74,3905.74,3859.3701,3874.3701
1040928,1600,3867.5,3888.8501,3848.28,3882.27
1040929,1600,3883.5901,3944.1299,3883.5901,3920.3601
1040930,1600,3934.5901,3950.6599,3887.8301,3892.8999
1041001,1600,3895.1499,3996.1101,3895.1499,3994.96
1041004,1600,4005.6399,4059.27,4005.6399,4033.28
1041005,1600,4034.3,4078.5,4023.75,4048.71
1041006,1600,4046.3,4062.1899,4030.74,4049.6599
1041007,1600,4062.9399,4077.3301,4034.26,4043.3601
1041008,1600,4028.79,4065.98,4001.52,4015.54
1041011,1600,4011.8301,4026.99,4004.9299,4017.8201
1041012,1600,4011.22,4011.22,3943.74,3966.48
1041013,1600,3968.5,4015.7,3968.5,3976.03
1041014,1600,3961.3401,3961.3401,3928.8999,3940.46
1041015,1600,3937.21,3937.21,3897.48,3922.1101
1041018,1600,3926.51,3937.3999,3897.6101,3915.1699
1041019,1600,3944.74,3983.45,3944.74,3964.1299
1041020,1600,3918.3601,3918.3601,3889.72,3912.3999
1041021,1600,3929.3601,3947.1001,3894.8799,3934.0601
1041022,1600,3932.6201,3968.47,3924.4299,3935.1399
1041025,1600,3880.48,3880.48,3838.98,3854.4099
1041026,1600,3861.5,3870.8899,3843.5801,3862.26
1041027,1600,3882.02,3929.03,3866.1699,3929.03
1041028,1600,3951.7,3975.8201,3947.9299,3959.5901
1041029,1600,3965.0,3994.1899,3950.3,3960.25
1041101,1600,3961.1799,4017.8501,3959.25,4012.6399
1041102,1600,4017.8301,4042.3601,4010.6001,4037.5701
1041103,1600,4061.4099,4073.53,4028.24,4039.04
1041104,1600,4032.6101,4041.3799,4013.8701,4041.3799
1041105,1600,4075.01,4111.7798,4048.05,4063.5801
1041108,1600,4063.8301,4081.01,4051.6101,4068.97
1041109,1600,4075.6299,4086.0601,4058.99,4065.3301
1041110,1600,4074.4299,4103.5098,4074.4299,4089.1299
1041111,1600,4081.0601,4141.1499,4078.0901,4130.8101
1041112,1600,4149.0098,4162.3701,4135.8799,4143.3501
1041115,1600,4162.9302,4171.98,4130.1099,4134.3398
1041116,1600,4139.4902,4144.02,4106.8701,4117.2202
1041117,1600,4126.6001,4183.4102,4116.21,4183.4102
1041118,1600,4167.1499,4191.04,4160.2798,4178.6802
1041119,1600,4179.7598,4202.4502,4133.2202,4134.8901
1041122,1600,4115.9102,4123.98,4088.5901,4123.98
1041123,1600,4143.7202,4160.2202,4107.3999,4113.3701
1041124,1600,4140.25,4140.25,4114.27,4125.2998
1041125,1600,4137.0601,4161.5498,4131.1299,4160.3501
1041126,1600,4147.0298,4159.1299,4135.5298,4154.27
1041129,1600,4160.8901,4219.0498,4146.98,4146.98
1041130,1600,4161.6201,4165.52,4113.48,4126.0
1041201,1600,4108.5498,4187.71,4107.6201,4186.0298
1041202,1600,4202.7202,4227.8301,4186.3301,4216.3999
1041203,1600,4225.3799,4233.52,4191.1001,4208.8701
1041206,1600,4199.25,4204.4399,4184.3599,4193.9102
1041207,1600,4197.5,4231.46,4192.2798,4212.6201
1041208,1600,4185.0698,4213.4302,4172.5498,4201.3501
1041209,1600,4197.9502,4206.6099,4131.2402,4150.4102
1041210,1600,4167.54,4182.96,4153.4102,4174.5498
1041213,1600,4189.3398,4228.9902,4188.21,4219.2402
1041214,1600,4234.3599,4250.0498,4224.1802,4231.2998
1041215,1600,4239.3901,4243.7598,4211.9302,4213.6899
1041216,1600,4216.3599,4235.7798,4216.0498,4233.71
1041217,1600,4235.7798,4241.8198,4173.5898,4182.27
1041220,1600,4178.1699,4227.6899,4176.3799,4211.5498
1041221,1600,4201.4302,4221.6099,4199.4199,4214.3901
1041222,1600,4232.4399,4252.2002,4229.8301,4241.2798
1041223,1600,4234.0498,4253.6802,4234.0498,4251.6201
1041227,1600,4254.4102,4262.2402,4235.3599,4235.3599
1041228,1600,4253.8101,4262.0498,4242.5898,4261.79
1041229,1600,4270.5601,4272.1802,4240.02,4247.75
1041230,1600,4254.3799,4261.96,4251.0601,4256.0801
1050103,1600,4260.9199,4310.2998,4251.3701,4291.5298
1050104,1600,4281.6299,4306.6899,4276.5498,4290.5
1050105,1600,4262.21,4274.6499,4242.0698,4258.2402
1050106,1600,4260.3701,4300.9902,4260.3701,4300.9399
1050107,1600,4297.9902,4325.77,4288.2598,4316.3999
1050110,1600,4311.8599,4324.3799,4291.25,4307.3701
1050111,1600,4305.8599,4314.3799,4247.7798,4258.0098
1050112,1600,4257.6401,4258.3398,4193.2402,4208.8198
1050113,1600,4218.21,4234.0898,4200.6201,4212.1401
1050114,1600,4191.1401,4236.0898,4191.1401,4232.3599
1050117,1600,4235.9399,4254.3799,4235.9399,4245.5098
1050118,1600,4239.54,4256.2202,4207.7402,4250.71
1050119,1600,4259.6699,4269.73,4241.04,4245.5498
1050120,1600,4230.7402,4230.7402,4198.9399,4220.4302
1050121,1600,4213.2798,4221.8301,4198.3398,4213.7002
1050124,1600,4195.3701,4201.8901,4160.8301,4201.8901
1050125,1600,4193.54,4241.3398,4189.5098,4233.9502
1050126,1600,4235.7998,4245.0801,4211.6099,4214.1201
1050127,1600,4209.9302,4224.2998,4185.6299,4216.4102
1050128,1600,4225.3599,4235.3398,4188.21,4201.8101
1050131,1600,4211.8599,4258.4102,4211.8599,4254.8501
1050201,1600,4256.6499,4281.0498,4249.6899,4279.9702
1050202,1600,4282.5498,4300.0498,4279.8999,4296.3101
1050203,1600,4297.1602,4302.3999,4273.4199,4281.6401
1050204,1600,4295.3901,4340.27,4295.25,4339.2798
1050207,1600,4342.75,4373.8999,4342.75,4366.3501
1050208,1600,4369.0698,4376.6001,4356.4502,4371.3901
1050209,1600,4373.48,4387.2202,4344.46,4353.1499
1050210,1600,4362.54,4367.9102,4338.96,4342.0098
1050211,1600,4355.2202,4391.79,4355.2202,4387.7998
1050214,1600,4395.3701,4398.79,4372.52,4386.3999
1050215,1600,4386.3301,4409.0898,4377.2998,4402.0298
1050216,1600,4392.79,4392.79,4348.6602,4368.77
1050217,1600,4370.3198,4387.8999,4359.6299,4369.6802
1050218,1600,4363.4702,4387.48,4351.02,4359.4702
1050221,1600,4363.21,4373.1499,4342.21,4353.3398
1050222,1600,4347.2998,4350.1001,4304.5498,4323.21
1050223,1600,4293.6499,4310.6602,4276.0098,4310.6602
1050224,1600,4304.7402,4311.6802,4288.6201,4304.29
1050225,1600,4327.7002,4352.1602,4327.1001,4348.6401
1050228,1600,4360.3398,4375.7998,4346.2402,4350.4902
1050301,1600,4345.2402,4388.4199,4335.04,4383.6201
1050302,1600,4374.9502,4396.6699,4363.8599,4393.4302
1050303,1600,4378.7202,4399.8799,4371.6499,4373.27
1050304,1600,4380.73,4424.2798,4373.2998,4423.52
1050307,1600,4424.77,4435.3101,4417.5601,4428.0898
1050308,1600,4417.1099,4422.8901,4388.1099,4396.5
1050309,1600,4395.2402,4428.54,4365.23,4375.6001
1050310,1600,4358.29,4365.4102,4330.21,4337.6802
1050311,1600,4359.9302,4379.9399,4353.5601,4360.4902
1050314,1600,4353.73,4371.2798,4340.02,4367.2998
1050315,1600,4370.3799,4392.1699,4369.8398,4387.6899
1050316,1600,4378.96,4384.77,4301.3799,4309.1099
1050317,1600,4307.73,4322.8198,4295.7002,4315.9199
1050318,1600,4316.9302,4339.5,4310.46,4327.1802
1050321,1600,4322.4702,4336.8101,4295.3901,4296.3599
1050322,1600,4301.2402,4323.96,4281.75,4320.6899
1050323,1600,4291.3799,4325.2002,4275.5498,4317.2002
1050324,1600,4325.2402,4347.7202,4315.73,4343.6001
1050329,1600,4331.96,4352.1499,4308.9199,4351.8901
1050330,1600,4325.9702,4347.52,4320.0098,4347.52
1050331,1600,4369.27,4376.27,4344.6299,4348.77
1050401,1600,4348.0298,4393.2002,4347.5298,4373.5298
1050404,1600,4355.8398,4357.9702,4323.2402,4341.3901
1050405,1600,4356.6201,4366.71,4352.8501,4362.6099
1050406,1600,4373.1602,4379.1802,4360.8101,4379.1802
1050407,1600,4368.3501,4394.1802,4354.7798,4389.52
1050408,1600,4399.4399,4413.2402,4393.4302,4400.6802
1050411,1600,4388.8101,4406.1099,4380.48,4396.0898
1050412,1600,4395.8799,4401.7998,4366.25,4372.1201
1050413,1600,4395.3398,4410.9502,4393.0601,4405.6899
1050414,1600,4385.6099,4422.8799,4380.8701,4402.0498
1050415,1600,4381.4502,4384.5098,4309.25,4312.25
1050418,1600,4266.27,4266.27,4182.8599,4202.2002
1050419,1600,4211.2598,4225.5601,4192.3301,4204.6099
1050420,1600,4215.1899,4224.21,4166.5298,4178.6201
1050421,1600,4160.2598,4210.8198,4159.9502,4193.7002
1050422,1600,4210.1802,4235.3999,4208.75,4223.04
1050425,1600,4214.9702,4249.8599,4204.9302,4246.96
1050426,1600,4247.0498,4247.4702,4209.9502,4233.7598
1050427,1600,4219.6499,4219.6499,4157.5098,4189.02
1050428,1600,4204.7202,4215.3501,4159.8701,4178.1001
1050429,1600,4163.23,4208.3198,4159.6602,4184.8398
1050502,1600,4208.6299,4235.6401,4205.0498,4224.02
1050503,1600,4229.9902,4245.6699,4218.0601,4245.54
1050504,1600,4249.1899,4264.7998,4225.21,4264.3501
1050505,1600,4271.0298,4306.1499,4271.0298,4299.5098
1050506,1600,4297.1401,4314.98,4276.1602,4311.0601
1050509,1600,4305.6899,4306.3198,4277.6401,4292.4102
1050510,1600,4299.6401,4306.1802,4245.2598,4251.1299
1050511,1600,4246.8799,4273.2798,4232.3999,4244.1602
1050512,1600,4265.2202,4280.6899,4255.3799,4267.0498
1050513,1600,4255.6201,4275.8101,4241.6699,4275.7002
1050516,1600,4266.8198,4273.8799,4251.9902,4262.1802
1050517,1600,4274.29,4276.9302,4232.6699,4251.77
1050518,1600,4273.9902,4326.21,4268.6299,4324.6001
1050519,1600,4338.1699,4364.4102,4337.5298,4360.4199
1050520,1600,4358.6602,4379.5698,4351.3301,4360.6802
1050523,1600,4383.02,4410.73,4374.4902,4406.9502
1050524,1600,4412.4199,4413.5898,4382.9102,4396.6401
1050525,1600,4393.4302,4404.5601,4377.3198,4389.54
1050526,1600,4391.5801,4442.9399,4389.29,4436.6001
1050527,1600,4442.6602,4453.0098,4431.5898,4444.71
1050530,1600,4445.21,4482.02,4440.3599,4480.4302
1050531,1600,4480.0,4480.6802,4459.2002,4460.6299
1050601,1600,4467.3198,4530.0698,4467.04,4527.1699
1050602,1600,4521.71,4542.8301,4515.04,4532.1699
1050603,1600,4544.73,4551.8901,4501.1699,4510.3901
1050606,1600,4514.5898,4521.8901,4490.1201,4497.2598
1050607,1600,4507.6099,4570.4302,4507.6099,4566.0098
1050608,1600,4552.0898,4567.1299,4543.75,4557.29
1050609,1600,4550.9199,4568.2002,4535.5098,4562.75
1050610,1600,4580.9102,4601.0498,4571.3198,4586.1001
1050613,1600,4597.3301,4604.25,4567.0898,4599.21
1050614,1600,4593.8101,4598.8101,4579.3198,4591.6899
1050615,1600,4601.4702,4608.29,4537.9102,4548.4199
1050616,1600,4563.75,4585.79,4554.4199,4579.8701
1050617,1600,4588.2002,4623.5801,4585.0298,4604.5698
1050620,1600,4601.9902,4603.1001,4560.4902,4586.8599
1050621,1600,4600.1499,4615.8701,4594.98,4608.1099
1050622,1600,4610.4102,4635.71,4599.1699,4619.6001
1050623,1600,4624.79,4637.3398,4604.1899,4627.48
1050624,1600,4602.3501,4602.3501,4561.3701,4566.48
1050627,1600,4547.27,4547.27,4517.4399,4523.8198
1050628,1600,4530.79,4557.46,4528.4199,4557.46
1050629,1600,4569.29,4597.1602,4560.0801,4583.6299
1050630,1600,4577.5601,4607.21,4576.0298,4586.2798
1050701,1600,4584.4399,4623.7998,4579.5098,4617.0698
1050704,1600,4620.8599,4627.3501,4610.3101,4623.4102
1050705,1600,4621.4199,4624.0801,4578.0801,4603.6499
1050706,1600,4607.5698,4636.96,4607.5698,4615.4902
1050707,1600,4595.23,4595.23,4444.9399,4530.1802
1050708,1600,4560.4302,4597.9702,4559.5698,4597.9702
1050711,1600,4616.3599,4663.3799,4616.3599,4663.3799
1050712,1600,4661.77,4666.0801,4637.6201,4653.0298
1050713,1600,4656.9102,4682.8198,4655.9199,4679.8901
1050714,1600,4686.7998,4715.4702,4686.7998,4699.27
1050715,1600,4702.0,4723.6499,4691.2002,4712.8999
1050718,1600,4717.5898,4732.7002,4705.29,4719.5698
1050719,1600,4725.7202,4770.54,4719.29,4770.54
1050720,1600,4759.5098,4785.9199,4757.5601,4784.5
1050721,1600,4803.77,4865.7202,4803.29,4829.8701
1050722,1600,4826.1499,4852.3599,4815.4102,4836.8999
1050725,1600,4843.6899,4853.0298,4819.4199,4842.7002
1050726,1600,4835.79,4858.2402,4827.8901,4843.4902
1050727,1600,4844.0601,4858.6401,4839.77,4855.3501
1050728,1600,4870.0698,4900.29,4859.9399,4892.5
1050729,1600,4896.46,4913.02,4874.7798,4886.5
1050801,1600,4882.3901,4912.3901,4878.1699,4890.8501
1050802,1600,4894.46,4933.3999,4894.2202,4932.8701
1050803,1600,4930.4102,4934.9399,4901.5098,4923.1201
1050804,1600,4922.5898,4930.3999,4870.4302,4874.0601
1050805,1600,4856.6299,4868.2002,4827.1802,4827.1802
1050808,1600,4837.0498,4862.27,4827.2998,4837.8599
1050809,1600,4835.8301,4909.48,4835.3501,4909.48
1050810,1600,4920.77,4990.5698,4920.77,4990.5698
1050811,1600,4966.6401,4981.1099,4938.1499,4953.9302
1050812,1600,4969.2402,4972.73,4929.7798,4937.3301
1050815,1600,4935.2202,4951.3301,4916.0898,4922.3398
1050816,1600,4939.73,4953.46,4875.9199,4883.8101
1050817,1600,4872.3301,4881.2998,4841.3398,4871.46
1050818,1600,4876.6001,4884.1401,4834.1602,4851.27
1050819,1600,4854.8901,4930.8301,4851.8799,4929.9102
1050822,1600,4933.7402,4954.4102,4929.1899,4941.6899
1050823,1600,4925.3599,4931.7402,4897.1401,4917.7402
1050824,1600,4907.1602,4920.8501,4874.52,4915.9502
1050825,1600,4886.3501,4886.3501,4847.8999,4856.0098
1050826,1600,4860.21,4878.9199,4783.7998,4783.7998
1050829,1600,4756.6802,4815.98,4726.3301,4812.2402
1050830,1600,4828.0698,4837.23,4784.5698,4791.7202
1050831,1600,4795.2998,4834.8999,4791.4702,4829.6899
1050901,1600,4846.6602,4874.8901,4816.6699,4842.9399
1050902,1600,4841.3799,4861.9302,4819.1001,4837.8101
1050905,1600,4853.6001,4909.8901,4850.5298,4909.8901
1050906,1600,4903.3901,4969.4199,4901.8999,4968.2798
1050907,1600,4977.9199,5004.23,4967.6802,4988.1401
1050908,1600,4990.0601,4999.4199,4967.96,4992.75
1050909,1600,4999.1099,5020.4702,4971.2402,5005.9302
1050912,1600,5028.4902,5035.3901,4979.8501,4989.98
1050913,1600,4989.7202,4993.2998,4899.3198,4901.8799
1050914,1600,4906.9102,4934.6099,4888.0298,4911.1699
1050915,1600,4903.8501,4925.21,4888.79,4905.98
1050916,1600,4913.7402,5001.79,4911.7402,4986.5
1050919,1600,4928.1401,4948.8999,4872.6401,4926.1299
1050920,1600,4934.0298,4967.3101,4927.98,4962.8599
1050921,1600,4933.5601,4933.5601,4870.7002,4875.2202
1050922,1600,4857.5098,4872.5298,4827.8599,4849.0098
1050923,1600,4867.04,4887.46,4855.5801,4882.5801
1050926,1600,4938.1802,5000.1699,4938.1802,4998.1602
1050927,1600,4979.8398,4992.6299,4957.29,4965.8799
1050928,1600,4983.6401,5052.3501,4983.6401,5048.7402
1050929,1600,5050.8701,5059.8599,5003.98,5021.1699
1050930,1600,5055.8599,5061.8398,5021.1401,5044.1201
1051003,1600,5060.9902,5083.5601,5050.2202,5082.0698
1051004,1600,5084.7002,5138.02,5064.7998,5138.02
1051005,1600,5111.6602,5111.6602,5067.21,5069.4199
1051006,1600,5037.5,5037.5,4980.6201,5017.27
1051007,1600,5004.1299,5032.6602,4984.4502,5007.77
1051010,1600,5027.2798,5057.1299,5006.5698,5022.79
1051011,1600,5020.2998,5065.1699,5020.2998,5032.46
1051012,1600,5005.25,5017.8701,4955.8198,4981.77
1051013,1600,4977.7402,4993.5801,4929.1099,4950.0698
1051014,1600,4954.3701,4988.5,4933.1602,4975.5601
1051017,1600,4987.6602,4999.0,4965.6299,4978.8301
1051018,1600,4982.2998,4993.1899,4943.1899,4947.1802
1051019,1600,4902.2202,4902.2202,4825.96,4845.98
1051020,1600,4903.98,4931.9502,4852.5601,4864.25
1051021,1600,4846.7998,4870.8101,4831.75,4838.3999
1051024,1600,4838.25,4905.46,4836.4102,4901.79
1051025,1600,4918.04,4930.8901,4871.8901,4872.9702
1051026,1600,4877.0298,4914.9399,4866.5698,4900.79
1051027,1600,4878.3501,4878.3501,4793.1001,4806.0498
1051028,1600,4802.6602,4835.4902,4762.75,4825.6401
1051031,1600,4854.5898,4930.9199,4854.5898,4929.0698
1051101,1600,4922.9102,4938.3901,4907.6899,4922.5498
1051102,1600,4921.1099,4954.8301,4891.6201,4954.8301
1051103,1600,4973.04,5013.75,4966.3301,5011.0
1051104,1600,5004.2798,5013.9502,4976.29,4995.2402
1051107,1600,4994.54,5033.9902,4983.75,5024.2002
1051108,1600,5033.4302,5047.5098,4993.6699,5008.8301
1051109,1600,5018.25,5031.8701,4999.1201,5011.3799
1051110,1600,5024.0601,5047.8398,5003.1099,5015.5498
1051111,1600,5046.23,5092.7998,5046.23,5090.75
1051114,1600,5083.27,5106.98,5075.6299,5092.4302
1051115,1600,5082.3799,5115.6499,5074.48,5110.6099
1051116,1600,5108.0601,5114.6602,5063.8599,5081.46
1051117,1600,5097.6699,5130.21,5089.6699,5099.7202
1051118,1600,5129.1201,5162.5098,5108.9302,5123.5
1051121,1600,5140.3501,5179.5498,5127.0698,5170.6099
1051122,1600,5178.96,5182.73,5161.3501,5174.7202
1051123,1600,5194.5498,5203.3799,5172.79,5196.0801
1051124,1600,5193.1499,5204.1401,5171.5601,5187.98
1051125,1600,5186.9102,5194.3101,5178.6499,5194.27
1051128,1600,5218.2798,5241.0,5167.9102,5176.5898
1051129,1600,5167.3701,5218.4302,5155.3398,5199.48
1051130,1600,5183.7798,5209.5601,5166.3901,5193.3999
1051201,1600,5210.54,5266.6201,5208.4902,5266.5498
1051202,1600,5292.2002,5307.9902,5275.2998,5307.9902
1051205,1600,5303.9199,5306.0898,5251.8599,5266.8599
1051206,1600,5271.3501,5309.9302,5267.71,5300.8501
1051207,1600,5292.5,5308.79,5248.73,5266.75
1051208,1600,5230.8301,5286.75,5222.2402,5286.75
1051209,1600,5268.2798,5294.3799,5262.04,5282.1299
1051212,1600,5316.46,5331.0601,5290.9102,5301.21
1051213,1600,5305.6602,5313.2002,5285.6699,5310.2798
1051214,1600,5315.1602,5321.1099,5274.9702,5286.7598
1051215,1600,5294.8599,5304.5698,5279.3301,5295.8198
1051216,1600,5303.3198,5356.6699,5302.6802,5353.6602
1051219,1600,5342.9302,5357.6699,5336.27,5350.1802
1051220,1600,5331.8198,5365.6001,5322.8301,5356.6001
1051221,1600,5367.8101,5400.3301,5367.6802,5397.23
1051222,1600,5390.0098,5403.1299,5387.46,5398.2798
1051223,1600,5410.0898,5425.6201,5405.9199,5419.0498
1051227,1600,5422.0698,5454.5098,5419.5498,5444.8398
1051228,1600,5437.2798,5460.3901,5432.2998,5447.1499
1051229,1600,5464.0,5469.96,5447.1299,5458.5801
1051230,1600,5446.79,5446.79,5385.0698,5408.2598
1060102,1600,5410.2402,5451.5698,5409.2798,5449.98
1060103,1600,5451.3398,5496.46,5440.7402,5460.6802
1060104,1600,5494.46,5523.6699,5477.6001,5523.6201
1060105,1600,5521.8599,5526.4102,5502.25,5516.5298
1060106,1600,5521.52,5537.5801,5507.9199,5536.3198
1060109,1600,5543.3398,5553.5498,5532.8398,5537.1099
1060110,1600,5528.0601,5528.2798,5482.1802,5494.71
1060111,1600,5524.2002,5537.48,5515.6699,5532.8901
1060112,1600,5533.25,5553.48,5516.2402,5542.1299
1060113,1600,5531.73,5531.73,5463.7798,5483.0898
1060116,1600,5464.98,5515.2598,5462.54,5514.6401
1060117,1600,5481.8599,5481.8599,5448.8701,5460.1602
1060118,1600,5419.1802,5426.8198,5363.6401,5395.6099
1060119,1600,5411.3398,5438.9102,5410.29,5430.8398
1060120,1600,5433.6899,5447.3701,5344.52,5349.02
1060123,1600,5311.8999,5350.2402,5290.4902,5348.7202
1060124,1600,5350.77,5369.5801,5321.27,5334.2998
1060125,1600,5346.3599,5430.0898,5339.0098,5427.0898
1060126,1600,5433.0498,5549.0801,5422.2598,5548.9102
1060127,1600,5586.48,5650.9502,5585.3701,5647.4199
1060130,1600,5636.2402,5670.3901,5619.0698,5660.0298
1060131,1600,5667.7002,5697.0098,5635.8101,5674.1499
1060201,1600,5662.0498,5733.5601,5643.3999,5726.5298
1060202,1600,5738.5,5760.6299,5644.1099,5649.6001
1060203,1600,5662.6899,5686.4399,5614.29,5657.1201
1060206,1600,5667.1802,5702.7598,5649.2798,5666.7798
1060207,1600,5680.0098,5699.3501,5630.1099,5672.9199
1060208,1600,5627.75,5675.5601,5598.0498,5666.4102
1060209,1600,5694.46,5743.6802,5694.46,5743.6802
1060210,1600,5730.0898,5745.4902,5696.02,5701.4702
1060213,1600,5699.4399,5756.3301,5683.8799,5756.3301
1060214,1600,5759.6602,5786.6899,5717.4399,5763.3999
1060215,1600,5766.6001,5790.27,5744.96,5764.3701
1060216,1600,5786.1602,5796.79,5757.25,5789.25
1060217,1600,5784.6401,5814.79,5773.52,5795.48
1060220,1600,5795.6802,5802.7202,5766.9902,5793.9502
1060221,1600,5798.8901,5850.4702,5780.9902,5801.04
1060222,1600,5793.46,5862.0601,5783.3501,5862.0601
1060223,1600,5868.1201,5884.2202,5820.3501,5857.8799
1060224,1600,5856.73,5873.1001,5840.6001,5870.79
1060227,1600,5888.8101,5915.9302,5871.75,5915.1499
1060228,1600,5908.5801,5916.7998,5791.8999,5796.04
1060301,1600,5806.96,5867.5898,5796.4102,5866.6099
1060302,1600,5862.3599,5885.73,5749.0601,5783.4902
1060303,1600,5771.3301,5811.48,5691.21,5721.46
1060306,1600,5742.0698,5768.98,5726.5898,5754.0601
1060307,1600,5732.54,5750.8501,5698.0601,5739.2798
1060308,1600,5745.3799,5763.27,5664.1899,5673.3599
1060309,1600,5711.02,5741.8301,5693.2998,5732.2202
1060310,1600,5715.2998,5804.9502,5708.79,5804.9199
1060313,1600,5820.7402,5859.9199,5807.6099,5855.1602
1060314,1600,5841.4302,5870.8799,5823.6299,5870.8799
1060315,1600,5885.5,5905.8301,5869.5098,5898.48
1060316,1600,5906.2998,5909.5,5867.3701,5897.79
1060317,1600,5906.3599,5947.4302,5862.04,5882.3799
1060320,1600,5895.7798,5932.46,5884.3301,5902.79
1060321,1600,5900.8398,5911.8599,5847.8999,5911.8599
1060322,1600,5883.0898,5949.1499,5859.52,5932.3101
1060323,1600,5941.7798,5960.02,5922.0298,5947.1099
1060324,1600,5956.3501,5977.0601,5941.2402,5973.1401
1060327,1600,5972.1499,5976.6299,5910.8901,5912.2598
1060328,1600,5914.6499,5940.5898,5863.0698,5890.6299
1060329,1600,5893.27,5921.1201,5868.21,5914.7798
1060330,1600,5943.4702,5993.4502,5936.3101,5984.1899
1060331,1600,5972.0298,5993.8999,5942.8799,5970.0801
1060403,1600,5989.0801,6028.1401,5978.46,6024.0498
1060404,1600,6015.3701,6024.6602,5992.8901,6013.8501
1060405,1600,6013.8901,6035.6699,5995.77,6029.2002
1060406,1600,6033.6899,6047.98,6008.5601,6031.3901
1060407,1600,6028.3301,6045.25,5947.5601,5952.9199
1060410,1600,5951.0801,6004.71,5943.1201,6003.3999
1060411,1600,6000.1099,6000.7598,5895.04,5908.4702
1060412,1600,5907.9102,5917.2798,5860.5,5901.25
1060413,1600,5909.8198,5925.3999,5873.5801,5918.5698
1060418,1600,5915.1099,5917.8398,5866.8501,5902.5801
1060419,1600,5935.4102,5996.6001,5935.4102,5993.7598
1060420,1600,6000.3198,6089.2998,5996.5,6063.2798
1060421,1600,6070.8599,6108.6899,6069.3799,6094.75
1060424,1600,6058.75,6094.8301,6034.8599,6079.0898
1060425,1600,6084.7998,6111.2998,6051.6099,6078.7998
1060426,1600,6089.8198,6121.9502,6081.9502,6107.1201
1060427,1600,6104.2798,6113.0801,6021.27,6067.7402
1060428,1600,6061.5,6061.5,6003.9102,6009.8901
1060502,1600,6014.3799,6056.27,6006.8701,6051.29
1060503,1600,6054.6401,6079.7998,5962.8599,5968.96
1060504,1600,5980.4902,6040.7002,5968.6802,6039.3198
1060505,1600,6049.25,6113.29,6045.8301,6113.29
1060508,1600,6126.96,6153.4702,6118.98,6127.98
1060509,1600,6128.0098,6142.02,6100.04,6140.7202
1060510,1600,6119.1099,6157.96,6110.4502,6118.3799
1060511,1600,6122.0098,6162.3701,6047.4302,6054.7202
1060512,1600,6028.3901,6043.6499,5915.7402,5916.2798
1060515,1600,5893.0,5902.4399,5785.1401,5857.0298
1060516,1600,5860.6001,5898.3301,5807.8398,5851.9199
1060517,1600,5873.7202,5897.77,5652.7202,5652.7202
1060518,1600,5672.3599,5714.6299,5587.9199,5666.0698
1060519,1600,5656.4102,5706.1899,5635.6899,5672.2798
1060522,1600,5653.8501,5653.8501,5513.4302,5546.2402
1060523,1600,5556.8198,5703.3398,5556.8198,5678.4902
1060524,1600,5637.3398,5653.9902,5552.02,5587.23
1060525,1600,5601.3198,5706.0601,5568.8301,5706.0601
1060526,1600,5728.9902,5788.4702,5720.5,5788.3599
1060529,1600,5782.4902,5784.29,5748.2002,5755.02
1060530,1600,5749.1602,5758.8198,5593.8901,5622.4302
1060531,1600,5582.6299,5704.1099,5533.1201,5692.8599
1060601,1600,5677.5298,5713.5298,5603.1001,5707.5898
1060602,1600,5733.4199,5778.7798,5676.04,5687.04
1060605,1600,5685.5601,5691.6899,5590.2202,5621.1899
1060606,1600,5563.1299,5590.8301,5477.75,5502.8101
1060607,1600,5510.29,5572.0898,5471.7598,5543.9302
1060608,1600,5478.71,5478.71,5383.2798,5383.2798
1060609,1600,5434.7998,5485.5698,5434.7998,5464.0801
1060612,1600,5458.3799,5470.23,5375.9902,5395.5498
1060613,1600,5337.6802,5337.6802,5262.21,5292.1401
1060614,1600,5298.6201,5332.0801,5243.71,5305.9902
1060615,1600,5330.48,5438.3301,5330.48,5422.2202
1060616,1600,5454.3398,5507.6001,5367.1401,5376.0098
1060619,1600,5388.8301,5483.8799,5388.8301,5439.23
1060620,1600,5408.25,5493.6099,5382.5801,5493.6099
1060621,1600,5499.0498,5510.1499,5414.6201,5503.4102
1060622,1600,5548.3799,5580.8198,5499.3599,5533.4199
1060623,1600,5536.4302,5559.8701,5499.5498,5529.7402
1060626,1600,5542.7402,5564.6401,5500.9399,5514.6299
1060627,1600,5537.77,5552.9502,5447.02,5459.1499
1060628,1600,5442.1699,5490.1899,5420.0801,5456.8701
1060629,1600,5480.3701,5592.5298,5479.96,5581.6699
1060630,1600,5617.71,5698.21,5617.71,5683.3101
1060703,1600,5688.0,5712.6899,5675.5,5712.6899
1060704,1600,5714.6001,5729.5898,5689.0098,5729.0098
1060705,1600,5700.29,5705.5801,5608.9502,5625.6299
1060706,1600,5635.27,5702.6499,5635.27,5695.4702
1060707,1600,5680.1699,5717.8999,5628.1899,5681.8501
1060710,1600,5678.1099,5711.04,5633.4702,5706.3198
1060711,1600,5678.5498,5684.3999,5593.7998,5616.04
1060712,1600,5641.0098,5700.0098,5620.4902,5637.8198
1060713,1600,5609.1299,5609.1299,5505.3599,5527.29
1060714,1600,5502.3501,5504.0698,5422.2202,5422.2202
1060717,1600,5437.0801,5451.25,5365.0601,5416.96
1060718,1600,5402.6802,5445.0698,5373.4399,5396.8501
1060719,1600,5415.0498,5543.3799,5401.4102,5539.29
1060720,1600,5559.6699,5587.2798,5535.0601,5545.8198
1060721,1600,5537.1602,5539.7202,5423.6299,5451.0098
1060724,1600,5460.1201,5582.0601,5460.1201,5578.0498
1060725,1600,5587.04,5601.6201,5542.3799,5565.7598
1060726,1600,5573.6201,5596.1899,5555.4502,5583.1001
1060727,1600,5615.0801,5667.5498,5597.3501,5659.0698
1060728,1600,5640.9199,5708.3301,5620.9102,5705.4199
1060731,1600,5704.5601,5708.3701,5672.77,5681.9702
1060801,1600,5678.0098,5693.4902,5583.96,5596.7402
1060802,1600,5622.7402,5684.4902,5620.79,5680.8198
1060803,1600,5688.29,5696.7002,5591.1899,5640.0298
1060804,1600,5656.3799,5741.7998,5654.3198,5723.0298
1060807,1600,5685.46,5687.7998,5614.2998,5626.6699
1060808,1600,5658.3599,5678.73,5630.0601,5651.9199
1060809,1600,5663.6899,5709.1001,5612.9502,5702.8101
1060810,1600,5662.73,5662.73,5557.5898,5630.96
1060811,1600,5648.8301,5673.2002,5602.2998,5628.3701
1060814,1600,5661.0698,5701.5898,5659.71,5692.0
1060815,1600,5677.3701,5793.0498,5664.8901,5776.7998
1060816,1600,5778.71,5826.4102,5764.7998,5812.9399
1060817,1600,5819.5098,5835.3501,5803.3398,5833.5098
1060818,1600,5828.3501,5849.3701,5804.2402,5817.02
1060821,1600,5804.6602,5817.0898,5771.9302,5794.8301
1060822,1600,5816.21,5831.8599,5755.8901,5818.4102
1060823,1600,5819.29,5819.29,5759.5498,5775.54
1060824,1600,5773.46,5847.1099,5744.1099,5814.0801
1060825,1600,5814.3398,5834.0698,5783.8901,5811.4702
1060828,1600,5808.3701,5862.3301,5767.8301,5854.9902
1060829,1600,5854.5,5880.48,5837.3799,5847.02
1060830,1600,5863.3101,5884.5098,5852.1899,5867.5298
1060831,1600,5880.5801,5886.7798,5841.0,5859.5698
1060901,1600,5861.25,5907.1602,5856.4902,5876.54
1060904,1600,5890.0098,5917.2402,5890.0098,5909.7202
1060905,1600,5904.4199,5907.4902,5857.3799,5884.0698
1060906,1600,5883.4399,5883.8901,5799.6899,5813.0601
1060907,1600,5792.6401,5792.6401,5753.6699,5773.7202
1060908,1600,5782.6299,5811.5898,5773.54,5795.2598
1060911,1600,5774.3101,5800.71,5737.2002,5798.46
1060912,1600,5803.7998,5878.8301,5775.0298,5873.8501
1060913,1600,5888.4702,5906.98,5874.4502,5906.1201
1060914,1600,5913.4702,5935.04,5888.7402,5907.3701
1060915,1600,5911.8901,5953.7202,5907.46,5937.8701
1060918,1600,5932.5098,5950.3599,5896.6499,5926.3301
1060919,1600,5918.9702,5930.1401,5869.5698,5873.46
1060920,1600,5877.0801,5962.1401,5872.3101,5954.3799
1060921,1600,5949.0601,5979.8701,5936.0,5962.0298
1060922,1600,5930.1099,5930.2998,5857.8901,5883.3198
1060925,1600,5898.8999,5935.02,5864.9902,5901.6602
1060926,1600,5936.4502,5977.9199,5926.5498,5960.6299
1060927,1600,5981.1899,6003.5098,5956.0298,5989.71
1060928,1600,5984.6201,6002.9399,5973.5,5989.1602
1060929,1600,5998.3999,6031.5498,5992.4199,6004.3301
1061002,1600,6019.3398,6031.8599,5964.7402,5999.46
1061003,1600,5986.7402,5992.2202,5944.5698,5992.2202
1061004,1600,5996.2402,6050.2798,5995.4102,6046.3701
1061005,1600,6065.46,6097.8701,6065.46,6075.2798
1061006,1600,6066.6899,6088.4399,6052.9902,6085.8198
1061009,1600,6064.8799,6084.5498,6054.6699,6084.3999
1061010,1600,6094.2002,6127.2798,6088.0498,6117.71
1061011,1600,6111.02,6128.2002,6080.1401,6119.4502
1061012,1600,6112.5098,6164.4102,6112.5098,6160.2798
1061013,1600,6169.8101,6188.6899,6152.3599,6173.6802
1061016,1600,6178.3599,6189.8198,6162.77,6186.54
1061017,1600,6170.02,6170.02,6106.1899,6115.1001
1061018,1600,6133.7798,6210.3501,6133.7798,6182.7798
1061019,1600,6168.0,6203.8999,6148.3101,6177.4199
1061020,1600,6189.7002,6218.5698,6176.8999,6202.8198
1061023,1600,6216.46,6248.7998,6185.5098,6242.9102
1061024,1600,6236.9502,6251.9502,6226.9302,6247.52
1061025,1600,6243.4702,6276.7402,6234.0601,6264.9199
1061026,1600,6279.3701,6304.7798,6270.2202,6284.1899
1061027,1600,6288.5601,6300.3701,6231.3301,6262.54
1061030,1600,6230.8599,6263.3501,6205.75,6258.1899
1061031,1600,6243.6299,6286.7002,6237.5498,6268.9199
1061101,1600,6262.71,6311.9302,6262.5898,6291.8999
1061102,1600,6272.9702,6295.6699,6201.0,6223.3301
1061103,1600,6233.1699,6279.46,6220.1099,6241.1499
1061106,1600,6249.9199,6331.1899,6249.9199,6330.6499
1061107,1600,6334.1899,6363.1499,6326.2402,6361.96
1061108,1600,6340.9102,6356.4102,6317.8701,6349.2598
1061109,1600,6360.9302,6366.6499,6333.5,6358.6802
1061110,1600,6349.7002,6366.46,6311.5298,6357.77
1061113,1600,6350.6499,6403.7202,6344.1001,6393.73
1061114,1600,6394.27,6411.2402,6365.4302,6387.3799
1061115,1600,6404.1602,6434.0,6404.1602,6430.8901
1061116,1600,6429.5,6452.1299,6415.4302,6443.02
1061117,1600,6438.1802,6451.6899,6398.52,6412.3599
1061120,1600,6394.0801,6459.5298,6368.0698,6452.3301
1061121,1600,6450.5601,6476.71,6447.5298,6460.3901
1061122,1600,6475.2998,6497.0601,6453.4902,6476.1299
1061123,1600,6483.5801,6494.7002,6461.5801,6475.25
1061124,1600,6464.8501,6469.25,6367.2002,6411.96
1061127,1600,6400.4902,6419.9702,6297.6099,6298.1699
1061128,1600,6289.71,6305.6499,6247.9902,6281.6802
1061129,1600,6300.4102,6365.8301,6297.3501,6363.7998
1061130,1600,6365.73,6402.71,6304.6201,6309.1899
1061201,1600,6322.1802,6360.6699,6195.8101,6241.1299
1061204,1600,6258.9102,6301.4302,6230.2998,6295.23
1061205,1600,6300.46,6381.3701,6286.9199,6372.7998
1061206,1600,6368.2998,6385.4399,6341.7202,6369.5098
1061207,1600,6357.8198,6440.5601,6356.3799,6413.0298
1061208,1600,6396.0898,6435.3799,6352.3501,6427.4102
1061211,1600,6449.7598,6476.3398,6447.9399,6469.4199
1061212,1600,6466.5801,6484.1001,6457.3701,6476.1699
1061213,1600,6479.04,6521.02,6470.8599,6520.77
1061214,1600,6530.8101,6559.3799,6523.4702,6552.5801
1061215,1600,6572.75,6605.1499,6556.73,6588.8301
1061218,1600,6588.25,6615.6802,6585.79,6597.25
1061219,1600,6572.9702,6577.3501,6524.5298,6553.5098
1061220,1600,6578.9702,6606.4702,6578.9702,6586.9102
1061221,1600,6573.3701,6595.4302,6563.5,6573.96
1061222,1600,6571.98,6577.0098,6493.9902,6503.1299
1061227,1600,6525.9902,6611.7002,6525.7598,6608.8599
1061228,1600,6615.8101,6629.3301,6600.8901,6611.8101
1061229,1600,6617.8501,6627.3599,6596.6001,6596.9199
1070102,1600,6614.73,6682.8101,6614.73,6681.1299
1070103,1600,6681.23,6704.04,6667.5801,6691.3198
1070104,1600,6662.2402,6684.1099,6634.7402,6674.3999
1070105,1600,6661.8999,6665.5098,6588.0298,6593.0898
1070108,1600,6603.5498,6628.3599,6579.8999,6607.5898
1070109,1600,6625.2798,6665.9102,6606.8701,6614.3701
1070110,1600,6578.7598,6592.9702,6531.25,6566.5601
1070111,1600,6590.7402,6695.7402,6571.5898,6687.2998
1070112,1600,6690.4302,6705.1699,6659.9502,6705.1699
1070115,1600,6719.5298,6746.2998,6719.5298,6731.7402
1070116,1600,6735.8301,6746.6299,6705.21,6716.8198
1070117,1600,6716.6699,6732.3101,6672.7598,6701.7002
1070118,1600,6721.0898,6737.98,6661.0498,6689.6201
1070119,1600,6678.8101,6754.5498,6651.6802,6747.1699
1070122,1600,6753.73,6766.5698,6682.4902,6687.3101
1070123,1600,6692.8301,6704.3599,6627.96,6678.9302
1070124,1600,6692.6499,6759.9502,6681.6602,6748.3701
1070125,1600,6743.4302,6771.4199,6703.8999,6719.5801
1070126,1600,6690.29,6731.3599,6659.4502,6690.3398
1070129,1600,6702.4502,6739.5,6683.3799,6726.0098
1070130,1600,6719.9702,6801.27,6711.0498,6788.23
1070131,1600,6772.8301,6805.0898,6758.8501,6789.1099
1070201,1600,6821.3101,6874.77,6820.5801,6851.2798
1070202,1600,6853.77,6904.8799,6848.1699,6885.7598
1070205,1600,6878.6699,6891.1299,6864.1899,6874.0601
1070206,1600,6881.8999,6906.6802,6862.1899,6875.7002
1070207,1600,6886.0098,6924.46,6885.0801,6915.5601
1070208,1600,6911.2402,6918.04,6849.8501,6876.73
1070209,1600,6890.6499,6928.98,6890.6401,6911.1099
1070212,1600,6892.0298,6892.0298,6844.3901,6859.4502
1070213,1600,6868.6802,6895.52,6866.0698,6895.3398
1070214,1600,6912.5601,6965.3901,6907.9102,6961.1802
1070215,1600,6958.1401,6972.4399,6942.25,6958.6201
1070216,1600,6955.71,6979.02,6941.0298,6957.0698
1070219,1600,6967.5298,6996.0098,6965.9102,6987.0801
1070220,1600,6978.52,6987.6699,6936.0801,6982.9102
1070221,1600,6999.1802,7005.3398,6922.3599,6941.6602
1070222,1600,6959.3701,7012.3398,6955.5698,6973.73
1070223,1600,6986.0698,6998.27,6964.5,6992.5801
1070226,1600,6992.1201,7040.2002,6980.25,7027.5898
1070227,1600,6988.3398,6988.3398,6814.5698,6819.6499
1070228,1600,6728.3999,6775.52,6640.9902,6715.4399
1070301,1600,6714.25,6756.25,6544.2798,6640.2402
1070302,1600,6663.6001,6703.04,6554.0498,6603.3198
1070305,1600,6510.9502,6563.4502,6437.25,6534.5698
1070306,1600,6558.8901,6607.9902,6545.6299,6595.0
1070307,1600,6605.8999,6633.8701,6584.4702,6617.75
1070308,1600,6643.8198,6713.54,6639.8901,6713.23
1070309,1600,6706.4502,6745.0601,6665.73,6716.52
1070312,1600,6727.5698,6752.1802,6674.9902,6715.4902
1070313,1600,6716.3501,6722.8301,6623.9902,6623.9902
1070314,1600,6567.2402,6567.2402,6444.7002,6447.7002
1070315,1600,6495.8501,6594.3301,6495.8398,6585.4702
1070316,1600,6564.79,6614.0601,6528.2998,6579.8701
1070319,1600,6622.7598,6677.3398,6614.1401,6671.4102
1070320,1600,6673.6802,6703.3999,6633.8101,6700.29
1070321,1600,6696.25,6729.6499,6688.3398,6712.0601
1070322,1600,6742.7798,6872.6299,6742.7798,6856.96
1070323,1600,6859.0,6902.6201,6828.2202,6899.0601
1070326,1600,6899.3301,6903.8198,6799.3701,6828.8198
1070327,1600,6838.3198,6885.3398,6838.3198,6858.3398
1070328,1600,6830.73,6843.3701,6788.3301,6816.8901
1070329,1600,6834.0898,6903.48,6834.0898,6897.0801
1070330,1600,6903.8799,6965.8398,6885.5801,6917.0298
1070402,1600,6911.1299,6945.3599,6891.7998,6937.1699
1070403,1600,6945.3599,7053.1201,6945.27,7045.5601
1070404,1600,7072.5098,7076.21,7038.4902,7073.9102
1070405,1600,7074.5898,7103.73,7068.0898,7099.9102
1070410,1600,7102.4702,7172.0801,7090.6899,7166.6699
1070411,1600,7168.1001,7201.9302,7139.3398,7152.8301
1070412,1600,7150.8301,7152.3799,7087.29,7142.9502
1070413,1600,7153.8901,7213.2002,7150.7002,7212.0698
1070416,1600,7229.0601,7340.25,7229.0601,7338.0601
1070417,1600,7327.5,7365.5098,7292.2998,7348.8301
1070418,1600,7341.25,7341.25,7243.4199,7282.3398
1070419,1600,7205.5298,7248.1802,7155.0498,7242.73
1070420,1600,7257.3398,7366.5898,7253.0298,7342.54
1070423,1600,7348.0098,7358.27,7302.4302,7335.6201
1070424,1600,7342.0801,7342.0801,7218.7202,7270.3198
1070425,1600,7291.77,7363.3701,7287.7998,7343.0801
1070426,1600,7368.54,7412.5298,7356.8398,7387.02
1070427,1600,7384.02,7395.3599,7333.6899,7378.1201
1070430,1600,7369.2402,7436.2998,7361.3599,7408.8701
1070502,1600,7429.9302,7462.7202,7422.8101,7455.9302
1070503,1600,7472.1401,7483.2202,7420.3501,7476.6899
1070504,1600,7476.6802,7526.5098,7460.02,7516.7598
1070507,1600,7523.9502,7538.5898,7508.1001,7525.6899
1070508,1600,7515.0098,7515.4702,7413.0098,7442.2002
1070509,1600,7471.9502,7489.8599,7427.25,7475.9902
1070510,1600,7477.4399,7494.1802,7400.4199,7415.3301
1070511,1600,7386.7998,7482.3599,7304.6099,7479.3398
1070514,1600,7505.0,7527.96,7446.1099,7459.6099
1070515,1600,7432.6602,7520.5298,7418.2598,7505.3501
1070516,1600,7483.4302,7523.0,7460.29,7481.25
1070517,1600,7502.1201,7528.6201,7483.6602,7499.5
1070518,1600,7498.5698,7613.6201,7490.5098,7607.54
1070521,1600,7614.04,7644.4399,7599.4902,7619.3101
1070522,1600,7623.6401,7676.8701,7608.7598,7659.3901
1070523,1600,7665.0498,7739.0601,7659.7998,7735.8799
1070524,1600,7716.1802,7774.3599,7669.0498,7697.3799
1070525,1600,7672.9502,7746.9199,7658.27,7739.2002
1070529,1600,7758.8599,7787.5498,7735.7998,7781.04
1070530,1600,7741.9502,7768.75,7675.8901,7764.9702
1070531,1600,7790.9302,7895.71,7790.9302,7883.04
1070601,1600,7891.2002,8001.6299,7889.7402,7987.8501
1070604,1600,7973.6802,8010.3901,7936.1802,7976.79
1070605,1600,7987.1099,7996.6099,7880.3501,7919.8301
1070606,1600,7916.71,7925.8398,7723.5498,7730.0498
1070607,1600,7750.3799,7786.9399,7590.1699,7618.6099
1070608,1600,7576.0098,7644.96,7499.4302,7590.5
1070611,1600,7623.3301,7706.1001,7623.3301,7706.1001
1070612,1600,7693.6001,7740.02,7629.46,7678.2598
1070613,1600,7652.5898,7701.0098,7595.6899,7680.7598
1070614,1600,7753.1802,7850.73,7752.04,7849.1602
1070615,1600,7861.2202,8032.9702,7860.3301,8030.6401
1070618,1600,8044.73,8095.7598,8013.5801,8036.1201
1070619,1600,8044.5898,8074.1099,8011.29,8033.52
1070620,1600,8066.1802,8131.73,8046.6401,8090.4902
1070621,1600,8050.6499,8060.6401,7905.1802,7964.71
1070622,1600,7977.2598,8013.6001,7925.1299,7949.6299
1070625,1600,7896.9102,7942.9399,7829.7798,7930.6099
1070626,1600,7882.3901,7904.5298,7817.3901,7860.52
1070627,1600,7820.3501,7822.3501,7750.6201,7801.23
1070628,1600,7847.4399,7923.5898,7847.4399,7921.3599
1070629,1600,7947.1602,8007.7402,7901.6001,8007.3198
1070702,1600,7969.27,7981.3599,7916.4702,7958.2402
1070703,1600,7985.2598,8066.8301,7985.2598,8050.6802
1070704,1600,8057.6802,8090.2202,8055.25,8075.2598
1070705,1600,8101.8901,8115.0601,7968.79,7987.1299
1070706,1600,7987.1201,8048.4399,7947.0698,8048.3198
1070709,1600,8077.1802,8119.7998,8058.77,8077.3901
1070710,1600,8081.73,8109.71,7934.8501,7964.7598
1070711,1600,7922.23,7922.23,7799.9302,7898.54
1070712,1600,7921.7598,8053.6201,7880.9199,8053.4302
1070713,1600,8089.5601,8151.5698,8065.1099,8092.77
1070716,1600,8101.5298,8130.7202,8074.9702,8105.6899
1070717,1600,8090.0098,8090.0098,7995.4399,8038.21
1070718,1600,7987.52,7990.3599,7879.1401,7893.6099
1070719,1600,7934.02,8010.75,7933.1899,7991.21
1070720,1600,7986.8501,8006.23,7864.1802,7874.8501
1070723,1600,7880.29,7944.21,7836.4199,7944.21
1070724,1600,7916.3599,7933.5801,7806.23,7806.79
1070725,1600,7747.9302,7790.2002,7659.6099,7692.5498
1070726,1600,7708.3198,7731.1699,7506.04,7508.96
1070727,1600,7437.1099,7535.3701,7372.8901,7451.6802
1070730,1600,7460.71,7503.1699,7386.6001,7456.3101
1070731,1600,7507.96,7632.8301,7501.5298,7584.1401
1070801,1600,7472.3599,7544.7002,7396.3599,7473.9302
1070802,1600,7518.9102,7568.2002,7502.7202,7534.1299
1070803,1600,7549.8198,7566.6401,7419.8398,7435.6699
1070806,1600,7390.8799,7471.75,7382.96,7444.4502
1070807,1600,7481.3501,7534.9302,7459.0898,7513.6602
1070808,1600,7538.9702,7614.2402,7531.71,7605.9399
1070809,1600,7578.1201,7581.79,7426.0498,7453.5898
1070810,1600,7373.9102,7386.4102,7293.52,7343.2598
1070813,1600,7380.1802,7476.7002,7380.1802,7474.3301
1070814,1600,7441.5,7492.7598,7383.3198,7425.0698
1070815,1600,7391.48,7470.9399,7343.25,7445.8999
1070816,1600,7360.2798,7360.2798,7240.7798,7270.0698
1070817,1600,7241.6201,7497.6499,7190.3599,7378.29
1070820,1600,7400.4502,7450.3901,7386.5498,7407.5298
1070821,1600,7427.52,7469.8599,7345.1299,7424.75
1070822,1600,7429.0098,7525.71,7424.1201,7500.48
1070823,1600,7560.9102,7591.52,7511.9102,7511.96
1070824,1600,7490.8198,7526.1401,7459.9502,7507.27
1070827,1600,7525.5898,7541.8701,7475.9502,7485.9902
1070828,1600,7476.9902,7477.27,7419.6802,7430.2402
1070829,1600,7383.0898,7451.9702,7353.8198,7439.1802
1070830,1600,7469.4502,7529.75,7416.6602,7519.9399
1070831,1600,7554.6001,7659.7202,7536.7798,7638.1699
1070903,1600,7643.6401,7677.6699,7630.8501,7648.5801
1070904,1600,7635.4102,7725.3398,7595.4502,7721.77
1070905,1600,7700.7598,7717.1602,7588.0298,7588.0298
1070906,1600,7618.3398,7644.4302,7510.77,7621.7202
1070907,1600,7612.9199,7629.8599,7420.8301,7436.6299
1070910,1600,7437.6899,7467.4502,7369.7002,7375.4399
1070911,1600,7409.25,7481.98,7409.25,7457.8999
1070912,1600,7458.6802,7477.9902,7420.6602,7472.9902
1070913,1600,7459.4302,7545.23,7430.6401,7535.9702
1070914,1600,7514.6201,7522.1201,7445.4102,7497.7402
1070917,1600,7497.0898,7530.8101,7433.23,7479.8501
1070918,1600,7460.04,7588.4199,7452.0,7575.21
1070919,1600,7629.1099,7771.02,7627.75,7750.8398
1070920,1600,7728.7798,7745.25,7696.9399,7735.0898
1070921,1600,7722.9702,7809.2402,7714.8101,7794.4302
1070924,1600,7777.2002,7797.6201,7762.0498,7787.9199
1070925,1600,7755.1699,7786.9302,7717.4399,7769.4399
1070926,1600,7797.3398,7815.4902,7788.4399,7804.1499
1070927,1600,7844.4199,7882.1802,7837.3398,7853.79
1070928,1600,7850.9399,7880.4199,7790.23,7861.5098
1071001,1600,7851.29,7922.4199,7831.3999,7922.4199
1071002,1600,7937.2202,7971.1299,7924.1401,7946.79
1071003,1600,7952.3799,7964.3999,7928.5601,7955.2998
1071004,1600,7940.6499,7966.8101,7911.8599,7944.9902
1071005,1600,7954.25,8014.1602,7946.3398,8002.1802
1071008,1600,8008.7598,8017.77,7968.25,7974.3701
1071009,1600,7974.8701,8012.8701,7955.04,7980.4399
1071010,1600,7985.98,8009.3398,7955.9302,7986.5698
1071011,1600,7985.6802,8063.8301,7981.5298,8033.6899
1071012,1600,7995.5898,8041.2598,7974.8701,8041.2598
1071015,1600,8039.7998,8039.7998,7951.2598,7969.4702
1071016,1600,7946.1201,7964.6001,7927.7798,7962.6401
1071017,1600,7944.5298,8017.04,7941.5098,7985.4102
1071018,1600,7997.73,8014.5601,7906.79,7921.3999
1071019,1600,7895.5298,7940.29,7870.73,7884.1201
1071022,1600,7819.2798,7819.2798,7763.6401,7794.9399
1071023,1600,7822.8901,7876.6201,7822.8901,7842.79
1071024,1600,7842.1299,7861.27,7807.9902,7828.96
1071025,1600,7862.6099,7970.5698,7861.3901,7932.4399
1071026,1600,7944.3398,7970.3599,7919.2002,7949.1699
1071029,1600,7989.3999,8016.4702,7986.71,8009.6699
1071030,1600,8004.5898,8004.5898,7966.2402,7977.9399
1071031,1600,7975.02,8027.4902,7960.48,8019.2202
1071101,1600,8024.4102,8038.4102,7853.7598,7880.8501
1071102,1600,7846.9102,7864.48,7792.3701,7849.4902
1071105,1600,7790.8901,7830.9199,7779.9702,7807.5498
1071106,1600,7823.2202,7859.9502,7821.7798,7827.1899
1071107,1600,7839.0601,7854.1602,7739.9199,7799.6201
1071108,1600,7771.5601,7844.3999,7701.8701,7819.4702
1071109,1600,7830.1201,7918.9199,7792.8198,7812.3999
1071112,1600,7780.4902,7810.6001,7766.0698,7806.8398
1071113,1600,7781.4199,7791.5,7752.2402,7777.5601
1071114,1600,7821.4199,7866.0098,7765.5098,7783.1099
1071115,1600,7781.8101,7803.8701,7635.6899,7667.0298
1071116,1600,7635.6499,7655.96,7564.6602,7612.2598
1071119,1600,7608.2002,7623.1001,7498.8999,7511.9702
1071120,1600,7550.3501,7634.46,7523.6699,7630.3101
1071121,1600,7569.8599,7569.8599,7474.5098,7518.4199
1071122,1600,7538.7998,7581.1299,7488.0898,7562.1001
1071123,1600,7565.0098,7620.29,7549.1499,7608.96
1071126,1600,7642.1001,7674.6602,7559.7002,7567.3599
1071127,1600,7537.5498,7546.4102,7444.6201,7531.3501
1071128,1600,7552.2598,7729.0,7536.54,7723.6602
1071129,1600,7755.2998,7780.48,7729.4399,7765.1899
1071130,1600,7772.4399,7894.4702,7771.77,7870.52
1071203,1600,7859.3901,7889.5898,7825.6602,7837.2598
1071204,1600,7841.8701,7849.9399,7785.1201,7808.9399
1071205,1600,7850.9399,7953.9399,7842.6201,7944.77
1071206,1600,7958.1802,7998.04,7911.48,7940.5801
1071207,1600,7963.25,8009.7598,7957.5498,7994.0698
1071210,1600,7972.7002,8057.6899,7955.1899,8033.3599
1071211,1600,8050.3701,8067.04,7983.4102,8009.4199
1071212,1600,7968.9302,8117.79,7928.1201,8076.1201
1071213,1600,8014.4702,8034.3198,7922.98,7928.3101
1071214,1600,7949.0,7987.29,7873.27,7948.3599
1071217,1600,7884.1699,7884.1899,7812.02,7825.4399
1071218,1600,7811.0801,7942.7598,7796.1001,7850.7402
1071219,1600,7865.3301,7876.5898,7777.3999,7837.3198
1071220,1600,7842.2598,7919.0498,7842.1699,7869.1899
1071221,1600,7913.3799,8015.4199,7913.3799,8002.6699
1071227,1600,8038.73,8073.9902,8024.77,8038.6001
1071228,1600,8010.8901,8068.9502,7991.8101,8067.3198
1080102,1600,8045.9702,8100.6401,7925.1099,7949.1099
1080103,1600,7941.52,7969.8999,7858.3901,7908.4102
1080104,1600,7913.5298,7914.7002,7780.27,7808.6899
1080107,1600,7810.8198,7858.6401,7781.6802,7817.1699
1080108,1600,7844.5,7923.4399,7831.5098,7849.9902
1080109,1600,7839.23,7841.6201,7770.4199,7782.71
1080110,1600,7799.1099,7830.9502,7700.8501,7713.0898
1080111,1600,7717.4502,7746.4702,7675.4502,7717.9502
1080114,1600,7692.54,7759.1699,7683.54,7732.02
1080115,1600,7714.6001,7724.2598,7563.8999,7566.3799
1080116,1600,7536.48,7555.5601,7450.3799,7471.5698
1080117,1600,7504.8501,7547.4702,7400.0801,7413.5298
1080118,1600,7417.5498,7501.04,7287.29,7314.1699
1080121,1600,7292.6802,7292.6802,6762.77,6790.1899
1080122,1600,6591.3901,6877.6201,6420.71,6769.4702
1080123,1600,6811.8101,6884.8701,6384.3999,6439.21
1080124,1600,6550.1099,6854.98,6550.1099,6821.0698
1080125,1600,6884.1602,7002.1899,6782.4102,6816.7402
1080128,1600,6749.29,6827.3701,6680.2998,6818.8501
1080129,1600,6834.6001,6929.8799,6823.6802,6892.96
1080130,1600,6886.9199,6920.77,6822.4399,6875.3501
1080131,1600,6856.8799,6887.75,6691.25,6851.75
1080201,1600,6896.1899,7037.1602,6896.1899,6968.6699
1080204,1600,7018.6401,7059.1899,6975.9302,7000.4902
1080205,1600,6998.7402,7000.0498,6744.1699,6765.25
1080206,1600,6726.54,6861.9399,6696.9399,6847.5098
1080207,1600,6829.0698,6839.1602,6655.6499,6733.7202
1080208,1600,6777.54,6851.7798,6706.1802,6767.2798
1080211,1600,6723.9702,6812.21,6690.77,6743.54
1080212,1600,6793.4702,6979.23,6746.2002,6967.8398
1080213,1600,6914.21,7007.0498,6869.9399,6973.6699
1080214,1600,7024.5698,7062.0801,6935.3101,6962.2798
1080215,1600,6966.75,7012.6299,6797.7598,6832.4302
1080218,1600,6865.5698,6997.77,6865.5698,6967.5498
1080219,1600,6947.6802,7079.7402,6890.9302,7002.29
1080220,1600,6933.02,6964.9302,6852.5801,6899.6802
1080221,1600,6928.3398,7017.8599,6881.29,6904.8501
1080222,1600,6889.4902,6889.4902,6762.77,6806.29
1080225,1600,6850.9199,6922.6099,6825.1201,6882.5601
1080226,1600,6906.4302,7007.4399,6906.4302,6985.9702
1080227,1600,7007.6899,7017.7002,6881.23,6997.8501
1080228,1600,6985.4199,6995.3901,6849.5898,6862.52
1080229,1600,6847.8999,6864.6899,6698.5498,6748.1299
1080303,1600,6692.98,6701.5298,6608.6099,6689.9502
1080304,1600,6692.73,6720.1602,6516.8301,6545.04
1080305,1600,6583.2998,6699.2998,6578.8198,6683.71
1080306,1600,6674.7402,6683.1602,6569.6001,6591.3101
1080307,1600,6550.5498,6562.3999,6450.8799,6513.9902
1080310,1600,6487.1099,6537.3901,6414.52,6448.0801
1080311,1600,6462.5298,6604.0,6431.7402,6524.5698
1080312,1600,6574.52,6666.5801,6569.3599,6599.3701
1080313,1600,6529.6201,6529.6201,6399.04,6500.5601
1080314,1600,6500.1699,6623.4199,6391.5601,6451.8999
1080317,1600,6360.9199,6362.02,6167.8198,6182.2998
1080318,1600,6237.6299,6417.9502,6237.6299,6393.3901
1080319,1600,6429.2402,6469.9902,6310.6001,6361.2202
1080320,1600,6331.0601,6376.2402,6270.98,6319.9902
1080325,1600,6443.4502,6540.48,6443.3599,6524.71
1080326,1600,6508.4302,6538.2798,6469.0,6489.2598
1080327,1600,6486.02,6610.1602,6478.8101,6578.0601
1080328,1600,6587.21,6616.4502,6535.0698,6559.8999
1080331,1600,6530.1099,6541.1201,6429.6201,6534.9702
1080401,1600,6519.02,6734.5,6496.9399,6720.3301
1080402,1600,6749.2402,6806.6602,6726.4302,6777.4399
1080403,1600,6788.3999,6802.6201,6695.8301,6741.7202
1080404,1600,6753.8701,6797.23,6691.2798,6763.3901
1080407,1600,6802.5498,6843.25,6795.0601,6821.0298
1080408,1600,6795.0498,6795.3398,6723.8398,6771.98
1080409,1600,6751.48,6785.0601,6705.0601,6721.3599
1080410,1600,6716.6899,6719.0698,6608.7798,6704.3198
1080411,1600,6739.1802,6768.1201,6570.7402,6603.5698
1080414,1600,6561.8999,6573.25,6516.5098,6554.4902
1080415,1600,6581.1201,6626.8799,6524.8999,6585.0498
1080416,1600,6624.6099,6710.8599,6600.6802,6702.8398
1080417,1600,6717.2798,6743.1401,6665.0098,6681.8101
1080418,1600,6703.02,6860.3799,6703.02,6843.0801
1080421,1600,6840.6802,6848.6499,6749.7202,6786.5498
1080422,1600,6762.4399,6818.6201,6702.98,6728.2998
1080423,1600,6739.6499,6813.6699,6656.8599,6795.0298
1080424,1600,6776.9302,6827.8999,6720.9102,6821.3198
1080425,1600,6855.6699,6945.25,6848.8999,6896.5801
1080428,1600,6914.3999,6966.4702,6906.9302,6925.3301
1080429,1600,6905.4199,6909.9902,6855.1099,6885.3398
1080430,1600,6888.21,6962.6001,6851.52,6948.8198
1080502,1600,6982.0601,7092.8198,6971.9302,7043.23
1080505,1600,7036.9902,7059.9199,7021.73,7052.0801
1080506,1600,7043.6499,7062.3701,6969.1602,7017.1001
1080507,1600,7040.8398,7107.5298,7037.0098,7076.25
1080508,1600,7037.6299,7073.4502,7013.0601,7071.8999
1080509,1600,7040.79,7040.79,6961.6299,7003.1699
1080512,1600,7021.29,7064.6001,7006.4199,7035.9502
1080513,1600,7062.6001,7080.8599,7002.3701,7060.1899
1080514,1600,7081.7202,7101.4902,7001.3301,7083.2402
1080515,1600,7072.1201,7088.6699,7037.0898,7081.0498
1080516,1600,7103.8398,7205.96,7103.8398,7156.5498
1080519,1600,7177.02,7231.8599,7165.4399,7225.9399
1080520,1600,7188.0698,7188.98,7108.25,7118.5
1080521,1600,7129.0698,7151.3799,7013.1299,7040.8301
1080522,1600,7016.21,7090.23,6980.54,7070.3301
1080523,1600,7057.52,7065.8999,6934.54,6944.0498
1080526,1600,6923.9399,6965.1899,6917.6099,6953.8398
1080527,1600,6966.0498,7006.2798,6905.8599,6958.6602
1080528,1600,6980.6899,7082.2598,6955.1401,7033.8398
1080529,1600,7055.7202,7085.1299,7004.7002,7055.0298
1080530,1600,7065.79,7124.6099,7063.7998,7096.79
1080602,1600,7098.7002,7102.0498,6995.4102,7008.77
1080603,1600,6986.9199,7023.1802,6962.3799,7019.1299
1080604,1600,6993.6899,6994.2002,6898.0098,6965.4302
1080605,1600,6964.71,7008.9302,6905.0098,6941.8301
1080606,1600,6966.0898,7002.8501,6796.2798,6803.8101
1080609,1600,6790.1802,6839.3198,6762.73,6815.6299
1080610,1600,6789.2798,6798.5801,6715.98,6771.1001
1080611,1600,6781.8799,6812.8799,6637.75,6650.2598
1080612,1600,6647.6001,6733.1201,6647.6001,6714.52
1080613,1600,6701.5,6777.8701,6649.6201,6765.3198
1080616,1600,6773.4302,6812.6602,6671.7998,6729.8799
1080617,1600,6743.5,6855.8398,6743.48,6796.1602
1080618,1600,6795.1802,6796.77,6705.75,6728.9102
1080619,1600,6704.2202,6765.1001,6662.46,6721.1699
1080620,1600,6730.52,6765.7998,6547.3999,6578.4399
1080623,1600,6586.8301,6628.7202,6572.5098,6589.46
1080624,1600,6588.0601,6617.1602,6444.2998,6536.0601
1080625,1600,6551.6602,6628.6201,6547.71,6617.8398
1080626,1600,6571.5498,6578.4502,6448.1201,6459.6001
1080627,1600,6449.04,6464.8999,6348.0298,6421.9102
1080630,1600,6423.3701,6446.54,6308.2402,6418.3198
1080701,1600,6394.0801,6405.4302,6260.3301,6315.9399
1080702,1600,6319.6001,6395.9702,6295.4502,6305.4199
1080703,1600,6262.98,6392.0801,6200.5601,6353.7402
1080704,1600,6360.7002,6374.8398,6255.1602,6272.21
1080707,1600,6312.3198,6416.2402,6286.6699,6395.75
1080708,1600,6314.1699,6332.0098,6226.7402,6304.4102
1080709,1600,6330.6899,6397.8198,6330.6899,6386.46
1080710,1600,6338.6299,6384.6401,6254.3101,6305.0
1080711,1600,6310.1699,6332.1099,6139.7402,6153.2998
1080714,1600,6184.6499,6254.1499,6184.54,6200.25
1080715,1600,6154.8901,6164.73,6006.5801,6081.7002
1080716,1600,6100.6201,6177.0298,5999.3198,6155.3701
1080717,1600,6177.0698,6318.3398,6177.0698,6271.27
1080718,1600,6261.48,6396.2998,6236.9399,6382.6499
1080721,1600,6381.4399,6484.29,6342.8198,6424.8398
1080722,1600,6395.0601,6449.8799,6322.0298,6442.79
1080723,1600,6486.0498,6562.2598,6485.0498,6536.0898
1080724,1600,6546.1699,6577.1001,6415.3101,6440.7002
1080725,1600,6411.71,6479.96,6331.27,6436.71
1080728,1600,6428.3599,6428.3599,6342.3198,6351.1499
1080729,1600,6302.8799,6425.4502,6264.7402,6398.7998
1080730,1600,6406.0298,6505.0498,6396.1401,6460.1201
1080731,1600,6467.8599,6540.4502,6428.4902,6479.5601
1080801,1600,6461.0098,6489.6899,6378.5498,6396.46
1080804,1600,6403.2998,6403.5298,6322.0098,6349.8101
1080805,1600,6356.3999,6532.0898,6342.9302,6518.7002
1080806,1600,6531.5498,6568.79,6496.1699,6561.3901
1080807,1600,6542.96,6620.77,6520.79,6543.4902
1080808,1600,6537.54,6586.1001,6442.8501,6561.6499
1080811,1600,6570.52,6612.8599,6555.2798,6609.6299
1080812,1600,6601.7002,6626.7002,6545.2402,6585.8701
1080813,1600,6562.9702,6566.6201,6417.3301,6422.1899
1080814,1600,6450.73,6481.2798,6369.5801,6442.21
1080815,1600,6460.2202,6513.9199,6394.3901,6446.02
1080818,1600,6436.1401,6485.9102,6374.9502,6432.8799
1080819,1600,6398.8301,6401.21,6268.73,6282.4302
1080820,1600,6297.8301,6336.79,6262.4902,6317.7998
1080821,1600,6290.3198,6293.48,6219.1001,6236.96
1080822,1600,6243.5298,6355.96,6229.1899,6342.4199
1080825,1600,6332.9399,6361.5498,6289.1099,6296.9502
1080826,1600,6287.8101,6370.5298,6238.0698,6340.52
1080827,1600,6336.3501,6346.5298,6252.1299,6321.0298
1080828,1600,6313.9102,6456.1802,6265.4302,6420.54
1080829,1600,6427.8599,6457.9302,6401.2202,6422.2998
1080901,1600,6400.8501,6448.98,6341.1001,6421.7998
1080902,1600,6416.8501,6553.8999,6379.0298,6518.4702
1080903,1600,6488.1201,6519.21,6439.9102,6467.4902
1080904,1600,6477.2002,6482.1602,6263.0801,6279.5698
1080905,1600,6247.6401,6253.3999,6095.5601,6127.4399
1080908,1600,6262.3398,6356.7998,6241.2598,6263.7402
1080909,1600,6258.2598,6327.1802,6199.1099,6233.4102
1080910,1600,6225.2998,6254.3999,6160.5498,6210.3198
1080911,1600,6192.6099,6202.1699,6086.2998,6178.8999
1080912,1600,6206.9702,6256.25,6159.5098,6234.8901
1080915,1600,6138.4199,6138.4199,5942.1401,6064.1602
1080916,1600,6017.4702,6024.0498,5858.5698,5965.1699
1080917,1600,5977.6802,6035.5098,5825.2402,5860.98
1080918,1600,5875.0498,5967.29,5812.77,5863.4199
1080919,1600,5986.9399,6220.29,5982.2998,6189.5298
1080922,1600,6188.5801,6235.1299,6106.1099,6107.75
1080923,1600,6091.8501,6123.48,6033.75,6068.5298
1080924,1600,6071.3198,6109.1001,6013.71,6052.8701
1080925,1600,6057.6099,6188.4302,6049.8501,6173.0298
1080926,1600,6118.1299,6118.1299,6001.0098,6063.5
1080929,1600,6010.1001,6015.5898,5802.5098,5807.0801
1080930,1600,5728.2998,5836.77,5658.2002,5831.02
1081001,1600,5865.0801,5866.3999,5746.8198,5806.3301
1081002,1600,5794.1001,5876.9302,5630.46,5660.6299
1081003,1600,5682.3301,5831.9702,5617.8101,5797.0298
1081006,1600,5606.0698,5606.0698,5292.8398,5387.0098
1081007,1600,5450.3799,5502.3301,5300.2998,5326.6299
1081008,1600,5237.1099,5319.1499,4870.2002,5013.6201
1081009,1600,5054.8999,5153.5298,4803.6201,4887.0
1081010,1600,4594.5298,4653.98,4308.0,4544.3101
1081013,1600,4642.02,5062.4502,4641.3799,5062.4502
1081014,1600,5135.1401,5383.79,5095.1201,5199.1899
1081015,1600,5187.3901,5192.1299,4790.6802,4861.6299
1081016,1600,4675.8999,4890.7798,4521.9102,4622.8101
1081017,1600,4757.98,4835.8999,4576.5801,4781.3301
1081020,1600,4891.7598,4941.1899,4754.27,4835.0098
1081021,1600,4882.7998,4909.6401,4736.2202,4784.4102
1081022,1600,4739.7402,4740.3101,4535.6401,4571.0698
1081023,1600,4559.71,4576.8701,4364.2002,4519.7002
1081024,1600,4362.79,4362.9302,4014.6001,4295.6699
1081027,1600,4143.4502,4486.1299,4062.77,4334.6401
1081028,1600,4314.9102,4823.4502,4314.9102,4823.4502
1081029,1600,4460.2598,4885.8501,4460.2598,4808.6899
1081030,1600,4894.1401,5042.4902,4827.27,4869.2998
1081031,1600,4856.02,5066.8101,4785.1099,4987.9702
1081103,1600,5053.9399,5089.54,4967.9399,5026.8398
1081104,1600,5018.8301,5302.5698,4993.1001,5278.04
1081105,1600,5268.7998,5271.9102,5142.8501,5166.8701
1081106,1600,5101.98,5101.98,4781.5098,4813.5698
1081107,1600,4827.5601,5018.4102,4751.2402,4938.46
1081110,1600,5024.4302,5135.1499,4998.04,5025.5298
1081111,1600,4984.3198,4984.3198,4742.48,4761.5801
1081112,1600,4801.8999,4875.6602,4555.4399,4620.7998
1081113,1600,4599.6401,4713.7798,4524.8901,4649.52
1081114,1600,4723.29,4874.1602,4695.79,4710.2402
1081117,1600,4700.5,4733.79,4512.21,4557.27
1081118,1600,4556.48,4607.54,4445.8799,4579.4702
1081119,1600,4586.3301,4586.6899,4337.9199,4354.0898
1081120,1600,4274.98,4313.1602,4113.4902,4220.2002
1081121,1600,4228.3101,4296.8599,4034.96,4127.4102
1081124,1600,4167.71,4579.0698,4154.5498,4554.3301
1081125,1600,4521.8501,4693.1001,4455.2998,4560.4199
1081126,1600,4528.5498,4612.2202,4423.6699,4560.5
1081127,1600,4596.3999,4682.9102,4589.1602,4665.27
1081128,1600,4666.4102,4703.6699,4566.8398,4669.4399
1081201,1600,4653.1201,4667.9102,4367.9199,4394.79
1081202,1600,4349.1299,4572.1802,4304.0298,4531.79
1081203,1600,4508.8799,4602.8799,4377.6299,4567.2402
1081204,1600,4559.98,4732.9302,4491.8599,4564.23
1081205,1600,4529.2002,4530.7002,4321.6401,4381.4702
1081208,1600,4548.8701,4775.71,4548.8701,4715.8799
1081209,1600,4673.52,4850.3901,4622.2402,4779.1099
1081210,1600,4810.48,4839.1401,4742.8999,4804.8799
1081211,1600,4791.5601,4822.21,4710.04,4767.2002
1081212,1600,4660.0498,4699.0601,4521.52,4663.3701
1081215,1600,4718.3901,4773.3198,4627.46,4654.8198
1081216,1600,4663.3599,4758.27,4655.8701,4729.9102
1081217,1600,4768.71,4784.4102,4639.1699,4708.3799
1081218,1600,4730.1001,4784.7202,4715.8198,4756.3999
1081219,1600,4720.8799,4785.3198,4647.1299,4696.7002
1081222,1600,4693.6602,4701.1099,4575.52,4639.02
1081223,1600,4633.4702,4718.6001,4622.9702,4629.3799
1081229,1600,4660.1699,4732.8501,4655.9102,4704.8599
1081230,1600,4754.2202,4810.4102,4754.2202,4810.2002
1090102,1600,4856.8501,4974.73,4838.4902,4973.0698
1090105,1600,5010.1802,5034.8501,4949.3599,4983.9902
1090106,1600,4992.6699,5111.02,4960.21,5026.3101
1090107,1600,5008.6201,5010.9702,4914.2202,4937.4702
1090108,1600,4897.1602,4917.6201,4820.0801,4879.9102
1090109,1600,4891.5801,4932.6602,4743.9702,4783.8901
1090112,1600,4765.3799,4791.96,4708.5,4719.6201
1090113,1600,4704.5098,4704.5098,4596.4902,4636.9399
1090114,1600,4661.8398,4670.8398,4379.8799,4422.3501
1090115,1600,4434.2202,4451.3198,4295.7598,4336.73
1090116,1600,4395.79,4474.8599,4357.8198,4366.2798
1090119,1600,4409.8799,4452.5698,4249.9102,4316.1401
1090120,1600,4297.4199,4382.1099,4222.7598,4239.8501
1090121,1600,4208.1899,4313.6899,4140.2598,4261.1499
1090122,1600,4313.3599,4368.4702,4197.02,4219.4199
1090123,1600,4204.0,4222.0098,4067.4299,4178.9399
1090126,1600,4165.71,4371.52,4145.1201,4326.8701
1090127,1600,4322.9902,4360.79,4264.9702,4323.4199
1090128,1600,4347.7798,4533.7002,4347.7798,4518.7202
1090129,1600,4495.7402,4501.4399,4393.98,4428.1099
1090130,1600,4420.3301,4454.3901,4312.1699,4338.3501
1090202,1600,4309.1699,4309.1899,4198.1499,4271.04
1090203,1600,4302.52,4385.4399,4224.5298,4374.96
1090204,1600,4388.2598,4545.52,4372.0098,4492.79
1090205,1600,4443.9502,4519.4399,4387.7798,4510.4902
1090206,1600,4524.7998,4657.0601,4506.4502,4644.6299
1090209,1600,4627.8301,4688.5898,4596.7402,4666.8198
1090210,1600,4636.6401,4649.23,4505.54,4505.54
1090211,1600,4491.7202,4539.2202,4466.0601,4530.0898
1090212,1600,4518.6802,4518.6802,4371.4702,4407.5601
1090213,1600,4458.7402,4508.7202,4397.6001,4413.3901
1090216,1600,4386.46,4421.7798,4359.29,4366.6401
1090217,1600,4329.3501,4329.7002,4195.2202,4216.6001
1090218,1600,4229.5298,4255.3901,4124.1099,4204.96
1090219,1600,4212.71,4275.0898,4189.1602,4215.21
1090220,1600,4164.5098,4167.0498,4014.6599,4014.6599
1090223,1600,4057.25,4111.52,3912.71,3936.45
1090224,1600,3922.02,3932.5901,3816.8799,3895.75
1090225,1600,3937.9299,3977.77,3790.79,3846.21
1090226,1600,3882.8799,3989.6299,3849.76,3942.6201
1090227,1600,3907.8501,3907.8501,3764.6899,3843.74
1090302,1600,3817.51,3821.97,3692.78,3710.0701
1090303,1600,3724.53,3755.8799,3667.8601,3690.72
1090304,1600,3724.74,3891.71,3721.9099,3890.9399
1090305,1600,3864.1799,3864.1799,3695.49,3695.49
1090306,1600,3699.3301,3769.1299,3638.0,3666.4099
1090309,1600,3677.0701,3706.3201,3588.8899,3692.03
1090310,1600,3716.29,3908.1399,3681.3301,3886.98
1090311,1600,3866.74,3994.77,3829.1299,3914.1001
1090312,1600,3890.23,3971.25,3802.2,3956.22
1090313,1600,3988.05,4053.8401,3936.8101,3953.6001
1090316,1600,3990.8301,4063.02,3983.3999,4044.54
1090317,1600,4040.8301,4046.4199,3947.28,3987.77
1090318,1600,4024.1799,4066.6899,3948.5901,3996.3201
1090319,1600,4013.6899,4137.7998,4002.3301,4043.46
1090320,1600,4006.47,4081.73,3995.0901,4068.74
1090323,1600,4109.2798,4184.77,4102.3398,4176.3701
1090324,1600,4201.4902,4239.7402,4150.9702,4187.3599
1090325,1600,4175.3301,4262.23,4139.5898,4223.29
1090326,1600,4226.9702,4262.96,4210.98,4259.3701
1090327,1600,4251.8599,4272.1201,4155.54,4203.5498
1090330,1600,4175.4102,4175.4502,3987.3899,3989.23
1090331,1600,4007.6599,4091.6599,4007.22,4084.76
1090401,1600,4074.79,4148.6602,3997.46,4131.0698
1090402,1600,4173.6201,4404.6201,4173.0898,4381.9199
1090403,1600,4353.46,4456.2998,4335.0898,4384.9902
1090406,1600,4421.71,4457.1899,4306.48,4349.8101
1090407,1600,4359.21,4379.3301,4276.29,4322.5
1090408,1600,4286.4702,4377.3501,4228.8901,4357.9199
1090409,1600,4397.0601,4510.7402,4377.98,4491.1201
1090414,1600,4489.02,4583.9102,4461.48,4557.0098
1090415,1600,4527.6602,4559.2798,4488.2598,4549.79
1090416,1600,4570.3398,4644.8398,4531.9399,4609.46
1090417,1600,4622.2798,4680.6299,4590.7202,4676.8398
1090420,1600,4655.8398,4667.6499,4470.8398,4486.2998
1090421,1600,4488.6299,4542.9199,4390.7002,4501.6299
1090422,1600,4508.7798,4594.8799,4456.5,4594.4199
1090423,1600,4565.4399,4609.1699,4524.48,4538.21
1090424,1600,4545.25,4674.73,4542.8901,4674.3198
1090427,1600,4625.4102,4712.9702,4571.54,4694.0698
1090428,1600,4659.8101,4661.2002,4547.8999,4607.4199
1090429,1600,4617.0098,4722.1099,4611.54,4704.5601
1090430,1600,4732.8999,4837.2202,4710.0898,4769.4502
1090504,1600,4790.0298,4908.8799,4781.9702,4902.4502
1090505,1600,4897.3999,4928.0298,4843.6001,4853.0298
1090506,1600,4848.9399,4945.54,4827.8799,4880.71
1090507,1600,4898.54,4980.2998,4792.1699,4804.1001
1090508,1600,4851.52,4965.8799,4846.8501,4913.8999
1090511,1600,4907.29,4917.73,4832.3701,4866.9102
1090512,1600,4836.9902,4926.6899,4821.5298,4854.1099
1090513,1600,4864.6699,4881.25,4714.1802,4727.6099
1090514,1600,4727.6802,4744.6201,4653.25,4738.4702
1090515,1600,4757.3198,4776.6401,4685.1802,4737.5
1090518,1600,4702.8101,4858.6499,4655.5298,4851.96
1090519,1600,4874.8398,5005.4502,4874.8398,4959.6201
1090520,1600,4954.3501,5060.7598,4949.8501,5038.9399
1090521,1600,4997.4902,4997.4902,4874.9702,4900.6699
1090522,1600,4904.6699,4964.6802,4868.5601,4918.75
1090525,1600,4936.04,4942.1401,4829.8999,4918.4502
1090526,1600,4891.29,4994.0498,4802.7998,4985.6001
1090527,1600,5002.3398,5035.5098,4962.7598,5000.77
1090528,1600,4958.6499,4986.96,4884.9199,4932.8799
1090529,1600,4964.9102,5009.6001,4927.6699,4940.8198
1090601,1600,4992.1001,5156.6201,4991.21,5142.5601
1090602,1600,5116.3799,5177.5898,5096.0,5144.0601
1090603,1600,5150.02,5158.3301,5036.54,5054.5298
1090604,1600,5059.7998,5121.0,5044.1699,5064.7998
1090605,1600,5092.6201,5165.27,5047.8301,5077.0298
1090608,1600,5060.7202,5060.7202,4969.96,5004.7202
1090609,1600,5018.4102,5064.3599,4982.1201,4997.8599
1090610,1600,5047.5298,5133.3999,5034.8101,5051.1802
1090611,1600,5039.9702,5120.8701,5038.0298,5107.2598
1090612,1600,5098.0098,5108.77,5044.3301,5069.2402
1090615,1600,5051.3501,5051.3501,4886.3999,4889.9399
1090616,1600,4899.8101,4933.79,4870.2002,4890.7202
1090617,1600,4883.0601,4886.6499,4761.2002,4799.98
1090618,1600,4810.3501,4858.6699,4768.9399,4837.48
1090619,1600,4844.8198,4878.8198,4816.1201,4839.46
1090622,1600,4837.2798,4846.0898,4693.3398,4693.3999
1090623,1600,4680.3398,4752.8599,4669.7998,4707.1499
1090624,1600,4728.7798,4840.3501,4698.1899,4836.0098
1090625,1600,4838.04,4838.04,4720.2402,4800.5601
1090626,1600,4818.1899,4866.7998,4753.9302,4776.4702
1090629,1600,4768.1099,4901.3599,4762.6099,4885.0898
1090630,1600,4897.46,4905.6401,4790.1699,4808.6401
1090701,1600,4820.6099,4930.3501,4818.9102,4905.4399
1090702,1600,4891.0,4891.0,4718.4902,4718.4902
1090703,1600,4738.0,4748.3198,4685.27,4708.21
1090706,1600,4669.6602,4686.8999,4611.21,4651.8198
1090707,1600,4663.3701,4703.2998,4590.6899,4598.1899
1090708,1600,4594.8701,4630.6201,4558.0,4572.6499
1090709,1600,4600.1699,4669.9199,4596.3198,4630.0698
1090710,1600,4613.1201,4644.5498,4570.0498,4576.3101
1090713,1600,4564.9399,4722.3398,4524.0098,4722.3398
1090714,1600,4734.2002,4802.98,4705.9102,4781.6899
1090715,1600,4799.25,4928.4502,4798.6899,4928.4399
1090716,1600,4920.77,4998.6802,4904.2402,4957.1899
1090717,1600,4980.0098,5017.6001,4960.6499,4978.3999
1090720,1600,5014.5,5063.6001,5007.9502,5030.1499
1090721,1600,5041.1899,5141.3599,5027.2998,5093.9702
1090722,1600,5098.8398,5137.5098,5050.3999,5121.5601
1090723,1600,5129.2202,5258.8398,5101.2598,5247.2798
1090724,1600,5233.8501,5301.9102,5202.02,5229.3599
1090727,1600,5277.7202,5309.6201,5216.4902,5251.5498
1090728,1600,5261.8999,5304.0498,5174.0898,5174.7402
1090729,1600,5168.8901,5307.8198,5159.25,5270.3198
1090730,1600,5293.5498,5396.9502,5251.5,5360.6602
1090731,1600,5349.1401,5383.02,5303.6899,5332.1401
1090803,1600,5330.8701,5463.3198,5309.3501,5426.8501
1090804,1600,5418.8301,5427.5698,5360.4399,5417.02
1090805,1600,5406.3799,5451.77,5333.52,5353.0098
1090806,1600,5389.5801,5422.02,5340.3599,5369.98
1090807,1600,5366.3799,5480.9302,5312.7798,5458.96
1090810,1600,5451.79,5452.2002,5390.7002,5418.1201
1090811,1600,5423.1602,5455.1802,5272.3599,5285.8101
1090812,1600,5283.4102,5367.6299,5252.1499,5350.0898
1090813,1600,5357.77,5455.27,5357.77,5401.1099
1090814,1600,5402.9902,5444.1299,5289.7798,5309.1099
1090817,1600,5296.3301,5296.3301,5173.8398,5201.6099
1090818,1600,5218.0898,5250.7402,5200.4702,5250.7402
1090819,1600,5210.4702,5253.71,5158.6001,5231.98
1090820,1600,5261.6602,5325.8599,5261.6602,5311.0601
1090821,1600,5296.0098,5478.1802,5286.23,5462.7402
1090824,1600,5482.6001,5531.7598,5481.3599,5519.75
1090825,1600,5482.9902,5575.5298,5472.6299,5557.0898
1090826,1600,5548.77,5572.4702,5500.1001,5521.9702
1090827,1600,5512.8999,5540.4302,5432.0601,5470.3301
1090828,1600,5512.1699,5573.8901,5502.46,5517.3501
1090831,1600,5474.6201,5495.5601,5437.9199,5464.6099
1090901,1600,5479.3501,5507.48,5327.29,5327.29
1090902,1600,5325.9399,5337.8398,5263.1099,5319.8398
1090903,1600,5332.5,5364.0298,5278.5,5301.4199
1090904,1600,5328.5898,5404.2998,5320.2798,5384.4302
1090907,1600,5400.7598,5477.1299,5400.7598,5463.5098
1090908,1600,5474.6899,5502.77,5455.3799,5481.73
1090909,1600,5463.9302,5578.1499,5450.3999,5574.2598
1090910,1600,5596.4502,5626.9702,5547.3701,5594.77
1090911,1600,5601.6499,5653.1499,5601.6499,5624.02
1090914,1600,5599.5801,5623.7402,5532.2998,5620.2402
1090915,1600,5637.21,5649.6602,5584.5298,5628.98
1090916,1600,5640.9902,5713.4902,5640.9399,5700.2598
1090917,1600,5722.3701,5748.2402,5703.2202,5731.1401
1090918,1600,5711.3398,5760.8301,5701.04,5703.8301
1090921,1600,5698.5298,5698.5298,5617.7998,5668.6499
1090922,1600,5686.8398,5752.7002,5686.8398,5709.3799
1090923,1600,5705.8799,5754.04,5672.0801,5702.0498
1090924,1600,5684.4902,5741.54,5586.23,5605.21
1090925,1600,5615.79,5620.1299,5559.4702,5581.4102
1090928,1600,5595.3599,5736.3101,5554.5298,5736.3101
1090929,1600,5736.79,5756.2598,5690.1899,5713.52
1090930,1600,5728.48,5744.5898,5619.48,5675.1602
1091001,1600,5681.8799,5726.9702,5554.25,5554.5498
1091002,1600,5532.6499,5536.6299,5442.3198,5467.8999
1091005,1600,5477.8101,5511.6401,5440.23,5508.8501
1091006,1600,5518.6899,5662.0098,5518.6899,5657.6401
1091007,1600,5650.25,5690.9199,5626.3799,5640.75
1091008,1600,5679.5098,5727.8701,5666.79,5716.54
1091009,1600,5701.4902,5748.3301,5673.6899,5711.8799
1091012,1600,5727.3101,5814.21,5727.3101,5783.23
1091013,1600,5777.8901,5786.9199,5695.1602,5714.3101
1091014,1600,5756.6899,5859.6299,5756.6499,5854.1401
1091015,1600,5853.4502,5869.2202,5805.8999,5830.77
1091016,1600,5845.6899,5885.7798,5731.0498,5743.3901
1091019,1600,5761.2998,5857.1299,5761.2998,5852.5601
1091020,1600,5856.1299,5888.21,5801.4399,5811.77
1091021,1600,5827.0898,5858.1899,5736.8501,5833.4902
1091022,1600,5805.5298,5805.9199,5712.8198,5762.9302
1091023,1600,5787.98,5848.6802,5731.6899,5740.25
1091026,1600,5764.0298,5799.4199,5624.1001,5642.1602
1091027,1600,5652.8701,5673.1899,5597.6299,5635.02
1091028,1600,5639.6401,5646.0098,5493.5898,5496.27
1091029,1600,5491.96,5590.2202,5461.5498,5587.4502
1091030,1600,5593.1499,5597.2998,5394.7998,5414.96
1091102,1600,5410.6099,5472.0298,5376.6299,5430.8198
1091103,1600,5412.0601,5412.0601,5312.6401,5353.3501
1091104,1600,5378.1602,5471.0,5364.9199,5444.23
1091105,1600,5404.8301,5512.0,5356.1299,5480.9199
1091106,1600,5464.5498,5526.8599,5410.54,5488.25
1091109,1600,5514.3398,5626.1499,5514.3398,5619.7202
1091110,1600,5627.1602,5650.8799,5602.5498,5613.2002
1091111,1600,5633.0898,5705.8901,5633.0898,5668.3501
1091112,1600,5657.8999,5726.3799,5632.77,5663.96
1091113,1600,5661.8198,5700.5098,5615.6802,5686.8301
1091116,1600,5717.46,5812.8398,5717.46,5804.8198
1091117,1600,5788.46,5802.3198,5760.5298,5778.4302
1091118,1600,5793.3901,5843.27,5770.6602,5787.6099
1091119,1600,5783.9102,5791.8301,5688.6401,5702.1802
1091120,1600,5724.9302,5744.5298,5638.3301,5663.1499
1091123,1600,5689.3799,5823.1802,5689.3799,5801.48
1091124,1600,5762.5698,5814.1802,5745.5698,5769.3101
1091125,1600,5794.6602,5825.8701,5753.8599,5803.02
1091126,1600,5785.0898,5785.1201,5596.98,5614.1699
1091127,1600,5580.52,5718.5298,5519.48,5685.6099
1091130,1600,5691.8398,5718.3398,5607.8198,5625.9502
1091201,1600,5653.8799,5776.6099,5653.0801,5776.6099
1091202,1600,5771.5,5813.23,5752.2598,5781.6802
1091203,1600,5805.1401,5852.8701,5754.98,5770.3501
1091204,1600,5752.8599,5859.3398,5724.27,5817.6499
1091207,1600,5812.1099,5812.6899,5743.1699,5784.75
1091208,1600,5764.2998,5809.7998,5659.3999,5688.5801
1091209,1600,5673.2002,5712.1899,5605.4302,5647.8398
1091210,1600,5646.6499,5741.7998,5636.96,5709.02
1091211,1600,5714.4302,5793.0698,5714.4302,5756.29
1091214,1600,5803.2002,5827.25,5778.8301,5802.2598
1091215,1600,5815.8301,5828.2402,5752.21,5811.3398
1091216,1600,5812.8799,5903.4302,5812.1899,5903.4302
1091217,1600,5884.1602,5891.3701,5833.8999,5844.4399
1091218,1600,5846.9702,5900.6201,5829.6401,5831.21
1091221,1600,5841.8101,5936.27,5841.6899,5930.5298
1091222,1600,5939.2002,5981.98,5929.6699,5945.6899
1091223,1600,5966.1099,5988.2798,5935.1401,5957.4399
1091228,1600,5977.9902,6011.2798,5977.9902,6002.9199
1091229,1600,6010.9199,6026.6899,6001.2202,6011.5498
1091230,1600,6002.29,6008.75,5949.4502,5957.4302
1100104,1600,5975.52,6048.2998,5974.4302,6048.2998
1100105,1600,6043.9399,6058.02,6015.6699,6031.8599
1100106,1600,6032.3901,6047.5698,5997.0898,6034.3301
1100107,1600,6016.7998,6037.5698,5961.25,6019.3599
1100108,1600,6028.6201,6053.04,5972.2402,6037.6099
1100111,1600,6057.9302,6094.2598,6031.1401,6040.5
1100112,1600,6039.3901,6055.5601,5924.7202,5943.0
1100113,1600,5937.1699,5974.4399,5925.2402,5963.1401
1100114,1600,5999.0801,6009.9102,5951.6899,5988.8799
1100115,1600,5996.5601,6025.3599,5866.8398,5875.9702
1100118,1600,5897.6299,5922.9302,5877.6499,5918.5498
1100119,1600,5905.3301,5988.7998,5849.6699,5976.48
1100120,1600,5963.71,5972.77,5832.0898,5851.5298
1100121,1600,5878.2402,5908.8501,5742.4502,5746.9702
1100122,1600,5735.6802,5740.8701,5639.4902,5695.3198
1100125,1600,5662.8501,5693.8599,5624.5801,5631.3701
1100126,1600,5593.9399,5675.96,5574.46,5668.9302
1100127,1600,5643.52,5673.73,5589.0098,5643.2002
1100128,1600,5687.1001,5718.8101,5540.3301,5540.3301
1100129,1600,5566.0298,5657.8701,5556.1899,5608.79
1100201,1600,5587.5,5674.21,5567.7202,5654.48
1100202,1600,5664.25,5723.2002,5624.6099,5709.6602
1100203,1600,5715.1602,5733.71,5656.8999,5672.0898
1100204,1600,5671.1699,5696.9399,5522.5698,5533.2402
1100205,1600,5515.6899,5527.0,5433.02,5434.3398
1100208,1600,5476.4702,5505.0601,5434.3999,5484.8501
1100209,1600,5485.3101,5537.9702,5461.5098,5498.2598
1100210,1600,5533.71,5592.27,5505.3701,5536.3701
1100211,1600,5562.8301,5580.77,5454.0698,5503.9302
1100212,1600,5550.4502,5565.4302,5460.0498,5500.3901
1100215,1600,5525.7402,5547.1401,5502.4902,5511.1001
1100216,1600,5573.0698,5592.1201,5498.0698,5592.1201
1100217,1600,5640.1699,5682.3599,5634.98,5648.3398
1100218,1600,5645.6299,5691.6001,5626.0801,5680.4102
1100219,1600,5627.2598,5729.5801,5626.5698,5722.0498
1100222,1600,5741.0,5743.8901,5683.6099,5688.4399
1100223,1600,5715.6299,5732.1401,5584.4702,5604.0698
1100224,1600,5622.3101,5639.71,5572.25,5615.5098
1100225,1600,5562.7002,5655.75,5518.27,5532.3301
1100226,1600,5588.9902,5605.1001,5530.1899,5598.46
1100301,1600,5652.8501,5717.7202,5641.1802,5713.5098
1100302,1600,5728.2798,5780.1401,5709.7402,5776.5601
1100303,1600,5759.2202,5828.7998,5750.2998,5817.8799
1100304,1600,5773.8599,5823.1099,5767.6499,5795.3198
1100305,1600,5816.1899,5880.25,5808.3599,5877.3599
1100308,1600,5891.7402,5894.1899,5865.4399,5875.9102
1100309,1600,5872.5698,5900.1602,5838.1699,5885.8901
1100310,1600,5882.7598,5951.9302,5874.75,5936.7202
1100311,1600,5913.1699,5954.5498,5906.8398,5928.6299
1100312,1600,5944.5698,5989.8799,5934.1499,5945.1099
1100315,1600,5933.6299,5953.1899,5898.2202,5903.5601
1100316,1600,5935.1899,5991.1099,5930.3398,5970.9902
1100317,1600,5999.3101,6035.9502,5991.21,6024.2798
1100318,1600,6005.29,6039.3901,5995.6802,6012.3101
1100319,1600,6031.73,6041.9502,5956.6499,5982.4302
1100322,1600,5960.8501,5987.5,5910.8501,5987.5
1100323,1600,5987.0898,6030.9399,5981.3501,6017.27
1100324,1600,6038.0,6044.6401,5964.7598,6039.0
1100325,1600,6043.8398,6139.5,6038.0498,6132.9502
1100326,1600,6125.8701,6135.9502,6105.6699,6120.0498
1100329,1600,6150.1699,6172.8501,6128.21,6156.8501
1100330,1600,6187.6401,6203.5,6135.5098,6142.4502
1100331,1600,6139.3999,6162.1802,6108.23,6153.5498
1100401,1600,6189.3799,6238.5698,6186.5898,6235.5601
1100406,1600,6250.0098,6265.3198,6214.1802,6252.21
1100407,1600,6248.3701,6256.3999,6208.52,6222.4102
1100408,1600,6199.9399,6207.1401,6138.02,6171.8301
1100409,1600,6226.2598,6254.4902,6216.6001,6249.7002
1100412,1600,6283.8101,6285.0298,6223.7798,6250.6899
1100413,1600,6236.2798,6251.46,6199.71,6230.8301
1100414,1600,6269.48,6305.1499,6249.9199,6278.3999
1100415,1600,6286.6299,6310.7598,6249.7402,6291.4502
1100416,1600,6264.6499,6305.3999,6162.8398,6180.8999
1100419,1600,6158.6001,6190.8599,6140.3799,6162.4399
1100420,1600,6193.5,6267.54,6172.5698,6264.23
1100421,1600,6280.54,6281.3799,6229.1802,6230.3799
1100422,1600,6229.23,6286.3599,6141.0698,6168.7202
1100423,1600,6192.6201,6287.54,6170.3901,6259.5298
1100426,1600,6317.1299,6341.52,6299.5801,6332.1001
1100427,1600,6332.3999,6333.0,6159.5098,6159.5098
1100428,1600,6141.0098,6159.02,6024.0098,6084.3398
1100429,1600,6110.5601,6159.4102,6073.3701,6144.9102
1100430,1600,6155.5698,6205.7202,6085.6201,6135.7002
1100503,1600,6122.7598,6190.0698,6089.9302,6166.9199
1100504,1600,6176.2402,6197.0,5995.4302,6006.8599
1100505,1600,6021.0601,6031.0898,5929.3501,5958.4502
1100506,1600,5919.9399,6009.48,5884.3901,5908.2598
1100507,1600,5790.6699,5905.3501,5655.1802,5715.0898
1100510,1600,5814.4102,6017.9102,5805.98,6017.9102
1100511,1600,5922.0298,6042.1099,5918.1401,6037.71
1100512,1600,6026.0601,6217.2402,6006.3101,6183.4902
1100513,1600,6240.6699,6276.7998,6196.8901,6251.9702
1100514,1600,6226.4902,6233.71,6014.7798,6056.71
1100517,1600,6029.9102,6151.54,6026.3198,6066.9199
1100518,1600,6144.0801,6181.2598,6113.8701,6155.9302
1100519,1600,6091.8501,6124.8101,5972.1699,5988.6699
1100520,1600,6023.1099,6043.8398,5780.73,5867.8799
1100521,1600,5835.2202,5872.6499,5689.1802,5829.25
1100524,1600,5858.4502,5872.0698,5733.5698,5805.6802
1100525,1600,5659.5898,5690.25,5607.6802,5670.04
1100526,1600,5735.46,5828.3701,5721.02,5758.02
1100527,1600,5802.6401,5952.21,5802.3599,5937.1401
1100528,1600,5962.8398,5980.7798,5927.3101,5946.1802
1100531,1600,5933.5801,5993.9399,5931.2002,5964.3301
1100601,1600,5943.9399,6012.04,5833.6099,5981.27
1100602,1600,5923.48,5992.21,5869.3501,5981.2002
1100603,1600,6075.6802,6101.8301,6046.3799,6054.6299
1100604,1600,6081.4702,6114.5801,5912.8999,5938.8799
1100607,1600,5876.48,5954.4702,5851.9302,5904.9502
1100608,1600,5916.8599,5922.9502,5798.7598,5868.5498
1100609,1600,5895.9399,5993.9302,5832.9702,5984.75
1100610,1600,5959.1099,6089.4302,5925.0601,6056.5898
1100611,1600,6082.8999,6084.7002,5983.27,6047.8301
1100614,1600,6113.46,6137.25,6093.3799,6125.0
1100615,1600,6089.3198,6194.25,6089.3198,6175.0498
1100616,1600,6203.0098,6207.2998,6143.1802,6190.9102
1100617,1600,6181.77,6241.3599,6164.9902,6223.54
1100618,1600,6223.8799,6256.5498,6189.71,6216.98
1100621,1600,6320.4102,6330.8101,6263.4102,6292.9702
1100622,1600,6254.8599,6295.5801,6216.3901,6269.04
1100623,1600,6219.2002,6271.8501,6178.8398,6204.52
1100624,1600,6232.3799,6235.48,6097.0098,6115.48
1100625,1600,6116.23,6149.8701,6039.5601,6070.6001
1100628,1600,6097.3701,6168.9902,6059.8301,6157.2202
1100629,1600,6061.6802,6068.8198,5935.3501,5952.0298
1100630,1600,5972.2598,6001.0298,5938.2002,5965.52
1100701,1600,5885.6099,5953.8398,5827.25,5857.4302
1100702,1600,5885.2202,5941.2202,5833.1201,5834.1499
1100705,1600,5853.75,5861.0498,5809.3701,5816.2002
1100706,1600,5847.4702,5995.6401,5842.0698,5940.98
1100707,1600,5896.1802,5997.8198,5848.6602,5992.8599
1100708,1600,6025.8599,6057.52,6006.6802,6035.6602
1100709,1600,6070.4702,6078.5601,6039.3101,6065.2402
1100712,1600,6079.9502,6119.7002,6061.8398,6077.1899
1100713,1600,6078.3398,6200.8198,6076.1401,6191.1299
1100714,1600,6215.23,6226.54,6161.1299,6209.7598
1100715,1600,6187.7798,6248.0698,6127.3599,6149.3599
1100716,1600,6165.5098,6205.4399,6018.6401,6040.27
1100719,1600,6034.8701,6083.1201,5993.5498,6009.1099
1100720,1600,6039.1602,6052.5098,5906.04,5967.4902
1100721,1600,6011.7202,6060.4902,5976.9199,5990.3799
1100722,1600,5971.0898,6148.1299,5961.8599,6142.1499
1100723,1600,6125.2598,6190.2402,6112.5,6166.3398
1100726,1600,6201.02,6201.1401,6131.9102,6194.21
1100727,1600,6211.1001,6253.6401,6189.96,6207.3101
1100728,1600,6238.71,6249.1602,6147.5698,6178.9399
1100729,1600,6202.7798,6243.4199,6124.4502,6134.7002
1100730,1600,6123.4102,6184.54,6059.1899,6147.9702
1100802,1600,6187.6401,6304.2598,6182.6802,6292.1299
1100803,1600,6279.9502,6310.3198,6265.6099,6307.9102
1100804,1600,6287.6499,6361.6699,6264.2798,6331.3301
1100805,1600,6332.8198,6382.5601,6321.3799,6333.5801
1100806,1600,6361.0898,6386.9702,6244.6899,6259.6299
1100809,1600,6326.6201,6356.4102,6318.1201,6351.6001
1100810,1600,6315.8701,6333.25,6247.6201,6286.25
1100811,1600,6234.6001,6236.5698,6143.5801,6154.0698
1100812,1600,6141.8999,6173.4199,6097.7202,6135.1699
1100813,1600,6163.1099,6168.71,6068.8198,6110.4102
1100816,1600,6132.7798,6156.5698,6062.29,6110.5698
1100817,1600,6125.3198,6215.3501,6123.79,6206.3999
1100818,1600,6183.1201,6216.5498,6155.5098,6186.3101
1100819,1600,6216.3301,6229.46,6070.8301,6075.1299
1100820,1600,6079.9102,6097.3501,5999.6299,6005.1602
1100823,1600,6017.1899,6055.23,5995.3701,6010.9102
1100824,1600,5962.8701,5975.8301,5869.2998,5935.4399
1100825,1600,5925.48,5954.96,5837.8999,5899.5
1100826,1600,5937.27,5948.9102,5896.52,5912.5801
1100827,1600,5899.9902,5957.3198,5845.4902,5951.1699
1100830,1600,5973.48,5978.1899,5889.8398,5912.4102
1100831,1600,5846.0298,5925.8101,5833.5098,5925.2202
1100901,1600,5936.9399,6087.9399,5876.4302,6083.8999
1100902,1600,6071.5601,6104.0898,6052.5498,6083.8501
1100903,1600,6091.6602,6178.0098,6088.2598,6134.6201
1100906,1600,6156.29,6164.9302,6140.98,6155.04
1100907,1600,6136.9199,6138.9302,6083.2002,6117.8901
1100908,1600,6099.3301,6180.3799,6062.6499,6164.4399
1100909,1600,6141.8398,6233.0698,6133.9902,6221.52
1100910,1600,6186.2202,6224.6499,6182.5601,6214.77
1100913,1600,6258.5098,6290.8701,6231.52,6261.6802
1100914,1600,6261.7798,6287.7798,6231.3799,6275.4102
1100915,1600,6282.52,6288.2002,6227.2002,6261.8701
1100916,1600,6255.1401,6281.1001,6233.9702,6249.6499
1100917,1600,6297.9302,6321.2002,6185.7402,6209.7598
1100920,1600,6231.2798,6301.6299,6219.8501,6294.5801
1100921,1600,6281.0698,6339.9702,6275.98,6275.98
1100922,1600,6286.3301,6297.3999,6192.4302,6208.3301
1100923,1600,6252.3101,6263.7402,6129.4399,6184.71
1100924,1600,6173.8901,6310.2798,6146.4199,6298.2998
1100927,1600,6307.8701,6324.0898,6272.1699,6278.8901
1100928,1600,6258.2002,6311.9199,6197.96,6276.0898
1100929,1600,6296.2798,6326.3398,6223.1401,6246.9199
1100930,1600,6214.02,6339.3599,6204.6899,6229.02
1101001,1600,6244.0601,6293.0898,6187.2202,6211.3398
1101004,1600,6205.0,6210.25,6128.54,6134.21
1101005,1600,6132.1201,6233.4502,6115.8701,6215.8301
1101006,1600,6248.8101,6289.5601,6242.52,6270.73
1101007,1600,6278.6099,6321.79,6233.1401,6276.25
1101008,1600,6269.48,6295.0898,6239.4302,6291.6699
1101011,1600,6308.4302,6325.3101,6289.3599,6309.5098
1101012,1600,6257.0298,6316.77,6228.3901,6304.5698
1101013,1600,6339.7598,6456.27,6335.2202,6434.52
1101014,1600,6446.3198,6485.71,6445.3198,6455.27
1101015,1600,6478.0,6512.7798,6438.7798,6492.2998
1101018,1600,6465.8301,6533.8301,6462.5898,6516.6299
1101019,1600,6508.3599,6544.79,6472.1802,6490.6899
1101020,1600,6470.2998,6527.8501,6461.48,6524.5498
1101021,1600,6514.9902,6621.8398,6504.6602,6611.0098
1101022,1600,6594.8999,6623.9399,6586.3999,6605.8398
1101025,1600,6645.4502,6668.54,6625.8301,6639.21
1101026,1600,6634.2402,6645.7002,6580.2798,6613.7998
1101027,1600,6591.2402,6629.1299,6553.25,6568.0
1101028,1600,6600.2798,6644.6099,6576.02,6595.2798
1101029,1600,6585.9702,6630.98,6569.25,6601.3701
1101101,1600,6637.0898,6670.8999,6586.0098,6604.8599
1101102,1600,6600.4102,6668.9302,6597.46,6654.3101
1101103,1600,6666.0698,6682.9102,6604.75,6617.7998
1101104,1600,6677.7798,6757.29,6676.4199,6734.6899
1101105,1600,6743.5601,6775.1699,6712.4702,6754.2002
1101108,1600,6746.4399,6759.4102,6728.3501,6750.5
1101109,1600,6742.0498,6810.8599,6736.6299,6787.8101
1101110,1600,6759.5898,6783.6899,6684.2202,6719.8398
1101111,1600,6747.7998,6750.3901,6700.4702,6723.4102
1101112,1600,6650.9199,6758.5898,6617.9702,6734.6099
1101115,1600,6705.1299,6812.96,6679.6899,6790.1699
1101116,1600,6751.1299,6772.0098,6663.1499,6663.2402
1101117,1600,6658.9902,6705.1899,6653.5698,6700.0698
1101118,1600,6765.7002,6835.54,6754.3999,6832.1099
1101119,1600,6841.3701,6854.0898,6794.4302,6843.5498
1101122,1600,6892.02,6901.9302,6805.9702,6822.0498
1101123,1600,6791.75,6827.8301,6705.0,6705.0
1101124,1600,6740.6099,6833.7002,6701.98,6823.7998
1101125,1600,6834.6802,6885.8101,6823.1899,6879.6602
1101126,1600,6842.3901,6871.71,6778.6001,6848.98
1101129,1600,6867.77,6907.6099,6697.9702,6697.9702
1101130,1600,6732.5898,6763.52,6655.9399,6688.4902
1101201,1600,6748.3599,6868.8101,6736.6899,6866.6299
1101202,1600,6895.77,6958.6899,6840.6499,6957.6099
1101203,1600,6947.3101,6977.9102,6914.5,6947.7202
1101206,1600,6970.2402,6971.9502,6926.5698,6954.3799
1101207,1600,6987.8799,7042.6699,6962.1001,7001.9102
1101208,1600,6976.1899,7013.5298,6956.6699,6975.8701
1101209,1600,7017.9902,7021.3101,6947.8999,6964.1602
1101210,1600,6987.6899,7018.1099,6973.3198,7006.1699
1101213,1600,7027.5801,7044.8701,7017.6001,7029.3901
1101214,1600,7024.79,7032.6499,7011.1401,7027.3999
1101215,1600,7007.4902,7029.7402,6964.1299,7016.3701
1101216,1600,7012.9902,7033.0298,6991.6899,7024.3999
1101217,1600,7042.8301,7043.1499,6980.1802,6982.4502
1101220,1600,7000.3799,7068.5601,6992.6699,7018.6001
1101221,1600,7045.25,7087.8398,7042.98,7077.9902
1101222,1600,7079.2202,7084.1001,7067.71,7067.9199
1101223,1600,7083.0801,7083.0801,7042.5801,7057.6899
1101227,1600,7055.3198,7056.3398,6943.0498,6970.73
1101228,1600,6984.8501,6990.8101,6957.6499,6972.1001
1101229,1600,6989.54,7008.3101,6981.79,6995.4702
1101230,1600,6996.5601,7008.1201,6897.2202,6914.1899
1110103,1600,6973.3901,7026.6201,6969.8301,6989.7402
1110104,1600,6979.6802,7025.8599,6952.02,6975.3501
1110105,1600,6966.0801,6967.2402,6842.8999,6939.8198
1110106,1600,6949.48,7047.5898,6949.0698,6981.3901
1110107,1600,6991.5498,7010.8901,6939.8799,6947.8398
1110110,1600,6920.3599,6941.3901,6835.7402,6857.0601
1110111,1600,6879.3901,6951.1899,6860.52,6941.5698
1110112,1600,6958.8398,7070.3999,6958.5,7068.7798
1110113,1600,7075.54,7084.0698,7036.0898,7075.1099
1110114,1600,7055.4199,7083.02,7015.3501,7075.7002
1110117,1600,7072.75,7087.4302,7055.8301,7078.0601
1110118,1600,7100.48,7156.25,7099.1201,7143.4502
1110119,1600,7163.3701,7165.0,7077.23,7082.7598
1110120,1600,7074.8901,7084.2402,7008.6201,7024.27
1110121,1600,7047.7002,7122.8901,7023.6899,7062.4199
1110124,1600,7080.7798,7089.6201,7000.4102,7067.77
1110125,1600,7096.8398,7102.0801,7043.6401,7059.0098
1110126,1600,7092.8901,7160.8599,7087.25,7127.3501
1110127,1600,7120.6401,7180.1499,7114.3501,7155.5801
1110128,1600,7155.4702,7177.23,7102.7998,7102.7998
1110131,1600,7094.5601,7107.3701,7033.0898,7077.48
1110201,1600,7133.3398,7190.75,7105.3101,7184.27
1110202,1600,7202.6201,7222.1299,7160.3599,7183.6699
1110203,1600,7175.75,7198.98,7144.0801,7193.6802
1110204,1600,7216.6602,7226.6401,7186.2402,7216.21
1110207,1600,7222.0498,7287.6602,7214.0498,7283.6201
1110208,1600,7274.1699,7325.0298,7272.7998,7323.2402
1110209,1600,7319.1201,7350.7798,7310.4399,7320.8999
1110210,1600,7322.6201,7340.8701,7269.5298,7340.2798
1110211,1600,7320.0698,7390.48,7283.8701,7371.2002
1110214,1600,7403.8301,7424.3599,7378.4102,7396.6299
1110215,1600,7397.6802,7420.6899,7376.2402,7400.04
1110216,1600,7414.23,7438.4199,7399.8198,7414.2998
1110217,1600,7429.0,7434.9302,7364.04,7405.5098
1110218,1600,7422.1099,7427.2998,7379.9399,7426.8101
1110221,1600,7412.0601,7441.8198,7310.6899,7321.8101
1110222,1600,7293.1099,7350.9502,7259.6699,7318.3501
1110223,1600,7295.1201,7310.73,7183.2998,7194.6001
1110224,1600,7134.7002,7156.0498,7093.9102,7130.5
1110225,1600,7139.8799,7194.02,7130.1499,7185.1699
1110228,1600,7173.5898,7305.4902,7148.9399,7272.3198
1110301,1600,7309.7998,7356.3301,7193.7798,7223.2998
1110302,1600,7169.04,7202.5801,7122.6899,7181.1201
1110303,1600,7225.23,7294.04,7191.1401,7225.96
1110304,1600,7262.54,7311.25,7157.1201,7178.8999
1110307,1600,7137.8101,7270.8101,7127.3101,7161.9302
1110308,1600,7211.0601,7222.1602,7072.4702,7164.75
1110309,1600,7177.5498,7217.54,7109.2598,7131.7998
1110310,1600,7078.6899,7109.71,7021.9502,7063.0898
1110311,1600,7002.2598,7014.02,6963.3101,6981.4902
1110314,1600,6896.3101,6946.4399,6847.9399,6866.6299
1110315,1600,6668.9902,6714.8301,6483.3901,6647.6602
1110316,1600,6696.3101,6733.0298,6501.8501,6513.8398
1110317,1600,6557.8501,6692.8301,6517.1802,6656.8799
1110318,1600,6715.1699,6761.3101,6655.6899,6664.3999
1110321,1600,6782.2998,6829.75,6781.2998,6816.1201
1110322,1600,6823.0801,6826.0298,6765.0601,6780.9702
1110323,1600,6749.1802,6807.3799,6720.02,6804.4502
1110324,1600,6798.0801,6941.7202,6787.04,6933.5801
1110325,1600,6971.77,6985.25,6920.5698,6946.3599
1110328,1600,6931.8599,6981.1899,6915.5801,6938.6299
1110329,1600,6952.5098,6960.1602,6867.4199,6934.4399
1110330,1600,7010.77,7065.27,7002.77,7057.1499
1110331,1600,7068.29,7079.7598,7041.3101,7041.3101
1110401,1600,7086.5601,7192.3799,7086.5601,7179.8101
1110404,1600,7178.5898,7200.2598,7168.2402,7175.3301
1110405,1600,7174.6899,7186.3501,7129.4102,7175.3101
1110406,1600,7197.3701,7242.6899,7157.6802,7215.1099
1110407,1600,7212.46,7241.0898,7175.3501,7178.7798
1110408,1600,7226.79,7232.8701,7195.4399,7217.02
1110411,1600,7215.3398,7224.7402,7157.3301,7204.8599
1110412,1600,7131.4399,7177.7402,7089.1699,7102.9102
1110413,1600,7135.21,7201.1201,7122.5098,7177.9702
1110414,1600,7160.9902,7184.9302,7099.6602,7146.5601
1110415,1600,7166.98,7193.3799,7144.96,7178.29
1110418,1600,7165.9902,7174.75,6994.5601,7026.8501
1110419,1600,7050.8501,7078.79,7027.04,7039.3101
1110420,1600,7137.1001,7261.2598,7136.7402,7249.1899
1110421,1600,7294.5801,7316.5298,7280.1001,7295.4902
1110426,1600,7288.77,7359.9702,7278.52,7356.5098
1110427,1600,7374.1099,7428.7202,7361.2402,7404.9502
1110428,1600,7450.5698,7480.3301,7426.6201,7475.2202
1110429,1600,7475.0,7514.6899,7461.5298,7514.46
1110502,1600,7570.8599,7600.4102,7527.6401,7527.6401
1110503,1600,7518.6001,7523.6802,7446.8301,7500.7002
1110504,1600,7475.1802,7534.2598,7355.3999,7373.9302
1110505,1600,7416.3799,7423.96,7291.3901,7376.96
1110506,1600,7391.04,7501.6299,7362.5498,7492.25
1110509,1600,7461.3501,7489.0898,7379.9702,7410.52
1110510,1600,7446.4399,7533.8599,7423.3301,7501.52
1110511,1600,7526.5601,7566.4102,7469.6299,7495.0498
1110512,1600,7438.02,7443.9502,7356.7598,7443.9502
1110513,1600,7486.2002,7511.0898,7391.1401,7403.3101
1110516,1600,7348.1201,7402.52,7284.96,7387.54
1110517,1600,7346.8101,7368.98,7253.8901,7256.6499
1110518,1600,7325.8501,7340.54,7261.29,7303.5298
1110519,1600,7360.4702,7415.6499,7316.7402,7358.23
1110520,1600,7372.1802,7410.3101,7228.1299,7266.8198
1110523,1600,7158.0801,7166.1499,7105.2002,7121.52
1110524,1600,7129.9399,7202.21,7128.04,7150.6602
1110525,1600,7079.25,7183.7998,7071.4199,7170.9399
1110526,1600,7202.7202,7217.2402,7087.3198,7114.0898
1110527,1600,7205.1299,7208.48,7115.48,7163.4702
1110530,1600,7165.0,7204.1602,7146.98,7160.2998
1110531,1600,7240.1201,7319.6899,7238.77,7293.6899
1110601,1600,7310.5601,7314.6602,7193.8901,7217.4302
1110602,1600,7155.8599,7157.5898,7074.1201,7074.1201
1110603,1600,7101.48,7120.1201,7021.3599,7109.0298
1110606,1600,7095.3999,7124.3101,7062.73,7084.5698
1110607,1600,7094.1401,7147.6299,7086.8999,7103.25
1110608,1600,7076.3101,7089.1499,6991.6201,7060.23
1110609,1600,7061.8701,7183.7798,7035.8599,7159.6602
1110610,1600,7152.5498,7182.8301,7050.8398,7069.8999
1110613,1600,7075.9102,7123.8799,7040.4199,7085.1401
1110614,1600,7165.1401,7231.4902,7161.21,7204.79
1110615,1600,7178.0498,7202.1699,7093.23,7115.0801
1110616,1600,7062.1802,7111.6401,7017.98,7110.2002
1110617,1600,7084.27,7224.1099,7037.2402,7164.0498
1110620,1600,7078.5898,7158.2402,7063.8599,7150.21
1110621,1600,7202.8799,7285.5098,7176.7402,7285.5098
1110622,1600,7285.9302,7310.1001,7262.3701,7278.1899
1110623,1600,7225.2002,7237.2002,7118.52,7149.4399
1110624,1600,7231.73,7273.3198,7099.2202,7121.3799
1110627,1600,7101.1499,7144.4399,7079.1099,7107.8999
1110628,1600,7138.5,7187.0801,7075.1899,7170.4302
1110629,1600,7230.9502,7320.2998,7230.9502,7294.1401
1110630,1600,7310.3398,7378.3501,7285.4399,7376.2402
1110701,1600,7374.4902,7443.2002,7357.0298,7419.4399
1110704,1600,7427.1401,7450.3799,7416.73,7442.96
1110705,1600,7433.1299,7474.9302,7424.73,7439.4399
1110706,1600,7443.9302,7450.71,7396.7402,7431.1899
1110707,1600,7467.8198,7516.1499,7442.98,7471.4399
1110708,1600,7502.8301,7523.5298,7389.7998,7402.73
1110711,1600,7352.73,7358.5,7188.96,7230.25
1110712,1600,7112.1899,7190.4702,6996.2598,7174.1401
1110713,1600,7171.4702,7280.1602,7163.0898,7267.8701
1110714,1600,7204.9399,7267.2798,7197.4902,7214.7402
1110715,1600,7188.7002,7254.1001,7139.6802,7220.1201
1110718,1600,7162.8198,7171.5498,7089.0898,7107.9199
1110719,1600,7148.48,7236.4399,7139.7598,7192.6699
1110720,1600,7250.1802,7263.1802,7166.3701,7221.3599
1110721,1600,7264.98,7326.6099,7142.4302,7290.1401
1110722,1600,7308.48,7357.25,7266.79,7326.3901
1110725,1600,7273.6001,7366.7798,7258.52,7344.54
1110726,1600,7369.8901,7382.7998,7302.5,7349.4502
1110727,1600,7315.75,7344.1699,7216.5801,7252.6802
1110728,1600,7163.9502,7203.0098,7110.1299,7190.0601
1110729,1600,7108.27,7190.9102,7063.8198,7158.77
1110801,1600,7254.5,7282.0098,6953.98,6953.98
1110802,1600,6909.4302,6938.3398,6772.3799,6796.75
1110803,1600,6717.8398,6783.0698,6543.6001,6640.5898
1110804,1600,6714.79,6730.4302,6391.54,6414.7598
1110805,1600,6338.77,6436.6602,6152.6201,6236.1602
1110808,1600,6170.6899,6272.9399,5911.0898,5923.27
1110809,1600,5896.1401,6026.27,5502.6299,5917.0801
1110810,1600,6040.6802,6089.0801,5549.02,5613.4199
1110811,1600,5771.21,5825.0801,5487.8198,5797.6602
1110812,1600,5775.96,6023.75,5678.6201,5997.7402
1110815,1600,6075.5898,6106.1099,6008.0098,6022.2402
1110816,1600,5957.9399,5998.3101,5849.52,5994.8999
1110817,1600,5910.5,6018.3701,5870.1699,5948.9399
1110818,1600,5854.3599,5892.5698,5535.6099,5602.7998
1110819,1600,5581.5098,5595.1499,5345.3599,5480.0
1110822,1600,5412.75,5591.3501,5408.71,5473.7798
1110823,1600,5529.2598,5636.0601,5452.1499,5532.3799
1110824,1600,5579.7998,5743.1001,5514.1499,5681.0801
1110825,1600,5739.8599,5777.04,5451.52,5584.1401
1110826,1600,5582.5,5588.6899,5403.5801,5537.48
1110829,1600,5634.0601,5714.7202,5587.7798,5670.0698
1110830,1600,5713.5298,5730.3599,5572.6499,5643.9199
1110831,1600,5686.2598,5869.6499,5648.9702,5784.8501
1110901,1600,5793.1001,5794.5,5639.0298,5730.6299
1110902,1600,5623.7002,5635.5,5493.3101,5538.3301
1110905,1600,5409.8701,5421.1099,5208.3701,5246.1802
1110906,1600,5248.3101,5332.1099,5150.0498,5193.9702
1110907,1600,5332.52,5406.23,5276.8799,5405.5298
1110908,1600,5410.0801,5473.6802,5313.7798,5408.46
1110909,1600,5383.6299,5400.79,5174.2402,5189.9302
1110912,1600,5063.5898,5126.52,4965.7998,5072.3301
1110913,1600,5153.9502,5222.8101,4969.8398,5166.3599
1110914,1600,5108.1001,5347.8198,5105.8198,5340.1899
1110915,1600,5386.8599,5566.5801,5374.5698,5508.2402
1110916,1600,5607.5098,5655.9502,5524.2202,5573.5098
1110919,1600,5447.3198,5496.9399,5362.0098,5415.9102
1110920,1600,5373.5298,5577.6001,5369.0698,5571.6802
1110921,1600,5557.0698,5557.9199,5417.8501,5433.7998
1110922,1600,5258.4199,5289.77,5135.8501,5164.21
1110923,1600,5227.0898,5229.6001,4973.9199,5196.5601
1110926,1600,5128.5601,5415.5601,5118.1899,5345.5601
1110927,1600,5502.8901,5638.04,5483.23,5628.4399
1110928,1600,5560.6001,5700.0801,5520.5898,5578.4199
1110929,1600,5555.0698,5704.4102,5533.3301,5639.5801
1110930,1600,5602.5498,5606.5601,5438.5498,5502.02
1111004,1600,5284.1099,5288.7798,5125.4399,5216.71
1111005,1600,5341.4302,5486.0298,5266.1401,5473.0298
1111006,1600,5511.5601,5645.25,5465.5498,5645.25
1111007,1600,5647.6602,5749.1299,5606.3198,5675.7002
1111010,1600,5705.3999,5872.1499,5652.9902,5847.29
1111011,1600,5825.9102,5883.3799,5773.8799,5865.0098
1111012,1600,5851.1001,6022.0498,5798.1602,5994.4702
1111013,1600,5969.9102,6036.02,5878.29,5914.8398
1111014,1600,5934.7798,6037.29,5885.3901,5967.2002
1111017,1600,6021.29,6081.4102,5819.9702,5859.4302
1111018,1600,5781.77,5907.46,5747.6499,5877.4102
1111019,1600,5909.5801,5977.75,5874.8501,5913.5298
1111020,1600,5834.4199,5914.8701,5752.8301,5766.48
1111021,1600,5800.0601,5980.46,5769.1899,5970.96
1111024,1600,6014.3599,6067.1602,5937.5801,6055.27
1111025,1600,6026.4502,6157.9302,5964.2798,6046.75
1111026,1600,6041.1602,6143.5601,5951.8198,6016.0698
1111027,1600,6222.75,6347.6001,6196.6001,6337.8398
1111028,1600,6364.1802,6430.6001,6305.5,6346.1899
1111031,1600,6283.1899,6304.8398,6141.3398,6141.3398
1111101,1600,5934.54,5947.5801,5762.2598,5834.5098
1111102,1600,5897.1401,5990.5601,5810.79,5965.6299
1111103,1600,5835.3599,6193.3398,5832.0298,6133.1802
1111104,1600,6175.4302,6175.4302,5928.9199,5966.1602
1111107,1600,5905.9302,6028.5898,5835.0898,5928.6802
1111108,1600,5950.4399,6087.0601,5934.23,5961.4399
1111109,1600,6045.8701,6055.5801,5767.2598,5829.54
1111110,1600,5732.3198,5934.3101,5721.9702,5867.8101
1111111,1600,5881.4902,6065.29,5855.1201,6057.0298
1111114,1600,6097.27,6116.0698,5934.0898,5985.02
1111115,1600,5920.4302,6011.4702,5815.8501,5933.1401
1111116,1600,5873.29,6028.23,5852.04,5913.3599
1111117,1600,5875.8599,5921.25,5778.1001,5850.1699
1111118,1600,5800.79,5897.9902,5769.6899,5800.2402
1111121,1600,5767.0898,5771.7002,5598.0498,5606.0
1111122,1600,5648.5,5681.7402,5537.3901,5537.3901
1111123,1600,5485.6699,5588.1099,5457.77,5457.77
1111124,1600,5512.7598,5563.8198,5399.8501,5428.1099
1111125,1600,5433.2998,5528.6401,5366.5,5492.8701
1111128,1600,5577.1899,5754.5098,5573.0,5745.3301
1111129,1600,5725.6802,5826.3501,5690.5698,5799.9102
1111130,1600,5741.21,6130.6802,5725.98,6088.8398
1111201,1600,6080.48,6111.9702,6017.3799,6035.8799
1111202,1600,6117.73,6169.6401,6055.48,6080.6802
1111205,1600,6137.8701,6170.04,6086.4199,6106.0898
1111206,1600,6021.73,6094.77,6005.8198,6028.8198
1111207,1600,6116.2598,6137.0498,5919.5601,5994.73
1111208,1600,6054.5601,6077.1699,5868.6299,5874.4399
1111209,1600,5806.4902,6007.0498,5802.3599,5986.71
1111212,1600,5945.1899,5952.5498,5785.4302,5785.4302
1111213,1600,5801.3901,5852.4302,5734.1201,5774.2598
1111214,1600,5738.98,5771.6001,5675.1401,5675.1401
1111215,1600,5713.48,5795.8701,5682.1602,5730.6201
1111216,1600,5764.4502,5775.0,5693.4102,5701.7798
1111219,1600,5651.7402,5775.2402,5644.1899,5670.71
1111220,1600,5652.6099,5847.71,5637.5298,5847.0298
1111221,1600,5918.7202,5965.3501,5771.6201,5791.5298
1111222,1600,5830.1299,5886.1802,5820.4399,5852.1802
1111223,1600,5905.1802,5913.4102,5844.6401,5878.9302
1111227,1600,5900.7002,5924.3799,5877.98,5889.7598
1111228,1600,5875.8701,5901.3501,5771.27,5771.27
1111229,1600,5804.1299,5848.7798,5775.79,5848.7798
1111230,1600,5867.0298,5898.3501,5817.71,5898.3501
1120102,1600,5900.1802,6075.52,5900.1802,6075.52
1120103,1600,6124.1099,6179.0298,6108.6201,6166.5698
1120104,1600,6141.2598,6163.48,6088.0601,6111.5498
1120105,1600,6121.3398,6130.1001,6040.9399,6095.9902
1120106,1600,6114.6401,6152.5601,6012.6401,6057.9199
1120109,1600,6061.2598,6076.5898,5987.75,6017.23
1120110,1600,6090.8701,6191.29,6069.3599,6162.98
1120111,1600,6148.4502,6181.6099,6106.0298,6152.3398
1120112,1600,6160.0898,6256.9502,6148.8501,6179.21
1120113,1600,6242.4902,6245.3799,6063.6602,6143.0801
1120116,1600,6120.3999,6232.21,6104.1099,6220.0098
1120117,1600,6301.9102,6343.04,6270.9702,6332.9302
1120118,1600,6330.4302,6399.4302,6280.52,6354.5698
1120119,1600,6377.2402,6420.3501,6333.7002,6416.2598
1120120,1600,6410.75,6431.2598,6371.6899,6404.3901
1120123,1600,6387.3301,6467.3398,6349.6899,6436.6201
1120124,1600,6372.4902,6420.0498,6339.0,6419.2202
1120125,1600,6448.8701,6456.5698,6366.6499,6421.8501
1120126,1600,6453.6201,6559.0698,6430.3701,6539.8501
1120127,1600,6507.77,6574.1899,6484.3501,6511.98
1120130,1600,6454.54,6491.52,6414.3301,6444.4502
1120131,1600,6489.04,6533.2202,6450.1001,6458.9102
1120201,1600,6482.9502,6630.48,6482.5601,6616.6401
1120202,1600,6640.0498,6667.98,6606.3701,6655.6299
1120203,1600,6649.5698,6767.46,6635.6299,6766.6699
1120206,1600,6752.0298,6781.4302,6714.8198,6764.8301
1120207,1600,6772.75,6788.77,6682.8901,6754.2002
1120208,1600,6800.7202,6829.8799,6735.6699,6748.7598
1120209,1600,6782.1401,6838.1299,6746.1001,6788.7998
1120210,1600,6730.54,6751.0801,6649.5601,6692.96
1120213,1600,6748.6802,6774.6001,6709.6299,6738.4702
1120214,1600,6712.6802,6788.5698,6698.3198,6728.1899
1120215,1600,6807.5498,6830.1001,6736.5601,6757.9399
1120216,1600,6665.2402,6751.96,6651.7202,6751.96
1120217,1600,6811.02,6874.5298,6794.8901,6848.0298
1120220,1600,6892.04,6956.6699,6878.5298,6948.25
1120221,1600,6936.9102,6971.0298,6873.54,6908.1802
1120222,1600,6914.6802,6915.1802,6821.7998,6843.8701
1120223,1600,6838.9399,6903.5098,6733.5898,6809.46
1120224,1600,6871.25,6890.8999,6826.3398,6864.4302
1120227,1600,6817.46,6868.5801,6743.6499,6849.6001
1120228,1600,6867.23,6900.5098,6809.2202,6887.6299
1120229,1600,6914.6602,6967.1401,6843.27,6856.0801
1120301,1600,6831.9702,6949.4502,6817.73,6941.77
1120302,1600,6944.4502,6954.8901,6904.1001,6921.3701
1120305,1600,6876.8901,6902.5801,6815.4702,6866.46
1120306,1600,6835.9702,6840.3301,6633.1099,6633.1099
1120307,1600,6638.48,6682.6802,6612.6099,6671.1099
1120308,1600,6723.3301,6838.3901,6703.8901,6834.54
1120309,1600,6848.52,6912.4199,6830.6299,6880.21
1120312,1600,6868.9702,6911.27,6846.8999,6901.3501
1120313,1600,6957.25,7020.04,6941.96,6995.9102
1120314,1600,7028.9199,7099.3398,7028.1499,7079.4199
1120315,1600,7093.9702,7153.1099,7072.27,7144.4502
1120316,1600,7145.7798,7194.3301,7142.75,7157.8198
1120319,1600,7143.9302,7154.8301,7095.1299,7154.2202
1120320,1600,7121.9199,7124.6299,7032.0698,7054.9399
1120321,1600,7088.7598,7114.0098,7012.04,7071.3198
1120322,1600,7053.4199,7071.0898,6938.2002,6981.2598
1120323,1600,6986.8999,7026.8999,6908.9702,6995.6201
1120326,1600,7022.6401,7102.0498,6969.9702,7079.23
1120327,1600,7106.77,7153.6802,7075.1602,7078.8999
1120328,1600,7056.0498,7110.54,6998.7998,6998.7998
1120329,1600,6980.0898,6993.7402,6841.9702,6875.1499
1120330,1600,6924.8198,6959.71,6898.9102,6946.8301
1120402,1600,6973.9902,7057.2002,6911.6299,7056.6499
1120403,1600,7053.9102,7081.0601,6981.21,6982.2798
1120404,1600,6940.6099,6944.3999,6772.9502,6784.0601
1120405,1600,6817.8501,6831.3599,6685.7998,6775.2598
1120410,1600,6694.7202,6737.9199,6606.4302,6606.4302
1120411,1600,6628.6602,6722.52,6603.0698,6674.73
1120412,1600,6710.3701,6761.7798,6651.8101,6743.2402
1120413,1600,6732.0698,6743.0098,6552.3198,6583.8999
1120416,1600,6556.2998,6675.3901,6548.3901,6625.1899
1120417,1600,6625.71,6801.1499,6616.9502,6801.0
1120418,1600,6780.4902,6812.8398,6718.1001,6732.0298
1120419,1600,6775.46,6807.1201,6665.3101,6671.2202
1120420,1600,6689.71,6760.2598,6651.7998,6750.1201
1120423,1600,6666.79,6668.1201,6499.0698,6523.0
1120424,1600,6566.1099,6604.54,6508.1001,6590.4102
1120425,1600,6622.96,6733.3398,6622.8999,6704.5
1120426,1600,6702.6099,6750.6499,6642.04,6739.8999
1120427,1600,6662.3101,6825.4102,6652.5098,6801.3198
1120430,1600,6844.1001,6846.6602,6759.8999,6761.1899
1120502,1600,6861.2998,6875.8701,6664.5698,6710.77
1120503,1600,6749.27,6791.75,6648.5,6694.4399
1120504,1600,6682.96,6684.8901,6546.0,6561.4702
1120507,1600,6515.9399,6578.9502,6410.0298,6569.48
1120508,1600,6548.7402,6576.7202,6415.0298,6444.7402
1120509,1600,6483.27,6506.21,6375.79,6475.3101
1120510,1600,6531.1499,6549.77,6440.23,6518.0
1120511,1600,6465.1899,6589.0098,6454.21,6579.9302
1120514,1600,6499.79,6520.8599,6404.2798,6451.9702
1120515,1600,6501.9302,6509.6499,6353.2598,6401.0601
1120516,1600,6344.9199,6442.9702,6297.3799,6384.2598
1120517,1600,6401.1499,6413.0498,6291.1001,6308.96
1120518,1600,6254.8198,6335.5498,6229.2998,6271.2202
1120521,1600,6269.3101,6364.3999,6244.02,6331.04
1120522,1600,6381.8301,6446.0,6351.02,6435.6001
1120523,1600,6352.4302,6373.79,6258.8501,6285.75
1120524,1600,6338.1201,6351.1001,6244.48,6315.8901
1120525,1600,6334.1499,6406.96,6279.5498,6339.9399
1120528,1600,6425.1001,6426.27,6311.3301,6323.1899
1120529,1600,6396.6499,6441.2598,6334.75,6396.8398
1120530,1600,6360.79,6392.21,6258.8901,6280.7998
1120531,1600,6297.6802,6322.6899,6208.0898,6264.3799
1120601,1600,6259.7598,6259.7598,6008.4702,6050.29
1120604,1600,5976.46,6030.8101,5942.3799,5978.23
1120605,1600,5999.8599,6011.5601,5914.4302,5969.3999
1120606,1600,6028.3599,6102.4199,5996.4102,6093.9902
1120607,1600,6117.7598,6230.2202,6099.0801,6144.2202
1120608,1600,6082.6299,6144.7598,6053.9502,6130.8198
1120611,1600,6255.6499,6287.54,6130.2798,6141.0498
1120612,1600,6141.9199,6211.1401,6083.8101,6161.2402
1120613,1600,6183.7998,6221.3599,6093.6099,6152.4902
1120614,1600,6146.9199,6167.4902,6078.2202,6138.6099
1120615,1600,6164.5601,6251.5898,6158.7798,6229.4102
1120618,1600,6304.77,6316.1401,6221.8701,6248.2002
1120619,1600,6254.77,6375.27,6233.25,6363.3599
1120620,1600,6364.0601,6402.21,6333.9702,6392.1299
1120621,1600,6357.25,6427.4902,6331.79,6343.1299
1120622,1600,6273.1001,6318.0601,6256.3398,6263.25
1120625,1600,6229.4302,6229.4302,6118.7202,6132.3901
1120626,1600,6157.8398,6165.2798,6109.9302,6136.6899
1120627,1600,6155.9102,6230.5098,6131.2998,6228.9902
1120628,1600,6232.1201,6240.0898,6096.9399,6149.9102
1120629,1600,6296.7402,6416.2798,6261.7402,6416.2798
1120702,1600,6405.3901,6520.3999,6390.5498,6496.0801
1120703,1600,6508.3301,6578.21,6505.3901,6578.21
1120704,1600,6564.2998,6573.8599,6525.5098,6564.7998
1120705,1600,6561.77,6641.8599,6475.9199,6535.5601
1120706,1600,6508.2202,6533.79,6407.8398,6410.1099
1120709,1600,6408.6401,6420.7798,6375.6899,6387.5698
1120710,1600,6397.46,6491.3999,6349.6201,6438.3301
1120711,1600,6413.1699,6496.5298,6399.3999,6453.8501
1120712,1600,6410.9399,6448.2202,6366.77,6419.3501
1120713,1600,6446.2202,6557.1001,6436.0898,6557.1001
1120716,1600,6550.9502,6577.0601,6511.1802,6565.7202
1120717,1600,6583.77,6610.8101,6542.8901,6577.6401
1120718,1600,6601.71,6690.6602,6578.8599,6684.4199
1120719,1600,6706.9902,6773.5,6698.8701,6758.3901
1120720,1600,6741.8999,6775.7402,6620.7202,6630.02
1120723,1600,6561.8701,6572.1099,6371.1499,6419.3301
1120724,1600,6420.8198,6456.0,6378.0,6390.4102
1120725,1600,6387.8398,6475.3301,6375.1499,6406.52
1120726,1600,6393.2002,6595.5801,6324.5298,6582.96
1120727,1600,6605.4199,6690.4302,6513.9702,6689.3999
1120730,1600,6729.1899,6796.6099,6703.2598,6774.0601
1120731,1600,6780.6201,6835.1899,6756.1802,6772.2598
1120801,1600,6775.9902,6800.1001,6735.8901,6754.46
1120802,1600,6756.1602,6855.71,6596.21,6606.0898
1120803,1600,6626.2998,6876.7402,6621.3599,6865.6602
1120806,1600,6845.8799,6943.3198,6845.8799,6918.7202
1120807,1600,6909.2798,6979.6299,6902.8599,6967.9502
1120808,1600,6944.8901,6966.1499,6907.29,6966.1499
1120809,1600,6979.4102,6989.1499,6891.4902,6964.9902
1120810,1600,6927.71,6955.3799,6891.8999,6944.5601
1120813,1600,6935.5098,6976.3101,6882.0298,6909.6802
1120814,1600,6965.04,6995.0298,6939.5,6974.3901
1120815,1600,6953.0098,6972.6401,6910.3901,6946.7998
1120816,1600,6958.3901,7001.3999,6929.4302,6996.29
1120817,1600,7011.3701,7041.1099,7000.8501,7040.8799
1120820,1600,7037.02,7086.2202,7008.9702,7033.6802
1120821,1600,7048.79,7105.4302,7041.73,7089.3198
1120822,1600,7048.2998,7051.77,7005.2598,7017.75
1120823,1600,7065.9902,7080.7402,6923.0698,6949.5698
1120824,1600,6957.6001,6990.0698,6885.98,6971.0698
1120827,1600,6960.02,7049.48,6946.0801,7047.4502
1120828,1600,7004.0498,7031.1602,6976.0098,7002.6802
1120829,1600,7003.02,7029.7998,6945.71,7010.5698
1120830,1600,6962.29,6978.5,6871.0,6895.4902
1120831,1600,6897.73,7011.4502,6889.79,6970.79
1120903,1600,6946.6099,7016.3101,6944.25,7014.8301
1120904,1600,7012.9902,7015.71,6920.0,6932.5801
1120905,1600,6941.6602,7003.5298,6892.8599,6964.6899
1120906,1600,6984.3101,7172.3198,6977.8599,7167.3301
1120907,1600,7183.9199,7248.5098,7182.6001,7214.5
1120910,1600,7207.96,7233.9199,7203.6499,7213.7002
1120911,1600,7197.2002,7313.48,7186.6299,7310.1099
1120912,1600,7331.5801,7410.3599,7307.48,7343.5298
1120913,1600,7341.7798,7353.2202,7280.23,7310.3198
1120914,1600,7397.98,7446.4702,7388.79,7412.1299
1120917,1600,7390.29,7414.2202,7382.4702,7403.6899
1120918,1600,7350.0898,7375.0,7304.25,7347.6899
1120919,1600,7387.1802,7396.1201,7326.2402,7390.7598
1120920,1600,7322.6201,7390.46,7313.1401,7389.4902
1120921,1600,7409.3398,7478.5298,7391.0601,7451.6201
1120924,1600,7419.6499,7440.4902,7388.2002,7413.1602
1120925,1600,7406.2202,7438.8901,7369.3901,7425.1099
1120926,1600,7362.98,7362.98,7255.77,7276.5098
1120927,1600,7313.1499,7324.9702,7268.6899,7290.02
1120928,1600,7330.6099,7337.1699,7215.9502,7216.1499
1121001,1600,7227.8101,7339.2002,7225.29,7326.73
1121002,1600,7278.1299,7373.1499,7266.1099,7305.8599
1121004,1600,7368.21,7374.8599,7283.48,7305.21
1121005,1600,7327.7002,7409.7798,7312.79,7397.8701
1121008,1600,7340.3901,7341.2798,7286.2402,7291.21
1121009,1600,7306.3301,7308.1299,7221.5,7234.5298
1121010,1600,7219.46,7245.1699,7201.0898,7205.23
1121011,1600,7192.75,7305.46,7182.3101,7281.7002
1121012,1600,7260.5698,7291.2402,7232.4199,7232.4902
1121015,1600,7237.3999,7302.23,7237.3999,7261.25
1121016,1600,7309.0801,7387.7798,7293.8999,7376.27
1121017,1600,7381.0801,7399.9902,7367.5898,7394.5498
1121018,1600,7401.4102,7447.8101,7389.0098,7437.23
1121019,1600,7413.6899,7430.1201,7363.5,7380.6401
1121022,1600,7372.3599,7390.1001,7313.2402,7328.0498
1121023,1600,7339.1602,7343.6001,7153.7998,7173.6899
1121024,1600,7202.0298,7216.1299,7120.6802,7192.8501
1121025,1600,7203.1201,7256.2202,7181.4502,7200.23
1121026,1600,7161.73,7257.3701,7147.5098,7231.8501
1121029,1600,7205.0498,7225.3198,7171.96,7203.1602
1121030,1600,7239.6899,7292.8301,7239.04,7284.3999
1121031,1600,7305.0698,7347.5098,7260.6299,7260.6299
1121101,1600,7255.2998,7356.1802,7255.1099,7335.6699
1121102,1600,7336.52,7391.04,7314.6802,7363.8501
1121105,1600,7320.98,7337.4702,7304.4502,7326.4702
1121106,1600,7336.46,7388.98,7319.73,7377.7598
1121107,1600,7425.0801,7434.96,7226.6001,7232.8301
1121108,1600,7260.3501,7287.0,7184.1802,7204.96
1121109,1600,7220.6899,7222.8701,7064.3398,7163.5
1121112,1600,7164.6802,7196.0,7138.1699,7168.7598
1121113,1600,7131.6001,7185.29,7074.8701,7169.1201
1121114,1600,7156.3398,7182.8101,7084.6299,7101.9199
1121115,1600,7064.9902,7079.2202,7021.6201,7043.4199
1121116,1600,7045.6299,7059.8301,6950.5298,6950.5298
1121119,1600,7020.23,7130.8701,7007.21,7123.8398
1121120,1600,7098.1299,7186.6099,7092.23,7172.9902
1121121,1600,7148.9102,7194.79,7139.9902,7184.71
1121122,1600,7210.46,7253.02,7205.2002,7244.9902
1121123,1600,7258.3301,7311.5498,7219.5498,7309.1299
1121126,1600,7286.6899,7312.8599,7273.5698,7292.0298
1121127,1600,7343.0098,7361.5498,7307.2998,7332.3301
1121128,1600,7317.4902,7351.48,7265.4399,7343.4102
1121129,1600,7382.5498,7416.52,7377.0898,7400.96
1121130,1600,7399.0898,7442.6001,7398.2202,7405.5
1121203,1600,7427.4102,7487.8901,7419.2998,7435.21
1121204,1600,7428.1299,7466.25,7417.2998,7435.1201
1121205,1600,7480.5898,7482.2798,7428.7002,7454.5498
1121206,1600,7469.54,7554.5098,7461.1899,7534.54
1121207,1600,7539.7798,7553.0498,7487.6401,7517.7998
1121210,1600,7484.9502,7536.6001,7457.3999,7530.9199
1121211,1600,7529.2402,7596.8999,7518.7402,7589.75
1121212,1600,7595.2002,7626.3999,7590.1802,7614.79
1121213,1600,7618.6201,7618.6201,7561.96,7581.98
1121214,1600,7599.0298,7619.2598,7571.1602,7596.4702
1121217,1600,7604.1602,7627.1401,7564.0698,7604.9399
1121218,1600,7634.2798,7667.9102,7626.25,7653.5801
1121219,1600,7675.3301,7682.8999,7655.71,7668.5
1121220,1600,7642.9902,7675.4502,7635.3901,7672.1001
1121221,1600,7632.4102,7653.73,7596.6401,7636.23
1121227,1600,7652.27,7676.5,7640.2998,7655.8799
1121228,1600,7649.8901,7665.6802,7602.8901,7612.3901
1130102,1600,7689.46,7789.9399,7689.46,7778.7798
1130103,1600,7762.1299,7777.02,7737.98,7756.4399
1130104,1600,7740.9902,7779.6699,7727.5498,7776.3701
1130107,1600,7760.0098,7767.5498,7713.4199,7732.6602
1130108,1600,7710.7002,7754.3799,7683.48,7695.8301
1130109,1600,7713.5698,7734.7798,7688.5498,7720.4702
1130110,1600,7732.1401,7773.6899,7685.0801,7708.4702
1130111,1600,7725.9302,7731.4502,7683.9199,7715.5298
1130114,1600,7737.6099,7785.8198,7702.3599,7729.52
1130115,1600,7704.0498,7735.21,7635.8799,7675.9102
1130116,1600,7661.6099,7694.7998,7643.1401,7691.1299
1130117,1600,7677.2798,7764.0298,7662.4302,7735.46
1130118,1600,7747.1299,7753.4902,7702.23,7702.23
1130121,1600,7727.77,7749.8198,7719.02,7748.8599
1130122,1600,7741.8799,7746.9102,7634.2598,7696.21
1130123,1600,7702.9199,7731.6299,7684.8398,7707.54
1130124,1600,7700.5298,7753.2998,7661.96,7748.1299
1130125,1600,7746.7798,7865.1602,7743.1899,7857.9702
1130128,1600,7859.8301,7871.79,7831.7202,7833.0
1130129,1600,7841.96,7857.1401,7800.1201,7848.5698
1130130,1600,7855.6802,7863.3501,7775.0298,7811.3101
1130131,1600,7800.4502,7812.3398,7765.2002,7776.0498
1130201,1600,7792.5898,7853.3701,7784.9702,7833.3901
1130204,1600,7822.54,7837.6401,7637.6802,7638.23
1130205,1600,7643.54,7677.1401,7622.2998,7664.6602
1130206,1600,7665.8799,7694.4199,7537.29,7581.1802
1130207,1600,7581.3701,7661.3101,7565.3198,7590.8501
1130208,1600,7607.5698,7655.3101,7577.3398,7652.1401
1130211,1600,7627.7202,7676.8198,7597.6099,7633.7402
1130212,1600,7619.1201,7661.9702,7593.6602,7660.1899
1130213,1600,7678.48,7737.4102,7650.29,7711.8901
1130214,1600,7697.8901,7729.3599,7607.48,7631.1899
1130215,1600,7636.2598,7649.5,7588.5698,7593.5098
1130218,1600,7591.0801,7629.7798,7568.1602,7628.73
1130219,1600,7614.1001,7762.8999,7611.6001,7752.4502
1130220,1600,7747.21,7784.6401,7709.48,7728.8999
1130221,1600,7681.6099,7688.4399,7561.8398,7583.5698
1130222,1600,7619.8101,7681.1201,7607.2598,7661.9102
1130225,1600,7731.7998,7860.5698,7726.3999,7773.1899
1130226,1600,7682.2402,7683.96,7589.3198,7597.1099
1130227,1600,7641.8398,7679.4399,7565.7798,7675.8301
1130228,1600,7712.2002,7753.3901,7691.8101,7741.7002
1130301,1600,7735.3501,7767.6699,7627.9902,7708.1602
1130304,1600,7654.6699,7708.8799,7637.3198,7691.6802
1130305,1600,7779.6201,7883.6001,7772.3301,7870.3101
1130306,1600,7907.3901,7977.6401,7898.04,7919.3301
1130307,1600,7934.1899,7956.2598,7911.5601,7939.77
1130308,1600,7970.6602,8015.0698,7962.2798,7986.4702
1130311,1600,7967.46,7989.21,7954.5801,7984.29
1130312,1600,7970.8301,7999.5,7933.9399,7966.1201
1130313,1600,7964.77,7978.8398,7942.3701,7970.9102
1130314,1600,8013.25,8060.2598,8011.2202,8058.3701
1130315,1600,8074.0298,8074.4702,7996.9502,8042.8501
1130318,1600,7924.04,8020.9102,7901.9399,8010.7002
1130319,1600,7980.54,8000.9702,7919.4502,7947.79
1130320,1600,7995.5898,8030.46,7972.21,8001.9702
1130321,1600,7989.5898,7999.3398,7887.6699,7932.5098
1130322,1600,7917.6401,7953.9302,7876.3599,7911.3501
1130325,1600,7988.27,8030.7598,7847.9702,7870.8999
1130326,1600,7889.1499,7912.52,7859.27,7879.6699
1130327,1600,7905.96,7916.7598,7750.3799,7789.0898
1130328,1600,7791.1401,7842.5801,7778.02,7795.3101
1130402,1600,7806.1201,7949.2002,7805.9199,7943.8701
1130403,1600,7926.8799,7953.1499,7869.8101,7874.75
1130404,1600,7902.8599,7927.9302,7803.8901,7817.3901
1130405,1600,7820.6899,7825.2798,7632.4199,7658.75
1130408,1600,7669.04,7698.4702,7645.5601,7662.6401
1130409,1600,7704.3501,7723.2002,7608.04,7637.5098
1130410,1600,7664.1602,7822.1201,7660.2002,7810.6299
1130411,1600,7799.3101,7885.4502,7786.75,7871.6299
1130412,1600,7831.8701,7838.5298,7726.1299,7744.77
1130415,1600,7740.54,7773.1099,7651.5801,7712.6299
1130416,1600,7680.7798,7739.6602,7639.4302,7682.5801
1130417,1600,7719.5601,7722.46,7473.0698,7503.0298
1130418,1600,7519.6699,7556.5498,7436.7798,7473.73
1130419,1600,7490.1099,7531.0898,7418.3599,7459.96
1130422,1600,7516.0601,7538.2202,7437.52,7478.1099
1130423,1600,7477.0298,7664.2202,7442.3599,7658.21
1130424,1600,7656.7598,7767.3599,7656.2202,7759.0298
1130425,1600,7766.6099,7838.3101,7741.98,7832.8599
1130426,1600,7835.5898,7840.4702,7767.6099,7814.7598
1130429,1600,7834.02,7873.5,7823.2402,7873.5
1130430,1600,7928.4199,7965.8999,7893.0801,7913.71
1130502,1600,7905.3501,8005.8301,7896.9902,7961.71
1130503,1600,7972.2798,8130.1602,7957.3599,8122.29
1130506,1600,8119.2202,8148.1401,8103.27,8112.0801
1130507,1600,8125.8198,8206.0098,8116.6699,8181.7798
1130508,1600,8176.8799,8253.4697,8173.3501,8249.71
1130509,1600,8232.5,8274.1797,8224.5195,8262.5498
1130510,1600,8278.4502,8358.2305,8252.3701,8278.5898
1130513,1600,8281.9502,8294.5596,8217.1504,8279.29
1130514,1600,8304.5,8339.1104,8235.9697,8339.1104
1130515,1600,8333.6104,8368.0596,8299.8301,8362.4199
1130516,1600,8348.54,8401.2803,8324.2305,8369.8701
1130517,1600,8356.2598,8408.6201,8327.4697,8398.0
1130520,1600,8434.9697,8456.2402,8401.7402,8455.8301
1130521,1600,8446.7803,8476.1797,8397.54,8472.2002
1130522,1600,8467.5596,8557.8604,8434.8301,8530.8896
1130523,1600,8410.0596,8412.25,8281.1104,8351.9805
1130524,1600,8390.1602,8391.0195,8262.6396,8305.3203
1130527,1600,8346.5996,8386.8604,8338.3203,8383.2998
1130528,1600,8432.46,8526.4199,8424.4004,8480.8701
1130529,1600,8437.21,8445.46,8316.7002,8336.5801
1130530,1600,8314.2002,8416.3604,8293.96,8400.2002
1130531,1600,8385.3799,8401.6299,8297.0303,8348.8398
1130603,1600,8291.4902,8395.5596,8214.7803,8285.7998
1130604,1600,8358.6797,8384.3604,8274.9404,8295.96
1130605,1600,8229.2305,8293.2803,8182.0801,8196.1797
1130606,1600,8188.8198,8235.0898,8098.8101,8098.8101
1130607,1600,8124.8799,8279.0303,8034.5498,8254.6797
1130610,1600,8246.04,8355.79,8245.9404,8307.6904
1130611,1600,8256.1904,8260.8604,8141.02,8222.46
1130612,1600,8204.9102,8246.0801,8122.7202,8143.27
1130613,1600,8023.3701,8110.3799,7968.1299,8095.3901
1130614,1600,8157.8799,8188.0,8111.3799,8127.96
1130617,1600,8170.75,8265.4902,8167.6699,8215.7305
1130618,1600,8196.4404,8241.5996,8176.1899,8229.5098
1130619,1600,8254.5703,8285.9004,8160.5,8197.0801
1130620,1600,8085.6699,8085.6699,7911.96,7928.48
1130621,1600,7946.3198,7987.04,7789.2402,7789.2402
1130624,1600,7776.8799,7823.8398,7655.8301,7692.4502
1130625,1600,7741.1299,7842.48,7725.9902,7811.2998
1130626,1600,7810.3701,7960.4502,7800.8501,7940.9902
1130627,1600,7945.9199,8025.8101,7919.5898,7990.75
1130628,1600,8015.5298,8037.6802,7906.1401,7959.2202
1130701,1600,8000.02,8023.1499,7890.2798,7983.9199
1130702,1600,7988.9199,7988.96,7873.9702,7910.77
1130703,1600,7841.1802,7841.8701,7730.3701,7829.3198
1130704,1600,7877.9102,8015.0801,7863.7598,7994.3101
1130705,1600,8010.4399,8031.71,7805.3599,7806.0
1130708,1600,7865.9199,8015.21,7848.1401,7968.54
1130709,1600,8021.1299,8086.9502,8005.73,8057.75
1130710,1600,8056.5098,8081.21,7990.6499,8066.48
1130711,1600,8163.5601,8176.7002,8130.48,8158.7998
1130712,1600,8192.9102,8244.1299,8178.2002,8212.7695
1130715,1600,8237.9199,8271.3799,8211.4199,8234.8096
1130716,1600,8251.5098,8252.25,8178.1899,8201.0498
1130717,1600,8216.7002,8269.2197,8137.5298,8254.7197
1130718,1600,8239.3799,8337.2002,8215.6602,8337.0898
1130719,1600,8299.0098,8336.8701,8284.3604,8331.5703
1130722,1600,8343.2803,8374.4697,8310.29,8331.0596
1130723,1600,8358.6201,8365.9805,8306.5996,8314.2305
1130724,1600,8325.0596,8415.3301,8318.4805,8379.1104
1130725,1600,8349.5195,8356.8799,8265.1396,8298.9805
1130726,1600,8341.7803,8362.04,8217.2598,8244.9102
1130729,1600,8307.1201,8324.1504,8245.5303,8259.0303
1130730,1600,8302.1396,8333.9502,8256.4004,8271.0195
1130731,1600,8235.2197,8295.5596,8213.3604,8275.9697
1130801,1600,8320.3799,8411.2998,8316.8896,8410.7305
1130802,1600,8428.5801,8431.6699,8376.2803,8406.9404
1130805,1600,8416.1104,8435.3203,8367.3398,8398.3799
1130806,1600,8387.9297,8435.4902,8267.9805,8299.7305
1130807,1600,8265.3301,8281.5195,8228.1104,8260.4805
1130808,1600,8256.4004,8341.4404,8252.46,8318.3203
1130809,1600,8332.5303,8374.5898,8286.4102,8338.3096
1130812,1600,8341.96,8371.1602,8238.8604,8359.25
1130813,1600,8395.8203,8444.5195,8383.2305,8415.7598
1130814,1600,8424.8799,8457.0498,8400.75,8438.1201
1130815,1600,8418.9404,8422.0303,8307.9805,8376.29
1130816,1600,8348.4199,8402.2998,8330.3301,8391.9404
1130819,1600,8395.0195,8395.4102,8329.0,8366.29
1130820,1600,8294.8701,8319.8203,8246.1904,8300.0303
1130821,1600,8301.0596,8310.6797,8268.4199,8285.4102
1130822,1600,8289.2998,8425.2598,8283.7695,8397.8896
1130823,1600,8398.2803,8438.4404,8360.2305,8416.9902
1130826,1600,8424.0703,8437.75,8386.0498,8435.1504
1130827,1600,8378.9297,8423.7803,8242.5596,8242.5596
1130828,1600,8202.8604,8219.2598,8094.2202,8157.8999
1130829,1600,8189.02,8199.29,8129.9902,8194.5498
1130830,1600,8197.7197,8201.4902,8101.9502,8103.1499
1130902,1600,8224.3398,8268.7305,8211.0303,8243.8701
1130903,1600,8259.3701,8264.7197,8142.8599,8180.71
1130904,1600,8201.5596,8206.8701,8095.9102,8195.9199
1130905,1600,8205.5596,8257.7305,8165.3599,8234.9805
1130906,1600,8222.21,8295.8096,8174.3198,8275.6699
1130909,1600,8275.0098,8310.3701,8246.7695,8276.3203
1130910,1600,8357.6904,8464.25,8350.4199,8446.54
1130911,1600,8453.3203,8502.79,8446.6904,8495.7305
1130912,1600,8509.4902,8516.9805,8466.6104,8494.0
1130913,1600,8461.3096,8518.1797,8456.8398,8509.4199
1130916,1600,8599.6504,8626.1104,8578.0098,8613.0
1130917,1600,8595.5596,8613.8896,8585.04,8596.9502
1130918,1600,8617.4502,8645.9004,8594.6504,8636.0596
1130919,1600,8735.1104,8770.0996,8665.75,8694.1797
1130920,1600,8693.3203,8713.7803,8666.4902,8675.7305
1130923,1600,8682.9404,8699.4697,8605.5898,8635.29
1130924,1600,8645.2402,8672.0801,8633.21,8664.5996
1130925,1600,8655.04,8681.9902,8609.9502,8665.6299
1130926,1600,8678.8203,8688.4902,8628.6104,8664.0996
1130927,1600,8672.8203,8691.4805,8611.4502,8661.5098
1130930,1600,8562.8496,8606.71,8546.7197,8594.4004
1131001,1600,8618.5898,8691.8496,8612.2305,8689.1396
1131002,1600,8650.71,8672.2598,8581.0195,8629.4199
1131004,1600,8590.9102,8639.7402,8570.21,8622.9697
1131007,1600,8557.04,8604.8604,8510.4199,8591.5801
1131008,1600,8591.0195,8610.0098,8551.6904,8555.8896
1131009,1600,8541.0801,8589.6396,8489.6201,8516.6904
1131010,1600,8563.3896,8694.1699,8547.7197,8685.7695
1131011,1600,8705.0303,8729.3301,8695.7598,8724.8301
1131014,1600,8688.4502,8727.5801,8675.9502,8723.8096
1131015,1600,8757.1299,8820.9805,8757.0898,8804.4404
1131016,1600,8792.9902,8861.2803,8781.0,8846.0
1131017,1600,8817.1104,8829.79,8765.4697,8811.9805
1131018,1600,8849.7695,8865.0996,8804.8096,8865.0996
1131021,1600,8828.4697,8876.1396,8827.2305,8867.2197
1131022,1600,8853.8701,8987.6299,8849.1602,8947.46
1131023,1600,8906.9102,8932.9102,8897.5,8919.8604
1131024,1600,8968.5,8987.04,8950.8096,8980.6299
1131025,1600,8952.7803,9010.6504,8944.1396,8985.7402
1131028,1600,9013.0498,9017.9502,8950.21,8978.6504
1131029,1600,8965.75,9022.21,8965.75,9022.04
1131030,1600,9030.3096,9070.1699,8996.25,9010.2695
1131031,1600,8985.4805,9037.4102,8976.3701,9033.9199
1131101,1600,9032.29,9048.0996,8992.9004,9007.8301
1131104,1600,9035.9102,9053.9297,9019.3096,9037.2305
1131105,1600,9036.1797,9041.9697,8962.4199,9009.1104
1131106,1600,9030.4697,9065.96,9021.8398,9040.8701
1131107,1600,9038.4697,9193.9805,9026.0898,9081.0303
1131108,1600,9036.5898,9079.0498,8986.4902,9078.2803
1131111,1600,9081.5801,9124.2402,9064.6104,9107.8604
1131112,1600,9102.9902,9124.2402,9073.9297,9076.4805
1131113,1600,9056.71,9074.5596,8981.0898,9054.8301
1131114,1600,9137.4805,9151.3496,9101.29,9149.6602
1131115,1600,9157.5996,9188.4697,9133.5098,9168.6904
1131118,1600,9154.2305,9253.6797,9140.5098,9225.4297
1131119,1600,9197.4697,9217.3604,9179.25,9193.29
1131120,1600,9175.6396,9236.7803,9162.8398,9202.0703
1131121,1600,9127.8896,9210.6699,9117.0898,9196.0801
1131122,1600,9210.6904,9230.1602,9168.9199,9219.04
1131125,1600,9258.2197,9323.4404,9252.7305,9299.9502
1131126,1600,9297.6504,9316.6201,9287.2998,9290.0703
1131127,1600,9308.96,9363.4805,9295.5596,9351.1299
1131128,1600,9359.5,9399.6299,9358.7695,9387.3701
1131129,1600,9378.5498,9424.6201,9376.5801,9405.2998
1131202,1600,9412.9502,9424.8301,9384.1201,9401.96
1131203,1600,9398.1904,9404.1699,9223.1299,9223.4004
1131204,1600,9246.8896,9253.1299,9069.8203,9140.6299
1131205,1600,9110.5303,9172.1602,9078.0,9084.9502
1131206,1600,9126.1504,9195.75,9084.1201,9172.4102
1131209,1600,9218.8096,9225.5303,9171.3604,9195.1699
1131210,1600,9180.29,9223.7305,9091.9697,9114.4404
1131211,1600,9093.2598,9153.1396,9065.5098,9077.1104
1131212,1600,9032.6699,9060.54,8984.2803,9017.0
1131213,1600,9016.7803,9046.6299,8990.5801,9006.46
1131216,1600,9004.6201,9187.7803,8997.75,9163.5596
1131217,1600,9142.75,9161.7998,9085.1201,9085.1201
1131218,1600,9145.3496,9190.7305,9122.0498,9181.75
1131219,1600,9279.6797,9351.9004,9257.2402,9335.7402
1131220,1600,9371.0801,9413.0898,9352.9805,9400.1797
1131223,1600,9436.4902,9488.8203,9427.54,9488.8203
1131227,1600,9558.5498,9589.3896,9548.8896,9589.3896
1131230,1600,9586.5303,9594.3496,9552.1602,9552.1602
1140102,1600,9598.25,9620.9297,9394.21,9400.04
1140103,1600,9409.6602,9453.4805,9367.9902,9435.1504
1140106,1600,9419.4404,9468.7998,9399.8096,9428.0
1140107,1600,9446.25,9518.7197,9416.8604,9506.2002
1140108,1600,9512.79,9516.2598,9467.9502,9497.8398
1140109,1600,9492.2402,9549.5,9402.7998,9421.6104
1140110,1600,9473.8701,9529.7002,9441.25,9473.2402
1140113,1600,9497.9199,9519.2998,9457.3096,9510.1699
1140114,1600,9391.46,9540.5098,9381.9404,9540.5098
1140115,1600,9590.5703,9747.4004,9582.0996,9733.8096
1140116,1600,9742.21,9747.3701,9702.9697,9717.71
1140117,1600,9718.2002,9789.8896,9709.1396,9742.96
1140120,1600,9713.2002,9733.4004,9672.3203,9715.9004
1140121,1600,9751.9805,9794.0498,9714.0195,9730.1201
1140122,1600,9752.1104,9765.6299,9677.1396,9720.1104
1140123,1600,9690.5098,9728.7803,9596.4902,9631.04
1140124,1600,9646.6504,9664.2402,9374.0801,9392.0195
1140127,1600,9389.1699,9402.7197,9310.9902,9349.2197
1140128,1600,9405.5303,9427.5898,9345.7598,9406.9102
1140129,1600,9507.3496,9537.6299,9221.2998,9336.7305
1140130,1600,9343.5098,9415.4805,9266.9502,9373.4805
1140131,1600,9339.8398,9346.79,9166.0498,9306.4805
1140203,1600,9318.7695,9357.5801,9173.5596,9186.5195
1140204,1600,9126.46,9166.9805,9071.25,9127.9102
1140205,1600,9105.2803,9154.7197,9080.8701,9116.3203
1140206,1600,9166.46,9274.46,9128.9697,9256.5801
1140207,1600,9275.3799,9323.2402,9223.21,9301.9199
1140210,1600,9331.71,9346.1299,9280.1797,9289.8604
1140211,1600,9338.7998,9478.7695,9338.0098,9478.7695
1140212,1600,9505.1201,9594.8496,9501.96,9540.0
1140213,1600,9522.6602,9600.6396,9479.8604,9596.7695
1140214,1600,9615.5195,9677.5303,9593.3701,9662.4004
1140217,1600,9661.7998,9682.1904,9645.5098,9656.7598
1140218,1600,9674.7998,9690.9697,9614.4004,9659.7803
1140219,1600,9641.4502,9695.8604,9596.4199,9660.0498
1140220,1600,9524.5801,9618.8496,9504.1797,9618.8496
1140221,1600,9665.0801,9666.1504,9598.0303,9656.9502
1140224,1600,9619.6396,9708.9404,9602.9502,9708.9404
1140225,1600,9676.5596,9710.9502,9628.7197,9699.3496
1140226,1600,9708.5,9720.6602,9612.5195,9661.7305
1140227,1600,9660.5498,9672.8203,9497.7803,9588.3301
1140228,1600,9592.9004,9692.0801,9566.04,9692.0801
1140303,1600,9553.0801,9554.1699,9358.7305,9358.8896
1140304,1600,9453.7695,9590.1104,9421.1602,9589.1504
1140305,1600,9562.3896,9599.0,9534.4297,9542.0195
1140306,1600,9577.3496,9587.4404,9505.3203,9542.8701
1140307,1600,9538.4502,9543.2402,9346.8203,9350.75
1140310,1600,9305.5098,9382.9805,9216.0703,9265.5
1140311,1600,9295.3203,9375.29,9259.1797,9307.79
1140312,1600,9257.1299,9267.0996,9142.54,9188.6904
1140313,1600,9200.1201,9226.96,9017.3496,9017.79
1140314,1600,8939.1797,9094.2402,8913.2695,9056.4102
1140317,1600,9047.4902,9197.8096,9047.4902,9180.8896
1140318,1600,9172.0498,9315.0703,9105.6904,9242.5498
1140319,1600,9262.71,9325.9297,9221.5898,9277.0498
1140320,1600,9215.7002,9296.9004,9156.6299,9296.1201
1140321,1600,9300.6602,9376.9404,9288.1504,9342.9404
1140324,1600,9349.5195,9358.9502,9181.3701,9188.7695
1140325,1600,9223.9199,9372.0703,9223.9004,9338.4004
1140326,1600,9367.5303,9488.7402,9360.2998,9448.5801
1140327,1600,9428.9102,9469.3896,9397.9805,9451.21
1140328,1600,9487.1201,9587.1904,9484.9004,9587.1904
1140331,1600,9621.9199,9634.8203,9543.0898,9555.9102
1140401,1600,9601.96,9631.0596,9574.6299,9603.71
1140402,1600,9628.7598,9645.5996,9608.46,9623.3604
1140403,1600,9620.8701,9689.5195,9591.8896,9628.8203
1140404,1600,9641.96,9721.5,9627.7402,9695.7695
1140407,1600,9585.5195,9608.2002,9496.6699,9510.8496
1140408,1600,9525.0703,9525.9404,9391.8604,9490.79
1140409,1600,9506.75,9542.3096,9480.96,9506.3496
1140410,1600,9556.7002,9581.4805,9440.9902,9454.54
1140411,1600,9351.2002,9390.4404,9259.4297,9315.29
1140414,1600,9248.8604,9339.1699,9214.1797,9339.1699
1140415,1600,9324.8398,9344.8496,9166.5303,9173.71
1140416,1600,9252.2998,9318.9697,9221.4805,9317.8203
1140417,1600,9311.0303,9417.8203,9277.3604,9409.71
1140422,1600,9455.5195,9602.5703,9439.6602,9600.0898
1140423,1600,9602.1201,9607.8398,9539.6201,9544.1904
1140424,1600,9597.0703,9645.0596,9410.3301,9548.6797
1140425,1600,9474.79,9501.9102,9367.4199,9401.5498
1140428,1600,9454.8398,9496.8398,9407.6504,9446.3604
1140429,1600,9521.6504,9596.4199,9480.5703,9584.1201
1140430,1600,9576.9297,9618.9805,9561.0596,9603.2305
1140502,1600,9611.79,9627.3799,9533.2998,9556.0195
1140505,1600,9536.3799,9548.1699,9407.0898,9529.5
1140506,1600,9570.25,9571.6299,9440.4697,9467.5303
1140507,1600,9418.5,9554.3496,9410.0801,9521.2998
1140508,1600,9547.2695,9622.2998,9487.5703,9607.4004
1140509,1600,9591.3203,9602.8604,9558.1104,9581.4502
1140512,1600,9608.9297,9710.3398,9587.1396,9702.46
1140513,1600,9751.0498,9783.7197,9732.3398,9754.4297
1140514,1600,9765.6201,9772.0898,9733.21,9754.3896
1140515,1600,9741.25,9810.29,9631.5703,9656.0498
1140516,1600,9646.5596,9670.9004,9577.9004,9629.0996
1140519,1600,9607.3203,9676.5195,9534.5596,9659.3896
1140520,1600,9644.7998,9685.5596,9613.9102,9639.0801
1140521,1600,9615.8604,9709.9102,9583.5596,9697.8701
1140522,1600,9731.4502,9734.1396,9689.1299,9720.9102
1140523,1600,9722.6299,9779.5898,9704.75,9768.0098
1140526,1600,9826.9102,9893.8096,9821.6797,9892.8203
1140527,1600,9893.3301,9951.9004,9879.6396,9940.8203
1140528,1600,9950.7402,9957.8701,9898.2598,9939.1699
1140529,1600,9937.6602,9956.2402,9917.9697,9938.9004
1140530,1600,9926.7305,9970.7695,9924.6299,9943.2695
1140602,1600,9986.8604,9992.3301,9907.7695,9950.1201
1140603,1600,9949.96,9954.7803,9887.0098,9919.7402
1140604,1600,9903.8203,9928.96,9866.9697,9926.6699
1140605,1600,9929.4102,10013.6904,9896.0898,9947.8301
1140606,1600,9954.0098,10000.9199,9941.6504,9987.1904
1140609,1600,9994.4004,10009.5996,9985.8701,10008.6299
1140610,1600,9998.5098,10033.7402,9987.6904,10028.7998
1140611,1600,10022.9902,10024.8398,9921.2598,9949.8096
1140612,1600,9950.5195,9970.3799,9917.6104,9938.7002
1140613,1600,9920.4902,9944.5703,9829.0898,9912.8701
1140616,1600,9885.9697,9925.8496,9872.7695,9883.9805
1140617,1600,9915.2002,9982.8896,9861.29,9920.3203
1140618,1600,9932.04,9964.0195,9922.0703,9930.3301
1140619,1600,10018.9102,10023.5498,9993.0303,10004.0
1140620,1600,9995.5,10050.9805,9987.2402,9987.2402
1140623,1600,9991.4004,9993.0195,9885.96,9920.9199
1140624,1600,9938.6396,9948.5898,9899.4697,9938.0801
1140625,1600,9883.7803,9914.1201,9836.46,9867.75
1140626,1600,9894.5498,9898.3799,9749.75,9804.9004
1140627,1600,9818.46,9836.6797,9791.1299,9815.1699
1140630,1600,9833.8496,9889.4902,9800.0801,9833.0703
1140701,1600,9853.7402,9902.4102,9835.7402,9902.4102
1140702,1600,9913.0,9936.3896,9890.1104,9911.2695
1140703,1600,9910.4697,10032.2803,9907.0098,10029.4297
1140704,1600,10028.71,10030.8096,10007.4004,10009.0801
1140707,1600,9992.1299,10015.3604,9905.5996,9906.0703
1140708,1600,9918.2695,9920.7803,9772.1396,9772.6699
1140709,1600,9789.0498,9817.4697,9752.79,9808.2002
1140710,1600,9807.25,9807.25,9617.5898,9659.1299
1140711,1600,9672.1699,9708.4297,9623.3604,9666.3398
1140714,1600,9710.9199,9793.7803,9693.8896,9783.0098
1140715,1600,9764.6904,9788.71,9711.8604,9719.4102
1140716,1600,9747.8799,9871.5801,9747.5195,9859.2695
1140717,1600,9819.4502,9845.8496,9743.6201,9753.8799
1140718,1600,9703.6699,9721.0801,9655.5098,9720.0195
1140721,1600,9711.6797,9717.7002,9597.6201,9612.0498
1140722,1600,9682.21,9735.71,9647.7402,9734.3301
1140723,1600,9727.4297,9802.0596,9723.9805,9753.5596
1140724,1600,9772.1504,9810.4697,9674.6797,9794.0596
1140725,1600,9770.2402,9794.8496,9620.5801,9644.0098
1140728,1600,9660.71,9665.0498,9527.5898,9598.1699
1140729,1600,9607.0996,9692.3301,9573.4805,9653.6299
1140730,1600,9646.4297,9704.0098,9572.9004,9593.6797
1140731,1600,9576.1602,9582.7402,9395.3496,9407.4805
1140801,1600,9379.7402,9394.4805,9185.4102,9210.0801
1140804,1600,9222.0498,9243.2305,9130.3398,9154.1396
1140805,1600,9186.0303,9237.1396,9152.3799,9189.7402
1140806,1600,9084.5195,9166.21,9030.7197,9130.04
1140807,1600,9081.29,9166.04,9025.8203,9038.9697
1140808,1600,8928.1904,9061.0,8903.4902,9009.3203
1140811,1600,9106.6699,9199.0,9089.3096,9180.7402
1140812,1600,9166.9199,9171.9404,9050.0,9069.4697
1140813,1600,9133.8398,9213.6104,9118.1504,9198.8799
1140814,1600,9161.8096,9265.9199,9149.4102,9225.0996
1140815,1600,9239.0,9324.5703,9067.5801,9092.5996
1140818,1600,9220.9902,9261.6504,9195.1104,9245.3301
1140819,1600,9276.1904,9350.2695,9276.1797,9334.2803
1140820,1600,9329.8896,9333.6797,9247.8398,9314.5703
1140821,1600,9328.71,9405.9297,9278.8604,9401.5303
1140822,1600,9390.29,9414.3896,9291.9297,9339.1699
1140825,1600,9456.6699,9510.1396,9424.1104,9510.1396
1140826,1600,9481.5596,9591.7197,9446.3701,9588.1504
1140827,1600,9583.9805,9600.8496,9546.5498,9569.71
1140828,1600,9545.21,9546.8096,9417.1602,9462.5596
1140829,1600,9483.4199,9517.9502,9369.4004,9470.1699
1140901,1600,9484.5303,9500.2002,9424.7803,9479.0303
1140902,1600,9525.1504,9578.5,9485.2402,9507.0195
1140903,1600,9541.0195,9683.0996,9528.7197,9626.4902
1140904,1600,9591.4297,9732.7803,9539.9199,9724.2598
1140905,1600,9714.2402,9774.6504,9691.4404,9747.0195
1140908,1600,9767.9004,9773.7002,9721.71,9758.0303
1140909,1600,9737.5596,9769.21,9695.4404,9710.7002
1140910,1600,9672.4502,9723.0801,9635.5,9700.1699
1140911,1600,9729.8896,9732.8301,9630.6699,9691.2803
1140912,1600,9706.5898,9706.5898,9617.7002,9651.1299
1140915,1600,9603.9697,9682.46,9600.1504,9659.6299
1140916,1600,9644.2803,9644.8799,9588.6504,9632.9297
1140917,1600,9672.9805,9695.4404,9649.9902,9661.5
1140918,1600,9703.0996,9798.1299,9686.4297,9798.1299
1140919,1600,9849.4297,9891.2002,9799.2402,9799.2598
1140922,1600,9748.5303,9812.7695,9735.6904,9749.54
1140923,1600,9713.4004,9719.6602,9589.0303,9595.0303
1140924,1600,9598.7695,9669.4502,9534.7695,9661.9697
1140925,1600,9644.3604,9718.1104,9482.54,9510.0098
1140926,1600,9500.5498,9545.3398,9454.8799,9490.5498
1140929,1600,9495.5801,9504.9805,9369.6201,9422.9102
1140930,1600,9446.8096,9495.0,9404.8896,9474.2998
1141001,1600,9454.04,9520.9697,9357.5498,9382.0303
1141002,1600,9363.2803,9412.6201,9195.6797,9195.6797
1141006,1600,9341.0498,9343.6504,9185.8604,9209.5098
1141007,1600,9164.7695,9170.2402,9080.3496,9086.21
1141008,1600,9027.9004,9064.8799,8960.4297,8995.3301
1141009,1600,9082.6602,9140.29,8975.0596,9005.0195
1141010,1600,8924.5801,8958.6602,8788.21,8788.8096
1141013,1600,8703.8496,8872.4004,8699.5996,8812.4297
1141014,1600,8765.3604,8854.3896,8701.4404,8825.21
1141015,1600,8838.6797,8847.8496,8555.7305,8571.9502
1141016,1600,8623.2803,8662.8604,8354.9697,8582.9004
1141017,1600,8629.1602,8850.2695,8588.4199,8850.2695
1141020,1600,8819.2598,8834.7305,8682.5898,8717.7598
1141021,1600,8693.0596,8889.7803,8644.71,8886.96
1141022,1600,8934.54,8957.1602,8861.4404,8940.1396
1141023,1600,8873.54,9068.1201,8820.8896,9047.3096
1141024,1600,9008.5996,9044.8496,8955.5898,8987.7998
1141027,1600,9080.7998,9085.6396,8837.6602,8902.6104
1141028,1600,8983.0596,9077.8896,8968.5898,9068.1904
1141029,1600,9139.0,9157.6299,9072.6396,9082.8096
1141030,1600,9091.1299,9146.9502,8899.9004,9114.8398
1141031,1600,9283.4004,9339.3301,9217.0,9326.8701
1141103,1600,9305.7305,9343.6396,9236.1797,9251.7002
1141104,1600,9244.0898,9317.9199,9148.7803,9166.4697
1141105,1600,9238.0703,9329.0703,9226.3398,9315.4805
1141106,1600,9284.9697,9467.3604,9268.6299,9377.4102
1141107,1600,9406.1602,9414.3203,9239.1104,9291.8301
1141110,1600,9233.8701,9351.8701,9222.5703,9351.8701
1141111,1600,9374.3604,9400.9004,9324.7695,9369.0303
1141112,1600,9339.6797,9359.3701,9189.6299,9210.96
1141113,1600,9260.5303,9311.0,9170.2803,9248.5098
1141114,1600,9272.3604,9284.1299,9184.46,9252.9404
1141117,1600,9162.2695,9331.3203,9161.5996,9306.3496
1141118,1600,9323.75,9461.5303,9323.5195,9456.5303
1141119,1600,9462.0498,9521.7305,9439.1602,9472.7998
1141120,1600,9460.4004,9487.6904,9382.2305,9483.9697
1141121,1600,9521.2402,9736.1396,9508.1699,9732.5498
1141124,1600,9722.3096,9832.4102,9711.7695,9785.54
1141125,1600,9790.0303,9921.46,9787.2598,9861.21
1141126,1600,9894.5996,9942.6699,9868.3496,9915.5596
1141127,1600,9934.7803,9992.6699,9920.8604,9974.8701
1141128,1600,9990.7002,9990.7002,9902.4004,9980.8496
1141201,1600,9915.7402,9979.0801,9906.4199,9963.5098
1141202,1600,9983.79,10038.21,9910.21,9934.0801
1141203,1600,9978.8896,9993.8496,9930.5303,9971.79
1141204,1600,9998.8496,10083.7402,9835.4199,9851.3496
1141205,1600,9931.96,10093.0303,9929.4697,10087.1201
1141208,1600,10060.9102,10084.9502,10014.9902,10014.9902
1141209,1600,9904.5801,9951.6602,9786.3799,9793.71
1141210,1600,9859.7803,9909.3896,9775.3896,9799.7305
1141211,1600,9770.6602,9907.8203,9763.4102,9862.5303
1141212,1600,9794.2002,9799.6504,9586.2197,9594.7305
1141215,1600,9599.8203,9678.2598,9330.9902,9334.0098
1141216,1600,9366.5596,9567.0898,9219.0498,9563.8896
1141217,1600,9455.7402,9589.25,9429.4004,9544.4297
1141218,1600,9711.6104,9811.0596,9671.1797,9811.0596
1141219,1600,9901.2598,9901.2598,9688.6602,9786.96
1141222,1600,9827.2598,9924.0098,9826.5498,9865.7598
1141223,1600,9887.2402,9922.1104,9848.0596,9922.1104
1141229,1600,9914.8701,9927.8496,9775.4502,9927.1299
1141230,1600,9883.0996,9886.7803,9805.5498,9805.5498
1150102,1600,9869.1299,9879.5303,9687.2598,9764.7305
1150105,1600,9735.6504,9790.2695,9468.5801,9473.1602
1150106,1600,9484.25,9624.6504,9382.8203,9469.6602
1150107,1600,9510.3398,9592.3701,9459.1797,9518.1797
1150108,1600,9643.7695,9855.4297,9607.9004,9837.6104
1150109,1600,9813.9902,9860.1797,9601.75,9648.5
1150112,1600,9697.46,9815.96,9622.3203,9781.9004
1150113,1600,9759.5703,9978.9404,9755.0195,9941.0
1150114,1600,9810.7002,9962.9805,9768.0996,9817.0801
1150115,1600,9933.4502,10063.1797,9637.3301,10032.6104
1150116,1600,9985.5098,10207.9697,9940.6396,10167.7695
1150119,1600,10231.5801,10293.04,10191.9805,10242.3496
1150120,1600,10278.5498,10298.4199,10211.3896,10257.1299
1150121,1600,10270.3301,10311.9004,10149.7695,10299.2305
1150122,1600,10300.2598,10454.0498,10228.5303,10435.6201
1150123,1600,10503.3301,10704.3203,10502.8496,10649.5801
1150126,1600,10592.9697,10807.5703,10589.0703,10798.3301
1150127,1600,10785.9004,10810.5703,10592.46,10628.5801
1150128,1600,10719.4004,10728.8301,10552.7598,10710.9697
1150129,1600,10666.4297,10743.5703,10607.7197,10737.8701
1150130,1600,10801.3799,10804.04,10642.5898,10694.3203
1150202,1600,10719.1797,10828.0098,10677.3896,10828.0098
1150203,1600,10867.6104,10984.6904,10860.0303,10890.9502
1150204,1600,10892.5,10912.2402,10803.0996,10911.3203
1150205,1600,10840.79,10926.7305,10822.75,10905.4102
1150206,1600,10866.2002,10877.6699,10802.8896,10846.3896
1150209,1600,10765.21,10767.2197,10614.1201,10663.5098
1150210,1600,10675.5898,10797.46,10594.3203,10753.8301
1150211,1600,10765.0,10791.5898,10696.7803,10752.1104
1150212,1600,10746.9102,10955.4502,10746.9102,10919.6504
1150213,1600,10952.3896,11013.8496,10948.4902,10963.4004
1150216,1600,10946.8799,10963.4902,10909.4902,10923.2305
1150217,1600,10847.7305,10921.2598,10765.0195,10895.6201
1150218,1600,10931.7197,10980.9805,10909.5996,10961.0
1150219,1600,10932.4902,11022.2598,10874.9697,11001.9404
1150220,1600,10976.7695,11081.8096,10946.9004,11050.6396
1150223,1600,11150.4697,11158.5498,11069.7695,11130.9199
1150224,1600,11128.1699,11228.3701,11090.7305,11205.7402
1150225,1600,11208.2695,11225.5996,11174.7803,11210.2695
1150226,1600,11206.6602,11330.6299,11187.0,11327.1904
1150227,1600,11337.1104,11401.6602,11301.3398,11401.6602
1150302,1600,11408.2803,11455.0801,11362.8799,11410.3604
1150303,1600,11424.6699,11465.2305,11280.3604,11280.3604
1150304,1600,11317.2402,11390.3799,11193.2998,11390.3799
1150305,1600,11427.6396,11532.8203,11409.0498,11504.0098
1150306,1600,11513.8896,11600.3701,11495.2002,11550.9697
1150309,1600,11510.3496,11586.9404,11461.8604,11582.1104
1150310,1600,11555.9697,11577.75,11402.6699,11500.3799
1150311,1600,11531.5498,11822.5303,11531.5498,11805.9902
1150312,1600,11795.9102,11830.1396,11754.9004,11799.3896
1150313,1600,11845.9004,11903.3301,11744.9297,11901.6104
1150316,1600,11955.8203,12219.0498,11955.3301,12167.7197
1150317,1600,12163.0801,12195.5801,11930.54,11980.8496
1150318,1600,12002.2402,12017.9102,11814.4805,11922.7695
1150319,1600,11897.4805,12001.1299,11787.2998,11899.4004
1150320,1600,11942.1602,12087.6104,11926.8604,12039.3701
1150323,1600,11984.79,11985.1104,11858.0996,11895.8398
1150324,1600,11821.21,12030.5898,11797.6699,12005.6904
1150325,1600,11995.0898,12022.8398,11858.2305,11865.3203
1150326,1600,11736.3398,11849.3896,11619.7197,11843.6797
1150327,1600,11920.2197,11954.0898,11799.0303,11868.3301
1150330,1600,11927.1396,12090.1396,11922.71,12086.0098
1150331,1600,12054.2002,12119.71,11943.1201,11966.1699
1150401,1600,11902.9199,12112.9805,11880.1904,12001.3799
1150402,1600,11991.6201,12020.1104,11948.8301,11967.3896
1150407,1600,12057.3398,12149.3096,12035.7002,12123.5195
1150408,1600,12109.8496,12122.3203,12017.7998,12035.8604
1150409,1600,12099.4297,12166.4404,12047.9102,12166.4404
1150410,1600,12226.9805,12390.75,12214.5098,12374.7305
1150413,1600,12357.2695,12388.1299,12326.71,12338.7305
1150414,1600,12306.3604,12339.8096,12181.2002,12227.5996
1150415,1600,12220.0996,12326.1396,12214.8096,12231.3398
1150416,1600,12224.7598,12227.5898,11997.75,11998.8604
1150417,1600,11942.3604,12019.75,11674.5898,11688.7002
1150420,1600,11736.4004,11903.7002,11727.0195,11891.9102
1150421,1600,11994.8203,12079.0303,11913.3604,11939.5801
1150422,1600,11984.3896,12041.3799,11787.2197,11867.3701
1150423,1600,11887.1396,11940.21,11675.5801,11723.5801
1150424,1600,11783.5596,11881.0498,11711.0996,11810.8496
1150427,1600,11881.25,12050.71,11729.04,12039.1602
1150428,1600,12035.5596,12047.3799,11743.7803,11811.6602
1150429,1600,11864.4004,11885.0498,11410.54,11432.7197
1150430,1600,11440.79,11570.6396,11331.3701,11454.3799
1150504,1600,11506.8398,11656.8896,11411.7695,11619.8496
1150505,1600,11576.1201,11751.2197,11322.6201,11327.6797
1150506,1600,11377.5801,11457.9297,11239.8604,11350.1504
1150507,1600,11265.1299,11437.5703,11167.5498,11407.9697
1150508,1600,11483.0703,11710.4102,11415.29,11709.7305
1150511,1600,11674.5195,11702.1299,11622.0195,11673.3496
1150512,1600,11557.9697,11565.2002,11377.3496,11472.4102
1150513,1600,11532.9697,11596.4697,11301.6299,11351.46
1150514,1600,11299.1904,11579.7998,11218.54,11559.8203
1150515,1600,11593.2002,11632.3604,11383.2305,11447.0303
1150518,1600,11464.7998,11594.96,11378.8604,11594.2803
1150519,1600,11709.8701,11873.2803,11706.8496,11853.3301
1150520,1600,11858.4697,11871.4902,11780.0195,11848.4697
1150521,1600,11815.4297,11868.7002,11758.8096,11864.5898
1150522,1600,11881.4902,11881.8096,11792.3096,11815.0098
1150526,1600,11841.4805,11920.3096,11586.3496,11625.1299
1150527,1600,11647.04,11790.3496,11595.1201,11771.1299
1150528,1600,11716.0801,11773.79,11605.9902,11677.5703
1150529,1600,11685.6602,11704.3896,11403.8203,11413.8203
1150601,1600,11462.9697,11510.9297,11345.0996,11436.0498
1150602,1600,11467.0703,11467.0703,11270.5703,11328.7998
1150603,1600,11359.7998,11515.21,11300.3604,11419.6201
1150604,1600,11370.5703,11449.7002,11187.4297,11340.5996
1150605,1600,11241.4297,11287.2002,11155.0098,11197.1504
1150608,1600,11131.8604,11224.5596,11059.1602,11064.9199
1150609,1600,11025.0801,11071.6104,10864.6797,11001.29
1150610,1600,10970.4102,11299.6104,10939.5098,11265.3896
1150611,1600,11242.8701,11452.9404,11236.5801,11332.7803
1150612,1600,11286.5596,11365.9199,11069.3604,11196.4902
1150615,1600,11053.21,11090.71,10952.7402,10984.9697
1150616,1600,10910.0098,11074.3398,10797.8496,11044.0098
1150617,1600,11066.75,11115.3799,10947.3701,10978.0098
1150618,1600,10937.6699,11109.7598,10806.1504,11100.2998
1150619,1600,11121.2998,11246.2695,10997.9004,11040.0996
1150622,1600,11138.71,11470.25,11138.5498,11460.5
1150623,1600,11552.96,11635.8496,11517.1201,11542.54
1150624,1600,11566.3496,11589.3496,11364.4502,11471.2598
1150625,1600,11410.6201,11594.2402,11352.4004,11473.1299
1150626,1600,11387.1299,11561.8301,11373.4404,11492.4297
1150629,1600,11404.71,11409.8096,10964.2402,11083.2002
1150630,1600,11058.04,11137.1396,10897.9697,10944.9697
1150701,1600,11050.3203,11283.7598,10979.21,11180.5
1150702,1600,11191.2803,11229.0098,11078.5898,11099.3496
1150703,1600,11082.04,11123.1797,11005.7598,11058.3896
1150706,1600,10825.0596,10996.4502,10823.5498,10890.6299
1150707,1600,10930.0195,10946.8701,10663.9902,10676.7803
1150708,1600,10710.29,10802.7998,10652.79,10747.2998
1150709,1600,10795.1104,11035.04,10784.4697,10996.4102
1150710,1600,11170.71,11339.7803,11149.2695,11315.6299
1150713,1600,11489.1699,11506.9805,11421.8203,11484.3799
1150714,1600,11456.54,11519.3604,11414.3896,11516.9004
1150715,1600,11508.3398,11566.0195,11475.96,11539.6602
1150716,1600,11624.4805,11787.5801,11607.1396,11716.7598
1150717,1600,11747.4697,11753.1797,11649.9404,11673.4199
1150720,1600,11679.4697,11802.3701,11678.1299,11735.7197
1150721,1600,11760.0,11773.4902,11583.8799,11604.7998
1150722,1600,11511.1904,11589.6396,11486.3096,11520.6699
1150723,1600,11611.4199,11614.7598,11453.6201,11512.1104
1150724,1600,11467.8301,11542.9004,11334.7695,11347.4502
1150727,1600,11287.7695,11297.5,11052.8604,11056.4004
1150728,1600,11129.9102,11242.4297,11068.3096,11173.9102
1150729,1600,11249.2998,11253.5596,11123.25,11211.8496
1150730,1600,11305.46,11313.2695,11140.6504,11257.1504
1150731,1600,11271.3096,11308.9902,11173.1699,11308.9902
1150803,1600,11295.5,11460.4004,11248.2695,11443.7197
1150804,1600,11408.2305,11476.9004,11380.8096,11456.0703
1150805,1600,11503.21,11655.7402,11497.9199,11636.2998
1150806,1600,11605.5898,11669.8604,11574.9697,11585.0996
1150807,1600,11561.3701,11582.9004,11484.8496,11490.8301
1150810,1600,11545.6299,11618.2998,11431.7598,11604.7803
1150811,1600,11548.0,11561.0,11278.71,11293.6504
1150812,1600,11151.7197,11153.6396,10892.8799,10924.6104
1150813,1600,11098.1699,11153.96,10980.8604,11014.6299
1150814,1600,11010.5,11093.0703,10911.1904,10985.1396
1150817,1600,11044.75,11113.79,10818.71,10940.3301
1150818,1600,10916.71,10976.04,10883.1104,10915.9199
1150819,1600,10819.8496,10848.8398,10681.3604,10682.1504
1150820,1600,10593.2803,10654.5498,10400.9902,10432.1904
1150821,1600,10228.7002,10437.2803,10124.5195,10124.5195
1150824,1600,9805.7197,9935.5303,9338.2002,9648.4297
1150825,1600,9816.5898,10185.8799,9748.9199,10128.1201
1150826,1600,9956.8496,10159.9902,9853.1201,9997.4297
1150827,1600,10271.3301,10382.9502,10222.04,10315.6201
1150828,1600,10335.9199,10336.9199,10186.0703,10298.5303
1150831,1600,10200.9805,10273.5,10132.1504,10259.46
1150901,1600,10073.7402,10119.5303,9928.6504,10015.5703
1150902,1600,10060.3096,10122.2695,9962.25,10048.0498
1150903,1600,10161.3604,10380.3604,10145.7305,10317.8398
1150904,1600,10216.1699,10216.1699,9996.1602,10038.04
1150907,1600,10148.7998,10184.5703,10055.1396,10108.6104
1150908,1600,10198.5996,10371.9004,10198.4502,10271.3604
1150909,1600,10489.29,10512.6104,10301.1797,10303.1201
1150910,1600,10216.0195,10326.5303,10157.3701,10210.4404
1150911,1600,10243.4004,10243.4004,10079.0303,10123.5596
1150914,1600,10112.9004,10225.3701,10084.8701,10131.7402
1150915,1600,10154.7598,10244.8604,10070.1602,10188.1299
1150916,1600,10288.3896,10336.2002,10173.96,10227.21
1150917,1600,10269.3203,10273.2695,10208.5098,10229.5801
1150918,1600,10177.5801,10180.5498,9861.5098,9916.1602
1150921,1600,9837.1299,10000.6201,9785.1104,9948.5098
1150922,1600,9974.4102,9974.7998,9558.96,9570.6602
1150923,1600,9578.0996,9712.46,9492.8604,9612.6201
1150924,1600,9599.9102,9707.6904,9362.2803,9427.6396
1150925,1600,9594.5303,9745.7695,9585.3301,9688.5303
1150928,1600,9633.6797,9677.25,9479.4004,9483.5498
1150929,1600,9346.04,9536.6299,9325.0498,9450.4004
1150930,1600,9674.6104,9732.54,9596.9502,9660.4404
1151001,1600,9757.04,9788.2695,9471.3604,9509.25
1151002,1600,9606.5898,9667.54,9396.3398,9553.0703
1151005,1600,9691.6504,9854.7695,9647.1699,9814.79
1151006,1600,9804.4199,9957.9199,9730.4102,9902.8301
1151007,1600,9968.5596,10093.0996,9932.4199,9970.4004
1151008,1600,9942.7803,10027.4199,9911.0498,9993.0703
1151009,1600,10100.7803,10146.8799,10049.3896,10096.5996
1151012,1600,10128.4902,10187.0898,10057.5898,10119.8301
1151013,1600,10106.6699,10107.8604,9939.96,10032.8203
1151014,1600,9948.4902,10036.2305,9890.46,9915.8496
1151015,1600,9999.6396,10088.4697,9957.3896,10064.7998
1151016,1600,10128.8096,10166.79,10058.5303,10104.4297
1151019,1600,10084.6104,10205.0303,10084.6104,10164.3096
1151020,1600,10174.7998,10194.5303,10080.1904,10147.6797
1151021,1600,10185.4199,10277.5898,10107.9199,10238.0996
1151022,1600,10213.0098,10508.25,10194.7402,10491.9697
1151023,1600,10610.3301,10847.4697,10586.96,10794.54
1151026,1600,10791.1797,10863.0898,10756.8301,10801.3398
1151027,1600,10761.3701,10807.4102,10692.1904,10692.1904
1151028,1600,10728.1602,10848.4102,10691.6299,10831.96
1151029,1600,10867.1904,10886.9805,10741.1396,10800.8398
1151030,1600,10842.5195,10850.5801,10748.7002,10850.1396
1151102,1600,10749.9805,10977.1797,10744.3701,10950.6699
1151103,1600,10945.3496,10972.2803,10883.9404,10951.1504
1151104,1600,10957.0596,10990.7197,10825.5498,10845.2402
1151105,1600,10847.5,10963.9004,10784.2803,10887.7402
1151106,1600,10872.9805,11055.4502,10843.4805,10988.0303
1151109,1600,10993.2402,10995.4805,10807.1699,10815.4502
1151110,1600,10846.96,10863.5596,10728.9502,10832.5195
1151111,1600,10843.6797,10994.54,10843.6797,10907.8701
1151112,1600,10895.7402,10957.6104,10735.1699,10782.6299
1151113,1600,10764.5703,10811.7803,10607.46,10708.4004
1151116,1600,10609.1396,10763.6504,10608.8301,10713.2305
1151117,1600,10810.9199,10971.04,10782.9102,10971.04
1151118,1600,10901.7402,10989.5498,10877.5996,10959.9502
1151119,1600,11061.8799,11150.7402,11045.5303,11085.4404
1151120,1600,11123.8096,11164.2998,11049.3496,11119.8301
1151123,1600,11105.9199,11126.3398,11049.9902,11092.3096
1151124,1600,11064.7803,11064.96,10869.2002,10933.9902
1151125,1600,10958.4004,11186.6797,10921.71,11169.54
1151126,1600,11180.9404,11366.3701,11176.5596,11320.7695
1151127,1600,11277.9102,11354.0098,11247.1396,11293.7598
1151130,1600,11268.3096,11430.8701,11253.3701,11382.2305
1151201,1600,11422.4697,11430.3799,11235.9697,11261.2402
1151202,1600,11301.5098,11329.79,11188.0303,11190.0195
1151203,1600,11173.79,11318.7998,10780.6299,10789.2402
1151204,1600,10770.1602,10814.8203,10632.7695,10752.0996
1151207,1600,10832.4199,10992.5498,10806.5195,10886.0898
1151208,1600,10872.6797,10895.5,10616.2402,10673.5996
1151209,1600,10719.7002,10719.7002,10554.54,10592.4902
1151210,1600,10547.5195,10662.7695,10500.0303,10598.9297
1151211,1600,10572.8604,10596.0303,10294.25,10340.0596
1151214,1600,10406.71,10448.6504,10122.9502,10139.3398
1151215,1600,10239.7998,10482.75,10237.4805,10450.3799
1151216,1600,10476.0596,10572.5498,10423.7803,10469.2598
1151217,1600,10685.2998,10829.6201,10656.3896,10738.1201
1151218,1600,10639.9805,10735.8496,10543.0498,10608.1904
1151221,1600,10607.2002,10796.0303,10497.7695,10497.7695
1151222,1600,10598.1904,10623.9805,10400.6104,10488.75
1151223,1600,10623.5596,10743.3203,10595.2695,10727.6396
1151228,1600,10748.3701,10756.1699,10627.46,10653.9102
1151229,1600,10744.96,10860.1396,10731.6299,10860.1396
1151230,1600,10855.1699,10857.4297,10743.0098,10743.0098
1160104,1600,10485.8096,10485.9102,10248.5801,10283.4404
1160105,1600,10373.2695,10384.2598,10173.5195,10310.0996
1160106,1600,10288.6797,10288.6797,10094.1797,10214.0195
1160107,1600,10144.1699,10145.4697,9810.4697,9979.8496
1160108,1600,10010.4697,10122.46,9849.3398,9849.3398
1160111,1600,9814.04,9978.6904,9813.0195,9825.0703
1160112,1600,9832.8203,10092.6699,9832.8203,9985.4297
1160113,1600,10112.3496,10164.0498,9929.0703,9960.96
1160114,1600,9836.8496,9884.2695,9614.7695,9794.2002
1160115,1600,9778.3604,9832.9199,9459.0898,9545.2695
1160118,1600,9542.5996,9657.9404,9457.9502,9521.8496
1160119,1600,9722.6396,9756.1396,9626.6504,9664.21
1160120,1600,9430.1299,9490.4502,9314.5703,9391.6396
1160121,1600,9400.6904,9656.3301,9348.7402,9574.1602
1160122,1600,9762.5498,9837.6201,9704.9004,9764.8799
1160125,1600,9790.4404,9800.4902,9681.7002,9736.1504
1160126,1600,9599.5596,9867.1797,9563.6396,9822.75
1160127,1600,9781.4199,9880.8203,9728.6396,9880.8203
1160128,1600,9826.2803,9905.0801,9594.7998,9639.5898
1160129,1600,9772.5801,9798.3799,9656.3604,9798.1104
1160201,1600,9823.7305,9827.0996,9638.5801,9757.8799
1160202,1600,9721.1797,9729.2305,9536.9697,9581.04
1160203,1600,9541.5303,9577.2002,9350.9805,9434.8203
1160204,1600,9522.6699,9539.9199,9270.0898,9393.3604
1160205,1600,9375.29,9469.71,9250.8398,9286.2305
1160208,1600,9329.8701,9337.5195,8937.9805,8979.3604
1160209,1600,8980.71,9041.9004,8772.8799,8879.4004
1160210,1600,8937.9805,9128.54,8875.4502,9017.29
1160211,1600,8887.8896,8899.5703,8699.29,8752.8701
1160212,1600,8854.4004,8967.5098,8815.7695,8967.5098
1160215,1600,9163.54,9249.46,9134.7598,9206.8398
1160216,1600,9242.75,9269.0596,9079.1904,9135.1104
1160217,1600,9174.2803,9394.6201,9156.1396,9377.21
1160218,1600,9428.0098,9551.8701,9349.9502,9463.6396
1160219,1600,9420.5098,9474.0195,9319.0996,9388.0498
1160222,1600,9481.3701,9581.4502,9477.6904,9573.5898
1160223,1600,9503.1201,9535.1201,9405.2197,9416.7695
1160224,1600,9396.4805,9415.3301,9125.1904,9167.7998
1160225,1600,9277.0195,9391.3096,9199.0898,9331.4805
1160226,1600,9454.5195,9576.8799,9436.3301,9513.2998
1160229,1600,9424.9297,9498.5703,9332.4199,9495.4004
1160301,1600,9482.6602,9719.0195,9471.0898,9717.1602
1160302,1600,9780.8398,9837.1104,9695.9805,9776.6201
1160303,1600,9807.0596,9808.5195,9709.6797,9751.9199
1160304,1600,9800.8604,9899.1104,9742.7598,9824.1699
1160307,1600,9764.0801,9803.7305,9690.0,9778.9297
1160308,1600,9688.4697,9785.0498,9617.6904,9692.8203
1160309,1600,9700.1602,9838.9502,9679.1904,9723.0898
1160310,1600,9697.6396,9995.8398,9498.1504,9498.1504
1160311,1600,9672.0498,9833.9004,9642.79,9831.1299
1160314,1600,9948.21,10039.6104,9936.0596,9990.2598
1160315,1600,9941.46,9973.5801,9890.1201,9933.8496
1160316,1600,9971.04,10021.7002,9917.9199,9983.4102
1160317,1600,10051.6904,10055.29,9753.04,9892.2002
1160318,1600,9905.6699,9961.4805,9822.5195,9950.7998
1160321,1600,9893.2598,10095.46,9863.8301,9948.6396
1160322,1600,9836.2803,9990.0,9762.5703,9990.0
1160323,1600,10046.9404,10112.1699,9964.6299,10022.9297
1160324,1600,9974.5996,9977.9902,9845.3701,9851.3496
1160329,1600,9900.8799,9947.0303,9808.4805,9887.9404
1160330,1600,9951.6797,10097.7002,9947.2598,10046.6104
1160331,1600,9997.4404,10021.3398,9947.0195,9965.5098
1160401,1600,9833.2598,9851.3096,9675.5,9794.6396
1160404,1600,9789.7695,9907.0498,9732.8203,9822.0801
1160405,1600,9647.8096,9661.2998,9553.1699,9563.3604
1160406,1600,9582.46,9635.9102,9505.9004,9624.5098
1160407,1600,9648.5498,9702.1797,9484.75,9530.6201
1160408,1600,9576.4004,9675.0303,9572.5703,9622.2598
1160411,1600,9595.5596,9751.9297,9524.6602,9682.9902
1160412,1600,9716.75,9770.4697,9617.8301,9761.4697
1160413,1600,9901.1299,10026.0996,9893.4199,10026.0996
1160414,1600,10042.2803,10098.4404,10016.1699,10093.6504
1160415,1600,10063.8896,10070.04,10020.3398,10051.5703
1160418,1600,9933.7002,10147.8496,9920.9004,10120.3096
1160419,1600,10170.1797,10370.7998,10150.6699,10349.5898
1160420,1600,10312.6396,10440.1299,10304.1396,10421.29
1160421,1600,10456.9902,10474.3799,10341.9697,10435.7305
1160422,1600,10377.2197,10422.8604,10324.8301,10373.4902
1160425,1600,10379.1602,10399.2998,10233.4199,10294.3496
1160426,1600,10359.7695,10385.2305,10213.5498,10259.5898
1160427,1600,10283.0996,10323.25,10220.5703,10299.8301
1160428,1600,10222.1104,10331.9297,10125.5195,10321.1504
1160429,1600,10235.4697,10252.0801,10038.9697,10038.9697
1160502,1600,10091.1699,10153.9004,10066.3398,10123.2695
1160503,1600,10052.5498,10061.9502,9918.4297,9926.7695
1160504,1600,9925.25,9959.4199,9812.7305,9828.25
1160505,1600,9849.7002,9921.3701,9805.5498,9851.8604
1160506,1600,9805.3896,9917.6299,9737.0,9869.9502
1160509,1600,9929.1904,10068.5303,9878.71,9980.4902
1160510,1600,10057.5303,10106.9297,9994.5801,10045.4404
1160511,1600,10055.4004,10055.7002,9950.1104,9975.3203
1160512,1600,9899.9004,10078.1904,9838.1201,9862.1201
1160513,1600,9794.8301,9979.9297,9767.9404,9952.9004
1160517,1600,10016.79,10080.3096,9846.9102,9890.1904
1160518,1600,9828.0498,9946.2695,9811.8604,9943.2305
1160519,1600,9847.6396,9899.8604,9773.7197,9795.8896
1160520,1600,9878.4902,9921.5898,9852.71,9916.0195
1160523,1600,9891.3799,9971.7402,9811.7402,9842.29
1160524,1600,9798.9404,10077.6504,9773.7998,10057.3096
1160525,1600,10143.3701,10233.0596,10130.6797,10205.21
1160526,1600,10213.8701,10286.2305,10207.0898,10272.71
1160527,1600,10257.9102,10298.7598,10241.9805,10286.3096
1160530,1600,10293.4297,10338.4102,10286.3301,10333.2305
1160531,1600,10356.1396,10365.2402,10243.2197,10262.7402
1160601,1600,10242.7803,10283.8203,10160.2402,10204.4404
1160602,1600,10199.2002,10241.75,10156.8604,10208.0
1160603,1600,10237.5801,10282.7197,10040.8701,10103.2598
1160606,1600,10105.0898,10148.96,10092.8604,10121.0801
1160607,1600,10196.1699,10312.5303,10183.1904,10287.6797
1160608,1600,10246.4902,10266.3701,10177.4404,10217.0303
1160609,1600,10184.4805,10187.0703,10050.0303,10088.8701
1160610,1600,10024.6904,10026.4902,9819.1201,9834.6201
1160613,1600,9715.7803,9755.2305,9657.4404,9657.4404
1160614,1600,9595.1699,9620.8398,9507.5098,9519.2002
1160615,1600,9589.4697,9665.21,9567.1504,9606.71
1160616,1600,9480.4297,9582.3799,9432.8701,9550.4697
1160617,1600,9620.9199,9705.29,9578.1504,9631.3604
1160620,1600,9850.5898,9996.5596,9850.5898,9962.0195
1160621,1600,9943.8398,10051.0703,9930.0996,10015.54
1160622,1600,10084.7402,10149.8096,10043.6797,10071.0596
1160623,1600,10122.4697,10340.8398,10104.9199,10257.0303
1160624,1600,9237.6201,9720.1201,9226.1504,9557.1602
1160627,1600,9516.9199,9589.2803,9214.0996,9268.6602
1160628,1600,9458.3799,9554.4102,9419.3799,9447.2803
1160629,1600,9557.6904,9640.3896,9506.29,9612.2695
1160630,1600,9566.0703,9695.5898,9513.5195,9680.0898
1160701,1600,9742.8398,9806.4697,9657.6299,9776.1201
1160704,1600,9797.6602,9808.9902,9701.1504,9709.0898
1160705,1600,9656.0498,9659.4102,9506.8398,9532.6104
1160706,1600,9449.5703,9530.5898,9304.0098,9373.2598
1160707,1600,9437.4697,9507.9102,9399.6904,9418.7803
1160708,1600,9392.2002,9655.9199,9389.0498,9629.6602
1160711,1600,9744.7998,9841.8604,9690.1797,9833.4102
1160712,1600,9850.4004,10013.4902,9841.1104,9964.0703
1160713,1600,9941.9902,10001.8701,9919.4102,9930.71
1160714,1600,10058.4902,10109.8604,9984.5498,10068.2998
1160715,1600,10031.1797,10098.75,9987.0498,10066.9004
1160718,1600,10079.0303,10160.2998,10011.8398,10063.1299
1160719,1600,10038.9502,10050.7695,9923.6396,9981.2402
1160720,1600,10054.54,10146.71,9991.6504,10142.0098
1160721,1600,10195.4004,10195.6504,10090.1201,10156.21
1160722,1600,10130.5098,10181.2402,10073.2803,10147.46
1160725,1600,10155.2002,10264.0596,10125.2197,10198.2402
1160726,1600,10199.6602,10275.4102,10150.0,10247.7598
1160727,1600,10314.4297,10352.3203,10298.4004,10319.5498
1160728,1600,10309.9199,10381.9004,10264.3896,10274.9297
1160729,1600,10320.8203,10355.3096,10287.3203,10337.5
1160801,1600,10426.3604,10459.3398,10277.3701,10330.5195
1160802,1600,10328.8701,10330.6396,10128.9805,10144.3398
1160803,1600,10150.1299,10189.1504,10092.5303,10170.21
1160804,1600,10237.0801,10282.1699,10182.4004,10227.8604
1160805,1600,10242.8799,10374.3301,10216.6396,10367.21
1160808,1600,10407.5,10478.75,10403.4697,10432.3604
1160809,1600,10438.5996,10701.3301,10433.79,10692.9004
1160810,1600,10676.9004,10708.25,10635.1104,10650.8896
1160811,1600,10687.5703,10742.8398,10635.4199,10742.8398
1160812,1600,10718.3301,10735.1104,10685.5195,10713.4297
1160815,1600,10719.1396,10802.3203,10712.1299,10739.21
1160816,1600,10666.7197,10737.0703,10634.6797,10676.6504
1160817,1600,10694.5498,10696.7598,10516.0498,10537.6699
1160818,1600,10613.0801,10625.3301,10548.9697,10603.0303
1160819,1600,10613.2305,10618.1104,10490.96,10544.3604
1160822,1600,10528.8799,10656.25,10443.4805,10494.3496
1160823,1600,10542.9502,10627.0,10516.2695,10592.8799
1160824,1600,10531.1396,10653.1699,10515.1602,10622.9697
1160825,1600,10576.5596,10576.5596,10470.7305,10529.5898
1160826,1600,10512.21,10613.0596,10484.0303,10587.7695
1160829,1600,10503.8799,10566.6904,10441.8096,10544.4404
1160830,1600,10588.71,10688.4805,10588.4805,10657.6396
1160831,1600,10627.1797,10666.8096,10591.4404,10592.6904
1160901,1600,10622.3301,10676.3203,10492.29,10534.3096
1160902,1600,10570.7002,10693.6396,10516.8096,10683.8203
1160905,1600,10712.1699,10740.3896,10671.5498,10672.2197
1160906,1600,10704.8896,10742.4902,10657.4297,10687.1396
1160907,1600,10706.8604,10775.9297,10659.7305,10752.9805
1160908,1600,10749.8203,10780.4199,10570.0596,10675.29
1160909,1600,10641.8096,10671.6602,10539.3096,10573.4404
1160912,1600,10380.46,10431.9004,10299.3799,10431.7695
1160913,1600,10483.0703,10507.04,10382.8496,10386.5996
1160914,1600,10410.2998,10450.4102,10369.7197,10378.4004
1160915,1600,10360.8398,10446.4004,10337.2305,10431.2002
1160916,1600,10403.6699,10427.2002,10262.1904,10276.1699
1160919,1600,10349.8701,10381.9297,10326.75,10373.8701
1160920,1600,10374.6797,10465.9502,10371.6201,10393.8604
1160921,1600,10496.4297,10535.25,10427.2197,10436.4902
1160922,1600,10518.5303,10705.4004,10517.7998,10674.1797
1160923,1600,10662.4902,10675.6201,10610.9502,10626.9697
1160926,1600,10555.1904,10560.8301,10385.6299,10393.71
1160927,1600,10451.4004,10455.8799,10265.6904,10361.4805
1160928,1600,10425.8896,10518.3604,10417.1504,10438.3398
1160929,1600,10545.5996,10575.3398,10370.2305,10405.54
1160930,1600,10240.6904,10531.2598,10189.9404,10511.0195
1161004,1600,10492.9697,10646.7197,10492.25,10619.6104
1161005,1600,10535.6201,10622.4404,10486.6299,10585.7803
1161006,1600,10641.1299,10641.1299,10537.6797,10568.7998
1161007,1600,10549.6904,10579.0898,10465.3496,10490.8604
1161010,1600,10496.0098,10639.4102,10454.9805,10624.0801
1161011,1600,10600.9404,10692.3604,10568.7197,10577.1602
1161012,1600,10572.7197,10604.0,10503.2002,10523.0703
1161013,1600,10425.79,10430.8301,10349.0596,10414.0703
1161014,1600,10450.0596,10615.2998,10449.4697,10580.3799
1161017,1600,10544.6904,10583.7002,10491.2803,10503.5703
1161018,1600,10560.1396,10657.3398,10543.6904,10631.5498
1161019,1600,10626.9902,10672.2197,10587.71,10645.6797
1161020,1600,10665.75,10748.4102,10592.8896,10701.3896
1161021,1600,10710.5098,10737.2598,10672.3496,10710.7305
1161024,1600,10743.8701,10820.0801,10743.8701,10761.1699
1161025,1600,10786.25,10827.7197,10738.3604,10757.3096
1161026,1600,10726.2197,10737.79,10632.29,10709.6797
1161027,1600,10691.8604,10772.6699,10656.1797,10717.0801
1161028,1600,10634.9902,10716.1602,10583.5703,10696.1904
1161031,1600,10658.6699,10687.7402,10634.3398,10665.0098
1161101,1600,10724.1396,10730.4805,10506.3896,10526.1602
1161102,1600,10443.5195,10460.9297,10368.2002,10370.9297
1161103,1600,10341.8604,10406.7197,10325.8799,10325.8799
1161104,1600,10281.8701,10286.3896,10212.5303,10259.1299
1161107,1600,10410.5596,10456.9502,10381.1396,10456.9502
1161108,1600,10449.5195,10486.04,10414.8301,10482.3203
1161109,1600,10181.8896,10646.5498,10174.9199,10646.0098
1161110,1600,10710.04,10793.9697,10575.96,10630.1201
1161111,1600,10702.8799,10714.4697,10584.3096,10667.9502
1161114,1600,10750.6201,10802.3896,10677.0898,10693.6904
1161115,1600,10720.9297,10748.3096,10666.1699,10735.1396
1161116,1600,10726.3398,10735.4697,10610.2695,10663.8701
1161117,1600,10640.3604,10686.8799,10604.3203,10685.54
1161118,1600,10735.0498,10737.9805,10649.1201,10664.5596
1161121,1600,10697.9502,10727.0898,10595.1396,10685.1299
1161122,1600,10745.6699,10767.7305,10707.8701,10713.8496
1161123,1600,10718.8896,10742.6602,10602.21,10662.4404
1161124,1600,10689.1602,10715.6504,10653.6201,10689.2598
1161125,1600,10700.1699,10710.1602,10649.3701,10699.2695
1161128,1600,10655.9199,10658.3604,10554.9404,10582.6699
1161129,1600,10562.1504,10624.7598,10539.2305,10620.4902
1161130,1600,10615.79,10691.6699,10606.04,10640.2998
1161201,1600,10593.0596,10627.0996,10502.54,10534.0498
1161202,1600,10436.4805,10545.3701,10402.5898,10513.3496
1161205,1600,10494.6396,10730.7402,10493.6201,10684.8301
1161206,1600,10685.0,10786.2598,10668.6699,10775.3203
1161207,1600,10885.0498,10988.79,10873.8096,10986.6904
1161208,1600,11035.7598,11193.0996,10990.5996,11179.4199
1161209,1600,11170.1797,11231.6904,11145.9805,11203.6299
1161212,1600,11198.4199,11213.04,11141.8604,11190.21
1161213,1600,11194.6699,11300.4404,11191.6396,11284.6504
1161214,1600,11254.4697,11281.4297,11235.2402,11244.8398
1161215,1600,11267.0303,11387.1104,11267.0303,11366.4004
1161216,1600,11368.6396,11451.5703,11357.1504,11404.0098
1161219,1600,11384.0303,11426.7002,11380.1201,11426.7002
1161220,1600,11415.2998,11472.0801,11406.9502,11464.7402
1161221,1600,11445.2305,11479.8799,11440.29,11468.6396
1161222,1600,11444.4102,11475.7598,11428.7695,11456.0996
1161223,1600,11477.2305,11480.1797,11409.4297,11449.9297
1161227,1600,11457.9102,11481.46,11451.5498,11472.2402
1161228,1600,11469.4502,11475.8896,11459.4004,11474.9902
1161229,1600,11411.3604,11459.1904,11404.8203,11451.0498
1161230,1600,11443.3096,11481.6602,11405.7695,11481.0596
1170102,1600,11426.3799,11617.2803,11414.8203,11598.3301
1170103,1600,11631.7002,11637.3701,11561.2305,11584.2402
1170104,1600,11609.5303,11616.0898,11531.4297,11584.3096
1170105,1600,11537.7305,11602.54,11537.4004,11584.9404
1170106,1600,11560.5195,11605.7402,11547.0498,11599.0098
1170109,1600,11606.8896,11606.8896,11522.3496,11563.9902
1170110,1600,11583.2402,11606.9502,11544.9902,11583.2998
1170111,1600,11587.5303,11692.2695,11524.9902,11646.1699
1170112,1600,11599.2402,11606.4297,11491.8701,11521.04
1170113,1600,11576.7803,11635.5498,11554.4502,11629.1797
1170116,1600,11537.4502,11579.0498,11535.96,11554.71
1170117,1600,11521.5,11583.4297,11425.1396,11540.0
1170118,1600,11592.1201,11599.3896,11529.7598,11599.3896
1170119,1600,11624.1104,11644.8799,11578.9102,11596.8896
1170120,1600,11568.9004,11636.79,11547.04,11630.1299
1170123,1600,11545.9697,11605.29,11508.8301,11545.75
1170124,1600,11554.7998,11596.1797,11538.0498,11594.9404
1170125,1600,11677.6299,11827.7305,11669.2998,11806.0498
1170126,1600,11867.9102,11893.0801,11819.7598,11848.6299
1170127,1600,11841.7197,11844.6797,11798.2598,11814.2695
1170130,1600,11786.3096,11792.3301,11659.3496,11681.8896
1170131,1600,11692.5303,11733.1602,11535.3096,11535.3096
1170201,1600,11646.4199,11723.3896,11622.5996,11659.5
1170202,1600,11628.2803,11675.9805,11603.6504,11627.9502
1170203,1600,11636.2305,11696.9404,11627.9805,11651.4902
1170206,1600,11628.0303,11679.9102,11509.5801,11509.8398
1170207,1600,11498.4902,11606.2598,11483.8301,11549.4404
1170208,1600,11546.9297,11591.2598,11479.7803,11543.3799
1170209,1600,11584.4004,11657.2402,11548.1797,11642.8604
1170210,1600,11698.7002,11711.5498,11645.1299,11666.9697
1170213,1600,11697.9902,11812.6904,11684.9102,11774.4297
1170214,1600,11766.9902,11787.8203,11752.6797,11771.8096
1170215,1600,11834.4805,11848.04,11725.3799,11793.9297
1170216,1600,11778.9902,11814.7002,11728.3799,11757.2402
1170217,1600,11759.5703,11775.4004,11693.7002,11757.0195
1170220,1600,11831.71,11841.0596,11804.7197,11827.6201
1170221,1600,11817.9697,11987.5801,11798.4805,11967.4902
1170222,1600,11989.71,12031.1104,11966.0195,11998.5898
1170223,1600,11994.0596,12015.9805,11925.8799,11947.8301
1170224,1600,11920.9004,11934.6396,11722.3496,11804.0303
1170227,1600,11858.1396,11860.8203,11792.5098,11822.6699
1170228,1600,11847.0898,11853.5,11780.8301,11834.4102
1170301,1600,11915.0303,12074.0195,11913.8398,12067.1904
1170302,1600,12052.7998,12082.5898,12041.9004,12059.5703
1170303,1600,11998.0596,12058.21,11995.4004,12027.3604
1170306,1600,11956.8096,11998.8301,11921.5703,11958.4004
1170307,1600,11963.7598,11988.8701,11935.3301,11966.1396
1170308,1600,11922.8604,12017.2803,11922.3096,11967.3096
1170309,1600,11923.5098,12024.7002,11917.7803,11978.3896
1170310,1600,12018.4805,12067.0703,11936.8096,11963.1797
1170313,1600,11954.7998,12006.0098,11949.0303,11990.0303
1170314,1600,11987.3398,12002.75,11930.3799,11988.79
1170315,1600,12000.4404,12027.0498,11977.3203,12009.8701
1170316,1600,12140.2998,12156.4404,12046.0703,12083.1797
1170317,1600,12039.2402,12117.9004,12018.2695,12095.2402
1170320,1600,12050.8096,12082.3096,12033.2402,12052.9004
1170321,1600,12083.0098,12111.2402,11938.4199,11962.1299
1170322,1600,11870.7803,11934.3496,11850.2695,11904.1201
1170323,1600,11914.2002,12043.6699,11896.6797,12039.6797
1170324,1600,12033.2695,12082.6699,12010.3301,12064.2695
1170327,1600,11957.6504,11996.3496,11916.0703,11996.0703
1170328,1600,12062.6904,12158.7197,12045.1699,12149.4199
1170329,1600,12195.8604,12233.7598,12180.8301,12203.0
1170330,1600,12220.6396,12258.3701,12200.3398,12256.4297
1170331,1600,12241.5703,12313.29,12230.1699,12312.8701
1170403,1600,12368.8203,12375.5801,12256.9404,12257.2002
1170404,1600,12255.7197,12288.7803,12225.3799,12282.3398
1170405,1600,12280.0596,12293.1299,12212.1699,12217.54
1170406,1600,12147.3701,12242.5,12119.04,12230.8896
1170407,1600,12174.5098,12225.0596,12144.9805,12225.0596
1170410,1600,12244.5,12246.8799,12178.0996,12200.5195
1170411,1600,12149.4004,12221.4297,12049.9297,12139.3496
1170412,1600,12174.96,12242.7598,12123.1201,12154.7002
1170413,1600,12137.5703,12147.7002,12089.9404,12109.0
1170418,1600,12135.6104,12162.4697,11996.7402,12000.4404
1170419,1600,12014.0303,12040.2305,12001.8604,12016.4502
1170420,1600,11968.0596,12050.6602,11941.5703,12027.3203
1170421,1600,12032.7803,12091.3301,12009.1201,12048.5703
1170424,1600,12296.5596,12456.1797,12289.3701,12454.9805
1170425,1600,12457.8301,12482.9004,12439.1104,12467.04
1170426,1600,12466.5,12486.29,12442.3701,12472.7998
1170427,1600,12440.0098,12478.2803,12426.9902,12443.79
1170428,1600,12417.8896,12462.1104,12414.0996,12438.0098
1170502,1600,12478.46,12511.1699,12433.5098,12507.9004
1170503,1600,12502.3604,12532.25,12477.8701,12527.8398
1170504,1600,12552.0596,12648.2197,12539.71,12647.7803
1170505,1600,12601.46,12718.6602,12591.75,12716.8896
1170508,1600,12758.4805,12762.04,12659.7002,12694.5498
1170509,1600,12732.7402,12783.2305,12703.96,12749.1201
1170510,1600,12728.9697,12776.0801,12715.6699,12757.46
1170511,1600,12767.1299,12772.8799,12662.4902,12711.0596
1170512,1600,12728.8398,12771.0,12714.3799,12770.4102
1170515,1600,12824.0498,12832.29,12729.4902,12807.04
1170516,1600,12787.6904,12841.6602,12776.0195,12804.5303
1170517,1600,12700.1201,12786.8896,12587.4502,12631.6104
1170518,1600,12608.1904,12634.2598,12489.9502,12590.0596
1170519,1600,12612.2998,12658.5498,12596.7197,12638.6904
1170522,1600,12664.9697,12670.2598,12571.0596,12619.46
1170523,1600,12597.54,12703.7402,12593.3301,12659.1504
1170524,1600,12631.3896,12662.0498,12617.7598,12642.8701
1170525,1600,12693.8398,12697.6602,12543.7695,12621.7197
1170526,1600,12604.4004,12611.4902,12529.5098,12602.1797
1170529,1600,12588.7998,12633.3701,12578.5801,12628.9502
1170530,1600,12583.8203,12648.0996,12567.2197,12598.6797
1170531,1600,12612.5195,12709.1299,12582.7998,12615.0596
1170601,1600,12623.6104,12677.5996,12621.5303,12664.9199
1170602,1600,12735.0,12878.5898,12734.7803,12822.9404
1170606,1600,12768.46,12788.3398,12679.5801,12690.1201
1170607,1600,12659.9697,12746.4199,12640.5195,12672.4902
1170608,1600,12688.54,12740.3604,12684.71,12713.5801
1170609,1600,12711.5303,12821.0303,12711.5303,12815.7197
1170612,1600,12760.3896,12782.7305,12666.3896,12690.4404
1170613,1600,12739.5,12790.2998,12727.8301,12764.9805
1170614,1600,12798.2598,12921.1699,12788.7002,12805.9502
1170615,1600,12801.9102,12804.4697,12620.9004,12691.8096
1170616,1600,12746.0498,12762.3496,12707.5898,12752.7305
1170619,1600,12849.9902,12912.8496,12833.0098,12888.9502
1170620,1600,12938.04,12951.54,12814.7598,12814.79
1170621,1600,12792.3203,12804.4199,12708.9902,12774.2598
1170622,1600,12758.6602,12806.0195,12717.29,12794.0
1170623,1600,12757.9697,12787.2197,12677.4004,12733.4102
1170626,1600,12783.8896,12841.3096,12752.75,12770.8301
1170627,1600,12728.5,12751.2002,12644.9502,12671.0195
1170628,1600,12586.0596,12671.2803,12536.8604,12647.2695
1170629,1600,12707.4805,12729.1797,12396.1299,12416.1904
1170630,1600,12424.5,12459.6904,12319.0,12325.1201
1170703,1600,12396.3398,12486.29,12390.7305,12475.3096
1170704,1600,12413.5996,12481.8096,12411.5596,12437.1299
1170705,1600,12432.4102,12496.8203,12406.6904,12453.6797
1170706,1600,12474.5098,12490.7197,12316.4297,12381.25
1170707,1600,12376.1904,12388.6797,12339.9102,12388.6797
1170710,1600,12464.96,12482.9502,12406.2002,12445.9199
1170711,1600,12479.6699,12539.1797,12417.8496,12437.0195
1170712,1600,12469.8496,12648.1904,12468.1602,12626.5801
1170713,1600,12614.1299,12676.5195,12613.5195,12641.3301
1170714,1600,12642.6504,12662.0098,12577.3301,12631.7197
1170717,1600,12652.3701,12656.1299,12542.96,12587.1602
1170718,1600,12540.9297,12572.8604,12384.6104,12430.3896
1170719,1600,12468.0596,12475.1699,12418.6699,12452.0498
1170720,1600,12514.8398,12575.5195,12392.1904,12447.25
1170721,1600,12424.7998,12464.1201,12190.8896,12240.0596
1170724,1600,12228.6299,12235.8496,12142.0098,12208.9502
1170725,1600,12228.3203,12301.6699,12211.1396,12264.3096
1170726,1600,12260.2998,12341.0303,12255.7402,12305.1104
1170727,1600,12230.0898,12293.9004,12176.0195,12212.04
1170728,1600,12151.3799,12183.7695,12098.5703,12162.7002
1170731,1600,12141.5303,12210.2998,12097.3604,12118.25
1170801,1600,12147.8896,12302.3799,12092.0596,12251.29
1170802,1600,12269.9004,12275.0,12153.54,12181.4805
1170803,1600,12130.7598,12184.5996,12099.1299,12154.7197
1170804,1600,12138.0898,12321.9805,12123.6602,12297.7197
1170807,1600,12305.7402,12336.0,12225.7695,12257.1699
1170808,1600,12239.7803,12329.9697,12184.5898,12292.0498
1170809,1600,12191.3701,12227.5195,12100.1201,12154.0
1170810,1600,12158.6904,12158.9199,11993.7305,12014.2998
1170811,1600,11961.5996,12046.8896,11934.9199,12014.0596
1170814,1600,12100.1699,12195.4297,12097.0,12165.1201
1170815,1600,12208.2998,12234.6396,12156.8701,12177.04
1170816,1600,12250.0195,12301.4004,12240.8301,12263.8604
1170817,1600,12236.5996,12290.0498,12184.2695,12203.46
1170818,1600,12103.5098,12178.0898,12080.7402,12165.1904
1170821,1600,12105.7197,12149.5801,12021.7002,12065.9902
1170822,1600,12151.7598,12234.79,12124.1504,12229.3398
1170823,1600,12227.2305,12269.9199,12155.7402,12174.2998
1170824,1600,12196.1797,12254.75,12169.54,12180.8301
1170825,1600,12194.7305,12249.4404,12132.5,12167.9404
1170828,1600,12105.4902,12173.5303,12064.3604,12123.4697
1170829,1600,12031.1201,12032.3203,11868.8398,11945.8799
1170830,1600,12026.4502,12040.8203,11989.6104,12002.4697
1170831,1600,12098.5703,12115.5498,12034.1797,12055.8398
1170901,1600,12101.1504,12191.2305,12085.3096,12142.6396
1170904,1600,12051.7998,12138.4102,12050.5303,12102.21
1170905,1600,12125.4199,12210.25,12100.2598,12123.71
1170906,1600,12071.9004,12260.7598,12066.8398,12214.54
1170907,1600,12284.1396,12363.5996,12265.5098,12296.6299
1170908,1600,12261.8096,12321.6104,12245.3301,12303.9805
1170911,1600,12381.5195,12481.7695,12381.3301,12475.2402
1170912,1600,12527.4404,12558.0303,12512.5898,12524.7695
1170913,1600,12489.25,12565.8496,12489.25,12553.5703
1170914,1600,12524.1201,12552.1602,12499.5498,12540.4502
1170915,1600,12525.3604,12561.3496,12506.9404,12518.8096
1170918,1600,12593.5498,12613.5596,12537.0703,12559.3896
1170919,1600,12556.46,12566.2002,12527.9004,12561.79
1170920,1600,12550.9199,12593.25,12518.2197,12569.1699
1170921,1600,12601.9502,12621.2803,12582.04,12600.0303
1170922,1600,12569.6602,12646.5596,12568.7998,12592.3496
1170925,1600,12573.3496,12633.0596,12564.8398,12594.8096
1170926,1600,12557.4404,12629.9297,12551.8701,12605.2002
1170927,1600,12630.4004,12685.1904,12625.5498,12657.4102
1170928,1600,12682.3701,12708.7002,12666.0303,12704.6504
1170929,1600,12725.8701,12828.8604,12722.3799,12828.8604
1171002,1600,12866.2695,12902.6504,12849.5898,12902.6504
1171004,1600,12955.8896,12976.2402,12893.75,12970.5195
1171005,1600,12950.1797,12969.4004,12933.5596,12968.0498
1171006,1600,12979.3398,12993.5303,12941.1504,12955.9404
1171009,1600,12975.8604,12996.6396,12943.5498,12976.4004
1171010,1600,12959.7197,12980.4502,12909.2803,12949.25
1171011,1600,12965.2803,12976.3203,12925.2402,12970.6797
1171012,1600,12977.2695,13002.3398,12945.0703,12982.8896
1171013,1600,12995.0801,13036.7402,12964.3496,12991.8701
1171016,1600,13017.1797,13026.4502,13000.3799,13003.7002
1171017,1600,12995.8398,13034.4199,12967.3496,12995.0596
1171018,1600,13012.7998,13094.7598,13003.9199,13043.0303
1171019,1600,13036.2803,13042.6201,12911.5801,12990.0996
1171020,1600,13057.7803,13063.5703,12956.4199,12991.2803
1171023,1600,13014.5703,13069.4004,12973.4297,13003.1396
1171024,1600,12998.6602,13055.6504,12983.3799,13013.1904
1171025,1600,12998.4404,13049.4697,12931.2197,12953.4102
1171026,1600,12955.4297,13144.6504,12940.8301,13133.2803
1171027,1600,13186.5498,13249.0303,13186.5498,13217.54
1171030,1600,13227.8496,13255.3799,13214.5996,13229.5703
1171101,1600,13342.4404,13488.5898,13341.2998,13465.5098
1171102,1600,13448.5195,13460.8604,13405.9102,13440.9297
1171103,1600,13476.5303,13505.0098,13430.2197,13478.8604
1171106,1600,13459.4199,13481.2305,13441.6602,13468.79
1171107,1600,13517.9805,13525.5596,13369.8496,13379.2695
1171108,1600,13404.5801,13419.7695,13345.1104,13382.4199
1171109,1600,13378.96,13402.0498,13175.2197,13182.5596
1171110,1600,13206.3496,13216.9697,13111.6504,13127.4697
1171113,1600,13150.7803,13163.9404,12960.6504,13074.4199
1171114,1600,13101.0898,13139.2695,13000.1504,13033.4805
1171115,1600,12963.0898,12996.1201,12847.8799,12976.3701
1171116,1600,13024.3896,13071.9404,13008.0195,13047.2197
1171117,1600,13051.71,13089.7197,12984.6699,12993.7305
1171120,1600,12932.8096,13085.1699,12926.1299,13058.6602
1171121,1600,13042.9404,13209.0098,13026.7695,13167.54
1171122,1600,13171.3604,13191.96,13008.9697,13015.04
1171123,1600,12943.4902,13049.0801,12921.1504,13008.5498
1171124,1600,13023.5195,13160.8096,12981.6797,13059.8398
1171127,1600,13036.7402,13117.7598,12989.3701,13000.2002
1171128,1600,13008.9404,13071.0098,12966.3799,13059.5303
1171129,1600,13153.7402,13196.1504,13037.3398,13061.8701
1171130,1600,13060.5596,13177.5703,13023.9805,13023.9805
1171201,1600,13044.1504,13064.29,12810.1299,12861.4902
1171204,1600,13038.7695,13117.75,12974.3203,13058.5498
1171205,1600,13056.8203,13094.3799,12960.5898,13048.54
1171206,1600,12897.4297,13033.75,12864.6797,12998.8496
1171207,1600,13026.2998,13083.0801,12989.0,13045.1504
1171208,1600,13146.8203,13240.9199,13136.7803,13153.7002
1171211,1600,13181.8496,13192.4199,13112.8203,13123.6504
1171212,1600,13131.4102,13183.8301,13079.8604,13183.5303
1171213,1600,13148.5195,13188.0703,13120.4004,13125.6396
1171214,1600,13107.1104,13159.4805,13011.9697,13068.0801
1171215,1600,13027.8398,13109.1299,13008.0703,13103.5596
1171218,1600,13211.6299,13331.9502,13206.1201,13312.2998
1171219,1600,13314.7305,13338.9102,13213.1904,13215.79
1171220,1600,13244.2695,13252.6699,13026.1104,13069.1699
1171221,1600,13065.79,13137.71,13013.6299,13109.7402
1171222,1600,13076.7598,13108.5596,13059.8701,13072.79
1171227,1600,13070.1904,13128.7402,13020.4297,13070.0195
1171228,1600,13065.46,13069.4004,12965.2803,12979.9404
1171229,1600,12980.0898,12980.7402,12911.7305,12917.6396
1180102,1600,12897.6904,12924.1602,12745.1504,12871.3896
1180103,1600,12916.1797,13023.5898,12893.0498,12978.21
1180104,1600,13065.9805,13208.3496,13062.6699,13167.8896
1180105,1600,13219.1104,13332.7998,13219.1104,13319.6396
1180108,1600,13399.6201,13407.8203,13334.1602,13367.7803
1180109,1600,13383.2598,13425.0195,13361.2197,13385.5898
1180110,1600,13355.2803,13377.8799,13227.5703,13281.3398
1180111,1600,13281.2002,13298.6504,13151.8398,13202.9004
1180112,1600,13241.2803,13265.1396,13168.0098,13245.0303
1180115,1600,13244.3701,13250.3701,13173.71,13200.5098
1180116,1600,13228.5996,13351.0898,13196.5596,13246.3301
1180117,1600,13200.9199,13251.4404,13137.5098,13183.96
1180118,1600,13250.25,13293.29,13201.3398,13281.4297
1180119,1600,13297.7402,13445.4697,13294.8096,13434.4502
1180122,1600,13435.1396,13470.0498,13410.96,13463.6904
1180123,1600,13577.1396,13596.8896,13517.8096,13559.5996
1180124,1600,13572.71,13576.8398,13414.7402,13414.7402
1180125,1600,13374.3799,13443.3604,13222.4697,13298.3604
1180126,1600,13297.5098,13348.6904,13268.3096,13340.1699
1180129,1600,13358.9004,13370.0195,13274.8398,13324.4805
1180130,1600,13223.9697,13309.8604,13171.9102,13197.71
1180131,1600,13210.7598,13268.4102,13159.3496,13189.4805
1180201,1600,13235.1504,13301.4102,12971.7803,13003.9004
1180202,1600,12954.5898,12954.5898,12782.0703,12785.1602
1180205,1600,12687.79,12752.5996,12622.4404,12687.4902
1180206,1600,12232.8604,12550.1602,12232.8604,12392.6602
1180207,1600,12478.6797,12651.2803,12414.8398,12590.4297
1180208,1600,12506.1797,12541.3203,12187.4502,12260.29
1180209,1600,12263.0996,12296.1797,12003.3604,12107.4805
1180212,1600,12238.6299,12379.1602,12222.3398,12282.7695
1180213,1600,12282.7598,12300.6299,12196.2197,12196.5
1180214,1600,12294.8496,12393.71,12075.21,12339.1602
1180215,1600,12425.4502,12479.9697,12275.04,12346.1699
1180216,1600,12408.4805,12484.1201,12368.71,12451.96
1180219,1600,12495.0703,12505.4902,12361.8604,12385.5996
1180220,1600,12403.6299,12496.0996,12333.79,12487.9004
1180221,1600,12457.2197,12474.3701,12372.2598,12470.4902
1180222,1600,12358.8203,12497.71,12283.7002,12461.9102
1180223,1600,12491.7695,12513.3203,12431.9404,12483.79
1180226,1600,12566.0498,12601.46,12484.5898,12527.04
1180227,1600,12573.6504,12577.5596,12436.1299,12490.7305
1180228,1600,12427.46,12516.9199,12417.96,12435.8496
1180301,1600,12386.4004,12387.8799,12143.1396,12190.9404
1180302,1600,12051.8896,12081.4004,11877.6602,11913.71
1180305,1600,11831.5703,12110.1797,11830.9805,12090.8701
1180306,1600,12229.29,12259.5801,12110.3398,12113.8701
1180307,1600,12060.0898,12275.6904,12020.6104,12245.3604
1180308,1600,12237.9404,12382.6904,12177.1201,12355.5703
1180309,1600,12331.6396,12407.9805,12284.5703,12346.6797
1180312,1600,12453.2998,12454.96,12361.0098,12418.3896
1180313,1600,12425.6904,12459.9004,12162.4697,12221.0303
1180314,1600,12212.4902,12322.8896,12202.7598,12237.7402
1180315,1600,12284.1396,12378.3896,12239.96,12345.5596
1180316,1600,12345.5596,12454.0195,12337.6201,12389.5801
1180319,1600,12346.5098,12369.7695,12183.79,12217.0195
1180320,1600,12261.1904,12320.0,12191.5498,12307.3301
1180321,1600,12336.7598,12344.0898,12250.3701,12309.1504
1180322,1600,12187.7305,12267.1699,12009.5,12100.0801
1180323,1600,11995.5098,12001.7803,11818.7002,11886.3096
1180326,1600,11919.6396,11984.5,11726.6201,11787.2598
1180327,1600,11996.3496,12042.7803,11927.9102,11970.8301
1180328,1600,11868.0801,11961.1602,11770.4004,11940.71
1180329,1600,11956.3398,12151.3096,11942.2803,12096.7305
1180403,1600,11997.4697,12069.4805,11913.6201,12002.4502
1180404,1600,12000.4697,12011.1201,11792.3496,11957.9004
1180405,1600,12153.6104,12322.3701,12135.6396,12305.1904
1180406,1600,12242.9404,12290.0303,12202.0498,12241.2695
1180409,1600,12311.0195,12371.1104,12205.3896,12261.75
1180410,1600,12389.9004,12428.9004,12334.9502,12397.3203
1180411,1600,12372.0703,12381.5303,12256.5898,12293.9697
1180412,1600,12282.3896,12434.2402,12263.7002,12415.0098
1180413,1600,12461.3096,12523.9697,12411.6504,12442.4004
1180416,1600,12478.9902,12487.04,12375.6299,12391.4102
1180417,1600,12443.2002,12614.25,12417.2598,12585.5703
1180418,1600,12597.5801,12640.25,12548.4502,12590.8301
1180419,1600,12595.6104,12595.6104,12534.6299,12567.4199
1180420,1600,12555.96,12585.3701,12490.7695,12540.5
1180423,1600,12538.1602,12588.2305,12466.4697,12572.3896
1180424,1600,12602.4102,12647.1602,12481.2998,12550.8203
1180425,1600,12456.8203,12484.7803,12312.2695,12422.2998
1180426,1600,12395.9004,12503.2197,12383.9502,12500.4697
1180427,1600,12572.7197,12627.71,12518.0303,12580.8701
1180430,1600,12606.2695,12622.9297,12563.7402,12612.1104
1180502,1600,12610.7803,12827.54,12605.3799,12802.25
1180503,1600,12775.6602,12798.1602,12665.3301,12690.1504
1180504,1600,12733.1904,12819.5996,12707.8604,12819.5996
1180507,1600,12827.4297,12961.0498,12813.5498,12948.1396
1180508,1600,12924.2305,12933.6699,12855.0898,12912.21
1180509,1600,12917.8203,12962.5195,12890.3799,12943.0596
1180510,1600,12975.0898,13034.21,12928.5098,13022.8701
1180511,1600,13023.0,13033.2998,12964.0,13001.2402
1180514,1600,13009.8301,13015.0996,12927.2402,12977.71
1180515,1600,12947.9697,13006.3398,12918.29,12970.04
1180516,1600,12983.4902,13030.7598,12960.5303,12996.3301
1180517,1600,12985.1396,13114.6299,12981.8896,13114.6104
1180518,1600,13115.6299,13133.1904,13051.1299,13077.7197
1180522,1600,13132.5596,13204.3096,13061.7695,13169.9199
1180523,1600,13138.8301,13148.0498,12929.9004,12976.8398
1180524,1600,12955.9404,13006.4404,12801.8203,12855.0898
1180525,1600,12917.1504,13002.4697,12852.1699,12938.0098
1180528,1600,13016.5498,13040.6299,12828.2598,12863.46
1180529,1600,12786.1504,12803.29,12608.7002,12666.5098
1180530,1600,12693.3301,12783.7598,12663.3701,12783.7598
1180531,1600,12796.1602,12803.5996,12547.6104,12604.8896
1180601,1600,12678.0703,12800.4502,12660.79,12724.2695
1180604,1600,12839.4404,12846.2598,12714.0303,12770.75
1180605,1600,12766.1602,12925.2402,12753.2998,12787.1299
1180606,1600,12813.3896,12872.9004,12729.2305,12830.0703
1180607,1600,12877.8496,12914.8496,12760.54,12811.0498
1180608,1600,12668.7695,12795.6396,12610.6797,12766.5498
1180611,1600,12816.3203,12861.9502,12751.6602,12842.9102
1180612,1600,12924.0303,12948.5195,12816.0703,12842.2998
1180613,1600,12857.1602,12905.6699,12781.2305,12890.5801
1180614,1600,12806.0703,13135.9697,12800.6602,13107.0996
1180615,1600,13115.8496,13170.0498,13010.54,13010.5498
1180618,1600,12945.5303,12982.9199,12784.4805,12834.1104
1180619,1600,12647.0703,12708.71,12594.5098,12677.9697
1180620,1600,12731.6602,12760.2002,12670.7803,12695.1602
1180621,1600,12699.71,12719.4502,12472.9805,12511.9102
1180622,1600,12507.7197,12579.7197,12486.2598,12579.7197
1180625,1600,12497.4805,12518.8896,12270.3301,12270.3301
1180626,1600,12333.4404,12355.8604,12188.5,12234.3398
1180627,1600,12247.75,12439.9102,12124.8701,12348.6104
1180628,1600,12289.8096,12375.3701,12104.4102,12177.2305
1180629,1600,12322.6396,12382.8701,12260.9102,12306.0
1180702,1600,12147.9404,12301.9297,12132.7197,12238.1699
1180703,1600,12321.0703,12428.1396,12278.3896,12349.1396
1180704,1600,12323.75,12350.6797,12284.5596,12317.6104
1180705,1600,12363.0498,12516.5098,12361.8604,12464.29
1180706,1600,12506.2695,12508.0801,12426.4004,12496.1699
1180709,1600,12541.7402,12559.9697,12490.4004,12543.8896
1180710,1600,12580.3096,12639.79,12530.71,12609.8496
1180711,1600,12506.9902,12514.75,12398.4697,12417.1299
1180712,1600,12464.0596,12505.2002,12408.6299,12492.9697
1180713,1600,12549.2305,12583.79,12499.2998,12540.7305
1180716,1600,12530.9805,12604.2402,12506.9902,12561.0195
1180717,1600,12566.9697,12688.5,12522.0498,12661.54
1180718,1600,12728.4102,12778.96,12715.5195,12765.9404
1180719,1600,12740.6797,12759.4199,12658.3701,12686.29
1180720,1600,12664.4502,12706.8398,12469.5,12561.4199
1180723,1600,12510.2305,12565.1201,12489.3301,12548.5703
1180724,1600,12590.79,12755.2695,12585.9102,12689.3896
1180725,1600,12685.6797,12695.1201,12538.1201,12579.3301
1180726,1600,12732.8799,12827.71,12701.5596,12809.2305
1180727,1600,12825.75,12886.8301,12815.1201,12860.4004
1180730,1600,12822.8701,12848.9502,12798.2002,12798.2002
1180731,1600,12809.7402,12860.5898,12739.8301,12805.5
1180801,1600,12826.7002,12833.1104,12706.3398,12737.0498
1180802,1600,12617.6299,12619.5996,12493.2002,12546.3301
1180803,1600,12572.6104,12644.5195,12561.6201,12615.7598
1180806,1600,12631.4004,12715.7803,12538.3496,12598.21
1180807,1600,12656.8701,12738.5303,12646.1602,12648.1904
1180808,1600,12622.9805,12704.5801,12586.2305,12633.54
1180809,1600,12623.1396,12696.5195,12577.3398,12676.1104
1180810,1600,12574.2002,12585.8301,12390.4004,12424.3496
1180813,1600,12346.75,12396.8604,12323.2002,12358.7402
1180814,1600,12444.6299,12461.8203,12294.9004,12358.8701
1180815,1600,12400.2695,12428.5596,12120.6504,12163.0098
1180816,1600,12202.1299,12251.4004,12168.9199,12237.1699
1180817,1600,12242.0596,12244.6699,12135.6396,12210.5498
1180820,1600,12263.0098,12373.3604,12245.5596,12331.2998
1180821,1600,12320.5596,12432.6602,12316.3496,12384.4902
1180822,1600,12355.5303,12438.6602,12345.3203,12385.7002
1180823,1600,12367.4805,12411.0098,12353.5498,12365.5801
1180824,1600,12396.6904,12444.3496,12344.4502,12394.5195
1180827,1600,12462.75,12562.3701,12429.3398,12538.3096
1180828,1600,12578.6504,12597.0195,12527.4199,12527.4199
1180829,1600,12553.8604,12569.0596,12499.5303,12561.6797
1180830,1600,12516.5498,12529.2998,12400.1201,12494.2402
1180831,1600,12418.2598,12426.8604,12348.9102,12364.0596
1180903,1600,12338.3604,12358.1699,12300.4697,12346.4102
1180904,1600,12389.46,12402.8701,12162.71,12210.21
1180905,1600,12161.6504,12167.3604,12035.7598,12040.46
1180906,1600,11995.8096,12091.9805,11944.5,11955.25
1180907,1600,11960.0996,11990.8096,11888.5703,11959.6299
1180910,1600,11950.5498,12039.2197,11930.2998,11986.3398
1180911,1600,12013.0098,12017.7305,11865.4697,11970.2695
1180912,1600,11989.2695,12046.6602,11952.4902,12032.2998
1180913,1600,12036.79,12129.8096,12017.4102,12055.5498
1180914,1600,12109.3701,12134.54,12075.5801,12124.3301
1180917,1600,12056.3799,12123.0898,12040.7998,12096.4102
1180918,1600,12097.1904,12184.4102,12064.4102,12157.6699
1180919,1600,12168.2002,12241.1396,12165.0801,12219.0195
1180920,1600,12210.9502,12354.3799,12210.5703,12326.4805
1180921,1600,12402.7197,12458.2998,12373.9502,12430.8799
1180924,1600,12383.4199,12409.96,12349.2998,12350.8203
1180925,1600,12341.8496,12416.8701,12322.1904,12374.6602
1180926,1600,12395.2002,12395.9199,12329.5195,12385.8896
1180927,1600,12329.4004,12456.6904,12272.6504,12435.5898
1180928,1600,12381.3604,12394.1602,12190.5703,12246.7305
1181001,1600,12265.8896,12373.29,12263.0996,12339.0303
1181002,1600,12229.0703,12310.7598,12203.5996,12287.5801
1181004,1600,12275.0703,12348.8604,12174.6904,12244.1396
1181005,1600,12236.29,12245.4102,12103.5498,12111.9004
1181008,1600,12044.96,12072.2695,11938.7998,11947.1602
1181009,1600,11963.6299,11998.6396,11803.1904,11977.2197
1181010,1600,11976.7002,11978.7998,11712.2695,11712.5
1181011,1600,11558.9805,11700.5,11518.5596,11539.3496
1181012,1600,11691.4697,11693.8398,11514.5498,11523.8096
1181015,1600,11523.8096,11625.0195,11459.0801,11614.1602
1181016,1600,11637.6201,11790.1504,11606.9697,11776.5498
1181017,1600,11811.4697,11847.79,11669.96,11715.0303
1181018,1600,11695.1904,11791.2197,11586.3203,11589.21
1181019,1600,11578.8496,11617.2803,11498.6904,11553.8301
1181022,1600,11665.6797,11677.4502,11497.0898,11524.3398
1181023,1600,11367.5703,11394.21,11228.5,11274.2803
1181024,1600,11298.6504,11391.9404,11166.8398,11191.6299
1181025,1600,11098.6797,11324.9199,11078.3701,11307.1201
1181026,1600,11180.96,11205.8301,11051.04,11200.6201
1181029,1600,11270.6699,11444.8604,11218.9199,11335.4805
1181030,1600,11391.7803,11394.3701,11212.5801,11287.3896
1181031,1600,11417.0898,11499.3799,11391.6396,11447.5098
1181101,1600,11419.6104,11575.4297,11416.3604,11468.54
1181102,1600,11636.3701,11689.96,11518.8701,11518.9902
1181105,1600,11522.3301,11555.9697,11479.1904,11494.96
1181106,1600,11518.1699,11528.5195,11436.5303,11484.3398
1181107,1600,11542.0898,11634.8096,11532.3398,11579.0996
1181108,1600,11629.0,11648.79,11503.3604,11527.3203
1181109,1600,11489.1904,11549.0596,11418.3496,11529.1602
1181112,1600,11591.5898,11598.5098,11310.7197,11325.4404
1181113,1600,11374.1104,11495.6904,11349.9404,11472.2197
1181114,1600,11394.75,11566.79,11314.5996,11412.5303
1181115,1600,11447.8398,11500.6602,11254.9199,11353.6699
1181116,1600,11425.7998,11448.5596,11233.21,11341.0
1181119,1600,11384.0,11419.5498,11231.5898,11244.54
1181120,1600,11157.6504,11187.1602,11009.25,11066.4102
1181121,1600,11138.25,11257.8301,11113.3398,11244.1699
1181122,1600,11216.29,11221.7695,11119.04,11138.4902
1181123,1600,11146.5498,11205.9902,11093.5195,11192.6904
1181126,1600,11315.9004,11390.9297,11301.8203,11354.7197
1181127,1600,11380.79,11400.0498,11264.6504,11309.1104
1181128,1600,11355.7998,11358.7998,11279.46,11298.8799
1181129,1600,11377.21,11403.7197,11275.7002,11298.2305
1181130,1600,11311.6602,11315.2998,11208.5996,11257.2402
1181203,1600,11534.75,11566.9697,11457.6104,11465.46
1181204,1600,11429.8203,11442.1904,11330.4404,11335.3203
1181205,1600,11204.3203,11266.2803,11177.1504,11200.2402
1181206,1600,11053.5801,11063.4404,10762.4102,10810.9805
1181207,1600,10876.3398,10927.3701,10788.0898,10788.0898
1181210,1600,10726.1699,10757.7305,10585.7695,10622.0703
1181211,1600,10711.4004,10884.6201,10684.6201,10780.5098
1181212,1600,10832.04,10971.1201,10815.5098,10929.4297
1181213,1600,10978.6797,10988.7695,10887.2598,10924.7002
1181214,1600,10809.5801,10903.3896,10733.75,10865.7695
1181217,1600,10852.9902,10886.7998,10700.6201,10772.2002
1181218,1600,10744.2803,10841.4199,10714.9697,10740.8896
1181219,1600,10777.4199,10831.4404,10749.5498,10766.21
1181220,1600,10621.1797,10686.3701,10563.4404,10611.0996
1181221,1600,10573.0801,10654.6602,10512.6396,10633.8203
1181227,1600,10607.4199,10635.4502,10279.2002,10381.5098
1181228,1600,10452.0195,10586.7998,10431.3799,10558.96
1190102,1600,10477.7695,10612.7197,10386.9697,10580.1904
1190103,1600,10467.1104,10538.6602,10400.1104,10416.6602
1190104,1600,10533.9404,10786.3398,10483.9004,10767.6904
1190107,1600,10814.3896,10814.4697,10681.2695,10747.8096
1190108,1600,10750.1904,10910.71,10745.0303,10803.9805
1190109,1600,10884.75,10961.9199,10839.0898,10893.3203
1190110,1600,10843.8896,10927.1299,10788.0498,10921.5898
1190111,1600,10949.1299,10959.0,10829.9199,10887.46
1190114,1600,10820.8496,10886.2305,10786.75,10855.9102
1190115,1600,10962.9502,10994.8301,10812.5898,10891.79
1190116,1600,10940.3604,10947.8701,10866.3896,10931.2402
1190117,1600,10852.5,10929.2998,10822.25,10918.6201
1190118,1600,11001.3096,11216.8203,10993.8301,11205.54
1190121,1600,11176.1201,11179.9102,11125.5303,11136.2002
1190122,1600,11076.9805,11142.2197,11034.5498,11090.1104
1190123,1600,11043.6396,11135.75,11007.21,11071.54
1190124,1600,11045.6396,11149.3203,11032.5303,11130.1797
1190125,1600,11234.0498,11321.6201,11218.3496,11281.79
1190128,1600,11233.1602,11275.21,11196.4199,11210.3096
1190129,1600,11191.5195,11276.2803,11159.1699,11218.8301
1190130,1600,11210.6797,11215.21,11132.3799,11181.6602
1190131,1600,11257.9199,11311.3701,11051.1104,11173.0996
1190201,1600,11198.46,11218.5098,11116.0801,11180.6602
1190204,1600,11180.4199,11209.3096,11100.3398,11176.5801
1190205,1600,11178.75,11371.7402,11177.7002,11367.9805
1190206,1600,11337.54,11347.9404,11297.4199,11324.7197
1190207,1600,11262.9697,11286.46,11022.0195,11022.0195
1190208,1600,10991.79,11045.4102,10863.5596,10906.7803
1190211,1600,10955.8301,11041.9502,10944.5801,11014.5898
1190212,1600,11123.4297,11164.3799,11116.8604,11126.0801
1190213,1600,11174.8496,11217.2998,11125.5898,11167.2197
1190214,1600,11257.7998,11260.5498,11077.7803,11089.79
1190215,1600,11044.7998,11323.0498,11018.9502,11299.7998
1190218,1600,11287.7402,11318.1904,11256.2695,11299.2002
1190219,1600,11280.7305,11371.4404,11244.5195,11309.21
1190220,1600,11338.7402,11437.4697,11318.7402,11401.9697
1190221,1600,11448.6504,11454.4404,11392.2695,11423.2803
1190222,1600,11422.6201,11504.71,11420.7402,11457.7002
1190225,1600,11517.7598,11544.3096,11480.4902,11505.3896
1190226,1600,11446.29,11556.8701,11441.8701,11540.79
1190227,1600,11493.8096,11521.2197,11442.9697,11487.3301
1190228,1600,11430.7998,11524.9902,11416.0801,11515.6396
1190301,1600,11584.2402,11676.8604,11583.0801,11601.6797
1190304,1600,11646.21,11650.4404,11591.7402,11592.6602
1190305,1600,11570.9697,11627.7803,11551.4502,11620.7402
1190306,1600,11593.21,11652.7695,11565.2197,11587.6299
1190307,1600,11546.4199,11612.9502,11452.8604,11517.7998
1190308,1600,11429.7695,11475.5498,11405.21,11457.8398
1190311,1600,11497.9805,11550.5898,11462.9004,11543.4805
1190312,1600,11612.46,11618.7305,11499.4697,11524.1699
1190313,1600,11499.3203,11586.9004,11486.7402,11572.4102
1190314,1600,11573.4199,11635.7598,11541.0996,11587.4697
1190315,1600,11608.6699,11725.6602,11575.3301,11685.6904
1190318,1600,11685.54,11712.3604,11635.8799,11657.0596
1190319,1600,11672.7598,11823.29,11652.0195,11788.4102
1190320,1600,11704.4404,11721.4102,11596.2002,11603.8896
1190321,1600,11566.8701,11582.54,11467.79,11549.96
1190322,1600,11578.3896,11623.9697,11356.4902,11364.1699
1190325,1600,11323.2002,11392.0,11312.54,11346.6504
1190326,1600,11374.1797,11447.1299,11299.7998,11419.4805
1190327,1600,11439.0195,11502.3496,11368.1299,11419.04
1190328,1600,11422.1602,11494.1504,11414.6602,11428.1602
1190329,1600,11492.0898,11549.4199,11442.1201,11526.04
1190401,1600,11617.1797,11706.6396,11612.7002,11681.9902
1190402,1600,11703.2402,11777.6504,11659.1504,11754.79
1190403,1600,11855.4004,11961.3604,11854.21,11954.4004
1190404,1600,11924.6104,12029.2598,11916.5703,11988.0098
1190405,1600,11993.2197,12024.2305,11967.7002,12009.75
1190408,1600,11979.7305,11989.5898,11948.2598,11963.4004
1190409,1600,11927.0098,11988.5303,11850.5703,11850.5703
1190410,1600,11864.46,11937.1104,11863.7998,11905.9102
1190411,1600,11914.5098,11963.4297,11846.5996,11935.2002
1190412,1600,11912.5801,12031.1504,11889.9902,11999.9297
1190415,1600,12011.1104,12029.9805,11983.3301,12020.2803
1190416,1600,12026.7402,12116.25,12025.6602,12101.3203
1190417,1600,12100.4404,12195.0,12086.8896,12153.0703
1190418,1600,12138.1396,12243.6299,12100.0,12222.3896
1190423,1600,12224.3203,12251.8096,12182.9805,12235.5098
1190424,1600,12232.9902,12349.8301,12223.9805,12313.1602
1190425,1600,12304.5303,12321.79,12236.1396,12282.5996
1190426,1600,12284.46,12323.6396,12259.7598,12315.1797
1190429,1600,12308.9805,12376.0596,12266.3398,12328.0195
1190430,1600,12313.9697,12345.3096,12281.7197,12344.0801
1190502,1600,12349.0996,12402.8701,12303.96,12345.4199
1190503,1600,12345.3203,12435.6699,12344.2305,12412.75
1190506,1600,12171.9004,12298.6602,12135.4199,12286.8799
1190507,1600,12298.71,12319.0498,12056.7998,12092.7402
1190508,1600,12110.8701,12208.4805,12063.7402,12179.9297
1190509,1600,12098.0195,12125.96,11957.3096,11973.9199
1190510,1600,12105.2803,12140.6104,12009.75,12059.8301
1190513,1600,12044.0996,12052.9297,11844.4697,11876.6504
1190514,1600,11908.7695,11991.8301,11897.9297,11991.6201
1190515,1600,12018.4502,12099.5703,11862.21,12099.5703
1190516,1600,12077.3604,12310.3701,12030.2998,12310.3701
1190517,1600,12252.6797,12270.8896,12150.3301,12238.9404
1190520,1600,12226.8496,12246.5,11993.9102,12041.29
1190521,1600,12111.7998,12178.25,12066.9004,12143.4697
1190522,1600,12141.46,12211.0303,12055.5,12168.7402
1190523,1600,12064.29,12082.75,11926.3398,11952.4102
1190524,1600,12027.3096,12082.0498,11990.79,12011.04
1190527,1600,12077.8799,12124.5498,12050.4902,12071.1797
1190528,1600,12100.3896,12113.3096,11992.4102,12027.0498
1190529,1600,11906.0195,11927.6396,11828.75,11837.8096
1190530,1600,11885.0703,11924.6602,11858.29,11902.0801
1190531,1600,11742.21,11755.1201,11662.0703,11726.8398
1190603,1600,11661.1201,11793.6299,11620.6396,11792.8096
1190604,1600,11716.5498,11987.8896,11713.8701,11971.1699
1190605,1600,11981.1797,12057.7305,11928.8701,11980.8096
1190606,1600,11987.9199,12076.9502,11899.8203,11953.1396
1190607,1600,12003.9199,12096.6104,11987.1699,12045.3799
1190611,1600,12133.5996,12227.4004,12117.3398,12155.8096
1190612,1600,12093.9805,12132.2803,12068.1104,12115.6797
1190613,1600,12095.21,12201.7803,12079.5996,12169.0498
1190614,1600,12124.3604,12136.6504,12049.7598,12096.4004
1190617,1600,12112.4697,12124.6797,12059.9199,12085.8203
1190618,1600,12069.3701,12358.0,11987.5498,12331.75
1190619,1600,12321.4297,12346.7002,12291.1904,12308.5303
1190620,1600,12409.5801,12438.3701,12355.3896,12355.3896
1190621,1600,12351.9805,12425.2002,12316.4102,12339.9199
1190624,1600,12308.1104,12341.5596,12250.71,12274.5703
1190625,1600,12226.8799,12284.5703,12213.4102,12228.4404
1190626,1600,12210.5195,12315.8398,12189.4902,12245.3203
1190627,1600,12308.2598,12334.5703,12209.3398,12271.0303
1190628,1600,12302.7695,12408.2197,12297.6299,12398.7998
1190701,1600,12616.3398,12619.6797,12519.2998,12521.3799
1190702,1600,12546.9297,12548.2197,12484.2598,12526.7197
1190703,1600,12548.2998,12631.8096,12545.79,12616.2402
1190704,1600,12644.3496,12656.0498,12616.29,12629.9004
1190705,1600,12632.1201,12632.1201,12522.1104,12568.5303
1190708,1600,12541.1797,12587.4404,12507.7197,12543.5098
1190709,1600,12436.9697,12477.5801,12364.1602,12436.5498
1190710,1600,12412.9902,12448.8096,12356.7998,12373.4102
1190711,1600,12401.0195,12417.9297,12307.3398,12332.1201
1190712,1600,12318.5,12354.8701,12304.9805,12323.3203
1190715,1600,12346.5898,12434.1396,12301.0801,12387.3398
1190716,1600,12392.1904,12465.1904,12366.9697,12430.9697
1190717,1600,12429.8701,12453.3301,12324.3301,12341.0303
1190718,1600,12194.3301,12296.2998,12172.5898,12227.8496
1190719,1600,12302.6396,12340.1104,12211.6699,12260.0703
1190722,1600,12243.5801,12346.0195,12236.7002,12289.4004
1190723,1600,12384.6602,12531.1602,12369.1904,12490.7402
1190724,1600,12510.5195,12550.3398,12476.5498,12522.8896
1190725,1600,12576.0195,12599.9297,12299.0996,12362.0996
1190726,1600,12363.8604,12428.0498,12356.1504,12419.9004
1190729,1600,12398.29,12473.9697,12387.5801,12417.4697
1190730,1600,12398.2402,12404.5098,12115.2803,12147.2402
1190731,1600,12149.0898,12226.4902,12139.0303,12189.04
1190801,1600,12134.71,12254.0303,12129.3301,12253.1504
1190802,1600,12033.6797,12034.9102,11836.75,11872.4404
1190805,1600,11758.4404,11797.5195,11628.5703,11658.5098
1190806,1600,11690.2695,11748.8301,11567.96,11567.96
1190807,1600,11636.3398,11747.7402,11559.7598,11650.1504
1190808,1600,11752.96,11845.4102,11683.9902,11845.4102
1190809,1600,11806.8203,11865.6299,11674.1104,11693.7998
1190812,1600,11801.0596,11836.9697,11647.0098,11679.6797
1190813,1600,11632.8496,11835.8799,11539.6299,11750.1299
1190814,1600,11758.75,11759.5703,11459.3701,11492.6602
1190815,1600,11522.46,11530.0098,11266.4805,11412.6699
1190816,1600,11460.6504,11578.8398,11447.3398,11562.7402
1190819,1600,11679.7197,11759.0,11625.6699,11715.3701
1190820,1600,11711.7803,11764.9297,11618.9297,11651.1797
1190821,1600,11673.6602,11824.6602,11673.3701,11802.8496
1190822,1600,11756.21,11853.1396,11715.2598,11747.04
1190823,1600,11805.4805,11823.1201,11611.5098,11611.5098
1190826,1600,11619.6602,11696.7803,11551.9902,11658.04
1190827,1600,11638.5098,11778.6201,11616.0898,11730.0195
1190828,1600,11704.6699,11717.79,11573.6396,11701.0195
1190829,1600,11686.8398,11853.9102,11661.7305,11838.8799
1190830,1600,11850.2998,11989.4404,11845.1602,11939.2803
1190902,1600,11939.9902,11994.1104,11929.9102,11953.7803
1190903,1600,11921.9404,11956.6904,11869.2803,11910.8604
1190904,1600,12043.96,12078.4004,11999.8301,12025.04
1190905,1600,12117.9004,12151.3096,12084.1699,12126.7803
1190906,1600,12146.0,12205.0996,12131.29,12191.7305
1190909,1600,12210.8701,12245.1104,12189.5996,12226.0996
1190910,1600,12210.8799,12292.1396,12179.8799,12268.71
1190911,1600,12341.8398,12394.2803,12317.6104,12359.0703
1190912,1600,12399.4004,12471.8301,12311.8096,12410.25
1190913,1600,12412.7197,12494.25,12408.9297,12468.5303
1190916,1600,12387.6797,12421.25,12362.9805,12380.3096
1190917,1600,12370.96,12392.9697,12303.5098,12372.6104
1190918,1600,12361.2305,12416.0498,12354.4902,12389.6201
1190919,1600,12355.9199,12466.7803,12354.8301,12457.7002
1190920,1600,12462.5703,12490.8398,12418.5,12468.0098
1190923,1600,12432.2998,12441.0195,12264.1396,12342.3301
1190924,1600,12368.96,12375.3096,12307.1504,12307.1504
1190925,1600,12250.0801,12261.0596,12141.8203,12234.1797
1190926,1600,12227.7695,12313.1504,12223.29,12288.54
1190927,1600,12327.79,12404.4697,12324.71,12380.9404
1190930,1600,12367.8096,12441.0303,12346.9404,12428.0801
1191001,1600,12469.6699,12497.2803,12263.8301,12263.8301
1191002,1600,12221.7402,12226.8604,11925.25,11925.25
1191004,1600,11958.3096,12012.9102,11878.9805,12012.8096
1191007,1600,12008.7695,12105.0898,11969.3203,12097.4297
1191008,1600,12097.8896,12097.9404,11933.0195,11970.2002
1191009,1600,11973.8203,12165.5303,11953.1201,12094.2598
1191010,1600,12082.8896,12202.71,12029.46,12164.2002
1191011,1600,12248.8799,12511.6504,12240.9404,12511.6504
1191014,1600,12468.7803,12495.2402,12387.9502,12486.5596
1191015,1600,12565.6797,12682.4004,12511.9004,12629.79
1191016,1600,12644.1797,12698.3701,12603.8301,12670.1104
1191017,1600,12655.3203,12814.4902,12647.8604,12654.9502
1191018,1600,12637.0098,12700.3799,12603.1699,12633.5996
1191021,1600,12661.9297,12787.3496,12646.2803,12747.96
1191022,1600,12757.7305,12791.3096,12730.7002,12754.6904
1191023,1600,12702.9199,12819.2197,12699.8496,12798.1904
1191024,1600,12860.6299,12914.2402,12820.6699,12872.0996
1191025,1600,12886.4199,12895.8496,12834.0,12894.5098
1191028,1600,12897.4004,12986.4902,12892.8398,12941.71
1191029,1600,12946.3398,12951.8799,12897.3398,12939.6201
1191030,1600,12929.4199,12944.2598,12830.3301,12910.2305
1191031,1600,12937.5898,12953.3398,12795.0898,12866.79
1191101,1600,12912.0898,12992.0703,12896.7197,12961.0498
1191104,1600,13022.9502,13171.1699,13019.1797,13136.2803
1191105,1600,13134.3301,13166.0801,13112.6504,13148.5
1191106,1600,13150.9404,13187.6602,13110.9102,13179.8896
1191107,1600,13258.2598,13300.7598,13227.3701,13289.46
1191108,1600,13248.6201,13278.1797,13195.8301,13228.5596
1191111,1600,13170.1797,13225.6201,13144.0898,13198.3701
1191112,1600,13243.5303,13308.2598,13214.6602,13283.5098
1191113,1600,13244.0498,13273.8203,13139.25,13230.0703
1191114,1600,13198.3301,13219.2998,13159.6904,13180.2305
1191115,1600,13261.7197,13261.7197,13172.8896,13241.75
1191118,1600,13255.7803,13282.4102,13137.8799,13207.0098
1191119,1600,13235.2803,13374.2695,13187.9102,13221.1201
1191120,1600,13127.4502,13182.2197,13071.3301,13158.1396
1191121,1600,13083.0,13171.8496,13043.9004,13137.7002
1191122,1600,13145.7695,13244.5703,13120.6299,13163.8799
1191125,1600,13247.5098,13268.9697,13210.25,13246.4502
1191126,1600,13256.4004,13261.9805,13193.75,13236.4199
1191127,1600,13291.0898,13314.9199,13219.4297,13287.0703
1191128,1600,13247.6104,13259.29,13215.71,13245.5801
1191129,1600,13179.25,13290.3301,13165.0703,13236.3799
1191202,1600,13264.9297,13338.25,12954.5,12964.6797
1191203,1600,13039.6104,13086.0303,12927.0703,12989.29
1191204,1600,12998.6602,13157.3604,12995.3203,13140.5703
1191205,1600,13144.3799,13188.6396,13054.7998,13054.7998
1191206,1600,13087.5098,13171.21,13055.9805,13166.5801
1191209,1600,13147.5703,13170.7695,13100.2402,13105.6104
1191210,1600,13065.8301,13091.71,12886.5498,13070.7197
1191211,1600,13075.4297,13169.7695,13042.7002,13146.7402
1191212,1600,13167.5596,13287.8096,13105.0703,13221.6396
1191213,1600,13383.2598,13423.4102,13255.5498,13282.7197
1191216,1600,13349.8604,13425.8496,13338.3799,13407.6602
1191217,1600,13391.2695,13394.4697,13269.4297,13287.8301
1191218,1600,13266.3496,13286.0,13215.8799,13222.1602
1191219,1600,13226.7002,13248.9805,13140.2197,13211.96
1191220,1600,13210.2598,13324.1104,13201.7998,13318.9004
1191223,1600,13304.7695,13331.8604,13285.5498,13300.9805
1191227,1600,13338.3203,13381.4404,13311.5195,13337.1104
1191230,1600,13301.4297,13316.6201,13244.1699,13249.0098
1200102,1600,13233.71,13425.0303,13225.1602,13385.9297
1200103,1600,13266.3896,13282.7402,13120.7197,13219.1396
1200106,1600,13085.4902,13143.1104,12948.1699,13126.9902
1200107,1600,13199.5898,13283.8799,13166.4004,13226.8301
1200108,1600,13140.4902,13334.04,13106.2695,13320.1797
1200109,1600,13474.7598,13523.3398,13456.7803,13495.0596
1200110,1600,13533.46,13548.2002,13483.3096,13483.3096
1200113,1600,13521.8604,13529.21,13404.7197,13451.5195
1200114,1600,13439.2002,13487.9004,13362.2002,13456.4902
1200115,1600,13444.9502,13458.9102,13388.4805,13432.2998
1200116,1600,13463.46,13492.7402,13382.9805,13429.4297
1200117,1600,13513.4805,13557.7803,13497.2998,13526.1299
1200120,1600,13503.8301,13550.8301,13487.21,13548.9404
1200121,1600,13456.9004,13560.6797,13443.25,13555.8701
1200122,1600,13601.6504,13640.0596,13498.0303,13515.75
1200123,1600,13455.9004,13486.1396,13382.2305,13388.4199
1200124,1600,13512.8398,13604.8496,13510.79,13576.6797
1200127,1600,13374.9902,13399.4199,13195.2803,13204.7695
1200128,1600,13274.0098,13327.1201,13163.3604,13323.6904
1200129,1600,13316.4199,13371.2998,13296.0303,13345.0
1200130,1600,13186.4902,13262.1797,13118.9697,13157.1201
1200131,1600,13196.7998,13208.4697,12973.7002,12981.9697
1200203,1600,13033.1699,13077.5703,12987.5303,13045.1904
1200204,1600,13135.6104,13282.6299,13131.0703,13281.7402
1200205,1600,13224.2695,13488.5801,13223.1396,13478.3301
1200206,1600,13570.3301,13606.9697,13533.6602,13574.8203
1200207,1600,13530.7695,13551.0303,13463.9805,13513.8096
1200210,1600,13476.0,13501.7402,13445.4102,13494.0303
1200211,1600,13604.7402,13668.4297,13557.96,13627.8398
1200212,1600,13671.1504,13758.7002,13658.1504,13749.7803
1200213,1600,13695.9297,13745.4297,13576.96,13745.4297
1200214,1600,13756.4697,13788.5098,13728.1201,13744.21
1200217,1600,13770.6699,13795.2402,13754.04,13783.8896
1200218,1600,13668.9404,13731.3896,13660.4502,13681.1904
1200219,1600,13751.0498,13789.0,13710.7803,13789.0
1200220,1600,13774.4404,13788.4102,13664.0,13664.0
1200221,1600,13609.9404,13689.2305,13500.5,13579.3301
1200224,1600,13231.3799,13236.5801,12982.1396,13035.2402
1200225,1600,13132.04,13132.04,12778.6602,12790.4902
1200226,1600,12682.1602,12849.1699,12368.0498,12774.8799
1200227,1600,12526.5996,12593.6201,12211.6299,12367.46
1200228,1600,11891.8701,12008.5898,11724.1201,11890.3496
1200302,1600,12030.2695,12121.5996,11624.6299,11857.8701
1200303,1600,12013.0596,12272.9902,11906.8203,11985.3896
1200304,1600,11992.5898,12199.8203,11929.2402,12127.6904
1200305,1600,12191.4102,12207.7695,11844.8799,11944.7197
1200306,1600,11694.5596,11769.8496,11447.2002,11541.8701
1200309,1600,10690.0801,10995.2197,10556.6396,10625.0195
1200310,1600,10724.9805,11032.29,10423.9004,10475.4902
1200311,1600,10601.8496,10761.4297,10390.5098,10438.6797
1200312,1600,9863.9902,9932.5596,9139.1201,9161.1299
1200313,1600,9480.7803,9985.7402,9064.6797,9232.0801
1200316,1600,8728.4805,8967.1104,8255.6504,8742.25
1200317,1600,9141.1699,9145.9297,8423.5596,8939.0996
1200318,1600,8613.3496,8670.4102,8400.1797,8441.71
1200319,1600,8495.9404,8668.4805,8257.5303,8610.4297
1200320,1600,9080.4902,9201.0703,8838.2998,8928.9502
1200323,1600,8536.3301,9071.1396,8480.2803,8741.1504
1200324,1600,9242.0596,9700.5703,9102.1699,9700.5703
1200325,1600,9987.3701,10137.6201,9460.9102,9874.2598
1200326,1600,9621.2402,10000.96,9526.1699,10000.96
1200327,1600,9793.5,9886.1797,9541.8301,9632.5195
1200330,1600,9725.8799,9817.5098,9453.79,9815.9697
1200331,1600,9970.79,10096.4199,9703.8799,9935.8398
1200401,1600,9610.6699,9686.46,9498.0498,9544.75
1200402,1600,9587.4502,9650.2695,9337.0195,9570.8203
1200403,1600,9535.2695,9626.7197,9470.2002,9525.7695
1200406,1600,9889.0303,10097.3096,9841.4902,10075.1699
1200407,1600,10464.1104,10590.4102,10225.0195,10356.7002
1200408,1600,10301.5596,10340.79,10198.2197,10332.8896
1200409,1600,10490.6504,10649.79,10311.7002,10564.7402
1200414,1600,10733.9697,10820.1699,10658.96,10696.5596
1200415,1600,10678.1904,10678.1904,10243.1104,10279.7598
1200416,1600,10420.2598,10438.3701,10236.2402,10301.54
1200417,1600,10607.3496,10756.7803,10542.71,10625.7803
1200420,1600,10704.3496,10707.3096,10444.5498,10675.9004
1200421,1600,10519.4404,10524.7305,10249.8496,10249.8496
1200422,1600,10370.25,10425.0195,10321.2002,10415.0303
1200423,1600,10437.3799,10608.3896,10325.1104,10513.79
1200424,1600,10299.3096,10486.4697,10299.3096,10336.0898
1200427,1600,10551.0703,10660.3604,10523.0996,10659.9902
1200428,1600,10658.4697,10897.8203,10651.5801,10795.6299
1200429,1600,10812.7402,11125.3496,10789.5195,11107.7402
1200430,1600,11195.21,11235.5703,10839.2998,10861.6396
1200504,1600,10543.3604,10578.4297,10426.0596,10466.7998
1200505,1600,10627.0703,10736.9502,10518.9404,10729.46
1200506,1600,10716.5098,10773.8604,10598.9004,10606.2002
1200507,1600,10640.7695,10761.8604,10617.2305,10759.2695
1200508,1600,10882.4404,10918.3203,10819.0703,10904.4805
1200511,1600,10948.2402,10986.2197,10740.8203,10824.9902
1200512,1600,10777.7402,10886.0098,10772.5801,10819.5
1200513,1600,10669.9902,10698.1299,10530.3203,10542.6602
1200514,1600,10418.04,10474.0801,10160.8896,10337.0195
1200515,1600,10470.8496,10547.1904,10382.54,10465.1699
1200518,1600,10683.8604,11089.5,10677.5195,11058.8701
1200519,1600,11200.9199,11201.1797,10936.0703,11075.29
1200520,1600,11029.3301,11246.9102,10978.5703,11223.71
1200521,1600,11088.1201,11194.9199,11036.9102,11065.9297
1200522,1600,10896.2803,11138.1504,10867.1699,11073.8701
1200525,1600,11186.04,11391.2803,11118.1201,11391.2803
1200526,1600,11488.9902,11544.3496,11429.8799,11504.6504
1200527,1600,11530.2002,11747.2002,11519.7695,11657.6904
1200528,1600,11746.7803,11813.1396,11654.8301,11781.1299
1200529,1600,11649.3701,11729.9805,11575.7402,11586.8496
1200602,1600,11896.7002,12055.5703,11850.3398,12021.2803
1200603,1600,12147.1201,12507.4102,12133.7002,12487.3604
1200604,1600,12390.0303,12558.2402,12326.4404,12430.5596
1200605,1600,12565.1602,12858.79,12560.1904,12847.6797
1200608,1600,12722.6797,12913.1299,12670.9502,12819.5898
1200609,1600,12859.8301,12864.9102,12502.4502,12617.9902
1200610,1600,12719.1504,12763.8896,12471.0596,12530.1602
1200611,1600,12223.4199,12301.9502,11970.29,11970.29
1200612,1600,11876.3398,12172.6299,11828.6602,11949.2803
1200615,1600,11661.3604,11968.0596,11597.8203,11911.3496
1200616,1600,12168.3701,12434.2695,12132.7998,12315.6602
1200617,1600,12312.4404,12432.2305,12288.1699,12382.1396
1200618,1600,12347.4902,12483.8398,12189.6699,12281.5303
1200619,1600,12375.1797,12447.1504,12319.1904,12330.7598
1200622,1600,12194.4805,12399.3701,12172.1201,12262.9697
1200623,1600,12360.0898,12616.1201,12332.0996,12523.7598
1200624,1600,12459.8096,12489.2402,12093.9404,12093.9404
1200625,1600,12102.25,12236.46,11957.3096,12177.8701
1200626,1600,12308.4805,12347.4502,12060.8896,12089.3896
1200629,1600,12090.4102,12297.6797,12045.2598,12232.1201
1200630,1600,12287.9404,12350.3496,12188.0898,12310.9297
1200701,1600,12391.7197,12391.7197,12095.1104,12260.5703
1200702,1600,12378.7998,12658.1699,12370.7197,12608.46
1200703,1600,12644.5996,12649.9805,12476.1299,12528.1797
1200706,1600,12774.7695,12842.5898,12655.21,12733.4502
1200707,1600,12660.0898,12661.1201,12525.1797,12616.7998
1200708,1600,12542.5801,12670.1904,12463.2197,12494.8096
1200709,1600,12639.1699,12709.6797,12459.1602,12489.46
1200710,1600,12442.2197,12649.9902,12416.6904,12633.71
1200713,1600,12817.1904,12836.4102,12688.9404,12799.9697
1200714,1600,12642.2305,12697.9102,12535.9004,12697.3604
1200715,1600,12812.1104,12999.8398,12773.4404,12930.9805
1200716,1600,12857.2998,12919.2305,12805.4697,12874.9697
1200717,1600,12915.2695,12954.25,12870.2695,12919.6104
1200720,1600,12898.1104,13063.6904,12811.7197,13046.9199
1200721,1600,13194.9297,13313.9004,13147.2998,13171.8301
1200722,1600,13165.29,13197.9199,13067.0596,13104.25
1200723,1600,13183.5,13217.7305,13072.8203,13103.3896
1200724,1600,12919.3096,12935.5,12812.0195,12838.0596
1200727,1600,12865.75,12908.6602,12811.4404,12838.6602
1200728,1600,12886.2305,12936.0098,12746.46,12835.2803
1200729,1600,12819.6299,12864.3896,12789.9697,12822.2598
1200730,1600,12762.1201,12768.71,12253.9199,12379.6504
1200731,1600,12403.0996,12524.75,12313.3604,12313.3604
1200803,1600,12374.46,12698.5596,12365.6104,12646.9805
1200804,1600,12744.1299,12768.5801,12528.0703,12600.8701
1200805,1600,12667.1201,12757.0303,12632.9902,12660.25
1200806,1600,12664.5498,12799.21,12519.8496,12591.6797
1200807,1600,12634.79,12691.6602,12517.4404,12674.8799
1200810,1600,12729.0996,12753.1201,12605.8203,12687.5303
1200811,1600,12806.9697,13046.1299,12802.0596,12946.8896
1200812,1600,12917.3398,13101.1201,12879.1104,13058.6299
1200813,1600,13044.4697,13075.25,12956.2998,12993.71
1200814,1600,12965.2197,12971.0801,12797.5195,12901.3398
1200817,1600,12924.8799,12960.8398,12847.8496,12920.6602
1200818,1600,12836.8701,13052.8398,12807.0,12881.7598
1200819,1600,12838.6299,12980.7002,12833.7998,12977.3301
1200820,1600,12829.3896,12891.1396,12755.5195,12830.0
1200821,1600,12879.4502,12911.2695,12633.71,12764.7998
1200824,1600,12945.9697,13104.3096,12924.7002,13066.54
1200825,1600,13136.7695,13221.8203,13060.8701,13061.6201
1200826,1600,13041.8301,13192.3203,13010.5303,13190.1504
1200827,1600,13206.5801,13218.0498,13087.3701,13096.3604
1200828,1600,13140.5996,13147.2402,12951.2598,13033.2002
1200831,1600,13103.9297,13148.1904,12923.7598,12945.3799
1200901,1600,13037.2002,13127.2803,12850.2998,12974.25
1200902,1600,13071.6602,13303.1699,13062.1699,13243.4297
1200903,1600,13354.7197,13460.46,13004.8301,13057.7695
1200904,1600,12916.1201,13127.0801,12753.6904,12842.6602
1200907,1600,12931.4004,13117.6104,12920.9199,13100.2803
1200908,1600,13126.2305,13147.5195,12856.5498,12968.3301
1200909,1600,12990.5195,13257.54,12973.46,13237.21
1200910,1600,13265.5098,13297.71,13161.9297,13208.8896
1200911,1600,13198.7402,13255.4697,13117.46,13202.8398
1200914,1600,13329.6104,13339.1396,13159.7197,13193.6602
1200915,1600,13220.8096,13262.8096,13138.2002,13217.6699
1200916,1600,13224.1602,13277.2305,13181.5596,13255.3701
1200917,1600,13060.1797,13245.8701,13035.9404,13208.1201
1200918,1600,13210.8604,13263.4404,13116.25,13116.25
1200921,1600,12998.9004,12998.9004,12505.1602,12542.4404
1200922,1600,12629.71,12698.1201,12592.9697,12594.3896
1200923,1600,12737.3203,12830.7002,12642.9697,12642.9697
1200924,1600,12520.4697,12684.7998,12512.5,12606.5703
1200925,1600,12615.9102,12622.7695,12341.5801,12469.2002
1200928,1600,12673.7305,12873.4004,12660.1504,12870.8701
1200929,1600,12817.79,12859.1396,12738.2998,12825.8203
1200930,1600,12754.7695,12869.96,12698.4199,12760.7305
1201001,1600,12812.0801,12836.6504,12671.2305,12730.7695
1201002,1600,12558.7803,12690.25,12539.8604,12689.04
1201005,1600,12824.0498,12842.4805,12727.75,12828.3096
1201006,1600,12858.9697,12966.0898,12779.6504,12906.0195
1201007,1600,12901.29,12959.0195,12837.1104,12928.5703
1201008,1600,13011.2305,13100.8496,12956.6396,13042.21
1201009,1600,13070.04,13096.4404,13009.9805,13051.2305
1201012,1600,13086.0596,13151.7998,13058.3398,13138.4102
1201013,1600,13132.9004,13132.9004,12959.7002,13018.9902
1201014,1600,13012.6904,13066.4404,12975.1201,13028.0596
1201015,1600,12826.1299,12839.5498,12599.8203,12703.75
1201016,1600,12773.3496,12955.8604,12733.0596,12908.9902
1201019,1600,12948.6299,13028.7305,12820.2598,12854.6602
1201020,1600,12819.1504,12850.29,12725.4502,12736.9502
1201021,1600,12764.4502,12765.0498,12545.5898,12557.6396
1201022,1600,12429.4102,12583.0195,12345.4502,12543.0596
1201023,1600,12517.9805,12718.2695,12514.9902,12645.75
1201026,1600,12303.4102,12404.5098,12174.2197,12177.1797
1201027,1600,12206.4199,12223.5996,12034.7998,12063.5703
1201028,1600,11848.3096,11852.0195,11457.1201,11560.5098
1201029,1600,11631.0703,11707.4297,11458.5596,11598.0703
1201030,1600,11472.6104,11614.1299,11450.0801,11556.4805
1201102,1600,11602.9102,11838.0,11551.3604,11788.2803
1201103,1600,11858.8096,12088.9805,11851.0303,12088.9805
1201104,1600,11896.1104,12329.96,11848.21,12324.2197
1201105,1600,12420.8799,12591.2998,12398.5898,12568.0898
1201106,1600,12531.7402,12595.8701,12370.0801,12480.0195
1201109,1600,12713.1904,13297.0498,12670.5801,13095.9697
1201110,1600,13109.7695,13237.5898,13018.4297,13163.1104
1201111,1600,13205.9502,13244.3203,13138.7598,13216.1797
1201112,1600,13073.4805,13168.0898,13022.2803,13052.9502
1201113,1600,13036.9697,13145.4805,13004.8203,13076.7197
1201116,1600,13170.5195,13277.4502,13081.1104,13138.6104
1201117,1600,13130.54,13151.0195,13050.4102,13133.4697
1201118,1600,13086.4297,13213.6299,13074.6699,13201.8896
1201119,1600,13101.71,13138.1396,13034.5098,13086.1602
1201120,1600,13054.6396,13172.9102,13054.6396,13137.25
1201123,1600,13215.4404,13312.4199,13126.9697,13126.9697
1201124,1600,13254.4199,13296.7598,13192.3203,13292.4404
1201125,1600,13346.7695,13346.96,13235.8203,13289.7998
1201126,1600,13315.21,13316.1904,13274.8896,13286.5703
1201127,1600,13280.5098,13364.1699,13272.7402,13335.6797
1201130,1600,13270.5098,13445.1104,13256.7598,13291.1602
1201201,1600,13371.6602,13434.2998,13334.9902,13382.2998
1201202,1600,13341.9102,13359.2695,13272.4697,13313.2402
1201203,1600,13304.8301,13307.54,13223.9297,13252.8604
1201204,1600,13230.6104,13315.3701,13225.0801,13298.96
1201207,1600,13255.7803,13289.4297,13163.2598,13271.0
1201208,1600,13248.0195,13297.4902,13199.4502,13278.4902
1201209,1600,13344.1396,13454.1299,13327.8701,13340.2598
1201210,1600,13341.6797,13370.4404,13213.0596,13295.7305
1201211,1600,13255.2402,13265.6104,13009.4805,13114.2998
1201214,1600,13224.2598,13292.2998,13190.5303,13223.1602
1201215,1600,13216.4902,13374.96,13210.1504,13362.8701
1201216,1600,13416.29,13596.7402,13412.4102,13565.9805
1201217,1600,13691.4902,13725.8398,13649.5303,13667.25
1201218,1600,13649.6602,13774.4502,13624.25,13630.5098
1201221,1600,13398.2197,13399.9902,13060.3398,13246.2998
1201222,1600,13311.0195,13441.5898,13310.4199,13418.1104
1201223,1600,13456.6299,13601.71,13456.6299,13587.2305
1201228,1600,13779.0498,13818.6504,13740.21,13790.29
1201229,1600,13873.3496,13903.1104,13747.0801,13761.3799
1201230,1600,13750.9902,13797.0898,13717.4697,13718.7803
1210104,1600,13890.2197,13907.1299,13647.79,13726.7402
1210105,1600,13680.6904,13768.1299,13566.4697,13651.2197
1210106,1600,13687.0801,13919.2305,13617.1104,13891.9697
1210107,1600,13946.5303,14007.4697,13902.2402,13968.2402
1210108,1600,14106.5996,14131.5195,14007.71,14049.5303
1210111,1600,13986.4199,14007.6504,13806.6904,13936.6602
1210112,1600,13985.8896,13999.5703,13871.4404,13925.0596
1210113,1600,13899.0596,13978.4297,13868.8301,13939.71
1210114,1600,13973.7695,14030.2197,13942.8799,13988.7002
1210115,1600,13904.2998,13958.1602,13672.6699,13787.7305
1210118,1600,13701.9805,13850.4004,13701.7402,13848.3496
1210119,1600,13935.9297,13940.0498,13804.46,13815.0596
1210120,1600,13848.7695,13952.2002,13835.9902,13921.3701
1210121,1600,13997.7803,14026.3496,13878.8398,13906.6699
1210122,1600,13858.0498,13897.7305,13744.2598,13873.9697
1210125,1600,13943.96,13946.8496,13599.7803,13643.9502
1210126,1600,13687.3896,13925.7305,13670.2305,13870.9902
1210127,1600,13827.4697,13851.8398,13475.0303,13620.46
1210128,1600,13500.6396,13698.54,13310.9502,13665.9297
1210129,1600,13474.2002,13593.0303,13403.7402,13432.8701
1210201,1600,13559.9404,13648.0498,13518.4502,13622.0195
1210202,1600,13724.1201,13844.9404,13693.9297,13835.1602
1210203,1600,13986.7197,13988.1504,13866.3896,13933.6299
1210204,1600,13971.9404,14069.8896,13955.7002,14060.29
1210205,1600,14061.6904,14114.4404,14013.1299,14056.7197
1210208,1600,14156.8398,14169.4902,14056.5498,14059.9102
1210209,1600,14055.5996,14061.6104,13962.1396,14011.7998
1210210,1600,14063.1201,14063.1201,13830.1201,13932.9697
1210211,1600,13958.3896,14053.0596,13916.6299,14040.9102
1210212,1600,13976.1299,14050.96,13916.7305,14049.8896
1210215,1600,14109.0703,14131.21,14074.25,14109.4805
1210216,1600,14105.1299,14130.7402,14049.9805,14064.5996
1210217,1600,14028.0996,14036.9502,13894.0596,13909.2695
1210218,1600,13926.8398,13961.0498,13853.7695,13886.9297
1210219,1600,13941.4004,14026.1797,13892.7197,13993.2305
1210222,1600,13858.5596,13975.0801,13802.5498,13950.04
1210223,1600,13984.9805,13989.2402,13664.71,13864.8096
1210224,1600,13855.8496,13998.2998,13855.8496,13976.0
1210225,1600,14045.0195,14051.0098,13879.1699,13879.3301
1210226,1600,13685.7998,13881.2598,13673.0703,13786.29
1210301,1600,13962.4297,14022.0195,13873.8301,14012.8203
1210302,1600,13962.0703,14101.79,13961.6201,14039.7998
1210303,1600,14130.8604,14197.4902,13979.7305,14080.0303
1210304,1600,14015.4404,14095.8096,13959.2695,14056.3398
1210305,1600,13958.54,14068.0303,13868.2002,13920.6904
1210308,1600,14024.5703,14402.9199,13977.1299,14380.9102
1210309,1600,14345.5098,14475.6504,14309.3496,14437.9404
1210310,1600,14439.4502,14560.9697,14408.5195,14540.25
1210311,1600,14553.54,14595.0195,14515.0703,14569.3896
1210312,1600,14492.4502,14527.4199,14450.7197,14502.3896
1210315,1600,14504.4902,14572.2402,14409.3496,14461.4199
1210316,1600,14519.7197,14601.79,14511.2998,14557.5801
1210317,1600,14565.29,14601.6299,14539.7002,14596.6104
1210318,1600,14673.7197,14804.0098,14669.9502,14775.5195
1210319,1600,14697.2598,14747.5596,14563.21,14621.0
1210322,1600,14551.1699,14677.1201,14539.2695,14657.21
1210323,1600,14582.0703,14707.3701,14516.2197,14662.0195
1210324,1600,14543.5801,14619.04,14523.1201,14610.3896
1210325,1600,14550.4004,14621.3604,14422.6504,14621.3604
1210326,1600,14714.5898,14776.3203,14693.9404,14748.9404
1210329,1600,14809.7998,14845.4199,14756.04,14817.7197
1210330,1600,14897.6602,15029.7002,14890.2803,15008.6104
1210331,1600,14982.1201,15026.4902,14973.5898,15008.3398
1210401,1600,15053.7695,15110.9199,15032.5195,15107.1699
1210406,1600,15289.9697,15311.8604,15209.9004,15212.6797
1210407,1600,15221.2305,15242.7305,15160.2803,15176.3604
1210408,1600,15236.4404,15247.7803,15144.1104,15202.6797
1210409,1600,15198.1396,15243.5596,15157.21,15234.1602
1210412,1600,15238.8496,15275.3301,15212.2402,15215.0
1210413,1600,15244.6201,15281.6504,15184.9502,15234.3604
1210414,1600,15253.5898,15255.9199,15191.5098,15209.1504
1210415,1600,15238.6299,15271.6904,15227.6299,15255.3301
1210416,1600,15277.8496,15473.8301,15274.2197,15459.75
1210419,1600,15496.8701,15501.8398,15368.1396,15368.3896
1210420,1600,15361.1504,15393.1299,15109.54,15129.5098
1210421,1600,15179.9102,15210.6904,15071.7803,15195.9697
1210422,1600,15252.04,15328.3301,15230.2002,15320.5195
1210423,1600,15267.7598,15309.0898,15149.3496,15279.6201
1210426,1600,15297.9297,15325.8896,15237.0195,15296.3398
1210427,1600,15282.8398,15293.8896,15186.7598,15249.2695
1210428,1600,15320.4004,15355.2803,15266.6104,15292.1797
1210429,1600,15326.2305,15329.7197,15085.0195,15154.2002
1210430,1600,15204.3896,15244.2598,15135.9102,15135.9102
1210503,1600,15191.79,15268.5596,15111.2998,15236.4697
1210504,1600,15259.5,15260.75,14845.2695,14856.4805
1210505,1600,14969.6299,15170.7803,14963.7695,15170.7803
1210506,1600,15170.7695,15281.4004,15092.7695,15196.7402
1210507,1600,15348.3203,15406.4102,15290.2002,15399.6504
1210510,1600,15417.5303,15419.4297,15347.96,15400.4102
1210511,1600,15253.3203,15255.8896,15006.7305,15119.75
1210512,1600,15144.04,15226.3604,15058.1104,15150.2197
1210513,1600,14967.7998,15235.8896,14816.3496,15199.6797
1210514,1600,15301.7402,15417.2402,15214.6797,15416.6396
1210517,1600,15432.3398,15482.2305,15353.6602,15396.6201
1210518,1600,15514.7197,15538.0098,15344.0996,15386.5801
1210519,1600,15238.8203,15266.5303,14961.2695,15113.5596
1210520,1600,15207.3203,15370.2598,15102.3496,15370.2598
1210521,1600,15411.0303,15467.1904,15364.4297,15437.5098
1210525,1600,15548.29,15568.5996,15465.0898,15465.0898
1210526,1600,15520.4404,15541.8604,15407.4805,15450.7197
1210527,1600,15419.2002,15490.0596,15350.6699,15406.7305
1210528,1600,15443.1396,15548.7197,15435.7402,15519.9805
1210531,1600,15496.4805,15499.6396,15414.3799,15421.1299
1210601,1600,15513.1299,15685.4004,15512.3604,15567.3604
1210602,1600,15570.7695,15631.0195,15554.0195,15602.71
1210603,1600,15591.54,15657.1504,15477.3203,15632.6699
1210604,1600,15651.6904,15705.8896,15607.9199,15692.9004
1210607,1600,15661.5801,15732.0596,15614.1797,15677.1504
1210608,1600,15674.4102,15727.2305,15638.3203,15640.5996
1210609,1600,15642.7402,15669.1396,15505.1504,15581.1396
1210610,1600,15610.0801,15637.9404,15513.3604,15571.2197
1210611,1600,15583.29,15703.8398,15548.3496,15693.2695
1210614,1600,15739.8896,15802.6699,15673.6396,15673.6396
1210615,1600,15744.7695,15792.3496,15714.9404,15729.5195
1210616,1600,15756.8301,15759.6602,15674.6104,15710.5703
1210617,1600,15655.3203,15752.3398,15649.2197,15727.6699
1210618,1600,15720.5195,15736.9297,15426.7598,15448.04
1210621,1600,15391.5,15606.5703,15309.4404,15603.2402
1210622,1600,15587.5703,15652.75,15518.3096,15636.3301
1210623,1600,15674.3301,15675.9004,15456.3896,15456.3896
1210624,1600,15528.5498,15606.8896,15476.6699,15589.2305
1210625,1600,15584.9004,15612.6602,15533.4004,15607.9697
1210628,1600,15570.7998,15668.0801,15542.1699,15554.1797
1210629,1600,15565.8301,15752.9297,15555.4902,15690.5898
1210630,1600,15700.0596,15709.3398,15461.2002,15531.04
1210701,1600,15624.2803,15708.7803,15488.4902,15603.8096
1210702,1600,15644.8398,15705.5303,15616.4297,15650.0898
1210705,1600,15628.4199,15673.8799,15535.29,15661.9697
1210706,1600,15615.0703,15647.8799,15466.6602,15511.3799
1210707,1600,15606.9404,15700.9502,15604.5801,15692.71
1210708,1600,15584.7197,15591.6504,15304.4102,15420.6396
1210709,1600,15497.9297,15687.9297,15479.4404,15687.9297
1210712,1600,15675.4199,15806.9004,15631.8398,15790.5098
1210713,1600,15769.5098,15806.5703,15747.5703,15789.6396
1210714,1600,15733.1904,15810.6797,15717.8301,15788.9805
1210715,1600,15737.3604,15737.3604,15592.0098,15629.6602
1210716,1600,15682.75,15699.9297,15476.9902,15540.3096
1210719,1600,15420.1396,15423.8398,15048.5596,15133.2002
1210720,1600,15234.8496,15300.29,15091.9004,15216.2695
1210721,1600,15239.9199,15443.7598,15194.54,15422.5
1210722,1600,15533.2197,15578.75,15471.4697,15514.54
1210723,1600,15603.6904,15681.4102,15583.6504,15669.29
1210726,1600,15586.6602,15641.6104,15544.9404,15618.9805
1210727,1600,15537.8896,15586.9004,15423.5596,15519.1299
1210728,1600,15538.75,15577.1299,15497.0996,15570.3604
1210729,1600,15608.8203,15659.2197,15563.6504,15640.4697
1210730,1600,15493.7402,15613.6602,15440.8896,15544.3896
1210802,1600,15631.7002,15702.8896,15511.25,15568.7305
1210803,1600,15537.6904,15608.0703,15492.5801,15555.0801
1210804,1600,15653.6504,15712.2695,15600.7998,15692.1299
1210805,1600,15691.7402,15751.8799,15672.2695,15744.6699
1210806,1600,15770.8496,15808.2402,15737.0996,15761.4502
1210809,1600,15773.5098,15798.5098,15699.2695,15745.4102
1210810,1600,15734.1396,15802.1504,15733.6504,15770.71
1210811,1600,15792.1201,15887.1602,15724.9902,15826.0898
1210812,1600,15829.2695,15964.3799,15823.5303,15937.5098
1210813,1600,15948.1504,16030.3301,15940.8203,15977.4404
1210816,1600,15875.7002,15961.1797,15851.2803,15925.7305
1210817,1600,15872.1201,15937.4697,15811.5703,15921.9502
1210818,1600,15935.21,15969.8496,15872.9902,15965.9697
1210819,1600,15737.1797,15804.8496,15621.9805,15765.8096
1210820,1600,15734.6797,15808.04,15656.2803,15808.04
1210823,1600,15930.7197,15930.7197,15799.5898,15852.79
1210824,1600,15897.8604,15918.7197,15856.0498,15905.8496
1210825,1600,15912.8496,15932.6201,15853.3203,15860.6602
1210826,1600,15773.71,15834.9102,15701.8496,15793.6201
1210827,1600,15778.9199,15859.7695,15752.0898,15851.75
1210830,1600,15856.71,15896.7305,15847.6602,15887.3096
1210831,1600,15929.2598,16006.7598,15761.5703,15835.0898
1210901,1600,15958.4102,15981.7002,15773.4404,15824.29
1210902,1600,15813.5703,15874.6699,15810.7695,15840.5898
1210903,1600,15841.4502,15868.6904,15690.0195,15781.2002
1210906,1600,15818.4404,15959.7402,15814.6299,15932.1201
1210907,1600,15896.5596,15927.7695,15826.8604,15843.0898
1210908,1600,15714.6104,15755.2998,15590.4102,15610.2803
1210909,1600,15499.4502,15693.2197,15453.96,15623.1504
1210910,1600,15648.8896,15702.5996,15574.9404,15609.8096
1210913,1600,15681.1699,15787.6602,15674.1602,15701.4199
1210914,1600,15697.7197,15763.5801,15663.4199,15722.9902
1210915,1600,15731.4805,15740.0098,15613.7197,15616.0
1210916,1600,15666.6299,15745.1904,15638.2305,15651.75
1210917,1600,15774.5703,15791.9004,15455.54,15490.1699
1210920,1600,15259.5,15262.7598,15019.4902,15132.0596
1210921,1600,15265.0303,15394.3301,15205.7002,15348.5303
1210922,1600,15463.2402,15508.4199,15378.9297,15506.7402
1210923,1600,15630.0098,15695.6504,15593.7197,15643.9697
1210924,1600,15562.1396,15573.46,15497.1699,15531.75
1210927,1600,15699.0098,15704.0498,15552.0898,15573.8799
1210928,1600,15542.0303,15542.4102,15232.9697,15248.5596
1210929,1600,15357.0,15422.75,15301.3496,15365.2695
1210930,1600,15434.3301,15448.5195,15246.0,15260.6904
1211001,1600,15041.5996,15262.75,14983.7998,15156.4404
1211004,1600,15061.8604,15175.25,15016.9297,15036.5498
1211005,1600,15055.4004,15202.2002,15011.4404,15194.4902
1211006,1600,15040.0996,15049.4902,14818.71,14973.3301
1211007,1600,15162.75,15253.29,15116.4697,15250.8604
1211008,1600,15242.7598,15267.9199,15184.7598,15206.1299
1211011,1600,15115.46,15202.7402,15094.4404,15199.1396
1211012,1600,15025.3496,15174.29,15012.0703,15146.8701
1211013,1600,15130.7998,15302.4297,15109.6104,15249.3799
1211014,1600,15350.7197,15464.3799,15303.3896,15462.7197
1211015,1600,15481.2197,15598.5801,15465.9297,15587.3604
1211018,1600,15518.5898,15542.1699,15416.0195,15474.4697
1211019,1600,15510.9902,15527.9697,15457.4297,15515.8301
1211020,1600,15473.5596,15567.0703,15465.0303,15522.9199
1211021,1600,15408.7998,15532.9404,15406.5898,15472.5596
1211022,1600,15507.9902,15614.7598,15492.29,15542.9805
1211025,1600,15580.5801,15618.8799,15531.9502,15599.2305
1211026,1600,15652.9102,15781.0,15650.3496,15757.0596
1211027,1600,15725.4004,15744.79,15671.5898,15705.8096
1211028,1600,15681.5195,15706.3896,15629.3301,15696.3301
1211029,1600,15579.9004,15689.6602,15495.5098,15688.7695
1211101,1600,15764.5498,15849.4004,15760.3496,15806.29
1211102,1600,15825.2695,15960.21,15824.1104,15954.4502
1211103,1600,15957.1504,15972.71,15922.0996,15959.9805
1211104,1600,16035.9004,16064.79,15997.6299,16029.6504
1211105,1600,16011.5703,16084.9004,16008.4004,16054.3604
1211108,1600,16040.8496,16068.7305,16016.2002,16046.5195
1211109,1600,16026.7402,16104.1299,16022.6396,16040.4697
1211110,1600,16053.0,16076.5596,15985.9004,16067.8301
1211111,1600,16067.3398,16114.5498,16032.5,16083.1104
1211112,1600,16100.0801,16122.7598,16065.0596,16094.0703
1211115,1600,16109.4102,16149.8701,16072.29,16148.6396
1211116,1600,16174.3096,16266.2598,16157.5801,16247.8604
1211117,1600,16248.3203,16283.5195,16240.5098,16251.1299
1211118,1600,16262.29,16290.1904,16193.3398,16221.7305
1211119,1600,16269.2197,16282.8701,16092.6299,16159.9697
1211122,1600,16188.54,16202.7695,16090.54,16115.6904
1211123,1600,15987.2002,16054.3799,15866.0098,15937.0
1211124,1600,15942.2803,15974.2998,15740.5996,15878.3896
1211125,1600,15928.3799,15962.54,15865.4102,15917.9805
1211126,1600,15383.9004,15540.29,15244.46,15257.04
1211129,1600,15418.2803,15441.9102,15237.8701,15280.8604
1211130,1600,15117.6299,15280.04,15015.4199,15100.1299
1211201,1600,15233.3701,15509.46,15187.0898,15472.6699
1211202,1600,15300.7305,15373.5195,15172.9004,15263.1104
1211203,1600,15422.9004,15422.9004,15101.71,15169.9805
1211206,1600,15323.2002,15415.46,15150.54,15380.79
1211207,1600,15546.7002,15827.9404,15544.79,15813.9404
1211208,1600,15781.0498,15834.04,15683.6699,15687.0898
1211209,1600,15705.9297,15721.4805,15613.4004,15639.2598
1211210,1600,15572.6904,15689.5,15550.4502,15623.3096
1211213,1600,15653.5703,15794.3096,15591.6201,15621.7197
1211214,1600,15680.3496,15697.9805,15448.4502,15453.5596
1211215,1600,15503.6396,15531.04,15451.7402,15476.3496
1211216,1600,15708.9404,15780.9297,15621.5703,15636.4004
1211217,1600,15599.75,15609.5098,15419.5498,15531.6904
1211220,1600,15152.5596,15296.0801,15060.0996,15239.6699
1211221,1600,15379.0801,15452.4199,15305.6104,15447.4404
1211222,1600,15474.8398,15593.4697,15425.1602,15593.4697
1211223,1600,15660.7803,15768.4502,15622.5996,15756.3096
1211227,1600,15705.5303,15854.6201,15697.4404,15835.25
1211228,1600,15839.1904,15974.79,15832.96,15963.7002
1211229,1600,15952.4697,15955.0303,15803.5898,15852.25
1211230,1600,15837.5596,15890.7402,15834.5703,15884.8604
1220103,1600,15947.4404,16069.3799,15943.1602,16020.7305
1220104,1600,16069.7998,16202.5801,16036.5195,16152.6104
1220105,1600,16177.4404,16285.3496,16161.7197,16271.75
1220106,1600,16076.1602,16156.5596,15988.6299,16052.0303
1220107,1600,15999.0195,16044.2803,15862.71,15947.7402
1220110,1600,16006.4404,16015.3398,15724.2305,15768.2695
1220111,1600,15918.8203,15979.9902,15880.3896,15941.8096
1220112,1600,16054.9297,16061.5,15955.54,16010.3203
1220113,1600,15959.8301,16090.29,15941.7803,16031.5898
1220114,1600,15929.3701,15970.7002,15833.7305,15883.2402
1220117,1600,15948.9004,15962.7002,15894.7695,15933.7197
1220118,1600,15839.1504,15843.5801,15669.3496,15772.5596
1220119,1600,15639.4502,15898.0498,15629.8604,15809.7197
1220120,1600,15837.2402,15912.3301,15737.3301,15912.3301
1220121,1600,15694.8203,15728.29,15456.8701,15603.8799
1220124,1600,15499.6104,15587.3896,14952.6699,15011.1299
1220125,1600,15139.0703,15205.75,14979.1104,15123.8701
1220126,1600,15273.0596,15524.96,15272.8701,15459.3896
1220127,1600,15229.9805,15582.4502,15197.5303,15524.2695
1220128,1600,15411.8604,15416.5898,15122.6504,15318.9502
1220131,1600,15506.79,15566.3799,15338.1904,15471.2002
1220201,1600,15620.5596,15687.96,15537.0498,15619.3896
1220202,1600,15689.1602,15736.5195,15604.9902,15613.7695
1220203,1600,15565.9404,15602.5,15367.1602,15368.4697
1220204,1600,15410.7305,15423.9404,15060.4805,15099.5596
1220207,1600,15220.0801,15256.0801,15076.8896,15206.6396
1220208,1600,15221.7002,15338.0,15158.7998,15242.3799
1220209,1600,15356.9502,15513.9404,15351.4805,15482.0098
1220210,1600,15597.0596,15614.4697,15413.3701,15490.4404
1220211,1600,15353.8604,15511.3398,15308.6904,15425.1201
1220214,1600,15065.7305,15150.54,14844.0996,15113.9697
1220215,1600,15077.3203,15418.4102,15068.3301,15412.71
1220216,1600,15431.2695,15542.8398,15374.0,15396.0703
1220217,1600,15404.1396,15440.0801,15206.4004,15267.6299
1220218,1600,15278.6602,15317.3896,14989.0498,15042.5098
1220221,1600,15186.6299,15192.4697,14617.6602,14731.1201
1220222,1600,14365.0596,14782.1602,14357.8604,14693.0
1220223,1600,14754.2197,14901.0898,14586.3496,14631.3604
1220224,1600,13989.4102,14221.71,13807.2803,14052.0996
1220225,1600,14230.0898,14567.6201,14027.9297,14567.2305
1220228,1600,14263.7305,14510.7695,14106.8896,14461.0195
1220301,1600,14404.2197,14448.6104,13904.8496,13904.8496
1220302,1600,13836.9297,14114.79,13707.8604,14000.1104
1220303,1600,13990.25,14057.1504,13669.0996,13698.4004
1220304,1600,13485.9805,13562.5996,13094.54,13094.54
1220307,1600,12614.0801,13150.3496,12438.8496,12834.6504
1220308,1600,12673.8896,13106.7803,12672.0,12831.5098
1220309,1600,13215.0596,13847.9297,13199.6797,13847.9297
1220310,1600,13819.4404,13829.9697,13341.79,13442.0996
1220311,1600,13479.6904,13943.9697,13407.9697,13628.1104
1220314,1600,13827.2197,14082.0596,13815.7998,13929.1104
1220315,1600,13768.4404,13974.8398,13577.8096,13917.2695
1220316,1600,14245.7695,14553.0996,14183.2598,14440.7402
1220317,1600,14500.0498,14509.2305,14243.9404,14388.0596
1220318,1600,14374.4102,14413.0898,14109.79,14413.0898
1220321,1600,14385.8203,14457.2998,14306.2598,14326.9697
1220322,1600,14365.6699,14508.0098,14343.3398,14473.2002
1220323,1600,14532.8398,14539.3096,14226.4297,14283.6504
1220324,1600,14305.7998,14375.8203,14187.8203,14273.79
1220325,1600,14332.2598,14428.0303,14247.3799,14305.7598
1220328,1600,14376.0,14627.5801,14371.9004,14417.3701
1220329,1600,14592.7402,14925.25,14553.71,14820.3301
1220330,1600,14712.3203,14744.7197,14555.8701,14606.0498
1220331,1600,14674.8301,14732.0,14404.0303,14414.75
1220401,1600,14447.7803,14506.0195,14403.0898,14446.4805
1220404,1600,14503.96,14535.0703,14334.0996,14518.1602
1220405,1600,14504.7998,14603.4404,14347.3301,14424.3604
1220406,1600,14402.1602,14437.9102,14027.1797,14151.6904
1220407,1600,14187.1299,14315.3496,14069.5303,14078.1504
1220408,1600,14275.8701,14321.8203,14178.2803,14283.6699
1220411,1600,14162.9697,14298.0195,14094.8301,14192.7803
1220412,1600,13956.5596,14180.0898,13887.1104,14124.9502
1220413,1600,14062.7002,14100.0303,13961.9502,14076.4404
1220414,1600,14098.4805,14198.7803,14038.2998,14163.8496
1220419,1600,14057.4297,14199.0898,13991.7002,14153.46
1220420,1600,14154.4805,14362.0303,14149.6797,14362.0303
1220421,1600,14376.0498,14598.1104,14374.5898,14502.4102
1220422,1600,14320.5098,14372.4697,14142.0898,14142.0898
1220425,1600,13908.0498,14037.6299,13863.3896,13924.1699
1220426,1600,14087.0801,14112.8398,13749.6797,13756.4004
1220427,1600,13760.2197,13849.4297,13566.2002,13793.9404
1220428,1600,13907.0596,14074.71,13822.1602,13979.8398
1220429,1600,14095.9297,14187.0195,14038.5498,14097.8799
1220502,1600,13996.8203,14036.1104,13778.1299,13939.0703
1220503,1600,13958.9199,14081.1504,13920.46,14039.4697
1220504,1600,14020.9004,14073.21,13970.6201,13970.8203
1220505,1600,14282.7695,14315.2402,13857.5801,13902.5195
1220506,1600,13832.6504,13851.4502,13592.1504,13674.29
1220509,1600,13624.9199,13697.9004,13380.6699,13380.6699
1220510,1600,13550.0195,13719.9502,13514.4902,13534.7402
1220511,1600,13587.29,13829.0996,13508.5596,13828.6396
1220512,1600,13512.1299,13808.0898,13479.3604,13739.6396
1220513,1600,13837.4199,14034.1504,13795.6396,14027.9297
1220516,1600,13986.1699,14043.0996,13864.9502,13964.3799
1220517,1600,14072.6699,14203.0898,14056.9805,14185.9404
1220518,1600,14197.1797,14226.4697,13999.54,14007.7598
1220519,1600,13822.3496,13882.2998,13683.5898,13882.2998
1220520,1600,13968.2598,14161.3203,13944.1602,13981.9102
1220523,1600,14179.8398,14217.4805,14026.1396,14175.4004
1220524,1600,14043.2197,14105.0596,13917.0801,13919.75
1220525,1600,14022.2695,14053.5898,13871.4805,14007.9297
1220526,1600,14025.4404,14253.6104,14025.4404,14231.29
1220527,1600,14289.5303,14463.5,14246.8301,14462.1904
1220530,1600,14572.7998,14589.4502,14509.5801,14575.9805
1220531,1600,14513.3398,14547.0898,14359.3896,14388.3496
1220601,1600,14478.3701,14489.0,14329.5098,14340.4697
1220602,1600,14394.3604,14492.7803,14393.04,14485.1699
1220603,1600,14585.1797,14589.9102,14443.1104,14460.0898
1220606,1600,14576.8701,14709.3799,14548.2598,14653.8096
1220607,1600,14569.2998,14590.6904,14458.3398,14556.6201
1220608,1600,14595.7803,14602.0596,14378.5,14445.9902
1220609,1600,14364.5898,14420.7305,14186.9297,14198.7998
1220610,1600,14110.0303,14121.0703,13749.7695,13761.8301
1220613,1600,13564.4697,13648.8398,13379.8701,13427.0303
1220614,1600,13557.4404,13569.9297,13294.0,13304.3896
1220615,1600,13480.5,13566.7998,13358.4004,13485.29
1220616,1600,13440.4297,13443.3203,13007.9102,13038.4902
1220617,1600,13092.8496,13237.7002,13020.4199,13126.2598
1220620,1600,13207.79,13265.5996,13106.3799,13265.5996
1220621,1600,13335.1504,13443.7695,13273.2002,13292.4004
1220622,1600,13062.2598,13206.1104,12965.6904,13144.2803
1220623,1600,13082.6201,13120.3096,12912.5898,12912.5898
1220624,1600,12949.8701,13160.71,12904.8604,13118.1299
1220627,1600,13217.9004,13378.4199,13126.8604,13186.0703
1220628,1600,13264.6201,13358.6201,13221.04,13231.8203
1220629,1600,13089.9902,13132.3604,12946.7598,13003.3496
1220630,1600,12795.2197,12811.4297,12618.6797,12783.7695
1220701,1600,12627.6602,12894.3799,12623.2305,12813.0303
1220704,1600,12904.0898,12919.7002,12741.6299,12773.3799
1220705,1600,12851.29,12870.2402,12390.9502,12401.2002
1220706,1600,12587.5498,12668.6797,12509.2197,12594.5195
1220707,1600,12757.6299,12867.71,12693.6504,12843.2197
1220708,1600,12814.0996,13019.1299,12766.7998,13015.2305
1220711,1600,12783.0898,12934.8701,12774.2305,12832.4404
1220712,1600,12751.2998,12905.4805,12655.0596,12905.4805
1220713,1600,12800.8701,12851.9004,12625.2197,12756.3203
1220714,1600,12759.29,12788.0098,12434.29,12519.6602
1220715,1600,12562.1504,12875.6699,12532.9404,12864.7197
1220718,1600,12935.0498,13062.2305,12913.6904,12959.8096
1220719,1600,12884.8301,13351.2002,12827.8896,13308.4102
1220720,1600,13356.6699,13399.4004,13129.1299,13281.9805
1220721,1600,13261.8203,13318.6396,13097.75,13246.6396
1220722,1600,13179.5596,13367.04,13171.1396,13253.6797
1220725,1600,13183.2402,13337.0596,13151.8604,13210.3203
1220726,1600,13181.9199,13197.9502,13042.4102,13096.9297
1220727,1600,13158.6396,13204.5801,13089.96,13166.3799
1220728,1600,13214.4102,13289.3896,13091.2598,13282.1104
1220729,1600,13353.2803,13515.0303,13340.5898,13484.0498
1220801,1600,13471.2002,13570.2197,13464.9004,13479.6299
1220802,1600,13419.1904,13484.5498,13335.3896,13449.2002
1220803,1600,13398.7002,13595.0703,13388.3398,13587.5596
1220804,1600,13629.7002,13792.8799,13628.5703,13662.6797
1220805,1600,13642.9102,13693.3398,13562.6201,13573.9297
1220808,1600,13703.3799,13745.5898,13604.5498,13687.6904
1220809,1600,13703.3799,13745.5898,13514.71,13534.9697
1220810,1600,13482.6299,13715.5596,13455.7002,13700.9297
1220811,1600,13747.0703,13763.2598,13661.1699,13694.5098
1220812,1600,13709.8301,13813.0498,13705.0195,13795.8496
1220815,1600,13847.8799,13857.9805,13736.0,13816.6104
1220816,1600,13849.6201,13947.8496,13824.9697,13910.1201
1220817,1600,13928.1201,13930.5703,13610.4404,13626.71
1220818,1600,13653.8203,13775.6602,13638.1602,13697.4102
1220819,1600,13591.2402,13660.3398,13525.6904,13544.5195
1220822,1600,13471.4404,13510.29,13189.2695,13230.5703
1220823,1600,13163.5195,13298.2598,13156.4404,13194.2305
1220824,1600,13131.1201,13238.6104,13085.2002,13220.0596
1220825,1600,13328.4902,13364.5498,13210.9902,13271.96
1220826,1600,13335.0996,13375.0195,12939.96,12971.4697
1220829,1600,12838.4199,12942.46,12758.4404,12892.9902
1220830,1600,12919.4297,13154.1504,12885.0801,12961.1396
1220831,1600,13018.4805,13020.54,12814.8096,12834.96
1220901,1600,12713.75,12743.0498,12603.5801,12630.2305
1220902,1600,12768.4404,13051.5703,12736.0098,13050.2695
1220905,1600,12827.5801,12827.5801,12617.4004,12760.7803
1220906,1600,12807.2695,12927.79,12760.04,12871.4404
1220907,1600,12770.7197,12953.9902,12736.0898,12915.9697
1220908,1600,12985.6104,13008.8203,12688.8701,12904.3203
1220909,1600,12926.1504,13121.1299,12925.5703,13088.21
1220912,1600,13171.9199,13441.54,13165.7803,13402.2695
1220913,1600,13450.3896,13564.8301,13183.1904,13188.9502
1220914,1600,13131.3398,13192.8203,12952.0898,13028.0
1220915,1600,13040.3604,13111.3799,12927.2002,12956.6602
1220916,1600,12814.9199,12815.3301,12699.2197,12741.2598
1220919,1600,12685.29,12866.7002,12606.6396,12803.2402
1220920,1600,12849.7803,12936.5703,12638.2197,12670.8301
1220921,1600,12555.3096,12771.7803,12520.8096,12767.1504
1220922,1600,12531.6602,12781.5596,12526.6104,12531.6299
1220923,1600,12506.6396,12521.25,12180.7598,12284.1904
1220926,1600,12231.8398,12368.4902,12184.0,12227.9199
1220927,1600,12332.8496,12414.0898,12139.6797,12139.6797
1220928,1600,12025.4297,12198.3701,11862.8398,12183.2803
1220929,1600,12143.21,12147.3096,11866.9805,11975.5498
1220930,1600,12063.0898,12137.7695,11973.9102,12114.3604
1221003,1600,11951.8398,12227.8701,11893.9404,12209.4805
1221004,1600,12360.7197,12673.3496,12358.9805,12670.4805
1221005,1600,12611.0703,12661.8799,12455.3604,12517.1797
1221006,1600,12593.4102,12643.2197,12421.8896,12470.7803
1221007,1600,12414.7803,12497.5195,12272.5898,12273.0
1221010,1600,12175.5195,12410.8301,12174.6299,12272.9404
1221011,1600,12168.6602,12258.1504,12097.6797,12220.25
1221012,1600,12207.9697,12298.6201,12104.6201,12172.2598
1221013,1600,12114.2305,12379.2402,12000.4297,12355.5801
1221014,1600,12549.0195,12676.4199,12395.9902,12437.8096
1221017,1600,12467.54,12716.8096,12398.0498,12649.0303
1221018,1600,12788.5303,12931.7598,12746.3604,12765.6104
1221019,1600,12817.6299,12819.1104,12705.2598,12741.4102
1221020,1600,12685.1602,12818.3398,12628.7803,12767.4102
1221021,1600,12641.1201,12775.5195,12548.1504,12730.9004
1221024,1600,12868.7695,13020.4502,12747.3799,12931.4502
1221025,1600,12965.1904,13053.2402,12789.2598,13052.96
1221026,1600,13054.4902,13203.2402,13023.4004,13195.8096
1221027,1600,13152.9902,13259.4902,13062.04,13211.2305
1221028,1600,13072.9199,13250.6602,13051.25,13243.3301
1221031,1600,13254.3096,13307.0898,13216.4805,13253.7402
1221101,1600,13344.8496,13444.0703,13287.0703,13338.7402
1221102,1600,13369.3301,13398.6396,13255.0703,13256.7402
1221103,1600,13130.9697,13194.3203,13022.6396,13130.1904
1221104,1600,13201.2402,13542.3496,13193.5098,13459.8496
1221107,1600,13398.79,13611.2998,13391.0,13533.5195
1221108,1600,13506.6504,13689.6104,13487.9102,13688.75
1221109,1600,13653.9805,13691.1201,13557.0801,13666.3203
1221110,1600,13603.79,14157.25,13599.3496,14146.0898
1221111,1600,14179.3896,14263.5303,14172.4697,14224.8604
1221114,1600,14295.8096,14431.1797,14243.3496,14313.2998
1221115,1600,14372.4199,14440.7803,14266.4199,14378.5098
1221116,1600,14374.8604,14382.6201,14195.3096,14234.0303
1221117,1600,14348.46,14384.54,14149.7002,14266.3799
1221118,1600,14320.6104,14457.7598,14300.21,14431.8604
1221121,1600,14395.5303,14425.9502,14321.8398,14379.9297
1221122,1600,14352.54,14485.4902,14343.7998,14422.3496
1221123,1600,14438.2002,14446.3301,14363.5098,14427.5898
1221124,1600,14456.1504,14570.71,14447.5498,14539.5596
1221125,1600,14547.5801,14571.6602,14498.0498,14541.3799
1221128,1600,14471.0996,14514.7305,14374.1504,14383.3604
1221129,1600,14404.6699,14429.8701,14327.04,14355.4502
1221130,1600,14429.2197,14487.7002,14363.3203,14397.04
1221201,1600,14543.7998,14563.7002,14423.79,14490.2998
1221202,1600,14465.7002,14584.5898,14372.4199,14529.3896
1221205,1600,14487.4297,14507.1602,14394.3701,14447.6104
1221206,1600,14406.8701,14471.5,14305.2598,14343.1904
1221207,1600,14304.9502,14372.3496,14218.1797,14261.1904
1221208,1600,14277.75,14298.8096,14196.7695,14264.5596
1221209,1600,14325.7998,14385.5703,14217.96,14370.7197
1221212,1600,14300.4297,14366.3896,14262.5996,14306.6299
1221213,1600,14345.8799,14675.8398,14302.4902,14497.8896
1221214,1600,14453.54,14470.7402,14375.9502,14460.2002
1221215,1600,14351.3096,14363.1201,13982.5898,13986.2305
1221216,1600,13978.4404,14011.2598,13815.2402,13893.0703
1221219,1600,13934.75,14001.3701,13927.0498,13942.8701
1221220,1600,13829.9004,13931.29,13791.5195,13884.6602
1221221,1600,13944.6904,14099.75,13912.1699,14097.8203
1221222,1600,14113.0098,14160.8701,13890.54,13914.0703
1221223,1600,13945.5898,14000.6797,13874.5,13940.9297
1221227,1600,14047.4199,14063.1396,13966.3496,13995.0996
1221228,1600,14013.7197,14018.4697,13914.6201,13925.5996
1221229,1600,13890.8096,14071.7197,13871.3203,14071.7197
1221230,1600,14005.8398,14008.9697,13922.5498,13923.5898
1230102,1600,13992.71,14095.9102,13976.4404,14069.2598
1230103,1600,14116.0703,14293.8701,14083.7598,14181.6699
1230104,1600,14266.9805,14492.7803,14264.5996,14490.7803
1230105,1600,14451.2305,14501.5996,14403.7305,14436.3096
1230106,1600,14476.7197,14610.2305,14388.9805,14610.0195
1230109,1600,14650.7305,14832.8896,14628.6104,14792.8301
1230110,1600,14741.9697,14790.8203,14692.7402,14774.5996
1230111,1600,14805.4004,14965.4697,14794.9902,14947.9102
1230112,1600,14972.2803,15095.0303,14934.5098,15058.2998
1230113,1600,15063.21,15132.3701,15041.1602,15086.5195
1230116,1600,15112.0498,15153.1904,15083.9404,15134.04
1230117,1600,15130.0303,15269.71,15083.9502,15187.0703
1230118,1600,15182.9502,15250.3604,15156.8896,15181.7998
1230119,1600,15115.5498,15134.0703,14906.2695,14920.3604
1230120,1600,14986.5195,15034.4297,14940.6797,15033.5596
1230123,1600,15077.4004,15145.9004,15022.8301,15102.9502
1230124,1600,15140.5,15147.4502,15022.5498,15093.1104
1230125,1600,15095.7197,15114.4102,14969.6504,15081.6396
1230126,1600,15146.29,15151.54,15068.7197,15132.8496
1230127,1600,15115.75,15186.4902,15077.6201,15150.0303
1230130,1600,15070.2998,15161.0703,14988.9805,15126.0801
1230131,1600,15081.1699,15136.2197,14993.5898,15128.2695
1230201,1600,15125.1201,15222.3398,15107.8301,15180.7402
1230202,1600,15275.0,15520.9697,15264.3096,15509.1904
1230203,1600,15408.4004,15476.6699,15347.8604,15476.4297
1230206,1600,15367.04,15406.9297,15275.5703,15345.9102
1230207,1600,15359.5898,15363.4102,15273.5996,15320.8799
1230208,1600,15450.6699,15486.1299,15371.9297,15412.0498
1230209,1600,15560.1504,15658.5596,15519.6299,15523.4199
1230210,1600,15438.9404,15487.9805,15246.3896,15307.9805
1230213,1600,15322.0596,15409.2695,15305.9404,15397.3398
1230214,1600,15419.0,15526.2803,15366.3701,15380.5596
1230215,1600,15394.4404,15520.3896,15388.8496,15506.3398
1230216,1600,15612.4297,15634.04,15417.1699,15533.6396
1230217,1600,15372.0596,15514.7197,15300.4199,15482.0
1230220,1600,15524.1602,15532.4404,15436.79,15477.5498
1230221,1600,15450.6201,15470.5195,15286.71,15397.6201
1230222,1600,15342.5996,15408.5801,15247.5,15399.8896
1230223,1600,15453.29,15552.7695,15433.9697,15475.6904
1230224,1600,15501.8203,15530.46,15162.4805,15209.7402
1230227,1600,15351.6299,15481.0596,15351.6299,15381.4297
1230228,1600,15299.79,15443.1699,15289.4297,15365.1396
1230301,1600,15399.9102,15478.8398,15254.1104,15305.0195
1230302,1600,15171.0703,15329.29,15150.6699,15327.6396
1230303,1600,15430.6602,15590.4404,15409.9902,15578.3896
1230306,1600,15597.9004,15677.9297,15587.7803,15653.5801
1230307,1600,15638.4404,15706.3701,15544.0703,15559.5303
1230308,1600,15528.8096,15667.21,15524.8496,15631.8701
1230309,1600,15619.75,15667.0498,15535.1299,15633.21
1230310,1600,15369.6699,15495.8701,15316.3799,15427.9697
1230313,1600,15435.1602,15435.8096,14887.4404,14959.4697
1230314,1600,15016.5303,15272.1104,14951.71,15232.8301
1230315,1600,15175.4404,15246.1699,14702.9102,14735.2598
1230316,1600,14973.8398,15018.3096,14664.1699,14967.0996
1230317,1600,15073.7598,15153.1104,14694.2598,14768.2002
1230320,1600,14715.4004,14980.4297,14458.3896,14933.3799
1230321,1600,15062.0596,15253.0996,15055.9297,15195.3398
1230322,1600,15174.6699,15298.4902,15166.9502,15216.1904
1230323,1600,15178.25,15244.3203,15078.7197,15210.3896
1230324,1600,15135.5,15135.6504,14809.8203,14957.2305
1230327,1600,15133.6797,15185.3496,15020.0703,15127.6797
1230328,1600,15255.9297,15261.4902,15103.7598,15142.0195
1230329,1600,15242.5195,15342.2695,15186.75,15328.7803
1230330,1600,15429.3799,15536.4199,15424.6904,15522.4004
1230331,1600,15568.3701,15659.0596,15499.8398,15628.8398
1230403,1600,15623.4502,15659.3496,15553.9004,15580.9199
1230404,1600,15639.0195,15736.5596,15601.4004,15603.4697
1230405,1600,15611.6797,15627.29,15482.8799,15520.1699
1230406,1600,15530.2002,15601.4902,15509.0898,15597.8896
1230411,1600,15710.4502,15726.0195,15625.79,15655.1699
1230412,1600,15689.1396,15827.2803,15668.2002,15703.5996
1230413,1600,15708.21,15754.9902,15675.1504,15729.46
1230414,1600,15789.7803,15841.4697,15760.3203,15807.5
1230417,1600,15838.8896,15903.25,15764.3799,15789.5303
1230418,1600,15841.5,15916.2803,15802.75,15882.6699
1230419,1600,15850.5195,15908.4697,15829.5498,15895.2002
1230420,1600,15864.1504,15883.3096,15734.25,15795.9697
1230421,1600,15782.5801,15899.6201,15706.8301,15881.6602
1230424,1600,15852.2695,15919.1104,15831.0996,15863.9502
1230425,1600,15836.79,15891.7305,15794.8096,15872.1299
1230426,1600,15804.5,15826.0195,15694.3604,15795.7305
1230427,1600,15739.3496,15859.25,15706.6904,15800.4502
1230428,1600,15884.79,15922.3799,15688.1699,15922.3799
1230502,1600,15950.3604,16011.5596,15707.5498,15726.9404
1230503,1600,15774.0195,15868.8799,15745.9805,15815.0596
1230504,1600,15781.46,15796.71,15662.3203,15734.2402
1230505,1600,15837.4404,15961.54,15755.9697,15961.0195
1230508,1600,15967.5703,15996.1602,15933.6904,15952.8301
1230509,1600,15950.8896,15962.6201,15879.5596,15955.4805
1230510,1600,15973.3799,15984.8203,15848.6904,15896.2305
1230511,1600,15943.8496,15970.54,15754.7598,15834.9102
1230512,1600,15918.25,15938.0098,15852.0996,15913.8203
1230515,1600,15966.96,15982.0996,15874.2402,15917.2402
1230516,1600,15892.7803,15968.4102,15862.3701,15897.9297
1230517,1600,15883.6104,15992.7695,15862.1504,15951.2998
1230518,1600,16069.4199,16230.4404,16069.4199,16163.3604
1230519,1600,16233.1104,16331.9404,16203.5996,16275.3799
1230522,1600,16235.9805,16267.9297,16196.3604,16223.9902
1230523,1600,16186.4404,16224.3203,16143.9805,16152.8604
1230524,1600,16008.5195,16013.29,15802.8604,15842.1299
1230525,1600,15872.46,15872.5996,15726.5,15793.7998
1230526,1600,15850.0898,16008.5898,15726.7402,15983.9697
1230529,1600,16064.1299,16079.7305,15925.2197,15952.7305
1230530,1600,15962.3096,16058.4297,15889.46,15908.9102
1230531,1600,15757.4297,15871.7002,15629.1201,15664.0195
1230601,1600,15744.0098,15863.4102,15734.8604,15853.6602
1230602,1600,15949.04,16071.3203,15922.6104,16051.2305
1230605,1600,16079.8604,16114.8398,15928.4404,15963.8896
1230606,1600,15939.3096,16009.2803,15925.5596,15992.4404
1230607,1600,15998.0996,16020.2803,15909.8496,15960.5596
1230608,1600,15951.6104,16019.0,15913.9502,15989.96
1230609,1600,15993.0195,15998.9004,15924.5098,15949.8398
1230612,1600,16052.9102,16126.2998,16021.5498,16097.8701
1230613,1600,16218.2002,16232.7002,16088.4697,16230.6797
1230614,1600,16219.0898,16336.2695,16217.4502,16310.79
1230615,1600,16275.7305,16301.7305,16165.6602,16290.1201
1230616,1600,16306.6299,16427.4199,16276.79,16357.6299
1230619,1600,16272.21,16302.29,16189.5703,16201.2002
1230620,1600,16100.29,16184.2998,16069.0996,16111.3203
1230621,1600,16082.75,16145.29,16002.2695,16023.1299
1230622,1600,15867.6504,15988.21,15810.4805,15988.1602
1230623,1600,15862.79,15917.1396,15733.1201,15829.9404
1230626,1600,15874.1504,15874.9004,15713.7002,15813.0596
1230627,1600,15873.7305,15895.7002,15758.1299,15846.8604
1230628,1600,15922.71,15994.3096,15906.8799,15949.0
1230629,1600,15960.4697,15998.6699,15920.04,15946.7197
1230630,1600,15989.4297,16176.5498,15978.9004,16147.9004
1230703,1600,16187.9102,16209.29,16070.4902,16081.04
1230704,1600,16082.9297,16103.9502,16023.7197,16039.1699
1230705,1600,15930.1602,15982.96,15901.3896,15937.5801
1230706,1600,15816.1104,15846.25,15495.8398,15528.54
1230707,1600,15515.0,15661.4102,15456.1602,15603.4004
1230710,1600,15585.3398,15722.0303,15545.3301,15673.1602
1230711,1600,15716.2598,15807.6602,15659.0996,15790.3398
1230712,1600,15842.2598,16044.2803,15806.2803,16023.0
1230713,1600,16009.2598,16185.1104,16000.3799,16141.0303
1230714,1600,16123.1299,16149.1201,16071.7402,16105.0703
1230717,1600,16013.5195,16102.5098,15995.4502,16068.6504
1230718,1600,16042.0303,16140.2002,16031.0703,16125.4902
1230719,1600,16190.0,16240.79,16075.1699,16108.9297
1230720,1600,16059.2197,16211.4297,16050.9805,16204.2197
1230721,1600,16125.21,16181.3398,16103.4805,16177.2197
1230724,1600,16126.71,16208.7598,16121.2695,16190.9502
1230725,1600,16169.75,16225.8896,16135.5996,16211.5898
1230726,1600,16183.7002,16212.9102,16000.04,16131.46
1230727,1600,16162.1602,16408.8008,16131.6396,16406.0293
1230728,1600,16356.3799,16490.1309,16336.4199,16469.75
1230731,1600,16434.6602,16528.9707,16427.4707,16446.8301
1230801,1600,16414.7891,16430.6602,16240.4004,16240.4004
1230802,1600,16027.6504,16140.7598,15955.3096,16020.0195
1230803,1600,15879.0303,15920.3203,15807.8496,15893.3799
1230804,1600,15917.0098,15973.96,15784.5195,15951.8604
1230807,1600,15877.54,15962.6104,15824.7803,15950.7598
1230808,1600,15868.3096,15946.5703,15706.3096,15774.9297
1230809,1600,15918.0596,15983.7803,15831.0801,15852.5801
1230810,1600,15921.4199,16060.2695,15880.4102,15996.5195
1230811,1600,15927.79,15962.4502,15803.0801,15832.1699
1230814,1600,15818.21,15937.7803,15817.5898,15904.25
1230815,1600,15909.5703,15923.1299,15703.0303,15767.2803
1230816,1600,15737.0195,15814.6602,15725.0996,15789.4502
1230817,1600,15712.9404,15793.5303,15664.2998,15676.9004
1230818,1600,15597.1201,15612.8799,15468.6504,15574.2598
1230821,1600,15573.9502,15710.21,15571.8203,15603.2803
1230822,1600,15684.6396,15799.3398,15677.4404,15705.6201
1230823,1600,15761.25,15820.9502,15672.4297,15728.4102
1230824,1600,15876.2197,15896.7402,15618.6904,15621.4902
1230825,1600,15582.9502,15739.7803,15578.9697,15631.8203
1230828,1600,15756.4697,15804.9502,15673.8896,15792.6104
1230829,1600,15844.7598,15942.1201,15805.4199,15930.8799
1230830,1600,15956.9199,15960.4004,15823.3301,15891.9297
1230831,1600,15937.3896,16042.6602,15914.4297,15947.0801
1230901,1600,15936.3398,15984.5898,15840.25,15840.3398
1230904,1600,15904.6299,15958.7402,15795.9697,15824.8496
1230905,1600,15729.7803,15838.4404,15691.4902,15771.71
1230906,1600,15712.5898,15781.8896,15676.5098,15741.3701
1230907,1600,15661.6602,15794.7197,15661.3799,15718.6602
1230908,1600,15777.5596,15783.3799,15577.04,15740.2998
1230911,1600,15799.4199,15867.5703,15771.0703,15800.9902
1230912,1600,15804.0801,15808.3799,15686.3398,15715.5303
1230913,1600,15648.9199,15726.5996,15564.6396,15654.0303
1230914,1600,15652.4102,15824.0596,15588.1201,15805.29
1230915,1600,15940.3896,15989.2998,15871.1699,15893.5303
1230918,1600,15858.8096,15870.6201,15693.8701,15727.1201
1230919,1600,15688.0703,15743.9004,15630.9404,15664.4805
1230920,1600,15703.0898,15810.3604,15699.3398,15781.5898
1230921,1600,15650.9805,15696.6602,15548.6904,15571.8604
1230922,1600,15473.7998,15592.2695,15471.75,15557.29
1230925,1600,15513.3203,15572.1396,15329.4004,15405.4902
1230926,1600,15330.9102,15360.4297,15229.3496,15255.8701
1230927,1600,15225.5801,15299.6797,15194.6797,15217.4502
1230928,1600,15229.0996,15323.7305,15138.6602,15323.5
1230929,1600,15394.8203,15515.9902,15382.5596,15386.5801
1231002,1600,15439.96,15476.3799,15192.0098,15247.21
1231003,1600,15184.4902,15257.8604,15074.8496,15085.21
1231004,1600,14979.8096,15174.6299,14948.0801,15099.9199
1231005,1600,15113.9404,15157.7002,15048.4199,15070.2197
1231006,1600,15109.1602,15230.8896,15033.5498,15229.7695
1231009,1600,15143.29,15201.0596,15077.6602,15128.1104
1231010,1600,15272.5703,15443.4502,15272.5703,15423.5195
1231011,1600,15366.7803,15486.1104,15361.7402,15460.0098
1231012,1600,15537.8701,15575.2803,15413.2002,15425.0303
1231013,1600,15400.0898,15409.8896,15178.0703,15186.6602
1231016,1600,15219.4199,15271.5098,15103.1201,15237.9902
1231017,1600,15211.29,15288.3203,15117.2402,15251.6904
1231018,1600,15244.0498,15271.1504,15081.6904,15094.9102
1231019,1600,15060.6504,15104.3701,14984.5898,15045.2305
1231020,1600,14872.0195,14936.4902,14798.4697,14798.4697
1231023,1600,14823.0303,14838.0098,14630.21,14800.7197
1231024,1600,14802.5195,14916.5996,14750.3203,14879.9404
1231025,1600,14870.6299,14933.6904,14789.6299,14892.1797
1231026,1600,14696.2197,14795.4102,14655.0801,14731.0498
1231027,1600,14757.1104,14824.29,14667.3701,14687.4102
1231030,1600,14770.9502,14798.0,14678.7305,14716.54
1231031,1600,14741.4404,14829.6201,14722.3799,14810.3398
1231101,1600,14851.96,14949.5801,14786.3203,14923.2695
1231102,1600,15033.6504,15202.4297,15028.0303,15143.5996
1231103,1600,15203.7998,15269.5,15149.7197,15189.25
1231106,1600,15219.3203,15223.4102,15110.8398,15135.9697
1231107,1600,15084.79,15194.5303,15068.25,15152.6396
1231108,1600,15093.4805,15287.7305,15086.4102,15229.5996
1231109,1600,15246.5,15364.4902,15212.9902,15352.54
1231110,1600,15296.5801,15309.5195,15171.5801,15234.3896
1231113,1600,15285.1201,15346.79,15252.2695,15345.0
1231114,1600,15358.5898,15632.4404,15337.5996,15614.4297
1231115,1600,15631.6699,15759.8398,15628.1904,15748.1699
1231116,1600,15806.9102,15862.0898,15783.5098,15786.6104
1231117,1600,15828.7803,15952.4502,15826.6699,15919.1602
1231120,1600,15915.2402,15929.9297,15854.8203,15901.3301
1231121,1600,15911.0195,15948.0703,15891.3096,15900.5303
1231122,1600,15965.1299,15998.4102,15931.7402,15957.8203
1231123,1600,15976.6201,16005.4502,15958.0596,15994.7305
1231124,1600,15988.1904,16041.1699,15972.6699,16029.4902
1231127,1600,16007.2598,16039.4199,15957.96,15966.3701
1231128,1600,15939.1904,15993.4199,15915.4004,15992.6699
1231129,1600,16013.1602,16208.9697,16010.4805,16166.4502
1231130,1600,16204.7402,16262.96,16169.1104,16215.4297
1231201,1600,16296.9199,16399.0605,16279.4502,16397.5195
1231204,1600,16390.1699,16455.6797,16386.8008,16404.7598
1231205,1600,16405.1406,16551.3398,16394.0195,16533.1094
1231206,1600,16565.6504,16727.0703,16536.1191,16656.4395
1231207,1600,16623.8906,16655.3008,16595.1094,16628.9902
1231208,1600,16644.6191,16782.7207,16630.1797,16759.2207
1231211,1600,16760.5898,16817.8105,16734.2695,16794.4297
1231212,1600,16823.0098,16837.1797,16753.8105,16791.7402
1231213,1600,16811.5605,16836.4492,16760.1191,16766.0508
1231214,1600,16948.7891,17003.2793,16670.3496,16752.2305
1231215,1600,16822.5,16890.1094,16713.6992,16751.4395
1231218,1600,16683.6895,16744.2695,16624.6504,16650.5508
1231219,1600,16657.4395,16750.5098,16656.6406,16744.4102
1231220,1600,16779.4102,16789.9609,16694.5605,16733.0508
1231221,1600,16667.3105,16708.3496,16624.1602,16687.4199
1231222,1600,16673.3008,16735.3203,16651.7793,16706.1797
1231227,1600,16727.7695,16775.7109,16697.5801,16742.0703
1231228,1600,16780.9492,16783.7891,16688.5195,16701.5508
1231229,1600,16729.2598,16758.5293,16726.9707,16751.6406
1240102,1600,16828.75,16963.4707,16648.8008,16769.3594
1240103,1600,16771.3496,16784.0703,16479.9199,16538.3906
1240104,1600,16563.6895,16626.8398,16501.4004,16617.2891
1240105,1600,16504.8809,16645.8906,16448.7109,16594.2109
1240108,1600,16618.5098,16716.4707,16517.4902,16716.4707
1240109,1600,16743.2695,16743.2695,16611.5293,16688.3594
1240110,1600,16703.1191,16753.6895,16654.9902,16689.8105
1240111,1600,16775.9199,16839.4902,16541.3809,16547.0293
1240112,1600,16649.4492,16752.2402,16608.0,16704.5605
1240115,1600,16723.2402,16736.1602,16609.2207,16622.2207
1240116,1600,16497.5391,16581.9297,16476.0898,16571.6797
1240117,1600,16400.4199,16435.6797,16345.0195,16431.6895
1240118,1600,16440.6602,16579.1191,16421.1992,16567.3496
1240119,1600,16626.5293,16647.8496,16513.4609,16555.1309
1240122,1600,16684.0996,16705.4902,16607.7207,16683.3594
1240123,1600,16753.0898,16753.0898,16626.5898,16627.0898
1240124,1600,16793.2695,16921.4102,16760.9199,16889.9199
1240125,1600,16849.7598,16916.5996,16785.6895,16906.9199
1240126,1600,16879.0098,16967.7207,16849.3105,16961.3906
1240129,1600,16925.3906,16941.7109,16860.0508,16941.7109
1240130,1600,16991.3691,16999.5801,16946.5605,16972.3398
1240131,1600,16972.4707,16991.8398,16884.8691,16903.7598
1240201,1600,16834.1309,16915.9199,16821.5996,16859.0391
1240202,1600,16977.75,17004.5508,16894.6699,16918.2109
1240205,1600,16925.9707,16972.6191,16859.0,16904.0605
1240206,1600,16965.8906,17049.5195,16871.3203,17033.2402
1240207,1600,17020.7695,17021.5508,16907.1504,16921.9609
1240208,1600,16936.1406,17029.5391,16889.1309,16963.8301
1240209,1600,16973.5801,16993.1191,16876.3594,16926.5
1240212,1600,16975.9902,17042.7402,16958.8008,17037.3496
1240213,1600,16987.0898,16991.6094,16831.5293,16880.8301
1240214,1600,16872.8906,16957.7793,16857.3398,16945.4805
1240215,1600,17022.5391,17089.1191,17003.8203,17046.6895
1240216,1600,17117.3691,17198.4492,17060.3809,17117.4395
1240219,1600,17075.7402,17098.6094,17049.2207,17092.2598
1240220,1600,17066.2305,17084.8691,17019.1504,17068.4297
1240221,1600,17102.0801,17157.9492,17063.25,17118.1191
1240222,1600,17326.7598,17429.6602,17279.7305,17370.4492
1240223,1600,17372.0098,17443.7402,17354.7598,17419.3301
1240226,1600,17396.7402,17460.5293,17396.4004,17423.2305
1240227,1600,17431.3691,17563.4102,17428.1699,17556.4902
1240228,1600,17569.6094,17605.6094,17552.9805,17601.2207
1240229,1600,17634.6094,17742.4805,17620.1094,17678.1895
1240301,1600,17793.4707,17816.5195,17690.8906,17735.0703
1240304,1600,17743.4395,17756.3906,17684.7305,17716.1699
1240305,1600,17682.7793,17746.5703,17643.1094,17698.4004
1240306,1600,17685.9199,17745.1602,17682.5098,17716.7109
1240307,1600,17648.8906,17879.1094,17619.4004,17842.8496
1240308,1600,17849.8496,17860.5098,17795.1309,17814.5098
1240311,1600,17690.9492,17750.7207,17662.5508,17746.2695
1240312,1600,17810.1504,17973.2207,17746.8906,17965.1094
1240313,1600,17984.5,18001.4199,17939.5605,17961.3809
1240314,1600,18002.9707,18039.0508,17899.9297,17942.0391
1240315,1600,17938.1406,18038.1094,17926.7207,17936.6504
1240318,1600,17936.3105,18015.4902,17902.9199,17932.6797
1240319,1600,17932.1797,17998.0391,17914.1797,17987.4902
1240320,1600,17987.9102,18044.4902,17955.6895,18015.1309
1240321,1600,18019.8594,18179.8105,18019.8594,18179.25
1240322,1600,18175.0801,18225.9707,18140.9902,18205.9395
1240325,1600,18206.3594,18285.5801,18176.8496,18261.3105
1240326,1600,18262.1094,18411.9805,18256.8105,18384.3496
1240327,1600,18385.1699,18511.1699,18385.1699,18477.0898
1240328,1600,18477.4004,18513.8301,18468.8691,18492.4902
1240402,1600,18492.3594,18567.1602,18275.9395,18283.1309
1240403,1600,18281.8203,18376.0801,18281.8203,18367.7207
1240404,1600,18366.3691,18427.4297,18340.2402,18403.1309
1240405,1600,18401.8301,18401.8301,18088.0293,18175.0391
1240408,1600,18163.3906,18326.3691,18163.3906,18318.9707
1240409,1600,18318.4004,18318.5098,18058.2207,18076.6895
1240410,1600,18078.8906,18239.5,17975.8398,18097.3008
1240411,1600,18096.5098,18101.3105,17864.6895,17954.4805
1240412,1600,17965.9492,18162.5605,17860.7305,17930.3203
1240415,1600,17937.6191,18191.9492,17937.6191,18026.5801
1240416,1600,18022.1699,18022.6895,17713.5,17766.2305
1240417,1600,17764.0293,17907.5801,17731.7891,17770.0195
1240418,1600,17775.4102,17863.3203,17716.9199,17837.4004
1240419,1600,17834.8301,17834.8691,17626.9004,17737.3594
1240422,1600,17738.0391,17889.4707,17738.0391,17860.8008
1240423,1600,17861.1992,18144.6602,17861.1992,18137.6504
1240424,1600,18140.1895,18226.3203,18060.2598,18088.6992
1240425,1600,18088.1699,18100.75,17795.9609,17917.2793
1240426,1600,17920.7305,18199.7109,17920.7305,18161.0098
1240429,1600,18162.1504,18235.8008,18103.4297,18118.3203
1240430,1600,18119.9297,18153.6895,17920.7207,17932.1699
1240502,1600,17935.7793,17981.0391,17875.9805,17896.5
1240503,1600,17900.1504,18105.8203,17900.0195,18001.5996
1240506,1600,18001.1309,18199.1504,18001.1309,18175.2109
1240507,1600,18175.2109,18442.4004,18175.2109,18430.0508
1240508,1600,18430.25,18542.0996,18427.2598,18498.3809
1240509,1600,18498.0898,18699.2891,18488.0391,18686.5996
1240510,1600,18686.8496,18845.8594,18686.8496,18772.8496
1240513,1600,18773.2402,18799.7695,18706.0801,18742.2207
1240514,1600,18735.8398,18748.7598,18629.0293,18716.4199
1240515,1600,18719.8105,18892.9199,18719.8105,18869.3594
1240516,1600,18874.8496,18890.7793,18716.3301,18738.8105
1240517,1600,18713.25,18724.0195,18627.9102,18704.4199
1240520,1600,18710.1309,18804.0,18710.1309,18768.9609
1240521,1600,18768.6406,18768.6406,18638.1406,18726.7598
1240522,1600,18731.6504,18731.6504,18642.1992,18680.1992
1240523,1600,18682.4805,18766.6797,18639.1699,18691.3203
1240524,1600,18687.5996,18706.6504,18515.8398,18693.3691
1240527,1600,18703.1309,18775.1309,18680.8105,18774.7109
1240528,1600,18775.5508,18855.0508,18635.0391,18677.8691
1240529,1600,18677.6992,18677.6992,18438.0098,18473.2891
1240530,1600,18465.4707,18531.8496,18394.4297,18496.7891
1240531,1600,18495.2207,18542.2695,18426.7207,18497.9395
1240603,1600,18503.7891,18697.0898,18503.7891,18608.1602
1240604,1600,18608.3008,18608.3008,18365.5293,18405.6406
1240605,1600,18406.0605,18624.3594,18406.0605,18575.9395
1240606,1600,18576.5801,18784.6504,18576.5801,18652.6699
1240607,1600,18649.0801,18649.0801,18424.5996,18557.2695
1240610,1600,18550.3301,18550.3301,18359.4199,18494.8906
1240611,1600,18497.8496,18543.0391,18281.5605,18369.9395
1240612,1600,18368.5195,18651.6992,18368.5195,18630.8594
1240613,1600,18632.0098,18632.0098,18253.4199,18265.6797
1240614,1600,18267.6797,18304.7891,17951.1699,18002.0195
1240617,1600,18008.2305,18149.3301,17969.5391,18068.2109
1240618,1600,18073.4395,18214.1992,18073.2402,18131.9707
1240619,1600,18131.3496,18148.0098,18055.6309,18067.9102
1240620,1600,18068.6699,18254.1797,18068.5801,18254.1797
1240621,1600,18254.5703,18257.9395,18090.0391,18163.5195
1240624,1600,18165.5391,18354.7109,18165.5391,18325.5801
1240625,1600,18300.4199,18307.6094,18075.75,18177.6191
1240626,1600,18176.8008,18363.3906,18045.5391,18155.2402
1240627,1600,18154.9707,18265.5195,18141.2793,18210.5508
1240628,1600,18211.9707,18352.6504,18198.0996,18235.4492
1240701,1600,18236.3496,18460.7207,18236.2695,18290.6602
1240702,1600,18286.8594,18286.8594,18030.4902,18164.0605
1240703,1600,18181.7109,18395.5996,18181.7109,18374.5293
1240704,1600,18375.9609,18468.1602,18375.6797,18450.4805
1240705,1600,18450.5898,18650.3594,18420.5703,18475.4492
1240708,1600,18474.2695,18631.6094,18444.0605,18472.0508
1240709,1600,18471.3496,18473.0,18213.9805,18236.1895
1240710,1600,18236.75,18420.1309,18236.75,18407.2207
1240711,1600,18409.6992,18578.4492,18409.6504,18534.5605
1240712,1600,18534.4902,18779.4004,18528.3906,18748.1797
1240715,1600,18736.1094,18743.6797,18581.0195,18590.8906
1240716,1600,18586.4199,18586.4199,18448.2695,18518.0293
1240717,1600,18512.1094,18532.6602,18347.2402,18437.3008
1240718,1600,18439.3301,18536.2598,18352.3301,18354.7598
1240719,1600,18340.8496,18341.8203,18162.3008,18171.9297
1240722,1600,18270.8496,18468.5996,18231.4102,18407.0703
1240723,1600,18500.6699,18647.0996,18464.2207,18557.6992
1240724,1600,18394.3008,18456.3906,18348.9902,18387.4609
1240725,1600,18209.4004,18326.1797,18096.6895,18298.7207
1240726,1600,18255.3496,18428.8809,18218.5391,18417.5508
1240729,1600,18542.4297,18546.3203,18309.2695,18320.6699
1240730,1600,18363.9297,18469.0801,18341.4199,18411.1797
1240731,1600,18503.1797,18564.3906,18434.8203,18508.6504
1240801,1600,18432.5,18440.9199,18069.6191,18083.0508
1240802,1600,17884.8594,17918.0195,17623.9707,17661.2207
1240805,1600,17525.5898,17525.5898,17024.8203,17339.0
1240806,1600,17422.5703,17505.2305,17233.0703,17354.3203
1240807,1600,17438.6504,17666.8203,17386.8809,17615.1504
1240808,1600,17516.0508,17696.6699,17439.8691,17680.4004
1240809,1600,17672.9004,17788.7207,17618.4199,17722.8809
1240812,1600,17784.0293,17829.0996,17677.7891,17726.4707
1240813,1600,17799.6602,17817.0703,17669.6406,17812.0508
1240814,1600,17882.1797,17921.9902,17827.0801,17885.5996
1240815,1600,17977.8105,18198.0898,17909.7402,18183.2402
1240816,1600,18236.0195,18344.2207,18226.5996,18322.4004
1240819,1600,18312.5098,18454.9395,18284.8594,18421.6895
1240820,1600,18473.2305,18495.2793,18349.9805,18357.5195
1240821,1600,18358.7891,18476.6309,18352.1895,18448.9492
1240822,1600,18459.2793,18551.3906,18458.6094,18493.3906
1240823,1600,18538.8691,18670.4492,18519.2891,18633.0996
1240826,1600,18589.9004,18638.9707,18554.5098,18617.0195
1240827,1600,18637.1992,18724.3906,18622.6602,18681.8105
1240828,1600,18745.1406,18856.5898,18731.4492,18782.2891
1240829,1600,18791.1699,18936.0391,18781.1602,18912.5703
1240830,1600,18891.3496,18970.7109,18886.0898,18906.9199
1240902,1600,18913.5293,18937.9805,18778.5391,18930.8496
1240903,1600,18979.5293,18990.7793,18728.4609,18747.1094
1240904,1600,18531.9805,18654.1992,18531.9805,18591.8496
1240905,1600,18539.1504,18677.6309,18536.5605,18576.5
1240906,1600,18534.8691,18607.7891,18274.9805,18301.9004
1240909,1600,18379.5195,18484.2793,18353.25,18443.5605
1240910,1600,18417.1094,18490.6797,18233.8594,18265.9199
1240911,1600,18342.5703,18434.6191,18208.8398,18330.2695
1240912,1600,18533.4102,18595.8301,18382.2598,18518.3906
1240913,1600,18546.2207,18722.1895,18542.2305,18699.4004
1240916,1600,18621.7793,18672.2305,18599.5293,18633.1094
1240917,1600,18686.7598,18805.0898,18671.6406,18726.0801
1240918,1600,18729.6406,18756.5293,18695.3691,18711.4902
1240919,1600,18877.5703,19044.9609,18806.1602,19002.3809
1240920,1600,18895.8203,18900.4395,18710.3398,18720.0098
1240923,1600,18766.9199,18857.3691,18684.3398,18846.7891
1240924,1600,18982.4004,19029.4492,18903.4805,18996.6309
1240925,1600,18845.9199,18965.0098,18840.1309,18918.5
1240926,1600,19107.8594,19253.0703,19088.4199,19238.3594
1240927,1600,19257.6797,19491.9297,19239.8594,19473.6309
1240930,1600,19412.3301,19449.9805,19314.3398,19324.9297
1241001,1600,19409.3906,19448.9492,19143.7891,19213.1406
1241002,1600,19221.6602,19250.8906,19059.5996,19164.75
1241003,1600,19074.4492,19110.3105,18964.3105,19015.4102
1241004,1600,18968.8496,19171.5391,18952.4395,19120.9297
1241007,1600,19150.2695,19151.9707,19011.9395,19104.0996
1241008,1600,18937.6992,19098.4805,18911.7207,19066.4707
1241009,1600,19065.1797,19259.1191,19007.8496,19254.9297
1241010,1600,19242.8496,19285.1602,19145.4199,19210.9004
1241011,1600,19206.3105,19377.0996,19175.7793,19373.8301
1241014,1600,19409.6895,19518.4395,19392.6406,19508.2891
1241015,1600,19581.5703,19633.9102,19457.4902,19486.1895
1241016,1600,19465.3008,19510.2598,19401.5391,19432.8105
1241017,1600,19509.7891,19674.6797,19499.4609,19583.3906
1241018,1600,19543.7109,19667.3398,19540.1992,19657.3691
1241021,1600,19609.4199,19645.0195,19451.7207,19461.1895
1241022,1600,19528.9102,19591.4902,19368.6895,19421.9102
1241023,1600,19399.3301,19464.5391,19330.1094,19377.6191
1241024,1600,19417.7305,19555.4492,19417.7305,19443.0
1241025,1600,19419.5195,19516.2402,19388.9102,19463.5898
1241028,1600,19528.6699,19570.9199,19399.1602,19531.6191
1241029,1600,19634.3301,19643.1191,19465.0,19478.0703
1241030,1600,19403.4297,19420.9395,19201.2402,19257.3398
1241031,1600,19096.6797,19184.3105,19004.9707,19077.5391
1241101,1600,19093.9902,19297.6406,19082.0996,19254.9707
1241104,1600,19231.8594,19286.0391,19147.7598,19147.8496
1241105,1600,19170.1504,19263.1406,19104.5898,19256.2695
1241106,1600,19360.75,19563.9707,19007.8809,19039.3105
1241107,1600,19157.2207,19437.8809,19148.7891,19362.5195
1241108,1600,19411.5898,19411.5996,19146.5293,19215.4805
1241111,1600,19386.6992,19546.9004,19382.4805,19448.5996
1241112,1600,19260.5801,19339.8203,19019.6699,19033.6406
1241113,1600,19024.2793,19125.6895,18838.6797,19003.1094
1241114,1600,19072.1895,19307.5703,19060.4395,19263.6992
1241115,1600,19135.6406,19288.8906,19121.1406,19210.8105
1241118,1600,19249.2598,19279.1602,19091.9004,19189.1895
1241119,1600,19175.8398,19211.8008,18812.5293,19060.3105
1241120,1600,19153.0293,19198.7402,18962.1895,19004.7793
1241121,1600,19060.9199,19152.6094,18900.0195,19146.1699
1241122,1600,19240.2305,19338.0996,19036.4102,19322.5898
1241125,1600,19462.2402,19468.3008,19329.8809,19405.1992
1241126,1600,19309.1602,19385.3496,19239.3691,19295.9805
1241127,1600,19257.7695,19287.0391,19145.0098,19261.75
1241128,1600,19366.7207,19437.5703,19346.5898,19425.7305
1241129,1600,19400.3809,19640.1504,19380.2109,19626.4492
1241202,1600,19586.1699,19933.6191,19568.5,19933.6191
1241203,1600,19947.1797,20038.0098,19926.2598,20016.75
1241204,1600,20103.8906,20260.6094,20085.3105,20232.1406
1241205,1600,20218.2891,20373.4297,20216.3301,20358.8008
1241206,1600,20374.5391,20425.8594,20331.2402,20384.6094
1241209,1600,20461.8496,20461.8496,20318.2598,20345.9609
1241210,1600,20278.7402,20393.8594,20277.6309,20329.1602
1241211,1600,20296.1895,20415.4102,20292.8594,20399.1602
1241212,1600,20440.0703,20453.4395,20388.0293,20426.2695
1241213,1600,20450.9609,20522.8203,20367.1191,20405.9199
1241216,1600,20360.75,20387.8809,20304.7793,20313.8105
1241217,1600,20290.9609,20356.5801,20241.5,20246.3691
1241218,1600,20273.8496,20329.6699,20241.9805,20242.5703
1241219,1600,20032.0508,20105.0996,19959.1797,19969.8594
1241220,1600,19822.8691,19924.6992,19649.8691,19884.75
1241223,1600,19847.9707,19901.3203,19805.5703,19848.7695
1241227,1600,19831.6797,19984.3203,19801.3301,19984.3203
1241230,1600,19892.9707,19978.0,19882.6699,19909.1406
1250102,1600,19923.0703,20024.7891,19833.8203,20024.6602
1250103,1600,20028.4004,20031.1094,19868.1406,19906.0801
1250106,1600,19982.6602,20216.1895,19921.1191,20216.1895
1250107,1600,20206.0391,20391.1699,20152.6992,20340.5703
1250108,1600,20322.1699,20480.4902,20242.5605,20329.9395
1250109,1600,20284.1992,20360.3809,20245.9609,20317.0996
1250110,1600,20316.5508,20400.5195,20187.9707,20214.7891
1250113,1600,20157.2402,20176.1094,20025.2793,20132.8496
1250114,1600,20266.1406,20362.5898,20234.2598,20271.3301
1250115,1600,20305.2402,20629.7695,20290.6191,20574.6797
1250116,1600,20665.6094,20675.0801,20580.0898,20655.3906
1250117,1600,20732.0391,20924.5,20716.3809,20903.3906
1250120,1600,20900.6797,21054.5996,20880.5703,20990.3105
1250121,1600,20925.75,21045.6699,20922.8008,21042.0
1250122,1600,21169.6094,21330.8691,21162.3105,21254.2695
1250123,1600,21277.5801,21423.0195,21254.0801,21411.5293
1250124,1600,21463.1504,21520.5,21353.0098,21394.9297
1250127,1600,21201.9902,21344.9805,21081.6094,21282.1797
1250128,1600,21374.2891,21475.9004,21296.3301,21430.5801
1250129,1600,21511.4707,21671.5898,21475.6406,21637.5293
1250130,1600,21676.2207,21732.0508,21650.7793,21727.1992
1250131,1600,21771.4902,21800.5195,21689.2891,21732.0508
1250203,1600,21301.5293,21462.7891,21252.7109,21428.2402
1250204,1600,21474.7891,21518.5391,21298.7109,21505.6992
1250205,1600,21429.8301,21585.9297,21387.7207,21585.9297
1250206,1600,21718.0996,21921.0195,21691.5703,21902.4199
1250207,1600,21908.4805,21945.3105,21759.9707,21787.0
1250210,1600,21830.9297,21945.5703,21785.0195,21911.7402
1250211,1600,21909.9609,22046.4102,21884.3809,22037.8301
1250212,1600,22077.8203,22193.6504,21971.6309,22148.0293
1250213,1600,22410.5801,22624.5703,22306.3301,22612.0195
1250214,1600,22526.8691,22609.9707,22467.3691,22513.4199
1250217,1600,22589.9102,22804.1992,22550.7305,22798.0898
1250218,1600,22851.3691,22882.7695,22715.25,22844.5
1250219,1600,22875.9609,22935.0605,22416.1094,22433.6309
1250220,1600,22501.2109,22574.5898,22280.2305,22314.6504
1250221,1600,22329.2207,22393.5898,22226.3398,22287.5605
1250224,1600,22470.6797,22515.3594,22235.2598,22425.9297
1250225,1600,22362.8105,22576.1191,22332.1504,22410.2695
1250226,1600,22571.9297,22833.25,22554.3691,22794.1094
1250227,1600,22587.2695,22686.4102,22378.0605,22550.8906
1250228,1600,22409.25,22551.4297,22329.0605,22551.4297
1250303,1600,22682.9492,23307.9707,22531.5996,23147.0195
1250304,1600,22852.7207,22869.9199,22320.0703,22326.8105
1250305,1600,22804.8105,23176.3906,22790.8906,23081.0293
1250306,1600,23245.3398,23475.8809,23061.5703,23419.4805
1250307,1600,23195.2207,23234.2793,22860.0801,23008.9395
1250310,1600,23163.7793,23164.2402,22519.2109,22620.9492
1250311,1600,22680.3906,22835.0996,22258.3008,22328.7695
1250312,1600,22525.7402,22813.8398,22461.7695,22676.4102
1250313,1600,22578.0996,22752.8301,22417.5195,22567.1406
1250314,1600,22501.3398,23049.4805,22465.1191,22986.8203
1250317,1600,22998.5293,23154.5703,22933.5703,23154.5703
1250318,1600,23266.6504,23476.0098,23240.5605,23380.6992
1250319,1600,23272.1504,23372.0801,23136.5391,23288.0605
1250320,1600,23295.7207,23315.4902,22819.7598,22999.1504
1250321,1600,22926.4199,22956.9805,22723.1895,22891.6797
1250324,1600,23075.7598,23137.4805,22813.1094,22852.6602
1250325,1600,22913.4199,23182.7793,22845.5195,23109.7891
1250326,1600,23202.25,23204.5898,22826.3691,22839.0293
1250327,1600,22574.4609,22740.4707,22469.8809,22678.7402
1250328,1600,22558.8398,22614.9609,22377.9102,22461.5195
1250331,1600,22253.0508,22320.0195,21978.4609,22163.4902
1250401,1600,22343.4102,22573.7109,22297.3691,22539.9805
1250402,1600,22483.9297,22485.4102,22139.2695,22390.8398
1250403,1600,21842.0801,22147.4492,21670.9609,21717.3906
1250404,1600,21543.4707,21642.1699,20437.3691,20641.7207
1250407,1600,18751.75,20799.6797,18489.9102,19789.6191
1250408,1600,20039.6895,20468.4297,19884.4805,20280.2598
1250409,1600,19833.5605,20025.3809,19384.3906,19670.8809
1250410,1600,21207.7598,21300.3105,20562.7305,20562.7305
1250411,1600,20787.0605,20796.4492,20114.5391,20374.0996
1250414,1600,20802.4199,21048.3301,20698.9102,20954.8301
1250415,1600,21076.0605,21288.1191,21042.2695,21253.6992
1250416,1600,21117.7793,21315.9609,20956.3809,21311.0195
1250417,1600,21433.5508,21436.6602,21142.2598,21205.8594
1250422,1600,21150.5391,21296.9102,21044.6094,21293.5293
1250423,1600,21801.6602,22043.75,21722.8398,21961.9707
1250424,1600,21890.0996,22081.5195,21731.7891,22064.5098
1250425,1600,22210.5098,22318.3594,22078.3398,22242.4492
1250428,1600,22339.8906,22443.4102,22255.3301,22271.6699
1250429,1600,22377.1699,22455.6797,22319.2793,22425.8301
1250430,1600,22520.4902,22607.3203,22235.7402,22496.9805
1250502,1600,22818.1797,23086.6504,22764.5098,23086.6504
1250505,1600,23064.2598,23364.2402,23064.2598,23344.5391
1250506,1600,23387.3496,23389.8594,22861.4004,23249.6504
1250507,1600,23252.9492,23300.8809,23100.9297,23115.9609
1250508,1600,23265.7695,23408.5,23238.4609,23352.6895
1250509,1600,23480.3809,23543.2695,23428.8809,23499.3203
1250512,1600,23758.5801,23911.9805,23361.7207,23566.5391
1250513,1600,23583.7402,23649.8809,23543.0508,23638.5605
1250514,1600,23679.0293,23702.1992,23444.4102,23527.0098
1250515,1600,23422.1797,23696.6797,23338.8906,23695.5898
1250516,1600,23775.6797,23887.1406,23664.3906,23767.4297
1250519,1600,23705.9297,23935.0898,23676.3496,23934.9805
1250520,1600,24004.3906,24082.4805,23898.8496,24036.1094
1250521,1600,23966.4199,24152.2402,23871.4707,24122.4004
1250522,1600,24017.0605,24040.2109,23843.0703,23999.1699
1250523,1600,24026.6895,24149.0801,23274.8496,23629.5801
1250526,1600,24009.0996,24050.5996,23932.0391,24027.6504
1250527,1600,24054.1602,24300.9707,24027.75,24226.4902
1250528,1600,24250.9902,24325.9707,24038.1895,24038.1895
1250529,1600,24255.0098,24255.0098,23917.0605,23933.2305
1250530,1600,23963.4902,24181.5293,23958.4297,23997.4805
1250602,1600,23865.3809,23993.2207,23740.0898,23930.6699
1250603,1600,24031.9609,24101.5508,23826.3906,24091.6191
1250604,1600,24253.6895,24346.1504,24129.3203,24276.4805
1250605,1600,24281.2109,24479.4199,24220.7109,24323.5801
1250606,1600,24304.3691,24355.0293,24214.5293,24304.4609
1250609,1600,24252.2598,24289.5098,24097.0898,24174.3203
1250610,1600,24156.5293,24168.5898,23964.7695,23987.5605
1250611,1600,23996.6602,24151.3906,23948.5703,23948.9004
1250612,1600,23768.0508,23885.0605,23618.8496,23771.4492
1250613,1600,23448.1895,23557.7109,23360.1602,23516.2305
1250616,1600,23589.4707,23711.7305,23505.5391,23699.1191
1250617,1600,23495.0605,23550.9902,23315.0703,23434.6504
1250618,1600,23426.9707,23502.9492,23262.6406,23317.8105
1250619,1600,23178.5996,23254.8594,23051.5508,23057.3809
1250620,1600,23197.1191,23481.9707,23187.4805,23350.5508
1250623,1600,23242.9004,23385.5996,23080.2891,23269.0098
1250624,1600,23689.1895,23812.7891,23580.2109,23641.5801
1250625,1600,23713.2402,23713.2402,23466.7305,23498.3301
1250626,1600,23609.3008,23710.5801,23521.0996,23649.3008
1250627,1600,23864.6699,24040.5508,23784.6191,24033.2207
1250630,1600,24109.1504,24120.8203,23854.3105,23909.6094
1250701,1600,23966.9492,23978.3008,23671.2695,23673.2891
1250702,1600,23789.0605,23824.5,23620.4199,23790.1094
1250703,1600,23884.8008,23944.0996,23762.4199,23934.1309
1250704,1600,23833.1406,23868.9297,23702.6504,23787.4492
1250707,1600,23845.8809,24073.6699,23836.5801,24073.6699
1250708,1600,24135.7402,24244.0898,24063.4199,24206.9102
1250709,1600,24278.8906,24609.1504,24261.0098,24549.5605
1250710,1600,24638.5801,24639.0996,24450.9707,24456.8105
1250711,1600,24333.1094,24369.0508,24166.6309,24255.3105
1250714,1600,24038.2891,24168.1406,23975.4609,24160.6406
1250715,1600,24220.5195,24266.8105,24060.2891,24060.2891
1250716,1600,24011.9902,24207.8105,23968.9492,24009.3809
1250717,1600,24227.5391,24374.5,24174.7598,24370.9297
1250718,1600,24483.6602,24494.8809,24251.3594,24289.5098
1250721,1600,24309.3906,24335.2598,24191.6309,24307.8008
1250722,1600,24236.0898,24237.4102,23921.8301,24041.9004
1250723,1600,24246.8008,24310.9609,24122.1895,24240.8203
1250724,1600,24502.9902,24514.9297,24235.4395,24295.9297
1250725,1600,24097.3301,24252.5898,24065.1895,24217.5
1250728,1600,24424.6699,24444.4707,23942.1191,23970.3594
1250729,1600,24051.7109,24310.0,24051.7109,24217.3691
1250730,1600,24169.2598,24302.7695,24138.2109,24262.2207
1250731,1600,24340.2109,24433.4004,24039.9199,24065.4707
1250801,1600,23786.9102,23802.7305,23380.9395,23425.9707
1250804,1600,23523.2402,23783.7891,23521.6094,23757.6895
1250805,1600,23914.3203,23979.5898,23785.0801,23846.0703
1250806,1600,23972.0293,23996.8906,23806.9199,23924.3594
1250807,1600,23910.8691,24392.0391,23899.4609,24192.5
1250808,1600,24165.8809,24268.8203,24095.9902,24162.8594
1250811,1600,24206.2598,24219.0898,24030.0508,24081.3398
1250812,1600,24147.0098,24156.25,23940.2402,24024.7793
1250813,1600,24156.5098,24247.3906,24138.7891,24185.5898
1250814,1600,24205.5898,24409.3496,24205.3691,24377.5
1250815,1600,24530.6992,24536.1094,24327.5996,24359.3008
1250818,1600,24313.8203,24336.7402,24245.1699,24314.7695
1250819,1600,24357.2305,24441.0,24283.5508,24423.0703
1250820,1600,24252.7207,24369.8691,24217.5098,24276.9707
1250821,1600,24274.4199,24306.0605,24179.9102,24293.3398
1250822,1600,24254.8105,24444.4102,24222.5391,24363.0898
1250825,1600,24232.0195,24377.3809,24224.1504,24273.1191
1250826,1600,24110.0801,24263.1094,24036.8809,24152.8691
1250827,1600,24174.6191,24198.3008,23977.9902,24046.2109
1250828,1600,24180.6191,24206.5293,23972.5391,24039.9199
1250829,1600,23949.4297,24063.5508,23881.9805,23902.2109
1250901,1600,24012.0391,24046.8496,23969.3594,24037.3301
1250902,1600,23975.3398,23990.8105,23482.6699,23487.3301
1250903,1600,23606.6895,23705.9492,23507.1094,23594.8008
1250904,1600,23664.7891,23800.1191,23610.4492,23770.3301
1250905,1600,23851.9395,23854.6797,23546.6992,23596.9805
1250908,1600,23771.8594,23830.1191,23655.4707,23807.1309
1250909,1600,23802.6094,23859.5605,23633.9492,23718.4492
1250910,1600,23837.1699,23883.5801,23600.4707,23632.9492
1250911,1600,23654.9297,23787.1797,23563.3691,23703.6504
1250912,1600,23767.3398,23793.0605,23604.3594,23698.1504
1250915,1600,23785.2598,23855.3496,23664.1094,23748.8594
1250916,1600,23711.9902,23717.6699,23317.3008,23329.2402
1250917,1600,23407.3906,23476.7109,23284.6699,23359.1797
1250918,1600,23577.0605,23690.4707,23557.8105,23674.5293
1250919,1600,23723.3398,23785.2402,23599.2598,23639.4102
1250922,1600,23567.4902,23589.25,23424.4395,23527.0508
1250923,1600,23604.3594,23723.1992,23564.9707,23611.3301
1250924,1600,23601.5,23736.5996,23499.9805,23666.8105
1250925,1600,23620.4004,23629.3691,23383.8398,23534.8301
1250926,1600,23601.1895,23756.0391,23579.25,23739.4707
1250929,1600,23835.6094,23835.6094,23666.8105,23745.0605
1250930,1600,23726.4297,23887.7305,23676.3594,23880.7207
1251001,1600,23755.2305,24162.2305,23753.0801,24113.6191
1251002,1600,24293.8301,24502.3301,24247.4492,24422.5605
1251003,1600,24511.5703,24524.1094,24343.2109,24378.8008
1251006,1600,24357.5898,24482.9004,24269.9395,24378.2891
1251007,1600,24400.7695,24452.9297,24308.0391,24385.7793
1251008,1600,24382.6602,24630.9707,24360.6504,24597.1309
1251009,1600,24674.6504,24771.3398,24602.1191,24611.25
1251010,1600,24664.2305,24690.7207,24241.4609,24241.4609
1251013,1600,24372.9004,24448.7695,24260.7695,24387.9297
1251014,1600,24169.0293,24242.8496,23986.9297,24236.9395
1251015,1600,24263.7109,24339.2695,24179.9902,24181.3691
1251016,1600,24188.1504,24283.5703,24051.8496,24272.1895
1251017,1600,23833.1094,23987.75,23684.3691,23830.9902
1251020,1600,24035.1895,24296.3906,24026.5898,24258.8008
1251021,1600,24310.4395,24384.2402,24201.2891,24330.0293
1251022,1600,24296.1602,24342.1797,24138.25,24151.1309
1251023,1600,24202.7793,24222.8398,24035.2109,24207.7891
1251024,1600,24275.9902,24275.9902,24145.2598,24239.8906
1251027,1600,24332.8496,24348.5898,24185.8398,24308.7793
1251028,1600,24228.1797,24339.9395,24188.3691,24278.6309
1251029,1600,24261.0898,24322.9004,24090.5801,24124.2109
1251030,1600,24187.8203,24215.3008,24034.75,24118.8906
1251031,1600,24115.3105,24119.6602,23922.9492,23958.3008
1251103,1600,23990.3398,24248.6699,23982.2793,24132.4102
1251104,1600,23801.2402,23974.3105,23674.6504,23949.1094
1251105,1600,23774.5508,24103.5293,23732.3809,24049.7402
1251106,1600,23996.2402,24058.7305,23721.9902,23734.0195
1251107,1600,23801.9707,23837.1191,23452.8906,23569.9609
1251110,1600,23925.3594,24022.6895,23854.4902,23959.9902
1251111,1600,23990.1406,24108.4297,23952.4102,24088.0605
1251112,1600,24245.8906,24441.2793,24234.9395,24381.4609
1251113,1600,24367.6992,24416.3301,24027.9199,24041.6191
1251114,1600,23977.7207,23992.1191,23609.0605,23876.5508
1251117,1600,23890.4805,23928.4805,23529.7305,23590.5195
1251118,1600,23238.3301,23358.75,23085.3809,23180.5293
1251119,1600,23180.9297,23379.3594,23105.5508,23162.9199
1251120,1600,23387.4199,23512.4902,23277.0898,23278.8496
1251121,1600,22963.1699,23256.2695,22943.0605,23091.8691
1251124,1600,23280.3203,23392.2207,23149.6992,23239.1797
1251125,1600,23254.4609,23487.2305,23139.2695,23464.6309
1251126,1600,23585.2598,23727.25,23445.2793,23726.2207
1251127,1600,23732.8105,23830.9707,23708.4199,23767.9609
1251128,1600,23780.75,23883.9805,23720.5605,23836.7891
1251201,1600,23731.2891,23734.1992,23433.4805,23589.4395
1251202,1600,23637.4902,23792.0508,23607.6992,23710.8594
1251203,1600,23788.8203,23838.0508,23646.4297,23693.7109
1251204,1600,23836.2305,23930.5195,23797.7109,23882.0293
1251205,1600,23942.7305,24130.9199,23929.2598,24028.1406
1251208,1600,24015.9707,24116.9902,23985.2793,24046.0098
1251209,1600,24094.9902,24186.9199,24092.5,24162.6504
1251210,1600,24131.3906,24168.7207,24001.4297,24130.1406
1251211,1600,24055.1699,24364.0098,24007.9805,24294.6094
1251212,1600,24368.9395,24474.6191,24173.2793,24186.4902
1251215,1600,24297.6406,24318.3008,24170.4492,24229.9102
1251216,1600,24124.1094,24191.5996,24011.8008,24076.8691
1251217,1600,24159.6191,24185.4707,23949.1699,23960.5898
1251218,1600,23947.0293,24215.9805,23923.9707,24199.5
1251219,1600,24196.1895,24305.8203,24153.2305,24288.4004
1251222,1600,24291.8496,24356.1094,24203.3691,24283.9707
1251223,1600,24297.6191,24362.0098,24257.4707,24340.0605
1251229,1600,24370.9395,24389.1504,24253.7305,24351.1191
1251230,1600,24343.1895,24527.9395,24328.4199,24490.4102
1260102,1600,24499.5098,24676.7891,24448.9805,24539.3398
1260105,1600,24681.3496,24872.9199,24639.6797,24868.6895
1260106,1600,24904.6797,24969.1699,24836.3301,24892.1992
1260107,1600,24995.0,25122.4609,24982.6191,25122.2598
1260108,1600,25128.4609,25217.5195,25024.6504,25127.4609
1260109,1600,25124.0195,25281.1797,25107.9199,25261.6406
1260112,1600,25248.3691,25421.4199,25236.8809,25405.3398
1260113,1600,25408.3691,25507.7891,25338.3008,25420.6602
1260114,1600,25429.75,25461.3594,25268.2695,25286.2402
1260115,1600,25275.8301,25378.5508,25233.3203,25352.3906
1260116,1600,25336.0098,25354.1094,25198.5293,25297.1309
1260119,1600,24940.4707,25070.6094,24911.5898,24959.0605
1260120,1600,24747.3496,24758.3203,24507.1094,24703.1191
1260121,1600,24636.5508,24656.7305,24349.5391,24560.9805
1260122,1600,24877.6309,24937.0801,24772.5391,24856.4707
1260123,1600,24819.9395,24930.1504,24796.9297,24900.7109
1260126,1600,24890.3008,24985.1504,24790.7402,24933.0801
1260127,1600,25008.0293,25020.2207,24848.5293,24894.4395
1260128,1600,24878.2305,24926.0293,24707.1895,24822.7891
1260129,1600,24697.3809,24758.7305,24266.3301,24309.4609
1260130,1600,24376.1504,24585.4492,24366.3906,24538.8105
1260202,1600,24392.0898,24851.6992,24384.2109,24797.5195
1260203,1600,24956.7598,25098.7109,24703.6191,24780.7891
1260204,1600,24845.5898,24877.9102,24602.8809,24603.0391
1260205,1600,24607.4707,24663.8105,24272.6191,24491.0605
1260206,1600,24452.1504,24737.9707,24393.1094,24721.4609
1260209,1600,24860.6699,25016.0098,24714.8906,25014.8691
1260210,1600,24960.5898,25075.75,24935.3398,24987.8496
1260211,1600,24956.4609,25001.5195,24834.7891,24856.1504
1260212,1600,25060.8008,25239.0098,24813.2305,24852.6895
1260213,1600,24822.3008,24953.1504,24750.4707,24914.8809
1260216,1600,24988.6094,25020.8301,24793.5801,24800.9102
1260217,1600,24796.8203,25020.6406,24734.0391,24998.4004
1260218,1600,25127.1309,25315.0098,25100.9199,25278.2109
1260219,1600,25198.3809,25228.9395,24983.8906,25043.5703
1260220,1600,25070.0,25331.0605,25004.8105,25260.6895
1260223,1600,25114.3906,25194.9297,24937.5605,24991.9707
1260224,1600,24952.1602,25091.9492,24878.0996,24986.25
1260225,1600,25051.8398,25184.4102,24988.6094,25175.9395
1260226,1600,25095.8594,25318.9492,25088.4902,25289.0195
1260227,1600,25294.3691,25405.9707,25188.3008,25284.2598
1260302,1600,24695.4395,24897.6094,24577.4199,24638.0
1260303,1600,24207.4395,24239.5195,23601.1094,23790.6504
1260304,1600,23901.3203,24242.4902,23814.8906,24205.3594
1260305,1600,24145.4395,24366.8105,23754.6504,23815.75
1260306,1600,23942.8906,24028.4395,23342.8809,23591.0293
1260309,1600,22998.9395,23470.8008,22927.5508,23409.3691
1260310,1600,23886.3809,24061.1504,23765.2402,23968.6309
1260311,1600,23725.2109,23824.7305,23533.6992,23640.0293
1260312,1600,23577.8203,23703.5508,23368.0703,23589.6504
1260313,1600,23381.9102,23762.1191,23293.5195,23447.2891
1260316,1600,23480.5,23699.5,23334.9707,23564.0098
1260317,1600,23500.3398,23820.5801,23464.8398,23730.9199
1260318,1600,23837.1992,23957.0996,23449.5605,23502.25
1260319,1600,23160.5801,23180.1406,22759.4199,22839.5605
1260320,1600,23083.8906,23176.1699,22369.4707,22380.1895
1260323,1600,21947.8203,23178.6992,21863.8105,22653.8594
1260324,1600,22677.0898,22730.8301,22350.3398,22636.9102
1260325,1600,22961.8906,23079.3691,22815.7109,22957.0801
1260326,1600,22740.7109,22813.4102,22557.0996,22612.9707
1260327,1600,22612.9297,22631.7598,22215.8594,22300.75
1260330,1600,22213.8594,22562.8809,22209.4492,22562.8809
1260331,1600,22578.8398,22850.6992,22491.5098,22680.0391
1260401,1600,23326.8906,23377.6504,23027.0391,23298.8906
1260402,1600,22935.2305,23235.1602,22677.9199,23168.0801
1260407,1600,23181.6504,23397.8906,22842.1406,22921.5898
1260408,1600,24021.8105,24163.9102,23875.7891,24080.6309
1260409,1600,23981.2207,23989.0098,23673.1191,23806.9902
1260410,1600,23827.5391,24043.5898,23767.7109,23803.9492
1260413,1600,23562.1895,23756.8496,23482.0098,23742.4395
1260414,1600,23953.9297,24087.3008,23938.1094,24044.2207
1260415,1600,24060.9707,24127.0098,23996.8008,24066.6992
1260416,1600,24135.4902,24259.6602,24059.1699,24154.4707
1260417,1600,24150.4707,24792.4609,24146.5801,24702.2402
1260420,1600,24385.0391,24497.3809,24290.0,24417.8008
1260421,1600,24508.1992,24606.8398,24247.3105,24270.8691
1260422,1600,24373.4102,24399.5703,24151.8906,24194.9004
1260423,1600,24076.6992,24204.4707,23991.7793,24155.4492
1260424,1600,24217.6992,24330.6191,23998.0703,24128.9805
1260427,1600,24196.4297,24382.3203,24049.4395,24083.5293
1260428,1600,24067.9102,24153.9902,23897.2402,24018.2598
1260429,1600,24072.9004,24110.0,23880.5195,23954.5605
1260430,1600,23715.7109,24293.1094,23715.7109,24292.3809
1260504,1600,24274.5,24406.6406,23974.7402,23991.2695
1260505,1600,24014.6504,24403.5605,23988.9199,24401.6992
1260506,1600,24636.1602,25152.5098,24634.7598,24918.6895
1260507,1600,24940.3594,25021.0195,24650.9902,24663.6094
1260508,1600,24447.6504,24513.5195,24289.7207,24338.6309
1260511,1600,24333.3105,24362.8008,24202.3301,24350.2793
1260512,1600,24048.25,24210.7402,23920.6992,23954.9297
1260513,1600,24129.5703,24226.1699,24002.4609,24136.8105
1260514,1600,24366.4199,24492.9492,24329.7402,24456.2598
1260515,1600,24229.2891,24297.9492,23917.6309,23950.5703
1260518,1600,23833.1094,24430.9805,23797.3301,24307.9199
1260519,1600,24370.5,24690.8105,24358.75,24400.6504
1260520,1600,24345.3203,24885.5605,24287.6699,24737.2402
1260521,1600,24692.2109,24894.6309,24534.7891,24606.7695
1260522,1600,24768.4902,24943.75,24676.2695,24888.5605
1260525,1600,25181.2695,25438.4102,25062.7207,25389.0996
1260526,1600,25359.75,25361.6406,25180.5,25184.8906
1260527,1600,25324.8105,25394.8105,25113.1504,25177.8008
1260528,1600,25083.7695,25244.7109,24973.25,25092.25
1260529,1600,25126.3496,25204.1309,25040.4492,25104.6992
1260601,1600,25083.2402,25301.7305,24901.7695,25003.0391
1260602,1600,25197.9004,25362.8301,25061.6602,25124.1699
1260603,1600,24912.3105,24973.1504,24761.9609,24795.9395
1260604,1600,24849.4297,25009.0195,24830.6309,24944.9492
1260605,1600,24881.8691,25024.0508,24756.4707,24759.0508
1260608,1600,24447.3203,24732.5996,24426.6094,24616.2207
1260609,1600,24589.2891,24820.9492,24398.8691,24433.0605
1260610,1600,24507.4004,24517.4805,24043.5195,24195.3105
1260611,1600,24205.1602,24327.6895,24080.6406,24209.7109
1260612,1600,24549.25,24753.8906,24421.8203,24635.3008
1260615,1600,25068.3691,25085.8008,24882.0098,24894.0098
1260616,1600,24942.7305,25110.2793,24900.7305,24910.4102
1260617,1600,24816.9609,24956.4805,24763.5293,24934.6699
1260618,1600,24996.5391,25059.3691,24840.2695,25026.8008
1260619,1600,25075.3301,25173.0195,24951.5391,24985.8203
1260622,1600,25035.9297,25176.2109,24896.1895,25139.6895
1260623,1600,24835.5605,24988.7109,24728.5703,24893.5801
1260624,1600,24790.6992,24800.6602,24593.4805,24740.3594
1260625,1600,24810.0,25088.2793,24761.7207,24994.8301
1260626,1600,24848.5098,24869.6309,24547.6992,24671.2207
1260629,1600,24724.3398,24762.2402,24556.7793,24626.8906
1260630,1600,24815.2207,25024.2695,24794.8398,24995.8105
1260701,1600,25028.9297,25095.6602,24887.0,25040.2793
1260702,1600,25025.1309,25655.8203,24994.6406,25580.8809
1260703,1600,25763.9707,25826.7793,25611.6895,25779.3105
1260706,1600,25811.9004,25900.0996,25698.5605,25817.8906
1260707,1600,25770.4492,25811.9707,25465.1191,25465.25
1260708,1600,25274.9395,25280.1602,24830.1699,24897.4492
1260709,1600,25097.4805,25127.7598,24867.3203,25118.2695
1260710,1600,25081.1895,25195.8301,24937.5195,25067.0898
1260713,1600,24963.8008,25154.5801,24963.8008,25114.25
1260714,1600,24932.6191,25204.6797,24869.25,25147.0293
1260715,1600,24970.0508,25055.4805,24839.2305,24999.5293
1260716,1600,25018.9492,25021.5098,24696.1699,24915.4902
1260717,1600,24755.0898,24850.75,24651.3398,24830.9805
1260720,1600,24769.1504,24974.5293,24751.1309,24846.6895
1260721,1600,24922.0996,25011.3496,24817.3398,25011.3496
1260722,1600,25001.3105,25271.3398,24984.2695,25155.4102
1260723,1600,24994.0508,25074.2793,24696.5898,24763.1191
1260724,1600,24830.4102,25099.6797,24821.6699,25099.0
1260727,1600,25459.3203,25560.4004,25361.0293,25361.0293
1260728,1600,25496.1309,25553.4707,25307.1699,25464.0098
1260729,1600,25551.9707,25571.4492,25336.3906,25460.4805
1260730,1600,25487.4492,25651.1602,25303.1094,25612.0293
1260731,1600,25709.3691,25891.5098,25549.5293,25629.2402
1260803,1600,25855.1191,26096.9297,25855.1191,26001.3105
1260804,1600,26189.6191,26266.5,26082.4297,26202.3496
1260805,1600,26393.4297,26403.8105,26123.1797,26126.3008
1260806,1600,26116.2695,26229.3301,26081.6895,26140.1309
1260807,1600,26235.8008,26445.1797,26223.6406,26319.4492
1260810,1600,26360.4395,26441.9102,26302.1895,26323.8809
1260811,1600,26378.0,26504.5391,26245.5703,26391.4199
1260812,1600,26452.0,26573.5,26313.5801,26331.0703
1260813,1600,26437.3496,26489.7793,26285.2305,26299.7402
1260814,1600,26445.9902,26541.3398,26404.9492,26440.3105
1260817,1600,26490.3008,26493.5,26338.6094,26338.6094
1260818,1600,26280.8594,26292.9492,26119.5391,26128.3594
1260819,1600,26146.1191,26187.8203,26063.3691,26091.3301
1260820,1600,26050.9492,26062.1504,25914.1094,25983.0391
1260821,1600,25998.9492,26166.25,25969.5195,26136.5605
1260824,1600,26091.2891,26171.6992,26038.0703,26106.5996
1260825,1600,26206.0098,26341.5195,26164.1094,26266.1406
1260826,1600,26255.4102,26466.7598,26196.9199,26285.9609
1260827,1600,26354.3691,26402.8105,26241.7695,26367.2402
1260828,1600,26494.6094,26618.7402,26467.3594,26569.9902
1260831,1600,26464.1406,26471.7891,26249.5898,26258.1094
1260901,1600,26150.75,26206.1309,25916.7598,25970.1094
1260902,1600,25886.6699,25924.2109,25727.9297,25839.3301
1260903,1600,25840.9199,26007.7891,25784.8398,26003.3203
1260904,1600,25985.8594,26167.9297,25958.6992,26046.4004
1260907,1600,26039.5391,26069.9902,25919.6094,26006.5293
1260908,1600,25897.2207,26026.7793,25799.6602,26007.6309
1260909,1600,25870.9805,25909.6602,25512.3906,25576.4492
1260910,1600,25555.6602,25612.0898,25361.1504,25361.1504
1260911,1600,25478.8398,25581.2207,25396.3809,25568.5605
1260914,1600,25498.7402,25548.7793,25325.5195,25440.8105
1260915,1600,25360.3203,25478.9805,25172.8906,25402.2793
1260916,1600,25515.9609,25599.0703,25361.6992,25537.75
1260917,1600,25681.5996,25800.6191,25596.0508,25716.7109
1260918,1600,25596.4609,25656.2207,25285.9004,25304.0605
