980120,1600,77.8125,78.8438,77.4062,78.8125
980121,1600,78.0938,78.375,77.2812,77.8438
980122,1600,77.1875,77.8594,76.9375,77.1875
980123,1600,77.5,77.75,76.3125,77.0
980126,1600,77.375,77.6719,76.9375,77.3125
980127,1600,77.125,78.5625,77.0781,78.2188
980128,1600,78.375,79.2344,78.2188,79.125
980129,1600,79.0625,80.25,78.8906,79.4062
980130,1600,79.9375,79.9375,78.9688,79.2344
980202,1600,80.625,81.3125,80.4062,81.0156
980203,1600,81.0,81.6719,80.6562,81.6562
980204,1600,81.2188,81.6562,80.8125,81.2188
980205,1600,81.8125,81.9062,80.7344,81.2344
980206,1600,81.5,82.1719,81.3594,82.1094
980209,1600,82.0938,82.25,81.4375,81.7812
980210,1600,82.0312,83.3438,81.9219,83.1562
980211,1600,82.9688,83.3906,82.8438,83.1562
980212,1600,82.7344,84.1094,82.375,83.6875
980213,1600,83.3438,83.8438,83.1719,83.6406
980217,1600,84.3125,84.7188,83.8906,84.0625
980218,1600,84.0781,84.7031,83.8438,84.625
980219,1600,84.6406,84.7031,83.8281,83.8281
980220,1600,84.0781,84.4688,83.3125,84.2812
980223,1600,85.0,85.0,83.9688,84.25
980224,1600,84.125,84.4062,83.5312,84.0
980225,1600,84.25,85.1562,84.0781,84.6875
980226,1600,84.6094,85.2188,84.4062,85.1562
980227,1600,85.1094,85.9531,84.8906,85.5938
980302,1600,85.75,85.8594,85.2812,85.7188
980303,1600,85.2188,86.125,85.1875,86.1094
980304,1600,85.625,85.875,85.1094,85.5312
980305,1600,84.5,85.2656,84.2188,84.7812
980306,1600,85.0938,86.0312,85.0938,86.0312
980309,1600,85.625,86.5781,85.5938,85.875
980310,1600,86.375,86.75,86.1562,86.7188
980311,1600,86.9375,87.2344,86.7344,87.0
980312,1600,86.9375,87.0625,86.3125,86.8906
980313,1600,87.1875,87.25,86.0938,86.1562
980316,1600,86.5625,87.4688,86.3438,87.4688
980317,1600,87.2812,87.7812,87.0781,87.7656
980318,1600,87.5938,88.0156,87.2812,87.9844
980319,1600,88.0,88.2969,87.8438,88.2344
980320,1600,88.5625,89.4062,88.2812,89.1562
980323,1600,89.1875,89.1875,88.3906,88.4844
980324,1600,88.9688,89.8594,88.9219,89.4375
980325,1600,90.0625,90.0625,88.25,88.875
980326,1600,88.8438,89.2969,88.5156,88.625
980327,1600,89.3438,89.4062,87.875,88.2656
980330,1600,88.2812,88.5625,87.6875,88.1562
980331,1600,88.4688,89.3125,88.0625,88.1875
980401,1600,88.3594,89.2031,87.7188,88.9375
980402,1600,88.9062,90.25,88.8281,90.1562
980403,1600,90.25,90.5781,89.8125,90.0938
980406,1600,90.875,91.25,90.3438,90.375
980407,1600,90.375,90.3906,89.25,89.8906
980408,1600,90.0625,90.0625,88.8281,89.2812
980409,1600,89.6562,90.4688,89.625,90.375
980413,1600,90.7344,90.7344,89.5625,90.3438
980414,1600,90.5312,91.5156,90.5312,91.4375
980415,1600,91.6562,92.0156,91.2031,92.0156
980416,1600,91.7031,91.7031,90.7969,91.0625
980417,1600,90.7344,91.75,90.5781,91.7031
980420,1600,91.5938,91.6562,91.0,91.2969
980421,1600,91.25,91.9219,90.9688,91.9062
980422,1600,91.8594,92.1094,91.6875,91.8438
980423,1600,91.7188,92.0312,91.1094,91.3125
980424,1600,91.2188,91.5625,90.0625,90.5469
980427,1600,89.4375,89.875,88.3906,89.25
980428,1600,90.0312,90.125,88.6562,88.9844
980429,1600,89.2812,89.9531,88.9219,89.4219
980430,1600,90.3281,91.3125,90.2188,90.875
980501,1600,91.0938,91.6562,90.8125,91.6562
980504,1600,91.9844,92.5781,91.8125,91.8125
980505,1600,91.5,91.8594,90.9688,91.4844
980506,1600,91.8438,91.8594,90.2812,90.2812
980507,1600,90.625,90.625,89.7188,89.7344
980508,1600,89.75,90.9844,89.6875,90.9375
980511,1600,91.2812,91.8438,90.6875,90.9219
980512,1600,90.9062,91.9219,90.6094,91.9219
980513,1600,91.9062,92.3594,91.625,92.25
980514,1600,91.5625,92.2969,91.3438,91.8125
980515,1600,91.875,91.875,90.7969,90.7969
980518,1600,90.875,91.3281,90.0,90.5312
980519,1600,91.125,91.3125,90.375,90.5625
980520,1600,91.25,91.875,90.6406,91.7812
980521,1600,91.9375,92.1719,91.1094,91.375
980522,1600,91.5938,91.5938,90.9375,91.2344
980526,1600,91.7344,91.8438,89.6562,89.6562
980527,1600,89.0,89.8594,87.9375,89.6562
980528,1600,89.75,90.0938,89.1875,89.9844
980529,1600,90.2812,90.4219,88.8438,88.8438
980601,1600,88.625,89.8594,88.5938,89.4062
980602,1600,89.7344,89.875,88.7812,88.9531
980603,1600,89.375,89.4062,87.8125,87.8438
980604,1600,87.875,88.9531,87.5312,88.8906
980605,1600,89.4688,90.8594,89.0,90.8594
980608,1600,90.75,91.25,90.4844,90.9219
980609,1600,90.8125,91.0469,90.3594,90.7344
980610,1600,90.2812,91.125,89.5781,89.75
980611,1600,90.0312,90.1406,88.125,88.125
980612,1600,88.1875,88.625,86.875,88.5625
980615,1600,87.5625,87.9375,85.9531,86.0
980616,1600,86.8125,86.9375,85.9375,86.7969
980617,1600,87.7812,89.1719,87.5625,88.6562
980618,1600,88.4375,88.7188,88.0938,88.3125
980619,1600,88.4062,88.5469,86.8594,87.0781
980622,1600,87.1875,87.7031,86.7969,87.1719
980623,1600,87.6562,88.4219,87.6562,88.375
980624,1600,88.5,89.4375,87.8594,89.2969
980625,1600,89.875,90.2969,89.1406,89.6875
980626,1600,89.5938,89.9375,89.3438,89.6875
980629,1600,90.1875,90.6562,90.0,90.125
980630,1600,89.9062,90.1562,89.3594,89.6875
980701,1600,90.375,90.6719,89.8906,90.5938
980702,1600,90.3438,90.5781,90.1406,90.2969
980706,1600,90.3125,91.25,90.0312,91.25
980707,1600,91.1719,91.5625,90.7188,91.1094
980708,1600,91.1875,91.9844,91.1094,91.9531
980709,1600,91.375,91.9062,90.4688,90.875
980710,1600,91.0312,91.4688,90.3438,91.2344
980713,1600,91.375,91.9219,90.7969,90.9844
980714,1600,91.4844,92.6719,91.4844,92.4375
980715,1600,93.0,93.1562,92.2812,92.5
980716,1600,92.4375,93.4062,92.0938,93.2656
980717,1600,93.4375,93.625,93.0938,93.3281
980720,1600,93.5469,93.5781,92.5781,93.125
980721,1600,93.5781,93.5781,91.75,91.75
980722,1600,91.5,91.75,90.8281,91.4062
980723,1600,91.1719,91.4375,89.2031,89.3594
980724,1600,90.0781,90.0781,88.5312,89.4375
980727,1600,88.9688,90.3438,88.5312,90.25
980728,1600,90.0938,90.0938,88.0156,89.2188
980729,1600,89.8125,90.0,88.8281,89.0156
980730,1600,89.875,90.375,89.5781,90.2344
980731,1600,90.125,90.375,88.1562,88.5312
980803,1600,88.625,88.9219,87.7812,87.8125
980804,1600,88.625,88.625,84.875,84.9375
980805,1600,85.4375,85.9219,83.5312,85.6562
980806,1600,84.9688,86.2344,84.9688,85.6562
980807,1600,86.2812,87.2344,85.5,86.1562
980810,1600,86.0,86.4062,85.1406,85.7812
980811,1600,84.25,84.8125,83.0625,84.375
980812,1600,85.2188,85.7812,84.7188,85.6875
980813,1600,85.3438,86.2188,84.2812,84.2812
980814,1600,85.625,85.6875,83.7812,84.3125
980817,1600,84.0938,85.9688,83.6875,85.75
980818,1600,86.2188,87.6719,86.0312,87.375
980819,1600,87.9062,87.9062,86.7812,86.9688
980820,1600,86.5938,87.125,86.1562,86.25
980821,1600,85.125,85.5938,83.1875,85.5938
980824,1600,85.8125,86.3438,85.0,85.625
980825,1600,86.4688,86.875,85.2812,85.9062
980826,1600,84.8438,85.8125,84.5312,85.3906
980827,1600,83.9375,84.2188,80.8125,81.0469
980828,1600,82.0,82.6094,80.125,80.7812
980831,1600,81.2188,81.4062,74.875,74.875
980901,1600,76.2188,79.0938,73.875,78.5312
980902,1600,78.6562,79.625,77.625,77.7812
980903,1600,76.3438,77.625,75.75,77.0312
980904,1600,77.6875,77.7812,74.9375,76.875
980908,1600,79.1875,80.6562,78.3438,80.5938
980909,1600,80.0938,80.4688,78.4062,78.4062
980910,1600,76.4688,77.2188,75.0,75.75
980911,1600,75.375,78.8125,75.0156,78.7188
980914,1600,79.4219,80.3438,79.2188,79.4062
980915,1600,78.625,80.5,78.5938,80.2812
980916,1600,80.9375,81.6875,79.5938,81.125
980917,1600,78.6562,79.4062,78.5,78.7812
980918,1600,78.5625,79.125,78.125,78.8125
980921,1600,76.2812,79.5625,76.1562,79.25
980922,1600,80.0625,80.0625,78.5156,78.8594
980923,1600,79.9062,81.875,79.3906,81.875
980924,1600,81.2656,81.8594,79.2344,79.7656
980925,1600,78.9688,80.9688,78.6562,80.125
980928,1600,80.9375,81.6406,80.375,81.2812
980929,1600,81.4844,81.5625,79.5938,80.6875
980930,1600,79.6875,80.4375,78.125,78.1875
981001,1600,77.0,78.1562,75.75,76.2188
981002,1600,76.375,78.3125,75.0625,78.1562
981005,1600,77.3438,78.0,75.4375,77.2188
981006,1600,78.3125,78.8594,76.625,77.1875
981007,1600,77.5312,78.5625,75.8594,77.3438
981008,1600,75.125,77.75,74.4688,77.3125
981009,1600,78.0625,79.375,76.5625,79.1875
981012,1600,80.5312,80.9688,79.5,79.7812
981013,1600,80.0,80.1875,78.6875,79.1719
981014,1600,79.0,80.6719,78.8438,79.6875
981015,1600,79.5,88.0,79.1875,83.875
981016,1600,83.9375,84.4219,83.25,84.1875
981019,1600,84.0,85.25,83.8125,84.625
981020,1600,85.4844,86.5,84.4844,84.8906
981021,1600,85.4688,85.7969,84.625,85.0625
981022,1600,85.0312,85.6875,84.2031,85.5625
981023,1600,84.9375,85.1875,84.125,84.3125
981026,1600,85.0,85.4375,84.125,84.375
981027,1600,85.2812,85.4219,83.3906,83.7188
981028,1600,83.8594,84.375,83.1719,83.4531
981029,1600,83.9062,85.4375,83.4688,85.4375
981030,1600,86.0938,86.6094,85.5781,86.0312
981102,1600,86.7812,87.4688,86.2344,87.4688
981103,1600,87.1875,87.625,86.7031,87.0
981104,1600,88.1875,88.8438,87.0781,88.2344
981105,1600,87.2969,89.5,87.1406,89.5
981106,1600,89.2031,89.9375,89.0,89.875
981109,1600,89.8438,89.9375,88.5156,89.0156
981110,1600,88.75,89.4219,88.5,88.625
981111,1600,89.4375,89.4844,87.9688,88.3594
981112,1600,88.125,89.2188,88.125,88.625
981113,1600,88.6562,89.75,88.4688,89.5
981116,1600,90.1562,90.4688,89.3906,90.3438
981117,1600,89.9531,92.0,89.0312,89.9688
981118,1600,89.875,90.9688,89.75,90.6719
981119,1600,90.9375,91.125,90.3125,90.75
981120,1600,91.3125,91.7344,91.0,91.7188
981123,1600,92.3594,94.0938,92.25,94.0938
981124,1600,93.7656,93.8906,92.875,93.0938
981125,1600,93.25,93.3281,92.6094,93.125
981127,1600,93.7031,93.7188,93.25,93.25
981130,1600,93.0469,93.0625,90.75,90.8125
981201,1600,90.25,91.9062,89.875,91.2656
981202,1600,90.5312,90.9844,89.5156,90.75
981203,1600,90.3281,90.9844,88.5625,88.8281
981204,1600,89.625,90.625,89.375,90.5
981207,1600,90.5938,90.9844,90.0,90.75
981208,1600,90.5469,91.0,89.4219,90.3125
981209,1600,90.1719,90.6562,89.6562,90.0625
981210,1600,89.875,90.0156,88.1562,88.2812
981211,1600,88.0156,88.6094,87.2656,87.9688
981214,1600,87.4219,87.9688,86.5156,86.5156
981215,1600,87.5,88.375,86.5156,88.2188
981216,1600,88.5938,88.5938,87.5625,87.875
981217,1600,88.1406,89.0,88.1406,88.7188
981218,1600,89.1094,89.375,88.5156,88.7188
981221,1600,89.2656,91.1875,89.1094,89.8125
981222,1600,90.2656,90.7656,89.4219,90.3438
981223,1600,91.2344,92.3125,90.6875,92.0625
981224,1600,92.1094,92.5156,91.8125,92.0938
981228,1600,92.7656,92.7812,91.8125,91.9375
981229,1600,92.2969,93.5312,91.7656,93.4844
981230,1600,93.0625,93.4688,92.625,92.625
981231,1600,92.6094,92.8594,91.5,91.5312
990104,1600,92.0781,93.6094,91.0469,91.9531
990105,1600,91.9375,93.4375,91.9375,93.2188
990106,1600,94.1719,95.8125,93.8281,95.6562
990107,1600,94.25,95.4844,94.0938,95.25
990108,1600,96.25,96.625,95.2969,96.5156
990111,1600,96.3438,96.4531,95.25,96.3438
990112,1600,95.9375,96.0625,94.5312,94.5312
990113,1600,91.7969,94.375,91.7969,93.3438
990114,1600,93.5,93.5,90.7188,90.875
990115,1600,92.1094,93.5,91.5312,93.4688
990119,1600,94.3125,94.3125,92.0156,93.0625
990120,1600,94.1875,94.75,92.75,93.625
990121,1600,93.0,93.7812,92.0312,92.125
990122,1600,90.9219,92.1094,90.75,91.3125
990125,1600,91.3906,92.2812,90.3594,92.2812
990126,1600,92.2969,93.7188,91.8281,93.7188
990127,1600,93.8125,94.0,91.5,91.6875
990128,1600,92.4688,93.1562,92.2188,92.4688
990129,1600,93.2031,94.0,92.0469,93.2812
990201,1600,93.9844,94.3438,93.1562,93.3438
990202,1600,93.2656,93.2969,91.875,92.6562
990203,1600,92.2188,94.0,92.2188,93.875
990204,1600,93.5156,94.0,92.7656,93.5
990205,1600,93.2188,93.4844,92.4375,93.0625
990208,1600,93.5,93.7656,92.0625,92.8125
990209,1600,92.6406,92.8438,91.0,91.375
990210,1600,91.5,91.9062,90.9688,91.625
990211,1600,92.1094,94.3438,91.5,94.0
990212,1600,93.4688,93.9844,92.3125,92.9062
990216,1600,93.5938,93.9688,92.5,92.7031
990217,1600,92.4688,93.7812,91.7969,92.4375
990218,1600,92.7344,93.3125,91.9688,93.0312
990219,1600,93.0625,93.9844,92.5938,93.5312
990222,1600,93.4531,95.7188,93.3594,95.6875
990223,1600,95.3438,96.125,94.5625,95.5625
990224,1600,95.7031,96.0781,93.75,93.875
990225,1600,93.2812,93.8438,92.25,93.1875
990226,1600,93.7188,93.8125,92.4375,92.8906
990301,1600,93.0,93.5625,92.25,93.0625
990302,1600,93.6094,94.2188,92.6406,93.2812
990303,1600,93.0156,93.3438,92.0,92.8438
990304,1600,93.5,94.9688,93.3438,94.9688
990305,1600,96.3281,97.8438,96.1719,97.625
990308,1600,97.6719,97.7812,96.7969,97.4688
990309,1600,97.3125,98.3438,96.75,96.9375
990310,1600,97.125,97.9375,96.8125,97.9375
990311,1600,98.6094,99.7188,98.0312,99.3125
990312,1600,99.8438,99.8594,98.6406,98.6406
990315,1600,98.9062,99.75,98.75,99.7344
990316,1600,99.9219,100.1094,99.2656,99.4375
990317,1600,99.4688,99.75,98.6875,98.9219
990318,1600,98.7656,100.4688,98.625,100.3125
990319,1600,100.5,100.75,98.5625,98.5625
990322,1600,98.6875,99.4375,98.5625,99.125
990323,1600,98.4219,99.4375,96.2812,96.625
990324,1600,96.8281,97.0938,96.1719,96.8438
990325,1600,97.8281,98.7344,97.3906,98.625
990326,1600,97.9531,98.5,97.5,98.2812
990329,1600,99.2031,100.5,99.0,99.875
990330,1600,98.9219,99.8594,98.6719,99.2812
990331,1600,99.75,99.9688,97.6562,97.75
990401,1600,98.5,98.625,97.5469,98.2656
990405,1600,99.3438,100.3438,98.8125,100.125
990406,1600,99.5469,100.3125,99.1875,99.625
990407,1600,100.375,101.0938,99.375,101.0
990408,1600,101.0156,102.1406,100.4688,102.0625
990409,1600,101.5938,102.5938,101.0,101.875
990412,1600,100.625,103.625,100.625,103.5156
990413,1600,103.375,104.2812,103.0,104.125
990414,1600,104.7812,105.2188,103.5781,104.3438
990415,1600,104.3125,105.1562,103.5,104.8438
990416,1600,105.0,105.2188,103.7812,104.5312
990419,1600,104.9375,107.4844,103.5,104.375
990420,1600,104.25,104.9688,103.125,104.4688
990421,1600,104.5156,106.5312,104.1562,106.5
990422,1600,106.9688,107.5938,106.125,107.4688
990423,1600,107.0,107.625,106.3125,107.0938
990426,1600,107.3438,107.3438,106.4062,107.25
990427,1600,108.0,108.625,107.5156,108.375
990428,1600,108.25,109.4375,107.9688,108.2656
990429,1600,108.8125,109.3125,108.125,108.7812
990430,1600,109.2812,109.5625,106.5,107.625
990503,1600,107.9375,110.2188,107.5312,110.2188
990504,1600,109.8125,110.4062,108.7188,109.25
990505,1600,109.3438,109.7344,107.75,109.375
990506,1600,109.2188,109.8438,108.375,109.5
990507,1600,110.0625,110.4375,109.25,110.4375
990510,1600,110.2812,111.0938,109.625,110.0
990511,1600,110.625,111.0,109.6875,110.2188
990512,1600,110.0,110.6875,107.0,110.1562
990513,1600,110.9688,111.5,110.5,111.25
990514,1600,109.6875,110.1094,108.75,109.125
990517,1600,108.9062,108.9375,107.6875,108.75
990518,1600,109.1875,109.5,107.625,108.8281
990519,1600,109.0625,109.3125,108.25,109.0625
990520,1600,109.4375,109.6875,108.7812,108.8125
990521,1600,108.8125,108.9062,107.75,108.25
990524,1600,108.6875,108.6875,106.1562,106.375
990525,1600,106.3125,107.5938,105.0625,105.0625
990526,1600,105.9688,107.3438,105.0625,107.0
990527,1600,106.625,106.6875,104.2188,104.875
990528,1600,104.9688,105.9375,104.75,105.1406
990601,1600,105.2031,106.125,104.0625,106.0938
990602,1600,106.0,106.3438,104.6562,105.9219
990603,1600,106.3125,106.8125,105.9375,106.75
990604,1600,107.4375,108.3125,106.8125,108.2188
990607,1600,108.375,109.25,108.125,108.9688
990608,1600,108.9062,108.9062,107.375,107.75
990609,1600,108.0312,108.0312,106.7188,107.125
990610,1600,106.5625,106.7188,105.3438,106.2188
990611,1600,106.625,107.0,104.3438,104.9688
990614,1600,105.5,106.125,105.0,105.6875
990615,1600,106.125,106.875,105.7656,106.3438
990616,1600,107.2812,108.0625,107.25,107.7812
990617,1600,107.5,108.875,107.25,108.7188
990618,1600,108.5625,108.8438,108.1875,108.4688
990621,1600,108.75,108.9688,107.625,108.125
990622,1600,107.625,108.2188,107.0156,107.1562
990623,1600,106.9688,107.0312,106.2812,106.5
990624,1600,106.375,106.4062,104.75,105.625
990625,1600,106.125,106.4062,105.5,105.7344
990628,1600,106.5625,107.0,106.25,106.6875
990629,1600,106.5938,108.0,106.3281,107.625
990630,1600,107.8125,110.25,107.25,109.375
990701,1600,109.8438,111.0,109.0625,110.7188
990702,1600,110.8125,111.75,110.625,111.6562
990706,1600,111.6875,112.5,111.2656,111.4062
990707,1600,111.25,111.8438,110.8125,111.5625
990708,1600,111.0938,112.25,111.0,111.1562
990709,1600,111.7188,112.0938,111.4062,112.0625
990712,1600,112.5938,112.5938,111.5938,111.8438
990713,1600,111.0938,112.2344,110.8125,111.9062
990714,1600,112.3125,112.3125,111.25,111.6562
990715,1600,112.3125,112.3438,111.4688,111.7031
990716,1600,111.9375,112.1875,111.4375,112.0312
990719,1600,112.375,112.625,111.6875,111.7656
990720,1600,111.2812,111.8125,109.5,109.6562
990721,1600,109.8438,110.5938,109.3438,109.9375
990722,1600,109.7812,110.4688,108.6875,109.4375
990723,1600,110.0,110.0938,108.625,109.0625
990726,1600,108.7188,109.2344,108.3438,108.4375
990727,1600,109.1562,110.2344,108.9062,109.625
990728,1600,109.625,110.25,109.3125,109.4375
990729,1600,108.4375,108.5938,106.9375,107.7812
990730,1600,107.9375,108.2344,106.3125,106.3438
990802,1600,106.375,107.9062,106.0312,106.5625
990803,1600,107.125,107.25,105.8594,106.7188
990804,1600,107.1562,108.1094,106.5,106.6562
990805,1600,107.0,108.3438,105.5,108.3438
990806,1600,107.5,108.25,106.5,107.0938
990809,1600,107.1875,107.5625,106.75,107.125
990810,1600,107.0,107.1562,105.2812,106.75
990811,1600,107.375,108.0938,106.5312,108.0
990812,1600,108.25,109.125,107.875,107.9062
990813,1600,109.2188,110.0,109.0156,110.0
990816,1600,110.0,110.6875,109.6406,110.6562
990817,1600,111.6562,111.7188,110.1875,111.25
990818,1600,110.8438,111.5,109.8125,109.8906
990819,1600,109.0312,110.1875,109.0156,109.75
990820,1600,109.875,111.1875,109.75,111.1562
990823,1600,111.7188,113.3125,111.5156,113.2969
990824,1600,112.7812,113.75,111.7812,112.9375
990825,1600,113.1875,113.625,112.0156,113.625
990826,1600,113.1562,113.2812,111.9688,112.0625
990827,1600,112.4062,112.4062,111.0,111.0
990830,1600,111.1562,111.2812,108.9375,109.0625
990831,1600,109.1562,109.9688,107.7812,108.25
990901,1600,108.9375,109.5625,108.5312,109.5625
990902,1600,108.0625,108.75,107.375,108.4062
990903,1600,110.4062,111.3125,110.0,111.3125
990907,1600,110.7188,111.1875,110.125,110.25
990908,1600,109.75,111.25,109.625,110.3125
990909,1600,110.4375,111.0312,109.75,110.5625
990910,1600,111.8125,111.875,110.25,110.3125
990913,1600,110.0312,110.5,109.8438,110.3125
990914,1600,109.875,109.875,109.0,109.3438
990915,1600,110.25,110.2812,107.8438,107.875
990916,1600,108.2812,108.2812,106.375,107.5312
990917,1600,108.3125,108.625,107.8438,108.375
990920,1600,108.4688,108.4688,107.875,108.0312
990921,1600,107.0938,107.3125,105.5312,105.8438
990922,1600,106.125,106.125,104.8906,105.1406
990923,1600,105.9688,106.0,102.6406,102.6875
990924,1600,102.3906,103.4844,101.4375,102.6406
990927,1600,103.7188,104.125,102.9375,103.0938
990928,1600,102.5,103.25,100.75,102.75
990929,1600,102.75,103.4375,101.875,102.0
990930,1600,102.7812,104.125,102.3125,103.625
991001,1600,102.5469,103.1562,101.7812,102.5938
991004,1600,103.375,104.4062,103.25,104.4062
991005,1600,104.3281,105.1875,102.6562,104.0156
991006,1600,104.4375,105.9062,104.25,105.875
991007,1600,106.0625,106.0625,105.125,105.2656
991008,1600,105.4062,106.5938,104.9688,106.5938
991011,1600,106.375,107.125,106.2031,106.375
991012,1600,106.2812,106.2812,104.1875,104.2188
991013,1600,103.75,104.4375,102.0,102.0625
991014,1600,102.4062,103.5,101.2188,102.625
991015,1600,100.9375,101.6562,99.875,100.0
991018,1600,100.2188,101.375,99.5625,101.125
991019,1600,102.4688,103.3438,101.75,102.1875
991020,1600,103.0,104.0625,102.5,103.7188
991021,1600,102.125,103.4375,101.6875,103.4375
991022,1600,104.0938,105.3438,103.8125,104.5
991025,1600,103.6875,104.1875,103.1562,103.375
991026,1600,103.9375,104.1875,102.6875,102.6875
991027,1600,103.3125,104.3438,102.7812,104.25
991028,1600,106.0625,106.625,105.5625,106.5625
991029,1600,107.4375,108.0,106.875,107.5625
991101,1600,107.5,107.625,106.5,106.5
991102,1600,106.9688,107.6875,105.6562,105.6875
991103,1600,106.8125,106.8125,105.75,106.2188
991104,1600,107.0312,107.4375,106.0938,106.625
991105,1600,107.9688,108.3438,106.9375,107.5312
991108,1600,106.375,107.5625,106.375,107.375
991109,1600,107.875,107.875,106.0,106.3125
991110,1600,105.5938,106.8438,105.4062,106.0
991111,1600,106.25,106.625,105.5625,106.0938
991112,1600,106.9688,108.0625,105.5312,108.0625
991115,1600,107.9062,108.2344,107.2812,107.8125
991116,1600,108.4375,109.9844,107.625,109.9219
991117,1600,109.4375,109.7188,109.0,109.2188
991118,1600,109.9375,110.7188,109.5938,110.5156
991119,1600,109.9062,110.4688,109.5938,110.0156
991122,1600,110.0,111.2188,109.7656,111.125
991123,1600,111.2188,111.2188,109.8125,110.0938
991124,1600,109.5938,110.5,109.5156,110.1406
991126,1600,110.6562,110.6562,109.4062,109.4375
991129,1600,109.5625,109.8594,108.9531,109.5469
991130,1600,109.5469,110.5,108.2031,108.6875
991201,1600,108.6875,110.125,108.6562,110.0938
991202,1600,110.1562,110.8125,110.1406,110.6094
991203,1600,111.8125,113.375,111.7656,112.9531
991206,1600,112.9531,113.125,112.0312,112.25
991207,1600,112.6094,112.8125,111.2031,111.2031
991208,1600,111.0156,111.875,110.4688,110.4688
991209,1600,111.4688,112.1562,110.4688,111.375
991210,1600,112.1562,112.9688,111.1875,112.4688
991213,1600,111.7188,112.6562,111.625,112.2188
991214,1600,111.5625,112.5938,111.4688,111.8125
991215,1600,111.375,112.9062,111.3438,112.2656
991216,1600,112.7344,112.7344,111.375,112.4062
991217,1600,113.0625,113.9844,112.8125,112.8125
991220,1600,113.25,113.3125,111.125,111.4375
991221,1600,111.0625,112.6562,110.9375,112.0625
991222,1600,112.3125,112.7344,111.9062,112.1875
991223,1600,113.0,114.4844,113.0,114.4844
991227,1600,114.5625,114.9062,113.9375,114.125
991228,1600,113.8438,115.2969,113.8438,115.0625
991229,1600,115.4844,115.5781,114.6875,114.875
991230,1600,115.4688,115.7188,114.375,114.4531
991231,1600,114.6562,115.5938,114.3906,115.1875
1000103,1600,116.0312,116.0312,113.0,113.5
1000104,1600,112.2812,112.9688,109.7656,109.7656
1000105,1600,110.0,112.375,109.0312,111.1875
1000106,1600,111.4062,113.1719,111.1875,111.75
1000107,1600,113.3125,115.5625,113.2188,115.5
1000110,1600,116.8125,116.8125,115.4375,116.0
1000111,1600,115.1562,116.75,115.0156,115.1406
1000112,1600,115.5,116.1875,115.1562,115.4375
1000113,1600,116.0156,116.625,115.2188,115.875
1000114,1600,117.4688,117.5,116.125,117.5
1000118,1600,116.4375,116.875,115.5,115.7188
1000119,1600,115.625,115.7969,114.5938,115.5625
1000120,1600,115.9375,115.9688,112.6562,113.7344
1000121,1600,114.1875,114.1875,112.3125,112.8125
1000124,1600,113.25,113.625,109.0625,110.0
1000125,1600,110.5938,110.875,108.75,110.3438
1000126,1600,110.2188,111.375,110.125,110.4688
1000127,1600,111.125,111.6094,109.1875,110.4688
1000128,1600,109.8438,110.0625,107.1406,107.4062
1000131,1600,107.1406,109.625,107.0,109.5
1000201,1600,109.5625,110.7188,109.0312,110.2812
1000202,1600,110.375,111.1875,109.6562,109.6875
1000203,1600,110.625,110.6562,108.2188,110.5
1000204,1600,110.4375,110.9688,109.3438,109.75
1000207,1600,109.1562,109.4688,108.375,108.75
1000208,1600,109.9062,110.3438,109.125,109.3125
1000209,1600,109.1875,109.375,106.7812,106.9062
1000210,1600,107.2656,107.5938,106.0156,107.0
1000211,1600,106.5625,106.5625,103.625,104.5
1000214,1600,105.0,105.5938,104.5625,105.5
1000215,1600,105.5938,107.875,105.0156,107.4375
1000216,1600,106.875,107.6875,105.75,105.8125
1000217,1600,106.7812,106.8594,104.6562,104.7812
1000218,1600,105.0,105.0,102.0,102.25
1000222,1600,102.875,103.4688,101.0,102.8125
1000223,1600,102.9688,103.5,101.625,102.25
1000224,1600,102.5625,102.6875,99.5625,102.0
1000225,1600,100.5938,101.4688,98.1875,98.5625
1000228,1600,99.1875,101.625,98.25,100.1406
1000229,1600,101.1875,102.125,100.4375,101.5625
1000301,1600,101.7812,102.7812,100.6875,101.625
1000302,1600,101.4688,102.25,101.0,101.6875
1000303,1600,103.3438,104.5469,103.0,103.875
1000306,1600,103.8125,103.9844,101.1406,101.7188
1000307,1600,101.4688,101.5312,97.5312,98.0
1000308,1600,98.75,99.375,97.1562,98.4688
1000309,1600,98.8438,100.4375,97.3125,100.3281
1000310,1600,99.9062,101.0625,98.9688,99.5625
1000313,1600,96.8438,100.1875,96.8438,99.625
1000314,1600,100.3125,100.6875,98.0,98.4688
1000315,1600,98.625,101.9844,97.6562,101.625
1000316,1600,102.5625,106.875,102.4062,106.7812
1000317,1600,106.0,107.7188,105.6719,106.125
1000320,1600,106.2812,107.3438,105.8906,106.8125
1000321,1600,106.5625,109.1875,105.9375,109.125
1000322,1600,109.1562,109.25,107.8125,108.5781
1000323,1600,108.375,111.5,108.25,111.125
1000324,1600,110.5312,112.4688,110.2812,111.125
1000327,1600,111.3438,111.9062,109.6875,109.8125
1000328,1600,109.125,110.9844,109.125,109.375
1000329,1600,109.8438,111.2188,108.9375,110.75
1000330,1600,109.875,111.5,108.875,110.0625
1000331,1600,110.7969,111.25,109.0625,109.4375
1000403,1600,109.3125,112.6875,109.125,112.6875
1000404,1600,112.5625,114.3438,106.3438,111.6875
1000405,1600,110.3125,112.3125,109.8906,110.375
1000406,1600,111.375,112.2188,110.375,111.4219
1000407,1600,111.9688,111.9844,110.5625,110.9062
1000410,1600,111.2188,112.9844,110.9062,112.0625
1000411,1600,112.25,113.7344,110.8438,113.25
1000412,1600,113.875,114.5312,110.5,110.5156
1000413,1600,111.3594,111.5625,108.75,109.0312
1000414,1600,107.4375,108.25,101.5156,102.5156
1000417,1600,102.875,106.0312,102.25,106.0
1000418,1600,106.4688,107.7812,105.8906,107.0625
1000419,1600,107.4375,108.0625,106.3281,106.8125
1000420,1600,107.0625,108.7812,106.8438,108.7812
1000424,1600,107.0,109.25,106.75,108.875
1000425,1600,109.7188,111.625,108.7812,111.2812
1000426,1600,111.5625,111.5625,108.9375,109.0
1000427,1600,107.0938,109.5,107.0938,108.375
1000428,1600,109.375,109.5,107.0,107.5625
1000501,1600,107.9688,109.3438,107.1562,108.125
1000502,1600,107.5,108.2344,106.8125,107.0625
1000503,1600,106.5156,106.7188,103.75,104.8125
1000504,1600,105.2812,105.2812,103.7812,104.3125
1000505,1600,103.3125,105.8906,103.3125,105.8438
1000508,1600,105.2656,106.375,105.0,105.9375
1000509,1600,106.0625,106.9375,105.0,105.375
1000510,1600,104.5312,105.0938,102.625,103.3125
1000511,1600,104.0,105.9062,103.875,105.75
1000512,1600,106.0,106.7812,105.75,106.25
1000515,1600,106.4688,108.25,106.0625,108.2031
1000516,1600,108.875,109.7812,108.1875,109.3125
1000517,1600,108.3125,108.6875,107.5625,107.75
1000518,1600,108.0156,108.8125,107.4062,107.4375
1000519,1600,106.5625,107.0312,105.5156,106.5625
1000522,1600,106.125,106.3438,103.625,105.5312
1000523,1600,105.5938,105.6875,104.0156,104.4375
1000524,1600,104.7344,105.6875,103.4688,105.4375
1000525,1600,105.7188,105.8125,102.5625,103.5
1000526,1600,103.4688,103.9844,102.5312,103.125
1000530,1600,104.125,105.5,103.5312,105.4375
1000531,1600,105.0312,106.0938,105.0,105.3125
1000601,1600,105.9844,107.0,105.3438,106.5
1000602,1600,108.75,108.9688,107.5156,107.5156
1000605,1600,107.375,108.7344,107.375,108.25
1000606,1600,107.5,107.9844,107.0625,107.6406
1000607,1600,107.375,108.6875,107.0312,108.3438
1000608,1600,107.7188,107.7188,106.375,106.7812
1000609,1600,107.7188,107.7188,105.8906,106.2656
1000612,1600,106.6406,106.6875,105.6562,105.7188
1000613,1600,105.1875,106.7031,104.875,106.5
1000614,1600,106.9219,107.4844,106.4062,107.25
1000615,1600,107.125,107.75,106.6406,106.8438
1000616,1600,107.0469,107.1562,104.5156,104.5156
1000619,1600,104.7656,106.0625,104.3281,105.5938
1000620,1600,105.4062,105.4375,104.0625,104.75
1000621,1600,104.3125,105.25,104.1406,104.9375
1000622,1600,104.5938,105.0312,103.375,104.0
1000623,1600,104.2188,104.9844,103.7812,104.4375
1000626,1600,104.9375,105.9688,104.7188,105.9688
1000627,1600,105.6562,106.25,105.0938,105.375
1000628,1600,105.75,106.4531,105.0781,105.375
1000629,1600,104.6094,105.3125,103.625,104.25
1000630,1600,103.5469,104.5,103.3438,104.375
1000703,1600,104.75,105.9688,104.3438,105.9688
1000705,1600,105.3594,105.875,104.6406,105.0
1000706,1600,105.3438,105.4531,104.0625,105.0938
1000707,1600,105.5625,106.75,105.1562,106.3281
1000710,1600,106.0625,107.2188,106.0625,106.5
1000711,1600,106.4688,108.2344,106.2812,107.25
1000712,1600,108.1562,108.5938,107.5469,107.8125
1000713,1600,108.5312,108.6875,107.625,108.0
1000714,1600,108.1875,108.4375,107.625,108.25
1000717,1600,107.875,108.6875,107.5625,108.0
1000718,1600,107.5625,108.0,107.0312,107.625
1000719,1600,107.5625,108.1562,106.9375,107.1875
1000720,1600,107.8125,109.0938,107.8125,109.0938
1000721,1600,108.0156,108.3438,107.0,107.0
1000724,1600,107.375,107.75,106.6875,106.8125
1000725,1600,107.3438,107.5,106.6875,106.7812
1000726,1600,106.5312,106.75,105.3906,105.5
1000727,1600,105.5781,106.4844,105.1562,106.0312
1000728,1600,106.2656,106.5,104.5312,105.0
1000731,1600,105.4375,106.0,104.875,105.0
1000801,1600,105.5312,106.3125,105.0469,106.0
1000802,1600,105.9062,107.25,105.875,107.0
1000803,1600,106.0938,107.4844,106.0469,106.9375
1000804,1600,107.125,107.7344,106.6406,107.5
1000807,1600,107.7812,109.0312,107.3594,108.625
1000808,1600,108.5625,109.9688,108.3438,109.6562
1000809,1600,109.4062,109.7969,108.9062,109.125
1000810,1600,109.0156,109.5938,108.8438,109.2188
1000811,1600,109.2188,110.7812,109.1562,110.3438
1000814,1600,110.2812,111.9688,110.0938,111.7188
1000815,1600,111.4844,111.5,110.625,110.9375
1000816,1600,111.0312,111.3125,109.7656,111.0625
1000817,1600,110.0156,111.1094,110.0156,110.8438
1000818,1600,110.9375,110.9375,109.9688,110.4375
1000821,1600,110.9375,111.125,110.2188,111.125
1000822,1600,111.0781,112.0,111.0,111.5469
1000823,1600,111.1875,111.875,110.6562,111.5
1000824,1600,111.4062,112.125,111.1562,112.0312
1000825,1600,111.875,112.25,111.5312,112.2344
1000828,1600,112.2344,113.3281,112.0781,112.6875
1000829,1600,112.4375,112.625,112.0,112.5312
1000830,1600,111.6875,112.25,110.9375,111.1562
1000831,1600,111.5,113.2344,111.4375,112.4688
1000901,1600,112.9375,113.25,112.3281,112.5312
1000905,1600,111.9375,113.125,111.8125,112.8594
1000906,1600,113.0312,114.0938,113.0312,113.1875
1000907,1600,112.7812,113.25,112.2656,112.7812
1000908,1600,112.2656,112.7812,111.8906,112.0938
1000911,1600,111.9688,113.0,111.4062,112.125
1000912,1600,111.9375,113.0625,111.1562,112.9062
1000913,1600,112.1875,112.5,111.5781,112.0625
1000914,1600,112.1875,112.4688,110.7188,111.0156
1000915,1600,110.7812,111.0,108.9688,109.0
1000918,1600,109.4375,109.4688,107.8594,108.25
1000919,1600,108.4375,108.4375,107.5938,107.9688
1000920,1600,108.0,108.375,105.5312,106.9375
1000921,1600,106.5625,108.0,106.25,106.25
1000922,1600,106.1875,108.875,106.0,108.75
1000925,1600,108.625,108.9688,107.7812,108.0938
1000926,1600,107.75,107.9062,106.1562,106.1562
1000927,1600,106.875,106.9062,105.7812,106.5156
1000928,1600,106.3906,108.625,106.3281,108.3438
1000929,1600,107.9375,108.125,106.625,106.625
1001002,1600,106.9844,107.3594,106.3438,107.0938
1001003,1600,107.4062,108.7812,107.0,107.0312
1001004,1600,107.5625,108.625,107.1562,107.8906
1001005,1600,107.9531,108.5625,107.1875,107.4688
1001006,1600,107.25,107.9688,105.2188,106.1875
1001009,1600,106.0312,106.5312,105.5781,105.7969
1001010,1600,106.0,106.3906,104.875,104.9062
1001011,1600,104.7812,105.8125,103.5625,104.4062
1001012,1600,104.3906,104.3906,100.2656,100.375
1001013,1600,100.0781,102.25,100.0781,101.875
1001016,1600,102.2344,102.9375,102.0156,102.7031
1001017,1600,102.9688,103.1562,100.375,100.5938
1001018,1600,99.0,100.8125,96.75,99.7812
1001019,1600,101.25,101.875,100.5156,101.8438
1001020,1600,100.875,102.6875,100.8125,102.375
1001023,1600,102.625,103.6094,102.2812,103.1406
1001024,1600,103.25,104.3594,102.8438,103.4375
1001025,1600,103.5625,104.6875,102.7188,102.8906
1001026,1600,103.0938,104.7188,102.5156,103.6875
1001027,1600,104.3125,106.4062,103.75,106.1875
1001030,1600,105.8125,108.6875,105.8125,108.1875
1001031,1600,108.9219,109.9219,107.8438,109.4062
1001101,1600,109.1562,109.9219,108.4375,109.1562
1001102,1600,109.2188,109.625,108.625,108.6406
1001103,1600,109.0,109.0,107.5781,108.2188
1001106,1600,108.4688,110.125,108.2188,110.0312
1001107,1600,109.875,110.0625,109.3438,109.75
1001108,1600,110.0938,110.2188,108.7656,108.7656
1001109,1600,107.9375,108.9688,106.25,108.2188
1001110,1600,107.5938,107.8438,106.0,106.125
1001113,1600,105.0,106.2344,103.75,105.4375
1001114,1600,106.125,107.9375,106.0,107.3125
1001115,1600,106.875,108.25,106.5156,107.3125
1001116,1600,106.7812,107.875,106.4375,106.625
1001117,1600,106.4531,108.0625,105.5312,106.2344
1001120,1600,105.8125,106.0,104.5,104.6875
1001121,1600,104.9688,105.875,104.1875,105.375
1001122,1600,104.625,105.125,103.75,103.875
1001124,1600,104.9844,105.25,104.5625,105.0625
1001127,1600,106.1875,106.4688,105.4688,105.875
1001128,1600,105.5,106.375,104.9375,105.2812
1001129,1600,105.5312,106.6875,105.0625,105.9688
1001130,1600,105.25,105.9375,102.875,104.4062
1001201,1600,104.9375,105.375,103.4062,103.8125
1001204,1600,103.125,106.2188,103.0938,105.9688
1001205,1600,107.0,109.3594,106.625,108.9375
1001206,1600,108.5156,108.8594,106.2656,106.7188
1001207,1600,106.625,107.125,105.7812,105.9844
1001208,1600,107.6562,108.4688,104.3438,104.5312
1001211,1600,106.625,108.1875,106.625,107.5938
1001212,1600,107.0312,108.6719,107.0312,108.125
1001213,1600,108.9219,109.4375,107.8281,108.0625
1001214,1600,107.3125,107.6562,106.2812,106.6719
1001215,1600,105.75,106.25,103.7656,103.7656
1001218,1600,105.4375,106.7969,105.4062,106.6406
1001219,1600,106.5312,107.9062,105.5625,105.6094
1001220,1600,104.0938,104.9062,102.9531,102.9531
1001221,1600,102.8438,105.25,102.7812,104.9375
1001222,1600,105.5,106.9688,105.2188,106.9688
1001226,1600,106.9531,107.5625,105.9688,107.5
1001227,1600,107.0,108.4375,106.3125,108.4375
1001228,1600,107.9375,109.0,107.7188,108.75
1001229,1600,109.1562,109.1562,106.7812,106.7812
1010102,1600,107.1875,107.75,105.5938,106.4062
1010103,1600,106.4062,112.5,105.625,109.5312
1010104,1600,109.1406,110.4062,108.75,109.2344
1010105,1600,108.1875,108.4062,106.25,106.2812
1010108,1600,106.0,107.125,105.125,106.3125
1010109,1600,106.9375,106.9688,105.1562,105.4375
1010110,1600,105.125,106.5938,104.5938,106.5938
1010111,1600,106.375,106.5312,105.25,105.9375
1010112,1600,105.5312,106.25,104.625,105.3438
1010116,1600,105.25,106.7812,104.8125,106.4375
1010117,1600,107.2344,107.375,105.4531,105.9688
1010118,1600,106.3125,107.4844,105.5938,106.7188
1010119,1600,107.125,107.125,105.5625,105.5625
1010122,1600,105.75,106.4375,105.0625,106.125
1010123,1600,105.625,106.9219,105.5312,106.5
1010124,1600,106.5312,106.9688,106.2188,106.3438
1010125,1600,106.6875,107.9375,106.4375,107.3125
1010126,1600,107.125,107.5938,106.1875,106.625
1010129,1600,106.61,107.36,106.15,107.1
1010130,1600,107.24,109.05,106.8,108.73
1010131,1600,109.0,109.5,108.3,108.67
1010201,1600,108.72,110.25,108.4,110.02
1010202,1600,109.8,110.39,108.5,108.63
1010205,1600,108.87,109.89,108.75,109.8
1010206,1600,109.3,110.48,109.3,109.58
1010207,1600,109.49,110.24,109.11,109.62
1010208,1600,109.85,109.88,108.71,108.73
1010209,1600,108.5,109.0,107.67,108.02
1010212,1600,108.08,109.69,108.03,109.63
1010213,1600,109.7,110.4,109.04,109.28
1010214,1600,109.36,109.36,108.01,108.28
1010215,1600,108.7,109.43,108.31,109.34
1010216,1600,107.78,108.54,107.21,108.15
1010220,1600,108.4,109.1,107.31,107.45
1010221,1600,107.15,107.49,105.1,105.3
1010222,1600,105.6,105.85,103.8,105.65
1010223,1600,105.1,105.2,103.0,104.55
1010226,1600,104.9,106.7,104.26,106.7
1010227,1600,106.28,107.2,105.6,106.6
1010228,1600,106.75,107.1,104.27,105.0
1010301,1600,104.45,105.1,103.11,104.68
1010302,1600,103.52,105.99,103.01,104.8
1010305,1600,105.25,105.89,104.89,105.57
1010306,1600,106.5,107.14,105.81,106.15
1010307,1600,106.8,107.6,106.3,107.45
1010308,1600,107.01,108.78,107.01,108.61
1010309,1600,108.0,108.0,105.75,106.15
1010312,1600,105.45,107.84,101.4,101.9
1010313,1600,102.55,103.25,101.1,102.86
1010314,1600,100.25,102.3,99.13,100.19
1010315,1600,101.24,101.32,99.9,100.4
1010316,1600,99.65,100.61,98.15,98.38
1010319,1600,98.91,100.0,97.91,99.75
1010320,1600,100.05,100.7,96.95,96.96
1010321,1600,96.96,97.32,94.5,94.8
1010322,1600,94.5,95.04,91.0,93.45
1010323,1600,94.49,95.49,93.3,95.3
1010326,1600,96.0,97.45,95.79,97.2
1010327,1600,96.7,99.6,96.4,99.19
1010328,1600,98.4,98.73,97.0,97.66
1010329,1600,97.05,98.97,96.8,98.14
1010330,1600,98.32,99.29,97.55,99.14
1010402,1600,98.4,99.97,97.02,97.39
1010403,1600,97.05,97.2,94.25,94.3
1010404,1600,94.5,96.65,93.76,95.31
1010405,1600,97.24,99.49,97.1,99.39
1010406,1600,98.5,98.8,97.05,98.2
1010409,1600,99.44,99.49,97.71,98.82
1010410,1600,98.3,101.79,98.3,100.97
1010411,1600,102.49,102.5,99.6,100.18
1010412,1600,99.5,101.73,99.0,101.7
1010416,1600,101.0,101.97,100.5,100.98
1010417,1600,100.77,102.45,100.71,102.25
1010418,1600,103.25,107.45,103.11,106.42
1010419,1600,106.4,107.23,105.7,107.18
1010420,1600,106.0,106.67,105.26,105.95
1010423,1600,105.35,105.85,104.8,105.15
1010424,1600,105.61,106.48,104.45,104.8
1010425,1600,105.1,106.55,104.45,106.46
1010426,1600,106.7,107.79,106.29,107.02
1010427,1600,107.65,108.29,107.1,108.23
1010430,1600,108.49,109.12,107.1,107.22
1010501,1600,107.45,109.1,107.3,109.0
1010502,1600,109.05,109.49,107.96,108.69
1010503,1600,108.0,108.19,107.27,108.14
1010504,1600,106.95,109.81,106.77,109.8
1010507,1600,109.45,110.03,108.95,109.22
1010508,1600,109.64,109.64,108.2,108.81
1010509,1600,108.3,109.32,108.1,108.61
1010510,1600,109.74,109.95,109.11,109.26
1010511,1600,109.11,109.37,107.84,108.53
1010514,1600,108.35,108.99,108.11,108.99
1010515,1600,109.1,109.75,108.14,109.22
1010516,1600,108.4,112.65,108.35,112.46
1010517,1600,112.4,113.64,112.15,112.88
1010518,1600,112.55,113.17,112.06,113.15
1010521,1600,113.0,113.6,112.15,113.3
1010522,1600,113.45,113.45,112.47,112.67
1010523,1600,112.3,112.5,111.06,111.1
1010524,1600,111.45,111.85,110.55,111.28
1010525,1600,111.35,111.35,110.01,110.15
1010529,1600,110.45,110.8,109.76,110.41
1010530,1600,110.02,110.59,108.65,109.0
1010531,1600,109.25,109.93,108.75,109.08
1010601,1600,109.5,110.45,108.4,110.45
1010604,1600,110.25,110.92,109.5,110.67
1010605,1600,110.7,112.18,110.45,111.96
1010606,1600,111.85,111.94,110.71,111.05
1010607,1600,110.45,111.12,110.15,110.91
1010608,1600,110.8,110.8,109.35,109.75
1010611,1600,109.55,109.85,108.8,109.35
1010612,1600,108.69,110.0,107.95,109.53
1010613,1600,109.75,110.25,108.76,108.81
1010614,1600,108.35,108.35,106.53,106.6
1010615,1600,106.4,107.29,105.65,106.7
1010618,1600,106.4,107.2,106.2,107.0
1010619,1600,107.25,107.56,105.65,106.18
1010620,1600,105.95,107.14,105.67,106.73
1010621,1600,106.35,107.75,106.0,107.14
1010622,1600,106.95,106.95,105.8,106.24
1010625,1600,106.57,106.6,104.77,105.06
1010626,1600,104.6,105.5,104.01,104.62
1010627,1600,104.88,105.4,104.06,104.5
1010628,1600,105.07,106.83,105.0,105.69
1010629,1600,105.85,106.2,105.16,105.24
1010702,1600,104.78,106.58,104.55,106.21
1010703,1600,105.95,106.05,105.35,106.05
1010705,1600,105.25,105.74,104.65,104.65
1010706,1600,104.63,104.63,102.32,102.56
1010709,1600,102.95,103.39,102.32,102.85
1010710,1600,103.4,103.5,101.7,101.77
1010711,1600,102.03,102.93,101.34,102.55
1010712,1600,103.45,105.3,103.21,105.15
1010713,1600,104.75,105.7,104.4,105.68
1010716,1600,105.46,105.84,104.57,105.05
1010717,1600,104.6,106.49,104.45,106.15
1010718,1600,105.35,106.08,104.9,105.6
1010719,1600,106.78,107.0,105.4,106.4
1010720,1600,105.55,106.07,105.35,105.8
1010723,1600,106.22,106.33,103.75,103.9
1010724,1600,103.8,104.17,102.0,102.65
1010725,1600,102.7,104.24,102.57,103.95
1010726,1600,103.7,104.74,102.85,104.64
1010727,1600,104.55,104.7,103.81,104.35
1010730,1600,104.65,104.65,103.63,104.07
1010731,1600,104.25,106.05,104.16,105.03
1010801,1600,105.78,106.06,104.87,105.29
1010802,1600,106.25,106.25,105.23,105.6
1010803,1600,105.7,105.7,104.36,105.38
1010806,1600,105.0,105.08,103.85,103.94
1010807,1600,104.1,104.88,103.73,104.56
1010808,1600,104.19,104.93,102.7,102.96
1010809,1600,102.99,103.25,102.13,103.15
1010810,1600,102.93,104.46,102.02,104.23
1010813,1600,104.2,104.55,103.75,104.19
1010814,1600,104.5,104.97,103.97,104.31
1010815,1600,104.31,104.84,103.52,103.57
1010816,1600,103.32,104.25,102.89,104.25
1010817,1600,103.15,103.62,101.88,102.5
1010820,1600,102.4,103.6,102.15,103.58
1010821,1600,103.5,103.89,101.46,101.5
1010822,1600,102.2,103.23,101.45,102.88
1010823,1600,102.65,103.04,102.23,102.45
1010824,1600,102.75,104.97,102.38,104.63
1010827,1600,104.5,104.61,103.91,103.91
1010828,1600,103.99,103.99,102.25,102.32
1010829,1600,102.7,102.85,100.9,101.19
1010830,1600,100.54,101.46,98.83,99.26
1010831,1600,99.4,100.67,99.07,99.88
1010904,1600,99.7,102.07,99.36,99.97
1010905,1600,100.0,100.95,99.01,100.56
1010906,1600,99.8,100.2,98.33,98.35
1010907,1600,97.61,98.23,95.7,95.85
1010910,1600,95.17,96.96,95.05,96.45
1010917,1600,90.5,92.3,88.95,89.1
1010918,1600,89.75,90.5,88.2,89.4
1010919,1600,89.43,89.8,84.9,87.47
1010920,1600,86.5,86.9,83.5,83.65
1010921,1600,80.05,85.0,79.5,82.8
1010924,1600,85.46,86.69,84.5,86.2
1010925,1600,86.25,87.2,85.05,86.9
1010926,1600,87.39,87.5,85.3,86.05
1010927,1600,86.0,86.99,84.8,86.75
1010928,1600,87.25,88.74,87.05,88.35
1011001,1600,87.85,88.7,87.35,88.68
1011002,1600,88.32,89.7,88.04,89.7
1011003,1600,88.75,91.65,88.65,91.2
1011004,1600,91.9,91.98,90.4,90.9
1011005,1600,90.5,91.5,89.57,91.12
1011008,1600,90.2,91.62,90.05,90.7
1011009,1600,90.99,91.1,90.15,90.63
1011010,1600,90.2,92.79,90.07,92.55
1011011,1600,93.1,94.55,92.95,94.2
1011012,1600,93.2,93.99,92.0,93.59
1011015,1600,93.0,93.7,92.47,93.57
1011016,1600,93.9,94.3,93.03,93.95
1011017,1600,95.1,95.18,92.01,92.01
1011018,1600,92.25,92.57,91.45,91.99
1011019,1600,91.65,92.35,90.85,91.9
1011022,1600,91.9,94.15,91.7,94.05
1011023,1600,94.4,94.54,92.8,93.6
1011024,1600,93.65,94.0,92.85,93.45
1011025,1600,92.5,94.99,91.74,94.98
1011026,1600,94.43,96.1,94.25,95.24
1011029,1600,95.05,95.51,92.05,93.06
1011030,1600,92.1,92.15,90.68,91.15
1011031,1600,91.92,92.43,90.6,90.68
1011101,1600,91.15,92.99,90.15,92.5
1011102,1600,92.5,93.57,92.12,93.41
1011105,1600,94.25,94.87,94.1,94.5
1011106,1600,94.25,96.15,93.85,96.15
1011107,1600,95.38,96.6,95.26,95.75
1011108,1600,96.3,97.4,95.66,96.23
1011109,1600,95.77,96.5,95.28,96.31
1011112,1600,95.2,96.12,94.0,95.53
1011113,1600,96.79,97.85,96.61,97.8
1011114,1600,98.45,98.89,97.58,98.55
1011115,1600,98.3,99.25,98.21,99.14
1011116,1600,99.16,99.34,98.01,98.87
1011119,1600,99.45,100.14,98.9,100.1
1011120,1600,99.7,99.99,99.05,99.13
1011121,1600,99.1,99.1,98.12,98.4
1011123,1600,98.55,99.95,98.45,99.9
1011126,1600,99.95,100.15,99.1,99.8
1011127,1600,99.5,100.14,98.41,98.92
1011128,1600,98.42,98.49,97.16,97.3
1011129,1600,97.55,98.81,97.06,98.8
1011130,1600,98.42,99.15,98.1,98.59
1011203,1600,98.1,98.1,97.21,97.8
1011204,1600,98.3,99.45,97.58,99.45
1011205,1600,99.73,101.7,99.6,101.2
1011206,1600,101.22,101.95,101.0,101.3
1011207,1600,100.82,101.24,100.17,100.9
1011210,1600,100.35,101.0,99.35,99.4
1011211,1600,99.79,100.49,98.8,99.05
1011212,1600,99.4,99.65,98.11,99.23
1011213,1600,98.3,98.79,97.52,97.6
1011214,1600,97.81,98.79,97.6,98.6
1011217,1600,98.35,99.6,98.34,99.3
1011218,1600,99.86,100.4,99.61,100.4
1011219,1600,99.6,101.17,99.36,101.16
1011220,1600,100.8,101.07,100.1,100.21
1011221,1600,100.55,100.77,100.01,100.5
1011224,1600,100.52,100.78,100.4,100.49
1011226,1600,100.49,101.8,100.46,101.13
1011227,1600,101.12,101.55,100.89,101.49
1011228,1600,101.7,101.94,101.13,101.16
1011231,1600,101.34,101.47,99.66,99.8
1020102,1600,100.48,100.9,99.4,100.85
1020103,1600,100.8,101.99,100.63,101.95
1020104,1600,102.36,102.95,102.02,102.82
1020107,1600,102.87,103.14,101.89,102.14
1020108,1600,101.8,102.25,101.3,101.74
1020109,1600,101.95,102.99,100.72,100.86
1020110,1600,100.95,101.16,100.4,100.9
1020111,1600,100.92,101.1,99.85,100.07
1020114,1600,99.74,99.86,98.91,99.15
1020115,1600,99.35,99.98,98.72,99.5
1020116,1600,98.6,99.0,97.05,97.14
1020117,1600,97.84,98.75,97.52,98.23
1020118,1600,97.48,98.38,97.0,97.9
1020122,1600,98.34,98.55,97.0,97.28
1020123,1600,97.45,97.83,96.88,97.4
1020124,1600,97.94,98.66,97.76,98.08
1020125,1600,97.66,99.06,97.57,98.48
1020128,1600,98.86,99.04,98.01,98.88
1020129,1600,98.95,99.21,96.1,96.19
1020130,1600,96.5,97.88,95.3,97.84
1020131,1600,98.05,99.31,97.79,99.24
1020201,1600,99.11,99.56,98.64,99.28
1020204,1600,99.1,99.1,96.78,97.0
1020205,1600,96.55,97.84,96.1,96.8
1020206,1600,97.03,97.48,96.15,96.63
1020207,1600,96.73,97.6,96.15,96.17
1020208,1600,96.6,97.72,95.85,97.62
1020211,1600,97.6,99.11,97.34,98.85
1020212,1600,98.46,99.24,98.2,98.79
1020213,1600,99.16,100.19,98.99,100.05
1020214,1600,100.4,100.79,99.75,100.3
1020215,1600,100.1,100.18,99.03,99.15
1020219,1600,98.6,98.9,97.37,97.52
1020220,1600,97.97,99.92,97.4,99.82
1020221,1600,99.37,100.46,98.35,98.38
1020222,1600,98.5,100.25,98.04,99.98
1020225,1600,100.06,101.94,99.98,101.61
1020226,1600,101.75,102.1,100.35,101.12
1020227,1600,101.9,102.7,100.65,101.65
1020228,1600,101.85,102.61,101.1,101.1
1020301,1600,101.79,104.0,101.24,103.84
1020304,1600,104.2,106.25,104.08,105.92
1020305,1600,105.35,106.2,104.34,104.78
1020306,1600,104.64,106.3,104.6,105.93
1020307,1600,106.49,106.5,104.85,105.62
1020308,1600,106.49,106.89,105.5,105.99
1020311,1600,105.75,106.72,105.33,106.11
1020312,1600,105.28,106.65,105.13,106.63
1020313,1600,105.97,106.18,104.9,105.32
1020314,1600,105.33,105.79,104.96,105.38
1020315,1600,105.5,106.18,105.17,106.15
1020318,1600,106.35,106.78,105.27,105.65
1020319,1600,106.4,106.85,106.0,106.69
1020320,1600,105.93,105.93,104.93,104.94
1020321,1600,105.0,106.06,103.61,104.57
1020322,1600,104.76,105.04,103.96,104.23
1020325,1600,104.19,104.59,102.84,103.0
1020326,1600,102.86,104.42,102.8,103.77
1020327,1600,103.55,104.65,103.4,104.3
1020328,1600,104.6,105.12,103.7,103.71
1020401,1600,103.36,103.9,102.67,103.36
1020402,1600,102.98,103.35,102.68,103.16
1020403,1600,103.56,103.56,101.45,102.34
1020404,1600,101.95,102.78,101.63,102.23
1020405,1600,103.02,103.48,102.24,102.94
1020408,1600,101.3,102.76,101.1,102.7
1020409,1600,103.17,103.22,102.06,102.27
1020410,1600,102.42,104.13,102.36,103.9
1020411,1600,103.43,103.82,101.62,101.75
1020412,1600,102.4,102.55,101.51,101.99
1020415,1600,102.22,102.44,100.75,101.02
1020416,1600,102.27,103.23,102.01,103.14
1020417,1600,103.42,103.42,102.0,102.41
1020418,1600,102.4,102.75,100.62,101.98
1020419,1600,102.85,102.91,102.2,102.6
1020422,1600,102.2,102.46,101.11,101.38
1020423,1600,101.55,101.89,100.72,101.12
1020424,1600,101.12,101.74,100.25,100.25
1020425,1600,100.0,100.6,99.3,100.5
1020426,1600,100.9,103.0,98.75,98.84
1020429,1600,99.35,99.5,98.13,98.2
1020430,1600,98.67,100.2,98.27,99.49
1020501,1600,99.64,101.06,98.35,100.94
1020502,1600,100.69,101.35,100.41,101.06
1020503,1600,100.73,100.89,99.45,99.96
1020506,1600,99.96,100.34,97.96,98.1
1020507,1600,98.84,99.39,98.08,98.2
1020508,1600,99.89,101.68,99.81,101.28
1020509,1600,101.06,101.58,100.25,100.5
1020510,1600,100.72,100.79,99.28,99.49
1020513,1600,99.92,101.25,99.33,101.24
1020514,1600,102.75,103.2,102.15,103.1
1020515,1600,102.66,103.73,102.39,102.93
1020516,1600,102.64,103.41,101.95,103.18
1020517,1600,103.22,103.64,102.64,103.43
1020520,1600,103.08,103.18,102.17,102.49
1020521,1600,102.8,102.95,100.92,101.38
1020522,1600,101.01,101.75,100.72,101.59
1020523,1600,102.0,102.43,101.0,102.26
1020524,1600,102.0,102.4,100.92,101.02
1020528,1600,101.34,101.35,99.76,100.14
1020529,1600,99.66,100.06,99.31,99.35
1020530,1600,98.96,99.71,98.21,99.34
1020531,1600,99.85,100.66,99.2,99.25
1020603,1600,99.28,100.11,96.91,96.95
1020604,1600,96.98,97.7,96.11,97.11
1020605,1600,97.28,98.3,97.1,98.23
1020606,1600,98.12,98.2,96.13,96.53
1020607,1600,95.32,96.65,94.87,96.22
1020610,1600,96.25,97.39,95.74,96.69
1020611,1600,97.15,97.85,95.25,95.37
1020612,1600,95.14,96.62,94.68,96.49
1020613,1600,96.06,96.56,95.1,95.38
1020614,1600,94.01,95.14,92.56,95.0
1020617,1600,95.55,97.2,95.4,97.07
1020618,1600,96.75,98.0,96.58,97.9
1020619,1600,96.51,97.68,94.91,95.81
1020620,1600,95.64,96.12,94.42,94.47
1020621,1600,93.77,94.41,92.15,92.82
1020624,1600,92.01,94.0,90.82,93.15
1020625,1600,93.74,94.24,91.05,91.17
1020626,1600,89.36,91.99,89.05,91.23
1020627,1600,92.16,92.88,90.3,92.86
1020628,1600,92.62,93.79,92.43,92.53
1020701,1600,92.67,93.37,91.0,91.06
1020702,1600,91.04,91.58,89.7,90.25
1020703,1600,89.8,90.92,89.1,90.63
1020705,1600,91.6,94.17,91.49,94.17
1020708,1600,93.65,94.19,92.5,92.96
1020709,1600,92.78,93.49,90.91,91.19
1020710,1600,91.55,91.6,88.0,88.3
1020711,1600,87.61,88.8,86.17,88.14
1020712,1600,88.5,88.7,86.11,86.65
1020715,1600,86.41,86.97,82.5,86.79
1020716,1600,85.5,86.56,84.16,85.05
1020717,1600,86.62,87.5,84.55,85.46
1020718,1600,85.56,86.45,83.85,83.85
1020719,1600,82.59,83.1,79.6,80.0
1020722,1600,79.37,81.49,77.1,78.06
1020723,1600,78.33,79.21,76.76,77.17
1020724,1600,75.75,82.5,75.28,82.1
1020725,1600,81.75,83.2,79.25,81.78
1020726,1600,82.55,82.95,81.16,82.85
1020729,1600,84.4,87.38,84.28,86.72
1020730,1600,86.35,87.75,85.41,87.05
1020731,1600,86.63,87.39,85.39,87.15
1020801,1600,86.86,87.27,84.76,84.87
1020802,1600,84.7,85.15,82.03,83.2
1020805,1600,82.9,83.25,80.3,80.47
1020806,1600,82.05,84.33,81.85,83.0
1020807,1600,84.01,84.85,82.25,84.65
1020808,1600,85.08,87.35,84.34,87.25
1020809,1600,86.55,88.24,85.82,87.6
1020812,1600,86.38,87.49,85.98,86.99
1020813,1600,86.53,87.69,84.72,84.95
1020814,1600,85.0,87.85,83.7,87.47
1020815,1600,88.05,88.95,87.03,88.33
1020816,1600,87.62,88.56,87.12,87.73
1020819,1600,87.53,90.13,87.5,89.92
1020820,1600,89.32,89.64,88.25,89.0
1020821,1600,89.45,90.0,88.01,89.95
1020822,1600,89.75,91.0,89.35,90.63
1020823,1600,89.89,91.0,88.4,88.72
1020826,1600,88.99,89.72,87.6,89.33
1020827,1600,89.98,90.44,87.95,88.5
1020828,1600,87.76,87.99,86.58,87.08
1020829,1600,86.2,87.64,85.06,86.75
1020830,1600,86.2,88.03,86.05,86.52
1020903,1600,85.52,85.66,83.11,83.16
1020904,1600,83.59,84.79,82.95,84.14
1020905,1600,83.13,83.95,82.15,83.4
1020906,1600,84.31,85.0,83.9,84.52
1020909,1600,83.88,85.83,83.3,85.18
1020910,1600,85.77,86.5,85.18,86.49
1020911,1600,87.39,87.99,85.68,85.68
1020912,1600,85.32,85.42,83.74,84.14
1020913,1600,83.44,83.87,82.7,83.53
1020916,1600,83.05,84.2,82.75,84.15
1020917,1600,85.02,85.29,81.99,82.16
1020918,1600,81.41,82.9,80.77,81.42
1020919,1600,80.49,81.49,79.5,79.64
1020920,1600,79.88,81.25,79.2,79.67
1020923,1600,79.02,79.23,77.95,78.8
1020924,1600,77.71,78.8,76.6,77.07
1020925,1600,78.05,79.09,76.65,78.66
1020926,1600,79.18,80.27,78.6,79.81
1020927,1600,79.21,79.5,76.85,76.85
1020930,1600,76.05,76.96,74.6,76.0
1021001,1600,76.67,80.05,75.95,80.0
1021002,1600,79.06,79.88,77.29,77.92
1021003,1600,78.48,79.4,77.0,77.38
1021004,1600,77.93,78.01,74.81,75.96
1021007,1600,75.23,76.65,74.14,74.74
1021008,1600,75.29,76.5,73.4,75.39
1021009,1600,74.03,74.74,72.9,73.12
1021010,1600,73.0,75.8,72.03,75.42
1021011,1600,76.75,79.21,76.54,78.99
1021014,1600,77.95,79.4,77.58,78.94
1021015,1600,81.5,82.85,81.1,82.8
1021016,1600,81.61,82.1,80.22,80.8
1021017,1600,83.34,83.79,82.1,82.84
1021018,1600,82.14,83.48,81.49,83.1
1021021,1600,82.5,85.64,82.34,85.42
1021022,1600,84.39,85.01,83.8,84.73
1021023,1600,84.0,85.24,83.0,85.23
1021024,1600,85.68,85.89,82.78,83.03
1021025,1600,82.82,84.69,82.55,84.63
1021028,1600,85.56,85.8,83.3,84.03
1021029,1600,83.71,84.2,81.85,83.71
1021030,1600,83.88,84.95,83.16,84.35
1021031,1600,84.59,85.15,83.43,83.75
1021101,1600,83.5,85.61,83.2,85.3
1021104,1600,86.58,87.5,85.6,85.7
1021105,1600,85.52,87.05,85.5,86.9
1021106,1600,87.48,88.15,85.91,88.05
1021107,1600,87.2,87.38,85.55,86.05
1021108,1600,85.92,86.94,85.14,85.28
1021111,1600,85.15,85.17,83.61,83.96
1021112,1600,84.26,85.34,83.8,84.3
1021113,1600,83.73,85.24,83.18,84.6
1021114,1600,85.21,85.8,84.35,85.65
1021115,1600,84.75,85.98,84.45,85.85
1021118,1600,86.5,86.76,84.9,84.91
1021119,1600,84.45,85.59,84.15,85.06
1021120,1600,84.7,86.97,84.56,86.93
1021121,1600,87.19,88.84,86.91,88.74
1021122,1600,88.25,88.99,88.1,88.19
1021125,1600,88.18,88.95,87.72,88.48
1021126,1600,87.94,88.6,86.85,86.9
1021127,1600,87.65,89.65,87.59,89.53
1021129,1600,89.7,89.8,88.82,88.9
1021202,1600,90.4,90.66,88.03,88.87
1021203,1600,88.2,88.39,87.41,87.93
1021204,1600,86.94,88.4,86.7,87.75
1021205,1600,87.97,88.15,86.29,86.62
1021206,1600,85.44,87.04,85.1,86.83
1021209,1600,85.97,86.26,84.76,84.76
1021210,1600,85.34,86.01,84.92,85.75
1021211,1600,85.49,86.5,85.13,85.99
1021212,1600,86.25,86.5,85.26,85.65
1021213,1600,84.84,85.45,84.37,84.37
1021216,1600,84.93,86.7,84.78,86.7
1021217,1600,86.13,86.69,85.48,85.57
1021218,1600,85.15,85.23,84.36,84.8
1021219,1600,84.37,85.38,83.56,84.01
1021220,1600,84.34,85.36,83.67,85.35
1021223,1600,84.82,85.99,84.68,85.14
1021224,1600,84.68,84.99,84.49,84.63
1021226,1600,84.9,85.7,84.1,84.55
1021227,1600,84.1,84.6,82.9,82.96
1021230,1600,83.3,83.79,82.6,83.35
1021231,1600,83.28,83.73,82.48,83.51
1030102,1600,84.15,86.33,83.95,86.18
1030103,1600,86.0,86.54,85.62,86.36
1030106,1600,86.3,88.19,86.06,87.67
1030107,1600,87.65,88.23,87.2,87.72
1030108,1600,87.2,87.2,85.91,86.17
1030109,1600,86.65,88.02,86.63,87.78
1030110,1600,86.92,88.38,86.7,87.99
1030113,1600,88.51,88.88,87.58,88.09
1030114,1600,87.8,88.58,87.14,88.44
1030115,1600,88.6,88.7,87.15,87.68
1030116,1600,87.75,88.23,86.87,87.3
1030117,1600,86.42,86.95,85.67,86.11
1030121,1600,86.35,86.4,84.45,84.68
1030122,1600,84.13,84.54,83.15,83.36
1030123,1600,83.7,84.03,82.69,83.44
1030124,1600,83.3,83.43,81.18,81.4
1030127,1600,80.8,81.8,79.61,80.15
1030128,1600,80.58,81.28,80.1,80.76
1030129,1600,80.16,81.72,79.52,81.08
1030130,1600,81.3,81.57,79.3,79.3
1030131,1600,79.14,81.03,79.14,80.84
1030203,1600,80.97,81.63,80.82,81.12
1030204,1600,80.39,80.75,79.4,80.48
1030205,1600,80.81,81.69,79.6,80.12
1030206,1600,79.74,80.15,79.0,79.67
1030207,1600,80.11,80.24,78.4,78.85
1030210,1600,78.96,79.53,78.1,79.43
1030211,1600,79.83,80.02,78.2,78.7
1030212,1600,78.52,78.84,77.71,77.73
1030213,1600,77.7,78.17,76.52,78.02
1030214,1600,78.1,79.62,77.47,79.6
1030218,1600,80.0,81.05,79.88,80.85
1030219,1600,80.53,80.73,79.7,80.54
1030220,1600,80.55,80.72,79.28,79.62
1030221,1600,79.53,80.55,78.55,80.24
1030224,1600,79.82,79.95,78.6,78.71
1030225,1600,77.95,79.4,77.22,79.33
1030226,1600,78.83,79.39,78.04,78.26
1030227,1600,78.68,79.46,77.9,79.04
1030228,1600,79.17,79.78,78.62,79.31
1030303,1600,79.68,79.93,78.33,78.59
1030304,1600,78.45,78.47,77.2,77.26
1030305,1600,77.05,77.89,76.75,77.84
1030306,1600,77.33,77.9,76.73,76.87
1030307,1600,75.95,77.58,75.78,77.55
1030310,1600,76.75,77.03,75.67,75.78
1030311,1600,75.95,76.57,75.23,75.35
1030312,1600,75.11,75.78,74.31,75.75
1030313,1600,76.8,78.5,76.33,78.44
1030314,1600,78.85,79.55,78.15,78.96
1030317,1600,78.28,81.75,77.86,81.46
1030318,1600,81.8,82.35,81.1,82.14
1030319,1600,82.34,83.0,81.39,82.92
1030320,1600,82.3,83.45,81.47,83.12
1030321,1600,83.82,85.36,83.3,85.13
1030324,1600,83.45,83.64,81.88,82.24
1030325,1600,82.27,83.49,81.85,82.81
1030326,1600,82.69,82.99,81.96,82.38
1030327,1600,81.62,82.61,81.17,82.03
1030328,1600,81.55,82.15,81.2,81.57
1030331,1600,80.4,80.9,79.38,79.82
1030401,1600,80.27,81.1,79.76,80.79
1030402,1600,82.24,83.34,82.18,82.75
1030403,1600,83.51,83.85,82.37,82.37
1030404,1600,83.07,83.25,82.3,82.89
1030407,1600,84.91,85.4,82.92,82.93
1030408,1600,83.17,83.56,82.73,83.2
1030409,1600,83.48,84.1,82.02,83.6
1030410,1600,82.31,82.47,81.56,82.46
1030411,1600,83.03,83.58,81.92,82.2
1030414,1600,82.39,83.85,82.25,83.84
1030415,1600,83.58,84.45,83.24,84.4
1030416,1600,84.65,84.65,82.52,82.7
1030417,1600,82.65,83.65,82.42,83.48
1030421,1600,83.66,84.1,83.11,83.53
1030422,1600,83.03,85.03,82.71,84.92
1030423,1600,85.13,85.42,84.58,85.22
1030424,1600,84.57,84.99,84.05,84.44
1030425,1600,84.2,84.37,82.85,83.16
1030428,1600,83.43,85.15,83.19,84.79
1030429,1600,85.13,85.7,84.45,85.11
1030430,1600,84.93,85.41,84.44,84.86
1030501,1600,84.75,84.93,83.5,84.61
1030502,1600,84.25,86.03,84.21,85.81
1030505,1600,86.0,86.19,85.1,85.5
1030506,1600,85.51,86.58,85.4,85.99
1030507,1600,85.6,86.46,85.21,85.86
1030508,1600,85.03,85.95,84.87,85.13
1030509,1600,85.36,86.29,85.2,86.17
1030512,1600,85.95,87.59,85.81,87.34
1030513,1600,87.03,87.39,86.61,87.04
1030514,1600,87.38,87.54,86.32,86.84
1030515,1600,87.2,87.7,86.66,87.32
1030516,1600,87.09,87.6,86.53,86.99
1030519,1600,86.28,87.15,84.9,85.17
1030520,1600,85.37,85.65,84.25,85.07
1030521,1600,84.9,85.43,84.51,85.2
1030522,1600,85.47,86.45,85.28,86.04
1030523,1600,85.99,86.43,85.61,86.23
1030527,1600,85.72,88.17,85.6,87.87
1030528,1600,88.17,88.75,87.91,88.0
1030529,1600,88.25,88.9,87.05,87.4
1030530,1600,87.77,88.98,87.71,88.84
1030602,1600,89.41,90.91,89.05,89.34
1030603,1600,89.05,89.69,88.8,89.55
1030604,1600,89.44,90.91,89.34,90.71
1030605,1600,90.13,90.77,89.94,90.74
1030606,1600,91.47,92.49,90.75,90.87
1030609,1600,90.41,90.94,89.7,90.23
1030610,1600,90.49,91.1,90.16,91.03
1030611,1600,91.01,92.23,90.74,92.11
1030612,1600,92.61,92.7,91.5,92.43
1030613,1600,92.4,92.53,91.05,91.58
1030616,1600,91.98,93.56,91.81,93.5
1030617,1600,93.84,93.95,93.01,93.46
1030618,1600,92.99,93.7,92.63,93.26
1030619,1600,93.3,93.51,91.84,92.12
1030620,1600,92.67,92.87,91.8,91.84
1030623,1600,91.84,91.89,90.49,90.9
1030624,1600,90.61,91.56,90.58,91.19
1030625,1600,91.11,91.73,90.08,90.09
1030626,1600,90.21,91.11,90.02,90.83
1030627,1600,90.86,91.2,89.78,89.87
1030630,1600,90.37,90.78,89.79,89.91
1030701,1600,89.59,90.67,88.85,90.58
1030702,1600,90.81,91.68,90.72,91.66
1030703,1600,91.0,91.67,90.25,90.7
1030707,1600,91.6,92.8,91.6,92.36
1030708,1600,92.06,92.55,91.76,92.46
1030709,1600,92.17,92.49,91.23,91.83
1030710,1600,91.24,91.34,90.11,90.59
1030711,1600,90.69,91.69,90.67,91.39
1030714,1600,92.57,93.0,91.5,91.85
1030715,1600,92.41,92.5,91.07,91.59
1030716,1600,91.81,91.81,90.57,91.28
1030717,1600,90.7,91.34,90.39,90.72
1030718,1600,91.09,91.96,90.8,91.83
1030721,1600,91.81,91.88,90.8,91.15
1030722,1600,91.32,91.94,90.45,91.66
1030723,1600,91.82,92.17,91.06,92.06
1030724,1600,92.68,92.97,91.15,91.24
1030725,1600,91.38,92.93,90.92,92.91
1030728,1600,93.06,93.15,92.4,92.66
1030729,1600,92.86,93.03,91.74,92.27
1030730,1600,92.48,92.58,91.75,92.16
1030731,1600,92.91,93.77,92.3,92.47
1030801,1600,92.49,92.55,91.5,91.79
1030804,1600,91.6,92.24,90.6,91.94
1030805,1600,91.76,92.05,90.03,90.03
1030806,1600,90.41,91.5,90.1,90.66
1030807,1600,90.8,91.55,90.43,91.55
1030808,1600,91.78,92.2,91.45,92.19
1030811,1600,92.05,92.66,91.6,92.44
1030812,1600,92.47,93.39,92.21,93.25
1030813,1600,93.5,93.65,92.55,93.03
1030814,1600,93.05,93.58,92.41,93.1
1030815,1600,93.15,93.52,92.9,93.33
1030818,1600,93.72,94.39,93.54,94.28
1030819,1600,94.37,94.61,93.62,94.49
1030820,1600,93.94,94.49,93.84,94.18
1030821,1600,94.59,95.05,94.1,94.44
1030822,1600,95.16,95.24,93.65,93.71
1030825,1600,93.52,94.0,93.01,93.48
1030826,1600,93.11,93.84,92.55,93.6
1030827,1600,93.46,93.71,93.25,93.53
1030828,1600,93.75,94.17,92.81,93.97
1030829,1600,93.77,94.45,93.69,94.41
1030902,1600,94.26,95.6,94.07,95.46
1030903,1600,95.61,96.23,95.36,96.02
1030904,1600,95.91,96.49,95.65,96.21
1030905,1600,95.69,95.95,94.86,95.38
1030908,1600,95.67,96.24,95.31,96.12
1030909,1600,95.78,95.99,95.15,95.45
1030910,1600,95.09,95.25,94.21,94.68
1030911,1600,94.74,95.34,94.53,94.97
1030912,1600,94.55,95.2,94.1,95.05
1030915,1600,95.13,95.21,94.25,94.83
1030916,1600,94.95,96.05,94.91,96.0
1030917,1600,96.02,96.24,95.71,95.95
1030918,1600,95.98,96.95,95.7,96.95
1030919,1600,96.73,96.99,96.21,96.47
1030922,1600,95.72,95.85,95.14,95.56
1030923,1600,95.62,95.98,95.16,95.77
1030924,1600,95.89,96.09,94.31,94.44
1030925,1600,94.57,94.74,93.22,93.25
1030926,1600,93.62,93.74,93.13,93.3
1030929,1600,93.51,94.11,93.05,93.92
1030930,1600,93.74,93.74,92.42,93.13
1031001,1600,93.42,94.88,93.32,94.81
1031002,1600,94.57,95.29,94.45,95.19
1031003,1600,96.32,96.86,95.7,95.92
1031006,1600,96.01,96.44,95.77,96.2
1031007,1600,95.8,96.7,95.55,96.69
1031008,1600,96.74,96.92,96.13,96.73
1031009,1600,97.45,97.9,96.65,97.14
1031010,1600,97.08,97.34,96.78,97.29
1031013,1600,97.5,98.02,97.46,97.9
1031014,1600,97.8,98.37,97.54,98.36
1031015,1600,98.8,98.83,97.85,98.22
1031016,1600,97.68,98.5,97.55,98.18
1031017,1600,98.25,98.37,97.14,97.3
1031020,1600,97.55,98.0,97.19,97.97
1031021,1600,97.8,97.97,97.4,97.6
1031022,1600,96.77,96.96,95.96,96.21
1031023,1600,95.65,96.5,95.64,95.95
1031024,1600,95.43,96.18,95.1,96.18
1031027,1600,96.45,96.77,96.06,96.29
1031028,1600,96.55,97.73,96.43,97.63
1031029,1600,97.34,98.02,97.29,97.87
1031030,1600,98.55,98.6,97.74,98.3
1031031,1600,98.23,98.55,97.97,98.03
1031103,1600,98.45,99.15,98.45,98.51
1031104,1600,98.59,98.9,98.38,98.58
1031105,1600,98.34,98.81,97.98,98.56
1031106,1600,98.35,98.96,97.95,98.93
1031107,1600,99.28,99.35,98.11,98.11
1031110,1600,98.34,98.5,97.6,97.81
1031111,1600,97.69,97.93,97.43,97.62
1031112,1600,97.73,98.95,97.66,98.8
1031113,1600,98.48,98.91,98.28,98.72
1031114,1600,98.72,99.31,97.74,97.97
1031117,1600,97.46,97.71,96.63,97.54
1031118,1600,97.8,97.9,96.47,96.6
1031119,1600,96.71,97.53,96.6,97.38
1031120,1600,96.66,97.7,96.53,96.54
1031121,1600,96.56,96.62,95.92,96.49
1031124,1600,96.79,97.65,96.77,97.47
1031125,1600,97.58,98.07,97.37,97.68
1031126,1600,98.08,98.15,97.15,97.9
1031128,1600,97.86,98.16,97.76,98.08
1031201,1600,98.33,99.16,98.33,99.1
1031202,1600,98.9,99.04,98.51,98.75
1031203,1600,99.0,99.59,98.85,98.95
1031204,1600,98.88,99.52,98.86,99.45
1031205,1600,99.15,99.33,98.59,98.8
1031208,1600,98.73,99.85,98.73,99.81
1031209,1600,100.0,100.15,99.28,99.44
1031210,1600,99.48,99.77,98.98,99.6
1031211,1600,99.58,100.43,99.52,100.38
1031212,1600,100.32,100.77,99.93,100.63
1031215,1600,101.7,101.78,100.2,100.45
1031216,1600,100.67,101.56,100.6,101.5
1031217,1600,101.34,101.86,101.11,101.86
1031218,1600,101.89,102.83,101.7,102.81
1031219,1600,103.04,103.07,102.38,102.74
1031222,1600,102.61,103.63,102.61,103.61
1031223,1600,103.4,103.87,103.07,103.46
1031224,1600,103.16,103.44,103.1,103.2
1031226,1600,103.25,103.52,103.2,103.27
1031229,1600,103.63,104.75,103.58,104.68
1031230,1600,104.53,104.74,104.16,104.33
1031231,1600,104.48,104.74,104.18,104.57
1040102,1600,105.04,105.47,103.99,104.37
1040105,1600,104.84,105.63,104.8,105.58
1040106,1600,105.25,105.66,105.14,105.5
1040107,1600,105.32,105.58,104.81,105.55
1040108,1600,105.97,106.06,105.51,106.01
1040109,1600,105.36,105.73,104.62,104.69
1040112,1600,104.81,105.2,104.6,105.17
1040113,1600,105.18,105.28,103.8,104.5
1040114,1600,104.86,105.74,104.78,105.67
1040115,1600,106.07,106.12,104.97,105.96
1040116,1600,106.06,106.16,105.51,106.12
1040120,1600,106.4,106.4,105.3,105.46
1040121,1600,105.51,106.64,105.03,106.3
1040122,1600,106.5,106.75,106.19,106.49
1040123,1600,106.57,106.59,105.36,105.86
1040126,1600,105.78,107.23,105.72,107.18
1040127,1600,107.17,107.22,106.25,106.29
1040128,1600,106.48,106.78,104.54,105.07
1040129,1600,105.45,105.45,104.35,105.08
1040130,1600,104.94,105.23,104.57,105.08
1040202,1600,105.2,105.86,104.53,105.3
1040203,1600,105.0,105.45,104.72,105.15
1040204,1600,104.7,105.44,104.61,104.78
1040205,1600,105.0,105.44,104.68,105.13
1040206,1600,105.23,106.15,104.83,106.01
1040209,1600,106.06,106.42,105.8,106.12
1040210,1600,105.95,106.56,105.82,106.25
1040211,1600,106.47,107.78,106.25,107.4
1040212,1600,107.36,107.58,107.19,107.3
1040213,1600,107.4,107.67,106.37,106.7
1040217,1600,107.24,107.66,107.1,107.51
1040218,1600,107.46,107.59,106.88,107.17
1040219,1600,107.65,107.92,106.95,107.1
1040220,1600,106.99,107.0,105.94,106.42
1040223,1600,106.65,106.68,105.74,106.23
1040224,1600,105.86,106.53,105.33,105.83
1040225,1600,105.72,106.33,105.71,106.19
1040226,1600,105.88,106.25,105.52,105.94
1040227,1600,106.01,106.66,105.74,106.07
1040301,1600,106.45,107.09,106.17,106.96
1040302,1600,106.66,106.83,105.85,106.1
1040303,1600,105.87,106.26,105.62,106.03
1040304,1600,106.11,106.22,105.79,105.89
1040305,1600,105.48,106.69,105.39,106.2
1040308,1600,106.26,106.54,105.16,105.19
1040309,1600,105.26,105.38,104.37,104.64
1040310,1600,104.83,104.9,102.77,102.83
1040311,1600,102.62,103.47,101.39,101.5
1040312,1600,101.85,102.66,101.76,102.5
1040315,1600,102.34,102.35,101.13,101.45
1040316,1600,101.89,102.36,101.23,102.14
1040317,1600,102.48,103.55,102.41,103.26
1040318,1600,102.92,103.53,102.35,103.31
1040319,1600,103.05,103.28,101.87,101.94
1040322,1600,101.3,101.32,100.19,100.72
1040323,1600,101.13,101.43,100.58,100.65
1040324,1600,100.78,101.21,100.12,100.71
1040325,1600,101.2,102.37,100.99,102.16
1040326,1600,102.1,102.85,101.87,102.2
1040329,1600,102.9,103.62,102.86,103.52
1040330,1600,103.35,104.06,103.2,104.0
1040331,1600,103.9,104.21,103.29,103.92
1040401,1600,103.6,104.37,103.56,104.08
1040402,1600,105.15,105.24,104.4,104.96
1040405,1600,104.94,105.81,104.77,105.66
1040406,1600,105.3,105.91,105.2,105.64
1040407,1600,105.65,105.67,104.84,105.3
1040408,1600,105.92,105.95,104.1,104.69
1040412,1600,104.88,105.47,104.86,105.31
1040413,1600,105.7,105.79,103.82,103.84
1040414,1600,103.46,104.36,103.33,104.22
1040415,1600,104.22,104.53,103.4,103.88
1040416,1600,104.26,104.75,103.86,104.66
1040419,1600,104.42,104.67,104.1,104.47
1040420,1600,104.77,104.99,102.85,103.03
1040421,1600,103.2,103.5,102.6,103.3
1040422,1600,103.2,105.17,103.12,104.81
1040423,1600,104.75,105.01,104.28,104.92
1040426,1600,104.93,105.34,104.36,104.95
1040427,1600,104.92,105.59,104.75,105.06
1040428,1600,104.75,104.75,103.5,103.77
1040429,1600,103.82,104.27,102.35,103.06
1040430,1600,103.3,103.55,102.35,102.35
1040503,1600,102.67,103.52,102.66,103.3
1040504,1600,103.36,104.14,102.88,103.13
1040505,1600,103.45,103.72,103.11,103.46
1040506,1600,102.82,103.18,101.91,102.6
1040507,1600,102.07,103.03,101.15,101.15
1040510,1600,100.61,101.0,99.52,99.91
1040511,1600,100.46,100.65,100.0,100.24
1040512,1600,100.12,101.04,98.81,100.99
1040513,1600,100.32,101.08,99.99,100.23
1040514,1600,100.2,101.0,99.72,100.45
1040517,1600,99.5,99.97,98.99,99.56
1040518,1600,99.85,100.24,99.6,99.97
1040519,1600,100.82,101.4,99.65,99.7
1040520,1600,99.88,100.15,99.42,100.02
1040521,1600,99.95,100.53,99.55,99.8
1040524,1600,100.42,100.63,99.42,99.86
1040525,1600,99.58,101.35,99.26,101.27
1040526,1600,101.0,101.45,100.86,101.35
1040527,1600,101.7,102.37,101.68,102.3
1040528,1600,102.21,102.3,101.84,102.18
1040601,1600,101.91,102.27,101.46,102.16
1040602,1600,102.4,103.06,102.09,102.84
1040603,1600,102.49,102.99,101.97,102.13
1040604,1600,102.76,103.2,102.41,102.66
1040607,1600,103.17,104.09,103.12,103.98
1040608,1600,103.73,104.49,103.67,104.47
1040609,1600,104.1,104.4,103.77,103.95
1040610,1600,104.1,104.25,103.94,104.25
1040614,1600,103.97,103.97,103.3,103.6
1040615,1600,104.23,104.51,103.65,104.11
1040616,1600,104.13,104.15,103.76,103.99
1040617,1600,103.85,104.13,103.59,103.95
1040618,1600,103.85,104.53,103.76,104.22
1040621,1600,104.25,104.55,103.75,103.81
1040622,1600,103.75,104.21,103.17,104.17
1040623,1600,103.97,105.03,103.73,104.93
1040624,1600,104.78,105.05,104.47,104.61
1040625,1600,104.54,104.99,103.92,104.05
1040628,1600,104.57,104.79,103.5,103.62
1040629,1600,103.7,104.45,103.57,104.3
1040630,1600,104.3,104.89,103.89,104.63
1040701,1600,104.48,104.65,102.94,103.26
1040702,1600,103.39,103.49,102.8,103.03
1040706,1600,102.71,102.91,102.06,102.34
1040707,1600,102.22,102.92,102.22,102.6
1040708,1600,102.36,102.9,101.86,102.07
1040709,1600,102.32,102.62,102.1,102.37
1040712,1600,102.3,102.79,101.8,102.57
1040713,1600,102.75,102.8,102.37,102.57
1040714,1600,102.14,103.09,101.92,102.28
1040715,1600,102.48,102.54,101.57,101.61
1040716,1600,102.43,102.49,101.46,101.7
1040719,1600,101.61,101.69,100.78,100.95
1040720,1600,101.17,102.15,100.86,101.9
1040721,1600,102.15,102.55,100.36,100.4
1040722,1600,100.17,100.97,99.63,100.52
1040723,1600,100.32,100.33,99.5,99.82
1040726,1600,100.07,100.25,99.31,99.78
1040727,1600,100.05,101.21,99.98,100.95
1040728,1600,100.79,101.69,100.07,101.38
1040729,1600,101.73,101.89,101.05,101.54
1040730,1600,101.4,101.8,101.06,101.75
1040802,1600,101.28,102.23,101.16,101.94
1040803,1600,101.78,101.94,101.16,101.25
1040804,1600,100.96,101.88,100.87,101.4
1040805,1600,101.5,101.5,99.65,99.72
1040806,1600,99.11,99.38,98.15,98.37
1040809,1600,98.43,98.84,98.31,98.42
1040810,1600,98.62,99.72,98.37,99.57
1040811,1600,99.18,99.86,98.72,99.71
1040812,1600,99.28,99.48,98.32,98.58
1040813,1600,98.7,98.9,98.17,98.7
1040816,1600,98.67,100.03,98.66,99.8
1040817,1600,100.2,100.59,99.86,100.25
1040818,1600,99.82,101.3,99.77,101.22
1040819,1600,101.01,101.18,100.32,100.85
1040820,1600,100.39,101.44,100.31,101.25
1040823,1600,101.27,101.45,100.81,100.9
1040824,1600,101.33,101.57,100.73,101.22
1040825,1600,101.2,102.16,100.79,101.88
1040826,1600,101.85,102.08,101.68,101.87
1040827,1600,101.91,102.25,101.72,102.16
1040830,1600,101.94,102.09,101.31,101.41
1040831,1600,101.45,101.91,100.9,101.89
1040901,1600,101.74,102.26,101.22,101.88
1040902,1600,101.85,103.24,101.82,103.04
1040903,1600,103.0,103.39,102.81,102.86
1040907,1600,103.25,103.82,103.12,103.64
1040908,1600,103.45,103.77,103.22,103.49
1040909,1600,103.37,103.57,102.87,103.0
1040910,1600,103.0,103.38,102.56,103.23
1040913,1600,103.46,103.72,103.18,103.5
1040914,1600,103.36,103.63,103.25,103.5
1040915,1600,103.15,103.2,102.52,102.54
1040916,1600,102.67,103.1,102.58,102.75
1040917,1600,102.87,103.3,102.69,103.01
1040920,1600,102.56,102.7,102.01,102.15
1040921,1600,102.39,102.88,102.14,102.37
1040922,1600,101.96,102.0,101.08,101.1
1040923,1600,101.18,101.22,100.4,100.45
1040924,1600,100.49,100.94,100.49,100.72
1040927,1600,100.38,100.58,100.0,100.16
1040928,1600,100.25,101.15,99.91,100.89
1040929,1600,100.77,101.49,100.62,101.47
1040930,1600,100.72,101.07,100.55,100.87
1041001,1600,101.34,102.19,101.22,102.16
1041004,1600,102.65,102.88,102.26,102.31
1041005,1600,102.32,102.37,101.73,102.04
1041006,1600,101.91,102.65,101.79,102.64
1041007,1600,102.41,102.43,101.43,101.44
1041008,1600,101.2,101.73,100.59,100.7
1041011,1600,100.96,101.25,100.91,101.14
1041012,1600,100.6,101.25,100.36,101.05
1041013,1600,101.43,101.47,99.77,100.08
1041014,1600,100.14,100.24,99.0,99.18
1041015,1600,99.42,99.95,99.07,99.47
1041018,1600,99.04,99.8,98.75,99.63
1041019,1600,99.98,100.37,99.02,99.1
1041020,1600,98.92,99.09,98.2,98.89
1041021,1600,98.99,99.25,98.2,98.94
1041022,1600,98.94,99.04,97.67,97.76
1041025,1600,97.52,97.97,97.27,97.68
1041026,1600,97.96,99.1,97.67,99.08
1041027,1600,98.95,100.37,98.62,100.14
1041028,1600,100.02,100.65,99.73,100.27
1041029,1600,100.12,100.64,100.09,100.38
1041101,1600,100.49,100.97,100.3,100.71
1041102,1600,100.79,101.53,100.29,100.53
1041103,1600,101.93,102.37,101.14,101.71
1041104,1600,101.57,103.45,101.5,103.32
1041105,1600,103.71,104.43,103.5,104.22
1041108,1600,104.03,104.33,103.82,104.29
1041109,1600,104.18,104.58,103.97,104.21
1041110,1600,104.27,104.81,104.15,104.39
1041111,1600,104.49,105.26,104.42,105.09
1041112,1600,105.19,105.76,105.0,105.65
1041115,1600,105.54,105.84,105.4,105.73
1041116,1600,105.43,105.47,104.94,105.13
1041117,1600,105.62,106.26,105.35,105.9
1041118,1600,105.92,106.1,105.73,106.0
1041119,1600,105.66,105.7,104.29,104.57
1041122,1600,104.37,105.0,104.23,104.8
1041123,1600,104.83,105.03,104.26,104.99
1041124,1600,105.02,105.15,104.71,105.03
1041126,1600,105.09,105.35,104.9,104.92
1041129,1600,105.37,105.51,104.02,104.47
1041130,1600,104.6,104.76,104.19,104.33
1041201,1600,104.63,105.86,104.57,105.67
1041202,1600,105.45,106.27,105.36,105.84
1041203,1600,105.66,106.39,105.56,105.69
1041206,1600,105.68,105.73,105.24,105.35
1041207,1600,105.47,105.63,104.37,104.41
1041208,1600,104.57,105.06,104.42,105.01
1041209,1600,104.53,105.6,104.16,105.38
1041210,1600,105.19,105.75,105.11,105.5
1041213,1600,105.9,106.46,105.53,106.45
1041214,1600,106.24,106.95,106.2,106.76
1041215,1600,106.62,107.06,106.35,106.85
1041216,1600,106.83,107.29,106.62,107.16
1041217,1600,106.36,106.98,106.22,106.53
1041220,1600,106.76,107.15,106.35,106.62
1041221,1600,106.75,107.47,106.61,107.42
1041222,1600,107.36,108.13,107.3,108.01
1041223,1600,108.12,108.55,108.03,108.15
1041227,1600,108.43,108.56,107.72,107.76
1041228,1600,107.88,108.47,107.8,108.4
1041229,1600,108.27,108.31,107.83,108.24
1041230,1600,108.25,108.41,107.77,107.85
1041231,1600,107.93,108.19,107.47,107.51
1050103,1600,108.15,108.59,106.93,107.32
1050104,1600,107.5,107.6,105.89,106.3
1050105,1600,106.3,106.78,105.71,105.71
1050106,1600,106.13,106.66,105.83,106.04
1050107,1600,106.33,106.5,105.63,105.84
1050110,1600,105.84,106.63,105.77,106.2
1050111,1600,105.9,105.91,105.27,105.52
1050112,1600,105.58,106.23,104.96,106.03
1050113,1600,105.96,106.1,104.81,104.95
1050114,1600,105.13,105.65,105.05,105.44
1050118,1600,105.25,106.29,105.0,106.16
1050119,1600,106.15,106.25,105.23,105.25
1050120,1600,105.06,105.48,104.58,104.76
1050121,1600,104.95,105.03,103.78,103.84
1050124,1600,104.11,104.31,103.62,103.75
1050125,1600,104.09,105.01,104.05,104.59
1050126,1600,104.92,105.25,104.68,104.79
1050127,1600,104.45,104.83,104.21,104.57
1050128,1600,104.54,104.65,103.76,104.44
1050131,1600,104.98,105.05,104.48,104.8
1050201,1600,105.02,105.64,104.84,105.4
1050202,1600,105.46,106.13,105.35,105.88
1050203,1600,105.7,105.95,105.44,105.9
1050204,1600,105.8,107.21,105.76,107.0
1050207,1600,106.93,107.27,106.91,107.01
1050208,1600,107.06,107.42,106.91,107.25
1050209,1600,107.42,107.48,106.63,106.74
1050210,1600,107.03,107.7,106.93,107.5
1050211,1600,107.42,108.39,107.14,108.09
1050214,1600,108.01,108.12,107.84,107.98
1050215,1600,108.06,108.61,107.92,108.47
1050216,1600,108.28,108.68,108.09,108.45
1050217,1600,108.46,108.56,107.67,107.72
1050218,1600,107.48,107.84,107.2,107.81
1050222,1600,107.33,107.67,105.99,106.01
1050223,1600,106.35,106.95,106.19,106.83
1050224,1600,106.58,107.55,106.36,107.41
1050225,1600,107.43,108.42,107.3,108.36
1050228,1600,108.11,108.98,107.26,107.7
1050301,1600,107.76,108.49,107.76,108.23
1050302,1600,107.81,108.69,107.74,108.07
1050303,1600,108.42,108.67,107.64,108.25
1050304,1600,108.91,109.61,108.65,109.54
1050307,1600,109.39,109.83,109.3,109.33
1050308,1600,109.29,109.52,108.96,109.16
1050309,1600,108.83,109.23,108.0,108.01
1050310,1600,108.21,108.73,107.74,108.47
1050311,1600,108.49,108.81,107.65,107.84
1050314,1600,107.95,108.16,107.58,108.14
1050315,1600,108.39,108.48,107.52,107.57
1050316,1600,106.95,107.11,106.19,106.35
1050317,1600,106.56,106.68,106.04,106.29
1050318,1600,106.38,106.44,105.44,105.96
1050321,1600,106.04,106.12,105.23,105.42
1050322,1600,105.54,106.03,104.5,104.53
1050323,1600,104.49,105.55,104.21,104.41
1050324,1600,104.72,105.15,104.35,104.44
1050328,1600,104.6,105.23,104.56,104.76
1050329,1600,104.61,105.13,103.86,104.07
1050330,1600,104.18,105.39,104.18,105.34
1050331,1600,105.17,105.32,104.8,104.99
1050401,1600,105.43,105.62,103.74,104.05
1050404,1600,104.08,104.82,103.46,104.22
1050405,1600,104.29,104.68,104.15,104.59
1050406,1600,104.8,105.24,104.72,105.02
1050407,1600,104.81,105.58,104.75,105.52
1050408,1600,105.45,105.54,104.52,104.54
1050411,1600,104.79,104.81,104.38,104.47
1050412,1600,104.2,105.3,103.56,104.99
1050413,1600,104.92,105.22,103.75,103.98
1050414,1600,104.1,104.17,102.39,102.4
1050415,1600,102.21,102.6,100.62,100.7
1050418,1600,100.62,101.01,100.11,100.55
1050419,1600,101.01,101.5,100.8,101.25
1050420,1600,101.51,101.78,99.89,100.14
1050421,1600,100.95,102.29,100.68,102.12
1050422,1600,101.9,102.16,100.62,101.83
1050425,1600,102.05,102.58,101.88,102.4
1050426,1600,102.06,102.62,101.43,101.51
1050427,1600,101.11,102.17,100.74,101.9
1050428,1600,101.64,101.83,100.52,100.52
1050429,1600,101.31,101.98,100.44,101.88
1050502,1600,102.24,102.6,101.86,102.58
1050503,1600,102.32,103.08,102.05,102.89
1050504,1600,103.01,103.93,102.67,103.77
1050505,1600,103.81,104.08,102.99,103.5
1050506,1600,103.92,104.05,103.4,103.43
1050509,1600,103.46,103.88,103.21,103.75
1050510,1600,103.36,103.49,102.5,102.7
1050511,1600,102.99,103.25,101.5,103.02
1050512,1600,103.02,103.34,101.93,101.93
1050513,1600,102.23,102.47,100.86,101.67
1050516,1600,101.62,102.71,101.59,102.64
1050517,1600,102.37,103.55,102.28,103.49
1050518,1600,103.92,105.06,103.86,104.84
1050519,1600,104.96,105.2,104.59,105.14
1050520,1600,104.83,104.85,104.12,104.63
1050523,1600,104.63,105.5,104.63,105.22
1050524,1600,104.92,105.13,104.63,104.83
1050525,1600,104.71,104.71,104.16,104.59
1050526,1600,104.99,105.35,104.84,105.27
1050527,1600,105.3,105.44,105.07,105.37
1050531,1600,105.32,105.35,104.57,104.63
1050601,1600,104.64,105.83,104.61,105.33
1050602,1600,105.11,105.56,105.04,105.47
1050603,1600,105.27,105.44,104.38,104.72
1050606,1600,104.66,104.99,104.25,104.63
1050607,1600,104.89,105.74,104.79,104.88
1050608,1600,105.27,105.41,104.57,104.8
1050609,1600,104.72,105.24,104.38,104.98
1050610,1600,105.14,105.38,104.48,105.17
1050613,1600,104.96,105.94,104.76,105.34
1050614,1600,105.28,105.91,105.19,105.57
1050615,1600,105.87,105.92,104.99,105.74
1050616,1600,105.7,106.02,105.46,105.78
1050617,1600,106.21,106.51,105.89,106.04
1050620,1600,105.68,106.27,105.54,105.96
1050621,1600,105.98,106.2,105.69,106.0
1050622,1600,106.21,106.33,105.67,106.02
1050623,1600,105.79,105.87,104.03,104.05
1050624,1600,103.99,104.02,102.78,102.86
1050627,1600,102.84,103.26,102.44,102.95
1050628,1600,103.18,104.0,103.17,103.98
1050629,1600,104.23,104.25,103.55,103.6
1050630,1600,103.94,104.07,102.56,102.75
1050701,1600,103.07,103.45,102.83,103.12
1050705,1600,102.85,103.87,102.8,103.63
1050706,1600,103.63,103.85,102.61,102.67
1050707,1600,101.75,103.2,101.73,103.14
1050708,1600,103.22,104.63,103.06,104.56
1050711,1600,104.63,105.38,104.63,105.24
1050712,1600,105.19,105.49,104.85,105.1
1050713,1600,105.31,105.66,105.15,105.63
1050714,1600,106.07,106.57,106.04,106.42
1050715,1600,106.35,106.46,105.91,106.29
1050718,1600,106.05,106.25,105.66,105.92
1050719,1600,106.45,106.59,106.11,106.5
1050720,1600,105.86,106.89,105.75,106.69
1050721,1600,106.91,106.99,106.02,106.19
1050722,1600,106.31,106.55,105.82,106.48
1050725,1600,106.52,106.85,105.86,106.13
1050726,1600,106.02,106.2,105.64,105.82
1050727,1600,106.09,106.46,105.74,106.35
1050728,1600,106.62,107.13,106.33,107.07
1050729,1600,107.02,107.16,106.39,106.63
1050801,1600,106.72,106.72,106.1,106.19
1050802,1600,106.47,107.0,106.36,106.71
1050803,1600,106.53,107.04,106.37,107.0
1050804,1600,106.65,106.73,106.01,106.12
1050805,1600,105.94,106.09,105.54,105.65
1050808,1600,105.94,106.05,105.25,105.54
1050809,1600,105.87,106.43,105.82,106.27
1050810,1600,106.73,107.33,105.79,106.24
1050811,1600,106.13,107.0,106.04,106.87
1050812,1600,106.65,106.68,105.8,106.01
1050815,1600,106.06,106.7,105.73,106.62
1050816,1600,106.24,106.4,105.23,105.4
1050817,1600,105.39,106.11,105.28,105.68
1050818,1600,105.47,106.17,105.37,105.76
1050819,1600,105.87,106.2,105.52,105.73
1050822,1600,105.87,106.38,105.17,105.66
1050823,1600,105.64,105.73,104.91,105.28
1050824,1600,104.99,105.5,104.16,104.18
1050825,1600,104.34,104.59,104.2,104.46
1050826,1600,104.36,104.39,103.79,103.9
1050829,1600,103.5,104.81,103.45,104.64
1050830,1600,104.33,104.33,103.45,104.0
1050831,1600,104.08,104.98,103.54,104.89
1050901,1600,104.78,105.19,104.22,104.6
1050902,1600,104.78,104.93,104.3,104.6
1050906,1600,104.98,105.93,104.92,105.83
1050907,1600,105.81,106.37,105.71,106.23
1050908,1600,105.98,106.29,105.67,105.91
1050909,1600,106.14,106.93,106.06,106.76
1050912,1600,106.7,107.01,106.63,106.81
1050913,1600,106.59,106.81,106.01,106.11
1050914,1600,106.27,106.41,105.43,105.57
1050915,1600,105.81,105.9,105.26,105.66
1050916,1600,105.95,106.38,105.65,106.23
1050919,1600,106.12,106.15,105.13,105.54
1050920,1600,105.68,105.97,104.57,104.72
1050921,1600,104.51,104.51,103.62,103.72
1050922,1600,103.74,104.4,103.44,104.04
1050923,1600,103.92,104.5,103.67,104.1
1050926,1600,104.65,105.03,104.02,104.44
1050927,1600,104.37,104.9,104.07,104.53
1050928,1600,104.8,105.04,104.16,104.7
1050929,1600,104.6,105.55,104.1,105.4
1050930,1600,105.36,105.79,105.2,105.75
1051003,1600,105.74,106.01,105.16,105.28
1051004,1600,105.46,105.64,104.17,104.17
1051005,1600,104.28,104.35,103.16,103.22
1051006,1600,103.34,103.71,102.19,102.9
1051007,1600,103.35,103.51,102.82,102.97
1051010,1600,103.18,103.24,102.29,102.32
1051011,1600,102.69,103.18,102.35,102.53
1051012,1600,102.54,103.12,101.88,102.03
1051013,1600,102.03,102.44,101.58,101.96
1051014,1600,102.49,102.97,102.0,102.83
1051017,1600,103.07,103.64,102.94,103.5
1051018,1600,103.56,103.76,102.86,102.87
1051019,1600,102.61,104.35,102.36,104.31
1051020,1600,104.06,104.38,102.49,102.78
1051021,1600,102.97,103.05,101.87,102.14
1051024,1600,102.54,103.84,102.44,103.75
1051025,1600,103.58,104.06,103.07,103.73
1051026,1600,103.45,104.26,103.31,103.53
1051027,1600,103.32,103.42,102.2,102.34
1051028,1600,102.65,103.96,102.46,103.84
1051031,1600,104.24,104.79,103.89,103.91
1051101,1600,104.25,104.48,103.97,104.14
1051102,1600,103.86,104.89,103.76,104.7
1051103,1600,105.15,105.59,104.88,105.24
1051104,1600,105.37,105.49,104.74,105.19
1051107,1600,105.49,105.87,105.17,105.61
1051108,1600,105.45,105.74,105.3,105.6
1051109,1600,105.42,106.11,105.27,105.6
1051110,1600,105.59,106.68,105.33,106.58
1051111,1600,106.56,107.11,106.5,107.02
1051114,1600,106.96,107.24,106.89,107.2
1051115,1600,107.18,107.57,106.77,107.12
1051116,1600,107.16,107.35,106.73,107.04
1051117,1600,107.14,107.48,106.86,107.38
1051118,1600,107.57,107.7,106.9,107.53
1051121,1600,107.76,108.3,107.53,108.16
1051122,1600,107.98,108.74,107.84,108.64
1051123,1600,108.42,109.46,108.42,109.18
1051125,1600,109.22,109.5,109.22,109.33
1051128,1600,109.42,109.49,108.76,109.04
1051129,1600,109.31,109.59,108.87,108.89
1051130,1600,108.98,109.28,108.07,108.22
1051201,1600,108.74,109.39,108.64,109.06
1051202,1600,109.03,109.26,108.65,108.82
1051205,1600,108.59,108.76,108.14,108.39
1051206,1600,108.81,109.28,108.48,108.7
1051207,1600,108.68,108.73,107.69,108.1
1051208,1600,108.17,108.53,107.37,107.64
1051209,1600,107.67,108.11,107.35,107.74
1051212,1600,108.1,108.2,107.42,107.72
1051213,1600,107.76,108.79,107.58,108.39
1051214,1600,108.42,109.29,108.42,109.0
1051215,1600,109.0,109.5,108.7,108.77
1051216,1600,108.98,109.24,108.5,108.51
1051219,1600,108.8,109.05,108.05,108.21
1051220,1600,108.24,108.42,107.7,107.89
1051221,1600,108.08,108.84,107.99,108.15
1051222,1600,108.36,108.75,108.16,108.71
1051223,1600,108.85,108.95,108.6,108.75
1051227,1600,108.94,109.25,107.64,107.75
1051228,1600,107.99,108.15,107.69,107.85
1051229,1600,107.94,108.15,107.55,107.68
1051230,1600,107.4,107.58,106.82,106.95
1060103,1600,107.44,108.56,106.74,108.33
1060104,1600,108.43,108.86,108.27,108.74
1060105,1600,108.51,109.02,108.36,108.88
1060106,1600,109.33,109.7,108.76,109.52
1060109,1600,109.5,110.21,109.47,109.98
1060110,1600,109.56,110.14,109.47,110.08
1060111,1600,110.11,110.46,109.88,110.43
1060112,1600,110.22,110.23,109.51,109.77
1060113,1600,109.63,109.93,109.19,109.54
1060117,1600,109.15,109.27,108.74,109.01
1060118,1600,108.4,108.9,108.21,108.6
1060119,1600,108.73,109.18,108.54,108.73
1060120,1600,108.46,108.5,106.45,106.47
1060123,1600,106.64,107.28,106.56,106.86
1060124,1600,106.95,107.41,106.78,106.94
1060125,1600,107.28,107.52,106.6,107.15
1060126,1600,107.63,108.2,107.45,108.01
1060127,1600,108.22,109.27,107.97,109.11
1060130,1600,109.09,109.2,108.76,108.91
1060131,1600,108.79,109.19,108.24,108.27
1060201,1600,108.5,109.62,108.5,109.57
1060202,1600,109.3,109.39,108.19,108.3
1060203,1600,108.1,108.62,107.74,107.79
1060206,1600,107.95,108.13,107.67,108.02
1060207,1600,107.83,108.21,107.32,107.48
1060208,1600,107.72,108.71,107.68,108.59
1060209,1600,108.81,109.56,108.67,108.84
1060210,1600,108.84,109.51,108.22,109.13
1060213,1600,109.06,109.49,108.56,109.05
1060214,1600,109.29,110.55,109.12,110.4
1060215,1600,110.3,110.83,109.99,110.7
1060216,1600,110.82,111.29,110.58,111.27
1060217,1600,111.03,111.23,110.68,111.02
1060221,1600,111.2,111.32,110.4,110.57
1060222,1600,110.79,111.52,110.73,111.1
1060223,1600,111.1,111.34,110.48,110.74
1060224,1600,110.57,110.86,110.09,110.76
1060227,1600,110.78,111.33,110.75,110.85
1060228,1600,110.6,110.76,109.78,109.9
1060301,1600,110.24,110.74,110.09,110.46
1060302,1600,110.16,110.5,109.82,110.38
1060303,1600,109.87,111.05,109.81,110.07
1060306,1600,110.14,110.37,109.28,109.63
1060307,1600,109.36,109.91,109.3,109.85
1060308,1600,109.7,110.33,109.27,110.1
1060309,1600,110.18,110.55,109.68,109.71
1060310,1600,109.99,111.04,109.87,110.85
1060313,1600,111.04,111.31,110.67,111.01
1060314,1600,110.82,111.76,110.75,111.62
1060315,1600,111.69,112.43,111.54,112.33
1060316,1600,112.49,112.96,112.43,112.77
1060317,1600,112.62,112.81,112.45,112.7
1060320,1600,112.72,113.01,112.5,112.69
1060321,1600,112.75,113.27,112.09,112.31
1060322,1600,112.31,113.19,112.27,113.06
1060323,1600,113.0,113.18,112.25,112.78
1060324,1600,112.67,113.08,112.34,112.75
1060327,1600,112.54,112.72,112.2,112.45
1060328,1600,112.34,112.72,111.32,111.43
1060329,1600,111.63,112.36,111.48,111.97
1060330,1600,111.95,112.5,111.06,111.42
1060331,1600,111.61,111.82,110.97,111.31
1060403,1600,111.64,112.39,111.26,111.31
1060404,1600,111.34,112.2,111.13,112.0
1060405,1600,111.96,112.47,111.59,112.36
1060406,1600,112.25,112.47,111.66,112.17
1060407,1600,112.46,112.7,111.09,111.24
1060410,1600,111.43,111.84,111.17,111.51
1060411,1600,111.72,111.86,110.51,110.93
1060412,1600,111.1,111.45,111.02,111.29
1060413,1600,111.18,111.81,111.04,111.28
1060417,1600,111.31,111.62,110.36,110.83
1060418,1600,111.03,112.79,111.03,112.64
1060419,1600,112.82,113.04,112.35,112.86
1060420,1600,112.91,113.88,112.84,113.49
1060421,1600,113.91,113.98,113.1,113.4
1060424,1600,113.25,113.47,112.93,113.35
1060425,1600,113.44,113.47,112.5,112.84
1060426,1600,112.97,113.69,112.91,113.39
1060427,1600,112.89,114.1,112.68,113.77
1060428,1600,113.66,114.1,113.39,113.88
1060501,1600,113.95,114.21,113.19,113.3
1060502,1600,113.72,114.2,113.53,114.15
1060503,1600,113.93,114.07,113.56,113.96
1060504,1600,114.14,114.63,114.14,114.33
1060505,1600,114.86,115.83,114.78,115.63
1060508,1600,115.63,116.0,115.63,115.75
1060509,1600,115.83,116.42,115.77,116.34
1060510,1600,116.25,116.8,116.04,116.56
1060511,1600,116.46,116.46,114.85,115.19
1060512,1600,114.91,115.06,113.82,113.87
1060515,1600,113.52,114.43,113.42,114.32
1060516,1600,114.4,114.72,114.0,114.3
1060517,1600,113.7,113.84,111.92,111.99
1060518,1600,112.47,113.61,111.3,111.42
1060519,1600,111.61,111.71,110.63,111.47
1060522,1600,110.71,111.66,110.27,110.97
1060523,1600,111.62,111.94,110.35,110.37
1060524,1600,110.85,111.57,110.19,111.13
1060525,1600,111.56,112.09,111.29,112.05
1060526,1600,112.44,112.81,112.12,112.78
1060530,1600,112.29,112.38,110.8,110.83
1060531,1600,111.25,111.81,110.8,111.73
1060601,1600,111.59,112.66,111.47,112.4
1060602,1600,112.76,112.85,111.88,112.36
1060605,1600,112.16,112.22,110.4,110.69
1060606,1600,110.78,110.94,109.21,109.99
1060607,1600,110.12,110.73,109.14,109.19
1060608,1600,109.12,109.67,107.52,109.0
1060609,1600,109.43,109.75,108.68,108.83
1060612,1600,109.19,109.26,107.85,107.95
1060613,1600,107.97,108.69,106.96,106.97
1060614,1600,107.15,108.36,106.95,108.33
1060615,1600,108.55,110.46,108.46,110.35
1060616,1600,109.92,110.38,109.71,109.98
1060619,1600,110.3,110.44,108.96,109.17
1060620,1600,109.47,110.23,109.27,109.86
1060621,1600,109.7,111.25,109.69,110.71
1060622,1600,110.59,110.67,109.79,110.2
1060623,1600,110.01,110.69,109.66,109.97
1060626,1600,109.94,110.45,109.65,110.4
1060627,1600,110.41,110.59,109.14,109.26
1060628,1600,109.44,109.84,108.97,109.82
1060629,1600,110.23,111.87,110.13,111.8
1060630,1600,112.22,112.28,111.59,111.79
1060703,1600,111.95,112.25,111.86,112.2
1060705,1600,111.73,111.85,111.18,111.47
1060706,1600,111.65,112.56,111.63,112.19
1060707,1600,111.65,112.4,110.69,110.96
1060710,1600,111.34,111.78,110.9,111.15
1060711,1600,110.85,111.53,110.29,111.47
1060712,1600,111.34,111.52,109.98,110.33
1060713,1600,109.76,109.79,108.26,108.3
1060714,1600,108.43,108.59,107.01,107.32
1060717,1600,107.38,108.07,107.17,107.52
1060718,1600,107.75,108.24,106.89,108.19
1060719,1600,108.44,110.44,108.1,110.04
1060720,1600,110.3,110.45,109.24,109.42
1060721,1600,109.6,109.61,108.29,108.56
1060724,1600,109.0,110.6,109.0,110.5
1060725,1600,110.27,111.26,109.89,110.79
1060726,1600,110.8,111.48,110.39,110.91
1060727,1600,111.35,111.78,110.78,111.27
1060728,1600,111.46,112.33,111.15,112.07
1060731,1600,111.8,112.05,111.66,111.9
1060801,1600,111.5,111.52,110.75,111.22
1060802,1600,111.55,112.2,111.44,111.98
1060803,1600,111.43,112.66,111.27,112.59
1060804,1600,113.14,113.37,111.82,112.48
1060807,1600,112.14,112.42,111.85,112.34
1060808,1600,112.47,112.76,111.15,111.84
1060809,1600,112.4,112.51,110.72,110.95
1060810,1600,110.85,111.53,110.5,111.3
1060811,1600,111.06,111.15,110.55,111.05
1060814,1600,111.62,112.13,110.89,111.15
1060815,1600,112.07,112.45,111.73,112.26
1060816,1600,112.75,113.55,112.68,113.38
1060817,1600,113.3,113.88,113.19,113.46
1060818,1600,113.45,113.8,113.08,113.8
1060821,1600,113.43,113.56,113.1,113.5
1060822,1600,113.28,113.75,112.93,113.28
1060823,1600,113.28,113.62,112.58,113.11
1060824,1600,113.2,113.34,112.67,112.8
1060825,1600,112.73,113.15,112.52,112.84
1060828,1600,112.74,113.87,112.73,113.44
1060829,1600,113.46,113.76,112.93,113.51
1060830,1600,113.75,114.07,113.56,113.76
1060831,1600,113.86,114.08,113.68,113.81
1060901,1600,114.21,114.77,113.95,114.7
1060905,1600,114.62,114.9,114.38,114.73
1060906,1600,114.27,114.44,113.97,114.14
1060907,1600,113.68,113.95,113.23,113.56
1060908,1600,113.61,114.05,113.49,113.87
1060911,1600,113.65,114.25,113.42,113.96
1060912,1600,114.1,115.18,114.0,114.98
1060913,1600,114.86,115.79,114.85,115.47
1060914,1600,115.28,115.59,115.06,115.51
1060915,1600,115.84,116.03,115.45,115.59
1060918,1600,115.39,115.79,115.13,115.52
1060919,1600,115.55,115.56,114.68,115.34
1060920,1600,115.68,116.21,115.63,116.08
1060921,1600,116.09,116.22,114.95,115.37
1060922,1600,115.26,115.26,114.67,115.01
1060925,1600,115.19,116.1,114.77,115.6
1060926,1600,115.67,116.64,115.56,116.59
1060927,1600,116.54,117.11,116.48,116.98
1060928,1600,116.98,117.18,116.5,116.9
1060929,1600,117.07,117.33,116.67,116.74
1061002,1600,116.75,117.2,116.47,116.62
1061003,1600,116.51,117.49,116.44,117.14
1061004,1600,117.04,118.48,117.0,118.39
1061005,1600,118.36,118.71,118.2,118.62
1061006,1600,118.43,118.57,117.97,118.52
1061009,1600,118.32,118.74,118.1,118.62
1061010,1600,118.67,118.77,118.3,118.56
1061011,1600,118.21,118.78,117.91,118.58
1061012,1600,118.88,119.58,118.87,119.46
1061013,1600,119.37,119.68,119.07,119.64
1061016,1600,119.57,119.97,119.42,119.77
1061017,1600,119.6,119.75,118.87,119.57
1061018,1600,120.17,120.49,119.5,119.9
1061019,1600,119.82,120.31,119.67,120.15
1061020,1600,119.75,120.01,119.38,119.93
1061023,1600,119.72,121.13,119.7,120.87
1061024,1600,120.86,121.25,120.75,121.21
1061025,1600,121.05,121.4,120.69,121.39
1061026,1600,121.45,121.55,120.84,121.43
1061027,1600,121.25,121.41,120.63,120.86
1061030,1600,120.6,121.06,120.36,120.77
1061031,1600,120.85,121.03,120.12,120.73
1061101,1600,121.06,121.11,119.98,120.26
1061102,1600,119.88,120.24,119.72,120.0
1061103,1600,120.46,120.62,119.6,119.78
1061106,1600,120.06,121.14,120.02,121.01
1061107,1600,121.12,121.88,120.96,121.55
1061108,1600,121.19,121.96,121.03,121.83
1061109,1600,121.78,121.9,120.91,121.16
1061110,1600,121.12,121.26,120.77,121.11
1061113,1600,121.12,121.82,120.98,121.35
1061114,1600,121.67,122.45,120.99,122.32
1061115,1600,122.34,123.11,122.28,122.69
1061116,1600,123.05,123.45,122.8,123.36
1061117,1600,122.81,123.3,122.67,123.26
1061120,1600,123.1,123.45,122.9,123.13
1061121,1600,123.16,123.32,122.86,123.15
1061122,1600,123.23,123.51,122.93,123.25
1061124,1600,122.67,123.1,122.53,122.68
1061127,1600,122.7,122.72,121.07,121.11
1061128,1600,121.0,121.45,120.68,121.26
1061129,1600,121.59,122.4,121.55,122.33
1061130,1600,122.33,122.77,121.63,122.28
1061201,1600,122.37,122.46,120.9,122.05
1061204,1600,122.04,123.11,122.0,122.8
1061205,1600,122.98,123.37,122.73,123.36
1061206,1600,123.31,123.4,122.97,123.15
1061207,1600,123.34,123.65,122.68,122.76
1061208,1600,122.68,123.38,122.32,123.0
1061211,1600,123.11,123.55,123.07,123.34
1061212,1600,123.27,123.33,122.54,123.19
1061213,1600,123.65,123.74,123.06,123.35
1061214,1600,123.21,124.38,123.2,124.23
1061215,1600,124.19,124.59,124.1,124.15
1061218,1600,124.31,124.63,124.03,124.22
1061219,1600,123.9,124.64,123.7,124.38
1061220,1600,124.42,124.72,124.28,124.42
1061221,1600,124.45,124.6,123.72,123.99
1061222,1600,124.01,124.24,123.18,123.18
1061226,1600,123.17,124.01,123.17,123.97
1061227,1600,124.36,124.99,124.25,124.93
1061228,1600,124.9,125.14,124.59,124.8
1061229,1600,124.8,125.1,124.34,124.41
1070103,1600,125.16,125.68,123.88,124.47
1070104,1600,124.48,124.95,123.89,124.68
1070105,1600,124.47,124.5,123.52,123.74
1070108,1600,123.87,124.39,123.25,124.14
1070109,1600,124.34,124.57,123.42,124.07
1070110,1600,123.74,124.55,123.5,124.43
1070111,1600,124.51,125.35,124.34,124.99
1070112,1600,124.94,125.66,124.81,125.66
1070116,1600,125.54,125.75,125.29,125.7
1070117,1600,125.54,126.1,125.43,125.75
1070118,1600,125.96,126.08,125.39,125.51
1070119,1600,125.25,125.71,125.18,125.55
1070122,1600,125.48,125.51,124.38,124.75
1070123,1600,124.71,125.41,124.58,125.33
1070124,1600,125.51,126.12,125.38,126.07
1070125,1600,126.03,126.12,124.79,124.97
1070126,1600,125.21,125.28,124.21,124.77
1070129,1600,124.83,125.31,124.69,124.82
1070130,1600,124.9,125.27,124.64,125.16
1070131,1600,125.19,126.49,125.13,126.24
1070201,1600,126.46,126.77,126.17,126.74
1070202,1600,126.8,126.83,126.32,126.53
1070205,1600,126.44,126.74,126.25,126.68
1070206,1600,126.62,126.79,126.3,126.65
1070207,1600,126.76,127.06,126.33,126.79
1070208,1600,126.55,126.58,125.78,126.47
1070209,1600,126.52,126.79,125.48,125.88
1070212,1600,125.88,126.04,125.39,125.59
1070213,1600,126.02,127.0,125.98,126.63
1070214,1600,126.78,127.83,126.7,127.48
1070215,1600,127.61,127.9,127.49,127.77
1070216,1600,127.41,127.57,127.31,127.57
1070220,1600,127.45,127.85,126.92,127.66
1070221,1600,127.3,127.59,126.98,127.37
1070222,1600,127.4,127.59,126.44,126.79
1070223,1600,126.72,126.74,126.27,126.41
1070226,1600,126.86,127.0,126.09,126.34
1070227,1600,125.34,126.44,120.5,121.6
1070228,1600,122.41,123.47,121.5,122.66
1070301,1600,121.41,122.9,120.05,122.44
1070302,1600,122.0,122.47,120.96,120.96
1070305,1600,120.4,121.91,120.28,120.3
1070306,1600,121.28,122.29,120.98,122.06
1070307,1600,122.01,122.6,121.87,122.0
1070308,1600,122.73,123.08,122.28,122.8
1070309,1600,123.23,123.35,122.33,122.99
1070312,1600,122.69,123.53,122.52,123.15
1070313,1600,122.52,122.99,120.86,121.02
1070314,1600,121.03,121.69,119.5,121.66
1070315,1600,121.25,122.04,121.21,121.79
1070316,1600,121.69,121.78,120.25,121.05
1070319,1600,121.56,122.28,121.5,122.28
1070320,1600,122.04,122.82,122.01,122.82
1070321,1600,122.8,124.74,122.32,124.29
1070322,1600,124.46,124.64,123.98,124.45
1070323,1600,124.5,125.01,124.37,124.69
1070326,1600,124.75,124.75,123.57,124.36
1070327,1600,124.21,124.23,123.66,123.89
1070328,1600,123.52,123.61,122.45,123.0
1070329,1600,123.67,123.72,122.56,123.3
1070330,1600,123.37,124.06,122.33,123.59
1070402,1600,123.57,123.82,123.11,123.65
1070403,1600,124.21,125.26,124.21,124.99
1070404,1600,125.08,125.34,124.87,125.18
1070405,1600,125.12,125.7,124.95,125.46
1070409,1600,125.72,125.9,125.53,125.65
1070410,1600,125.65,125.86,125.47,125.59
1070411,1600,125.76,125.78,124.53,124.9
1070412,1600,124.75,125.54,124.26,125.41
1070413,1600,125.76,126.15,125.2,126.15
1070416,1600,126.47,127.29,126.45,127.04
1070417,1600,127.28,127.87,127.04,127.75
1070418,1600,127.44,128.34,127.29,128.04
1070419,1600,127.33,128.27,127.27,128.23
1070420,1600,129.09,129.57,128.89,129.57
1070423,1600,129.39,129.73,129.06,129.17
1070424,1600,129.33,129.77,128.9,129.48
1070425,1600,129.92,130.99,129.56,130.62
1070426,1600,130.8,131.22,130.62,131.2
1070427,1600,130.71,131.37,130.63,131.23
1070430,1600,131.17,131.98,130.54,130.67
1070501,1600,130.84,131.32,130.31,131.29
1070502,1600,131.5,132.49,131.36,132.14
1070503,1600,132.28,132.43,131.9,132.39
1070504,1600,132.65,132.8,132.23,132.74
1070507,1600,132.81,133.13,132.74,133.04
1070508,1600,132.69,133.22,132.35,133.12
1070509,1600,132.99,133.77,132.8,133.57
1070510,1600,133.19,133.43,132.21,132.5
1070511,1600,132.64,133.56,132.6,133.56
1070514,1600,133.61,133.95,133.09,133.72
1070515,1600,133.79,134.94,133.63,134.12
1070516,1600,134.31,135.15,133.85,135.12
1070517,1600,134.95,135.4,134.71,134.93
1070518,1600,135.08,135.5,135.0,135.5
1070521,1600,135.39,135.74,135.16,135.2
1070522,1600,135.37,135.73,135.12,135.16
1070523,1600,135.56,135.99,134.94,135.2
1070524,1600,135.27,136.33,134.15,134.39
1070525,1600,134.76,135.05,134.39,134.89
1070529,1600,135.17,135.9,134.57,135.22
1070530,1600,134.58,136.31,134.42,136.28
1070531,1600,136.4,136.66,136.08,136.29
1070601,1600,136.61,136.84,136.16,136.61
1070604,1600,136.23,136.81,136.13,136.56
1070605,1600,136.26,136.32,135.43,135.98
1070606,1600,135.5,135.5,134.32,134.49
1070607,1600,134.28,134.79,132.37,132.53
1070608,1600,132.81,134.23,132.48,134.1
1070611,1600,134.07,134.75,133.77,134.24
1070612,1600,133.69,134.46,132.92,132.92
1070613,1600,133.58,134.89,133.24,134.8
1070614,1600,134.96,135.87,134.85,135.7
1070615,1600,136.36,136.85,136.18,136.19
1070618,1600,136.49,136.54,135.93,135.94
1070619,1600,135.82,136.4,135.62,136.27
1070620,1600,136.61,136.62,134.69,134.85
1070621,1600,134.8,135.55,133.87,135.37
1070622,1600,134.95,135.18,133.54,133.97
1070625,1600,133.81,134.77,132.89,133.62
1070626,1600,133.81,134.43,132.8,132.8
1070627,1600,132.71,134.22,132.53,134.12
1070628,1600,134.09,135.1,133.9,134.09
1070629,1600,134.36,135.12,132.85,134.2
1070702,1600,134.42,135.37,134.38,135.27
1070703,1600,135.51,135.86,135.34,135.69
1070705,1600,135.58,135.72,135.05,135.56
1070706,1600,135.63,136.31,135.36,136.13
1070709,1600,136.39,136.69,136.13,136.48
1070710,1600,136.07,136.25,134.87,135.02
1070711,1600,134.89,135.93,134.75,135.9
1070712,1600,136.33,138.67,136.32,138.34
1070713,1600,138.47,139.3,138.41,138.91
1070716,1600,138.98,139.86,138.92,139.46
1070717,1600,139.63,140.46,139.53,139.8
1070718,1600,139.33,139.7,138.28,139.33
1070719,1600,139.93,140.17,139.53,139.89
1070720,1600,139.22,139.56,137.88,138.54
1070723,1600,139.11,139.62,138.81,139.21
1070724,1600,138.5,138.82,136.9,137.27
1070725,1600,137.96,138.1,136.44,137.5
1070726,1600,136.55,137.14,131.14,134.71
1070727,1600,134.62,135.1,132.11,132.11
1070730,1600,132.92,133.85,132.13,133.54
1070731,1600,134.28,134.83,131.7,132.17
1070801,1600,131.89,133.79,131.2,133.41
1070802,1600,133.51,135.0,132.98,134.78
1070803,1600,134.44,134.72,131.54,132.19
1070806,1600,132.4,134.61,131.54,134.2
1070807,1600,133.89,136.03,133.39,135.05
1070808,1600,135.39,136.96,134.88,136.55
1070809,1600,134.63,135.82,132.77,132.79
1070810,1600,131.9,133.12,130.64,131.94
1070813,1600,133.24,133.44,132.15,132.18
1070814,1600,132.54,132.9,130.29,130.49
1070815,1600,130.21,131.29,128.47,128.85
1070816,1600,127.84,129.26,125.31,129.15
1070817,1600,131.24,131.86,128.95,130.55
1070820,1600,130.95,131.7,129.7,130.96
1070821,1600,130.82,131.66,130.42,130.68
1070822,1600,131.58,132.4,131.35,132.29
1070823,1600,132.72,133.08,131.62,132.17
1070824,1600,132.19,133.75,132.03,133.64
1070827,1600,133.35,133.79,132.98,133.12
1070828,1600,132.54,132.7,130.31,130.49
1070829,1600,131.08,132.95,130.97,132.74
1070830,1600,131.91,133.1,131.75,132.57
1070831,1600,133.56,134.25,132.9,133.4
1070904,1600,133.22,134.89,133.11,134.34
1070905,1600,133.77,133.82,132.49,133.22
1070906,1600,133.48,133.98,132.76,133.53
1070907,1600,132.37,132.42,130.83,131.52
1070910,1600,131.84,132.07,130.24,131.43
1070911,1600,131.9,133.27,131.81,133.08
1070912,1600,132.93,133.69,132.73,133.25
1070913,1600,133.88,134.78,133.67,134.3
1070914,1600,133.54,134.69,133.35,134.46
1070917,1600,134.12,134.59,133.69,134.06
1070918,1600,134.69,137.48,134.41,137.35
1070919,1600,138.19,139.31,137.89,138.16
1070920,1600,138.29,138.31,137.53,137.7
1070921,1600,138.37,139.02,137.9,137.9
1070924,1600,138.36,138.65,137.37,137.55
1070925,1600,137.03,137.82,136.83,137.72
1070926,1600,138.36,139.01,138.04,138.53
1070927,1600,139.06,139.13,138.55,139.13
1070928,1600,138.96,139.1,138.36,138.91
1071001,1600,138.96,141.0,138.96,140.6
1071002,1600,140.8,140.91,140.0,140.12
1071003,1600,139.89,140.27,139.38,139.61
1071004,1600,139.9,140.04,139.43,139.51
1071005,1600,140.43,141.21,140.14,140.68
1071008,1600,140.56,140.58,140.01,140.26
1071009,1600,140.67,141.65,140.3,141.57
1071010,1600,141.39,141.44,140.05,140.73
1071011,1600,141.36,141.95,139.46,140.21
1071012,1600,140.37,141.12,140.09,141.12
1071015,1600,141.08,141.11,139.01,140.02
1071016,1600,139.6,139.65,138.72,139.16
1071017,1600,140.11,140.18,137.74,139.16
1071018,1600,138.53,139.16,138.22,138.8
1071019,1600,137.91,138.75,134.93,134.93
1071022,1600,134.06,135.76,133.92,135.45
1071023,1600,136.17,136.68,135.27,136.42
1071024,1600,136.1,136.79,134.56,136.5
1071025,1600,136.71,137.29,135.35,136.9
1071026,1600,137.61,138.06,136.84,137.95
1071029,1600,138.28,138.87,138.16,138.65
1071030,1600,138.19,138.55,137.66,137.82
1071031,1600,138.44,139.53,137.26,138.95
1071101,1600,137.86,137.9,135.38,135.85
1071102,1600,136.19,136.23,134.38,136.05
1071105,1600,134.84,136.11,134.4,135.21
1071106,1600,135.83,136.62,135.05,136.51
1071107,1600,135.18,135.73,132.93,133.35
1071108,1600,133.52,133.6,130.83,132.45
1071109,1600,131.29,132.08,130.18,130.31
1071112,1600,130.35,131.65,129.74,129.77
1071113,1600,130.84,133.4,130.8,133.14
1071114,1600,133.96,133.99,132.24,132.71
1071115,1600,132.16,132.89,130.82,131.47
1071116,1600,131.75,132.02,130.4,131.44
1071119,1600,131.02,131.66,129.27,129.6
1071120,1600,129.83,131.0,128.32,130.33
1071121,1600,129.12,129.64,127.79,127.79
1071123,1600,128.72,129.68,128.61,129.42
1071126,1600,129.7,130.32,127.25,127.46
1071127,1600,127.94,129.91,127.71,129.32
1071128,1600,130.48,133.25,130.41,132.83
1071129,1600,132.49,133.48,132.18,133.17
1071130,1600,134.52,134.7,132.85,134.16
1071203,1600,133.69,134.09,132.98,133.31
1071204,1600,132.51,133.18,132.36,132.43
1071205,1600,133.69,134.67,133.54,134.45
1071206,1600,134.39,136.4,134.31,136.08
1071207,1600,136.45,136.77,136.09,136.39
1071210,1600,136.78,137.63,136.51,137.4
1071211,1600,137.54,137.9,134.21,134.4
1071212,1600,136.94,137.12,133.33,135.0
1071213,1600,134.28,135.36,133.63,135.0
1071214,1600,134.35,135.13,133.42,133.45
1071217,1600,132.99,133.15,131.69,131.93
1071218,1600,132.67,132.92,131.06,132.55
1071219,1600,132.51,133.12,131.58,132.27
1071220,1600,132.81,132.84,131.66,132.71
1071221,1600,133.4,134.65,133.3,134.34
1071224,1600,134.79,135.48,134.74,135.31
1071226,1600,135.01,135.5,134.79,135.42
1071227,1600,134.93,134.99,133.35,133.68
1071228,1600,134.22,134.4,132.82,133.41
1071231,1600,133.13,133.24,132.16,132.55
1080102,1600,132.47,132.67,129.82,130.63
1080103,1600,130.71,131.27,130.13,130.74
1080104,1600,129.57,129.73,127.82,128.17
1080107,1600,128.54,128.74,127.22,128.06
1080108,1600,128.53,129.0,125.63,125.85
1080109,1600,126.12,127.39,125.01,126.96
1080110,1600,126.52,129.32,126.29,127.82
1080111,1600,127.52,127.58,125.41,126.19
1080114,1600,127.28,127.92,126.69,127.51
1080115,1600,126.49,126.91,124.88,125.3
1080116,1600,124.64,126.14,123.94,124.65
1080117,1600,125.05,125.2,121.27,121.77
1080118,1600,122.33,123.28,120.12,120.57
1080122,1600,116.31,120.69,115.8,119.22
1080123,1600,117.24,122.81,116.38,122.7
1080124,1600,122.9,123.92,122.26,123.43
1080125,1600,124.64,124.71,121.72,122.19
1080128,1600,122.02,123.8,121.0,123.53
1080129,1600,124.25,124.9,123.34,124.54
1080130,1600,124.21,126.68,123.48,123.78
1080131,1600,122.67,126.9,122.41,126.0
1080201,1600,126.49,127.61,125.96,127.43
1080204,1600,127.21,127.26,125.98,126.03
1080205,1600,124.69,124.88,122.55,122.96
1080206,1600,123.41,123.92,121.81,122.26
1080207,1600,121.6,123.39,121.25,122.73
1080208,1600,122.18,122.88,121.08,121.75
1080211,1600,121.69,122.59,120.76,122.32
1080212,1600,123.17,124.74,122.96,123.77
1080213,1600,124.51,125.85,124.16,125.26
1080214,1600,125.69,125.7,123.75,124.01
1080215,1600,123.34,123.57,122.67,123.33
1080219,1600,124.73,124.95,122.96,123.68
1080220,1600,122.54,124.57,122.23,124.09
1080221,1600,124.68,124.98,122.47,123.2
1080222,1600,123.21,124.05,121.56,123.8
1080225,1600,123.72,125.85,123.41,125.57
1080226,1600,125.14,127.33,125.11,126.81
1080227,1600,126.22,127.57,126.11,126.83
1080228,1600,126.1,126.47,125.38,125.84
1080229,1600,124.7,124.7,122.28,123.01
1080303,1600,122.47,122.85,121.65,122.5
1080304,1600,121.51,122.42,120.36,122.4
1080305,1600,122.63,123.59,121.54,122.87
1080306,1600,122.2,122.39,120.31,120.8
1080307,1600,119.47,121.04,118.3,118.93
1080310,1600,119.29,119.31,117.46,117.98
1080311,1600,120.0,122.06,118.95,122.06
1080312,1600,122.03,123.21,121.12,121.4
1080313,1600,119.82,122.37,118.97,121.51
1080314,1600,122.37,122.37,118.51,120.02
1080317,1600,117.68,120.96,117.65,120.09
1080318,1600,121.81,124.25,121.2,124.05
1080319,1600,124.48,124.82,121.02,121.44
1080320,1600,121.51,123.69,120.9,123.11
1080324,1600,124.05,126.1,123.96,125.34
1080325,1600,125.39,125.61,124.4,125.13
1080326,1600,124.79,124.8,123.68,123.92
1080327,1600,124.56,124.7,122.83,123.15
1080328,1600,123.43,123.71,121.87,122.23
1080331,1600,121.9,123.17,121.68,122.4
1080401,1600,123.89,126.46,123.85,126.07
1080402,1600,126.36,126.87,125.45,126.19
1080403,1600,125.53,126.64,125.22,126.33
1080404,1600,126.29,126.81,125.2,126.1
1080407,1600,126.76,127.22,125.75,126.05
1080408,1600,125.42,126.13,125.24,126.13
1080409,1600,126.05,126.2,124.67,125.65
1080410,1600,125.51,126.47,124.99,125.95
1080411,1600,124.55,124.7,123.01,123.34
1080414,1600,123.32,123.68,122.79,123.17
1080415,1600,123.75,123.84,122.7,123.48
1080416,1600,124.53,126.65,124.52,126.64
1080417,1600,125.8,126.7,125.66,126.7
1080418,1600,127.96,128.83,127.76,127.86
1080421,1600,127.74,128.34,127.41,128.03
1080422,1600,127.75,127.85,126.44,127.37
1080423,1600,127.49,128.24,126.91,127.3
1080424,1600,127.77,129.31,126.94,128.1
1080425,1600,128.91,128.94,127.32,128.8
1080428,1600,128.88,129.28,127.69,128.79
1080429,1600,128.38,128.79,127.94,128.18
1080430,1600,128.53,129.98,128.0,128.19
1080501,1600,128.0,130.18,127.92,129.96
1080502,1600,131.29,131.29,129.73,130.73
1080505,1600,130.38,130.5,129.33,129.63
1080506,1600,129.1,130.4,128.58,130.25
1080507,1600,130.27,130.37,128.0,128.4
1080508,1600,128.62,129.1,127.97,128.24
1080509,1600,127.66,128.03,127.2,127.5
1080512,1600,127.82,129.1,127.53,128.76
1080513,1600,128.98,128.99,127.9,128.41
1080514,1600,128.78,130.08,128.75,129.0
1080515,1600,129.0,130.2,128.75,130.05
1080516,1600,130.02,130.02,128.8,129.6
1080519,1600,129.71,131.26,129.51,130.23
1080520,1600,129.52,129.56,127.69,128.31
1080521,1600,128.43,128.56,125.66,126.06
1080522,1600,126.12,126.65,125.88,126.02
1080523,1600,125.63,125.81,124.57,124.61
1080527,1600,124.87,125.68,124.37,125.43
1080528,1600,125.77,126.0,124.91,125.84
1080529,1600,125.68,127.23,125.49,126.23
1080530,1600,126.7,126.85,125.9,126.13
1080602,1600,125.98,126.0,124.24,125.16
1080603,1600,125.39,125.53,123.41,123.96
1080604,1600,123.82,125.04,123.48,123.99
1080605,1600,124.35,126.25,124.12,126.11
1080606,1600,125.18,125.22,121.96,122.12
1080609,1600,122.39,123.44,122.08,122.96
1080610,1600,122.25,123.81,122.21,122.96
1080611,1600,122.68,122.72,120.98,121.05
1080612,1600,121.56,122.85,120.93,121.63
1080613,1600,121.99,123.32,121.77,123.1
1080616,1600,122.53,123.37,122.25,122.66
1080617,1600,123.38,123.43,121.61,121.93
1080618,1600,121.3,121.55,120.08,120.33
1080619,1600,120.55,121.32,119.94,120.63
1080620,1600,119.61,119.71,118.09,118.24
1080623,1600,118.62,118.76,118.04,118.33
1080624,1600,118.04,118.95,117.16,117.94
1080625,1600,118.2,119.13,117.78,117.91
1080626,1600,117.01,117.06,114.44,114.67
1080627,1600,114.57,114.74,112.86,113.46
1080630,1600,113.48,114.27,112.75,113.42
1080701,1600,112.38,114.03,111.76,113.77
1080702,1600,113.78,114.26,112.03,112.15
1080703,1600,112.81,113.32,111.48,113.05
1080707,1600,113.17,113.92,111.14,112.21
1080708,1600,112.25,113.9,111.74,113.74
1080709,1600,114.05,114.2,111.45,111.66
1080710,1600,111.61,112.71,110.87,112.22
1080711,1600,111.14,112.44,109.78,111.0
1080714,1600,112.17,112.39,110.05,110.5
1080715,1600,109.76,111.26,108.32,109.3
1080716,1600,109.73,112.47,109.2,112.17
1080717,1600,113.16,114.61,112.17,114.14
1080718,1600,114.6,115.1,113.7,114.95
1080721,1600,115.41,115.51,114.14,114.65
1080722,1600,113.96,116.08,113.75,115.7
1080723,1600,115.95,116.88,115.49,116.23
1080724,1600,116.25,116.29,113.37,113.6
1080725,1600,113.89,114.36,113.15,113.17
1080728,1600,113.27,113.52,111.17,111.34
1080729,1600,111.6,113.91,111.51,113.85
1080730,1600,114.59,115.93,114.02,115.82
1080731,1600,114.72,115.56,113.58,113.7
1080801,1600,114.12,114.26,112.59,113.12
1080804,1600,113.14,113.75,112.13,112.77
1080805,1600,113.75,116.07,113.71,116.01
1080806,1600,115.53,116.88,115.24,116.49
1080807,1600,115.49,115.92,114.23,114.59
1080808,1600,114.22,117.64,114.0,116.95
1080811,1600,117.03,118.73,116.8,117.8
1080812,1600,117.46,117.52,116.08,116.57
1080813,1600,116.08,116.21,114.68,115.4
1080814,1600,114.85,117.34,114.69,116.41
1080815,1600,116.46,117.07,115.95,116.53
1080818,1600,116.86,116.89,114.29,114.86
1080819,1600,114.11,114.21,113.15,113.49
1080820,1600,113.87,114.54,112.89,114.04
1080821,1600,113.23,114.78,113.07,114.05
1080822,1600,114.95,116.37,114.84,116.32
1080825,1600,115.67,115.71,113.66,113.85
1080826,1600,114.05,114.42,113.46,114.07
1080827,1600,114.24,115.59,113.84,115.0
1080828,1600,115.72,117.18,115.66,117.13
1080829,1600,116.51,117.04,115.4,115.45
1080902,1600,116.96,118.01,114.78,115.16
1080903,1600,115.25,115.74,114.33,115.51
1080904,1600,114.6,114.74,111.99,112.2
1080905,1600,111.58,112.63,110.57,112.35
1080908,1600,115.53,115.93,112.4,115.16
1080909,1600,115.16,115.98,112.43,112.53
1080910,1600,113.11,114.0,112.34,113.0
1080911,1600,111.78,114.86,111.22,114.86
1080912,1600,113.64,114.84,113.01,114.79
1080915,1600,111.15,114.44,109.64,109.8
1080916,1600,107.88,111.16,107.58,110.66
1080917,1600,109.23,109.59,105.5,106.76
1080918,1600,107.42,111.0,104.86,109.97
1080919,1600,116.14,116.14,112.66,113.57
1080922,1600,113.82,113.98,109.86,110.5
1080923,1600,110.26,111.38,108.26,108.5
1080924,1600,108.93,109.23,107.46,108.3
1080925,1600,109.01,111.21,108.78,110.27
1080926,1600,108.65,111.6,108.47,111.15
1080929,1600,109.83,109.99,104.01,104.75
1080930,1600,105.56,108.63,105.22,108.36
1081001,1600,107.57,108.79,106.28,108.7
1081002,1600,107.5,107.65,104.38,105.27
1081003,1600,105.75,107.94,103.09,103.2
1081006,1600,100.86,101.44,95.21,99.9
1081007,1600,100.54,101.21,94.41,95.07
1081008,1600,93.25,96.39,91.4,91.4
1081009,1600,93.92,94.51,85.4,85.55
1081010,1600,82.39,89.08,78.94,83.75
1081013,1600,88.04,95.03,87.46,95.03
1081014,1600,97.9,98.8,90.9,93.67
1081015,1600,91.84,92.06,84.76,84.87
1081016,1600,86.31,90.16,82.08,89.87
1081017,1600,87.6,92.76,87.16,87.54
1081020,1600,89.48,93.28,88.74,93.28
1081021,1600,91.54,92.8,89.97,90.38
1081022,1600,88.06,88.42,83.33,85.5
1081023,1600,85.67,87.99,82.4,87.99
1081024,1600,80.54,85.85,80.15,83.09
1081027,1600,82.58,85.98,80.26,80.26
1081028,1600,83.84,91.14,81.7,91.14
1081029,1600,90.49,93.62,88.7,89.15
1081030,1600,92.04,92.66,89.72,92.5
1081031,1600,91.57,94.53,91.13,93.5
1081103,1600,93.14,94.08,92.52,93.43
1081104,1600,95.16,96.5,94.32,96.21
1081105,1600,94.99,95.59,91.15,91.85
1081106,1600,90.79,91.66,86.48,87.13
1081107,1600,87.96,90.16,87.4,90.13
1081110,1600,91.67,91.75,87.71,88.93
1081111,1600,87.56,88.81,85.72,86.75
1081112,1600,85.41,86.0,82.84,83.09
1081113,1600,83.57,89.0,79.85,88.7
1081114,1600,86.99,89.49,84.22,84.22
1081117,1600,83.98,85.98,82.72,82.95
1081118,1600,82.99,85.05,81.31,84.34
1081119,1600,84.23,85.37,80.18,80.36
1081120,1600,79.4,82.2,75.37,76.06
1081121,1600,77.13,80.73,74.5,80.54
1081124,1600,81.96,85.97,81.03,83.9
1081125,1600,85.43,86.07,82.79,84.81
1081126,1600,83.16,87.3,82.99,87.18
1081128,1600,86.68,88.36,86.68,88.3
1081201,1600,86.3,86.37,81.46,81.66
1081202,1600,82.63,84.42,81.5,84.36
1081203,1600,82.65,86.34,82.44,86.04
1081204,1600,84.74,86.46,82.73,83.74
1081205,1600,82.97,86.98,81.31,86.59
1081208,1600,88.32,90.39,88.0,89.12
1081209,1600,88.34,89.41,86.62,87.11
1081210,1600,88.06,88.93,86.55,87.64
1081211,1600,86.61,88.27,85.27,85.86
1081212,1600,83.51,87.03,83.23,86.36
1081215,1600,86.95,87.0,84.85,85.99
1081216,1600,89.57,89.75,86.33,89.57
1081217,1600,88.46,89.8,87.95,88.35
1081218,1600,88.84,89.04,85.42,86.36
1081219,1600,86.74,87.82,85.36,85.36
1081222,1600,85.8,85.93,83.59,84.96
1081223,1600,85.59,85.93,83.84,84.07
1081224,1600,84.43,84.93,84.14,84.48
1081226,1600,85.01,85.28,84.56,85.07
1081229,1600,85.27,85.28,83.59,84.91
1081230,1600,85.25,86.78,84.86,86.68
1081231,1600,86.81,88.37,86.63,87.52
1090102,1600,87.95,90.62,87.57,90.2
1090105,1600,89.87,90.33,88.87,89.7
1090106,1600,90.18,90.9,89.38,90.15
1090107,1600,88.88,89.18,87.23,87.86
1090108,1600,87.07,87.57,86.55,87.43
1090109,1600,87.67,87.76,85.84,86.14
1090112,1600,85.77,86.02,84.26,84.79
1090113,1600,84.61,85.29,83.83,84.42
1090114,1600,83.16,83.36,81.48,82.08
1090115,1600,82.07,82.98,80.04,82.18
1090116,1600,83.22,83.4,81.03,82.69
1090120,1600,82.21,82.41,79.36,79.41
1090121,1600,80.65,82.41,79.35,82.24
1090122,1600,80.9,82.04,79.55,81.16
1090123,1600,79.5,81.53,79.05,80.52
1090126,1600,80.86,82.29,80.19,81.07
1090127,1600,81.49,82.24,80.8,81.51
1090128,1600,83.04,84.04,82.59,83.68
1090129,1600,82.58,82.94,81.35,81.53
1090130,1600,81.83,81.96,79.6,80.08
1090202,1600,79.14,79.92,78.65,79.32
1090203,1600,79.78,81.1,79.02,80.63
1090204,1600,80.8,81.71,79.34,79.69
1090205,1600,79.26,81.15,78.5,80.55
1090206,1600,80.87,83.27,80.72,82.86
1090209,1600,82.8,83.29,82.1,82.75
1090210,1600,82.23,82.73,78.61,79.19
1090211,1600,79.62,80.01,78.68,79.55
1090212,1600,78.43,79.62,77.15,79.5
1090213,1600,79.48,79.95,78.47,78.55
1090217,1600,76.6,77.06,75.72,75.75
1090218,1600,76.25,76.49,75.09,75.76
1090219,1600,76.43,76.5,74.8,75.03
1090220,1600,73.32,74.71,72.48,73.73
1090223,1600,74.24,74.41,71.07,71.15
1090224,1600,71.57,73.8,71.15,73.38
1090225,1600,73.03,74.05,71.56,72.67
1090226,1600,73.48,74.07,71.76,71.84
1090227,1600,70.63,72.0,70.37,70.76
1090302,1600,69.65,69.82,67.59,67.83
1090303,1600,68.48,68.6,67.09,67.21
1090304,1600,68.35,69.88,67.63,68.77
1090305,1600,67.5,68.05,65.53,66.07
1090306,1600,66.54,67.63,64.78,66.5
1090309,1600,65.51,67.17,65.25,65.44
1090310,1600,66.62,69.23,66.54,69.14
1090311,1600,69.69,70.32,68.82,69.48
1090312,1600,69.38,71.99,68.85,71.77
1090313,1600,72.19,72.59,71.2,72.32
1090316,1600,72.97,74.07,72.2,72.31
1090317,1600,72.29,74.12,71.86,74.08
1090318,1600,73.49,75.89,72.72,74.97
1090319,1600,75.83,75.87,73.83,74.11
1090320,1600,74.43,74.56,72.53,72.74
1090323,1600,74.55,77.78,74.17,77.76
1090324,1600,76.91,77.95,76.44,76.7
1090325,1600,77.25,78.62,75.48,77.41
1090326,1600,78.18,79.3,77.52,79.1
1090327,1600,78.14,78.42,77.33,77.81
1090330,1600,76.09,76.12,74.37,75.25
1090331,1600,76.04,77.23,75.2,75.84
1090401,1600,74.88,77.87,74.8,77.53
1090402,1600,79.38,80.76,78.98,79.71
1090403,1600,79.76,80.19,78.96,80.16
1090406,1600,79.46,79.93,78.6,79.76
1090407,1600,78.74,78.74,77.69,77.89
1090408,1600,78.18,78.94,77.57,78.37
1090409,1600,80.01,80.92,79.76,80.89
1090413,1600,80.03,81.18,79.69,80.55
1090414,1600,79.97,80.34,79.08,79.27
1090415,1600,79.04,80.46,78.74,80.3
1090416,1600,80.86,81.79,79.71,81.26
1090417,1600,81.44,81.85,80.82,81.31
1090420,1600,80.05,80.16,78.35,78.52
1090421,1600,77.83,79.76,77.81,79.59
1090422,1600,79.03,80.45,78.66,78.81
1090423,1600,78.94,79.85,78.02,79.65
1090424,1600,80.1,81.27,79.93,80.73
1090427,1600,79.77,81.23,79.66,80.26
1090428,1600,79.47,80.95,79.37,80.12
1090429,1600,80.82,82.55,80.69,81.77
1090430,1600,82.73,83.06,81.35,81.67
1090501,1600,81.79,82.19,80.96,82.16
1090504,1600,82.74,84.3,82.6,84.24
1090505,1600,84.06,84.56,83.61,84.16
1090506,1600,85.05,85.27,84.19,85.2
1090507,1600,85.8,85.91,83.65,84.17
1090508,1600,85.14,85.97,84.61,85.72
1090511,1600,84.76,84.99,84.2,84.43
1090512,1600,84.77,85.28,83.77,84.72
1090513,1600,83.71,83.86,82.8,83.13
1090514,1600,83.12,83.97,82.94,83.39
1090515,1600,83.15,83.95,82.28,82.78
1090518,1600,83.58,85.12,83.5,85.12
1090519,1600,84.94,85.39,84.63,84.74
1090520,1600,85.34,85.97,84.1,84.19
1090521,1600,83.28,83.33,82.3,83.1
1090522,1600,83.42,83.74,82.66,82.87
1090526,1600,82.27,85.06,82.27,84.85
1090527,1600,84.97,85.07,82.97,83.16
1090528,1600,83.79,84.45,82.53,84.02
1090529,1600,84.39,85.76,83.76,85.39
1090601,1600,86.28,87.67,86.05,87.35
1090602,1600,87.14,87.97,86.93,87.5
1090603,1600,87.02,87.11,86.08,86.95
1090604,1600,86.91,87.66,86.49,87.51
1090605,1600,88.25,88.55,87.12,87.91
1090608,1600,87.22,88.4,86.5,87.74
1090609,1600,87.97,88.23,87.44,87.74
1090610,1600,88.55,88.58,86.58,87.65
1090611,1600,87.86,89.02,87.8,87.86
1090612,1600,87.6,88.33,87.37,88.31
1090615,1600,87.23,87.28,86.0,86.49
1090616,1600,86.69,86.76,85.22,85.26
1090617,1600,85.22,85.86,84.83,85.23
1090618,1600,85.28,86.15,84.98,85.62
1090619,1600,85.96,86.1,84.92,85.31
1090622,1600,84.58,84.77,83.32,83.32
1090623,1600,83.42,83.71,82.85,83.18
1090624,1600,83.74,84.28,82.58,83.03
1090625,1600,82.69,84.9,82.57,84.72
1090626,1600,84.46,84.69,84.02,84.27
1090629,1600,84.51,85.35,84.3,85.25
1090630,1600,85.33,85.64,83.96,84.66
1090701,1600,84.98,85.83,84.93,85.03
1090702,1600,84.0,84.04,82.95,82.99
1090706,1600,82.21,83.31,82.08,83.25
1090707,1600,83.16,83.19,81.54,81.55
1090708,1600,81.93,82.28,80.96,81.93
1090709,1600,82.24,82.41,81.53,81.77
1090710,1600,81.41,81.94,81.02,81.44
1090713,1600,81.69,83.39,81.39,83.31
1090714,1600,83.54,83.71,82.93,83.66
1090715,1600,84.59,86.36,84.54,86.2
1090716,1600,86.11,87.5,86.03,87.23
1090717,1600,87.22,87.54,86.72,87.46
1090720,1600,87.88,88.54,87.54,88.33
1090721,1600,89.13,89.27,88.1,89.17
1090722,1600,88.76,89.53,88.63,88.88
1090723,1600,88.9,91.0,88.84,90.63
1090724,1600,90.4,91.03,90.07,90.97
1090727,1600,90.86,91.27,90.37,91.14
1090728,1600,90.61,91.28,90.08,90.99
1090729,1600,90.68,90.95,90.16,90.68
1090730,1600,91.58,92.48,91.27,91.42
1090731,1600,91.47,92.21,91.36,91.67
1090803,1600,92.47,93.0,91.97,92.86
1090804,1600,92.59,93.24,92.54,93.19
1090805,1600,93.13,93.22,92.12,92.83
1090806,1600,93.24,93.35,92.19,92.63
1090807,1600,93.55,94.5,93.11,93.79
1090810,1600,93.49,93.81,93.0,93.5
1090811,1600,93.19,93.23,92.3,92.58
1090812,1600,92.55,94.42,92.53,93.77
1090813,1600,94.14,94.26,93.17,94.19
1090814,1600,94.07,94.12,92.5,93.41
1090817,1600,91.87,91.98,91.4,91.61
1090818,1600,91.88,92.59,91.75,92.3
1090819,1600,91.69,93.45,91.57,93.13
1090820,1600,93.15,93.95,92.93,93.79
1090821,1600,93.98,95.21,93.9,95.03
1090824,1600,95.43,95.91,94.89,95.13
1090825,1600,95.45,96.82,95.28,95.48
1090826,1600,95.26,95.85,94.87,95.46
1090827,1600,95.5,96.12,94.6,95.82
1090828,1600,96.39,96.45,95.01,95.58
1090831,1600,94.71,95.09,94.41,95.05
1090901,1600,94.6,95.66,92.98,93.21
1090902,1600,92.94,93.42,92.71,92.83
1090903,1600,93.24,93.61,92.63,93.45
1090904,1600,93.57,94.57,93.3,94.45
1090908,1600,95.2,95.22,94.62,95.06
1090909,1600,95.09,95.91,94.87,95.53
1090910,1600,95.57,96.46,95.19,96.34
1090911,1600,96.37,96.63,95.86,96.22
1090914,1600,95.44,96.45,95.4,96.32
1090915,1600,96.5,97.31,95.96,96.9
1090916,1600,97.32,98.15,96.94,98.08
1090917,1600,97.97,98.72,97.64,98.06
1090918,1600,98.34,98.46,97.92,98.11
1090921,1600,97.56,98.04,97.23,97.74
1090922,1600,98.31,98.42,97.69,98.21
1090923,1600,98.36,99.16,97.4,97.58
1090924,1600,97.75,98.02,96.62,96.99
1090925,1600,96.88,97.35,96.38,96.74
1090928,1600,97.01,98.24,96.95,97.84
1090929,1600,97.95,98.36,97.39,97.44
1090930,1600,97.62,97.79,96.07,97.09
1091001,1600,96.92,96.94,95.01,95.12
1091002,1600,94.22,95.27,94.2,94.86
1091005,1600,95.07,96.28,94.8,95.97
1091006,1600,96.58,97.77,96.56,97.29
1091007,1600,97.13,97.48,96.83,97.28
1091008,1600,97.94,98.45,97.54,97.91
1091009,1600,97.87,98.72,97.69,98.69
1091012,1600,99.0,99.39,98.56,98.94
1091013,1600,98.64,99.02,98.22,98.83
1091014,1600,99.77,100.36,99.43,100.23
1091015,1600,99.87,100.67,99.84,100.65
1091016,1600,99.74,100.21,99.37,99.99
1091019,1600,100.11,101.17,99.93,100.86
1091020,1600,100.97,101.01,99.9,100.39
1091021,1600,100.22,101.2,99.41,99.43
1091022,1600,99.62,101.09,99.2,100.74
1091023,1600,100.98,101.07,99.37,99.83
1091026,1600,99.9,100.77,98.52,98.81
1091027,1600,98.95,99.53,98.4,98.82
1091028,1600,98.62,99.07,97.62,97.68
1091029,1600,98.34,99.74,98.05,99.54
1091030,1600,99.35,99.64,96.87,97.06
1091102,1600,97.4,99.0,96.82,97.85
1091103,1600,97.26,97.93,97.07,97.8
1091104,1600,98.38,99.38,97.94,98.17
1091105,1600,98.86,100.23,98.81,100.16
1091106,1600,99.65,100.6,99.43,100.37
1091109,1600,101.07,102.44,100.91,102.42
1091110,1600,102.27,102.8,102.15,102.69
1091111,1600,103.11,103.62,102.64,103.13
1091112,1600,102.96,103.41,101.9,102.17
1091113,1600,102.35,103.25,102.1,102.91
1091116,1600,103.4,104.57,103.35,104.26
1091117,1600,104.09,104.64,103.86,104.59
1091118,1600,104.5,104.62,103.91,104.55
1091119,1600,104.04,104.07,102.87,103.65
1091120,1600,102.92,103.45,102.72,103.25
1091123,1600,104.2,104.98,104.13,104.46
1091124,1600,104.44,104.56,103.59,104.36
1091125,1600,104.54,104.84,104.2,104.63
1091127,1600,102.46,103.84,102.23,103.18
1091130,1600,103.11,103.74,102.71,103.58
1091201,1600,104.28,105.13,104.27,104.73
1091202,1600,104.74,105.25,104.32,104.58
1091203,1600,104.85,105.18,103.59,103.69
1091204,1600,104.96,105.27,103.2,103.99
1091207,1600,103.83,104.53,103.69,104.05
1091208,1600,103.42,103.44,101.75,102.94
1091209,1600,102.96,103.56,102.48,103.45
1091210,1600,103.99,104.62,103.95,104.18
1091211,1600,104.51,105.04,104.25,104.92
1091214,1600,105.32,105.38,104.92,105.2
1091215,1600,104.91,105.15,104.47,104.74
1091216,1600,105.09,105.31,104.47,104.67
1091217,1600,104.04,104.15,103.29,103.38
1091218,1600,103.45,103.64,102.43,103.14
1091221,1600,103.56,104.39,103.52,103.88
1091222,1600,104.22,104.61,104.05,104.45
1091223,1600,104.65,104.72,104.17,104.45
1091224,1600,104.57,105.04,104.55,105.0
1091228,1600,105.2,105.35,104.89,105.29
1091229,1600,105.49,105.64,105.25,105.29
1091230,1600,104.93,105.33,104.88,105.22
1091231,1600,105.34,105.39,104.03,104.07
1100104,1600,104.84,105.87,104.76,105.66
1100105,1600,105.61,105.67,104.97,105.49
1100106,1600,105.5,105.85,105.36,105.56
1100107,1600,105.38,106.02,104.95,105.94
1100108,1600,105.67,106.11,105.44,106.11
1100111,1600,106.4,106.66,105.82,106.54
1100112,1600,105.85,106.42,105.58,106.14
1100113,1600,106.33,106.99,106.04,106.75
1100114,1600,106.64,107.15,106.58,107.03
1100115,1600,106.94,106.98,105.54,106.01
1100119,1600,105.9,107.23,105.86,107.17
1100120,1600,106.5,106.54,105.13,106.02
1100121,1600,105.97,106.11,103.71,103.71
1100122,1600,103.38,103.86,101.55,101.63
1100125,1600,102.39,102.52,101.67,101.91
1100126,1600,101.66,103.06,101.48,101.88
1100127,1600,101.67,102.51,100.99,102.3
1100128,1600,102.59,102.62,100.51,101.2
1100129,1600,101.56,102.36,100.41,100.55
1100201,1600,101.21,102.35,101.07,101.84
1100202,1600,101.95,103.1,101.68,102.88
1100203,1600,102.62,103.06,102.34,102.63
1100204,1600,101.95,102.07,100.01,100.04
1100205,1600,100.15,100.34,98.36,100.16
1100208,1600,100.0,100.38,99.12,99.22
1100209,1600,100.16,101.49,99.84,100.65
1100210,1600,100.55,100.97,99.75,100.52
1100211,1600,100.42,101.75,99.87,101.58
1100212,1600,100.53,101.37,99.99,101.27
1100216,1600,102.01,102.97,101.59,102.81
1100217,1600,103.16,103.44,102.95,103.38
1100218,1600,103.17,104.3,103.16,104.17
1100219,1600,103.7,104.39,103.42,103.99
1100222,1600,104.38,104.38,103.71,103.84
1100223,1600,103.61,104.14,102.69,102.87
1100224,1600,103.18,103.95,102.99,103.7
1100225,1600,102.25,103.34,101.92,103.3
1100226,1600,103.35,103.61,102.78,103.3
1100301,1600,103.67,104.2,103.58,104.02
1100302,1600,104.43,104.64,103.95,104.01
1100303,1600,104.35,104.77,103.83,104.09
1100304,1600,104.24,104.57,103.96,104.5
1100305,1600,104.99,105.77,104.87,105.76
1100308,1600,105.72,105.96,105.5,105.59
1100309,1600,105.44,106.23,105.41,105.71
1100310,1600,105.82,106.14,105.38,105.77
1100311,1600,105.64,106.29,105.24,106.28
1100312,1600,106.64,106.68,106.13,106.42
1100315,1600,106.3,106.63,105.87,106.57
1100316,1600,106.78,107.12,106.41,107.07
1100317,1600,107.31,107.87,107.23,107.52
1100318,1600,107.53,108.03,107.46,107.95
1100319,1600,107.34,108.17,106.92,107.34
1100322,1600,106.95,108.07,106.92,107.79
1100323,1600,108.03,108.92,107.83,108.87
1100324,1600,108.52,108.81,108.22,108.4
1100325,1600,108.99,109.53,108.32,108.44
1100326,1600,108.63,109.07,108.13,108.43
1100329,1600,108.79,109.16,108.67,108.92
1100330,1600,109.01,109.38,108.67,109.13
1100331,1600,108.82,109.04,108.32,108.61
1100401,1600,109.24,109.58,108.66,109.28
1100405,1600,109.59,109.88,109.25,109.73
1100406,1600,109.45,109.87,109.28,109.72
1100407,1600,109.55,109.7,108.52,109.05
1100408,1600,108.71,109.57,108.5,109.37
1100409,1600,109.52,110.08,109.41,110.06
1100412,1600,110.14,110.36,109.98,110.18
1100413,1600,110.0,110.44,109.53,110.25
1100414,1600,110.6,111.32,110.43,111.29
1100415,1600,111.08,111.62,111.04,111.56
1100416,1600,111.26,111.5,109.7,110.18
1100419,1600,109.86,110.91,109.74,110.84
1100420,1600,111.22,111.43,110.78,111.1
1100421,1600,111.14,111.5,110.69,111.16
1100422,1600,110.61,111.51,110.15,111.35
1100423,1600,111.29,112.04,111.05,111.96
1100426,1600,112.11,112.58,112.02,112.08
1100427,1600,111.76,112.18,109.73,109.87
1100428,1600,110.38,110.84,109.69,110.55
1100429,1600,110.94,112.0,110.92,111.69
1100430,1600,111.81,112.0,110.04,110.1
1100503,1600,110.57,111.82,110.57,111.54
1100504,1600,110.51,110.54,108.7,109.36
1100505,1600,108.55,109.56,108.25,108.8
1100506,1600,108.37,109.15,99.16,105.26
1100507,1600,105.02,105.94,102.54,103.78
1100510,1600,107.57,108.47,107.0,108.0
1100511,1600,107.14,108.93,106.98,107.67
1100512,1600,108.08,109.35,107.95,109.26
1100513,1600,108.95,109.46,107.97,108.1
1100514,1600,107.45,107.67,105.62,106.51
1100517,1600,106.69,106.92,104.66,106.52
1100518,1600,107.29,107.51,105.14,105.39
1100519,1600,104.96,105.58,103.59,104.77
1100520,1600,102.97,103.25,101.0,101.11
1100521,1600,99.3,101.97,99.02,101.84
1100524,1600,101.37,101.98,100.53,100.68
1100525,1600,98.53,100.57,97.75,100.46
1100526,1600,100.88,101.8,99.52,99.68
1100527,1600,101.44,102.73,101.07,102.72
1100528,1600,102.59,102.63,101.04,101.47
1100601,1600,100.67,102.29,100.23,100.32
1100602,1600,100.86,102.65,100.41,102.61
1100603,1600,102.99,103.26,101.84,102.69
1100604,1600,100.97,101.18,99.0,99.44
1100607,1600,99.66,99.92,98.2,98.27
1100608,1600,98.36,99.67,97.7,99.44
1100609,1600,99.98,100.78,98.8,99.15
1100610,1600,100.6,101.98,100.6,101.88
1100611,1600,101.07,102.35,101.02,102.31
1100614,1600,102.99,103.49,102.04,102.14
1100615,1600,102.81,104.29,102.1,104.17
1100616,1600,103.69,104.48,103.52,104.29
1100617,1600,104.51,104.62,103.38,104.56
1100618,1600,104.51,104.84,104.23,104.49
1100621,1600,105.73,105.96,103.96,104.45
1100622,1600,104.5,104.94,102.84,102.93
1100623,1600,103.08,103.68,102.27,102.99
1100624,1600,102.51,102.64,101.3,101.56
1100625,1600,101.8,102.03,100.83,101.72
1100628,1600,101.69,102.05,101.04,101.44
1100629,1600,100.19,100.23,98.13,98.73
1100630,1600,98.51,99.13,97.59,97.73
1100701,1600,97.75,98.0,96.26,97.34
1100702,1600,97.53,97.74,96.17,96.87
1100706,1600,97.99,98.62,96.61,97.45
1100707,1600,97.54,100.37,97.5,100.29
1100708,1600,100.9,101.51,100.4,101.51
1100709,1600,101.46,102.13,101.28,102.11
1100712,1600,101.85,102.3,101.55,102.25
1100713,1600,103.22,104.18,103.17,103.73
1100714,1600,103.53,104.09,103.12,103.75
1100715,1600,103.72,103.88,102.49,103.7
1100716,1600,103.01,103.11,100.83,101.01
1100719,1600,101.41,101.9,100.76,101.62
1100720,1600,100.1,102.4,100.04,102.33
1100721,1600,102.67,102.7,100.72,101.23
1100722,1600,102.25,103.71,102.22,103.25
1100723,1600,103.11,104.5,102.92,104.27
1100726,1600,104.41,105.33,104.21,105.26
1100727,1600,105.75,105.84,105.0,105.44
1100728,1600,105.24,105.55,104.69,105.09
1100729,1600,105.66,105.93,103.92,104.67
1100730,1600,103.8,105.13,103.54,104.7
1100802,1600,106.08,106.99,105.88,106.73
1100803,1600,106.48,106.83,106.06,106.39
1100804,1600,106.65,107.15,106.38,106.96
1100805,1600,106.43,106.88,106.23,106.88
1100806,1600,105.92,106.73,105.31,106.69
1100809,1600,107.0,107.37,106.64,107.12
1100810,1600,106.36,107.18,105.67,106.66
1100811,1600,105.19,105.21,103.91,104.13
1100812,1600,102.85,103.87,102.78,103.45
1100813,1600,103.21,103.8,103.1,103.35
1100816,1600,102.81,103.59,102.38,103.28
1100817,1600,103.99,105.12,103.67,104.33
1100818,1600,104.26,105.11,103.68,104.57
1100819,1600,104.08,104.31,102.55,103.06
1100820,1600,102.43,102.48,101.47,102.14
1100823,1600,102.54,103.05,101.7,101.76
1100824,1600,100.73,101.15,99.91,100.4
1100825,1600,99.91,100.98,99.37,100.61
1100826,1600,100.96,101.06,99.67,99.93
1100827,1600,100.53,101.63,99.4,101.58
1100830,1600,101.23,101.54,100.16,100.17
1100831,1600,99.89,100.85,99.52,100.2
1100901,1600,101.36,102.9,101.33,102.8
1100902,1600,102.91,103.29,102.62,103.28
1100903,1600,104.22,104.63,103.29,104.58
1100907,1600,104.16,104.29,103.41,103.56
1100908,1600,103.71,104.4,103.68,103.98
1100909,1600,104.98,105.0,103.97,104.25
1100910,1600,104.42,104.82,104.15,104.78
1100913,1600,105.65,105.86,105.06,105.67
1100914,1600,105.48,106.07,105.17,105.44
1100915,1600,105.2,106.06,104.98,105.94
1100916,1600,105.67,106.24,105.4,106.19
1100917,1600,106.35,106.49,105.65,106.07
1100920,1600,106.4,107.72,106.2,107.52
1100921,1600,107.54,108.31,107.17,107.62
1100922,1600,107.56,108.04,107.08,107.4
1100923,1600,106.64,107.62,106.41,106.67
1100924,1600,107.77,108.66,107.67,108.57
1100927,1600,108.57,108.73,108.08,108.19
1100928,1600,108.36,108.87,107.3,108.56
1100929,1600,108.35,108.71,108.0,108.31
1100930,1600,108.91,109.52,107.47,107.91
1101001,1600,108.55,108.73,107.84,108.32
1101004,1600,108.16,108.55,107.07,107.57
1101005,1600,108.41,109.68,108.27,109.4
1101006,1600,109.44,109.83,109.27,109.77
1101007,1600,110.09,110.11,109.01,109.6
1101008,1600,109.66,110.41,109.38,110.16
1101011,1600,110.29,110.4,109.88,110.26
1101012,1600,109.93,110.63,109.21,110.26
1101013,1600,110.82,111.64,110.66,111.06
1101014,1600,111.05,111.23,110.31,111.07
1101015,1600,111.43,111.47,110.11,110.68
1101018,1600,110.68,111.59,110.55,111.01
1101019,1600,110.29,110.68,109.17,109.84
1101020,1600,110.09,111.58,109.82,111.09
1101021,1600,111.58,112.21,110.7,111.54
1101022,1600,111.59,111.68,111.15,111.36
1101025,1600,111.9,112.55,111.66,111.71
1101026,1600,111.2,111.91,110.93,111.76
1101027,1600,111.12,111.46,110.26,111.31
1101028,1600,111.77,111.86,110.58,111.1
1101029,1600,111.02,111.38,110.81,111.31
1101101,1600,111.68,112.51,110.67,111.32
1101102,1600,112.01,112.28,111.85,111.88
1101103,1600,112.07,112.37,111.06,112.3
1101104,1600,113.31,114.52,113.24,114.43
1101105,1600,114.45,114.63,114.05,114.54
1101108,1600,114.14,114.35,113.78,114.22
1101109,1600,114.38,114.41,113.23,113.69
1101110,1600,113.62,113.89,112.76,113.73
1101111,1600,112.9,113.26,112.53,113.08
1101112,1600,112.46,112.99,111.65,112.16
1101115,1600,112.32,113.03,112.18,112.25
1101116,1600,111.59,111.74,110.07,110.5
1101117,1600,110.64,110.79,110.26,110.44
1101118,1600,111.36,112.37,111.35,112.15
1101119,1600,111.66,112.06,111.18,112.01
1101122,1600,111.55,111.86,110.54,111.82
1101123,1600,110.78,110.81,109.9,110.39
1101124,1600,111.0,111.96,111.0,111.85
1101126,1600,110.94,111.35,110.64,110.64
1101129,1600,110.26,110.86,109.4,110.65
1101130,1600,109.67,110.76,109.56,110.17
1101201,1600,111.68,112.9,111.59,112.67
1101202,1600,112.77,113.87,112.75,113.74
1101203,1600,113.34,114.02,113.31,113.94
1101206,1600,113.78,114.05,113.63,113.74
1101207,1600,114.62,114.71,113.67,113.73
1101208,1600,113.7,114.08,113.45,113.89
1101209,1600,114.35,114.39,113.51,113.92
1101210,1600,114.1,114.34,113.77,114.29
1101213,1600,114.67,115.03,114.43,114.49
1101214,1600,114.63,115.38,114.59,115.01
1101215,1600,114.91,115.44,114.68,114.89
1101216,1600,114.99,115.39,114.42,115.24
1101217,1600,114.93,114.99,114.48,114.95
1101220,1600,115.14,115.15,114.38,114.75
1101221,1600,115.11,115.46,114.99,115.31
1101222,1600,115.35,115.66,115.25,115.58
1101223,1600,115.51,115.79,115.4,115.73
1101227,1600,115.36,115.64,115.15,115.54
1101228,1600,115.77,115.88,115.34,115.79
1101229,1600,115.71,115.98,115.62,115.65
1101230,1600,115.53,115.71,115.26,115.45
1101231,1600,115.32,115.73,115.04,115.63
1110103,1600,116.41,116.86,116.36,116.41
1110104,1600,116.71,116.73,116.11,116.64
1110105,1600,116.46,117.19,116.3,117.04
1110106,1600,117.14,117.19,116.5,116.78
1110107,1600,116.91,117.1,115.82,116.57
1110110,1600,116.16,116.34,115.56,116.2
1110111,1600,116.63,116.86,116.17,116.55
1110112,1600,117.15,117.65,117.01,117.4
1110113,1600,117.37,117.38,116.82,117.2
1110114,1600,116.88,117.77,116.81,117.69
1110118,1600,117.76,118.43,117.74,118.23
1110119,1600,118.35,118.49,117.86,118.16
1110120,1600,117.84,118.34,117.33,118.12
1110121,1600,118.71,118.8,117.97,118.46
1110124,1600,118.36,119.58,118.34,119.56
1110125,1600,119.3,119.59,118.71,119.49
1110126,1600,119.55,119.94,119.34,119.61
1110127,1600,119.62,119.93,119.45,119.64
1110128,1600,119.66,119.86,117.76,118.02
1110131,1600,118.25,118.65,117.88,118.6
1110201,1600,119.16,120.23,119.08,120.09
1110202,1600,119.89,120.32,119.89,120.1
1110203,1600,120.03,120.57,119.56,120.37
1110204,1600,120.37,120.69,120.02,120.69
1110207,1600,120.88,121.65,120.85,121.35
1110208,1600,121.45,122.22,121.33,122.14
1110209,1600,122.11,122.4,121.75,122.28
1110210,1600,121.77,122.25,121.43,122.17
1110211,1600,121.82,122.76,121.71,122.65
1110214,1600,122.49,122.71,122.3,122.61
1110215,1600,122.34,122.37,121.88,122.2
1110216,1600,122.49,123.06,122.37,122.88
1110217,1600,122.65,123.34,122.57,123.16
1110218,1600,122.97,123.64,122.82,123.6
1110222,1600,122.87,123.28,121.49,121.89
1110223,1600,121.67,121.77,120.36,120.85
1110224,1600,120.77,121.04,119.56,120.42
1110225,1600,120.94,121.33,120.74,121.14
1110228,1600,121.5,122.18,121.44,122.15
1110301,1600,122.4,122.48,120.37,120.37
1110302,1600,120.25,120.98,120.0,120.45
1110303,1600,121.44,122.66,121.43,122.36
1110304,1600,122.43,122.53,120.6,121.47
1110307,1600,121.77,122.26,120.21,120.71
1110308,1600,120.87,122.39,120.58,121.99
1110309,1600,121.87,122.46,121.45,122.01
1110310,1600,120.95,121.05,119.62,119.73
1110311,1600,119.27,120.84,119.22,120.42
1110314,1600,119.77,120.11,118.92,119.85
1110315,1600,117.1,119.13,116.92,118.43
1110316,1600,117.99,118.21,115.51,116.16
1110317,1600,117.45,117.98,116.91,117.69
1110318,1600,118.83,119.01,118.0,118.27
1110321,1600,119.55,120.52,119.55,120.07
1110322,1600,120.15,120.24,119.77,119.92
1110323,1600,119.68,120.91,119.44,120.63
1110324,1600,121.25,121.65,120.72,121.46
1110325,1600,121.7,122.33,121.6,121.96
1110328,1600,122.11,122.46,121.7,121.76
1110329,1600,121.74,122.6,121.49,122.51
1110330,1600,123.0,123.58,122.94,123.21
1110331,1600,123.18,123.56,122.95,123.02
1110401,1600,123.59,123.95,123.14,123.46
1110404,1600,123.64,123.84,123.45,123.76
1110405,1600,123.52,124.14,123.26,123.65
1110406,1600,124.21,124.36,123.8,124.17
1110407,1600,124.04,124.25,123.11,123.91
1110408,1600,124.29,124.35,123.05,123.65
1110411,1600,123.79,124.28,123.36,123.64
1110412,1600,122.92,123.1,122.17,122.46
1110413,1600,123.17,123.21,122.08,122.55
1110414,1600,121.97,122.89,121.46,122.72
1110415,1600,122.88,123.42,122.45,123.19
1110418,1600,121.83,121.88,120.65,121.74
1110419,1600,121.96,122.49,121.73,122.39
1110420,1600,123.93,124.53,123.76,124.34
1110421,1600,124.63,124.81,124.19,124.79
1110425,1600,124.66,124.71,124.21,124.55
1110426,1600,124.79,125.88,124.65,125.7
1110427,1600,125.88,126.87,125.67,126.69
1110428,1600,126.56,127.54,126.54,127.42
1110429,1600,127.56,128.12,127.54,128.04
1110502,1600,128.6,128.63,127.62,127.84
1110503,1600,127.76,128.18,127.27,127.82
1110504,1600,127.67,127.76,126.51,126.97
1110505,1600,126.58,126.84,125.0,125.64
1110506,1600,126.73,127.44,125.83,126.27
1110509,1600,126.24,127.07,126.04,126.71
1110510,1600,126.96,127.67,126.81,127.45
1110511,1600,127.2,127.25,125.74,126.31
1110512,1600,125.96,127.16,125.37,126.99
1110513,1600,126.98,127.12,125.41,125.96
1110516,1600,125.57,126.42,125.29,125.47
1110517,1600,124.93,125.26,123.85,124.81
1110518,1600,124.89,125.85,124.56,125.71
1110519,1600,126.11,126.48,125.46,126.18
1110520,1600,125.51,125.66,124.57,124.85
1110523,1600,123.22,123.88,123.03,123.52
1110524,1600,123.81,123.96,123.21,123.3
1110525,1600,122.84,124.13,122.8,123.65
1110526,1600,123.41,124.17,122.92,123.8
1110527,1600,124.18,124.65,123.98,124.23
1110531,1600,125.33,125.55,124.6,125.5
1110601,1600,125.13,125.18,122.62,122.7
1110602,1600,122.76,122.87,121.72,122.3
1110603,1600,120.88,122.0,120.84,121.32
1110606,1600,121.1,121.34,120.51,120.73
1110607,1600,121.28,121.6,120.47,120.49
1110608,1600,120.41,120.83,120.08,120.3
1110609,1600,120.59,121.68,120.43,121.12
1110610,1600,120.65,120.74,119.21,119.37
1110613,1600,119.73,120.04,119.09,119.46
1110614,1600,120.25,121.14,120.21,120.7
1110615,1600,119.65,120.06,118.55,118.88
1110616,1600,118.84,119.85,118.69,119.53
1110617,1600,120.23,120.47,119.43,119.74
1110620,1600,119.35,120.74,119.34,120.54
1110621,1600,120.98,121.91,120.74,121.59
1110622,1600,121.15,121.81,120.79,120.81
1110623,1600,119.62,120.34,118.49,120.32
1110624,1600,120.23,120.31,118.99,119.2
1110627,1600,119.27,120.73,119.08,120.2
1110628,1600,120.63,121.65,120.49,121.61
1110629,1600,122.0,122.61,121.49,122.45
1110630,1600,122.9,124.02,122.76,123.83
1110701,1600,124.09,125.72,123.8,125.58
1110705,1600,125.54,125.81,125.16,125.49
1110706,1600,125.38,126.26,125.23,126.09
1110707,1600,126.83,127.37,126.6,127.1
1110708,1600,126.03,126.42,125.5,126.39
1110711,1600,125.17,125.46,124.54,124.95
1110712,1600,124.86,125.54,124.31,124.33
1110713,1600,124.96,125.94,124.49,124.8
1110714,1600,124.89,125.67,123.97,124.21
1110715,1600,124.71,124.77,123.78,124.56
1110718,1600,123.9,124.02,122.72,123.62
1110719,1600,124.4,125.82,124.32,125.63
1110720,1600,125.77,125.83,125.26,125.46
1110721,1600,126.03,127.3,125.73,127.03
1110722,1600,126.88,127.02,126.22,126.6
1110725,1600,125.34,126.34,125.13,125.76
1110726,1600,125.36,125.53,124.67,124.83
1110727,1600,124.37,124.39,122.69,122.84
1110728,1600,122.82,123.66,122.07,122.28
1110729,1600,121.08,122.23,120.64,121.13
1110801,1600,122.74,122.96,119.77,121.11
1110802,1600,120.32,121.0,118.42,118.46
1110803,1600,118.6,118.89,116.83,118.8
1110804,1600,117.32,117.57,113.56,113.71
1110805,1600,115.13,115.56,111.26,114.25
1110808,1600,111.27,113.03,108.02,108.07
1110809,1600,109.66,112.38,105.94,112.37
1110810,1600,110.22,110.67,106.87,107.17
1110811,1600,108.2,112.82,107.83,111.25
1110812,1600,112.49,113.49,111.58,112.8
1110815,1600,113.78,114.88,113.44,114.81
1110816,1600,113.94,114.91,112.97,114.08
1110817,1600,114.7,115.46,113.38,114.26
1110818,1600,111.6,111.7,109.01,110.07
1110819,1600,108.29,110.63,107.77,107.91
1110822,1600,110.18,110.3,108.01,108.3
1110823,1600,108.85,111.47,108.43,111.37
1110824,1600,111.25,113.07,110.91,112.95
1110825,1600,113.39,113.78,110.81,111.26
1110826,1600,110.72,113.07,109.09,112.7
1110829,1600,113.97,115.2,113.92,115.14
1110830,1600,114.83,116.16,114.13,115.35
1110831,1600,116.16,116.97,115.12,115.95
1110901,1600,116.09,117.03,114.72,114.87
1110902,1600,112.74,113.28,111.95,112.28
1110906,1600,109.4,111.46,109.18,111.21
1110907,1600,112.74,114.02,112.4,113.94
1110908,1600,113.38,114.68,112.73,112.87
1110909,1600,111.64,111.7,109.22,109.82
1110912,1600,108.37,110.55,108.15,110.51
1110913,1600,110.68,111.37,109.82,110.92
1110914,1600,111.49,113.83,109.87,112.4
1110915,1600,113.43,114.33,112.83,114.26
1110916,1600,114.61,115.13,113.81,114.86
1110919,1600,113.1,114.22,112.29,113.72
1110920,1600,114.26,115.26,113.48,113.88
1110921,1600,113.93,114.23,110.88,110.95
1110922,1600,107.95,108.4,105.72,107.07
1110923,1600,106.44,107.87,106.13,107.45
1110926,1600,108.41,110.33,107.48,110.24
1110927,1600,112.41,113.45,111.09,111.71
1110928,1600,112.1,112.96,109.74,109.83
1110929,1600,111.87,112.5,109.43,111.38
1110930,1600,109.81,111.16,108.87,108.93
1111003,1600,108.21,109.61,106.3,106.36
1111004,1600,105.08,108.09,103.84,107.72
1111005,1600,107.85,109.41,107.26,109.28
1111006,1600,109.3,111.21,108.47,111.09
1111007,1600,111.87,112.21,110.38,111.02
1111010,1600,112.6,114.24,112.59,114.21
1111011,1600,113.62,114.35,113.53,114.01
1111012,1600,114.77,116.12,114.41,114.99
1111013,1600,114.53,115.01,113.64,114.66
1111014,1600,115.82,116.35,115.16,116.34
1111017,1600,115.84,115.88,113.64,113.9
1111018,1600,113.54,116.42,112.83,115.51
1111019,1600,115.47,116.25,114.58,114.95
1111020,1600,115.07,115.77,113.84,115.33
1111021,1600,116.45,117.88,116.43,117.85
1111024,1600,118.17,119.16,118.01,118.88
1111025,1600,118.22,118.36,116.57,116.79
1111026,1600,118.38,118.66,116.68,118.41
1111027,1600,121.08,122.58,120.45,121.94
1111028,1600,121.58,122.24,121.36,122.04
1111031,1600,120.75,120.92,119.27,119.34
1111101,1600,116.9,117.67,116.03,116.38
1111102,1600,117.8,118.52,117.17,118.13
1111103,1600,119.23,120.41,118.16,120.19
1111104,1600,119.4,119.68,118.24,119.6
1111107,1600,119.52,120.5,118.55,120.45
1111108,1600,121.01,121.75,119.9,121.59
1111109,1600,119.33,119.67,117.24,117.69
1111110,1600,118.96,119.55,117.88,118.89
1111111,1600,120.24,121.71,120.22,121.53
1111114,1600,121.33,121.57,120.18,120.71
1111115,1600,120.38,121.58,119.93,120.87
1111116,1600,119.87,121.14,118.91,119.1
1111117,1600,119.06,119.51,116.79,117.83
1111118,1600,117.96,118.3,117.29,117.73
1111121,1600,116.11,116.32,114.28,115.16
1111122,1600,114.98,115.53,114.13,114.74
1111123,1600,113.75,113.89,112.33,112.33
1111125,1600,112.28,113.46,112.14,112.14
1111128,1600,114.78,115.48,114.31,115.1
1111129,1600,115.32,116.18,115.11,115.56
1111130,1600,118.41,120.39,118.41,120.19
1111201,1600,120.01,120.55,119.66,120.13
1111202,1600,121.22,121.4,120.0,120.06
1111205,1600,121.77,121.85,120.21,120.95
1111206,1600,120.96,122.09,120.68,121.39
1111207,1600,121.06,122.57,120.58,122.07
1111208,1600,121.5,121.81,119.64,119.94
1111209,1600,120.47,122.11,120.41,121.78
1111212,1600,120.91,120.96,119.38,120.24
1111213,1600,120.91,121.49,119.05,119.51
1111214,1600,119.08,119.49,117.91,118.32
1111215,1600,119.59,119.75,118.58,118.81
1111216,1600,119.1,119.4,117.89,118.22
1111219,1600,118.65,118.98,117.05,117.36
1111220,1600,119.11,120.88,119.07,120.68
1111221,1600,120.8,120.87,119.69,120.81
1111222,1600,121.14,121.55,120.91,121.53
1111223,1600,121.7,122.68,121.5,122.63
1111227,1600,122.48,123.0,122.4,122.67
1111228,1600,122.66,122.72,121.13,121.25
1111229,1600,121.52,122.68,121.46,122.52
1111230,1600,122.33,122.63,121.84,121.85
1120103,1600,123.94,124.53,123.61,123.63
1120104,1600,123.4,124.05,123.11,123.97
1120105,1600,123.46,124.11,122.59,123.95
1120106,1600,124.08,124.08,123.14,123.53
1120109,1600,123.69,123.91,123.14,123.66
1120110,1600,124.88,125.0,124.27,124.38
1120111,1600,124.04,124.45,123.8,124.29
1120112,1600,124.5,124.67,123.66,124.53
1120113,1600,123.71,124.16,122.92,124.16
1120117,1600,125.04,125.57,124.46,124.62
1120118,1600,124.53,125.72,124.41,125.62
1120119,1600,125.99,126.18,125.52,126.17
1120120,1600,126.04,126.96,125.95,126.96
1120123,1600,126.89,127.36,126.38,126.81
1120124,1600,126.1,126.55,125.87,126.43
1120125,1600,126.06,127.52,125.47,127.25
1120126,1600,127.85,128.13,126.65,127.06
1120127,1600,126.47,126.76,126.01,126.45
1120130,1600,125.39,126.31,125.0,126.23
1120131,1600,126.88,126.92,125.38,126.07
1120201,1600,127.07,127.59,126.77,126.91
1120202,1600,127.02,127.16,126.48,126.84
1120203,1600,128.04,128.49,127.83,128.37
1120206,1600,127.83,128.19,127.68,128.12
1120207,1600,127.95,128.76,127.55,128.51
1120208,1600,128.62,128.8,128.03,128.71
1120209,1600,128.96,129.12,128.3,128.76
1120210,1600,127.76,127.92,127.3,127.85
1120213,1600,128.68,128.77,128.08,128.59
1120214,1600,128.38,128.69,127.78,128.66
1120215,1600,129.0,129.04,127.57,127.86
1120216,1600,127.98,129.18,127.95,129.07
1120217,1600,129.31,129.39,128.86,129.23
1120221,1600,129.62,129.75,128.96,129.35
1120222,1600,129.23,129.5,128.85,129.14
1120223,1600,128.99,129.69,128.55,129.58
1120224,1600,129.77,129.9,129.25,129.62
1120227,1600,128.93,130.04,128.57,129.66
1120228,1600,129.64,130.04,129.34,129.86
1120229,1600,130.02,130.37,129.09,129.29
1120301,1600,129.6,130.16,129.23,129.57
1120302,1600,129.54,129.79,129.08,129.55
1120305,1600,129.42,129.59,128.64,129.42
1120306,1600,127.93,129.46,127.18,127.45
1120307,1600,127.64,128.45,127.46,128.23
1120308,1600,128.82,129.27,128.55,128.92
1120309,1600,129.22,129.59,128.94,129.15
1120312,1600,129.17,129.67,129.1,129.46
1120313,1600,130.05,131.77,129.85,131.68
1120314,1600,131.79,132.17,131.62,131.88
1120315,1600,132.01,132.49,131.67,132.41
1120316,1600,132.53,132.61,132.02,132.05
1120319,1600,131.91,132.4,131.78,132.07
1120320,1600,131.36,131.7,130.92,131.38
1120321,1600,131.53,131.61,130.81,130.99
1120322,1600,130.24,130.55,129.86,130.17
1120323,1600,130.22,130.71,129.71,130.6
1120326,1600,131.39,132.14,131.34,132.09
1120327,1600,132.22,132.35,131.65,131.67
1120328,1600,131.73,131.86,130.41,130.98
1120329,1600,130.27,131.24,130.04,131.13
1120330,1600,131.71,131.97,131.18,131.8
1120402,1600,131.56,132.68,131.23,132.3
1120403,1600,132.15,132.4,131.05,131.67
1120404,1600,130.66,130.77,129.95,130.51
1120405,1600,130.1,130.71,129.93,130.39
1120409,1600,128.96,129.59,128.84,129.12
1120410,1600,128.87,129.07,126.92,127.01
1120411,1600,128.17,128.29,127.74,127.85
1120412,1600,128.12,129.79,128.04,129.72
1120413,1600,129.32,129.36,128.27,128.4
1120416,1600,129.23,129.7,128.68,129.07
1120417,1600,129.83,131.13,129.81,130.94
1120418,1600,130.27,130.8,130.08,130.15
1120419,1600,130.23,130.67,128.82,129.54
1120420,1600,129.96,130.53,129.9,129.98
1120423,1600,128.74,129.08,128.16,129.02
1120424,1600,129.27,130.23,129.26,129.72
1120425,1600,130.5,130.83,130.11,130.64
1120426,1600,130.56,132.03,130.49,131.85
1120427,1600,132.09,132.41,131.66,132.0
1120430,1600,131.81,132.02,131.49,131.8
1120501,1600,131.85,133.14,131.4,132.53
1120502,1600,132.04,132.51,131.65,132.4
1120503,1600,132.41,132.58,131.5,131.81
1120504,1600,131.13,131.32,129.97,130.09
1120507,1600,129.5,130.25,129.45,129.84
1120508,1600,129.17,129.33,127.91,129.08
1120509,1600,128.0,129.12,127.38,128.34
1120510,1600,128.81,129.28,128.21,128.44
1120511,1600,127.8,129.16,127.73,128.18
1120514,1600,127.18,127.69,126.6,126.95
1120515,1600,126.82,127.59,126.07,126.31
1120516,1600,126.78,127.37,126.13,126.18
1120517,1600,126.21,126.25,124.55,124.57
1120518,1600,124.53,124.65,123.09,123.31
1120521,1600,123.69,124.81,123.44,124.81
1120522,1600,124.9,125.48,124.19,124.83
1120523,1600,123.95,124.8,122.82,124.71
1120524,1600,124.92,125.16,123.96,125.12
1120525,1600,124.93,125.1,123.97,124.26
1120529,1600,125.23,125.92,124.9,125.6
1120530,1600,124.53,124.61,123.74,123.99
1120531,1600,124.02,124.74,123.01,123.7
1120601,1600,122.13,122.42,120.91,121.01
1120604,1600,121.09,121.28,120.19,120.78
1120605,1600,120.64,121.32,120.52,121.09
1120606,1600,121.99,123.99,121.95,123.93
1120607,1600,125.17,125.43,124.26,124.52
1120608,1600,124.12,125.43,123.86,125.43
1120611,1600,126.38,126.49,123.85,123.98
1120612,1600,124.4,125.66,124.04,125.59
1120613,1600,125.34,125.94,124.48,124.89
1120614,1600,125.12,126.94,124.95,126.37
1120615,1600,126.77,127.48,126.64,127.34
1120618,1600,126.8,127.54,126.65,127.13
1120619,1600,127.73,128.71,127.51,128.06
1120620,1600,128.12,128.49,127.11,127.96
1120621,1600,128.15,128.34,125.34,125.44
1120622,1600,126.13,126.48,125.78,126.23
1120625,1600,125.06,125.09,124.32,124.76
1120626,1600,125.03,125.51,124.25,125.08
1120627,1600,125.4,126.23,125.32,126.01
1120628,1600,125.02,125.86,124.25,125.8
1120629,1600,127.75,128.57,127.44,128.45
1120702,1600,128.62,128.77,127.69,128.36
1120703,1600,128.37,129.23,128.24,129.15
1120705,1600,128.62,129.41,128.3,128.78
1120706,1600,127.79,127.81,126.87,127.57
1120709,1600,127.42,127.5,126.71,127.24
1120710,1600,127.96,128.14,125.91,126.35
1120711,1600,126.43,126.49,125.19,125.91
1120712,1600,125.21,126.16,124.77,125.57
1120713,1600,125.92,127.71,125.86,127.62
1120716,1600,127.25,127.51,126.75,127.12
1120717,1600,127.53,128.15,126.29,127.82
1120718,1600,127.49,129.15,127.43,128.96
1120719,1600,129.27,129.71,128.81,129.32
1120720,1600,128.35,128.66,127.81,128.04
1120723,1600,126.02,127.18,125.53,126.91
1120724,1600,126.93,127.01,124.94,125.86
1120725,1600,126.6,127.04,126.0,126.51
1120726,1600,128.17,129.03,127.93,128.58
1120727,1600,129.02,130.89,128.98,130.54
1120730,1600,130.31,130.99,130.12,130.4
1120731,1600,130.25,130.53,129.69,129.69
1120801,1600,130.47,130.5,129.18,129.45
1120802,1600,128.66,129.29,127.51,128.54
1120803,1600,130.06,131.07,129.88,130.73
1120806,1600,130.94,131.61,130.88,130.9
1120807,1600,131.32,131.89,131.29,131.38
1120808,1600,130.94,131.84,130.89,131.55
1120809,1600,131.5,131.87,131.11,131.57
1120810,1600,131.15,131.95,130.79,131.93
1120813,1600,131.74,131.9,131.02,131.62
1120814,1600,132.05,132.16,131.32,131.66
1120815,1600,131.51,131.99,131.44,131.72
1120816,1600,131.77,132.75,131.5,132.57
1120817,1600,132.29,132.52,132.19,132.42
1120820,1600,132.19,132.47,131.99,132.38
1120821,1600,132.57,133.02,131.57,131.77
1120822,1600,131.57,131.8,130.94,131.47
1120823,1600,131.26,131.29,130.2,130.38
1120824,1600,130.21,131.56,130.06,131.38
1120827,1600,131.42,131.57,130.95,131.06
1120828,1600,130.75,131.3,130.6,130.86
1120829,1600,130.87,131.28,130.63,130.92
1120830,1600,130.38,130.39,129.65,129.92
1120831,1600,130.64,131.4,130.04,130.88
1120904,1600,130.74,130.8,129.63,130.23
1120905,1600,130.37,130.83,130.04,130.37
1120906,1600,131.16,132.83,131.16,132.82
1120907,1600,132.89,133.09,132.57,132.94
1120910,1600,132.77,133.16,132.42,132.48
1120911,1600,132.6,133.45,132.59,133.09
1120912,1600,133.46,133.65,133.08,133.37
1120913,1600,133.27,135.71,133.21,135.39
1120914,1600,135.62,136.48,135.41,135.86
1120917,1600,135.57,135.88,135.24,135.53
1120918,1600,135.15,135.79,135.15,135.61
1120919,1600,135.85,136.24,135.55,135.73
1120920,1600,135.2,135.98,135.0,135.95
1120921,1600,136.21,136.24,135.4,135.47
1120924,1600,134.92,135.73,134.88,135.32
1120925,1600,135.53,135.9,134.28,134.34
1120926,1600,134.37,134.51,133.74,133.9
1120927,1600,134.44,134.94,133.85,134.6
1120928,1600,133.92,134.48,133.36,134.05
1121001,1600,134.62,135.69,134.53,134.78
1121002,1600,135.11,135.38,133.94,134.48
1121003,1600,134.75,135.11,134.1,134.68
1121004,1600,135.15,135.71,134.96,135.52
1121005,1600,136.09,136.44,135.48,135.96
1121008,1600,135.4,135.86,135.32,135.65
1121009,1600,135.42,135.74,134.55,134.59
1121010,1600,134.4,134.45,133.07,133.28
1121011,1600,133.91,134.1,133.08,133.13
1121012,1600,133.26,133.83,132.75,133.13
1121015,1600,133.34,134.19,133.06,134.02
1121016,1600,134.65,135.36,134.57,135.3
1121017,1600,134.95,135.46,134.85,135.43
1121018,1600,135.26,135.77,135.0,135.36
1121019,1600,134.8,134.8,132.81,133.11
1121022,1600,132.93,133.39,132.04,133.1
1121023,1600,131.6,131.63,130.53,130.74
1121024,1600,131.0,131.25,130.34,130.5
1121025,1600,131.19,131.35,130.09,130.78
1121026,1600,130.68,131.23,130.09,130.79
1121031,1600,131.35,131.59,130.23,130.6
1121101,1600,131.02,132.44,130.97,131.98
1121102,1600,132.56,132.61,130.47,130.67
1121105,1600,130.46,131.13,130.11,130.87
1121106,1600,131.28,132.63,131.2,132.05
1121107,1600,131.05,131.05,128.65,129.25
1121108,1600,129.18,129.68,127.99,127.99
1121109,1600,127.36,128.79,127.28,127.92
1121112,1600,128.19,128.54,127.7,128.04
1121113,1600,127.41,128.92,127.33,127.53
1121114,1600,127.82,128.04,125.46,125.76
1121115,1600,125.57,126.05,125.01,125.51
1121116,1600,125.25,125.77,124.42,125.6
1121119,1600,126.63,127.68,126.51,127.63
1121120,1600,127.31,127.87,126.75,127.71
1121121,1600,127.65,128.22,127.54,128.15
1121123,1600,128.67,129.91,128.66,129.89
1121126,1600,129.12,129.52,128.79,129.52
1121127,1600,129.18,129.65,128.51,128.68
1121128,1600,128.17,129.75,127.47,129.64
1121129,1600,130.23,130.54,129.51,130.14
1121130,1600,130.25,130.46,129.78,130.1
1121203,1600,130.69,130.8,129.49,129.55
1121204,1600,129.61,130.14,129.3,129.39
1121205,1600,129.71,130.82,129.16,130.24
1121206,1600,130.34,130.8,130.09,130.74
1121207,1600,131.3,131.61,130.82,131.56
1121210,1600,131.59,132.01,131.57,131.74
1121211,1600,132.21,133.12,132.18,132.5
1121212,1600,132.98,133.34,132.33,132.51
1121213,1600,132.53,132.72,131.55,131.82
1121214,1600,131.7,132.0,131.26,131.46
1121217,1600,131.65,132.52,131.63,132.44
1121218,1600,132.68,133.73,132.38,133.55
1121219,1600,133.67,133.7,132.6,132.62
1121220,1600,132.57,133.28,132.27,133.19
1121221,1600,131.06,132.02,130.83,131.79
1121224,1600,131.29,131.42,130.97,130.97
1121226,1600,131.29,131.48,130.47,130.81
1121227,1600,130.94,131.14,129.34,130.6
1121228,1600,129.82,130.45,128.97,129.07
1121231,1600,128.66,130.9,128.54,130.58
1130102,1600,132.99,133.86,132.89,133.77
1130103,1600,133.64,134.05,133.31,133.63
1130104,1600,133.7,134.2,133.49,134.06
1130107,1600,133.69,133.73,133.16,133.51
1130108,1600,133.32,133.5,132.74,133.06
1130109,1600,133.4,133.98,133.4,133.71
1130110,1600,134.2,134.58,133.63,134.54
1130111,1600,134.46,134.8,134.21,134.72
1130114,1600,134.66,135.0,134.4,134.89
1130115,1600,134.29,135.26,134.24,135.08
1130116,1600,134.62,135.05,134.54,134.89
1130117,1600,135.37,136.19,135.23,135.83
1130118,1600,135.81,136.16,135.42,136.09
1130122,1600,136.13,136.77,135.92,136.74
1130123,1600,137.19,137.63,137.14,137.46
1130124,1600,137.59,138.49,137.57,138.02
1130125,1600,138.39,138.63,138.04,138.62
1130128,1600,138.85,138.88,138.3,138.65
1130129,1600,138.44,139.38,138.44,139.23
1130130,1600,139.23,139.37,138.67,138.76
1130131,1600,138.76,140.22,138.32,138.41
1130201,1600,139.29,139.89,139.04,139.74
1130204,1600,138.81,138.98,138.36,138.57
1130205,1600,139.24,139.85,139.21,139.39
1130206,1600,138.88,139.7,138.88,139.58
1130207,1600,139.59,139.64,138.32,139.29
1130208,1600,139.37,140.03,139.37,139.73
1130211,1600,139.62,139.68,139.21,139.52
1130212,1600,139.59,140.21,139.51,140.05
1130213,1600,140.23,140.36,139.5,139.87
1130214,1600,139.38,139.96,139.26,139.86
1130215,1600,139.51,139.71,138.75,139.45
1130219,1600,139.56,140.16,139.52,139.97
1130220,1600,140.0,140.28,138.88,138.88
1130221,1600,138.65,138.88,138.06,138.51
1130222,1600,139.24,139.83,138.86,139.81
1130225,1600,140.33,140.59,137.6,137.66
1130226,1600,138.35,138.96,137.98,138.78
1130227,1600,138.74,140.87,138.64,140.6
1130228,1600,140.45,141.31,140.18,140.28
1130301,1600,139.89,140.9,139.17,140.74
1130304,1600,140.36,141.1,140.1,141.07
1130305,1600,141.69,142.68,141.69,142.34
1130306,1600,142.91,143.07,142.49,142.84
1130307,1600,142.98,143.39,142.9,143.14
1130308,1600,143.95,144.02,143.21,143.76
1130311,1600,143.73,144.36,143.61,144.36
1130312,1600,144.29,144.7,144.03,144.4
1130313,1600,144.44,144.71,144.09,144.46
1130314,1600,144.81,145.35,144.76,145.33
1130315,1600,144.82,144.89,144.39,144.82
1130318,1600,143.85,144.88,143.7,144.17
1130319,1600,144.51,144.83,143.48,144.3
1130320,1600,144.86,145.15,144.59,144.81
1130321,1600,144.12,144.59,143.49,143.89
1130322,1600,144.31,144.94,144.28,144.9
1130325,1600,145.09,145.32,143.6,144.21
1130326,1600,144.67,145.29,144.63,145.28
1130327,1600,144.35,145.09,144.06,144.96
1130328,1600,145.01,145.53,144.84,145.32
1130401,1600,145.3,145.73,144.97,145.38
1130402,1600,145.87,146.5,145.78,146.27
1130403,1600,146.24,146.47,144.95,145.14
1130404,1600,145.36,145.98,145.09,145.77
1130405,1600,144.18,145.51,144.05,145.31
1130408,1600,145.32,145.95,144.76,145.95
1130409,1600,146.08,146.96,145.75,146.51
1130410,1600,146.98,148.06,146.96,147.78
1130411,1600,147.82,148.66,147.63,148.4
1130412,1600,147.99,148.46,147.68,148.42
1130415,1600,147.9,147.93,145.72,145.81
1130416,1600,146.98,147.39,146.37,147.36
1130417,1600,146.55,146.6,145.37,145.95
1130418,1600,146.1,146.12,144.77,145.18
1130419,1600,144.71,145.21,144.36,145.14
1130422,1600,145.38,145.57,144.24,145.32
1130423,1600,146.13,146.9,145.15,146.8
1130424,1600,147.02,147.21,146.39,146.45
1130425,1600,146.64,147.42,146.36,146.76
1130426,1600,146.55,147.15,146.52,146.88
1130429,1600,147.2,148.15,146.91,147.86
1130430,1600,147.87,148.11,147.05,148.02
1130501,1600,147.56,147.81,146.58,146.74
1130502,1600,147.12,148.05,146.91,147.96
1130503,1600,149.26,149.82,149.2,149.36
1130506,1600,149.36,149.6,149.14,149.43
1130507,1600,149.77,150.28,149.44,150.26
1130508,1600,150.13,150.96,150.1,150.94
1130509,1600,150.9,151.37,150.39,150.84
1130510,1600,150.91,151.1,150.29,151.04
1130513,1600,150.75,151.01,150.48,150.86
1130514,1600,150.88,152.17,150.86,152.13
1130515,1600,151.88,153.11,151.86,152.78
1130516,1600,152.64,153.11,152.24,152.45
1130517,1600,152.42,153.24,152.21,153.14
1130520,1600,153.04,153.56,152.82,153.04
1130521,1600,153.28,154.02,152.89,153.51
1130522,1600,153.71,155.14,152.35,152.84
1130523,1600,151.67,153.24,151.55,152.77
1130524,1600,152.16,152.82,151.73,152.77
1130528,1600,154.21,154.98,153.48,153.88
1130529,1600,153.02,153.25,152.02,152.84
1130530,1600,152.86,153.8,152.6,153.1
1130531,1600,152.61,153.73,150.9,151.1
1130603,1600,151.54,152.36,151.1,152.31
1130604,1600,152.26,152.91,150.82,151.64
1130605,1600,151.22,151.43,149.29,149.31
1130606,1600,149.38,150.27,148.31,150.25
1130607,1600,151.16,152.44,150.7,152.32
1130610,1600,152.79,152.88,151.98,152.21
1130611,1600,151.08,152.42,150.7,151.2
1130612,1600,152.18,152.35,149.7,149.86
1130613,1600,149.74,151.99,149.48,151.76
1130614,1600,151.6,152.01,150.39,150.66
1130617,1600,151.63,152.58,151.05,151.78
1130618,1600,151.96,153.36,151.92,153.1
1130619,1600,152.94,153.22,151.05,151.09
1130620,1600,149.84,149.88,147.29,147.58
1130621,1600,148.03,148.28,146.53,147.73
1130624,1600,146.33,147.43,145.17,146.28
1130625,1600,147.41,147.8,146.62,147.3
1130626,1600,148.3,149.07,147.97,148.79
1130627,1600,149.69,150.42,149.55,149.9
1130628,1600,149.32,150.03,148.47,148.55
1130701,1600,149.52,150.5,149.22,149.42
1130702,1600,149.15,150.21,148.4,148.93
1130703,1600,148.42,149.98,148.25,149.54
1130705,1600,150.72,151.09,149.41,151.02
1130708,1600,151.78,152.43,151.68,152.02
1130709,1600,152.71,152.99,152.22,152.79
1130710,1600,152.77,153.29,152.36,152.71
1130711,1600,154.35,154.62,153.71,154.38
1130712,1600,154.42,154.76,153.89,154.17
1130715,1600,154.56,154.87,154.33,154.64
1130716,1600,154.6,154.74,153.93,154.3
1130717,1600,154.64,154.85,154.18,154.44
1130718,1600,154.98,155.74,154.56,155.34
1130719,1600,154.88,155.14,154.57,155.12
1130722,1600,155.12,155.42,154.81,155.11
1130723,1600,155.57,155.67,155.08,155.36
1130724,1600,155.61,155.7,154.61,155.1
1130725,1600,154.54,155.25,154.2,155.12
1130726,1600,154.48,155.25,153.67,155.16
1130729,1600,154.86,155.14,154.45,154.93
1130730,1600,155.4,155.58,154.42,154.91
1130731,1600,155.12,156.03,154.56,154.84
1130801,1600,155.89,156.16,155.67,155.89
1130802,1600,155.47,156.24,155.23,156.2
1130805,1600,155.91,156.01,155.5,155.79
1130806,1600,155.37,155.38,154.41,154.85
1130807,1600,154.32,154.75,154.01,154.54
1130808,1600,155.33,155.45,153.99,154.69
1130809,1600,154.49,154.95,153.33,154.11
1130812,1600,153.45,154.3,153.35,154.03
1130813,1600,154.42,154.97,153.34,154.44
1130814,1600,154.27,154.43,153.11,153.32
1130815,1600,152.1,152.1,150.97,151.12
1130816,1600,150.58,151.06,150.19,150.5
1130819,1600,150.3,150.72,149.66,149.74
1130820,1600,149.91,150.41,149.56,149.75
1130821,1600,149.44,149.92,148.5,148.64
1130822,1600,148.86,149.61,148.77,149.4
1130823,1600,149.59,150.01,149.06,149.83
1130826,1600,149.83,150.27,149.19,149.21
1130827,1600,148.19,148.74,147.41,147.5
1130828,1600,147.42,148.44,147.37,148.04
1130829,1600,148.02,148.98,147.82,148.25
1130830,1600,148.42,148.42,147.43,147.85
1130903,1600,148.88,149.2,147.61,148.11
1130904,1600,148.02,149.41,147.82,149.18
1130905,1600,149.18,149.71,149.02,149.12
1130906,1600,149.7,149.97,147.77,149.09
1130909,1600,149.5,150.78,149.48,150.47
1130910,1600,151.47,151.82,151.1,151.79
1130911,1600,151.82,153.18,151.77,153.15
1130912,1600,153.33,153.41,152.78,153.03
1130913,1600,153.34,153.8,153.21,153.69
1130916,1600,155.33,155.49,154.66,154.94
1130917,1600,155.02,155.51,154.98,155.29
1130918,1600,155.16,157.06,154.65,156.69
1130919,1600,156.87,156.92,156.22,156.32
1130920,1600,156.16,156.19,154.3,154.3
1130923,1600,154.11,154.32,153.32,153.71
1130924,1600,153.74,154.02,152.95,153.06
1130925,1600,153.26,153.39,152.19,152.42
1130926,1600,152.7,153.54,152.47,152.95
1130927,1600,152.3,152.44,151.76,152.21
1130930,1600,150.79,151.54,150.45,151.0
1131001,1600,151.0,151.77,150.77,151.62
1131002,1600,150.9,151.1,150.15,150.98
1131003,1600,150.66,150.76,149.17,149.67
1131004,1600,149.68,150.56,149.43,150.43
1131007,1600,149.12,149.85,148.91,149.0
1131008,1600,149.0,149.14,147.5,147.53
1131009,1600,147.69,148.32,146.96,147.78
1131010,1600,149.14,151.01,149.09,150.96
1131011,1600,150.92,152.22,150.76,152.17
1131014,1600,151.19,152.88,151.08,152.8
1131015,1600,152.6,152.8,151.34,151.34
1131016,1600,152.37,153.56,152.24,153.52
1131017,1600,152.11,153.59,152.05,153.48
1131018,1600,153.66,153.8,152.89,153.6
1131021,1600,153.69,153.76,153.27,153.53
1131022,1600,154.03,154.86,153.82,154.25
1131023,1600,153.81,154.03,153.32,153.82
1131024,1600,154.19,154.95,154.1,154.8
1131025,1600,154.91,155.45,154.79,155.45
1131028,1600,155.2,155.65,154.99,155.37
1131029,1600,155.71,156.5,155.62,156.5
1131030,1600,156.73,156.87,155.37,155.87
1131031,1600,155.61,156.18,155.1,155.29
1131101,1600,155.58,156.15,155.08,155.86
1131104,1600,156.26,156.36,155.53,156.06
1131105,1600,155.28,156.18,154.87,155.89
1131106,1600,156.49,157.29,156.37,157.22
1131107,1600,157.72,157.8,155.68,155.85
1131108,1600,155.66,157.49,155.58,157.49
1131111,1600,157.33,157.73,157.15,157.61
1131112,1600,157.42,157.72,156.87,157.37
1131113,1600,156.52,158.12,156.5,158.06
1131114,1600,158.1,158.81,157.95,158.73
1131115,1600,158.57,159.3,158.48,159.3
1131118,1600,159.71,159.95,159.07,159.44
1131119,1600,159.58,159.93,159.09,159.33
1131120,1600,159.55,159.88,158.35,158.77
1131121,1600,159.29,159.88,159.17,159.86
1131122,1600,159.83,160.43,159.48,160.4
1131125,1600,160.81,160.85,160.3,160.61
1131126,1600,160.54,160.97,160.46,160.5
1131127,1600,160.79,160.94,160.41,160.85
1131129,1600,161.11,161.58,160.58,160.72
1131202,1600,160.76,160.84,159.71,159.92
1131203,1600,159.23,159.62,158.46,158.99
1131204,1600,158.46,159.52,157.83,158.76
1131205,1600,158.45,158.89,158.01,158.12
1131206,1600,159.53,160.18,159.13,160.16
1131209,1600,160.29,160.53,160.11,160.23
1131210,1600,159.77,160.19,159.64,159.72
1131211,1600,159.84,159.9,158.23,158.31
1131212,1600,158.21,158.43,157.07,157.47
1131213,1600,157.54,157.97,157.1,157.65
1131216,1600,158.37,159.37,158.25,158.9
1131217,1600,159.27,159.29,158.39,158.78
1131218,1600,159.16,161.79,158.11,161.76
1131219,1600,161.48,162.01,161.28,161.88
1131220,1600,161.62,162.53,161.61,162.01
1131223,1600,162.57,162.85,162.33,162.62
1131224,1600,162.72,163.26,162.59,163.16
1131226,1600,163.6,164.49,163.58,164.46
1131227,1600,164.76,164.92,164.22,164.47
1131230,1600,164.55,164.68,164.4,164.59
1131231,1600,164.94,165.51,164.81,165.47
1140102,1600,164.79,165.01,163.84,164.11
1140103,1600,164.4,164.87,164.04,164.39
1140106,1600,164.99,165.06,163.71,163.89
1140107,1600,164.66,165.29,164.52,164.97
1140108,1600,164.7,164.83,163.91,164.35
1140109,1600,164.95,164.99,163.52,164.19
1140110,1600,164.56,164.69,163.52,164.18
1140113,1600,163.9,164.28,162.14,162.24
1140114,1600,162.74,163.47,162.37,163.45
1140115,1600,163.66,164.8,163.59,164.57
1140116,1600,164.22,164.33,163.52,163.98
1140117,1600,163.79,164.59,163.61,164.08
1140121,1600,165.03,165.05,162.79,163.73
1140122,1600,163.76,163.8,162.99,163.47
1140123,1600,162.43,162.43,161.07,161.71
1140124,1600,160.71,160.89,158.48,158.48
1140127,1600,158.71,159.11,157.51,158.02
1140128,1600,158.47,159.17,158.28,158.94
1140129,1600,157.66,158.25,156.75,157.1
1140130,1600,158.3,158.77,157.37,158.17
1140131,1600,156.23,157.7,155.85,156.75
1140203,1600,156.57,156.76,153.25,153.53
1140204,1600,153.95,154.53,153.26,154.08
1140205,1600,153.72,154.51,153.12,154.18
1140206,1600,154.7,156.15,154.7,156.14
1140207,1600,156.56,157.8,156.05,157.78
1140210,1600,157.76,157.82,157.13,157.75
1140211,1600,158.06,160.09,157.94,159.76
1140212,1600,160.0,160.45,159.34,159.71
1140213,1600,158.66,160.47,158.61,160.29
1140214,1600,160.08,161.83,159.9,161.59
1140218,1600,161.7,161.76,161.13,161.41
1140219,1600,161.02,162.34,160.38,160.52
1140220,1600,160.56,161.72,160.1,161.31
1140221,1600,161.08,161.62,160.62,160.81
1140224,1600,161.02,162.69,160.97,161.66
1140225,1600,161.74,162.24,161.13,161.5
1140226,1600,161.71,162.26,161.27,161.84
1140227,1600,161.64,162.56,161.37,162.55
1140228,1600,162.56,163.77,162.01,163.02
1140303,1600,161.59,162.19,160.49,161.49
1140304,1600,163.13,164.0,163.05,163.63
1140305,1600,163.78,163.82,163.21,163.35
1140306,1600,163.82,164.31,163.76,164.09
1140307,1600,164.76,164.89,163.81,164.34
1140310,1600,164.05,164.16,163.18,163.99
1140311,1600,164.28,164.49,163.11,163.42
1140312,1600,162.66,163.57,162.47,163.23
1140313,1600,163.74,164.03,160.78,161.05
1140314,1600,160.73,161.6,160.38,160.65
1140317,1600,161.4,162.67,161.33,162.37
1140318,1600,162.69,163.64,162.55,163.28
1140319,1600,163.26,163.57,161.15,162.19
1140320,1600,161.85,163.47,161.48,163.3
1140321,1600,163.47,164.2,162.53,162.63
1140324,1600,163.13,163.46,161.78,162.44
1140325,1600,163.37,163.72,162.57,163.39
1140326,1600,164.07,164.33,162.32,162.33
1140327,1600,162.25,162.68,161.54,162.28
1140328,1600,162.61,163.82,162.32,162.85
1140331,1600,163.72,164.46,163.64,164.24
1140401,1600,164.67,165.31,164.58,164.95
1140402,1600,165.19,165.57,164.75,165.37
1140403,1600,165.72,165.75,164.96,165.34
1140404,1600,166.01,166.06,163.58,163.88
1140407,1600,163.58,163.93,162.12,162.16
1140408,1600,162.1,162.73,161.55,162.33
1140409,1600,163.0,164.14,162.43,164.1
1140410,1600,164.12,164.31,161.27,161.47
1140411,1600,160.67,161.32,159.88,160.02
1140414,1600,161.08,161.62,160.27,161.45
1140415,1600,161.67,162.47,160.38,162.36
1140416,1600,163.43,164.03,162.93,164.02
1140417,1600,163.61,164.19,163.33,163.75
1140421,1600,163.84,164.25,163.7,164.03
1140422,1600,164.3,165.3,164.23,164.8
1140423,1600,164.94,164.99,164.45,164.64
1140424,1600,165.01,165.11,164.19,164.69
1140425,1600,164.08,164.19,163.0,163.35
1140428,1600,164.13,164.69,162.78,164.17
1140429,1600,164.62,165.27,164.49,165.0
1140430,1600,164.92,165.6,164.83,165.45
1140501,1600,165.3,165.71,164.9,165.23
1140502,1600,165.16,165.85,164.53,164.75
1140505,1600,163.97,165.17,163.45,164.93
1140506,1600,164.66,164.68,163.68,163.73
1140507,1600,164.51,165.08,163.39,165.03
1140508,1600,165.02,166.07,164.86,165.35
1140509,1600,165.29,165.78,164.87,165.72
1140512,1600,166.31,166.93,166.28,166.8
1140513,1600,167.1,167.29,166.95,167.05
1140514,1600,167.09,167.14,165.92,166.11
1140515,1600,165.78,165.87,164.02,164.55
1140516,1600,164.16,164.64,163.77,164.61
1140519,1600,164.14,164.91,164.03,164.71
1140520,1600,164.7,164.72,163.04,163.32
1140521,1600,163.95,165.15,163.89,164.98
1140522,1600,165.09,165.39,164.6,165.18
1140523,1600,165.29,165.87,165.19,165.83
1140527,1600,166.45,166.6,166.13,166.47
1140528,1600,166.54,166.55,165.95,166.09
1140529,1600,166.47,166.79,166.03,166.78
1140530,1600,166.6,167.02,166.3,166.93
1140602,1600,167.25,167.4,166.63,167.2
1140603,1600,166.94,167.2,166.75,167.02
1140604,1600,166.89,167.27,166.58,167.13
1140605,1600,167.51,168.31,166.92,168.14
1140606,1600,168.58,169.12,168.46,169.08
1140609,1600,169.12,169.58,169.02,169.24
1140610,1600,169.15,169.37,168.84,169.35
1140611,1600,168.75,168.81,168.09,168.35
1140612,1600,168.29,168.34,166.98,167.29
1140613,1600,167.54,167.83,167.13,167.62
1140616,1600,167.39,167.97,167.15,167.69
1140617,1600,167.43,168.2,167.24,168.0
1140618,1600,168.05,169.06,167.35,168.93
1140619,1600,169.02,169.19,168.54,169.09
1140620,1600,169.25,169.42,168.96,169.08
1140623,1600,169.06,169.12,168.58,168.91
1140624,1600,168.83,169.33,167.67,167.87
1140625,1600,167.52,168.48,167.51,168.28
1140626,1600,168.38,168.39,167.06,168.08
1140627,1600,167.76,168.25,167.34,168.17
1140630,1600,167.91,168.35,167.65,167.89
1140701,1600,168.29,169.64,168.23,169.2
1140702,1600,169.31,169.51,169.18,169.4
1140703,1600,169.85,170.47,169.73,170.47
1140707,1600,169.88,170.01,169.55,169.86
1140708,1600,169.58,169.6,168.44,168.85
1140709,1600,169.18,169.73,168.86,169.58
1140710,1600,167.89,169.34,167.7,168.96
1140711,1600,168.77,169.22,168.32,169.2
1140714,1600,170.15,170.61,170.04,170.29
1140715,1600,170.51,170.91,169.78,170.38
1140716,1600,170.96,171.16,170.66,171.07
1140717,1600,170.81,171.32,169.46,169.61
1140718,1600,169.95,170.76,169.74,170.58
1140721,1600,170.1,170.38,169.36,170.18
1140722,1600,170.56,170.96,170.43,170.74
1140723,1600,170.81,170.81,170.2,170.56
1140724,1600,170.66,170.85,170.22,170.44
1140725,1600,169.77,169.85,168.76,169.16
1140728,1600,169.23,169.65,168.37,169.41
1140729,1600,169.89,170.19,168.78,168.78
1140730,1600,169.27,169.52,167.78,168.48
1140731,1600,167.27,167.43,165.29,165.29
1140801,1600,164.8,165.51,164.01,164.57
1140804,1600,164.8,165.61,164.11,165.33
1140805,1600,164.8,165.14,163.34,163.92
1140806,1600,163.46,164.75,163.37,164.2
1140807,1600,164.85,164.89,163.13,163.55
1140808,1600,163.67,165.38,163.44,165.34
1140811,1600,165.96,166.15,165.47,165.55
1140812,1600,165.28,165.77,165.0,165.49
1140813,1600,166.0,166.66,165.76,166.49
1140814,1600,166.69,167.1,166.46,167.1
1140815,1600,167.42,167.46,165.44,166.35
1140818,1600,167.25,168.12,167.23,168.06
1140819,1600,168.64,169.02,168.33,168.89
1140820,1600,168.72,169.74,168.72,169.6
1140821,1600,169.81,170.53,169.69,170.18
1140822,1600,170.01,170.48,169.65,169.87
1140825,1600,170.56,171.06,170.44,170.62
1140826,1600,170.82,171.35,170.78,170.93
1140827,1600,171.15,171.21,170.75,171.01
1140828,1600,170.4,170.88,170.1,170.77
1140829,1600,170.9,171.0,170.25,170.88
1140902,1600,170.94,171.07,170.04,170.58
1140903,1600,171.38,171.48,170.53,170.72
1140904,1600,170.91,171.56,170.22,170.66
1140905,1600,170.52,171.29,170.01,171.25
1140908,1600,171.04,171.35,170.75,171.06
1140909,1600,170.79,170.84,169.89,170.12
1140910,1600,170.17,170.81,169.71,170.67
1140911,1600,169.89,170.62,169.82,170.51
1140912,1600,170.38,170.44,169.4,169.9
1140915,1600,170.06,170.57,169.55,170.32
1140916,1600,169.96,171.71,169.89,171.38
1140917,1600,171.57,172.25,170.93,171.58
1140918,1600,172.01,172.8,171.9,172.61
1140919,1600,173.0,173.32,172.19,172.45
1140922,1600,172.35,172.38,171.22,171.41
1140923,1600,170.85,171.38,170.21,170.21
1140924,1600,170.36,171.9,169.98,171.79
1140925,1600,171.5,171.53,169.09,169.17
1140926,1600,169.79,171.13,169.5,170.7
1140929,1600,169.18,170.58,168.94,170.33
1140930,1600,170.45,171.1,169.8,170.07
1141001,1600,169.91,169.98,167.42,167.68
1141002,1600,167.39,168.27,166.43,167.65
1141003,1600,168.89,169.97,168.37,169.72
1141006,1600,170.44,170.69,168.96,169.57
1141007,1600,168.73,168.94,166.86,166.86
1141008,1600,166.87,169.82,166.35,169.62
1141009,1600,169.16,169.48,166.2,166.34
1141010,1600,166.39,167.36,165.21,165.21
1141013,1600,165.09,165.79,162.84,162.93
1141014,1600,163.67,164.41,162.5,163.03
1141015,1600,161.19,161.85,158.27,161.28
1141016,1600,159.0,161.95,158.73,160.98
1141017,1600,162.68,163.95,162.21,163.45
1141020,1600,162.35,163.68,162.25,163.65
1141021,1600,164.45,165.87,164.12,165.8
1141022,1600,166.17,166.23,164.28,164.38
1141023,1600,166.05,167.36,166.01,166.45
1141024,1600,166.6,167.79,166.17,167.74
1141027,1600,167.23,168.06,166.97,167.88
1141028,1600,168.48,169.69,168.14,169.66
1141029,1600,170.01,170.34,168.61,169.4
1141030,1600,169.63,171.94,169.6,171.6
1141031,1600,173.34,173.63,172.79,173.45
1141103,1600,173.57,173.78,173.05,173.36
1141104,1600,173.08,173.65,172.46,173.46
1141105,1600,174.59,174.62,173.71,174.55
1141106,1600,174.75,175.41,174.18,175.29
1141107,1600,175.24,175.6,174.77,175.58
1141110,1600,175.62,176.06,175.33,175.95
1141111,1600,175.98,176.24,175.69,176.02
1141112,1600,175.26,176.2,175.25,176.04
1141113,1600,176.25,176.98,175.79,176.44
1141114,1600,176.36,176.65,176.12,176.35
1141117,1600,176.06,176.76,176.0,176.49
1141118,1600,176.53,177.38,176.45,176.96
1141119,1600,176.85,177.19,176.29,176.93
1141120,1600,176.11,177.28,176.03,177.25
1141121,1600,178.52,178.6,177.28,177.7
1141124,1600,178.13,178.22,177.59,177.8
1141125,1600,178.16,178.19,177.56,177.96
1141126,1600,177.96,178.09,177.65,178.01
1141128,1600,178.12,178.69,177.86,178.1
1141201,1600,177.54,178.02,177.03,177.6
1141202,1600,177.68,178.77,177.67,178.56
1141203,1600,178.59,179.14,178.41,178.96
1141204,1600,178.73,179.3,178.03,178.83
1141205,1600,179.28,179.82,178.99,179.51
1141208,1600,178.96,179.54,177.97,178.54
1141209,1600,176.78,178.03,176.22,177.96
1141210,1600,177.5,177.5,175.01,175.29
1141211,1600,175.89,177.66,175.7,176.03
1141212,1600,174.77,175.67,172.93,173.0
1141215,1600,173.75,174.13,171.21,171.79
1141216,1600,171.27,174.39,170.74,170.85
1141217,1600,171.27,173.98,171.08,173.59
1141218,1600,175.98,177.83,175.37,177.79
1141219,1600,177.79,178.42,177.15,177.65
1141222,1600,178.22,179.36,178.19,179.36
1141223,1600,179.87,180.4,179.68,180.03
1141224,1600,180.19,180.53,179.94,180.03
1141226,1600,180.49,180.71,180.19,180.19
1141229,1600,179.88,180.38,179.81,180.11
1141230,1600,179.63,179.87,179.24,179.46
1141231,1600,179.82,180.12,177.88,177.88
1150102,1600,178.65,179.23,176.98,177.94
1150105,1600,177.06,177.21,174.46,174.84
1150106,1600,175.1,175.54,172.32,173.39
1150107,1600,174.85,175.79,174.24,175.59
1150108,1600,177.26,178.96,177.21,178.76
1150109,1600,178.98,179.06,176.63,177.22
1150112,1600,177.44,177.63,175.46,176.24
1150113,1600,177.72,179.03,174.7,175.98
1150114,1600,173.44,174.72,172.42,174.06
1150115,1600,174.74,175.08,172.81,173.06
1150116,1600,172.57,174.97,172.12,174.67
1150120,1600,175.23,175.61,173.14,174.9
1150121,1600,174.25,175.75,173.66,175.35
1150122,1600,175.92,178.14,174.51,177.92
1150123,1600,177.71,177.82,176.39,176.41
1150126,1600,176.16,176.71,175.38,176.5
1150127,1600,173.5,174.75,172.59,173.59
1150128,1600,174.55,174.61,171.59,171.72
1150129,1600,172.16,174.07,171.06,173.9
1150130,1600,173.2,173.95,171.27,171.45
1150202,1600,171.95,173.43,170.1,173.27
1150203,1600,174.13,176.4,174.1,176.33
1150204,1600,175.8,177.57,175.78,176.53
1150205,1600,177.28,178.64,177.09,178.55
1150206,1600,178.82,179.36,177.48,178.09
1150209,1600,177.18,177.94,176.68,177.09
1150210,1600,178.17,178.75,177.14,178.51
1150211,1600,178.09,179.09,177.67,178.7
1150212,1600,179.27,179.93,179.0,179.84
1150213,1600,180.0,180.54,179.76,180.34
1150217,1600,180.06,180.7,179.71,180.57
1150218,1600,180.18,180.68,179.97,180.47
1150219,1600,179.87,180.43,179.43,180.09
1150220,1600,179.15,181.2,178.5,181.14
1150223,1600,180.71,180.92,180.32,180.92
1150224,1600,181.03,182.06,180.89,181.91
1150225,1600,181.81,182.17,181.56,181.96
1150226,1600,181.92,182.24,181.4,182.01
1150227,1600,181.93,181.94,181.15,181.19
1150302,1600,181.37,182.68,181.37,182.68
1150303,1600,182.23,182.39,181.19,181.87
1150304,1600,181.41,181.41,180.13,180.78
1150305,1600,181.25,181.45,180.71,181.17
1150306,1600,180.12,180.63,178.13,178.4
1150309,1600,178.53,180.19,178.53,179.8
1150310,1600,178.38,178.51,176.68,176.69
1150311,1600,176.98,177.29,176.23,176.35
1150312,1600,177.24,179.02,177.2,178.97
1150313,1600,178.39,178.5,176.27,177.56
1150316,1600,178.25,179.91,178.25,179.78
1150317,1600,178.79,178.97,177.86,178.5
1150318,1600,177.91,181.01,176.97,180.73
1150319,1600,180.18,180.39,179.31,179.66
1150320,1600,180.46,181.67,180.17,180.96
1150323,1600,181.05,181.75,180.84,180.85
1150324,1600,180.65,181.19,179.77,179.83
1150325,1600,179.95,180.16,176.88,176.92
1150326,1600,176.15,177.3,175.46,176.48
1150327,1600,176.33,176.97,175.97,176.81
1150330,1600,178.31,179.76,178.28,179.39
1150331,1600,178.52,179.08,177.43,177.58
1150401,1600,177.54,177.54,175.57,176.74
1150402,1600,176.7,177.91,176.43,177.33
1150406,1600,176.32,179.17,176.09,178.59
1150407,1600,178.77,179.58,178.42,178.42
1150408,1600,178.6,179.56,177.96,178.75
1150409,1600,178.66,179.63,177.98,179.4
1150410,1600,179.67,180.44,179.18,180.37
1150413,1600,180.17,180.86,179.49,179.64
1150414,1600,179.58,180.54,178.8,180.18
1150415,1600,180.83,181.38,180.45,180.88
1150416,1600,180.67,181.51,180.43,180.91
1150417,1600,179.27,179.41,177.16,177.94
1150420,1600,179.31,180.61,179.15,180.03
1150421,1600,180.7,180.88,178.97,179.26
1150422,1600,179.65,180.25,178.55,180.06
1150423,1600,179.44,181.07,179.2,180.37
1150424,1600,180.5,180.82,179.79,180.54
1150427,1600,181.46,181.54,179.96,180.17
1150428,1600,180.36,180.94,178.88,180.84
1150429,1600,179.8,180.71,179.24,180.07
1150430,1600,179.7,180.02,177.45,178.18
1150501,1600,179.21,180.01,178.98,179.9
1150504,1600,180.34,181.05,180.25,180.44
1150505,1600,180.23,180.59,178.78,179.01
1150506,1600,179.87,180.25,177.25,178.39
1150507,1600,178.12,179.7,177.89,179.28
1150508,1600,181.14,182.02,181.08,181.85
1150511,1600,181.77,182.0,180.88,181.08
1150512,1600,180.1,181.23,179.27,180.72
1150513,1600,180.85,181.44,180.48,180.75
1150514,1600,181.81,182.64,181.73,182.54
1150515,1600,182.24,182.51,181.89,182.48
1150518,1600,182.43,183.01,182.19,182.68
1150519,1600,182.92,183.28,182.37,182.93
1150520,1600,183.23,183.35,182.56,182.71
1150521,1600,182.62,183.04,182.36,182.79
1150522,1600,182.51,182.74,182.04,182.26
1150526,1600,181.93,181.93,179.79,180.37
1150527,1600,180.77,181.79,180.45,181.52
1150528,1600,181.11,181.33,180.65,181.29
1150529,1600,181.17,181.19,179.67,180.11
1150601,1600,181.0,181.15,179.81,180.4
1150602,1600,180.08,180.96,179.27,180.15
1150603,1600,180.85,181.74,180.12,180.88
1150604,1600,180.18,180.92,178.78,179.21
1150605,1600,179.08,179.46,178.25,178.5
1150608,1600,178.51,178.6,177.68,177.81
1150609,1600,177.82,178.26,177.2,177.71
1150610,1600,178.38,180.54,178.38,180.06
1150611,1600,180.69,181.26,180.39,180.64
1150612,1600,179.86,180.06,178.72,179.13
1150615,1600,177.89,178.37,177.11,178.1
1150616,1600,178.07,179.36,177.88,179.21
1150617,1600,179.66,180.14,178.49,179.48
1150618,1600,180.21,181.94,180.14,181.33
1150619,1600,180.64,180.74,179.73,179.76
1150622,1600,181.03,181.5,180.67,180.92
1150623,1600,181.12,181.57,180.75,181.12
1150624,1600,180.56,180.97,179.39,179.41
1150625,1600,180.05,180.12,178.59,178.65
1150626,1600,179.21,179.83,178.68,179.13
1150629,1600,177.6,178.21,175.59,175.64
1150630,1600,177.0,177.01,175.45,175.82
1150701,1600,177.57,177.82,176.58,177.4
1150702,1600,177.79,178.05,176.65,177.05
1150706,1600,175.59,177.14,175.34,176.68
1150707,1600,176.88,177.73,174.44,177.63
1150708,1600,176.11,176.44,174.78,175.0
1150709,1600,177.15,177.47,175.21,175.26
1150710,1600,177.22,177.8,176.62,177.41
1150713,1600,178.83,179.7,178.8,179.6
1150714,1600,179.45,180.54,179.31,180.33
1150715,1600,180.32,180.72,179.9,180.34
1150716,1600,181.2,181.25,180.5,181.07
1150717,1600,180.49,180.62,180.01,180.54
1150720,1600,180.95,181.1,180.36,180.69
1150721,1600,179.69,179.71,178.43,178.97
1150722,1600,178.43,178.92,177.84,178.3
1150723,1600,178.33,178.33,176.83,177.16
1150724,1600,177.23,177.25,175.31,175.52
1150727,1600,174.47,174.78,173.78,174.23
1150728,1600,174.86,176.28,174.3,176.11
1150729,1600,176.33,177.56,176.17,177.26
1150730,1600,177.04,177.39,176.13,177.22
1150731,1600,177.67,177.73,176.49,176.68
1150803,1600,176.82,176.87,174.74,175.75
1150804,1600,175.79,176.13,174.83,175.32
1150805,1600,175.84,176.52,175.03,175.36
1150806,1600,175.48,175.65,173.65,174.22
1150807,1600,173.89,174.12,172.8,173.84
1150810,1600,174.8,176.32,174.8,176.19
1150811,1600,174.59,174.89,173.58,174.11
1150812,1600,172.83,174.4,171.4,174.21
1150813,1600,173.99,174.97,173.55,174.31
1150814,1600,174.17,175.08,174.06,174.9
1150817,1600,174.24,175.73,173.62,175.7
1150818,1600,175.28,175.93,175.08,175.33
1150819,1600,174.33,175.49,173.12,173.74
1150820,1600,172.25,172.55,170.22,170.22
1150821,1600,167.79,168.67,164.41,164.41
1150824,1600,155.9,163.45,150.57,158.38
1150825,1600,163.33,163.68,156.29,156.49
1150826,1600,160.39,162.9,157.67,162.66
1150827,1600,164.86,166.49,163.04,166.45
1150828,1600,165.72,166.62,165.24,166.33
1150831,1600,165.35,166.18,164.32,165.18
1150901,1600,161.4,162.62,159.74,160.46
1150902,1600,162.93,163.48,161.29,163.46
1150903,1600,164.33,165.49,163.13,163.67
1150904,1600,161.42,161.95,160.24,160.97
1150908,1600,163.81,165.03,163.28,164.91
1150909,1600,166.53,166.71,162.23,162.52
1150910,1600,162.54,164.5,162.15,163.39
1150911,1600,162.9,164.44,162.51,164.39
1150914,1600,164.46,164.58,163.37,163.77
1150915,1600,164.36,166.53,163.97,166.11
1150916,1600,166.46,167.65,166.0,167.51
1150917,1600,167.42,169.44,166.48,166.81
1150918,1600,164.0,165.24,163.2,163.54
1150921,1600,164.67,165.56,163.67,164.9
1150922,1600,162.62,163.36,161.98,163.0
1150923,1600,163.26,163.38,161.88,162.59
1150924,1600,161.12,162.24,159.93,161.87
1150925,1600,163.84,164.43,162.06,162.88
1150928,1600,162.04,162.06,159.58,159.79
1150929,1600,159.98,160.96,159.18,160.23
1150930,1600,162.04,162.75,161.05,162.62
1151001,1600,163.01,163.29,160.51,162.49
1151002,1600,160.35,164.58,159.93,164.58
1151005,1600,165.74,167.78,165.49,167.58
1151006,1600,167.74,168.43,167.25,167.69
1151007,1600,168.6,169.48,167.47,168.95
1151008,1600,168.67,170.66,168.43,170.37
1151009,1600,170.62,170.97,170.1,170.76
1151012,1600,170.73,171.23,170.47,171.17
1151013,1600,170.25,171.58,170.14,170.64
1151014,1600,170.5,170.95,168.72,169.07
1151015,1600,169.4,171.32,169.19,171.32
1151016,1600,171.44,171.96,170.82,171.88
1151019,1600,171.28,172.13,171.04,172.12
1151020,1600,171.59,172.39,171.24,172.01
1151021,1600,172.44,172.95,171.33,171.48
1151022,1600,172.56,174.91,172.47,174.8
1151023,1600,176.0,176.64,175.37,176.37
1151026,1600,176.24,176.46,175.87,176.02
1151027,1600,175.33,176.19,175.24,175.67
1151028,1600,176.01,177.68,175.36,177.68
1151029,1600,177.03,177.71,176.68,177.38
1151030,1600,177.64,177.83,176.45,176.49
1151102,1600,176.87,178.29,176.73,178.12
1151103,1600,177.92,179.6,177.8,179.07
1151104,1600,179.57,179.59,178.19,178.65
1151105,1600,178.75,179.25,177.73,178.64
1151106,1600,178.49,179.17,177.71,179.14
1151109,1600,178.5,178.6,176.73,177.42
1151110,1600,176.98,177.86,176.73,177.78
1151111,1600,178.17,178.24,177.11,177.21
1151112,1600,176.09,176.35,174.59,174.67
1151113,1600,174.07,174.55,172.55,172.61
1151116,1600,172.5,175.06,172.15,175.02
1151117,1600,175.6,176.25,174.76,175.16
1151118,1600,175.68,177.84,175.67,177.73
1151119,1600,177.18,178.05,177.15,177.66
1151120,1600,178.17,178.97,177.66,178.06
1151123,1600,177.88,178.48,177.3,177.74
1151124,1600,176.67,178.41,176.61,177.98
1151125,1600,178.01,178.33,177.79,177.93
1151127,1600,177.8,178.18,177.36,177.9
1151130,1600,178.13,178.33,177.13,177.23
1151201,1600,177.92,178.9,177.64,178.81
1151202,1600,178.64,179.04,177.08,177.29
1151203,1600,177.66,177.84,174.26,174.83
1151204,1600,175.25,178.68,175.14,178.42
1151207,1600,178.02,178.08,176.42,177.34
1151208,1600,175.68,176.86,174.92,175.77
1151209,1600,175.44,177.76,174.08,174.99
1151210,1600,175.18,177.13,174.85,175.88
1151211,1600,173.65,174.38,172.45,172.73
1151214,1600,172.97,173.95,171.52,173.9
1151215,1600,174.91,176.45,174.91,175.46
1151216,1600,176.43,178.0,174.97,177.64
1151217,1600,178.15,178.19,175.09,175.1
1151218,1600,173.84,173.91,170.89,171.0
1151221,1600,172.28,172.56,170.91,172.25
1151222,1600,173.1,174.28,172.18,174.01
1151223,1600,175.22,175.82,174.76,175.81
1151224,1600,175.66,175.82,175.18,175.22
1151228,1600,174.49,175.13,174.12,174.98
1151229,1600,176.19,177.25,176.0,176.98
1151230,1600,176.57,176.72,175.62,175.8
1151231,1600,175.09,175.65,173.97,173.99
1160104,1600,171.05,171.32,169.35,171.29
1160105,1600,171.69,171.74,170.17,171.39
1160106,1600,168.92,169.97,168.01,168.94
1160107,1600,165.96,167.94,164.48,164.96
1160108,1600,165.96,166.39,163.0,163.24
1160111,1600,164.16,164.5,162.15,163.83
1160112,1600,165.19,165.78,163.05,164.95
1160113,1600,165.54,165.84,161.07,161.35
1160114,1600,162.02,164.69,160.61,163.59
1160115,1600,159.26,160.58,158.23,159.68
1160119,1600,161.45,161.62,158.81,160.02
1160120,1600,157.25,158.88,154.38,157.61
1160121,1600,157.81,160.29,156.88,158.6
1160122,1600,160.91,161.24,159.62,160.79
1160125,1600,160.41,160.72,158.67,158.7
1160126,1600,159.5,161.72,159.49,161.54
1160127,1600,160.57,162.23,158.61,159.3
1160128,1600,160.68,160.9,158.47,160.51
1160129,1600,161.61,164.43,161.33,164.37
1160201,1600,163.39,164.97,162.82,164.34
1160202,1600,162.7,162.7,160.94,161.41
1160203,1600,162.42,163.75,159.48,163.2
1160204,1600,162.82,164.8,162.58,164.14
1160205,1600,163.87,164.01,161.22,161.94
1160208,1600,160.11,160.81,158.05,160.35
1160209,1600,158.54,161.46,158.51,160.24
1160210,1600,160.98,162.3,159.23,159.39
1160211,1600,156.8,158.02,155.26,156.8
1160212,1600,158.16,159.98,157.66,159.98
1160216,1600,161.76,162.29,160.62,162.2
1160217,1600,163.43,165.26,163.33,164.93
1160218,1600,165.33,165.45,164.29,164.52
1160219,1600,163.18,163.81,162.59,163.7
1160222,1600,165.35,166.46,165.13,165.94
1160223,1600,165.61,165.76,163.84,164.15
1160224,1600,162.6,164.9,161.47,164.67
1160225,1600,165.03,166.84,164.4,166.84
1160226,1600,167.84,167.95,166.12,166.28
1160229,1600,166.16,167.21,164.96,164.96
1160301,1600,166.01,168.59,165.71,168.52
1160302,1600,168.02,168.93,167.55,168.89
1160303,1600,168.73,169.39,168.12,169.35
1160304,1600,169.53,170.55,168.92,170.02
1160307,1600,169.37,170.93,169.3,170.62
1160308,1600,169.8,170.76,169.22,169.62
1160309,1600,170.41,170.59,169.54,170.02
1160310,1600,170.67,171.4,168.3,170.06
1160311,1600,171.47,172.34,171.42,172.23
1160314,1600,171.7,172.89,171.7,172.41
1160315,1600,171.61,172.67,171.32,172.64
1160316,1600,172.21,173.94,172.17,173.47
1160317,1600,173.46,175.41,173.08,174.94
1160318,1600,175.27,175.95,175.04,175.69
1160321,1600,175.62,176.21,175.25,176.01
1160322,1600,175.3,176.26,175.15,175.7
1160323,1600,175.22,175.55,174.6,174.81
1160324,1600,173.85,174.94,173.7,174.94
1160328,1600,175.13,175.59,174.66,175.12
1160329,1600,174.49,176.18,174.06,176.07
1160330,1600,177.11,177.65,176.51,176.89
1160331,1600,176.93,177.3,176.43,176.64
1160401,1600,175.71,177.85,175.41,177.72
1160404,1600,177.63,177.88,176.88,177.12
1160405,1600,176.08,176.96,175.57,175.82
1160406,1600,175.86,177.09,175.24,177.04
1160407,1600,175.78,176.23,174.68,175.29
1160408,1600,176.25,176.81,175.11,175.66
1160411,1600,176.12,177.17,175.41,175.44
1160412,1600,175.73,177.28,175.36,177.09
1160413,1600,178.0,179.02,177.92,178.92
1160414,1600,179.03,179.5,178.75,179.11
1160415,1600,178.99,179.14,178.41,178.68
1160418,1600,178.13,179.83,178.1,179.78
1160419,1600,180.14,180.77,179.59,180.32
1160420,1600,180.0,181.42,180.0,180.75
1160421,1600,180.64,180.88,179.42,179.7
1160422,1600,179.61,180.08,178.87,179.9
1160425,1600,179.23,179.59,178.33,179.54
1160426,1600,179.84,180.26,179.11,179.64
1160427,1600,179.12,180.65,178.99,180.25
1160428,1600,179.06,180.15,177.74,178.2
1160429,1600,177.4,177.95,176.29,177.59
1160502,1600,178.08,178.91,177.51,178.7
1160503,1600,177.48,177.83,176.48,177.3
1160504,1600,176.38,177.21,175.9,176.32
1160505,1600,176.83,177.22,176.0,176.44
1160506,1600,175.69,177.4,175.68,177.34
1160509,1600,177.25,177.76,176.62,176.98
1160510,1600,177.72,179.27,177.64,179.2
1160511,1600,178.7,178.94,177.26,177.3
1160512,1600,177.81,178.12,176.4,177.42
1160513,1600,176.9,177.52,175.26,175.48
1160516,1600,175.69,177.7,175.58,177.26
1160517,1600,176.91,177.24,174.92,175.56
1160518,1600,175.08,176.73,174.53,175.63
1160519,1600,174.95,175.2,173.67,174.68
1160520,1600,174.72,175.54,174.51,174.76
1160523,1600,174.84,175.33,174.6,174.78
1160524,1600,175.76,177.23,175.65,176.86
1160525,1600,177.5,178.74,177.45,178.28
1160526,1600,178.49,178.69,177.82,178.08
1160527,1600,178.22,178.59,178.06,178.5
1160531,1600,178.98,178.98,177.13,177.65
1160601,1600,176.98,177.98,176.55,177.73
1160602,1600,177.3,178.31,176.98,178.28
1160603,1600,177.87,178.29,176.84,178.06
1160606,1600,178.49,179.46,178.41,179.18
1160607,1600,179.46,179.99,179.34,179.38
1160608,1600,179.67,180.18,179.54,180.06
1160609,1600,179.37,180.04,179.14,179.88
1160610,1600,178.7,179.24,178.11,178.71
1160613,1600,178.0,179.0,177.36,177.36
1160614,1600,177.0,177.42,176.0,176.81
1160615,1600,177.25,177.84,176.38,176.57
1160616,1600,175.73,177.67,174.8,177.46
1160617,1600,177.15,177.15,175.77,176.52
1160620,1600,178.4,179.23,177.76,177.8
1160621,1600,178.12,178.53,177.73,178.06
1160622,1600,178.23,178.95,177.43,177.57
1160623,1600,179.02,179.83,178.67,179.81
1160624,1600,174.55,176.68,173.3,173.62
1160627,1600,172.48,172.48,170.37,171.2
1160628,1600,172.85,173.86,172.2,173.82
1160629,1600,175.16,176.82,175.0,176.64
1160630,1600,177.05,179.08,176.86,179.0
1160701,1600,178.78,179.8,178.78,179.31
1160705,1600,178.58,178.68,177.66,178.21
1160706,1600,177.61,179.1,176.96,178.98
1160707,1600,179.15,179.72,178.04,178.79
1160708,1600,180.01,181.56,179.98,181.3
1160711,1600,181.86,182.72,181.78,182.12
1160712,1600,183.01,183.62,182.78,183.39
1160713,1600,183.68,183.8,183.05,183.6
1160714,1600,185.06,185.27,184.57,184.96
1160715,1600,185.35,185.5,184.45,184.88
1160718,1600,184.83,185.38,184.71,185.08
1160719,1600,185.01,185.42,184.82,185.42
1160720,1600,185.9,186.08,185.39,185.78
1160721,1600,185.54,185.73,184.54,184.98
1160722,1600,185.0,185.57,184.76,185.51
1160725,1600,185.27,185.3,184.37,184.81
1160726,1600,184.61,185.02,183.7,184.6
1160727,1600,185.14,185.28,184.11,184.58
1160728,1600,184.28,184.66,183.52,184.38
1160729,1600,183.85,184.5,183.54,184.13
1160801,1600,184.35,184.52,183.38,183.87
1160802,1600,183.7,183.88,182.31,182.97
1160803,1600,182.85,183.43,182.71,183.36
1160804,1600,183.5,183.89,183.15,183.45
1160805,1600,184.4,185.28,183.43,185.26
1160808,1600,185.5,185.7,185.02,185.28
1160809,1600,185.38,185.86,185.06,185.35
1160810,1600,185.4,185.78,184.84,185.12
1160811,1600,185.7,186.58,185.6,186.3
1160812,1600,186.14,186.25,185.52,185.9
1160815,1600,186.4,186.88,186.33,186.52
1160816,1600,186.17,186.37,185.72,185.76
1160817,1600,185.77,186.23,185.09,186.1
1160818,1600,185.97,186.41,185.72,186.34
1160819,1600,185.3,185.65,184.72,185.32
1160822,1600,184.95,185.51,184.46,185.12
1160823,1600,185.7,186.13,185.25,185.3
1160824,1600,185.06,185.2,184.29,184.66
1160825,1600,184.28,184.79,184.1,184.37
1160826,1600,184.62,185.54,183.14,183.82
1160829,1600,183.83,185.04,183.83,184.83
1160830,1600,184.93,185.15,184.02,184.51
1160831,1600,184.25,184.36,183.27,183.94
1160901,1600,183.73,184.28,182.9,184.1
1160902,1600,184.94,185.42,184.32,184.86
1160906,1600,185.11,185.49,184.45,185.32
1160907,1600,185.37,185.4,184.78,185.32
1160908,1600,184.68,185.11,184.48,184.82
1160909,1600,183.57,183.75,180.91,180.91
1160912,1600,180.09,183.64,179.93,183.3
1160913,1600,182.06,182.32,180.38,180.8
1160914,1600,180.84,181.74,180.01,180.43
1160915,1600,180.37,182.62,180.23,182.26
1160916,1600,181.5,181.5,180.44,180.97
1160919,1600,181.88,182.32,180.67,180.98
1160920,1600,181.81,182.04,181.03,181.05
1160921,1600,181.66,182.84,180.96,182.66
1160922,1600,183.66,184.26,183.32,183.66
1160923,1600,183.41,183.52,182.29,182.42
1160926,1600,181.51,181.55,180.58,180.75
1160927,1600,180.58,182.14,180.24,182.0
1160928,1600,182.36,183.23,181.52,183.1
1160929,1600,182.82,183.42,180.65,181.22
1160930,1600,182.13,183.44,181.97,182.78
1161003,1600,182.31,182.57,181.78,182.32
1161004,1600,182.62,182.93,180.94,181.48
1161005,1600,182.16,183.02,182.11,182.66
1161006,1600,182.34,182.74,181.47,182.52
1161007,1600,182.8,182.99,181.32,182.22
1161010,1600,182.22,183.85,182.22,183.12
1161011,1600,182.86,182.89,180.45,181.2
1161012,1600,181.0,181.8,180.66,181.37
1161013,1600,180.13,181.22,179.43,180.84
1161014,1600,182.0,182.46,181.21,181.29
1161017,1600,181.17,181.51,180.45,180.72
1161018,1600,181.94,182.1,181.12,181.37
1161019,1600,181.85,182.41,181.57,182.0
1161020,1600,181.72,182.45,181.22,181.54
1161021,1600,180.6,181.45,180.23,181.22
1161024,1600,182.36,182.5,181.65,181.96
1161025,1600,181.82,182.17,181.25,181.48
1161026,1600,180.6,182.12,180.35,181.77
1161027,1600,182.3,182.35,181.23,181.53
1161028,1600,181.82,182.32,180.67,181.36
1161031,1600,181.58,181.7,181.05,181.17
1161101,1600,181.52,181.52,179.14,180.12
1161102,1600,179.66,180.21,179.05,179.35
1161103,1600,179.7,179.89,178.84,179.11
1161104,1600,179.11,179.67,178.64,178.71
1161107,1600,181.17,182.45,181.05,182.36
1161108,1600,182.2,184.04,182.02,183.38
1161109,1600,181.93,186.55,181.75,185.96
1161110,1600,186.83,188.82,186.35,188.13
1161111,1600,187.95,188.63,187.41,188.47
1161114,1600,189.11,189.39,188.2,188.77
1161115,1600,188.76,189.35,188.14,189.34
1161116,1600,188.79,189.18,188.53,188.98
1161117,1600,189.09,189.33,188.74,189.3
1161118,1600,188.9,188.96,188.32,188.46
1161121,1600,188.88,189.41,188.6,189.34
1161122,1600,189.92,190.25,189.42,190.02
1161123,1600,189.93,190.64,189.87,190.59
1161125,1600,191.09,191.34,190.98,191.3
1161128,1600,190.93,191.21,190.52,190.78
1161129,1600,190.83,191.42,190.68,191.19
1161130,1600,191.97,192.25,191.34,191.4
1161201,1600,191.84,192.16,191.57,191.9
1161202,1600,191.91,191.98,191.43,191.74
1161205,1600,192.48,192.78,191.89,192.22
1161206,1600,192.16,192.57,191.87,192.49
1161207,1600,192.47,195.69,192.42,195.48
1161208,1600,195.83,196.8,195.41,196.28
1161209,1600,196.44,197.72,196.37,197.69
1161212,1600,197.84,198.39,197.68,198.08
1161213,1600,198.96,199.72,198.64,199.23
1161214,1600,198.97,199.83,197.61,198.14
1161215,1600,198.54,199.68,198.34,198.66
1161216,1600,198.7,198.97,197.94,198.19
1161219,1600,198.3,198.9,198.21,198.6
1161220,1600,199.16,199.61,199.06,199.42
1161221,1600,199.43,199.61,199.14,199.16
1161222,1600,199.1,199.17,198.58,198.97
1161223,1600,198.96,199.06,198.73,199.05
1161227,1600,199.16,199.54,199.13,199.21
1161228,1600,199.52,199.56,198.0,198.08
1161229,1600,197.99,198.52,197.63,197.99
1161230,1600,198.25,198.27,196.92,197.51
1170103,1600,198.91,199.1,197.48,198.42
1170104,1600,198.76,199.36,198.6,199.15
1170105,1600,198.95,199.27,197.9,198.75
1170106,1600,198.73,199.83,198.17,199.51
1170109,1600,199.09,199.27,198.75,198.76
1170110,1600,198.72,199.41,198.21,198.4
1170111,1600,198.63,199.57,198.15,199.33
1170112,1600,198.88,198.91,197.53,198.75
1170113,1600,198.91,199.35,198.32,198.7
1170117,1600,198.27,198.65,197.59,198.09
1170118,1600,198.08,198.23,197.3,197.95
1170119,1600,198.03,198.16,196.69,197.28
1170120,1600,197.53,198.2,197.31,197.96
1170123,1600,197.86,198.11,197.04,197.78
1170124,1600,197.79,199.22,197.62,198.84
1170125,1600,200.01,200.55,199.75,200.42
1170126,1600,200.6,200.97,200.42,200.72
1170127,1600,200.69,200.87,200.45,200.63
1170130,1600,199.83,199.9,198.42,199.38
1170131,1600,198.72,198.89,197.56,198.36
1170201,1600,199.13,199.4,198.2,198.63
1170202,1600,198.16,198.97,198.02,198.61
1170203,1600,199.58,200.57,199.44,200.38
1170206,1600,200.03,200.7,199.78,200.28
1170207,1600,200.89,201.3,200.43,200.58
1170208,1600,200.5,200.69,200.15,200.51
1170209,1600,200.82,202.11,200.77,201.72
1170210,1600,202.3,203.0,202.07,202.74
1170213,1600,203.32,204.47,203.32,204.2
1170214,1600,204.06,205.18,203.95,205.17
1170215,1600,205.39,206.49,205.29,206.38
1170216,1600,206.55,206.72,205.85,206.48
1170217,1600,205.03,205.92,205.02,205.88
1170221,1600,206.56,207.3,206.42,207.07
1170222,1600,206.73,207.53,206.64,207.45
1170223,1600,208.06,208.15,207.21,207.82
1170224,1600,207.08,207.95,207.07,207.93
1170227,1600,207.73,208.37,207.61,208.29
1170228,1600,208.11,208.31,207.68,207.98
1170301,1600,209.92,211.59,209.88,211.02
1170302,1600,211.19,211.19,209.84,209.89
1170303,1600,210.06,210.32,209.41,209.91
1170306,1600,209.26,209.77,209.02,209.48
1170307,1600,209.21,209.66,208.98,209.17
1170308,1600,209.58,209.61,208.43,208.61
1170309,1600,208.74,209.09,207.87,208.67
1170310,1600,209.69,209.7,208.36,209.15
1170313,1600,209.13,209.34,208.59,208.94
1170314,1600,208.57,208.88,207.98,208.54
1170315,1600,208.83,209.91,208.71,209.58
1170316,1600,210.17,210.17,209.05,209.44
1170317,1600,209.53,209.53,208.83,208.86
1170320,1600,208.85,209.27,208.56,208.81
1170321,1600,209.33,209.43,206.25,206.35
1170322,1600,205.96,206.57,205.5,206.41
1170323,1600,206.03,207.3,205.91,206.31
1170324,1600,206.58,206.9,205.0,205.75
1170327,1600,204.18,205.51,203.81,205.23
1170328,1600,205.08,207.07,204.91,206.75
1170329,1600,206.53,206.56,205.95,206.31
1170330,1600,206.3,207.26,206.15,206.96
1170331,1600,206.72,206.93,206.3,206.34
1170403,1600,206.52,206.63,204.88,206.25
1170404,1600,206.02,206.77,205.81,206.65
1170405,1600,207.59,208.65,206.16,206.26
1170406,1600,206.45,207.29,205.92,206.45
1170407,1600,206.19,207.07,205.89,206.38
1170410,1600,206.49,207.32,205.95,206.39
1170411,1600,206.22,206.42,204.94,206.33
1170412,1600,206.3,206.3,205.35,205.67
1170413,1600,205.34,205.94,204.36,204.37
1170417,1600,204.93,206.26,204.86,206.17
1170418,1600,205.36,205.81,204.42,205.08
1170419,1600,205.26,205.3,203.64,203.85
1170420,1600,204.35,206.21,204.17,205.7
1170421,1600,205.51,205.73,204.77,205.25
1170424,1600,207.33,207.63,207.03,207.38
1170425,1600,208.95,209.98,208.84,209.68
1170426,1600,209.81,210.43,209.44,209.47
1170427,1600,209.73,209.77,209.06,209.56
1170428,1600,209.63,209.63,208.97,209.08
1170501,1600,209.49,209.49,208.7,208.92
1170502,1600,209.1,209.3,208.75,209.13
1170503,1600,209.13,209.47,208.47,209.22
1170504,1600,209.65,209.65,208.2,209.19
1170505,1600,209.07,209.78,208.76,209.77
1170508,1600,209.7,210.02,209.53,209.92
1170509,1600,210.14,210.32,209.22,209.62
1170510,1600,209.19,209.81,208.9,209.48
1170511,1600,209.14,209.45,208.1,209.28
1170512,1600,208.97,209.28,208.82,209.01
1170515,1600,209.4,210.13,209.4,209.93
1170516,1600,210.32,210.46,209.46,209.95
1170517,1600,208.12,208.59,206.37,206.47
1170518,1600,206.03,207.96,205.86,206.96
1170519,1600,206.75,208.31,206.58,207.77
1170522,1600,208.32,208.87,208.32,208.65
1170523,1600,209.1,209.35,208.69,209.12
1170524,1600,209.32,209.96,209.08,209.82
1170525,1600,210.52,210.92,210.3,210.58
1170526,1600,210.54,210.72,210.32,210.54
1170530,1600,210.21,210.52,209.97,210.21
1170531,1600,210.41,210.41,209.32,210.0
1170601,1600,210.27,211.4,209.91,211.4
1170602,1600,211.45,212.21,211.27,211.91
1170605,1600,211.86,212.21,211.64,211.86
1170606,1600,211.33,211.78,211.17,211.37
1170607,1600,211.69,211.92,211.14,211.72
1170608,1600,211.62,212.7,211.39,211.86
1170609,1600,212.15,213.07,211.59,212.67
1170612,1600,212.46,212.78,211.88,212.4
1170613,1600,212.8,213.39,212.75,213.37
1170614,1600,213.78,214.0,212.98,213.84
1170615,1600,212.89,213.8,212.75,213.69
1170616,1600,213.33,213.58,212.82,213.56
1170619,1600,214.36,215.01,214.08,214.92
1170620,1600,214.89,215.07,214.37,214.4
1170621,1600,214.65,214.65,213.64,213.89
1170622,1600,214.08,214.29,213.66,213.73
1170623,1600,213.44,213.95,213.06,213.74
1170626,1600,214.29,214.76,213.53,213.87
1170627,1600,213.71,214.13,212.87,212.93
1170628,1600,212.93,214.53,212.93,214.24
1170629,1600,214.52,214.55,211.7,212.61
1170630,1600,213.15,213.99,212.97,213.24
1170703,1600,213.95,215.38,213.88,214.49
1170705,1600,214.74,214.83,213.83,214.58
1170706,1600,214.09,214.25,212.94,213.14
1170707,1600,213.54,214.16,213.42,214.05
1170710,1600,213.68,214.35,213.54,213.99
1170711,1600,213.91,214.29,212.68,213.98
1170712,1600,214.98,215.7,214.89,215.23
1170713,1600,215.3,215.56,215.0,215.46
1170714,1600,215.3,216.68,215.11,216.26
1170717,1600,216.32,216.49,216.04,216.22
1170718,1600,215.66,215.81,214.63,215.7
1170719,1600,215.89,216.34,215.66,216.32
1170720,1600,216.57,216.58,215.71,216.19
1170721,1600,215.19,215.55,214.76,215.53
1170724,1600,215.51,215.51,214.68,215.09
1170725,1600,216.5,216.52,215.49,215.86
1170726,1600,216.81,217.16,216.56,216.81
1170727,1600,217.28,217.75,216.63,217.72
1170728,1600,217.53,218.16,217.3,218.02
1170731,1600,218.65,219.03,218.49,218.7
1170801,1600,219.74,219.8,219.15,219.37
1170802,1600,219.83,220.13,219.44,219.89
1170803,1600,219.93,220.23,219.72,220.06
1170804,1600,220.64,220.67,220.03,220.57
1170807,1600,220.75,220.98,220.6,220.85
1170808,1600,220.8,221.68,220.44,220.69
1170809,1600,220.33,220.61,219.96,220.5
1170810,1600,219.81,219.9,218.55,218.6
1170811,1600,218.76,219.22,218.52,218.7
1170814,1600,219.88,220.29,219.81,219.97
1170815,1600,220.58,220.58,219.86,220.16
1170816,1600,220.7,221.1,220.28,220.47
1170817,1600,220.0,220.07,217.77,217.81
1170818,1600,216.99,217.66,216.15,216.53
1170821,1600,216.46,216.92,215.73,216.74
1170822,1600,217.41,218.85,217.3,218.69
1170823,1600,218.01,218.46,217.84,217.92
1170824,1600,218.55,218.55,217.46,217.66
1170825,1600,218.26,218.93,218.0,218.04
1170828,1600,218.5,218.58,217.53,217.94
1170829,1600,216.68,218.76,216.62,218.59
1170830,1600,218.75,219.16,218.39,218.93
1170831,1600,219.53,219.89,219.12,219.52
1170901,1600,220.13,220.41,219.83,219.92
1170905,1600,219.53,219.53,217.18,217.67
1170906,1600,218.54,218.62,218.04,218.25
1170907,1600,218.47,218.72,217.68,218.11
1170908,1600,217.61,218.66,217.52,218.24
1170911,1600,219.58,220.89,219.58,220.76
1170912,1600,221.33,221.57,221.07,221.42
1170913,1600,221.35,221.79,221.2,221.76
1170914,1600,221.65,222.43,221.62,222.32
1170915,1600,222.13,222.57,221.91,222.45
1170918,1600,222.92,223.39,222.67,223.16
1170919,1600,223.37,223.67,223.23,223.58
1170920,1600,223.57,223.95,222.95,223.9
1170921,1600,223.9,223.97,223.39,223.47
1170922,1600,223.22,223.46,222.82,223.2
1170925,1600,223.11,223.43,221.99,222.82
1170926,1600,223.06,223.5,222.62,222.69
1170927,1600,223.4,223.52,222.35,223.12
1170928,1600,222.97,223.77,222.7,223.6
1170929,1600,223.39,223.87,223.13,223.82
1171002,1600,224.19,225.39,224.02,225.24
1171003,1600,225.74,226.28,225.61,226.24
1171004,1600,226.39,226.68,226.18,226.41
1171005,1600,226.61,227.66,226.45,227.64
1171006,1600,227.34,227.63,227.23,227.55
1171009,1600,227.89,227.96,227.34,227.53
1171010,1600,228.21,228.43,227.64,228.26
1171011,1600,228.32,228.64,228.17,228.61
1171012,1600,228.49,228.81,228.15,228.33
1171013,1600,228.71,228.97,228.51,228.73
1171016,1600,229.07,229.53,228.81,229.45
1171017,1600,229.71,229.96,229.52,229.85
1171018,1600,231.0,231.68,230.91,231.46
1171019,1600,230.84,231.66,230.52,231.65
1171020,1600,232.47,233.13,231.89,233.13
1171023,1600,233.58,233.58,232.61,232.65
1171024,1600,234.11,234.7,233.96,234.29
1171025,1600,234.45,234.45,232.35,233.16
1171026,1600,233.91,234.42,233.75,233.85
1171027,1600,233.95,234.33,233.36,234.17
1171030,1600,233.52,234.14,233.15,233.33
1171031,1600,233.64,233.91,233.2,233.63
1171101,1600,234.6,235.02,233.73,234.19
1171102,1600,234.21,235.17,233.32,234.96
1171103,1600,235.36,235.39,234.64,235.18
1171106,1600,235.23,235.59,235.09,235.41
1171107,1600,235.7,235.88,234.69,235.42
1171108,1600,235.37,235.61,234.97,235.46
1171109,1600,234.49,235.28,233.16,234.72
1171110,1600,234.45,234.67,234.1,234.43
1171113,1600,233.66,234.78,233.63,234.66
1171114,1600,233.97,234.35,232.91,234.28
1171115,1600,233.16,233.67,232.65,232.96
1171116,1600,234.22,235.28,234.19,234.91
1171117,1600,233.77,233.97,233.36,233.39
1171120,1600,233.66,234.37,233.42,234.15
1171121,1600,235.17,235.99,235.1,235.73
1171122,1600,236.06,236.06,234.95,235.17
1171124,1600,235.56,235.87,235.41,235.47
1171127,1600,235.5,236.33,235.39,235.73
1171128,1600,236.32,238.44,236.23,238.34
1171129,1600,239.15,239.65,238.77,239.42
1171130,1600,240.68,243.49,240.41,242.84
1171201,1600,243.14,243.44,239.41,242.45
1171204,1600,245.01,245.57,243.07,243.11
1171205,1600,243.78,243.79,241.77,242.01
1171206,1600,241.72,242.51,241.55,241.62
1171207,1600,241.21,242.87,241.1,242.36
1171208,1600,243.19,243.63,242.58,243.62
1171211,1600,243.77,244.24,243.5,244.17
1171212,1600,244.93,245.87,244.8,245.44
1171213,1600,245.69,246.99,245.65,246.3
1171214,1600,246.89,247.07,245.47,245.57
1171215,1600,246.21,246.7,245.82,246.25
1171218,1600,248.01,248.54,247.53,247.79
1171219,1600,248.31,248.34,246.94,247.4
1171220,1600,248.33,248.4,246.76,247.07
1171221,1600,247.73,248.29,247.42,247.66
1171222,1600,247.58,247.61,246.97,247.4
1171226,1600,246.94,247.59,246.88,247.25
1171227,1600,247.15,247.69,247.1,247.48
1171228,1600,247.94,248.19,247.77,248.13
1171229,1600,248.57,248.61,247.17,247.38
1180102,1600,248.34,248.47,247.23,248.02
1180103,1600,248.32,249.22,248.07,248.95
1180104,1600,249.96,250.92,249.62,250.6
1180105,1600,251.38,252.85,250.97,252.72
1180108,1600,252.75,252.97,252.22,252.59
1180109,1600,253.2,254.29,252.72,253.82
1180110,1600,253.17,253.93,252.45,253.62
1180111,1600,254.0,255.67,253.85,255.61
1180112,1600,256.63,257.97,256.48,257.91
1180116,1600,260.27,260.75,256.91,257.81
1180117,1600,259.26,261.19,258.54,261.08
1180118,1600,261.24,261.32,259.38,260.16
1180119,1600,260.05,260.55,259.27,260.54
1180122,1600,259.7,262.01,259.63,261.98
1180123,1600,261.83,262.29,261.27,261.87
1180124,1600,263.0,263.76,260.87,262.57
1180125,1600,263.58,264.39,262.42,263.75
1180126,1600,264.32,265.93,264.05,265.91
1180129,1600,265.56,265.9,264.12,264.16
1180130,1600,261.48,262.44,260.09,260.62
1180131,1600,263.0,263.16,260.29,261.44
1180201,1600,259.95,262.9,259.77,261.62
1180202,1600,259.61,259.85,254.73,254.93
1180205,1600,252.22,255.02,239.06,243.27
1180206,1600,238.32,249.33,237.54,248.96
1180207,1600,248.24,252.79,247.57,248.76
1180208,1600,248.96,249.08,238.5,238.67
1180209,1600,241.41,244.03,233.76,242.03
1180212,1600,244.03,247.85,243.06,246.17
1180213,1600,244.72,247.25,244.33,246.57
1180214,1600,245.17,249.49,245.04,249.3
1180215,1600,251.62,252.5,248.49,252.5
1180216,1600,251.43,254.12,251.2,251.96
1180220,1600,250.44,251.59,248.59,249.35
1180221,1600,249.6,252.51,247.71,247.72
1180222,1600,248.63,251.36,248.53,249.49
1180223,1600,250.79,252.95,250.05,252.91
1180226,1600,254.32,257.18,253.96,256.92
1180227,1600,257.1,257.86,253.92,253.96
1180228,1600,255.18,255.77,250.2,250.2
1180301,1600,250.21,251.87,244.37,245.98
1180302,1600,243.55,245.92,242.16,245.35
1180305,1600,243.84,249.63,243.8,248.84
1180306,1600,250.18,250.18,247.05,248.84
1180307,1600,245.86,248.58,245.4,248.11
1180308,1600,249.13,249.71,247.22,249.14
1180309,1600,250.94,253.56,250.34,253.56
1180312,1600,254.05,254.72,251.7,251.96
1180313,1600,253.1,253.97,249.65,250.22
1180314,1600,251.41,251.62,246.92,247.88
1180315,1600,248.84,250.8,247.8,249.0
1180316,1600,248.57,250.13,248.34,249.1
1180319,1600,248.3,248.38,244.32,245.91
1180320,1600,246.49,247.85,246.32,247.1
1180321,1600,247.14,249.65,246.32,246.62
1180322,1600,244.09,245.03,239.17,239.36
1180323,1600,239.98,240.9,234.85,235.13
1180326,1600,239.03,242.15,237.2,241.82
1180327,1600,243.05,244.26,236.85,238.29
1180328,1600,239.04,240.72,237.05,238.28
1180329,1600,239.57,242.94,239.06,241.4
1180402,1600,240.33,241.03,233.2,236.15
1180403,1600,237.38,240.25,236.4,240.15
1180404,1600,235.05,242.9,234.94,242.46
1180405,1600,243.8,246.09,243.38,244.91
1180406,1600,242.3,244.25,237.24,239.13
1180409,1600,241.16,243.64,239.43,239.73
1180410,1600,243.35,245.0,242.2,244.01
1180411,1600,242.13,243.58,241.39,241.88
1180412,1600,243.66,245.82,243.44,244.81
1180413,1600,246.42,246.46,242.33,243.58
1180416,1600,245.12,246.67,244.72,245.62
1180417,1600,248.15,248.48,247.27,247.8
1180418,1600,247.88,248.22,247.08,247.38
1180419,1600,246.92,247.58,245.49,246.57
1180420,1600,246.37,246.66,243.59,244.48
1180423,1600,245.06,245.18,243.14,244.35
1180424,1600,245.39,245.56,238.12,240.09
1180425,1600,240.29,241.33,238.09,240.7
1180426,1600,241.43,243.88,241.12,243.12
1180427,1600,242.97,243.44,241.77,242.95
1180430,1600,244.1,244.84,241.51,241.54
1180501,1600,240.69,240.89,237.91,240.76
1180502,1600,240.61,241.7,238.72,239.11
1180503,1600,237.92,239.83,235.12,239.1
1180504,1600,238.11,243.22,237.68,242.52
1180507,1600,243.5,244.67,242.49,243.42
1180508,1600,243.17,243.98,241.84,243.42
1180509,1600,244.23,245.85,243.21,245.4
1180510,1600,246.0,248.11,245.97,247.46
1180511,1600,247.7,248.94,247.38,248.54
1180514,1600,249.41,250.2,248.85,249.27
1180515,1600,248.07,248.18,246.49,247.31
1180516,1600,247.18,248.28,246.97,247.97
1180517,1600,247.8,248.89,246.88,247.74
1180518,1600,246.97,247.53,246.42,247.0
1180521,1600,249.22,250.67,249.21,249.94
1180522,1600,250.37,250.43,247.92,248.18
1180523,1600,246.83,248.7,246.47,248.63
1180524,1600,248.13,248.43,245.85,247.91
1180525,1600,247.41,248.1,246.71,247.37
1180529,1600,245.38,246.21,242.31,243.45
1180530,1600,245.17,247.16,244.58,246.7
1180531,1600,246.0,246.02,243.51,244.18
1180601,1600,246.14,246.83,245.65,246.36
1180604,1600,247.72,248.67,247.54,248.2
1180605,1600,248.16,248.48,247.16,248.15
1180606,1600,249.24,251.53,248.55,251.52
1180607,1600,252.22,253.37,251.74,252.53
1180608,1600,251.96,253.41,251.77,253.27
1180611,1600,253.62,254.16,253.02,253.39
1180612,1600,253.74,253.77,252.56,253.3
1180613,1600,253.42,253.75,252.03,252.18
1180614,1600,253.16,253.52,251.54,251.99
1180615,1600,250.27,251.2,248.77,250.74
1180618,1600,248.8,249.9,248.14,249.73
1180619,1600,246.6,247.23,245.53,246.88
1180620,1600,247.96,247.98,246.12,246.46
1180621,1600,245.83,245.94,243.93,244.5
1180622,1600,245.92,246.51,245.44,245.69
1180625,1600,244.18,244.4,240.7,242.31
1180626,1600,242.92,243.69,242.27,242.67
1180627,1600,243.27,245.58,241.01,241.12
1180628,1600,240.47,242.96,239.83,242.08
1180629,1600,243.48,244.96,242.59,242.73
1180702,1600,240.92,243.04,240.62,242.73
1180703,1600,244.06,244.3,241.35,241.66
1180705,1600,243.13,243.67,241.69,243.55
1180706,1600,243.31,245.2,242.81,244.6
1180709,1600,245.78,248.0,245.76,247.84
1180710,1600,248.52,249.48,248.45,249.23
1180711,1600,247.34,248.16,246.64,247.08
1180712,1600,249.07,249.44,248.17,249.3
1180713,1600,249.24,250.46,248.93,250.2
1180716,1600,250.39,250.75,249.83,250.67
1180717,1600,250.55,251.57,249.9,251.28
1180718,1600,251.39,252.17,251.02,252.03
1180719,1600,251.22,251.62,250.61,250.79
1180720,1600,249.82,251.04,249.68,250.44
1180723,1600,250.21,250.6,249.62,250.26
1180724,1600,251.26,252.66,251.06,252.21
1180725,1600,251.57,254.16,250.93,254.02
1180726,1600,254.52,255.68,254.45,255.12
1180727,1600,255.11,255.6,253.48,254.26
1180730,1600,254.53,254.79,252.67,252.87
1180731,1600,253.69,254.68,253.6,254.17
1180801,1600,253.9,254.64,252.56,253.11
1180802,1600,251.45,253.41,251.03,253.1
1180803,1600,253.04,254.5,253.04,254.39
1180806,1600,254.22,255.24,253.63,254.85
1180807,1600,255.98,256.76,255.65,256.12
1180808,1600,255.97,256.12,255.38,255.62
1180809,1600,255.76,256.23,255.0,255.16
1180810,1600,253.68,253.9,252.4,253.3
1180813,1600,253.57,253.96,251.7,252.04
1180814,1600,252.76,253.55,252.23,253.21
1180815,1600,251.84,252.2,249.86,251.76
1180816,1600,254.37,256.41,254.28,255.94
1180817,1600,255.23,257.12,255.03,256.51
1180820,1600,257.11,257.72,256.97,257.43
1180821,1600,257.93,258.7,257.76,258.07
1180822,1600,258.0,258.2,257.05,257.18
1180823,1600,256.8,257.56,255.98,256.49
1180824,1600,257.24,258.18,256.99,257.85
1180827,1600,259.25,260.65,259.25,260.58
1180828,1600,261.3,261.32,260.35,260.64
1180829,1600,260.8,261.77,260.44,261.33
1180830,1600,260.74,261.15,259.45,260.01
1180831,1600,259.59,260.49,258.98,259.85
1180904,1600,259.22,259.92,258.21,259.73
1180905,1600,259.22,260.31,258.92,259.92
1180906,1600,260.14,261.05,259.04,260.29
1180907,1600,259.33,260.34,258.46,259.54
1180910,1600,260.52,260.65,258.86,258.94
1180911,1600,258.1,260.51,257.82,260.03
1180912,1600,260.15,261.77,259.58,260.25
1180913,1600,261.42,262.22,260.99,261.78
1180914,1600,262.01,262.47,261.02,261.89
1180917,1600,261.72,262.19,260.64,260.98
1180918,1600,261.25,263.53,261.18,262.91
1180919,1600,263.1,264.99,263.1,264.42
1180920,1600,266.0,267.31,265.99,267.04
1180921,1600,267.55,267.61,266.59,267.12
1180924,1600,266.68,266.7,265.25,265.42
1180925,1600,266.03,266.12,264.53,264.73
1180926,1600,264.81,265.84,263.27,263.78
1180927,1600,264.25,265.37,263.59,264.25
1180928,1600,263.56,264.94,263.5,264.4
1181001,1600,266.1,267.15,265.74,266.73
1181002,1600,266.11,268.02,266.05,267.57
1181003,1600,268.77,269.28,267.67,267.95
1181004,1600,267.69,267.71,264.58,266.25
1181005,1600,266.34,266.62,262.9,264.32
1181008,1600,263.25,265.21,262.08,264.83
1181009,1600,264.38,265.32,263.14,264.23
1181010,1600,264.04,264.12,255.8,256.06
1181011,1600,254.73,256.73,248.86,250.27
1181012,1600,254.36,254.61,249.93,253.3
1181015,1600,252.87,254.74,252.34,252.34
1181016,1600,254.62,258.11,253.98,257.92
1181017,1600,256.92,258.02,254.67,256.97
1181018,1600,256.11,256.86,252.32,253.68
1181019,1600,254.23,255.98,253.34,254.32
1181022,1600,255.07,255.44,252.2,253.04
1181023,1600,249.04,252.93,247.52,251.67
1181024,1600,252.4,252.89,245.18,245.64
1181025,1600,247.33,250.93,246.25,249.77
1181026,1600,247.38,249.04,244.31,246.53
1181029,1600,248.72,250.24,241.05,244.47
1181030,1600,244.44,248.94,244.09,248.7
1181031,1600,250.94,253.22,250.39,251.19
1181101,1600,252.15,253.83,250.91,253.73
1181102,1600,255.38,255.6,250.58,252.46
1181105,1600,252.84,254.93,252.5,254.48
1181106,1600,254.53,256.38,254.33,256.23
1181107,1600,258.46,261.86,257.5,261.78
1181108,1600,261.53,262.97,260.97,262.1
1181109,1600,261.16,261.45,259.04,260.09
1181112,1600,259.7,259.92,253.68,254.22
1181113,1600,253.83,255.37,252.23,253.06
1181114,1600,255.02,255.29,249.67,250.91
1181115,1600,250.2,254.0,248.35,253.22
1181116,1600,251.79,254.96,251.34,254.05
1181119,1600,253.61,253.78,248.84,249.86
1181120,1600,246.36,246.93,243.53,244.5
1181121,1600,245.84,246.63,244.58,244.65
1181123,1600,243.25,244.03,242.71,242.81
1181126,1600,244.87,246.73,244.68,246.39
1181127,1600,245.18,247.53,244.14,247.5
1181128,1600,249.12,253.84,248.59,253.84
1181129,1600,253.6,254.97,252.22,253.59
1181130,1600,253.1,255.84,252.83,255.51
1181203,1600,260.17,260.3,257.02,258.73
1181204,1600,257.64,258.04,250.38,250.73
1181206,1600,246.36,249.87,242.82,249.72
1181207,1600,249.66,251.41,243.29,244.31
1181210,1600,243.94,245.49,239.25,244.71
1181211,1600,248.44,248.5,242.66,244.23
1181212,1600,247.39,248.76,245.65,245.88
1181213,1600,246.42,247.86,245.17,246.27
1181214,1600,244.06,244.83,240.82,241.42
1181217,1600,240.04,241.4,235.05,236.43
1181218,1600,238.44,239.81,235.67,237.36
1181219,1600,237.55,241.2,232.07,233.42
1181220,1600,232.59,233.37,226.95,228.89
1181221,1600,229.01,232.47,223.85,224.09
1181224,1600,222.5,223.31,217.88,218.1
1181226,1600,219.19,228.74,216.97,228.71
1181227,1600,225.54,231.37,222.53,231.26
1181228,1600,232.71,233.81,229.67,230.48
1181231,1600,232.33,233.26,231.05,233.2
1190102,1600,229.27,234.0,229.14,233.36
1190103,1600,231.25,231.42,226.36,226.72
1190104,1600,230.0,235.18,229.73,234.28
1190107,1600,234.84,236.88,232.95,235.36
1190108,1600,237.94,238.66,235.79,237.92
1190109,1600,238.93,239.88,237.78,238.92
1190110,1600,237.64,240.16,237.04,240.0
1190111,1600,238.87,239.94,237.96,239.88
1190114,1600,237.93,239.65,237.64,238.94
1190115,1600,238.94,241.03,238.89,240.64
1190116,1600,241.36,242.9,241.14,241.86
1190117,1600,241.23,244.81,241.04,243.8
1190118,1600,245.65,247.4,244.51,247.05
1190122,1600,245.35,245.74,242.35,244.0
1190123,1600,246.15,246.92,242.98,245.72
1190124,1600,245.47,246.2,244.13,245.47
1190125,1600,247.39,248.55,246.68,247.39
1190128,1600,244.73,245.23,243.14,245.1
1190129,1600,245.35,246.65,244.95,245.71
1190130,1600,248.41,251.0,247.78,250.18
1190131,1600,248.95,250.43,248.34,250.12
1190201,1600,250.67,251.85,249.75,250.48
1190204,1600,250.43,252.35,249.68,252.32
1190205,1600,253.36,254.2,252.81,253.96
1190206,1600,253.63,254.35,253.05,253.87
1190207,1600,252.4,253.34,250.17,251.9
1190208,1600,250.51,251.37,249.13,251.32
1190211,1600,252.12,252.32,250.35,250.94
1190212,1600,252.72,254.88,252.67,254.53
1190213,1600,255.53,256.56,255.12,255.8
1190214,1600,254.54,256.17,253.62,255.16
1190215,1600,256.17,258.68,256.15,258.65
1190219,1600,257.96,259.48,257.96,258.81
1190220,1600,258.82,259.76,258.32,259.5
1190221,1600,258.94,259.24,257.5,258.53
1190222,1600,259.26,260.41,259.01,260.17
1190225,1600,261.85,262.36,260.75,260.89
1190226,1600,259.96,261.5,259.6,260.54
1190227,1600,259.82,260.42,258.77,259.87
1190228,1600,259.86,260.37,259.06,259.28
1190301,1600,261.15,261.54,259.23,260.42
1190304,1600,261.5,261.68,256.2,258.28
1190305,1600,258.22,258.86,257.39,258.19
1190306,1600,258.24,258.45,256.45,256.87
1190307,1600,256.4,256.49,253.61,254.81
1190308,1600,252.88,254.9,252.74,254.71
1190311,1600,252.85,256.83,252.46,256.76
1190312,1600,256.24,256.97,255.43,255.86
1190313,1600,256.84,258.07,256.01,257.35
1190314,1600,257.33,257.94,256.62,257.54
1190315,1600,257.58,259.15,256.33,258.34
1190318,1600,257.94,259.12,257.71,258.99
1190319,1600,260.11,260.96,258.0,258.88
1190320,1600,258.46,259.17,256.55,257.29
1190321,1600,256.38,259.97,256.35,259.58
1190322,1600,257.92,258.64,254.87,254.96
1190325,1600,254.69,255.89,253.57,255.07
1190326,1600,257.05,257.83,255.3,256.46
1190327,1600,256.63,257.43,254.1,256.11
1190328,1600,256.92,257.28,255.59,257.08
1190329,1600,258.58,259.34,257.57,259.13
1190401,1600,261.23,262.66,260.58,262.39
1190402,1600,262.0,262.07,261.08,261.69
1190403,1600,262.58,262.72,261.22,262.0
1190404,1600,262.22,263.94,262.11,263.78
1190405,1600,264.56,264.84,263.61,264.16
1190408,1600,262.83,263.4,262.37,263.22
1190409,1600,262.12,262.14,260.95,261.51
1190410,1600,261.9,262.07,261.0,261.6
1190411,1600,261.92,262.25,260.58,261.4
1190412,1600,263.87,264.39,263.08,264.07
1190415,1600,264.02,264.19,263.15,263.81
1190416,1600,265.28,265.32,263.93,264.53
1190417,1600,265.1,265.19,263.92,264.53
1190418,1600,264.98,265.93,264.36,265.56
1190422,1600,264.6,265.44,264.44,265.07
1190423,1600,265.45,266.86,265.06,266.48
1190424,1600,266.38,266.7,265.73,265.92
1190425,1600,264.06,265.25,262.98,264.53
1190426,1600,264.42,265.34,263.86,265.34
1190429,1600,265.32,265.91,265.08,265.44
1190430,1600,266.01,266.06,264.1,265.79
1190501,1600,266.47,266.81,264.14,264.15
1190502,1600,263.76,264.45,261.68,262.88
1190503,1600,264.32,265.25,263.6,264.97
1190506,1600,260.35,264.7,260.08,264.27
1190507,1600,261.98,262.49,257.81,259.52
1190508,1600,259.41,261.11,258.81,259.66
1190509,1600,257.74,259.09,255.37,258.44
1190510,1600,257.58,260.54,255.04,259.92
1190513,1600,254.67,255.7,252.59,253.47
1190514,1600,254.4,257.23,254.24,255.81
1190515,1600,254.17,257.63,253.74,256.92
1190516,1600,258.0,260.08,257.85,259.16
1190517,1600,256.36,259.39,256.21,257.44
1190520,1600,256.21,257.41,255.49,256.67
1190521,1600,258.2,258.88,257.68,258.77
1190522,1600,257.91,258.86,257.47,257.6
1190523,1600,255.32,255.35,253.28,254.76
1190524,1600,256.21,256.68,255.02,256.12
1190528,1600,256.12,257.21,253.46,253.47
1190529,1600,252.08,252.28,249.48,251.27
1190530,1600,251.77,252.34,250.82,251.87
1190531,1600,249.39,250.07,248.22,248.22
1190603,1600,248.34,249.61,247.04,248.5
1190604,1600,250.73,253.7,250.51,253.65
1190605,1600,255.22,255.8,254.07,255.73
1190606,1600,256.12,258.35,255.53,257.72
1190607,1600,258.46,261.12,258.4,260.25
1190610,1600,261.88,262.5,260.94,260.99
1190611,1600,262.66,262.87,256.95,260.88
1190612,1600,260.8,261.26,259.99,260.45
1190613,1600,261.34,261.88,260.37,261.56
1190614,1600,261.24,262.13,260.43,261.51
1190617,1600,261.64,262.18,260.97,261.68
1190618,1600,263.23,265.8,262.94,265.33
1190619,1600,265.4,266.21,264.63,265.56
1190620,1600,268.05,268.5,265.9,268.08
1190621,1600,267.29,268.96,266.9,267.1
1190624,1600,267.33,267.91,267.1,267.17
1190625,1600,267.39,267.4,265.13,265.26
1190626,1600,266.12,266.49,265.21,265.22
1190627,1600,265.45,265.91,264.5,265.15
1190628,1600,265.94,266.26,265.07,265.85
1190701,1600,268.45,268.75,266.0,266.97
1190702,1600,266.84,267.73,266.14,267.66
1190703,1600,268.34,269.6,268.28,269.56
1190705,1600,268.71,269.48,267.32,269.27
1190708,1600,267.9,268.43,267.47,268.06
1190709,1600,266.72,268.12,266.69,267.86
1190710,1600,268.84,269.88,268.17,268.69
1190711,1600,269.66,270.92,269.23,270.92
1190712,1600,271.66,273.39,271.6,273.39
1190715,1600,273.55,273.6,272.96,273.6
1190716,1600,273.62,273.99,272.9,273.42
1190717,1600,273.34,273.45,272.18,272.28
1190718,1600,271.66,272.75,270.75,272.27
1190719,1600,273.18,273.34,271.36,271.45
1190722,1600,271.77,272.16,270.8,271.65
1190723,1600,272.79,273.61,271.95,273.35
1190724,1600,272.25,272.85,271.83,272.61
1190725,1600,272.48,272.58,270.52,271.39
1190726,1600,271.65,272.05,271.11,271.86
1190729,1600,271.86,272.68,271.69,272.13
1190730,1600,271.09,272.15,270.62,271.91
1190731,1600,272.3,272.68,267.1,268.52
1190801,1600,268.82,271.71,265.4,265.76
1190802,1600,265.21,265.67,262.43,264.81
1190805,1600,260.99,261.15,255.13,257.1
1190806,1600,258.55,260.36,257.05,260.29
1190807,1600,257.13,260.69,254.36,260.24
1190808,1600,261.46,264.13,260.58,264.13
1190809,1600,263.44,264.44,261.25,263.18
1190812,1600,261.42,262.17,258.56,259.4
1190813,1600,259.07,264.63,258.63,263.17
1190814,1600,259.18,259.73,255.06,255.08
1190815,1600,256.24,256.95,253.93,256.36
1190816,1600,257.39,259.25,256.87,258.88
1190819,1600,262.04,262.25,260.82,261.34
1190820,1600,261.01,261.56,259.47,259.69
1190821,1600,261.83,262.66,261.49,262.03
1190822,1600,262.71,263.82,260.95,262.56
1190823,1600,261.27,263.19,255.04,256.29
1190826,1600,259.0,259.42,257.18,259.1
1190827,1600,260.51,260.56,257.24,257.8
1190828,1600,257.02,260.46,256.34,260.39
1190829,1600,262.94,264.24,262.0,263.9
1190830,1600,265.27,265.4,263.17,264.13
1190903,1600,262.07,262.2,260.03,261.42
1190904,1600,263.58,263.95,262.77,263.93
1190905,1600,266.73,268.71,266.7,267.68
1190906,1600,268.07,268.94,267.41,268.32
1190909,1600,268.85,269.4,268.03,268.8
1190910,1600,268.48,269.42,267.55,269.39
1190911,1600,269.72,271.74,269.22,271.69
1190912,1600,272.62,273.44,271.46,272.32
1190913,1600,273.02,273.28,272.46,272.6
1190916,1600,271.6,272.21,270.8,271.17
1190917,1600,270.59,271.58,270.37,271.56
1190918,1600,271.24,272.13,269.48,271.97
1190919,1600,272.47,273.2,271.13,271.42
1190920,1600,271.39,271.76,269.09,269.25
1190923,1600,268.25,269.97,268.07,269.36
1190924,1600,270.42,270.61,266.88,267.97
1190925,1600,268.4,270.13,267.42,269.58
1190926,1600,270.01,270.01,267.9,268.88
1190927,1600,269.58,269.97,267.0,267.99
1190930,1600,268.51,269.83,268.51,269.18
1191001,1600,269.76,270.29,265.45,265.5
1191002,1600,264.06,264.06,259.57,260.72
1191003,1600,260.31,262.03,257.38,262.01
1191004,1600,262.88,265.85,262.72,265.66
1191007,1600,264.92,266.5,264.19,264.74
1191008,1600,262.64,264.21,261.35,261.58
1191009,1600,263.44,264.24,262.48,263.43
1191010,1600,263.23,266.03,263.11,265.01
1191011,1600,267.77,270.14,267.62,268.16
1191014,1600,267.6,268.73,267.44,267.86
1191015,1600,269.12,271.19,268.86,270.22
1191016,1600,269.79,270.56,269.4,270.08
1191017,1600,270.67,271.15,269.71,270.38
1191018,1600,269.61,275.0,267.62,267.64
1191021,1600,268.06,268.37,267.4,268.21
1191022,1600,268.48,269.38,267.76,267.82
1191023,1600,268.12,268.9,267.36,268.24
1191024,1600,269.02,269.12,267.06,267.98
1191025,1600,267.72,270.12,267.63,269.6
1191028,1600,270.78,271.58,270.19,270.81
1191029,1600,270.47,271.6,270.31,270.87
1191030,1600,270.87,271.99,269.88,271.74
1191031,1600,271.57,271.66,269.07,270.48
1191101,1600,271.86,273.34,271.69,273.34
1191104,1600,274.73,275.05,273.96,274.55
1191105,1600,275.08,275.51,274.43,274.81
1191106,1600,275.02,275.21,273.99,274.8
1191107,1600,276.56,278.05,276.56,277.05
1191108,1600,277.16,277.24,276.05,277.07
1191111,1600,275.79,277.41,275.39,277.16
1191112,1600,277.43,277.99,276.64,277.29
1191113,1600,276.34,278.4,276.17,278.05
1191114,1600,277.88,278.32,277.09,278.23
1191115,1600,278.87,279.95,278.5,279.94
1191118,1600,279.76,280.36,279.61,280.27
1191119,1600,280.83,280.84,278.87,279.33
1191120,1600,278.64,278.9,276.72,278.2
1191121,1600,278.33,278.42,277.16,277.72
1191122,1600,278.38,279.03,277.79,278.86
1191125,1600,279.68,280.81,279.64,280.8
1191126,1600,281.07,281.58,280.61,281.36
1191127,1600,281.61,281.91,281.01,281.91
1191129,1600,281.3,281.57,280.84,280.95
1191202,1600,281.45,281.49,278.2,278.2
1191203,1600,275.43,275.64,273.62,275.51
1191204,1600,277.0,277.76,276.61,277.05
1191205,1600,277.86,277.86,276.15,277.36
1191206,1600,279.45,280.94,279.39,280.7
1191209,1600,280.44,280.72,279.7,279.76
1191210,1600,279.69,280.14,278.63,279.46
1191211,1600,279.13,279.9,278.65,279.72
1191212,1600,279.52,282.95,279.24,281.95
1191213,1600,281.93,283.61,281.0,282.11
1191216,1600,282.93,284.11,282.93,283.07
1191217,1600,283.19,284.0,282.91,283.4
1191218,1600,283.79,283.91,283.15,283.21
1191219,1600,283.65,284.54,283.57,284.46
1191220,1600,284.76,285.06,284.32,284.46
1191223,1600,285.34,285.66,285.15,285.33
1191224,1600,285.63,285.63,284.87,285.01
1191226,1600,285.23,286.1,285.2,286.06
1191227,1600,286.83,286.85,285.9,286.33
1191230,1600,286.34,286.41,284.12,284.53
1191231,1600,283.91,285.31,283.56,285.1
1200102,1600,286.44,288.63,286.15,288.62
1200103,1600,285.34,287.11,285.18,286.32
1200106,1600,284.29,287.03,284.16,286.98
1200107,1600,286.3,286.79,285.58,285.74
1200108,1600,285.32,288.67,285.08,287.4
1200109,1600,288.95,289.84,288.43,289.56
1200110,1600,289.96,290.04,287.84,288.24
1200113,1600,288.79,289.08,288.14,289.02
1200114,1600,288.87,290.49,288.72,289.22
1200115,1600,289.01,291.24,288.95,290.35
1200116,1600,291.63,292.97,291.47,292.93
1200117,1600,293.52,293.61,292.79,293.27
1200121,1600,292.44,293.28,291.37,291.83
1200122,1600,292.5,293.07,291.58,291.81
1200123,1600,290.75,291.86,289.6,291.54
1200124,1600,292.54,292.77,288.34,289.8
1200127,1600,284.85,286.65,283.86,285.36
1200128,1600,286.22,288.19,285.75,287.29
1200129,1600,288.99,289.28,287.21,287.29
1200130,1600,285.67,288.77,284.85,288.54
1200131,1600,286.96,287.23,281.61,282.42
1200203,1600,283.69,286.26,283.5,283.98
1200204,1600,287.68,289.0,287.42,288.04
1200205,1600,290.76,293.04,289.95,292.86
1200206,1600,294.02,294.14,292.45,293.74
1200207,1600,292.76,292.81,290.66,291.19
1200210,1600,290.2,292.96,290.16,292.95
1200211,1600,294.35,294.42,292.28,292.94
1200212,1600,294.63,295.87,294.53,295.72
1200213,1600,294.39,295.84,293.92,294.82
1200214,1600,294.97,295.13,293.4,294.54
1200218,1600,293.15,293.88,291.76,292.95
1200219,1600,293.77,294.72,293.39,294.1
1200220,1600,293.56,294.29,290.17,292.78
1200221,1600,290.8,291.05,288.75,289.74
1200224,1600,280.33,282.78,278.97,279.56
1200225,1600,280.8,281.36,269.88,270.7
1200226,1600,271.99,275.31,268.83,269.74
1200227,1600,264.86,267.73,257.39,257.5
1200228,1600,250.52,255.12,247.0,254.56
1200302,1600,256.71,267.25,254.06,267.03
1200303,1600,267.8,271.02,257.18,259.3
1200304,1600,265.45,271.11,262.96,270.89
1200305,1600,264.27,266.53,259.56,261.46
1200306,1600,253.67,260.1,252.43,258.85
1200309,1600,241.5,247.07,237.17,238.72
1200310,1600,247.29,250.54,237.09,250.47
1200311,1600,243.54,244.91,233.6,235.84
1200312,1600,220.5,229.0,211.83,212.11
1200313,1600,225.65,232.48,213.29,232.11
1200316,1600,206.5,218.31,201.51,202.49
1200317,1600,207.01,214.47,199.35,213.47
1200318,1600,199.07,205.44,189.67,199.39
1200319,1600,198.37,204.98,192.32,201.31
1200320,1600,203.29,205.29,191.0,191.9
1200323,1600,190.13,191.2,182.1,186.13
1200324,1600,196.27,207.21,196.21,206.64
1200325,1600,210.57,220.17,205.32,212.06
1200326,1600,214.43,225.87,214.01,225.07
1200327,1600,217.61,223.26,214.57,216.35
1200330,1600,217.36,223.72,215.1,223.1
1200331,1600,221.95,224.75,218.44,219.23
1200401,1600,210.65,214.78,207.77,209.38
1200402,1600,208.31,214.79,207.18,213.96
1200403,1600,212.73,214.55,208.69,210.6
1200406,1600,218.95,227.91,218.12,226.53
1200407,1600,235.46,236.16,226.45,226.6
1200408,1600,229.14,235.25,226.84,234.33
1200409,1600,237.84,240.19,235.11,237.14
1200413,1600,236.41,236.69,230.96,233.96
1200414,1600,238.7,240.47,236.88,239.68
1200415,1600,234.48,236.58,232.39,235.08
1200416,1600,235.7,236.06,232.18,235.34
1200417,1600,241.6,242.66,238.25,242.43
1200420,1600,238.24,241.11,236.26,236.64
1200421,1600,231.33,233.34,229.41,230.22
1200422,1600,234.4,236.27,233.39,234.77
1200423,1600,235.51,238.92,234.83,235.07
1200424,1600,236.61,238.33,234.2,237.83
1200427,1600,239.12,242.19,238.45,241.32
1200428,1600,245.01,245.16,240.36,241.09
1200429,1600,245.48,247.67,244.2,246.45
1200430,1600,244.2,245.17,241.91,243.22
1200501,1600,239.58,240.33,236.5,237.28
1200504,1600,235.21,237.75,233.64,237.42
1200505,1600,240.02,241.74,238.7,238.8
1200506,1600,240.34,240.54,236.6,236.86
1200507,1600,239.24,241.18,238.55,238.91
1200508,1600,242.27,243.8,241.34,243.62
1200511,1600,241.68,243.94,241.0,242.56
1200512,1600,243.81,244.14,237.94,238.08
1200513,1600,236.96,237.5,231.02,232.82
1200514,1600,230.08,236.76,228.3,236.75
1200515,1600,234.16,237.25,233.41,236.91
1200518,1600,243.51,247.2,243.36,245.93
1200519,1600,245.45,246.02,242.07,242.22
1200520,1600,245.4,246.58,244.73,245.73
1200521,1600,245.55,247.38,243.88,245.02
1200522,1600,244.91,245.1,243.17,244.88
1200526,1600,250.84,252.02,249.88,250.25
1200527,1600,253.73,255.79,250.33,255.77
1200528,1600,257.87,257.94,253.89,254.35
1200529,1600,253.27,255.32,250.68,254.29
1200601,1600,253.78,255.55,252.7,255.27
1200602,1600,256.55,257.92,255.71,257.85
1200603,1600,260.35,264.0,259.66,263.17
1200604,1600,262.37,264.43,261.39,263.33
1200605,1600,270.4,273.95,269.79,271.54
1200608,1600,272.9,276.38,272.9,276.28
1200609,1600,273.24,275.02,272.13,273.38
1200610,1600,273.2,274.18,270.01,270.46
1200611,1600,262.14,263.51,251.38,252.03
1200612,1600,259.0,260.32,251.43,256.74
1200615,1600,250.29,259.6,249.1,258.35
1200616,1600,267.09,267.14,258.69,263.82
1200617,1600,264.61,264.7,261.26,261.82
1200618,1600,260.04,262.26,259.11,261.45
1200619,1600,264.21,264.46,257.61,258.8
1200622,1600,257.88,260.58,256.68,260.32
1200623,1600,262.83,263.15,261.02,261.5
1200624,1600,259.22,259.52,252.94,254.63
1200625,1600,253.34,257.71,252.06,257.44
1200626,1600,255.65,256.05,249.7,250.38
1200629,1600,252.18,256.12,250.95,255.91
1200630,1600,255.07,259.05,254.72,257.87
1200701,1600,258.87,260.26,257.14,257.31
1200702,1600,261.15,262.17,257.88,258.42
1200706,1600,262.16,263.05,260.87,263.0
1200707,1600,261.1,261.85,258.78,259.04
1200708,1600,259.64,261.19,258.25,260.72
1200709,1600,260.87,261.19,255.35,257.24
1200710,1600,257.2,261.16,256.46,260.82
1200713,1600,263.06,266.52,260.58,261.04
1200714,1600,260.54,267.05,260.1,266.59
1200715,1600,270.47,270.54,267.05,268.91
1200716,1600,267.16,268.93,266.02,267.47
1200717,1600,267.95,268.07,266.17,266.74
1200720,1600,266.39,267.64,265.03,266.82
1200721,1600,268.82,270.27,267.65,268.34
1200722,1600,267.82,270.35,267.77,269.98
1200723,1600,269.64,269.78,265.62,266.69
1200724,1600,265.15,266.34,264.05,264.69
1200727,1600,264.77,266.31,264.35,265.95
1200728,1600,264.92,265.61,263.63,263.93
1200729,1600,264.19,266.07,263.8,265.5
1200730,1600,262.48,263.82,259.94,263.28
1200731,1600,263.76,264.49,260.18,264.35
1200803,1600,265.67,267.15,265.35,266.72
1200804,1600,266.29,268.42,266.03,268.41
1200805,1600,269.99,272.27,269.9,272.0
1200806,1600,271.63,274.03,271.57,273.9
1200807,1600,273.23,274.82,272.48,274.62
1200810,1600,275.51,278.28,275.48,278.14
1200811,1600,280.9,281.78,276.47,277.19
1200812,1600,279.84,280.74,278.72,280.04
1200813,1600,279.13,280.22,278.23,279.42
1200814,1600,278.23,280.16,277.9,279.8
1200817,1600,280.14,280.25,278.5,278.95
1200818,1600,279.1,279.37,277.11,278.2
1200819,1600,278.68,279.74,276.97,277.43
1200820,1600,276.04,278.34,275.87,277.87
1200821,1600,277.04,279.61,276.86,279.29
1200824,1600,281.72,283.25,280.47,283.18
1200825,1600,284.23,284.23,281.02,282.62
1200826,1600,282.61,283.61,281.57,283.43
1200827,1600,284.44,286.45,283.68,285.04
1200828,1600,286.23,287.45,285.0,286.7
1200831,1600,286.26,286.34,283.89,284.28
1200901,1600,283.73,286.93,283.17,286.79
1200902,1600,288.08,292.06,287.6,291.21
1200903,1600,290.97,292.36,281.1,283.34
1200904,1600,284.91,285.79,277.01,281.77
1200908,1600,278.82,278.83,275.01,275.42
1200909,1600,278.09,282.49,277.39,279.85
1200910,1600,281.13,282.17,274.85,275.79
1200911,1600,276.95,278.82,274.96,277.09
1200914,1600,278.92,281.43,278.67,280.53
1200915,1600,282.42,282.9,279.88,280.58
1200916,1600,281.54,284.23,280.78,281.03
1200917,1600,277.69,281.15,277.09,279.57
1200918,1600,279.02,279.4,274.77,276.52
1200921,1600,271.58,272.17,267.05,271.44
1200922,1600,271.67,273.24,269.79,272.81
1200923,1600,274.18,274.59,267.08,267.58
1200924,1600,266.86,270.88,265.27,268.1
1200925,1600,266.76,272.31,266.23,271.7
1200928,1600,275.26,277.12,274.72,275.9
1200929,1600,275.6,275.98,273.29,274.42
1200930,1600,275.0,280.17,275.0,277.5
1201001,1600,279.33,280.35,276.57,278.14
1201002,1600,274.17,278.51,273.6,276.8
1201005,1600,278.79,281.59,278.75,281.51
1201006,1600,282.54,283.52,277.24,277.72
1201007,1600,280.28,283.67,280.23,282.92
1201008,1600,284.52,284.68,282.69,284.29
1201009,1600,285.61,286.81,284.41,285.93
1201012,1600,286.95,289.61,286.68,288.46
1201013,1600,287.66,288.11,286.02,286.74
1201014,1600,287.22,287.95,284.58,285.13
1201015,1600,282.03,285.4,281.66,285.04
1201016,1600,286.24,288.37,285.89,285.97
1201019,1600,286.64,287.06,281.28,282.03
1201020,1600,283.16,285.66,282.25,282.95
1201021,1600,282.54,284.47,281.83,281.97
1201022,1600,282.1,284.16,280.3,283.65
1201023,1600,284.45,284.54,281.51,283.34
1201026,1600,280.14,280.39,273.7,277.0
1201027,1600,276.95,277.07,274.6,274.66
1201028,1600,269.0,270.75,265.02,265.48
1201029,1600,265.13,268.94,262.81,266.59
1201030,1600,265.03,266.32,261.41,265.06
1201102,1600,268.9,270.5,266.93,269.2
1201103,1600,272.66,276.43,272.2,274.65
1201104,1600,275.9,283.06,275.56,278.51
1201105,1600,282.29,284.96,282.07,283.91
1201106,1600,283.95,284.38,281.89,283.22
1201109,1600,298.61,299.49,291.39,291.72
1201110,1600,293.3,294.96,291.4,294.51
1201111,1600,296.07,296.14,292.93,294.11
1201112,1600,292.22,293.32,289.19,291.05
1201113,1600,292.97,295.92,292.42,295.15
1201116,1600,299.28,300.08,297.57,299.98
1201117,1600,297.31,299.15,295.6,298.31
1201118,1600,299.2,299.75,294.76,294.76
1201119,1600,294.06,295.81,292.9,295.33
1201120,1600,294.22,294.59,292.2,292.53
1201123,1600,294.26,296.65,293.48,295.89
1201124,1600,298.94,301.11,298.3,300.43
1201125,1600,299.95,300.04,298.05,298.74
1201127,1600,299.44,300.2,298.17,299.24
1201130,1600,297.52,297.8,294.75,296.62
1201201,1600,299.73,301.01,298.18,298.44
1201202,1600,297.1,299.34,296.35,299.18
1201203,1600,299.38,301.4,299.05,300.06
1201204,1600,300.74,302.59,300.6,302.59
1201207,1600,301.77,302.16,300.0,301.1
1201208,1600,300.01,302.87,299.98,302.2
1201209,1600,303.22,303.6,299.97,300.88
1201210,1600,299.99,301.15,299.2,300.54
1201211,1600,299.43,301.18,298.68,300.93
1201214,1600,303.02,303.8,299.0,299.1
1201215,1600,300.95,302.94,299.48,302.62
1201216,1600,302.54,302.87,301.32,302.15
1201217,1600,303.22,303.71,302.85,303.49
1201218,1600,303.07,303.14,300.23,301.9
1201221,1600,298.79,302.97,297.42,302.14
1201222,1600,301.84,301.88,299.86,300.07
1201223,1600,301.2,302.79,301.14,301.28
1201224,1600,301.66,302.1,300.93,302.02
1201228,1600,303.69,305.15,303.35,304.0
1201229,1600,305.43,305.7,302.64,303.46
1201230,1600,304.11,305.13,303.86,304.13
1201231,1600,304.0,306.29,303.35,305.79
1210104,1600,306.59,306.66,298.74,302.32
1210105,1600,301.93,305.05,301.38,303.84
1210106,1600,303.75,310.24,303.06,308.21
1210107,1600,309.72,311.98,309.06,310.5
1210108,1600,311.25,311.43,307.99,311.04
1210111,1600,308.49,311.0,308.42,310.17
1210112,1600,310.18,311.25,308.91,310.74
1210113,1600,310.63,311.6,309.92,310.63
1210114,1600,311.59,312.27,309.89,310.05
1210115,1600,308.01,309.32,306.03,308.12
1210119,1600,310.36,310.74,308.6,309.32
1210120,1600,310.43,312.34,309.94,311.77
1210121,1600,312.01,312.71,311.2,311.87
1210122,1600,309.86,311.02,309.09,309.97
1210125,1600,308.99,309.78,305.62,309.65
1210126,1600,310.54,311.19,309.21,309.39
1210127,1600,306.54,306.72,302.1,303.26
1210128,1600,304.98,309.42,304.83,306.07
1210129,1600,303.92,304.78,298.59,299.81
1210201,1600,302.28,303.35,300.14,302.02
1210202,1600,304.54,308.43,304.52,306.82
1210203,1600,306.1,307.94,305.18,307.26
1210204,1600,307.85,310.67,307.77,310.67
1210205,1600,312.36,312.55,310.87,311.54
1210208,1600,312.7,313.89,312.41,313.89
1210209,1600,313.26,314.5,312.57,313.92
1210210,1600,315.17,315.24,312.3,314.5
1210211,1600,315.09,315.76,312.8,314.68
1210212,1600,314.28,315.14,313.83,315.04
1210216,1600,316.33,316.54,314.87,315.58
1210217,1600,314.69,316.91,313.87,316.6
1210218,1600,314.75,316.0,313.38,315.56
1210219,1600,315.61,316.34,314.58,314.92
1210222,1600,312.9,316.49,312.77,315.21
1210223,1600,314.77,316.49,311.6,315.39
1210224,1600,314.68,320.04,314.18,319.53
1210225,1600,319.71,319.92,312.96,313.98
1210226,1600,314.42,314.44,308.78,309.45
1210301,1600,313.48,316.92,313.45,315.59
1210302,1600,315.72,316.43,314.01,314.19
1210303,1600,313.94,315.87,312.83,312.99
1210304,1600,313.19,314.92,305.68,309.58
1210305,1600,312.5,316.05,307.9,315.24
1210308,1600,316.75,321.73,315.83,318.25
1210309,1600,319.47,321.77,318.44,318.61
1210310,1600,320.53,324.31,320.47,323.33
1210311,1600,324.71,326.97,323.83,325.33
1210312,1600,325.67,328.49,325.5,328.31
1210315,1600,329.18,330.24,326.81,330.09
1210316,1600,329.85,330.0,328.32,328.86
1210317,1600,329.21,331.03,328.38,330.77
1210318,1600,330.3,332.86,328.77,329.36
1210319,1600,328.09,328.18,324.98,326.01
1210322,1600,325.55,327.98,325.03,327.24
1210323,1600,326.32,327.48,323.44,324.06
1210324,1600,325.28,327.73,324.08,324.08
1210325,1600,322.71,326.62,320.62,326.19
1210326,1600,327.6,330.89,326.68,330.61
1210329,1600,329.29,332.46,328.9,331.66
1210330,1600,331.05,331.6,329.78,330.82
1210331,1600,330.61,331.62,329.94,330.18
1210401,1600,330.78,331.6,329.72,331.45
1210405,1600,333.94,336.15,333.91,335.2
1210406,1600,334.69,335.42,333.78,334.37
1210407,1600,334.14,335.17,333.44,334.37
1210408,1600,334.3,335.15,333.43,335.13
1210409,1600,335.72,338.08,335.36,337.86
1210412,1600,337.26,337.86,336.65,337.55
1210413,1600,336.63,337.42,335.49,336.79
1210414,1600,336.81,339.11,336.74,337.53
1210415,1600,338.83,340.72,338.83,340.44
1210416,1600,341.73,342.43,340.98,341.86
1210419,1600,341.07,341.31,339.65,340.75
1210420,1600,339.4,339.86,336.75,338.12
1210421,1600,337.63,341.54,337.56,341.3
1210422,1600,341.12,341.21,337.09,338.12
1210423,1600,337.75,341.59,337.13,340.43
1210426,1600,341.15,341.48,339.39,339.87
1210427,1600,339.6,340.43,338.7,339.83
1210428,1600,339.23,339.49,338.06,338.37
1210429,1600,339.89,340.86,337.37,340.57
1210430,1600,338.92,339.65,337.85,338.94
1210503,1600,340.79,342.18,340.55,341.11
1210504,1600,339.99,341.53,337.62,341.49
1210505,1600,342.25,343.3,340.37,342.28
1210506,1600,342.93,345.64,341.91,345.51
1210507,1600,345.17,348.29,344.81,347.88
1210510,1600,349.26,351.09,347.59,347.74
1210511,1600,344.99,345.22,340.89,342.91
1210512,1600,341.55,342.23,335.71,336.0
1210513,1600,336.3,342.04,336.27,340.45
1210514,1600,342.31,344.93,341.88,344.26
1210517,1600,343.33,345.13,342.04,343.65
1210518,1600,343.85,344.5,340.87,341.11
1210519,1600,337.56,339.56,335.2,339.44
1210520,1600,339.74,342.94,339.34,341.52
1210521,1600,342.29,344.07,341.28,342.04
1210524,1600,343.37,344.69,343.05,343.96
1210525,1600,344.68,345.0,342.66,343.18
1210526,1600,343.56,344.12,342.67,343.27
1210527,1600,345.35,346.16,343.87,344.6
1210528,1600,346.38,346.48,345.35,345.64
1210601,1600,348.54,348.65,345.6,345.87
1210602,1600,346.75,347.35,345.75,346.36
1210603,1600,344.61,346.96,343.56,346.02
1210604,1600,347.07,347.99,346.54,347.9
1210607,1600,348.5,348.54,346.02,346.59
1210608,1600,346.69,346.91,344.75,346.34
1210609,1600,346.54,346.88,344.69,344.79
1210610,1600,346.54,347.73,344.8,344.98
1210611,1600,346.03,346.55,343.57,345.12
1210614,1600,344.83,344.87,342.47,344.3
1210615,1600,344.51,344.53,342.37,343.41
1210616,1600,343.41,343.64,339.49,340.76
1210617,1600,340.56,341.28,336.62,338.65
1210618,1600,334.35,335.25,332.68,332.96
1210621,1600,335.26,339.09,334.41,338.78
1210622,1600,338.73,340.41,337.45,339.45
1210623,1600,339.59,340.16,338.68,338.78
1210624,1600,340.67,342.32,340.37,341.98
1210625,1600,343.69,344.98,343.09,344.45
1210628,1600,344.33,344.42,341.82,342.8
1210629,1600,343.98,344.73,342.61,342.86
1210630,1600,342.38,345.51,342.35,344.95
1210701,1600,345.78,346.4,344.92,346.36
1210702,1600,347.04,348.29,346.18,347.94
1210706,1600,347.75,348.11,343.6,345.82
1210707,1600,345.65,347.14,344.43,346.92
1210708,1600,342.56,345.0,341.53,344.38
1210709,1600,346.57,349.07,345.84,348.73
1210712,1600,348.01,350.29,347.37,350.03
1210713,1600,349.53,350.25,348.85,349.0
1210714,1600,350.19,350.69,348.36,349.41
1210715,1600,347.9,350.0,347.64,349.94
1210716,1600,350.72,350.74,346.34,346.74
1210719,1600,341.79,350.03,337.38,339.88
1210720,1600,340.29,346.12,339.75,345.08
1210721,1600,346.97,348.15,346.37,347.99
1210722,1600,347.77,348.81,346.68,348.26
1210723,1600,350.0,350.99,349.21,350.57
1210726,1600,350.0,351.45,349.49,351.41
1210727,1600,350.02,350.68,348.73,350.62
1210728,1600,351.02,351.23,348.71,349.36
1210729,1600,350.95,351.71,350.38,350.82
1210730,1600,349.88,351.01,348.67,349.48
1210802,1600,350.45,351.91,348.06,348.35
1210803,1600,349.09,351.19,347.11,351.09
1210804,1600,349.59,350.08,347.88,347.99
1210805,1600,348.85,350.65,348.67,350.61
1210806,1600,351.62,352.49,351.46,352.09
1210809,1600,351.6,352.06,350.55,351.15
1210810,1600,351.41,352.94,351.01,352.73
1210811,1600,353.94,355.12,353.7,354.94
1210812,1600,355.19,355.25,353.74,355.23
1210813,1600,355.85,356.37,355.0,355.39
1210816,1600,354.41,356.6,352.66,356.57
1210817,1600,353.91,354.67,351.51,353.83
1210818,1600,352.62,354.04,349.89,350.12
1210819,1600,347.33,350.48,347.31,349.48
1210820,1600,348.98,351.75,348.53,351.16
1210823,1600,352.96,354.31,352.92,353.45
1210824,1600,354.08,354.49,353.62,353.74
1210825,1600,353.78,355.04,352.92,354.18
1210826,1600,354.47,355.0,352.07,352.16
1210827,1600,352.65,354.85,352.65,354.57
1210830,1600,354.96,355.22,353.88,354.08
1210831,1600,353.8,354.8,353.18,353.92
1210901,1600,354.29,354.35,353.29,353.55
1210902,1600,354.78,355.18,353.92,354.87
1210903,1600,353.68,354.65,353.09,354.14
1210907,1600,353.64,353.69,350.99,351.44
1210908,1600,350.82,352.17,349.64,350.73
1210909,1600,350.56,352.51,348.92,349.31
1210910,1600,351.25,351.66,346.57,346.7
1210913,1600,348.91,349.94,347.47,349.3
1210914,1600,350.4,350.57,345.71,346.47
1210915,1600,346.41,349.46,345.78,348.82
1210916,1600,348.91,350.08,346.0,348.18
1210917,1600,346.85,347.7,345.06,345.64
1210920,1600,340.22,342.16,335.99,339.4
1210921,1600,341.41,343.07,339.01,339.11
1210922,1600,341.16,344.33,340.44,342.5
1210923,1600,344.81,348.67,344.53,347.56
1210924,1600,346.5,348.43,346.31,347.87
1210927,1600,348.29,350.5,348.17,348.61
1210928,1600,347.31,347.82,342.41,342.92
1210929,1600,343.87,345.67,342.88,343.77
1210930,1600,345.08,345.44,338.11,338.29
1211001,1600,340.03,344.78,337.68,343.18
1211004,1600,342.61,344.03,338.07,340.01
1211005,1600,341.13,344.87,340.47,343.13
1211006,1600,340.48,344.3,338.47,344.12
1211007,1600,346.87,349.77,346.77,347.63
1211008,1600,347.92,348.46,346.58,347.53
1211011,1600,347.66,349.56,344.86,344.98
1211012,1600,345.49,346.1,343.19,343.78
1211013,1600,343.95,344.56,341.12,343.89
1211014,1600,347.21,349.22,346.6,349.13
1211015,1600,351.65,353.08,350.92,352.85
1211018,1600,351.34,353.13,350.25,352.5
1211019,1600,353.67,354.51,352.8,354.46
1211020,1600,354.51,356.58,354.37,356.03
1211021,1600,355.39,356.09,354.3,355.96
1211022,1600,355.97,357.62,355.32,356.74
1211025,1600,357.36,357.89,356.29,357.55
1211026,1600,358.56,358.93,357.37,357.5
1211027,1600,358.09,358.3,354.96,354.98
1211028,1600,355.75,357.38,355.75,357.3
1211029,1600,356.65,358.52,356.39,358.23
1211101,1600,359.45,360.05,357.98,359.13
1211102,1600,359.41,360.88,358.79,360.57
1211103,1600,359.91,361.84,358.9,361.56
1211104,1600,361.34,361.65,359.87,361.35
1211105,1600,362.96,364.94,361.89,363.3
1211108,1600,365.06,365.64,363.33,364.32
1211109,1600,364.19,364.3,361.82,363.28
1211110,1600,362.52,363.73,360.28,361.07
1211111,1600,361.19,361.26,359.38,359.46
1211112,1600,360.69,361.74,359.58,361.28
1211115,1600,362.6,362.73,360.67,361.24
1211116,1600,361.82,363.54,361.7,361.93
1211117,1600,361.44,361.58,359.54,359.85
1211118,1600,360.03,360.05,357.13,359.35
1211119,1600,357.89,357.89,355.38,355.91
1211122,1600,357.48,359.24,356.09,356.2
1211123,1600,356.28,358.37,355.34,358.02
1211124,1600,356.06,358.2,355.8,358.03
1211126,1600,350.33,351.46,347.36,349.02
1211129,1600,352.59,352.77,348.92,351.19
1211130,1600,348.7,350.01,344.36,344.9
1211201,1600,348.04,350.38,340.32,340.46
1211202,1600,341.81,347.95,341.17,346.61
1211203,1600,347.86,348.5,343.08,346.24
1211206,1600,349.26,354.02,348.83,352.82
1211207,1600,355.93,358.61,355.79,357.74
1211208,1600,358.17,358.87,356.42,357.99
1211209,1600,356.75,359.18,356.35,358.11
1211210,1600,359.59,360.33,357.61,360.23
1211213,1600,359.43,359.99,356.61,357.04
1211214,1600,355.71,358.41,354.97,356.17
1211215,1600,355.83,359.97,354.44,359.81
1211216,1600,361.27,362.51,358.31,359.44
1211217,1600,356.3,356.93,352.71,353.63
1211220,1600,349.38,349.64,346.54,349.27
1211221,1600,352.16,354.98,351.51,354.91
1211222,1600,354.95,357.56,354.17,357.39
1211223,1600,358.39,360.5,358.16,359.36
1211227,1600,360.06,362.96,359.7,362.92
1211228,1600,363.11,365.12,362.89,363.99
1211229,1600,363.9,365.64,363.79,364.84
1211230,1600,365.69,366.72,363.6,364.07
1211231,1600,363.51,364.74,362.91,363.32
1220103,1600,364.34,365.85,362.3,365.68
1220104,1600,367.34,369.21,367.21,367.87
1220105,1600,367.71,369.5,363.98,364.09
1220106,1600,364.11,364.65,361.96,362.39
1220107,1600,361.89,363.87,361.13,362.31
1220110,1600,361.07,361.22,356.44,360.79
1220111,1600,360.69,362.75,357.7,362.54
1220112,1600,363.73,364.56,361.67,362.95
1220113,1600,364.21,365.13,360.45,361.2
1220114,1600,358.21,359.8,356.4,359.14
1220118,1600,355.33,355.36,352.62,353.85
1220119,1600,354.91,355.55,350.21,350.35
1220120,1600,351.48,355.05,346.81,347.33
1220121,1600,347.09,348.85,342.14,342.35
1220124,1600,338.43,344.12,331.35,343.81
1220125,1600,340.26,345.79,335.34,342.96
1220126,1600,346.04,348.0,338.53,341.46
1220127,1600,344.4,347.63,339.89,341.55
1220128,1600,341.86,347.18,337.9,347.11
1220131,1600,345.78,351.36,344.72,351.08
1220201,1600,351.66,354.27,349.68,353.94
1220202,1600,353.59,356.66,352.76,356.03
1220203,1600,354.82,355.22,350.58,350.98
1220204,1600,350.4,353.25,347.82,350.87
1220207,1600,351.26,353.16,349.83,350.9
1220208,1600,351.6,355.35,350.79,354.54
1220209,1600,357.35,358.1,356.66,357.67
1220210,1600,354.78,358.06,351.03,352.55
1220211,1600,352.46,354.42,346.23,347.29
1220214,1600,346.72,347.55,343.2,345.89
1220215,1600,348.93,350.76,348.35,350.22
1220216,1600,348.76,350.72,346.71,349.67
1220217,1600,347.43,347.71,342.86,343.68
1220218,1600,342.9,344.2,339.67,340.98
1220222,1600,338.79,340.26,333.58,336.01
1220223,1600,338.16,338.26,330.82,331.52
1220224,1600,322.82,332.74,322.69,332.34
1220225,1600,333.68,341.02,333.06,340.54
1220228,1600,335.95,339.82,334.79,339.34
1220301,1600,337.27,339.02,331.33,333.16
1220302,1600,335.27,340.45,334.69,339.0
1220303,1600,340.71,342.09,336.68,338.13
1220304,1600,334.61,336.87,332.8,336.47
1220307,1600,335.2,335.33,328.34,328.47
1220308,1600,328.49,334.4,326.06,326.53
1220309,1600,333.12,335.04,331.57,333.4
1220310,1600,329.32,332.85,328.68,332.11
1220311,1600,334.1,335.73,329.69,330.02
1220314,1600,331.75,334.6,328.79,330.07
1220315,1600,332.0,336.85,331.11,336.19
1220316,1600,339.19,341.42,334.54,341.36
1220317,1600,339.94,345.59,339.61,345.45
1220318,1600,343.62,347.44,342.65,347.19
1220321,1600,346.61,347.93,343.3,345.44
1220322,1600,347.12,348.72,346.86,348.14
1220323,1600,345.75,346.44,343.35,343.41
1220324,1600,344.49,347.06,343.44,347.06
1220325,1600,347.8,349.32,346.19,348.54
1220328,1600,347.75,349.49,345.38,349.49
1220329,1600,352.66,353.71,350.13,352.97
1220330,1600,352.15,353.47,350.44,352.12
1220331,1600,351.07,351.57,346.76,346.83
1220401,1600,348.15,348.35,345.24,348.01
1220404,1600,347.64,349.28,346.03,349.24
1220405,1600,347.82,351.05,345.5,346.34
1220406,1600,343.59,346.06,342.7,344.75
1220407,1600,343.77,347.1,341.89,345.97
1220408,1600,345.71,349.12,344.65,347.37
1220411,1600,345.36,347.08,342.74,343.2
1220412,1600,344.41,346.75,341.0,342.22
1220413,1600,341.69,346.05,341.54,345.76
1220414,1600,346.71,348.73,344.25,344.29
1220418,1600,343.87,346.07,342.63,344.1
1220419,1600,344.29,349.74,344.25,349.12
1220420,1600,351.06,353.07,350.28,351.53
1220421,1600,353.96,354.88,347.18,347.71
1220422,1600,346.34,346.41,337.74,338.27
1220425,1600,336.45,341.08,333.2,340.56
1220426,1600,338.03,339.05,332.27,332.45
1220427,1600,333.88,337.0,331.08,333.03
1220428,1600,335.24,340.54,332.49,339.29
1220429,1600,337.62,339.23,329.1,329.69
1220502,1600,330.35,332.34,324.46,330.74
1220503,1600,331.18,333.42,329.11,331.25
1220504,1600,331.8,341.17,330.2,340.59
1220505,1600,337.83,338.24,326.89,330.24
1220506,1600,327.74,330.65,324.75,329.07
1220509,1600,324.98,326.37,321.37,322.6
1220510,1600,326.5,327.61,319.06,321.83
1220511,1600,321.74,326.07,318.16,318.46
1220512,1600,316.6,319.43,312.53,317.64
1220513,1600,320.33,323.03,318.85,322.23
1220516,1600,321.71,325.57,319.7,322.78
1220517,1600,326.83,327.37,323.46,327.1
1220518,1600,324.21,324.39,314.43,315.55
1220519,1600,312.12,316.35,310.83,313.18
1220520,1600,314.79,315.07,306.28,312.42
1220523,1600,315.32,319.65,314.78,318.84
1220524,1600,316.57,320.15,313.62,319.39
1220525,1600,317.98,322.54,317.45,321.28
1220526,1600,322.95,327.77,322.9,326.45
1220527,1600,327.05,332.13,326.82,332.07
1220531,1600,330.17,332.55,327.66,330.2
1220601,1600,332.41,332.95,326.1,328.36
1220602,1600,328.55,332.78,325.36,332.77
1220603,1600,329.87,331.73,328.73,329.35
1220606,1600,331.59,332.74,328.53,329.45
1220607,1600,326.82,332.47,326.82,332.17
1220608,1600,330.56,331.93,328.56,329.38
1220609,1600,328.16,329.99,323.0,323.0
1220610,1600,318.31,318.77,314.32,314.37
1220613,1600,307.5,309.62,304.16,305.58
1220614,1600,306.61,307.43,301.93,304.3
1220615,1600,306.4,310.68,302.26,307.23
1220616,1600,301.37,301.66,298.02,299.9
1220617,1600,298.27,301.58,296.39,298.72
1220621,1600,303.08,306.47,302.62,305.29
1220622,1600,301.53,307.68,301.33,304.61
1220623,1600,305.67,307.06,302.78,306.74
1220624,1600,309.2,315.12,309.12,315.02
1220627,1600,315.4,315.89,313.38,314.36
1220628,1600,316.0,318.75,309.23,309.34
1220629,1600,310.4,311.48,308.83,310.05
1220630,1600,306.75,309.82,304.25,307.82
1220701,1600,307.4,311.31,304.77,310.85
1220705,1600,306.6,309.76,303.58,309.71
1220706,1600,310.0,312.29,307.94,310.41
1220707,1600,312.54,314.27,311.61,313.95
1220708,1600,313.5,315.14,312.17,313.46
1220711,1600,311.66,313.74,311.17,311.7
1220712,1600,310.56,313.55,308.6,309.97
1220713,1600,306.19,309.94,305.11,307.75
1220714,1600,302.66,306.86,301.47,306.4
1220715,1600,310.81,312.78,309.15,312.66
1220718,1600,315.76,316.35,309.73,310.65
1220719,1600,313.07,318.4,312.66,318.11
1220720,1600,318.24,319.43,316.45,318.74
1220721,1600,317.63,320.46,315.38,320.41
1220722,1600,321.76,322.2,317.34,319.06
1220725,1600,320.07,320.39,318.25,319.96
1220726,1600,318.89,319.48,317.1,317.54
1220727,1600,318.88,323.44,318.04,322.01
1220728,1600,322.45,326.12,319.81,325.23
1220729,1600,325.52,329.27,324.92,328.66
1220801,1600,326.91,329.72,326.45,328.04
1220802,1600,326.97,327.78,323.9,324.04
1220803,1600,325.7,329.14,325.14,328.16
1220804,1600,327.69,328.36,326.55,327.36
1220805,1600,325.07,328.19,324.93,327.97
1220808,1600,329.81,331.12,327.71,328.42
1220809,1600,328.28,328.94,327.19,327.91
1220810,1600,332.6,333.83,331.96,333.2
1220811,1600,335.82,336.8,333.18,333.71
1220812,1600,334.8,337.92,334.19,337.83
1220815,1600,336.11,339.85,336.06,339.37
1220816,1600,338.82,343.09,338.75,341.74
1220817,1600,339.67,342.06,338.7,340.2
1220818,1600,340.2,341.0,338.97,340.58
1220819,1600,338.35,338.66,336.26,337.04
1220822,1600,333.11,333.52,330.16,330.76
1220823,1600,330.31,331.45,328.64,329.11
1220824,1600,328.93,331.03,328.33,329.86
1220825,1600,330.09,333.15,329.0,333.15
1220826,1600,333.49,333.67,322.82,322.93
1220829,1600,320.54,323.33,319.75,321.1
1220830,1600,322.09,322.17,316.57,318.04
1220831,1600,318.46,320.17,315.6,315.65
1220901,1600,314.29,317.25,312.7,317.06
1220902,1600,319.77,320.75,312.31,313.76
1220906,1600,314.55,315.2,310.93,312.2
1220907,1600,311.64,316.94,311.45,316.33
1220908,1600,314.69,318.4,313.68,318.24
1220909,1600,320.08,322.94,319.5,322.28
1220912,1600,323.29,325.68,323.21,324.57
1220913,1600,318.8,319.59,310.83,311.73
1220914,1600,312.36,313.48,309.53,312.06
1220915,1600,311.63,313.52,309.53,310.36
1220916,1600,305.96,308.58,305.35,308.05
1220919,1600,305.37,310.19,305.29,310.15
1220920,1600,307.69,307.99,304.58,307.02
1220921,1600,308.52,310.27,301.72,301.81
1220922,1600,301.56,302.97,299.89,300.52
1220923,1600,297.82,298.0,292.4,295.86
1220926,1600,294.6,296.24,291.5,292.72
1220927,1600,294.78,296.53,289.5,291.3
1220928,1600,292.35,298.03,291.05,296.73
1220929,1600,294.77,294.85,289.85,292.21
1220930,1600,291.21,293.46,287.04,287.3
1221003,1600,290.56,296.37,289.47,294.79
1221004,1600,298.61,303.18,298.44,303.14
1221005,1600,299.73,304.55,298.8,302.79
1221006,1600,301.47,303.31,298.61,299.23
1221007,1600,296.73,296.89,291.44,292.97
1221010,1600,294.28,294.92,290.09,291.96
1221011,1600,291.18,296.14,290.72,292.29
1221012,1600,292.46,294.57,291.37,292.16
1221013,1600,287.14,301.73,286.62,300.56
1221014,1600,302.54,304.36,296.19,296.82
1221017,1600,300.89,303.21,299.98,302.06
1221018,1600,308.26,308.38,303.04,305.47
1221019,1600,304.34,306.65,302.29,304.35
1221020,1600,304.83,308.37,302.74,303.31
1221021,1600,303.08,311.2,302.01,310.88
1221024,1600,312.53,316.0,311.6,315.05
1221025,1600,314.35,318.78,314.11,318.49
1221026,1600,317.98,321.72,317.77,318.38
1221027,1600,321.56,323.87,319.92,320.46
1221028,1600,321.77,328.89,321.46,328.58
1221031,1600,326.92,328.82,325.86,327.42
1221101,1600,329.37,329.83,324.8,326.41
1221102,1600,325.46,330.75,321.32,321.36
1221103,1600,319.35,321.85,317.18,319.87
1221104,1600,323.61,326.14,319.34,324.14
1221107,1600,325.14,328.95,324.15,328.42
1221108,1600,329.47,333.56,328.29,331.71
1221109,1600,329.71,330.87,324.96,325.34
1221110,1600,334.22,337.49,331.88,337.26
1221111,1600,337.9,338.37,334.14,337.79
1221114,1600,336.71,339.87,335.56,335.77
1221115,1600,338.49,340.12,333.42,336.21
1221116,1600,335.67,337.25,335.55,336.07
1221117,1600,332.73,336.78,332.73,336.1
1221118,1600,337.46,338.15,335.26,337.37
1221121,1600,337.66,338.65,335.53,337.05
1221122,1600,338.89,341.12,338.39,340.96
1221123,1600,340.61,342.58,339.99,341.95
1221125,1600,342.09,343.8,342.03,343.52
1221128,1600,341.69,342.98,337.95,338.49
1221129,1600,337.93,339.37,336.61,338.48
1221130,1600,338.65,346.19,336.18,346.15
1221201,1600,346.75,346.76,341.69,344.41
1221202,1600,340.86,345.41,340.86,344.74
1221205,1600,342.45,343.31,339.03,340.03
1221206,1600,339.77,340.65,334.72,336.46
1221207,1600,336.14,338.33,335.54,336.44
1221208,1600,337.74,339.65,337.06,338.46
1221209,1600,337.67,339.11,335.25,335.37
1221212,1600,336.14,340.65,336.06,340.62
1221213,1600,348.18,348.22,339.5,341.81
1221214,1600,341.78,344.66,337.64,340.22
1221215,1600,336.58,337.37,330.78,332.8
1221216,1600,329.29,330.5,326.45,328.97
1221219,1600,328.87,330.33,325.71,327.38
1221220,1600,327.59,329.87,326.41,328.38
1221221,1600,331.54,334.33,331.12,333.6
1221222,1600,331.5,331.85,325.65,330.26
1221223,1600,329.62,332.19,328.06,331.93
1221227,1600,332.34,333.82,330.57,332.37
1221228,1600,332.69,333.74,328.57,328.57
1221229,1600,330.53,332.85,330.13,332.06
1221230,1600,330.62,331.4,328.35,331.33
1230103,1600,332.42,333.83,328.35,331.22
1230104,1600,332.56,334.04,330.2,332.56
1230105,1600,330.97,331.15,328.1,329.22
1230106,1600,332.18,337.12,329.91,336.28
1230109,1600,337.69,339.41,334.92,335.29
1230110,1600,334.95,337.33,334.29,337.23
1230111,1600,338.4,339.81,337.13,339.76
1230112,1600,340.88,343.0,337.95,342.0
1230113,1600,339.16,343.49,339.11,343.04
1230117,1600,342.36,342.75,338.63,339.16
1230118,1600,339.57,340.2,332.7,332.97
1230119,1600,331.06,332.46,329.97,330.63
1230120,1600,330.82,333.73,329.35,333.67
1230123,1600,334.69,337.75,333.05,336.17
1230124,1600,334.96,337.72,333.7,337.1
1230125,1600,334.24,337.64,332.55,337.32
1230126,1600,338.45,339.46,336.2,339.36
1230127,1600,339.4,341.54,338.16,339.61
1230130,1600,338.46,340.43,336.85,337.06
1230131,1600,337.6,340.86,336.51,340.83
1230201,1600,339.12,343.27,335.58,340.87
1230202,1600,341.51,341.51,338.01,340.43
1230203,1600,338.77,341.67,337.96,338.98
1230206,1600,337.65,339.56,336.69,338.48
1230207,1600,336.95,342.31,336.19,341.52
1230208,1600,340.37,341.46,338.84,339.42
1230209,1600,341.75,342.56,336.06,337.08
1230210,1600,336.74,339.01,335.95,338.73
1230213,1600,338.88,342.56,338.88,342.55
1230214,1600,341.52,343.53,338.41,341.14
1230215,1600,339.46,341.67,338.63,341.66
1230216,1600,338.5,340.89,337.31,337.39
1230217,1600,335.72,338.43,335.08,338.29
1230221,1600,334.72,335.94,331.1,331.25
1230222,1600,331.75,332.43,329.45,330.52
1230223,1600,331.85,332.75,327.98,331.67
1230224,1600,327.83,329.14,326.43,328.12
1230227,1600,330.73,331.98,328.2,329.06
1230228,1600,328.87,328.87,326.51,326.57
1230301,1600,326.04,327.82,325.3,327.0
1230302,1600,327.57,331.2,326.8,330.44
1230303,1600,331.52,334.43,330.42,334.21
1230306,1600,334.63,336.12,334.18,334.68
1230307,1600,334.67,334.92,328.72,328.87
1230308,1600,328.92,329.5,326.6,328.49
1230309,1600,329.72,330.44,322.4,323.08
1230310,1600,322.54,324.87,318.43,319.73
1230313,1600,316.76,323.17,316.66,318.82
1230314,1600,322.21,323.71,318.71,322.19
1230315,1600,316.9,319.81,314.97,319.54
1230316,1600,317.66,323.57,316.43,323.25
1230317,1600,320.72,321.09,317.16,318.5
1230320,1600,319.33,322.75,319.33,322.3
1230321,1600,325.42,325.84,323.34,325.62
1230322,1600,325.65,327.56,320.06,320.18
1230323,1600,321.33,325.02,318.5,320.84
1230324,1600,319.45,322.46,317.91,322.32
1230327,1600,324.59,325.57,323.3,324.31
1230328,1600,323.99,325.65,322.84,323.81
1230329,1600,326.58,327.17,325.29,327.08
1230330,1600,328.88,328.95,326.72,328.48
1230331,1600,329.59,332.81,329.51,332.62
1230403,1600,333.59,336.25,333.51,335.91
1230404,1600,335.91,336.26,332.63,333.94
1230405,1600,334.0,335.45,333.76,334.82
1230406,1600,334.35,335.31,333.28,334.9
1230410,1600,334.0,335.96,333.43,335.96
1230411,1600,336.31,337.87,336.01,336.9
1230412,1600,338.61,339.01,335.96,336.61
1230413,1600,337.07,340.58,336.07,340.37
1230414,1600,339.94,340.85,337.31,338.84
1230417,1600,339.12,339.93,337.99,339.92
1230418,1600,339.94,340.22,337.9,339.8
1230419,1600,339.11,339.63,338.19,338.99
1230420,1600,337.43,338.85,336.85,337.95
1230421,1600,338.26,338.58,336.81,338.11
1230424,1600,337.91,338.91,337.21,338.75
1230425,1600,338.17,338.68,335.2,335.33
1230426,1600,335.6,336.46,332.31,332.95
1230427,1600,334.18,338.58,333.83,338.2
1230428,1600,337.19,341.04,337.13,341.03
1230501,1600,341.1,342.59,340.26,340.36
1230502,1600,339.94,340.0,334.31,336.87
1230503,1600,337.13,338.18,333.93,334.11
1230504,1600,333.28,333.59,329.37,331.33
1230505,1600,334.26,337.5,333.94,336.73
1230508,1600,337.17,337.39,335.09,336.22
1230509,1600,335.41,336.68,335.15,335.77
1230510,1600,337.4,337.85,332.49,335.49
1230511,1600,333.74,333.87,331.47,333.33
1230512,1600,334.42,334.45,331.31,333.2
1230515,1600,333.51,334.26,331.86,333.77
1230516,1600,332.71,333.07,330.28,330.35
1230517,1600,332.14,335.17,330.89,334.61
1230518,1600,333.9,336.44,332.75,336.06
1230519,1600,335.96,336.45,333.22,334.19
1230522,1600,334.12,335.15,332.02,332.9
1230523,1600,331.76,333.1,330.08,330.61
1230524,1600,330.0,330.24,327.48,328.01
1230525,1600,328.07,328.73,325.82,327.75
1230526,1600,328.13,331.62,327.92,330.84
1230530,1600,330.65,331.32,328.92,330.52
1230531,1600,329.45,330.17,327.7,329.52
1230601,1600,328.91,331.98,327.32,330.94
1230602,1600,333.24,338.5,333.11,338.07
1230605,1600,338.21,338.48,335.96,336.13
1230606,1600,336.03,336.74,334.47,336.17
1230607,1600,336.54,337.52,335.93,337.17
1230608,1600,337.23,339.26,336.75,338.81
1230609,1600,338.57,340.26,338.32,339.27
1230612,1600,339.74,341.3,339.23,341.17
1230613,1600,341.74,343.63,341.6,342.62
1230614,1600,341.39,342.04,338.34,340.42
1230615,1600,340.35,345.58,340.18,344.77
1230616,1600,345.35,345.73,342.72,342.95
1230620,1600,341.3,341.61,339.0,340.46
1230621,1600,339.62,340.91,338.68,339.43
1230622,1600,338.94,339.93,338.24,339.34
1230623,1600,337.12,338.19,336.22,337.16
1230626,1600,336.8,338.08,335.95,337.14
1230627,1600,337.1,339.65,337.1,339.23
1230628,1600,338.73,338.94,337.43,338.63
1230629,1600,338.41,341.39,338.11,341.16
1230630,1600,343.22,344.58,342.76,343.85
1230703,1600,343.0,344.53,342.78,344.07
1230705,1600,342.38,343.74,342.25,342.81
1230706,1600,340.24,340.87,337.7,339.23
1230707,1600,337.97,340.4,337.19,337.43
1230710,1600,337.4,339.65,337.17,339.58
1230711,1600,340.74,342.92,339.95,342.64
1230712,1600,344.91,345.9,343.15,343.63
1230713,1600,344.34,344.88,343.7,343.92
1230714,1600,345.71,345.92,344.51,345.17
1230717,1600,344.56,346.7,344.22,345.85
1230718,1600,345.65,349.91,345.25,349.58
1230719,1600,350.4,352.45,350.4,350.69
1230720,1600,351.45,353.89,351.35,352.43
1230721,1600,352.81,353.32,351.71,352.14
1230724,1600,352.71,354.57,352.53,354.07
1230725,1600,353.8,355.18,353.55,354.32
1230726,1600,353.14,356.28,353.12,355.25
1230727,1600,355.86,356.36,352.04,352.77
1230728,1600,354.51,355.55,353.43,354.48
1230731,1600,354.57,355.6,354.19,355.57
1230801,1600,355.27,356.7,355.14,356.2
1230802,1600,354.48,355.2,352.11,352.74
1230803,1600,351.6,353.39,351.12,351.99
1230804,1600,353.12,354.96,350.2,350.65
1230807,1600,352.04,354.87,351.88,354.62
1230808,1600,352.42,353.35,349.92,353.02
1230809,1600,352.87,353.68,350.54,351.28
1230810,1600,353.15,355.92,351.19,351.89
1230811,1600,351.19,353.72,350.61,353.0
1230814,1600,352.73,353.5,351.77,353.21
1230815,1600,351.67,352.02,349.18,349.61
1230816,1600,349.3,351.52,347.71,347.77
1230817,1600,348.95,349.32,344.82,345.06
1230818,1600,342.95,345.91,342.68,345.12
1230821,1600,345.3,345.72,342.49,344.67
1230822,1600,344.79,345.14,342.57,342.96
1230823,1600,343.53,345.4,343.25,344.83
1230824,1600,344.32,346.97,340.97,341.03
1230825,1600,342.46,344.55,340.35,343.5
1230828,1600,345.21,346.67,344.5,345.71
1230829,1600,345.56,348.75,345.4,348.62
1230830,1600,349.1,350.73,348.52,349.4
1230831,1600,350.92,351.28,347.74,347.81
1230901,1600,349.93,350.36,347.75,348.98
1230905,1600,349.08,349.28,346.9,346.98
1230906,1600,346.45,346.51,343.46,345.0
1230907,1600,344.46,346.24,344.35,345.69
1230908,1600,345.77,347.04,345.48,346.51
1230911,1600,348.02,348.59,346.51,347.37
1230912,1600,346.64,349.3,346.36,347.21
1230913,1600,347.56,348.51,345.82,346.55
1230914,1600,348.66,350.63,347.73,349.94
1230915,1600,348.26,348.85,345.6,346.14
1230918,1600,346.28,347.13,345.31,346.15
1230919,1600,345.47,345.81,342.98,345.07
1230920,1600,346.04,347.66,344.2,344.32
1230921,1600,343.17,343.65,340.47,340.58
1230922,1600,340.69,341.43,339.32,339.58
1230925,1600,338.73,340.07,337.69,339.98
1230926,1600,337.87,338.74,335.55,336.04
1230927,1600,336.88,337.15,332.93,335.43
1230928,1600,335.32,337.67,334.57,336.62
1230929,1600,338.78,338.83,333.91,334.95
1231002,1600,334.29,335.02,332.08,334.09
1231003,1600,332.84,333.88,329.04,329.98
1231004,1600,330.13,331.46,328.61,330.99
1231005,1600,330.82,331.75,329.39,331.17
1231006,1600,330.35,335.64,328.48,334.1
1231009,1600,332.95,336.38,332.59,336.09
1231010,1600,337.2,339.01,336.03,337.45
1231011,1600,338.19,338.84,336.16,338.03
1231012,1600,338.77,338.77,334.57,336.27
1231013,1600,337.48,339.61,335.52,336.68
1231016,1600,338.77,340.91,338.41,339.89
1231017,1600,338.33,341.52,338.27,339.99
1231018,1600,339.74,339.97,336.0,336.63
1231019,1600,336.69,338.62,333.76,334.12
1231020,1600,333.38,334.23,331.13,331.19
1231023,1600,329.9,332.33,328.88,329.32
1231024,1600,331.0,332.7,329.85,331.44
1231025,1600,332.22,332.69,329.83,330.35
1231026,1600,330.16,331.02,327.36,327.82
1231027,1600,327.84,327.88,323.21,324.19
1231030,1600,326.39,330.02,326.37,329.23
1231031,1600,329.18,330.68,327.84,330.48
1231101,1600,330.92,333.36,330.1,332.68
1231102,1600,334.78,338.52,334.41,338.39
1231103,1600,340.12,341.62,339.39,340.61
1231106,1600,340.86,341.64,339.89,341.04
1231107,1600,340.73,342.07,340.3,341.54
1231108,1600,342.1,342.59,339.94,341.12
1231109,1600,342.01,342.05,338.77,339.11
1231110,1600,340.81,343.3,339.27,343.01
1231113,1600,342.38,344.3,342.23,343.57
1231114,1600,347.52,349.52,346.67,348.42
1231115,1600,349.29,350.78,348.98,350.27
1231116,1600,349.58,350.8,348.75,350.02
1231117,1600,349.78,350.22,348.73,349.43
1231120,1600,349.1,352.24,349.07,351.52
1231121,1600,351.11,351.21,350.36,350.82
1231122,1600,351.89,353.14,351.5,352.56
1231124,1600,353.16,353.95,353.04,353.8
1231127,1600,353.63,354.14,352.78,353.32
1231128,1600,353.49,355.14,353.09,354.11
1231129,1600,354.97,356.13,354.37,354.65
1231130,1600,356.71,360.18,356.45,360.0
1231201,1600,360.02,363.25,359.86,363.05
1231204,1600,361.15,362.95,361.02,362.64
1231205,1600,361.86,362.26,360.7,361.91
1231206,1600,362.81,363.55,360.83,361.22
1231207,1600,361.96,362.36,360.93,361.83
1231208,1600,361.76,363.68,361.38,363.12
1231211,1600,363.6,364.87,363.0,364.69
1231212,1600,365.41,366.68,364.43,366.41
1231213,1600,366.6,371.74,366.0,371.74
1231214,1600,372.71,373.67,371.26,373.33
1231215,1600,371.74,373.39,371.33,372.63
1231218,1600,373.29,373.87,372.76,372.98
1231219,1600,373.24,375.56,373.12,375.5
1231220,1600,374.67,376.34,370.61,370.8
1231221,1600,372.89,374.13,371.16,373.88
1231222,1600,373.64,375.31,372.58,373.8
1231226,1600,373.68,376.09,373.58,375.35
1231227,1600,375.1,376.79,374.75,376.56
1231228,1600,376.52,377.69,376.52,377.03
1231229,1600,376.95,377.46,375.27,376.87
1240102,1600,374.8,377.82,374.8,377.09
1240103,1600,375.57,376.12,373.9,374.21
1240104,1600,374.84,377.22,374.4,374.54
1240105,1600,374.43,376.25,373.21,374.64
1240108,1600,373.4,376.97,372.47,376.84
1240109,1600,374.8,375.6,373.75,375.18
1240110,1600,375.55,377.47,375.29,376.95
1240111,1600,377.77,378.12,374.25,377.17
1240112,1600,377.48,378.25,374.73,375.91
1240116,1600,374.97,375.53,372.04,373.66
1240117,1600,371.75,373.75,371.34,372.72
1240118,1600,372.23,375.33,371.36,374.81
1240119,1600,375.78,379.37,374.46,378.6
1240122,1600,379.69,381.08,379.08,380.07
1240123,1600,379.36,379.85,377.98,379.04
1240124,1600,380.21,380.62,377.94,378.09
1240125,1600,379.07,380.56,377.92,380.48
1240126,1600,379.98,382.13,379.95,381.09
1240129,1600,381.0,383.41,380.54,383.31
1240130,1600,382.82,384.95,382.49,384.49
1240131,1600,385.21,385.82,381.34,381.37
1240201,1600,381.4,385.15,380.97,385.1
1240202,1600,383.99,387.78,383.24,386.42
1240205,1600,385.99,385.99,382.12,383.58
1240206,1600,383.92,385.37,383.5,385.08
1240207,1600,386.39,387.45,385.65,386.67
1240208,1600,387.47,387.66,385.51,387.35
1240209,1600,387.19,387.5,385.76,386.72
1240212,1600,386.49,389.41,386.44,388.11
1240213,1600,385.07,385.16,380.46,382.82
1240214,1600,384.0,384.55,382.07,384.29
1240215,1600,385.19,388.33,384.88,388.25
1240216,1600,387.17,388.25,385.7,386.19
1240220,1600,385.51,386.57,384.54,385.69
1240221,1600,384.96,386.17,383.32,386.05
1240222,1600,388.36,391.47,387.91,390.54
1240223,1600,391.77,392.84,390.92,391.28
1240226,1600,391.45,392.41,390.24,390.71
1240227,1600,390.36,390.45,388.75,389.66
1240228,1600,387.94,389.74,387.6,389.6
1240229,1600,390.69,391.11,388.45,389.95
1240301,1600,389.85,391.61,388.88,391.31
1240304,1600,389.35,391.25,389.35,390.23
1240305,1600,388.99,389.29,384.92,386.19
1240306,1600,388.49,389.13,386.13,387.18
1240307,1600,389.07,389.72,387.83,388.45
1240308,1600,388.24,390.42,387.71,387.99
1240311,1600,386.92,388.65,385.5,388.42
1240312,1600,389.24,391.44,387.84,390.79
1240313,1600,391.69,392.79,390.06,391.22
1240314,1600,392.17,392.41,387.84,390.07
1240315,1600,387.74,389.26,386.04,387.0
1240318,1600,388.35,388.86,387.48,387.73
1240319,1600,388.16,391.09,387.47,390.9
1240320,1600,390.15,395.22,389.89,394.99
1240321,1600,396.31,398.82,395.81,397.75
1240322,1600,397.76,398.06,394.49,394.53
1240325,1600,393.92,394.15,392.82,392.95
1240326,1600,393.68,394.27,392.63,392.85
1240327,1600,395.0,397.58,394.47,397.56
1240328,1600,398.06,398.56,397.04,397.76
1240401,1600,397.82,398.05,394.73,395.33
1240402,1600,391.97,392.14,390.28,391.63
1240403,1600,391.68,392.92,389.99,391.26
1240404,1600,394.03,394.24,385.6,386.02
1240405,1600,386.35,390.45,386.08,388.86
1240408,1600,389.05,390.14,388.57,389.1
1240409,1600,389.62,389.98,385.73,388.84
1240410,1600,384.92,385.97,383.03,384.51
1240411,1600,385.47,386.08,382.0,384.54
1240412,1600,382.31,382.93,378.81,379.87
1240415,1600,383.33,383.82,376.6,377.31
1240416,1600,379.74,379.93,377.04,377.98
1240417,1600,379.21,380.19,376.14,377.45
1240418,1600,379.05,380.93,376.85,377.84
1240419,1600,378.69,381.03,377.92,379.8
1240422,1600,381.73,384.44,379.81,382.37
1240423,1600,383.69,385.59,382.91,385.02
1240424,1600,384.87,385.47,383.02,384.44
1240425,1600,379.79,381.55,377.48,380.92
1240426,1600,380.75,383.34,380.53,382.31
1240429,1600,383.1,384.03,382.07,383.8
1240430,1600,382.46,382.75,378.08,378.13
1240501,1600,378.38,383.48,377.98,378.89
1240502,1600,381.15,382.91,378.9,382.23
1240503,1600,387.14,387.99,385.06,386.77
1240506,1600,388.32,388.74,386.83,388.45
1240507,1600,389.17,389.75,388.34,388.74
1240508,1600,388.34,390.91,388.19,390.48
1240509,1600,390.11,394.26,390.01,394.0
1240510,1600,395.25,395.9,394.1,395.18
1240513,1600,396.38,396.61,394.07,394.46
1240514,1600,394.54,396.25,393.81,395.58
1240515,1600,397.24,399.5,396.94,399.28
1240516,1600,399.75,401.0,399.13,399.21
1240517,1600,399.11,400.02,398.44,399.95
1240520,1600,399.77,400.72,397.84,398.1
1240521,1600,398.32,399.06,397.77,398.78
1240522,1600,397.95,398.85,395.51,396.66
1240523,1600,397.06,397.09,390.25,390.66
1240524,1600,391.22,392.25,390.16,390.64
1240528,1600,389.81,390.22,387.02,388.6
1240529,1600,385.31,385.72,384.24,384.58
1240530,1600,381.37,382.4,380.41,381.48
1240531,1600,381.98,387.61,381.27,387.53
1240603,1600,387.87,387.89,382.93,386.24
1240604,1600,385.0,388.38,384.54,387.51
1240605,1600,388.6,388.97,385.97,388.53
1240606,1600,388.81,390.59,387.79,389.33
1240607,1600,388.88,391.62,387.89,388.49
1240610,1600,388.03,389.36,387.19,389.29
1240611,1600,387.66,388.2,384.9,387.97
1240612,1600,391.58,391.91,386.69,387.69
1240613,1600,386.82,387.67,384.59,386.88
1240614,1600,384.62,386.54,383.63,386.46
1240617,1600,385.25,389.21,384.98,388.58
1240618,1600,388.91,390.19,388.02,389.14
1240620,1600,388.74,393.11,388.38,392.07
1240621,1600,391.67,392.47,390.46,391.34
1240624,1600,392.47,395.59,391.9,393.98
1240625,1600,393.56,394.11,389.82,391.02
1240626,1600,390.09,391.73,389.01,391.24
1240627,1600,390.61,392.39,390.16,391.56
1240628,1600,391.37,394.32,389.2,391.13
1240701,1600,392.08,394.29,390.26,391.46
1240702,1600,390.79,393.29,390.69,393.29
1240703,1600,393.73,394.06,392.14,392.83
1240705,1600,393.19,394.0,391.65,393.7
1240708,1600,394.41,396.73,392.78,393.46
1240709,1600,393.22,395.04,391.47,392.94
1240710,1600,392.94,397.46,392.63,397.26
1240711,1600,397.5,398.89,396.31,397.63
1240712,1600,398.86,402.69,398.12,400.32
1240715,1600,402.47,403.58,401.4,402.36
1240716,1600,403.86,409.99,403.85,409.66
1240717,1600,408.56,412.34,408.56,411.93
1240718,1600,410.68,413.86,406.05,406.72
1240719,1600,405.37,406.06,401.95,402.95
1240722,1600,404.04,404.73,402.22,404.15
1240723,1600,404.29,405.29,403.22,403.49
1240724,1600,401.73,402.63,398.08,398.67
1240725,1600,398.63,404.39,398.37,399.49
1240726,1600,401.81,407.62,401.71,405.97
1240729,1600,406.86,407.0,403.96,405.51
1240730,1600,405.87,408.72,405.28,407.41
1240731,1600,407.46,412.01,406.49,408.49
1240801,1600,409.7,410.93,400.96,403.23
1240802,1600,399.93,400.38,393.56,397.13
1240805,1600,386.52,390.3,384.93,386.81
1240806,1600,387.56,394.52,386.26,389.96
1240807,1600,392.63,394.79,387.28,387.77
1240808,1600,389.51,395.14,389.24,394.52
1240809,1600,394.18,396.49,392.42,395.15
1240812,1600,395.95,396.04,392.61,393.77
1240813,1600,395.07,398.13,394.07,397.79
1240814,1600,397.74,400.88,397.51,400.09
1240815,1600,404.74,406.14,403.18,405.88
1240816,1600,405.03,407.37,404.6,406.74
1240819,1600,407.36,409.32,407.26,409.11
1240820,1600,408.62,409.35,407.78,408.56
1240821,1600,409.32,409.99,407.59,408.99
1240822,1600,409.7,410.5,406.02,407.48
1240823,1600,409.29,412.32,408.56,411.83
1240826,1600,412.64,414.52,411.65,412.72
1240827,1600,412.29,413.07,411.36,412.89
1240828,1600,412.66,413.93,408.71,411.34
1240829,1600,414.37,416.3,411.3,413.91
1240830,1600,414.51,416.55,412.12,416.21
1240903,1600,414.19,415.18,408.62,410.25
1240904,1600,409.97,412.55,409.23,410.42
1240905,1600,411.34,411.66,405.98,408.46
1240906,1600,408.96,411.0,403.78,404.47
1240909,1600,407.36,410.89,406.11,409.05
1240910,1600,410.1,410.13,404.97,408.26
1240911,1600,407.15,409.93,400.81,409.27
1240912,1600,409.7,412.0,407.48,411.97
1240913,1600,412.59,416.31,412.35,414.94
1240916,1600,416.45,418.55,415.65,417.38
1240917,1600,418.29,419.49,415.81,417.26
1240918,1600,417.5,421.0,415.55,416.19
1240919,1600,421.98,422.78,419.38,421.41
1240920,1600,419.38,421.3,418.5,420.57
1240923,1600,421.12,421.7,420.0,421.11
1240924,1600,421.67,422.65,420.38,422.13
1240925,1600,422.44,422.94,418.38,419.12
1240926,1600,421.24,422.12,420.2,421.62
1240927,1600,422.59,426.2,422.24,422.95
1240930,1600,422.42,423.3,419.08,423.12
1241001,1600,422.42,423.15,419.29,421.5
1241002,1600,421.83,422.5,419.58,421.91
1241003,1600,420.34,421.12,418.28,419.98
1241004,1600,422.37,423.61,419.66,423.41
1241007,1600,422.11,422.93,418.26,419.61
1241008,1600,420.51,421.28,418.71,420.8
1241009,1600,420.89,425.66,420.03,425.05
1241010,1600,425.0,425.07,423.04,424.66
1241011,1600,425.28,429.07,425.01,428.73
1241014,1600,428.32,431.42,427.19,430.89
1241015,1600,429.33,430.13,427.03,427.54
1241016,1600,427.18,431.08,426.92,430.72
1241017,1600,432.54,432.89,431.2,432.45
1241018,1600,432.26,433.2,430.33,432.64
1241021,1600,432.43,433.04,428.76,429.37
1241022,1600,427.64,430.42,427.16,429.31
1241023,1600,427.03,427.76,422.92,425.16
1241024,1600,424.32,424.67,421.94,423.78
1241025,1600,425.45,426.0,420.47,421.14
1241028,1600,423.55,424.82,423.27,424.07
1241029,1600,422.23,424.97,421.76,422.5
1241030,1600,422.02,424.65,421.45,421.75
1241031,1600,419.23,419.93,417.02,417.67
1241101,1600,419.67,423.3,419.31,420.42
1241104,1600,419.84,420.3,416.44,418.05
1241105,1600,418.27,422.62,417.71,422.3
1241106,1600,434.66,437.79,433.71,437.23
1241107,1600,437.53,438.25,436.43,437.39
1241108,1600,438.3,441.7,437.4,440.11
1241111,1600,441.88,444.87,441.82,443.01
1241112,1600,443.58,444.22,439.05,439.39
1241113,1600,439.91,441.55,438.44,439.81
1241114,1600,440.59,440.94,437.1,437.7
1241115,1600,435.84,436.51,433.52,434.51
1241118,1600,434.17,435.33,433.19,434.19
1241119,1600,430.73,434.12,429.64,432.84
1241120,1600,433.55,434.91,430.92,434.29
1241121,1600,435.86,440.54,433.63,438.97
1241122,1600,439.59,443.57,439.32,443.16
1241125,1600,446.61,448.4,445.4,447.56
1241126,1600,446.56,449.33,444.66,448.88
1241127,1600,449.18,450.64,447.37,447.74
1241129,1600,448.3,451.28,448.24,450.09
1241202,1600,450.61,451.0,447.93,448.74
1241203,1600,449.15,449.6,446.61,447.89
1241204,1600,449.85,451.55,448.78,450.94
1241205,1600,450.48,451.48,448.35,448.67
1241206,1600,449.49,449.96,446.78,447.15
1241209,1600,447.65,448.28,444.8,445.08
1241210,1600,444.51,445.8,442.95,443.69
1241211,1600,444.11,444.74,442.38,442.51
1241212,1600,442.49,443.12,440.05,440.27
1241213,1600,440.86,441.53,438.92,439.37
1241216,1600,439.65,440.67,437.95,438.37
1241217,1600,436.18,436.83,434.43,435.57
1241218,1600,435.98,438.04,423.98,424.22
1241219,1600,427.51,428.97,424.45,424.53
1241220,1600,422.06,432.08,421.72,428.54
1241223,1600,427.3,429.44,424.98,428.89
1241224,1600,428.89,432.63,428.28,432.5
1241226,1600,430.97,433.67,430.92,433.21
1241227,1600,430.58,432.29,427.43,430.0
1241230,1600,425.47,427.66,422.52,425.77
1241231,1600,426.91,427.74,424.04,425.5
1250102,1600,428.34,428.96,421.59,423.8
1250103,1600,425.85,427.77,424.2,427.16
1250106,1600,428.86,431.12,426.08,427.13
1250107,1600,428.9,429.32,423.86,425.33
1250108,1600,425.41,426.56,423.26,426.13
1250110,1600,424.28,424.33,418.8,419.33
1250113,1600,418.76,423.24,418.51,422.96
1250114,1600,424.88,425.51,421.55,425.15
1250115,1600,431.56,433.28,430.5,432.24
1250116,1600,432.09,432.91,430.76,431.56
1250117,1600,434.54,436.39,433.97,434.72
1250121,1600,436.35,440.43,436.31,440.1
1250122,1600,441.49,442.0,440.35,441.28
1250123,1600,441.52,445.45,441.52,445.38
1250124,1600,444.8,445.48,443.34,444.12
1250127,1600,440.64,447.31,440.54,447.12
1250128,1600,447.2,449.74,446.18,448.41
1250129,1600,448.21,449.61,445.77,447.18
1250130,1600,446.54,450.11,446.35,448.82
1250131,1600,450.03,450.36,445.04,445.39
1250203,1600,439.61,445.9,438.7,444.27
1250204,1600,444.23,446.0,443.27,445.53
1250205,1600,445.72,448.85,443.41,448.67
1250206,1600,449.35,449.73,445.39,447.36
1250207,1600,447.78,448.49,442.8,443.12
1250210,1600,445.82,446.27,443.1,444.78
1250211,1600,443.34,446.54,443.23,446.11
1250212,1600,442.34,444.79,441.07,443.63
1250213,1600,445.33,447.85,443.7,447.26
1250214,1600,447.1,448.04,445.35,445.79
1250218,1600,445.28,446.0,443.63,445.92
1250219,1600,444.78,446.8,443.55,446.67
1250220,1600,445.27,445.56,439.97,442.39
1250221,1600,439.1,439.39,433.35,434.15
1250224,1600,435.83,436.9,433.35,434.53
1250225,1600,435.54,437.54,432.65,436.13
1250226,1600,436.44,438.52,433.0,434.34
1250227,1600,434.44,438.75,432.1,432.35
1250228,1600,433.06,438.82,431.02,438.37
1250303,1600,439.54,440.69,429.48,432.09
1250304,1600,429.68,431.09,423.85,425.57
1250305,1600,425.21,431.6,424.45,430.47
1250306,1600,426.17,430.12,424.04,425.9
1250307,1600,424.1,429.32,421.98,428.26
1250310,1600,423.39,426.05,416.62,419.49
1250311,1600,418.47,419.03,412.25,414.74
1250312,1600,416.96,417.57,410.56,413.95
1250313,1600,413.35,414.19,407.25,408.78
1250314,1600,410.83,415.91,409.91,415.36
1250317,1600,414.94,420.78,414.84,419.21
1250318,1600,418.42,418.67,414.88,416.53
1250319,1600,417.61,422.49,416.8,420.42
1250320,1600,417.92,423.14,417.64,420.12
1250321,1600,416.05,420.01,414.19,419.62
1250324,1600,423.35,426.23,422.79,425.49
1250325,1600,426.32,426.84,424.36,425.82
1250326,1600,426.33,428.14,423.14,424.23
1250327,1600,423.68,425.09,421.46,422.94
1250328,1600,421.98,422.38,415.2,415.62
1250331,1600,412.2,421.36,411.44,419.88
1250401,1600,418.41,421.28,415.0,419.59
1250402,1600,416.37,423.65,416.18,422.03
1250403,1600,410.92,411.61,405.0,405.22
1250404,1600,394.93,396.65,382.68,383.22
1250407,1600,371.38,392.21,366.32,379.57
1250408,1600,393.48,394.36,371.03,376.48
1250409,1600,372.04,407.79,372.04,406.08
1250410,1600,399.6,400.19,384.31,395.68
1250411,1600,394.44,404.09,392.69,401.91
1250414,1600,407.48,407.86,401.71,405.42
1250415,1600,405.79,408.02,403.53,403.71
1250416,1600,402.31,404.29,394.04,396.77
1250417,1600,391.48,394.42,389.51,391.36
1250421,1600,388.46,388.7,378.35,381.62
1250422,1600,386.07,392.66,385.2,391.87
1250423,1600,399.29,403.75,394.9,395.91
1250424,1600,395.51,401.68,393.8,400.98
1250425,1600,399.88,401.37,397.14,401.02
1250428,1600,401.8,404.17,398.72,402.27
1250429,1600,402.4,406.32,402.2,405.21
1250430,1600,402.43,407.78,397.41,406.34
1250501,1600,408.55,410.93,407.02,407.42
1250502,1600,411.78,413.87,410.33,413.04
1250505,1600,410.82,414.44,410.46,412.26
1250506,1600,408.47,411.74,407.51,408.24
1250507,1600,409.86,412.8,408.15,411.05
1250508,1600,413.1,417.75,411.57,413.88
1250509,1600,414.44,415.17,411.57,412.42
1250512,1600,422.96,424.3,421.09,424.23
1250513,1600,422.68,423.99,421.42,421.51
1250514,1600,422.08,422.66,419.61,420.55
1250515,1600,418.54,423.68,418.49,423.48
1250516,1600,423.74,426.78,422.5,426.55
1250519,1600,423.7,428.66,423.63,428.04
1250520,1600,427.4,428.2,425.03,426.97
1250521,1600,423.09,424.57,418.09,418.75
1250522,1600,417.87,421.15,417.37,418.82
1250523,1600,413.94,418.17,413.83,416.33
1250527,1600,420.7,423.86,419.19,423.85
1250528,1600,423.73,424.83,420.74,421.42
1250529,1600,422.46,423.02,418.58,422.46
1250530,1600,422.16,424.27,419.51,422.85
1250602,1600,421.31,423.85,419.08,423.71
1250603,1600,423.07,426.37,422.47,426.01
1250604,1600,426.38,427.16,424.86,424.94
1250605,1600,425.95,426.82,422.86,423.97
1250606,1600,427.78,430.09,426.55,428.38
1250609,1600,428.52,429.72,426.43,428.36
1250610,1600,428.27,430.1,427.87,429.61
1250611,1600,429.86,432.06,428.17,429.6
1250612,1600,428.2,430.55,426.97,430.49
1250613,1600,426.11,426.92,421.6,422.81
1250616,1600,425.05,428.2,424.88,426.28
1250617,1600,424.46,426.42,422.36,423.11
1250618,1600,423.67,426.21,422.23,422.84
1250620,1600,423.37,424.15,420.72,421.76
1250623,1600,422.0,425.96,419.62,425.72
1250624,1600,428.53,431.73,427.68,430.79
1250625,1600,430.75,430.91,428.51,429.86
1250626,1600,430.82,434.19,430.8,433.93
1250627,1600,435.15,439.56,435.1,438.0
1250630,1600,440.45,441.26,438.66,440.65
1250701,1600,440.19,445.97,440.0,444.89
1250702,1600,444.68,445.4,443.37,444.71
1250703,1600,445.67,448.86,445.57,448.09
1250707,1600,447.38,447.84,441.56,444.0
1250708,1600,443.69,444.38,442.05,442.38
1250709,1600,444.39,445.6,442.28,444.52
1250710,1600,444.38,447.81,443.7,446.5
1250711,1600,443.67,444.46,442.76,443.57
1250714,1600,443.11,444.76,442.48,444.58
1250715,1600,444.58,445.17,440.14,440.15
1250716,1600,441.86,442.61,437.64,442.36
1250717,1600,442.05,445.61,441.98,445.22
1250718,1600,445.73,445.78,442.12,443.26
1250721,1600,444.2,446.01,443.14,443.44
1250722,1600,442.86,445.45,442.84,444.96
1250723,1600,447.25,450.25,446.35,450.21
1250724,1600,447.01,449.13,446.75,447.11
1250725,1600,447.53,449.41,446.41,449.02
1250728,1600,448.66,449.48,447.38,448.34
1250729,1600,448.63,448.85,445.65,446.48
1250730,1600,446.71,447.38,442.61,444.76
1250731,1600,445.27,446.2,440.5,441.33
1250801,1600,437.75,437.76,433.4,435.72
1250804,1600,437.88,441.9,437.59,441.81
1250805,1600,441.8,443.0,439.21,441.14
1250806,1600,442.11,442.95,440.13,441.97
1250807,1600,444.27,445.01,437.98,439.72
1250808,1600,440.81,442.88,440.31,441.92
1250811,1600,442.33,442.87,439.23,440.01
1250812,1600,441.69,445.15,441.14,444.68
1250813,1600,446.44,449.65,446.05,449.42
1250814,1600,447.74,449.64,446.98,449.16
1250815,1600,451.9,452.05,448.97,449.53
1250818,1600,449.35,449.97,448.63,449.05
1250819,1600,449.85,452.15,448.21,449.29
1250820,1600,449.79,450.52,447.67,449.36
1250821,1600,447.72,449.07,445.88,447.95
1250822,1600,450.42,457.87,450.29,456.64
1250825,1600,455.64,456.19,453.03,453.07
1250826,1600,452.79,454.75,452.54,454.49
1250827,1600,454.28,456.64,454.21,456.03
1250828,1600,456.53,457.2,454.79,456.79
1250829,1600,456.12,456.84,454.28,456.09
1250902,1600,451.99,453.7,450.16,453.61
1250903,1600,452.88,453.74,450.53,453.26
1250904,1600,453.55,457.26,452.56,457.05
1250905,1600,457.12,458.67,452.98,454.99
1250908,1600,455.38,456.29,453.63,456.2
1250909,1600,455.96,458.55,455.22,458.01
1250910,1600,457.71,457.9,454.71,455.93
1250911,1600,456.85,462.32,456.6,461.92
1250912,1600,461.25,461.69,459.07,459.32
1250915,1600,460.01,460.91,458.83,460.07
1250916,1600,460.11,460.8,457.78,458.78
1250917,1600,459.79,463.85,457.96,461.26
1250918,1600,461.29,464.37,460.66,462.63
1250919,1600,462.72,463.78,460.87,462.94
1250922,1600,461.16,464.29,460.16,463.67
1250923,1600,464.22,467.0,462.03,462.87
1250924,1600,463.45,464.42,460.8,461.02
1250925,1600,459.9,461.08,457.71,459.43
1250926,1600,461.27,463.41,460.32,462.28
1250929,1600,463.76,463.78,461.31,463.04
1250930,1600,462.62,464.09,460.84,463.74
1251001,1600,462.57,465.14,462.55,464.26
1251002,1600,464.31,465.77,462.62,465.11
1251003,1600,465.79,470.38,465.68,467.51
1251006,1600,468.32,468.47,464.23,466.84
1251007,1600,467.55,468.61,464.39,465.97
1251008,1600,467.32,468.13,464.93,466.07
1251009,1600,466.17,466.78,462.61,463.5
1251010,1600,465.12,466.5,454.72,454.87
1251013,1600,458.23,461.56,458.06,460.68
1251014,1600,457.03,465.22,454.56,462.71
1251015,1600,464.67,466.94,460.25,462.71
1251016,1600,463.37,464.27,457.84,459.56
1251017,1600,459.3,463.11,458.92,461.78
1251020,1600,463.45,467.53,463.43,467.02
1251021,1600,467.07,471.25,466.91,469.22
1251022,1600,469.21,469.24,464.48,465.78
1251023,1600,465.55,467.97,464.86,467.29
1251024,1600,470.02,473.24,469.28,472.21
1251027,1600,474.76,475.62,473.71,475.35
1251028,1600,478.8,479.41,476.82,477.15
1251029,1600,478.65,480.39,474.49,476.37
1251030,1600,474.1,480.15,473.91,475.01
1251031,1600,475.86,477.16,473.42,475.67
1251103,1600,476.16,476.3,471.3,473.47
1251104,1600,470.42,472.71,468.8,470.9
1251105,1600,470.8,474.56,470.4,473.11
1251106,1600,472.09,473.44,467.85,469.28
1251107,1600,468.28,469.95,464.86,469.86
1251110,1600,471.9,474.2,469.45,473.82
1251111,1600,474.26,479.86,474.0,479.41
1251112,1600,480.49,484.4,480.49,482.76
1251113,1600,481.4,482.41,474.22,474.74
1251114,1600,471.38,474.05,468.87,471.8
1251117,1600,470.87,472.36,464.54,466.32
1251118,1600,462.17,464.1,459.53,461.3
1251119,1600,461.51,463.4,459.42,461.76
1251120,1600,466.64,469.03,457.71,458.1
1251121,1600,459.54,465.82,457.85,462.57
1251124,1600,463.75,465.87,461.01,464.44
1251125,1600,465.58,471.9,463.45,471.18
1251126,1600,472.2,475.79,471.93,474.35
1251128,1600,474.82,477.61,474.82,477.18
1251201,1600,474.34,476.95,472.95,473.32
1251202,1600,474.21,476.46,473.12,475.26
1251203,1600,474.83,480.18,474.67,479.41
1251204,1600,479.71,481.23,477.5,479.07
1251205,1600,479.48,481.93,479.29,480.03
1251208,1600,480.49,480.52,476.84,478.15
1251209,1600,478.07,480.28,476.09,476.42
1251210,1600,476.13,482.75,475.36,481.35
1251211,1600,482.2,488.38,481.96,487.87
1251212,1600,488.7,489.66,484.17,485.4
1251215,1600,487.58,487.73,483.71,485.17
1251216,1600,484.46,485.48,480.33,481.98
1251217,1600,482.81,484.79,479.49,479.8
1251218,1600,482.18,484.63,479.41,480.51
1251219,1600,480.62,482.8,480.43,481.15
1251222,1600,481.86,484.43,481.86,483.46
1251223,1600,482.18,485.12,482.18,484.23
1251224,1600,484.19,487.57,483.59,487.01
1251226,1600,486.84,487.62,485.73,487.03
1251229,1600,485.89,486.91,483.75,484.59
1251230,1600,484.62,484.67,482.82,483.59
1251231,1600,483.65,483.81,480.36,480.57
1260102,1600,481.85,483.95,478.38,483.63
1260105,1600,484.41,492.04,484.25,489.77
1260106,1600,489.33,495.12,488.96,494.61
1260107,1600,495.65,496.25,489.5,489.96
1260108,1600,487.81,493.52,487.81,492.53
1260109,1600,492.86,495.7,491.91,495.02
1260112,1600,492.33,496.34,490.05,495.9
1260113,1600,495.55,495.96,490.63,491.94
1260114,1600,490.66,491.94,488.55,491.58
1260115,1600,492.37,495.83,492.21,494.48
1260116,1600,494.5,496.0,492.27,493.42
1260120,1600,486.17,489.06,484.25,484.88
1260121,1600,485.67,492.91,485.56,490.8
1260122,1600,493.47,496.01,492.46,493.69
1260123,1600,491.82,492.13,489.56,490.93
1260126,1600,491.91,494.85,491.47,494.06
1260127,1600,490.69,491.59,488.56,490.06
1260128,1600,490.28,491.39,488.93,490.13
1260129,1600,490.08,492.95,485.89,490.21
1260130,1600,489.11,490.48,484.56,489.03
1260202,1600,488.87,494.81,486.98,494.03
1260203,1600,493.14,496.52,488.28,492.31
1260204,1600,493.92,496.5,491.11,494.75
1260205,1600,492.51,493.44,488.23,488.91
1260206,1600,492.37,501.67,492.13,501.03
1260209,1600,500.11,502.16,498.31,501.22
1260210,1600,502.34,505.3,501.26,501.9
1260211,1600,504.21,505.12,499.13,501.33
1260212,1600,503.13,504.54,494.32,494.67
1260213,1600,495.04,497.78,491.2,495.28
1260217,1600,495.33,497.57,492.11,495.85
1260218,1600,496.78,499.34,494.65,497.0
1260219,1600,495.56,496.49,492.41,494.38
1260220,1600,492.54,497.0,491.39,496.08
1260223,1600,494.5,496.99,487.15,488.01
1260224,1600,488.39,492.85,487.45,491.79
1260225,1600,493.63,495.13,491.9,494.82
1260226,1600,497.0,498.21,492.24,494.86
1260227,1600,489.63,490.95,486.76,489.66
1260302,1600,484.34,490.98,484.15,489.18
1260303,1600,480.16,487.39,476.73,485.52
1260304,1600,486.56,489.03,483.95,487.74
1260305,1600,483.82,485.49,476.15,479.84
1260306,1600,473.72,476.23,470.46,475.23
1260309,1600,470.88,479.38,466.68,477.88
1260310,1600,477.74,482.87,475.01,477.7
1260311,1600,477.4,477.77,472.46,474.81
1260312,1600,470.34,471.48,467.41,467.48
1260313,1600,469.94,472.1,465.78,466.41
1260316,1600,470.07,472.7,468.98,470.3
1260317,1600,473.38,475.13,470.63,470.9
1260318,1600,468.77,469.75,462.76,463.0
1260319,1600,459.97,463.37,458.16,461.06
1260320,1600,458.73,460.57,453.54,455.89
1260323,1600,463.3,467.04,460.92,461.97
1260324,1600,458.42,463.94,457.44,461.17
1260325,1600,465.73,467.24,461.8,464.14
1260326,1600,461.54,465.43,458.94,459.31
1260327,1600,457.36,457.5,450.49,451.39
1260330,1600,455.6,456.12,450.44,452.06
1260331,1600,456.81,463.82,454.67,463.19
1260401,1600,466.0,467.9,464.5,465.48
1260402,1600,460.16,467.52,458.88,465.06
1260406,1600,464.16,467.02,463.46,466.77
1260407,1600,465.75,466.31,462.11,465.88
1260408,1600,478.88,480.2,475.56,479.16
1260409,1600,477.49,483.27,477.01,481.9
1260410,1600,482.2,482.4,478.63,479.25
1260413,1600,476.1,482.28,475.15,482.13
1260414,1600,482.41,485.97,481.86,485.49
1260415,1600,486.51,487.08,482.86,484.72
1260416,1600,485.82,486.78,483.35,485.63
1260417,1600,490.67,497.04,490.36,494.22
1260420,1600,493.45,494.78,492.31,494.33
1260421,1600,497.24,498.38,490.32,491.36
1260422,1600,495.32,496.14,493.23,494.76
1260423,1600,492.55,495.13,488.51,493.0
1260424,1600,493.05,493.49,490.77,492.21
1260427,1600,491.6,493.55,490.29,491.83
1260428,1600,493.46,493.82,490.77,491.42
1260429,1600,490.95,491.49,487.0,488.67
1260430,1600,490.98,497.58,490.39,496.65
1260501,1600,498.84,499.93,494.91,495.02
1260504,1600,493.5,494.33,489.0,489.56
1260505,1600,491.89,493.59,490.03,492.96
1260506,1600,496.98,500.08,496.9,499.05
1260507,1600,500.51,501.2,494.77,495.91
1260508,1600,498.48,498.55,494.93,496.13
1260511,1600,495.8,497.84,494.76,497.11
1260512,1600,496.51,498.41,493.19,497.89
1260513,1600,496.16,497.61,494.64,497.14
1260514,1600,501.39,502.16,498.85,500.8
1260515,1600,497.32,497.74,495.08,495.37
1260518,1600,495.65,497.64,493.6,497.01
1260519,1600,494.83,496.34,492.58,493.98
1260520,1600,495.87,500.93,492.49,500.24
1260521,1600,498.78,504.05,497.21,503.11
1260522,1600,507.01,508.74,505.69,506.12
1260526,1600,507.57,508.24,503.97,505.25
1260527,1600,505.93,508.7,505.81,506.88
1260528,1600,505.34,508.21,503.64,507.05
1260529,1600,507.9,511.31,507.2,510.78
1260601,1600,509.85,511.86,508.33,511.44
1260602,1600,509.08,514.49,508.93,514.05
1260603,1600,511.17,512.85,507.99,508.26
1260604,1600,513.69,517.58,512.68,516.7
1260605,1600,517.71,517.75,508.75,509.7
1260608,1600,510.77,513.76,508.32,508.91
1260609,1600,511.48,513.54,503.08,509.41
1260610,1600,507.49,508.74,500.1,500.25
1260611,1600,503.19,510.76,501.57,509.36
1260612,1600,512.89,515.3,509.48,513.06
1260615,1600,519.23,520.84,517.87,518.44
1260616,1600,520.32,523.3,520.06,521.44
1260617,1600,521.26,524.17,515.3,516.3
1260618,1600,518.43,519.52,515.43,515.52
1260622,1600,516.84,518.91,515.99,517.08
1260623,1600,514.68,518.72,512.97,516.62
1260624,1600,516.19,522.43,516.01,518.52
1260625,1600,521.19,526.57,518.55,519.26
1260626,1600,517.0,521.28,516.1,517.75
1260629,1600,520.63,522.98,519.4,521.68
1260630,1600,522.35,523.14,519.59,522.39
1260701,1600,521.43,526.72,519.62,522.4
1260702,1600,525.49,528.26,523.73,527.88
1260706,1600,528.72,530.09,525.85,530.09
1260707,1600,532.51,532.54,527.11,528.45
1260708,1600,523.34,524.46,520.03,522.77
1260709,1600,523.65,525.15,522.14,524.19
1260710,1600,525.64,526.47,521.74,525.78
1260713,1600,525.84,527.86,522.9,524.47
1260714,1600,523.32,526.72,522.56,524.69
1260715,1600,525.9,527.73,523.7,525.95
1260716,1600,526.81,527.93,523.07,524.83
1260717,1600,519.64,525.36,518.9,520.81
1260720,1600,522.04,523.4,517.16,517.94
1260721,1600,519.63,523.01,518.12,521.51
1260722,1600,521.63,524.37,521.01,521.47
1260723,1600,515.07,518.17,514.72,516.26
1260724,1600,517.28,520.56,516.27,518.76
1260727,1600,524.7,525.34,519.29,521.26
1260728,1600,526.19,528.47,523.67,526.89
1260729,1600,522.46,523.17,514.82,515.41
1260730,1600,518.84,521.98,515.87,521.51
1260731,1600,524.08,525.61,519.25,524.32
1260803,1600,529.55,531.65,528.69,531.22
1260804,1600,537.9,542.09,536.0,540.43
1260805,1600,543.3,546.75,542.65,542.81
1260806,1600,543.8,544.57,537.69,538.19
1260807,1600,538.71,540.22,537.43,539.62
1260810,1600,538.7,540.02,537.88,538.99
1260811,1600,539.91,541.72,536.91,537.28
1260812,1600,539.01,539.19,536.86,537.15
1260813,1600,538.7,539.97,535.69,537.91
1260814,1600,537.41,538.28,536.2,536.8
1260817,1600,534.5,535.98,533.49,534.19
1260818,1600,533.38,534.26,532.02,532.91
1260819,1600,535.33,536.68,533.58,534.27
1260820,1600,530.35,531.78,527.2,527.51
1260821,1600,530.03,532.91,529.43,532.22
1260824,1600,531.83,534.48,531.83,533.65
1260825,1600,536.37,536.52,533.19,535.24
1260826,1600,535.34,535.95,533.31,534.23
1260827,1600,533.56,536.63,532.92,535.22
1260828,1600,536.53,537.73,534.4,535.06
1260831,1600,533.56,533.56,530.78,531.57
1260901,1600,528.67,531.65,526.84,527.75
1260902,1600,529.51,532.17,529.24,530.62
1260903,1600,534.04,537.62,532.94,536.93
1260904,1600,535.13,536.37,532.93,534.08
1260908,1600,530.22,530.39,527.35,528.03
1260909,1600,525.64,525.74,523.25,524.07
1260910,1600,522.29,523.02,519.8,520.75
1260911,1600,525.37,527.36,524.29,525.79
1260914,1600,524.54,526.79,523.1,524.49
1260915,1600,523.18,523.64,519.21,521.23
1260916,1600,521.9,522.3,512.29,515.22
1260917,1600,520.49,520.67,516.55,518.35
