1110408,1600,2938.98,2938.98,2938.98,2938.98
1110411,1600,2935.9099,2935.9099,2935.9099,2935.9099
1110412,1600,1795.9449,1795.9449,1795.9449,1785.958
1110413,1600,1793.79,1793.79,1793.79,1791.688
1110414,1600,1796.0,1796.0,1786.0,1797.9399
1110415,1600,2953.3301,2953.3301,2953.3301,2953.3301
1110418,1600,1827.0,1827.0,1827.0,1842.171
1110419,1600,2980.75,2980.75,2980.75,2980.75
1110420,1600,3001.73,3001.73,3001.73,3001.73
1110421,1600,3007.71,3007.71,3007.71,3007.71
1110426,1600,1820.0,1820.0,1820.0,1822.0
1110427,1600,1825.0,1825.0,1825.0,1823.5
1110428,1600,3070.55,3070.55,3070.55,3070.55
1110429,1600,3070.5601,3070.5601,3070.5601,3070.5601
1110503,1600,1877.0,1877.0,1877.0,1868.0
1110504,1600,3081.4199,3081.4199,3081.4199,3081.4199
1110505,1600,3021.4099,3021.4099,3021.4099,3021.4099
1110506,1600,2972.3999,2972.3999,2972.3999,2972.3999
1110509,1600,3003.3401,3003.3401,3003.3401,3003.3401
1110510,1600,3026.3101,3026.3101,3026.3101,3026.3101
1110511,1600,3015.29,3015.29,3015.29,3015.29
1110512,1600,2978.28,2978.28,2978.28,2978.28
1110513,1600,1859.59,1859.59,1859.59,1854.5
1110516,1600,3000.6899,3000.6899,3000.6899,3000.6899
1110517,1600,2956.1799,2956.1799,2956.1799,2956.1799
1110518,1600,2992.1499,2992.1499,2992.1499,2992.1499
1110519,1600,2985.1399,2985.1399,2985.1399,2985.1399
1110520,1600,1844.9,1844.9,1844.9,1866.5
1110523,1600,1889.0,1889.0,1866.66,1877.0
1110524,1600,3053.01,3053.01,3053.01,3053.01
1110525,1600,3051.49,3051.49,3051.49,3051.49
1110526,1600,1875.0,1875.0,1875.0,1861.0
1110527,1600,1865.0,1865.0,1861.1,1861.5
1110531,1600,1867.0,1868.0,1865.37,1870.0
1110601,1600,3066.3401,3066.3401,3066.3401,3066.3401
1110602,1600,3077.8101,3077.8101,3077.8101,3077.8101
1110603,1600,1899.0,1899.0,1899.0,1879.0
1110606,1600,1884.35,1884.35,1884.35,1896.5
1110607,1600,1888.0,1890.0,1888.0,1870.5
1110608,1600,1873.0,1884.0,1873.0,1877.5
1110609,1600,1869.91,1869.91,1869.91,1885.5
1110610,1600,1881.0,1901.27,1881.0,1888.5
1110613,1600,1889.0,1889.0,1877.0,1870.5
1110614,1600,1860.0,1860.0,1852.0,1855.5
1110615,1600,1861.0,1869.6,1861.0,1882.0
1110616,1600,1894.0,1894.0,1894.0,1894.5
1110617,1600,1895.0,1895.0,1892.6,1902.0
1110620,1600,3086.4299,3086.4299,3086.4299,3086.4299
1110621,1600,1907.0,1909.3101,1907.0,1904.5
1110622,1600,1914.0,1914.0,1914.0,1929.5
1110623,1600,1927.0,1931.27,1926.0,1926.0
1110624,1600,1888.0,1891.4,1888.0,1887.0
1110627,1600,1866.0,1866.0,1866.0,1874.0
1110628,1600,2996.3101,2996.3101,2996.3101,2996.3101
1110629,1600,1884.0,1884.0,1881.0,1881.0
1110630,1600,1887.0,1888.5,1876.0,1876.0
1110701,1600,1863.0,1863.0,1849.14,1849.0
1110704,1600,1860.0,1862.72,1854.72,1860.0
1110705,1600,1860.0,1862.0,1860.0,1874.0
1110706,1600,1892.0,1908.0,1892.0,1915.0
1110707,1600,1914.72,1914.72,1909.72,1912.0
1110708,1600,1913.0,1924.0,1913.0,1924.0
1110711,1600,1938.0,1953.0,1934.72,1940.0
1110712,1600,1956.0,1957.79,1950.0,1946.5
1110713,1600,1968.0,1983.0,1967.72,1969.0
1110714,1600,1965.0,1977.72,1964.72,1967.0
1110715,1600,1957.0,1973.0,1954.0,1967.5
1110718,1600,1984.0,2007.0,1982.72,2003.0
1110719,1600,1996.0,1998.72,1977.21,1987.5
1110720,1600,1979.0,1980.0,1966.72,1976.0
1110721,1600,1979.0,1981.79,1962.79,1962.5
1110722,1600,1949.0,1966.0,1941.21,1965.5
1110725,1600,1983.0,1995.0,1982.72,1982.5
1110726,1600,1972.0,1972.0,1964.0,1966.5
1110727,1600,1977.0,1982.37,1976.79,1975.5
1110728,1600,1979.0,1981.79,1965.21,1963.5
1110729,1600,1975.0,1991.67,1975.0,1974.5
1110801,1600,1968.0,1971.79,1958.0,1999.0
1110802,1600,2017.0,2017.0,1992.49,2010.5
1110803,1600,2048.0,2049.51,2032.51,2032.5
1110804,1600,2033.0,2059.0,2029.0,2054.5
1110805,1600,2039.0,2050.4399,2030.0,2026.5
1110808,1600,2074.0,2090.52,2067.9099,2090.5
1110809,1600,2147.0,2174.3,2119.49,2137.5
1110810,1600,2141.0,2207.0,2141.0,2201.0
1110811,1600,2214.0,2226.6001,2158.0,2166.0
1110812,1600,2174.0,2175.0,2120.0,2124.5
1110815,1600,2143.0,2146.51,2122.0,2127.5
1110816,1600,2174.625,2179.5371,2169.0,2167.249
1110817,1600,2181.0029,2189.0229,2150.9629,2153.7959
1110818,1600,2177.843,2219.208,2171.165,2210.884
1110819,1600,2264.698,2277.0271,2216.9431,2236.324
1110822,1600,2286.0,2300.7671,2262.7891,2295.1799
1110823,1600,2299.3201,2299.3201,2259.6599,2278.209
1110824,1600,2234.615,2244.74,2159.0,2168.5039
1110825,1600,2118.0,2155.0,2081.1731,2130.3899
1110826,1600,2173.353,2206.2549,2171.488,2185.1289
1110830,1600,2180.0129,2254.52,2180.0129,2243.8831
1110831,1600,2238.0,2250.7871,2229.0181,2243.55
1110901,1600,2255.6731,2261.199,2240.7361,2254.0581
1110902,1600,2288.488,2315.271,2269.1599,2308.939
1110905,1600,2338.4399,2363.4629,2333.5129,2358.1431
1110906,1600,2355.0,2381.0,2319.6899,2341.939
1110907,1600,2292.918,2313.0,2250.1399,2271.53
1110908,1600,2302.043,2326.0,2297.6001,2311.0
1110909,1600,2349.3049,2356.4751,2288.6899,2334.8569
1110912,1600,2323.4431,2338.0,2309.783,2313.738
1110913,1600,2311.76,2311.76,2291.186,2309.9209
1110914,1600,2317.0,2317.0,2300.0,2306.4851
1110915,1600,2296.218,2296.833,2245.0,2248.075
1110916,1600,2253.645,2263.0691,2237.1819,2285.803
1110919,1600,2312.0,2320.0691,2306.1531,2276.936
1110920,1600,2275.3799,2300.123,2265.7261,2293.3611
1110921,1600,2308.0,2313.6279,2301.0,2301.8
1110922,1600,2290.823,2295.0691,2251.8491,2252.501
1110923,1600,2228.3999,2258.063,2162.28,2167.823
1110926,1600,2073.7949,2102.1531,2024.708,2072.9031
1110927,1600,2120.2,2157.0,2109.4351,2110.9041
1110928,1600,2105.0,2115.134,2101.0,2096.189
1110929,1600,2078.988,2078.988,2063.0,2067.2041
1110930,1600,2088.0,2090.6699,2075.8601,2072.49
1111003,1600,2127.1201,2149.259,2127.1201,2131.5
1111004,1600,2173.0,2176.8169,2117.532,2095.7461
1111005,1600,2104.0,2107.4551,2068.6531,2094.3291
1111006,1600,2159.6331,2159.6331,2129.7,2136.1189
1111007,1600,2138.0,2138.8579,2125.4529,2114.3159
1111010,1600,3317.76,3317.76,3317.76,3317.76
1111011,1600,2125.0,2139.0271,2124.623,2133.134
1111012,1600,2140.7151,2147.282,2132.082,2126.6311
1111013,1600,2128.2029,2128.2029,2112.335,2110.033
1111014,1600,2127.0,2129.624,2111.4561,2113.7781
1111017,1600,2140.355,2141.9041,2124.0,2131.394
1111018,1600,2097.9529,2114.928,2087.0,2092.5129
1111019,1600,2099.9231,2099.9231,2098.2749,2084.395
1111020,1600,2069.0,2069.0,2059.8611,2049.781
1111021,1600,2057.0,2068.8821,2052.6001,2052.9851
1111024,1600,2072.0,2082.968,2069.3821,2073.248
1111025,1600,2085.0,2105.978,2068.9851,2114.551
1111026,1600,2144.0,2157.6399,2134.709,2162.6609
1111027,1600,2139.085,2155.4751,2134.5701,2154.085
1111028,1600,2163.0,2170.1819,2154.1741,2161.0249
1111031,1600,2137.9141,2137.9141,2137.9141,2134.23
1111101,1600,2137.0,2150.1721,2123.2649,2137.4299
1111102,1600,2162.0,2181.8879,2154.835,2177.416
1111103,1600,2174.0,2205.1909,2171.2361,2206.686
1111104,1600,2194.0,2217.949,2189.042,2191.5491
1111107,1600,2216.2329,2223.437,2199.9939,2223.7351
1111108,1600,2221.9299,2238.614,2221.9299,2234.0901
1111109,1600,2263.748,2299.301,2224.645,2248.813
1111110,1600,2218.0,2226.0869,2191.844,2198.2361
1111111,1600,2221.573,2223.02,2151.813,2210.3689
1111114,1600,2235.0,2239.1121,2228.0801,2240.051
1111115,1600,2224.0,2258.52,2217.842,2243.876
1111116,1600,2245.0,2255.906,2230.6509,2247.479
1111117,1600,2240.0,2256.0,2201.929,2202.3369
1111118,1600,2188.7051,2188.7051,2172.3149,2185.4951
1111121,1600,2178.6831,2189.6499,2160.6499,2160.4519
1111122,1600,2164.0,2168.001,2154.51,2168.2849
1111123,1600,2180.833,2183.0039,2163.5801,2164.8789
1111124,1600,2186.05,2189.3701,2181.75,2186.3999
1111125,1600,2173.0,2187.3401,2168.8301,2182.47
1111128,1600,2210.0,2211.72,2199.78,2205.1909
1111129,1600,2188.115,2203.75,2188.115,2188.665
1111130,1600,2211.248,2244.74,2186.377,2217.0239
1111201,1600,2223.0,2324.02,2218.5601,2222.864
1111202,1600,2235.0,2242.3301,2229.48,2243.3811
1111205,1600,2224.0,2234.0081,2213.6621,2215.355
1111206,1600,2199.3721,2203.5601,2184.4189,2192.5859
1111207,1600,2205.0,2230.5801,2204.3679,2210.7451
1111208,1600,2210.5349,2214.9199,2181.0,2185.979
1111209,1600,2191.1499,2198.208,2186.99,2193.6809
1111212,1600,2152.0,2173.47,2124.47,2134.188
1111213,1600,2122.46,2154.3169,2122.46,2133.1919
1111214,1600,2097.0,2120.8401,2025.77,2038.91
1111215,1600,2038.725,2067.3101,2013.2629,2029.6379
1111216,1600,2047.0,2056.5901,2034.05,2049.4341
1111219,1600,2055.0,2065.6541,2046.243,2045.931
1111220,1600,2057.0,2063.4451,2046.91,2059.4441
1111221,1600,2072.0,2083.3931,2049.3101,2053.4819
1111222,1600,2053.0,2060.1799,2046.04,2046.269
1111223,1600,2053.46,2059.72,2046.45,2049.2939
1111228,1600,2025.03,2038.48,2017.41,2021.851
1111229,1600,2005.0,2014.2,1979.1281,1987.266
1111230,1600,2027.0,2034.3879,2018.02,2025.127
1120103,1600,2039.84,2058.3101,2028.1,2050.2141
1120104,1600,2058.0,2067.4519,2046.36,2061.2009
1120105,1600,2071.0,2085.1499,2062.0,2073.5969
1120106,1600,2092.25,2105.75,2087.1799,2100.8301
1120109,1600,2099.9729,2102.0659,2088.061,2090.554
1120110,1600,2089.6699,2120.3,2089.6699,2112.595
1120111,1600,2113.6479,2143.075,2113.6479,2141.0249
1120112,1600,2156.0,2159.6389,2148.7949,2156.2161
1120113,1600,2141.0,2146.4199,2131.0,2136.2891
1120116,1600,2149.345,2149.5039,2142.696,2143.574
1120117,1600,2165.0,2165.0,2155.04,2161.479
1120118,1600,2150.0,2153.4399,2137.0,2146.2461
1120119,1600,2160.5649,2160.5649,2134.9199,2134.3149
1120120,1600,2127.0,2138.0801,2122.3101,2135.0901
1120123,1600,2145.0,2152.47,2143.1899,2155.0
1120124,1600,2134.0,2142.3701,2130.77,2137.5
1120125,1600,2136.0,2143.355,2121.0,2129.5
1120126,1600,2186.0,2201.355,2175.0,2196.5
1120127,1600,2196.0,2210.0,2182.8201,2204.5
1120130,1600,2194.0,2210.6001,2190.0,2205.0
1120131,1600,2214.0,2214.0,2198.27,2197.0
1120201,1600,2210.9199,2213.5901,2184.2749,2205.0
1120202,1600,2205.0,2224.355,2202.8799,2219.5
1120203,1600,2221.0,2226.355,2195.0,2204.0
1120206,1600,2185.0,2185.0,2170.8601,2174.0
1120207,1600,2185.0,2186.48,2162.8701,2185.0
1120208,1600,2198.0,2201.02,2192.04,2190.5
1120209,1600,2183.9199,2202.3401,2177.1599,2199.0
1120210,1600,2169.0,2173.01,2165.1001,2178.0
1120213,1600,2179.0,2187.6101,2172.8101,2182.0
1120214,1600,2182.0,2195.9399,2175.0701,2190.0
1120215,1600,2202.0,2208.4099,2198.2,2200.0
1120216,1600,2185.0,2190.3601,2177.21,2180.0
1120217,1600,2188.0,2189.5801,2169.71,2171.0
1120220,1600,2176.0,2184.26,2176.0,2183.0
1120221,1600,2217.0,2218.1299,2216.1599,2218.5
1120222,1600,2224.0,2239.0801,2224.0,2237.0
1120223,1600,2252.0,2265.0,2252.0,2269.5
1120224,1600,2246.0,2246.0,2232.5901,2237.5
1120227,1600,2226.28,2240.9299,2220.97,2238.0
1120228,1600,2237.0,2250.95,2236.71,2243.0
1120229,1600,2242.0,2242.0,2139.5601,2145.5
1120301,1600,2150.0,2158.24,2137.8799,2153.0
1120302,1600,2152.0,2160.0,2145.4399,2157.0
1120305,1600,2140.0,2146.8999,2136.8999,2146.5
1120306,1600,2143.0,2143.4299,2111.1799,2121.5
1120307,1600,2122.0,2143.9299,2122.0,2135.5
1120308,1600,2150.0,2151.8,2139.71,2139.0
1120309,1600,2152.0,2178.98,2137.8601,2176.0
1120312,1600,2178.0,2178.0,2164.76,2171.5
1120313,1600,2152.0,2153.1001,2150.1001,2153.5
1120314,1600,2125.0,2128.3999,2090.6001,2092.5
1120315,1600,2098.0,2105.3799,2091.8401,2094.5
1120316,1600,2076.0,2107.1001,2072.7,2086.5
1120319,1600,2086.0,2096.9609,2081.0,2090.5
1120320,1600,2080.0,2087.05,2070.52,2080.5
1120321,1600,2085.0,2085.0,2075.4099,2082.5
1120322,1600,2070.0,2070.76,2056.1201,2067.5
1120323,1600,2067.0,2094.4399,2067.0,2089.0
1120326,1600,2095.0,2110.0,2089.4399,2112.5
1120327,1600,2113.0,2126.9199,2103.0,2105.5
1120328,1600,2103.0,2107.5701,2098.76,2106.5
1120329,1600,2087.76,2087.76,2067.76,2068.0
1120330,1600,2079.0,2080.8201,2079.0,2076.5
1120402,1600,2070.0,2097.6899,2070.0,2094.0
1120403,1600,2086.0,2100.0,2084.0,2091.0
1120404,1600,2067.0,2067.0,2040.24,2030.0
1120405,1600,2045.0,2057.0,2044.4399,2053.5
1120410,1600,2075.0,2083.73,2061.76,2064.5
1120411,1600,2083.0,2085.0,2076.24,2083.5
1120412,1600,2095.0,2096.1201,2064.5601,2094.5
1120413,1600,2095.0,2102.05,2091.76,2096.5
1120416,1600,2074.0,2086.0,2073.24,2077.5
1120417,1600,2065.0,2069.76,2051.24,2072.5
1120418,1600,2052.0,2057.1001,2050.0,2044.5
1120419,1600,2035.0,2049.71,2033.33,2045.0
1120420,1600,2035.0,2046.4399,2029.5601,2031.0
1120423,1600,2027.0,2030.0,2015.76,2023.0
1120424,1600,2039.0,2039.76,2022.52,2032.0
1120425,1600,2035.0,2039.4399,2027.88,2023.5
1120426,1600,2031.0,2044.97,2031.0,2042.5
1120427,1600,2044.0,2049.0,2035.4399,2045.5
1120430,1600,2043.0,2043.0,2028.97,2039.0
1120501,1600,2048.0,2054.3999,2047.6,2046.5
1120502,1600,2041.0,2041.0,2032.5601,2033.0
1120503,1600,2028.0,2028.14,2012.76,2017.0
1120504,1600,2011.0,2018.63,2011.0,2021.5
1120508,1600,2015.0,2015.89,1973.4301,1976.5
1120509,1600,1968.0,1968.0,1955.16,1971.0
1120510,1600,1971.0,1994.78,1966.76,1969.5
1120511,1600,1955.0,1968.76,1947.79,1969.5
1120514,1600,1953.0,1953.0,1931.0,1935.5
1120515,1600,1932.0,1943.75,1931.61,1935.5
1120516,1600,1935.0,1943.24,1911.4399,1931.5
1120517,1600,1955.0,1984.3199,1951.24,1988.5
1120518,1600,1987.0,2018.0,1987.0,2014.0
1120521,1600,2018.0,2019.0,2005.66,2006.5
1120522,1600,1992.0,2006.67,1992.0,2007.5
1120523,1600,1982.0,1982.1801,1951.4,1956.0
1120524,1600,1982.0,2001.04,1982.0,1997.5
1120525,1600,2000.0,2000.0,1987.96,1995.0
1120529,1600,2006.0,2012.17,2002.0,2005.5
1120530,1600,1984.0,1984.0,1972.59,1989.5
1120531,1600,2019.0,2034.6,2012.04,2029.0
1120601,1600,2024.0,2095.04,2019.52,2090.5
1120606,1600,2102.0,2116.03,2098.04,2110.5
1120607,1600,2081.0,2081.0,2038.0,2032.0
1120608,1600,2032.0,2054.04,2028.04,2047.5
1120611,1600,2051.0,2051.04,2032.0,2037.0
1120612,1600,2051.0,2068.0801,2040.0,2066.0
1120613,1600,2068.0,2081.0,2063.5701,2076.5
1120614,1600,2088.0,2089.0,2071.6001,2085.0
1120615,1600,2095.0,2095.02,2074.0,2073.0
1120618,1600,2061.0,2067.3601,2055.0,2073.0
1120619,1600,2077.0,2078.0,2061.96,2061.5
1120620,1600,2045.0,2045.0,2022.5601,2037.5
1120621,1600,2026.0,2026.12,2009.04,2005.5
1120622,1600,1992.0,2008.36,1992.0,2001.0
1120625,1600,2011.0,2018.0,2009.64,2018.0
1120626,1600,2010.0,2026.04,2010.0,2008.0
1120627,1600,2002.0,2019.5,1999.36,2014.0
1120628,1600,2012.0,2015.36,1999.36,1999.0
1120629,1600,2019.0,2033.0,2017.04,2032.0
1120702,1600,2028.0,2032.0,2021.5959,2034.5
1120703,1600,2054.0,2061.21,2053.3601,2059.0
1120704,1600,2061.0,2065.0,2055.6399,2066.5
1120705,1600,2070.0,2070.0,2054.3601,2066.0
1120706,1600,2057.0,2059.3601,2038.0,2044.5
1120709,1600,2039.0,2041.0,2035.64,2040.0
1120710,1600,2062.0,2062.0,2035.64,2042.0
1120711,1600,2023.0,2027.72,2014.21,2023.5
1120712,1600,2018.0,2021.0,2011.42,2017.5
1120713,1600,2049.0,2049.0,2042.0,2040.0
1120716,1600,2036.0,2036.0,2029.36,2033.0
1120717,1600,2018.0,2033.72,2018.0,2018.0
1120718,1600,2015.0,2020.36,2004.36,2016.0
1120719,1600,2009.0,2019.0,2009.0,2016.5
1120720,1600,2019.0,2019.0,2007.04,2016.5
1120723,1600,2027.0,2030.75,2027.0,2024.5
1120724,1600,2028.0,2030.24,2022.72,2027.0
1120725,1600,2063.0,2063.28,2060.0901,2062.5
1120726,1600,2054.0,2066.76,2050.79,2051.5
1120727,1600,2059.0,2064.04,2049.6399,2052.0
1120730,1600,2059.0,2060.04,2058.0,2056.0
1120731,1600,2071.0,2071.0,2071.0,2058.5
1120801,1600,2054.0,2054.0,2039.98,2051.0
1120802,1600,2047.0,2058.0,2042.92,2045.0
1120803,1600,2044.4,2049.3999,2041.15,2045.5
1120806,1600,2060.0,2063.0,2054.0,2059.5
1120807,1600,2063.0,2063.0,2050.97,2055.0
1120808,1600,2056.0,2058.72,2045.6899,2054.5
1120809,1600,2061.0,2061.0,2059.1399,2059.0
1120810,1600,2060.0,2070.49,2056.0901,2061.5
1120813,1600,2060.0,2065.6399,2053.04,2054.5
1120814,1600,2052.0,2052.0,2025.0,2036.0
1120815,1600,2030.0,2040.0,2027.63,2038.0
1120816,1600,2036.0,2050.24,2035.45,2048.0
1120817,1600,2052.0,2058.0,2051.72,2056.0
1120820,1600,2050.0,2058.0,2049.6899,2059.5
1120821,1600,2070.0,2075.0,2055.2,2071.0
1120822,1600,2072.71,2073.9099,2066.95,2073.0
1120823,1600,2083.0,2098.6399,2083.0,2103.0
1120824,1600,2105.0,2109.0,2092.8899,2098.0
1120828,1600,2096.0,2105.8,2096.0,2106.5
1120829,1600,2095.0,2099.4199,2086.8701,2086.5
1120830,1600,2088.0,2097.0,2080.0,2087.0
1120831,1600,2089.0,2115.0,2078.0,2103.5
1120903,1600,2126.0,2128.0,2117.0,2125.0
1120904,1600,2129.0,2136.0,2122.9099,2124.5
1120905,1600,2124.0,2128.8,2121.0,2121.0
1120906,1600,2146.0,2146.04,2132.04,2134.5
1120907,1600,2117.0,2168.0,2116.04,2159.5
1120910,1600,2163.0,2164.6499,2156.46,2156.5
1120911,1600,2158.0,2159.5681,2151.28,2150.5
1120912,1600,2153.0,2159.96,2142.6399,2144.5
1120913,1600,2142.0,2148.47,2140.96,2144.0
1120914,1600,2180.0,2186.0,2174.52,2176.0
1120917,1600,2176.0,2176.52,2169.52,2169.5
1120918,1600,2158.0,2172.6399,2154.5691,2172.0
1120919,1600,2177.0,2181.52,2172.52,2178.0
1120920,1600,2177.0,2177.0,2163.52,2169.0
1120921,1600,2176.0,2188.3401,2171.52,2176.0
1120924,1600,2162.0,2173.3201,2160.1599,2171.0
1120925,1600,2165.0,2176.45,2165.0,2175.0
1120926,1600,2172.0,2172.5649,2147.0,2154.5
1120927,1600,2165.0,2176.03,2159.72,2173.5
1120928,1600,2191.0,2193.0,2185.0,2191.0
1121001,1600,2189.0,2209.0,2181.52,2195.0
1121002,1600,2196.0,2202.52,2189.52,2193.5
1121003,1600,2195.0,2206.0,2194.51,2204.5
1121004,1600,2212.0,2217.0801,2204.5591,2207.5
1121005,1600,2206.0,2207.52,2182.0,2194.5
1121008,1600,2191.0,2207.52,2191.0,2206.0
1121009,1600,2208.0,2209.0,2194.52,2196.5
1121010,1600,2198.0,2198.0,2187.8999,2193.5
1121011,1600,2202.0,2218.3999,2193.5901,2200.0
1121012,1600,2194.0,2194.5,2186.0,2185.0
1121015,1600,2172.0,2172.0,2149.3,2153.0
1121016,1600,2153.0,2160.0,2151.95,2159.0
1121017,1600,2164.0,2164.0,2149.76,2158.0
1121018,1600,2159.0,2159.5681,2146.96,2154.5
1121019,1600,2157.0,2160.0,2149.28,2149.5
1121022,1600,2145.0,2145.28,2141.05,2145.0
1121023,1600,2135.0,2145.8799,2127.6899,2137.5
1121024,1600,2122.0,2122.0,2118.8201,2120.0
1121025,1600,2119.0,2126.9099,2116.25,2120.0
1121026,1600,2117.0,2124.0,2106.28,2121.0
1121029,1600,2122.0,2128.6599,2120.8301,2126.0
1121030,1600,2121.0,2126.52,2118.6699,2120.0
1121031,1600,2127.0,2134.25,2126.96,2133.0
1121101,1600,2128.0,2128.0,2120.5601,2122.0
1121102,1600,2116.0,2116.0,2091.04,2089.5
1121105,1600,2096.0,2102.0,2083.28,2099.0
1121106,1600,2109.0,2112.9299,2109.0,2113.5
1121107,1600,2142.0,2153.8899,2128.0,2131.5
1121108,1600,2144.28,2144.28,2135.1899,2146.0
1121109,1600,2163.0,2176.0,2162.3701,2170.0
1121112,1600,2177.0,2179.28,2173.8201,2173.5
1121113,1600,2159.0,2168.1101,2159.0,2169.0
1121114,1600,2165.0,2172.3601,2162.52,2172.5
1121115,1600,2169.0,2169.04,2146.0,2154.5
1121116,1600,2153.0,2153.0,2145.9399,2151.5
1121119,1600,2157.0,2169.0,2157.0,2170.5
1121120,1600,2169.0,2171.6299,2166.6001,2168.0
1121121,1600,2160.0,2162.3799,2155.5,2159.5
1121122,1600,2157.51,2164.5669,2157.51,2164.5
1121123,1600,2164.0,2174.04,2161.49,2172.0
1121126,1600,2177.0,2180.8779,2174.0,2175.5
1121127,1600,2175.0,2175.0,2166.1001,2169.5
1121128,1600,2167.0,2167.73,2131.0,2136.5
1121129,1600,2141.0,2146.6499,2138.6899,2144.5
1121130,1600,2147.0,2149.0,2132.46,2131.5
1121203,1600,2135.0,2139.01,2122.74,2123.5
1121204,1600,2100.0,2101.6299,2052.74,2099.0
1121205,1600,2110.0,2110.0,2086.8701,2087.0
1121206,1600,2096.0,2112.1799,2085.9399,2107.0
1121207,1600,2113.0,2119.0,2099.5801,2113.0
1121210,1600,2124.0,2127.21,2123.98,2124.0
1121211,1600,2111.0,2113.0,2110.0901,2111.0
1121212,1600,2120.0,2121.96,2114.5801,2114.0
1121213,1600,2099.0,2099.0,2086.1101,2096.5
1121214,1600,2098.0,2099.51,2094.0,2092.5
1121217,1600,2078.0,2088.3401,2077.02,2084.5
1121218,1600,2085.0,2092.23,2059.0,2062.5
1121219,1600,2048.0,2048.0,2036.54,2046.5
1121220,1600,2044.0,2044.9399,2006.7,2004.5
1121221,1600,2022.0,2040.0699,2019.3199,2039.5
1121224,1600,2047.0,2053.28,2044.83,2049.0
1121227,1600,2034.0,2050.76,2034.0,2054.5
1121228,1600,2052.0,2056.5891,2040.9301,2040.5
1121231,1600,2050.0,2054.0601,2043.95,2044.5
1130102,1600,2055.0,2068.5901,2026.62,2073.5
1130103,1600,2069.0,2072.0,2066.7,2069.5
1130104,1600,2041.0,2050.3,2021.08,2039.0
1130107,1600,2052.0,2055.45,2038.0,2040.5
1130108,1600,2048.0,2054.6599,2046.24,2053.5
1130109,1600,2069.0,2070.76,2059.22,2060.5
1130110,1600,2062.0,2075.0,2060.24,2071.5
1130111,1600,2058.0,2066.23,2049.1599,2050.5
1130114,1600,2063.0,2074.8201,2058.0,2068.5
1130115,1600,2076.0,2087.0,2076.0,2081.5
1130116,1600,2091.0,2093.4099,2084.3899,2090.0
1130117,1600,2089.0,2102.96,2079.1299,2101.5
1130118,1600,2109.0,2119.02,2109.0,2119.0
1130121,1600,2117.0,2122.6499,2116.5769,2123.5
1130122,1600,2132.0,2132.0,2118.72,2126.5
1130123,1600,2127.0,2130.55,2116.0,2120.5
1130124,1600,2111.0,2114.0,2107.4099,2112.0
1130125,1600,2103.0,2109.8701,2080.416,2092.0
1130128,1600,2098.0,2102.76,2091.78,2101.0
1130129,1600,2107.0,2107.99,2101.0,2102.5
1130130,1600,2105.0,2123.0,2100.1799,2120.5
1130131,1600,2109.0,2114.5769,2095.0,2089.5
1130201,1600,2090.0,2117.05,1941.244,2113.5
1130204,1600,2114.0,2116.0,2103.3799,2113.5
1130205,1600,2115.0,2132.573,2115.0,2122.5
1130206,1600,2128.0,2132.0,2118.0,2132.0
1130207,1600,2131.0,2134.0,2111.5779,2131.5
1130208,1600,2112.0,2114.76,2097.8101,2098.0
1130211,1600,2110.0,2110.0,2089.8501,2095.0
1130212,1600,2102.0,2108.5779,2091.3799,2097.0
1130213,1600,2098.0,2114.6799,2091.24,2109.5
1130214,1600,2107.0,2118.1699,2103.8601,2105.5
1130215,1600,2094.0,2098.5801,2055.5701,2060.5
1130218,1600,2073.0,2080.584,2067.0,2068.5
1130219,1600,2075.0,2078.584,2070.22,2070.0
1130220,1600,2072.0,2083.583,2054.55,2060.5
1130221,1600,2054.0,2064.5,2047.59,2060.5
1130222,1600,2064.0,2065.76,2047.6801,2052.5
1130225,1600,2089.0,2097.5801,2087.76,2096.5
1130226,1600,2093.0,2128.8301,2083.2,2124.5
1130227,1600,2112.0,2113.0,2103.0,2109.5
1130228,1600,2090.0,2090.01,2075.1001,2075.5
1130301,1600,2074.0,2103.5791,2072.6799,2088.5
1130304,1600,2088.0,2094.0,2079.416,2079.5
1130305,1600,2084.0,2084.0,2068.0,2077.5
1130306,1600,2074.0,2093.0,2073.5601,2090.5
1130307,1600,2102.0,2103.6499,2086.0,2087.5
1130308,1600,2094.0,2105.0,2085.51,2100.5
1130311,1600,2112.0,2116.1001,2105.24,2109.5
1130312,1600,2117.0,2138.0601,2110.4221,2131.0
1130313,1600,2119.0,2129.574,2115.3601,2116.5
1130314,1600,2118.0,2118.0,2099.1799,2100.0
1130315,1600,2093.0,2102.76,2092.1001,2096.0
1130318,1600,2119.0,2121.76,2108.0,2116.5
1130319,1600,2112.0,2125.0701,2108.5779,2124.5
1130320,1600,2132.0,2133.76,2109.52,2113.0
1130321,1600,2116.0,2124.0,2105.74,2118.0
1130322,1600,2107.0,2107.5779,2099.3899,2100.0
1130325,1600,2096.0,2105.3,2084.1499,2103.0
1130326,1600,2100.0,2104.0,2094.1101,2100.5
1130327,1600,2101.0,2117.5759,2092.26,2114.0
1130328,1600,2110.0,2110.0,2092.72,2093.5
1130402,1600,2092.0,2096.5811,2080.0,2083.5
1130403,1600,2065.0,2070.8401,2063.0,2063.5
1130404,1600,2050.0,2050.24,2030.5,2027.0
1130405,1600,2032.0,2041.84,2027.8,2032.5
1130408,1600,2052.0,2057.5879,2044.1,2044.5
1130409,1600,2053.0,2065.1499,2043.0,2060.5
1130410,1600,2054.0,2055.8401,2037.592,2038.0
1130411,1600,2027.0,2027.594,2013.75,2023.5
1130412,1600,2003.0,2009.24,1935.39,1943.5
1130415,1600,1876.0,1886.0,1771.5,1787.0
1130416,1600,1790.0,1817.76,1772.6899,1803.0
1130417,1600,1786.0,1819.76,1785.24,1813.5
1130418,1600,1806.0,1823.03,1793.87,1816.0
1130419,1600,1832.0,1846.54,1820.04,1826.5
1130422,1600,1859.0,1875.24,1854.0,1857.0
1130423,1600,1846.0,1859.3719,1834.6331,1838.5
1130424,1600,1862.627,1864.76,1851.23,1856.5
1130425,1600,1878.0,1880.22,1861.0,1877.0
1130426,1600,1885.0,1896.76,1882.376,1896.5
1130429,1600,1885.0,1895.0,1882.0,1889.5
1130430,1600,1887.0,1896.621,1876.38,1876.5
1130501,1600,1858.0,1884.12,1847.84,1846.0
1130502,1600,1860.0,1889.0,1857.0,1882.0
1130503,1600,1891.0,1901.0,1870.374,1875.5
1130507,1600,1869.0,1880.28,1852.77,1863.0
1130508,1600,1872.0,1888.28,1871.374,1875.0
1130509,1600,1878.0,1889.28,1875.33,1887.5
1130510,1600,1890.0,1890.0,1839.0,1852.0
1130513,1600,1858.0,1871.0,1848.37,1864.5
1130514,1600,1867.0,1876.36,1854.88,1872.0
1130515,1600,1851.0,1851.0,1820.364,1819.5
1130516,1600,1801.0,1823.36,1793.1801,1801.5
1130517,1600,1795.0,1811.0,1782.0,1794.5
1130520,1600,1761.0,1790.0,1758.96,1789.0
1130521,1600,1813.0,1823.635,1791.76,1800.5
1130522,1600,1820.0,1854.84,1817.0,1821.0
1130523,1600,1828.0,1843.76,1818.84,1818.5
1130524,1600,1833.0,1836.6331,1823.635,1825.5
1130528,1600,1833.0,1833.0,1813.637,1837.0
1130529,1600,1830.0,1830.0,1820.0,1828.0
1130530,1600,1849.0,1855.0,1839.24,1852.5
1130531,1600,1855.0,1856.0,1827.84,1828.0
1130603,1600,1822.0,1832.0,1817.02,1831.0
1130604,1600,1826.0,1830.76,1809.0,1813.5
1130605,1600,1811.0,1821.364,1808.3621,1819.0
1130606,1600,1804.0,1809.72,1794.24,1797.5
1130607,1600,1808.0,1808.4399,1767.13,1768.5
1130610,1600,1761.0,1782.8,1761.0,1773.0
1130611,1600,1752.0,1761.0,1746.0,1759.0
1130612,1600,1748.0,1764.0,1745.64,1765.5
1130613,1600,1765.0,1767.36,1745.96,1743.0
1130614,1600,1762.0,1772.0,1752.6899,1764.0
1130617,1600,1751.0,1772.87,1747.04,1754.5
1130618,1600,1754.0,1758.12,1738.77,1736.0
1130619,1600,1747.0,1749.0,1741.16,1746.0
1130620,1600,1682.0,1692.04,1660.91,1666.0
1130621,1600,1662.0,1675.0,1658.01,1669.5
1130624,1600,1661.0,1666.38,1654.3311,1658.5
1130625,1600,1650.0,1659.52,1639.0,1646.0
1130626,1600,1597.0,1615.677,1586.26,1597.0
1130627,1600,1603.0,1614.677,1595.74,1605.0
1130628,1600,1575.0,1599.87,1554.0,1589.0
1130701,1600,1617.0,1627.02,1613.0601,1641.5
1130702,1600,1648.0,1654.52,1630.5601,1639.0
1130703,1600,1628.0,1640.0,1622.72,1633.0
1130704,1600,1630.0,1655.0,1627.48,1646.5
1130705,1600,1636.0,1653.52,1614.0,1620.5
1130708,1600,1644.0,1649.29,1632.64,1643.5
1130709,1600,1670.0,1684.0,1667.48,1674.5
1130710,1600,1671.0,1681.52,1665.79,1675.5
1130711,1600,1694.0,1699.0,1681.28,1686.5
1130712,1600,1678.0,1690.0,1671.12,1685.0
1130715,1600,1690.0,1699.36,1687.62,1693.5
1130716,1600,1697.0,1705.52,1687.88,1699.0
1130717,1600,1679.0,1702.0,1679.0,1680.5
1130718,1600,1678.0,1685.0,1672.41,1682.0
1130719,1600,1683.0,1693.0,1675.48,1688.5
1130722,1600,1718.0,1725.0,1707.79,1720.0
1130723,1600,1726.0,1730.36,1718.4,1728.5
1130724,1600,1733.0,1742.83,1723.0,1723.0
1130725,1600,1708.0,1726.4399,1705.6801,1723.5
1130726,1600,1718.0,1729.6541,1712.0,1707.0
1130729,1600,1718.0,1730.0,1711.08,1725.5
1130730,1600,1711.0,1727.0,1710.8101,1728.0
1130731,1600,1739.0,1744.52,1713.343,1713.0
1130801,1600,1731.0,1736.52,1716.96,1723.5
1130802,1600,1691.0,1716.0,1688.45,1706.5
1130805,1600,1708.0,1710.52,1681.48,1687.0
1130806,1600,1674.0,1680.36,1657.48,1664.5
1130807,1600,1664.0,1664.66,1642.48,1650.0
1130808,1600,1653.0,1673.63,1653.0,1674.0
1130809,1600,1680.0,1683.21,1672.52,1685.5
1130812,1600,1706.0,1727.1899,1701.0,1721.5
1130813,1600,1717.0,1724.4399,1704.0,1701.0
1130814,1600,1703.0,1709.0,1692.91,1704.0
1130815,1600,1721.0,1721.0,1691.2,1699.0
1130816,1600,1733.0,1744.0,1728.84,1742.0
1130819,1600,1751.0,1751.0,1737.0,1737.0
1130820,1600,1735.0,1745.79,1727.15,1741.5
1130821,1600,1729.0,1738.72,1723.0,1735.0
1130822,1600,1748.0,1761.79,1740.99,1751.5
1130823,1600,1754.0,1783.08,1749.51,1780.5
1130827,1600,1798.0,1823.0,1794.52,1814.5
1130828,1600,1832.0,1843.0,1811.12,1815.0
1130829,1600,1804.0,1814.4399,1803.12,1803.5
1130830,1600,1785.0,1813.22,1785.0,1801.0
1130902,1600,1785.0,1786.36,1771.14,1779.5
1130903,1600,1776.0,1791.52,1771.0,1799.0
1130904,1600,1800.0,1800.52,1764.353,1769.0
1130905,1600,1777.0,1778.36,1740.12,1744.0
1130906,1600,1745.0,1768.0,1743.96,1763.0
1130909,1600,1759.0,1765.87,1753.96,1756.0
1130910,1600,1734.0,1750.65,1723.52,1723.5
1130911,1600,1722.0,1729.95,1708.02,1713.5
1130912,1600,1688.0,1695.27,1670.09,1670.0
1130913,1600,1655.0,1657.668,1640.21,1649.0
1130916,1600,1649.0,1653.52,1633.327,1644.0
1130917,1600,1646.0,1651.52,1633.96,1638.0
1130918,1600,1620.0,1628.23,1612.96,1617.0
1130919,1600,1689.0,1703.0,1665.92,1701.5
1130920,1600,1683.0,1686.0601,1655.0,1661.0
1130923,1600,1641.0,1649.52,1634.12,1645.0
1130924,1600,1639.0,1644.47,1628.4301,1633.0
1130925,1600,1643.0,1651.0,1622.48,1652.0
1130926,1600,1652.0,1659.0,1643.0,1644.5
1130927,1600,1633.0,1658.0,1632.9301,1651.0
1130930,1600,1645.0,1655.0,1630.75,1633.0
1131001,1600,1607.0,1632.8,1579.0,1583.0
1131002,1600,1589.0,1619.0,1579.6,1612.0
1131003,1600,1603.0,1623.0,1600.23,1620.0
1131004,1600,1633.0,1635.14,1617.4399,1620.5
1131007,1600,1627.0,1641.4301,1621.6801,1638.0
1131008,1600,1635.0,1643.36,1626.0,1640.0
1131009,1600,1634.0,1646.2,1614.4,1622.0
1131010,1600,1624.0,1631.4399,1615.0,1618.5
1131011,1600,1593.0,1606.6899,1572.74,1580.0
1131014,1600,1594.0,1599.28,1587.0699,1589.0
1131015,1600,1569.0,1591.0,1567.28,1579.0
1131016,1600,1598.0,1601.0,1581.4399,1590.0
1131017,1600,1615.0,1630.61,1585.92,1622.0
1131018,1600,1614.0,1627.674,1613.45,1615.5
1131021,1600,1617.0,1629.9,1613.6,1618.5
1131022,1600,1623.0,1642.35,1611.322,1643.5
1131023,1600,1645.0,1647.12,1632.4399,1642.0
1131024,1600,1646.0,1658.0,1639.33,1658.5
1131025,1600,1652.0,1658.62,1643.6,1653.5
1131028,1600,1673.0,1679.28,1648.7,1667.5
1131029,1600,1664.0,1674.1,1659.4399,1664.5
1131030,1600,1671.0,1687.3199,1668.71,1674.0
1131031,1600,1660.0,1660.28,1637.0,1636.0
1131101,1600,1629.0,1644.52,1628.4399,1640.0
1131104,1600,1640.0,1645.0,1633.62,1640.0
1131105,1600,1623.0,1635.6899,1621.4399,1623.0
1131106,1600,1626.0,1639.672,1621.6,1627.5
1131107,1600,1628.0,1631.88,1616.1,1620.0
1131108,1600,1623.0,1624.675,1588.0,1596.0
1131111,1600,1598.0,1601.08,1583.6,1595.5
1131112,1600,1598.0,1609.5601,1597.63,1590.5
1131113,1600,1595.0,1598.2,1580.12,1584.0
1131114,1600,1585.0,1603.12,1585.0,1597.0
1131115,1600,1590.0,1594.0,1581.0,1590.5
1131118,1600,1584.0,1590.04,1580.47,1577.0
1131119,1600,1574.0,1581.2,1569.36,1574.0
1131120,1600,1560.0,1572.38,1549.0,1554.5
1131121,1600,1540.0,1548.88,1524.76,1528.5
1131122,1600,1527.0,1534.36,1524.3199,1528.5
1131125,1600,1511.0,1532.88,1505.1899,1527.0
1131126,1600,1548.0,1548.0,1523.0,1527.0
1131127,1600,1535.0,1535.7,1516.76,1516.5
1131128,1600,1509.0,1518.28,1506.0,1516.5
1131129,1600,1516.0,1528.494,1513.817,1524.5
1131202,1600,1506.0,1511.2,1493.2841,1492.5
1131203,1600,1487.0,1491.28,1474.738,1483.5
1131204,1600,1473.0,1504.0,1472.4399,1492.5
1131205,1600,1490.0,1505.12,1487.266,1496.5
1131206,1600,1500.0,1515.96,1461.96,1497.0
1131209,1600,1492.0,1503.88,1487.24,1498.0
1131210,1600,1507.0,1533.0,1499.416,1525.5
1131211,1600,1529.0,1532.778,1519.4399,1526.5
1131212,1600,1502.0,1521.96,1490.24,1495.5
1131213,1600,1490.0,1514.0,1486.458,1507.5
1131216,1600,1500.0,1519.96,1488.0,1521.5
1131217,1600,1510.0,1517.48,1503.473,1507.0
1131218,1600,1498.0,1508.28,1486.297,1492.0
1131219,1600,1478.0,1479.2,1450.325,1453.0
1131220,1600,1457.0,1462.04,1446.295,1463.5
1131223,1600,1458.292,1467.7061,1448.49,1458.0
1131224,1600,1459.0,1465.707,1448.199,1458.0
1131227,1600,1463.0,1468.001,1453.291,1462.5
1131230,1600,1449.0,1458.708,1442.0,1451.0
1131231,1600,1439.0,1452.052,1436.0,1443.5
1140102,1600,1467.0,1488.702,1456.291,1478.5
1140103,1600,1482.0,1499.7,1478.0,1494.0
1140106,1600,1513.0,1513.0,1496.0,1502.5
1140107,1600,1501.4561,1507.0,1484.863,1486.0
1140108,1600,1480.0,1491.0,1475.64,1475.5
1140109,1600,1483.52,1490.702,1473.4301,1479.5
1140110,1600,1490.0,1501.875,1487.522,1500.5
1140113,1600,1517.0,1518.696,1503.0,1517.0
1140114,1600,1513.0,1520.0,1509.698,1502.0
1140115,1600,1500.0,1507.085,1497.041,1506.5
1140116,1600,1507.0,1511.698,1503.548,1509.5
1140117,1600,1508.0,1512.697,1500.7,1513.5
1140120,1600,1518.0,1520.696,1513.663,1519.5
1140121,1600,1507.0,1516.025,1491.333,1496.5
1140122,1600,1486.0,1497.7,1484.0,1486.5
1140123,1600,1489.0,1512.0,1482.0,1507.0
1140124,1600,1506.0,1529.635,1501.3,1525.0
1140127,1600,1525.0,1528.694,1511.014,1509.0
1140128,1600,1504.0,1508.0,1497.65,1500.5
1140129,1600,1501.543,1523.6949,1500.3,1517.5
1140130,1600,1494.0,1520.696,1494.0,1495.0
1140131,1600,1508.0,1510.0,1499.3,1498.0
1140203,1600,1510.0,1534.05,1504.0,1537.5
1140204,1600,1531.0,1537.0,1520.408,1524.5
1140205,1600,1532.0,1546.775,1530.694,1532.5
1140206,1600,1533.9821,1538.843,1526.3051,1528.5
1140207,1600,1532.306,1536.693,1524.208,1529.0
1140210,1600,1544.0,1546.005,1540.308,1543.5
1140211,1600,1554.0,1557.694,1543.309,1554.0
1140212,1600,1555.214,1555.214,1544.309,1547.5
1140213,1600,1543.0,1550.0,1535.307,1549.0
1140214,1600,1559.3,1568.686,1553.5551,1564.5
1140217,1600,1580.0,1580.0,1565.724,1579.0
1140218,1600,1581.0,1581.0,1562.0,1572.5
1140219,1600,1567.0,1574.3781,1566.459,1567.5
1140220,1600,1567.0,1569.686,1563.077,1567.0
1140221,1600,1572.0,1584.683,1572.0,1575.0
1140224,1600,1594.0,1594.0,1581.316,1596.5
1140225,1600,1588.318,1598.563,1586.113,1595.5
1140226,1600,1598.0,1599.467,1583.6219,1583.0
1140227,1600,1580.0,1592.193,1580.0,1586.5
1140228,1600,1574.0,1583.683,1569.295,1570.0
1140303,1600,1596.0,1608.678,1593.319,1606.5
1140304,1600,1592.0,1595.0811,1586.1071,1594.5
1140305,1600,1589.682,1596.681,1586.267,1590.5
1140306,1600,1589.0,1600.0,1582.0,1600.0
1140307,1600,1600.0,1602.215,1582.316,1589.0
1140310,1600,1604.0,1605.0,1586.1851,1601.5
1140311,1600,1608.0,1618.158,1600.495,1603.5
1140312,1600,1634.0,1635.0,1619.324,1635.0
1140313,1600,1629.0,1638.797,1623.0,1634.5
1140314,1600,1639.0,1657.668,1634.327,1645.0
1140317,1600,1650.67,1652.525,1634.413,1635.5
1140318,1600,1631.0,1631.0,1617.0,1630.0
1140319,1600,1601.0,1616.7629,1596.738,1600.5
1140320,1600,1598.0,1616.147,1589.422,1600.0
1140321,1600,1600.0,1615.677,1600.0,1607.5
1140324,1600,1595.0,1599.6801,1575.616,1578.0
1140325,1600,1584.0,1585.683,1569.314,1577.0
1140326,1600,1578.0,1582.0,1559.312,1561.0
1140327,1600,1549.0,1562.687,1543.309,1546.5
1140328,1600,1551.0,1551.0,1537.297,1543.0
1140331,1600,1542.698,1553.689,1534.307,1534.5
1140401,1600,1536.0,1540.692,1527.137,1528.0
1140402,1600,1529.0,1545.0,1528.0,1544.0
1140403,1600,1541.559,1543.691,1517.09,1541.5
1140404,1600,1543.0,1561.557,1541.425,1560.5
1140407,1600,1556.0,1560.688,1549.3101,1550.5
1140408,1600,1560.0,1563.0,1553.449,1552.0
1140409,1600,1548.0,1558.688,1542.308,1545.5
1140410,1600,1566.0,1568.34,1559.412,1563.0
1140411,1600,1567.0,1569.34,1559.34,1562.0
1140414,1600,1573.0,1578.5811,1568.66,1575.5
1140415,1600,1548.0,1558.339,1532.0,1544.5
1140416,1600,1544.0,1546.0,1533.0,1538.0
1140417,1600,1531.0,1540.0,1529.3409,1534.5
1140422,1600,1524.0,1526.657,1514.0,1512.0
1140423,1600,1518.0,1523.34,1513.96,1520.0
1140424,1600,1519.0,1528.0,1501.74,1523.5
1140425,1600,1528.0,1540.34,1526.916,1537.5
1140428,1600,1535.0,1543.91,1523.66,1528.0
1140429,1600,1523.0,1536.1,1519.679,1531.5
1140430,1600,1517.0,1527.92,1515.766,1519.0
1140501,1600,1508.0,1510.92,1500.08,1507.0
1140502,1600,1502.0,1518.48,1502.0,1533.0
1140506,1600,1537.0,1542.2,1524.9,1528.0
1140507,1600,1538.0,1538.0,1518.808,1518.0
1140508,1600,1510.0,1517.1,1505.0,1509.0
1140509,1600,1523.0,1523.0,1512.9,1515.5
1140512,1600,1518.0,1532.0,1514.9,1527.0
1140513,1600,1519.0,1528.392,1517.36,1526.5
1140514,1600,1538.0,1548.701,1525.9,1542.5
1140515,1600,1544.0,1548.28,1532.2419,1536.0
1140516,1600,1524.0,1531.1,1522.0,1526.5
1140519,1600,1531.0,1539.134,1530.9,1532.0
1140520,1600,1522.0,1525.802,1518.72,1524.5
1140521,1600,1514.0,1524.869,1512.9,1517.5
1140522,1600,1533.0,1533.0,1519.72,1523.0
1140523,1600,1526.0,1526.28,1520.704,1523.5
1140527,1600,1516.2,1517.1,1488.4,1498.5
1140528,1600,1501.0,1502.1,1493.299,1493.5
1140529,1600,1489.74,1491.922,1486.72,1493.5
1140530,1600,1492.1,1492.28,1474.55,1473.5
1140602,1600,1478.0,1478.5601,1473.4399,1475.5
1140603,1600,1473.0,1478.1,1471.72,1475.5
1140604,1600,1476.0,1482.28,1473.9,1474.0
1140605,1600,1471.0,1484.1,1470.9,1482.0
1140606,1600,1481.0,1484.1,1472.0,1480.0
1140609,1600,1479.72,1485.28,1479.72,1481.5
1140610,1600,1485.0,1496.0,1479.72,1493.5
1140611,1600,1494.0,1496.0,1490.778,1492.0
1140612,1600,1491.0,1501.28,1486.72,1498.0
1140613,1600,1488.0,1492.799,1486.9,1490.5
1140616,1600,1500.0,1501.28,1488.28,1490.0
1140617,1600,1481.0,1487.0,1476.72,1487.0
1140618,1600,1484.0,1491.1,1481.0,1489.0
1140619,1600,1498.0,1511.0,1491.9,1511.5
1140620,1600,1524.0,1533.92,1520.9,1533.5
1140623,1600,1533.0,1537.1,1526.9,1534.5
1140624,1600,1544.0,1550.1,1531.965,1541.5
1140625,1600,1537.0,1542.702,1533.0,1542.0
1140626,1600,1527.0,1538.067,1524.9,1534.5
1140627,1600,1532.0,1540.849,1530.08,1539.0
1140630,1600,1530.0,1535.92,1527.9,1528.5
1140701,1600,1538.0,1550.72,1533.0,1534.5
1140702,1600,1532.0,1537.908,1530.26,1535.5
1140703,1600,1529.0,1532.92,1522.915,1525.0
1140704,1600,1531.0,1531.0,1526.828,1527.5
1140707,1600,1519.0,1524.92,1516.303,1522.5
1140708,1600,1531.0,1535.0,1526.392,1524.0
1140709,1600,1535.0,1538.03,1531.0,1534.5
1140710,1600,1555.0,1560.1,1538.36,1550.0
1140711,1600,1547.0,1551.1,1545.54,1549.0
1140714,1600,1516.0,1533.64,1515.36,1517.5
1140715,1600,1521.0,1523.46,1499.64,1500.0
1140716,1600,1502.0,1506.9561,1500.36,1507.0
1140717,1600,1510.0,1515.407,1509.0,1525.0
1140718,1600,1524.0,1536.72,1517.692,1519.5
1140721,1600,1529.0,1530.0,1524.54,1525.0
1140722,1600,1521.0,1528.0179,1516.36,1519.0
1140723,1600,1524.0,1525.9041,1518.46,1520.5
1140724,1600,1516.0,1516.64,1508.8459,1508.0
1140725,1600,1512.0,1519.0,1509.72,1518.0
1140728,1600,1527.2,1527.2,1520.7679,1523.0
1140729,1600,1532.0,1534.793,1521.264,1521.5
1140730,1600,1523.0,1524.0229,1516.72,1518.5
1140731,1600,1523.0,1524.28,1511.28,1511.5
1140801,1600,1516.0,1527.187,1511.72,1525.5
1140804,1600,1524.0,1528.0551,1520.0,1517.0
1140805,1600,1517.0,1523.5601,1510.0,1510.0
1140806,1600,1527.0,1543.28,1516.62,1541.5
1140807,1600,1538.0,1541.02,1534.62,1539.5
1140808,1600,1557.0,1558.2371,1547.0,1550.0
1140811,1600,1547.0,1548.6949,1542.944,1545.5
1140812,1600,1548.0,1557.0,1544.967,1553.5
1140813,1600,1557.0,1562.28,1540.98,1559.5
1140814,1600,1569.0,1569.0,1558.2,1559.5
1140815,1600,1561.0,1563.28,1536.819,1551.5
1140818,1600,1545.0,1556.36,1536.7419,1541.0
1140819,1600,1547.0,1551.28,1541.897,1544.5
1140820,1600,1543.0,1546.28,1540.22,1541.5
1140821,1600,1532.0,1533.343,1523.0,1526.5
1140822,1600,1538.0,1538.0,1525.95,1532.5
1140826,1600,1540.0,1545.28,1533.72,1536.0
1140827,1600,1540.0,1540.28,1530.679,1533.5
1140828,1600,1547.0,1548.46,1538.418,1543.5
1140829,1600,1538.0,1541.201,1537.28,1541.0
1140901,1600,1537.902,1539.5601,1531.8,1536.5
1140902,1600,1527.0,1531.28,1518.475,1520.5
1140903,1600,1526.0,1530.0,1521.5601,1528.5
1140904,1600,1533.0,1538.1,1530.662,1536.5
1140905,1600,1534.0,1543.0,1532.4399,1541.0
1140908,1600,1554.0,1561.952,1542.712,1540.0
1140909,1600,1546.0,1549.36,1542.754,1546.0
1140910,1600,1545.0,1546.28,1534.0,1532.5
1140911,1600,1512.0,1529.28,1510.86,1512.5
1140912,1600,1511.0,1514.28,1503.0,1503.5
1140915,1600,1508.0,1509.604,1504.4399,1506.5
1140916,1600,1521.0,1560.476,1508.0,1507.5
1140917,1600,1506.0,1506.28,1498.0,1502.0
1140918,1600,1486.0,1490.3669,1474.0,1486.0
1140919,1600,1474.0,1484.069,1472.1591,1478.5
1140922,1600,1473.0,1476.8361,1470.72,1473.5
1140923,1600,1493.0,1493.28,1474.54,1481.5
1140924,1600,1477.0,1483.92,1474.0,1475.5
1140925,1600,1473.0,1482.5,1469.031,1482.0
1140926,1600,1488.0,1491.745,1479.72,1483.0
1140929,1600,1490.0,1493.28,1485.303,1485.5
1140930,1600,1483.0,1491.0,1474.72,1479.5
1141001,1600,1475.0,1487.837,1471.5601,1487.0
1141002,1600,1488.0,1495.1,1484.0,1494.0
1141003,1600,1483.0,1489.501,1480.609,1483.0
1141006,1600,1482.0,1487.28,1479.72,1488.0
1141007,1600,1489.0,1493.2,1484.72,1494.0
1141008,1600,1498.0,1504.28,1494.416,1489.5
1141009,1600,1501.0,1506.28,1499.816,1505.0
1141010,1600,1509.0,1514.1949,1504.047,1510.0
1141013,1600,1521.0,1522.0,1509.72,1519.0
1141014,1600,1527.0,1540.0,1523.983,1533.0
1141015,1600,1537.0,1545.0,1523.646,1545.0
1141016,1600,1545.0,1545.0,1532.911,1534.0
1141017,1600,1532.0,1533.28,1520.293,1520.0
1141020,1600,1531.0,1532.28,1526.28,1528.5
1141021,1600,1536.0,1540.0,1529.72,1538.0
1141022,1600,1536.0,1544.28,1536.0,1533.5
1141023,1600,1532.0,1537.28,1516.6169,1519.0
1141024,1600,1526.0,1527.2,1519.2,1517.0
1141027,1600,1514.0,1516.2,1509.424,1511.0
1141028,1600,1511.0,1514.28,1505.66,1508.5
1141029,1600,1505.0,1512.28,1501.0,1503.0
1141030,1600,1491.0,1496.225,1483.283,1483.0
1141031,1600,1455.0,1459.28,1436.74,1445.0
1141103,1600,1452.0,1454.28,1447.671,1453.0
1141104,1600,1454.0,1458.2,1442.54,1450.0
1141105,1600,1426.0,1432.0,1417.0,1422.5
1141106,1600,1428.0,1429.0,1419.48,1431.5
1141107,1600,1431.0,1455.3929,1430.111,1458.0
1141110,1600,1461.0,1464.28,1451.72,1449.5
1141111,1600,1443.5,1446.4139,1438.078,1448.0
1141112,1600,1451.0,1463.28,1447.293,1459.5
1141113,1600,1463.0,1466.0,1454.201,1466.5
1141114,1600,1458.0,1490.0,1453.849,1485.5
1141117,1600,1506.0,1510.851,1499.3979,1500.5
1141118,1600,1516.0,1525.28,1510.0,1513.5
1141119,1600,1514.0,1523.3879,1490.0,1492.0
1141120,1600,1507.0,1514.46,1499.46,1502.5
1141121,1600,1507.0,1524.911,1507.0,1524.0
1141124,1600,1515.0,1518.0811,1507.6899,1509.5
1141125,1600,1515.0,1522.28,1510.985,1512.0
1141126,1600,1512.0,1513.28,1502.26,1503.0
1141127,1600,1505.0,1508.0,1498.08,1502.5
1141128,1600,1503.0,1503.0,1491.2061,1496.5
1141201,1600,1475.0,1512.74,1465.26,1509.0
1141202,1600,1515.0,1522.1,1507.1,1519.0
1141203,1600,1523.0,1532.1,1516.0,1530.0
1141204,1600,1531.0,1531.0,1520.08,1524.5
1141205,1600,1522.0,1525.28,1497.92,1517.5
1141208,1600,1520.0,1527.74,1511.657,1513.5
1141209,1600,1555.0,1559.272,1524.72,1554.5
1141210,1600,1557.0,1561.28,1549.485,1550.0
1141211,1600,1545.0,1546.09,1535.7679,1548.5
1141212,1600,1543.0,1548.85,1534.15,1544.5
1141215,1600,1533.0,1536.09,1527.074,1542.0
1141216,1600,1516.0,1530.0,1498.15,1503.5
1141217,1600,1510.0,1514.09,1495.89,1512.5
1141218,1600,1524.0,1534.9301,1509.0699,1512.5
1141219,1600,1516.0,1521.9301,1512.0699,1518.5
1141222,1600,1519.0,1521.9301,1501.0699,1503.5
1141223,1600,1506.9301,1507.9301,1503.0699,1505.0
1141224,1600,1501.0,1507.16,1498.0,1501.0
1141229,1600,1501.0,1542.27,1501.0,1506.0
1141230,1600,1512.0,1543.0,1508.84,1531.5
1141231,1600,1524.0,1528.9301,1520.9301,1521.5
1150102,1600,1520.0,1538.24,1504.6591,1532.5
1150105,1600,1546.0,1565.3621,1543.0699,1554.5
1150106,1600,1578.0,1584.9301,1574.322,1579.0
1150107,1600,1586.016,1601.01,1586.016,1597.5
1150108,1600,1590.0,1599.89,1587.0,1593.0
1150109,1600,1587.0,1595.92,1582.723,1591.5
1150112,1600,1597.5,1609.66,1597.5,1604.0
1150113,1600,1620.5,1630.38,1612.0,1616.0
1150114,1600,1606.5,1616.5699,1601.569,1612.0
1150115,1600,1634.5,1644.5699,1599.355,1652.0
1150116,1600,1640.5,1774.0,1636.08,1674.5
1150119,1600,1667.0,1673.9,1660.0,1666.5
1150120,1600,1683.0,1694.255,1674.8929,1687.5
1150121,1600,1699.5,1708.95,1684.3101,1689.0
1150122,1600,1683.0,1716.5601,1669.1331,1716.0
1150123,1600,1706.0,1718.5,1699.024,1701.0
1150126,1600,1691.5,1699.7061,1678.3101,1682.5
1150127,1600,1681.5,1686.099,1678.3,1686.0
1150128,1600,1680.5,1684.0,1675.3,1680.5
1150129,1600,1672.5,1677.249,1658.2469,1657.0
1150130,1600,1663.0,1683.0,1659.125,1679.0
1150202,1600,1684.5,1685.0,1670.031,1678.5
1150203,1600,1687.5,1694.7,1642.5,1649.5
1150204,1600,1650.0,1656.0,1639.811,1644.0
1150205,1600,1644.0,1652.03,1623.84,1630.5
1150206,1600,1643.0,1643.0,1601.395,1599.5
1150209,1600,1614.0,1619.0,1604.0,1614.0
1150210,1600,1609.5,1618.03,1603.98,1607.5
1150211,1600,1611.0,1611.0,1586.02,1592.0
1150212,1600,1590.0,1595.02,1574.65,1576.5
1150213,1600,1581.5,1587.5,1576.35,1584.5
1150216,1600,1588.5,1590.6,1585.5,1586.5
1150217,1600,1576.5,1579.35,1558.35,1557.5
1150218,1600,1561.5,1562.9,1547.225,1537.5
1150219,1600,1562.0,1569.02,1549.355,1551.0
1150220,1600,1553.0,1566.0,1550.371,1555.0
1150223,1600,1538.0,1549.5,1536.838,1539.5
1150224,1600,1545.5,1550.0,1531.145,1532.0
1150225,1600,1543.5,1548.02,1538.0,1541.5
1150226,1600,1554.0,1558.0,1545.751,1556.0
1150227,1600,1548.5,1563.233,1548.5,1560.0
1150302,1600,1563.5,1569.644,1557.5,1559.5
1150303,1600,1553.0,1564.5,1550.2371,1549.5
1150304,1600,1553.0,1560.35,1553.0,1560.5
1150305,1600,1568.0,1571.071,1557.02,1567.5
1150306,1600,1562.0,1564.02,1545.603,1544.0
1150309,1600,1538.5,1543.35,1532.001,1531.5
1150310,1600,1525.5,1539.5,1521.03,1523.0
1150311,1600,1530.0,1530.0,1521.755,1525.0
1150312,1600,1535.0,1535.02,1528.0389,1529.5
1150313,1600,1549.5,1553.761,1540.52,1549.0
1150316,1600,1553.0,1559.835,1542.3101,1540.5
1150317,1600,1550.0,1550.02,1537.96,1543.5
1150318,1600,1545.0,1556.5,1545.0,1552.0
1150319,1600,1554.0,1574.53,1546.5,1573.5
1150320,1600,1569.0,1577.5,1567.0,1572.0
1150323,1600,1572.5,1577.5,1571.0,1576.0
1150324,1600,1578.5,1587.7,1574.39,1585.5
1150325,1600,1587.0,1594.731,1561.51,1591.5
1150326,1600,1603.5,1614.874,1600.0,1607.5
1150327,1600,1599.5,1605.7,1590.35,1596.5
1150330,1600,1588.0,1596.0,1585.02,1584.5
1150331,1600,1584.0,1595.0,1579.98,1583.5
1150401,1600,1582.0,1608.96,1581.0439,1605.5
1150402,1600,1608.5,1638.5,1598.98,1598.5
1150407,1600,1614.0,1614.5,1608.516,1615.5
1150408,1600,1612.0,1614.7,1596.02,1597.5
1150409,1600,1603.0,1608.0,1592.439,1604.5
1150410,1600,1624.5,1636.5,1609.634,1633.0
1150413,1600,1628.5,1634.454,1617.5,1619.5
1150414,1600,1614.0,1617.02,1598.35,1603.0
1150415,1600,1600.0,1605.5,1595.0,1601.5
1150416,1600,1609.0,1614.02,1589.02,1589.5
1150417,1600,1588.0,1598.0,1588.0,1597.0
1150420,1600,1599.0,1599.0,1583.1121,1582.5
1150421,1600,1594.0,1595.35,1590.0,1588.0
1150422,1600,1581.0,1595.35,1564.02,1566.5
1150423,1600,1574.0,1574.02,1566.35,1569.5
1150424,1600,1566.0,1566.0,1539.02,1537.5
1150427,1600,1550.0,1570.0,1543.913,1563.0
1150428,1600,1558.0,1568.0,1556.0,1567.0
1150429,1600,1557.0,1559.03,1548.3669,1550.5
1150430,1600,1546.0,1548.7,1520.812,1519.5
1150501,1600,1524.0,1537.0,1521.8521,1534.0
1150505,1600,1562.0,1566.35,1554.051,1557.5
1150506,1600,1550.0,1558.04,1545.36,1546.0
1150507,1600,1544.0,1551.0,1535.562,1539.5
1150508,1600,1521.0,1531.02,1518.0229,1520.0
1150511,1600,1511.0,1525.02,1508.15,1500.5
1150512,1600,1509.0,1512.02,1495.408,1507.5
1150513,1600,1511.0,1532.807,1499.98,1529.0
1150514,1600,1541.0,1541.0,1525.496,1535.5
1150515,1600,1534.0,1535.0,1529.816,1534.5
1150518,1600,1551.0,1557.35,1546.1591,1549.5
1150519,1600,1548.0,1562.35,1541.714,1539.5
1150520,1600,1544.0,1545.0,1539.786,1542.0
1150521,1600,1525.0,1543.02,1520.3929,1523.5
1150522,1600,1526.0,1541.106,1526.0,1539.5
1150526,1600,1540.0,1540.0,1528.02,1527.5
1150527,1600,1537.0,1537.0,1525.7,1534.75
1150528,1600,1531.0,1538.608,1531.0,1540.5
1150529,1600,1545.0,1548.0,1536.65,1541.5
1150601,1600,1543.0,1566.0,1537.02,1556.5
1150602,1600,1543.0,1549.808,1540.745,1540.5
1150603,1600,1541.0,1542.8361,1533.1169,1536.5
1150604,1600,1531.0,1531.0,1512.35,1514.5
1150605,1600,1522.0,1522.0,1513.22,1517.5
1150608,1600,1524.0,1527.411,1517.8311,1518.5
1150609,1600,1532.0,1532.0,1518.0959,1518.5
1150610,1600,1519.0,1520.673,1515.0,1513.5
1150611,1600,1509.0,1518.488,1503.3621,1507.0
1150612,1600,1507.0,1513.0,1500.35,1499.5
1150615,1600,1503.0,1511.0,1500.0,1509.5
1150616,1600,1505.0,1506.252,1489.8409,1493.5
1150617,1600,1483.0,1493.396,1481.0,1483.5
1150618,1600,1483.0,1501.604,1483.0,1499.5
1150619,1600,1500.0,1502.0,1495.65,1496.5
1150622,1600,1489.0,1494.35,1482.35,1483.5
1150623,1600,1483.0,1486.804,1481.717,1480.75
1150624,1600,1482.0,1483.0,1472.856,1478.5
1150625,1600,1483.0,1483.713,1472.925,1476.5
1150626,1600,1477.5,1480.552,1470.329,1474.5
1150629,1600,1489.0,1490.557,1477.807,1477.5
1150630,1600,1484.0,1484.0,1469.65,1474.5
1150701,1600,1483.0,1483.0,1477.5699,1481.5
1150702,1600,1482.0,1482.0,1473.0,1475.5
1150703,1600,1484.0,1484.0,1478.562,1485.0
1150706,1600,1485.0,1487.231,1478.65,1481.5
1150707,1600,1486.0,1495.6899,1481.6429,1478.5
1150708,1600,1484.0,1499.0,1472.005,1497.5
1150709,1600,1499.0,1499.7321,1493.65,1496.5
1150710,1600,1490.0,1493.35,1478.54,1484.5
1150713,1600,1472.0,1479.35,1466.97,1474.0
1150714,1600,1471.5,1478.005,1464.553,1466.75
1150715,1600,1459.0,1463.744,1448.5,1451.25
1150716,1600,1450.0,1454.5,1448.371,1451.75
1150717,1600,1451.0,1451.717,1433.168,1432.75
1150720,1600,1413.0,1419.6219,1403.467,1408.75
1150721,1600,1407.5,1410.66,1403.1,1408.0
1150722,1600,1386.0,1389.01,1377.5,1383.0
1150723,1600,1390.0,1401.042,1388.345,1394.5
1150724,1600,1381.0,1388.0,1375.62,1385.5
1150727,1600,1396.0,1409.178,1389.0,1393.75
1150728,1600,1395.5,1396.1,1384.52,1388.5
1150729,1600,1378.0,1392.238,1378.0,1385.5
1150730,1600,1377.0,1387.6121,1374.064,1387.0
1150731,1600,1389.0,1392.0,1372.954,1387.5
1150803,1600,1388.0,1388.2469,1382.614,1383.0
1150804,1600,1381.0,1390.0,1381.0,1382.5
1150805,1600,1380.0,1385.72,1371.0,1374.5
1150806,1600,1375.5,1391.67,1374.2,1390.5
1150807,1600,1403.0,1404.9351,1385.007,1402.5
1150810,1600,1398.5,1406.5699,1396.5,1409.5
1150811,1600,1411.0,1421.72,1396.853,1408.5
1150812,1600,1417.0,1425.0,1414.0,1420.5
1150813,1600,1420.0,1420.0,1413.683,1415.5
1150814,1600,1416.5,1418.26,1414.0,1410.75
1150817,1600,1411.0,1419.358,1411.0,1419.25
1150818,1600,1402.5,1421.775,1401.25,1409.25
1150819,1600,1416.5,1426.5,1415.089,1427.75
1150820,1600,1440.0,1452.24,1436.767,1449.75
1150821,1600,1461.0,1461.076,1449.26,1461.25
1150824,1600,1453.5,1463.377,1449.99,1457.25
1150825,1600,1441.5,1444.5031,1427.33,1432.25
1150826,1600,1436.5,1437.26,1426.083,1433.5
1150827,1600,1438.5,1445.0,1435.299,1448.5
1150828,1600,1451.0,1469.549,1445.0,1461.75
1150901,1600,1471.0,1475.252,1468.407,1470.25
1150902,1600,1477.0,1478.91,1466.0,1465.75
1150903,1600,1469.0,1469.0,1453.5,1460.5
1150904,1600,1471.5,1471.5,1454.5,1460.25
1150907,1600,1455.0,1462.769,1448.5,1448.75
1150908,1600,1445.0,1447.741,1440.16,1449.5
1150909,1600,1446.0,1446.0,1427.5,1427.75
1150910,1600,1424.0,1430.702,1422.292,1421.5
1150911,1600,1419.5,1422.774,1411.16,1412.0
1150914,1600,1420.0,1422.5,1416.5,1421.25
1150915,1600,1416.0,1424.0,1416.0,1423.5
1150916,1600,1422.0,1430.5,1419.26,1432.0
1150917,1600,1426.0,1430.2159,1423.009,1427.25
1150918,1600,1435.0,1446.1801,1433.55,1444.5
1150921,1600,1442.5,1450.667,1442.5,1444.5
1150922,1600,1446.0,1450.993,1443.0,1449.25
1150923,1600,1468.0,1469.264,1450.829,1469.0
1150924,1600,1474.5,1498.76,1470.552,1497.25
1150925,1600,1484.5,1495.5,1483.66,1493.0
1150928,1600,1476.0,1482.498,1472.755,1476.5
1150929,1600,1470.655,1479.423,1464.995,1477.5
1150930,1600,1467.5,1470.184,1452.3,1457.25
1151001,1600,1459.0,1459.0,1453.458,1456.75
1151002,1600,1445.0,1484.16,1444.319,1479.5
1151005,1600,1476.0,1486.858,1472.325,1481.75
1151006,1600,1493.5,1495.46,1482.16,1491.25
1151007,1600,1485.0,1493.298,1477.248,1481.5
1151008,1600,1475.5,1479.473,1472.994,1479.0
1151009,1600,1490.0,1497.5601,1475.3199,1495.75
1151012,1600,1498.0,1503.9449,1497.5,1497.5
1151013,1600,1515.0,1516.6219,1488.053,1512.0
1151014,1600,1501.5,1519.835,1498.532,1508.25
1151015,1600,1514.5,1519.5,1510.894,1512.0
1151016,1600,1506.0,1514.4399,1502.282,1512.5
1151019,1600,1437.0,1505.0,1437.0,1496.5
1151020,1600,1500.5,1515.5,1496.72,1503.25
1151021,1600,1513.5,1513.5,1491.047,1491.0
1151022,1600,1489.5,1501.0861,1489.5,1498.5
1151023,1600,1504.5,1518.8,1493.5,1499.5
1151026,1600,1506.5,1506.5,1493.0,1501.5
1151027,1600,1502.5,1513.5,1499.276,1507.0
1151028,1600,1525.0,1529.7111,1512.986,1523.0
1151029,1600,1498.0,1504.896,1485.5,1486.5
1151030,1600,1470.0,1483.5,1459.048,1461.5
1151102,1600,1452.5,1465.0,1449.998,1455.0
1151103,1600,1457.0,1457.0,1442.611,1443.0
1151104,1600,1431.5,1437.233,1430.83,1431.5
1151105,1600,1426.0,1496.9399,1423.313,1434.75
1151106,1600,1505.0,1505.0,1425.6479,1427.0
1151109,1600,1436.0,1438.17,1425.8199,1426.0
1151110,1600,1432.5,1432.5,1423.0,1428.25
1151111,1600,1423.5,1425.5,1410.605,1412.5
1151112,1600,1407.0,1416.811,1402.5,1404.0
1151113,1600,1402.5,1412.334,1402.5,1408.5
1151116,1600,1418.5,1422.387,1410.5,1413.5
1151117,1600,1405.0,1408.48,1395.5,1396.5
1151118,1600,1398.0,1398.0,1387.5,1390.5
1151119,1600,1392.0,1401.641,1385.884,1398.0
1151120,1600,1404.0,1406.5699,1397.48,1404.0
1151123,1600,1395.0,1399.8929,1394.48,1396.5
1151124,1600,1413.0,1415.174,1399.223,1411.5
1151125,1600,1411.0,1414.25,1399.66,1402.5
1151126,1600,1403.0,1407.317,1400.11,1401.25
1151127,1600,1401.0,1402.634,1384.329,1389.25
1151130,1600,1390.0,1398.35,1389.95,1396.75
1151201,1600,1401.0,1403.739,1397.325,1398.75
1151202,1600,1400.5,1405.0,1393.5,1397.25
1151203,1600,1389.5,1400.5,1386.16,1386.25
1151204,1600,1386.5,1420.16,1386.5,1423.0
1151207,1600,1421.5,1422.98,1409.9301,1411.75
1151208,1600,1410.5,1418.4189,1410.5,1416.5
1151209,1600,1412.5,1417.696,1396.98,1398.25
1151210,1600,1396.5,1410.5,1395.718,1398.0
1151211,1600,1388.5,1398.5,1384.274,1397.75
1151214,1600,1391.5,1402.0,1390.213,1396.5
1151215,1600,1385.5,1392.6591,1382.275,1392.5
1151216,1600,1400.5,1416.72,1399.4611,1417.0
1151217,1600,1410.0,1414.559,1393.03,1398.5
1151218,1600,1401.5,1417.156,1397.4189,1413.5
1151221,1600,1421.5,1427.8571,1417.848,1433.5
1151222,1600,1430.5,1436.3831,1430.5,1435.5
1151223,1600,1431.0,1431.0,1419.9399,1420.5
1151224,1600,1424.0,1427.5,1420.0,1420.0
1151229,1600,1422.5,1431.056,1422.5,1428.25
1151230,1600,1427.5,1428.616,1412.838,1412.75
1151231,1600,1418.0,1418.0,1415.599,1413.5
1160104,1600,1433.5,1454.3831,1432.75,1449.25
1160105,1600,1448.0,1456.774,1446.5,1454.0
1160106,1600,1465.0,1474.778,1460.161,1474.5
1160107,1600,1490.5,1500.507,1481.887,1501.0
1160108,1600,1489.0,1499.5,1481.5,1501.25
1160111,1600,1502.5,1504.0,1490.043,1495.75
1160112,1600,1492.0,1496.5,1489.525,1494.0
1160113,1600,1480.0,1493.538,1476.61,1487.5
1160114,1600,1496.0,1502.058,1484.665,1486.25
1160115,1600,1488.5,1510.3571,1488.101,1505.5
1160118,1600,1509.0,1516.5,1502.304,1509.25
1160119,1600,1509.5,1517.5959,1500.821,1515.5
1160120,1600,1528.0,1538.0,1524.652,1540.0
1160121,1600,1536.0,1555.84,1524.694,1526.25
1160122,1600,1525.0,1525.0,1509.431,1517.5
1160125,1600,1535.0,1536.5,1529.412,1535.5
1160126,1600,1548.0,1553.864,1539.009,1540.5
1160127,1600,1543.5,1548.266,1540.882,1547.25
1160128,1600,1545.0,1551.592,1532.3361,1533.5
1160129,1600,1534.5,1557.877,1529.4091,1557.5
1160201,1600,1557.0,1557.0,1548.941,1549.5
1160202,1600,1549.5,1551.5,1540.25,1546.75
1160203,1600,1538.0,1546.609,1531.531,1544.0
1160204,1600,1544.5,1567.0,1544.5,1564.75
1160205,1600,1570.5,1578.5,1562.931,1577.75
1160208,1600,1615.0,1646.01,1585.358,1639.0
1160209,1600,1624.0,1646.0,1622.198,1627.75
1160210,1600,1625.0,1629.837,1604.672,1628.25
1160211,1600,1649.0,1710.428,1645.05,1714.25
1160212,1600,1692.0,1694.5,1680.345,1688.0
1160215,1600,1652.0,1655.5,1644.0,1649.75
1160216,1600,1636.0,1678.6219,1631.83,1676.0
1160217,1600,1663.0,1678.0,1657.77,1671.75
1160218,1600,1661.5,1677.635,1653.067,1678.0
1160219,1600,1690.0,1710.0,1685.925,1697.75
1160222,1600,1682.0,1700.5,1679.104,1691.75
1160223,1600,1706.0,1717.627,1700.45,1718.75
1160224,1600,1731.0,1772.0,1730.7,1770.75
1160225,1600,1747.5,1760.074,1737.2,1754.75
1160226,1600,1735.0,1752.0,1729.5,1734.75
1160229,1600,1751.0,1761.7271,1747.671,1750.25
1160301,1600,1756.0,1765.0,1743.2111,1747.75
1160302,1600,1743.0,1747.175,1732.8,1738.75
1160303,1600,1741.5,1755.5,1739.365,1752.75
1160304,1600,1757.0,1781.0,1757.0,1767.75
1160307,1600,1763.0,1777.7,1760.7,1758.75
1160308,1600,1768.0,1777.163,1761.629,1763.25
1160309,1600,1753.0,1754.0,1732.894,1740.0
1160310,1600,1739.0,1759.5,1728.0,1748.25
1160311,1600,1749.5,1760.813,1726.439,1727.5
1160314,1600,1727.0,1732.927,1711.877,1714.75
1160315,1600,1715.5,1725.108,1705.233,1716.25
1160316,1600,1721.0,1729.4,1720.672,1721.0
1160317,1600,1749.5,1753.866,1722.771,1722.0
1160318,1600,1722.5,1724.866,1701.5,1707.0
1160321,1600,1704.0,1713.481,1704.0,1710.0
1160322,1600,1735.5,1747.91,1729.218,1737.25
1160323,1600,1720.5,1722.5,1700.5,1714.0
1160324,1600,1706.0,1710.5,1702.17,1702.75
1160329,1600,1689.0,1699.308,1684.5,1697.0
1160330,1600,1698.0,1703.6,1680.3361,1683.25
1160331,1600,1694.0,1702.1,1691.99,1694.5
1160401,1600,1696.0,1702.0,1686.5,1688.25
1160404,1600,1692.5,1694.6021,1683.5,1685.25
1160405,1600,1702.0,1720.1169,1701.5,1716.0
1160406,1600,1714.0,1721.0,1710.671,1711.5
1160407,1600,1724.0,1743.0,1718.5811,1738.75
1160408,1600,1730.5,1737.7,1725.381,1734.75
1160411,1600,1755.0,1755.0,1732.171,1741.75
1160412,1600,1744.0,1747.5,1733.09,1741.0
1160413,1600,1733.5,1744.5,1721.0,1731.0
1160414,1600,1729.0,1735.557,1719.5,1720.0
1160415,1600,1716.0,1719.5,1710.4,1711.75
1160418,1600,1717.5,1727.0,1708.0,1709.5
1160419,1600,1716.0,1721.864,1708.4,1721.25
1160420,1600,1715.0,1723.701,1712.6071,1721.75
1160421,1600,1734.0,1739.0,1718.5,1725.75
1160422,1600,1717.5,1719.99,1701.6,1704.25
1160425,1600,1704.0,1704.0,1680.5,1691.5
1160426,1600,1681.0,1681.5,1668.71,1680.75
1160427,1600,1688.0,1695.374,1682.505,1695.25
1160428,1600,1700.5,1711.91,1697.0,1712.5
1160429,1600,1728.0,1745.0,1718.0,1745.25
1160503,1600,1742.5,1752.2,1738.0,1747.25
1160504,1600,1737.5,1752.5,1737.2,1747.75
1160505,1600,1741.0,1749.25,1735.0,1740.25
1160506,1600,1747.5,1767.65,1741.15,1764.5
1160509,1600,1754.1,1757.75,1732.5,1735.0
1160510,1600,1736.0,1736.0,1719.0389,1721.25
1160511,1600,1742.0,1747.991,1738.5,1738.5
1160512,1600,1742.5,1743.0,1728.4709,1730.5
1160513,1600,1744.5,1750.639,1738.16,1747.25
1160516,1600,1764.5,1769.0,1750.25,1748.75
1160517,1600,1736.5,1749.527,1731.7,1747.25
1160518,1600,1739.0,1744.0,1716.25,1718.5
1160519,1600,1698.0,1701.5,1684.25,1693.75
1160520,1600,1700.0,1708.35,1699.25,1700.25
1160523,1600,1706.0,1708.0,1696.0,1703.25
1160524,1600,1689.5,1696.25,1667.926,1666.25
1160525,1600,1653.0,1657.3,1637.271,1642.5
1160526,1600,1647.5,1653.5,1646.8311,1644.5
1160527,1600,1646.0,1649.5,1636.03,1637.75
1160531,1600,1638.5,1646.2469,1632.85,1646.5
1160601,1600,1658.5,1669.3,1657.2,1658.5
1160602,1600,1665.0,1666.3,1655.3,1657.75
1160603,1600,1660.5,1690.35,1658.0,1686.25
1160606,1600,1704.5,1706.8,1695.72,1701.75
1160607,1600,1692.0,1692.3,1676.5,1683.0
1160608,1600,1697.0,1712.266,1697.0,1713.0
1160609,1600,1717.0,1732.64,1715.92,1732.0
1160610,1600,1731.0,1761.28,1731.0,1748.0
1160613,1600,1786.0,1796.46,1766.274,1777.5
1160614,1600,1790.0,1800.91,1782.64,1795.5
1160615,1600,1793.5,1794.5,1778.5,1786.0
1160616,1600,1829.0,1850.5551,1816.0,1835.25
1160617,1600,1780.0,1789.9399,1775.0,1780.25
1160620,1600,1739.0,1743.5,1724.0,1729.0
1160621,1600,1720.0,1721.84,1701.0,1711.0
1160622,1600,1700.0,1708.2,1694.26,1700.5
1160623,1600,1695.5,1700.76,1665.855,1688.0
1160624,1600,1898.5,1924.9399,1851.6,1907.0
1160627,1600,1944.0,2000.5,1942.1801,1977.5
1160628,1600,1955.0,1957.26,1932.0,1947.0
1160629,1600,1955.0,1961.0,1926.424,1932.75
1160630,1600,1930.5,1964.295,1811.48,1960.0
1160701,1600,1976.0,1989.5,1976.0,1989.75
1160704,1600,2010.0,2014.0,2001.385,2002.0
1160705,1600,2012.0,2043.5,2010.76,2042.0
1160706,1600,2086.5,2103.5,2075.3201,2092.25
1160707,1600,2082.0,2086.26,2056.27,2070.0
1160708,1600,2067.5,2078.5601,2040.0,2058.25
1160711,1600,2079.5,2087.3201,2056.2939,2065.0
1160712,1600,2043.5,2043.796,1996.0,1997.5
1160713,1600,1995.5,2005.799,1985.5,2006.25
1160714,1600,1987.5,1991.058,1812.8,1967.75
1160715,1600,1958.0,1979.802,1947.493,1982.75
1160718,1600,1983.0,1991.3199,1969.0,1971.75
1160719,1600,1987.5,2004.15,1985.085,1999.75
1160720,1600,2004.0,2004.0,1968.4399,1975.75
1160721,1600,1962.0,2167.3601,1960.21,1977.5
1160722,1600,1971.0,1999.8,1967.787,1996.5
1160725,1600,1979.0,1983.5,1972.303,1983.75
1160726,1600,1990.0,1996.5,1977.791,1985.5
1160727,1600,1985.0,2000.5601,1983.989,1996.5
1160728,1600,2007.0,2016.1,2004.301,2008.5
1160729,1600,1998.0,2015.309,1992.705,2007.5
1160801,1600,2011.0,2023.0,2007.512,2019.75
1160802,1600,2019.5,2034.5,2019.248,2025.0
1160803,1600,2025.5,2026.26,2010.299,2010.25
1160804,1600,2006.0,2052.2,2000.62,2048.25
1160805,1600,2052.0,2052.1499,2020.818,2021.25
1160808,1600,2019.0,2025.5,2011.5,2021.75
1160809,1600,2030.0,2040.5,2022.5,2034.75
1160810,1600,2049.0,2050.2019,2038.306,2044.0
1160811,1600,2038.0,2059.8799,2035.8051,2056.5
1160812,1600,2039.5,2065.8101,2036.0,2062.5
1160815,1600,2044.0,2058.0,2043.306,2057.5
1160816,1600,2063.0,2063.5,2041.5,2048.0
1160817,1600,2033.0,2043.2,2032.0,2042.0
1160818,1600,2039.5,2043.5601,2020.826,2025.75
1160819,1600,2024.5,2036.6,2018.8199,2030.0
1160822,1600,2010.5,2018.103,2006.801,2011.0
1160823,1600,2012.5,2012.5,2002.48,2003.5
1160824,1600,2001.5,2004.88,1972.6,1980.0
1160825,1600,1977.5,1983.38,1972.8,1977.75
1160826,1600,1977.5,1996.514,1975.796,1990.75
1160830,1600,1993.5,1996.38,1981.849,1986.25
1160831,1600,1979.0,1979.7,1967.4399,1966.0
1160901,1600,1962.0,1963.1,1939.937,1947.75
1160902,1600,1949.5,1967.2,1947.5,1956.5
1160905,1600,1963.5,1970.8,1957.5,1967.25
1160906,1600,1965.5,1974.8781,1963.3,1969.5
1160907,1600,1984.0,1994.5,1983.3,1987.5
1160908,1600,1990.5,1994.799,1988.0,1989.75
1160909,1600,1982.5,1985.8,1976.05,1986.0
1160912,1600,1978.0,1978.5,1962.7939,1962.25
1160913,1600,1971.0,1982.8,1969.167,1984.5
1160914,1600,1972.0,1988.473,1971.649,1979.75
1160915,1600,1968.5,1980.092,1960.12,1968.0
1160916,1600,1965.0,1977.1,1961.2939,1976.0
1160919,1600,1990.5,1992.4399,1982.38,1985.0
1160920,1600,1995.0,2004.38,1989.62,2002.0
1160921,1600,2007.5,2019.99,2003.62,2019.5
1160922,1600,2014.0,2019.5,2009.62,2018.25
1160923,1600,2022.0,2042.38,2020.803,2038.25
1160926,1600,2035.5,2045.76,2035.009,2039.25
1160927,1600,2023.0,2038.485,2014.0,2013.5
1160928,1600,2008.0,2013.45,2003.975,2004.0
1160929,1600,2004.0,2009.0,1998.354,2003.0
1160930,1600,2019.0,2022.5,2002.48,2001.0
1161003,1600,2020.5,2020.775,2014.275,2017.0
1161004,1600,2020.5,2027.76,1982.0,1985.75
1161005,1600,1975.5,1977.88,1960.0,1960.75
1161006,1600,1962.5,1973.88,1952.24,1956.0
1161007,1600,1986.0,2026.0,1986.0,1987.5
1161010,1600,2014.0,2015.38,2003.0,2004.0
1161011,1600,2024.0,2028.12,2011.6801,2031.5
1161012,1600,2021.5,2033.5,2011.0,2025.0
1161013,1600,2042.5,2045.3199,2031.5,2031.75
1161014,1600,2031.0,2035.0,2014.0,2027.75
1161017,1600,2033.0,2038.88,2028.88,2032.75
1161018,1600,2034.0,2037.0,2017.5,2020.5
1161019,1600,2028.0,2042.0,2023.6801,2041.5
1161020,1600,2039.0,2054.0,2038.191,2039.5
1161021,1600,2036.5,2052.8081,2035.3199,2047.5
1161024,1600,2044.0,2051.0,2035.5,2041.0
1161025,1600,2045.0,2071.0291,2014.334,2064.0
1161026,1600,2067.5,2067.5,2043.403,2044.75
1161027,1600,2049.0,2055.4199,1988.375,2055.0
1161028,1600,2052.5,2064.7109,2048.0,2059.5
1161031,1600,2064.0,2069.0,2057.0,2056.5
1161101,1600,2059.5,2081.832,2055.5,2081.75
1161102,1600,2084.0,2092.3201,2075.75,2092.0
1161103,1600,2077.0,2080.3201,2036.0,2060.5
1161104,1600,2055.0,2063.5,2049.5,2053.5
1161107,1600,2048.0,2049.9399,2036.9399,2037.25
1161108,1600,2038.5,2052.8201,2033.5,2034.0
1161109,1600,2082.0,2082.99,2033.08,2034.5
1161110,1600,2036.0,2049.5,1988.0,1991.5
1161111,1600,1974.0,2072.0,1922.5,1925.0
1161114,1600,1929.5,1939.96,1917.5,1927.75
1161115,1600,1936.5,1954.5,1936.5,1944.75
1161116,1600,1939.5,1947.04,1938.5,1943.0
1161117,1600,1944.0,1947.127,1936.92,1943.25
1161118,1600,1919.0,1945.5,1912.0,1934.25
1161121,1600,1940.5,1946.92,1913.84,1918.0
1161122,1600,1925.5,1931.153,1918.0229,1919.5
1161123,1600,1928.5,1933.5,1880.5,1884.75
1161124,1600,1882.5,1884.5,1875.0,1877.75
1161125,1600,1880.5,1891.7841,1872.5,1873.0
1161128,1600,1884.0,1894.05,1881.187,1890.25
1161129,1600,1895.0,1895.5,1866.126,1873.0
1161130,1600,1880.5,1885.42,1850.5,1851.25
1161201,1600,1839.5,1844.92,1809.5,1831.25
1161202,1600,1835.5,1841.0,1822.5,1826.25
1161205,1600,1821.5,1822.05,1794.96,1809.25
1161206,1600,1815.0,1819.5,1808.5,1817.75
1161207,1600,1823.0,1847.96,1823.0,1840.75
1161208,1600,1834.5,1840.5,1824.5,1838.25
1161209,1600,1834.5,1834.5,1820.0,1822.25
1161212,1600,1809.0,1813.0,1801.5,1806.75
1161213,1600,1808.0,1808.0,1791.5,1800.25
1161214,1600,1810.5,1814.42,1803.5,1805.5
1161215,1600,1790.0,1795.0,1777.75,1789.0
1161216,1600,1800.5,1802.101,1788.5,1801.5
1161219,1600,1800.0,1817.62,1798.0,1813.0
1161220,1600,1803.5,1812.525,1800.189,1800.0
1161221,1600,1811.0,1814.42,1803.04,1805.5
1161222,1600,1807.0,1815.772,1803.08,1814.5
1161223,1600,1820.0,1821.55,1814.08,1820.75
1161228,1600,1835.0,1840.42,1833.3979,1838.0
1161229,1600,1843.5,1864.0,1843.0,1864.0
1161230,1600,1860.5,1861.92,1856.5,1856.25
1170103,1600,1850.0,1866.38,1839.063,1866.5
1170104,1600,1867.0,1876.0,1866.0,1866.0
1170105,1600,1884.0,1887.5,1875.58,1877.25
1170106,1600,1872.0,1884.96,1870.96,1876.25
1170109,1600,1901.5,1919.46,1899.92,1916.0
1170110,1600,1922.0,1929.05,1916.5,1924.75
1170111,1600,1927.5,1934.5,1918.58,1930.5
1170112,1600,1930.0,1941.0,1928.0,1940.0
1170113,1600,1937.0,1943.0,1930.08,1931.5
1170116,1600,1970.5,1973.0,1961.0,1966.75
1170117,1600,1970.5,1979.0,1931.575,1934.75
1170118,1600,1937.0,1948.595,1936.0,1940.75
1170119,1600,1925.0,1927.92,1916.92,1922.5
1170120,1600,1929.0,1931.0,1920.62,1924.25
1170123,1600,1921.0,1924.38,1915.0,1921.5
1170124,1600,1916.5,1924.0,1908.455,1910.75
1170125,1600,1900.5,1900.5,1870.472,1874.5
1170126,1600,1867.5,1867.5,1858.194,1861.0
1170127,1600,1862.0,1871.5,1856.35,1869.75
1170130,1600,1870.0,1889.39,1868.5699,1886.5
1170131,1600,1887.0,1910.775,1887.0,1901.25
1170201,1600,1894.0,1899.575,1871.025,1876.5
1170202,1600,1890.5,1920.775,1888.0,1914.25
1170203,1600,1908.0,1924.85,1907.85,1923.5
1170206,1600,1931.5,1947.0,1929.225,1945.0
1170207,1600,1957.0,1963.009,1949.85,1948.25
1170208,1600,1945.0,1957.25,1944.5,1951.75
1170209,1600,1953.5,1953.5,1938.275,1940.5
1170210,1600,1930.5,1946.5,1929.0,1945.5
1170213,1600,1941.0,1941.0,1926.725,1928.0
1170214,1600,1929.0,1951.0,1929.0,1938.5
1170215,1600,1941.0,1949.0,1938.875,1943.5
1170216,1600,1949.5,1958.0,1947.65,1957.5
1170217,1600,1952.5,1976.5,1951.725,1965.5
1170220,1600,1958.5,1959.0,1953.0,1957.5
1170221,1600,1956.0,1961.734,1947.15,1953.75
1170222,1600,1950.0,1963.0,1946.0,1951.5
1170223,1600,1957.0,1968.5,1905.75,1961.0
1170224,1600,1969.0,1982.35,1969.0,1981.0
1170227,1600,1995.0,1998.0,1988.725,1996.5
1170228,1600,1989.5,1993.455,1983.15,1993.25
1170301,1600,1985.5,1992.15,1981.0,1990.5
1170302,1600,2000.0,2000.25,1987.0,1987.5
1170303,1600,1973.5,1983.5,1968.376,1969.75
1170306,1600,1979.0,1983.955,1975.0,1975.5
1170307,1600,1976.0,1981.0,1967.725,1968.0
1170308,1600,1963.0,1970.0,1954.15,1960.25
1170309,1600,1953.0,1956.5,1889.05,1950.75
1170310,1600,1938.5,1951.47,1936.5,1945.5
1170313,1600,1950.0,1952.5,1938.225,1943.5
1170314,1600,1951.5,1961.0,1949.97,1953.25
1170315,1600,1940.0,1944.97,1934.97,1936.0
1170316,1600,1970.0,1970.5,1957.5,1960.5
1170317,1600,1957.5,1963.0,1951.25,1956.0
1170320,1600,1957.0,1966.97,1955.5,1968.5
1170321,1600,1956.5,1964.5,1947.0,1964.0
1170322,1600,1971.0,1982.67,1968.3,1974.0
1170323,1600,1969.0,1975.5,1958.0,1957.5
1170324,1600,1962.5,1972.0,1959.97,1969.25
1170327,1600,1977.0,1977.0,1965.0,1965.0
1170328,1600,1965.0,1978.5,1961.0,1979.0
1170329,1600,1985.5,1991.5,1980.15,1987.0
1170330,1600,1986.0,1987.455,1896.625,1971.5
1170331,1600,1964.0,1971.0,1958.375,1961.0
1170403,1600,1961.0,1980.5,1957.3,1979.5
1170404,1600,1994.0,1999.0,1986.375,1989.0
1170405,1600,1990.0,1991.455,1965.5,1972.5
1170406,1600,1978.0,1983.797,1974.0,1973.75
1170407,1600,1998.0,2015.0,1996.725,2009.5
1170410,1600,1993.0,1994.775,1982.15,1986.75
1170411,1600,1996.0,2010.0,1991.0,2008.25
1170412,1600,2010.0,2014.0,2006.0,2009.25
1170413,1600,2017.5,2025.5,1932.75,2021.75
1170418,1600,2009.5,2024.74,1979.25,1988.25
1170419,1600,1974.5,1975.5,1958.3051,1968.5
1170420,1600,1967.5,1971.5,1961.1949,1968.5
1170421,1600,1967.0,1982.8051,1966.3051,1978.5
1170424,1600,1959.0,1965.37,1951.5,1964.0
1170425,1600,1958.0,1958.87,1944.5,1945.0
1170426,1600,1943.0,1946.0,1937.0,1938.25
1170427,1600,1933.5,1936.74,1929.0,1930.5
1170428,1600,1934.5,1934.5,1926.6949,1929.5
1170502,1600,1922.0,1929.0,1910.0,1913.25
1170503,1600,1913.0,1915.0,1899.87,1904.75
1170504,1600,1894.0,1894.74,1872.25,1876.25
1170505,1600,1877.5,1882.0,1865.5,1868.25
1170508,1600,1866.5,1877.5,1865.875,1870.5
1170509,1600,1871.0,1871.0,1853.0,1854.5
1170510,1600,1856.0,1865.0,1853.03,1858.5
1170511,1600,1862.0,1876.3051,1858.875,1872.75
1170512,1600,1877.5,1885.0,1867.25,1880.75
1170515,1600,1876.5,1885.545,1873.6949,1880.75
1170516,1600,1882.0,1889.375,1878.87,1887.75
1170517,1600,1896.5,1915.5,1891.0,1912.75
1170518,1600,1909.5,1914.5,1893.25,1900.0
1170519,1600,1898.0,1903.0,1891.5,1894.5
1170522,1600,1905.5,1909.0,1901.1949,1909.0
1170523,1600,1919.5,1919.5,1906.0,1906.0
1170524,1600,1900.0,1907.0,1896.6949,1906.75
1170525,1600,1909.0,1912.3051,1905.8051,1908.75
1170526,1600,1927.0,1952.87,1927.0,1952.75
1170530,1600,1946.5,1948.8051,1929.0,1934.0
1170531,1600,1939.5,1948.4,1932.0,1934.5
1170601,1600,1941.5,1943.8051,1929.5,1931.5
1170602,1600,1933.0,1954.87,1930.8051,1954.5
1170605,1600,1959.5,1960.87,1948.6949,1950.5
1170606,1600,1966.5,1979.0,1962.5,1978.5
1170607,1600,1972.5,1976.0,1963.1949,1964.5
1170608,1600,1953.5,1957.8051,1938.13,1939.75
1170609,1600,1974.0,1980.0,1957.6949,1960.5
1170612,1600,1956.5,1971.5,1956.5,1967.75
1170613,1600,1964.0,1964.87,1950.1949,1954.75
1170614,1600,1954.5,1969.74,1953.13,1966.0
1170615,1600,1950.0,1957.0,1932.0,1934.75
1170616,1600,1935.5,1938.8051,1931.0,1932.5
1170619,1600,1928.0,1928.0,1922.26,1930.25
1170620,1600,1926.0,1940.3051,1924.74,1940.5
1170621,1600,1945.0,1948.5,1926.6949,1937.5
1170622,1600,1946.0,1951.0,1943.0,1944.25
1170623,1600,1939.5,1948.0,1937.6949,1942.5
1170626,1600,1922.5,1926.0,1913.1949,1924.75
1170627,1600,1935.5,1936.87,1922.8051,1922.25
1170628,1600,1925.0,1925.87,1895.0,1904.25
1170629,1600,1901.0,1898.8051,1882.13,1888.0
1170630,1600,1882.5,1889.5,1882.0,1884.5
1170703,1600,1874.0,1877.37,1860.0,1859.0
1170704,1600,1862.5,1866.5,1862.5,1864.0
1170705,1600,1868.0,1869.37,1858.13,1863.0
1170706,1600,1865.0,1865.5,1860.3051,1858.5
1170707,1600,1857.0,1868.37,1849.87,1850.5
1170710,1600,1843.5,1859.5,1841.5,1856.0
1170711,1600,1849.5,1858.0,1844.5,1862.0
1170712,1600,1872.5,1872.5,1858.0,1864.5
1170713,1600,1861.0,1863.965,1854.5,1853.75
1170714,1600,1850.5,1864.0,1847.9301,1848.5
1170717,1600,1849.0,1861.0,1849.0,1861.5
1170718,1600,1860.5,1879.5,1856.0,1877.0
1170719,1600,1873.5,1879.0699,1870.5,1874.5
1170720,1600,1875.0,1888.9301,1874.0,1889.0
1170721,1600,1890.0,1897.5,1887.0699,1900.25
1170724,1600,1898.0,1902.0,1895.965,1898.75
1170725,1600,1895.5,1896.0,1883.5,1888.0
1170726,1600,1883.0,1886.5,1881.0,1881.5
1170727,1600,1891.5,1895.4301,1888.9091,1893.5
1170728,1600,1894.0,1905.5,1893.0,1905.5
1170731,1600,1904.0,1904.5,1895.5,1895.0
1170801,1600,1891.5,1895.5699,1885.465,1896.5
1170802,1600,1888.5,1892.4301,1883.5,1892.0
1170803,1600,1878.0,1902.0,1874.5,1900.5
1170804,1600,1901.0,1901.895,1898.5,1897.5
1170807,1600,1899.0,1903.5,1895.5,1902.5
1170808,1600,1902.0,1912.5,1902.0,1904.0
1170809,1600,1916.5,1935.0,1916.5,1929.0
1170810,1600,1941.0,1952.0,1938.0,1951.0
1170811,1600,1951.0,1957.0,1945.0699,1952.5
1170814,1600,1947.0,1948.9301,1941.0,1946.5
1170815,1600,1936.5,1949.5,1936.5,1947.0
1170816,1600,1944.0,1949.9301,1938.965,1948.5
1170817,1600,1970.0,1970.0,1959.5,1962.75
1170818,1600,1975.0,1985.9301,1973.965,1978.25
1170821,1600,1968.5,1975.0,1966.5,1969.0
1170822,1600,1968.0,1980.0,1962.5,1973.5
1170823,1600,1974.0,1984.0,1973.9301,1982.0
1170824,1600,1978.5,1981.5,1973.5,1979.5
1170825,1600,1978.0,1979.5699,1961.0,1973.5
1170829,1600,2007.5,2013.0,2002.224,2004.5
1170830,1600,1995.0,2000.0,1990.0,1993.5
1170831,1600,1990.5,2012.9399,1988.0,2013.5
1170901,1600,2009.0,2011.0,2003.0601,2006.0
1170904,1600,2032.0,2035.0,2025.5,2028.5
1170905,1600,2032.0,2032.4399,2017.0,2020.5
1170906,1600,2022.5,2025.0,2017.5,2017.0
1170907,1600,2019.0,2024.0601,2011.5,2023.5
1170908,1600,2029.0,2030.0,2003.13,2008.0
1170911,1600,1993.5,1998.4399,1987.0,1992.5
1170912,1600,1978.5,1979.0,1960.5,1967.0
1170913,1600,1968.5,1981.0,1966.4399,1968.5
1170914,1600,1969.0,1976.0,1944.5,1947.5
1170915,1600,1943.5,1948.97,1912.0,1915.5
1170918,1600,1909.5,1912.5,1899.5,1905.0
1170919,1600,1902.5,1910.5,1899.4399,1904.5
1170920,1600,1911.5,1911.97,1901.4399,1905.5
1170921,1600,1886.0,1893.0,1874.5,1876.75
1170922,1600,1880.0,1889.0,1875.5,1885.75
1170925,1600,1877.5,1903.0,1875.5601,1902.0
1170926,1600,1907.5,1910.9399,1902.0,1907.75
1170927,1600,1899.0,1900.4399,1886.0601,1887.75
1170928,1600,1884.0,1892.5,1879.0601,1880.5
1170929,1600,1890.0,1897.4399,1884.928,1886.0
1171002,1600,1877.0,1893.0,1876.4399,1889.5
1171003,1600,1886.5,1893.0,1881.5601,1891.0
1171004,1600,1892.5,1898.5,1888.5,1888.75
1171005,1600,1896.5,1913.5,1895.5601,1910.0
1171006,1600,1909.5,1919.0,1903.5,1919.0
1171009,1600,1924.0,1924.5,1913.5,1920.5
1171010,1600,1923.5,1929.5,1921.5601,1923.25
1171011,1600,1921.5,1926.5,1919.5,1919.5
1171012,1600,1923.0,1943.0,1923.0,1932.0
1171013,1600,1915.5,1925.4399,1912.5,1923.5
1171016,1600,1929.5,1936.4399,1928.0601,1933.0
1171017,1600,1914.0,1924.9399,1910.47,1917.5
1171018,1600,1914.0,1917.9399,1909.0,1911.0
1171019,1600,1908.5,1935.0,1908.5,1922.0
1171020,1600,1920.5,1924.47,1911.4399,1911.75
1171023,1600,1901.5,1908.0,1898.97,1901.0
1171024,1600,1907.5,1914.027,1905.03,1913.0
1171025,1600,1910.0,1911.4399,1888.0,1894.5
1171026,1600,1901.5,1905.9399,1898.0,1900.5
1171027,1600,1907.0,1910.0,1899.0,1906.25
1171030,1600,1899.5,1903.97,1895.0601,1903.0
1171031,1600,1901.0,1902.0,1882.0,1882.0
1171101,1600,1886.5,1897.0,1885.5,1895.5
1171102,1600,1895.5,1926.87,1892.5,1921.75
1171103,1600,1924.0,1924.5,1906.9399,1907.5
1171106,1600,1907.5,1914.0,1906.03,1914.0
1171107,1600,1910.5,1917.0,1908.46,1908.5
1171108,1600,1913.0,1932.0,1912.5,1932.0
1171109,1600,1921.5,1931.5,1921.5,1925.25
1171110,1600,1921.0,1924.0,1900.0,1903.5
1171113,1600,1919.0,1924.15,1916.65,1918.75
1171114,1600,1917.5,1922.5,1907.0,1918.5
1171115,1600,1917.0,1924.5,1910.5,1910.0
1171116,1600,1909.5,1910.5,1903.5,1908.0
1171117,1600,1905.0,1921.0,1903.6,1917.0
1171120,1600,1915.5,1921.0,1907.5,1907.5
1171121,1600,1899.5,1908.0,1899.5,1906.5
1171122,1600,1906.5,1912.0,1904.5,1911.25
1171123,1600,1906.0,1911.5,1904.5,1909.0
1171124,1600,1908.5,1909.5,1898.0,1898.0
1171127,1600,1906.5,1912.5,1903.5,1912.5
1171128,1600,1908.5,1925.5,1908.5,1924.0
1171129,1600,1899.0,1900.5,1879.5,1880.0
1171130,1600,1873.5,1875.5,1860.0,1860.5
1171201,1600,1854.0,1873.0,1853.5,1876.5
1171204,1600,1863.5,1868.5,1850.0,1861.5
1171205,1600,1872.0,1874.5,1848.5,1848.0
1171206,1600,1861.5,1864.5,1856.5,1856.5
1171207,1600,1850.5,1852.5,1837.0,1837.5
1171208,1600,1820.0,1835.5,1818.0,1835.0
1171211,1600,1837.0,1842.5,1835.0,1834.5
1171212,1600,1833.0,1836.5,1825.5,1827.0
1171213,1600,1832.5,1837.5,1827.5,1833.0
1171214,1600,1839.5,1841.0,1835.5,1836.5
1171215,1600,1840.0,1861.0,1839.0,1852.0
1171218,1600,1852.0,1856.0,1846.5,1855.0
1171219,1600,1856.0,1861.0,1856.0,1858.75
1171220,1600,1856.5,1858.5,1853.0,1856.0
1171221,1600,1862.5,1865.0,1859.5,1865.0
1171222,1600,1864.0,1867.0,1861.5,1865.5
1171227,1600,1884.5,1888.5,1882.5,1889.0
1171228,1600,1890.5,1894.0,1888.0,1894.0
1171229,1600,1890.5,1890.5,1887.5,1887.5
1180102,1600,1901.5,1907.0,1900.5,1901.0
1180103,1600,1902.0,1917.0,1901.5,1915.0
1180104,1600,1907.0,1914.5,1904.0,1915.0
1180105,1600,1913.0,1915.0,1908.0,1913.5
1180108,1600,1911.0,1917.5,1909.0,1909.0
1180109,1600,1912.5,1913.5,1905.5,1908.5
1180110,1600,1913.0,1922.5,1912.0,1918.0
1180111,1600,1922.0,1926.5,1918.5,1918.5
1180112,1600,1928.0,1928.0,1907.0,1912.5
1180115,1600,1917.0,1919.5,1909.0,1910.25
1180116,1600,1909.5,1909.5,1902.0,1905.75
1180117,1600,1907.5,1908.0,1898.5,1898.75
1180118,1600,1888.5,1890.0,1882.5,1883.0
1180119,1600,1888.0,1894.0,1886.5,1894.25
1180122,1600,1885.0,1887.0,1878.5,1878.5
1180123,1600,1883.0,1889.5,1874.5,1881.5
1180124,1600,1883.5,1884.5,1870.0,1871.0
1180125,1600,1878.0,1878.0,1866.5,1874.5
1180126,1600,1871.0,1880.5,1865.5,1880.0
1180129,1600,1875.5,1881.5,1873.5,1875.5
1180130,1600,1878.5,1878.5,1865.0,1867.0
1180131,1600,1861.5,1868.5,1855.0,1858.0
1180201,1600,1853.5,1858.5,1847.5,1853.75
1180202,1600,1860.5,1863.0,1851.0,1850.5
1180205,1600,1859.0,1875.5,1856.0,1874.0
1180206,1600,1886.0,1898.0,1875.0,1878.0
1180207,1600,1875.5,1881.0,1869.0,1869.5
1180208,1600,1858.5,1860.0,1840.0,1859.25
1180209,1600,1853.0,1876.5,1849.0,1872.5
1180212,1600,1879.5,1885.5,1871.0,1885.0
1180213,1600,1884.0,1885.5,1874.0,1878.5
1180214,1600,1885.0,1903.0,1882.0,1896.5
1180215,1600,1895.5,1899.0,1886.0,1888.75
1180216,1600,1891.5,1901.0,1891.5,1895.5
1180219,1600,1892.0,1896.5,1889.0,1892.25
1180220,1600,1887.0,1887.0,1876.5,1870.5
1180221,1600,1865.0,1878.5,1865.0,1873.5
1180222,1600,1872.5,1875.5,1870.0,1874.0
1180223,1600,1872.5,1873.0,1867.0,1868.5
1180226,1600,1876.0,1879.5,1872.5,1877.0
1180227,1600,1873.5,1879.0,1867.0,1864.5
1180228,1600,1864.5,1882.5,1864.5,1879.5
1180301,1600,1873.5,1875.5,1866.0,1871.5
1180302,1600,1876.5,1891.5,1876.5,1884.0
1180305,1600,1892.5,1894.0,1872.5,1874.5
1180306,1600,1879.5,1894.0,1876.5,1893.5
1180307,1600,1887.0,1890.5,1882.5,1873.5
1180308,1600,1879.0,1879.5,1873.0,1878.5
1180309,1600,1875.5,1879.5,1869.0,1873.5
1180312,1600,1872.0,1872.0,1865.0,1866.0
1180313,1600,1865.5,1868.0,1861.5,1864.5
1180314,1600,1866.0,1869.5,1862.0,1866.0
1180315,1600,1863.5,1866.5,1854.0,1857.5
1180316,1600,1857.0,1860.5,1851.5,1854.0
1180319,1600,1847.5,1848.0,1832.5,1846.0
1180320,1600,1838.0,1842.5,1837.0,1842.0
1180321,1600,1846.5,1852.0,1839.0,1850.0
1180322,1600,1849.5,1854.5,1844.0,1849.5
1180323,1600,1867.0,1874.5,1866.0,1874.5
1180326,1600,1867.0,1875.0,1863.0,1871.0
1180327,1600,1873.5,1878.5,1864.5,1864.5
1180328,1600,1862.5,1862.5,1853.5,1853.25
1180329,1600,1850.5,1854.0,1847.5,1852.25
1180403,1600,1874.0,1874.0,1859.5,1860.0
1180404,1600,1866.5,1886.5,1864.5,1864.0
1180405,1600,1854.0,1862.5,1853.0,1861.0
1180406,1600,1860.0,1864.0,1856.0,1859.0
1180409,1600,1856.0,1856.0,1850.5,1854.0
1180410,1600,1855.0,1858.5,1852.5,1855.5
1180411,1600,1859.5,1887.0,1859.5,1885.5
1180412,1600,1872.0,1872.5,1846.0,1846.5
1180413,1600,1843.0,1857.0,1839.0,1854.75
1180416,1600,1853.5,1854.0,1845.5,1850.5
1180417,1600,1843.0,1846.0,1835.5,1847.5
1180418,1600,1849.5,1870.5,1849.5,1867.0
1180419,1600,1873.0,1874.0,1859.0,1859.5
1180420,1600,1877.0,1879.5,1872.5,1875.5
1180423,1600,1870.0,1870.5,1864.5,1865.0
1180424,1600,1870.5,1871.5,1865.0,1869.5
1180425,1600,1864.0,1867.0,1860.5,1861.0
1180426,1600,1869.0,1869.0,1855.0,1858.5
1180427,1600,1860.5,1888.0,1860.5,1884.0
1180430,1600,1881.0,1885.0,1875.0,1875.75
1180501,1600,1873.5,1884.5,1872.5,1884.25
1180502,1600,1890.0,1890.0,1883.5,1887.0
1180503,1600,1892.0,1905.0,1889.0,1905.25
1180504,1600,1899.0,1908.5,1898.0,1905.0
1180508,1600,1901.5,1909.5,1901.0,1901.0
1180509,1600,1901.0,1905.0,1893.5,1901.5
1180510,1600,1902.5,1923.0,1900.5,1920.5
1180511,1600,1919.0,1923.0,1916.5,1916.75
1180514,1600,1913.0,1913.0,1906.0,1907.5
1180515,1600,1902.0,1902.5,1883.0,1883.0
1180516,1600,1887.0,1887.0,1876.5,1877.0
1180517,1600,1875.5,1878.0,1871.0,1874.0
1180518,1600,1875.5,1884.5,1874.5,1883.5
1180521,1600,1879.5,1887.5,1879.5,1887.5
1180522,1600,1886.5,1892.5,1885.5,1889.0
1180523,1600,1898.0,1914.5,1898.0,1902.5
1180524,1600,1907.0,1918.0,1899.5,1917.75
1180525,1600,1918.0,1924.5,1917.5,1924.5
1180529,1600,1917.5,1943.5,1914.0,1930.0
1180530,1600,1921.5,1928.0,1918.0,1926.0
1180531,1600,1926.5,1929.0,1919.0,1925.5
1180601,1600,1922.5,1923.0,1907.5,1909.25
1180604,1600,1899.5,1909.5,1898.0,1909.5
1180605,1600,1907.0,1907.0,1896.5,1906.0
1180606,1600,1900.5,1903.5,1894.0,1902.75
1180607,1600,1893.5,1906.5,1893.5,1899.0
1180608,1600,1896.0,1909.0,1896.0,1904.5
1180611,1600,1898.0,1911.0,1896.5,1910.75
1180612,1600,1910.0,1911.0,1900.0,1904.25
1180613,1600,1904.5,1909.5,1904.5,1907.25
1180614,1600,1910.0,1926.0,1905.0,1922.5
1180615,1600,1927.5,1928.5,1892.5,1891.5
1180618,1600,1897.5,1901.5,1895.0,1894.75
1180619,1600,1906.0,1908.5,1899.0,1900.25
1180620,1600,1902.0,1902.0,1896.5,1895.5
1180621,1600,1889.5,1892.5,1875.5,1879.25
1180622,1600,1877.5,1881.5,1872.5,1878.5
1180625,1600,1879.5,1884.0,1872.5,1875.25
1180626,1600,1870.5,1871.0,1863.5,1870.5
1180627,1600,1866.0,1875.5,1866.0,1873.0
1180628,1600,1878.5,1881.5,1875.0,1876.0
1180629,1600,1874.5,1874.5,1861.5,1862.75
1180702,1600,1862.5,1870.5,1862.0,1863.0
1180703,1600,1856.5,1872.0,1853.5,1871.25
1180704,1600,1873.5,1873.5,1865.5,1867.5
1180705,1600,1862.5,1870.0,1854.0,1870.0
1180706,1600,1863.5,1863.5,1858.0,1856.25
1180709,1600,1860.5,1871.0,1854.0,1870.5
1180710,1600,1862.5,1862.5,1851.5,1857.0
1180711,1600,1852.5,1855.0,1849.5,1850.0
1180712,1600,1849.5,1853.5,1848.5,1853.5
1180713,1600,1857.5,1859.0,1846.0,1846.0
1180716,1600,1844.5,1844.5,1837.495,1840.5
1180717,1600,1845.5,1850.5,1830.5,1831.5
1180718,1600,1837.5,1846.0,1835.0,1844.5
1180719,1600,1841.0,1841.0,1836.5,1840.0
1180720,1600,1846.0,1847.0,1841.0,1840.75
1180723,1600,1839.0,1840.0,1834.5,1835.0
1180724,1600,1832.0,1836.0,1832.0,1832.0
1180725,1600,1830.5,1839.0,1830.5,1836.0
1180726,1600,1829.5,1834.5,1828.5,1833.5
1180727,1600,1834.5,1835.0,1826.0,1833.5
1180730,1600,1827.5,1832.0,1826.0,1829.0
1180731,1600,1827.5,1833.0,1817.0,1831.75
1180801,1600,1828.5,1833.0,1821.5,1823.25
1180802,1600,1828.0,1830.5,1821.5,1829.5
1180803,1600,1821.0,1841.0,1821.0,1839.0
1180806,1600,1833.5,1838.5,1832.5,1836.0
1180807,1600,1836.5,1841.0,1835.0,1836.5
1180808,1600,1842.5,1850.0,1842.5,1843.75
1180809,1600,1850.0,1853.5,1849.0,1852.25
1180810,1600,1855.5,1873.5,1854.5,1864.75
1180813,1600,1861.0,1861.0,1839.0,1840.5
1180814,1600,1833.0,1844.0,1831.5,1845.0
1180815,1600,1835.5,1836.5,1825.0,1824.25
1180816,1600,1814.5,1826.0,1814.5,1820.5
1180817,1600,1811.5,1820.5,1811.5,1819.5
1180820,1600,1828.0,1832.0,1823.5,1825.5
1180821,1600,1829.0,1829.5,1815.0,1815.5
1180822,1600,1816.0,1825.5,1816.0,1817.25
1180823,1600,1815.0,1822.5,1809.5,1820.5
1180824,1600,1821.5,1844.0,1820.5,1843.25
1180828,1600,1845.0,1848.0,1839.5,1843.0
1180829,1600,1837.5,1838.5,1819.0,1819.0
1180830,1600,1813.5,1818.5,1809.5,1812.5
1180831,1600,1816.0,1823.0,1816.0,1817.25
1180903,1600,1828.5,1833.5,1828.5,1830.5
1180904,1600,1828.0,1831.0,1821.0,1824.0
1180905,1600,1827.0,1831.0,1811.5,1822.0
1180906,1600,1825.5,1831.0,1820.0,1821.0
1180907,1600,1821.5,1823.5,1808.0,1816.0
1180910,1600,1816.5,1816.5,1801.5,1804.0
1180911,1600,1798.5,1805.5,1795.0,1803.0
1180912,1600,1804.0,1812.5,1802.5,1812.0
1180913,1600,1817.0,1817.0,1804.0,1803.5
1180914,1600,1807.5,1807.5,1796.5,1796.5
1180917,1600,1794.5,1797.5,1791.0,1797.5
1180918,1600,1789.5,1795.5,1787.5,1790.5
1180919,1600,1796.5,1799.5,1789.5,1796.5
1180920,1600,1790.5,1790.5,1781.5,1784.75
1180921,1600,1796.5,1800.5,1790.0,1797.5
1180924,1600,1795.5,1798.5,1789.5,1794.5
1180925,1600,1798.5,1798.5,1791.0,1794.0
1180926,1600,1789.0,1789.5,1778.0,1779.5
1180927,1600,1787.5,1787.5,1771.0,1771.5
1180928,1600,1776.0,1794.0,1776.0,1794.5
1181001,1600,1789.5,1795.0,1781.5,1789.5
1181002,1600,1804.5,1825.5,1804.0,1825.5
1181003,1600,1817.5,1820.5,1812.0,1809.5
1181004,1600,1817.5,1817.5,1812.0,1812.0
1181005,1600,1803.5,1810.5,1801.0,1802.5
1181008,1600,1795.5,1798.5,1778.5,1780.5
1181009,1600,1785.5,1788.5,1778.5,1780.0
1181010,1600,1772.5,1773.0,1765.5,1768.0
1181011,1600,1776.0,1814.0,1776.0,1809.0
1181012,1600,1805.0,1819.0,1804.5,1820.0
1181015,1600,1833.0,1841.0,1828.0,1831.0
1181016,1600,1829.5,1831.5,1824.0,1825.5
1181017,1600,1822.0,1837.5,1822.0,1834.0
1181018,1600,1831.0,1843.5,1828.5,1842.0
1181019,1600,1849.0,1851.0,1846.0,1847.25
1181022,1600,1839.0,1851.0,1839.0,1846.0
1181023,1600,1863.0,1869.5,1860.5,1863.5
1181024,1600,1864.0,1871.5,1863.0,1869.75
1181025,1600,1874.0,1884.0,1872.5,1882.0
1181026,1600,1886.0,1901.0,1886.0,1898.0
1181029,1600,1883.5,1886.5,1877.5,1885.0
1181030,1600,1881.0,1888.0,1877.5,1886.5
1181031,1600,1874.0,1877.5,1864.5,1870.0
1181101,1600,1865.0,1869.5,1861.0,1864.25
1181102,1600,1860.0,1866.5,1859.0,1864.0
1181105,1600,1860.5,1862.0,1853.0,1855.5
1181106,1600,1850.0,1860.5,1840.0,1841.0
1181107,1600,1840.0,1842.5,1832.0,1832.0
1181108,1600,1833.5,1835.0,1828.5,1833.0
1181109,1600,1838.0,1842.0,1821.5,1827.0
1181112,1600,1839.5,1845.0,1830.5,1838.5
1181113,1600,1832.5,1832.5,1814.0,1813.0
1181114,1600,1815.0,1823.0,1811.0,1812.0
1181115,1600,1832.0,1867.0,1832.0,1865.0
1181116,1600,1864.0,1869.0,1861.5,1866.75
1181119,1600,1862.0,1870.0,1862.0,1867.5
1181120,1600,1868.0,1878.0,1865.5,1873.5
1181121,1600,1875.5,1885.5,1874.0,1883.5
1181122,1600,1883.5,1884.0,1870.0,1871.5
1181123,1600,1869.5,1874.0,1866.5,1874.75
1181126,1600,1878.5,1878.5,1869.0,1872.5
1181127,1600,1880.5,1885.0,1867.0,1867.75
1181128,1600,1867.5,1869.0,1859.5,1867.5
1181129,1600,1876.0,1885.5,1876.0,1880.25
1181130,1600,1880.0,1881.5,1874.5,1875.0
1181203,1600,1886.5,1903.5,1885.0,1900.5
1181204,1600,1906.0,1910.5,1895.5,1909.0
1181205,1600,1906.5,1907.0,1899.5,1904.25
1181206,1600,1905.5,1911.0,1900.5,1907.5
1181207,1600,1907.5,1920.5,1905.0,1918.25
1181210,1600,1924.0,1955.0,1922.0,1950.75
1181211,1600,1946.0,1949.5,1937.5,1947.0
1181212,1600,1950.0,1951.5,1930.5,1931.25
1181213,1600,1928.0,1930.5,1924.5,1930.0
1181214,1600,1926.0,1935.5,1926.0,1935.5
1181217,1600,1931.5,1935.0,1926.5,1935.25
1181218,1600,1935.0,1939.5,1929.0,1938.0
1181219,1600,1934.5,1951.0,1934.0,1947.5
1181220,1600,1936.0,1958.0,1936.0,1953.0
1181221,1600,1952.5,1956.5,1947.0,1949.5
1181224,1600,1964.5,1964.5,1955.0,1956.5
1181227,1600,1971.0,1981.5,1966.0,1976.5
1181228,1600,1985.5,1986.5,1975.0,1976.0
1181231,1600,1973.5,1976.0,1972.0,1969.75
1190102,1600,1978.5,2006.5,1978.5,2005.75
1190103,1600,2017.0,2021.5,2006.0,2007.0
1190104,1600,2008.5,2008.5,1978.5,1980.5
1190107,1600,1988.0,1990.5,1978.0,1980.75
1190108,1600,1972.5,1981.5,1969.0,1979.25
1190109,1600,1975.0,1985.5,1970.0,1983.0
1190110,1600,1992.5,1992.5,1979.5,1979.25
1190111,1600,1989.5,1989.5,1973.5,1972.25
1190114,1600,1976.0,1979.5,1963.5,1964.0
1190115,1600,1960.0,1982.5,1960.0,1981.0
1190116,1600,1967.0,1974.5,1961.0,1973.5
1190117,1600,1974.0,1974.0,1959.5,1959.5
1190118,1600,1953.5,1953.5,1946.0,1949.75
1190121,1600,1955.0,1955.5,1945.5,1946.5
1190122,1600,1954.0,1957.5,1938.0,1940.0
1190123,1600,1943.0,1947.0,1922.0,1928.25
1190124,1600,1924.5,1930.5,1923.5,1930.0
1190125,1600,1923.5,1937.0,1923.5,1935.75
1190128,1600,1939.5,1941.5,1936.5,1941.25
1190129,1600,1951.0,1957.0,1945.0,1954.0
1190130,1600,1972.0,1972.5,1964.5,1968.25
1190131,1600,1972.0,1982.5,1971.0,1973.0
1190201,1600,1975.0,1986.5,1973.5,1974.25
1190204,1600,1969.5,1974.5,1967.0,1974.0
1190205,1600,1973.0,1994.0,1973.0,1992.75
1190206,1600,1994.0,1994.0,1985.5,1988.0
1190207,1600,1982.0,1993.0,1979.0,1980.25
1190208,1600,1984.0,1989.5,1984.0,1992.25
1190211,1600,1978.0,1997.0,1978.0,1995.75
1190212,1600,1998.5,2004.0,1992.5,1992.5
1190213,1600,1994.0,2002.5,1988.0,2001.75
1190214,1600,1997.0,2013.0,1994.5,2012.25
1190215,1600,2013.5,2018.5,2007.5,2008.0
1190218,1600,2009.5,2014.0,2008.0,2012.0
1190219,1600,2013.0,2020.0,2011.5,2012.0
1190220,1600,2017.5,2026.0,2016.5,2016.5
1190221,1600,2015.0,2015.0,1999.0,2001.0
1190222,1600,1997.0,2006.0,1992.0,1997.75
1190225,1600,1994.5,1996.5,1991.0,1992.5
1190226,1600,1976.0,1977.0,1963.5,1962.5
1190227,1600,1960.0,1961.5,1945.5,1947.5
1190228,1600,1951.0,1955.0,1938.0,1939.75
1190301,1600,1936.5,1942.0,1930.5,1933.0
1190304,1600,1913.5,1916.0,1899.0,1914.75
1190305,1600,1913.0,1921.5,1909.5,1916.75
1190306,1600,1920.5,1920.5,1913.5,1919.25
1190307,1600,1912.5,1927.0,1912.5,1925.25
1190308,1600,1937.5,1956.0,1937.0,1954.25
1190311,1600,1953.0,1959.5,1934.5,1933.25
1190312,1600,1922.5,1952.0,1921.5,1945.5
1190313,1600,1947.5,1954.0,1940.0,1940.75
1190314,1600,1924.0,1926.5,1911.5,1913.75
1190315,1600,1933.5,1934.0,1922.5,1920.75
1190318,1600,1925.5,1937.5,1925.5,1933.0
1190319,1600,1928.5,1937.5,1928.5,1932.0
1190320,1600,1931.0,1949.5,1929.5,1931.25
1190321,1600,1963.5,1968.0,1956.5,1963.0
1190322,1600,1962.0,1968.0,1947.5,1949.5
1190325,1600,1960.0,1967.0,1953.0,1966.25
1190326,1600,1959.5,1959.5,1944.5,1949.5
1190327,1600,1956.0,1958.0,1944.0,1943.0
1190328,1600,1950.0,1952.0,1934.5,1934.5
1190329,1600,1940.0,1953.5,1933.0,1950.25
1190401,1600,1934.5,1939.5,1927.5,1930.75
1190402,1600,1934.0,1942.5,1931.0,1942.0
1190403,1600,1923.0,1927.5,1920.0,1924.0
1190404,1600,1922.5,1929.5,1921.0,1932.75
1190405,1600,1931.0,1947.0,1931.0,1946.25
1190408,1600,1949.0,1958.5,1947.0,1951.0
1190409,1600,1946.0,1960.5,1945.5,1960.0
1190410,1600,1956.5,1961.5,1951.0,1960.75
1190411,1600,1957.5,1957.5,1941.0,1941.5
1190412,1600,1940.0,1942.5,1932.0,1933.0
1190415,1600,1926.5,1927.5,1918.0,1926.5
1190416,1600,1925.5,1925.5,1912.0,1914.25
1190417,1600,1921.0,1921.5,1912.5,1915.0
1190418,1600,1911.5,1923.5,1911.5,1922.0
1190423,1600,1921.5,1923.5,1911.5,1923.0
1190424,1600,1925.5,1931.5,1925.5,1931.25
1190425,1600,1937.0,1948.0,1925.0,1943.25
1190426,1600,1946.5,1952.5,1942.0,1952.5
1190429,1600,1945.5,1946.5,1941.0,1941.5
1190430,1600,1942.0,1942.0,1925.5,1931.5
1190501,1600,1922.5,1925.0,1919.0,1921.5
1190502,1600,1910.5,1910.5,1905.0,1910.0
1190503,1600,1913.0,1924.0,1909.5,1910.25
1190507,1600,1913.5,1930.0,1913.5,1928.25
1190508,1600,1934.0,1946.0,1932.0,1930.5
1190509,1600,1931.5,1939.5,1931.5,1936.25
1190510,1600,1937.5,1937.5,1935.0,1936.5
1190513,1600,1932.5,1965.0,1931.5,1965.0
1190514,1600,1965.5,1978.0,1962.0,1965.0
1190515,1600,1965.5,1985.0,1965.5,1973.0
1190516,1600,1979.5,1983.0,1971.5,1970.0
1190517,1600,1973.5,1977.0,1965.5,1963.5
1190520,1600,1965.5,1969.0,1960.0,1966.75
1190521,1600,1967.0,1971.5,1950.0,1956.75
1190522,1600,1972.0,1976.0,1969.0,1976.25
1190523,1600,1980.0,1990.0,1979.5,1989.5
1190524,1600,1982.5,1987.5,1978.5,1984.0
1190528,1600,1983.5,1988.5,1974.0,1978.0
1190529,1600,1988.5,1991.5,1983.0,1989.5
1190530,1600,1981.5,1991.0,1980.0,2002.0
1190531,1600,2013.0,2026.0,2009.5,2019.75
1190603,1600,2034.0,2048.5,2034.0,2047.5
1190604,1600,2049.5,2057.0,2041.5,2041.5
1190605,1600,2059.0,2067.0,2048.0,2048.0
1190606,1600,2062.0,2066.5,2055.0,2062.0
1190607,1600,2053.0,2070.5,2053.0,2065.75
1190610,1600,2060.5,2060.5,2043.0,2052.75
1190611,1600,2049.0,2049.0,2036.5,2042.5
1190612,1600,2056.5,2058.0,2049.0,2055.25
1190613,1600,2067.5,2069.5,2062.0,2068.5
1190614,1600,2096.0,2099.0,2092.0,2098.25
1190617,1600,2081.0,2091.5,2075.5,2091.0
1190618,1600,2102.5,2117.5,2098.0,2104.0
1190619,1600,2097.0,2097.5,2084.0,2085.5
1190620,1600,2136.0,2141.0,2125.0,2137.0
1190621,1600,2149.0,2165.0,2135.0,2154.5
1190624,1600,2158.5,2174.5,2155.0,2181.5
1190625,1600,2193.0,2208.0,2192.5,2199.75
1190626,1600,2174.5,2182.0,2166.5,2179.5
1190627,1600,2168.0,2177.5,2160.0,2173.25
1190628,1600,2184.0,2187.0,2170.0,2175.25
1190701,1600,2153.0,2160.0,2139.0,2155.5
1190702,1600,2158.0,2179.0,2156.5,2178.0
1190703,1600,2224.0,2224.0,2200.5,2211.75
1190704,1600,2204.5,2207.5,2197.5,2204.0
1190705,1600,2203.0,2209.5,2177.0,2188.0
1190708,1600,2200.0,2202.0,2186.0,2189.0
1190709,1600,2188.0,2199.0,2180.0,2198.0
1190710,1600,2188.5,2209.0,2188.0,2207.75
1190711,1600,2225.0,2225.0,2202.5,2203.0
1190712,1600,2203.0,2205.0,2194.0,2200.0
1190715,1600,2203.0,2212.0,2203.0,2210.0
1190716,1600,2216.0,2231.5,2216.0,2225.75
1190717,1600,2222.5,2242.0,2212.5,2243.0
1190718,1600,2237.5,2237.5,2226.0,2235.5
1190719,1600,2250.0,2255.0,2235.0,2239.0
1190722,1600,2235.0,2242.0,2233.5,2238.5
1190723,1600,2237.5,2247.0,2231.0,2237.75
1190724,1600,2238.0,2244.0,2231.5,2232.0
1190725,1600,2239.0,2248.5,2220.5,2227.0
1190726,1600,2236.0,2248.0,2232.5,2245.0
1190729,1600,2266.0,2278.0,2248.104,2273.75
1190730,1600,2298.0,2304.24,2293.2581,2302.5
1190731,1600,2308.5,2308.5,2283.0,2288.75
1190801,1600,2270.5,2289.0,2265.0,2287.0
1190802,1600,2320.0,2340.0,2310.0,2333.75
1190805,1600,2356.5,2367.0,2348.0,2355.5
1190806,1600,2358.5,2374.0,2347.0,2374.25
1190807,1600,2394.5,2432.5,2392.884,2426.0
1190808,1600,2412.5,2422.0,2408.0,2415.0
1190809,1600,2428.0,2441.0,2424.5,2440.5
1190812,1600,2440.5,2447.0,2416.5,2443.5
1190813,1600,2475.0,2490.925,2399.0,2440.5
1190814,1600,2434.0,2466.5,2431.915,2460.0
1190815,1600,2465.0,2465.0,2439.0,2453.25
1190816,1600,2465.0,2465.0,2427.0,2433.75
1190819,1600,2428.0,2436.5,2415.0,2422.0
1190820,1600,2438.0,2447.0,2421.0,2422.0
1190821,1600,2421.5,2431.2429,2415.2109,2425.5
1190822,1600,2426.5,2428.0,2394.8999,2400.75
1190823,1600,2401.0,2439.8291,2396.01,2435.0
1190827,1600,2457.5,2460.5,2435.5,2459.0
1190828,1600,2456.0,2482.8569,2455.0,2459.5
1190829,1600,2490.0,2490.0,2463.5,2468.5
1190830,1600,2460.5,2463.0,2448.1851,2459.75
1190902,1600,2454.5,2483.0,2451.5769,2477.0
1190903,1600,2493.5,2520.0,2484.5,2507.0
1190904,1600,2482.0,2488.0,2464.009,2484.25
1190905,1600,2480.5,2484.0,2399.6079,2414.0
1190906,1600,2402.0,2425.5359,2392.5,2420.0
1190909,1600,2409.0,2411.7839,2377.5,2378.0
1190910,1600,2361.0,2379.0291,2360.0,2373.5
1190911,1600,2367.5,2376.0,2359.0,2374.75
1190912,1600,2382.5,2424.3359,2381.4541,2391.5
1190913,1600,2377.5,2378.79,2346.7439,2349.25
1190916,1600,2366.0,2373.5,2355.1311,2368.25
1190917,1600,2356.5,2369.5,2355.0,2358.25
1190918,1600,2370.5,2370.5,2354.0,2367.0
1190919,1600,2350.0,2361.094,2345.0,2350.0
1190920,1600,2343.0,2362.0,2343.0,2355.5
1190923,1600,2381.0,2402.98,2376.0,2399.5
1190924,1600,2396.0,2401.1899,2378.9131,2397.5
1190925,1600,2400.5,2419.5,2394.0,2398.0
1190926,1600,2386.0,2399.3,2382.0,2392.25
1190927,1600,2383.5,2392.0,2364.3821,2372.5
1190930,1600,2375.0,2377.1699,2340.0,2341.0
1191001,1600,2335.5,2377.5,2323.5,2370.0
1191002,1600,2358.0,2389.0,2356.8879,2386.25
1191003,1600,2390.0,2397.5,2373.5,2383.75
1191004,1600,2393.0,2415.0,2383.0,2396.0
1191007,1600,2395.5,2397.5,2378.4819,2386.0
1191008,1600,2379.0,2419.0,2377.9399,2412.5
1191009,1600,2418.0,2420.0,2402.5,2417.0
1191010,1600,2412.0,2417.5,2374.7759,2375.0
1191011,1600,2359.0,2363.0,2279.5,2283.5
1191014,1600,2316.5,2362.5,2279.5,2320.5
1191015,1600,2306.5,2321.5,2266.0,2275.5
1191016,1600,2273.5,2296.0,2257.0,2269.75
1191017,1600,2284.5,2286.5,2240.0,2274.0
1191018,1600,2268.0,2270.0,2256.0,2268.5
1191021,1600,2259.0,2260.5,2239.0,2238.5
1191022,1600,2243.0,2254.0,2243.0,2244.75
1191023,1600,2270.0,2277.0,2264.4141,2270.5
1191024,1600,2254.0,2293.0,2253.4871,2289.0
1191025,1600,2295.5,2315.0,2292.0649,2299.75
1191028,1600,2293.0,2315.0,2267.5,2270.0
1191029,1600,2279.0,2282.429,2257.5,2262.5
1191030,1600,2260.0,2274.0,2259.0,2273.0
1191031,1600,2270.0,2292.0,2268.0,2288.5
1191101,1600,2284.5,2286.8999,2278.02,2285.0
1191104,1600,2288.0,2294.5,2282.0,2282.0
1191105,1600,2288.0,2288.0,2255.0,2256.25
1191106,1600,2259.0,2265.5,2255.5,2265.25
1191107,1600,2265.0,2270.5,2237.0,2237.0
1191108,1600,2248.5,2249.0669,2225.0,2246.25
1191111,1600,2240.5,2241.0,2202.5,2214.5
1191112,1600,2213.5,2220.332,2206.0601,2212.5
1191113,1600,2225.0,2237.0,2223.5,2229.75
1191114,1600,2250.0,2250.0,2231.5,2237.5
1191115,1600,2225.5,2232.5,2221.0,2225.0
1191118,1600,2213.5,2223.4419,2198.9819,2221.75
1191119,1600,2221.0,2230.5,2215.5,2230.0
1191120,1600,2239.5,2243.1609,2224.05,2224.5
1191121,1600,2224.0,2231.0,2214.6621,2228.0
1191122,1600,2223.0,2239.5,2219.0,2235.5
1191125,1600,2218.5,2219.1011,2210.0,2211.0
1191126,1600,2211.5,2227.0,2211.5,2225.25
1191127,1600,2223.5,2225.0,2207.0,2207.25
1191128,1600,2203.5,2208.5,2202.0,2208.0
1191129,1600,2210.0,2215.5,2208.0,2214.5
1191202,1600,2211.5,2218.0,2204.5,2214.5
1191203,1600,2209.0,2230.0,2205.0,2229.0
1191204,1600,2235.5,2235.5,2197.0,2201.75
1191205,1600,2196.0,2203.5,2195.1121,2200.25
1191206,1600,2192.5,2205.0,2178.0,2178.0
1191209,1600,2175.5,2181.0,2172.5,2174.5
1191210,1600,2178.0,2182.448,2173.0,2174.5
1191211,1600,2187.0,2196.0,2178.5,2187.0
1191212,1600,2181.5,2212.0,2181.2051,2188.25
1191213,1600,2145.0,2167.875,2143.48,2165.75
1191216,1600,2158.5,2173.5,2155.5,2164.5
1191217,1600,2180.0,2200.5,2179.0,2200.0
1191218,1600,2211.0,2211.5,2203.5,2209.0
1191219,1600,2204.0,2224.0,2199.0,2222.0
1191220,1600,2222.5,2223.0,2215.5,2216.25
1191223,1600,2228.0,2251.0,2228.0,2249.5
1191224,1600,2255.0,2263.5,2252.0,2253.0
1191227,1600,2248.0,2272.71,2248.0,2264.5
1191230,1600,2259.5,2261.5,2253.0,2257.75
1191231,1600,2271.0,2274.0,2255.0,2258.0
1200102,1600,2250.0,2275.0161,2247.0,2271.25
1200103,1600,2307.0,2325.0,2302.0,2316.0
1200106,1600,2352.0,2357.5,2323.0,2323.0
1200107,1600,2338.5,2349.5,2320.0,2341.0
1200108,1600,2365.0,2365.0,2341.0,2343.0
1200109,1600,2307.0,2334.5,2307.0,2322.5
1200110,1600,2325.5,2338.0,2316.0,2337.5
1200113,1600,2338.0,2345.0,2316.5,2338.25
1200114,1600,2327.0,2332.0,2319.0,2321.25
1200115,1600,2335.0,2340.5,2327.0,2330.0
1200116,1600,2332.0,2334.0,2319.0,2322.5
1200117,1600,2327.0,2342.0,2319.0,2339.0
1200120,1600,2354.0,2355.0,2346.0,2349.5
1200121,1600,2345.0,2350.623,2319.2109,2334.0
1200122,1600,2330.5,2336.5,2314.5,2319.5
1200123,1600,2313.0,2338.5,2313.0,2338.0
1200124,1600,2324.0,2356.99,2319.0,2354.0
1200127,1600,2361.5,2375.0,2358.5,2371.0
1200128,1600,2371.5,2378.4121,2362.0,2365.0
1200129,1600,2360.5,2368.5,2356.0,2362.75
1200130,1600,2381.0,2386.0,2352.0,2364.0
1200131,1600,2350.0,2362.4761,2347.5,2356.25
1200203,1600,2347.5,2372.0,2344.5,2372.5
1200204,1600,2376.0,2377.5,2329.0,2333.0
1200205,1600,2342.5,2349.0,2319.0,2348.5
1200206,1600,2349.5,2367.0,2346.0,2366.0
1200207,1600,2369.5,2380.0,2365.0,2373.5
1200210,1600,2389.5,2392.0,2376.0,2384.25
1200211,1600,2376.0,2380.0,2361.0,2367.0
1200212,1600,2363.0,2380.0,2356.595,2366.0
1200213,1600,2376.0,2379.0,2360.0,2361.0
1200214,1600,2361.5,2379.0811,2360.0,2375.0
1200217,1600,2372.0,2381.0,2369.0,2378.5
1200218,1600,2391.5,2410.0,2381.0,2410.5
1200219,1600,2415.5,2432.5,2414.0,2425.5
1200220,1600,2448.5,2465.0,2437.0,2464.25
1200221,1600,2478.0,2495.0,2470.5,2474.0
1200224,1600,2533.0,2562.0,2525.0,2529.0
1200225,1600,2479.5,2497.5,2335.3091,2479.0
1200226,1600,2479.0,2498.4851,2459.0,2480.0
1200227,1600,2496.5,2519.0,2488.0,2511.0
1200228,1600,2475.0,2493.0,2403.5,2432.25
1200302,1600,2441.5,2469.0,2437.0,2441.0
1200303,1600,2438.5,2506.9409,2435.0,2502.0
1200304,1600,2504.0,2517.0,2500.0,2506.0
1200305,1600,2488.5,2516.0,2487.0,2511.0
1200306,1600,2520.0,2549.0,2474.947,2506.0
1200309,1600,2496.0,2517.0,2470.0,2488.5
1200310,1600,2489.0,2506.0,2478.0,2499.0
1200311,1600,2521.0,2528.0,2495.5,2506.0
1200312,1600,2503.0,2525.0,2432.0,2462.0
1200313,1600,2477.0,2507.0,2390.5,2405.0
1200316,1600,2433.5,2455.5,2314.5,2401.75
1200317,1600,2383.0,2520.0,2359.5,2489.0
1200318,1600,2435.5,2515.6399,2412.5,2484.0
1200319,1600,2524.0,2530.0,2456.0,2479.0
1200320,1600,2501.0,2522.0,2456.5,2480.0
1200323,1600,2497.0,2646.6399,2497.0,2633.0
1200324,1600,2660.0,2724.5569,2580.0,2713.0
1200325,1600,2672.0,2719.0,2584.428,2685.0
1200326,1600,2635.0,2698.0,2617.55,2627.0
1200327,1600,2604.0,2624.0,2552.1841,2560.0
1200330,1600,2561.0,2624.0,2546.0,2552.0
1200331,1600,2573.0,2624.0,2524.0,2534.0
1200401,1600,2519.0,2550.0,2477.365,2504.5
1200402,1600,2513.0,2565.532,2494.1221,2546.0
1200403,1600,2546.0,2604.0,2546.0,2582.0
1200406,1600,2593.0,2636.8101,2586.0,2625.0
1200407,1600,2651.0,2667.9031,2602.0,2626.0
1200408,1600,2620.0,2633.0,2596.04,2600.0
1200409,1600,2617.0,2646.0,2610.0,2636.0
1200414,1600,2650.0,2719.0,2650.0,2692.0
1200415,1600,2668.0,2716.78,2662.728,2684.0
1200416,1600,2696.0,2733.718,2681.0,2715.0
1200417,1600,2670.0,2680.0,2637.0,2650.0
1200420,1600,2638.0,2664.98,2618.2,2660.0
1200421,1600,2670.0,2691.0,2634.0,2670.0
1200422,1600,2678.0,2719.0,2676.7,2710.0
1200423,1600,2725.0,2756.0,2715.0,2737.0
1200424,1600,2749.0,2753.0,2718.0,2718.0
1200427,1600,2696.0,2718.9629,2689.0,2696.0
1200428,1600,2687.0,2737.0,2658.0,2678.0
1200429,1600,2684.0,2699.0,2669.0,2681.0
1200430,1600,2697.0,2707.0,2643.0,2645.0
1200501,1600,2620.0,2647.0,2580.0,2645.5
1200504,1600,2677.0,2696.0,2645.0,2683.0
1200505,1600,2670.0,2688.0,2655.272,2669.5
1200506,1600,2680.0,2696.6221,2663.0,2673.0
1200507,1600,2665.0,2711.0,2660.4399,2704.5
1200511,1600,2687.0,2716.0,2679.0,2692.0
1200512,1600,2696.0,2719.0,2679.0,2716.0
1200513,1600,2711.0,2748.0,2703.0,2744.0
1200514,1600,2756.0,2782.0,2744.0,2782.0
1200515,1600,2784.0,2819.0,2772.0,2813.0
1200518,1600,2848.0,2863.0,2757.0,2779.0
1200519,1600,2763.0,2790.79,2755.1021,2780.5
1200520,1600,2800.0,2804.0,2779.0,2789.0
1200521,1600,2776.0,2800.0,2735.0,2753.0
1200522,1600,2783.0,2798.0,2760.0,2782.0
1200526,1600,2762.0,2764.155,2705.0,2716.0
1200527,1600,2710.0,2729.0,2687.032,2721.0
1200528,1600,2740.0,2755.6079,2729.0,2733.0
1200529,1600,2727.0,2758.0,2722.0,2746.0
1200601,1600,2751.0,2754.0,2718.0,2727.0
1200602,1600,2713.0,2728.0,2702.0,2704.0
1200603,1600,2675.0,2685.0,2625.0,2632.5
1200604,1600,2654.0,2682.9919,2645.4041,2661.0
1200605,1600,2642.0,2657.0,2570.0,2580.0
1200608,1600,2610.0,2631.0,2599.0,2607.0
1200609,1600,2610.0,2655.958,2606.5271,2637.0
1200610,1600,2633.0,2649.0,2615.0,2630.5
1200611,1600,2674.0,2700.0,2625.0,2696.0
1200612,1600,2693.0,2713.0,2676.0,2702.0
1200615,1600,2717.02,2700.0,2654.0,2682.0
1200616,1600,2671.0,2704.0,2654.0,2684.0
1200617,1600,2689.0,2695.0,2668.0,2695.0
1200618,1600,2690.0,2716.0,2686.0,2710.5
1200619,1600,2719.0,2773.0,2717.0,2754.5
1200622,1600,2763.0,2774.0,2746.0,2763.5
1200623,1600,2744.0,2767.0,2737.0,2756.0
1200624,1600,2766.0,2795.0,2758.0,2779.0
1200625,1600,2782.0,2793.2019,2764.0,2772.0
1200626,1600,2775.0,2800.0,2766.0,2797.0
1200629,1600,2798.0,2831.0,2795.0,2823.0
1200630,1600,2825.0,2828.0,2802.0,2810.0
1200701,1600,2818.0,2827.0,2760.0,2765.5
1200702,1600,2767.0,2796.0,2751.0,2787.0
1200703,1600,2783.0,2795.5801,2780.0,2785.0
1200706,1600,2778.0,2795.0,2775.084,2794.0
1200707,1600,2793.0,2806.656,2772.0,2787.5
1200708,1600,2796.0,2829.0,2790.042,2812.0
1200709,1600,2804.0,2820.0,2787.0,2792.5
1200710,1600,2791.0,2809.0,2780.0,2780.0
1200713,1600,2792.0,2819.0,2787.0,2799.5
1200714,1600,2809.0,2837.0,2798.0,2820.5
1200715,1600,2805.0,2813.0,2789.0,2806.0
1200716,1600,2817.0,2819.0,2799.0,2799.5
1200717,1600,2804.0,2825.0,2800.0,2822.5
1200720,1600,2820.0,2822.0,2803.1951,2806.0
1200721,1600,2807.0,2838.0,2801.0,2824.0
1200722,1600,2861.0,2885.0,2845.0,2861.0
1200723,1600,2876.0,2918.0,2875.0,2904.0
1200724,1600,2897.0,2927.0,2895.0,2905.0
1200727,1600,2948.0,2970.0,2925.0,2941.0
1200728,1600,2949.0,2954.0,2902.0,2953.0
1200729,1600,2959.0,2970.0,2923.0,2950.0
1200730,1600,2955.0,2955.0,2904.0,2920.0
1200731,1600,2942.0,2951.0,2917.0,2937.5
1200803,1600,2949.0,2965.0,2941.0,2954.0
1200804,1600,2952.0,2990.0,2947.0,2986.0
1200805,1600,3032.0,3057.0,3022.0,3043.5
1200806,1600,3048.0,3077.0,3035.0,3056.0
1200807,1600,3066.0,3081.0,3026.0,3045.0
1200810,1600,3040.0,3059.0,3034.8799,3037.5
1200811,1600,2993.0,3002.0,2889.0,2905.0
1200812,1600,2872.0,2918.0,2868.0,2909.0
1200813,1600,2891.0,2912.0,2865.0,2911.0
1200814,1600,2908.0,2921.0,2895.0,2901.0
1200817,1600,2912.0,2968.0,2905.0,2962.0
1200818,1600,2976.0,2986.0,2924.0,2955.5
1200819,1600,2932.0,2952.0,2894.0,2906.0
1200820,1600,2905.0,2920.0,2866.0,2893.0
1200821,1600,2879.0,2910.0,2849.0,2900.5
1200824,1600,2887.0,2918.0,2854.0,2885.5
1200825,1600,2884.0,2891.0,2852.0,2857.0
1200826,1600,2852.0,2884.0,2830.0,2880.0
1200827,1600,2874.0,2914.0,2834.0,2844.0
1200828,1600,2867.0,2890.0,2863.0,2882.5
1200901,1600,2899.0,2903.0,2852.0,2875.0
1200902,1600,2874.0,2890.0,2849.0,2850.5
1200903,1600,2841.0,2861.0,2835.0,2838.0
1200904,1600,2852.0,2863.0,2835.0,2844.0
1200907,1600,2858.0,2871.0,2851.0,2867.0
1200908,1600,2873.0,2893.0,2861.0,2891.5
1200909,1600,2913.0,2940.0,2904.0,2924.0
1200910,1600,2921.0,2978.0,2918.0,2975.0
1200911,1600,2964.0,2989.0,2950.0,2981.0
1200914,1600,2964.0,2977.0,2946.0,2974.0
1200915,1600,2983.0,2989.0,2956.0,2966.5
1200916,1600,2972.0,2982.0,2946.0,2961.5
1200917,1600,2933.0,2953.0,2922.0,2937.0
1200918,1600,2946.0,2958.0,2935.75,2947.5
1200921,1600,2943.0,2956.0,2875.0,2892.0
1200922,1600,2914.0,2933.0,2896.0,2918.0
1200923,1600,2895.0,2909.0,2854.75,2861.5
1200924,1600,2852.0,2867.0,2835.0,2865.5
1200925,1600,2866.0,2878.0,2847.0,2868.0
1200928,1600,2845.0,2850.0,2812.0,2845.5
1200929,1600,2864.0,2879.0,2852.25,2877.0
1200930,1600,2876.0,2887.0,2851.0,2871.0
1201001,1600,2867.0,2900.0,2860.0,2895.0
1201002,1600,2905.0,2909.0,2870.0,2881.0
1201005,1600,2865.0,2892.0,2853.04,2884.0
1201006,1600,2875.0,2900.0,2870.0,2883.0
1201007,1600,2867.0,2879.0,2849.0,2857.0
1201008,1600,2858.0,2875.0,2848.0,2855.5
1201009,1600,2877.0,2912.0,2874.0,2894.5
1201012,1600,2886.0,2894.0,2870.0,2873.0
1201013,1600,2869.0,2887.0,2841.0,2847.5
1201014,1600,2876.0,2878.0,2854.0,2866.0
1201015,1600,2852.0,2880.0,2850.0,2879.0
1201016,1600,2882.0,2900.0,2870.0,2873.0
1201019,1600,2881.0,2882.0,2861.0,2868.0
1201020,1600,2870.0,2885.0,2860.0,2881.0
1201021,1600,2883.0,2894.0,2855.0,2863.0
1201022,1600,2852.0,2863.0,2832.0,2838.0
1201023,1600,2854.0,2860.0,2840.0,2844.0
1201026,1600,2854.0,2865.0,2836.0,2860.0
1201027,1600,2858.0,2860.0,2841.0,2855.0
1201028,1600,2859.0,2865.0,2814.0,2836.0
1201029,1600,2827.0,2836.0,2811.0,2827.0
1201030,1600,2833.0,2844.0,2822.0,2836.0
1201102,1600,2854.0,2868.0,2851.0,2868.5
1201103,1600,2853.0,2865.0,2837.8169,2848.0
1201104,1600,2853.0,2877.0,2837.0,2862.5
1201105,1600,2866.0,2911.0,2866.0,2898.0
1201106,1600,2895.0,2914.0,2891.0,2896.5
1201109,1600,2903.0,2916.0,2750.0,2757.0
1201110,1600,2797.0,2865.4089,2756.0,2783.0
1201111,1600,2762.0,2772.0,2739.0,2759.0
1201112,1600,2773.0,2800.0,2761.0,2792.0
1201113,1600,2790.0,2812.0,2784.0,2806.5
1201116,1600,2795.0,2810.0,2761.0,2801.5
1201117,1600,2794.0,2797.0,2779.0,2781.5
1201118,1600,2771.0,2772.0,2744.0,2762.5
1201119,1600,2750.0,2756.0,2739.0,2747.0
1201120,1600,2750.0,2763.0,2744.0,2752.0
1201123,1600,2749.0,2749.0,2690.0,2694.0
1201124,1600,2677.0,2772.0891,2635.0,2640.0
1201125,1600,2644.0,2659.0,2642.0,2643.5
1201126,1600,2653.0,2659.0,2648.0,2651.5
1201127,1600,2645.0,2652.0,2598.0,2617.5
1201130,1600,2608.0,2608.0,2585.0,2606.0
1201201,1600,2614.0,2655.0,2612.0,2631.0
1201202,1600,2652.0,2680.0,2650.0,2677.0
1201203,1600,2685.0,2696.0,2644.0,2648.5
1201204,1600,2672.0,2679.0,2653.0,2658.0
1201207,1600,2686.0,2740.0,2685.0,2729.5
1201208,1600,2730.0,2746.0,2650.854,2734.5
1201209,1600,2716.0,2717.0,2673.0,2697.0
1201210,1600,2697.0,2717.0,2686.0,2698.0
1201211,1600,2697.0,2731.0,2697.0,2725.5
1201214,1600,2677.0,2686.0,2640.0,2679.0
1201215,1600,2701.0,2713.283,2682.0,2687.0
1201216,1600,2687.0,2698.0,2669.0,2688.5
1201217,1600,2698.0,2728.0,2691.0,2712.5
1201218,1600,2720.0,2733.0,2712.0,2728.0
1201221,1600,2784.0,2799.0,2745.0,2755.0
1201222,1600,2720.0,2746.0,2691.8291,2734.5
1201223,1600,2714.0,2726.0,2694.0,2708.5
1201224,1600,2701.0,2706.0,2685.0,2694.5
1201229,1600,2720.0,2743.885,2713.0,2725.0
1201230,1600,2711.0,2714.0,2694.0,2711.0
1201231,1600,2710.0,2713.0,2701.0,2708.0
1210104,1600,2749.0,2797.0,2747.0,2793.0
1210105,1600,2793.0,2809.0,2712.1741,2794.5
1210106,1600,2787.0,2804.0,2737.0,2741.0
1210107,1600,2763.0,2766.0,2746.0,2756.0
1210108,1600,2741.0,2741.0,2667.0,2674.5
1210111,1600,2676.0,2684.0,2654.0,2674.0
1210112,1600,2680.0,2758.4761,2640.0,2643.0
1210113,1600,2650.0,2665.0,2641.0,2661.0
1210114,1600,2635.0,2650.0,2629.0,2637.0
1210115,1600,2650.0,2658.0,2622.0,2626.5
1210118,1600,2645.0,2650.0,2638.0,2646.0
1210119,1600,2639.0,2659.553,2630.0,2642.0
1210120,1600,2650.0,2675.0,2620.0,2668.0
1210121,1600,2661.0,2666.0,2648.0,2653.5
1210122,1600,2658.0,2662.0,2630.0,2650.0
1210125,1600,2637.0,2664.0,2637.0,2649.5
1210126,1600,2656.0,2663.0,2633.0,2638.0
1210127,1600,2630.0,2637.0,2618.0,2636.0
1210128,1600,2626.0,2655.0,2624.0,2642.0
1210129,1600,2630.0,2665.0,2630.0,2645.0
1210201,1600,2648.0,2667.0,2642.0,2657.0
1210202,1600,2637.0,2644.853,2617.0,2628.0
1210203,1600,2624.0,2637.0,2619.0,2628.0
1210204,1600,2624.0,2624.0,2547.0,2558.0
1210205,1600,2568.0,2582.0,2558.0,2575.0
1210208,1600,2582.0,2616.0,2576.0,2609.0
1210209,1600,2612.0,2620.0,2598.0,2605.0
1210210,1600,2607.0,2615.0,2590.0,2593.0
1210211,1600,2601.0,2606.0,2595.0,2597.0
1210212,1600,2574.0,2581.0,2563.0,2577.5
1210215,1600,2553.0,2563.0,2551.0,2554.0
1210216,1600,2556.0,2598.0859,2518.0,2533.0
1210217,1600,2520.0,2524.0,2497.0,2502.0
1210218,1600,2511.0,2511.0,2479.0,2484.5
1210219,1600,2476.5,2494.0,2465.0,2488.0
1210222,1600,2504.0,2517.0,2497.0,2516.0
1210223,1600,2507.0,2525.8811,2495.0,2499.0
1210224,1600,2488.0,2503.0,2470.0,2494.0
1210225,1600,2476.0,2476.0,2445.0,2459.5
1210226,1600,2469.0,2480.5,2410.0,2415.5
1210301,1600,2453.0,2454.5,2430.0,2431.0
1210302,1600,2417.5,2503.3159,2414.5,2419.5
1210303,1600,2420.5,2422.0,2387.0,2404.75
1210304,1600,2403.5,2409.5,2392.0,2396.0
1210305,1600,2386.5,2405.5,2385.5,2398.5
1210308,1600,2400.5,2400.5,2370.0,2374.5
1210309,1600,2388.0,2431.646,2388.0,2411.5
1210310,1600,2412.0,2420.0,2404.0,2413.0
1210311,1600,2433.0,2436.0,2407.0,2409.5
1210312,1600,2396.0,2405.0,2385.0,2405.25
1210315,1600,2418.0,2434.0,2417.0,2430.0
1210316,1600,2442.5,2450.0,2403.543,2431.5
1210317,1600,2434.5,2439.5,2422.0,2431.5
1210318,1600,2433.0,2433.5,2415.0,2428.5
1210319,1600,2438.5,2452.5,2433.0,2449.5
1210322,1600,2437.5,2452.5,2434.5,2449.5
1210323,1600,2451.0,2470.0,2432.186,2447.0
1210324,1600,2467.5,2471.0,2462.0,2469.0
1210325,1600,2475.0,2484.0,2459.0,2464.0
1210326,1600,2450.5,2456.0,2442.0,2455.0
1210329,1600,2447.5,2448.5,2414.0,2424.0
1210330,1600,2416.0,2455.6919,2386.0,2396.0
1210331,1600,2396.0,2416.5,2387.5,2415.0
1210401,1600,2433.0,2443.5,2427.5,2439.5
1210406,1600,2433.0,2461.0,2419.167,2460.25
1210407,1600,2466.0,2473.5,2449.0,2470.5
1210408,1600,2472.0,2499.0,2470.0,2494.0
1210409,1600,2496.0,2496.0,2466.0,2480.5
1210412,1600,2479.5,2480.5,2459.0,2463.75
1210413,1600,2451.0,2484.5,2448.5,2478.5
1210414,1600,2473.0,2477.5,2456.0,2457.5
1210415,1600,2475.0,2504.0,2470.0,2504.0
1210416,1600,2509.0,2523.0,2504.0,2512.0
1210419,1600,2509.0,2516.0,2474.0,2478.5
1210420,1600,2467.5,2487.5,2463.0,2487.5
1210421,1600,2504.0,2524.0,2490.5,2513.0
1210422,1600,2508.0,2521.0,2506.0,2511.0
1210423,1600,2515.0,2524.0,2494.5,2504.5
1210426,1600,2495.5,2504.0,2487.5,2501.0
1210427,1600,2504.0,2509.0,2493.5,2496.5
1210428,1600,2489.0,2493.0,2482.0,2490.5
1210429,1600,2486.0,2492.0,2463.0,2474.0
1210430,1600,2483.0,2503.0,2477.0,2497.5
1210504,1600,2519.0,2538.0,2490.458,2511.0
1210505,1600,2493.0,2506.0,2488.0,2501.5
1210506,1600,2519.0,2556.0,2507.0,2553.0
1210507,1600,2551.0,2577.0,2550.0,2559.0
1210510,1600,2547.0,2549.0,2537.0,2539.0
1210511,1600,2538.0,2545.0,2514.0,2525.5
1210512,1600,2534.0,2544.0,2523.0,2526.0
1210513,1600,2532.0,2539.0,2521.0,2538.0
1210514,1600,2546.0,2549.0,2542.0,2548.0
1210517,1600,2566.0,2580.0,2556.0,2580.0
1210518,1600,2574.0,2580.0,2534.3169,2570.0
1210519,1600,2576.0,2602.0,2556.0,2597.5
1210520,1600,2588.0,2594.0,2579.0,2589.0
1210521,1600,2580.0,2598.0,2577.0,2584.0
1210524,1600,2595.0,2603.0,2589.0,2598.5
1210525,1600,2592.0,2618.0,2577.032,2614.0
1210526,1600,2630.0,2637.0,2623.0,2630.5
1210527,1600,2631.0,2631.0,2600.0,2604.0
1210528,1600,2599.0,2620.0,2597.0,2607.5
1210601,1600,2628.0,2633.0,2607.0,2615.0
1210602,1600,2618.0,2631.0,2617.0,2621.5
1210603,1600,2618.0,2619.0,2581.0,2586.5
1210604,1600,2592.0,2609.0,2583.0,2609.5
1210607,1600,2605.0,2609.0,2597.0,2607.5
1210608,1600,2616.0,2625.0,2593.356,2612.0
1210609,1600,2605.0,2618.0,2598.0,2614.5
1210610,1600,2606.0,2614.0,2586.0,2609.0
1210611,1600,2620.0,2621.0,2596.0,2597.0
1210614,1600,2576.0,2583.0,2554.0,2577.5
1210615,1600,2582.0,2617.043,2576.0,2577.5
1210616,1600,2574.0,2575.0,2563.0,2572.0
1210617,1600,2532.0,2532.0,2475.5,2482.0
1210618,1600,2511.0,2523.0,2498.0,2510.0
1210621,1600,2514.0,2518.0,2492.5,2501.0
1210622,1600,2504.0,2530.0801,2490.0,2492.0
1210623,1600,2491.0,2502.0,2485.0,2500.5
1210624,1600,2484.0,2509.0,2482.0,2497.0
1210625,1600,2497.0,2512.0,2497.0,2500.5
1210628,1600,2499.0,2504.0,2490.0,2502.0
1210629,1600,2500.0,2505.0,2473.0,2483.0
1210630,1600,2484.0,2497.0,2474.0,2494.0
1210701,1600,2512.0,2520.0,2506.0,2506.5
1210702,1600,2521.0,2541.0,2520.0,2525.0
1210705,1600,2525.0,2531.0,2521.0,2525.0
1210706,1600,2537.0,2559.0,2500.8269,2551.0
1210707,1600,2550.0,2562.0,2546.0,2553.0
1210708,1600,2549.0,2580.0,2545.0,2548.5
1210709,1600,2551.0,2558.0,2539.0,2553.5
1210712,1600,2530.0,2544.0,2519.0,2538.5
1210713,1600,2548.0,2565.0,2544.0,2556.0
1210714,1600,2555.0,2572.0,2553.0,2568.5
1210715,1600,2578.0,2588.0,2562.0,2569.0
1210716,1600,2578.0,2582.0,2564.0,2564.5
1210719,1600,2562.0,2591.0,2559.0,2577.0
1210720,1600,2597.0,2620.0,2562.387,2594.0
1210721,1600,2599.0,2599.0,2569.0,2573.0
1210722,1600,2561.0,2565.0,2545.0,2565.0
1210723,1600,2565.0,2569.0,2546.0,2555.0
1210726,1600,2566.0,2569.0,2538.0,2540.5
1210727,1600,2537.0,2579.46,2526.0,2533.0
1210728,1600,2537.0,2540.0,2528.0,2531.5
1210729,1600,2549.0,2558.0,2542.0,2558.0
1210730,1600,2558.0,2560.0,2550.0,2558.0
1210802,1600,2538.0,2551.0,2532.0,2551.0
1210803,1600,2541.0,2550.0,2534.0,2542.0
1210804,1600,2541.0,2563.0,2537.0,2537.0
1210805,1600,2540.0,2545.0,2523.0,2526.0
1210806,1600,2523.0,2525.0,2478.0,2479.0
1210809,1600,2455.5,2464.0,2432.5,2437.75
1210810,1600,2447.0,2533.24,2422.0,2435.0
1210811,1600,2444.0,2464.0,2437.5,2464.0
1210812,1600,2469.0,2474.0,2457.0,2469.25
1210813,1600,2485.0,2501.0,2481.0,2499.5
1210816,1600,2501.0,2520.0,2494.0,2515.0
1210817,1600,2535.0,2543.0,2455.875,2531.0
1210818,1600,2545.0,2546.0,2524.0,2526.5
1210819,1600,2538.0,2556.0,2534.0,2545.5
1210820,1600,2563.0,2563.0,2548.0,2556.0
1210823,1600,2554.0,2573.0,2551.0,2567.0
1210824,1600,2563.0,2575.0,2535.8469,2569.0
1210825,1600,2553.0,2559.0,2536.0,2542.0
1210826,1600,2534.0,2556.0,2534.0,2552.5
1210827,1600,2567.0,2568.0,2538.0,2564.0
1210831,1600,2569.0,2574.0,2554.0061,2566.0
1210901,1600,2577.0,2578.0,2561.0,2569.0
1210902,1600,2569.0,2571.0,2552.0,2557.5
1210903,1600,2560.0,2581.0,2555.0,2578.5
1210906,1600,2576.0,2576.0,2569.0,2573.0
1210907,1600,2566.0,2569.0,2539.0,2543.0
1210908,1600,2545.0,2553.0,2530.0,2543.0
1210909,1600,2536.0,2558.0,2516.0,2524.0
1210910,1600,2540.0,2544.0,2520.0,2531.5
1210913,1600,2528.0,2528.0,2524.0,2524.0
1210914,1600,2523.0,2553.387,2507.0,2544.0
1210915,1600,2541.0,2547.0,2527.0,2530.0
1210916,1600,2523.0,2523.0,2475.0,2484.0
1210917,1600,2494.5,2501.0,2475.0,2486.5
1210920,1600,2499.5,2522.0,2497.0,2517.0
1210921,1600,2512.0,2548.0,2504.312,2547.0
1210922,1600,2541.0,2547.0,2535.0,2540.0
1210923,1600,2521.0,2536.0,2483.0,2483.0
1210924,1600,2495.5,2502.0,2482.0,2501.0
1210927,1600,2509.0,2510.0,2489.0,2495.0
1210928,1600,2482.0,2512.5959,2477.0,2505.0
1210929,1600,2510.0,2523.0,2507.0,2515.0
1210930,1600,2509.0,2546.0,2502.0,2544.5
1211001,1600,2548.0,2551.0,2523.0,2533.0
1211004,1600,2533.0,2538.0,2505.0,2530.5
1211005,1600,2522.0,2524.0,2505.0,2512.5
1211006,1600,2515.0,2535.0,2509.0,2531.5
1211007,1600,2530.0,2537.0,2515.0,2518.0
1211008,1600,2523.0,2550.0,2511.0,2516.0
1211011,1600,2505.0,2518.0,2503.0,2516.5
1211012,1600,2525.0,2542.0,2515.0,2528.5
1211013,1600,2526.0,2569.0,2524.0,2564.0
1211014,1600,2556.0,2564.0,2552.0,2563.0
1211015,1600,2553.0,2553.0,2507.0,2513.5
1211018,1600,2507.0,2522.0,2503.0,2516.5
1211019,1600,2520.0,2552.3,2504.0,2504.5
1211020,1600,2515.0,2532.0,2513.0,2518.5
1211021,1600,2521.0,2529.0,2511.0,2515.5
1211022,1600,2537.0,2568.0,2530.0,2544.0
1211025,1600,2546.0,2564.0,2535.0,2562.0
1211026,1600,2555.0,2556.0,2519.095,2533.0
1211027,1600,2537.0,2553.0,2531.0,2549.0
1211028,1600,2555.0,2566.0,2539.0,2547.0
1211029,1600,2540.0,2546.0,2513.0,2533.0
1211101,1600,2547.0,2563.0,2543.0,2555.0
1211102,1600,2563.0,2569.0,2542.6101,2562.5
1211103,1600,2554.0,2555.0,2514.0,2516.5
1211104,1600,2537.0,2598.0,2533.0,2590.5
1211105,1600,2594.0,2624.0,2585.0,2622.5
1211108,1600,2628.0,2635.0,2616.0,2624.0
1211109,1600,2618.0,2633.0,2567.3059,2633.5
1211110,1600,2626.0,2693.0,2625.0,2688.0
1211111,1600,2706.0,2718.0,2702.0,2713.5
1211112,1600,2708.0,2713.0,2688.0,2709.0
1211115,1600,2705.0,2714.0,2700.0,2707.5
1211116,1600,2702.0,2721.0,2676.6021,2698.0
1211117,1600,2694.0,2707.0,2681.0,2700.0
1211118,1600,2697.0,2701.0,2689.0,2693.0
1211119,1600,2687.0,2711.0,2682.0,2693.5
1211122,1600,2680.0,2684.0,2638.0,2644.5
1211123,1600,2633.0,2710.6831,2600.0,2601.0
1211124,1600,2617.0,2620.0,2602.0,2616.0
1211125,1600,2622.0,2625.0,2619.0,2620.5
1211126,1600,2650.0,2655.0,2630.0,2630.5
1211129,1600,2626.0,2631.0,2615.0,2616.5
1211130,1600,2625.0,2640.0,2616.0,2617.0
1211201,1600,2614.0,2621.0,2606.0,2615.0
1211202,1600,2607.0,2607.0,2585.0,2589.0
1211203,1600,2601.0,2623.0,2594.0,2618.0
1211206,1600,2628.0,2644.0,2611.5,2621.0
1211207,1600,2620.0,2634.0,2611.418,2634.5
1211208,1600,2635.0,2650.0,2627.0,2627.0
1211209,1600,2640.0,2640.0,2620.0,2626.0
1211210,1600,2616.0,2637.0,2616.0,2632.0
1211213,1600,2633.0,2637.0,2622.0,2637.0
1211214,1600,2637.0,2637.0,2605.0,2612.5
1211215,1600,2604.0,2613.0,2597.0,2606.5
1211216,1600,2626.0,2633.0,2604.0,2633.0
1211217,1600,2652.0,2661.0,2644.0,2653.0
1211220,1600,2657.0,2670.0,2644.0,2648.0
1211221,1600,2647.0,2650.0,2604.886,2628.0
1211222,1600,2628.0,2629.0,2621.0,2627.0
1211223,1600,2634.0,2638.0,2618.0,2630.5
1211224,1600,2680.0,2680.0,2621.0,2629.0
1211229,1600,2620.0,2623.0,2594.0,2611.0
1211230,1600,2603.0,2619.0,2600.0,2618.0
1211231,1600,2625.0,2634.0,2619.0,2631.5
1220104,1600,2612.0,2618.0,2603.0,2613.5
1220105,1600,2614.0,2633.0,2613.0,2621.5
1220106,1600,2603.0,2607.0,2575.0,2581.0
1220107,1600,2578.0,2583.0,2570.0,2573.0
1220110,1600,2576.0,2587.0,2574.0,2580.0
1220111,1600,2595.0,2621.856,2588.0,2601.0
1220112,1600,2599.0,2602.0,2594.0,2596.0
1220113,1600,2596.0,2596.0,2575.0,2579.5
1220114,1600,2596.0,2602.0,2586.0,2593.5
1220117,1600,2596.0,2602.0,2595.0,2598.0
1220118,1600,2597.0,2614.0,2588.5759,2603.0
1220119,1600,2599.0,2633.0,2599.0,2632.0
1220120,1600,2633.0,2644.0,2628.0,2629.0
1220121,1600,2641.0,2650.0,2629.0,2639.0
1220124,1600,2647.0,2666.0,2646.0,2658.0
1220125,1600,2664.0,2684.0,2619.7339,2671.0
1220126,1600,2663.0,2669.0,2644.0,2644.0
1220127,1600,2634.0,2640.0,2611.0,2611.0
1220128,1600,2617.0,2617.0,2590.0,2592.5
1220131,1600,2599.0,2612.0,2594.0,2608.0
1220201,1600,2609.0,2647.3989,2599.0,2611.0
1220202,1600,2590.0,2602.0,2588.0,2600.0
1220203,1600,2597.0,2598.0,2566.0,2587.0
1220204,1600,2597.0,2611.0,2587.0,2598.0
1220207,1600,2611.0,2622.0,2608.0,2618.5
1220208,1600,2621.0,2631.0,2597.2119,2627.0
1220209,1600,2630.0,2635.0,2622.0,2634.5
1220210,1600,2642.0,2642.0,2624.0,2632.0
1220211,1600,2632.0,2635.0,2624.0,2632.0
1220214,1600,2670.0,2700.0,2666.0,2685.0
1220215,1600,2703.0,2705.0,2624.9609,2665.0
1220216,1600,2670.0,2678.0,2663.0,2677.0
1220217,1600,2691.0,2716.0,2691.0,2714.0
1220218,1600,2708.0,2727.0,2702.0,2717.0
1220221,1600,2709.0,2720.0,2706.0,2718.0
1220222,1600,2745.0,2746.0,2695.823,2729.0
1220223,1600,2716.0,2746.0,2709.0,2744.0
1220224,1600,2809.0,2873.0,2803.0,2805.0
1220225,1600,2783.0,2791.0,2741.0,2745.0
1220228,1600,2764.0,2790.0,2763.0,2765.0
1220301,1600,2773.0,2823.0,2772.0,2823.0
1220302,1600,2851.0,2855.0,2797.0,2797.0
1220303,1600,2815.0,2828.0,2806.0,2818.5
1220304,1600,2833.0,2896.0,2833.0,2895.5
1220307,1600,2944.0,2970.0,2899.0,2938.0
1220308,1600,3006.0,3070.0,2817.873,3067.0
1220309,1600,3044.0,3044.0,2930.0,2957.0
1220310,1600,2918.0,2980.0,2918.0,2960.0
1220311,1600,2968.0,2979.0,2919.0,2964.0
1220314,1600,2952.0,2952.0,2915.0,2923.0
1220315,1600,2887.0,2976.373,2849.0,2879.0
1220316,1600,2867.0,2871.0,2835.0,2840.0
1220317,1600,2863.0,2897.0,2863.0,2879.0
1220318,1600,2870.0,2882.0,2854.0,2854.0
1220321,1600,2854.0,2863.0,2846.0,2860.0
1220322,1600,2868.0,2892.2871,2811.0,2826.0
1220323,1600,2826.0,2861.0,2826.0,2857.0
1220324,1600,2876.0,2909.0,2870.0,2906.0
1220325,1600,2892.0,2901.0,2880.0,2893.0
1220328,1600,2868.0,2896.0,2858.0,2883.0
1220329,1600,2861.0,2862.8501,2805.0,2841.0
1220330,1600,2858.0,2871.0,2846.0,2866.0
1220331,1600,2861.0,2884.0,2858.0,2883.0
1220401,1600,2871.0,2885.0,2860.0,2868.0
1220404,1600,2865.0,2881.0,2861.0,2871.0
1220405,1600,2868.0,2881.0,2853.72,2866.0
1220406,1600,2868.0,2879.0,2860.0,2874.5
1220407,1600,2869.0,2893.0,2863.0,2884.0
1220408,1600,2886.0,2923.0,2884.0,2914.0
1220411,1600,2916.0,2946.0,2912.0,2921.0
1220412,1600,2933.0,2954.0,2875.666,2952.5
1220413,1600,2958.0,2969.0,2952.0,2954.0
1220414,1600,2931.0,2948.0,2919.0,2934.0
1220419,1600,2959.0,2968.0,2929.0,2928.5
1220420,1600,2907.0,2922.0,2904.0,2918.0
1220421,1600,2911.0,2914.0,2897.0,2898.0
1220422,1600,2938.0,2950.0,2920.0,2931.0
1220425,1600,2935.0,2939.0,2897.0,2907.0
1220426,1600,2914.0,2943.0,2906.0,2939.0
1220427,1600,2943.0,2956.0,2920.0,2934.0
1220428,1600,2927.0,2965.0,2920.0,2957.5
1220429,1600,2973.0,2983.0,2957.0,2961.0
1220503,1600,2894.0,2934.1211,2879.0,2918.0
1220504,1600,2914.0,2916.0,2905.0,2912.0
1220505,1600,2950.0,3007.0,2939.0,2971.0
1220506,1600,2974.0,2983.0,2965.0,2983.0
1220509,1600,2974.0,2974.0,2931.0,2943.0
1220510,1600,2938.0,2945.6589,2924.0,2928.0
1220511,1600,2914.0,2932.0,2913.0,2932.0
1220512,1600,2956.0,2963.0,2930.0,2929.0
1220513,1600,2909.0,2921.0,2883.0,2889.0
1220516,1600,2883.0,2886.0,2850.0,2885.0
1220517,1600,2880.0,2932.803,2843.0,2847.0
1220518,1600,2837.0,2861.0,2835.0,2857.0
1220519,1600,2862.0,2889.0,2851.0,2881.0
1220520,1600,2890.0,2890.0,2863.0,2885.5
1220523,1600,2876.0,2891.0,2860.0,2873.5
1220524,1600,2869.0,2910.0,2866.1111,2907.5
1220525,1600,2885.0,2898.0,2873.0,2871.5
1220526,1600,2866.0,2876.0,2847.0,2861.0
1220527,1600,2866.0,2879.0,2858.0,2865.0
1220530,1600,2872.0,2877.0,2858.0,2861.0
1220531,1600,2871.0,2877.208,2848.0,2849.0
1220601,1600,2837.0,2879.0,2828.0,2877.0
1220606,1600,2884.0,2890.0,2866.0,2868.0
1220607,1600,2881.0,2888.0,2861.252,2869.5
1220608,1600,2869.0,2888.0,2866.0,2886.5
1220609,1600,2882.0,2887.0,2861.0,2866.0
1220610,1600,2880.0,2949.0,2871.0,2947.5
1220613,1600,2960.0,2972.0,2924.0,2926.0
1220614,1600,2933.0,2949.0,2886.989,2942.0
1220615,1600,2947.0,2964.0,2933.0,2947.0
1220616,1600,2947.0,2958.0,2904.0,2915.5
1220617,1600,2929.0,2949.0,2920.0,2942.0
1220620,1600,2937.0,2937.0,2918.0,2926.0
1220621,1600,2914.0,2943.9551,2905.0,2918.5
1220622,1600,2913.0,2935.0,2906.0,2916.5
1220623,1600,2922.0,2940.0,2913.0,2913.0
1220624,1600,2897.0,2912.0,2888.0,2905.0
1220627,1600,2916.0,2920.0,2884.0,2885.0
1220628,1600,2902.0,2920.0449,2897.0,2911.0
1220629,1600,2906.0,2938.0,2901.0,2919.0
1220630,1600,2914.0,2930.0,2895.0,2901.0
1220701,1600,2889.0,2936.0,2885.0,2928.0
1220704,1600,2917.0,2917.0,2893.0,2908.0
1220705,1600,2911.0,2934.0,2883.0,2890.0
1220706,1600,2883.0,2896.0,2842.0,2847.0
1220707,1600,2844.0,2850.0,2825.0,2826.5
1220708,1600,2831.0,2843.0,2807.0,2826.0
1220711,1600,2830.0,2856.0,2827.0,2847.5
1220712,1600,2849.0,2880.1299,2835.0,2837.0
1220713,1600,2820.0,2845.0,2811.0,2842.5
1220714,1600,2834.0,2834.0,2808.0,2815.5
1220715,1600,2810.0,2816.0,2796.0,2804.0
1220718,1600,2808.0,2810.0,2777.0,2780.0
1220719,1600,2785.0,2831.23,2772.0,2779.0
1220720,1600,2771.0,2791.0,2768.0,2778.0
1220721,1600,2748.0,2796.0,2739.0,2789.0
1220722,1600,2792.0,2819.0,2792.0,2807.5
1220725,1600,2807.0,2811.0,2773.0,2781.0
1220726,1600,2792.0,2798.0,2780.0,2785.0
1220727,1600,2781.0,2788.0,2770.0,2781.0
1220728,1600,2786.0,2822.0,2786.0,2822.5
1220729,1600,2812.0,2838.0,2812.0,2827.5
1220801,1600,2819.0,2827.0,2805.0,2806.5
1220802,1600,2830.0,2855.0,2801.877,2839.0
1220803,1600,2832.0,2838.0,2817.0,2828.0
1220804,1600,2845.0,2884.0,2840.0,2869.5
1220805,1600,2867.0,2875.0,2863.0,2872.5
1220808,1600,2862.0,2880.0,2859.0,2879.0
1220809,1600,2881.0,2896.0,2842.4719,2890.0
1220810,1600,2887.0,2894.0,2859.0,2862.0
1220811,1600,2850.0,2869.0,2844.0,2853.5
1220812,1600,2863.0,2888.0,2858.0,2885.5
1220815,1600,2885.0,2885.0,2860.0,2872.5
1220816,1600,2880.0,2886.0,2859.0,2859.0
1220817,1600,2863.0,2865.0,2850.0,2853.0
1220818,1600,2859.0,2869.0,2853.0,2860.0
1220819,1600,2875.0,2893.0,2865.0,2885.0
1220822,1600,2873.0,2878.0,2851.0,2875.5
1220823,1600,2883.0,2887.0,2861.074,2878.5
1220824,1600,2884.0,2895.0,2875.0,2894.5
1220825,1600,2895.0,2907.0,2889.0,2897.0
1220826,1600,2901.0,2903.0,2870.0,2874.5
1220830,1600,2881.0,2890.0,2874.0,2883.5
1220831,1600,2876.0,2887.0,2865.0,2880.0
1220901,1600,2869.0,2880.0,2856.0,2863.5
1220902,1600,2873.0,2893.0,2869.0,2886.0
1220905,1600,2908.0,2923.0,2896.0,2897.5
1220906,1600,2891.0,2891.0,2872.0,2876.0
1220907,1600,2879.0,2914.0,2877.0,2906.0
1220908,1600,2912.0,2918.0,2889.0,2896.5
1220909,1600,2895.0,2909.0,2885.0,2888.0
1220912,1600,2875.0,2889.0,2872.0,2883.0
1220913,1600,2867.0,2904.481,2863.0,2885.0
1220914,1600,2885.0,2888.0,2869.0,2870.0
1220915,1600,2855.0,2875.0,2823.0,2831.0
1220916,1600,2833.0,2863.0,2833.0,2857.0
1220920,1600,2853.0,2867.886,2837.0,2847.0
1220921,1600,2870.0,2883.0,2866.0,2867.0
1220922,1600,2882.0,2900.0,2861.0,2895.0
1220923,1600,2900.0,2936.0,2896.0,2936.0
1220926,1600,2985.0,3000.0,2935.0,2990.0
1220927,1600,2958.0,2968.0,2889.645,2958.0
1220928,1600,2967.0,3013.0,2926.0,2993.0
1220929,1600,2971.0,2978.0,2919.0,2930.0
1220930,1600,2922.0,2939.0,2898.0,2923.0
1221003,1600,2898.0,2921.0,2884.0,2911.0
1221004,1600,2924.0,2968.498,2919.0,2944.0
1221005,1600,2932.0,2964.0,2918.0,2956.0
1221006,1600,2960.0,2987.0,2956.0,2983.0
1221007,1600,2991.0,2991.0,2971.0,2986.0
1221010,1600,2968.0,2968.0,2940.0,2941.0
1221011,1600,2949.0,2950.0,2930.0,2935.0
1221012,1600,2963.0,2966.0,2933.0,2936.0
1221013,1600,2937.0,2943.0,2855.0,2859.0
1221014,1600,2876.0,2884.0,2855.0,2864.0
1221017,1600,2856.0,2869.0,2832.0,2838.0
1221018,1600,2844.0,2931.4231,2840.0,2841.0
1221019,1600,2837.0,2842.0,2825.0,2828.0
1221020,1600,2828.0,2848.0,2820.0,2831.5
1221021,1600,2826.0,2864.0,2820.0,2856.0
1221024,1600,2842.0,2846.0,2831.0,2845.0
1221025,1600,2847.0,2848.0,2809.0,2809.0
1221026,1600,2827.0,2831.0,2800.0,2805.0
1221027,1600,2792.0,2806.0,2786.0,2796.0
1221028,1600,2801.0,2801.0,2757.0,2759.0
1221031,1600,2763.0,2780.0,2759.0,2777.0
1221101,1600,2784.0,2816.3049,2780.0,2797.0
1221102,1600,2800.0,2810.0,2795.0,2800.0
1221103,1600,2799.0,2835.0,2799.0,2835.0
1221104,1600,2860.0,2889.0,2854.0,2889.0
1221107,1600,2875.0,2875.0,2845.0,2853.0
1221108,1600,2838.0,2892.0,2803.083,2887.0
1221109,1600,2895.0,2935.0,2887.0,2928.0
1221110,1600,2921.0,2931.0,2904.0,2922.0
1221111,1600,2920.0,2931.0,2909.0,2914.5
1221114,1600,2915.0,2943.0,2902.0,2941.0
1221115,1600,2937.0,2938.0,2883.3569,2899.0
1221116,1600,2913.0,2923.0,2910.0,2911.0
1221117,1600,2887.0,2912.0,2884.0,2909.0
1221118,1600,2889.0,2891.0,2868.0,2869.0
1221121,1600,2874.0,2881.0,2864.0,2865.0
1221122,1600,2867.0,2906.0659,2855.0,2858.0
1221123,1600,2857.0,2858.0,2810.0,2816.0
1221124,1600,2829.0,2835.0,2818.0,2822.0
1221125,1600,2820.0,2823.0,2818.0,2821.0
1221128,1600,2826.0,2839.0,2822.0,2825.0
1221129,1600,2839.0,2850.0,2838.0,2848.0
1221130,1600,2857.0,2864.0,2850.0,2862.0
1221201,1600,2862.0,2865.0,2849.0,2862.0
1221202,1600,2864.0,2867.0,2844.0,2847.0
1221205,1600,2850.0,2858.0,2830.0,2839.0
1221206,1600,2828.0,2851.8601,2823.0,2829.0
1221207,1600,2845.0,2849.0,2834.0,2845.0
1221208,1600,2850.0,2858.0,2850.0,2849.0
1221209,1600,2847.0,2858.0,2845.0,2855.0
1221212,1600,2847.0,2850.0,2832.0,2832.0
1221213,1600,2834.0,2859.0,2831.0,2853.0
1221214,1600,2850.0,2852.0,2840.0,2844.0
1221215,1600,2815.0,2832.0,2798.0,2832.5
1221216,1600,2844.0,2869.0,2841.0,2867.0
1221219,1600,2864.0,2872.0,2861.0,2862.5
1221220,1600,2878.0,2916.0,2837.783,2915.0
1221221,1600,2903.0,2930.0,2903.0,2928.0
1221222,1600,2919.0,2940.0,2906.0,2910.0
1221223,1600,2901.0,2908.0,2899.0,2903.0
1221228,1600,2927.0,2929.0,2902.0,2917.0
1221229,1600,2924.0,2936.0,2922.0,2928.0
1221230,1600,2933.0,2945.0,2933.0,2943.0
1230103,1600,2991.0,3005.0,2922.77,2974.0
1230104,1600,3008.0,3010.0,2995.0,3005.5
1230105,1600,3003.0,3008.0,2992.0,2995.0
1230106,1600,3014.0,3021.0,3007.0,3008.0
1230109,1600,3010.0,3011.0,2991.0,2997.0
1230110,1600,3000.0,3012.0,3000.0,3003.0
1230111,1600,3013.0,3030.0,3000.0,3007.0
1230112,1600,3005.0,3032.0,3005.0,3030.0
1230113,1600,3030.0,3055.0,3028.0,3053.0
1230116,1600,3053.0,3060.0,3052.0,3059.0
1230117,1600,3045.0,3047.0,3015.1001,3035.0
1230118,1600,3020.0,3033.0,3007.0,3007.0
1230119,1600,3018.0,3035.0,3008.0,3024.0
1230120,1600,3044.0,3047.0,3030.0,3029.0
1230123,1600,3014.0,3037.0,3013.0,3027.0
1230124,1600,3047.0,3068.0,3035.6741,3058.0
1230125,1600,3049.0,3054.0,3039.0,3049.0
1230126,1600,3050.0,3050.0,3028.0,3032.0
1230127,1600,3028.0,3046.0,3023.0,3037.0
1230130,1600,3029.0,3035.0,3024.0,3029.0
1230131,1600,3021.0,3050.0,3006.0,3050.0
1230201,1600,3045.0,3053.0,3042.0,3051.0
1230202,1600,3077.0,3100.0,3044.0,3049.0
1230203,1600,3055.0,3057.0,3005.0,3006.0
1230206,1600,3033.0,3036.0,3020.0,3030.0
1230207,1600,3038.0,3582.115,3033.0,3044.0
1230208,1600,3036.0,3036.0,3019.0,3027.0
1230209,1600,3029.0,3029.0,2992.0,3002.5
1230210,1600,3001.0,3004.0,2993.0,3001.0
1230213,1600,3009.0,3011.0,2974.0,2975.0
1230214,1600,2984.0,3024.1799,2950.0,2961.5
1230215,1600,2956.0,2982.0,2953.0,2971.5
1230216,1600,2977.0,2980.0,2967.0,2978.5
1230217,1600,2976.0,2983.0,2968.0,2982.0
1230220,1600,2970.0,2990.0,2970.0,2984.0
1230221,1600,2974.0,2980.3279,2945.0,2952.0
1230222,1600,2958.0,2965.0,2952.0,2960.0
1230223,1600,2956.0,2958.0,2945.0,2952.0
1230224,1600,2953.0,2960.0,2949.0,2956.0
1230227,1600,2951.0,2953.0,2938.0,2938.0
1230228,1600,2932.0,2967.052,2905.0,2936.0
1230301,1600,2955.0,2989.0,2953.0,2978.0
1230302,1600,2980.0,2998.0,2975.0,2994.5
1230303,1600,2997.0,3001.0,2993.0,3000.0
1230306,1600,3002.0,3006.0,2994.0,2997.0
1230307,1600,2991.0,2992.0,2957.592,2986.0
1230308,1600,2988.0,2997.0,2983.0,2994.0
1230309,1600,2985.0,2994.0,2977.0,2987.5
1230310,1600,2986.0,3006.0,2975.0,2997.5
1230313,1600,3017.0,3072.0,3017.0,3053.0
1230314,1600,3063.0,3065.0,2990.3491,3052.0
1230315,1600,3040.0,3133.0,3025.0,3130.0
1230316,1600,3088.0,3130.0,3081.0,3086.0
1230317,1600,3092.0,3148.0,3090.0,3133.0
1230320,1600,3195.0,3209.0,3129.0,3138.0
1230321,1600,3135.0,3135.0,3063.949,3103.0
1230322,1600,3082.0,3105.0,3077.0,3103.0
1230323,1600,3125.0,3150.0,3120.0,3150.0
1230324,1600,3156.0,3191.0,3154.0,3163.0
1230327,1600,3134.0,3138.0,3085.0,3101.0
1230328,1600,3089.0,3149.5459,3086.0,3106.0
1230329,1600,3101.0,3116.0,3096.0,3109.0
1230330,1600,3107.0,3113.0,3091.0,3107.0
1230331,1600,3116.0,3122.0,3107.0,3114.0
1230403,1600,3097.0,3127.0,3097.0,3127.0
1230404,1600,3104.0,3148.0,3085.0,3146.0
1230405,1600,3157.0,3169.0,3150.0,3153.0
1230406,1600,3147.0,3158.0,3144.0,3148.0
1230411,1600,3137.0,3146.0,3128.0,3141.0
1230412,1600,3156.0,3166.0,3132.0,3138.0
1230413,1600,3153.0,3182.0,3148.0,3174.0
1230414,1600,3173.0,3178.0,3127.0,3133.0
1230417,1600,3152.0,3166.0,3122.0,3136.0
1230418,1600,3137.0,3151.0,3126.208,3151.0
1230419,1600,3114.0,3122.0,3092.0,3121.0
1230420,1600,3131.0,3151.0,3124.0,3135.0
1230421,1600,3121.0,3132.0,3102.0,3102.0
1230424,1600,3104.0,3109.0,3093.0,3100.0
1230425,1600,3111.0,3131.3821,3096.0,3124.0
1230426,1600,3126.0,3128.0,3113.0,3113.0
1230427,1600,3127.0,3130.0,3092.0,3094.0
1230428,1600,3099.0,3102.0,3080.0,3083.0
1230502,1600,3093.0,3142.0,3087.0,3144.0
1230503,1600,3142.0,3143.0,3132.0,3144.0
1230504,1600,3157.0,3186.0,3145.0,3174.0
1230505,1600,3156.0,3159.0,3090.0,3101.0
1230509,1600,3120.0,3141.0,3119.0,3127.0
1230510,1600,3134.0,3146.0,3120.0,3124.0
1230511,1600,3135.0,3153.0,3128.0,3140.5
1230512,1600,3126.0,3146.0,3114.0,3143.0
1230515,1600,3148.0,3151.0,3133.0,3136.0
1230516,1600,3132.0,3135.0,3117.0,3120.5
1230517,1600,3111.0,3117.0,3091.0,3092.0
1230518,1600,3093.0,3098.0,3065.0,3066.5
1230519,1600,3080.0,3089.0,3066.0,3086.0
1230522,1600,3096.0,3102.0,3080.0,3091.0
1230523,1600,3073.0,3109.801,3070.0,3081.5
1230524,1600,3084.0,3115.0,3084.0,3100.5
1230525,1600,3087.0,3092.0,3059.0,3073.0
1230526,1600,3080.0,3083.0,3065.0,3068.0
1230530,1600,3056.0,3089.479,3052.0,3076.0
1230531,1600,3083.0,3102.0,3079.0,3101.0
1230601,1600,3069.0,3078.0,3061.0,3078.0
1230602,1600,3072.0,3078.0,3053.0,3065.0
1230605,1600,3049.0,3073.0,3045.0,3068.0
1230606,1600,3065.0,3088.0,3065.0,3078.0
1230607,1600,3071.0,3074.0,3057.0,3056.0
1230608,1600,3045.0,3061.0,3039.0,3050.0
1230609,1600,3048.0,3052.0,3030.0,3036.0
1230612,1600,3033.0,3045.0,3030.0,3048.0
1230613,1600,3040.0,3056.4041,3005.0,3004.0
1230614,1600,3006.0,3010.0,2996.0,3002.0
1230615,1600,2976.0,2993.0,2966.0,2986.0
1230616,1600,2983.0,2992.0,2972.0,2978.0
1230619,1600,2966.0,2974.0,2960.0,2970.0
1230620,1600,2972.0,3033.925,2955.0,2955.0
1230621,1600,2949.0,2964.0,2946.0,2953.0
1230622,1600,2947.0,2947.0,2924.0,2924.0
1230623,1600,2928.0,2965.0,2928.0,2944.0
1230626,1600,2943.0,2963.0,2942.0,2951.0
1230627,1600,2946.0,2955.3979,2923.0,2924.0
1230628,1600,2923.0,2945.0,2920.0,2943.0
1230629,1600,2935.0,2950.0,2927.0,2950.0
1230630,1600,2943.0,2943.0,2930.0,2938.0
1230703,1600,2941.0,2961.0,2934.0,2960.0
1230704,1600,2952.0,2959.0,2938.073,2949.0
1230705,1600,2946.0,2958.0,2944.0,2945.0
1230706,1600,2941.0,2942.0,2908.0,2926.0
1230707,1600,2926.0,2933.0,2922.0,2930.0
1230710,1600,2925.0,2933.0,2918.0,2920.0
1230711,1600,2925.0,2941.5969,2913.0,2919.0
1230712,1600,2912.0,2935.0,2909.0,2929.0
1230713,1600,2935.0,2936.0,2908.0,2912.0
1230714,1600,2909.0,2913.0,2900.0,2907.0
1230717,1600,2906.0,2916.0,2900.0,2906.0
1230718,1600,2919.0,2950.0,2913.0,2952.0
1230719,1600,2966.0,2986.0,2966.0,2984.0
1230720,1600,2985.0,2993.0,2980.0,2985.0
1230721,1600,2977.0,2985.0,2967.0,2971.0
1230724,1600,2968.0,2984.0,2968.0,2977.0
1230725,1600,2990.0,2990.0,2945.9971,2972.0
1230726,1600,2977.0,2977.0,2963.0,2970.0
1230727,1600,2966.0,2973.0,2945.0,2944.0
1230728,1600,2968.0,2974.0,2945.0,2971.5
1230731,1600,2958.0,2985.0,2957.0,2981.5
1230801,1600,2970.0,2976.0,2964.0,2969.0
1230802,1600,2971.0,2982.0,2963.0,2965.0
1230803,1600,2967.0,2982.0,2963.0,2966.0
1230804,1600,2962.0,2967.0,2958.0,2958.0
1230807,1600,2963.0,2965.0,2946.0,2946.0
1230808,1600,2951.0,2970.0691,2946.0,2946.0
1230809,1600,2942.0,2946.0,2930.0,2934.0
1230810,1600,2934.0,2934.0,2925.0,2932.0
1230811,1600,2935.0,2941.0,2933.0,2937.0
1230814,1600,2938.0,2939.0,2928.0,2930.0
1230815,1600,2919.0,2950.8369,2910.0,2917.0
1230816,1600,2915.0,2915.0,2905.0,2906.0
1230817,1600,2899.0,2903.0,2890.0,2890.0
1230818,1600,2898.0,2902.0,2892.0,2893.0
1230821,1600,2890.0,2897.0,2884.0,2889.0
1230822,1600,2890.0,2914.0659,2890.0,2900.0
1230823,1600,2905.0,2943.0,2905.0,2937.0
1230824,1600,2945.0,2960.0,2942.0,2960.0
1230825,1600,2961.0,2964.0,2954.0,2954.0
1230829,1600,2967.0,2988.0,2925.6499,2988.0
1230830,1600,2983.0,2983.0,2974.0,2974.0
1230831,1600,2977.0,2989.0,2977.0,2984.0
1230901,1600,2984.0,2994.0,2982.0,2992.0
1230904,1600,3002.0,3002.0,2989.0,2992.0
1230905,1600,2998.0,3003.0,2980.2351,2984.0
1230906,1600,2985.0,3010.0,2980.0,2986.0
1230907,1600,2992.0,3003.0,2991.0,2993.0
1230908,1600,3001.0,3004.0,2994.0,2996.0
1230911,1600,2996.0,3001.0,2985.0,2987.0
1230912,1600,2987.0,2997.0,2981.0,2984.0
1230913,1600,2987.0,2987.0,2978.0,2979.0
1230914,1600,2972.0,2994.0,2971.0,2993.0
1230915,1600,3004.0,3029.0,3000.0,3025.0
1230918,1600,3029.0,3031.0,3022.0,3026.0
1230919,1600,3034.0,3042.0,2985.7649,3038.0
1230920,1600,3041.0,3052.0,3036.0,3053.5
1230921,1600,3044.0,3059.0,3037.0,3037.0
1230922,1600,3051.0,3064.0,3051.0,3062.0
1230925,1600,3058.0,3070.0,3056.0,3059.0
1230926,1600,3055.0,3057.0,3038.8921,3047.0
1230927,1600,3039.0,3041.0,3015.0,3015.0
1230928,1600,3008.0,3010.0,2965.0,2967.5
1230929,1600,2971.0,2984.0,2960.0,2958.5
1231002,1600,2941.0,2945.0,2931.0,2939.0
1231003,1600,2937.0,3032.2971,2935.0,2939.0
1231004,1600,2939.0,2940.0,2914.0,2924.0
1231005,1600,2920.0,2926.0,2906.0,2907.0
1231006,1600,2910.0,2921.0,2898.0,2911.0
1231009,1600,2955.0,2961.0,2936.0,2952.0
1231010,1600,2956.0,2958.0,2912.0869,2949.0
1231011,1600,2952.0,2969.0,2952.0,2962.0
1231012,1600,2972.0,2985.0,2971.0,2985.0
1231013,1600,2996.0,3083.0,2996.0,3083.0
1231016,1600,3055.0,3076.0,3053.0,3068.0
1231017,1600,3066.0,3087.0,2956.1851,3073.0
1231018,1600,3089.0,3132.0,3089.0,3115.0
1231019,1600,3125.0,3137.0,3125.0,3129.0
1231020,1600,3181.0,3199.0,3167.0,3192.0
1231023,1600,3163.0,3172.0,3146.0,3146.0
1231024,1600,3133.0,3143.0,3116.0,3141.0
1231025,1600,3156.0,3185.0,3148.0,3169.0
1231026,1600,3197.0,3210.0,3173.0,3178.0
1231027,1600,3189.0,3192.0,3174.0,3174.0
1231030,1600,3207.0,3210.0,3197.0,3203.0
1231031,1600,3197.0,3214.0,3162.7241,3193.0
1231101,1600,3167.0,3194.0,3167.0,3173.0
1231102,1600,3176.0,3180.0,3165.0,3166.0
1231103,1600,3169.0,3174.0,3129.0,3131.0
1231106,1600,3119.0,3123.0,3110.0,3113.0
1231107,1600,3113.0,3185.679,3099.0,3108.0
1231108,1600,3119.0,3125.0,3093.0,3098.0
1231109,1600,3088.0,3111.0,3079.0,3111.0
1231110,1600,3111.0,3114.0,3091.0,3092.0
1231113,1600,3085.0,3086.0,3071.0,3085.0
1231114,1600,3079.0,3106.614,3062.0,3062.0
1231115,1600,3073.0,3082.0,3066.0,3067.0
1231116,1600,3090.0,3110.0,3082.0,3110.0
1231117,1600,3122.0,3127.0,3104.0,3104.0
1231120,1600,3088.0,3088.0,3067.0,3073.0
1231121,1600,3096.0,3111.0,3077.1379,3105.0
1231122,1600,3111.0,3118.0,3105.0,3111.0
1231123,1600,3105.0,3105.0,3090.0,3091.0
1231124,1600,3097.0,3097.0,3083.0,3087.0
1231127,1600,3103.0,3120.0,3099.0,3100.0
1231128,1600,3108.0,3130.0,3094.3459,3122.0
1231129,1600,3131.0,3135.0,3125.0,3134.0
1231130,1600,3136.0,3139.0,3132.0,3136.0
1231201,1600,3141.0,3164.0,3135.0,3156.0
1231204,1600,3173.0,3188.0,3119.0,3122.0
1231205,1600,3135.0,3139.0,3102.0,3102.0
1231206,1600,3138.0,3140.0,3123.0,3129.0
1231207,1600,3137.0,3155.0,3137.0,3139.0
1231208,1600,3146.0,3146.0,3111.0,3111.0
1231211,1600,3092.0,3096.0,3069.0,3072.0
1231212,1600,3079.0,3144.2439,3069.0,3070.0
1231213,1600,3077.0,3084.0,3073.0,3078.0
1231214,1600,3133.0,3142.0,3107.0,3107.0
1231215,1600,3107.0,3120.0,3106.0,3120.0
1231218,1600,3102.0,3114.0,3099.0,3110.0
1231219,1600,3112.0,3124.0,3094.7219,3122.0
1231220,1600,3137.0,3138.0,3120.0,3122.0
1231221,1600,3132.0,3142.0,3125.0,3139.0
1231222,1600,3144.0,3155.0,3142.0,3155.0
1231227,1600,3175.0,3175.0,3153.0,3163.0
1231228,1600,3171.0,3172.0,3155.0,3170.0
1231229,1600,3164.0,3167.0,3155.0,3156.0
1240102,1600,3173.0,3190.0,3161.3459,3184.0
1240103,1600,3175.0,3177.0,3109.0,3129.0
1240104,1600,3138.0,3143.0,3127.0,3133.0
1240105,1600,3135.0,3150.0,3122.0,3134.0
1240108,1600,3111.0,3113.0,3090.0,3102.5
1240109,1600,3110.0,3156.4331,3105.0,3107.0
1240110,1600,3114.0,3116.0,3083.0,3096.0
1240111,1600,3100.0,3107.0,3087.0,3087.0
1240112,1600,3110.0,3141.0,3105.0,3131.0
1240115,1600,3142.0,3143.0,3133.0,3137.0
1240116,1600,3145.0,3147.0,3111.7549,3125.0
1240117,1600,3115.0,3116.0,3086.0,3088.0
1240118,1600,3082.0,3094.0,3081.0,3093.0
1240119,1600,3112.0,3125.0,3108.0,3111.0
1240122,1600,3095.0,3105.0,3089.0,3095.0
1240123,1600,3101.0,3122.2661,3098.0,3109.0
1240124,1600,3109.0,3110.0,3074.0,3075.0
1240125,1600,3081.0,3097.0,3075.0,3089.0
1240126,1600,3099.0,3101.0,3082.0,3086.0
1240129,1600,3108.0,3123.0,3103.0,3109.0
1240130,1600,3122.0,3143.0,3093.4619,3122.0
1240131,1600,3124.0,3139.0,3122.0,3138.5
1240201,1600,3138.0,3156.0,3119.0,3153.0
1240202,1600,3136.0,3137.0,3119.0,3132.0
1240205,1600,3127.0,3141.0,3118.0,3141.0
1240206,1600,3140.0,3150.0,3127.5081,3147.0
1240207,1600,3136.0,3148.0,3130.0,3144.0
1240208,1600,3134.0,3141.0,3125.0,3128.0
1240209,1600,3133.0,3137.0,3111.0,3114.5
1240212,1600,3116.0,3125.0,3102.0,3104.5
1240213,1600,3115.0,3133.687,3075.0,3080.0
1240214,1600,3080.0,3091.0,3080.0,3087.0
1240215,1600,3093.0,3104.0,3091.0,3092.0
1240216,1600,3098.0,3108.571,3086.0,3102.0
1240219,1600,3114.0,3118.0,3112.0,3115.0
1240220,1600,3122.0,3132.0,3105.29,3121.0
1240221,1600,3125.0,3130.0,3120.0,3120.0
1240222,1600,3120.0,3129.0,3111.0,3111.0
1240223,1600,3106.0,3122.0,3098.0,3121.0
1240226,1600,3124.0,3126.0,3107.0,3111.0
1240227,1600,3120.0,3139.0,3115.0,3120.0
1240228,1600,3118.0,3134.0,3115.6599,3126.5
1240229,1600,3134.0,3151.0,3120.0,3149.0
1240301,1600,3151.0,3194.0,3139.0,3193.5
1240304,1600,3202.0,3247.0,3194.1809,3247.0
1240305,1600,3244.0,3291.0,3134.9099,3253.0
1240306,1600,3258.0,3294.0,3249.3301,3271.0
1240307,1600,3294.0,3300.0,3271.0,3277.0
1240308,1600,3285.0,3297.0,3273.01,3295.0
1240311,1600,3304.0,3322.0,3295.4961,3311.0
1240312,1600,3310.0,3316.0,3262.4929,3295.0
1240313,1600,3286.0,3303.0,3282.0,3301.0
1240314,1600,3294.0,3300.0,3287.0,3293.5
1240315,1600,3308.0,3313.0,3293.0,3304.0
1240318,1600,3284.0,3303.0,3282.0,3300.0
1240319,1600,3302.0,3310.0,3292.99,3296.0
1240320,1600,3303.0,3310.0,3296.0,3302.0
1240321,1600,3356.0,3372.0,3330.0,3342.0
1240322,1600,3348.0,3359.0,3343.0,3344.0
1240325,1600,3344.0,3354.0,3340.0,3350.5
1240326,1600,3343.0,3377.0,3322.0161,3352.0
1240327,1600,3360.0,3383.0,3343.0,3379.0
1240328,1600,3381.0,3416.0,3380.0,3416.0
1240402,1600,3494.0,3523.0,3371.5339,3489.5
1240403,1600,3531.0,3532.0,3506.0,3519.0
1240404,1600,3531.0,3533.0,3508.428,3521.5
1240405,1600,3514.0,3583.0,3512.99,3583.0
1240408,1600,3596.0,3609.0,3569.0,3582.0
1240409,1600,3603.0,3634.0,3516.563,3601.0
1240410,1600,3613.0,3639.0,3578.0,3626.0
1240411,1600,3627.0,3639.0,3607.0,3634.5
1240412,1600,3720.0,3800.0,3719.0,3736.0
1240415,1600,3673.0,3679.0,3635.0,3670.0
1240416,1600,3712.0,3739.0,3637.439,3732.0
1240417,1600,3715.0,3738.0,3713.0,3726.0
1240418,1600,3714.0,3732.0,3705.0,3720.0
1240419,1600,3740.0,3752.0,3713.0,3750.0
1240422,1600,3701.0,3722.0,3680.0,3685.0
1240423,1600,3629.0,3706.8259,3612.0,3627.0
1240424,1600,3636.0,3654.0,3617.0,3642.0
1240425,1600,3616.0,3647.0,3611.01,3631.0
1240426,1600,3638.0,3668.0,3637.0,3644.0
1240429,1600,3621.0,3637.3091,3615.3301,3623.0
1240430,1600,3605.0,3664.0129,3564.0,3570.0
1240501,1600,3566.0,3613.0,3556.0,3595.0
1240502,1600,3594.0,3594.0,3563.0,3586.5
1240503,1600,3566.0,3573.0,3529.0,3554.0
1240507,1600,3597.0,3601.6311,3582.2339,3588.0
1240508,1600,3606.0,3611.01,3594.0,3607.0
1240509,1600,3609.0,3635.0,3591.0,3627.5
1240510,1600,3674.0,3691.0,3667.0,3674.5
1240513,1600,3648.0,3650.0,3614.0,3614.0
1240514,1600,3623.0,3641.0,3615.998,3636.0
1240515,1600,3645.0,3665.0,3628.0,3660.5
1240516,1600,3663.0,3667.0,3644.0,3655.0
1240517,1600,3666.0,3704.0,3660.0,3684.5
1240520,1600,3734.0,3747.0,3689.0,3706.0
1240521,1600,3691.0,3721.0,3633.4719,3718.0
1240522,1600,3686.0,3705.0,3640.0,3650.0
1240523,1600,3614.0,3624.0,3581.0,3586.0
1240524,1600,3583.0,3588.0,3559.0,3559.0
1240528,1600,3569.0,3606.0,3563.0,3590.5
1240529,1600,3590.0,3604.0,3563.0,3576.0
1240530,1600,3578.0,3611.0,3564.0,3578.0
1240531,1600,3586.0,3599.0,3558.0,3563.0
1240603,1600,3548.0,3571.0,3544.0,3562.5
1240604,1600,3563.0,3578.0,3506.0,3540.0
1240605,1600,3554.0,3665.0,3545.0,3582.0
1240606,1600,3599.0,3612.0,3583.0,3612.0
1240607,1600,3609.0,3616.0,3500.0,3528.0
1240610,1600,3510.0,3532.0,3503.0,3522.0
1240611,1600,3521.0,3545.0,3517.0,3531.0
1240612,1600,3535.0,3554.0,3513.0,3532.0
1240613,1600,3525.0,3537.0,3509.0,3519.0
1240614,1600,3534.0,3600.0,3527.0,3570.0
1240617,1600,3558.0,3571.0,3546.0,3546.0
1240618,1600,3551.0,3565.0,3537.0,3561.0
1240619,1600,3563.0,3573.0,3551.0,3555.0
1240620,1600,3586.0,3627.0,3569.0,3608.5
1240621,1600,3625.0,3646.0,3580.0,3583.5
1240624,1600,3572.0,3591.0,3566.0,3569.0
1240625,1600,3565.0,3581.0,3555.0,3555.0
1240626,1600,3557.0,3562.0,3531.0,3543.0
1240627,1600,3540.0,3590.0,3537.0,3576.0
1240628,1600,3582.0,3612.0,3575.0,3583.0
1240701,1600,3567.0,3593.0,3560.0,3581.0
1240702,1600,3585.0,3592.0,3563.0,3570.5
1240703,1600,3589.0,3622.0,3563.0,3600.0
1240704,1600,3595.0,3609.0,3581.0,3594.0
1240705,1600,3599.0,3626.0,3582.0,3623.0
1240708,1600,3613.0,3616.0,3589.0,3589.0
1240709,1600,3588.0,3594.3201,3575.0,3579.5
1240710,1600,3605.0,3617.0,3597.0,3605.0
1240711,1600,3600.0,3648.0,3581.0,3647.0
1240712,1600,3624.0,3624.0,3592.0,3608.0
1240715,1600,3604.0,3651.0,3602.0,3644.0
1240716,1600,3655.0,3697.0,3650.0,3692.5
1240717,1600,3691.0,3723.0,3676.0,3684.0
1240718,1600,3699.0,3716.0,3681.0,3693.0
1240719,1600,3636.0,3658.0,3604.0,3620.0
1240722,1600,3618.0,3626.0,3589.0,3592.5
1240723,1600,3597.0,3633.0,3596.0,3623.0
1240724,1600,3648.0,3665.0,3632.0,3654.0
1240725,1600,3579.0,3599.0,3561.0,3570.5
1240726,1600,3587.0,3615.0,3570.0,3606.0
1240729,1600,3614.0,3633.0,3588.0,3594.0
1240730,1600,3615.0,3638.0,3602.0,3617.0
1240731,1600,3667.0,3681.0,3658.0,3665.5
1240801,1600,3709.0,3748.0,3700.0,3726.0
1240802,1600,3767.0,3776.0,3665.0,3686.0
1240805,1600,3707.0,3717.0,3600.0,3665.0
1240806,1600,3665.0,3701.0,3645.0,3652.0
1240807,1600,3665.0,3677.0,3655.0,3665.5
1240808,1600,3667.0,3707.0,3663.0,3691.0
1240809,1600,3691.0,3713.0,3685.0,3699.0
1240812,1600,3712.0,3743.0,3710.0,3742.0
1240813,1600,3742.0,3756.0,3724.0,3740.0
1240814,1600,3739.0,3754.0,3700.0,3708.5
1240815,1600,3717.0,3734.0,3692.0,3713.0
1240816,1600,3709.0,3778.0,3692.0,3749.5
1240819,1600,3752.0,3766.0,3732.0,3751.5
1240820,1600,3744.0,3787.0,3742.0,3751.0
1240821,1600,3756.0,3768.0,3710.0,3731.0
1240822,1600,3725.0,3727.0,3670.0,3680.0
1240823,1600,3696.0,3722.0,3691.0,3701.5
1240827,1600,3706.0,3709.7151,3668.0,3697.5
1240828,1600,3686.0,3697.0,3671.0,3693.0
1240829,1600,3700.0,3731.0,3697.0,3720.0
1240830,1600,3714.0,3740.0,3704.0,3707.0
1240902,1600,3697.0,3713.0,3687.0,3699.0
1240903,1600,3702.0,3715.0,3658.0,3685.5
1240904,1600,3686.0,3700.0,3664.0,3689.5
1240905,1600,3705.0,3734.0,3697.0,3703.0
1240906,1600,3715.0,3723.0,3694.0,3718.0
1240909,1600,3695.0,3721.0,3691.0,3714.0
1240910,1600,3718.0,3743.0,3705.342,3740.5
1240911,1600,3753.0,3756.0,3715.0,3751.5
1240912,1600,3752.0,3800.0,3741.0,3797.0
1240913,1600,3800.0,3839.0,3795.0,3817.0
1240916,1600,3818.0,3819.0,3793.0,3801.0
1240917,1600,3806.0,3823.0,3752.1021,3791.5
1240918,1600,3790.0,3797.0,3773.0,3787.5
1240919,1600,3779.0,3805.0,3775.0,3786.0
1240920,1600,3803.0,3833.0,3800.0,3825.5
1240923,1600,3836.0,3848.0,3826.0,3831.5
1240924,1600,3826.0,3848.0,3793.1531,3843.5
1240925,1600,3850.0,3875.0,3848.0,3870.0
1240926,1600,3878.0,3919.0,3865.0,3869.5
1240927,1600,3870.0,3888.0,3836.0,3850.0
1240930,1600,3860.0,3867.0,3813.0,3818.0
1241001,1600,3846.0,3906.0,3844.0,3903.0
1241002,1600,3876.0,3902.0,3871.0,3879.5
1241003,1600,3919.0,3948.0,3901.0,3931.0
1241004,1600,3934.0,3958.0,3914.0,3942.0
1241007,1600,3918.0,3958.0,3902.0,3938.0
1241008,1600,3920.0,3936.0,3872.0,3873.0
1241009,1600,3883.0,3896.0,3867.0,3886.0
1241010,1600,3882.0,3920.0,3864.0,3903.0
1241011,1600,3932.0,3954.0,3919.0,3952.0
1241014,1600,3965.0,3966.0,3936.0,3941.0
1241015,1600,3947.0,3958.0,3913.7209,3956.0
1241016,1600,4007.0,4010.0,3985.0,3998.0
1241017,1600,4014.0,4034.0,3998.0,4024.5
1241018,1600,4030.0,4056.0,4018.0,4051.0
1241021,1600,4075.0,4093.0,4065.0,4075.0
1241022,1600,4086.0,4121.0,3945.3701,4105.5
1241023,1600,4122.0,4143.0,4057.0,4081.0
1241024,1600,4109.0,4124.0,4079.0,4096.0
1241025,1600,4095.0,4107.0,4067.0,4104.5
1241028,1600,4106.0,4127.0,4086.0,4109.0
1241029,1600,4124.0,4150.0,4099.5962,4136.0
1241030,1600,4156.0,4186.0,4139.0,4164.0
1241031,1600,4162.0,4168.0,4122.0,4139.0
1241101,1600,4145.0,4152.0,4109.0,4119.0
1241104,1600,4101.0,4118.0,4087.0,4108.0
1241105,1600,4099.0,4128.9629,4085.0,4090.0
1241106,1600,4116.0,4132.0,4012.0,4030.0
1241107,1600,4004.0,4038.0,3993.0,4033.0
1241108,1600,4030.0,4061.0,4022.0,4041.0
1241111,1600,4024.0,4032.0,3944.0,3951.0
1241112,1600,3941.0,4054.4189,3924.0,3966.0
1241113,1600,3977.0,3997.0,3956.0,3956.0
1241114,1600,3918.0,3953.0,3894.0,3938.0
1241115,1600,3936.0,3964.0,3931.0,3947.5
1241118,1600,3976.0,4022.0,3974.0,4013.0
1241119,1600,4018.0,4059.0,3972.6851,4027.0
1241120,1600,4014.0,4077.0,4010.0,4077.0
1241121,1600,4091.0,4117.0,4077.0,4114.0
1241122,1600,4167.0,4214.0,4152.0,4199.0
1241125,1600,4127.0,4160.0,4065.0,4073.0
1241126,1600,4050.0,4076.0,4020.946,4073.0
1241127,1600,4086.0,4099.0,4048.0,4051.0
1241128,1600,4054.0,4069.0,4040.0,4050.0
1241129,1600,4064.0,4099.0,4058.0,4071.0
1241202,1600,4031.0,4083.0,4020.0,4062.5
1241203,1600,4059.0,4074.0,4043.0,4059.0
1241204,1600,4048.0,4080.0,4040.0,4056.0
1241205,1600,4046.0,4054.0,4016.0,4020.0
1241206,1600,4020.0,4031.0,3996.0,4024.0
1241209,1600,4035.0,4075.0,4027.0,4052.0
1241210,1600,4065.0,4108.0,4058.0,4096.0
1241211,1600,4106.0,4153.0,4096.0,4140.0
1241212,1600,4135.0,4143.0,4095.0,4099.0
1241213,1600,4129.0,4133.0,4083.0,4096.0
1241216,1600,4083.0,4094.0,4057.0,4060.0
1241217,1600,4061.0,4062.0,4030.0,4035.0
1241218,1600,4050.0,4059.0,4033.0,4039.0
1241219,1600,4031.0,4055.0,4003.0,4011.0
1241220,1600,4051.0,4080.0,4032.0,4056.0
1241223,1600,4068.0,4073.0,4048.0,4056.0
1241224,1600,4062.0,4062.0,4043.7749,4049.0
1241227,1600,4085.0,4093.0,4038.0,4047.0
1241230,1600,4044.0,4051.0,4027.0,4034.0
1241231,1600,4044.0,4054.0,4042.0,4046.0
1250102,1600,4097.0,4175.0,4082.0,4175.0
1250103,1600,4161.0,4169.0,4133.0,4135.0
1250106,1600,4099.0,4110.0,4067.0,4095.0
1250107,1600,4089.0,4131.0,4081.0,4127.0
1250108,1600,4135.0,4205.0,4132.0,4196.0
1250109,1600,4221.0,4236.0,4207.0,4218.0
1250110,1600,4231.0,4291.0,4220.0,4284.0
1250113,1600,4301.0,4316.0,4255.0,4261.0
1250114,1600,4250.0,4273.0,4239.0,4258.0
1250115,1600,4262.0,4278.0,4214.0,4274.0
1250116,1600,4289.0,4336.0,4289.0,4318.0
1250117,1600,4326.0,4334.0,4304.0,4328.0
1250120,1600,4303.0,4323.0,4261.0,4274.0
1250121,1600,4322.0,4337.0,4310.0,4324.0
1250122,1600,4338.0,4358.0,4330.0,4354.0
1250123,1600,4349.0,4353.0,4315.0,4333.0
1250124,1600,4350.0,4363.0,4317.0,4320.0
1250127,1600,4301.0,4312.0,4264.0,4268.0
1250128,1600,4280.0,4334.8882,4273.0,4307.0
1250129,1600,4308.0,4327.0,4300.0,4300.0
1250130,1600,4324.0,4363.0,4320.0,4354.0
1250131,1600,4372.0,4416.0,4366.0,4388.0
1250203,1600,4414.0,4456.0,4405.0,4417.0
1250204,1600,4403.0,4450.0,4310.6748,4423.0
1250205,1600,4453.0,4500.0,4430.0,4453.0
1250206,1600,4451.0,4514.0,4439.0,4455.0
1250207,1600,4474.0,4518.0,4460.0,4491.0
1250210,1600,4535.0,4571.0,4530.0,4560.0
1250211,1600,4589.0,4592.0,4470.3481,4546.0
1250212,1600,4513.0,4541.0,4486.0,4530.0
1250213,1600,4528.0,4555.0,4519.0,4521.0
1250214,1600,4534.0,4543.0,4457.0,4458.5
1250217,1600,4477.0,4482.0,4464.0,4464.0
1250218,1600,4483.0,4546.3081,4479.0,4513.0
1250219,1600,4520.0,4548.0,4513.0,4517.0
1250220,1600,4550.0,4555.0,4506.0,4528.0
1250221,1600,4495.0,4513.0,4479.0,4513.0
1250224,1600,4525.0,4544.0,4507.0,4522.0
1250225,1600,4516.0,4531.0,4434.0,4448.0
1250226,1600,4478.0,4484.0,4437.0,4456.0
1250227,1600,4437.0,4447.0,4405.0,4423.0
1250228,1600,4414.0,4421.0,4366.0,4396.0
1250303,1600,4415.0,4430.0,4394.0,4418.0
1250304,1600,4435.0,4472.0,4431.0,4447.0
1250305,1600,4422.0,4447.0,4387.0,4423.0
1250306,1600,4382.0,4400.0,4361.0,4391.0
1250307,1600,4393.0,4408.0,4371.0,4388.0
1250310,1600,4384.0,4392.0,4352.0,4371.0
1250311,1600,4367.0,4409.5649,4365.0,4378.0
1250312,1600,4380.0,4400.0,4360.0,4399.0
1250313,1600,4403.0,4492.0,4402.0,4474.0
1250314,1600,4490.0,4516.0,4475.0,4493.0
1250317,1600,4486.0,4497.0,4471.0,4480.0
1250318,1600,4513.0,4558.0,4447.501,4539.0
1250319,1600,4546.0,4555.0,4529.0,4546.0
1250320,1600,4557.0,4577.0,4541.0,4549.0
1250321,1600,4553.0,4564.0,4507.0,4536.0
1250324,1600,4536.0,4553.0,4508.0,4532.0
1250325,1600,4533.0,4560.0,4493.4438,4534.0
1250326,1600,4559.0,4568.0,4537.0,4547.0
1250327,1600,4569.0,4595.0,4555.0,4578.0
1250328,1600,4619.0,4647.0,4601.0,4625.0
1250331,1600,4675.0,4707.0,4656.0,4693.0
1250401,1600,4712.0,4734.0,4550.2271,4703.0
1250402,1600,4692.0,4714.0,4670.0,4687.0
1250403,1600,4633.0,4635.0,4502.0,4604.0
1250404,1600,4616.0,4691.0,4540.0,4540.0
1250407,1600,4562.0,4621.0,4516.0,4551.0
1250408,1600,4577.0,4667.9668,4563.0,4575.0
1250409,1600,4596.0,4700.0,4590.0,4691.0
1250410,1600,4712.0,4753.0,4678.0,4744.0
1250411,1600,4772.0,4827.0,4762.0,4823.0
1250414,1600,4767.0,4775.0,4720.0,4725.0
1250415,1600,4749.0,4753.0,4613.7622,4734.0
1250416,1600,4823.0,4868.0,4812.0,4868.0
1250417,1600,4890.0,4908.0,4813.0,4832.0
1250422,1600,5042.0,5054.0,4781.3428,4966.0
1250423,1600,4828.0,4878.0,4762.0,4791.0
1250424,1600,4866.0,4886.0,4825.0,4862.0
1250425,1600,4826.0,4839.0,4760.0,4779.0
1250428,1600,4798.0,4843.0,4765.0,4830.0
1250429,1600,4806.0,4844.8789,4779.0,4797.0
1250430,1600,4793.0,4840.0,4752.0,4816.0
1250501,1600,4729.0,4731.0,4670.0,4692.0
1250502,1600,4749.0,4779.0,4728.0,4737.0
1250506,1600,4913.0,4941.0,4725.853,4941.0
1250507,1600,4933.0,4942.0,4908.0,4929.0
1250508,1600,4872.0,4909.0,4868.0,4880.0
1250509,1600,4878.0,4885.0,4852.0,4879.0
1250512,1600,4783.0,4783.0,4730.0,4760.0
1250513,1600,4802.0,4890.6328,4738.0,4755.0
1250514,1600,4716.0,4725.0,4632.0,4652.0
1250515,1600,4602.0,4706.0,4581.0,4701.0
1250516,1600,4688.0,4693.0,4611.0,4659.0
1250519,1600,4704.0,4720.0,4676.0,4700.0
1250520,1600,4666.0,4775.0,4659.0,4762.0
1250521,1600,4795.0,4804.0,4764.0,4785.5
1250522,1600,4817.0,4822.0,4748.0,4766.0
1250523,1600,4812.0,4837.0,4779.0,4832.0
1250527,1600,4744.0,4768.062,4713.0,4736.0
1250528,1600,4766.0,4782.0,4750.0,4756.0
1250529,1600,4721.0,4780.0,4720.0,4775.0
1250530,1600,4759.0,4766.0,4721.0,4741.0
1250602,1600,4805.0,4849.0,4794.0,4837.0
1250603,1600,4825.0,4839.0,4758.834,4814.0
1250604,1600,4820.0,4844.0,4803.0,4829.0
1250605,1600,4827.0,4870.0,4797.0,4797.0
1250606,1600,4817.0,4833.0,4758.0,4786.0
1250609,1600,4760.0,4774.0,4744.0,4770.0
1250610,1600,4794.0,4824.207,4778.0,4782.0
1250611,1600,4812.0,4823.0,4781.0,4785.0
1250612,1600,4832.0,4851.0,4794.0,4846.0
1250613,1600,4901.0,4950.0,4887.0,4891.0
1250616,1600,4886.0,4895.0,4829.0,4866.0
1250617,1600,4847.0,4871.0,4827.1909,4862.0
1250618,1600,4878.0,4909.0,4868.0,4887.0
1250619,1600,4866.0,4890.0,4852.0,4869.0
1250620,1600,4826.0,4865.0,4810.0,4858.0
1250623,1600,4851.0,4909.0,4843.0,4876.0
1250624,1600,4756.0,4864.0801,4577.5581,4724.0
1250625,1600,4751.0,4757.0,4726.0,4742.0
1250626,1600,4730.0,4744.0,4681.0,4696.0
1250627,1600,4656.0,4669.0,4608.0,4636.0
1250630,1600,4655.0,4675.0,4638.0,4658.0
1250701,1600,4708.0,4748.0,4687.603,4734.0
1250702,1600,4716.0,4786.0,4710.0,4767.0
1250703,1600,4785.0,4785.0,4729.0,4736.0
1250704,1600,4746.0,4756.0,4740.0,4744.5
1250707,1600,4721.0,4738.0,4707.0,4730.0
1250708,1600,4754.0,4772.0,4661.1831,4719.0
1250709,1600,4702.0,4737.0,4688.0,4731.0
1250710,1600,4747.0,4769.0,4737.0,4755.0
1250711,1600,4780.0,4845.0,4776.0,4838.0
1250714,1600,4863.0,4868.0,4820.0,4832.0
1250715,1600,4856.0,4863.0,4712.4468,4827.0
1250716,1600,4838.0,4888.0,4822.0,4864.0
1250717,1600,4839.0,4842.0,4795.0,4832.0
1250718,1600,4833.0,4852.0,4829.0,4845.0
1250721,1600,4862.0,4898.0,4854.0,4888.0
1250722,1600,4883.0,4938.0,4839.0029,4923.0
1250723,1600,4916.0,4927.0,4882.0,4886.0
1250724,1600,4835.0,4845.0,4809.0,4841.0
1250725,1600,4836.0,4843.0,4812.0,4812.0
1250728,1600,4832.0,4837.0,4779.0,4806.0
1250729,1600,4832.0,4857.0,4825.0,4841.0
1250730,1600,4836.0,4864.0,4809.0,4814.0
1250731,1600,4827.0,4872.0,4825.0,4841.0
1250801,1600,4841.0,4912.0,4833.0,4910.0
1250804,1600,4914.0,4945.0,4901.0,4931.5
1250805,1600,4926.0,4954.0,4838.6108,4942.0
1250806,1600,4928.0,4934.0,4900.0,4913.0
1250807,1600,4921.0,4934.0,4880.0,4905.0
1250808,1600,4911.0,4936.0,4882.0,4897.0
1250811,1600,4855.0,4868.0,4839.0,4853.0
1250812,1600,4836.0,4929.9932,4797.0,4815.0
1250813,1600,4823.0,4825.0,4802.0,4802.0
1250814,1600,4809.0,4813.0,4780.0,4793.0
1250815,1600,4785.0,4798.0,4769.0,4784.0
1250818,1600,4803.0,4810.0,4781.0,4790.0
1250819,1600,4793.0,4832.1582,4777.0,4785.0
1250820,1600,4786.0,4829.0,4776.0,4819.0
1250821,1600,4819.0,4847.0,4794.0,4836.0
1250822,1600,4824.0,4852.0,4808.0,4844.0
1250826,1600,4874.0,4879.0,4790.2412,4876.0
1250827,1600,4873.0,4893.0,4868.0,4886.0
1250828,1600,4881.0,4906.0,4875.3398,4896.0
1250829,1600,4907.0,4955.0,4904.0,4954.0
1250901,1600,4995.0,4996.0,4975.0,4986.0
1250902,1600,5002.0,5100.0,4877.8452,5100.0
1250903,1600,5130.0,5153.0,5116.0,5150.0
1250904,1600,5112.0,5141.0,5106.0,5127.0
1250905,1600,5128.0,5160.0,5111.0,5149.0
1250908,1600,5170.0,5230.0,5166.0,5216.0
1250909,1600,5222.0,5261.0,5069.98,5223.0
1250910,1600,5232.0,5250.0,5218.0,5226.0
1250911,1600,5220.0,5230.0,5190.0,5203.0
1250912,1600,5229.0,5239.0,5216.0,5222.0
1250915,1600,5208.0,5239.0,5187.0,5236.0
1250916,1600,5261.0,5268.0,5206.8389,5238.0
1250917,1600,5234.0,5241.0,5208.3809,5240.0
1250918,1600,5196.0,5239.0,5191.0,5216.0
1250919,1600,5243.0,5296.0,5243.0,5287.0
1250922,1600,5350.0,5368.0,5340.0,5368.0
1250923,1600,5394.0,5451.0,5213.4761,5431.0
1250924,1600,5427.0,5452.0,5410.0,5410.0
1250925,1600,5397.0,5440.0,5394.0,5434.0
1250926,1600,5438.0,5487.0,5431.0,5472.0
1250929,1600,5514.0,5545.0,5493.0,5534.0
1250930,1600,5572.0,5577.0,5426.7012,5545.0
1251001,1600,5566.0,5620.0,5546.0,5567.0
1251002,1600,5564.0,5623.0,5535.0,5545.0
1251003,1600,5578.0,5610.0,5565.0,5602.0
1251006,1600,5682.0,5714.0,5672.0,5695.0
1251007,1600,5706.0,5769.0,5530.8208,5756.0
1251008,1600,5843.0,5867.0,5825.0,5856.0
1251009,1600,5850.0,5891.0,5827.0,5855.0
1251010,1600,5797.0,5854.0,5772.0,5835.0
1251013,1600,5919.0,5980.0,5916.0,5966.0
1251014,1600,6008.0,6067.0,5792.2949,6044.0
1251015,1600,6100.0,6138.0,6050.0,6075.0
1251016,1600,6111.0,6179.0,6102.0,6176.0
1251017,1600,6289.0,6300.0,6104.0,6168.0
1251020,1600,6132.0,6301.0,6128.0,6289.0
1251021,1600,6295.0,6295.0,5920.0,5983.0
1251022,1600,6053.0,6056.0,5830.0,5858.0
1251023,1600,5988.0,6052.0,5953.0,6038.0
1251024,1600,5960.0,6036.0,5897.0,6026.0
1251027,1600,5931.0,5935.0,5781.0,5808.0
1251028,1600,5731.0,6186.813,5670.0,5791.0
1251029,1600,5874.0,5925.0,5847.0,5866.0
1251030,1600,5829.0,5945.0,5826.0,5902.0
1251031,1600,5940.0,5977.0,5870.0,5891.0
1251103,1600,5949.0,5980.0,5901.0,5902.0
1251104,1600,5911.0,5944.0,5850.0,5909.0
1251105,1600,5922.0,5941.0,5895.0,5924.0
1251106,1600,5954.0,5979.0,5890.0,5892.0
1251107,1600,5929.0,5947.0,5881.0,5920.0
1251110,1600,6013.0,6049.0,6000.0,6041.0
1251111,1600,6108.0,6133.0,5912.9238,6058.0
1251112,1600,6079.0,6200.0,6070.0,6200.0
1251113,1600,6234.0,6265.0,6165.0,6189.0
1251114,1600,6174.0,6192.0,5943.0,6048.0
1251117,1600,6026.0,6035.0,5973.0,6002.0
1251118,1600,5927.0,6100.7759,5918.0,6000.0
1251119,1600,6037.0,6122.0,6028.0,6057.0
1251120,1600,6035.0,6083.0,6001.0,6030.0
1251121,1600,5985.0,6066.0,5974.0,6037.0
1251124,1600,6025.0,6076.0,6014.0,6068.0
1251125,1600,6115.0,6130.0,6010.3032,6095.0
1251126,1600,6124.0,6168.0,6084.0,6107.0
1251127,1600,6103.0,6119.0,6082.7979,6087.0
1251128,1600,6132.0,6199.0,6091.0,6173.0
1251201,1600,6235.0,6255.0,6177.0,6210.0
1251202,1600,6191.0,6215.73,6089.2251,6157.0
1251203,1600,6167.0,6191.0,6129.48,6147.0
1251204,1600,6106.0,6133.0,6088.9502,6127.0
1251205,1600,6144.0,6190.6699,6121.0,6139.0
1251208,1600,6131.0,6143.8999,6089.584,6115.0
1251209,1600,6094.0,6156.0,6091.0,6146.0
1251210,1600,6123.0,6130.0,6102.0,6117.0
1251211,1600,6123.0,6162.0,6097.3042,6161.0
1251212,1600,6217.0,6318.0,6208.0,6221.0
1251215,1600,6305.0,6316.0,6226.0,6229.0
1251216,1600,6223.0,6278.0,6177.73,6220.0
1251217,1600,6292.0,6315.0,6261.0,6271.0
1251218,1600,6292.0,6336.7998,6237.0,6332.0
1251219,1600,6279.0,6327.0,6271.0,6312.0
1251222,1600,6385.0,6407.0,6366.0,6401.0
1251223,1600,6453.0,6464.0,6258.5518,6423.0
1251224,1600,6437.0,6462.0,6432.0,6453.0
1251229,1600,6446.0,6464.0,6182.0,6239.0
1251230,1600,6283.0,6438.5112,6252.0371,6288.0
1251231,1600,6249.0,6266.5352,6208.0,6217.0
1260102,1600,6317.0,6356.0,6209.4268,6210.0
1260105,1600,6394.0,6415.3281,6351.0,6381.0
1260106,1600,6388.0,6450.0,6248.853,6450.0
1260107,1600,6419.0,6438.729,6371.0,6432.0
1260108,1600,6398.0,6446.0,6366.0,6446.0
1260109,1600,6460.0,6536.0,6450.0,6520.0
1260112,1600,6620.0,6674.0,6600.0,6661.0
1260113,1600,6607.0,6684.0,6400.3652,6655.0
1260114,1600,6688.0,6699.0,6635.48,6670.0
1260115,1600,6650.0,6705.0,6642.9678,6686.0
1260116,1600,6678.0,6692.0,6568.0,6659.0
1260119,1600,6765.0,6776.0,6743.0,6751.0
1260120,1600,6792.0,6858.0,6677.1318,6842.0
1260121,1600,7023.0,7060.0,6958.0,7001.0
1260122,1600,6983.0,7020.0,6926.0,7018.0
1260123,1600,7114.0,7133.0,7040.0,7121.0
1260126,1600,7240.0,7253.0,7186.5439,7191.0
1260127,1600,7218.0,7229.0,7009.999,7176.0
1260128,1600,7448.0,7468.769,7381.0,7444.0
1260129,1600,7759.0,7796.0,7194.0,7435.0
1260130,1600,7299.0,7299.0,6977.0,7055.0
1260202,1600,6559.0,6822.3921,6518.0,6626.0
1260203,1600,6955.0,7286.834,6932.3379,7057.0
1260204,1600,7196.0,7207.0,6941.9331,7001.0
1260205,1600,7009.0,7042.0,6869.0,6954.0
1260206,1600,6930.0,7082.0,6910.6001,7036.0
1260209,1600,7141.0,7212.0371,7103.0,7201.0
1260210,1600,7145.0,7200.6001,7026.5229,7128.0
1260211,1600,7176.0,7256.6572,7153.0,7225.0
1260212,1600,7213.0,7226.0,6953.7998,7029.0
1260213,1600,7091.0,7163.8271,7038.0,7147.0
1260216,1600,7126.0,7137.5078,7076.5688,7101.0
1260217,1600,7037.0,7158.2051,6943.1362,7002.0
1260218,1600,7055.0,7181.0,7015.0,7164.0
1260219,1600,7198.0,7239.0,7165.0,7218.0
1260220,1600,7226.0,7291.0,7180.0,7291.0
1260223,1600,7371.0,7500.0,7357.1431,7491.0
1260224,1600,7458.0,7459.0,7087.6021,7372.0
1260225,1600,7444.0,7467.0,7410.0,7461.0
1260226,1600,7432.0,7458.0,7369.46,7445.0
1260227,1600,7452.0,7581.0,7439.2402,7541.0
1260302,1600,7850.0,7810.0,7637.0,7690.0
1260303,1600,7756.0,7770.0,7310.2129,7464.0
1260304,1600,7509.0,7546.0,7453.54,7481.0
1260305,1600,7510.0,7533.0,7351.0,7382.0
1260306,1600,7431.0,7509.0,7370.0,7448.0
1260309,1600,7421.0,7462.0,7356.0,7393.0
1260310,1600,7460.0,7549.8799,7442.0,7542.0
1260311,1600,7507.0,7514.0,7454.0,7482.0
1260312,1600,7509.0,7523.4692,7434.0,7457.0
1260313,1600,7431.0,7491.0,7357.0,7400.0
1260316,1600,7322.0,7351.0,7259.0,7259.0
1260317,1600,7322.0,7335.6802,7238.0,7274.0
1260318,1600,7261.0,7261.0,7049.6909,7102.0
1260319,1600,6931.0,6933.0,6591.7471,6656.0
1260320,1600,6794.0,6841.0,6612.6001,6682.0
1260323,1600,6170.0,6503.4922,6131.0,6339.0
1260324,1600,6365.0,6433.0,6315.0,6400.0
1260325,1600,6586.0,6639.0,6551.0,6602.0
1260326,1600,6473.0,6500.0,6382.0,6382.0
1260327,1600,6485.0,6633.0,6427.54,6597.0
1260330,1600,6630.0,6716.0,6619.2422,6682.0
1260331,1600,6700.0,6790.1201,6658.0,6786.0
1260401,1600,6911.0,6966.0,6878.3599,6966.0
1260402,1600,6755.0,6889.5801,6731.5249,6847.0
1260407,1600,6822.0,6865.6001,6753.3999,6808.0
1260408,1600,6960.0,6969.3271,6834.0,6866.0
1260409,1600,6828.0,6924.0,6821.3618,6924.0
1260410,1600,6866.0,6902.3691,6842.9829,6880.0
1260413,1600,6840.0,6852.6001,6780.0,6796.0
1260414,1600,6861.0,6881.0,6804.377,6875.0
1260415,1600,6886.0,6912.8052,6854.0,6860.0
1260416,1600,6898.0,6909.0,6850.0,6886.0
1260417,1600,6876.0,6983.4771,6858.522,6972.0
1260420,1600,6893.0,6925.3062,6869.1499,6888.0
1260421,1600,6857.0,6886.4702,6777.3589,6815.0
1260422,1600,6842.0,6849.917,6794.0,6796.0
1260423,1600,6779.0,6823.0,6734.7002,6801.0
1260424,1600,6736.0,6808.0,6724.3911,6785.0
1260427,1600,6757.0,6761.6782,6683.0,6699.0
1260428,1600,6654.0,6664.936,6550.2998,6569.0
1260429,1600,6591.0,6592.8789,6489.7002,6535.0
1260430,1600,6611.0,6672.3262,6592.0,6605.0
1260501,1600,6553.0,6622.9521,6505.7998,6605.0
1260505,1600,6522.0,6561.6519,6505.2241,6548.0
1260506,1600,6665.0,6729.0,6646.0,6695.0
1260507,1600,6762.0,6783.0,6727.2002,6758.0
1260508,1600,6750.0,6761.0,6701.5669,6705.0
1260511,1600,6677.0,6758.3599,6634.9878,6727.0
1260512,1600,6729.0,6756.7988,6664.6689,6690.0
1260513,1600,6748.0,6762.0,6707.207,6736.0
1260514,1600,6740.0,6771.3599,6712.0,6747.0
1260515,1600,6638.0,6661.0,6560.0,6618.0
1260518,1600,6606.0,6639.1099,6568.0,6576.0
1260519,1600,6583.0,6656.0,6472.0029,6520.0
1260520,1600,6484.0,6562.0,6477.916,6538.0
1260521,1600,6529.0,6555.5708,6497.0,6528.0
1260522,1600,6541.0,6553.5601,6490.0,6524.0
1260526,1600,6524.0,6536.0,6484.2109,6503.0
1260527,1600,6471.0,6492.6929,6351.0,6411.0
1260528,1600,6350.0,6469.0,6337.4722,6468.0
1260529,1600,6529.0,6612.0,6520.0,6591.0
1260601,1600,6487.0,6503.0,6432.48,6461.0
1260602,1600,6529.0,6539.3188,6470.0,6488.0
1260603,1600,6438.0,6452.6982,6397.5498,6414.0
1260604,1600,6452.0,6511.0898,6436.6958,6459.0
1260605,1600,6431.0,6448.0,6297.0,6307.0
1260608,1600,6262.0,6308.166,6230.0,6303.0
1260609,1600,6287.0,6311.0049,6192.0,6192.0
1260610,1600,6093.0,6097.5479,5960.3599,5981.0
1260611,1600,5938.0,5961.3169,5895.3599,5931.0
1260612,1600,6051.0,6122.645,6043.8711,6103.0
1260615,1600,6217.0,6307.0,6213.2012,6286.0
1260616,1600,6260.0,6297.2788,6244.2568,6255.0
1260617,1600,6261.0,6315.25,6244.0,6312.0
1260618,1600,6276.0,6285.0,6203.0,6203.0
1260619,1600,6099.0,6132.6982,6072.5571,6092.0
1260622,1600,6166.0,6176.397,6125.0,6132.0
1260623,1600,6033.0,6083.5332,5998.6201,6078.0
1260624,1600,6012.0,6019.0,5848.3599,5906.0
1260625,1600,5858.0,5936.603,5848.0,5910.0
1260626,1600,5928.0,6010.7432,5915.0,5994.0
1260629,1600,5959.0,5971.5498,5864.0,5887.0
1260630,1600,5901.0,5949.0,5882.0,5895.0
1260701,1600,5823.0,6010.0,5803.0181,5960.0
1260702,1600,5938.0,6007.6729,5906.2402,5991.0
1260703,1600,6056.0,6080.5371,6040.0,6053.0
1260706,1600,6042.0,6055.0,6000.4229,6026.0
1260707,1600,5987.0,6058.4258,5969.29,6008.0
1260708,1600,5987.0,5989.0,5844.7002,5846.0
1260709,1600,5934.0,5983.0,5928.3838,5974.0
1260710,1600,5942.0,5946.0,5900.0,5929.0
1260713,1600,5881.0,5905.814,5803.0,5824.0
1260714,1600,5841.0,5927.0,5820.0,5914.0
1260715,1600,5828.0,5882.499,5814.0,5819.0
1260716,1600,5776.0,5806.0,5715.0,5776.0
1260717,1600,5757.0,5789.0,5720.0,5783.0
1260720,1600,5770.0,5813.7002,5767.0,5801.0
1260721,1600,5883.0,5914.0,5861.2681,5913.0
1260722,1600,5967.0,6033.8618,5958.0,6031.0
1260723,1600,5974.0,5974.0,5879.0,5900.0
1260724,1600,5877.0,5934.0,5875.0601,5924.0
1260727,1600,5955.0,5980.9199,5926.0,5940.0
1260728,1600,5907.0,5912.4951,5855.5239,5879.0
1260729,1600,5897.0,5902.0,5834.0,5856.0
1260730,1600,5869.0,5951.0,5867.2471,5911.0
1260731,1600,5881.0,5883.2271,5818.7061,5819.0
1260803,1600,5854.0,5857.0,5798.416,5826.0
1260804,1600,5869.0,5904.397,5839.2002,5883.0
1260805,1600,6011.0,6142.3062,5980.0,6131.0
1260806,1600,6132.0,6172.2002,6093.353,6127.0
1260807,1600,6196.0,6278.5249,6178.0,6255.0
1260810,1600,6265.0,6267.2231,6200.0,6239.0
1260811,1600,6270.0,6325.2002,6261.3008,6286.0
1260812,1600,6324.0,6366.2002,6294.0,6345.0
1260813,1600,6303.0,6324.0,6253.4932,6267.0
1260814,1600,6228.0,6291.7998,6219.2998,6283.0
1260817,1600,6298.0,6334.0,6263.0,6328.0
1260818,1600,6307.0,6315.7002,6235.4409,6244.0
1260819,1600,6226.0,6403.4829,6223.5518,6391.0
1260820,1600,6400.0,6458.4751,6338.1758,6432.0
1260821,1600,6482.0,6557.0,6479.0,6552.0
1260824,1600,6613.0,6655.0,6588.7002,6643.0
1260825,1600,6602.0,6614.0,6549.3008,6614.0
1260826,1600,6596.0,6606.0,6546.5811,6560.0
1260827,1600,6568.0,6574.0,6517.5508,6561.0
1260828,1600,6584.0,6609.0,6495.2002,6519.0
1260901,1600,6351.0,6351.0,6201.2998,6255.0
1260902,1600,6213.0,6316.2788,6185.3242,6281.0
1260903,1600,6353.0,6463.0,6353.0,6454.0
1260904,1600,6393.0,6429.6582,6272.0,6367.0
1260907,1600,6300.0,6335.8999,6275.0,6321.0
1260908,1600,6312.0,6315.877,6283.0,6306.0
1260909,1600,6296.0,6343.0,6269.7998,6300.0
1260910,1600,6331.0,6331.981,6216.5518,6262.0
1260911,1600,6243.0,6310.5381,6155.0,6271.0
1260914,1600,6214.0,6215.0,6127.9419,6178.0
1260915,1600,6181.0,6186.0,6134.8911,6161.0
1260916,1600,6232.0,6283.5991,6226.0,6270.0
1260917,1600,6239.0,6347.2002,6232.5542,6333.0
