1080102,1600,75.74,75.74,75.74,75.74
1080103,1600,75.35,75.35,75.35,75.35
1080104,1600,74.4,74.4,74.4,74.4
1080107,1600,74.48,74.48,74.48,74.48
1080108,1600,74.8,74.8,74.8,74.8
1080109,1600,74.16,74.16,74.16,74.16
1080110,1600,73.49,73.49,73.49,73.49
1080111,1600,73.54,73.54,73.54,73.54
1080114,1600,73.67,73.67,73.67,73.67
1080115,1600,72.09,72.09,72.09,72.09
1080116,1600,71.19,71.19,71.19,71.19
1080117,1600,70.64,70.64,70.64,70.64
1080118,1600,69.69,69.69,69.69,69.69
1080121,1600,64.7,64.7,64.7,64.7
1080122,1600,64.5,64.5,64.5,64.5
1080123,1600,61.35,61.35,61.35,61.35
1080124,1600,64.99,64.99,64.99,64.99
1080125,1600,64.95,64.95,64.95,64.95
1080128,1600,64.97,64.97,64.97,64.97
1080129,1600,65.67,65.67,65.67,65.67
1080130,1600,65.51,65.51,65.51,65.51
1080131,1600,65.28,65.28,65.28,65.28
1080201,1600,66.39,66.39,66.39,66.39
1080204,1600,66.7,66.7,66.7,66.7
1080205,1600,64.45,64.45,64.45,64.45
1080206,1600,65.24,65.24,65.24,65.24
1080207,1600,64.15,64.15,64.15,64.15
1080208,1600,64.47,64.47,64.47,64.47
1080211,1600,64.25,64.25,64.25,64.25
1080212,1600,66.38,66.38,66.38,66.38
1080213,1600,66.44,66.44,66.44,66.44
1080214,1600,66.33,66.33,66.33,66.33
1080215,1600,65.09,65.09,65.09,65.09
1080218,1600,66.38,66.38,66.38,66.38
1080219,1600,66.71,66.71,66.71,66.71
1080220,1600,65.73,65.73,65.73,65.73
1080221,1600,65.78,65.78,65.78,65.78
1080222,1600,64.84,64.84,64.84,64.84
1080225,1600,65.57,65.57,65.57,65.57
1080226,1600,66.55,66.55,66.55,66.55
1080227,1600,66.67,66.67,66.67,66.67
1080228,1600,65.38,65.38,65.38,65.38
1080229,1600,64.28,64.28,64.28,64.28
1080303,1600,63.73,63.73,63.73,63.73
1080304,1600,62.35,62.35,62.35,62.35
1080305,1600,63.67,63.67,63.67,63.67
1080306,1600,62.79,62.79,62.79,62.79
1080307,1600,62.05,62.05,62.05,62.05
1080310,1600,61.42,61.42,61.42,61.42
1080311,1600,62.15,62.15,62.15,62.15
1080312,1600,62.86,62.86,62.86,62.86
1080313,1600,61.92,61.92,61.92,61.92
1080314,1600,61.46,61.46,61.46,61.46
1080317,1600,58.89,58.89,58.89,58.89
1080318,1600,60.9,60.9,60.9,60.9
1080319,1600,60.6,60.6,60.6,60.6
1080320,1600,60.2,60.2,60.2,60.2
1080325,1600,62.15,62.15,62.15,62.15
1080326,1600,61.81,61.81,61.81,61.81
1080327,1600,62.66,62.66,62.66,62.66
1080328,1600,62.48,62.48,62.48,62.48
1080331,1600,62.25,62.25,62.25,62.25
1080401,1600,64.01,64.01,64.01,64.01
1080402,1600,64.55,64.55,64.55,64.55
1080403,1600,64.21,64.21,64.21,64.21
1080404,1600,64.42,64.42,64.42,64.42
1080407,1600,64.97,64.97,64.97,64.97
1080408,1600,64.5,64.5,64.5,64.5
1080409,1600,64.02,64.02,64.02,64.02
1080410,1600,63.86,63.86,63.86,63.86
1080411,1600,62.9,62.9,62.9,62.9
1080414,1600,62.43,62.43,62.43,62.43
1080415,1600,62.72,62.72,62.72,62.72
1080416,1600,63.84,63.84,63.84,63.84
1080417,1600,63.64,63.64,63.64,63.64
1080418,1600,65.18,65.18,65.18,65.18
1080421,1600,64.64,64.64,64.64,64.64
1080422,1600,64.08,64.08,64.08,64.08
1080423,1600,64.72,64.72,64.72,64.72
1080424,1600,64.97,64.97,64.97,64.97
1080425,1600,65.68,65.68,65.68,65.68
1080428,1600,65.96,65.96,65.96,65.96
1080429,1600,65.58,65.58,65.58,65.58
1080430,1600,66.18,66.18,66.18,66.18
1080502,1600,66.6,66.6,66.6,66.6
1080505,1600,66.68,66.68,66.68,66.68
1080506,1600,66.35,66.35,66.35,66.35
1080507,1600,66.91,66.91,66.91,66.91
1080508,1600,66.87,66.87,66.87,66.87
1080509,1600,66.22,66.22,66.22,66.22
1080512,1600,66.53,66.53,66.53,66.53
1080513,1600,66.76,66.76,66.76,66.76
1080514,1600,66.98,66.98,66.98,66.98
1080515,1600,66.96,66.96,66.96,66.96
1080516,1600,67.67,67.67,67.67,67.67
1080519,1600,68.33,68.33,68.33,68.33
1080520,1600,67.31,67.31,67.31,67.31
1080521,1600,66.58,66.58,66.58,66.58
1080522,1600,66.85,66.85,66.85,66.85
1080523,1600,65.66,65.66,65.66,65.66
1080526,1600,65.75,65.75,65.75,65.75
1080527,1600,65.8,65.8,65.8,65.8
1080528,1600,66.51,66.51,66.51,66.51
1080529,1600,66.71,66.71,66.71,66.71
1080530,1600,67.1,67.1,67.1,67.1
1080602,1600,66.27,66.27,66.27,66.27
1080603,1600,66.37,66.37,66.37,66.37
1080604,1600,65.86,65.86,65.86,65.86
1080605,1600,65.64,65.64,65.64,65.64
1080606,1600,64.33,64.33,64.33,64.33
1080609,1600,64.44,64.44,64.44,64.44
1080610,1600,64.02,64.02,64.02,64.02
1080611,1600,62.88,62.88,62.88,62.88
1080612,1600,63.49,63.49,63.49,63.49
1080613,1600,63.97,63.97,63.97,63.97
1080616,1600,63.63,63.63,63.63,63.63
1080617,1600,64.26,64.26,64.26,64.26
1080618,1600,63.62,63.62,63.62,63.62
1080619,1600,63.55,63.55,63.55,63.55
1080620,1600,62.2,62.2,62.2,62.2
1080623,1600,62.3,62.3,62.3,62.3
1080624,1600,61.79,61.79,61.79,61.79
1080625,1600,62.57,62.57,62.57,62.57
1080626,1600,61.07,61.07,61.07,61.07
1080627,1600,60.71,60.71,60.71,60.71
1080630,1600,60.68,60.68,60.68,60.68
1080701,1600,59.71,59.71,59.71,59.71
1080702,1600,59.61,59.61,59.61,59.61
1080703,1600,60.07,60.07,60.07,60.07
1080704,1600,59.3,59.3,59.3,59.3
1080707,1600,60.46,60.46,60.46,60.46
1080708,1600,59.6,59.6,59.6,59.6
1080709,1600,60.38,60.38,60.38,60.38
1080710,1600,59.61,59.61,59.61,59.61
1080711,1600,58.17,58.17,58.17,58.17
1080714,1600,58.62,58.62,58.62,58.62
1080715,1600,57.49,57.49,57.49,57.49
1080716,1600,58.19,58.19,58.19,58.19
1080717,1600,59.29,59.29,59.29,59.29
1080718,1600,60.34,60.34,60.34,60.34
1080721,1600,60.74,60.74,60.74,60.74
1080722,1600,60.91,60.91,60.91,60.91
1080723,1600,61.79,61.79,61.79,61.79
1080724,1600,60.89,60.89,60.89,60.89
1080725,1600,60.85,60.85,60.85,60.85
1080728,1600,60.04,60.04,60.04,60.04
1080729,1600,60.49,60.49,60.49,60.49
1080730,1600,61.07,61.07,61.07,61.07
1080731,1600,61.25,61.25,61.25,61.25
1080801,1600,60.46,60.46,60.46,60.46
1080804,1600,60.02,60.02,60.02,60.02
1080805,1600,61.62,61.62,61.62,61.62
1080806,1600,62.02,62.02,62.02,62.02
1080807,1600,61.85,61.85,61.85,61.85
1080808,1600,62.03,62.03,62.03,62.03
1080811,1600,62.48,62.48,62.48,62.48
1080812,1600,62.25,62.25,62.25,62.25
1080813,1600,60.71,60.71,60.71,60.71
1080814,1600,60.9,60.9,60.9,60.9
1080815,1600,60.93,60.93,60.93,60.93
1080818,1600,60.81,60.81,60.81,60.81
1080819,1600,59.38,59.38,59.38,59.38
1080820,1600,59.72,59.72,59.72,59.72
1080821,1600,58.95,58.95,58.95,58.95
1080822,1600,59.95,59.95,59.95,59.95
1080825,1600,59.52,59.52,59.52,59.52
1080826,1600,59.93,59.93,59.93,59.93
1080827,1600,59.75,59.75,59.75,59.75
1080828,1600,60.69,60.69,60.69,60.69
1080829,1600,60.7,60.7,60.7,60.7
1080901,1600,60.7,60.7,60.7,60.7
1080902,1600,61.61,61.61,61.61,61.61
1080903,1600,61.13,61.13,61.13,61.13
1080904,1600,59.35,59.35,59.35,59.35
1080905,1600,57.91,57.91,57.91,57.91
1080908,1600,59.2,59.2,59.2,59.2
1080909,1600,58.92,58.92,58.92,58.92
1080910,1600,58.7,58.7,58.7,58.7
1080911,1600,58.4,58.4,58.4,58.4
1080912,1600,58.93,58.93,58.93,58.93
1080915,1600,57.32,57.32,57.32,57.32
1080916,1600,56.38,56.38,56.38,56.38
1080917,1600,55.39,55.39,55.39,55.39
1080918,1600,55.42,55.42,55.42,55.42
1080919,1600,58.5,58.5,58.5,58.5
1080922,1600,57.72,57.72,57.72,57.72
1080923,1600,57.35,57.35,57.35,57.35
1080924,1600,57.21,57.21,57.21,57.21
1080925,1600,58.34,58.34,58.34,58.34
1080926,1600,57.31,57.31,57.31,57.31
1080929,1600,54.88,54.88,54.88,54.88
1080930,1600,55.11,55.11,55.11,55.11
1081001,1600,54.87,54.87,54.87,54.87
1081002,1600,53.5,53.5,53.5,53.5
1081003,1600,54.79,54.79,54.79,54.79
1081006,1600,50.91,50.91,50.91,50.91
1081007,1600,50.34,50.34,50.34,50.34
1081008,1600,47.38,47.38,47.38,47.38
1081009,1600,46.19,46.19,46.19,46.19
1081010,1600,42.95,42.95,42.95,42.95
1081013,1600,47.84,47.84,47.84,47.84
1081014,1600,49.14,49.14,49.14,49.14
1081015,1600,45.95,45.95,45.95,45.95
1081016,1600,43.69,43.69,43.69,43.69
1081017,1600,45.19,45.19,45.19,45.19
1081020,1600,45.69,45.69,45.69,45.69
1081021,1600,45.22,45.22,45.22,45.22
1081022,1600,43.2,43.2,43.2,43.2
1081023,1600,42.71,42.71,42.71,42.71
1081024,1600,40.6,40.6,40.6,40.6
1081027,1600,40.96,40.96,40.96,40.96
1081028,1600,45.58,45.58,45.58,45.58
1081029,1600,45.44,45.44,45.44,45.44
1081030,1600,46.02,46.02,46.02,46.02
1081031,1600,47.14,47.14,47.14,47.14
1081103,1600,47.5,47.5,47.5,47.5
1081104,1600,49.87,49.87,49.87,49.87
1081105,1600,48.82,48.82,48.82,48.82
1081106,1600,45.48,45.48,45.48,45.48
1081107,1600,46.66,46.66,46.66,46.66
1081110,1600,47.49,47.49,47.49,47.49
1081111,1600,44.99,44.99,44.99,44.99
1081112,1600,43.66,43.66,43.66,43.66
1081113,1600,43.93,43.93,43.93,43.93
1081114,1600,44.51,44.51,44.51,44.51
1081117,1600,43.06,43.06,43.06,43.06
1081118,1600,43.27,43.27,43.27,43.27
1081119,1600,41.14,41.14,41.14,41.14
1081120,1600,39.88,39.88,39.88,39.88
1081121,1600,39.0,39.0,39.0,39.0
1081124,1600,43.03,43.03,43.03,43.03
1081125,1600,43.09,43.09,43.09,43.09
1081126,1600,43.09,43.09,43.09,43.09
1081127,1600,44.08,44.08,44.08,44.08
1081128,1600,44.12,44.12,44.12,44.12
1081201,1600,41.52,41.52,41.52,41.52
1081202,1600,42.82,42.82,42.82,42.82
1081203,1600,43.15,43.15,43.15,43.15
1081204,1600,43.13,43.13,43.13,43.13
1081205,1600,41.4,41.4,41.4,41.4
1081208,1600,44.56,44.56,44.56,44.56
1081209,1600,45.15,45.15,45.15,45.15
1081210,1600,45.4,45.4,45.4,45.4
1081211,1600,45.04,45.04,45.04,45.04
1081212,1600,44.06,44.06,44.06,44.06
1081215,1600,43.98,43.98,43.98,43.98
1081216,1600,44.69,44.69,44.69,44.69
1081217,1600,44.49,44.49,44.49,44.49
1081218,1600,44.94,44.94,44.94,44.94
1081219,1600,44.38,44.38,44.38,44.38
1081222,1600,43.83,43.83,43.83,43.83
1081223,1600,43.74,43.74,43.74,43.74
1081229,1600,44.45,44.45,44.45,44.45
1081230,1600,45.44,45.44,45.44,45.44
1090102,1600,45.84,46.98,45.84,46.98
1090105,1600,47.47,47.6,46.79,47.22
1090106,1600,47.33,48.25,46.9,47.61
1090107,1600,47.2,47.26,46.45,46.68
1090108,1600,46.35,46.4,45.55,46.1
1090109,1600,46.19,46.58,44.83,45.14
1090112,1600,44.95,45.26,44.48,44.53
1090113,1600,44.31,44.33,43.45,43.84
1090114,1600,44.0,44.04,41.38,41.77
1090115,1600,41.92,42.02,40.6,40.79
1090116,1600,41.67,42.25,41.15,41.21
1090119,1600,41.6,42.03,40.14,40.69
1090120,1600,40.73,41.4,39.87,40.07
1090121,1600,39.74,40.75,39.15,40.24
1090122,1600,40.88,41.21,39.64,39.91
1090123,1600,39.84,39.84,38.41,39.36
1090126,1600,39.37,41.31,39.2,40.87
1090127,1600,41.07,41.16,40.3,40.83
1090128,1600,41.71,42.81,41.48,42.64
1090129,1600,42.31,42.52,41.5,41.85
1090130,1600,41.92,42.07,40.74,40.97
1090202,1600,40.38,40.7,39.68,40.36
1090203,1600,40.64,41.42,39.9,41.37
1090204,1600,41.44,42.95,41.34,42.49
1090205,1600,41.73,42.7,41.49,42.68
1090206,1600,42.84,43.97,42.59,43.91
1090209,1600,43.51,44.26,43.43,44.1
1090210,1600,43.57,43.9,42.5,42.5
1090211,1600,42.39,42.85,42.18,42.81
1090212,1600,42.51,42.52,41.32,41.61
1090213,1600,42.16,42.6,41.54,41.72
1090216,1600,41.4,41.76,41.18,41.24
1090217,1600,40.75,40.75,39.65,39.8
1090218,1600,40.15,40.15,38.98,39.72
1090219,1600,39.9,40.35,39.62,39.83
1090220,1600,38.86,38.93,37.88,37.88
1090223,1600,38.54,38.85,36.94,37.16
1090224,1600,36.89,37.12,36.04,36.81
1090225,1600,37.4,37.55,35.79,36.29
1090226,1600,36.94,37.68,36.38,37.27
1090227,1600,36.72,36.76,35.56,36.31
1090302,1600,35.43,35.68,34.89,34.91
1090303,1600,35.18,35.49,34.65,34.8
1090304,1600,35.39,36.78,35.22,36.78
1090305,1600,36.41,36.41,34.94,34.95
1090306,1600,34.88,35.6,34.39,34.67
1090309,1600,34.66,35.0,33.89,34.87
1090310,1600,34.94,36.91,34.79,36.69
1090311,1600,36.5,37.72,36.18,37.0
1090312,1600,36.68,37.52,35.93,37.43
1090313,1600,38.03,38.25,37.19,37.44
1090316,1600,38.13,38.37,37.63,38.24
1090317,1600,37.99,38.2,37.29,37.68
1090318,1600,38.28,38.4,37.3,37.72
1090319,1600,38.15,39.06,37.8,38.25
1090320,1600,37.93,38.54,37.83,38.52
1090323,1600,39.19,39.52,38.73,39.46
1090324,1600,39.95,39.99,39.2,39.59
1090325,1600,39.28,40.27,39.13,39.91
1090326,1600,39.95,40.26,39.82,40.22
1090327,1600,40.21,40.33,39.25,39.71
1090330,1600,38.82,38.82,37.62,37.64
1090331,1600,38.0,38.66,37.82,38.6
1090401,1600,38.46,39.19,37.75,39.1
1090402,1600,39.91,41.55,39.9,41.35
1090403,1600,40.98,42.14,40.95,41.47
1090406,1600,41.86,42.1,40.69,41.08
1090407,1600,41.29,41.29,40.37,40.82
1090408,1600,40.1,41.35,39.94,41.22
1090409,1600,41.59,42.6,41.35,42.4
1090414,1600,42.21,43.25,42.17,43.02
1090415,1600,42.46,43.05,42.4,42.97
1090416,1600,43.19,43.83,42.8,43.49
1090417,1600,43.67,44.24,43.36,44.12
1090420,1600,43.82,44.07,42.24,42.41
1090421,1600,42.51,42.9,41.47,42.5
1090422,1600,42.44,43.4,42.09,43.4
1090423,1600,42.94,43.5,42.16,42.88
1090424,1600,43.04,44.13,43.04,44.13
1090427,1600,43.39,44.5,43.18,44.33
1090428,1600,43.48,43.87,42.96,43.5
1090429,1600,43.69,44.5,43.45,44.38
1090430,1600,44.97,45.63,44.93,45.0
1090504,1600,44.97,45.86,44.92,45.81
1090505,1600,45.66,46.02,45.25,45.3
1090506,1600,45.22,46.15,45.15,45.57
1090507,1600,45.82,46.45,44.72,44.87
1090508,1600,45.36,46.35,45.24,45.93
1090511,1600,45.74,45.74,45.11,45.45
1090512,1600,45.16,46.01,45.02,45.4
1090513,1600,45.44,45.56,43.97,44.08
1090514,1600,44.23,44.27,43.44,44.19
1090515,1600,44.45,44.45,43.7,44.16
1090518,1600,43.75,45.35,43.48,45.31
1090519,1600,45.71,46.72,45.66,46.33
1090520,1600,46.31,47.22,46.29,47.05
1090521,1600,46.41,46.54,45.53,45.75
1090522,1600,45.82,46.34,45.45,45.9
1090525,1600,46.1,46.11,45.07,45.97
1090526,1600,45.55,46.64,44.84,46.49
1090527,1600,46.78,46.99,46.35,46.66
1090528,1600,46.13,46.55,45.6,46.07
1090529,1600,46.57,46.75,45.92,46.05
1090601,1600,47.01,48.15,47.01,47.99
1090602,1600,47.7,48.34,47.64,47.99
1090603,1600,47.98,48.05,47.03,47.22
1090604,1600,47.29,47.79,47.1,47.26
1090605,1600,47.65,48.2,47.1,47.35
1090608,1600,47.1,47.1,46.36,46.69
1090609,1600,47.08,47.25,46.5,46.66
1090610,1600,47.3,47.92,46.97,47.18
1090611,1600,47.07,47.8,47.07,47.64
1090612,1600,47.41,47.64,47.1,47.34
1090615,1600,46.91,46.91,45.61,45.64
1090616,1600,45.77,46.04,45.47,45.62
1090617,1600,45.51,45.54,44.45,44.79
1090618,1600,44.97,45.29,44.53,45.18
1090619,1600,45.14,45.52,44.97,45.2
1090622,1600,45.23,45.23,43.75,43.75
1090623,1600,43.76,44.33,43.59,43.94
1090624,1600,44.11,45.15,43.85,45.13
1090625,1600,44.86,45.03,44.05,44.82
1090626,1600,45.0,45.4,44.35,44.55
1090629,1600,44.5,45.72,44.47,45.57
1090630,1600,45.64,45.75,44.72,44.75
1090701,1600,45.16,45.98,45.16,45.81
1090702,1600,45.44,45.44,44.05,44.05
1090703,1600,44.24,44.24,43.73,43.86
1090706,1600,43.45,43.75,43.01,43.48
1090707,1600,43.55,43.88,42.82,42.9
1090708,1600,42.86,43.21,42.55,42.7
1090709,1600,43.01,43.56,42.98,43.22
1090710,1600,42.9,43.33,42.66,42.7
1090713,1600,42.46,44.13,42.2,44.13
1090714,1600,44.06,44.8,43.95,44.67
1090715,1600,44.95,46.02,44.95,46.02
1090716,1600,45.81,46.63,45.77,46.24
1090717,1600,46.58,46.81,46.29,46.47
1090720,1600,46.96,47.23,46.73,46.94
1090721,1600,47.04,47.98,46.99,47.55
1090722,1600,47.56,47.92,47.15,47.76
1090723,1600,47.91,49.07,47.63,48.98
1090724,1600,48.79,49.48,48.54,48.79
1090727,1600,49.26,49.56,48.68,49.01
1090728,1600,49.17,49.5,48.21,48.21
1090729,1600,48.33,49.54,48.26,49.21
1090730,1600,49.52,50.36,49.04,50.01
1090731,1600,50.04,50.27,49.5,49.83
1090803,1600,49.68,51.0,49.67,50.65
1090804,1600,50.43,50.65,50.07,50.58
1090805,1600,50.36,50.89,49.78,49.93
1090806,1600,50.4,50.73,49.85,50.17
1090807,1600,49.83,51.16,49.61,50.96
1090810,1600,50.59,50.73,50.29,50.55
1090811,1600,50.62,50.9,48.66,49.31
1090812,1600,49.4,50.05,49.04,49.92
1090813,1600,50.08,50.88,50.02,50.38
1090814,1600,50.48,50.81,49.36,49.54
1090817,1600,49.1,49.12,48.29,48.55
1090818,1600,48.91,48.97,48.25,48.95
1090819,1600,48.49,49.0,48.14,48.82
1090820,1600,49.39,49.7,49.14,49.54
1090821,1600,49.4,51.12,49.39,50.97
1090824,1600,51.11,51.62,51.04,51.45
1090825,1600,51.13,52.0,51.07,51.82
1090826,1600,51.66,52.0,51.33,51.47
1090827,1600,51.43,51.69,50.68,51.04
1090828,1600,51.48,52.0,51.37,51.46
1090831,1600,50.97,51.26,50.72,50.96
1090901,1600,51.33,51.35,49.57,49.57
1090902,1600,49.74,49.74,49.1,49.58
1090903,1600,49.71,50.04,49.25,49.44
1090904,1600,49.73,50.4,49.73,50.24
1090907,1600,50.68,51.05,50.6,50.96
1090908,1600,51.11,51.33,50.89,51.11
1090909,1600,50.95,52.02,50.85,52.02
1090910,1600,52.29,52.49,51.74,52.21
1090911,1600,52.43,52.7,52.28,52.46
1090914,1600,51.92,52.46,51.61,52.43
1090915,1600,52.47,52.69,52.11,52.5
1090916,1600,52.74,53.31,52.74,53.17
1090917,1600,53.52,53.6,53.2,53.45
1090918,1600,53.33,53.73,53.18,53.2
1090921,1600,53.05,53.05,52.38,52.89
1090922,1600,53.19,53.63,53.1,53.25
1090923,1600,53.23,53.65,52.92,53.2
1090924,1600,52.79,53.55,52.1,52.29
1090925,1600,52.32,52.39,51.84,52.07
1090928,1600,52.48,53.48,51.8,53.48
1090929,1600,53.47,53.72,53.12,53.32
1090930,1600,53.45,53.55,52.44,52.86
1091001,1600,53.01,53.4,51.77,51.77
1091002,1600,51.48,51.65,49.45,51.0
1091005,1600,50.98,51.43,50.78,51.41
1091006,1600,51.72,52.81,51.54,52.77
1091007,1600,52.58,53.1,52.47,52.62
1091008,1600,53.39,53.4,52.87,53.32
1091009,1600,53.16,53.61,52.94,53.25
1091012,1600,53.57,54.25,53.5,53.96
1091013,1600,53.79,53.97,53.14,53.31
1091014,1600,54.07,54.7,53.95,54.6
1091015,1600,54.64,54.74,54.17,54.4
1091016,1600,54.67,54.9,53.47,53.6
1091019,1600,53.98,54.61,53.98,54.59
1091020,1600,54.78,54.94,54.15,54.18
1091021,1600,54.46,54.63,53.53,54.45
1091022,1600,53.58,53.88,53.3,53.75
1091023,1600,54.31,54.51,53.46,53.51
1091026,1600,53.93,54.09,52.46,52.62
1091027,1600,52.67,52.92,52.06,52.56
1091028,1600,52.36,52.4,51.24,51.25
1091029,1600,51.08,52.14,50.95,52.14
1091030,1600,52.07,52.19,50.34,50.46
1091102,1600,50.6,51.06,50.12,50.63
1091103,1600,50.14,50.3,49.55,49.91
1091104,1600,50.38,51.02,50.36,50.78
1091105,1600,50.28,51.43,49.98,51.18
1091106,1600,51.12,51.55,50.3,51.16
1091109,1600,51.82,52.42,51.74,52.42
1091110,1600,52.5,52.7,52.28,52.39
1091111,1600,52.83,53.2,52.67,52.93
1091112,1600,52.78,53.4,52.53,52.84
1091113,1600,52.84,53.18,52.37,53.09
1091116,1600,53.67,54.23,53.44,54.18
1091117,1600,53.99,54.09,53.74,53.94
1091118,1600,54.22,54.5,53.82,54.0
1091119,1600,53.9,54.01,53.08,53.18
1091120,1600,53.4,53.57,52.59,52.81
1091123,1600,53.58,54.32,53.51,54.13
1091124,1600,53.61,54.22,53.6,53.79
1091125,1600,54.3,54.34,53.65,54.14
1091126,1600,53.72,53.73,52.2,52.38
1091127,1600,51.62,53.33,51.57,53.04
1091130,1600,53.3,53.32,52.28,52.44
1091201,1600,53.17,53.89,53.17,53.89
1091202,1600,53.84,54.2,53.66,53.9
1091203,1600,54.4,54.59,53.7,53.8
1091204,1600,53.59,54.66,53.37,54.2
1091207,1600,53.94,54.16,53.61,53.95
1091208,1600,53.7,54.17,52.77,53.0
1091209,1600,52.97,53.77,52.27,52.61
1091210,1600,52.74,53.47,52.58,53.27
1091211,1600,53.59,54.05,53.59,53.69
1091214,1600,54.3,54.32,53.88,54.15
1091215,1600,54.32,54.33,53.69,54.19
1091216,1600,54.21,55.04,54.21,55.03
1091217,1600,54.69,54.93,54.39,54.51
1091218,1600,54.6,55.02,54.28,54.35
1091221,1600,54.77,55.35,54.51,55.28
1091222,1600,55.43,55.79,55.28,55.48
1091223,1600,55.71,55.85,55.38,55.6
1091228,1600,56.04,56.07,55.78,56.04
1091229,1600,56.1,56.2,56.0,56.05
1091230,1600,55.95,56.05,55.49,55.8
1100104,1600,56.03,56.4,55.91,56.4
1100105,1600,56.31,56.49,55.71,56.23
1100106,1600,56.31,56.35,55.93,56.28
1100107,1600,55.95,56.27,55.57,56.13
1100108,1600,56.39,56.44,55.66,56.3
1100111,1600,56.5,56.84,56.25,56.3
1100112,1600,56.39,56.45,55.22,55.39
1100113,1600,55.4,55.71,55.24,55.61
1100114,1600,55.94,55.98,55.5,55.86
1100115,1600,55.89,56.18,54.66,54.77
1100118,1600,55.04,55.21,54.81,55.13
1100119,1600,54.95,55.82,54.5,55.71
1100120,1600,55.43,55.68,54.4,54.53
1100121,1600,54.83,55.05,53.52,53.6
1100122,1600,53.34,53.5,52.56,53.08
1100125,1600,52.54,53.04,52.38,52.38
1100126,1600,52.11,52.88,51.96,52.84
1100127,1600,52.27,52.87,52.1,52.59
1100128,1600,53.18,53.29,51.67,51.67
1100129,1600,52.14,52.73,51.8,52.31
1100201,1600,52.1,52.9,51.91,52.73
1100202,1600,52.75,53.34,52.43,53.25
1100203,1600,53.4,53.45,52.73,52.85
1100204,1600,52.96,53.07,51.48,51.57
1100205,1600,51.55,51.55,50.63,50.71
1100208,1600,51.01,51.31,50.66,51.07
1100209,1600,51.07,51.63,50.92,51.29
1100210,1600,51.63,52.13,51.32,51.61
1100211,1600,51.83,52.03,50.84,51.39
1100212,1600,51.83,51.87,50.97,51.26
1100215,1600,51.58,51.7,51.3,51.4
1100216,1600,51.99,52.13,51.25,52.13
1100217,1600,52.55,52.96,52.52,52.69
1100218,1600,52.55,53.03,52.45,52.93
1100219,1600,52.47,53.4,52.45,53.31
1100222,1600,53.54,53.54,53.0,53.03
1100223,1600,53.26,53.43,52.1,52.27
1100224,1600,52.38,52.57,51.96,52.34
1100225,1600,51.95,52.71,51.44,51.57
1100226,1600,51.92,52.23,51.58,52.23
1100301,1600,52.99,53.31,52.59,53.27
1100302,1600,53.4,53.89,53.24,53.84
1100303,1600,53.73,54.35,53.6,54.21
1100304,1600,53.8,54.27,53.77,53.99
1100305,1600,54.23,54.8,54.15,54.76
1100308,1600,54.88,54.94,54.68,54.78
1100309,1600,54.81,55.0,54.42,54.88
1100310,1600,54.81,55.5,54.76,55.38
1100311,1600,55.14,55.49,55.05,55.28
1100312,1600,55.42,55.83,55.31,55.38
1100315,1600,55.34,55.48,54.99,55.04
1100316,1600,55.34,55.85,55.27,55.62
1100317,1600,55.91,56.27,55.85,56.15
1100318,1600,56.0,56.28,55.88,56.02
1100319,1600,56.17,56.31,55.53,55.73
1100322,1600,55.59,55.85,55.09,55.85
1100323,1600,55.82,56.2,55.78,56.09
1100324,1600,56.21,56.34,55.6,56.31
1100325,1600,56.31,57.22,56.3,57.16
1100326,1600,57.13,57.17,56.91,56.99
1100329,1600,57.33,57.53,57.13,57.35
1100330,1600,57.63,57.82,57.21,57.24
1100331,1600,57.22,57.43,56.96,57.33
1100401,1600,57.69,58.18,57.65,58.05
1100406,1600,58.24,58.37,57.91,58.28
1100407,1600,58.25,58.29,57.88,57.98
1100408,1600,57.73,57.85,57.22,57.55
1100409,1600,58.01,58.27,57.94,58.22
1100412,1600,58.56,58.57,58.06,58.27
1100413,1600,58.09,58.25,57.8,58.08
1100414,1600,58.41,58.77,58.24,58.52
1100415,1600,58.59,58.8,58.24,58.64
1100416,1600,58.32,58.72,57.46,57.64
1100419,1600,57.34,57.66,57.21,57.43
1100420,1600,57.76,58.4,57.53,58.35
1100421,1600,58.52,58.53,58.01,58.01
1100422,1600,58.06,58.58,57.24,57.49
1100423,1600,57.75,58.55,57.5,58.36
1100426,1600,58.94,59.1,58.71,59.01
1100427,1600,59.01,59.01,57.38,57.45
1100428,1600,57.26,57.39,56.11,56.58
1100429,1600,56.9,57.3,56.6,57.24
1100430,1600,57.18,57.81,56.64,56.97
1100503,1600,56.85,57.38,56.42,57.11
1100504,1600,57.22,57.39,55.52,55.66
1100505,1600,55.76,55.8,54.91,55.2
1100506,1600,54.89,55.62,54.53,54.78
1100507,1600,53.83,54.7,52.39,52.83
1100510,1600,54.5,55.69,54.47,55.59
1100511,1600,54.93,55.92,54.83,55.89
1100512,1600,55.76,57.54,55.65,57.27
1100513,1600,57.7,58.11,57.38,57.85
1100514,1600,57.67,57.73,55.74,56.15
1100517,1600,55.83,56.96,55.83,56.21
1100518,1600,56.92,57.22,56.61,57.02
1100519,1600,56.12,56.69,55.29,55.43
1100520,1600,55.75,55.95,53.53,54.32
1100521,1600,54.01,54.33,52.7,53.84
1100524,1600,54.32,54.32,53.08,53.81
1100525,1600,52.39,52.66,51.91,52.45
1100526,1600,53.06,53.96,52.95,53.2
1100527,1600,53.72,55.1,53.72,54.96
1100528,1600,55.24,55.35,54.86,55.04
1100531,1600,55.04,55.49,55.04,55.21
1100601,1600,54.69,55.63,54.0,55.3
1100602,1600,54.85,55.48,54.32,55.39
1100603,1600,56.34,56.48,55.97,56.1
1100604,1600,56.33,56.6,54.78,54.95
1100607,1600,54.38,55.11,54.19,54.7
1100608,1600,54.76,54.83,53.22,54.35
1100609,1600,54.58,55.47,54.0,55.4
1100610,1600,55.22,56.34,54.88,56.02
1100611,1600,56.28,56.3,55.4,55.95
1100614,1600,56.6,56.8,56.4,56.63
1100615,1600,56.47,57.33,56.39,57.11
1100616,1600,57.36,57.42,56.8,57.28
1100617,1600,57.22,57.75,57.1,57.64
1100618,1600,57.73,57.91,57.32,57.52
1100621,1600,58.61,58.61,57.98,58.24
1100622,1600,58.06,58.27,57.56,58.04
1100623,1600,57.59,58.07,57.2,57.4
1100624,1600,57.67,57.68,56.44,56.65
1100625,1600,56.84,56.93,55.95,56.16
1100628,1600,56.37,57.04,56.1,57.04
1100629,1600,56.13,56.17,54.95,55.11
1100630,1600,55.25,55.54,54.97,55.22
1100701,1600,54.51,55.1,53.95,54.29
1100702,1600,54.52,55.0,53.95,53.95
1100705,1600,54.17,54.28,53.79,53.82
1100706,1600,54.13,55.5,54.08,54.97
1100707,1600,54.5,55.5,54.13,55.42
1100708,1600,55.78,56.02,55.59,55.89
1100709,1600,56.19,56.25,55.89,56.15
1100712,1600,56.33,56.65,56.11,56.21
1100713,1600,56.24,57.4,56.24,57.3
1100714,1600,57.52,57.6,57.03,57.45
1100715,1600,57.28,57.9,56.7,56.92
1100716,1600,57.08,57.42,55.68,55.9
1100719,1600,55.76,56.29,55.48,55.62
1100720,1600,55.9,55.94,54.7,55.19
1100721,1600,55.78,56.08,55.33,55.42
1100722,1600,55.22,56.85,55.2,56.77
1100723,1600,56.65,57.3,56.56,57.06
1100726,1600,57.36,57.36,56.75,57.27
1100727,1600,57.54,57.84,57.3,57.45
1100728,1600,57.72,57.81,56.9,57.19
1100729,1600,57.41,57.78,56.68,56.73
1100730,1600,56.72,57.2,56.06,56.95
1100802,1600,57.34,58.33,57.25,58.21
1100803,1600,58.1,58.41,57.98,58.39
1100804,1600,58.14,58.86,57.98,58.62
1100805,1600,58.6,59.04,58.5,58.58
1100806,1600,58.89,59.08,57.57,57.98
1100809,1600,58.52,58.8,58.47,58.8
1100810,1600,58.44,58.6,57.81,58.21
1100811,1600,57.59,57.65,56.85,56.97
1100812,1600,56.96,57.12,56.44,56.74
1100813,1600,57.0,57.06,56.18,56.55
1100816,1600,56.71,56.97,56.09,56.54
1100817,1600,56.76,57.5,56.76,57.46
1100818,1600,57.12,57.51,56.99,57.22
1100819,1600,57.56,57.63,56.06,56.21
1100820,1600,56.33,56.36,55.46,55.46
1100823,1600,55.62,56.02,55.47,55.61
1100824,1600,55.21,55.31,54.28,54.96
1100825,1600,54.79,55.1,53.96,54.61
1100826,1600,54.96,55.06,54.57,54.72
1100827,1600,54.62,55.16,54.15,55.05
1100830,1600,55.3,55.3,54.5,54.73
1100831,1600,54.05,54.8,53.96,54.79
1100901,1600,54.91,56.33,54.38,56.28
1100902,1600,56.12,56.45,56.0,56.27
1100903,1600,56.45,57.2,56.34,56.7
1100906,1600,56.99,57.01,56.82,56.95
1100907,1600,56.74,56.74,56.3,56.59
1100908,1600,56.45,57.17,56.11,57.03
1100909,1600,56.84,57.66,56.74,57.52
1100910,1600,57.23,57.57,57.23,57.48
1100913,1600,57.96,58.2,57.67,57.9
1100914,1600,57.9,58.16,57.46,58.08
1100915,1600,58.15,58.17,57.61,57.96
1100916,1600,57.87,58.07,57.71,57.81
1100917,1600,58.3,58.48,57.22,57.38
1100920,1600,57.58,58.25,57.55,58.25
1100921,1600,58.15,58.65,58.08,58.08
1100922,1600,58.21,58.26,57.33,57.42
1100923,1600,57.88,57.93,56.71,57.21
1100924,1600,57.05,58.34,56.86,58.25
1100927,1600,58.36,58.5,58.02,58.07
1100928,1600,57.74,58.36,57.35,58.1
1100929,1600,58.25,58.53,57.59,57.84
1100930,1600,57.52,58.75,57.42,57.54
1101001,1600,57.8,58.23,57.24,57.5
1101004,1600,57.43,57.43,56.25,56.75
1101005,1600,56.76,57.68,56.58,57.51
1101006,1600,57.83,58.18,57.74,58.02
1101007,1600,57.96,58.49,57.72,58.09
1101008,1600,58.03,58.24,57.75,58.19
1101011,1600,58.37,58.54,58.17,58.39
1101012,1600,57.95,58.4,57.62,58.34
1101013,1600,58.66,59.73,58.61,59.56
1101014,1600,59.63,60.0,59.63,59.72
1101015,1600,59.95,60.23,59.59,60.1
1101018,1600,59.91,60.46,59.8,60.27
1101019,1600,60.23,60.56,59.89,60.05
1101020,1600,59.86,60.4,59.78,60.4
1101021,1600,60.29,61.25,60.23,61.1
1101022,1600,61.05,61.26,60.92,61.12
1101025,1600,61.5,61.7,61.31,61.44
1101026,1600,61.35,61.47,60.88,61.23
1101027,1600,60.96,61.34,60.65,60.77
1101028,1600,61.1,61.55,60.85,61.02
1101029,1600,60.95,61.35,60.77,61.02
1101101,1600,61.51,61.72,60.92,61.09
1101102,1600,61.06,61.7,61.03,61.56
1101103,1600,61.66,61.85,61.1,61.21
1101104,1600,61.79,62.5,61.75,62.29
1101105,1600,62.46,62.68,62.11,62.49
1101108,1600,62.37,62.54,62.24,62.45
1101109,1600,62.39,63.0,62.34,62.78
1101110,1600,62.6,62.73,61.85,62.19
1101111,1600,62.4,62.44,61.98,62.19
1101112,1600,61.5,62.5,61.22,62.28
1101115,1600,62.05,63.02,61.79,62.84
1101116,1600,62.47,62.61,61.62,61.62
1101117,1600,61.59,62.03,61.58,61.99
1101118,1600,62.63,63.23,62.49,63.21
1101119,1600,63.37,63.37,62.86,63.31
1101122,1600,63.75,63.84,62.98,63.12
1101123,1600,62.84,63.16,62.09,62.09
1101124,1600,62.36,63.23,61.98,63.16
1101125,1600,63.16,63.69,63.12,63.65
1101126,1600,63.28,63.55,62.72,63.35
1101129,1600,63.52,63.87,62.0,62.0
1101130,1600,62.34,62.56,61.57,61.88
1101201,1600,62.44,63.52,62.32,63.5
1101202,1600,63.76,64.4,63.29,64.34
1101203,1600,64.25,64.54,63.96,64.22
1101206,1600,64.48,64.48,64.07,64.28
1101207,1600,64.63,65.13,64.4,64.78
1101208,1600,64.59,64.87,64.34,64.51
1101209,1600,64.9,64.92,64.26,64.41
1101210,1600,64.62,64.89,64.5,64.79
1101213,1600,64.99,65.15,64.9,65.01
1101214,1600,65.01,65.03,64.86,65.03
1101215,1600,64.82,65.03,64.43,64.93
1101216,1600,64.85,65.05,64.65,65.0
1101217,1600,65.09,65.09,64.57,64.6
1101220,1600,64.69,65.37,64.69,64.92
1101221,1600,65.25,65.55,65.22,65.45
1101222,1600,65.47,65.53,65.38,65.38
1101223,1600,65.43,65.49,65.13,65.27
1101227,1600,65.25,65.25,63.6,64.44
1101228,1600,64.57,64.63,64.28,64.46
1101229,1600,64.63,64.82,64.57,64.71
1101230,1600,64.76,64.78,63.82,64.04
1110103,1600,64.56,64.98,64.47,64.67
1110104,1600,64.6,64.94,64.28,64.54
1110105,1600,64.38,64.43,63.29,64.18
1110106,1600,64.35,65.16,64.32,64.57
1110107,1600,64.7,64.85,64.15,64.16
1110110,1600,64.05,64.19,63.25,63.43
1110111,1600,63.66,64.27,63.43,64.2
1110112,1600,64.41,65.38,64.41,65.37
1110113,1600,65.46,65.5,65.06,65.41
1110114,1600,65.26,65.47,64.86,65.4
1110117,1600,65.46,65.53,65.24,65.4
1110118,1600,65.68,66.15,65.68,66.04
1110119,1600,66.17,66.24,65.43,65.54
1110120,1600,65.4,65.49,64.8,64.99
1110121,1600,65.17,65.84,64.97,65.29
1110124,1600,65.45,65.52,64.76,65.38
1110125,1600,65.66,65.67,65.18,65.27
1110126,1600,65.59,66.2,65.52,65.9
1110127,1600,65.83,66.4,65.83,66.15
1110128,1600,66.1,66.35,65.67,65.67
1110131,1600,65.6,65.72,65.01,65.5
1110201,1600,65.93,66.47,65.68,66.4
1110202,1600,66.61,66.76,66.21,66.39
1110203,1600,66.37,66.55,66.08,66.51
1110204,1600,66.69,66.81,66.45,66.7
1110207,1600,66.78,67.39,66.7,67.38
1110208,1600,67.31,67.73,67.25,67.68
1110209,1600,67.67,67.96,67.64,67.66
1110210,1600,67.73,67.88,67.24,67.86
1110211,1600,67.65,68.34,67.37,68.17
1110214,1600,68.5,68.62,68.24,68.41
1110215,1600,68.44,68.61,68.21,68.45
1110216,1600,68.59,68.77,68.45,68.6
1110217,1600,68.66,68.75,68.08,68.44
1110218,1600,68.58,68.64,68.23,68.64
1110221,1600,68.49,68.81,67.59,67.68
1110222,1600,67.36,67.97,67.13,67.63
1110223,1600,67.45,67.59,66.38,66.52
1110224,1600,65.9,66.15,65.55,65.89
1110225,1600,66.0,66.5,65.9,66.41
1110228,1600,66.21,67.54,66.08,67.23
1110301,1600,67.61,68.01,66.51,66.81
1110302,1600,66.27,66.6,65.88,66.43
1110303,1600,66.82,67.45,66.5,66.77
1110304,1600,67.15,67.6,66.17,66.32
1110307,1600,65.98,67.24,65.92,66.25
1110308,1600,66.68,66.76,65.42,66.22
1110309,1600,66.4,66.73,65.73,65.9
1110310,1600,65.43,65.75,64.93,65.24
1110311,1600,64.49,64.85,64.43,64.55
1110314,1600,63.7,64.21,63.31,63.49
1110315,1600,61.85,62.08,59.93,61.47
1110316,1600,62.06,62.26,60.07,60.25
1110317,1600,60.66,61.88,60.25,61.61
1110318,1600,62.06,62.54,61.55,61.65
1110321,1600,62.79,63.12,62.68,63.0
1110322,1600,63.07,63.11,62.54,62.68
1110323,1600,62.39,62.91,62.11,62.88
1110324,1600,62.83,64.15,62.75,64.07
1110325,1600,64.41,64.57,63.96,64.21
1110328,1600,64.09,64.54,63.96,64.14
1110329,1600,64.3,64.3,63.46,64.1
1110330,1600,64.85,65.32,64.75,65.21
1110331,1600,65.37,65.45,65.09,65.09
1110401,1600,65.64,66.48,65.53,66.38
1110404,1600,66.41,66.54,66.25,66.31
1110405,1600,66.27,66.42,65.89,66.37
1110406,1600,66.54,66.94,66.15,66.7
1110407,1600,66.71,66.94,66.33,66.36
1110408,1600,66.75,66.87,66.51,66.71
1110411,1600,66.72,66.81,66.15,66.63
1110412,1600,65.99,66.36,65.51,65.67
1110413,1600,65.93,66.56,65.86,66.39
1110414,1600,66.13,66.41,65.62,66.06
1110415,1600,66.23,66.5,66.05,66.37
1110418,1600,66.28,66.28,64.63,65.03
1110419,1600,65.23,65.42,64.95,65.04
1110420,1600,66.13,67.13,66.08,66.98
1110421,1600,67.39,67.64,67.28,67.45
1110426,1600,67.35,68.02,67.31,68.02
1110427,1600,68.11,68.63,67.99,68.12
1110428,1600,68.78,69.04,68.46,68.98
1110429,1600,68.86,69.27,68.84,69.26
1110502,1600,69.5,69.89,69.18,69.19
1110503,1600,69.1,69.12,68.45,68.93
1110504,1600,68.77,69.27,67.63,67.78
1110505,1600,68.08,68.2,66.82,67.81
1110506,1600,67.95,68.95,67.6,68.78
1110509,1600,68.6,68.78,67.8,68.11
1110510,1600,68.34,69.16,68.18,68.84
1110511,1600,69.12,69.49,68.61,68.86
1110512,1600,68.16,68.36,67.53,68.34
1110513,1600,68.73,68.92,67.87,67.99
1110516,1600,67.23,67.95,66.69,67.85
1110517,1600,67.53,67.62,66.68,66.68
1110518,1600,67.31,67.4,66.67,67.07
1110519,1600,67.56,68.31,67.17,67.54
1110520,1600,67.68,68.0,66.33,66.75
1110523,1600,65.7,65.8,65.22,65.33
1110524,1600,65.52,66.1,65.45,65.63
1110525,1600,64.97,65.95,64.92,65.9
1110526,1600,66.22,66.25,65.08,65.35
1110527,1600,66.05,66.06,65.32,65.77
1110530,1600,65.85,66.11,65.64,65.74
1110531,1600,66.49,67.21,66.48,66.97
1110601,1600,67.11,67.15,66.07,66.23
1110602,1600,65.63,65.68,64.95,64.95
1110603,1600,65.19,65.45,64.32,65.27
1110606,1600,65.04,65.39,64.82,65.08
1110607,1600,65.17,65.61,65.05,65.15
1110608,1600,65.03,65.06,64.18,64.8
1110609,1600,64.83,65.95,64.6,65.77
1110610,1600,65.61,65.89,64.74,64.9
1110613,1600,64.97,65.4,64.65,65.04
1110614,1600,65.74,66.37,65.74,66.18
1110615,1600,65.93,66.1,65.13,65.33
1110616,1600,64.9,65.3,64.43,65.3
1110617,1600,64.91,66.33,64.61,65.75
1110620,1600,64.81,65.72,64.81,65.63
1110621,1600,66.16,66.86,65.88,66.86
1110622,1600,66.92,67.1,66.66,66.86
1110623,1600,66.38,66.4,65.36,65.64
1110624,1600,66.47,66.75,65.19,65.41
1110627,1600,65.26,65.59,64.97,65.26
1110628,1600,65.51,65.95,64.94,65.81
1110629,1600,66.43,67.18,66.4,66.96
1110630,1600,67.14,67.72,66.88,67.71
1110701,1600,67.73,68.3,67.55,68.1
1110704,1600,68.23,68.39,68.07,68.29
1110705,1600,68.21,68.6,68.15,68.31
1110706,1600,68.29,68.36,67.89,68.26
1110707,1600,68.48,68.98,68.31,68.54
1110708,1600,68.9,69.06,67.54,68.03
1110711,1600,67.49,67.56,65.98,66.37
1110712,1600,65.29,66.0,64.17,65.87
1110713,1600,65.9,66.87,65.78,66.71
1110714,1600,66.27,66.71,66.07,66.25
1110715,1600,65.92,66.61,65.58,66.33
1110718,1600,65.8,65.83,65.1,65.28
1110719,1600,65.71,66.44,65.54,65.96
1110720,1600,66.51,66.66,65.8,66.26
1110721,1600,66.68,67.24,65.55,66.94
1110722,1600,67.4,67.48,66.72,67.22
1110725,1600,66.73,67.61,66.63,67.46
1110726,1600,67.61,67.76,67.02,67.44
1110727,1600,67.19,67.43,66.25,66.49
1110728,1600,65.71,66.12,65.28,66.0
1110729,1600,65.29,66.0,64.85,65.65
1110801,1600,66.83,66.85,63.8,63.8
1110802,1600,63.45,63.68,62.1,62.43
1110803,1600,61.64,62.26,60.02,60.98
1110804,1600,61.68,61.76,58.64,58.92
1110805,1600,56.8,59.66,56.55,57.23
1110808,1600,56.75,57.58,54.23,54.4
1110809,1600,54.49,55.33,50.68,54.27
1110810,1600,56.16,56.16,50.82,51.5
1110811,1600,52.95,53.5,50.38,53.14
1110812,1600,52.9,55.3,52.07,55.11
1110815,1600,55.74,56.07,55.14,55.23
1110816,1600,54.62,55.08,53.67,55.08
1110817,1600,54.32,55.24,53.89,54.51
1110818,1600,53.75,54.06,50.94,51.49
1110819,1600,51.04,51.32,49.05,50.27
1110822,1600,49.74,51.28,49.7,50.09
1110823,1600,50.76,51.72,50.03,50.76
1110824,1600,51.25,52.7,50.61,52.2
1110825,1600,52.7,53.01,50.13,51.3
1110826,1600,51.21,51.21,49.6,50.78
1110829,1600,51.67,52.45,51.28,52.05
1110830,1600,52.52,52.59,51.15,51.77
1110831,1600,52.18,53.83,51.84,53.15
1110901,1600,53.02,53.18,51.73,52.61
1110902,1600,51.59,52.25,50.41,50.85
1110905,1600,49.59,49.76,47.78,48.07
1110906,1600,48.39,48.92,47.25,47.68
1110907,1600,48.89,49.66,48.4,49.59
1110908,1600,49.68,50.23,48.72,49.67
1110909,1600,49.43,49.56,47.46,47.57
1110912,1600,46.46,47.06,45.56,46.65
1110913,1600,47.24,47.94,45.57,47.32
1110914,1600,46.9,49.06,46.88,48.98
1110915,1600,49.67,51.08,49.31,50.59
1110916,1600,51.3,52.0,50.68,51.08
1110919,1600,50.03,50.44,49.2,49.71
1110920,1600,49.45,51.18,49.45,51.15
1110921,1600,50.93,50.95,49.72,49.88
1110922,1600,48.29,48.55,47.11,47.4
1110923,1600,47.97,47.97,45.65,47.61
1110926,1600,47.14,49.59,47.0,49.03
1110927,1600,50.46,51.74,50.3,51.7
1110928,1600,51.17,52.3,50.69,51.28
1110929,1600,50.95,52.34,50.77,51.86
1110930,1600,51.11,51.33,49.9,50.5
1111004,1600,48.48,48.5,47.04,47.81
1111005,1600,48.84,50.32,48.34,50.21
1111006,1600,50.63,51.83,50.08,51.83
1111007,1600,51.77,52.77,51.43,52.09
1111010,1600,52.34,53.9,51.89,53.72
1111011,1600,53.37,54.0,52.98,53.79
1111012,1600,53.52,55.24,53.22,55.05
1111013,1600,54.94,55.39,53.91,54.36
1111014,1600,54.41,55.42,54.01,54.76
1111017,1600,55.19,55.77,53.38,53.76
1111018,1600,52.98,54.2,52.37,53.99
1111019,1600,54.16,54.85,53.9,54.23
1111020,1600,53.37,54.24,52.79,52.96
1111021,1600,53.06,54.87,52.93,54.78
1111024,1600,55.22,55.71,54.46,55.5
1111025,1600,55.34,56.52,54.5,55.53
1111026,1600,55.4,56.38,54.6,55.26
1111027,1600,57.08,58.23,56.82,58.19
1111028,1600,58.38,59.0,57.84,58.24
1111031,1600,57.71,57.83,56.44,56.44
1111101,1600,54.52,54.56,52.9,53.63
1111102,1600,54.15,54.93,53.34,54.67
1111103,1600,53.55,56.85,53.55,56.28
1111104,1600,56.47,56.54,54.4,54.68
1111107,1600,54.32,55.3,53.54,54.34
1111108,1600,54.53,55.89,54.53,54.69
1111109,1600,55.5,55.56,52.93,53.52
1111110,1600,52.56,54.43,52.44,53.88
1111111,1600,53.93,55.67,53.74,55.48
1111114,1600,56.06,56.1,54.45,54.86
1111115,1600,54.45,55.15,53.37,54.43
1111116,1600,53.93,55.3,53.66,54.18
1111117,1600,53.91,54.32,52.98,53.62
1111118,1600,53.23,54.08,52.92,53.19
1111121,1600,52.97,52.97,51.29,51.47
1111122,1600,51.99,52.14,50.82,50.82
1111123,1600,50.41,51.29,50.07,50.07
1111124,1600,50.69,51.04,49.53,49.83
1111125,1600,49.9,50.72,49.25,50.28
1111128,1600,51.22,52.79,51.13,52.65
1111129,1600,52.43,53.46,52.2,53.29
1111130,1600,52.76,56.24,52.53,55.88
1111201,1600,55.69,56.08,55.2,55.34
1111202,1600,56.25,56.7,55.55,55.73
1111205,1600,56.2,56.57,55.83,55.98
1111206,1600,55.19,55.94,55.08,55.27
1111207,1600,56.05,56.28,54.21,55.02
1111208,1600,55.58,55.75,53.86,53.91
1111209,1600,53.28,55.11,53.23,54.94
1111212,1600,54.44,54.6,53.07,53.08
1111213,1600,53.29,53.68,52.59,52.94
1111214,1600,52.56,52.9,52.02,52.02
1111215,1600,52.35,53.3,52.06,52.6
1111216,1600,52.76,52.92,52.23,52.26
1111219,1600,51.85,52.97,51.79,51.98
1111220,1600,51.84,53.69,51.7,53.62
1111221,1600,54.18,54.74,52.94,53.1
1111222,1600,53.76,53.99,53.4,53.71
1111223,1600,54.2,54.2,53.61,53.88
1111227,1600,54.14,54.32,53.9,54.03
1111228,1600,53.85,54.13,52.91,52.91
1111229,1600,53.15,53.63,52.98,53.63
1111230,1600,53.81,54.08,53.36,53.99
1120102,1600,54.17,55.71,54.17,55.63
1120103,1600,56.09,56.67,56.01,56.49
1120104,1600,56.37,56.5,55.84,56.07
1120105,1600,56.17,56.21,55.4,55.93
1120106,1600,56.08,56.5,55.07,55.56
1120109,1600,55.57,55.72,54.92,55.19
1120110,1600,55.8,56.79,55.66,56.45
1120111,1600,56.46,56.68,56.0,56.46
1120112,1600,56.48,57.35,56.39,56.7
1120113,1600,57.2,57.25,55.6,56.35
1120116,1600,56.07,57.14,56.04,56.98
1120117,1600,57.77,58.16,57.5,58.05
1120118,1600,58.05,58.66,57.59,58.24
1120119,1600,58.39,58.88,58.07,58.78
1120120,1600,58.78,58.98,58.44,58.74
1120123,1600,58.55,59.33,58.25,59.01
1120124,1600,58.49,58.81,58.11,58.79
1120125,1600,59.1,59.18,58.38,58.84
1120126,1600,59.09,60.14,58.98,60.0
1120127,1600,59.78,60.28,59.44,59.69
1120130,1600,59.16,59.52,58.77,59.15
1120131,1600,59.45,59.9,59.01,59.23
1120201,1600,59.48,60.8,59.46,60.65
1120202,1600,60.9,61.17,60.56,61.03
1120203,1600,60.97,62.06,60.85,61.98
1120206,1600,61.86,62.15,61.58,62.01
1120207,1600,62.14,62.24,61.26,61.95
1120208,1600,62.45,62.63,61.74,61.91
1120209,1600,62.17,62.73,61.87,62.26
1120210,1600,61.65,61.9,60.99,61.38
1120213,1600,61.87,62.1,61.52,61.78
1120214,1600,61.55,62.27,61.42,61.72
1120215,1600,62.37,62.61,61.77,61.99
1120216,1600,61.19,61.96,60.99,61.96
1120217,1600,62.42,63.02,62.3,62.76
1120220,1600,63.21,63.77,63.07,63.67
1120221,1600,63.62,63.92,63.05,63.32
1120222,1600,63.33,63.36,62.54,62.63
1120223,1600,62.71,63.26,61.73,62.47
1120224,1600,63.07,63.13,62.6,62.96
1120227,1600,62.51,62.97,61.83,62.8
1120228,1600,63.02,63.28,62.45,63.18
1120229,1600,63.42,63.88,62.7,62.83
1120301,1600,62.58,63.71,62.5,63.66
1120302,1600,63.71,63.75,63.31,63.43
1120305,1600,63.04,63.27,62.48,62.96
1120306,1600,62.61,62.7,60.9,60.9
1120307,1600,60.9,61.27,60.64,61.2
1120308,1600,61.62,62.68,61.48,62.67
1120309,1600,62.8,63.38,62.64,63.07
1120312,1600,62.96,63.33,62.79,63.28
1120313,1600,63.78,64.37,63.65,64.11
1120314,1600,64.55,65.09,64.46,64.95
1120315,1600,65.04,65.56,64.84,65.49
1120316,1600,65.52,65.96,65.49,65.67
1120319,1600,65.49,65.61,65.05,65.61
1120320,1600,65.29,65.31,64.47,64.67
1120321,1600,65.04,65.21,64.28,64.85
1120322,1600,64.59,64.84,63.55,64.06
1120323,1600,64.07,64.43,62.94,64.14
1120326,1600,64.37,65.1,63.9,64.92
1120327,1600,65.26,65.57,64.87,64.88
1120328,1600,64.7,65.19,64.15,64.15
1120329,1600,63.95,64.12,62.29,63.02
1120330,1600,63.47,63.79,63.3,63.74
1120402,1600,63.94,64.74,63.43,64.74
1120403,1600,64.68,64.91,63.96,64.01
1120404,1600,63.61,63.61,62.1,62.23
1120405,1600,62.48,62.63,61.29,62.09
1120410,1600,61.37,61.78,60.6,60.6
1120411,1600,60.83,61.63,60.55,61.15
1120412,1600,61.46,61.98,60.98,61.77
1120413,1600,61.65,61.78,60.06,60.38
1120416,1600,60.21,61.19,60.02,60.71
1120417,1600,60.73,62.33,60.73,62.31
1120418,1600,62.08,62.43,61.61,61.66
1120419,1600,62.1,62.39,61.0,61.14
1120420,1600,61.21,61.94,60.97,61.86
1120423,1600,60.91,60.99,59.57,59.87
1120424,1600,60.17,60.48,59.61,60.33
1120425,1600,60.74,61.67,60.72,61.44
1120426,1600,61.38,61.75,60.79,61.6
1120427,1600,61.06,62.35,60.95,62.12
1120430,1600,62.5,62.6,61.65,61.87
1120502,1600,62.46,62.46,60.4,60.85
1120503,1600,61.25,61.6,60.28,60.73
1120504,1600,60.38,60.58,59.34,59.51
1120507,1600,58.16,59.64,58.07,59.5
1120508,1600,59.17,59.64,58.17,58.47
1120509,1600,58.75,58.97,57.79,58.72
1120510,1600,59.14,59.4,58.38,59.09
1120511,1600,58.62,59.74,58.51,59.68
1120514,1600,58.98,59.08,58.04,58.56
1120515,1600,58.93,59.01,57.57,58.04
1120516,1600,57.54,58.39,57.1,57.9
1120517,1600,57.94,57.94,56.93,57.11
1120518,1600,56.62,57.45,56.45,56.76
1120521,1600,56.73,57.7,56.58,57.37
1120522,1600,57.81,58.42,57.56,58.34
1120523,1600,57.52,57.76,56.74,57.01
1120524,1600,57.5,57.55,56.61,57.24
1120525,1600,57.69,58.07,56.91,57.42
1120528,1600,58.17,58.2,57.21,57.33
1120529,1600,58.0,58.36,57.4,57.95
1120530,1600,57.52,57.94,56.75,57.02
1120531,1600,57.02,57.29,56.28,56.75
1120601,1600,56.68,56.68,54.47,54.9
1120604,1600,54.2,54.65,53.84,54.16
1120605,1600,54.45,54.46,53.6,54.1
1120606,1600,54.65,55.32,54.4,55.28
1120607,1600,55.42,56.48,55.28,55.68
1120608,1600,55.14,55.68,54.87,55.55
1120611,1600,56.85,56.98,54.87,55.72
1120612,1600,55.7,56.28,54.87,55.85
1120613,1600,56.1,56.37,54.87,55.78
1120614,1600,55.74,55.9,55.08,55.64
1120615,1600,55.9,56.64,55.9,56.44
1120618,1600,57.2,57.22,56.41,56.66
1120619,1600,56.76,57.8,56.49,57.67
1120620,1600,57.65,58.02,57.45,57.96
1120621,1600,57.71,58.24,57.4,57.44
1120622,1600,56.8,57.27,56.69,56.74
1120625,1600,56.42,56.42,55.47,55.62
1120626,1600,55.8,55.86,55.34,55.64
1120627,1600,55.81,56.46,55.58,56.44
1120628,1600,56.51,56.54,55.24,55.76
1120629,1600,57.16,58.13,56.78,58.13
1120702,1600,57.97,59.09,57.92,58.88
1120703,1600,59.03,59.6,58.96,59.59
1120704,1600,59.52,59.58,59.13,59.47
1120705,1600,59.47,60.2,58.7,59.23
1120706,1600,59.06,59.2,58.06,58.1
1120709,1600,58.07,58.18,57.79,57.85
1120710,1600,57.93,58.84,57.56,58.33
1120711,1600,58.0,58.91,58.0,58.54
1120712,1600,57.91,58.41,57.71,58.16
1120713,1600,58.42,59.4,58.32,59.37
1120716,1600,59.3,59.61,58.98,59.48
1120717,1600,59.74,59.92,59.29,59.65
1120718,1600,59.87,60.63,59.63,60.62
1120719,1600,60.79,61.38,60.72,61.29
1120720,1600,61.11,61.44,59.99,60.1
1120723,1600,59.49,59.56,57.73,58.2
1120724,1600,58.19,58.49,57.8,57.87
1120725,1600,57.95,58.67,57.79,58.06
1120726,1600,57.9,59.75,57.29,59.57
1120727,1600,59.81,60.61,59.02,60.53
1120730,1600,60.9,61.58,60.77,61.34
1120731,1600,61.46,61.96,61.21,61.39
1120801,1600,61.51,61.6,61.04,61.22
1120802,1600,61.21,62.13,59.25,59.89
1120803,1600,60.03,62.3,60.02,62.26
1120806,1600,62.09,62.9,62.06,62.67
1120807,1600,62.58,63.22,62.55,63.14
1120808,1600,62.94,63.11,62.62,63.11
1120809,1600,63.25,63.32,62.45,63.11
1120810,1600,62.8,63.02,62.44,62.94
1120813,1600,62.81,63.2,62.37,62.65
1120814,1600,63.05,63.37,62.88,63.18
1120815,1600,62.98,63.18,62.62,62.99
1120816,1600,63.01,63.44,62.8,63.41
1120817,1600,63.49,63.82,63.44,63.82
1120820,1600,63.86,64.2,63.53,63.74
1120821,1600,63.9,64.38,63.81,64.19
1120822,1600,63.81,63.89,63.46,63.6
1120823,1600,64.13,64.14,62.74,62.99
1120824,1600,63.06,63.33,62.37,63.19
1120827,1600,62.97,63.85,62.97,63.85
1120828,1600,63.45,63.69,63.2,63.45
1120829,1600,63.41,63.7,62.94,63.52
1120830,1600,63.1,63.24,62.28,62.49
1120831,1600,62.46,63.52,62.46,63.12
1120903,1600,63.03,63.58,63.02,63.58
1120904,1600,63.46,63.55,62.7,62.83
1120905,1600,62.93,63.43,62.46,63.12
1120906,1600,63.4,64.96,63.29,64.9
1120907,1600,65.11,65.67,65.11,65.36
1120910,1600,65.28,65.51,65.25,65.33
1120911,1600,65.16,66.24,65.15,66.22
1120912,1600,66.43,67.18,66.22,66.56
1120913,1600,66.57,66.6,65.94,66.19
1120914,1600,67.25,67.45,66.97,67.15
1120917,1600,66.92,67.17,66.89,67.01
1120918,1600,66.59,66.81,66.17,66.58
1120919,1600,66.95,67.0,66.37,66.94
1120920,1600,66.37,66.96,66.26,66.94
1120921,1600,67.17,67.76,66.98,67.53
1120924,1600,67.29,67.43,66.92,67.15
1120925,1600,67.11,67.39,66.75,67.28
1120926,1600,66.67,66.69,65.77,65.95
1120927,1600,66.3,66.36,65.87,66.05
1120928,1600,66.38,66.47,65.4,65.4
1121001,1600,65.63,66.49,65.63,66.39
1121002,1600,65.86,66.79,65.86,66.16
1121004,1600,66.82,66.82,65.97,66.2
1121005,1600,66.43,67.13,66.27,66.95
1121008,1600,66.44,66.46,66.0,66.04
1121009,1600,66.19,66.2,65.42,65.54
1121010,1600,65.36,65.63,65.25,65.31
1121011,1600,65.16,66.18,65.14,65.95
1121012,1600,65.76,66.05,65.55,65.6
1121015,1600,65.74,66.19,65.59,65.86
1121016,1600,66.26,66.94,66.07,66.8
1121017,1600,66.9,67.05,66.77,66.95
1121018,1600,67.07,67.46,66.95,67.39
1121019,1600,67.21,67.29,66.72,66.84
1121022,1600,66.71,66.94,66.25,66.35
1121023,1600,66.42,66.44,64.77,64.96
1121024,1600,65.18,65.36,64.18,65.13
1121025,1600,65.09,65.69,65.05,65.21
1121026,1600,65.01,65.71,64.78,65.53
1121029,1600,65.22,65.45,64.99,65.23
1121030,1600,65.56,66.05,65.56,65.97
1121031,1600,66.17,66.54,65.77,65.79
1121101,1600,65.76,66.63,65.74,66.44
1121102,1600,66.41,66.93,66.26,66.64
1121105,1600,66.23,66.46,66.19,66.35
1121106,1600,66.45,66.93,66.3,66.83
1121107,1600,67.3,67.33,65.47,65.58
1121108,1600,65.94,66.01,65.06,65.19
1121109,1600,65.33,65.38,63.98,64.81
1121112,1600,64.86,65.16,64.66,64.97
1121113,1600,64.5,65.06,64.11,64.86
1121114,1600,64.79,65.06,64.17,64.33
1121115,1600,64.0,64.1,63.59,63.78
1121116,1600,63.81,63.94,62.97,62.99
1121119,1600,63.59,64.56,63.46,64.48
1121120,1600,64.32,65.1,64.32,64.94
1121121,1600,64.75,65.14,64.72,65.06
1121122,1600,65.3,65.7,65.29,65.61
1121123,1600,65.73,66.25,65.44,66.18
1121126,1600,66.0,66.22,65.89,66.06
1121127,1600,66.54,66.65,66.08,66.44
1121128,1600,66.29,66.57,65.8,66.51
1121129,1600,66.85,67.2,66.63,67.0
1121130,1600,67.05,67.41,67.02,67.1
1121203,1600,67.26,67.88,67.2,67.34
1121204,1600,67.28,67.62,67.19,67.37
1121205,1600,67.72,67.75,67.28,67.52
1121206,1600,67.64,68.44,67.63,68.26
1121207,1600,68.3,68.42,67.85,68.06
1121210,1600,67.84,68.27,67.56,68.21
1121211,1600,68.18,68.8,68.12,68.78
1121212,1600,68.89,69.08,68.78,68.95
1121213,1600,68.97,68.98,68.49,68.73
1121214,1600,68.83,69.02,68.64,68.79
1121217,1600,68.88,69.03,68.55,68.87
1121218,1600,69.16,69.45,69.07,69.36
1121219,1600,69.5,69.6,69.35,69.51
1121220,1600,69.22,69.52,69.18,69.5
1121221,1600,69.14,69.34,68.81,69.13
1121227,1600,69.26,69.53,69.18,69.35
1121228,1600,69.31,69.42,68.87,68.9
1130102,1600,70.31,70.56,69.94,70.4
1130103,1600,70.32,70.42,70.09,70.22
1130104,1600,70.06,70.5,69.97,70.44
1130107,1600,70.29,70.31,69.86,69.99
1130108,1600,69.74,70.24,69.6,69.67
1130109,1600,69.9,70.04,69.62,69.9
1130110,1600,69.98,70.4,69.6,69.79
1130111,1600,69.98,69.98,69.6,69.9
1130114,1600,70.08,70.5,69.75,69.99
1130115,1600,69.81,70.03,69.13,69.5
1130116,1600,69.33,69.65,69.23,69.61
1130117,1600,69.52,70.3,69.37,70.01
1130118,1600,70.18,70.19,69.79,69.79
1130121,1600,70.06,70.21,69.89,70.15
1130122,1600,70.14,70.14,69.1,69.68
1130123,1600,69.71,70.0,69.6,69.79
1130124,1600,69.47,70.22,69.4,70.19
1130125,1600,70.12,71.19,70.1,71.13
1130128,1600,71.14,71.27,70.93,70.94
1130129,1600,71.04,71.12,70.65,71.08
1130130,1600,71.16,71.2,70.42,70.76
1130131,1600,70.64,70.7,70.32,70.48
1130201,1600,70.6,71.06,70.5,70.94
1130204,1600,70.85,70.96,69.16,69.16
1130205,1600,69.14,69.46,69.01,69.39
1130206,1600,69.29,69.64,68.21,68.6
1130207,1600,68.63,69.32,68.51,68.7
1130208,1600,68.95,69.29,68.6,69.23
1130211,1600,69.07,69.49,68.79,69.12
1130212,1600,68.97,69.35,68.79,69.34
1130213,1600,69.44,70.05,69.26,69.82
1130214,1600,69.72,69.95,68.92,69.08
1130215,1600,69.13,69.27,68.7,68.76
1130218,1600,68.71,69.1,68.43,69.1
1130219,1600,68.95,70.28,68.94,70.16
1130220,1600,70.16,70.49,69.8,69.98
1130221,1600,69.54,69.61,68.45,68.7
1130222,1600,68.96,69.52,68.9,69.39
1130225,1600,70.0,71.16,69.98,70.31
1130226,1600,68.9,69.48,68.73,68.84
1130227,1600,69.17,69.51,68.5,69.48
1130228,1600,69.98,70.16,69.7,70.04
1130301,1600,70.11,70.28,69.05,69.84
1130304,1600,69.29,69.79,69.2,69.67
1130305,1600,70.5,71.35,70.4,71.23
1130306,1600,71.55,72.21,71.52,71.75
1130307,1600,71.82,72.02,71.69,71.88
1130308,1600,72.14,73.0,72.09,72.28
1130311,1600,72.2,72.33,72.03,72.28
1130312,1600,72.11,72.43,71.84,72.08
1130313,1600,72.09,72.21,71.91,72.19
1130314,1600,72.56,72.96,72.54,72.93
1130315,1600,73.01,73.01,72.36,72.82
1130318,1600,71.58,72.61,71.58,72.51
1130319,1600,72.22,72.43,71.67,71.99
1130320,1600,72.34,72.68,72.18,72.38
1130321,1600,72.36,72.37,71.37,71.83
1130322,1600,71.65,72.0,71.33,71.67
1130325,1600,72.35,72.69,71.05,71.25
1130326,1600,71.46,71.63,71.18,71.32
1130327,1600,71.56,71.58,70.15,70.58
1130328,1600,70.58,71.0,70.39,70.57
1130402,1600,70.71,71.94,70.71,71.83
1130403,1600,71.75,71.98,71.26,71.32
1130404,1600,71.53,71.86,70.67,70.78
1130405,1600,70.75,70.82,68.69,69.32
1130408,1600,69.5,69.68,69.2,69.33
1130409,1600,69.73,69.89,68.85,69.08
1130410,1600,69.38,70.77,69.36,70.69
1130411,1600,70.5,71.35,70.5,71.23
1130412,1600,70.87,70.93,69.95,70.12
1130415,1600,70.14,70.34,69.29,69.81
1130416,1600,69.39,70.04,69.14,69.51
1130417,1600,69.84,69.86,67.66,68.03
1130418,1600,68.01,68.38,67.32,67.63
1130419,1600,67.84,68.14,67.1,67.59
1130422,1600,68.03,68.22,67.35,67.69
1130423,1600,67.75,69.36,67.37,69.29
1130424,1600,69.33,70.24,69.33,70.09
1130425,1600,70.25,70.9,70.0,70.86
1130426,1600,70.9,70.9,70.27,70.48
1130429,1600,70.86,71.12,70.71,71.03
1130430,1600,71.85,71.85,70.88,71.27
1130502,1600,71.05,71.72,70.82,71.46
1130503,1600,71.73,72.98,71.45,72.85
1130506,1600,72.83,73.1,72.71,72.78
1130507,1600,72.94,73.65,72.88,73.43
1130508,1600,73.43,74.07,73.38,74.07
1130509,1600,73.92,74.28,73.84,74.19
1130510,1600,74.25,75.0,74.1,74.35
1130513,1600,74.35,74.44,73.76,74.36
1130514,1600,74.56,74.86,73.94,74.86
1130515,1600,74.87,75.1,73.92,75.03
1130516,1600,74.96,75.4,74.71,75.11
1130517,1600,75.04,75.46,74.79,75.4
1130520,1600,75.73,75.9,75.43,75.9
1130521,1600,75.88,76.11,75.35,76.0
1130522,1600,76.05,76.84,75.75,76.6
1130523,1600,75.0,75.23,74.27,75.03
1130524,1600,75.28,75.32,74.16,74.59
1130527,1600,74.94,75.3,74.85,75.27
1130528,1600,75.65,76.53,75.65,76.09
1130529,1600,75.79,75.79,74.68,74.9
1130530,1600,74.61,75.56,74.54,75.4
1130531,1600,75.22,75.44,74.5,74.99
1130603,1600,74.51,75.37,73.74,74.43
1130604,1600,75.16,75.26,74.29,74.49
1130605,1600,73.89,74.44,73.46,73.6
1130606,1600,73.55,73.9,72.76,72.76
1130607,1600,72.84,74.34,72.07,74.13
1130610,1600,74.07,75.02,74.07,74.6
1130611,1600,74.16,74.17,73.15,73.85
1130612,1600,73.8,74.04,72.9,73.15
1130613,1600,71.76,72.76,71.54,72.66
1130614,1600,73.19,73.49,72.84,72.99
1130617,1600,73.62,74.17,73.48,73.76
1130618,1600,73.49,73.99,73.38,73.9
1130619,1600,74.03,74.35,73.28,73.63
1130620,1600,72.19,72.42,71.02,71.26
1130621,1600,71.48,71.68,69.94,69.94
1130624,1600,69.9,70.27,68.74,69.12
1130625,1600,69.52,70.42,69.4,70.13
1130626,1600,70.09,71.46,70.09,71.22
1130627,1600,71.32,72.04,71.1,71.78
1130628,1600,72.17,72.17,70.97,71.45
1130701,1600,71.84,72.03,70.85,71.65
1130702,1600,71.63,71.65,70.68,70.99
1130703,1600,70.17,70.35,69.4,70.34
1130704,1600,70.7,71.91,70.62,71.73
1130705,1600,71.91,72.09,70.1,70.1
1130708,1600,70.83,71.94,70.66,71.59
1130709,1600,72.12,72.59,71.9,72.34
1130710,1600,72.42,72.48,71.77,72.39
1130711,1600,73.29,73.43,72.97,73.3
1130712,1600,73.5,73.98,73.44,73.72
1130715,1600,73.97,74.24,73.72,73.93
1130716,1600,74.06,74.06,73.43,73.65
1130717,1600,73.78,74.22,73.07,74.07
1130718,1600,73.89,74.8,73.76,74.78
1130719,1600,74.51,74.83,74.37,74.78
1130722,1600,74.97,75.17,74.6,74.77
1130723,1600,74.99,75.07,74.59,74.64
1130724,1600,74.7,75.53,74.69,75.17
1130725,1600,74.85,75.0,74.18,74.51
1130726,1600,74.88,75.04,73.74,74.0
1130729,1600,74.48,74.69,73.98,74.13
1130730,1600,74.48,74.78,74.11,74.26
1130731,1600,73.95,74.46,73.71,74.22
1130801,1600,74.75,75.49,74.7,75.44
1130802,1600,75.56,75.7,75.21,75.46
1130805,1600,75.67,75.67,75.08,75.41
1130806,1600,75.27,75.75,73.68,74.47
1130807,1600,74.08,74.33,73.85,74.12
1130808,1600,74.25,74.85,74.06,74.65
1130809,1600,74.75,75.16,74.36,74.84
1130812,1600,74.88,75.11,73.99,74.99
1130813,1600,75.51,75.79,75.22,75.52
1130814,1600,75.63,75.92,75.41,75.7
1130815,1600,75.53,75.57,74.56,75.17
1130816,1600,74.94,75.36,74.81,75.3
1130819,1600,75.15,75.25,74.74,75.1
1130820,1600,74.38,74.65,73.97,74.48
1130821,1600,74.4,74.57,74.21,74.36
1130822,1600,74.43,75.6,74.43,75.37
1130823,1600,75.38,75.72,75.05,75.56
1130826,1600,75.55,75.71,75.27,75.69
1130827,1600,75.17,75.53,74.0,74.0
1130828,1600,73.62,73.76,72.68,73.23
1130829,1600,73.57,73.57,73.04,73.5
1130830,1600,73.52,73.58,72.72,72.78
1130902,1600,73.84,74.18,73.68,73.94
1130903,1600,74.2,74.2,73.16,73.39
1130904,1600,73.58,73.65,72.64,73.58
1130905,1600,73.72,74.08,73.31,73.88
1130906,1600,73.81,74.45,73.41,74.22
1130909,1600,74.16,74.64,74.0,74.29
1130910,1600,75.0,75.94,74.94,75.84
1130911,1600,75.86,76.3,75.79,76.26
1130912,1600,76.31,76.4,76.01,76.25
1130913,1600,75.99,76.45,75.88,76.33
1130916,1600,77.17,77.38,76.97,77.29
1130917,1600,77.11,77.3,77.06,77.18
1130918,1600,77.33,77.6,77.12,77.5
1130919,1600,78.4,78.7,77.79,78.0
1130920,1600,77.86,78.2,77.82,77.88
1130923,1600,77.99,78.05,77.38,77.45
1130924,1600,77.59,77.81,77.48,77.76
1130925,1600,77.67,77.9,77.26,77.79
1130926,1600,77.97,77.97,77.45,77.73
1130927,1600,77.78,77.92,77.3,77.78
1130930,1600,76.92,77.22,76.7,77.13
1131001,1600,77.51,78.0,77.14,77.99
1131002,1600,77.67,77.78,77.04,77.43
1131004,1600,77.1,77.54,76.9,77.39
1131007,1600,76.79,77.22,76.36,77.12
1131008,1600,77.09,77.24,76.75,76.75
1131009,1600,76.69,77.08,76.1,76.41
1131010,1600,76.8,78.02,76.75,78.0
1131011,1600,78.18,78.35,78.05,78.31
1131014,1600,77.91,78.32,77.87,78.25
1131015,1600,78.64,79.11,78.63,79.03
1131016,1600,78.9,79.51,78.8,79.37
1131017,1600,79.13,79.2,78.64,79.07
1131018,1600,79.25,79.47,79.0,79.47
1131021,1600,79.4,79.65,79.25,79.58
1131022,1600,79.44,80.63,79.4,80.24
1131023,1600,79.98,80.15,78.57,80.06
1131024,1600,80.46,80.65,80.33,80.55
1131025,1600,80.3,80.8,80.3,80.66
1131028,1600,81.03,81.03,80.32,80.57
1131029,1600,80.47,80.92,80.47,80.91
1131030,1600,81.05,81.36,80.73,80.86
1131031,1600,80.65,81.09,80.54,81.07
1131101,1600,81.06,81.16,80.74,80.84
1131104,1600,81.13,81.22,80.98,81.08
1131105,1600,81.13,81.13,80.44,80.86
1131106,1600,81.08,81.32,80.95,81.05
1131107,1600,81.07,82.5,81.0,81.48
1131108,1600,81.08,81.47,80.66,81.44
1131111,1600,81.5,81.85,81.35,81.71
1131112,1600,81.73,81.85,81.44,81.45
1131113,1600,81.23,81.42,80.59,81.24
1131114,1600,81.98,82.1,81.68,82.05
1131115,1600,82.16,82.43,81.96,82.24
1131118,1600,82.11,83.02,81.99,82.77
1131119,1600,82.63,82.69,82.36,82.49
1131120,1600,82.37,82.85,82.21,82.58
1131121,1600,81.92,82.64,81.8,82.51
1131122,1600,82.59,82.79,82.27,82.7
1131125,1600,83.01,83.64,83.01,83.45
1131126,1600,83.44,83.59,83.35,83.39
1131127,1600,83.52,84.0,83.41,83.89
1131128,1600,84.03,84.33,84.0,84.24
1131129,1600,84.19,84.54,84.17,84.4
1131202,1600,84.5,84.56,84.24,84.38
1131203,1600,84.28,84.33,82.72,82.72
1131204,1600,82.93,83.01,81.52,82.01
1131205,1600,81.73,82.29,81.43,81.5
1131206,1600,81.93,82.5,81.51,82.31
1131209,1600,82.72,82.75,82.3,82.52
1131210,1600,82.26,82.76,81.56,81.77
1131211,1600,81.6,82.11,81.31,81.44
1131212,1600,80.99,81.22,80.6,80.89
1131213,1600,80.93,81.15,80.66,80.81
1131216,1600,80.83,82.39,80.76,82.21
1131217,1600,82.08,82.18,81.53,81.53
1131218,1600,82.08,82.46,81.84,82.4
1131219,1600,83.2,83.95,83.08,83.75
1131220,1600,84.09,84.4,83.95,84.39
1131223,1600,84.64,85.09,84.58,85.09
1131227,1600,85.73,85.99,85.66,85.98
1131230,1600,86.0,86.05,85.75,85.75
1140102,1600,86.18,86.39,84.29,84.29
1140103,1600,84.41,84.78,84.02,84.6
1140106,1600,84.55,84.94,84.32,84.53
1140107,1600,84.76,85.38,84.5,85.26
1140108,1600,85.31,85.35,84.94,85.18
1140109,1600,85.13,85.64,84.36,84.56
1140110,1600,84.96,85.49,84.7,84.95
1140113,1600,85.44,85.44,84.86,85.32
1140114,1600,84.32,85.57,84.25,85.54
1140115,1600,85.98,87.46,85.94,87.23
1140116,1600,87.42,87.42,87.03,87.14
1140117,1600,87.25,87.82,87.1,87.39
1140120,1600,86.91,87.31,86.8,87.14
1140121,1600,87.41,87.81,87.12,87.28
1140122,1600,87.45,87.58,86.79,87.14
1140123,1600,87.01,87.22,86.07,86.41
1140124,1600,86.64,86.68,84.09,84.23
1140127,1600,84.11,84.29,83.31,83.81
1140128,1600,84.43,84.6,83.81,84.35
1140129,1600,85.36,85.54,82.66,83.7
1140130,1600,83.7,84.46,83.1,84.07
1140131,1600,83.77,83.85,82.16,83.47
1140203,1600,83.71,83.9,82.3,82.34
1140204,1600,81.91,82.22,81.37,81.95
1140205,1600,81.62,82.1,81.45,81.76
1140206,1600,82.26,83.18,80.9,83.05
1140207,1600,83.18,83.62,82.74,83.39
1140210,1600,83.65,83.82,83.25,83.32
1140211,1600,83.77,84.97,83.77,84.97
1140212,1600,85.34,86.06,85.29,85.61
1140213,1600,85.41,86.09,85.02,86.0
1140214,1600,86.25,86.8,86.03,86.62
1140217,1600,86.61,86.89,86.55,86.64
1140218,1600,86.69,87.0,86.23,86.64
1140219,1600,86.59,86.97,86.07,86.61
1140220,1600,85.24,86.33,85.17,86.28
1140221,1600,86.63,86.68,86.1,86.66
1140224,1600,86.27,87.06,86.17,87.06
1140225,1600,86.83,87.1,86.2,87.03
1140226,1600,87.17,87.17,86.2,86.64
1140227,1600,86.59,86.71,85.13,85.94
1140228,1600,86.07,86.91,85.8,86.91
1140303,1600,84.79,85.37,83.92,83.92
1140304,1600,84.74,85.96,84.49,85.96
1140305,1600,85.66,86.07,85.48,85.48
1140306,1600,85.9,85.95,85.28,85.55
1140307,1600,85.49,85.53,83.78,83.89
1140310,1600,83.46,84.11,82.61,83.06
1140311,1600,83.33,84.05,83.04,83.41
1140312,1600,82.96,83.09,81.9,82.39
1140313,1600,82.58,82.75,80.76,80.76
1140314,1600,80.26,81.5,79.75,81.16
1140317,1600,81.34,82.43,81.2,82.34
1140318,1600,82.16,83.57,81.65,82.89
1140319,1600,83.08,83.6,82.75,83.17
1140320,1600,82.56,83.35,82.09,83.29
1140321,1600,83.37,84.02,83.33,83.75
1140324,1600,83.89,83.89,82.32,82.34
1140325,1600,82.83,84.01,82.83,83.72
1140326,1600,84.06,85.09,84.06,84.74
1140327,1600,84.6,84.91,84.28,84.75
1140328,1600,85.11,85.96,85.05,85.96
1140331,1600,86.39,86.39,85.6,85.68
1140401,1600,86.13,86.33,85.85,86.08
1140402,1600,86.37,86.49,86.14,86.28
1140403,1600,86.3,86.88,86.0,86.34
1140404,1600,86.39,87.11,86.33,86.9
1140407,1600,85.94,86.15,85.11,85.26
1140408,1600,85.33,85.38,84.2,85.04
1140409,1600,85.23,85.55,85.0,85.23
1140410,1600,85.73,85.91,84.65,84.76
1140411,1600,83.82,84.14,83.03,83.45
1140414,1600,82.97,83.72,82.63,83.72
1140415,1600,83.6,83.75,82.15,82.24
1140416,1600,83.06,83.54,82.66,83.51
1140417,1600,83.44,84.44,83.2,84.33
1140422,1600,84.77,86.12,84.69,86.08
1140423,1600,86.14,86.14,85.52,85.61
1140424,1600,86.01,86.5,84.33,85.58
1140425,1600,84.92,85.2,83.92,84.32
1140428,1600,84.61,85.13,84.24,84.48
1140429,1600,85.26,85.78,84.81,85.62
1140430,1600,85.55,85.95,85.4,85.83
1140502,1600,85.69,85.85,84.97,85.1
1140505,1600,84.86,85.05,83.84,84.87
1140506,1600,85.23,85.28,84.14,84.34
1140507,1600,83.97,85.11,83.88,84.88
1140508,1600,85.13,85.76,84.55,85.64
1140509,1600,85.5,85.55,85.19,85.45
1140512,1600,85.6,86.53,85.45,86.47
1140513,1600,86.88,87.21,86.72,86.95
1140514,1600,86.99,87.1,86.73,86.95
1140515,1600,86.8,87.4,85.81,86.03
1140516,1600,86.07,86.19,85.35,85.77
1140519,1600,85.66,86.22,84.96,86.06
1140520,1600,86.03,86.28,85.66,85.92
1140521,1600,85.64,86.5,85.37,86.4
1140522,1600,86.68,86.71,86.36,86.67
1140523,1600,86.65,87.12,86.47,86.97
1140526,1600,87.59,88.16,87.54,88.16
1140527,1600,88.18,88.66,88.0,88.57
1140528,1600,88.64,88.7,88.2,88.59
1140529,1600,88.57,88.69,88.39,88.54
1140530,1600,88.49,88.88,88.45,88.6
1140602,1600,88.99,89.0,88.23,88.66
1140603,1600,88.69,88.69,88.05,88.37
1140604,1600,88.22,88.46,87.84,88.43
1140605,1600,88.4,89.2,88.24,88.57
1140606,1600,88.78,89.09,88.59,88.94
1140609,1600,89.04,89.17,88.96,89.17
1140610,1600,89.1,89.38,89.0,89.33
1140611,1600,89.27,89.3,88.42,88.63
1140612,1600,88.75,88.84,88.38,88.55
1140613,1600,88.41,88.6,87.56,88.33
1140616,1600,88.03,88.43,87.96,88.13
1140617,1600,88.37,88.93,87.87,88.41
1140618,1600,88.5,88.74,88.38,88.47
1140619,1600,89.2,89.28,89.01,89.15
1140620,1600,89.08,89.52,89.0,89.0
1140623,1600,88.96,88.96,88.09,88.35
1140624,1600,88.55,88.67,88.2,88.59
1140625,1600,88.05,88.33,87.66,87.91
1140626,1600,88.09,88.15,86.84,87.42
1140627,1600,87.35,87.65,87.3,87.5
1140630,1600,87.57,88.11,87.32,87.63
1140701,1600,87.9,88.2,87.62,88.2
1140702,1600,88.33,88.51,88.12,88.33
1140703,1600,88.28,89.36,88.28,89.34
1140704,1600,89.32,89.37,89.12,89.16
1140707,1600,88.99,89.2,88.2,88.26
1140708,1600,88.37,88.37,87.08,87.1
1140709,1600,87.08,87.44,86.87,87.35
1140710,1600,87.19,87.27,85.67,86.12
1140711,1600,86.1,86.47,85.69,86.09
1140714,1600,86.47,87.25,86.4,87.14
1140715,1600,87.01,87.21,86.52,86.59
1140716,1600,86.88,87.94,86.87,87.87
1140717,1600,87.55,87.71,86.79,86.98
1140718,1600,86.19,86.61,86.0,86.6
1140721,1600,86.44,86.44,85.44,85.63
1140722,1600,86.14,86.72,85.94,86.68
1140723,1600,86.67,87.31,86.67,86.94
1140724,1600,86.85,87.41,86.22,87.22
1140725,1600,86.98,87.22,85.71,85.87
1140728,1600,85.98,86.07,84.8,85.43
1140729,1600,85.68,86.35,85.3,85.98
1140730,1600,85.88,86.42,85.29,85.4
1140731,1600,85.15,85.33,83.7,83.78
1140801,1600,83.69,83.69,81.76,82.04
1140804,1600,82.0,82.34,81.29,81.49
1140805,1600,81.8,82.26,81.59,81.86
1140806,1600,80.5,81.6,80.4,81.43
1140807,1600,80.99,81.69,80.44,80.64
1140808,1600,79.59,80.7,79.32,80.27
1140811,1600,81.03,81.97,81.0,81.79
1140812,1600,81.65,81.69,80.65,80.79
1140813,1600,81.27,82.08,81.24,81.93
1140814,1600,81.65,82.53,81.54,82.24
1140815,1600,82.28,83.06,80.7,81.08
1140818,1600,82.25,82.5,81.91,82.42
1140819,1600,82.85,83.31,82.85,83.2
1140820,1600,83.09,83.14,82.37,83.04
1140821,1600,83.09,83.77,82.65,83.72
1140822,1600,83.63,83.87,82.75,83.17
1140825,1600,84.18,84.67,83.95,84.66
1140826,1600,84.37,85.45,84.19,85.41
1140827,1600,85.37,85.52,85.04,85.19
1140828,1600,84.97,85.02,83.87,84.32
1140829,1600,84.47,84.73,83.45,84.35
1140901,1600,84.61,84.61,83.94,84.37
1140902,1600,84.91,85.3,84.46,84.66
1140903,1600,84.93,86.28,84.9,85.69
1140904,1600,85.46,86.67,84.98,86.58
1140905,1600,86.5,87.06,86.32,86.87
1140908,1600,86.95,87.05,86.58,86.91
1140909,1600,86.8,87.04,86.35,86.46
1140910,1600,86.15,86.63,85.85,86.44
1140911,1600,86.61,86.66,85.71,86.29
1140912,1600,86.38,86.38,85.52,85.94
1140915,1600,85.55,86.23,85.37,86.06
1140916,1600,85.73,85.86,85.39,85.7
1140917,1600,86.11,86.34,86.02,86.07
1140918,1600,86.37,87.22,86.29,87.22
1140919,1600,87.72,88.1,87.29,87.29
1140922,1600,86.86,87.4,86.73,86.84
1140923,1600,86.48,86.53,85.4,85.51
1140924,1600,85.51,86.13,84.88,86.06
1140925,1600,85.97,86.53,84.52,84.73
1140926,1600,84.54,84.99,84.25,84.58
1140929,1600,84.65,84.67,83.4,83.93
1140930,1600,84.16,84.55,83.76,84.4
1141001,1600,84.22,84.75,83.32,83.58
1141002,1600,83.32,83.87,81.83,81.83
1141006,1600,83.05,83.21,81.79,81.98
1141007,1600,81.55,81.67,80.84,80.94
1141008,1600,80.4,80.72,79.78,80.12
1141009,1600,80.96,81.4,79.94,80.24
1141010,1600,79.47,79.77,78.261,78.34
1141013,1600,77.67,79.04,77.58,78.47
1141014,1600,78.06,78.87,77.42,78.61
1141015,1600,78.69,78.8,76.21,76.46
1141016,1600,76.77,77.11,74.14,76.53
1141017,1600,76.88,78.83,76.55,78.8
1141020,1600,78.47,78.7,77.35,77.63
1141021,1600,77.36,79.17,76.92,79.15
1141022,1600,79.64,79.8,78.91,79.65
1141023,1600,78.95,80.75,78.54,80.59
1141024,1600,80.13,80.53,79.75,80.03
1141027,1600,80.8,80.8,78.68,79.3
1141028,1600,79.96,80.83,79.84,80.71
1141029,1600,81.39,81.56,80.77,80.95
1141030,1600,81.37,81.53,79.27,81.14
1141031,1600,82.4,83.11,82.02,83.06
1141103,1600,82.75,83.18,82.24,82.35
1141104,1600,82.31,82.98,81.48,81.68
1141105,1600,82.32,83.05,82.17,82.91
1141106,1600,82.76,84.23,82.55,83.46
1141107,1600,83.76,83.8,82.32,82.66
1141110,1600,82.27,83.25,82.27,83.25
1141111,1600,83.49,83.67,83.03,83.38
1141112,1600,83.17,83.31,81.8,82.08
1141113,1600,82.5,82.88,81.62,82.34
1141114,1600,82.66,82.66,81.77,82.36
1141117,1600,81.62,83.02,81.61,82.86
1141118,1600,83.05,84.24,83.05,84.18
1141119,1600,84.17,84.76,84.02,84.33
1141120,1600,84.21,84.47,83.46,84.47
1141121,1600,84.82,86.67,84.7,86.6
1141124,1600,86.62,87.52,86.45,87.1
1141125,1600,87.23,88.33,87.15,87.86
1141126,1600,88.2,88.55,87.89,88.28
1141127,1600,88.5,88.98,88.33,88.81
1141128,1600,88.94,88.94,88.15,88.88
1141201,1600,88.46,88.85,88.17,88.66
1141202,1600,88.86,89.35,88.25,88.37
1141203,1600,88.78,89.0,88.44,88.8
1141204,1600,89.08,89.95,87.55,87.81
1141205,1600,88.6,89.81,88.52,89.76
1141208,1600,89.61,89.79,89.15,89.15
1141209,1600,88.11,88.56,87.14,87.22
1141210,1600,87.95,88.21,87.03,87.21
1141211,1600,87.11,88.17,86.91,87.85
1141212,1600,86.97,87.2,85.34,85.42
1141215,1600,85.38,86.14,82.99,82.99
1141216,1600,83.55,85.19,82.05,85.19
1141217,1600,84.34,85.4,83.96,85.05
1141218,1600,86.42,87.4,86.1,87.35
1141219,1600,88.05,88.11,86.29,87.16
1141222,1600,87.65,88.4,87.49,87.93
1141223,1600,87.96,88.34,87.67,88.24
1141229,1600,88.15,88.45,87.0,88.41
1141230,1600,87.77,87.99,87.35,87.35
1150102,1600,87.66,87.89,86.09,86.84
1150105,1600,86.51,87.13,84.28,84.36
1150106,1600,84.4,85.66,83.5,84.26
1150107,1600,84.71,85.39,84.23,84.65
1150108,1600,85.81,87.73,85.54,87.55
1150109,1600,87.41,87.73,85.44,85.88
1150112,1600,86.33,87.4,85.73,87.13
1150113,1600,86.98,88.82,86.96,88.47
1150114,1600,87.3,88.68,87.0,87.39
1150115,1600,88.44,89.61,85.15,89.28
1150116,1600,88.99,90.86,88.46,90.6
1150119,1600,91.1,91.65,90.73,91.18
1150120,1600,91.58,91.7,90.91,91.28
1150121,1600,91.43,91.77,90.37,91.74
1150122,1600,91.59,93.05,90.98,92.84
1150123,1600,93.53,95.31,93.5,94.83
1150126,1600,94.34,96.2,94.3,96.14
1150127,1600,96.2,96.24,94.29,94.7
1150128,1600,95.41,95.48,93.8,95.45
1150129,1600,95.06,95.65,94.45,95.54
1150130,1600,96.13,96.19,94.74,95.2
1150202,1600,95.51,96.4,95.1,96.4
1150203,1600,96.79,97.79,96.79,96.92
1150204,1600,96.91,97.1,96.18,97.07
1150205,1600,96.5,97.26,96.37,97.05
1150206,1600,96.74,96.82,96.16,96.51
1150209,1600,95.74,95.8,94.51,94.92
1150210,1600,95.04,96.09,94.28,95.79
1150211,1600,95.82,96.0,95.25,95.73
1150212,1600,95.93,97.51,95.73,97.23
1150213,1600,97.53,98.0,97.4,97.54
1150216,1600,97.45,97.6,97.13,97.2
1150217,1600,96.7,97.21,95.82,96.91
1150218,1600,97.18,97.73,97.14,97.54
1150219,1600,97.32,98.07,96.8,97.92
1150220,1600,97.7,99.26,97.45,98.39
1150223,1600,99.28,99.28,98.53,99.07
1150224,1600,99.11,99.92,98.7,99.72
1150225,1600,99.86,99.92,99.48,99.75
1150226,1600,99.77,100.83,99.6,100.83
1150227,1600,101.03,101.43,100.6,101.43
1150302,1600,101.62,101.91,101.14,101.54
1150303,1600,101.7,102.06,100.32,100.32
1150304,1600,100.67,101.4,99.63,101.4
1150305,1600,101.72,102.6,101.52,102.39
1150306,1600,102.46,103.24,102.3,102.78
1150309,1600,102.48,103.12,102.0,103.08
1150310,1600,102.86,103.0,101.48,102.41
1150311,1600,102.73,105.25,102.69,105.04
1150312,1600,104.98,105.32,104.64,104.96
1150313,1600,105.34,105.97,104.53,105.97
1150316,1600,106.54,108.78,106.51,108.28
1150317,1600,108.4,108.53,106.18,106.61
1150318,1600,106.92,107.02,105.16,106.11
1150319,1600,105.99,106.79,104.88,105.94
1150320,1600,106.52,107.59,106.18,107.23
1150323,1600,106.66,106.66,105.52,105.86
1150324,1600,105.28,107.07,104.98,106.8
1150325,1600,106.63,106.99,105.54,105.59
1150326,1600,103.82,105.46,103.31,105.38
1150327,1600,106.15,106.35,104.98,105.7
1150330,1600,106.35,107.65,106.31,107.65
1150331,1600,107.12,107.86,106.3,106.46
1150401,1600,105.85,107.8,105.73,106.85
1150402,1600,106.63,106.98,106.31,106.46
1150407,1600,107.38,108.1,107.12,107.88
1150408,1600,107.77,107.85,106.97,107.17
1150409,1600,107.64,108.3,107.2,108.3
1150410,1600,109.0,110.26,108.74,110.16
1150413,1600,109.91,110.26,109.74,109.81
1150414,1600,109.65,109.84,108.44,108.72
1150415,1600,108.97,109.7,108.71,108.9
1150416,1600,108.49,108.49,106.75,106.8
1150417,1600,106.36,106.92,103.88,103.94
1150420,1600,104.34,105.92,104.34,105.79
1150421,1600,106.72,107.49,105.96,106.32
1150422,1600,106.74,107.14,104.89,105.49
1150423,1600,105.98,106.19,103.86,104.35
1150424,1600,104.91,105.7,104.28,105.22
1150427,1600,105.85,107.17,104.38,107.17
1150428,1600,107.14,107.18,104.5,105.2
1150429,1600,105.54,105.66,101.26,101.59
1150430,1600,102.15,102.97,100.69,102.07
1150504,1600,101.96,103.1,100.9,102.78
1150505,1600,102.32,103.93,100.11,100.2
1150506,1600,100.49,101.33,99.35,100.44
1150507,1600,99.85,101.17,98.79,100.9
1150508,1600,101.53,103.6,100.98,103.57
1150511,1600,103.26,103.5,102.78,103.19
1150512,1600,102.14,102.17,100.66,101.43
1150513,1600,101.9,102.53,99.96,100.25
1150514,1600,99.82,102.4,99.19,102.21
1150515,1600,102.51,102.87,100.53,101.27
1150518,1600,101.05,102.59,100.65,102.57
1150519,1600,104.15,105.03,103.99,104.85
1150520,1600,104.86,105.01,104.19,104.74
1150521,1600,104.64,105.0,104.0,104.94
1150522,1600,105.02,105.05,104.3,104.47
1150526,1600,104.68,105.46,102.45,102.97
1150527,1600,103.19,104.28,102.58,104.15
1150528,1600,103.61,104.1,102.63,103.21
1150529,1600,103.35,103.35,100.81,100.98
1150601,1600,101.31,101.75,100.36,101.1
1150602,1600,101.31,101.31,99.65,100.21
1150603,1600,100.45,101.8,99.9,101.01
1150604,1600,100.43,101.22,98.89,100.27
1150605,1600,99.3,99.83,98.65,98.96
1150608,1600,98.63,99.1,97.75,97.9
1150609,1600,97.58,97.89,96.05,97.29
1150610,1600,96.99,99.97,96.81,99.67
1150611,1600,99.46,101.26,99.45,100.28
1150612,1600,99.51,100.45,97.85,98.96
1150615,1600,97.5,98.05,96.86,97.15
1150616,1600,96.55,97.92,95.49,97.67
1150617,1600,97.88,98.23,96.8,97.05
1150618,1600,96.63,98.24,95.6,98.2
1150619,1600,98.64,99.45,97.23,97.63
1150622,1600,100.15,101.4,99.71,101.37
1150623,1600,102.13,102.88,101.82,102.08
1150624,1600,102.28,102.49,100.5,101.38
1150625,1600,100.91,102.52,100.4,101.44
1150626,1600,100.89,102.2,100.57,101.58
1150629,1600,97.5,99.8,96.91,98.03
1150630,1600,97.71,98.42,96.36,96.93
1150701,1600,97.67,99.78,97.07,98.78
1150702,1600,98.93,99.26,98.0,98.16
1150703,1600,97.88,98.34,97.35,97.91
1150706,1600,96.26,97.17,96.05,96.23
1150707,1600,96.61,96.74,94.22,94.43
1150708,1600,94.51,95.5,94.2,95.14
1150709,1600,95.46,97.55,95.4,97.2
1150710,1600,99.34,100.25,98.53,100.05
1150713,1600,101.01,101.73,100.97,101.51
1150714,1600,101.25,101.83,100.92,101.82
1150715,1600,101.67,102.24,101.48,102.03
1150716,1600,102.72,104.2,102.64,103.59
1150717,1600,103.82,103.85,102.98,103.17
1150720,1600,103.71,104.37,103.05,103.8
1150721,1600,104.03,104.11,102.41,102.59
1150722,1600,101.85,102.46,101.41,101.91
1150723,1600,102.67,102.67,101.32,101.75
1150724,1600,101.42,102.06,100.18,100.26
1150727,1600,99.85,99.85,97.71,97.74
1150728,1600,98.18,99.4,97.84,98.83
1150729,1600,99.4,99.45,98.35,99.11
1150730,1600,99.93,99.97,98.49,99.39
1150731,1600,99.55,100.01,98.77,100.01
1150803,1600,99.88,101.31,99.4,101.13
1150804,1600,100.91,101.46,100.64,101.33
1150805,1600,101.66,103.02,101.66,102.83
1150806,1600,102.57,103.12,102.32,102.33
1150807,1600,102.01,102.35,101.51,101.53
1150810,1600,102.06,102.7,101.07,102.6
1150811,1600,102.01,102.14,99.7,99.8
1150812,1600,98.51,98.51,96.24,96.61
1150813,1600,98.09,98.6,97.07,97.42
1150814,1600,97.42,98.04,96.43,97.03
1150817,1600,97.95,98.2,95.6,96.69
1150818,1600,96.51,97.0,95.9,96.51
1150819,1600,95.76,95.82,94.37,94.37
1150820,1600,93.82,94.15,91.95,92.2
1150821,1600,90.62,92.22,89.33,89.33
1150824,1600,86.62,87.83,81.5,85.28
1150825,1600,86.43,90.0,86.15,89.55
1150826,1600,87.97,89.81,87.1,88.35
1150827,1600,90.64,91.72,90.33,91.23
1150828,1600,91.29,91.36,90.05,91.0
1150831,1600,90.36,90.79,89.56,90.65
1150901,1600,89.34,89.44,87.74,88.52
1150902,1600,88.84,89.49,88.08,88.77
1150903,1600,89.77,91.75,89.66,91.15
1150904,1600,90.0,90.15,88.38,88.67
1150907,1600,89.76,89.96,88.85,89.35
1150908,1600,90.29,91.67,90.23,90.77
1150909,1600,92.71,92.9,91.05,91.06
1150910,1600,90.42,91.24,89.75,90.2
1150911,1600,90.31,90.31,89.09,89.5
1150914,1600,89.5,90.36,89.13,89.55
1150915,1600,90.02,90.55,88.98,90.13
1150916,1600,91.02,91.32,89.92,90.36
1150917,1600,90.69,90.77,90.28,90.42
1150918,1600,89.69,89.69,87.17,87.58
1150921,1600,87.12,88.39,86.46,87.95
1150922,1600,87.99,88.04,84.48,84.6
1150923,1600,84.84,85.82,83.87,84.95
1150924,1600,84.95,85.75,82.69,83.36
1150925,1600,85.11,86.14,84.84,85.66
1150928,1600,85.45,85.55,83.79,83.82
1150929,1600,82.76,84.28,82.41,83.51
1150930,1600,85.6,85.95,84.83,85.3
1151001,1600,86.3,86.5,83.76,84.03
1151002,1600,84.92,85.45,83.01,84.49
1151005,1600,85.74,87.06,85.3,86.72
1151006,1600,86.64,87.97,86.0,87.44
1151007,1600,88.11,89.19,87.8,88.07
1151008,1600,88.02,88.62,87.6,88.32
1151009,1600,89.15,89.67,88.79,89.16
1151012,1600,89.55,90.0,88.85,89.45
1151013,1600,89.3,89.3,87.84,88.72
1151014,1600,87.86,88.69,87.43,87.67
1151015,1600,88.23,89.11,88.03,88.91
1151016,1600,89.38,89.79,88.88,89.24
1151019,1600,89.37,90.18,89.32,89.86
1151020,1600,89.92,90.08,89.06,89.58
1151021,1600,89.87,90.82,89.29,90.44
1151022,1600,90.18,92.81,90.07,92.72
1151023,1600,93.7,95.87,93.54,95.33
1151026,1600,95.3,96.01,95.09,95.45
1151027,1600,95.1,95.49,94.47,94.47
1151028,1600,94.84,95.83,94.49,95.72
1151029,1600,96.14,96.14,94.92,95.42
1151030,1600,95.69,95.88,94.99,95.88
1151102,1600,95.26,97.0,95.24,96.78
1151103,1600,96.65,96.95,96.16,96.75
1151104,1600,96.83,97.12,95.69,95.78
1151105,1600,95.91,96.88,95.26,96.19
1151106,1600,95.99,97.7,95.85,97.11
1151109,1600,97.09,97.14,95.47,95.48
1151110,1600,95.78,95.96,94.76,95.74
1151111,1600,95.96,97.14,95.9,96.4
1151112,1600,96.17,96.75,94.87,95.3
1151113,1600,95.2,95.54,93.7,94.57
1151116,1600,93.82,95.07,93.8,94.64
1151117,1600,95.35,96.89,95.31,96.89
1151118,1600,96.33,97.06,96.12,96.86
1151119,1600,97.69,98.53,97.61,97.86
1151120,1600,98.16,98.63,97.67,98.25
1151123,1600,98.1,98.3,97.68,98.01
1151124,1600,97.69,97.69,96.04,96.63
1151125,1600,96.71,98.81,96.52,98.72
1151126,1600,98.79,100.42,98.79,100.01
1151127,1600,99.51,100.29,99.39,99.78
1151130,1600,99.53,100.98,99.44,100.58
1151201,1600,100.58,100.8,99.27,99.45
1151202,1600,99.75,100.07,98.82,98.82
1151203,1600,98.71,100.01,95.04,95.2
1151204,1600,95.29,95.52,93.92,95.0
1151207,1600,95.59,97.13,95.5,96.23
1151208,1600,96.27,96.27,93.77,94.34
1151209,1600,94.44,94.71,93.27,93.63
1151210,1600,93.33,94.21,92.77,93.65
1151211,1600,93.43,93.57,90.93,91.41
1151214,1600,91.97,92.26,89.41,89.6
1151215,1600,90.62,92.61,90.5,92.38
1151216,1600,92.62,93.35,92.12,92.47
1151217,1600,94.21,95.68,94.15,94.88
1151218,1600,94.02,94.83,93.12,93.66
1151221,1600,93.63,95.42,92.7,92.7
1151222,1600,93.57,93.86,91.87,92.83
1151223,1600,93.6,94.92,93.58,94.78
1151228,1600,94.95,95.05,93.88,94.1
1151229,1600,94.92,95.93,94.8,95.93
1151230,1600,95.65,95.69,94.97,94.97
1160104,1600,91.92,92.06,90.54,90.82
1160105,1600,91.5,91.7,89.9,91.09
1160106,1600,90.64,90.64,89.0,90.25
1160107,1600,87.75,88.66,86.65,88.22
1160108,1600,88.51,89.35,86.93,86.93
1160111,1600,86.76,88.13,86.73,86.88
1160112,1600,87.23,89.09,86.88,88.08
1160113,1600,89.36,89.76,87.7,88.06
1160114,1600,86.84,87.3,84.9,86.47
1160115,1600,86.64,86.85,83.44,84.22
1160118,1600,84.59,85.3,83.55,84.11
1160119,1600,85.79,86.17,85.04,85.34
1160120,1600,83.42,83.82,82.3,83.12
1160121,1600,83.11,85.32,82.56,84.65
1160122,1600,86.27,86.91,85.74,86.19
1160125,1600,86.47,86.57,85.51,85.97
1160126,1600,84.76,87.11,84.46,86.81
1160127,1600,86.39,87.27,85.97,87.27
1160128,1600,86.75,87.5,84.73,85.06
1160129,1600,86.45,86.5,85.36,86.48
1160201,1600,86.6,86.6,85.14,86.25
1160202,1600,85.82,85.91,84.23,84.57
1160203,1600,84.19,84.6,82.6,83.36
1160204,1600,84.24,84.26,81.81,83.09
1160205,1600,82.81,83.65,81.69,81.95
1160208,1600,82.06,82.38,78.91,79.31
1160209,1600,79.59,79.81,77.45,78.25
1160210,1600,78.83,80.6,78.37,79.62
1160211,1600,78.51,78.55,76.8,77.28
1160212,1600,78.38,79.18,77.84,79.18
1160215,1600,80.89,81.66,80.7,81.31
1160216,1600,81.74,81.87,80.23,80.7
1160217,1600,80.9,82.98,80.89,82.77
1160218,1600,83.27,84.34,82.58,83.6
1160219,1600,83.16,83.66,82.31,82.9
1160222,1600,83.97,84.74,83.97,84.53
1160223,1600,83.84,84.22,83.04,83.19
1160224,1600,83.03,83.14,80.6,80.97
1160225,1600,81.82,82.93,81.26,82.37
1160226,1600,83.76,84.57,83.33,84.03
1160229,1600,82.99,83.86,82.43,83.86
1160301,1600,83.73,85.88,83.67,85.88
1160302,1600,86.42,86.87,85.61,86.24
1160303,1600,86.38,86.5,85.75,86.02
1160304,1600,86.38,87.4,86.04,86.72
1160307,1600,86.25,86.53,85.55,86.37
1160308,1600,85.33,86.4,84.95,85.54
1160309,1600,85.58,86.88,85.51,85.79
1160310,1600,85.59,88.23,83.57,83.8
1160311,1600,85.4,86.82,85.36,86.75
1160314,1600,87.9,88.65,87.73,88.25
1160315,1600,87.83,88.08,87.37,87.68
1160316,1600,88.01,88.49,87.6,88.14
1160317,1600,88.8,88.8,86.1,87.3
1160318,1600,87.11,87.95,86.66,87.88
1160321,1600,87.19,89.1,87.1,87.82
1160322,1600,86.99,88.15,86.14,88.15
1160323,1600,88.8,89.33,88.0,88.48
1160324,1600,87.79,88.12,86.94,86.98
1160329,1600,87.71,87.84,86.63,87.25
1160330,1600,87.96,89.18,87.9,88.72
1160331,1600,88.24,88.47,87.84,88.01
1160401,1600,86.74,86.99,85.43,86.57
1160404,1600,86.29,87.45,85.92,86.72
1160405,1600,85.16,85.29,84.31,84.45
1160406,1600,84.41,85.1,83.94,85.06
1160407,1600,85.19,85.69,83.71,84.13
1160408,1600,84.54,85.41,84.5,84.82
1160411,1600,84.58,86.1,84.11,85.47
1160412,1600,85.82,86.25,84.89,86.19
1160413,1600,87.36,88.5,87.36,88.5
1160414,1600,88.58,89.15,88.45,89.12
1160415,1600,88.68,88.9,88.4,88.71
1160418,1600,87.7,89.6,87.59,89.31
1160419,1600,89.77,91.57,89.6,91.36
1160420,1600,91.27,92.18,90.98,92.05
1160421,1600,92.35,92.44,91.29,92.13
1160422,1600,91.69,92.05,91.16,91.6
1160425,1600,91.76,91.77,90.35,90.83
1160426,1600,91.41,91.62,90.0,90.56
1160427,1600,90.54,90.85,90.1,90.63
1160428,1600,90.15,90.86,89.08,90.78
1160429,1600,90.07,90.24,88.0,88.0
1160502,1600,88.64,88.91,88.08,88.61
1160503,1600,88.05,88.05,86.85,87.02
1160504,1600,86.89,87.2,85.95,86.11
1160505,1600,86.2,86.89,85.84,86.34
1160506,1600,85.67,86.84,85.24,86.45
1160509,1600,87.04,88.18,86.5,87.39
1160510,1600,87.95,88.52,87.54,88.01
1160511,1600,87.75,87.82,87.11,87.37
1160512,1600,86.69,88.24,86.15,86.35
1160513,1600,85.66,87.35,85.5,87.08
1160517,1600,87.82,88.27,86.18,86.56
1160518,1600,85.96,87.07,85.93,87.07
1160519,1600,86.2,86.66,85.54,85.75
1160520,1600,86.64,86.86,86.28,86.82
1160523,1600,86.56,87.3,85.88,86.11
1160524,1600,85.74,88.23,85.59,88.06
1160525,1600,88.78,89.59,88.71,89.35
1160526,1600,89.42,90.05,89.35,89.93
1160527,1600,89.78,90.22,89.69,90.05
1160530,1600,90.23,90.5,90.03,90.44
1160531,1600,90.6,90.6,89.72,89.81
1160601,1600,89.7,90.01,88.95,89.27
1160602,1600,89.17,89.67,88.93,89.36
1160603,1600,89.65,90.0,87.87,88.44
1160606,1600,88.57,88.82,88.37,88.64
1160607,1600,89.13,90.3,89.13,90.04
1160608,1600,89.65,89.85,89.1,89.5
1160609,1600,89.05,89.06,87.93,88.28
1160610,1600,87.63,87.72,85.96,86.11
1160613,1600,85.16,85.33,84.47,84.47
1160614,1600,83.89,84.2,83.21,83.41
1160615,1600,83.9,84.62,83.79,84.14
1160616,1600,82.86,83.8,82.6,83.66
1160617,1600,84.2,84.92,83.83,84.28
1160620,1600,86.59,87.46,86.28,87.19
1160621,1600,87.03,88.0,86.91,87.67
1160622,1600,88.4,88.83,87.92,88.18
1160623,1600,88.67,90.53,88.48,89.68
1160624,1600,80.94,85.02,80.94,83.65
1160627,1600,83.2,83.94,80.67,81.14
1160628,1600,82.69,83.64,82.5,82.71
1160629,1600,83.71,84.37,83.22,84.09
1160630,1600,83.76,84.91,83.32,84.74
1160701,1600,85.45,85.82,84.57,85.55
1160704,1600,85.81,85.81,84.92,84.92
1160705,1600,84.54,84.54,83.21,83.43
1160706,1600,82.75,83.34,81.41,82.21
1160707,1600,82.67,83.21,82.3,82.49
1160708,1600,82.54,84.51,82.51,84.3
1160711,1600,85.46,86.1,84.84,86.0
1160712,1600,86.2,87.66,86.2,87.19
1160713,1600,87.09,87.51,86.82,86.89
1160714,1600,88.26,88.5,87.4,88.16
1160715,1600,87.81,88.35,87.35,88.1
1160718,1600,88.43,88.95,87.63,88.08
1160719,1600,87.66,87.95,86.87,87.37
1160720,1600,87.93,88.81,87.47,88.7
1160721,1600,89.16,89.18,88.35,88.93
1160722,1600,88.54,89.11,88.17,88.83
1160725,1600,88.89,89.85,88.67,89.2
1160726,1600,89.28,89.92,88.89,89.67
1160727,1600,90.38,90.6,90.15,90.26
1160728,1600,90.12,90.82,89.86,89.96
1160729,1600,90.32,90.63,90.03,90.49
1160801,1600,91.24,91.55,89.97,90.42
1160802,1600,90.25,90.3,88.62,88.8
1160803,1600,88.79,89.16,88.35,88.96
1160804,1600,89.67,89.98,89.15,89.48
1160805,1600,89.64,90.77,89.44,90.69
1160808,1600,91.12,91.72,91.09,91.27
1160809,1600,91.31,93.64,91.31,93.55
1160810,1600,93.44,93.7,93.07,93.23
1160811,1600,93.57,93.96,93.07,93.96
1160812,1600,93.7,93.94,93.55,93.73
1160815,1600,93.81,94.53,93.8,93.95
1160816,1600,93.38,93.98,93.07,93.46
1160817,1600,93.43,93.43,92.02,92.21
1160818,1600,92.88,92.88,92.35,92.82
1160819,1600,92.74,92.8,91.8,92.22
1160822,1600,92.32,93.27,90.86,91.82
1160823,1600,92.27,92.96,92.02,92.67
1160824,1600,92.16,93.23,92.07,93.0
1160825,1600,92.57,92.57,91.65,92.18
1160826,1600,91.97,92.89,91.7,92.66
1160829,1600,92.05,92.45,91.5,92.29
1160830,1600,92.86,93.53,92.73,93.25
1160831,1600,92.89,93.34,92.66,92.66
1160901,1600,92.99,93.42,91.82,92.18
1160902,1600,92.49,93.56,92.05,93.49
1160905,1600,93.92,93.98,93.38,93.41
1160906,1600,93.7,93.99,93.26,93.54
1160907,1600,93.7,94.3,93.28,94.06
1160908,1600,94.12,94.32,92.47,93.31
1160909,1600,92.98,93.35,92.21,92.47
1160912,1600,90.89,91.3,90.34,91.28
1160913,1600,91.71,91.93,90.85,90.92
1160914,1600,91.16,91.43,90.75,90.79
1160915,1600,90.54,91.43,90.45,91.27
1160916,1600,91.07,91.21,89.65,90.01
1160919,1600,90.52,90.85,90.38,90.83
1160920,1600,90.9,91.57,90.79,90.97
1160921,1600,91.9,92.2,91.25,91.34
1160922,1600,92.19,93.67,92.14,93.39
1160923,1600,93.35,93.39,92.84,93.06
1160926,1600,92.25,92.26,90.85,90.98
1160927,1600,91.49,91.49,89.85,90.64
1160928,1600,91.25,92.1,91.25,91.47
1160929,1600,92.42,92.6,90.83,91.14
1160930,1600,89.5,92.24,89.06,92.16
1161004,1600,92.18,93.2,92.16,93.05
1161005,1600,91.92,93.0,91.89,92.66
1161006,1600,93.03,93.1,92.26,92.49
1161007,1600,92.29,92.61,91.64,91.77
1161010,1600,91.9,93.14,91.54,93.01
1161011,1600,92.84,93.57,92.53,92.61
1161012,1600,92.37,92.8,91.97,92.16
1161013,1600,91.16,91.25,90.63,91.21
1161014,1600,91.53,92.91,91.53,92.64
1161017,1600,92.44,92.64,91.84,91.94
1161018,1600,92.45,93.3,92.28,93.08
1161019,1600,92.94,93.42,92.7,93.2
1161020,1600,93.36,94.03,92.76,93.67
1161021,1600,93.77,93.98,93.38,93.69
1161024,1600,94.09,94.72,94.09,94.2
1161025,1600,94.44,94.82,94.03,94.17
1161026,1600,94.03,94.03,93.03,93.73
1161027,1600,93.52,94.26,93.3,93.79
1161028,1600,93.1,93.8,92.7,93.67
1161031,1600,93.22,93.6,93.07,93.46
1161101,1600,93.86,93.93,91.95,92.16
1161102,1600,91.35,91.55,90.75,90.79
1161103,1600,90.5,91.1,90.37,90.37
1161104,1600,90.0,90.0,89.37,89.87
1161107,1600,91.09,91.52,90.87,91.52
1161108,1600,91.56,91.76,91.18,91.76
1161109,1600,89.16,93.22,89.11,93.22
1161110,1600,93.7,94.5,92.57,93.05
1161111,1600,93.72,93.72,92.65,93.47
1161114,1600,94.14,94.52,93.48,93.64
1161115,1600,93.79,94.09,93.35,93.96
1161116,1600,93.96,93.96,92.87,93.39
1161117,1600,93.17,93.59,92.82,93.59
1161118,1600,93.92,94.0,93.24,93.26
1161121,1600,93.72,93.89,92.72,93.58
1161122,1600,94.09,94.25,93.72,93.72
1161123,1600,93.7,94.01,92.8,93.27
1161124,1600,93.59,93.77,93.25,93.59
1161125,1600,93.67,93.67,93.24,93.65
1161128,1600,93.26,93.28,92.38,92.59
1161129,1600,92.36,92.99,92.28,92.99
1161130,1600,92.94,93.59,92.94,93.12
1161201,1600,92.54,93.0,91.91,92.16
1161202,1600,91.36,92.31,91.06,92.08
1161205,1600,92.21,94.0,92.21,93.57
1161206,1600,93.58,94.4,93.38,94.25
1161207,1600,95.46,96.19,95.16,96.15
1161208,1600,96.61,98.0,96.14,97.89
1161209,1600,97.77,98.29,97.55,98.05
1161212,1600,97.95,98.11,97.51,97.98
1161213,1600,98.1,98.9,98.1,98.76
1161214,1600,98.54,98.73,98.35,98.42
1161215,1600,98.79,99.66,98.68,99.52
1161216,1600,99.6,100.2,99.4,99.8
1161219,1600,99.6,100.0,99.6,100.0
1161220,1600,99.95,100.4,99.92,100.27
1161221,1600,100.24,100.47,100.22,100.38
1161222,1600,100.18,100.43,99.99,100.24
1161223,1600,100.39,100.41,99.83,100.18
1161227,1600,100.33,100.46,100.23,100.42
1161228,1600,100.37,100.45,100.32,100.37
1161229,1600,99.96,100.3,99.94,100.2
1161230,1600,100.15,100.38,99.83,100.38
1170102,1600,100.03,101.67,99.94,101.51
1170103,1600,101.72,101.8,101.18,101.31
1170104,1600,101.56,101.6,100.92,101.27
1170105,1600,101.06,101.52,101.04,101.33
1170106,1600,101.21,101.53,101.07,101.5
1170109,1600,101.56,101.56,100.84,101.19
1170110,1600,101.42,101.54,101.04,101.34
1170111,1600,101.39,102.31,100.85,101.87
1170112,1600,101.47,101.56,100.55,100.84
1170113,1600,101.3,101.81,101.12,101.74
1170116,1600,101.08,101.3,100.98,101.13
1170117,1600,100.79,101.37,99.97,101.05
1170118,1600,101.39,101.46,100.91,101.45
1170119,1600,101.62,101.84,101.31,101.45
1170120,1600,101.15,101.8,101.04,101.7
1170123,1600,100.75,101.54,100.72,101.01
1170124,1600,101.23,101.45,100.98,101.45
1170125,1600,102.18,103.51,102.13,103.34
1170126,1600,103.79,104.06,103.43,103.67
1170127,1600,103.62,103.62,103.25,103.37
1170130,1600,103.1,103.19,102.04,102.23
1170131,1600,102.22,102.65,101.0,101.0
1170201,1600,101.92,102.57,101.68,101.95
1170202,1600,101.72,102.01,101.56,101.77
1170203,1600,101.83,102.31,101.76,101.95
1170206,1600,101.63,102.2,100.72,100.73
1170207,1600,100.65,101.55,100.44,100.91
1170208,1600,101.11,101.37,100.45,100.98
1170209,1600,101.45,102.01,101.03,101.8
1170210,1600,102.39,102.43,101.9,102.05
1170213,1600,102.35,103.35,102.31,103.05
1170214,1600,103.0,103.13,102.84,103.0
1170215,1600,103.52,103.68,102.57,103.09
1170216,1600,103.2,103.31,102.62,102.83
1170217,1600,102.91,103.0,102.3,102.82
1170220,1600,103.5,103.59,103.29,103.48
1170221,1600,103.42,104.9,103.24,104.71
1170222,1600,105.0,105.23,104.72,104.96
1170223,1600,104.95,105.13,104.37,104.57
1170224,1600,104.3,104.41,102.53,103.25
1170227,1600,103.72,103.73,103.19,103.44
1170228,1600,103.5,103.7,103.05,103.53
1170301,1600,104.5,105.63,104.46,105.55
1170302,1600,105.43,105.7,105.36,105.47
1170303,1600,104.99,105.46,104.92,105.19
1170306,1600,104.56,104.99,104.3,104.59
1170307,1600,104.65,104.89,104.4,104.66
1170308,1600,104.33,105.15,104.33,104.68
1170309,1600,104.41,105.17,104.32,104.79
1170310,1600,105.14,105.57,104.4,104.64
1170313,1600,104.54,105.0,104.51,104.91
1170314,1600,104.86,104.99,104.35,104.88
1170315,1600,104.92,105.21,104.83,105.12
1170316,1600,106.33,106.37,105.37,105.7
1170317,1600,105.31,105.99,105.14,105.79
1170320,1600,105.45,105.67,105.27,105.4
1170321,1600,105.7,105.95,104.44,104.66
1170322,1600,103.91,104.37,103.65,104.18
1170323,1600,104.14,105.37,104.05,105.35
1170324,1600,105.3,105.67,105.05,105.52
1170327,1600,104.58,104.94,104.22,104.94
1170328,1600,105.52,106.39,105.36,106.29
1170329,1600,106.75,107.04,106.59,106.8
1170330,1600,106.85,107.25,106.72,107.22
1170331,1600,107.05,107.69,107.03,107.69
1170403,1600,108.2,108.22,107.27,107.27
1170404,1600,107.24,107.5,106.98,107.49
1170405,1600,107.4,107.5,106.78,106.86
1170406,1600,106.31,107.08,105.98,107.01
1170407,1600,106.46,106.96,106.23,106.96
1170410,1600,107.09,107.11,106.52,106.7
1170411,1600,106.32,106.85,105.41,106.23
1170412,1600,106.51,107.05,106.03,106.22
1170413,1600,106.23,106.25,105.78,105.95
1170418,1600,106.19,106.37,104.57,104.89
1170419,1600,105.04,105.32,105.0,105.14
1170420,1600,104.68,105.39,104.68,105.18
1170421,1600,105.25,105.74,105.04,105.42
1170424,1600,107.81,108.92,107.63,108.91
1170425,1600,109.08,109.16,108.77,109.06
1170426,1600,108.98,109.18,108.84,109.1
1170427,1600,108.79,109.1,108.54,108.82
1170428,1600,108.66,108.95,108.65,108.78
1170502,1600,108.68,108.91,108.31,108.91
1170503,1600,108.78,109.05,108.62,109.01
1170504,1600,109.26,110.09,109.15,110.06
1170505,1600,109.83,110.7,109.64,110.7
1170508,1600,111.08,111.08,110.23,110.51
1170509,1600,110.84,111.27,110.61,110.98
1170510,1600,110.87,111.22,110.71,111.05
1170511,1600,111.13,111.19,110.25,110.65
1170512,1600,110.82,111.23,110.66,111.23
1170515,1600,111.63,111.69,110.8,111.44
1170516,1600,111.4,111.75,111.2,111.43
1170517,1600,110.69,111.26,109.57,109.96
1170518,1600,109.82,109.98,108.73,109.57
1170519,1600,109.64,110.16,109.63,109.98
1170522,1600,110.13,110.22,109.42,109.82
1170523,1600,109.74,110.55,109.74,110.19
1170524,1600,109.9,110.15,109.86,110.02
1170525,1600,110.42,110.42,109.18,109.78
1170526,1600,109.64,109.76,109.07,109.62
1170529,1600,109.59,109.98,109.5,109.92
1170530,1600,109.69,110.09,109.4,109.61
1170531,1600,109.78,110.6,109.52,109.75
1170601,1600,110.0,110.34,109.9,110.25
1170602,1600,111.0,112.11,110.98,111.63
1170606,1600,111.09,111.27,110.37,110.48
1170607,1600,110.15,110.92,110.01,110.28
1170608,1600,110.45,110.9,110.44,110.65
1170609,1600,110.78,111.58,110.78,111.5
1170612,1600,111.09,111.25,110.24,110.46
1170613,1600,110.84,111.25,110.74,111.07
1170614,1600,111.38,112.44,111.36,111.49
1170615,1600,111.44,111.44,109.84,110.47
1170616,1600,111.0,111.05,110.58,110.89
1170619,1600,111.97,112.37,111.75,112.21
1170620,1600,112.67,112.72,111.48,111.48
1170621,1600,111.06,111.44,110.64,111.14
1170622,1600,110.81,111.44,110.7,111.32
1170623,1600,111.22,111.29,110.31,110.75
1170626,1600,111.34,111.76,111.0,111.13
1170627,1600,110.71,111.0,110.08,110.28
1170628,1600,109.35,110.26,109.08,110.15
1170629,1600,110.65,110.78,107.87,108.02
1170630,1600,107.99,108.42,107.09,107.34
1170703,1600,107.9,108.61,107.83,108.53
1170704,1600,108.23,108.59,108.1,108.24
1170705,1600,108.17,108.72,107.89,108.41
1170706,1600,108.62,108.69,107.16,107.72
1170707,1600,107.71,107.79,107.38,107.79
1170710,1600,108.31,108.64,107.96,108.29
1170711,1600,108.74,109.1,108.09,108.25
1170712,1600,108.55,110.04,108.51,109.91
1170713,1600,109.83,110.32,109.79,109.97
1170714,1600,109.94,110.19,109.45,109.91
1170717,1600,110.13,110.13,109.1,109.54
1170718,1600,109.15,109.42,107.79,108.15
1170719,1600,108.39,108.53,108.06,108.33
1170720,1600,108.92,109.41,107.89,108.22
1170721,1600,108.16,108.45,106.06,106.56
1170724,1600,106.37,106.45,105.66,106.27
1170725,1600,106.44,107.03,106.29,106.75
1170726,1600,106.68,107.4,106.67,107.05
1170727,1600,106.61,106.97,105.95,106.26
1170728,1600,105.57,106.03,105.27,105.88
1170731,1600,105.8,106.2,105.27,105.45
1170801,1600,105.62,107.04,105.17,106.65
1170802,1600,106.73,106.8,105.73,105.96
1170803,1600,105.6,106.0,105.25,105.76
1170804,1600,105.65,107.22,105.5,107.06
1170807,1600,107.31,107.31,106.36,106.58
1170808,1600,106.5,107.22,105.97,107.01
1170809,1600,106.25,106.39,105.28,105.74
1170810,1600,105.65,105.69,104.36,104.53
1170811,1600,104.05,104.83,103.87,104.61
1170814,1600,105.28,106.11,105.28,105.9
1170815,1600,106.39,106.41,105.76,105.98
1170816,1600,106.69,107.02,106.59,106.73
1170817,1600,106.41,106.91,106.01,106.19
1170818,1600,105.32,105.97,105.12,105.86
1170821,1600,105.43,105.69,104.58,104.97
1170822,1600,105.77,106.45,105.5,106.44
1170823,1600,106.49,106.75,105.75,105.92
1170824,1600,106.07,106.55,105.9,105.94
1170825,1600,106.19,106.58,105.57,105.97
1170828,1600,105.26,105.92,104.99,105.5
1170829,1600,104.58,104.6,103.28,103.92
1170830,1600,104.54,104.75,104.31,104.39
1170831,1600,105.17,105.39,104.72,104.95
1170901,1600,105.34,106.06,105.18,105.68
1170904,1600,104.91,105.6,104.88,105.27
1170905,1600,105.53,106.23,105.26,105.5
1170906,1600,105.08,106.68,105.0,106.32
1170907,1600,106.9,107.58,106.71,107.01
1170908,1600,106.58,107.21,106.58,107.08
1170911,1600,107.79,108.57,107.75,108.54
1170912,1600,109.03,109.21,108.82,108.91
1170913,1600,108.72,109.3,108.69,109.2
1170914,1600,108.97,109.21,108.75,109.06
1170915,1600,109.02,109.27,108.83,108.91
1170918,1600,109.6,109.71,109.07,109.27
1170919,1600,109.21,109.3,108.98,109.28
1170920,1600,109.16,109.54,108.89,109.33
1170921,1600,109.7,109.86,109.47,109.61
1170922,1600,109.4,110.02,109.37,109.5
1170925,1600,109.33,109.89,109.33,109.5
1170926,1600,109.24,109.86,109.21,109.64
1170927,1600,109.88,110.36,109.84,110.11
1170928,1600,110.31,110.56,110.18,110.55
1170929,1600,110.71,111.57,110.68,111.57
1171002,1600,112.06,112.24,111.77,112.22
1171003,1600,112.22,112.22,112.22,112.22
1171004,1600,112.65,112.85,112.16,112.84
1171005,1600,112.57,112.8,112.53,112.79
1171006,1600,112.84,113.02,112.58,112.72
1171009,1600,112.93,113.06,112.57,112.86
1171010,1600,112.68,112.9,112.19,112.61
1171011,1600,112.78,112.86,112.48,112.81
1171012,1600,112.96,113.12,112.59,112.95
1171013,1600,113.06,113.41,112.8,113.05
1171016,1600,113.15,113.31,113.07,113.1
1171017,1600,113.04,113.36,112.79,113.08
1171018,1600,113.2,113.9,113.12,113.41
1171019,1600,113.39,113.42,112.35,112.96
1171020,1600,113.48,113.52,112.68,113.01
1171023,1600,113.06,113.68,112.85,113.11
1171024,1600,113.08,113.56,112.93,113.2
1171025,1600,113.04,113.47,112.45,112.66
1171026,1600,112.73,114.3,112.58,114.29
1171027,1600,114.81,115.21,114.79,115.0
1171030,1600,114.98,115.28,114.96,115.06
1171031,1600,115.06,115.06,115.06,115.06
1171101,1600,116.18,117.34,116.07,117.14
1171102,1600,117.0,117.08,116.61,116.92
1171103,1600,117.15,117.44,116.8,117.28
1171106,1600,117.07,117.25,116.91,117.1
1171107,1600,117.62,117.62,116.28,116.33
1171108,1600,116.6,116.73,116.11,116.33
1171109,1600,116.35,116.55,114.6,114.67
1171110,1600,114.84,114.96,114.07,114.16
1171113,1600,114.43,114.47,112.75,113.72
1171114,1600,113.97,114.27,113.19,113.37
1171115,1600,112.7,113.03,111.67,112.84
1171116,1600,113.36,113.69,113.12,113.5
1171117,1600,113.51,113.86,112.9,112.92
1171120,1600,112.45,113.8,112.37,113.54
1171121,1600,113.36,114.88,113.27,114.52
1171122,1600,114.58,114.67,113.12,113.21
1171123,1600,112.4,113.5,112.36,113.13
1171124,1600,113.29,114.46,112.9,113.59
1171127,1600,113.22,114.08,112.95,113.05
1171128,1600,113.33,113.65,112.75,113.61
1171129,1600,114.57,114.77,113.39,113.6
1171130,1600,113.56,114.63,113.36,113.36
1171201,1600,113.47,113.62,111.35,111.79
1171204,1600,113.18,114.07,112.85,113.57
1171205,1600,113.63,113.88,112.7,113.46
1171206,1600,111.98,113.33,111.62,113.08
1171207,1600,113.35,113.79,112.98,113.47
1171208,1600,114.38,115.16,114.3,114.41
1171211,1600,114.62,114.7,114.03,114.12
1171212,1600,114.17,114.54,113.76,114.54
1171213,1600,114.51,114.7,114.09,114.16
1171214,1600,113.93,114.4,113.13,113.62
1171215,1600,113.4,114.03,113.1,113.99
1171218,1600,114.92,115.94,114.89,115.81
1171219,1600,115.85,116.0,114.91,114.96
1171220,1600,115.19,115.23,113.27,113.62
1171221,1600,113.58,114.25,113.15,113.96
1171222,1600,113.69,113.97,113.57,113.65
1171227,1600,114.0,114.19,113.19,113.67
1171228,1600,113.54,113.57,112.55,112.69
1171229,1600,112.77,112.81,112.12,112.17
1180102,1600,111.66,111.92,110.36,111.46
1180103,1600,111.88,112.78,111.64,112.46
1180104,1600,113.14,114.4,113.12,114.04
1180105,1600,114.52,115.46,114.52,115.26
1180108,1600,116.0,116.04,115.48,115.78
1180109,1600,115.9,116.22,115.7,115.9
1180110,1600,115.62,115.8,114.54,114.94
1180111,1600,115.1,115.14,113.86,114.34
1180112,1600,114.64,114.84,114.0,114.68
1180115,1600,114.66,114.66,114.1,114.26
1180116,1600,114.58,115.58,114.26,114.56
1180117,1600,114.42,114.7,113.72,114.1
1180118,1600,114.66,115.08,114.3,114.94
1180119,1600,115.2,116.4,115.18,116.26
1180122,1600,116.44,116.6,116.1,116.56
1180123,1600,117.42,117.74,117.08,117.4
1180124,1600,117.48,117.56,116.26,116.26
1180125,1600,115.84,116.4,114.46,115.22
1180126,1600,115.06,115.54,114.9,115.4
1180129,1600,115.66,115.74,114.9,115.38
1180130,1600,114.6,115.2,114.06,114.24
1180131,1600,114.46,114.82,113.94,114.24
1180201,1600,114.52,115.08,112.28,112.54
1180202,1600,111.96,112.04,110.62,110.64
1180205,1600,109.74,110.36,109.24,109.7
1180206,1600,106.68,108.6,106.48,107.3
1180207,1600,107.98,109.5,107.46,109.0
1180208,1600,108.42,108.52,105.48,106.14
1180209,1600,106.14,106.4,103.88,104.82
1180212,1600,105.9,107.14,105.88,106.4
1180213,1600,106.2,106.44,105.52,105.52
1180214,1600,106.44,107.26,104.24,106.76
1180215,1600,107.56,108.0,106.3,106.8
1180216,1600,107.38,108.02,107.04,107.74
1180219,1600,108.14,108.22,106.98,107.12
1180220,1600,107.48,108.16,106.72,108.12
1180221,1600,107.86,107.96,107.06,107.92
1180222,1600,106.9,108.16,106.34,107.88
1180223,1600,108.1,108.28,107.6,108.06
1180226,1600,108.76,109.04,108.04,108.44
1180227,1600,108.76,108.78,107.64,108.0
1180228,1600,107.62,108.32,107.46,107.58
1180301,1600,107.14,107.14,105.08,105.48
1180302,1600,104.24,104.52,102.6,103.14
1180305,1600,102.46,104.8,102.42,104.74
1180306,1600,105.92,106.1,104.8,104.88
1180307,1600,104.36,106.18,104.02,106.02
1180308,1600,105.86,107.14,105.38,106.96
1180309,1600,106.76,107.38,106.3,106.84
1180312,1600,107.66,107.72,106.96,107.48
1180313,1600,107.48,107.82,105.26,105.64
1180314,1600,105.74,106.62,105.6,105.94
1180315,1600,106.36,107.1,105.92,106.86
1180316,1600,107.18,107.76,106.74,107.38
1180319,1600,106.92,107.0,105.4,105.7
1180320,1600,105.98,106.62,105.46,106.48
1180321,1600,106.76,106.78,106.0,106.5
1180322,1600,105.48,106.14,103.9,104.74
1180323,1600,103.74,103.8,102.26,102.76
1180326,1600,103.06,103.68,101.24,101.98
1180327,1600,103.72,104.18,103.18,103.66
1180328,1600,102.86,103.46,101.84,103.44
1180329,1600,103.54,105.12,103.32,104.72
1180403,1600,103.82,104.42,103.08,103.82
1180404,1600,103.8,103.8,102.02,103.44
1180405,1600,105.36,106.62,104.98,106.56
1180406,1600,105.88,106.28,105.54,105.88
1180409,1600,106.46,106.98,105.54,106.14
1180410,1600,107.1,107.44,106.66,107.12
1180411,1600,106.9,107.02,106.0,106.34
1180412,1600,106.32,107.52,106.06,107.32
1180413,1600,107.72,108.3,107.36,107.56
1180416,1600,107.86,107.94,107.02,107.16
1180417,1600,107.5,109.1,107.36,108.8
1180418,1600,108.92,109.28,108.5,108.88
1180419,1600,108.82,108.88,108.4,108.62
1180420,1600,108.58,108.8,107.98,108.52
1180423,1600,108.4,108.84,107.8,108.72
1180424,1600,108.92,109.36,108.0,108.46
1180425,1600,107.64,107.9,106.46,107.22
1180426,1600,107.16,108.1,107.02,108.08
1180427,1600,108.64,109.14,108.18,108.76
1180430,1600,108.96,109.06,108.56,108.94
1180502,1600,109.12,110.86,109.02,110.6
1180503,1600,110.42,110.6,109.44,109.66
1180504,1600,110.08,110.74,109.78,110.74
1180507,1600,110.76,111.94,110.68,111.82
1180508,1600,111.64,111.66,111.0,111.52
1180509,1600,111.52,111.9,111.3,111.76
1180510,1600,111.92,112.48,111.56,112.44
1180511,1600,112.34,112.42,111.86,112.16
1180514,1600,112.2,112.3,111.58,111.98
1180515,1600,111.74,112.24,111.42,111.92
1180516,1600,112.08,112.44,111.84,112.14
1180517,1600,112.0,113.12,112.0,113.08
1180518,1600,113.04,113.2,112.54,112.76
1180521,1600,112.76,112.76,112.76,112.76
1180522,1600,113.2,113.88,112.7,113.64
1180523,1600,113.32,113.36,111.5,111.96
1180524,1600,111.74,112.14,110.38,110.72
1180525,1600,111.3,112.06,110.82,111.56
1180528,1600,112.2,112.38,110.56,110.82
1180529,1600,110.3,110.32,108.74,109.2
1180530,1600,109.38,110.3,109.2,110.3
1180531,1600,110.3,110.3,108.22,108.54
1180601,1600,109.3,110.32,109.12,109.7
1180604,1600,110.64,110.68,109.62,110.1
1180605,1600,110.02,111.42,109.98,110.16
1180606,1600,110.5,110.94,109.72,110.64
1180607,1600,110.94,111.3,110.0,110.38
1180608,1600,109.18,110.3,108.68,110.04
1180611,1600,110.5,110.88,109.92,110.72
1180612,1600,111.56,111.6,110.5,110.8
1180613,1600,110.78,111.24,110.24,111.16
1180614,1600,110.48,113.26,110.42,113.12
1180615,1600,113.24,113.5,112.12,112.12
1180618,1600,111.62,111.94,110.22,110.6
1180619,1600,108.72,109.58,108.58,109.42
1180620,1600,109.9,109.98,109.24,109.46
1180621,1600,109.46,109.64,107.56,107.88
1180622,1600,107.86,108.44,107.64,108.44
1180625,1600,107.72,107.9,105.84,105.84
1180626,1600,106.42,106.5,105.04,105.48
1180627,1600,105.52,107.24,104.6,106.48
1180628,1600,106.1,106.58,104.36,104.98
1180629,1600,106.1,106.76,105.72,106.22
1180702,1600,104.68,106.04,104.62,105.52
1180703,1600,106.24,107.08,105.84,106.4
1180704,1600,106.26,106.42,105.9,106.2
1180705,1600,106.54,107.88,106.54,107.52
1180706,1600,107.74,107.74,107.1,107.72
1180709,1600,108.12,108.22,107.66,108.1
1180710,1600,108.32,108.96,108.0,108.74
1180711,1600,107.82,107.82,106.88,107.04
1180712,1600,107.38,107.74,107.0,107.68
1180713,1600,108.12,108.44,107.76,108.06
1180716,1600,108.02,108.6,107.9,108.24
1180717,1600,108.34,109.36,107.94,109.18
1180718,1600,109.7,110.14,109.58,109.94
1180719,1600,109.78,109.9,109.12,109.38
1180720,1600,109.06,109.5,107.46,108.28
1180723,1600,107.82,108.26,107.66,108.14
1180724,1600,108.7,109.9,108.46,109.44
1180725,1600,109.34,109.38,108.1,108.34
1180726,1600,109.98,110.58,109.5,110.42
1180727,1600,110.52,111.08,110.5,110.9
1180730,1600,110.58,110.72,110.3,110.3
1180731,1600,110.38,110.82,109.8,110.52
1180801,1600,110.62,110.62,109.52,109.82
1180802,1600,108.58,108.74,107.7,108.14
1180803,1600,108.36,108.98,108.3,108.7
1180806,1600,108.92,109.56,108.1,108.58
1180807,1600,109.02,109.8,109.02,109.04
1180808,1600,108.82,109.5,108.48,108.92
1180809,1600,108.78,109.42,108.4,109.22
1180810,1600,108.4,108.44,106.8,107.16
1180813,1600,106.4,106.82,106.2,106.5
1180814,1600,107.18,107.38,105.94,106.56
1180815,1600,106.82,107.08,104.48,104.74
1180816,1600,105.2,105.6,104.9,105.46
1180817,1600,105.46,105.5,104.58,105.24
1180820,1600,105.6,106.62,105.56,106.24
1180821,1600,106.18,107.12,106.14,106.8
1180822,1600,106.6,107.18,106.4,106.76
1180823,1600,106.72,106.96,106.5,106.6
1180824,1600,106.84,107.26,106.4,106.84
1180827,1600,107.42,108.26,107.14,108.04
1180828,1600,108.48,108.56,108.02,108.02
1180829,1600,108.18,108.3,107.72,108.26
1180830,1600,107.94,108.0,106.88,107.66
1180831,1600,107.02,107.08,106.42,106.54
1180903,1600,106.4,106.46,105.98,106.4
1180904,1600,106.7,106.82,104.8,105.22
1180905,1600,104.76,104.8,103.72,103.72
1180906,1600,103.38,104.16,102.94,102.98
1180907,1600,103.06,103.3,102.44,103.08
1180910,1600,102.92,103.74,102.8,103.28
1180911,1600,103.48,103.54,102.24,103.2
1180912,1600,103.28,103.8,103.0,103.74
1180913,1600,103.64,104.52,103.58,103.92
1180914,1600,104.3,104.58,104.06,104.46
1180917,1600,103.88,104.48,103.8,104.2
1180918,1600,104.22,105.0,103.92,104.78
1180919,1600,104.86,105.44,104.82,105.28
1180920,1600,105.24,106.42,105.24,106.32
1180921,1600,107.0,107.36,106.62,107.06
1180924,1600,106.72,106.94,106.4,106.4
1180925,1600,106.54,107.0,106.24,106.66
1180926,1600,106.7,106.78,106.24,106.74
1180927,1600,106.28,107.34,105.76,107.16
1180928,1600,106.66,106.8,105.08,105.54
1181001,1600,105.78,106.6,105.7,106.34
1181002,1600,105.4,106.02,105.14,105.82
1181004,1600,105.8,106.4,104.92,105.5
1181005,1600,105.32,105.5,104.2,104.3
1181008,1600,103.7,104.0,102.82,102.82
1181009,1600,103.1,103.38,101.7,103.18
1181010,1600,103.16,103.18,100.9,100.9
1181011,1600,99.96,100.76,99.24,99.31
1181012,1600,100.62,100.72,99.22,99.29
1181015,1600,99.04,100.14,98.73,100.1
1181016,1600,100.1,101.58,99.98,101.42
1181017,1600,101.76,102.08,100.54,101.0
1181018,1600,100.8,101.6,99.72,99.72
1181019,1600,99.86,100.1,99.09,99.49
1181022,1600,100.44,100.54,99.05,99.37
1181023,1600,97.98,98.17,96.71,97.14
1181024,1600,97.4,98.15,96.18,96.38
1181025,1600,95.66,97.52,95.45,97.44
1181026,1600,96.3,96.57,95.2,96.57
1181029,1600,97.05,98.61,96.71,97.78
1181030,1600,98.15,98.15,96.58,97.25
1181031,1600,98.35,99.07,98.17,98.68
1181101,1600,98.45,99.65,98.45,98.74
1181102,1600,100.24,100.66,99.27,99.27
1181105,1600,99.33,99.54,98.94,99.02
1181106,1600,99.3,99.3,98.6,98.99
1181107,1600,99.38,100.24,99.38,99.83
1181108,1600,100.2,100.3,99.09,99.29
1181109,1600,98.89,99.5,98.37,99.31
1181112,1600,99.81,99.81,97.44,97.59
1181113,1600,98.09,98.99,97.78,98.8
1181114,1600,97.94,99.65,97.5,98.25
1181115,1600,98.71,99.07,96.96,97.77
1181116,1600,98.54,98.58,96.75,97.69
1181119,1600,98.1,98.36,96.76,96.8
1181120,1600,96.13,96.32,94.82,95.39
1181121,1600,95.96,96.99,95.73,96.87
1181122,1600,96.65,96.65,95.8,95.94
1181123,1600,95.99,96.53,95.56,96.38
1181126,1600,97.4,98.13,97.4,97.74
1181127,1600,98.07,98.21,97.08,97.42
1181128,1600,97.8,97.84,97.19,97.32
1181129,1600,98.09,98.2,97.19,97.31
1181130,1600,97.43,97.43,96.57,97.03
1181203,1600,99.44,99.67,98.72,98.74
1181204,1600,98.51,98.55,97.63,97.65
1181205,1600,96.41,97.05,96.28,96.4
1181206,1600,95.24,95.3,92.71,93.28
1181207,1600,93.68,94.13,92.94,92.94
1181210,1600,92.39,92.68,91.2,91.56
1181211,1600,92.21,93.75,92.08,92.91
1181212,1600,93.33,94.5,93.19,94.1
1181213,1600,94.59,94.6,93.81,94.1
1181214,1600,93.17,93.9,92.49,93.69
1181217,1600,93.55,93.75,92.18,92.8
1181218,1600,92.47,93.39,92.31,92.61
1181219,1600,92.62,93.28,92.6,92.69
1181220,1600,91.59,92.04,90.98,91.37
1181221,1600,90.97,91.73,90.55,91.68
1181227,1600,91.34,91.59,88.52,89.49
1181228,1600,89.9,91.17,89.87,91.06
1190102,1600,90.43,91.37,89.51,91.22
1190103,1600,90.24,90.76,89.57,89.83
1190104,1600,90.85,92.9,90.3,92.76
1190107,1600,93.07,93.07,92.02,92.65
1190108,1600,92.73,93.96,92.57,93.06
1190109,1600,93.74,94.38,93.36,93.76
1190110,1600,93.25,94.14,92.9,94.14
1190111,1600,94.26,94.36,93.29,93.8
1190114,1600,93.2,93.75,92.9,93.47
1190115,1600,94.39,94.66,93.16,93.79
1190116,1600,94.14,94.24,93.59,94.22
1190117,1600,93.45,94.12,93.2,93.98
1190118,1600,94.75,96.63,94.68,96.53
1190121,1600,96.24,96.26,95.83,95.91
1190122,1600,95.41,95.94,95.05,95.57
1190123,1600,94.92,95.87,94.82,95.27
1190124,1600,95.11,96.0,95.0,95.85
1190125,1600,96.69,97.48,96.61,97.12
1190128,1600,96.76,97.03,96.41,96.53
1190129,1600,96.34,97.11,96.1,96.6
1190130,1600,96.49,96.53,95.9,96.28
1190131,1600,96.87,97.31,95.09,96.12
1190201,1600,96.25,96.55,95.68,96.21
1190204,1600,96.41,96.49,95.52,96.22
1190205,1600,96.21,97.91,96.2,97.91
1190206,1600,97.62,97.65,97.25,97.41
1190207,1600,96.94,97.14,94.72,94.72
1190208,1600,94.61,95.05,93.49,93.9
1190211,1600,94.25,95.01,94.2,94.78
1190212,1600,95.77,96.05,95.68,95.75
1190213,1600,96.16,96.53,95.74,96.09
1190214,1600,96.85,96.87,95.39,95.45
1190215,1600,94.96,97.41,94.81,97.21
1190218,1600,97.28,97.4,96.89,97.23
1190219,1600,97.05,97.8,96.76,97.32
1190220,1600,97.61,98.45,97.43,98.13
1190221,1600,98.46,98.55,98.03,98.34
1190222,1600,98.34,99.0,98.32,98.66
1190225,1600,99.19,99.32,98.8,99.02
1190226,1600,98.48,99.46,98.46,99.3
1190227,1600,98.88,99.12,98.51,98.91
1190228,1600,98.3,99.17,98.25,99.15
1190301,1600,99.77,100.46,99.71,99.82
1190304,1600,100.2,100.24,99.77,99.78
1190305,1600,99.65,100.04,99.4,100.02
1190306,1600,99.76,100.26,99.57,99.74
1190307,1600,99.26,99.92,98.54,99.16
1190308,1600,98.35,98.73,98.15,98.58
1190311,1600,98.94,99.34,98.61,99.34
1190312,1600,99.9,99.9,98.95,99.17
1190313,1600,99.02,99.7,98.9,99.61
1190314,1600,99.64,100.16,99.33,99.74
1190315,1600,99.82,100.82,99.61,100.56
1190318,1600,100.6,100.76,100.14,100.3
1190319,1600,100.44,101.72,100.28,101.4
1190320,1600,100.76,100.84,99.81,99.82
1190321,1600,99.59,99.66,98.75,99.28
1190322,1600,99.73,100.0,97.72,97.77
1190325,1600,97.43,98.01,97.35,97.61
1190326,1600,97.68,98.46,97.27,98.27
1190327,1600,98.44,98.95,97.81,98.29
1190328,1600,98.3,98.9,98.21,98.36
1190329,1600,98.93,99.36,98.48,99.23
1190401,1600,99.95,100.72,99.93,100.52
1190402,1600,100.62,101.34,100.32,101.08
1190403,1600,102.06,102.94,102.02,102.92
1190404,1600,102.68,103.52,102.52,103.16
1190405,1600,103.18,103.44,103.0,103.3
1190408,1600,103.08,103.16,102.8,102.88
1190409,1600,102.6,103.14,101.98,102.0
1190410,1600,102.14,102.76,102.12,102.54
1190411,1600,102.52,102.92,101.92,102.72
1190412,1600,102.48,103.5,102.34,103.26
1190415,1600,103.3,103.52,103.1,103.36
1190416,1600,103.5,104.24,103.48,104.12
1190417,1600,104.12,104.92,104.04,104.54
1190418,1600,104.38,105.32,104.1,105.12
1190423,1600,105.14,105.38,104.84,105.28
1190424,1600,105.2,106.24,105.14,105.9
1190425,1600,105.82,105.98,105.3,105.76
1190426,1600,105.7,106.0,105.5,105.96
1190429,1600,105.9,106.4,105.46,105.96
1190430,1600,105.84,106.12,105.64,106.1
1190502,1600,106.18,106.6,105.82,106.12
1190503,1600,106.1,107.0,106.1,106.68
1190506,1600,104.52,105.66,104.26,105.6
1190507,1600,105.68,105.84,103.58,103.88
1190508,1600,104.02,104.88,103.64,104.6
1190509,1600,103.9,104.06,102.66,102.9
1190510,1600,103.82,104.2,103.14,103.64
1190513,1600,103.42,103.44,101.68,101.9
1190514,1600,102.22,102.92,102.12,102.92
1190515,1600,103.12,104.0,101.8,103.84
1190516,1600,103.58,105.6,103.22,105.6
1190517,1600,105.06,105.26,104.24,105.02
1190520,1600,104.82,105.06,102.88,103.18
1190521,1600,103.8,104.48,103.5,104.14
1190522,1600,104.12,104.74,103.4,104.34
1190523,1600,103.36,103.4,102.28,102.52
1190524,1600,103.24,103.56,102.82,103.06
1190527,1600,103.6,103.9,103.3,103.5
1190528,1600,103.78,103.84,102.82,103.06
1190529,1600,102.18,102.24,101.38,101.52
1190530,1600,101.94,102.2,101.7,102.04
1190531,1600,100.74,100.78,99.99,100.54
1190603,1600,99.98,101.06,99.64,101.06
1190604,1600,100.48,102.76,100.4,102.64
1190605,1600,102.56,103.36,102.3,102.72
1190606,1600,102.68,103.56,101.98,102.46
1190607,1600,102.92,103.7,102.64,103.18
1190611,1600,103.9,104.8,103.9,104.22
1190612,1600,103.72,104.0,103.44,103.86
1190613,1600,103.7,104.6,103.58,104.28
1190614,1600,103.92,104.02,103.32,103.74
1190617,1600,103.92,103.92,103.38,103.62
1190618,1600,103.44,105.96,102.78,105.76
1190619,1600,105.64,105.86,105.38,105.5
1190620,1600,106.34,106.66,105.9,105.9
1190621,1600,105.88,106.52,105.54,105.8
1190624,1600,105.5,105.8,105.0,105.1
1190625,1600,104.74,105.28,104.72,104.84
1190626,1600,104.64,105.58,104.48,104.88
1190627,1600,105.54,105.72,104.68,105.14
1190628,1600,105.46,106.36,105.4,106.24
1190701,1600,108.0,108.04,107.34,107.36
1190702,1600,107.44,107.5,107.04,107.38
1190703,1600,107.6,108.28,107.6,108.2
1190704,1600,108.4,108.46,108.18,108.3
1190705,1600,108.18,108.22,107.34,107.76
1190708,1600,107.46,107.9,107.26,107.5
1190709,1600,106.54,106.96,105.98,106.58
1190710,1600,106.34,106.72,105.92,106.04
1190711,1600,106.28,106.42,105.48,105.7
1190712,1600,105.6,105.88,105.46,105.62
1190715,1600,106.06,106.54,105.5,106.2
1190716,1600,106.3,106.84,106.0,106.6
1190717,1600,106.52,106.74,105.66,105.8
1190718,1600,104.7,105.4,104.58,104.78
1190719,1600,105.38,105.78,104.7,105.0
1190722,1600,104.88,105.82,104.88,105.42
1190723,1600,106.04,107.42,106.02,107.12
1190724,1600,107.22,107.54,107.0,107.38
1190725,1600,107.76,108.02,105.46,105.92
1190726,1600,105.98,106.5,105.92,106.46
1190729,1600,106.24,106.92,106.18,106.48
1190730,1600,106.24,106.3,103.8,104.14
1190731,1600,104.06,104.78,104.06,104.42
1190801,1600,104.06,105.04,104.06,105.04
1190802,1600,102.72,102.86,101.46,101.78
1190805,1600,100.88,101.1,99.68,99.98
1190806,1600,100.14,100.66,99.13,99.21
1190807,1600,99.73,100.66,99.06,99.8
1190808,1600,100.68,101.48,100.16,101.48
1190809,1600,101.06,101.64,100.08,100.2
1190812,1600,101.1,101.44,99.81,100.08
1190813,1600,99.72,101.48,98.9,100.76
1190814,1600,100.58,100.6,98.22,98.55
1190815,1600,98.66,98.82,96.55,97.89
1190816,1600,98.19,99.24,98.15,99.08
1190819,1600,100.12,100.74,99.62,100.44
1190820,1600,100.44,100.8,99.58,99.89
1190821,1600,100.22,101.32,100.22,101.22
1190822,1600,100.64,101.52,100.38,100.72
1190823,1600,101.16,101.28,99.58,99.58
1190826,1600,99.41,100.24,98.88,100.0
1190827,1600,99.72,100.92,99.56,100.56
1190828,1600,100.08,100.42,99.18,100.24
1190829,1600,100.0,101.52,100.0,101.52
1190830,1600,101.56,102.72,101.56,102.38
1190902,1600,102.48,102.78,102.24,102.46
1190903,1600,102.2,102.46,101.7,102.1
1190904,1600,103.14,103.52,102.84,103.02
1190905,1600,103.86,104.12,103.6,103.98
1190906,1600,104.1,104.6,103.98,104.48
1190909,1600,104.8,104.96,104.48,104.76
1190910,1600,104.62,105.32,104.38,105.16
1190911,1600,105.68,106.22,105.56,105.96
1190912,1600,106.24,106.88,105.5,106.42
1190913,1600,106.38,107.08,106.34,106.84
1190916,1600,106.22,106.44,105.86,106.18
1190917,1600,106.0,106.2,105.46,106.06
1190918,1600,105.9,106.38,105.88,106.16
1190919,1600,106.0,106.82,106.0,106.76
1190920,1600,106.68,107.0,106.48,106.78
1190923,1600,106.44,106.56,105.12,105.8
1190924,1600,106.0,106.04,105.46,105.46
1190925,1600,104.98,105.06,104.08,104.82
1190926,1600,104.88,105.52,104.8,105.38
1190927,1600,105.66,106.3,105.62,106.08
1190930,1600,105.9,106.58,105.86,106.52
1191001,1600,106.86,107.04,105.08,105.08
1191002,1600,104.72,104.74,102.14,102.14
1191004,1600,102.34,102.92,101.78,102.92
1191007,1600,102.82,103.7,102.6,103.66
1191008,1600,103.58,103.6,102.12,102.54
1191009,1600,102.5,104.5,102.44,103.66
1191010,1600,103.52,104.56,103.12,104.32
1191011,1600,105.02,107.18,105.0,107.18
1191014,1600,106.76,107.04,106.14,107.0
1191015,1600,107.74,108.68,107.22,108.14
1191016,1600,108.36,108.82,108.0,108.6
1191017,1600,108.48,109.84,108.04,108.48
1191018,1600,108.24,108.82,107.98,108.26
1191021,1600,108.5,109.54,108.5,109.18
1191022,1600,109.32,109.62,109.16,109.34
1191023,1600,108.86,109.84,108.86,109.68
1191024,1600,110.2,110.64,109.84,110.32
1191025,1600,110.36,110.5,109.94,110.44
1191028,1600,110.56,111.26,110.5,110.94
1191029,1600,110.92,110.94,110.54,110.88
1191030,1600,110.74,110.9,109.94,110.62
1191031,1600,110.72,111.0,109.62,110.26
1191101,1600,110.68,111.26,110.5,111.04
1191104,1600,111.54,112.86,111.54,112.54
1191105,1600,112.44,112.82,112.36,112.7
1191106,1600,112.6,113.0,112.36,112.94
1191107,1600,113.56,113.94,113.36,113.86
1191108,1600,113.56,113.76,113.12,113.38
1191111,1600,112.72,113.28,112.62,113.1
1191112,1600,113.4,114.0,113.2,113.8
1191113,1600,113.54,113.64,112.58,113.36
1191114,1600,113.12,113.26,112.76,112.92
1191115,1600,113.46,113.46,112.86,113.42
1191118,1600,113.48,113.82,112.56,113.12
1191119,1600,113.46,114.6,113.0,113.24
1191120,1600,112.54,112.92,112.0,112.78
1191121,1600,111.96,112.84,111.78,112.6
1191122,1600,112.8,113.48,112.44,112.82
1191125,1600,113.62,113.64,113.18,113.48
1191126,1600,113.4,113.54,113.04,113.44
1191127,1600,113.82,114.06,113.26,113.82
1191128,1600,113.42,113.58,113.18,113.52
1191129,1600,112.92,113.9,112.78,113.38
1191202,1600,113.7,114.26,110.94,111.02
1191203,1600,111.68,112.1,110.76,111.38
1191204,1600,111.6,112.72,111.36,112.6
1191205,1600,112.66,112.96,111.84,111.84
1191206,1600,112.04,112.84,111.8,112.82
1191209,1600,112.8,112.82,112.22,112.24
1191210,1600,111.5,112.08,110.38,111.98
1191211,1600,112.24,112.82,111.76,112.62
1191212,1600,112.86,113.86,112.32,113.34
1191213,1600,114.66,114.98,113.62,113.8
1191216,1600,114.42,115.0,114.26,114.84
1191217,1600,114.56,114.56,113.66,113.86
1191218,1600,113.48,113.8,113.18,113.22
1191219,1600,113.4,113.44,112.6,113.2
1191220,1600,113.24,114.08,113.08,114.08
1191223,1600,114.14,114.18,113.82,113.88
1191227,1600,114.32,114.62,113.94,114.18
1191230,1600,114.02,114.02,113.46,113.52
1200102,1600,113.5,115.0,113.44,114.64
1200103,1600,113.62,113.68,112.36,113.14
1200106,1600,112.04,112.54,110.88,112.48
1200107,1600,113.02,113.7,112.8,113.24
1200108,1600,112.66,114.2,112.28,114.2
1200109,1600,115.36,115.84,115.28,115.62
1200110,1600,115.86,116.04,115.56,115.56
1200113,1600,115.64,115.86,114.8,115.12
1200114,1600,114.98,115.52,114.46,115.26
1200115,1600,115.24,115.24,114.7,115.0
1200116,1600,115.36,115.58,114.66,115.04
1200117,1600,115.74,116.12,115.58,115.82
1200120,1600,115.58,116.04,115.54,116.04
1200121,1600,115.28,116.14,115.14,116.12
1200122,1600,116.5,116.8,115.6,115.72
1200123,1600,115.28,115.46,114.46,114.74
1200124,1600,115.76,116.5,115.76,116.28
1200127,1600,114.6,114.76,113.0,113.2
1200128,1600,113.54,114.12,112.8,114.08
1200129,1600,114.0,114.5,113.9,114.32
1200130,1600,112.98,113.52,112.36,112.78
1200131,1600,112.92,113.1,111.2,111.28
1200203,1600,111.7,111.96,111.24,111.66
1200204,1600,112.48,113.78,112.46,113.78
1200205,1600,113.34,115.5,113.3,115.4
1200206,1600,116.3,116.46,115.88,116.16
1200207,1600,115.76,116.0,115.28,115.68
1200210,1600,115.48,115.56,115.14,115.48
1200211,1600,116.38,117.0,116.06,116.72
1200212,1600,117.02,117.76,116.92,117.68
1200213,1600,117.22,117.66,116.34,117.66
1200214,1600,117.74,118.02,117.52,117.68
1200217,1600,117.84,118.08,117.74,117.98
1200218,1600,117.04,117.56,116.94,117.1
1200219,1600,117.6,118.02,117.44,118.02
1200220,1600,117.84,118.0,116.92,116.92
1200221,1600,116.28,117.14,115.54,116.2
1200224,1600,113.18,113.22,111.14,111.6
1200225,1600,112.28,112.28,109.38,109.42
1200226,1600,108.36,110.0,105.9,109.22
1200227,1600,107.14,107.8,104.52,105.88
1200228,1600,102.16,102.78,100.32,101.78
1200302,1600,103.44,103.94,99.18,101.58
1200303,1600,102.58,105.06,101.94,102.36
1200304,1600,102.38,104.36,102.06,103.66
1200305,1600,104.26,104.46,101.36,102.2
1200306,1600,100.64,100.72,98.0,98.76
1200309,1600,91.07,94.15,90.37,90.6
1200310,1600,91.66,94.44,89.24,89.86
1200311,1600,90.8,92.09,88.95,89.33
1200312,1600,84.76,84.82,78.25,78.48
1200313,1600,81.23,85.77,77.63,78.79
1200316,1600,75.47,76.76,70.6,75.44
1200317,1600,78.05,78.05,72.2,76.21
1200318,1600,73.81,74.2,71.99,72.37
1200319,1600,72.93,74.11,70.68,73.64
1200320,1600,78.28,78.68,75.68,76.21
1200323,1600,72.82,78.09,72.58,74.75
1200324,1600,79.25,82.93,77.94,82.93
1200325,1600,85.26,86.87,80.79,84.33
1200326,1600,82.92,85.47,81.5,85.47
1200327,1600,84.19,84.62,81.68,82.56
1200330,1600,83.01,83.88,80.92,83.87
1200331,1600,85.31,86.38,83.0,84.99
1200401,1600,82.49,82.9,81.27,81.71
1200402,1600,82.04,82.64,79.94,82.01
1200403,1600,81.6,82.3,81.15,81.5
1200406,1600,84.69,86.38,84.28,86.19
1200407,1600,89.57,90.66,87.48,88.67
1200408,1600,88.01,88.58,87.3,88.58
1200409,1600,89.75,91.2,88.3,90.43
1200414,1600,91.93,92.64,91.2,91.51
1200415,1600,91.26,91.28,87.64,87.85
1200416,1600,89.08,89.34,87.63,88.27
1200417,1600,90.58,92.11,90.22,90.92
1200420,1600,91.22,91.56,89.4,91.53
1200421,1600,90.06,90.06,87.65,87.65
1200422,1600,88.71,89.21,88.32,89.05
1200423,1600,89.29,90.77,88.35,89.86
1200424,1600,88.57,89.74,88.2,88.65
1200427,1600,90.46,91.22,90.12,91.22
1200428,1600,91.22,93.25,91.19,92.48
1200429,1600,92.65,95.11,92.26,94.91
1200430,1600,95.62,96.02,92.66,92.88
1200504,1600,90.3,90.4,89.19,89.63
1200505,1600,90.77,91.83,89.97,91.8
1200506,1600,91.55,92.04,90.65,90.71
1200507,1600,90.81,91.98,90.81,91.98
1200508,1600,93.02,93.79,92.42,93.13
1200511,1600,93.58,93.8,91.78,92.54
1200512,1600,92.17,93.02,92.17,92.49
1200513,1600,91.1,91.39,90.0,90.0
1200514,1600,89.01,89.48,86.88,88.48
1200515,1600,89.64,90.11,88.75,89.4
1200518,1600,91.49,94.77,91.33,94.47
1200519,1600,95.53,95.6,93.48,94.56
1200520,1600,94.34,96.07,93.85,95.99
1200521,1600,94.68,95.54,94.29,94.54
1200522,1600,93.15,95.11,92.78,94.61
1200525,1600,95.44,97.29,94.96,97.29
1200526,1600,98.1,98.6,97.63,98.3
1200527,1600,98.55,100.3,98.35,99.57
1200528,1600,100.2,100.9,99.57,100.68
1200529,1600,99.46,100.14,98.86,99.09
1200602,1600,101.42,102.94,101.24,102.6
1200603,1600,103.74,106.8,103.6,106.6
1200604,1600,106.0,107.2,105.24,106.08
1200605,1600,107.32,109.78,107.32,109.68
1200608,1600,108.36,110.22,108.24,109.42
1200609,1600,109.72,109.76,106.72,107.76
1200610,1600,108.6,108.9,106.44,106.9
1200611,1600,104.06,105.0,102.16,102.16
1200612,1600,101.06,103.9,101.02,102.3
1200615,1600,99.42,102.2,98.97,101.78
1200616,1600,104.24,106.14,103.58,105.16
1200617,1600,105.24,106.12,104.94,105.7
1200618,1600,105.5,106.54,104.1,104.86
1200619,1600,105.46,106.18,105.16,105.24
1200622,1600,103.9,105.8,103.82,104.6
1200623,1600,105.4,107.62,105.24,106.8
1200624,1600,106.18,106.56,103.2,103.2
1200625,1600,103.26,104.4,101.7,103.98
1200626,1600,104.9,105.3,102.86,103.18
1200629,1600,103.14,104.88,102.76,104.4
1200630,1600,104.74,105.3,104.0,104.92
1200701,1600,104.44,105.32,103.12,104.48
1200702,1600,105.64,107.94,105.56,107.64
1200703,1600,107.66,107.9,106.5,106.88
1200706,1600,108.88,109.56,108.0,108.68
1200707,1600,107.94,107.96,106.86,107.6
1200708,1600,107.0,108.0,106.32,106.58
1200709,1600,107.72,108.34,106.3,106.5
1200710,1600,105.9,107.88,105.9,107.88
1200713,1600,109.3,109.48,108.28,109.2
1200714,1600,107.74,108.22,106.84,108.22
1200715,1600,109.3,110.84,108.94,110.2
1200716,1600,109.46,110.16,109.2,109.82
1200717,1600,110.18,110.48,109.76,110.22
1200720,1600,109.78,111.42,109.22,111.22
1200721,1600,112.28,113.54,112.14,112.28
1200722,1600,112.16,112.54,111.42,111.72
1200723,1600,112.24,112.64,111.5,111.74
1200724,1600,110.06,110.28,109.26,109.42
1200727,1600,109.8,110.08,109.26,109.46
1200728,1600,109.9,110.28,108.68,109.46
1200729,1600,109.46,109.68,109.1,109.4
1200730,1600,108.84,108.84,104.48,105.62
1200731,1600,105.74,106.8,104.8,104.8
1200803,1600,105.64,108.28,105.46,107.92
1200804,1600,108.7,108.74,106.86,107.42
1200805,1600,108.06,108.8,107.76,107.92
1200806,1600,107.86,109.1,106.76,107.44
1200807,1600,107.6,108.2,106.72,108.08
1200810,1600,108.18,108.66,107.48,108.2
1200811,1600,109.32,111.24,109.24,110.46
1200812,1600,109.94,111.7,109.84,111.32
1200813,1600,111.16,111.44,110.44,110.72
1200814,1600,110.44,110.6,109.1,109.94
1200817,1600,110.28,110.48,109.6,110.2
1200818,1600,109.44,111.26,109.22,109.82
1200819,1600,109.58,110.72,109.44,110.72
1200820,1600,109.26,109.9,108.74,109.52
1200821,1600,109.98,110.08,107.7,108.78
1200824,1600,110.34,111.74,110.2,111.42
1200825,1600,112.4,112.66,111.36,111.38
1200826,1600,111.02,112.5,110.94,112.5
1200827,1600,112.54,112.66,111.6,111.68
1200828,1600,111.78,111.84,110.46,111.1
1200831,1600,111.74,112.02,110.0,110.44
1200901,1600,111.12,111.9,109.54,110.62
1200902,1600,111.4,113.4,111.4,112.9
1200903,1600,114.02,114.74,110.78,111.26
1200904,1600,110.24,111.82,108.64,109.46
1200907,1600,110.32,111.8,110.12,111.68
1200908,1600,111.92,112.04,109.58,110.36
1200909,1600,110.86,113.0,110.86,112.86
1200910,1600,113.04,113.32,112.22,112.48
1200911,1600,112.18,112.98,111.8,112.44
1200914,1600,113.32,113.7,112.14,112.38
1200915,1600,112.6,113.02,112.0,112.72
1200916,1600,112.78,113.16,112.4,112.96
1200917,1600,111.4,112.9,111.28,112.52
1200918,1600,112.52,113.02,112.04,112.06
1200921,1600,110.64,110.64,106.56,106.94
1200922,1600,107.62,108.2,107.26,107.26
1200923,1600,108.42,109.36,107.78,107.78
1200924,1600,106.74,108.1,106.62,107.48
1200925,1600,107.2,107.5,105.16,106.24
1200928,1600,108.04,109.78,107.92,109.66
1200929,1600,109.14,109.6,108.58,109.26
1200930,1600,108.74,109.64,108.2,108.9
1201001,1600,109.12,109.36,108.0,108.38
1201002,1600,107.1,108.12,106.86,108.1
1201005,1600,109.24,109.4,108.46,109.26
1201006,1600,109.5,110.46,108.88,109.92
1201007,1600,110.02,110.34,109.38,110.08
1201008,1600,110.98,111.62,110.44,111.08
1201009,1600,111.34,111.58,110.86,111.14
1201012,1600,111.46,112.06,111.26,111.92
1201013,1600,111.82,111.82,110.4,110.88
1201014,1600,110.88,111.3,110.58,111.0
1201015,1600,109.24,109.26,107.32,108.18
1201016,1600,108.9,110.4,108.48,110.04
1201019,1600,110.9,111.0,109.24,109.66
1201020,1600,109.08,109.46,108.4,108.54
1201021,1600,108.58,108.58,106.78,107.0
1201022,1600,105.78,107.2,105.16,106.82
1201023,1600,106.82,108.38,106.8,107.72
1201026,1600,105.06,105.68,103.72,103.74
1201027,1600,103.84,104.16,102.52,102.72
1201028,1600,100.64,100.66,97.61,98.42
1201029,1600,99.15,99.74,97.6,98.91
1201030,1600,97.63,98.95,97.58,98.48
1201102,1600,98.79,100.76,98.42,100.48
1201103,1600,101.14,102.98,100.98,102.98
1201104,1600,101.08,105.12,100.96,105.12
1201105,1600,105.96,107.2,105.64,106.98
1201106,1600,106.9,107.2,105.4,106.42
1201109,1600,108.16,113.28,107.98,111.6
1201110,1600,111.82,112.78,110.88,112.12
1201111,1600,112.62,112.84,111.96,112.66
1201112,1600,111.58,112.14,110.94,111.22
1201113,1600,111.04,111.96,110.78,111.4
1201116,1600,112.08,113.1,111.4,111.94
1201117,1600,111.96,112.0,111.2,111.86
1201118,1600,111.5,112.54,111.44,112.5
1201119,1600,111.62,111.88,111.04,111.5
1201120,1600,111.34,112.16,111.32,111.96
1201123,1600,112.4,113.42,111.94,111.94
1201124,1600,112.9,113.28,112.38,113.28
1201125,1600,113.6,113.66,112.72,113.28
1201126,1600,113.4,113.42,113.1,113.22
1201127,1600,113.14,113.86,113.14,113.56
1201130,1600,113.06,114.54,112.94,113.22
1201201,1600,113.92,114.46,113.68,114.08
1201202,1600,113.5,113.78,113.04,113.36
1201203,1600,113.18,113.36,112.66,113.0
1201204,1600,112.72,113.4,112.68,113.28
1201207,1600,112.94,113.16,112.1,113.08
1201208,1600,112.9,113.28,112.44,113.12
1201209,1600,113.6,114.56,113.5,113.7
1201210,1600,113.76,113.84,112.54,113.28
1201211,1600,112.9,113.0,110.8,111.7
1201214,1600,112.68,113.24,112.36,112.7
1201215,1600,112.64,113.92,112.64,113.74
1201216,1600,114.42,115.8,114.4,115.58
1201217,1600,116.86,116.86,116.26,116.52
1201218,1600,116.24,117.32,116.06,116.06
1201221,1600,113.52,114.02,111.14,112.98
1201222,1600,113.52,114.46,113.46,114.22
1201223,1600,114.92,115.9,114.8,115.76
1201228,1600,117.3,117.76,117.06,117.44
1201229,1600,118.04,118.42,117.08,117.22
1201230,1600,117.24,117.5,116.9,116.9
1210104,1600,118.28,118.46,116.3,116.72
1210105,1600,116.48,117.22,115.56,116.3
1210106,1600,116.82,118.54,115.98,118.24
1210107,1600,118.58,119.3,118.38,119.0
1210108,1600,120.06,120.36,119.32,119.68
1210111,1600,118.94,119.3,117.64,118.58
1210112,1600,119.1,119.2,118.12,118.52
1210113,1600,118.48,119.02,118.08,118.76
1210114,1600,118.92,119.48,118.7,119.1
1210115,1600,118.58,118.84,116.48,117.36
1210118,1600,116.98,117.9,116.98,117.88
1210119,1600,118.52,118.54,117.6,117.66
1210120,1600,117.96,118.8,117.88,118.54
1210121,1600,119.42,119.42,118.18,118.36
1210122,1600,117.96,118.36,117.02,118.06
1210125,1600,118.68,118.74,115.76,116.18
1210126,1600,116.4,118.56,116.4,118.12
1210127,1600,117.42,117.98,114.74,115.98
1210128,1600,114.76,116.66,113.32,116.46
1210129,1600,114.52,115.72,114.14,114.34
1210201,1600,115.4,116.2,115.1,116.04
1210202,1600,116.7,117.92,116.7,117.88
1210203,1600,119.0,119.04,118.08,118.58
1210204,1600,118.88,119.76,118.8,119.6
1210205,1600,119.58,120.12,119.28,119.66
1210208,1600,120.48,120.56,119.64,119.64
1210209,1600,119.52,119.64,118.86,119.32
1210210,1600,119.5,119.52,117.74,118.56
1210211,1600,118.74,119.62,118.46,119.52
1210212,1600,118.88,119.62,118.44,119.62
1210215,1600,120.14,120.26,119.78,120.18
1210216,1600,120.16,120.26,119.6,119.78
1210217,1600,119.16,119.48,118.28,118.28
1210218,1600,118.62,118.82,117.94,118.18
1210219,1600,118.5,119.36,118.26,119.18
1210222,1600,117.78,118.92,117.46,118.86
1210223,1600,118.98,119.04,116.28,118.04
1210224,1600,118.16,119.14,118.14,119.08
1210225,1600,119.5,119.6,118.08,118.08
1210226,1600,116.64,118.12,116.6,117.46
1210301,1600,118.78,119.34,118.12,119.34
1210302,1600,118.94,120.02,118.84,119.5
1210303,1600,120.34,120.84,118.98,119.78
1210304,1600,119.36,119.9,118.84,119.7
1210305,1600,118.84,119.74,117.98,118.54
1210308,1600,119.16,122.6,118.94,122.36
1210309,1600,122.18,123.2,121.8,122.9
1210310,1600,122.74,123.9,122.7,123.76
1210311,1600,123.92,124.16,123.56,124.08
1210312,1600,123.26,123.6,122.98,123.44
1210315,1600,123.54,124.0,122.62,123.1
1210316,1600,123.6,124.26,123.56,123.94
1210317,1600,124.02,124.24,123.76,124.14
1210318,1600,124.9,126.0,124.88,125.78
1210319,1600,124.92,125.5,124.0,124.38
1210322,1600,123.84,124.88,123.78,124.76
1210323,1600,124.14,125.12,123.54,124.82
1210324,1600,123.82,124.38,123.6,124.28
1210325,1600,123.64,124.44,122.74,124.44
1210326,1600,125.28,125.74,125.06,125.56
1210329,1600,126.0,126.32,125.58,126.2
1210330,1600,126.92,127.82,126.7,127.82
1210331,1600,127.62,127.86,127.44,127.72
1210401,1600,128.0,128.54,127.9,128.54
1210406,1600,129.66,130.24,129.42,129.52
1210407,1600,129.42,129.68,128.98,129.14
1210408,1600,129.62,129.72,128.86,129.36
1210409,1600,129.22,129.66,128.98,129.56
1210412,1600,129.62,129.94,129.42,129.42
1210413,1600,129.68,130.02,129.22,129.62
1210414,1600,129.72,129.74,129.28,129.4
1210415,1600,129.62,129.92,129.54,129.8
1210416,1600,130.02,131.66,130.0,131.56
1210419,1600,131.74,131.84,130.68,130.68
1210420,1600,130.68,130.96,128.54,128.68
1210421,1600,129.12,129.38,128.26,129.3
1210422,1600,129.64,130.4,129.58,130.34
1210423,1600,129.96,130.24,128.86,129.98
1210426,1600,130.18,130.36,129.64,130.1
1210427,1600,130.04,130.1,129.18,129.76
1210428,1600,130.2,130.56,129.84,130.02
1210429,1600,130.08,130.2,128.26,128.8
1210430,1600,129.16,129.56,128.7,128.7
1210503,1600,129.14,129.8,128.42,129.66
1210504,1600,129.56,129.76,126.16,126.36
1210505,1600,127.24,128.98,127.2,128.98
1210506,1600,129.26,129.8,128.18,129.14
1210507,1600,130.34,130.88,129.88,130.88
1210510,1600,130.86,130.88,130.34,130.76
1210511,1600,129.34,129.34,127.48,128.28
1210512,1600,128.6,129.28,127.9,128.6
1210513,1600,126.92,129.32,125.8,129.1
1210514,1600,129.86,130.88,129.2,130.88
1210517,1600,131.0,131.44,130.32,130.6
1210518,1600,131.64,131.94,130.22,130.62
1210519,1600,128.92,129.54,126.98,128.28
1210520,1600,129.08,130.4,128.18,130.4
1210521,1600,130.86,131.26,130.44,131.08
1210525,1600,131.98,132.12,131.24,131.24
1210526,1600,131.78,131.84,130.78,131.12
1210527,1600,130.72,131.44,130.28,130.84
1210528,1600,131.06,131.94,131.02,131.72
1210531,1600,131.48,131.5,130.86,130.98
1210601,1600,131.82,133.1,131.74,132.16
1210602,1600,132.36,132.6,131.96,132.42
1210603,1600,132.22,132.88,131.32,132.7
1210604,1600,132.84,133.3,132.46,133.18
1210607,1600,132.9,133.5,132.5,133.02
1210608,1600,133.02,133.46,132.7,132.76
1210609,1600,132.68,132.96,131.62,132.2
1210610,1600,132.18,132.72,131.66,132.18
1210611,1600,132.12,133.28,131.96,133.2
1210614,1600,133.88,134.12,133.08,133.08
1210615,1600,133.76,134.02,133.36,133.4
1210616,1600,133.74,133.74,133.06,133.34
1210617,1600,132.92,133.66,132.86,133.52
1210618,1600,133.44,133.54,130.92,131.08
1210621,1600,130.34,132.44,129.94,132.42
1210622,1600,132.3,132.8,131.76,132.68
1210623,1600,132.9,132.9,131.24,131.24
1210624,1600,131.88,132.46,131.34,132.32
1210625,1600,132.3,132.48,131.8,132.48
1210628,1600,132.3,132.96,131.9,132.0
1210629,1600,132.58,133.66,132.58,133.14
1210630,1600,133.26,133.26,131.18,131.92
1210701,1600,132.68,133.3,131.48,132.4
1210702,1600,132.72,133.28,132.5,132.84
1210705,1600,132.5,132.98,131.8,132.86
1210706,1600,132.32,132.78,131.24,131.64
1210707,1600,132.46,133.2,132.4,133.2
1210708,1600,131.9,132.24,129.84,130.8
1210709,1600,131.62,133.14,131.38,133.14
1210712,1600,133.24,134.1,132.66,134.02
1210713,1600,133.86,134.12,133.58,134.0
1210714,1600,133.64,134.14,133.48,133.96
1210715,1600,133.5,133.5,132.28,132.66
1210716,1600,132.7,133.18,131.34,131.9
1210719,1600,130.7,130.7,127.7,128.32
1210720,1600,129.28,129.8,128.06,129.16
1210721,1600,129.22,131.02,128.94,130.9
1210722,1600,131.88,132.16,131.3,131.7
1210723,1600,132.34,133.02,132.2,132.94
1210726,1600,132.24,132.64,131.88,132.54
1210727,1600,131.88,132.1,130.86,131.68
1210728,1600,131.74,132.14,131.5,132.14
1210729,1600,132.24,132.86,132.04,132.68
1210730,1600,131.32,132.4,131.0,131.94
1210802,1600,132.68,133.2,131.58,132.04
1210803,1600,131.72,132.38,131.42,132.0
1210804,1600,132.72,133.26,132.34,133.08
1210805,1600,133.04,133.62,132.98,133.62
1210806,1600,133.76,134.06,133.5,133.68
1210809,1600,133.82,134.0,133.22,133.64
1210810,1600,133.78,134.04,133.58,133.82
1210811,1600,133.88,134.78,133.44,134.26
1210812,1600,134.42,135.42,134.24,135.24
1210813,1600,135.32,136.0,135.3,135.56
1210816,1600,134.68,135.36,134.46,135.08
1210817,1600,134.6,135.16,134.14,135.06
1210818,1600,135.24,135.44,134.64,135.36
1210819,1600,133.44,134.02,132.54,133.66
1210820,1600,133.46,134.08,132.8,134.08
1210823,1600,134.76,135.0,134.02,134.48
1210824,1600,134.72,135.02,134.54,134.92
1210825,1600,135.06,135.06,134.46,134.54
1210826,1600,133.58,134.28,133.16,133.92
1210827,1600,133.7,134.5,133.68,134.48
1210830,1600,134.58,134.84,134.46,134.8
1210831,1600,135.26,135.78,133.58,134.28
1210901,1600,135.38,135.54,133.86,134.24
1210902,1600,134.16,134.64,134.16,134.32
1210903,1600,134.4,134.58,133.06,133.8
1210906,1600,134.24,135.34,134.24,135.18
1210907,1600,134.96,135.08,134.24,134.4
1210908,1600,132.7,133.6,132.24,132.42
1210909,1600,131.22,133.1,131.1,132.62
1210910,1600,132.7,133.16,132.1,132.36
1210913,1600,133.18,133.9,133.08,133.22
1210914,1600,133.24,133.64,132.88,133.34
1210915,1600,133.46,133.46,132.5,132.5
1210916,1600,132.98,133.52,132.66,132.8
1210917,1600,133.8,133.86,130.98,131.46
1210920,1600,129.36,129.36,127.4,128.34
1210921,1600,129.26,130.52,128.98,130.26
1210922,1600,131.1,131.5,130.42,131.5
1210923,1600,132.44,133.12,132.28,132.72
1210924,1600,131.84,132.02,131.42,131.72
1210927,1600,133.14,133.2,131.94,132.14
1210928,1600,131.68,131.84,129.2,129.42
1210929,1600,130.18,130.82,129.76,130.32
1210930,1600,130.78,131.02,129.3,129.5
1211001,1600,127.34,129.44,127.16,128.66
1211004,1600,127.92,128.66,127.38,127.44
1211005,1600,127.76,128.96,127.32,128.96
1211006,1600,127.4,127.44,125.7,126.96
1211007,1600,128.6,129.36,128.18,129.34
1211008,1600,129.26,129.5,128.76,128.96
1211011,1600,128.46,128.9,128.02,128.86
1211012,1600,127.48,128.64,127.4,128.42
1211013,1600,128.44,129.76,128.16,129.32
1211014,1600,130.1,131.16,129.78,131.16
1211015,1600,131.36,132.28,131.16,132.24
1211018,1600,131.66,131.8,130.76,131.22
1211019,1600,131.44,131.66,131.08,131.56
1211020,1600,131.26,132.02,131.16,131.66
1211021,1600,130.9,131.7,130.76,131.3
1211022,1600,131.56,132.38,131.38,131.86
1211025,1600,131.88,132.44,131.72,132.32
1211026,1600,133.04,133.82,132.76,133.66
1211027,1600,133.48,133.52,132.88,133.16
1211028,1600,133.02,133.16,132.6,133.12
1211029,1600,132.1,133.02,131.44,133.02
1211101,1600,133.88,134.4,133.68,134.12
1211102,1600,134.22,135.32,134.22,135.26
1211103,1600,135.34,135.48,135.06,135.32
1211104,1600,136.02,136.24,135.66,135.88
1211105,1600,135.88,136.42,135.8,136.1
1211108,1600,136.06,136.26,135.84,136.06
1211109,1600,135.9,136.58,135.9,136.0
1211110,1600,136.18,136.34,135.6,136.22
1211111,1600,136.22,136.66,135.98,136.4
1211112,1600,136.52,136.7,136.24,136.5
1211115,1600,136.6,136.92,136.34,136.92
1211116,1600,137.12,137.94,137.04,137.86
1211117,1600,137.8,138.06,137.8,137.84
1211118,1600,137.9,138.1,137.34,137.66
1211119,1600,137.88,138.08,136.48,137.1
1211122,1600,137.24,137.36,136.4,136.74
1211123,1600,135.54,136.16,134.56,134.98
1211124,1600,135.28,135.38,133.48,134.64
1211125,1600,134.92,135.26,134.54,134.96
1211126,1600,130.7,131.78,129.2,129.44
1211129,1600,130.66,130.88,129.2,129.64
1211130,1600,128.12,129.48,127.3,128.2
1211201,1600,129.3,131.48,128.8,131.14
1211202,1600,129.66,130.22,128.7,129.46
1211203,1600,130.54,130.54,128.04,128.52
1211206,1600,129.76,130.64,128.5,130.46
1211207,1600,131.94,134.18,131.8,134.08
1211208,1600,133.7,134.18,132.96,132.96
1211209,1600,133.14,133.28,132.36,132.5
1211210,1600,132.14,133.0,131.84,132.48
1211213,1600,132.66,133.88,132.18,132.44
1211214,1600,132.86,133.06,130.98,131.06
1211215,1600,131.56,131.66,131.0,131.22
1211216,1600,133.16,133.76,132.46,132.46
1211217,1600,132.14,132.24,130.76,131.6
1211220,1600,128.62,129.64,127.66,129.06
1211221,1600,130.32,131.0,129.76,131.0
1211222,1600,131.26,132.2,130.8,132.2
1211223,1600,132.78,133.68,132.44,133.58
1211227,1600,133.16,134.4,133.12,134.34
1211228,1600,134.3,135.4,134.3,135.28
1211229,1600,135.04,135.26,134.0,134.3
1211230,1600,134.42,134.66,134.22,134.62
1220103,1600,135.28,136.2,135.24,135.76
1220104,1600,136.16,137.34,135.94,136.86
1220105,1600,137.06,138.02,136.98,137.88
1220106,1600,136.4,136.92,135.54,136.12
1220107,1600,135.48,135.92,134.48,135.2
1220110,1600,135.68,135.68,133.36,133.68
1220111,1600,134.9,135.46,134.64,135.26
1220112,1600,135.94,136.06,135.26,135.7
1220113,1600,135.28,136.36,135.16,135.8
1220114,1600,134.82,135.34,134.2,134.62
1220117,1600,135.02,135.24,134.68,135.12
1220118,1600,134.26,134.3,132.8,133.72
1220119,1600,132.44,134.72,132.44,133.94
1220120,1600,134.32,134.88,133.5,134.88
1220121,1600,133.08,133.28,131.0,132.18
1220124,1600,131.56,132.1,126.64,127.2
1220125,1600,128.06,128.82,127.0,128.06
1220126,1600,129.6,131.6,129.58,130.98
1220127,1600,129.18,132.06,128.8,131.76
1220128,1600,130.56,130.62,128.18,129.84
1220131,1600,131.26,131.9,130.0,131.08
1220201,1600,132.4,132.92,131.7,132.38
1220202,1600,132.92,133.36,132.26,132.32
1220203,1600,132.0,132.22,130.28,130.34
1220204,1600,130.64,130.66,127.66,128.16
1220207,1600,128.94,129.3,127.82,128.94
1220208,1600,129.0,130.0,128.5,129.26
1220209,1600,130.16,131.46,130.12,131.28
1220210,1600,132.14,132.3,130.66,131.28
1220211,1600,130.32,131.4,129.7,130.56
1220214,1600,127.82,128.32,125.78,128.16
1220215,1600,127.86,130.66,127.82,130.66
1220216,1600,130.54,131.64,129.9,130.2
1220217,1600,130.54,130.66,128.84,129.24
1220218,1600,129.4,129.74,126.88,127.52
1220221,1600,128.62,128.74,123.78,124.9
1220222,1600,121.8,125.24,121.66,124.18
1220223,1600,124.98,126.26,123.58,124.02
1220224,1600,119.16,120.56,116.96,118.96
1220225,1600,120.66,123.44,118.84,123.44
1220228,1600,120.86,122.9,119.44,122.58
1220301,1600,122.04,122.34,117.4,117.4
1220302,1600,117.0,119.6,116.2,118.54
1220303,1600,118.76,119.08,115.76,115.86
1220304,1600,114.24,114.8,110.7,110.7
1220307,1600,106.9,111.38,105.34,108.44
1220308,1600,107.6,110.88,107.48,108.64
1220309,1600,112.92,117.7,112.18,117.7
1220310,1600,116.24,116.52,113.0,113.92
1220311,1600,114.34,119.14,113.58,115.52
1220314,1600,118.14,119.28,117.24,117.92
1220315,1600,116.5,118.42,114.98,118.04
1220316,1600,120.48,123.26,120.16,122.3
1220317,1600,122.74,122.86,120.66,121.82
1220318,1600,121.62,122.22,119.5,122.22
1220321,1600,121.98,122.46,121.08,121.08
1220322,1600,121.58,122.9,121.56,122.74
1220323,1600,122.72,123.06,120.5,120.8
1220324,1600,121.26,121.74,120.16,120.86
1220325,1600,121.32,122.2,120.66,121.06
1220328,1600,122.4,123.9,122.02,122.18
1220329,1600,123.68,126.42,123.24,125.42
1220330,1600,124.56,124.88,123.26,123.7
1220331,1600,124.54,124.76,121.96,122.14
1220401,1600,122.22,122.88,121.96,122.24
1220404,1600,122.9,123.12,121.36,122.98
1220405,1600,122.82,123.68,121.52,122.06
1220406,1600,121.78,122.24,118.8,119.8
1220407,1600,120.2,121.28,119.12,119.32
1220408,1600,120.86,121.28,120.12,120.84
1220411,1600,120.36,121.1,119.36,120.3
1220412,1600,117.94,120.06,117.64,119.52
1220413,1600,119.06,119.34,118.24,119.24
1220414,1600,119.5,120.2,118.96,119.88
1220419,1600,119.24,120.22,118.46,119.86
1220420,1600,119.96,121.64,119.86,121.64
1220421,1600,121.8,123.6,121.76,122.86
1220422,1600,121.48,121.66,119.72,119.72
1220425,1600,118.08,118.82,117.36,118.08
1220426,1600,119.2,119.42,116.4,116.48
1220427,1600,116.46,117.2,114.86,116.68
1220428,1600,117.72,119.18,117.02,118.24
1220429,1600,119.24,120.04,118.9,119.4
1220502,1600,118.32,118.6,116.72,117.78
1220503,1600,118.04,119.0,117.68,118.54
1220504,1600,118.5,118.9,118.1,118.1
1220505,1600,120.88,120.94,117.1,117.42
1220506,1600,116.86,117.0,114.84,115.34
1220509,1600,115.02,115.64,113.0,113.02
1220510,1600,114.38,115.8,114.14,114.3
1220511,1600,114.72,116.8,114.1,116.68
1220512,1600,114.22,116.54,113.8,115.9
1220513,1600,116.52,118.4,116.4,118.38
1220516,1600,118.08,118.48,117.0,117.52
1220517,1600,118.94,119.84,118.64,119.74
1220518,1600,119.74,120.04,118.06,118.16
1220519,1600,116.6,117.2,115.4,117.2
1220520,1600,117.9,119.38,117.6,117.84
1220523,1600,119.5,119.96,118.38,119.66
1220524,1600,118.4,118.92,117.4,117.4
1220525,1600,118.22,118.54,117.0,118.06
1220526,1600,118.32,120.2,118.32,120.04
1220527,1600,120.62,122.02,120.16,122.02
1220530,1600,122.96,123.08,122.38,122.94
1220531,1600,122.3,122.68,121.12,121.46
1220601,1600,122.08,122.16,120.8,120.8
1220602,1600,121.46,122.2,121.46,122.18
1220603,1600,122.88,122.88,121.82,122.0
1220606,1600,123.14,124.08,122.74,123.6
1220607,1600,122.86,122.94,121.96,122.76
1220608,1600,122.88,122.92,121.3,121.86
1220609,1600,121.08,121.54,119.68,119.78
1220610,1600,118.86,118.9,115.98,115.98
1220613,1600,114.58,115.04,112.86,113.3
1220614,1600,114.22,114.46,112.22,112.26
1220615,1600,113.66,114.5,112.74,113.78
1220616,1600,113.32,113.32,109.78,109.9
1220617,1600,110.3,111.68,109.98,110.7
1220620,1600,111.22,111.94,110.6,111.94
1220621,1600,112.52,113.42,112.0,112.16
1220622,1600,109.76,111.42,109.42,110.98
1220623,1600,110.48,110.68,108.92,108.92
1220624,1600,109.32,111.08,108.9,110.72
1220627,1600,111.58,112.9,110.84,111.34
1220628,1600,111.9,112.66,111.6,111.62
1220629,1600,110.48,110.8,109.26,109.98
1220630,1600,107.66,108.1,106.5,107.94
1220701,1600,106.68,108.82,106.6,108.24
1220704,1600,108.72,109.0,107.5,107.74
1220705,1600,108.34,108.54,104.5,104.64
1220706,1600,106.18,106.9,105.6,106.26
1220707,1600,107.46,108.52,107.12,108.36
1220708,1600,108.1,109.82,107.74,109.68
1220711,1600,108.26,109.14,108.0,108.38
1220712,1600,107.58,108.92,106.8,108.92
1220713,1600,108.04,108.48,106.5,107.62
1220714,1600,107.42,107.9,104.88,105.64
1220715,1600,106.1,108.64,105.78,108.6
1220718,1600,109.1,110.22,108.94,109.38
1220719,1600,108.94,112.7,108.24,112.32
1220720,1600,112.68,113.0,110.72,112.14
1220721,1600,111.9,112.3,110.5,111.82
1220722,1600,111.28,112.76,111.24,111.76
1220725,1600,111.36,112.44,110.92,111.42
1220726,1600,111.24,111.36,109.96,110.52
1220727,1600,110.94,111.38,110.44,111.08
1220728,1600,111.32,112.12,110.48,112.12
1220729,1600,112.64,114.0,112.56,113.78
1220801,1600,113.74,114.48,113.6,113.74
1220802,1600,113.2,113.7,112.52,113.52
1220803,1600,112.9,114.7,112.9,114.7
1220804,1600,115.06,116.34,115.0,115.3
1220805,1600,115.14,115.5,114.38,114.52
1220808,1600,115.64,115.94,114.74,115.48
1220809,1600,115.18,115.3,114.0,114.24
1220810,1600,113.68,115.7,113.52,115.5
1220811,1600,115.76,116.06,115.26,115.54
1220812,1600,115.7,116.54,115.7,116.48
1220815,1600,116.88,116.92,115.88,116.52
1220816,1600,116.98,117.68,116.6,117.36
1220817,1600,117.46,117.5,114.84,114.96
1220818,1600,115.06,116.1,115.06,115.6
1220819,1600,114.8,115.2,114.08,114.3
1220822,1600,113.78,113.8,111.28,111.64
1220823,1600,111.18,112.14,111.18,111.32
1220824,1600,111.06,111.68,110.4,111.58
1220825,1600,112.5,112.72,111.46,111.88
1220826,1600,112.48,112.8,109.14,109.34
1220829,1600,108.32,109.12,107.6,108.74
1220830,1600,109.16,110.94,108.74,109.26
1220831,1600,109.78,109.8,108.06,108.34
1220901,1600,107.5,107.5,106.3,106.6
1220902,1600,107.54,110.08,107.44,110.02
1220905,1600,106.76,107.88,106.44,107.6
1220906,1600,108.08,109.04,107.6,108.58
1220907,1600,107.8,109.26,107.42,108.96
1220908,1600,109.64,109.72,107.08,108.8
1220909,1600,109.08,110.66,109.08,110.38
1220912,1600,111.06,113.4,111.02,113.02
1220913,1600,113.28,114.4,111.18,111.28
1220914,1600,110.96,111.24,109.26,109.9
1220915,1600,110.1,110.54,109.04,109.28
1220916,1600,108.06,108.06,107.14,107.4
1220919,1600,106.84,108.52,106.34,108.0
1220920,1600,108.32,109.12,106.58,106.8
1220921,1600,105.74,107.72,105.56,107.7
1220922,1600,105.78,107.7,105.7,105.72
1220923,1600,105.52,105.52,102.76,103.6
1220926,1600,103.16,104.3,102.76,103.28
1220927,1600,104.1,104.66,102.16,102.16
1220928,1600,101.62,102.86,100.06,102.76
1220929,1600,102.12,102.12,100.06,101.08
1220930,1600,101.64,102.34,101.0,102.1
1221003,1600,100.82,103.1,100.28,102.88
1221004,1600,104.24,106.88,104.22,106.84
1221005,1600,106.26,106.76,105.04,105.7
1221006,1600,106.34,106.64,104.74,105.2
1221007,1600,104.76,105.36,103.48,103.56
1221010,1600,102.86,104.64,102.82,103.5
1221011,1600,102.72,103.32,102.08,103.06
1221012,1600,102.76,103.7,102.08,102.62
1221013,1600,102.22,104.44,101.2,104.38
1221014,1600,105.86,106.9,104.6,104.88
1221017,1600,105.4,107.24,104.64,106.7
1221018,1600,107.84,109.04,107.48,107.6
1221019,1600,107.92,108.04,107.18,107.4
1221020,1600,106.92,108.12,106.52,107.74
1221021,1600,106.62,107.68,105.8,107.34
1221024,1600,108.94,109.8,107.5,109.18
1221025,1600,109.18,110.16,107.86,110.16
1221026,1600,110.06,111.34,109.86,111.34
1221027,1600,111.08,111.8,110.16,111.48
1221028,1600,110.44,111.74,110.08,111.66
1221031,1600,111.7,112.2,111.48,111.86
1221101,1600,112.74,113.34,112.06,112.32
1221102,1600,112.76,112.98,111.78,111.78
1221103,1600,110.82,111.22,109.68,110.7
1221104,1600,111.2,114.2,111.2,113.36
1221107,1600,113.08,114.78,113.0,114.14
1221108,1600,113.8,115.54,113.76,115.54
1221109,1600,115.12,115.46,114.38,115.2
1221110,1600,114.74,120.0,114.7,119.34
1221111,1600,119.54,120.3,119.54,120.1
1221114,1600,120.58,121.7,120.14,120.74
1221115,1600,121.02,121.76,120.32,121.28
1221116,1600,121.1,121.16,119.74,120.04
1221117,1600,121.16,121.18,119.34,120.32
1221118,1600,120.66,121.9,120.58,121.66
1221121,1600,121.38,121.62,120.8,121.34
1221122,1600,120.96,122.14,120.96,121.52
1221123,1600,121.72,121.8,121.1,121.66
1221124,1600,121.98,122.88,121.94,122.64
1221125,1600,122.64,122.82,122.26,122.62
1221128,1600,121.96,122.38,121.26,121.42
1221129,1600,121.3,121.68,120.8,121.0
1221130,1600,121.78,122.16,121.12,121.54
1221201,1600,122.68,122.72,121.58,122.16
1221202,1600,121.86,123.0,121.2,122.48
1221205,1600,122.1,122.3,121.46,121.82
1221206,1600,121.74,122.04,120.6,121.02
1221207,1600,120.7,121.18,119.88,120.34
1221208,1600,120.42,120.56,119.72,120.24
1221209,1600,120.6,121.3,119.84,121.12
1221212,1600,120.5,121.08,120.26,120.66
1221213,1600,121.1,123.74,120.62,122.34
1221214,1600,121.8,121.98,121.24,121.94
1221215,1600,120.96,121.04,117.88,117.96
1221216,1600,117.92,118.14,116.44,117.0
1221219,1600,117.36,117.94,117.34,117.44
1221220,1600,116.5,117.38,116.24,116.92
1221221,1600,117.46,118.78,117.2,118.78
1221222,1600,118.9,119.3,117.04,117.22
1221223,1600,117.56,117.9,116.94,117.56
1221227,1600,118.34,118.48,117.7,117.9
1221228,1600,118.06,118.14,117.3,117.34
1221229,1600,117.04,118.56,117.0,118.56
1221230,1600,117.94,117.98,117.32,117.4
1230102,1600,117.92,118.72,117.76,118.54
1230103,1600,118.8,120.4,118.7,119.56
1230104,1600,120.26,122.16,120.26,122.16
1230105,1600,121.68,122.2,121.48,121.72
1230106,1600,121.88,123.14,121.22,123.14
1230109,1600,123.36,124.94,123.2,124.48
1230110,1600,124.18,124.62,123.84,124.52
1230111,1600,124.74,126.06,124.66,125.88
1230112,1600,126.14,127.14,125.88,126.96
1230113,1600,126.84,127.46,126.68,127.08
1230116,1600,127.34,127.68,127.1,127.48
1230117,1600,127.64,128.64,127.1,127.96
1230118,1600,127.94,128.46,127.7,127.82
1230119,1600,127.36,127.5,125.58,125.8
1230120,1600,126.32,126.68,125.88,126.68
1230123,1600,127.06,127.62,126.52,127.22
1230124,1600,127.52,127.52,126.64,127.22
1230125,1600,127.22,127.28,126.12,127.06
1230126,1600,127.64,127.64,126.94,127.46
1230127,1600,127.42,127.94,127.0,127.68
1230130,1600,127.12,127.7,126.26,127.44
1230131,1600,127.14,127.52,126.32,127.44
1230201,1600,127.36,128.24,127.28,127.84
1230202,1600,128.68,130.74,128.58,130.74
1230203,1600,129.74,130.38,129.28,130.38
1230206,1600,129.4,129.74,128.7,129.36
1230207,1600,129.24,129.4,128.68,129.08
1230208,1600,130.04,130.48,129.5,129.82
1230209,1600,131.22,131.88,130.72,130.72
1230210,1600,129.76,130.32,128.38,128.9
1230213,1600,129.08,129.74,128.94,129.62
1230214,1600,129.78,130.76,129.08,129.56
1230215,1600,129.6,130.72,129.6,130.64
1230216,1600,131.46,131.64,129.78,130.7
1230217,1600,129.58,130.7,128.92,130.36
1230220,1600,130.74,130.76,129.98,130.3
1230221,1600,129.96,130.2,128.72,129.68
1230222,1600,129.24,129.7,128.34,129.66
1230223,1600,130.04,130.94,129.96,130.3
1230224,1600,130.64,130.7,127.9,127.9
1230227,1600,129.46,130.36,129.28,129.56
1230228,1600,128.78,130.0,128.7,129.34
1230301,1600,129.9,130.32,128.4,128.86
1230302,1600,127.72,129.08,127.52,128.96
1230303,1600,130.0,131.22,129.7,131.18
1230306,1600,131.44,131.98,131.2,131.76
1230307,1600,131.68,132.24,130.8,130.98
1230308,1600,130.78,131.88,130.7,131.64
1230309,1600,131.4,131.88,130.78,131.56
1230310,1600,129.5,130.42,128.92,129.88
1230313,1600,129.62,129.64,125.32,125.88
1230314,1600,126.28,128.58,125.82,128.24
1230315,1600,127.82,128.28,123.32,124.06
1230316,1600,125.84,126.4,123.44,125.94
1230317,1600,127.08,127.54,123.68,124.38
1230320,1600,123.74,126.1,121.82,125.72
1230321,1600,126.76,128.4,126.74,127.92
1230322,1600,127.76,128.78,127.68,128.12
1230323,1600,127.86,128.32,126.92,128.0
1230324,1600,127.26,127.26,124.66,125.94
1230327,1600,127.62,127.78,126.42,127.38
1230328,1600,128.34,128.44,127.14,127.52
1230329,1600,128.22,129.12,127.8,128.98
1230330,1600,129.88,130.76,129.86,130.64
1230331,1600,130.98,131.82,130.52,131.66
1230403,1600,131.54,131.78,130.94,131.14
1230404,1600,131.66,132.42,131.3,131.4
1230405,1600,131.48,131.54,130.34,130.64
1230406,1600,130.62,131.3,130.58,131.3
1230411,1600,132.26,132.4,131.5,131.74
1230412,1600,131.98,133.22,131.88,132.18
1230413,1600,132.28,132.6,131.94,132.4
1230414,1600,132.78,133.34,132.62,133.06
1230417,1600,133.48,133.86,132.7,132.88
1230418,1600,133.36,133.94,133.02,133.62
1230419,1600,133.38,133.9,133.28,133.8
1230420,1600,133.66,133.66,132.46,132.98
1230421,1600,132.86,133.84,132.2,133.66
1230424,1600,133.48,133.96,133.26,133.54
1230425,1600,133.3,133.7,132.92,133.58
1230426,1600,133.04,133.16,132.06,132.9
1230427,1600,132.4,133.42,132.16,132.94
1230428,1600,133.76,133.98,131.96,133.98
1230502,1600,134.4,134.88,132.04,132.18
1230503,1600,132.78,133.4,132.4,133.06
1230504,1600,132.52,132.72,131.6,132.28
1230505,1600,132.94,134.0,132.3,134.0
1230508,1600,133.9,134.24,133.74,133.88
1230509,1600,133.88,133.94,133.3,133.86
1230510,1600,134.04,134.14,132.96,133.4
1230511,1600,133.8,134.0,132.2,132.86
1230512,1600,133.3,133.62,132.96,133.42
1230515,1600,133.86,133.94,133.1,133.44
1230516,1600,133.14,133.9,133.0,133.3
1230517,1600,133.22,134.06,132.98,133.66
1230518,1600,134.82,136.02,134.8,135.42
1230519,1600,135.9,136.9,135.82,136.48
1230522,1600,136.22,136.36,135.76,135.98
1230523,1600,135.68,136.0,135.34,135.36
1230524,1600,134.18,134.22,132.44,132.78
1230525,1600,132.74,132.92,131.82,132.38
1230526,1600,132.78,134.16,131.8,133.98
1230529,1600,134.66,134.78,133.48,133.76
1230530,1600,133.56,134.6,133.16,133.32
1230531,1600,131.98,133.0,130.98,131.22
1230601,1600,132.02,132.94,131.9,132.94
1230602,1600,133.74,134.7,133.5,134.54
1230605,1600,134.7,135.04,133.5,133.72
1230606,1600,133.66,134.14,133.42,134.08
1230607,1600,133.94,134.2,133.32,133.76
1230608,1600,133.66,134.2,133.36,134.0
1230609,1600,133.92,134.0,133.46,133.64
1230612,1600,134.5,135.16,134.26,134.84
1230613,1600,135.8,136.02,134.96,135.98
1230614,1600,136.0,136.9,135.98,136.76
1230615,1600,136.44,136.56,135.5,136.52
1230616,1600,136.6,137.66,136.38,137.12
1230619,1600,136.38,136.52,135.62,135.72
1230620,1600,135.0,135.6,134.68,135.06
1230621,1600,134.74,135.3,134.08,134.26
1230622,1600,133.04,133.94,132.48,133.94
1230623,1600,132.9,133.28,131.8,132.64
1230626,1600,132.76,132.88,131.64,132.54
1230627,1600,133.08,133.16,132.02,132.84
1230628,1600,133.56,134.0,133.32,133.78
1230629,1600,133.7,134.04,133.38,133.6
1230630,1600,133.92,135.5,133.92,135.36
1230703,1600,135.66,135.78,134.64,134.78
1230704,1600,134.76,134.94,134.26,134.4
1230705,1600,133.46,133.9,133.22,133.46
1230706,1600,132.52,132.72,129.78,130.02
1230707,1600,129.84,131.16,129.48,130.74
1230710,1600,130.52,131.7,130.28,131.3
1230711,1600,131.68,132.42,131.2,132.24
1230712,1600,132.6,134.42,132.44,134.26
1230713,1600,134.08,135.6,134.06,135.26
1230714,1600,135.1,135.28,134.66,134.94
1230717,1600,134.2,134.86,133.98,134.72
1230718,1600,134.46,135.22,134.3,135.12
1230719,1600,135.74,136.04,134.62,135.12
1230720,1600,134.52,135.82,134.48,135.82
1230721,1600,135.04,135.54,134.98,135.5
1230724,1600,135.1,135.76,135.04,135.66
1230725,1600,135.34,135.88,135.18,135.84
1230726,1600,135.6,135.76,134.04,135.14
1230727,1600,135.28,137.48,135.12,137.48
1230728,1600,137.0,138.1,136.86,138.04
1230731,1600,137.78,138.46,137.62,137.94
1230801,1600,137.56,137.66,136.08,136.08
1230802,1600,134.12,135.16,133.66,134.2
1230803,1600,132.94,133.36,132.42,133.2
1230804,1600,133.16,133.84,132.22,133.62
1230807,1600,132.88,133.68,132.58,133.62
1230808,1600,133.02,133.56,131.56,132.06
1230809,1600,133.42,133.88,132.62,132.78
1230810,1600,133.28,134.52,133.0,134.04
1230811,1600,133.48,133.7,132.36,132.54
1230814,1600,132.56,133.5,132.5,133.22
1230815,1600,133.26,133.38,131.56,132.12
1230816,1600,131.86,132.44,131.82,132.26
1230817,1600,131.82,132.28,131.22,131.24
1230818,1600,130.48,130.82,129.56,130.5
1230821,1600,130.66,131.58,130.52,130.74
1230822,1600,131.38,132.28,131.38,131.56
1230823,1600,132.04,132.48,131.3,131.76
1230824,1600,133.04,133.14,130.84,130.88
1230825,1600,130.64,131.82,130.62,131.0
1230828,1600,131.94,132.36,131.28,132.32
1230829,1600,132.66,133.54,132.4,133.54
1230830,1600,133.64,133.66,132.56,133.14
1230831,1600,133.46,134.36,133.4,133.64
1230901,1600,133.4,133.88,132.72,132.72
1230904,1600,133.18,133.62,132.3,132.5
1230905,1600,131.7,132.66,131.48,132.12
1230906,1600,131.58,132.18,131.28,131.84
1230907,1600,131.42,132.28,131.3,131.66
1230908,1600,132.06,132.24,130.46,131.92
1230911,1600,132.08,132.94,132.08,132.42
1230912,1600,132.28,132.34,131.42,131.68
1230913,1600,131.12,131.8,130.36,131.18
1230914,1600,130.94,132.5,130.56,132.42
1230915,1600,133.64,133.88,133.0,133.04
1230918,1600,132.76,132.88,131.4,131.66
1230919,1600,131.4,131.84,130.92,131.18
1230920,1600,131.56,132.4,131.5,132.24
1230921,1600,131.26,131.42,130.2,130.46
1230922,1600,129.62,130.56,129.58,130.28
1230925,1600,129.86,130.38,128.38,129.04
1230926,1600,128.5,128.66,127.52,127.76
1230927,1600,127.5,128.08,127.26,127.4
1230928,1600,127.58,128.36,126.84,128.36
1230929,1600,128.9,129.92,128.82,128.82
1231002,1600,129.08,129.58,127.22,127.66
1231003,1600,127.2,127.74,126.24,126.24
1231004,1600,125.46,127.06,125.18,126.4
1231005,1600,126.56,126.88,125.98,126.22
1231006,1600,126.58,127.6,125.9,127.6
1231009,1600,126.82,127.24,126.26,126.68
1231010,1600,127.94,129.3,127.92,129.18
1231011,1600,128.76,129.64,128.66,129.4
1231012,1600,130.08,130.4,129.12,129.14
1231013,1600,128.94,129.04,127.08,127.12
1231016,1600,127.4,127.88,126.48,127.62
1231017,1600,127.54,127.98,126.62,127.72
1231018,1600,127.46,127.76,126.32,126.38
1231019,1600,126.08,126.44,125.48,126.0
1231020,1600,124.6,125.06,123.96,123.98
1231023,1600,124.08,124.24,122.48,123.98
1231024,1600,124.06,124.88,123.52,124.56
1231025,1600,124.5,125.0,123.84,124.72
1231026,1600,123.14,123.88,122.74,123.42
1231027,1600,123.6,124.12,122.82,123.06
1231030,1600,123.52,123.92,122.92,123.3
1231031,1600,123.3,124.18,123.28,123.9
1231101,1600,124.32,125.16,123.84,124.94
1231102,1600,125.94,127.28,125.88,126.86
1231103,1600,127.24,127.84,126.9,127.22
1231106,1600,127.38,127.4,126.54,126.74
1231107,1600,126.3,127.22,126.22,126.96
1231108,1600,126.4,128.0,126.34,127.54
1231109,1600,127.58,128.62,127.4,128.54
1231110,1600,128.1,128.14,127.04,127.52
1231113,1600,128.04,128.46,127.74,128.46
1231114,1600,128.52,130.82,128.46,130.8
1231115,1600,130.96,131.96,130.9,131.8
1231116,1600,132.28,132.9,132.14,132.14
1231117,1600,132.6,133.5,132.56,133.3
1231120,1600,133.26,133.36,132.78,133.14
1231121,1600,133.3,133.52,133.08,133.2
1231122,1600,133.46,133.96,133.4,133.68
1231123,1600,133.74,134.0,133.64,133.94
1231124,1600,133.92,134.3,133.76,134.26
1231127,1600,134.02,134.26,133.64,133.72
1231128,1600,133.42,133.96,133.26,133.96
1231129,1600,134.26,135.72,134.22,135.44
1231130,1600,135.58,136.16,135.38,135.78
1231201,1600,136.56,137.2,136.34,137.2
1231204,1600,137.2,137.2,137.2,137.2
1231205,1600,137.2,137.2,137.2,137.2
1231206,1600,137.2,137.2,137.2,137.2
1231207,1600,139.14,139.42,138.96,139.3
1231208,1600,139.3,140.5,139.26,140.38
1231211,1600,140.32,140.78,140.1,140.66
1231212,1600,140.86,140.96,140.26,140.64
1231213,1600,140.72,140.96,140.32,140.4
1231214,1600,141.86,142.3,139.56,140.26
1231215,1600,140.9,141.38,139.94,140.34
1231218,1600,139.8,140.1,139.2,139.38
1231219,1600,139.56,140.24,139.54,140.2
1231220,1600,140.44,140.58,139.82,140.18
1231221,1600,139.48,139.88,139.18,139.7
1231222,1600,139.42,140.1,139.4,139.88
1231227,1600,139.88,140.42,139.8,140.18
1231228,1600,140.48,140.52,139.7,139.82
1231229,1600,140.12,140.32,140.04,140.24
1240102,1600,141.16,142.0,139.36,140.36
1240103,1600,140.38,140.5,137.96,138.32
1240104,1600,138.58,139.18,138.16,139.16
1240105,1600,138.18,139.36,137.62,138.86
1240108,1600,139.14,139.9,138.26,139.86
1240109,1600,139.9,139.98,139.06,139.62
1240110,1600,139.7,140.28,139.44,139.66
1240111,1600,140.5,140.96,138.38,138.38
1240112,1600,139.38,140.16,139.04,139.78
1240115,1600,139.94,140.06,139.04,139.12
1240116,1600,138.02,138.8,137.92,138.68
1240117,1600,137.28,137.56,136.88,137.5
1240118,1600,137.64,138.76,137.48,138.7
1240119,1600,139.3,139.32,138.22,138.5
1240122,1600,139.58,139.8,138.98,139.68
1240123,1600,140.0,140.1,139.2,139.2
1240124,1600,140.6,141.6,140.32,141.5
1240125,1600,141.0,141.56,140.56,141.54
1240126,1600,141.32,142.0,141.04,141.92
1240129,1600,141.6,141.82,141.1,141.82
1240130,1600,142.24,142.26,141.84,142.06
1240131,1600,142.06,142.22,141.38,141.5
1240201,1600,140.92,141.54,140.86,141.06
1240202,1600,142.08,142.32,141.4,141.6
1240205,1600,141.56,142.0,141.1,141.44
1240206,1600,141.92,142.7,141.24,142.58
1240207,1600,142.42,142.48,141.56,141.6
1240208,1600,141.7,142.52,141.42,141.98
1240209,1600,142.02,142.16,141.18,141.52
1240212,1600,142.08,142.5,141.86,142.5
1240213,1600,142.04,142.1,140.84,141.2
1240214,1600,141.1,141.84,141.04,141.8
1240215,1600,142.46,142.9,142.26,142.64
1240216,1600,143.24,143.86,142.74,143.18
1240219,1600,142.88,143.02,142.64,142.98
1240220,1600,142.8,142.92,142.4,142.78
1240221,1600,142.98,143.5,142.76,143.16
1240222,1600,144.92,145.8,144.58,145.34
1240223,1600,145.36,145.88,145.22,145.7
1240226,1600,145.56,146.06,145.56,145.78
1240227,1600,145.84,146.9,145.78,146.84
1240228,1600,146.94,147.26,146.88,147.2
1240229,1600,147.54,148.42,147.4,147.98
1240301,1600,148.84,149.02,147.98,148.34
1240304,1600,148.34,148.54,147.9,148.16
1240305,1600,147.92,148.44,147.6,148.06
1240306,1600,147.92,148.44,147.92,148.28
1240307,1600,147.66,149.54,147.4,149.36
1240308,1600,149.18,149.36,148.88,148.98
1240311,1600,147.9,148.44,147.74,148.44
1240312,1600,148.9,150.32,148.42,150.24
1240313,1600,150.4,150.58,150.02,150.34
1240314,1600,150.6,150.88,149.8,150.08
1240315,1600,150.08,150.9,149.96,150.12
1240318,1600,150.32,150.64,149.78,150.0
1240319,1600,150.04,150.54,149.86,150.54
1240320,1600,150.34,150.88,150.2,150.68
1240321,1600,152.0,152.06,151.0,152.0
1240322,1600,151.86,152.46,151.86,152.32
1240325,1600,152.46,152.92,152.06,152.8
1240326,1600,152.74,154.0,152.66,153.8
1240327,1600,153.92,154.82,153.76,154.62
1240328,1600,154.62,154.84,154.52,154.76
1240402,1600,155.48,155.48,152.82,152.96
1240403,1600,153.24,153.66,153.0,153.58
1240404,1600,153.52,154.04,153.46,153.98
1240405,1600,151.98,152.26,151.28,151.8
1240408,1600,152.3,153.26,152.24,153.14
1240409,1600,152.54,152.6,150.98,151.16
1240410,1600,152.08,152.46,150.32,151.3
1240411,1600,151.12,151.36,149.4,150.12
1240412,1600,151.58,151.88,149.36,149.96
1240415,1600,150.92,152.16,150.4,150.68
1240416,1600,148.58,149.4,148.18,148.46
1240417,1600,148.68,149.72,148.46,148.6
1240418,1600,149.06,149.34,148.12,149.06
1240419,1600,147.68,148.56,147.38,148.24
1240422,1600,149.44,149.58,148.5,149.34
1240423,1600,150.78,151.7,150.12,151.7
1240424,1600,151.96,152.34,150.96,151.18
1240425,1600,150.84,150.86,148.8,149.72
1240426,1600,150.5,152.02,150.48,151.76
1240429,1600,152.2,152.26,151.26,151.4
1240430,1600,151.5,151.52,149.68,149.84
1240502,1600,149.9,150.22,149.4,149.44
1240503,1600,150.16,151.22,149.68,150.42
1240506,1600,150.66,151.98,150.48,151.8
1240507,1600,152.5,154.0,152.16,153.86
1240508,1600,154.38,154.8,153.84,154.34
1240509,1600,154.56,155.92,154.52,155.92
1240510,1600,156.48,157.2,156.42,156.54
1240513,1600,156.72,156.78,156.04,156.24
1240514,1600,156.12,156.26,155.34,156.08
1240515,1600,156.6,157.6,156.34,157.44
1240516,1600,157.3,157.44,155.98,156.16
1240517,1600,155.86,156.04,155.24,155.86
1240520,1600,156.14,156.6,156.1,156.42
1240521,1600,156.22,156.28,155.34,156.04
1240522,1600,155.58,155.94,155.4,155.6
1240523,1600,156.14,156.28,155.3,155.72
1240524,1600,154.44,155.88,154.28,155.66
1240527,1600,155.66,156.4,155.66,156.4
1240528,1600,156.92,157.1,155.32,155.66
1240529,1600,155.26,155.34,153.62,153.92
1240530,1600,153.38,154.38,153.28,154.18
1240531,1600,153.92,154.5,153.5,154.16
1240603,1600,155.58,155.78,154.8,155.1
1240604,1600,154.62,154.62,153.02,153.32
1240605,1600,154.36,155.16,153.98,154.84
1240606,1600,155.6,156.48,155.12,155.42
1240607,1600,155.16,155.18,153.02,154.54
1240610,1600,153.52,154.06,152.96,154.06
1240611,1600,154.34,154.42,152.28,152.94
1240612,1600,153.58,155.36,153.42,155.2
1240613,1600,154.82,154.96,152.1,152.1
1240614,1600,152.3,152.3,149.62,150.0
1240617,1600,150.64,151.14,149.72,150.62
1240618,1600,151.64,151.68,150.54,151.1
1240619,1600,150.84,151.08,150.42,150.52
1240620,1600,150.96,152.02,150.92,152.02
1240621,1600,151.66,151.9,150.74,151.38
1240624,1600,151.86,152.88,151.44,152.7
1240625,1600,151.2,151.4,150.56,151.32
1240626,1600,152.24,152.96,150.3,151.28
1240627,1600,151.52,152.02,151.14,151.6
1240628,1600,152.36,152.86,151.56,151.98
1240701,1600,153.7,153.7,152.16,152.44
1240702,1600,151.78,151.94,150.2,151.28
1240703,1600,151.94,153.22,151.84,153.14
1240704,1600,153.56,153.84,153.36,153.68
1240705,1600,154.24,155.24,153.5,153.9
1240708,1600,153.98,155.14,153.8,153.94
1240709,1600,153.22,153.78,151.72,151.92
1240710,1600,152.4,153.5,152.0,153.38
1240711,1600,153.86,154.6,153.5,154.38
1240712,1600,154.72,156.46,154.32,156.26
1240715,1600,155.84,156.1,154.8,154.92
1240716,1600,153.92,154.4,153.7,154.2
1240717,1600,153.74,154.36,152.84,153.66
1240718,1600,153.74,154.38,152.92,152.92
1240719,1600,152.22,152.34,151.2,151.34
1240722,1600,152.0,153.74,151.9,153.4
1240723,1600,154.12,155.32,153.82,154.56
1240724,1600,153.18,153.72,152.84,153.14
1240725,1600,151.6,152.64,150.76,152.44
1240726,1600,151.96,153.48,151.74,153.42
1240729,1600,154.34,154.38,152.5,152.5
1240730,1600,152.98,153.84,152.76,153.4
1240731,1600,154.12,154.58,153.56,154.24
1240801,1600,153.54,153.56,150.44,150.52
1240802,1600,149.0,149.18,146.8,147.18
1240805,1600,142.82,144.6,141.78,144.44
1240806,1600,145.38,145.76,143.5,144.56
1240807,1600,145.12,147.12,144.8,146.7
1240808,1600,145.82,147.38,145.22,147.18
1240809,1600,147.22,148.1,146.76,147.6
1240812,1600,148.16,148.5,147.3,147.66
1240813,1600,148.26,148.4,147.32,148.36
1240814,1600,148.92,149.24,148.48,149.0
1240815,1600,149.56,151.56,149.3,151.5
1240816,1600,151.86,152.8,151.82,152.62
1240819,1600,152.46,153.62,152.3,153.44
1240820,1600,153.84,154.02,152.82,152.94
1240821,1600,152.96,153.86,152.92,153.7
1240822,1600,153.84,154.5,153.84,154.08
1240823,1600,154.36,155.48,154.24,155.2
1240826,1600,154.78,155.22,154.5,155.02
1240827,1600,155.16,155.94,155.14,155.62
1240828,1600,156.04,157.02,156.0,156.48
1240829,1600,156.58,157.7,156.52,157.6
1240830,1600,157.32,158.0,157.32,157.48
1240902,1600,157.44,157.68,156.38,157.68
1240903,1600,158.1,158.14,155.96,156.2
1240904,1600,154.54,155.3,154.46,154.78
1240905,1600,154.48,155.5,154.4,154.8
1240906,1600,154.32,154.96,152.28,152.32
1240909,1600,152.98,153.88,152.84,153.7
1240910,1600,153.32,153.98,151.92,152.14
1240911,1600,152.74,153.44,151.76,152.7
1240912,1600,154.44,154.84,153.12,154.22
1240913,1600,154.52,155.92,154.48,155.74
1240916,1600,155.2,155.42,154.9,155.18
1240917,1600,155.62,156.6,155.52,155.98
1240918,1600,156.1,156.18,155.7,155.84
1240919,1600,157.26,158.6,156.62,158.3
1240920,1600,157.38,157.38,155.86,155.9
1240923,1600,156.22,157.02,155.58,156.9
1240924,1600,158.04,158.38,157.46,158.2
1240925,1600,157.0,157.9,156.94,157.48
1240926,1600,159.22,160.3,159.0,160.22
1240927,1600,160.3,162.34,160.24,162.24
1240930,1600,161.64,161.94,160.84,160.98
1241001,1600,161.72,161.9,159.42,159.94
1241002,1600,159.92,160.28,158.7,159.56
1241003,1600,158.98,159.06,157.92,158.28
1241004,1600,158.08,159.64,157.9,159.26
1241007,1600,159.42,159.44,158.4,159.06
1241008,1600,157.66,158.98,157.5,158.74
1241009,1600,158.74,160.34,158.38,160.34
1241010,1600,160.22,160.54,159.44,160.0
1241011,1600,159.98,161.34,159.7,161.34
1241014,1600,161.64,162.5,161.48,162.48
1241015,1600,163.14,163.5,162.06,162.32
1241016,1600,162.22,162.44,161.6,161.82
1241017,1600,162.4,163.78,162.32,163.08
1241018,1600,163.04,163.76,163.0,163.64
1241021,1600,163.34,163.56,161.98,162.02
1241022,1600,162.7,163.08,161.32,161.74
1241023,1600,161.68,162.04,160.92,161.36
1241024,1600,161.72,162.84,161.72,161.9
1241025,1600,161.7,162.4,161.42,162.02
1241028,1600,162.52,162.94,161.52,162.64
1241029,1600,163.36,163.5,162.12,162.12
1241030,1600,161.58,161.66,159.84,160.22
1241031,1600,159.08,159.72,158.24,158.78
1241101,1600,159.1,160.66,159.0,160.34
1241104,1600,160.12,160.54,159.42,159.42
1241105,1600,159.58,160.38,159.08,160.34
1241106,1600,161.28,162.8,158.28,158.48
1241107,1600,159.42,161.82,159.4,161.16
1241108,1600,161.18,161.28,159.4,159.9
1241111,1600,161.48,162.7,161.46,161.94
1241112,1600,160.34,160.98,158.4,158.44
1241113,1600,158.44,159.2,156.9,158.24
1241114,1600,158.7,160.66,158.7,160.4
1241115,1600,159.42,160.56,159.18,159.82
1241118,1600,160.2,160.48,158.92,159.72
1241119,1600,159.8,159.9,156.6,158.66
1241120,1600,159.56,159.78,157.94,158.16
1241121,1600,158.6,159.42,157.38,159.26
1241122,1600,160.26,160.98,158.48,160.9
1241125,1600,161.96,162.06,160.92,161.46
1241126,1600,160.74,161.3,160.14,160.62
1241127,1600,160.34,160.42,159.4,160.4
1241128,1600,161.28,161.78,161.14,161.74
1241129,1600,161.52,163.5,161.34,163.36
1241202,1600,163.1,165.98,163.0,165.98
1241203,1600,166.2,166.8,165.9,166.66
1241204,1600,167.5,168.54,167.24,168.44
1241205,1600,168.54,169.58,168.36,169.38
1241206,1600,169.52,170.04,169.28,169.7
1241209,1600,170.2,170.2,169.1,169.36
1241210,1600,168.92,169.76,168.88,169.28
1241211,1600,169.1,169.94,168.98,169.8
1241212,1600,170.12,170.26,169.76,170.06
1241213,1600,170.28,170.84,169.54,169.86
1241216,1600,169.48,169.6,169.04,169.04
1241217,1600,168.86,169.42,168.48,168.6
1241218,1600,168.76,169.22,168.5,168.5
1241219,1600,166.76,167.34,166.22,166.38
1241220,1600,165.02,165.82,163.58,165.7
1241223,1600,165.14,165.64,164.9,165.16
1241227,1600,165.0,166.22,164.76,166.2
1241230,1600,165.52,166.2,165.46,165.58
1250102,1600,166.32,166.64,165.06,166.64
1250103,1600,166.56,166.56,165.4,165.64
1250106,1600,166.38,168.36,165.8,168.36
1250107,1600,168.16,169.7,167.74,169.18
1250108,1600,169.08,170.44,168.4,169.18
1250109,1600,168.58,169.42,168.58,169.12
1250110,1600,169.06,169.82,168.14,168.2
1250113,1600,167.74,167.92,166.68,167.52
1250114,1600,168.6,169.38,168.4,168.76
1250115,1600,169.14,173.54,168.9,171.36
1250116,1600,172.06,172.08,171.28,171.88
1250117,1600,172.64,174.14,172.48,174.02
1250120,1600,173.94,175.2,173.82,174.68
1250121,1600,174.3,175.16,174.3,175.08
1250122,1600,176.2,177.52,176.14,176.94
1250123,1600,177.08,178.34,176.9,178.18
1250124,1600,178.58,179.1,177.72,178.08
1250127,1600,176.48,177.62,175.5,177.1
1250128,1600,177.86,178.72,177.28,178.3
1250129,1600,179.14,180.38,178.74,180.08
1250130,1600,180.34,180.9,180.2,180.9
1250131,1600,180.96,181.4,180.5,180.86
1250203,1600,177.32,178.6,177.0,178.26
1250204,1600,178.66,179.0,177.28,178.98
1250205,1600,178.28,179.64,178.0,179.64
1250206,1600,180.68,182.36,180.52,182.26
1250207,1600,182.3,182.56,181.08,181.22
1250210,1600,181.8,182.64,181.3,182.46
1250211,1600,182.18,183.46,182.14,183.46
1250212,1600,183.8,184.76,182.96,184.26
1250213,1600,186.62,188.26,185.72,188.16
1250214,1600,187.4,188.08,186.88,187.2
1250217,1600,187.84,189.7,187.58,189.64
1250218,1600,189.94,190.34,188.98,190.02
1250219,1600,190.32,190.76,186.5,186.56
1250220,1600,187.22,187.84,185.4,185.58
1250221,1600,185.52,186.24,184.16,185.36
1250224,1600,186.72,187.28,184.92,186.54
1250225,1600,186.08,187.8,185.8,186.4
1250226,1600,187.82,189.94,187.74,189.68
1250227,1600,187.94,188.64,186.12,187.54
1250228,1600,186.24,187.62,185.7,187.62
1250303,1600,188.9,193.74,187.48,192.66
1250304,1600,190.02,190.16,185.56,185.88
1250305,1600,190.16,192.72,190.1,191.96
1250306,1600,193.54,195.3,191.8,194.24
1250307,1600,192.76,193.14,190.16,191.34
1250310,1600,192.58,192.64,187.34,188.08
1250311,1600,188.42,189.86,185.14,185.68
1250312,1600,187.48,189.74,186.88,188.72
1250313,1600,187.94,189.26,186.5,187.66
1250314,1600,187.12,191.72,186.88,191.32
1250317,1600,191.06,192.58,190.74,192.58
1250318,1600,193.48,195.22,193.3,194.48
1250319,1600,193.46,194.36,192.44,193.68
1250320,1600,193.7,193.92,189.78,191.26
1250321,1600,190.68,190.88,188.98,190.18
1250324,1600,191.98,192.4,189.74,190.02
1250325,1600,190.68,192.82,190.0,192.24
1250326,1600,193.02,193.02,189.9,189.98
1250327,1600,187.38,189.1,186.86,188.48
1250328,1600,187.66,188.02,186.16,186.88
1250331,1600,184.92,185.6,182.74,184.38
1250401,1600,185.98,187.72,185.5,187.24
1250402,1600,186.84,186.86,184.12,186.14
1250403,1600,181.96,184.2,180.24,180.48
1250404,1600,179.26,180.0,169.74,171.66
1250407,1600,159.7,173.1,159.0,164.72
1250408,1600,166.58,170.2,165.4,168.76
1250409,1600,164.56,166.56,161.0,163.5
1250410,1600,175.86,176.54,170.66,170.82
1250411,1600,172.94,172.94,167.2,169.5
1250414,1600,172.34,175.02,172.16,174.24
1250415,1600,175.52,177.06,175.0,176.7
1250416,1600,175.78,177.16,174.24,177.08
1250417,1600,177.94,178.0,175.8,176.2
1250422,1600,175.64,177.02,174.96,176.98
1250423,1600,180.8,183.12,180.62,182.54
1250424,1600,181.94,183.62,180.82,183.54
1250425,1600,184.58,185.42,183.5,184.92
1250428,1600,185.72,186.58,185.0,185.08
1250429,1600,186.02,186.66,185.62,186.42
1250430,1600,187.3,187.94,184.86,186.82
1250502,1600,189.26,191.82,189.14,191.78
1250505,1600,191.86,194.08,191.82,193.86
1250506,1600,194.12,194.26,189.94,193.2
1250507,1600,193.2,193.56,191.9,192.14
1250508,1600,193.26,194.4,192.98,194.0
1250509,1600,194.76,195.42,194.44,195.02
1250512,1600,197.7,198.48,193.84,195.62
1250513,1600,195.56,196.32,195.46,196.24
1250514,1600,196.6,196.66,194.5,195.14
1250515,1600,194.08,196.46,193.62,196.46
1250516,1600,197.3,198.1,196.28,197.12
1250519,1600,196.9,198.44,196.38,198.44
1250520,1600,198.7,199.7,198.22,199.3
1250521,1600,198.74,200.3,197.94,199.96
1250522,1600,199.24,199.34,197.76,199.04
1250523,1600,199.36,200.15,193.1,196.04
1250526,1600,199.2,199.34,198.4,199.14
1250527,1600,199.58,201.4,199.2,200.9
1250528,1600,201.05,201.6,199.24,199.24
1250529,1600,200.85,200.9,198.28,198.5
1250530,1600,198.96,200.4,198.7,199.0
1250602,1600,198.38,198.86,196.78,198.28
1250603,1600,199.18,199.68,197.46,199.68
1250604,1600,201.0,201.8,199.96,201.2
1250605,1600,201.45,202.7,200.8,201.65
1250606,1600,201.4,201.85,200.7,201.55
1250609,1600,201.2,201.4,199.74,200.3
1250610,1600,200.1,200.35,198.7,198.96
1250611,1600,199.16,200.05,198.48,198.62
1250612,1600,197.08,197.94,195.76,196.98
1250613,1600,194.58,195.28,193.6,194.98
1250616,1600,195.68,196.56,194.78,196.38
1250617,1600,194.44,195.18,193.3,194.24
1250618,1600,194.32,194.8,192.76,193.3
1250619,1600,192.18,192.74,191.04,191.04
1250620,1600,192.36,194.7,192.26,193.6
1250623,1600,192.46,193.8,191.46,192.9
1250624,1600,196.64,197.36,195.48,196.02
1250625,1600,196.36,196.36,194.52,194.78
1250626,1600,196.0,196.52,194.92,196.02
1250627,1600,197.5,199.24,197.1,199.24
1250630,1600,199.84,199.88,197.7,198.28
1250701,1600,198.7,198.7,196.22,196.22
1250702,1600,197.4,197.48,195.76,197.16
1250703,1600,197.98,198.38,196.96,198.36
1250704,1600,197.86,197.98,196.42,197.2
1250707,1600,197.8,199.42,197.5,199.42
1250708,1600,199.66,200.9,199.42,200.7
1250709,1600,201.25,203.9,201.0,203.5
1250710,1600,204.05,204.15,202.7,202.7
1250711,1600,201.85,201.95,200.2,201.05
1250714,1600,199.16,200.2,198.72,200.2
1250715,1600,200.8,201.1,199.36,199.38
1250716,1600,198.86,200.65,198.58,198.9
1250717,1600,201.0,202.0,200.35,202.0
1250718,1600,202.7,203.05,201.0,201.3
1250721,1600,201.55,201.65,200.45,201.3
1250722,1600,200.8,200.85,198.2,199.26
1250723,1600,200.85,201.4,199.94,200.8
1250724,1600,203.0,203.1,200.9,201.3
1250725,1600,199.7,201.05,199.44,200.65
1250728,1600,202.6,202.65,198.4,198.58
1250729,1600,199.46,201.4,199.46,200.65
1250730,1600,200.4,201.35,200.05,201.15
1250731,1600,201.65,202.95,199.22,199.42
1250801,1600,197.04,197.26,193.76,194.12
1250804,1600,194.96,197.1,194.96,196.88
1250805,1600,198.16,198.72,197.14,197.52
1250806,1600,198.64,198.84,197.28,198.24
1250807,1600,198.28,202.15,198.14,200.5
1250808,1600,200.15,201.0,199.64,200.25
1250811,1600,200.6,200.65,199.14,199.48
1250812,1600,199.98,200.1,198.42,199.12
1250813,1600,200.2,200.9,200.15,200.3
1250814,1600,200.7,202.25,200.65,202.05
1250815,1600,203.25,203.3,201.6,201.75
1250818,1600,201.35,201.65,200.85,201.45
1250819,1600,201.85,202.5,201.2,202.3
1250820,1600,200.85,201.95,200.65,201.15
1250821,1600,201.1,201.35,200.3,201.3
1250822,1600,200.9,202.55,200.7,201.9
1250825,1600,200.95,201.9,200.65,200.95
1250826,1600,199.84,201.0,199.18,200.25
1250827,1600,200.4,200.5,198.68,199.28
1250828,1600,200.4,200.55,198.64,199.12
1250829,1600,198.84,199.36,197.88,198.12
1250901,1600,198.9,199.24,198.58,199.18
1250902,1600,198.66,198.74,194.54,194.54
1250903,1600,195.66,196.42,194.8,195.38
1250904,1600,195.92,197.16,195.56,196.9
1250905,1600,197.48,197.6,195.16,195.56
1250908,1600,196.9,197.4,195.96,197.22
1250909,1600,197.04,197.7,195.8,196.44
1250910,1600,197.46,197.84,195.54,195.8
1250911,1600,195.88,197.06,195.3,196.4
1250912,1600,196.92,197.16,195.52,196.3
1250915,1600,197.14,197.6,196.06,196.78
1250916,1600,196.4,196.46,193.16,193.3
1250917,1600,194.06,194.5,192.88,193.58
1250918,1600,194.88,196.24,194.88,196.24
1250919,1600,196.46,197.06,195.5,195.82
1250922,1600,195.36,195.38,194.04,194.86
1250923,1600,195.7,196.54,195.34,195.76
1250924,1600,195.5,196.64,194.68,196.08
1250925,1600,195.54,195.62,193.7,194.98
1250926,1600,195.44,196.84,195.32,196.66
1250929,1600,197.18,197.34,196.1,196.68
1250930,1600,196.48,197.9,196.16,197.56
1251001,1600,197.04,200.15,196.88,199.84
1251002,1600,201.4,203.0,200.85,202.3
1251003,1600,203.15,203.15,201.7,201.9
1251006,1600,201.8,202.8,201.0,201.95
1251007,1600,202.0,202.55,201.4,202.05
1251008,1600,202.05,204.05,201.8,203.85
1251009,1600,204.3,205.2,203.85,203.95
1251010,1600,204.4,204.55,200.8,200.8
1251013,1600,201.8,202.55,200.95,202.05
1251014,1600,200.2,200.85,198.74,200.85
1251015,1600,201.05,201.65,200.25,200.25
1251016,1600,200.1,201.15,199.3,201.1
1251017,1600,196.94,198.72,196.2,197.36
1251020,1600,199.16,201.35,199.04,201.05
1251021,1600,201.25,202.0,200.5,201.6
1251022,1600,201.25,201.6,199.94,199.94
1251023,1600,200.45,200.6,199.16,200.45
1251027,1600,201.4,201.45,200.35,201.25
1251028,1600,200.85,201.65,200.3,201.25
1251029,1600,200.95,201.45,199.44,199.84
1251030,1600,200.35,200.5,199.06,199.76
1251031,1600,199.58,199.58,198.14,198.6
1251103,1600,198.88,200.85,198.8,199.8
1251104,1600,196.9,198.52,196.1,198.4
1251105,1600,196.84,199.6,196.58,199.16
1251106,1600,198.78,199.22,196.34,196.34
1251107,1600,197.22,197.4,194.26,195.06
1251110,1600,197.0,197.0,197.0,197.0
1251111,1600,198.66,199.64,198.36,199.48
1251112,1600,200.9,202.45,200.75,202.0
1251113,1600,202.1,202.3,198.96,198.96
1251114,1600,198.62,198.62,195.54,197.68
1251117,1600,198.0,198.2,194.9,195.42
1251118,1600,192.64,193.42,191.2,192.06
1251119,1600,192.04,193.6,191.42,191.88
1251120,1600,193.68,194.64,192.78,192.78
1251121,1600,190.16,192.64,190.0,191.42
1251124,1600,192.5,193.74,191.8,192.46
1251125,1600,192.54,194.56,191.7,194.36
1251126,1600,195.38,196.54,194.2,196.54
1251127,1600,196.58,197.4,196.4,196.86
1251128,1600,196.66,197.76,196.46,197.5
1251201,1600,196.16,196.52,194.08,195.32
1251202,1600,195.64,197.0,195.48,196.36
1251203,1600,197.06,197.42,195.82,196.22
1251204,1600,197.36,198.16,197.08,197.8
1251205,1600,198.4,199.82,198.2,198.96
1251208,1600,198.8,199.7,198.7,199.12
1251209,1600,199.7,200.3,199.5,200.05
1251210,1600,199.6,200.15,198.82,199.84
1251211,1600,199.08,201.75,198.88,201.25
1251212,1600,201.9,202.65,200.2,200.25
1251215,1600,201.2,201.4,200.2,200.55
1251216,1600,199.7,200.4,198.88,199.38
1251217,1600,200.0,200.3,198.28,198.28
1251218,1600,198.22,200.45,198.1,200.4
1251219,1600,200.3,201.2,200.05,201.1
1251222,1600,201.35,201.65,200.4,201.05
1251223,1600,201.35,201.75,200.9,201.55
1251229,1600,201.55,201.95,200.8,201.7
1251230,1600,201.7,203.15,201.5,203.05
1260102,1600,202.85,204.3,202.45,203.2
1260105,1600,204.25,205.9,204.1,205.85
1260106,1600,206.2,206.75,205.65,206.1
1260107,1600,207.15,208.0,206.9,207.95
1260108,1600,208.05,208.85,207.2,208.05
1260109,1600,208.2,209.35,207.95,209.1
1260112,1600,209.15,210.55,209.0,210.4
1260113,1600,210.4,211.25,209.85,210.45
1260114,1600,210.55,210.8,209.3,209.35
1260115,1600,209.45,210.2,208.95,209.9
1260116,1600,209.75,209.9,208.75,209.45
1260119,1600,206.45,207.6,206.25,206.55
1260120,1600,204.7,205.0,202.9,204.55
1260121,1600,203.85,204.1,201.6,203.2
1260122,1600,205.95,206.5,205.15,205.8
1260123,1600,205.55,206.4,205.3,206.2
1260126,1600,206.15,206.8,205.3,206.5
1260127,1600,207.0,207.15,205.7,206.05
1260128,1600,206.15,206.35,204.55,205.45
1260129,1600,204.0,204.95,200.95,201.35
1260130,1600,202.15,203.55,201.95,203.35
1260202,1600,202.1,205.75,202.0,205.2
1260203,1600,206.85,207.8,204.6,205.15
1260204,1600,205.45,206.0,203.8,203.85
1260205,1600,203.6,204.15,201.0,202.7
1260206,1600,202.35,204.75,202.0,204.7
1260209,1600,206.05,207.05,204.55,207.05
1260210,1600,206.55,207.65,206.45,206.85
1260211,1600,206.6,206.95,205.6,205.7
1260212,1600,207.6,208.9,205.4,205.8
1260213,1600,205.65,206.3,204.85,206.2
1260216,1600,206.9,207.05,205.15,205.2
1260217,1600,205.1,207.1,204.75,206.95
1260218,1600,208.1,209.5,207.75,209.2
1260219,1600,208.6,208.65,206.8,207.25
1260220,1600,207.4,209.5,206.95,209.1
1260223,1600,207.7,208.45,206.5,206.85
1260224,1600,206.5,207.65,205.9,206.9
1260225,1600,207.6,208.45,206.9,208.3
1260226,1600,207.85,209.45,207.65,209.1
1260227,1600,209.5,210.2,208.45,209.15
1260302,1600,204.3,206.0,203.35,203.65
1260303,1600,200.1,200.25,195.3,196.94
1260304,1600,197.62,200.55,197.04,200.25
1260305,1600,199.28,201.5,196.52,196.98
1260306,1600,198.12,198.78,193.14,195.2
1260309,1600,190.12,194.2,189.7,193.68
1260310,1600,197.78,199.1,196.64,198.28
1260311,1600,196.08,197.08,194.74,195.66
1260312,1600,194.7,196.06,193.32,195.18
1260313,1600,193.4,196.6,192.76,193.98
1260316,1600,194.04,196.08,193.08,195.04
1260317,1600,194.6,197.04,194.14,196.3
1260318,1600,197.48,198.18,194.02,194.42
1260319,1600,191.72,191.78,188.5,188.88
1260320,1600,191.08,191.8,185.2,185.2
1260323,1600,181.6,193.0,180.9,187.28
1260324,1600,187.94,188.12,184.9,187.12
1260325,1600,190.48,190.96,188.96,190.14
1260326,1600,188.3,188.74,186.6,187.0
1260327,1600,186.78,186.8,183.78,184.46
1260330,1600,183.92,186.6,183.82,186.6
1260331,1600,186.7,188.78,186.06,187.68
1260401,1600,193.0,193.02,190.62,192.78
1260402,1600,189.66,192.22,187.52,191.38
1260407,1600,191.7,193.64,188.98,189.58
1260408,1600,198.42,199.9,197.62,199.24
1260409,1600,198.26,198.26,195.82,197.06
1260410,1600,197.06,199.0,196.64,196.84
1260413,1600,194.9,196.46,194.28,196.28
1260414,1600,198.22,199.24,198.0,198.88
1260415,1600,199.06,199.5,198.5,199.18
1260416,1600,199.22,200.65,199.0,199.72
1260417,1600,199.78,205.15,199.72,204.45
1260420,1600,201.75,202.6,200.85,202.0
1260421,1600,202.7,203.45,200.5,200.55
1260422,1600,201.6,201.65,199.74,200.0
1260423,1600,199.3,200.1,198.4,199.64
1260424,1600,199.9,201.05,198.4,199.48
1260427,1600,200.2,201.5,198.88,199.12
1260428,1600,198.84,199.68,197.5,198.42
1260429,1600,199.14,199.2,197.4,197.92
1260430,1600,196.2,200.75,196.18,200.6
1260504,1600,200.9,201.65,198.1,198.12
1260505,1600,198.26,201.65,198.26,201.65
1260506,1600,203.75,207.7,203.7,205.75
1260507,1600,205.95,206.55,203.5,203.65
1260508,1600,201.6,202.25,200.35,200.85
1260511,1600,200.7,201.05,199.8,200.85
1260512,1600,198.34,199.68,197.48,197.6
1260513,1600,199.4,199.86,198.1,199.2
1260514,1600,200.95,202.0,200.65,201.7
1260515,1600,199.92,200.45,197.24,197.6
1260518,1600,196.54,201.5,196.3,200.55
1260519,1600,201.3,203.75,201.0,201.15
1260520,1600,200.9,205.3,200.45,204.1
1260521,1600,203.85,205.35,202.4,203.0
1260522,1600,204.5,205.75,203.5,205.3
1260525,1600,207.65,209.9,206.9,209.5
1260526,1600,208.7,208.95,207.7,207.8
1260527,1600,208.75,209.45,207.15,207.6
1260528,1600,207.1,207.95,206.25,206.95
1260529,1600,207.15,207.85,206.5,207.15
1260601,1600,207.25,208.6,202.0,206.3
1260602,1600,207.85,209.1,206.7,207.25
1260603,1600,205.7,205.95,204.2,204.55
1260604,1600,205.1,206.2,204.95,205.75
1260605,1600,205.35,206.35,204.25,204.25
1260608,1600,201.6,204.0,201.45,203.0
1260609,1600,203.0,204.65,201.5,201.5
1260610,1600,202.0,202.0,198.3,199.52
1260611,1600,199.62,200.55,198.64,199.84
1260612,1600,202.4,204.0,201.4,203.2
1260615,1600,206.8,206.9,205.25,205.3
1260616,1600,205.75,207.05,205.4,205.45
1260617,1600,204.7,205.75,204.25,205.65
1260618,1600,206.05,206.6,204.8,206.3
1260619,1600,206.65,207.5,205.75,206.0
1260622,1600,206.3,207.5,205.25,207.2
1260623,1600,205.0,206.0,203.9,205.4
1260624,1600,204.3,204.35,202.8,204.05
1260625,1600,204.25,206.9,204.25,206.3
1260626,1600,204.75,205.05,202.4,203.45
1260629,1600,203.75,204.2,202.6,202.95
1260630,1600,204.75,206.15,204.5,206.05
1260701,1600,206.45,206.85,205.2,206.5
1260702,1600,206.35,211.5,206.25,211.0
1260703,1600,212.55,212.95,211.15,212.7
1260706,1600,212.45,213.6,211.85,212.8
1260707,1600,212.6,212.75,210.0,210.0
1260708,1600,208.05,208.05,204.7,205.3
1260709,1600,206.7,207.1,205.0,206.9
1260710,1600,206.8,207.6,206.0,206.6
1260713,1600,206.3,207.4,206.0,206.95
1260714,1600,205.8,207.5,205.05,207.15
1260715,1600,205.65,206.5,204.8,206.15
1260716,1600,206.25,206.3,203.65,205.45
1260717,1600,204.1,204.85,203.35,204.65
1260720,1600,204.3,205.7,204.05,204.75
1260721,1600,205.3,206.25,204.6,206.25
1260722,1600,206.25,208.25,206.0,207.35
1260723,1600,206.05,206.7,203.6,204.05
1260724,1600,204.65,206.9,204.65,206.9
1260727,1600,209.95,210.65,209.1,209.15
1260728,1600,209.85,210.5,208.65,210.0
1260729,1600,210.55,210.75,209.0,209.85
1260730,1600,209.3,211.4,208.55,211.15
1260731,1600,212.0,213.45,210.65,211.35
1260803,1600,213.35,215.1,213.35,214.4
1260804,1600,216.1,216.55,214.95,216.1
1260805,1600,217.5,217.5,215.4,215.4
1260806,1600,215.35,216.3,215.0,215.55
1260807,1600,216.45,217.95,216.35,217.1
1260810,1600,217.25,217.9,216.9,217.0
1260811,1600,217.35,218.45,216.35,217.55
1260812,1600,217.95,219.0,217.0,217.2
1260813,1600,218.05,218.35,216.8,216.85
1260814,1600,218.15,218.7,217.65,217.8
1260817,1600,218.15,218.35,217.1,217.1
1260818,1600,216.4,216.65,215.35,215.45
1260819,1600,215.45,215.7,214.9,215.1
1260820,1600,214.75,214.9,213.65,214.1
1260821,1600,214.25,215.65,214.1,215.5
1260824,1600,215.1,215.7,214.65,215.2
1260825,1600,216.15,217.1,215.7,216.65
1260826,1600,216.5,218.1,216.0,216.7
1260827,1600,217.1,217.5,216.3,217.25
1260828,1600,218.25,219.45,218.25,218.95
1260831,1600,218.1,218.15,216.45,216.45
1260901,1600,215.4,215.95,213.65,214.0
1260902,1600,213.4,213.65,212.1,212.95
1260903,1600,213.35,214.4,212.55,214.4
1260904,1600,214.15,215.5,214.0,214.7
1260907,1600,214.8,214.8,213.7,214.35
1260908,1600,213.9,214.5,212.65,214.3
1260909,1600,213.35,213.45,210.3,210.85
1260910,1600,210.6,211.15,209.1,209.1
1260911,1600,209.95,210.85,209.5,210.8
1260914,1600,210.05,210.5,208.85,209.7
1260915,1600,209.1,210.0,207.5,209.4
1260916,1600,210.3,210.95,209.05,210.55
1260918,1600,211.1,211.35,210.9,210.95
