1080102,1600,34.72,34.72,34.72,34.72
1080103,1600,35.21,35.21,35.21,35.21
1080104,1600,34.56,34.56,34.56,34.56
1080107,1600,34.62,34.62,34.62,34.62
1080108,1600,35.22,35.22,35.22,35.22
1080109,1600,35.28,35.28,35.28,35.28
1080110,1600,34.66,34.66,34.66,34.66
1080111,1600,34.75,34.75,34.75,34.75
1080114,1600,35.18,35.18,35.18,35.18
1080115,1600,34.65,34.65,34.65,34.65
1080116,1600,34.52,34.52,34.52,34.52
1080117,1600,34.75,34.75,34.75,34.75
1080118,1600,34.82,34.82,34.82,34.82
1080121,1600,34.82,34.82,34.82,34.82
1080122,1600,34.33,34.33,34.33,34.33
1080123,1600,34.05,34.05,34.05,34.05
1080124,1600,33.88,33.88,33.88,33.88
1080125,1600,34.6,34.6,34.6,34.6
1080128,1600,34.49,34.49,34.49,34.49
1080129,1600,35.03,35.03,35.03,35.03
1080130,1600,34.91,34.91,34.91,34.91
1080131,1600,34.84,34.84,34.84,34.84
1080201,1600,34.89,34.89,34.89,34.89
1080204,1600,34.78,34.78,34.78,34.78
1080205,1600,35.24,35.24,35.24,35.24
1080206,1600,35.56,35.56,35.56,35.56
1080207,1600,35.91,35.91,35.91,35.91
1080208,1600,36.76,36.76,36.76,36.76
1080211,1600,37.12,37.12,37.12,37.12
1080212,1600,36.62,36.62,36.62,36.62
1080213,1600,36.43,36.43,36.43,36.43
1080214,1600,36.94,36.94,36.94,36.94
1080215,1600,36.87,36.87,36.87,36.87
1080218,1600,36.87,36.87,36.87,36.87
1080219,1600,37.59,37.59,37.59,37.59
1080220,1600,37.8,37.8,37.8,37.8
1080221,1600,37.97,37.97,37.97,37.97
1080222,1600,37.83,37.83,37.83,37.83
1080225,1600,38.28,38.28,38.28,38.28
1080226,1600,38.35,38.35,38.35,38.35
1080227,1600,38.09,38.09,38.09,38.09
1080228,1600,38.5,38.5,38.5,38.5
1080229,1600,38.49,38.49,38.49,38.49
1080303,1600,39.16,39.16,39.16,39.16
1080304,1600,38.24,38.24,38.24,38.24
1080305,1600,38.94,38.94,38.94,38.94
1080306,1600,38.28,38.28,38.28,38.28
1080307,1600,38.15,38.15,38.15,38.15
1080310,1600,37.53,37.53,37.53,37.53
1080311,1600,38.42,38.42,38.42,38.42
1080312,1600,37.93,37.93,37.93,37.93
1080313,1600,38.25,38.25,38.25,38.25
1080314,1600,37.5,37.5,37.5,37.5
1080317,1600,36.21,36.21,36.21,36.21
1080318,1600,35.85,35.85,35.85,35.85
1080319,1600,35.13,35.13,35.13,35.13
1080320,1600,34.51,34.51,34.51,34.51
1080325,1600,35.35,35.35,35.35,35.35
1080326,1600,35.57,35.57,35.57,35.57
1080327,1600,35.63,35.63,35.63,35.63
1080328,1600,35.21,35.21,35.21,35.21
1080331,1600,34.82,34.82,34.82,34.82
1080401,1600,34.61,34.61,34.61,34.61
1080402,1600,34.74,34.74,34.74,34.74
1080403,1600,35.32,35.32,35.32,35.32
1080404,1600,35.15,35.15,35.15,35.15
1080407,1600,35.94,35.94,35.94,35.94
1080408,1600,35.55,35.55,35.55,35.55
1080409,1600,35.96,35.96,35.96,35.96
1080410,1600,36.23,36.23,36.23,36.23
1080411,1600,35.89,35.89,35.89,35.89
1080414,1600,36.02,36.02,36.02,36.02
1080415,1600,36.49,36.49,36.49,36.49
1080416,1600,36.34,36.34,36.34,36.34
1080417,1600,36.53,36.53,36.53,36.53
1080418,1600,36.8,36.8,36.8,36.8
1080421,1600,36.09,36.09,36.09,36.09
1080422,1600,36.52,36.52,36.52,36.52
1080423,1600,36.63,36.63,36.63,36.63
1080424,1600,36.9,36.9,36.9,36.9
1080425,1600,37.06,37.06,37.06,37.06
1080428,1600,37.0,37.0,37.0,37.0
1080429,1600,36.63,36.63,36.63,36.63
1080430,1600,36.2,36.2,36.2,36.2
1080502,1600,36.55,36.55,36.55,36.55
1080505,1600,36.99,36.99,36.99,36.99
1080506,1600,37.39,37.39,37.39,37.39
1080507,1600,37.5,37.5,37.5,37.5
1080508,1600,37.64,37.64,37.64,37.64
1080509,1600,37.69,37.69,37.69,37.69
1080512,1600,37.83,37.83,37.83,37.83
1080513,1600,38.02,38.02,38.02,38.02
1080514,1600,37.8,37.8,37.8,37.8
1080515,1600,37.74,37.74,37.74,37.74
1080516,1600,37.92,37.92,37.92,37.92
1080519,1600,37.63,37.63,37.63,37.63
1080520,1600,37.64,37.64,37.64,37.64
1080521,1600,37.78,37.78,37.78,37.78
1080522,1600,37.72,37.72,37.72,37.72
1080523,1600,37.57,37.57,37.57,37.57
1080526,1600,37.57,37.57,37.57,37.57
1080527,1600,37.69,37.69,37.69,37.69
1080528,1600,37.59,37.59,37.59,37.59
1080529,1600,37.25,37.25,37.25,37.25
1080530,1600,37.22,37.22,37.22,37.22
1080602,1600,37.89,37.89,37.89,37.89
1080603,1600,37.81,37.81,37.81,37.81
1080604,1600,37.4,37.4,37.4,37.4
1080605,1600,37.65,37.65,37.65,37.65
1080606,1600,38.48,38.48,38.48,38.48
1080609,1600,38.54,38.54,38.54,38.54
1080610,1600,38.77,38.77,38.77,38.77
1080611,1600,39.11,39.11,39.11,39.11
1080612,1600,39.41,39.41,39.41,39.41
1080613,1600,39.74,39.74,39.74,39.74
1080616,1600,40.28,40.28,40.28,40.28
1080617,1600,39.98,39.98,39.98,39.98
1080618,1600,40.13,40.13,40.13,40.13
1080619,1600,40.1,40.1,40.1,40.1
1080620,1600,40.05,40.05,40.05,40.05
1080623,1600,40.33,40.33,40.33,40.33
1080624,1600,39.85,39.85,39.85,39.85
1080625,1600,39.34,39.34,39.34,39.34
1080626,1600,40.2,40.2,40.2,40.2
1080627,1600,40.47,40.47,40.47,40.47
1080630,1600,40.04,40.04,40.04,40.04
1080701,1600,40.62,40.62,40.62,40.62
1080702,1600,40.36,40.36,40.36,40.36
1080703,1600,41.01,41.01,41.01,41.01
1080704,1600,41.01,41.01,41.01,41.01
1080707,1600,40.13,40.13,40.13,40.13
1080708,1600,39.05,39.05,39.05,39.05
1080709,1600,38.86,38.86,38.86,38.86
1080710,1600,39.2,39.2,39.2,39.2
1080711,1600,39.22,39.22,39.22,39.22
1080714,1600,39.24,39.24,39.24,39.24
1080715,1600,38.24,38.24,38.24,38.24
1080716,1600,37.83,37.83,37.83,37.83
1080717,1600,37.57,37.57,37.57,37.57
1080718,1600,36.96,36.96,36.96,36.96
1080721,1600,36.43,36.43,36.43,36.43
1080722,1600,35.95,35.95,35.95,35.95
1080723,1600,35.9,35.9,35.9,35.9
1080724,1600,35.25,35.25,35.25,35.25
1080725,1600,35.32,35.32,35.32,35.32
1080728,1600,35.32,35.32,35.32,35.32
1080729,1600,35.24,35.24,35.24,35.24
1080730,1600,35.5,35.5,35.5,35.5
1080731,1600,35.75,35.75,35.75,35.75
1080801,1600,35.81,35.81,35.81,35.81
1080804,1600,34.31,34.31,34.31,34.31
1080805,1600,34.42,34.42,34.42,34.42
1080806,1600,34.11,34.11,34.11,34.11
1080807,1600,34.83,34.83,34.83,34.83
1080808,1600,34.43,34.43,34.43,34.43
1080811,1600,34.29,34.29,34.29,34.29
1080812,1600,34.19,34.19,34.19,34.19
1080813,1600,34.84,34.84,34.84,34.84
1080814,1600,34.8,34.8,34.8,34.8
1080815,1600,34.57,34.57,34.57,34.57
1080818,1600,34.85,34.85,34.85,34.85
1080819,1600,35.19,35.19,35.19,35.19
1080820,1600,35.15,35.15,35.15,35.15
1080821,1600,36.34,36.34,36.34,36.34
1080822,1600,35.86,35.86,35.86,35.86
1080825,1600,35.43,35.43,35.43,35.43
1080826,1600,35.92,35.92,35.92,35.92
1080827,1600,36.01,36.01,36.01,36.01
1080828,1600,35.04,35.04,35.04,35.04
1080829,1600,35.53,35.53,35.53,35.53
1080901,1600,35.08,35.08,35.08,35.08
1080902,1600,34.2,34.2,34.2,34.2
1080903,1600,34.14,34.14,34.14,34.14
1080904,1600,34.32,34.32,34.32,34.32
1080905,1600,33.98,33.98,33.98,33.98
1080908,1600,34.36,34.36,34.36,34.36
1080909,1600,33.65,33.65,33.65,33.65
1080910,1600,33.68,33.68,33.68,33.68
1080911,1600,33.88,33.88,33.88,33.88
1080912,1600,33.83,33.83,33.83,33.83
1080915,1600,33.12,33.12,33.12,33.12
1080916,1600,32.37,32.37,32.37,32.37
1080917,1600,32.53,32.53,32.53,32.53
1080918,1600,32.37,32.37,32.37,32.37
1080919,1600,32.72,32.72,32.72,32.72
1080922,1600,33.43,33.43,33.43,33.43
1080923,1600,33.14,33.14,33.14,33.14
1080924,1600,33.27,33.27,33.27,33.27
1080925,1600,33.13,33.13,33.13,33.13
1080926,1600,32.79,32.79,32.79,32.79
1080929,1600,32.03,32.03,32.03,32.03
1080930,1600,32.36,32.36,32.36,32.36
1081001,1600,32.39,32.39,32.39,32.39
1081002,1600,31.69,31.69,31.69,31.69
1081003,1600,31.63,31.63,31.63,31.63
1081006,1600,30.62,30.62,30.62,30.62
1081007,1600,30.54,30.54,30.54,30.54
1081008,1600,29.74,29.74,29.74,29.74
1081009,1600,30.2,30.2,30.2,30.2
1081010,1600,29.07,29.07,29.07,29.07
1081013,1600,29.3,29.3,29.3,29.3
1081014,1600,29.23,29.23,29.23,29.23
1081015,1600,28.17,28.17,28.17,28.17
1081016,1600,27.18,27.18,27.18,27.18
1081017,1600,27.87,27.87,27.87,27.87
1081020,1600,28.24,28.24,28.24,28.24
1081021,1600,28.23,28.23,28.23,28.23
1081022,1600,28.03,28.03,28.03,28.03
1081023,1600,27.83,27.83,27.83,27.83
1081024,1600,27.35,27.35,27.35,27.35
1081027,1600,27.66,27.66,27.66,27.66
1081028,1600,28.03,28.03,28.03,28.03
1081029,1600,28.56,28.56,28.56,28.56
1081030,1600,27.76,27.76,27.76,27.76
1081031,1600,27.85,27.85,27.85,27.85
1081103,1600,28.19,28.19,28.19,28.19
1081104,1600,28.85,28.85,28.85,28.85
1081105,1600,27.87,27.87,27.87,27.87
1081106,1600,27.37,27.37,27.37,27.37
1081107,1600,27.27,27.27,27.27,27.27
1081110,1600,27.63,27.63,27.63,27.63
1081111,1600,27.19,27.19,27.19,27.19
1081112,1600,26.76,26.76,26.76,26.76
1081113,1600,26.72,26.72,26.72,26.72
1081114,1600,26.37,26.37,26.37,26.37
1081117,1600,26.36,26.36,26.36,26.36
1081118,1600,26.59,26.59,26.59,26.59
1081119,1600,26.36,26.36,26.36,26.36
1081120,1600,25.69,25.69,25.69,25.69
1081121,1600,25.68,25.68,25.68,25.68
1081124,1600,26.18,26.18,26.18,26.18
1081125,1600,25.34,25.34,25.34,25.34
1081126,1600,25.89,25.89,25.89,25.89
1081127,1600,25.89,25.89,25.89,25.89
1081128,1600,25.89,25.89,25.89,25.89
1081201,1600,25.4,25.4,25.4,25.4
1081202,1600,25.02,25.02,25.02,25.02
1081203,1600,24.9,24.9,24.9,24.9
1081204,1600,23.8,23.8,23.8,23.8
1081205,1600,22.89,22.89,22.89,22.89
1081208,1600,23.07,23.07,23.07,23.07
1081209,1600,22.93,22.93,22.93,22.93
1081210,1600,23.12,23.12,23.12,23.12
1081211,1600,23.25,23.25,23.25,23.25
1081212,1600,22.72,22.72,22.72,22.72
1081215,1600,22.73,22.73,22.73,22.73
1081216,1600,22.36,22.36,22.36,22.36
1081217,1600,21.52,21.52,21.52,21.52
1081218,1600,21.46,21.46,21.46,21.46
1081219,1600,21.89,21.89,21.89,21.89
1081222,1600,21.61,21.61,21.61,21.61
1081223,1600,21.42,21.42,21.42,21.42
1081229,1600,21.7,21.7,21.7,21.7
1081230,1600,21.73,21.73,21.73,21.73
1090102,1600,22.65,23.5,22.65,23.5
1090105,1600,23.57,23.99,23.57,23.9
1090106,1600,24.56,25.07,24.56,24.86
1090107,1600,24.87,24.87,23.86,23.86
1090108,1600,23.66,23.95,23.33,23.33
1090109,1600,23.64,23.8,23.4,23.72
1090112,1600,23.0,24.04,23.0,23.6
1090113,1600,23.08,23.65,23.0,23.65
1090114,1600,23.7,23.7,22.79,22.79
1090115,1600,23.05,23.21,22.95,23.21
1090116,1600,23.08,23.4,23.08,23.4
1090119,1600,23.19,23.36,22.82,23.25
1090120,1600,23.24,23.74,23.09,23.42
1090121,1600,23.35,23.37,23.24,23.25
1090122,1600,23.31,23.46,23.31,23.36
1090123,1600,23.34,23.34,23.34,23.34
1090126,1600,23.88,23.97,23.85,23.85
1090127,1600,23.66,23.66,22.96,22.96
1090128,1600,22.69,22.69,22.6,22.6
1090129,1600,22.89,23.03,22.6,22.6
1090130,1600,23.53,23.7,23.42,23.42
1090202,1600,23.47,23.47,23.35,23.35
1090203,1600,23.88,23.88,22.95,22.95
1090204,1600,23.61,23.61,23.61,23.61
1090205,1600,23.24,23.46,23.24,23.39
1090206,1600,23.92,23.92,23.36,23.36
1090209,1600,23.65,24.3,23.48,23.48
1090210,1600,23.8,23.91,23.35,23.35
1090211,1600,23.1,23.15,23.04,23.04
1090212,1600,23.2,23.29,23.2,23.29
1090213,1600,23.0,23.0,22.9,22.9
1090216,1600,22.9,23.17,22.85,22.9
1090217,1600,23.18,23.18,22.5,22.5
1090218,1600,22.38,22.39,22.25,22.27
1090219,1600,22.12,22.25,22.05,22.05
1090220,1600,22.21,22.57,21.97,22.13
1090223,1600,21.91,22.53,21.91,22.01
1090224,1600,21.63,21.98,21.63,21.98
1090225,1600,22.09,22.09,22.06,22.06
1090226,1600,22.48,22.48,22.28,22.28
1090227,1600,22.71,22.71,22.5,22.5
1090302,1600,22.75,22.75,22.07,22.07
1090303,1600,22.05,22.29,21.97,22.19
1090304,1600,22.63,22.93,22.63,22.73
1090305,1600,23.01,23.01,23.01,23.01
1090306,1600,22.58,22.69,22.48,22.48
1090309,1600,22.74,22.82,22.74,22.82
1090310,1600,22.46,23.13,22.46,22.53
1090311,1600,22.4,22.4,22.25,22.25
1090312,1600,21.95,22.23,21.5,22.23
1090313,1600,22.9,22.9,22.27,22.5
1090316,1600,22.17,22.23,21.9,22.23
1090317,1600,22.4,22.6,22.38,22.4
1090318,1600,22.6,22.6,21.95,22.05
1090319,1600,21.91,22.23,21.91,22.13
1090320,1600,22.54,22.7,22.43,22.52
1090323,1600,22.71,23.42,22.6,22.9
1090324,1600,22.9,22.9,22.6,22.6
1090325,1600,22.66,23.2,22.4,23.2
1090326,1600,22.63,22.84,22.6,22.6
1090327,1600,22.55,22.75,22.54,22.6
1090330,1600,22.43,22.46,22.23,22.37
1090331,1600,22.12,22.23,21.97,21.97
1090401,1600,21.97,21.97,21.97,21.97
1090402,1600,22.39,22.6,22.39,22.6
1090403,1600,22.55,22.8,22.49,22.62
1090406,1600,22.94,23.0,22.51,22.6
1090407,1600,22.91,22.91,22.76,22.76
1090408,1600,22.51,22.91,22.4,22.82
1090409,1600,22.93,23.27,22.93,23.17
1090414,1600,23.12,23.21,23.01,23.16
1090415,1600,23.24,23.35,22.75,23.29
1090416,1600,23.45,23.45,23.18,23.18
1090417,1600,23.5,23.71,23.32,23.59
1090420,1600,23.55,23.55,23.0,23.0
1090421,1600,22.94,22.97,22.48,22.76
1090422,1600,23.0,23.0,22.74,22.88
1090423,1600,22.74,22.95,22.72,22.75
1090424,1600,22.47,22.6,22.1,22.6
1090427,1600,22.4,22.44,22.19,22.4
1090428,1600,22.38,22.39,22.3,22.3
1090429,1600,22.27,22.46,22.22,22.24
1090430,1600,22.39,22.6,22.39,22.53
1090504,1600,23.4,23.61,23.39,23.39
1090505,1600,23.44,23.51,23.3,23.35
1090506,1600,23.54,23.99,23.5,23.94
1090507,1600,24.3,24.5,24.1,24.1
1090508,1600,24.35,24.64,24.05,24.08
1090511,1600,23.86,23.94,23.65,23.85
1090512,1600,23.95,24.38,23.91,24.28
1090513,1600,24.12,24.53,23.95,23.99
1090514,1600,23.66,23.75,23.5,23.74
1090515,1600,24.01,24.01,23.82,23.91
1090518,1600,23.67,23.9,23.59,23.9
1090519,1600,24.11,24.16,23.8,23.8
1090520,1600,23.91,23.96,23.85,23.86
1090521,1600,23.74,23.75,23.31,23.31
1090522,1600,23.36,23.43,23.16,23.16
1090525,1600,23.37,23.48,23.3,23.48
1090526,1600,23.13,23.31,23.13,23.31
1090527,1600,23.64,23.71,23.31,23.62
1090528,1600,23.54,23.93,23.54,23.93
1090529,1600,23.89,24.07,23.85,23.9
1090601,1600,23.93,24.68,23.93,24.35
1090602,1600,24.51,24.57,24.22,24.35
1090603,1600,24.2,24.47,24.08,24.1
1090604,1600,24.22,24.22,23.75,24.07
1090605,1600,24.49,24.55,24.35,24.35
1090608,1600,24.87,24.87,24.48,24.51
1090609,1600,24.69,24.72,24.57,24.69
1090610,1600,24.85,24.95,24.81,24.87
1090611,1600,24.85,25.13,24.85,25.06
1090612,1600,25.29,25.29,24.9,25.05
1090615,1600,24.78,24.9,24.29,24.67
1090616,1600,24.72,24.98,24.64,24.64
1090617,1600,24.6,24.6,24.22,24.51
1090618,1600,24.5,24.63,24.4,24.53
1090619,1600,24.58,24.74,24.58,24.73
1090622,1600,25.5,25.5,23.48,23.59
1090623,1600,23.63,23.64,23.46,23.46
1090624,1600,23.46,23.9,23.46,23.9
1090625,1600,23.91,24.17,23.87,24.17
1090626,1600,24.21,24.21,23.83,23.83
1090629,1600,23.93,24.08,23.9,24.0
1090630,1600,24.15,24.18,23.45,23.45
1090701,1600,23.67,23.92,23.67,23.73
1090702,1600,23.67,23.68,23.39,23.43
1090703,1600,23.69,23.69,23.38,23.62
1090706,1600,23.0,23.0,22.69,22.92
1090707,1600,22.94,22.94,22.83,22.92
1090708,1600,22.53,22.54,22.33,22.33
1090709,1600,22.19,22.52,21.91,22.01
1090710,1600,22.21,22.21,22.11,22.11
1090713,1600,22.0,22.09,21.86,21.9
1090714,1600,22.24,22.37,22.24,22.37
1090715,1600,22.45,22.85,22.45,22.54
1090716,1600,22.54,22.61,22.39,22.61
1090717,1600,22.67,23.0,22.67,23.0
1090720,1600,23.48,23.75,23.02,23.1
1090721,1600,23.03,23.33,23.01,23.01
1090722,1600,23.0,23.3,22.81,22.96
1090723,1600,23.15,23.3,23.1,23.22
1090724,1600,23.41,23.55,23.37,23.37
1090727,1600,23.45,23.6,23.45,23.45
1090728,1600,23.54,23.85,23.22,23.22
1090729,1600,23.16,23.2,22.83,22.92
1090730,1600,23.09,24.01,23.07,23.66
1090731,1600,23.9,23.9,23.6,23.82
1090803,1600,24.58,24.68,24.27,24.56
1090804,1600,24.53,24.53,24.23,24.23
1090805,1600,24.72,24.98,24.68,24.85
1090806,1600,24.76,24.86,24.38,24.38
1090807,1600,24.38,24.91,24.31,24.91
1090810,1600,24.8,25.07,24.77,25.0
1090811,1600,24.83,24.93,24.59,24.59
1090812,1600,24.48,24.66,24.48,24.62
1090813,1600,24.92,25.19,24.89,24.89
1090814,1600,24.83,24.86,24.44,24.44
1090817,1600,24.01,24.02,23.72,23.72
1090818,1600,24.16,24.21,23.81,23.92
1090819,1600,23.93,23.96,23.8,23.88
1090820,1600,24.26,24.28,24.04,24.21
1090821,1600,23.72,24.18,23.72,24.18
1090824,1600,24.31,24.32,24.15,24.16
1090825,1600,24.24,24.29,24.15,24.16
1090826,1600,24.06,24.13,23.82,23.82
1090827,1600,23.94,23.97,23.68,23.68
1090828,1600,23.99,24.17,23.99,24.08
1090831,1600,24.39,24.39,23.41,23.76
1090901,1600,23.74,23.82,23.48,23.48
1090902,1600,23.31,23.48,23.26,23.48
1090903,1600,23.51,23.58,23.34,23.5
1090904,1600,23.44,23.48,23.09,23.09
1090907,1600,23.4,23.46,22.77,22.77
1090908,1600,23.55,23.66,23.03,23.49
1090909,1600,23.36,23.45,23.17,23.29
1090910,1600,23.59,23.59,22.9,23.17
1090911,1600,23.28,23.52,23.21,23.5
1090914,1600,22.74,22.92,22.62,22.88
1090915,1600,22.93,23.17,22.93,23.17
1090916,1600,23.37,23.58,23.33,23.58
1090917,1600,23.77,23.83,23.62,23.78
1090918,1600,23.56,23.6,23.42,23.42
1090921,1600,23.39,23.39,23.0,23.0
1090922,1600,23.06,23.31,23.01,23.16
1090923,1600,23.04,23.16,22.85,22.9
1090924,1600,22.96,22.98,22.82,22.85
1090925,1600,22.71,22.78,22.56,22.7
1090928,1600,22.62,22.8,22.52,22.8
1090929,1600,22.79,23.0,22.79,23.0
1090930,1600,23.05,23.17,23.01,23.17
1091001,1600,23.5,23.6,23.21,23.22
1091002,1600,23.0,23.08,22.8,22.91
1091005,1600,23.24,23.24,22.8,22.87
1091006,1600,23.16,23.5,23.11,23.5
1091007,1600,23.33,23.67,23.33,23.67
1091008,1600,23.38,23.64,23.26,23.64
1091009,1600,23.61,23.83,23.59,23.83
1091012,1600,24.0,24.04,23.81,23.9
1091013,1600,24.08,24.21,23.71,23.78
1091014,1600,24.01,24.01,23.81,23.81
1091015,1600,23.91,24.16,23.76,23.9
1091016,1600,23.77,24.23,23.77,24.23
1091019,1600,24.46,24.49,24.26,24.47
1091020,1600,24.51,24.69,24.4,24.5
1091021,1600,24.45,24.7,24.34,24.7
1091022,1600,24.7,24.87,24.7,24.76
1091023,1600,24.52,24.94,24.23,24.65
1091026,1600,24.78,24.88,24.44,24.44
1091027,1600,24.36,24.61,24.36,24.56
1091028,1600,24.36,24.49,24.06,24.06
1091029,1600,24.0,24.5,24.0,24.5
1091030,1600,24.45,24.46,24.18,24.18
1091102,1600,24.22,24.28,24.03,24.23
1091103,1600,24.0,24.54,24.0,24.54
1091104,1600,24.75,24.84,24.54,24.54
1091105,1600,24.47,24.47,24.32,24.38
1091106,1600,24.38,24.38,23.75,23.81
1091109,1600,24.0,24.0,23.81,23.94
1091110,1600,23.8,23.99,23.76,23.83
1091111,1600,23.95,24.18,23.9,24.02
1091112,1600,24.08,24.97,23.6,23.84
1091113,1600,23.6,23.9,23.6,23.81
1091116,1600,23.8,24.4,23.8,24.4
1091117,1600,24.51,24.66,24.38,24.66
1091118,1600,24.87,24.87,24.6,24.6
1091119,1600,24.46,24.57,24.2,24.31
1091120,1600,24.47,24.76,24.3,24.71
1091123,1600,24.68,24.94,24.46,24.63
1091124,1600,24.43,24.43,24.08,24.08
1091125,1600,24.3,24.4,23.83,24.4
1091126,1600,24.03,24.84,24.03,24.33
1091127,1600,24.2,24.27,23.81,24.14
1091130,1600,24.95,24.95,24.12,24.265
1091201,1600,24.48,24.66,24.47,24.66
1091202,1600,24.64,25.4,24.44,24.465
1091203,1600,24.51,24.51,24.31,24.335
1091204,1600,24.2,24.68,24.16,24.425
1091207,1600,24.49,24.49,24.33,24.38
1091208,1600,24.62,24.62,24.29,24.425
1091209,1600,24.27,24.56,24.14,24.395
1091210,1600,24.11,24.29,24.04,24.205
1091211,1600,24.25,24.4,24.25,24.38
1091214,1600,24.57,24.75,24.51,24.685
1091215,1600,24.84,24.99,24.75,24.9
1091216,1600,24.97,25.5,24.97,25.24
1091217,1600,25.33,25.43,25.33,25.39
1091218,1600,25.43,25.62,25.33,25.33
1091221,1600,25.42,25.6,25.38,25.49
1091222,1600,25.22,25.44,25.09,25.23
1091223,1600,25.41,25.66,25.41,25.65
1091228,1600,26.29,26.29,25.91,26.11
1091229,1600,26.75,26.75,26.01,26.19
1091230,1600,26.17,26.23,26.08,26.17
1100104,1600,27.5,27.5,26.42,26.42
1100105,1600,26.66,26.69,26.36,26.54
1100106,1600,26.88,27.0,26.72,27.0
1100107,1600,27.7,27.7,26.91,26.95
1100108,1600,26.68,27.15,26.28,26.55
1100111,1600,27.2,27.2,26.26,26.26
1100112,1600,26.35,26.35,25.83,25.93
1100113,1600,25.97,25.97,25.21,25.78
1100114,1600,25.95,26.16,25.86,25.86
1100115,1600,26.16,26.16,25.82,25.82
1100118,1600,25.56,26.3,25.56,25.8
1100119,1600,26.07,26.17,25.73,25.94
1100120,1600,26.16,26.39,25.77,25.84
1100121,1600,26.0,26.15,25.89,25.9
1100122,1600,26.5,26.5,25.3,25.74
1100125,1600,25.51,25.92,25.51,25.65
1100126,1600,25.6,25.6,25.4,25.53
1100127,1600,25.54,25.54,25.2,25.23
1100128,1600,25.0,25.37,24.97,24.99
1100129,1600,24.88,25.37,24.88,25.1
1100201,1600,25.11,25.23,24.86,25.17
1100202,1600,25.01,25.45,25.01,25.45
1100203,1600,25.73,25.75,25.45,25.48
1100204,1600,25.47,25.47,24.93,24.93
1100205,1600,25.38,25.38,24.5,25.12
1100208,1600,24.5,25.49,24.5,25.18
1100209,1600,25.16,25.34,25.05,25.11
1100210,1600,25.14,25.35,25.13,25.19
1100211,1600,25.48,25.77,25.48,25.73
1100212,1600,25.91,26.3,25.62,25.72
1100215,1600,26.11,26.11,25.73,25.89
1100216,1600,25.95,26.67,25.95,26.26
1100217,1600,26.39,26.75,26.21,26.3
1100218,1600,26.44,26.57,26.2,26.51
1100219,1600,26.52,26.65,26.1,26.63
1100222,1600,26.69,26.69,26.35,26.35
1100223,1600,26.44,26.51,26.2,26.32
1100224,1600,26.25,26.33,26.04,26.33
1100225,1600,26.3,26.48,26.0,26.04
1100226,1600,26.16,26.2,26.05,26.2
1100301,1600,26.56,26.75,26.43,26.54
1100302,1600,26.42,26.61,26.3,26.61
1100303,1600,26.58,26.86,26.44,26.63
1100304,1600,26.42,26.79,26.41,26.43
1100305,1600,26.4,26.82,26.38,26.65
1100308,1600,27.0,27.0,26.2,26.36
1100309,1600,26.39,26.51,26.35,26.45
1100310,1600,26.56,26.56,26.32,26.32
1100311,1600,26.23,26.23,25.98,25.98
1100312,1600,26.02,26.05,25.88,25.91
1100315,1600,25.89,25.89,25.71,25.75
1100316,1600,25.84,25.95,25.79,25.89
1100317,1600,26.07,26.1,25.95,26.01
1100318,1600,26.2,26.28,26.02,26.2
1100319,1600,26.33,26.34,26.07,26.12
1100322,1600,26.26,26.26,25.9,26.12
1100323,1600,26.26,26.29,26.09,26.14
1100324,1600,26.24,26.25,25.9,26.24
1100325,1600,26.26,26.37,26.12,26.16
1100326,1600,26.03,26.7,25.95,25.95
1100329,1600,26.09,26.49,26.0,26.24
1100330,1600,26.43,26.75,26.21,26.43
1100331,1600,26.55,26.55,26.08,26.15
1100401,1600,26.11,26.6,25.91,26.41
1100406,1600,26.92,27.22,26.92,27.2
1100407,1600,26.66,27.09,26.66,26.97
1100408,1600,27.22,27.3,26.82,26.82
1100409,1600,27.05,27.11,26.73,26.73
1100412,1600,26.66,26.81,26.55,26.7
1100413,1600,26.52,26.56,26.3,26.55
1100414,1600,26.7,26.8,26.49,26.78
1100415,1600,26.9,27.04,26.83,26.96
1100416,1600,27.1,27.1,26.7,26.82
1100419,1600,26.38,26.88,26.38,26.51
1100420,1600,26.72,26.81,26.54,26.8
1100421,1600,26.78,26.95,26.78,26.95
1100422,1600,26.83,27.14,26.83,27.14
1100423,1600,27.26,27.28,27.08,27.21
1100426,1600,27.37,27.53,27.23,27.23
1100427,1600,27.2,27.24,27.09,27.09
1100428,1600,27.0,27.6,26.88,27.3
1100429,1600,27.12,27.21,27.06,27.06
1100430,1600,27.06,27.11,26.85,27.05
1100503,1600,27.36,27.41,27.18,27.41
1100504,1600,27.5,27.5,27.19,27.2
1100505,1600,27.38,27.38,26.8,27.01
1100506,1600,26.99,27.34,26.99,27.24
1100507,1600,26.92,27.13,26.9,27.05
1100510,1600,26.7,27.34,26.7,27.15
1100511,1600,27.15,27.56,27.14,27.5
1100512,1600,27.61,28.01,27.48,27.73
1100513,1600,27.9,28.06,27.89,28.06
1100514,1600,27.92,27.92,27.7,27.7
1100517,1600,27.34,27.63,27.16,27.16
1100518,1600,27.25,27.44,27.13,27.42
1100519,1600,27.48,27.48,26.88,26.88
1100520,1600,26.92,26.92,26.34,26.59
1100521,1600,26.09,26.48,26.04,26.48
1100524,1600,26.59,26.87,26.59,26.76
1100525,1600,26.75,26.75,26.41,26.56
1100526,1600,27.0,27.5,26.85,27.11
1100527,1600,27.2,27.56,27.14,27.41
1100528,1600,27.44,27.62,27.13,27.39
1100531,1600,27.5,27.5,26.99,27.13
1100601,1600,27.6,27.6,27.14,27.14
1100602,1600,26.98,27.21,26.9,27.19
1100603,1600,27.27,27.27,27.08,27.19
1100604,1600,27.45,27.45,27.3,27.3
1100607,1600,27.23,27.3,27.06,27.23
1100608,1600,27.45,27.59,27.31,27.32
1100609,1600,27.47,27.6,27.0,27.51
1100610,1600,27.4,27.59,27.4,27.47
1100611,1600,27.52,28.0,27.48,28.0
1100614,1600,27.73,27.74,27.57,27.65
1100615,1600,27.8,27.82,27.69,27.78
1100616,1600,28.1,28.1,27.8,27.88
1100617,1600,27.92,27.92,27.77,27.77
1100618,1600,27.92,27.94,27.62,27.87
1100621,1600,28.0,28.24,28.0,28.03
1100622,1600,28.02,28.02,27.68,27.87
1100623,1600,27.81,27.85,27.73,27.83
1100624,1600,27.53,27.66,27.37,27.51
1100625,1600,27.45,27.74,27.45,27.74
1100628,1600,27.84,27.98,27.66,27.71
1100629,1600,27.69,27.69,27.25,27.28
1100630,1600,27.19,27.65,27.0,27.25
1100701,1600,27.25,27.25,26.47,26.53
1100702,1600,26.77,26.83,26.26,26.26
1100705,1600,26.28,26.53,26.28,26.35
1100706,1600,26.65,26.72,26.48,26.55
1100707,1600,26.39,26.5,26.3,26.5
1100708,1600,26.72,26.74,26.51,26.51
1100709,1600,26.53,26.98,26.53,26.83
1100712,1600,26.73,26.92,26.71,26.71
1100713,1600,26.62,26.91,26.62,26.72
1100714,1600,26.69,26.71,26.64,26.67
1100715,1600,26.6,26.64,26.35,26.53
1100716,1600,26.56,26.67,26.24,26.31
1100719,1600,26.31,26.32,26.14,26.14
1100720,1600,26.22,26.36,26.22,26.36
1100721,1600,26.54,26.87,26.54,26.72
1100722,1600,26.73,26.91,26.73,26.91
1100723,1600,26.87,27.13,26.87,27.05
1100726,1600,26.9,27.01,26.68,26.68
1100727,1600,26.55,26.83,26.48,26.48
1100728,1600,26.49,26.75,26.38,26.71
1100729,1600,26.58,26.9,26.58,26.79
1100730,1600,27.0,27.2,26.93,27.2
1100802,1600,27.5,28.04,27.5,27.59
1100803,1600,27.3,27.34,27.2,27.31
1100804,1600,27.31,27.81,27.31,27.75
1100805,1600,27.77,28.02,27.76,27.83
1100806,1600,27.76,27.76,27.3,27.3
1100809,1600,27.34,27.46,27.3,27.3
1100810,1600,27.2,27.31,27.01,27.31
1100811,1600,27.13,27.43,27.13,27.29
1100812,1600,27.35,27.67,27.34,27.67
1100813,1600,27.66,27.78,27.55,27.74
1100816,1600,27.61,27.8,27.57,27.57
1100817,1600,27.54,27.7,27.5,27.57
1100818,1600,27.5,27.51,27.27,27.44
1100819,1600,27.77,27.83,27.48,27.48
1100820,1600,27.35,27.77,27.35,27.57
1100823,1600,27.37,27.78,27.37,27.57
1100824,1600,27.5,27.5,27.08,27.24
1100825,1600,27.11,27.29,27.07,27.07
1100826,1600,27.2,27.65,27.2,27.35
1100827,1600,27.44,27.47,27.32,27.44
1100830,1600,27.77,27.97,27.66,27.81
1100831,1600,27.56,27.73,27.56,27.6
1100901,1600,27.61,27.61,27.41,27.58
1100902,1600,27.69,27.69,27.59,27.63
1100903,1600,27.8,27.89,27.67,27.76
1100906,1600,28.03,28.38,27.48,28.38
1100907,1600,28.05,28.2,27.93,28.2
1100908,1600,28.4,28.44,28.38,28.39
1100909,1600,28.24,28.32,28.23,28.32
1100910,1600,28.49,28.49,28.31,28.46
1100913,1600,28.46,28.46,28.39,28.41
1100914,1600,28.45,28.45,28.26,28.26
1100915,1600,28.4,28.4,28.14,28.19
1100916,1600,28.26,28.27,27.91,27.94
1100917,1600,28.17,28.3,28.17,28.27
1100920,1600,28.47,28.47,28.27,28.3
1100921,1600,28.05,28.09,27.99,28.06
1100922,1600,27.71,27.71,27.56,27.63
1100923,1600,27.52,27.69,27.52,27.69
1100924,1600,27.72,27.75,27.57,27.57
1100927,1600,27.87,27.92,27.56,27.56
1100928,1600,27.54,27.61,27.5,27.53
1100929,1600,27.45,27.45,27.1,27.18
1100930,1600,27.4,27.52,27.07,27.1
1101001,1600,27.45,27.54,27.08,27.11
1101004,1600,26.99,26.99,26.81,26.96
1101005,1600,26.84,27.06,26.8,27.03
1101006,1600,27.31,27.31,27.1,27.14
1101007,1600,27.1,27.15,26.82,26.84
1101008,1600,26.77,28.0,26.77,28.0
1101011,1600,27.12,28.04,27.12,27.95
1101012,1600,27.86,28.01,27.79,28.0
1101013,1600,28.09,28.31,28.0,28.09
1101014,1600,27.9,27.96,27.73,27.92
1101015,1600,27.89,27.89,27.42,27.82
1101018,1600,27.88,27.88,27.65,27.84
1101019,1600,28.25,28.25,27.7,27.81
1101020,1600,27.85,27.86,27.65,27.73
1101021,1600,27.82,27.84,27.69,27.71
1101022,1600,27.79,27.79,27.6,27.66
1101025,1600,27.88,27.92,27.8,27.81
1101026,1600,27.95,28.2,27.78,28.13
1101027,1600,28.12,28.75,27.93,28.04
1101028,1600,28.23,28.41,27.98,28.3
1101029,1600,28.07,28.16,28.01,28.11
1101101,1600,28.28,28.52,28.28,28.33
1101102,1600,28.33,28.33,28.08,28.1
1101103,1600,28.29,28.3,27.98,28.07
1101104,1600,28.06,28.42,28.04,28.37
1101105,1600,28.7,29.0,28.58,28.89
1101108,1600,29.3,29.59,29.14,29.33
1101109,1600,29.6,30.5,29.6,29.9
1101110,1600,30.06,30.06,29.71,29.93
1101111,1600,30.0,30.24,30.0,30.0
1101112,1600,29.24,29.64,29.06,29.06
1101115,1600,28.9,29.05,28.78,29.02
1101116,1600,29.1,29.1,28.27,28.27
1101117,1600,27.9,28.39,27.71,28.26
1101118,1600,28.3,28.57,28.3,28.43
1101119,1600,28.65,28.65,28.2,28.41
1101122,1600,28.37,28.45,28.16,28.23
1101123,1600,28.27,28.63,28.22,28.59
1101124,1600,29.04,29.19,28.94,29.15
1101125,1600,29.75,29.75,29.22,29.36
1101126,1600,29.5,29.5,29.4,29.48
1101129,1600,29.55,29.84,29.55,29.71
1101130,1600,29.93,30.18,29.85,29.97
1101201,1600,30.12,30.5,30.08,30.47
1101202,1600,30.76,30.81,30.49,30.51
1101203,1600,30.76,30.76,30.26,30.39
1101206,1600,30.86,30.99,30.74,30.9
1101207,1600,30.79,31.16,30.79,30.83
1101208,1600,30.59,30.88,30.54,30.79
1101209,1600,31.07,31.13,31.0,31.04
1101210,1600,30.97,31.89,30.76,30.76
1101213,1600,31.3,31.33,30.85,30.88
1101214,1600,30.96,31.09,30.85,30.85
1101215,1600,30.79,31.0,30.67,31.0
1101216,1600,31.14,31.18,30.8,30.91
1101217,1600,30.61,31.21,30.61,31.17
1101220,1600,31.54,31.68,31.37,31.67
1101221,1600,32.3,32.3,31.69,32.13
1101222,1600,32.04,32.17,31.8,32.02
1101223,1600,32.05,32.19,32.02,32.18
1101227,1600,32.3,32.3,31.85,32.01
1101228,1600,32.7,32.7,31.8,32.46
1101229,1600,32.27,32.8,32.15,32.43
1101230,1600,32.32,32.47,31.78,32.17
1110103,1600,32.5,33.07,32.5,32.61
1110104,1600,32.52,32.52,31.8,31.95
1110105,1600,32.2,32.3,31.64,32.3
1110106,1600,32.6,32.68,32.55,32.68
1110107,1600,32.54,32.61,32.23,32.5
1110110,1600,32.68,32.68,32.44,32.55
1110111,1600,32.83,32.94,32.68,32.82
1110112,1600,32.85,33.39,32.84,33.26
1110113,1600,32.96,32.96,32.23,32.25
1110114,1600,32.14,32.32,31.85,31.95
1110117,1600,32.46,32.46,32.12,32.27
1110118,1600,32.1,32.48,31.83,32.19
1110119,1600,32.27,32.27,31.87,31.99
1110120,1600,31.78,31.82,31.34,31.53
1110121,1600,31.76,31.76,31.57,31.69
1110124,1600,31.66,31.87,31.31,31.31
1110125,1600,31.14,31.14,30.82,30.82
1110126,1600,30.7,30.9,30.7,30.9
1110127,1600,31.03,31.15,30.86,30.86
1110128,1600,30.87,31.45,30.8,31.33
1110131,1600,31.59,31.59,31.41,31.46
1110201,1600,31.74,31.74,31.51,31.62
1110202,1600,31.5,31.83,31.5,31.82
1110203,1600,31.83,32.27,31.83,32.03
1110204,1600,32.15,32.3,31.96,32.01
1110207,1600,32.13,32.26,32.05,32.12
1110208,1600,31.6,31.79,31.35,31.66
1110209,1600,31.57,31.98,31.55,31.57
1110210,1600,31.62,31.97,31.62,31.92
1110211,1600,31.83,32.01,31.81,31.85
1110214,1600,32.08,32.24,32.0,32.24
1110215,1600,32.1,32.11,31.84,31.92
1110216,1600,31.83,32.1,31.71,31.71
1110217,1600,31.85,31.85,31.58,31.67
1110218,1600,31.9,31.91,31.6,31.81
1110221,1600,31.02,32.24,31.02,32.24
1110222,1600,32.1,32.5,31.58,31.58
1110223,1600,31.35,31.36,31.04,31.36
1110224,1600,31.68,31.68,31.26,31.32
1110225,1600,31.41,31.7,31.2,31.7
1110228,1600,32.09,32.09,31.62,32.03
1110301,1600,31.78,32.11,31.76,31.76
1110302,1600,32.34,32.34,32.0,32.21
1110303,1600,32.1,32.17,31.69,31.99
1110304,1600,32.12,32.2,31.98,32.01
1110307,1600,32.41,32.41,31.74,31.95
1110308,1600,31.57,32.04,31.57,32.04
1110309,1600,32.06,32.2,31.73,31.73
1110310,1600,31.88,31.88,31.0,31.49
1110311,1600,31.25,31.32,30.93,31.23
1110314,1600,30.86,31.01,30.7,30.89
1110315,1600,30.66,30.82,30.06,30.12
1110316,1600,30.28,30.46,29.87,30.4
1110317,1600,30.1,30.72,29.96,30.69
1110318,1600,30.98,31.09,30.72,30.82
1110321,1600,31.15,31.2,30.92,30.92
1110322,1600,30.87,30.95,30.63,30.95
1110323,1600,31.35,31.39,31.24,31.24
1110324,1600,31.45,31.6,31.3,31.4
1110325,1600,31.35,31.75,31.35,31.57
1110328,1600,31.54,31.75,31.47,31.47
1110329,1600,31.21,31.48,31.2,31.45
1110330,1600,31.51,31.51,31.22,31.28
1110331,1600,31.25,31.68,30.5,31.43
1110401,1600,31.64,31.92,31.62,31.72
1110404,1600,31.89,31.89,31.61,31.84
1110405,1600,31.92,31.92,31.73,31.79
1110406,1600,31.82,32.01,31.49,31.72
1110407,1600,31.87,32.08,31.68,31.68
1110408,1600,31.76,31.99,31.5,31.7
1110411,1600,32.0,32.0,31.67,31.83
1110412,1600,31.71,31.71,30.86,30.95
1110413,1600,30.89,31.5,30.86,31.08
1110414,1600,30.97,31.2,30.89,31.02
1110415,1600,31.1,31.33,30.97,31.33
1110418,1600,31.55,31.61,31.42,31.56
1110419,1600,31.5,31.57,31.43,31.57
1110420,1600,31.57,31.64,31.1,31.64
1110421,1600,31.38,32.0,31.35,31.48
1110426,1600,31.3,31.46,31.3,31.46
1110427,1600,31.31,31.31,31.16,31.24
1110428,1600,31.21,31.21,30.99,31.13
1110429,1600,30.85,31.07,30.76,31.07
1110502,1600,31.6,31.6,30.45,31.13
1110503,1600,30.8,31.03,30.78,30.84
1110504,1600,30.66,30.66,30.04,30.13
1110505,1600,29.86,30.0,29.42,29.44
1110506,1600,29.0,29.55,28.65,29.55
1110509,1600,29.72,30.1,29.5,29.94
1110510,1600,30.16,30.3,30.0,30.26
1110511,1600,30.18,30.22,29.73,29.88
1110512,1600,29.59,29.59,29.24,29.56
1110513,1600,29.82,29.89,29.75,29.8
1110516,1600,29.74,29.89,29.69,29.78
1110517,1600,29.8,29.8,29.32,29.36
1110518,1600,29.51,30.12,29.51,30.12
1110519,1600,30.05,30.2,29.89,29.95
1110520,1600,29.81,30.15,29.8,30.15
1110523,1600,30.48,30.48,30.1,30.26
1110524,1600,30.35,30.48,30.31,30.32
1110525,1600,30.37,30.73,30.24,30.73
1110526,1600,30.66,30.66,30.22,30.65
1110527,1600,30.57,30.59,30.21,30.56
1110530,1600,30.8,30.8,30.29,30.48
1110531,1600,30.52,30.75,30.45,30.75
1110601,1600,30.64,30.64,30.17,30.36
1110602,1600,30.24,30.24,30.14,30.14
1110603,1600,30.24,30.28,29.87,29.87
1110606,1600,30.16,30.16,29.86,29.97
1110607,1600,29.84,29.84,29.53,29.64
1110608,1600,29.64,30.09,29.59,30.09
1110609,1600,29.97,30.45,29.97,30.45
1110610,1600,30.3,30.39,30.3,30.39
1110613,1600,30.5,30.5,30.23,30.23
1110614,1600,29.94,29.94,29.8,29.8
1110615,1600,30.16,30.29,30.16,30.27
1110616,1600,29.99,30.24,29.92,29.92
1110617,1600,29.77,29.77,29.42,29.42
1110620,1600,29.25,29.38,29.23,29.28
1110621,1600,29.23,29.46,29.23,29.4
1110622,1600,29.45,29.45,29.24,29.24
1110623,1600,29.34,29.35,28.51,28.95
1110624,1600,29.0,29.18,28.97,28.97
1110627,1600,28.59,28.73,28.52,28.52
1110628,1600,28.51,28.88,28.51,28.7
1110629,1600,28.86,29.19,28.86,29.19
1110630,1600,29.13,29.3,28.5,28.72
1110701,1600,28.49,28.55,28.42,28.47
1110704,1600,28.9,28.9,28.3,28.57
1110705,1600,28.79,29.09,28.62,28.97
1110706,1600,29.34,29.34,29.18,29.34
1110707,1600,29.35,29.71,29.32,29.56
1110708,1600,29.63,29.91,29.38,29.78
1110711,1600,29.74,30.3,29.74,29.99
1110712,1600,30.01,30.34,29.98,30.34
1110713,1600,30.53,30.66,30.4,30.66
1110714,1600,30.57,30.62,30.4,30.4
1110715,1600,30.33,30.76,30.33,30.72
1110718,1600,30.72,30.85,30.44,30.73
1110719,1600,30.73,30.96,30.73,30.87
1110720,1600,30.89,30.89,30.52,30.53
1110721,1600,30.42,30.45,30.21,30.21
1110722,1600,30.16,30.33,30.03,30.26
1110725,1600,30.09,30.4,30.09,30.18
1110726,1600,30.15,30.15,30.0,30.03
1110727,1600,30.06,30.31,30.06,30.31
1110728,1600,30.37,30.39,30.27,30.27
1110729,1600,30.06,30.25,29.8,29.81
1110801,1600,29.86,30.2,29.86,30.15
1110802,1600,30.13,30.17,30.06,30.06
1110803,1600,30.18,30.27,29.85,29.89
1110804,1600,29.86,29.98,29.67,29.67
1110805,1600,28.75,29.3,28.75,28.92
1110808,1600,28.2,28.75,28.2,28.53
1110809,1600,28.15,28.6,28.0,28.6
1110810,1600,28.48,28.75,28.35,28.56
1110811,1600,28.85,28.95,28.61,28.87
1110812,1600,28.95,29.19,28.95,29.1
1110815,1600,29.05,29.05,28.61,28.68
1110816,1600,29.02,29.02,28.61,28.93
1110817,1600,28.9,29.2,28.9,29.2
1110818,1600,29.18,29.18,28.66,28.84
1110819,1600,28.74,29.05,28.74,29.04
1110822,1600,29.4,29.4,29.0,29.17
1110823,1600,29.26,29.41,29.15,29.36
1110824,1600,29.12,29.16,29.1,29.15
1110825,1600,28.79,29.0,28.75,28.98
1110826,1600,29.0,29.21,28.78,29.21
1110829,1600,29.19,29.45,29.17,29.32
1110830,1600,29.19,29.87,29.19,29.68
1110831,1600,29.68,29.96,29.68,29.96
1110901,1600,30.0,30.41,30.0,30.2
1110902,1600,30.0,30.25,29.92,30.25
1110905,1600,29.9,30.15,29.9,30.0
1110906,1600,30.22,30.23,29.76,30.13
1110907,1600,30.35,30.5,30.21,30.42
1110908,1600,30.55,30.71,30.04,30.71
1110909,1600,30.95,31.01,30.72,30.93
1110912,1600,31.05,31.05,30.52,30.88
1110913,1600,30.8,30.83,30.7,30.7
1110914,1600,30.68,30.71,30.51,30.66
1110915,1600,30.48,30.55,30.13,30.13
1110916,1600,30.27,30.35,30.06,30.06
1110919,1600,30.05,30.09,29.77,29.77
1110920,1600,29.94,30.04,29.77,29.95
1110921,1600,29.95,29.95,29.75,29.75
1110922,1600,29.42,29.44,28.84,28.92
1110923,1600,28.5,28.56,28.17,28.22
1110926,1600,27.63,27.99,27.39,27.99
1110927,1600,28.46,28.63,28.24,28.46
1110928,1600,28.24,28.33,28.08,28.22
1110929,1600,27.6,27.81,27.6,27.81
1110930,1600,28.1,28.23,27.62,27.75
1111004,1600,27.85,27.86,27.49,27.49
1111005,1600,27.62,27.65,27.48,27.61
1111006,1600,27.64,28.32,27.64,27.79
1111007,1600,28.1,28.1,27.77,27.77
1111010,1600,27.78,27.97,27.73,27.9
1111011,1600,27.85,27.9,27.64,27.9
1111012,1600,28.18,28.18,27.85,27.85
1111013,1600,27.8,27.83,27.69,27.69
1111014,1600,28.0,28.08,27.95,27.97
1111017,1600,28.3,28.3,28.17,28.2
1111018,1600,28.08,28.08,27.75,28.02
1111019,1600,27.84,27.98,27.84,27.98
1111020,1600,27.64,27.64,27.41,27.5
1111021,1600,27.51,27.67,27.51,27.59
1111024,1600,27.83,27.87,27.72,27.87
1111025,1600,28.01,28.07,27.96,28.07
1111026,1600,28.3,28.3,28.05,28.05
1111027,1600,27.98,28.04,27.82,27.87
1111028,1600,28.01,28.05,27.85,28.05
1111031,1600,28.08,28.08,27.86,28.03
1111101,1600,28.23,28.25,28.04,28.04
1111102,1600,28.35,28.41,28.3,28.32
1111103,1600,28.14,28.6,28.14,28.55
1111104,1600,28.38,28.67,28.38,28.56
1111107,1600,28.52,28.63,28.51,28.55
1111108,1600,28.7,28.7,28.58,28.6
1111109,1600,28.88,28.92,28.88,28.92
1111110,1600,28.78,28.81,28.56,28.56
1111111,1600,28.71,28.71,28.34,28.38
1111114,1600,28.52,28.62,28.52,28.58
1111115,1600,28.63,28.77,28.63,28.77
1111116,1600,29.0,29.05,28.83,29.05
1111117,1600,29.11,29.11,28.58,28.58
1111118,1600,28.28,28.28,28.13,28.13
1111121,1600,28.02,28.18,27.71,27.71
1111122,1600,27.86,28.02,27.85,27.87
1111123,1600,27.83,27.96,27.8,27.91
1111124,1600,28.16,28.16,27.92,27.95
1111125,1600,28.09,28.24,27.95,28.17
1111128,1600,28.39,28.39,28.1,28.25
1111129,1600,28.15,28.36,28.09,28.36
1111130,1600,28.3,28.57,28.3,28.57
1111201,1600,28.66,28.66,28.35,28.45
1111202,1600,28.45,28.7,28.41,28.7
1111205,1600,28.55,28.68,28.55,28.58
1111206,1600,28.32,28.41,28.22,28.41
1111207,1600,28.59,28.6,28.37,28.37
1111208,1600,28.34,28.34,28.3,28.3
1111209,1600,28.07,28.23,28.01,28.01
1111212,1600,27.9,27.99,27.75,27.99
1111213,1600,27.99,28.36,27.99,28.36
1111214,1600,28.33,28.33,27.66,27.66
1111215,1600,27.68,27.69,27.49,27.55
1111216,1600,27.74,27.74,27.53,27.56
1111219,1600,27.58,27.61,27.47,27.56
1111220,1600,27.75,27.93,27.57,27.93
1111221,1600,27.83,28.16,27.83,28.14
1111222,1600,28.12,28.38,28.12,28.36
1111223,1600,28.34,28.49,28.34,28.43
1111227,1600,28.18,28.51,28.18,28.51
1111228,1600,28.29,28.5,28.29,28.48
1111229,1600,28.52,28.56,28.33,28.33
1111230,1600,28.53,28.57,28.49,28.49
1120102,1600,28.25,28.94,28.25,28.83
1120103,1600,28.38,28.93,28.38,28.86
1120104,1600,28.95,29.38,28.95,29.22
1120105,1600,29.34,29.34,29.28,29.28
1120106,1600,29.29,29.4,29.21,29.4
1120109,1600,29.36,29.47,29.25,29.39
1120110,1600,29.5,29.76,29.5,29.6
1120111,1600,29.52,29.6,29.52,29.56
1120112,1600,29.67,29.67,29.1,29.1
1120113,1600,28.91,29.14,28.91,29.14
1120116,1600,28.8,29.08,28.8,29.08
1120117,1600,29.0,29.21,29.0,29.06
1120118,1600,28.91,28.95,28.81,28.87
1120119,1600,28.85,28.9,28.71,28.71
1120120,1600,28.74,28.74,28.45,28.53
1120123,1600,28.76,28.89,28.62,28.74
1120124,1600,29.0,29.02,28.85,29.02
1120125,1600,29.14,29.23,28.99,29.22
1120126,1600,29.24,29.34,29.12,29.12
1120127,1600,29.19,29.26,29.1,29.13
1120130,1600,28.98,29.16,28.98,29.16
1120131,1600,28.99,29.08,28.86,28.9
1120201,1600,29.05,29.05,28.61,28.7
1120202,1600,28.73,28.84,28.6,28.74
1120203,1600,28.76,29.1,28.76,28.97
1120206,1600,29.16,29.17,29.05,29.07
1120207,1600,29.08,29.08,28.83,28.83
1120208,1600,28.91,29.1,28.89,28.89
1120209,1600,28.85,29.09,28.85,29.02
1120210,1600,28.88,28.88,28.76,28.81
1120213,1600,28.69,28.83,28.69,28.77
1120214,1600,28.83,28.93,28.8,28.93
1120215,1600,28.99,29.09,28.96,29.04
1120216,1600,29.0,29.08,28.89,29.08
1120217,1600,29.0,29.06,28.93,28.93
1120220,1600,28.6,29.06,28.6,28.85
1120221,1600,29.01,29.17,29.01,29.06
1120222,1600,29.18,29.22,29.1,29.14
1120223,1600,29.26,29.26,29.14,29.14
1120224,1600,29.1,29.1,28.89,28.94
1120227,1600,28.93,29.14,28.93,29.14
1120228,1600,29.04,29.12,28.97,28.97
1120229,1600,29.06,29.08,28.76,28.76
1120301,1600,28.92,29.1,28.92,29.02
1120302,1600,29.2,29.34,29.2,29.31
1120305,1600,29.3,29.3,29.05,29.05
1120306,1600,28.96,28.96,28.72,28.8
1120307,1600,28.68,28.72,28.59,28.63
1120308,1600,28.68,28.69,28.42,28.42
1120309,1600,29.0,29.0,29.0,29.0
1120312,1600,28.88,28.88,28.76,28.8
1120313,1600,29.1,29.1,29.04,29.08
1120314,1600,29.0,29.18,28.97,29.11
1120315,1600,29.1,29.13,29.0,29.1
1120316,1600,29.12,29.15,28.93,28.97
1120319,1600,28.96,29.06,28.95,28.97
1120320,1600,28.84,28.84,28.64,28.64
1120321,1600,28.53,28.65,28.49,28.64
1120322,1600,28.38,28.49,28.26,28.26
1120323,1600,28.38,28.49,28.37,28.45
1120326,1600,28.45,28.5,28.33,28.49
1120327,1600,28.35,28.35,28.29,28.29
1120328,1600,28.08,28.11,28.06,28.06
1120329,1600,28.01,28.01,27.72,27.73
1120330,1600,27.5,27.87,27.5,27.87
1120402,1600,27.83,28.14,27.78,28.14
1120403,1600,28.23,28.23,28.05,28.2
1120404,1600,28.23,28.36,28.15,28.19
1120405,1600,28.1,28.34,28.1,28.34
1120410,1600,28.1,28.22,27.95,27.96
1120411,1600,27.79,27.85,27.7,27.82
1120412,1600,27.93,28.13,27.76,28.03
1120413,1600,28.02,28.05,27.93,27.93
1120416,1600,27.69,27.94,27.65,27.65
1120417,1600,27.54,27.7,27.54,27.61
1120418,1600,27.7,27.7,27.35,27.35
1120419,1600,27.44,27.54,27.39,27.39
1120420,1600,27.32,27.44,27.31,27.35
1120423,1600,27.36,27.39,27.29,27.35
1120424,1600,27.33,27.49,27.33,27.39
1120425,1600,27.32,27.49,27.32,27.37
1120426,1600,27.5,27.6,27.5,27.6
1120427,1600,27.66,27.67,27.56,27.65
1120430,1600,27.74,27.74,27.61,27.7
1120502,1600,27.93,28.0,27.74,27.74
1120503,1600,27.62,27.65,27.51,27.51
1120504,1600,27.45,27.5,27.13,27.24
1120507,1600,27.32,27.54,27.23,27.37
1120508,1600,27.42,27.44,27.22,27.29
1120509,1600,27.33,27.4,27.22,27.4
1120510,1600,27.52,27.62,27.2,27.41
1120511,1600,27.17,27.32,27.14,27.32
1120514,1600,27.04,27.17,26.95,27.06
1120515,1600,27.18,27.25,27.15,27.24
1120516,1600,27.19,27.47,27.19,27.47
1120517,1600,27.74,27.74,27.65,27.65
1120518,1600,27.74,27.91,27.74,27.91
1120521,1600,27.96,27.98,27.74,27.74
1120522,1600,27.74,27.74,27.66,27.74
1120523,1600,27.44,27.5,27.32,27.5
1120524,1600,27.57,27.64,27.57,27.59
1120525,1600,27.56,27.65,27.56,27.63
1120528,1600,27.74,27.74,27.5,27.59
1120529,1600,27.64,27.81,27.58,27.66
1120530,1600,27.35,27.37,27.2,27.2
1120531,1600,27.2,27.24,27.11,27.23
1120601,1600,27.0,27.0,26.83,26.84
1120604,1600,26.39,26.68,26.39,26.63
1120605,1600,26.75,26.88,26.72,26.78
1120606,1600,26.81,27.04,26.81,27.01
1120607,1600,26.82,27.0,26.77,26.83
1120608,1600,26.74,26.78,26.56,26.78
1120611,1600,26.71,26.99,26.56,26.83
1120612,1600,26.67,26.83,26.56,26.83
1120613,1600,26.67,26.68,26.47,26.47
1120614,1600,26.41,26.62,26.39,26.55
1120615,1600,26.65,26.76,26.64,26.64
1120618,1600,26.52,26.85,26.52,26.85
1120619,1600,26.91,27.07,26.91,27.07
1120620,1600,27.01,27.03,26.77,26.8
1120621,1600,26.65,26.78,26.61,26.78
1120622,1600,26.49,26.71,26.49,26.69
1120625,1600,26.96,27.19,26.93,27.13
1120626,1600,27.18,27.31,27.18,27.28
1120627,1600,27.34,27.77,27.32,27.76
1120628,1600,27.68,27.75,27.42,27.42
1120629,1600,27.41,27.57,27.4,27.57
1120702,1600,27.9,28.07,27.87,28.03
1120703,1600,28.31,28.73,28.31,28.68
1120704,1600,28.94,28.94,28.85,28.92
1120705,1600,29.0,29.45,28.92,29.45
1120706,1600,29.35,29.36,29.1,29.1
1120709,1600,29.32,29.56,29.32,29.55
1120710,1600,29.41,29.53,29.4,29.53
1120711,1600,29.29,29.55,29.29,29.52
1120712,1600,29.37,29.45,29.37,29.44
1120713,1600,29.76,30.0,29.76,29.84
1120716,1600,30.09,30.21,29.91,29.96
1120717,1600,30.14,30.14,29.97,30.13
1120718,1600,30.02,30.17,29.87,30.17
1120719,1600,30.5,30.85,30.5,30.8
1120720,1600,30.87,31.1,30.87,31.02
1120723,1600,31.21,31.21,30.73,30.95
1120724,1600,30.63,30.7,30.6,30.6
1120725,1600,30.52,30.75,30.52,30.57
1120726,1600,30.53,30.53,30.15,30.15
1120727,1600,30.23,30.42,30.16,30.16
1120730,1600,30.75,30.96,30.58,30.86
1120731,1600,31.0,31.0,30.65,30.69
1120801,1600,30.49,30.49,30.25,30.25
1120802,1600,30.4,30.45,30.2,30.29
1120803,1600,30.12,30.18,29.91,30.18
1120806,1600,29.99,29.99,29.84,29.98
1120807,1600,30.0,30.18,30.0,30.18
1120808,1600,30.09,30.28,30.09,30.27
1120809,1600,30.34,30.81,30.34,30.81
1120810,1600,30.68,30.68,30.38,30.38
1120813,1600,30.31,30.31,29.95,30.0
1120814,1600,29.96,30.05,29.91,29.97
1120815,1600,30.1,30.14,29.95,30.13
1120816,1600,30.23,30.23,30.0,30.13
1120817,1600,30.09,30.3,30.05,30.3
1120820,1600,30.05,30.34,30.05,30.33
1120821,1600,30.47,30.5,30.35,30.46
1120822,1600,30.39,30.53,30.39,30.52
1120823,1600,30.5,30.5,30.26,30.3
1120824,1600,30.33,30.47,30.15,30.15
1120827,1600,30.5,30.54,30.09,30.15
1120828,1600,30.16,30.16,29.85,29.9
1120829,1600,29.91,30.03,29.84,30.0
1120830,1600,30.09,30.19,30.07,30.19
1120831,1600,30.26,30.26,29.99,30.18
1120903,1600,29.7,30.33,29.7,30.26
1120904,1600,30.36,30.47,30.36,30.46
1120905,1600,30.45,30.45,30.13,30.13
1120906,1600,29.95,30.22,29.95,30.17
1120907,1600,29.98,30.02,29.82,29.96
1120910,1600,30.17,30.17,30.04,30.15
1120911,1600,30.08,30.15,29.96,30.12
1120912,1600,30.17,30.23,29.99,29.99
1120913,1600,30.08,30.19,30.02,30.09
1120914,1600,30.33,30.44,30.05,30.05
1120917,1600,29.99,30.04,29.74,29.75
1120918,1600,29.39,29.6,29.39,29.57
1120919,1600,29.55,29.58,29.27,29.27
1120920,1600,29.04,29.47,29.04,29.45
1120921,1600,29.5,29.54,29.36,29.53
1120924,1600,29.54,29.54,29.36,29.41
1120925,1600,29.62,29.66,29.56,29.58
1120926,1600,29.66,29.66,29.38,29.38
1120927,1600,29.42,29.62,29.42,29.59
1120928,1600,29.58,29.88,29.55,29.88
1121001,1600,29.85,30.15,29.85,29.96
1121002,1600,30.12,30.12,29.79,29.88
1121004,1600,29.73,29.8,29.61,29.61
1121005,1600,29.83,29.83,29.46,29.46
1121008,1600,29.38,29.46,29.38,29.46
1121009,1600,29.44,29.66,29.44,29.66
1121010,1600,29.81,29.83,29.7,29.7
1121011,1600,29.8,29.95,29.59,29.95
1121012,1600,29.75,29.75,29.36,29.36
1121015,1600,29.44,29.44,29.06,29.07
1121016,1600,29.2,29.2,28.99,28.99
1121017,1600,28.93,28.98,28.89,28.96
1121018,1600,29.15,29.2,29.04,29.13
1121019,1600,29.3,29.4,29.3,29.34
1121022,1600,29.32,29.32,29.05,29.05
1121023,1600,28.95,28.95,28.74,28.78
1121024,1600,28.83,29.01,28.83,28.83
1121025,1600,28.82,29.17,28.7,28.73
1121026,1600,28.74,28.87,28.68,28.75
1121029,1600,28.64,28.84,28.64,28.69
1121030,1600,28.65,28.74,28.47,28.5
1121031,1600,28.6,28.69,28.57,28.69
1121101,1600,28.76,28.82,28.73,28.76
1121102,1600,28.69,28.84,28.49,28.49
1121105,1600,28.34,28.58,28.31,28.48
1121106,1600,28.55,28.64,28.54,28.64
1121107,1600,28.76,28.88,28.75,28.75
1121108,1600,28.65,28.8,28.65,28.76
1121109,1600,28.62,28.82,28.62,28.79
1121112,1600,28.62,28.8,28.62,28.64
1121113,1600,28.66,28.79,28.66,28.77
1121114,1600,28.82,28.9,28.82,28.9
1121115,1600,28.78,28.82,28.75,28.75
1121116,1600,28.61,28.65,28.52,28.64
1121119,1600,28.81,28.97,28.81,28.94
1121120,1600,28.96,28.96,28.87,28.9
1121121,1600,28.81,28.98,28.81,28.88
1121122,1600,28.89,28.94,28.79,28.85
1121123,1600,28.76,28.86,28.66,28.75
1121126,1600,28.7,28.8,28.69,28.69
1121127,1600,28.7,28.98,28.7,28.87
1121128,1600,28.86,28.86,28.69,28.69
1121129,1600,28.59,28.77,28.59,28.73
1121130,1600,28.6,28.69,28.47,28.47
1121203,1600,28.69,28.69,28.51,28.53
1121204,1600,28.32,28.39,28.16,28.19
1121205,1600,28.15,28.36,28.15,28.33
1121206,1600,28.42,28.46,28.39,28.42
1121207,1600,28.52,28.58,28.43,28.49
1121210,1600,28.46,28.47,28.32,28.32
1121211,1600,28.18,28.25,28.05,28.1
1121212,1600,28.0,28.11,27.93,27.98
1121213,1600,27.82,27.87,27.73,27.78
1121214,1600,27.62,27.77,27.62,27.72
1121217,1600,27.59,27.73,27.59,27.66
1121218,1600,27.74,27.74,27.58,27.58
1121219,1600,27.4,27.47,27.25,27.36
1121220,1600,27.27,27.28,26.99,27.19
1121221,1600,27.24,27.37,27.22,27.37
1121227,1600,27.3,27.3,27.09,27.22
1121228,1600,27.28,27.36,27.24,27.27
1130102,1600,27.2,27.51,27.2,27.51
1130103,1600,27.46,27.54,27.37,27.48
1130104,1600,27.56,27.56,27.28,27.28
1130107,1600,27.37,27.44,27.3,27.33
1130108,1600,27.26,27.36,27.16,27.36
1130109,1600,27.37,27.41,27.25,27.25
1130110,1600,27.24,27.39,27.05,27.05
1130111,1600,27.0,27.01,26.71,26.73
1130114,1600,27.12,27.14,27.03,27.08
1130115,1600,27.06,27.19,27.03,27.19
1130116,1600,27.26,27.29,27.22,27.23
1130117,1600,27.27,27.34,27.14,27.34
1130118,1600,27.31,27.51,27.31,27.46
1130121,1600,27.65,27.66,27.52,27.66
1130122,1600,27.6,27.65,27.57,27.6
1130123,1600,27.68,27.72,27.57,27.65
1130124,1600,27.45,27.45,27.36,27.38
1130125,1600,27.28,27.28,27.08,27.08
1130128,1600,27.2,27.2,26.99,27.05
1130129,1600,27.17,27.17,27.03,27.12
1130130,1600,27.12,27.2,27.12,27.2
1130131,1600,27.32,27.33,27.09,27.09
1130201,1600,27.05,27.28,27.05,27.19
1130204,1600,27.16,27.34,27.12,27.34
1130205,1600,27.32,27.36,27.16,27.16
1130206,1600,27.29,27.32,27.2,27.26
1130207,1600,27.26,27.42,27.2,27.36
1130208,1600,27.3,27.5,27.26,27.45
1130211,1600,27.25,27.31,27.12,27.13
1130212,1600,27.12,27.12,26.98,26.99
1130213,1600,27.03,27.07,26.9,27.07
1130214,1600,27.11,27.29,27.01,27.14
1130215,1600,27.07,27.12,26.95,26.95
1130218,1600,26.92,26.96,26.91,26.95
1130219,1600,27.01,27.01,26.88,26.88
1130220,1600,26.84,26.94,26.7,26.8
1130221,1600,26.89,26.97,26.82,26.87
1130222,1600,26.9,26.97,26.88,26.88
1130225,1600,26.92,26.96,26.74,26.96
1130226,1600,26.94,27.12,26.94,27.12
1130227,1600,27.22,27.22,27.06,27.1
1130228,1600,26.96,27.06,26.91,27.01
1130301,1600,27.02,27.09,26.91,26.99
1130304,1600,26.95,27.04,26.95,27.0
1130305,1600,27.05,27.15,27.05,27.13
1130306,1600,27.03,27.04,27.0,27.01
1130307,1600,26.95,27.0,26.87,26.93
1130308,1600,27.08,27.28,26.97,27.25
1130311,1600,27.17,27.29,27.17,27.27
1130312,1600,27.3,27.43,27.3,27.36
1130313,1600,27.3,27.5,27.3,27.39
1130314,1600,27.44,27.49,27.44,27.44
1130315,1600,27.42,27.42,27.39,27.41
1130318,1600,27.56,27.56,27.35,27.35
1130319,1600,27.44,27.62,27.44,27.62
1130320,1600,27.6,27.61,27.43,27.46
1130321,1600,27.66,27.69,27.61,27.61
1130322,1600,27.59,27.6,27.44,27.46
1130325,1600,27.55,27.76,27.39,27.76
1130326,1600,27.72,27.8,27.72,27.76
1130327,1600,27.9,28.14,27.87,28.14
1130328,1600,28.18,28.2,27.67,27.67
1130402,1600,27.49,27.5,27.25,27.25
1130403,1600,27.3,27.32,27.12,27.12
1130404,1600,27.0,27.04,26.82,26.88
1130405,1600,26.77,26.77,26.51,26.54
1130408,1600,26.69,26.85,26.69,26.76
1130409,1600,26.81,26.81,26.62,26.63
1130410,1600,26.73,26.76,26.69,26.76
1130411,1600,26.67,26.68,26.57,26.64
1130412,1600,26.75,26.75,26.38,26.38
1130415,1600,26.2,26.2,25.75,25.85
1130416,1600,25.7,25.77,25.68,25.7
1130417,1600,25.73,25.85,25.63,25.85
1130418,1600,25.75,26.0,25.75,26.0
1130419,1600,26.03,26.11,25.89,25.95
1130422,1600,25.93,26.06,25.91,25.91
1130423,1600,25.8,25.96,25.8,25.95
1130424,1600,25.98,26.07,25.91,25.97
1130425,1600,25.99,26.24,25.96,26.24
1130426,1600,26.25,26.29,26.21,26.22
1130429,1600,26.21,26.42,26.14,26.42
1130430,1600,26.59,26.63,26.22,26.23
1130502,1600,25.9,26.1,25.85,25.94
1130503,1600,26.0,26.36,25.95,26.24
1130506,1600,26.3,26.3,26.15,26.22
1130507,1600,26.1,26.19,25.99,26.08
1130508,1600,26.11,26.17,26.0,26.01
1130509,1600,26.0,26.21,26.0,26.21
1130510,1600,26.42,26.46,26.19,26.2
1130513,1600,26.26,26.34,26.18,26.34
1130514,1600,26.22,26.31,26.22,26.29
1130515,1600,26.33,26.34,26.27,26.34
1130516,1600,26.33,26.34,26.15,26.24
1130517,1600,26.31,26.49,26.3,26.4
1130520,1600,26.45,26.6,26.45,26.6
1130521,1600,26.6,26.6,26.47,26.47
1130522,1600,26.52,26.61,26.4,26.61
1130523,1600,26.6,26.6,26.29,26.42
1130524,1600,26.51,26.51,26.34,26.41
1130527,1600,26.38,26.45,26.27,26.39
1130528,1600,26.54,26.68,26.39,26.62
1130529,1600,26.58,26.58,26.25,26.27
1130530,1600,26.32,26.32,26.0,26.07
1130531,1600,25.98,26.13,25.98,26.13
1130603,1600,25.96,26.21,25.96,26.0
1130604,1600,25.98,26.09,25.97,26.09
1130605,1600,26.14,26.21,26.14,26.18
1130606,1600,26.0,26.0,25.72,25.75
1130607,1600,25.71,25.72,25.67,25.69
1130610,1600,25.59,25.63,25.55,25.55
1130611,1600,25.35,25.35,25.14,25.3
1130612,1600,25.22,25.27,25.1,25.1
1130613,1600,25.03,25.21,25.02,25.13
1130614,1600,25.15,25.32,25.14,25.28
1130617,1600,25.26,25.29,25.25,25.29
1130618,1600,25.16,25.27,25.16,25.22
1130619,1600,25.27,25.36,25.23,25.36
1130620,1600,25.32,25.34,25.14,25.14
1130621,1600,25.0,25.1,24.98,25.04
1130624,1600,24.84,24.95,24.82,24.9
1130625,1600,24.94,25.07,24.93,24.99
1130626,1600,24.84,24.96,24.69,24.89
1130627,1600,24.93,24.98,24.84,24.9
1130628,1600,24.85,24.91,24.73,24.85
1130701,1600,24.71,24.9,24.67,24.81
1130702,1600,24.95,25.03,24.88,24.88
1130703,1600,25.12,25.22,25.05,25.05
1130704,1600,25.19,25.35,25.19,25.2
1130705,1600,25.35,25.35,25.18,25.22
1130708,1600,25.33,25.44,25.25,25.42
1130709,1600,25.52,25.58,25.45,25.58
1130710,1600,25.74,25.8,25.62,25.69
1130711,1600,25.59,25.59,25.4,25.4
1130712,1600,25.34,25.46,25.34,25.44
1130715,1600,25.41,25.41,25.24,25.3
1130716,1600,25.36,25.39,25.32,25.38
1130717,1600,25.29,25.33,25.22,25.3
1130718,1600,25.2,25.5,25.2,25.5
1130719,1600,25.46,25.51,25.43,25.43
1130722,1600,25.5,25.5,25.34,25.37
1130723,1600,25.41,25.41,25.28,25.33
1130724,1600,25.27,25.29,25.21,25.21
1130725,1600,25.1,25.1,24.92,24.92
1130726,1600,24.77,24.77,24.61,24.63
1130729,1600,24.36,24.57,24.36,24.57
1130730,1600,24.51,24.51,24.41,24.42
1130731,1600,24.48,24.48,24.36,24.36
1130801,1600,24.57,24.69,24.57,24.66
1130802,1600,24.54,24.64,24.4,24.55
1130805,1600,24.49,24.49,24.34,24.37
1130806,1600,24.32,24.34,24.12,24.12
1130807,1600,24.05,24.12,23.93,23.95
1130808,1600,24.05,24.05,23.93,23.96
1130809,1600,24.15,24.32,24.15,24.32
1130812,1600,24.32,24.6,24.32,24.55
1130813,1600,24.7,24.84,24.68,24.73
1130814,1600,24.61,24.83,24.61,24.83
1130815,1600,24.95,25.02,24.95,25.02
1130816,1600,25.03,25.1,25.02,25.1
1130819,1600,25.12,25.17,25.09,25.17
1130820,1600,25.01,25.01,24.92,24.96
1130821,1600,24.85,24.93,24.85,24.93
1130822,1600,24.88,24.99,24.88,24.9
1130823,1600,24.93,25.03,24.91,25.03
1130826,1600,25.26,25.42,25.26,25.35
1130827,1600,25.45,25.5,25.33,25.49
1130828,1600,25.64,25.64,25.55,25.58
1130829,1600,25.58,25.69,25.56,25.6
1130830,1600,25.5,25.55,25.43,25.55
1130902,1600,25.63,25.63,25.47,25.57
1130903,1600,25.66,25.88,25.66,25.79
1130904,1600,25.42,25.42,25.42,25.42
1130905,1600,25.51,25.56,25.42,25.42
1130906,1600,25.47,25.59,25.46,25.58
1130909,1600,25.65,25.65,25.44,25.44
1130910,1600,25.27,25.27,25.05,25.09
1130911,1600,25.12,25.17,25.02,25.02
1130912,1600,24.96,25.03,24.96,24.97
1130913,1600,25.15,25.15,25.02,25.02
1130916,1600,24.83,24.92,24.71,24.88
1130917,1600,24.86,24.88,24.72,24.72
1130918,1600,24.65,24.74,24.65,24.71
1130919,1600,24.85,24.86,24.78,24.85
1130920,1600,24.68,24.68,24.5,24.51
1130923,1600,24.39,24.4,24.35,24.38
1130924,1600,24.3,24.35,24.23,24.27
1130925,1600,24.31,24.35,24.31,24.35
1130926,1600,24.25,24.37,24.25,24.34
1130927,1600,24.38,24.38,24.29,24.36
1130930,1600,24.4,24.42,24.21,24.21
1131001,1600,24.12,24.15,23.95,24.0
1131002,1600,24.01,24.11,23.98,24.07
1131004,1600,24.01,24.11,24.0,24.07
1131007,1600,24.1,24.26,24.02,24.26
1131008,1600,24.38,24.44,24.34,24.35
1131009,1600,24.4,24.44,24.25,24.25
1131010,1600,24.4,24.42,24.32,24.42
1131011,1600,24.3,24.34,24.21,24.21
1131014,1600,24.3,24.38,24.23,24.28
1131015,1600,24.36,24.42,24.33,24.41
1131016,1600,24.4,24.5,24.29,24.5
1131017,1600,24.32,24.33,24.13,24.14
1131018,1600,24.15,24.26,24.1,24.1
1131021,1600,24.31,24.31,24.17,24.21
1131022,1600,24.18,24.18,23.94,23.94
1131023,1600,23.94,23.94,23.84,23.87
1131024,1600,23.77,23.78,23.6,23.69
1131025,1600,23.62,23.74,23.6,23.74
1131028,1600,23.72,23.75,23.69,23.7
1131029,1600,23.68,23.71,23.67,23.7
1131030,1600,23.71,23.75,23.69,23.72
1131031,1600,23.71,23.78,23.71,23.75
1131101,1600,23.85,23.85,23.68,23.72
1131104,1600,23.53,23.57,23.44,23.45
1131105,1600,23.5,23.5,23.45,23.47
1131106,1600,23.45,23.51,23.43,23.49
1131107,1600,23.39,23.78,23.37,23.62
1131108,1600,23.57,23.69,23.54,23.66
1131111,1600,23.72,23.73,23.63,23.71
1131112,1600,23.73,23.74,23.63,23.68
1131113,1600,23.57,23.64,23.55,23.55
1131114,1600,23.6,23.6,23.46,23.58
1131115,1600,23.57,23.58,23.49,23.52
1131118,1600,23.47,23.47,23.38,23.4
1131119,1600,23.28,23.34,23.25,23.25
1131120,1600,23.24,23.4,23.21,23.37
1131121,1600,23.47,23.47,23.38,23.47
1131122,1600,23.47,23.55,23.46,23.47
1131125,1600,23.5,23.56,23.45,23.53
1131126,1600,23.54,23.6,23.47,23.47
1131127,1600,23.5,23.5,23.42,23.48
1131128,1600,23.4,23.41,23.33,23.39
1131129,1600,23.43,23.51,23.43,23.51
1131202,1600,23.43,23.54,23.43,23.48
1131203,1600,23.48,23.55,23.39,23.55
1131204,1600,23.58,23.73,23.5,23.7
1131205,1600,23.54,23.64,23.47,23.52
1131206,1600,23.61,23.61,23.55,23.61
1131209,1600,23.45,23.67,23.45,23.67
1131210,1600,23.64,23.7,23.63,23.63
1131211,1600,23.67,23.67,23.58,23.64
1131212,1600,23.72,23.74,23.55,23.61
1131213,1600,23.55,23.64,23.55,23.64
1131216,1600,23.56,23.66,23.46,23.66
1131217,1600,23.54,23.58,23.5,23.58
1131218,1600,23.58,23.68,23.56,23.56
1131219,1600,23.7,23.79,23.63,23.79
1131220,1600,23.87,23.94,23.87,23.93
1131223,1600,23.96,24.04,23.93,23.93
1131227,1600,23.73,23.89,23.68,23.83
1131230,1600,23.78,23.89,23.78,23.78
1140102,1600,23.74,23.75,23.57,23.66
1140103,1600,23.55,23.67,23.55,23.67
1140106,1600,23.6,23.66,23.53,23.53
1140107,1600,23.62,23.66,23.58,23.64
1140108,1600,23.62,23.62,23.48,23.53
1140109,1600,23.41,23.41,23.24,23.24
1140110,1600,23.1,23.31,23.1,23.19
1140113,1600,23.3,23.41,23.25,23.41
1140114,1600,23.45,23.45,23.34,23.35
1140115,1600,23.47,23.67,23.45,23.65
1140116,1600,23.54,23.7,23.54,23.69
1140117,1600,23.62,23.74,23.57,23.74
1140120,1600,23.7,23.72,23.6,23.64
1140121,1600,23.64,23.74,23.64,23.74
1140122,1600,23.76,23.76,23.69,23.74
1140123,1600,23.77,23.82,23.69,23.69
1140124,1600,23.66,23.72,23.65,23.65
1140127,1600,23.74,23.91,23.65,23.65
1140128,1600,23.64,23.75,23.64,23.72
1140129,1600,23.76,23.92,23.74,23.77
1140130,1600,23.9,24.08,23.9,24.08
1140131,1600,23.92,24.0,23.83,23.9
1140203,1600,23.97,24.03,23.91,23.95
1140204,1600,24.05,24.42,24.05,24.42
1140205,1600,24.4,24.62,24.34,24.34
1140206,1600,24.46,24.54,24.27,24.27
1140207,1600,24.21,24.21,24.15,24.19
1140210,1600,24.23,24.23,24.11,24.2
1140211,1600,24.11,24.15,24.09,24.13
1140212,1600,24.29,24.5,24.29,24.5
1140213,1600,24.44,24.44,24.23,24.44
1140214,1600,24.49,24.51,24.43,24.48
1140217,1600,24.65,24.65,24.53,24.63
1140218,1600,24.6,24.72,24.54,24.72
1140219,1600,24.8,24.9,24.8,24.88
1140220,1600,24.88,25.03,24.85,24.92
1140221,1600,24.96,24.99,24.91,24.91
1140224,1600,25.06,25.11,25.0,25.11
1140225,1600,24.95,25.01,24.86,25.01
1140226,1600,24.97,25.06,24.96,25.06
1140227,1600,25.08,25.1,25.0,25.07
1140228,1600,24.97,24.97,24.71,24.84
1140303,1600,25.29,25.32,25.21,25.3
1140304,1600,25.24,25.33,25.08,25.33
1140305,1600,25.36,25.45,25.34,25.38
1140306,1600,25.28,25.37,25.22,25.22
1140307,1600,25.25,25.28,25.16,25.2
1140310,1600,25.02,25.1,25.0,25.08
1140311,1600,25.1,25.13,25.0,25.0
1140312,1600,24.88,24.95,24.79,24.88
1140313,1600,24.88,24.88,24.76,24.86
1140314,1600,24.85,24.9,24.76,24.79
1140317,1600,24.83,24.86,24.75,24.76
1140318,1600,24.73,24.85,24.72,24.85
1140319,1600,24.77,24.86,24.66,24.82
1140320,1600,24.85,24.89,24.76,24.76
1140321,1600,24.82,24.82,24.72,24.75
1140324,1600,24.8,24.8,24.75,24.75
1140325,1600,24.68,24.88,24.68,24.86
1140326,1600,24.75,24.85,24.75,24.79
1140327,1600,24.92,25.06,24.9,25.06
1140328,1600,25.23,25.24,25.1,25.15
1140331,1600,25.1,25.11,24.82,24.82
1140401,1600,24.97,25.01,24.93,24.93
1140402,1600,24.8,24.92,24.77,24.84
1140403,1600,24.85,25.02,24.78,25.02
1140404,1600,25.19,25.2,25.12,25.18
1140407,1600,25.1,25.2,25.1,25.12
1140408,1600,25.26,25.26,25.1,25.15
1140409,1600,25.25,25.31,25.23,25.23
1140410,1600,25.28,25.36,25.19,25.25
1140411,1600,25.25,25.29,25.18,25.18
1140414,1600,25.42,25.45,25.36,25.45
1140415,1600,25.33,25.43,25.3,25.43
1140416,1600,25.33,25.5,25.33,25.47
1140417,1600,25.45,25.45,25.36,25.44
1140422,1600,25.48,25.5,25.45,25.46
1140423,1600,25.43,25.53,25.42,25.53
1140424,1600,25.52,25.62,25.48,25.56
1140425,1600,25.56,25.6,25.53,25.55
1140428,1600,25.69,25.69,25.49,25.49
1140429,1600,25.47,25.64,25.47,25.64
1140430,1600,25.62,25.62,25.38,25.41
1140502,1600,25.26,25.28,25.2,25.26
1140505,1600,25.36,25.36,25.26,25.29
1140506,1600,25.26,25.26,25.11,25.24
1140507,1600,25.27,25.27,25.1,25.1
1140508,1600,25.14,25.22,25.01,25.19
1140509,1600,25.24,25.37,25.24,25.33
1140512,1600,25.31,25.41,25.28,25.34
1140513,1600,25.34,25.47,25.3,25.46
1140514,1600,25.52,25.56,25.49,25.5
1140515,1600,25.49,25.54,25.38,25.38
1140516,1600,25.41,25.41,25.25,25.27
1140519,1600,25.39,25.39,25.31,25.33
1140520,1600,25.42,25.42,25.34,25.39
1140521,1600,25.33,25.41,25.33,25.41
1140522,1600,25.46,25.52,25.46,25.49
1140523,1600,25.44,25.59,25.43,25.43
1140526,1600,25.45,25.54,25.32,25.5
1140527,1600,25.43,25.43,25.29,25.36
1140528,1600,25.35,25.4,25.27,25.35
1140529,1600,25.39,25.4,25.38,25.38
1140530,1600,25.4,25.4,25.17,25.17
1140602,1600,25.11,25.25,25.11,25.25
1140603,1600,25.23,25.23,25.09,25.1
1140604,1600,25.16,25.16,25.06,25.06
1140605,1600,25.04,25.16,24.99,25.07
1140606,1600,24.97,25.08,24.97,25.07
1140609,1600,25.13,25.23,25.12,25.23
1140610,1600,25.25,25.32,25.22,25.29
1140611,1600,25.29,25.29,25.16,25.23
1140612,1600,25.16,25.27,25.15,25.24
1140613,1600,25.46,25.52,25.41,25.51
1140616,1600,25.48,25.6,25.4,25.45
1140617,1600,25.32,25.44,25.32,25.44
1140618,1600,25.43,25.48,25.43,25.45
1140619,1600,25.4,25.55,25.36,25.55
1140620,1600,25.6,25.74,25.6,25.7
1140623,1600,25.78,25.83,25.6,25.6
1140624,1600,25.65,25.65,25.55,25.63
1140625,1600,25.66,25.66,25.54,25.6
1140626,1600,25.66,25.67,25.6,25.6
1140627,1600,25.61,25.65,25.55,25.55
1140630,1600,25.65,25.65,25.33,25.36
1140701,1600,25.14,25.14,25.05,25.05
1140702,1600,25.15,25.22,25.11,25.22
1140703,1600,25.21,25.25,25.11,25.25
1140704,1600,25.32,25.32,25.18,25.18
1140707,1600,25.2,25.2,24.97,24.97
1140708,1600,24.96,24.99,24.88,24.88
1140709,1600,24.85,24.89,24.7,24.7
1140710,1600,24.7,24.74,24.65,24.65
1140711,1600,24.65,24.66,24.52,24.54
1140714,1600,24.44,24.44,24.35,24.38
1140715,1600,24.49,24.49,24.33,24.35
1140716,1600,24.55,24.58,24.52,24.54
1140717,1600,24.55,24.59,24.48,24.59
1140718,1600,24.61,24.61,24.52,24.52
1140721,1600,24.39,24.45,24.36,24.41
1140722,1600,24.57,24.59,24.5,24.5
1140723,1600,24.5,24.55,24.44,24.55
1140724,1600,24.54,24.65,24.5,24.54
1140725,1600,24.6,24.6,24.5,24.57
1140728,1600,24.63,24.63,24.58,24.59
1140729,1600,24.64,24.64,24.5,24.52
1140730,1600,24.53,24.59,24.52,24.59
1140731,1600,24.51,24.53,24.46,24.53
1140801,1600,24.46,24.46,24.31,24.31
1140804,1600,24.33,24.34,24.28,24.34
1140805,1600,24.28,24.37,24.28,24.31
1140806,1600,24.39,24.58,24.39,24.58
1140807,1600,24.45,24.49,24.45,24.46
1140808,1600,24.39,24.44,24.19,24.19
1140811,1600,24.27,24.38,24.27,24.38
1140812,1600,24.38,24.43,24.29,24.29
1140813,1600,24.27,24.27,24.1,24.15
1140814,1600,24.11,24.11,24.04,24.04
1140815,1600,23.96,23.98,23.86,23.95
1140818,1600,23.99,23.99,23.9,23.93
1140819,1600,24.0,24.0,23.96,24.0
1140820,1600,24.04,24.15,24.0,24.05
1140821,1600,24.13,24.17,24.07,24.07
1140822,1600,24.24,24.25,24.13,24.25
1140825,1600,24.32,24.36,24.29,24.29
1140826,1600,24.35,24.41,24.33,24.35
1140827,1600,24.46,24.46,24.39,24.41
1140828,1600,24.44,24.54,24.36,24.46
1140829,1600,24.58,24.58,24.54,24.54
1140901,1600,24.7,24.7,24.52,24.57
1140902,1600,24.56,24.58,24.46,24.46
1140903,1600,24.43,24.43,24.21,24.21
1140904,1600,24.32,24.68,24.32,24.58
1140905,1600,24.71,24.71,24.56,24.58
1140908,1600,24.71,24.71,24.5,24.56
1140909,1600,24.57,24.58,24.46,24.46
1140910,1600,24.43,24.43,24.29,24.29
1140911,1600,24.25,24.25,24.0,24.0
1140912,1600,24.07,24.07,23.89,23.89
1140915,1600,23.89,23.96,23.88,23.95
1140916,1600,23.93,24.02,23.91,24.02
1140917,1600,24.08,24.11,24.03,24.03
1140918,1600,24.11,24.11,23.89,23.89
1140919,1600,23.83,23.89,23.75,23.81
1140922,1600,23.53,23.62,23.53,23.54
1140923,1600,23.57,23.64,23.57,23.64
1140924,1600,23.58,23.76,23.53,23.75
1140925,1600,23.85,23.98,23.79,23.82
1140926,1600,23.9,23.95,23.9,23.94
1140929,1600,23.9,24.05,23.89,24.05
1140930,1600,24.25,24.3,24.15,24.15
1141001,1600,23.97,24.13,23.97,24.13
1141002,1600,23.94,23.94,23.75,23.75
1141006,1600,24.08,24.19,24.03,24.19
1141007,1600,24.13,24.28,24.12,24.27
1141008,1600,24.14,24.14,23.97,23.97
1141009,1600,23.91,24.02,23.88,24.02
1141010,1600,23.82,23.87,23.78,23.84
1141013,1600,23.84,23.86,23.72,23.86
1141014,1600,24.05,24.05,23.88,23.88
1141015,1600,23.75,23.79,23.43,23.51
1141016,1600,23.26,23.33,23.24,23.28
1141017,1600,23.4,23.46,23.34,23.46
1141020,1600,23.51,23.51,23.22,23.22
1141021,1600,23.45,23.47,23.45,23.47
1141022,1600,23.64,23.72,23.62,23.72
1141023,1600,23.59,23.61,23.47,23.6
1141024,1600,23.68,23.68,23.47,23.47
1141027,1600,23.42,23.42,23.27,23.36
1141028,1600,23.45,23.57,23.45,23.51
1141029,1600,23.68,23.75,23.68,23.75
1141030,1600,24.05,24.05,23.82,23.82
1141031,1600,23.9,23.9,23.77,23.77
1141103,1600,23.96,24.12,23.96,24.04
1141104,1600,23.9,23.9,23.6,23.67
1141105,1600,23.61,23.78,23.5,23.78
1141106,1600,23.67,23.86,23.6,23.86
1141107,1600,24.04,24.15,24.02,24.15
1141110,1600,24.16,24.16,24.06,24.1
1141111,1600,23.89,23.92,23.75,23.89
1141112,1600,24.01,24.12,24.01,24.12
1141113,1600,23.97,24.0,23.87,23.87
1141114,1600,23.69,23.8,23.59,23.75
1141117,1600,23.83,23.91,23.75,23.91
1141118,1600,24.01,24.01,23.74,23.76
1141119,1600,23.69,23.83,23.69,23.82
1141120,1600,23.8,23.89,23.79,23.86
1141121,1600,24.06,24.38,24.06,24.34
1141124,1600,24.14,24.15,24.07,24.15
1141125,1600,24.08,24.09,24.0,24.01
1141126,1600,24.06,24.06,24.0,24.03
1141127,1600,23.83,24.03,23.73,23.73
1141128,1600,23.65,23.65,23.46,23.47
1141201,1600,22.83,23.25,22.79,23.25
1141202,1600,23.31,23.35,23.22,23.31
1141203,1600,23.22,23.28,23.11,23.25
1141204,1600,23.29,23.29,22.99,22.99
1141205,1600,23.01,23.21,23.01,23.21
1141208,1600,23.37,23.37,23.05,23.05
1141209,1600,22.89,23.01,22.8,23.01
1141210,1600,23.04,23.04,22.71,22.71
1141211,1600,22.71,22.82,22.67,22.82
1141212,1600,22.73,22.74,22.66,22.67
1141215,1600,22.78,22.85,22.59,22.59
1141216,1600,22.38,22.38,21.99,22.24
1141217,1600,22.05,22.27,22.02,22.27
1141218,1600,22.52,22.83,22.52,22.56
1141219,1600,22.54,22.62,22.49,22.62
1141222,1600,22.6,22.6,22.33,22.33
1141223,1600,22.36,22.5,22.36,22.47
1141229,1600,22.27,22.37,22.21,22.21
1141230,1600,22.21,22.26,22.18,22.18
1150102,1600,22.08,22.16,21.83,22.06
1150105,1600,22.22,22.27,22.17,22.17
1150106,1600,22.1,22.3,22.1,22.13
1150107,1600,22.25,22.49,22.25,22.35
1150108,1600,22.25,22.47,22.25,22.36
1150109,1600,22.4,22.49,22.25,22.25
1150112,1600,22.21,22.3,22.02,22.05
1150113,1600,21.88,22.05,21.85,21.91
1150114,1600,21.71,21.93,21.67,21.87
1150115,1600,22.09,22.65,22.09,22.51
1150116,1600,22.26,22.77,22.25,22.59
1150119,1600,22.69,22.69,22.24,22.51
1150120,1600,22.42,22.59,22.3,22.37
1150121,1600,22.59,22.64,22.4,22.45
1150122,1600,22.63,22.78,22.4,22.69
1150123,1600,22.92,23.3,22.9,22.9
1150126,1600,22.85,22.91,22.61,22.79
1150127,1600,22.7,22.82,22.52,22.71
1150128,1600,22.72,22.72,22.51,22.56
1150129,1600,22.55,22.58,22.16,22.2
1150130,1600,22.18,22.37,22.18,22.32
1150202,1600,22.61,22.85,22.55,22.63
1150203,1600,22.96,23.09,22.75,22.76
1150204,1600,22.99,23.15,22.78,22.78
1150205,1600,22.69,22.87,22.63,22.87
1150206,1600,22.95,23.11,22.9,22.9
1150209,1600,23.17,23.28,23.14,23.26
1150210,1600,23.38,23.38,23.08,23.08
1150211,1600,23.02,23.09,22.8,22.97
1150212,1600,22.83,23.05,22.83,22.85
1150213,1600,23.01,23.27,23.01,23.23
1150216,1600,23.45,23.45,23.31,23.37
1150217,1600,23.45,23.57,22.98,22.98
1150218,1600,23.25,23.25,23.08,23.12
1150219,1600,22.94,23.05,22.8,23.05
1150220,1600,23.17,23.39,23.1,23.1
1150223,1600,23.09,23.09,22.92,22.92
1150224,1600,22.84,23.05,22.82,23.03
1150225,1600,22.78,22.95,22.78,22.91
1150226,1600,23.05,23.25,23.05,23.24
1150227,1600,23.26,23.36,23.21,23.31
1150302,1600,23.55,23.55,23.3,23.35
1150303,1600,23.21,23.31,23.13,23.15
1150304,1600,23.16,23.42,23.16,23.29
1150305,1600,23.47,23.6,23.47,23.56
1150306,1600,23.49,23.7,23.49,23.59
1150309,1600,23.59,23.67,23.47,23.59
1150310,1600,23.56,23.69,23.53,23.53
1150311,1600,23.73,23.85,23.73,23.83
1150312,1600,23.95,23.99,23.75,23.75
1150313,1600,23.66,23.72,23.57,23.57
1150316,1600,23.49,23.56,23.24,23.27
1150317,1600,23.35,23.35,23.15,23.16
1150318,1600,23.1,23.23,23.05,23.23
1150319,1600,23.32,23.46,23.27,23.37
1150320,1600,23.29,23.51,23.21,23.36
1150323,1600,23.37,23.37,23.16,23.23
1150324,1600,23.09,23.35,23.09,23.27
1150325,1600,23.06,23.21,23.06,23.17
1150326,1600,23.47,23.5,23.41,23.5
1150327,1600,23.49,23.59,23.26,23.26
1150330,1600,23.39,23.39,23.12,23.29
1150331,1600,23.24,23.44,23.24,23.41
1150401,1600,23.24,23.44,23.17,23.44
1150402,1600,23.4,23.4,23.2,23.2
1150407,1600,23.5,23.68,23.44,23.68
1150408,1600,23.61,23.61,23.43,23.48
1150409,1600,23.42,23.59,23.42,23.51
1150410,1600,23.67,23.85,23.63,23.85
1150413,1600,23.94,24.02,23.87,23.87
1150414,1600,23.88,23.89,23.69,23.69
1150415,1600,23.88,24.16,23.88,24.16
1150416,1600,24.2,24.21,24.01,24.01
1150417,1600,24.01,24.17,24.0,24.09
1150420,1600,24.09,24.09,23.84,23.92
1150421,1600,24.0,24.03,23.81,23.81
1150422,1600,23.74,23.87,23.66,23.8
1150423,1600,23.81,23.9,23.74,23.9
1150424,1600,23.77,23.81,23.7,23.7
1150427,1600,23.75,23.82,23.73,23.75
1150428,1600,23.63,23.69,23.58,23.62
1150429,1600,23.56,23.56,23.33,23.41
1150430,1600,23.4,23.52,23.34,23.48
1150504,1600,23.57,23.65,23.51,23.61
1150505,1600,23.72,23.88,23.7,23.73
1150506,1600,23.72,23.82,23.5,23.5
1150507,1600,23.33,23.5,23.28,23.28
1150508,1600,23.4,23.48,23.3,23.46
1150511,1600,23.69,23.69,23.5,23.52
1150512,1600,23.44,23.65,23.38,23.65
1150513,1600,23.68,23.77,23.46,23.47
1150514,1600,23.34,23.54,23.34,23.54
1150515,1600,23.44,23.55,23.3,23.3
1150518,1600,23.53,23.57,23.45,23.51
1150519,1600,23.64,23.73,23.5,23.5
1150520,1600,23.63,23.63,23.55,23.58
1150521,1600,23.61,23.75,23.47,23.75
1150522,1600,23.65,23.68,23.5,23.62
1150526,1600,23.85,23.85,23.54,23.54
1150527,1600,23.5,23.55,23.41,23.41
1150528,1600,23.3,23.31,23.25,23.3
1150529,1600,23.28,23.3,23.14,23.3
1150601,1600,23.35,23.57,23.35,23.49
1150602,1600,23.52,23.52,23.17,23.18
1150603,1600,23.18,23.19,22.9,22.9
1150604,1600,22.6,22.62,22.5,22.56
1150605,1600,22.51,22.83,22.51,22.78
1150608,1600,22.85,22.89,22.74,22.75
1150609,1600,22.75,23.07,22.74,22.96
1150610,1600,23.01,23.16,22.99,23.0
1150611,1600,23.03,23.09,22.89,22.89
1150612,1600,22.82,22.94,22.7,22.7
1150615,1600,22.72,22.72,22.57,22.6
1150616,1600,22.53,22.65,22.53,22.61
1150617,1600,22.69,22.85,22.67,22.67
1150618,1600,22.42,22.56,22.42,22.45
1150619,1600,22.44,22.47,22.28,22.28
1150622,1600,22.22,22.33,22.16,22.16
1150623,1600,22.58,22.8,22.58,22.8
1150624,1600,22.85,22.94,22.83,22.85
1150625,1600,22.77,22.82,22.7,22.77
1150626,1600,22.79,23.01,22.79,23.01
1150629,1600,23.09,23.09,22.89,22.89
1150630,1600,22.8,22.96,22.8,22.96
1150701,1600,23.28,23.37,23.28,23.37
1150702,1600,23.37,23.39,23.27,23.39
1150703,1600,23.23,23.27,23.08,23.08
1150706,1600,23.02,23.02,22.83,22.88
1150707,1600,22.74,22.88,22.36,22.49
1150708,1600,22.31,22.59,22.27,22.39
1150709,1600,22.65,22.75,22.65,22.75
1150710,1600,22.67,22.67,22.45,22.56
1150713,1600,22.46,22.95,22.46,22.95
1150714,1600,22.9,22.9,22.71,22.89
1150715,1600,22.92,22.92,22.8,22.83
1150716,1600,22.95,23.03,22.92,22.93
1150717,1600,22.79,22.82,22.71,22.76
1150720,1600,22.67,22.67,22.54,22.59
1150721,1600,22.56,22.57,22.38,22.38
1150722,1600,22.19,22.29,22.1,22.27
1150723,1600,22.07,22.08,21.87,21.91
1150724,1600,21.82,21.85,21.57,21.62
1150727,1600,21.4,21.4,21.1,21.1
1150728,1600,21.07,21.31,21.03,21.31
1150729,1600,21.26,21.44,21.21,21.44
1150730,1600,21.51,21.64,21.47,21.61
1150731,1600,21.45,21.45,21.16,21.16
1150803,1600,21.11,21.11,20.96,20.98
1150804,1600,21.0,21.11,21.0,21.11
1150805,1600,21.32,21.33,21.23,21.26
1150806,1600,21.06,21.11,20.94,20.99
1150807,1600,21.01,21.12,20.97,20.97
1150810,1600,21.13,21.27,20.97,21.27
1150811,1600,21.18,21.18,20.83,20.86
1150812,1600,20.84,20.84,20.73,20.73
1150813,1600,20.77,20.77,20.54,20.55
1150814,1600,20.53,20.6,20.46,20.6
1150817,1600,20.63,20.63,20.53,20.61
1150818,1600,20.59,20.59,20.4,20.49
1150819,1600,20.45,20.6,20.25,20.25
1150820,1600,20.17,20.23,20.12,20.23
1150821,1600,19.96,19.96,19.6,19.6
1150824,1600,19.05,19.05,18.4,18.78
1150825,1600,18.91,19.25,18.91,19.15
1150826,1600,18.93,19.05,18.91,18.97
1150827,1600,19.26,19.67,19.26,19.67
1150828,1600,19.82,20.18,19.65,20.18
1150831,1600,20.02,20.17,19.81,20.17
1150901,1600,20.17,20.39,20.02,20.02
1150902,1600,19.92,20.06,19.79,19.82
1150903,1600,20.05,20.51,20.05,20.41
1150904,1600,20.14,20.28,20.14,20.18
1150907,1600,20.16,20.2,19.87,19.87
1150908,1600,20.07,20.23,19.97,20.23
1150909,1600,20.25,20.31,20.12,20.12
1150910,1600,20.04,20.09,19.97,20.02
1150911,1600,19.9,19.9,19.74,19.74
1150914,1600,19.82,19.88,19.8,19.8
1150915,1600,19.82,19.9,19.79,19.9
1150916,1600,19.96,20.09,19.94,20.09
1150917,1600,20.01,20.01,19.85,19.95
1150918,1600,19.78,19.78,19.57,19.61
1150921,1600,19.71,19.96,19.71,19.96
1150922,1600,19.92,19.92,19.79,19.85
1150923,1600,19.99,20.07,19.94,19.94
1150924,1600,19.71,19.72,19.5,19.64
1150925,1600,20.0,20.03,19.92,19.92
1150928,1600,19.95,19.99,19.67,19.67
1150929,1600,19.65,19.77,19.64,19.77
1150930,1600,19.73,19.99,19.73,19.94
1151001,1600,20.01,20.08,19.86,19.86
1151002,1600,19.72,19.73,19.42,19.59
1151005,1600,19.84,20.15,19.79,20.15
1151006,1600,20.02,20.27,20.0,20.25
1151007,1600,20.41,20.49,20.27,20.27
1151008,1600,20.21,20.24,20.09,20.19
1151009,1600,20.41,20.45,20.28,20.35
1151012,1600,20.42,20.42,20.19,20.21
1151013,1600,20.07,20.13,19.92,20.04
1151014,1600,19.91,19.99,19.83,19.86
1151015,1600,19.89,20.0,19.84,19.84
1151016,1600,19.95,20.0,19.84,19.93
1151019,1600,20.0,20.0,19.79,19.83
1151020,1600,19.8,19.87,19.7,19.78
1151021,1600,19.73,19.73,19.63,19.66
1151022,1600,19.74,19.97,19.74,19.97
1151023,1600,20.14,20.29,20.04,20.04
1151026,1600,20.15,20.18,19.9,19.97
1151027,1600,19.7,19.89,19.7,19.86
1151028,1600,19.82,20.14,19.79,20.14
1151029,1600,20.16,20.16,20.08,20.11
1151030,1600,19.96,19.99,19.84,19.93
1151102,1600,19.98,20.02,19.75,19.89
1151103,1600,19.96,20.2,19.95,20.2
1151104,1600,20.28,20.39,20.19,20.19
1151105,1600,20.22,20.22,20.0,20.02
1151106,1600,19.98,20.14,19.98,20.05
1151109,1600,20.03,20.08,19.83,19.83
1151110,1600,19.85,20.0,19.81,19.94
1151111,1600,19.76,19.78,19.71,19.71
1151112,1600,19.73,19.73,19.46,19.47
1151113,1600,19.48,19.49,19.35,19.45
1151116,1600,19.44,19.49,19.24,19.3
1151117,1600,19.49,19.51,19.36,19.49
1151118,1600,19.42,19.47,19.3,19.3
1151119,1600,19.34,19.35,19.19,19.31
1151120,1600,19.32,19.39,19.29,19.39
1151123,1600,19.14,19.41,19.06,19.41
1151124,1600,19.38,19.57,19.34,19.57
1151125,1600,19.41,19.54,19.4,19.53
1151126,1600,19.77,19.77,19.52,19.52
1151127,1600,19.48,19.57,19.39,19.39
1151130,1600,19.36,19.5,19.31,19.49
1151201,1600,19.46,19.46,19.29,19.39
1151202,1600,19.43,19.44,19.3,19.3
1151203,1600,19.17,19.26,18.75,18.75
1151204,1600,18.91,18.99,18.77,18.98
1151207,1600,18.99,19.0,18.67,18.67
1151208,1600,18.49,18.51,18.4,18.4
1151209,1600,18.33,18.44,18.29,18.29
1151210,1600,18.24,18.3,18.19,18.29
1151211,1600,18.3,18.3,18.01,18.01
1151214,1600,18.0,18.01,17.76,17.81
1151215,1600,17.76,17.95,17.74,17.93
1151216,1600,17.88,17.97,17.78,17.78
1151217,1600,17.8,17.9,17.75,17.82
1151218,1600,17.85,18.17,17.85,18.17
1151221,1600,17.94,18.07,17.92,17.92
1151222,1600,17.91,18.0,17.83,17.85
1151223,1600,17.94,18.06,17.89,18.06
1151228,1600,18.04,18.04,17.87,17.94
1151229,1600,17.97,18.26,17.97,18.26
1151230,1600,18.19,18.19,18.1,18.15
1160104,1600,18.13,18.36,18.01,18.01
1160105,1600,18.26,18.32,18.22,18.3
1160106,1600,18.26,18.26,18.05,18.05
1160107,1600,17.78,17.95,17.65,17.95
1160108,1600,17.9,17.9,17.68,17.68
1160111,1600,17.67,17.72,17.46,17.46
1160112,1600,17.25,17.48,17.25,17.29
1160113,1600,17.37,17.48,17.37,17.45
1160114,1600,17.39,17.39,17.17,17.32
1160115,1600,17.26,17.26,16.93,16.93
1160118,1600,16.9,17.06,16.9,17.02
1160119,1600,17.28,17.32,17.12,17.15
1160120,1600,16.89,16.93,16.81,16.83
1160121,1600,16.88,17.18,16.8,17.18
1160122,1600,17.32,17.56,17.3,17.5
1160125,1600,17.45,17.49,17.3,17.36
1160126,1600,17.23,17.51,17.2,17.51
1160127,1600,17.46,17.64,17.43,17.64
1160128,1600,17.62,17.94,17.52,17.53
1160129,1600,17.8,17.95,17.72,17.85
1160201,1600,17.78,17.79,17.65,17.66
1160202,1600,17.58,17.58,17.29,17.37
1160203,1600,17.38,17.39,17.31,17.31
1160204,1600,17.34,17.39,17.26,17.31
1160205,1600,17.14,17.23,17.13,17.19
1160208,1600,17.2,17.25,17.04,17.1
1160209,1600,17.03,17.08,16.65,16.65
1160210,1600,16.58,16.72,16.5,16.55
1160211,1600,16.55,16.58,16.45,16.48
1160212,1600,16.67,16.92,16.62,16.92
1160215,1600,17.04,17.07,16.92,17.04
1160216,1600,17.16,17.17,16.94,16.94
1160217,1600,16.86,17.19,16.86,17.19
1160218,1600,17.27,17.37,17.17,17.2
1160219,1600,17.19,17.22,17.08,17.09
1160222,1600,17.14,17.43,17.14,17.43
1160223,1600,17.3,17.42,17.14,17.17
1160224,1600,17.12,17.24,17.12,17.2
1160225,1600,17.29,17.34,17.21,17.21
1160226,1600,17.36,17.59,17.36,17.47
1160229,1600,17.36,17.67,17.36,17.67
1160301,1600,17.64,17.71,17.58,17.7
1160302,1600,17.64,17.84,17.61,17.84
1160303,1600,17.77,17.77,17.62,17.72
1160304,1600,17.77,17.94,17.71,17.94
1160307,1600,18.02,18.17,18.02,18.17
1160308,1600,18.09,18.31,17.87,18.11
1160309,1600,18.06,18.37,18.01,18.37
1160310,1600,18.16,18.42,17.96,18.01
1160311,1600,18.11,18.2,18.07,18.07
1160314,1600,18.3,18.3,17.96,17.98
1160315,1600,17.85,17.97,17.84,17.89
1160316,1600,17.95,18.18,17.89,18.18
1160317,1600,18.09,18.09,17.97,18.08
1160318,1600,18.18,18.26,18.09,18.09
1160321,1600,18.0,18.15,17.97,18.15
1160322,1600,18.12,18.23,18.12,18.23
1160323,1600,18.1,18.22,18.0,18.04
1160324,1600,17.93,17.93,17.76,17.93
1160329,1600,17.87,17.87,17.72,17.8
1160330,1600,17.73,17.76,17.65,17.65
1160331,1600,17.53,17.54,17.48,17.54
1160401,1600,17.47,17.47,17.22,17.27
1160404,1600,17.19,17.3,17.19,17.21
1160405,1600,17.13,17.14,17.03,17.03
1160406,1600,17.12,17.18,17.05,17.18
1160407,1600,17.14,17.22,17.1,17.14
1160408,1600,17.32,17.46,17.27,17.46
1160411,1600,17.41,17.5,17.4,17.5
1160412,1600,17.5,17.83,17.5,17.83
1160413,1600,17.93,18.16,17.93,18.16
1160414,1600,18.08,18.14,18.03,18.12
1160415,1600,18.06,18.06,17.8,17.94
1160418,1600,17.73,18.03,17.67,18.03
1160419,1600,18.05,18.31,18.0,18.31
1160420,1600,18.27,18.54,18.19,18.54
1160421,1600,18.82,18.92,18.54,18.76
1160422,1600,18.66,18.86,18.6,18.81
1160425,1600,18.66,18.67,18.5,18.67
1160426,1600,18.5,18.6,18.49,18.6
1160427,1600,18.72,18.81,18.64,18.64
1160428,1600,18.7,18.88,18.64,18.86
1160429,1600,18.78,18.89,18.51,18.51
1160502,1600,18.8,18.8,18.45,18.46
1160503,1600,18.59,18.59,18.24,18.3
1160504,1600,18.27,18.36,18.25,18.36
1160505,1600,18.4,18.57,18.39,18.41
1160506,1600,18.24,18.45,18.16,18.45
1160509,1600,18.45,18.45,18.1,18.1
1160510,1600,18.19,18.3,18.15,18.3
1160511,1600,18.55,18.62,18.43,18.62
1160512,1600,18.72,18.83,18.59,18.59
1160513,1600,18.74,18.85,18.67,18.85
1160517,1600,19.02,19.07,18.91,19.07
1160518,1600,19.08,19.1,19.0,19.1
1160519,1600,18.95,18.98,18.84,18.86
1160520,1600,19.08,19.15,19.01,19.06
1160523,1600,18.96,19.02,18.91,18.96
1160524,1600,18.89,19.11,18.89,19.05
1160525,1600,19.09,19.18,19.05,19.07
1160526,1600,19.31,19.34,19.13,19.21
1160527,1600,19.16,19.32,19.15,19.32
1160530,1600,19.32,19.34,19.21,19.24
1160531,1600,19.36,19.39,19.29,19.38
1160601,1600,19.22,19.27,19.1,19.27
1160602,1600,19.39,19.52,19.31,19.52
1160603,1600,19.6,19.72,19.34,19.35
1160606,1600,19.5,19.6,19.49,19.53
1160607,1600,19.46,19.53,19.41,19.52
1160608,1600,19.59,19.85,19.59,19.84
1160609,1600,19.92,19.97,19.83,19.97
1160610,1600,19.93,19.98,19.87,19.92
1160613,1600,19.94,19.97,19.9,19.95
1160614,1600,19.8,19.89,19.73,19.86
1160615,1600,19.88,19.93,19.84,19.88
1160616,1600,19.67,19.87,19.67,19.78
1160617,1600,19.64,19.75,19.62,19.75
1160620,1600,19.74,19.91,19.68,19.91
1160621,1600,19.77,19.81,19.67,19.77
1160622,1600,19.84,19.84,19.68,19.68
1160623,1600,19.5,19.56,19.45,19.53
1160624,1600,19.73,19.82,19.63,19.74
1160627,1600,19.95,19.96,19.83,19.84
1160628,1600,19.92,20.08,19.91,20.05
1160629,1600,20.1,20.21,20.06,20.21
1160630,1600,20.25,20.25,20.08,20.1
1160701,1600,20.22,20.23,20.06,20.17
1160704,1600,20.3,20.41,20.27,20.29
1160705,1600,20.2,20.2,19.7,19.78
1160706,1600,19.91,19.92,19.62,19.7
1160707,1600,19.92,19.99,19.61,19.61
1160708,1600,19.48,19.64,19.46,19.63
1160711,1600,19.77,19.84,19.72,19.72
1160712,1600,19.61,19.75,19.59,19.75
1160713,1600,19.91,19.97,19.76,19.76
1160714,1600,19.79,19.87,19.77,19.85
1160715,1600,19.67,19.8,19.62,19.8
1160718,1600,19.73,19.76,19.57,19.62
1160719,1600,19.65,19.72,19.62,19.68
1160720,1600,19.63,19.63,19.4,19.53
1160721,1600,19.5,19.54,19.44,19.5
1160722,1600,19.31,19.37,19.24,19.35
1160725,1600,19.4,19.4,19.18,19.27
1160726,1600,19.15,19.22,19.11,19.22
1160727,1600,19.12,19.21,19.06,19.12
1160728,1600,18.99,19.0,18.9,19.0
1160729,1600,18.83,18.92,18.73,18.92
1160801,1600,19.01,19.01,18.75,18.75
1160802,1600,18.71,18.78,18.52,18.52
1160803,1600,18.52,18.81,18.52,18.81
1160804,1600,18.83,18.93,18.74,18.93
1160805,1600,18.97,19.04,18.89,18.99
1160808,1600,19.03,19.145,19.03,19.12
1160809,1600,19.05,19.105,19.025,19.06
1160810,1600,18.955,18.97,18.81,18.81
1160811,1600,18.765,18.915,18.695,18.915
1160812,1600,18.95,18.96,18.82,18.96
1160815,1600,19.02,19.13,18.99,19.13
1160816,1600,19.055,19.115,19.0,19.06
1160817,1600,19.04,19.125,19.04,19.115
1160818,1600,19.12,19.17,19.05,19.17
1160819,1600,19.19,19.19,19.06,19.125
1160822,1600,19.09,19.105,19.02,19.04
1160823,1600,18.96,19.06,18.885,19.06
1160824,1600,19.055,19.12,19.005,19.005
1160825,1600,18.92,18.965,18.905,18.96
1160826,1600,18.91,19.065,18.905,19.055
1160829,1600,19.01,19.09,18.99,19.02
1160830,1600,19.005,19.05,18.845,18.845
1160831,1600,18.865,18.865,18.67,18.67
1160901,1600,18.74,18.755,18.42,18.48
1160902,1600,18.51,18.74,18.485,18.74
1160905,1600,18.675,18.895,18.675,18.76
1160906,1600,18.785,18.785,18.57,18.595
1160907,1600,18.7,18.745,18.685,18.725
1160908,1600,18.805,18.945,18.73,18.945
1160909,1600,18.925,18.935,18.855,18.935
1160912,1600,18.635,18.875,18.635,18.875
1160913,1600,18.8,18.8,18.58,18.58
1160914,1600,18.615,18.68,18.48,18.48
1160915,1600,18.535,18.585,18.455,18.585
1160916,1600,18.54,18.73,18.5,18.73
1160919,1600,18.85,18.895,18.84,18.885
1160920,1600,18.785,18.965,18.765,18.94
1160921,1600,19.105,19.135,19.075,19.11
1160922,1600,19.085,19.215,19.07,19.17
1160923,1600,19.085,19.135,19.005,19.005
1160926,1600,18.865,18.96,18.8,18.93
1160927,1600,18.895,18.905,18.785,18.815
1160928,1600,18.84,18.91,18.815,18.855
1160929,1600,19.06,19.115,19.035,19.085
1160930,1600,19.125,19.2,19.025,19.04
1161004,1600,19.185,19.24,19.155,19.23
1161005,1600,19.135,19.195,19.085,19.195
1161006,1600,19.18,19.25,19.155,19.19
1161007,1600,19.315,19.365,19.27,19.27
1161010,1600,19.3,19.545,19.24,19.535
1161011,1600,19.585,19.615,19.535,19.555
1161012,1600,19.63,19.68,19.57,19.61
1161013,1600,19.515,19.57,19.43,19.57
1161014,1600,19.74,19.77,19.69,19.69
1161017,1600,19.735,19.77,19.66,19.67
1161018,1600,19.82,19.84,19.76,19.77
1161019,1600,19.835,19.945,19.74,19.92
1161020,1600,19.9,19.9,19.76,19.77
1161021,1600,19.78,19.87,19.78,19.87
1161024,1600,19.94,19.95,19.84,19.86
1161025,1600,19.93,20.0,19.86,19.895
1161026,1600,19.77,19.77,19.625,19.74
1161027,1600,19.705,19.825,19.705,19.825
1161028,1600,19.795,19.835,19.755,19.79
1161031,1600,19.67,19.7,19.54,19.54
1161101,1600,19.52,19.52,19.2,19.2
1161102,1600,19.05,19.05,18.89,18.92
1161103,1600,18.95,19.03,18.92,18.92
1161104,1600,18.9,18.9,18.75,18.81
1161107,1600,19.05,19.07,18.98,19.01
1161108,1600,19.08,19.11,18.95,19.11
1161109,1600,18.925,19.345,18.9,19.345
1161110,1600,19.51,19.56,19.315,19.345
1161111,1600,19.405,19.48,19.045,19.075
1161114,1600,19.21,19.32,19.165,19.185
1161115,1600,19.265,19.45,19.215,19.45
1161116,1600,19.5,19.505,19.41,19.46
1161117,1600,19.39,19.555,19.39,19.555
1161118,1600,19.48,19.69,19.465,19.655
1161121,1600,19.865,20.05,19.805,20.05
1161122,1600,20.2,20.22,20.085,20.085
1161123,1600,20.12,20.305,20.035,20.25
1161124,1600,20.385,20.385,20.28,20.28
1161125,1600,20.19,20.285,20.16,20.165
1161128,1600,20.42,20.42,20.42,20.42
1161129,1600,20.28,20.28,19.995,19.995
1161130,1600,20.0,20.485,19.99,20.345
1161201,1600,20.39,20.6,20.31,20.56
1161202,1600,20.44,20.505,20.33,20.44
1161205,1600,20.71,20.71,20.56,20.67
1161206,1600,20.52,20.66,20.49,20.66
1161207,1600,20.66,20.72,20.51,20.53
1161208,1600,20.35,20.68,20.3,20.615
1161209,1600,20.775,20.975,20.775,20.94
1161212,1600,21.055,21.065,20.855,20.9
1161213,1600,20.78,20.925,20.685,20.725
1161214,1600,20.68,20.75,20.645,20.69
1161215,1600,20.905,21.0,20.82,20.97
1161216,1600,20.88,20.895,20.745,20.88
1161219,1600,20.865,20.89,20.755,20.76
1161220,1600,20.88,20.96,20.83,20.845
1161221,1600,20.89,20.915,20.775,20.855
1161222,1600,20.75,20.8,20.595,20.755
1161223,1600,20.74,20.745,20.64,20.74
1161227,1600,20.895,21.02,20.805,20.95
1161228,1600,20.94,21.16,20.94,21.13
1161229,1600,21.08,21.125,20.96,20.96
1161230,1600,20.96,20.99,20.84,20.865
1170102,1600,21.005,21.11,20.795,21.018
1170103,1600,21.0,21.215,20.84,20.84
1170104,1600,20.785,20.82,20.705,20.81
1170105,1600,20.74,20.92,20.63,20.63
1170106,1600,20.665,20.82,20.635,20.785
1170109,1600,20.74,20.75,20.495,20.495
1170110,1600,20.54,20.66,20.455,20.645
1170111,1600,20.645,20.825,20.635,20.785
1170112,1600,20.66,20.79,20.655,20.71
1170113,1600,20.865,20.89,20.715,20.89
1170116,1600,20.975,21.06,20.935,20.95
1170117,1600,20.925,20.96,20.84,20.84
1170118,1600,20.86,20.86,20.73,20.83
1170119,1600,20.81,20.87,20.75,20.825
1170120,1600,20.69,20.86,20.67,20.805
1170123,1600,20.69,20.715,20.62,20.675
1170124,1600,20.745,20.815,20.715,20.77
1170125,1600,20.7,20.7,20.555,20.675
1170126,1600,20.695,20.85,20.665,20.8
1170127,1600,20.65,20.65,20.52,20.565
1170130,1600,20.585,20.645,20.4,20.45
1170131,1600,20.38,20.44,20.335,20.4
1170201,1600,20.395,20.565,20.37,20.565
1170202,1600,20.575,20.61,20.5,20.555
1170203,1600,20.57,20.57,20.45,20.5
1170206,1600,20.595,20.645,20.53,20.53
1170207,1600,20.605,20.65,20.575,20.58
1170208,1600,20.74,20.74,20.645,20.685
1170209,1600,20.815,20.86,20.765,20.815
1170210,1600,20.845,21.075,20.84,21.05
1170213,1600,21.05,21.05,20.96,20.99
1170214,1600,20.955,21.04,20.93,20.985
1170215,1600,21.03,21.115,21.02,21.065
1170216,1600,21.005,21.005,20.825,20.825
1170217,1600,20.71,20.785,20.65,20.78
1170220,1600,20.855,20.885,20.82,20.885
1170221,1600,20.95,21.045,20.905,20.96
1170222,1600,20.915,20.965,20.83,20.845
1170223,1600,20.83,20.905,20.75,20.755
1170224,1600,20.67,20.77,20.67,20.7
1170227,1600,20.73,20.73,20.595,20.595
1170228,1600,20.635,20.725,20.56,20.695
1170301,1600,20.89,21.015,20.855,20.94
1170302,1600,20.925,20.965,20.82,20.825
1170303,1600,20.765,20.765,20.61,20.655
1170306,1600,20.6,20.71,20.6,20.665
1170307,1600,20.59,20.635,20.435,20.435
1170308,1600,20.5,20.54,20.435,20.445
1170309,1600,20.29,20.29,20.04,20.09
1170310,1600,19.975,20.025,19.825,19.825
1170313,1600,19.84,19.88,19.81,19.86
1170314,1600,19.86,19.9,19.695,19.755
1170315,1600,19.885,19.965,19.86,19.91
1170316,1600,19.96,19.98,19.81,19.81
1170317,1600,19.76,19.875,19.75,19.82
1170320,1600,19.795,19.885,19.795,19.88
1170321,1600,19.79,19.79,19.665,19.69
1170322,1600,19.665,19.685,19.52,19.65
1170323,1600,19.7,19.725,19.625,19.65
1170324,1600,19.665,19.67,19.585,19.6
1170327,1600,19.49,19.515,19.34,19.4
1170328,1600,19.445,19.6,19.445,19.6
1170329,1600,19.735,19.89,19.725,19.89
1170330,1600,19.9,20.025,19.84,20.01
1170331,1600,19.99,20.01,19.96,19.96
1170403,1600,20.12,20.13,20.025,20.025
1170404,1600,19.95,20.055,19.92,20.03
1170405,1600,20.145,20.21,20.105,20.165
1170406,1600,20.12,20.19,20.12,20.175
1170407,1600,20.23,20.285,20.14,20.27
1170410,1600,20.265,20.34,20.265,20.28
1170411,1600,20.355,20.355,20.225,20.225
1170412,1600,20.295,20.37,20.29,20.29
1170413,1600,20.31,20.39,20.255,20.355
1170418,1600,20.21,20.235,19.98,19.98
1170419,1600,19.99,20.04,19.93,19.945
1170420,1600,19.81,19.84,19.715,19.715
1170421,1600,19.76,19.8,19.65,19.66
1170424,1600,19.45,19.45,19.275,19.3
1170425,1600,19.285,19.285,19.175,19.18
1170426,1600,19.225,19.445,19.225,19.43
1170427,1600,19.26,19.275,19.215,19.215
1170428,1600,19.285,19.32,19.235,19.26
1170502,1600,19.31,19.41,19.31,19.38
1170503,1600,19.25,19.25,19.16,19.175
1170504,1600,19.21,19.21,18.885,18.885
1170505,1600,18.745,18.915,18.725,18.89
1170508,1600,18.82,18.9,18.795,18.795
1170509,1600,18.905,18.97,18.905,18.935
1170510,1600,18.9,19.07,18.89,19.07
1170511,1600,19.16,19.25,19.135,19.145
1170512,1600,19.2,19.24,19.14,19.17
1170515,1600,19.24,19.245,19.17,19.17
1170516,1600,19.025,19.025,18.91,18.91
1170517,1600,18.895,18.935,18.89,18.925
1170518,1600,18.68,18.865,18.68,18.81
1170519,1600,18.815,18.955,18.815,18.945
1170522,1600,19.03,19.105,18.975,19.04
1170523,1600,18.945,18.995,18.9,18.94
1170524,1600,18.95,18.985,18.92,18.94
1170525,1600,18.9,18.92,18.78,18.78
1170526,1600,18.725,18.81,18.7,18.81
1170529,1600,18.845,18.86,18.735,18.86
1170530,1600,18.835,18.835,18.595,18.6
1170531,1600,18.605,18.62,18.4,18.415
1170601,1600,18.49,18.53,18.405,18.47
1170602,1600,18.365,18.365,18.255,18.29
1170605,1600,18.29,18.29,18.29,18.29
1170606,1600,18.25,18.335,18.23,18.335
1170607,1600,18.345,18.45,18.23,18.305
1170608,1600,18.295,18.415,18.295,18.4
1170609,1600,18.37,18.5,18.36,18.5
1170612,1600,18.39,18.41,18.315,18.315
1170613,1600,18.27,18.27,18.175,18.195
1170614,1600,18.26,18.26,18.02,18.03
1170615,1600,18.075,18.145,18.01,18.145
1170616,1600,18.2,18.245,18.16,18.16
1170619,1600,18.115,18.2,18.115,18.2
1170620,1600,18.175,18.195,17.96,18.02
1170621,1600,18.025,18.085,17.995,18.02
1170622,1600,17.87,17.95,17.865,17.92
1170623,1600,17.825,17.935,17.815,17.865
1170626,1600,17.905,17.91,17.765,17.815
1170627,1600,17.98,17.98,17.825,17.895
1170628,1600,17.76,17.81,17.72,17.81
1170629,1600,17.82,17.91,17.805,17.85
1170630,1600,17.9,17.985,17.86,17.985
1170703,1600,18.19,18.405,18.19,18.405
1170704,1600,18.335,18.41,18.29,18.315
1170705,1600,18.37,18.37,18.125,18.155
1170706,1600,18.165,18.195,18.07,18.13
1170707,1600,18.03,18.085,17.945,18.035
1170710,1600,18.055,18.15,18.05,18.12
1170711,1600,18.16,18.16,18.0,18.13
1170712,1600,18.16,18.195,18.16,18.18
1170713,1600,18.085,18.145,18.04,18.12
1170714,1600,18.015,18.105,17.99,18.05
1170717,1600,18.08,18.135,18.08,18.135
1170718,1600,18.035,18.11,18.005,18.04
1170719,1600,18.085,18.2,18.07,18.17
1170720,1600,18.195,18.29,18.03,18.03
1170721,1600,17.97,18.03,17.93,17.93
1170724,1600,17.775,17.825,17.75,17.76
1170725,1600,17.88,17.885,17.82,17.87
1170726,1600,17.94,17.985,17.895,17.96
1170727,1600,17.975,18.105,17.945,18.105
1170728,1600,18.03,18.05,17.99,18.03
1170731,1600,18.015,18.035,17.895,17.905
1170801,1600,17.9,17.905,17.695,17.695
1170802,1600,17.7,17.735,17.67,17.71
1170803,1600,17.63,17.72,17.625,17.67
1170804,1600,17.585,17.77,17.55,17.765
1170807,1600,17.755,17.755,17.66,17.725
1170808,1600,17.83,17.915,17.82,17.915
1170809,1600,17.935,18.05,17.925,17.955
1170810,1600,18.045,18.16,18.045,18.055
1170811,1600,17.78,17.785,17.71,17.72
1170814,1600,17.65,17.725,17.65,17.68
1170815,1600,17.73,17.75,17.63,17.65
1170816,1600,17.64,17.765,17.64,17.76
1170817,1600,17.67,17.715,17.61,17.61
1170818,1600,17.72,17.72,17.615,17.7
1170821,1600,17.805,17.805,17.655,17.655
1170822,1600,17.715,17.74,17.69,17.69
1170823,1600,17.675,17.675,17.63,17.675
1170824,1600,17.73,17.73,17.685,17.685
1170825,1600,17.825,17.825,17.595,17.595
1170828,1600,17.6,17.6,17.485,17.505
1170829,1600,17.45,17.45,17.375,17.385
1170830,1600,17.5,17.545,17.5,17.515
1170831,1600,17.545,17.725,17.545,17.725
1170901,1600,17.89,17.935,17.775,17.935
1170904,1600,17.885,17.915,17.845,17.885
1170905,1600,17.925,18.02,17.895,17.98
1170906,1600,17.95,18.005,17.89,17.995
1170907,1600,17.975,17.975,17.84,17.845
1170908,1600,17.79,17.83,17.71,17.73
1170911,1600,17.725,17.725,17.665,17.725
1170912,1600,17.72,17.805,17.71,17.805
1170913,1600,17.72,17.9,17.7,17.9
1170914,1600,17.89,18.0,17.86,17.96
1170915,1600,17.845,17.875,17.78,17.815
1170918,1600,17.94,17.955,17.82,17.835
1170919,1600,17.79,17.825,17.73,17.73
1170920,1600,17.815,17.885,17.815,17.885
1170921,1600,17.95,17.95,17.845,17.845
1170922,1600,17.76,17.795,17.73,17.78
1170925,1600,17.815,18.01,17.815,18.01
1170926,1600,18.065,18.14,18.02,18.1
1170927,1600,18.12,18.12,18.05,18.05
1170928,1600,18.055,18.07,17.985,18.025
1170929,1600,17.99,17.995,17.925,17.96
1171002,1600,17.99,17.99,17.82,17.85
1171003,1600,17.85,17.85,17.85,17.85
1171004,1600,17.855,17.92,17.845,17.905
1171005,1600,17.905,18.145,17.905,18.145
1171006,1600,18.125,18.14,17.885,17.96
1171009,1600,17.985,17.985,17.925,17.955
1171010,1600,17.93,18.02,17.9,18.015
1171011,1600,17.96,18.0,17.915,17.915
1171012,1600,17.96,17.965,17.91,17.92
1171013,1600,18.085,18.16,18.085,18.155
1171016,1600,18.36,18.36,18.21,18.24
1171017,1600,18.285,18.345,18.24,18.26
1171018,1600,18.245,18.245,18.13,18.13
1171019,1600,18.13,18.13,18.025,18.11
1171020,1600,18.18,18.18,18.12,18.17
1171023,1600,18.18,18.26,18.18,18.25
1171024,1600,18.255,18.31,18.235,18.31
1171025,1600,18.305,18.33,18.22,18.22
1171026,1600,18.195,18.39,18.195,18.39
1171027,1600,18.465,18.55,18.37,18.545
1171030,1600,18.555,18.585,18.53,18.565
1171031,1600,18.565,18.565,18.565,18.565
1171101,1600,18.64,18.74,18.64,18.69
1171102,1600,18.64,18.64,18.57,18.625
1171103,1600,18.715,18.715,18.63,18.7
1171106,1600,18.87,19.0,18.845,19.0
1171107,1600,19.05,19.055,18.925,18.955
1171108,1600,18.91,18.975,18.89,18.93
1171109,1600,18.9,18.905,18.855,18.875
1171110,1600,18.82,18.84,18.77,18.77
1171113,1600,18.8,18.82,18.74,18.8
1171114,1600,18.61,18.635,18.29,18.29
1171115,1600,18.22,18.3,18.165,18.3
1171116,1600,18.315,18.34,18.27,18.29
1171117,1600,18.255,18.4,18.255,18.4
1171120,1600,18.42,18.42,18.325,18.36
1171121,1600,18.405,18.485,18.405,18.485
1171122,1600,18.5,18.54,18.475,18.5
1171123,1600,18.405,18.445,18.355,18.435
1171124,1600,18.425,18.46,18.27,18.27
1171127,1600,18.23,18.265,18.195,18.25
1171128,1600,18.26,18.29,18.245,18.275
1171129,1600,18.29,18.37,18.28,18.285
1171130,1600,18.205,18.315,18.125,18.145
1171201,1600,18.125,18.245,18.08,18.21
1171204,1600,18.32,18.32,18.175,18.205
1171205,1600,18.06,18.095,18.02,18.055
1171206,1600,18.03,18.05,17.9,17.9
1171207,1600,17.845,17.88,17.7875,17.7875
1171208,1600,17.93,18.01,17.895,17.9175
1171211,1600,17.905,17.905,17.835,17.9
1171212,1600,17.975,17.975,17.91,17.91
1171213,1600,17.875,17.91,17.775,17.8
1171214,1600,17.74,17.85,17.675,17.85
1171215,1600,17.855,17.935,17.855,17.925
1171218,1600,17.925,17.995,17.925,17.975
1171219,1600,17.965,17.975,17.92,17.92
1171220,1600,17.95,18.01,17.9,17.92
1171221,1600,18.0,18.005,17.93,18.005
1171222,1600,18.015,18.1,18.005,18.1
1171227,1600,18.285,18.35,18.25,18.325
1171228,1600,18.38,18.38,18.32,18.32
1171229,1600,18.405,18.405,18.31,18.32
1180102,1600,18.5,18.5,18.302,18.41
1180103,1600,18.412,18.476,18.4,18.412
1180104,1600,18.53,18.53,18.362,18.432
1180105,1600,18.38,18.38,18.29,18.312
1180108,1600,18.394,18.424,18.34,18.34
1180109,1600,18.51,18.51,18.41,18.458
1180110,1600,18.564,18.586,18.48,18.512
1180111,1600,18.576,18.576,18.4,18.44
1180112,1600,18.38,18.38,18.224,18.364
1180115,1600,18.334,18.334,18.21,18.24
1180116,1600,18.182,18.182,18.076,18.122
1180117,1600,18.126,18.18,18.108,18.174
1180118,1600,18.21,18.236,18.144,18.172
1180119,1600,18.102,18.16,18.102,18.158
1180122,1600,18.222,18.222,18.16,18.184
1180123,1600,18.244,18.252,18.15,18.2
1180124,1600,18.218,18.278,18.192,18.278
1180125,1600,18.346,18.374,18.208,18.262
1180126,1600,18.2,18.32,18.196,18.32
1180129,1600,18.4,18.4,18.356,18.378
1180130,1600,18.378,18.378,18.226,18.226
1180131,1600,18.17,18.17,18.07,18.076
1180201,1600,18.08,18.09,17.998,17.998
1180202,1600,18.096,18.096,17.906,17.906
1180205,1600,17.932,17.986,17.882,17.986
1180206,1600,17.858,17.922,17.858,17.882
1180207,1600,17.954,17.968,17.812,17.812
1180208,1600,17.83,17.848,17.82,17.822
1180209,1600,17.682,17.73,17.646,17.652
1180212,1600,17.662,17.734,17.628,17.628
1180213,1600,17.672,17.672,17.558,17.626
1180214,1600,17.568,17.696,17.568,17.694
1180215,1600,17.734,17.74,17.644,17.654
1180216,1600,17.72,17.79,17.702,17.79
1180219,1600,17.91,17.93,17.808,17.866
1180220,1600,17.954,17.982,17.938,17.968
1180221,1600,17.846,17.982,17.846,17.982
1180222,1600,17.91,18.034,17.91,18.024
1180223,1600,18.026,18.09,18.0,18.09
1180226,1600,18.146,18.204,18.134,18.184
1180227,1600,18.108,18.196,18.1,18.176
1180228,1600,18.212,18.288,18.184,18.186
1180301,1600,18.146,18.146,18.066,18.094
1180302,1600,18.106,18.106,17.918,17.972
1180305,1600,18.026,18.036,17.922,18.036
1180306,1600,18.056,18.078,17.99,17.99
1180307,1600,17.958,17.958,17.9,17.9
1180308,1600,17.798,17.824,17.786,17.824
1180309,1600,17.858,17.932,17.838,17.932
1180312,1600,17.882,17.882,17.806,17.832
1180313,1600,17.858,17.918,17.758,17.758
1180314,1600,17.808,17.878,17.786,17.786
1180315,1600,17.832,17.84,17.75,17.83
1180316,1600,17.838,17.854,17.782,17.842
1180319,1600,17.778,17.778,17.668,17.678
1180320,1600,17.658,17.798,17.634,17.768
1180321,1600,17.75,17.902,17.746,17.902
1180322,1600,17.832,17.85,17.754,17.758
1180323,1600,17.762,17.762,17.67,17.728
1180326,1600,17.756,17.756,17.65,17.656
1180327,1600,17.62,17.744,17.62,17.662
1180328,1600,17.652,17.672,17.6,17.672
1180329,1600,17.724,17.77,17.724,17.77
1180403,1600,17.732,17.86,17.72,17.86
1180404,1600,17.824,17.824,17.52,17.658
1180405,1600,17.768,17.87,17.73,17.87
1180406,1600,17.804,17.834,17.752,17.752
1180409,1600,17.848,17.896,17.812,17.896
1180410,1600,18.014,18.044,17.974,18.044
1180411,1600,18.038,18.178,18.038,18.178
1180412,1600,18.04,18.106,18.04,18.106
1180413,1600,18.188,18.216,18.186,18.216
1180416,1600,18.132,18.15,18.1,18.118
1180417,1600,18.02,18.116,18.02,18.1
1180418,1600,18.192,18.362,18.192,18.328
1180419,1600,18.49,18.504,18.352,18.352
1180420,1600,18.304,18.352,18.29,18.352
1180423,1600,18.39,18.426,18.25,18.32
1180424,1600,18.35,18.408,18.346,18.35
1180425,1600,18.286,18.36,18.286,18.36
1180426,1600,18.426,18.566,18.394,18.514
1180427,1600,18.59,18.59,18.51,18.566
1180430,1600,18.508,18.632,18.508,18.6
1180502,1600,18.77,18.834,18.71,18.78
1180503,1600,18.828,18.84,18.756,18.826
1180504,1600,18.882,18.9,18.818,18.898
1180507,1600,19.0,19.04,18.932,19.0
1180508,1600,18.922,19.064,18.866,18.892
1180509,1600,19.102,19.13,19.048,19.092
1180510,1600,19.102,19.114,18.988,19.086
1180511,1600,19.07,19.086,18.954,18.954
1180514,1600,18.962,18.976,18.856,18.972
1180515,1600,19.04,19.188,19.028,19.052
1180516,1600,19.154,19.226,19.124,19.214
1180517,1600,19.25,19.328,19.22,19.328
1180518,1600,19.35,19.38,19.34,19.38
1180521,1600,19.38,19.38,19.38,19.38
1180522,1600,19.412,19.57,19.412,19.57
1180523,1600,19.576,19.614,19.492,19.614
1180524,1600,19.688,19.718,19.622,19.71
1180525,1600,19.696,19.696,19.602,19.602
1180528,1600,19.392,19.59,19.392,19.584
1180529,1600,19.78,19.834,19.66,19.756
1180530,1600,19.54,19.578,19.506,19.578
1180531,1600,19.53,19.628,19.518,19.616
1180601,1600,19.55,19.57,19.468,19.472
1180604,1600,19.414,19.422,19.284,19.334
1180605,1600,19.298,19.3,19.218,19.296
1180606,1600,19.302,19.304,19.18,19.262
1180607,1600,19.168,19.232,19.168,19.232
1180608,1600,19.192,19.22,19.186,19.216
1180611,1600,19.226,19.226,19.144,19.198
1180612,1600,19.256,19.256,19.14,19.14
1180613,1600,19.164,19.244,19.164,19.244
1180614,1600,19.098,19.33,19.094,19.268
1180615,1600,19.408,19.408,19.048,19.048
1180618,1600,19.03,19.092,18.956,19.01
1180619,1600,18.9,18.938,18.69,18.754
1180620,1600,18.94,18.94,18.836,18.836
1180621,1600,18.83,18.854,18.756,18.756
1180622,1600,18.762,18.822,18.75,18.822
1180625,1600,18.8,18.8,18.562,18.592
1180626,1600,18.554,18.672,18.552,18.672
1180627,1600,18.74,18.96,18.74,18.916
1180628,1600,18.992,18.992,18.916,18.94
1180629,1600,18.8,18.882,18.8,18.882
1180702,1600,18.816,18.854,18.598,18.598
1180703,1600,18.58,18.68,18.542,18.55
1180704,1600,18.572,18.594,18.516,18.594
1180705,1600,18.512,18.512,18.448,18.478
1180706,1600,18.402,18.402,18.28,18.39
1180709,1600,18.466,18.496,18.44,18.482
1180710,1600,18.486,18.504,18.392,18.392
1180711,1600,18.212,18.234,18.128,18.128
1180712,1600,18.1,18.11,17.998,17.998
1180713,1600,18.104,18.164,18.08,18.164
1180716,1600,18.042,18.042,17.878,17.878
1180717,1600,17.828,17.9,17.828,17.846
1180718,1600,17.944,17.966,17.92,17.944
1180719,1600,17.902,18.054,17.872,18.054
1180720,1600,18.074,18.1,18.0,18.0
1180723,1600,17.966,18.074,17.95,18.074
1180724,1600,18.052,18.164,18.038,18.164
1180725,1600,18.184,18.272,18.154,18.272
1180726,1600,18.368,18.414,18.368,18.414
1180727,1600,18.424,18.424,18.38,18.38
1180730,1600,18.36,18.404,18.342,18.394
1180731,1600,18.326,18.444,18.304,18.442
1180801,1600,18.304,18.312,18.22,18.22
1180802,1600,18.25,18.388,18.194,18.388
1180803,1600,18.328,18.512,18.328,18.512
1180806,1600,18.47,18.586,18.466,18.586
1180807,1600,18.634,18.664,18.574,18.574
1180808,1600,18.574,18.628,18.458,18.458
1180809,1600,18.5,18.558,18.5,18.518
1180810,1600,18.57,18.74,18.56,18.734
1180813,1600,18.56,18.564,18.46,18.482
1180814,1600,18.49,18.612,18.49,18.59
1180815,1600,18.55,18.55,18.288,18.302
1180816,1600,18.34,18.398,18.324,18.398
1180817,1600,18.362,18.45,18.358,18.406
1180820,1600,18.442,18.508,18.376,18.386
1180821,1600,18.278,18.304,18.278,18.286
1180822,1600,18.2,18.2,18.15,18.154
1180823,1600,18.154,18.18,18.106,18.18
1180824,1600,18.208,18.21,18.208,18.21
1180827,1600,18.17,18.17,18.12,18.12
1180828,1600,18.12,18.13,17.992,17.994
1180829,1600,17.97,18.082,17.97,18.04
1180830,1600,18.082,18.118,18.06,18.1
1180831,1600,18.074,18.224,18.074,18.224
1180903,1600,18.19,18.222,18.156,18.18
1180904,1600,18.22,18.276,18.118,18.178
1180905,1600,18.144,18.144,17.992,18.018
1180906,1600,17.954,18.026,17.91,17.91
1180907,1600,17.828,18.016,17.818,18.016
1180910,1600,18.056,18.07,17.998,18.038
1180911,1600,18.056,18.07,17.962,18.052
1180912,1600,18.118,18.14,18.046,18.046
1180913,1600,18.114,18.114,17.886,17.886
1180914,1600,17.834,17.88,17.832,17.846
1180917,1600,17.882,17.882,17.784,17.81
1180918,1600,17.724,17.85,17.722,17.836
1180919,1600,17.924,18.006,17.904,17.998
1180920,1600,18.054,18.054,17.876,17.932
1180921,1600,17.966,18.172,17.966,18.118
1180924,1600,18.198,18.212,18.128,18.212
1180925,1600,18.21,18.278,18.2,18.244
1180926,1600,18.26,18.288,18.252,18.288
1180927,1600,18.278,18.31,18.266,18.31
1180928,1600,18.402,18.602,18.402,18.542
1181001,1600,18.552,18.802,18.53,18.802
1181002,1600,18.926,19.078,18.926,19.078
1181004,1600,19.294,19.294,19.142,19.142
1181005,1600,19.136,19.148,19.026,19.086
1181008,1600,18.992,19.148,18.992,19.148
1181009,1600,19.186,19.244,19.112,19.186
1181010,1600,19.2,19.212,18.934,18.968
1181011,1600,18.782,18.816,18.7,18.794
1181012,1600,18.836,18.87,18.828,18.828
1181015,1600,18.886,18.964,18.884,18.95
1181016,1600,18.99,18.99,18.934,18.94
1181017,1600,19.01,19.058,18.99,18.99
1181018,1600,18.96,18.96,18.874,18.904
1181019,1600,18.956,18.956,18.89,18.89
1181022,1600,18.838,18.936,18.838,18.936
1181023,1600,18.822,18.834,18.782,18.81
1181024,1600,18.778,18.924,18.778,18.858
1181025,1600,18.762,18.838,18.762,18.826
1181026,1600,18.758,18.862,18.732,18.862
1181029,1600,18.772,18.842,18.742,18.748
1181030,1600,18.744,18.744,18.598,18.646
1181031,1600,18.68,18.68,18.632,18.632
1181101,1600,18.562,18.646,18.498,18.536
1181102,1600,18.51,18.62,18.498,18.62
1181105,1600,18.7,18.766,18.67,18.676
1181106,1600,18.646,18.646,18.492,18.548
1181107,1600,18.472,18.49,18.444,18.444
1181108,1600,18.526,18.526,18.46,18.486
1181109,1600,18.53,18.53,18.4,18.526
1181112,1600,18.754,18.77,18.68,18.77
1181113,1600,18.79,18.79,18.504,18.548
1181114,1600,18.458,18.858,18.458,18.786
1181115,1600,18.856,18.928,18.662,18.662
1181116,1600,18.568,18.568,18.484,18.53
1181119,1600,18.85,18.85,18.594,18.614
1181120,1600,18.568,18.702,18.48,18.498
1181121,1600,18.628,18.658,18.546,18.618
1181122,1600,18.338,18.38,18.322,18.336
1181123,1600,18.284,18.366,18.246,18.366
1181126,1600,18.104,18.128,18.026,18.086
1181127,1600,18.124,18.22,18.104,18.22
1181128,1600,18.238,18.356,18.162,18.322
1181129,1600,18.318,18.318,18.282,18.294
1181130,1600,18.406,18.406,18.296,18.364
1181203,1600,18.668,18.668,18.476,18.476
1181204,1600,18.546,18.634,18.496,18.634
1181205,1600,18.632,18.638,18.606,18.636
1181206,1600,18.55,18.55,18.236,18.248
1181207,1600,18.264,18.664,18.264,18.664
1181210,1600,18.478,18.498,18.438,18.498
1181211,1600,18.416,18.526,18.388,18.47
1181212,1600,18.468,18.524,18.392,18.406
1181213,1600,18.288,18.438,18.264,18.352
1181214,1600,18.238,18.346,18.238,18.284
1181217,1600,18.104,18.152,17.97,17.97
1181218,1600,17.872,17.884,17.726,17.726
1181219,1600,17.74,17.74,17.588,17.66
1181220,1600,17.684,17.684,17.57,17.592
1181221,1600,17.498,17.498,17.408,17.48
1181227,1600,17.316,17.38,17.228,17.228
1181228,1600,17.242,17.268,17.152,17.188
1190102,1600,16.914,17.228,16.912,17.228
1190103,1600,17.14,17.256,17.086,17.094
1190104,1600,17.332,17.47,17.332,17.39
1190107,1600,17.45,17.47,17.38,17.452
1190108,1600,17.476,17.544,17.466,17.48
1190109,1600,17.544,17.606,17.522,17.556
1190110,1600,17.53,17.578,17.5,17.512
1190111,1600,17.578,17.636,17.534,17.592
1190114,1600,17.606,17.71,17.572,17.67
1190115,1600,17.744,17.82,17.71,17.79
1190116,1600,17.858,17.928,17.848,17.928
1190117,1600,17.87,17.87,17.824,17.848
1190118,1600,17.938,18.116,17.886,18.108
1190121,1600,18.056,18.09,17.988,18.016
1190122,1600,18.048,18.048,17.864,17.91
1190123,1600,17.988,18.004,17.844,17.844
1190124,1600,17.854,17.966,17.844,17.966
1190125,1600,18.036,18.036,17.916,17.982
1190128,1600,17.882,17.886,17.704,17.704
1190129,1600,17.768,17.876,17.722,17.848
1190130,1600,17.88,18.024,17.88,18.0
1190131,1600,17.924,18.036,17.906,18.014
1190201,1600,17.938,17.938,17.814,17.926
1190204,1600,17.948,17.998,17.826,17.998
1190205,1600,18.062,18.062,17.954,18.04
1190206,1600,18.01,18.082,17.98,18.082
1190207,1600,18.052,18.08,17.882,17.882
1190208,1600,17.942,17.944,17.91,17.932
1190211,1600,17.928,17.956,17.916,17.916
1190212,1600,17.958,18.032,17.932,17.952
1190213,1600,17.968,18.05,17.95,18.046
1190214,1600,18.098,18.138,17.94,17.974
1190215,1600,18.056,18.178,18.056,18.178
1190218,1600,18.192,18.366,18.11,18.264
1190219,1600,18.268,18.268,18.182,18.198
1190220,1600,18.296,18.296,18.176,18.25
1190221,1600,18.39,18.39,18.26,18.338
1190222,1600,18.332,18.422,18.332,18.4
1190225,1600,18.408,18.418,18.204,18.204
1190226,1600,18.152,18.188,18.152,18.188
1190227,1600,18.11,18.276,18.11,18.276
1190228,1600,18.198,18.222,18.152,18.156
1190301,1600,18.266,18.266,18.034,18.034
1190304,1600,18.152,18.192,18.11,18.156
1190305,1600,18.164,18.242,18.13,18.216
1190306,1600,18.238,18.242,18.138,18.138
1190307,1600,18.13,18.24,18.126,18.23
1190308,1600,18.236,18.24,18.088,18.136
1190311,1600,18.192,18.22,18.132,18.142
1190312,1600,18.164,18.25,18.164,18.176
1190313,1600,18.21,18.304,18.21,18.304
1190314,1600,18.316,18.32,18.25,18.308
1190315,1600,18.34,18.34,18.216,18.302
1190318,1600,18.282,18.344,18.24,18.344
1190319,1600,18.356,18.45,18.356,18.358
1190320,1600,18.412,18.422,18.322,18.422
1190321,1600,18.418,18.47,18.384,18.414
1190322,1600,18.416,18.47,18.348,18.382
1190325,1600,18.398,18.404,18.318,18.394
1190326,1600,18.43,18.516,18.418,18.492
1190327,1600,18.476,18.48,18.432,18.432
1190328,1600,18.42,18.42,18.324,18.39
1190329,1600,18.384,18.504,18.384,18.432
1190401,1600,18.41,18.534,18.41,18.534
1190402,1600,18.542,18.58,18.486,18.58
1190403,1600,18.632,18.632,18.552,18.568
1190404,1600,18.61,18.644,18.59,18.638
1190405,1600,18.6,18.652,18.588,18.652
1190408,1600,18.752,18.752,18.66,18.73
1190409,1600,18.716,18.73,18.626,18.652
1190410,1600,18.668,18.76,18.652,18.748
1190411,1600,18.69,18.698,18.65,18.652
1190412,1600,18.59,18.628,18.57,18.576
1190415,1600,18.564,18.582,18.504,18.514
1190416,1600,18.526,18.526,18.45,18.45
1190417,1600,18.49,18.534,18.408,18.436
1190418,1600,18.354,18.476,18.342,18.476
1190423,1600,18.584,18.584,18.514,18.514
1190424,1600,18.534,18.58,18.532,18.544
1190425,1600,18.592,18.664,18.586,18.586
1190426,1600,18.56,18.586,18.392,18.466
1190429,1600,18.43,18.43,18.362,18.386
1190430,1600,18.37,18.424,18.274,18.33
1190502,1600,18.286,18.286,18.116,18.136
1190503,1600,18.198,18.246,18.192,18.23
1190506,1600,18.022,18.07,17.94,17.988
1190507,1600,18.042,18.042,17.972,17.99
1190508,1600,18.0,18.022,17.94,18.022
1190509,1600,17.88,17.962,17.73,17.73
1190510,1600,17.882,17.892,17.83,17.854
1190513,1600,17.83,17.842,17.756,17.756
1190514,1600,17.846,18.072,17.798,18.072
1190515,1600,18.062,18.18,18.052,18.18
1190516,1600,18.168,18.328,18.168,18.316
1190517,1600,18.308,18.346,18.246,18.246
1190520,1600,18.288,18.296,18.23,18.23
1190521,1600,18.328,18.334,18.26,18.26
1190522,1600,18.184,18.184,18.082,18.088
1190523,1600,18.01,18.03,17.838,17.852
1190524,1600,17.816,17.892,17.816,17.854
1190527,1600,17.966,17.966,17.916,17.942
1190528,1600,18.076,18.106,18.042,18.05
1190529,1600,18.216,18.222,18.11,18.164
1190530,1600,18.188,18.246,18.124,18.146
1190531,1600,18.096,18.096,17.91,17.97
1190603,1600,17.756,17.796,17.654,17.654
1190604,1600,17.578,17.658,17.522,17.654
1190605,1600,17.56,17.56,17.38,17.43
1190606,1600,17.404,17.414,17.33,17.334
1190607,1600,17.496,17.502,17.348,17.364
1190611,1600,17.39,17.424,17.37,17.398
1190612,1600,17.372,17.51,17.322,17.436
1190613,1600,17.54,17.61,17.518,17.552
1190614,1600,17.6,17.744,17.6,17.744
1190617,1600,17.81,17.81,17.654,17.702
1190618,1600,17.642,17.932,17.642,17.878
1190619,1600,17.802,17.802,17.726,17.764
1190620,1600,17.846,17.916,17.788,17.916
1190621,1600,17.844,17.92,17.784,17.828
1190624,1600,17.78,17.796,17.7,17.74
1190625,1600,17.856,17.94,17.856,17.94
1190626,1600,18.016,18.038,17.956,18.012
1190627,1600,17.976,18.0,17.924,17.988
1190628,1600,17.98,18.03,17.98,18.03
1190701,1600,18.068,18.07,17.812,17.812
1190702,1600,17.928,17.928,17.678,17.68
1190703,1600,17.706,17.848,17.702,17.832
1190704,1600,17.854,17.898,17.836,17.88
1190705,1600,17.932,18.022,17.882,18.022
1190708,1600,18.026,18.08,17.98,17.98
1190709,1600,17.918,17.992,17.9,17.98
1190710,1600,18.06,18.222,18.06,18.194
1190711,1600,18.306,18.32,18.25,18.268
1190712,1600,18.268,18.382,18.268,18.33
1190715,1600,18.408,18.408,18.276,18.278
1190716,1600,18.298,18.298,18.262,18.294
1190717,1600,18.112,18.244,18.112,18.138
1190718,1600,18.1,18.168,17.914,17.914
1190719,1600,18.042,18.076,18.012,18.012
1190722,1600,18.052,18.146,18.052,18.068
1190723,1600,18.092,18.12,18.074,18.102
1190724,1600,18.232,18.29,18.232,18.264
1190725,1600,18.166,18.326,18.128,18.158
1190726,1600,18.132,18.132,18.066,18.066
1190729,1600,18.134,18.14,18.082,18.088
1190730,1600,18.148,18.164,18.072,18.074
1190731,1600,18.176,18.178,18.15,18.172
1190801,1600,18.14,18.176,18.012,18.012
1190802,1600,17.832,17.832,17.734,17.734
1190805,1600,17.706,17.706,17.53,17.6
1190806,1600,17.6,17.622,17.52,17.52
1190807,1600,17.476,17.5,17.266,17.266
1190808,1600,17.458,17.586,17.458,17.586
1190809,1600,17.582,17.7,17.582,17.668
1190812,1600,17.642,17.664,17.586,17.614
1190813,1600,17.588,17.794,17.508,17.748
1190814,1600,17.706,17.718,17.554,17.622
1190815,1600,17.686,17.698,17.53,17.698
1190816,1600,17.686,17.738,17.636,17.672
1190819,1600,17.684,17.686,17.592,17.638
1190820,1600,17.738,17.738,17.622,17.63
1190821,1600,17.72,17.752,17.72,17.722
1190822,1600,17.692,17.728,17.638,17.638
1190823,1600,17.668,17.672,17.43,17.43
1190826,1600,17.556,17.636,17.512,17.61
1190827,1600,17.574,17.648,17.566,17.614
1190828,1600,17.736,17.798,17.712,17.798
1190829,1600,17.852,17.938,17.852,17.938
1190830,1600,17.902,18.0,17.902,17.958
1190902,1600,17.972,18.03,17.836,17.836
1190903,1600,17.98,17.98,17.862,17.92
1190904,1600,17.972,18.12,17.972,18.12
1190905,1600,18.16,18.164,18.104,18.144
1190906,1600,18.022,18.034,17.952,18.004
1190909,1600,18.15,18.15,18.07,18.146
1190910,1600,18.18,18.256,18.144,18.256
1190911,1600,18.274,18.368,18.266,18.316
1190912,1600,18.232,18.232,18.09,18.09
1190913,1600,18.146,18.22,18.138,18.16
1190916,1600,18.544,18.858,18.486,18.858
1190917,1600,18.836,18.836,18.488,18.536
1190918,1600,18.5,18.5,18.366,18.366
1190919,1600,18.396,18.45,18.394,18.4
1190920,1600,18.444,18.532,18.44,18.456
1190923,1600,18.478,18.564,18.478,18.538
1190924,1600,18.546,18.546,18.47,18.474
1190925,1600,18.424,18.444,18.338,18.444
1190926,1600,18.454,18.536,18.338,18.338
1190927,1600,18.388,18.388,18.28,18.356
1190930,1600,18.294,18.352,18.28,18.28
1191001,1600,18.292,18.298,18.248,18.248
1191002,1600,18.274,18.274,18.08,18.08
1191004,1600,18.152,18.202,18.136,18.202
1191007,1600,18.18,18.18,18.146,18.176
1191008,1600,18.094,18.178,18.032,18.178
1191009,1600,18.192,18.262,18.192,18.262
1191010,1600,18.156,18.188,18.14,18.14
1191011,1600,18.23,18.302,18.12,18.244
1191014,1600,18.302,18.302,18.192,18.244
1191015,1600,18.232,18.288,18.194,18.234
1191016,1600,18.162,18.162,18.148,18.16
1191017,1600,18.068,18.096,18.034,18.034
1191018,1600,18.1,18.1,18.056,18.084
1191021,1600,18.08,18.082,17.944,17.986
1191022,1600,17.986,18.074,17.986,18.054
1191023,1600,18.054,18.146,18.036,18.132
1191024,1600,18.194,18.302,18.172,18.302
1191025,1600,18.306,18.4,18.306,18.39
1191028,1600,18.414,18.414,18.314,18.314
1191029,1600,18.366,18.37,18.334,18.356
1191030,1600,18.338,18.372,18.322,18.322
1191031,1600,18.292,18.292,18.134,18.158
1191101,1600,18.2,18.304,18.186,18.304
1191104,1600,18.498,18.574,18.472,18.564
1191105,1600,18.596,18.69,18.596,18.69
1191106,1600,18.61,18.678,18.61,18.626
1191107,1600,18.594,18.622,18.552,18.59
1191108,1600,18.508,18.532,18.448,18.532
1191111,1600,18.434,18.46,18.37,18.376
1191112,1600,18.394,18.426,18.354,18.356
1191113,1600,18.378,18.378,18.318,18.378
1191114,1600,18.446,18.488,18.358,18.362
1191115,1600,18.346,18.346,18.288,18.346
1191118,1600,18.32,18.32,18.12,18.12
1191119,1600,18.116,18.116,18.026,18.04
1191120,1600,18.028,18.162,18.022,18.162
1191121,1600,18.084,18.212,18.058,18.184
1191122,1600,18.194,18.288,18.194,18.282
1191125,1600,18.282,18.296,18.244,18.25
1191126,1600,18.242,18.26,18.218,18.25
1191127,1600,18.312,18.358,18.24,18.24
1191128,1600,18.206,18.23,18.172,18.196
1191129,1600,18.196,18.196,17.97,17.992
1191202,1600,17.992,18.074,17.85,17.86
1191203,1600,17.886,17.91,17.86,17.876
1191204,1600,17.918,18.016,17.904,17.992
1191205,1600,18.008,18.062,18.008,18.062
1191206,1600,18.044,18.168,18.032,18.168
1191209,1600,18.044,18.1,18.018,18.09
1191210,1600,18.1,18.142,18.05,18.14
1191211,1600,18.136,18.192,18.09,18.09
1191212,1600,18.098,18.21,18.08,18.192
1191213,1600,18.216,18.258,18.216,18.258
1191216,1600,18.346,18.46,18.346,18.412
1191217,1600,18.456,18.464,18.414,18.448
1191218,1600,18.432,18.476,18.43,18.476
1191219,1600,18.46,18.55,18.444,18.516
1191220,1600,18.538,18.6,18.518,18.586
1191223,1600,18.56,18.59,18.502,18.534
1191227,1600,18.536,18.698,18.536,18.644
1191230,1600,18.66,18.694,18.64,18.688
1200102,1600,18.54,18.618,18.538,18.538
1200103,1600,18.74,18.812,18.658,18.658
1200106,1600,18.816,18.816,18.686,18.686
1200107,1600,18.688,18.74,18.678,18.724
1200108,1600,18.842,18.848,18.632,18.632
1200109,1600,18.568,18.606,18.528,18.578
1200110,1600,18.544,18.628,18.544,18.628
1200113,1600,18.608,18.608,18.47,18.472
1200114,1600,18.42,18.6,18.418,18.554
1200115,1600,18.508,18.514,18.4,18.43
1200116,1600,18.434,18.456,18.37,18.408
1200117,1600,18.386,18.422,18.376,18.414
1200120,1600,18.464,18.516,18.444,18.454
1200121,1600,18.34,18.34,18.302,18.318
1200122,1600,18.32,18.37,18.234,18.254
1200123,1600,18.14,18.188,18.106,18.188
1200124,1600,18.124,18.126,17.99,18.006
1200127,1600,17.834,17.848,17.73,17.73
1200128,1600,17.704,17.832,17.702,17.832
1200129,1600,17.832,17.87,17.714,17.726
1200130,1600,17.622,17.65,17.472,17.508
1200131,1600,17.52,17.528,17.37,17.396
1200203,1600,17.328,17.346,17.174,17.174
1200204,1600,17.286,17.37,17.252,17.29
1200205,1600,17.272,17.48,17.272,17.47
1200206,1600,17.536,17.542,17.44,17.492
1200207,1600,17.524,17.554,17.478,17.546
1200210,1600,17.476,17.504,17.422,17.474
1200211,1600,17.51,17.554,17.498,17.498
1200212,1600,17.562,17.712,17.56,17.67
1200213,1600,17.722,17.846,17.68,17.814
1200214,1600,17.796,17.87,17.776,17.862
1200217,1600,17.9,17.95,17.854,17.906
1200218,1600,17.922,18.016,17.902,17.996
1200219,1600,18.102,18.154,18.098,18.154
1200220,1600,18.19,18.228,18.108,18.228
1200221,1600,18.054,18.074,17.98,17.992
1200224,1600,17.924,17.924,17.63,17.63
1200225,1600,17.706,17.706,17.532,17.532
1200226,1600,17.458,17.528,17.352,17.478
1200227,1600,17.196,17.196,16.87,16.946
1200228,1600,16.682,16.776,16.502,16.546
1200302,1600,16.754,16.774,16.5,16.642
1200303,1600,16.782,16.932,16.782,16.85
1200304,1600,16.832,16.986,16.832,16.914
1200305,1600,16.954,16.954,16.738,16.738
1200306,1600,16.532,16.532,16.086,16.096
1200309,1600,15.268,15.364,15.056,15.256
1200310,1600,15.482,15.712,15.452,15.658
1200311,1600,15.732,15.752,15.582,15.582
1200312,1600,15.278,15.278,14.948,15.178
1200313,1600,15.37,15.526,15.072,15.192
1200316,1600,14.734,14.734,14.228,14.52
1200317,1600,14.53,14.76,14.36,14.696
1200318,1600,14.302,14.364,14.17,14.188
1200319,1600,14.236,14.588,14.236,14.474
1200320,1600,15.002,15.218,14.754,14.814
1200323,1600,14.632,14.77,14.458,14.598
1200324,1600,14.922,15.196,14.908,15.068
1200325,1600,15.24,15.24,15.086,15.182
1200326,1600,14.968,15.058,14.846,14.846
1200327,1600,14.704,14.79,14.504,14.504
1200330,1600,14.422,14.508,14.36,14.424
1200331,1600,14.558,14.704,14.466,14.488
1200401,1600,14.414,14.414,14.24,14.244
1200402,1600,14.394,14.762,14.332,14.546
1200403,1600,14.606,14.986,14.606,14.734
1200406,1600,14.822,15.024,14.798,14.846
1200407,1600,15.066,15.154,15.0,15.028
1200408,1600,15.008,15.104,14.908,14.908
1200409,1600,15.116,15.116,14.892,14.98
1200414,1600,15.066,15.066,14.726,14.736
1200415,1600,14.704,14.784,14.542,14.588
1200416,1600,14.676,14.77,14.6,14.706
1200417,1600,14.776,14.862,14.69,14.692
1200420,1600,14.674,14.744,14.5,14.65
1200421,1600,14.576,14.576,14.08,14.306
1200422,1600,14.068,14.47,13.934,14.374
1200423,1600,14.608,14.716,14.522,14.522
1200424,1600,14.592,14.602,14.204,14.382
1200427,1600,14.18,14.274,14.036,14.042
1200428,1600,14.056,14.24,13.972,14.164
1200429,1600,14.182,14.3,14.136,14.18
1200430,1600,14.262,14.4,14.22,14.276
1200504,1600,14.258,14.402,14.174,14.258
1200505,1600,14.564,14.74,14.48,14.704
1200506,1600,14.786,14.848,14.548,14.548
1200507,1600,14.636,14.962,14.594,14.836
1200508,1600,14.798,14.812,14.718,14.756
1200511,1600,14.786,14.868,14.66,14.692
1200512,1600,14.67,14.7,14.51,14.53
1200513,1600,14.484,14.522,14.416,14.418
1200514,1600,14.402,14.536,14.4,14.536
1200515,1600,14.696,14.73,14.574,14.632
1200518,1600,14.804,14.93,14.804,14.93
1200519,1600,14.778,14.874,14.74,14.822
1200520,1600,14.838,14.92,14.8,14.858
1200521,1600,14.854,14.866,14.734,14.734
1200522,1600,14.636,14.74,14.636,14.74
1200525,1600,14.858,14.862,14.728,14.808
1200526,1600,14.824,14.89,14.682,14.782
1200527,1600,14.744,14.78,14.578,14.632
1200528,1600,14.554,14.618,14.492,14.522
1200529,1600,14.474,14.488,14.4,14.454
1200602,1600,14.67,14.684,14.608,14.658
1200603,1600,14.652,14.652,14.5,14.558
1200604,1600,14.568,14.62,14.494,14.506
1200605,1600,14.542,14.708,14.542,14.708
1200608,1600,14.734,14.766,14.62,14.658
1200609,1600,14.724,14.724,14.558,14.57
1200610,1600,14.592,14.654,14.564,14.654
1200611,1600,14.588,14.59,14.424,14.482
1200612,1600,14.43,14.58,14.424,14.58
1200615,1600,14.374,14.394,14.25,14.388
1200616,1600,14.436,14.614,14.436,14.494
1200617,1600,14.504,14.586,14.484,14.586
1200618,1600,14.568,14.708,14.568,14.708
1200619,1600,14.728,14.852,14.728,14.834
1200622,1600,14.81,14.822,14.74,14.76
1200623,1600,14.654,14.74,14.628,14.7
1200624,1600,14.65,14.666,14.544,14.544
1200625,1600,14.478,14.498,14.416,14.416
1200626,1600,14.518,14.552,14.4,14.44
1200629,1600,14.402,14.604,14.37,14.604
1200630,1600,14.684,14.754,14.67,14.73
1200701,1600,14.922,14.922,14.716,14.788
1200702,1600,14.872,14.942,14.82,14.904
1200703,1600,14.928,14.95,14.892,14.91
1200706,1600,14.998,15.076,14.91,14.992
1200707,1600,14.968,15.112,14.926,15.104
1200708,1600,15.086,15.13,15.058,15.102
1200709,1600,15.11,15.206,15.07,15.088
1200710,1600,14.992,15.09,14.988,15.09
1200713,1600,15.054,15.08,14.99,15.004
1200714,1600,14.906,14.914,14.834,14.914
1200715,1600,14.916,14.916,14.778,14.85
1200716,1600,14.9,14.968,14.89,14.928
1200717,1600,14.926,14.932,14.824,14.88
1200720,1600,14.814,14.852,14.78,14.806
1200721,1600,14.86,15.058,14.846,14.988
1200722,1600,14.968,14.996,14.822,14.888
1200723,1600,14.994,15.04,14.99,15.022
1200724,1600,14.916,15.012,14.904,14.936
1200727,1600,14.96,15.016,14.828,14.838
1200728,1600,14.92,14.97,14.85,14.942
1200729,1600,14.966,15.002,14.92,14.944
1200730,1600,14.94,14.94,14.728,14.792
1200731,1600,14.778,14.898,14.778,14.88
1200803,1600,14.974,15.22,14.9,15.216
1200804,1600,15.156,15.286,15.104,15.28
1200805,1600,15.334,15.48,15.334,15.384
1200806,1600,15.382,15.456,15.342,15.426
1200807,1600,15.382,15.44,15.32,15.32
1200810,1600,15.37,15.456,15.37,15.432
1200811,1600,15.386,15.422,15.252,15.274
1200812,1600,15.192,15.23,15.132,15.152
1200813,1600,15.186,15.274,15.154,15.246
1200814,1600,15.282,15.382,15.25,15.35
1200817,1600,15.404,15.486,15.378,15.486
1200818,1600,15.494,15.56,15.47,15.496
1200819,1600,15.476,15.528,15.476,15.528
1200820,1600,15.528,15.532,15.474,15.474
1200821,1600,15.506,15.51,15.406,15.462
1200824,1600,15.482,15.566,15.482,15.546
1200825,1600,15.532,15.568,15.47,15.568
1200826,1600,15.584,15.692,15.584,15.648
1200827,1600,15.61,15.73,15.588,15.68
1200828,1600,15.722,15.764,15.666,15.708
1200831,1600,15.778,15.824,15.618,15.646
1200901,1600,15.782,15.794,15.712,15.738
1200902,1600,15.788,15.804,15.724,15.762
1200903,1600,15.714,15.714,15.532,15.532
1200904,1600,15.61,15.69,15.57,15.608
1200907,1600,15.576,15.64,15.56,15.612
1200908,1600,15.648,15.648,15.372,15.382
1200909,1600,15.402,15.5,15.402,15.474
1200910,1600,15.452,15.46,15.38,15.436
1200911,1600,15.406,15.448,15.38,15.428
1200914,1600,15.502,15.512,15.446,15.464
1200915,1600,15.45,15.478,15.414,15.478
1200916,1600,15.518,15.584,15.518,15.584
1200917,1600,15.56,15.59,15.5,15.576
1200918,1600,15.67,15.684,15.618,15.66
1200921,1600,15.632,15.658,15.406,15.434
1200922,1600,15.452,15.552,15.438,15.48
1200923,1600,15.35,15.546,15.322,15.52
1200924,1600,15.422,15.446,15.376,15.446
1200925,1600,15.51,15.588,15.454,15.566
1200928,1600,15.524,15.526,15.406,15.508
1200929,1600,15.488,15.488,15.244,15.244
1200930,1600,15.18,15.352,15.154,15.318
1201001,1600,15.468,15.486,15.182,15.182
1201002,1600,15.142,15.312,15.084,15.312
1201005,1600,15.244,15.468,15.244,15.468
1201006,1600,15.432,15.574,15.412,15.568
1201007,1600,15.494,15.6,15.418,15.562
1201008,1600,15.61,15.75,15.602,15.672
1201009,1600,15.782,15.856,15.73,15.846
1201012,1600,15.928,15.944,15.752,15.752
1201013,1600,15.748,15.798,15.708,15.764
1201014,1600,15.754,15.844,15.724,15.804
1201015,1600,15.892,15.968,15.816,15.968
1201016,1600,16.002,16.034,15.956,15.974
1201019,1600,16.01,16.01,15.92,15.92
1201020,1600,15.962,15.962,15.86,15.916
1201021,1600,15.976,16.016,15.916,15.956
1201022,1600,15.93,15.988,15.922,15.982
1201023,1600,15.886,15.904,15.836,15.842
1201026,1600,15.76,15.824,15.754,15.786
1201027,1600,15.816,15.868,15.794,15.858
1201028,1600,15.878,15.878,15.664,15.69
1201029,1600,15.686,15.69,15.486,15.658
1201030,1600,15.634,15.7,15.618,15.662
1201102,1600,15.626,15.772,15.622,15.74
1201103,1600,15.774,15.866,15.734,15.754
1201104,1600,15.692,15.774,15.672,15.76
1201105,1600,15.832,15.886,15.8,15.832
1201106,1600,15.772,15.8,15.642,15.642
1201109,1600,15.704,15.812,15.68,15.716
1201110,1600,15.8,15.87,15.782,15.87
1201111,1600,16.074,16.136,16.016,16.016
1201112,1600,16.006,16.052,15.958,15.982
1201113,1600,15.906,15.996,15.872,15.946
1201116,1600,15.908,15.972,15.88,15.914
1201117,1600,15.918,15.92,15.824,15.826
1201118,1600,15.93,16.012,15.926,16.012
1201119,1600,15.924,15.924,15.8,15.838
1201120,1600,15.878,15.964,15.878,15.892
1201123,1600,16.018,16.068,15.942,15.968
1201124,1600,15.936,16.014,15.894,16.012
1201125,1600,16.03,16.054,15.964,15.964
1201126,1600,15.994,16.028,15.966,15.984
1201127,1600,15.966,16.064,15.93,15.954
1201130,1600,15.966,15.966,15.864,15.916
1201201,1600,15.956,15.98,15.8,15.818
1201202,1600,15.726,15.786,15.656,15.784
1201203,1600,15.652,15.704,15.49,15.504
1201204,1600,15.59,15.608,15.526,15.59
1201207,1600,15.506,15.578,15.418,15.578
1201208,1600,15.544,15.566,15.476,15.52
1201209,1600,15.552,15.64,15.538,15.618
1201210,1600,15.634,15.85,15.61,15.85
1201211,1600,15.708,15.78,15.666,15.776
1201214,1600,15.802,15.868,15.718,15.718
1201215,1600,15.778,15.84,15.762,15.838
1201216,1600,15.87,15.906,15.83,15.864
1201217,1600,15.978,16.0,15.914,15.952
1201218,1600,16.028,16.11,16.002,16.11
1201221,1600,16.142,16.142,15.916,15.992
1201222,1600,15.942,16.05,15.93,16.028
1201223,1600,15.998,16.166,15.998,16.13
1201228,1600,16.046,16.126,15.914,15.94
1201229,1600,15.932,16.034,15.89,16.026
1201230,1600,16.012,16.042,15.966,16.008
1210104,1600,16.538,16.574,16.316,16.368
1210105,1600,16.426,16.748,16.4,16.644
1210106,1600,16.644,16.74,16.6,16.68
1210107,1600,16.662,16.72,16.606,16.656
1210108,1600,16.66,16.7,16.55,16.628
1210111,1600,16.61,16.636,16.566,16.58
1210112,1600,16.774,16.888,16.746,16.822
1210113,1600,16.932,17.036,16.884,16.958
1210114,1600,16.95,17.008,16.87,16.948
1210115,1600,16.986,17.046,16.884,16.934
1210118,1600,16.926,16.968,16.824,16.912
1210119,1600,16.89,16.928,16.802,16.848
1210120,1600,16.774,16.9,16.75,16.856
1210121,1600,16.886,16.886,16.804,16.82
1210122,1600,16.64,16.656,16.494,16.65
1210125,1600,16.592,16.746,16.578,16.712
1210126,1600,16.766,16.86,16.744,16.86
1210127,1600,16.94,16.99,16.838,16.936
1210128,1600,16.796,17.04,16.758,16.854
1210129,1600,16.834,17.0,16.83,16.868
1210201,1600,17.114,17.234,17.062,17.08
1210202,1600,17.232,17.364,17.2,17.274
1210203,1600,17.246,17.344,17.2,17.306
1210204,1600,17.346,17.39,17.3,17.332
1210205,1600,17.578,17.628,17.502,17.534
1210208,1600,17.548,17.672,17.528,17.67
1210209,1600,17.684,17.684,17.56,17.646
1210210,1600,17.558,17.63,17.5,17.534
1210211,1600,17.516,17.616,17.486,17.548
1210212,1600,17.506,17.664,17.448,17.664
1210215,1600,17.758,17.85,17.7,17.744
1210216,1600,17.828,17.914,17.75,17.806
1210217,1600,17.94,18.086,17.89,17.902
1210218,1600,18.108,18.108,17.94,17.994
1210219,1600,17.876,18.124,17.85,17.938
1210222,1600,17.982,18.112,17.896,18.042
1210223,1600,18.22,18.3,18.036,18.154
1210224,1600,18.118,18.4,18.086,18.346
1210225,1600,18.366,18.428,18.084,18.158
1210226,1600,18.044,18.122,17.952,17.988
1210301,1600,18.162,18.24,18.034,18.038
1210302,1600,17.856,18.042,17.824,17.966
1210303,1600,17.942,18.052,17.88,17.916
1210304,1600,17.86,18.114,17.72,18.052
1210305,1600,18.138,18.358,18.112,18.26
1210308,1600,18.464,18.464,18.23,18.342
1210309,1600,18.23,18.34,18.204,18.234
1210310,1600,18.152,18.268,18.12,18.194
1210311,1600,18.272,18.376,18.238,18.302
1210312,1600,18.288,18.36,18.27,18.304
1210315,1600,18.338,18.35,18.25,18.324
1210316,1600,18.302,18.38,18.188,18.316
1210317,1600,18.378,18.39,18.238,18.28
1210318,1600,18.186,18.256,17.994,17.994
1210319,1600,17.814,18.082,17.796,18.008
1210322,1600,17.976,18.062,17.976,17.986
1210323,1600,17.998,18.052,17.842,17.93
1210324,1600,17.894,18.14,17.894,18.104
1210325,1600,18.032,18.034,17.822,17.924
1210326,1600,18.046,18.152,18.044,18.15
1210329,1600,18.052,18.174,17.972,18.046
1210330,1600,18.104,18.174,17.962,17.978
1210331,1600,17.992,18.01,17.914,17.984
1210401,1600,18.118,18.19,17.988,18.022
1210406,1600,17.97,18.118,17.948,18.058
1210407,1600,17.928,17.928,17.812,17.824
1210408,1600,17.93,18.016,17.904,17.986
1210409,1600,17.97,18.062,17.946,18.032
1210412,1600,17.906,17.998,17.868,17.868
1210413,1600,17.898,18.006,17.868,17.98
1210414,1600,18.0,18.196,17.98,18.184
1210415,1600,18.266,18.372,18.218,18.372
1210416,1600,18.404,18.444,18.354,18.372
1210419,1600,18.392,18.424,18.306,18.324
1210420,1600,18.376,18.476,18.304,18.328
1210421,1600,18.424,18.468,18.33,18.44
1210422,1600,18.44,18.606,18.41,18.594
1210423,1600,18.602,18.634,18.51,18.59
1210426,1600,18.586,18.776,18.538,18.754
1210427,1600,18.938,19.1,18.88,18.972
1210428,1600,18.874,19.056,18.784,19.056
1210429,1600,18.95,19.096,18.862,18.866
1210430,1600,18.912,18.97,18.862,18.97
1210503,1600,19.152,19.294,19.114,19.162
1210504,1600,19.25,19.506,19.248,19.402
1210505,1600,19.458,19.584,19.432,19.49
1210506,1600,19.608,19.642,19.47,19.562
1210507,1600,19.66,19.66,19.45,19.538
1210510,1600,19.654,19.73,19.406,19.434
1210511,1600,19.464,19.664,19.388,19.568
1210512,1600,19.758,19.9,19.688,19.826
1210513,1600,19.598,19.598,19.39,19.402
1210514,1600,19.27,19.374,19.202,19.284
1210517,1600,19.356,19.54,19.26,19.472
1210518,1600,19.562,19.63,19.4,19.446
1210519,1600,19.196,19.244,18.878,18.922
1210520,1600,19.118,19.13,18.914,18.97
1210521,1600,18.796,18.988,18.796,18.974
1210525,1600,19.016,19.08,18.9,18.936
1210526,1600,19.038,19.082,18.87,19.056
1210527,1600,19.048,19.258,19.028,19.258
1210528,1600,19.342,19.456,19.324,19.378
1210531,1600,19.392,19.496,19.326,19.35
1210601,1600,19.516,19.73,19.482,19.496
1210602,1600,19.61,19.764,19.586,19.59
1210603,1600,19.742,19.744,19.478,19.478
1210604,1600,19.582,19.69,19.582,19.69
1210607,1600,19.784,19.796,19.644,19.644
1210608,1600,19.646,19.794,19.62,19.758
1210609,1600,19.754,19.758,19.668,19.668
1210610,1600,19.766,19.88,19.72,19.854
1210611,1600,19.89,19.936,19.85,19.93
1210614,1600,19.884,19.884,19.636,19.772
1210615,1600,19.64,19.7,19.558,19.568
1210616,1600,19.56,19.678,19.498,19.678
1210617,1600,19.588,19.62,19.342,19.342
1210618,1600,19.196,19.46,19.154,19.46
1210621,1600,19.358,19.464,19.238,19.464
1210622,1600,19.554,19.602,19.482,19.59
1210623,1600,19.552,19.694,19.528,19.608
1210624,1600,19.55,19.564,19.396,19.56
1210625,1600,19.646,19.708,19.59,19.62
1210628,1600,19.696,19.83,19.654,19.792
1210629,1600,19.768,20.02,19.75,19.934
1210630,1600,19.908,19.984,19.836,19.86
1210701,1600,20.29,20.54,20.27,20.29
1210702,1600,20.325,20.4,20.265,20.33
1210705,1600,20.38,20.455,20.35,20.41
1210706,1600,20.465,20.585,19.902,19.922
1210707,1600,20.09,20.18,19.766,19.774
1210708,1600,19.846,19.846,19.676,19.84
1210709,1600,19.898,20.015,19.866,20.015
1210712,1600,19.908,20.05,19.844,20.05
1210713,1600,20.14,20.27,20.08,20.27
1210714,1600,20.335,20.39,20.25,20.3
1210715,1600,20.205,20.28,20.15,20.265
1210716,1600,20.2,20.34,20.185,20.305
1210719,1600,20.285,20.3,19.776,19.786
1210720,1600,19.952,20.12,19.92,20.07
1210721,1600,20.095,20.29,20.07,20.29
1210722,1600,20.325,20.41,20.255,20.41
1210723,1600,20.575,20.68,20.57,20.68
1210726,1600,20.52,20.72,20.52,20.65
1210727,1600,20.775,20.82,20.565,20.565
1210728,1600,20.595,20.665,20.54,20.625
1210729,1600,20.695,20.765,20.63,20.75
1210730,1600,20.7,20.745,20.525,20.575
1210802,1600,20.56,20.595,20.435,20.435
1210803,1600,20.37,20.425,20.24,20.335
1210804,1600,20.385,20.45,20.285,20.315
1210805,1600,20.255,20.455,20.225,20.45
1210806,1600,20.455,20.555,20.38,20.38
1210809,1600,20.275,20.275,20.015,20.055
1210810,1600,20.22,20.44,20.215,20.39
1210811,1600,20.5,20.5,20.305,20.38
1210812,1600,20.485,20.55,20.38,20.405
1210813,1600,20.51,20.555,20.45,20.47
1210816,1600,20.345,20.455,20.29,20.455
1210817,1600,20.43,20.475,20.37,20.43
1210818,1600,20.325,20.38,20.22,20.285
1210819,1600,20.035,20.035,19.84,19.844
1210820,1600,19.992,20.01,19.89,19.898
1210823,1600,19.856,20.105,19.842,20.06
1210824,1600,20.125,20.35,20.11,20.35
1210825,1600,20.32,20.44,20.275,20.41
1210826,1600,20.345,20.45,20.285,20.44
1210827,1600,20.545,20.665,20.515,20.625
1210830,1600,20.725,20.79,20.605,20.63
1210831,1600,20.655,20.67,20.44,20.585
1210901,1600,20.62,20.66,20.4,20.425
1210902,1600,20.525,20.715,20.52,20.7
1210903,1600,20.63,20.725,20.6,20.7
1210906,1600,20.63,20.735,20.63,20.69
1210907,1600,20.67,20.685,20.49,20.535
1210908,1600,20.565,20.765,20.55,20.725
1210909,1600,20.71,20.785,20.575,20.72
1210910,1600,20.73,20.81,20.73,20.77
1210913,1600,20.87,20.97,20.83,20.915
1210914,1600,20.94,21.005,20.915,20.97
1210915,1600,21.055,21.42,21.035,21.37
1210916,1600,21.285,21.365,21.1,21.165
1210917,1600,21.165,21.235,21.05,21.105
1210920,1600,20.885,20.905,20.805,20.87
1210921,1600,20.75,20.865,20.545,20.635
1210922,1600,20.865,20.915,20.845,20.885
1210923,1600,20.95,21.12,20.95,21.12
1210924,1600,21.215,21.345,21.215,21.335
1210927,1600,21.535,21.775,21.525,21.775
1210928,1600,22.095,22.12,21.885,21.9
1210929,1600,21.695,21.89,21.67,21.755
1210930,1600,21.815,22.04,21.7,21.96
1211001,1600,22.015,22.065,21.875,21.97
1211004,1600,22.06,22.43,22.02,22.43
1211005,1600,22.295,22.655,22.295,22.655
1211006,1600,22.805,22.835,22.325,22.395
1211007,1600,22.235,22.335,22.0,22.335
1211008,1600,22.585,22.64,22.495,22.565
1211011,1600,22.665,22.77,22.49,22.525
1211012,1600,22.42,22.59,22.39,22.52
1211013,1600,22.515,22.545,22.355,22.455
1211014,1600,22.67,22.905,22.67,22.785
1211015,1600,22.9,23.04,22.885,22.91
1211018,1600,22.85,22.91,22.695,22.705
1211019,1600,22.63,22.66,22.44,22.595
1211020,1600,22.525,22.74,22.5,22.74
1211021,1600,22.75,22.77,22.31,22.31
1211022,1600,22.46,22.685,22.455,22.465
1211025,1600,22.815,23.065,22.75,23.06
1211026,1600,23.125,23.125,22.83,22.94
1211027,1600,22.895,22.985,22.8,22.915
1211028,1600,22.83,22.935,22.54,22.555
1211029,1600,22.58,22.665,22.42,22.615
1211101,1600,22.545,22.735,22.545,22.625
1211102,1600,22.705,22.74,22.61,22.705
1211103,1600,22.66,22.71,22.5,22.535
1211104,1600,22.65,22.855,22.46,22.48
1211105,1600,22.385,22.55,22.365,22.525
1211108,1600,22.57,22.635,22.41,22.51
1211109,1600,22.4,22.495,22.18,22.19
1211110,1600,22.4,22.515,22.295,22.48
1211111,1600,22.565,22.75,22.55,22.7
1211112,1600,22.725,22.785,22.575,22.78
1211115,1600,22.64,22.76,22.55,22.75
1211116,1600,22.99,23.125,22.99,23.125
1211117,1600,23.07,23.15,23.02,23.075
1211118,1600,22.85,23.0,22.81,22.855
1211119,1600,23.005,23.07,22.735,22.755
1211122,1600,22.875,22.99,22.75,22.925
1211123,1600,22.995,23.165,22.9,23.12
1211124,1600,23.255,23.44,23.24,23.37
1211125,1600,23.385,23.385,23.265,23.325
1211126,1600,23.035,23.035,22.125,22.25
1211129,1600,22.565,22.615,22.19,22.19
1211130,1600,21.79,21.79,21.47,21.51
1211201,1600,21.515,21.65,21.39,21.405
1211202,1600,21.35,21.395,21.07,21.32
1211203,1600,21.62,21.67,21.535,21.58
1211206,1600,21.375,21.42,21.245,21.335
1211207,1600,21.61,21.82,21.61,21.795
1211208,1600,21.66,21.8,21.645,21.71
1211209,1600,21.705,21.705,21.515,21.655
1211210,1600,21.625,21.73,21.56,21.565
1211213,1600,21.835,21.835,21.705,21.705
1211214,1600,21.67,21.68,21.4,21.51
1211215,1600,21.465,21.51,21.37,21.37
1211216,1600,21.6,21.745,21.515,21.745
1211217,1600,21.69,21.71,21.54,21.71
1211220,1600,21.44,21.44,21.18,21.215
1211221,1600,21.35,21.725,21.345,21.725
1211222,1600,21.795,21.995,21.795,21.96
1211223,1600,22.02,22.075,21.945,22.055
1211227,1600,22.005,22.39,21.95,22.345
1211228,1600,22.435,22.58,22.33,22.405
1211229,1600,22.39,22.455,22.225,22.29
1211230,1600,22.335,22.39,22.225,22.29
1220103,1600,22.225,22.265,22.0,22.065
1220104,1600,22.26,22.49,22.26,22.485
1220105,1600,22.5,22.575,22.45,22.555
1220106,1600,22.485,22.575,22.375,22.515
1220107,1600,22.585,22.635,22.44,22.57
1220110,1600,22.675,22.74,22.43,22.5
1220111,1600,22.57,22.805,22.505,22.805
1220112,1600,22.925,23.03,22.925,23.0
1220113,1600,22.9,22.95,22.715,22.74
1220114,1600,22.685,22.85,22.685,22.84
1220117,1600,22.965,23.045,22.885,22.995
1220118,1600,23.095,23.245,23.015,23.17
1220119,1600,23.265,23.48,23.255,23.47
1220120,1600,23.45,23.59,23.41,23.585
1220121,1600,23.5,23.5,23.37,23.465
1220124,1600,23.465,23.515,23.165,23.285
1220125,1600,23.365,23.58,23.355,23.58
1220126,1600,23.705,23.9,23.69,23.81
1220127,1600,23.915,24.15,23.915,24.075
1220128,1600,24.26,24.445,24.135,24.325
1220131,1600,24.51,24.565,24.12,24.19
1220201,1600,24.26,24.47,24.165,24.385
1220202,1600,24.415,24.72,24.355,24.525
1220203,1600,24.465,24.47,23.985,24.215
1220204,1600,24.195,24.365,24.135,24.315
1220207,1600,24.21,24.245,24.09,24.115
1220208,1600,24.15,24.195,23.93,24.04
1220209,1600,24.05,24.225,24.02,24.18
1220210,1600,24.315,24.47,24.24,24.265
1220211,1600,24.165,24.265,24.16,24.2
1220214,1600,24.64,24.695,24.495,24.66
1220215,1600,24.805,24.805,24.295,24.43
1220216,1600,24.56,24.755,24.54,24.755
1220217,1600,24.755,24.815,24.655,24.755
1220218,1600,24.7,25.01,24.6,24.89
1220221,1600,24.815,25.18,24.735,25.05
1220222,1600,25.4,25.445,25.165,25.21
1220223,1600,25.235,25.545,25.16,25.435
1220224,1600,26.535,27.49,26.0,26.52
1220225,1600,26.04,26.11,25.18,25.245
1220228,1600,25.96,26.065,25.65,25.73
1220301,1600,26.105,27.12,26.1,27.12
1220302,1600,27.775,28.04,27.48,28.0
1220303,1600,28.605,28.665,27.855,28.325
1220304,1600,28.66,29.93,28.555,29.435
1220307,1600,30.79,31.29,29.89,30.415
1220308,1600,31.65,32.195,29.0,31.89
1220309,1600,31.005,31.495,28.76,29.53
1220310,1600,28.7,29.0,28.0,28.28
1220311,1600,28.5,28.79,27.83,28.465
1220314,1600,28.29,28.29,27.625,27.75
1220315,1600,27.21,27.67,26.745,27.555
1220316,1600,26.825,27.75,26.75,26.8
1220317,1600,26.8,28.015,26.715,27.79
1220318,1600,27.97,28.36,27.81,27.895
1220321,1600,28.4,28.81,28.3,28.665
1220322,1600,29.015,29.015,28.535,28.63
1220323,1600,28.915,29.795,28.83,29.57
1220324,1600,29.77,29.995,29.57,29.73
1220325,1600,29.555,30.0,29.2,29.78
1220328,1600,29.47,29.51,28.97,29.09
1220329,1600,28.805,29.09,27.61,28.05
1220330,1600,28.355,28.695,28.24,28.51
1220331,1600,28.255,28.76,28.175,28.59
1220401,1600,28.165,28.555,28.1,28.52
1220404,1600,28.55,28.955,28.475,28.82
1220405,1600,29.125,29.32,29.03,29.23
1220406,1600,29.26,29.44,29.05,29.05
1220407,1600,28.94,29.045,28.715,28.73
1220408,1600,29.16,29.325,29.03,29.275
1220411,1600,29.21,29.28,29.0,29.18
1220412,1600,29.645,30.03,29.535,30.03
1220413,1600,30.0,30.29,29.95,30.175
1220414,1600,30.26,30.8,30.2,30.65
1220419,1600,31.545,31.645,30.555,30.67
1220420,1600,30.615,30.765,30.29,30.29
1220421,1600,30.33,30.64,30.185,30.44
1220422,1600,30.54,30.63,30.26,30.295
1220425,1600,29.795,30.05,29.55,29.6
1220426,1600,30.105,30.42,30.065,30.38
1220427,1600,30.62,31.07,30.5,30.86
1220428,1600,30.975,31.295,30.82,30.995
1220429,1600,31.105,31.3,30.945,31.065
1220502,1600,30.905,30.955,30.515,30.83
1220503,1600,31.0,31.2,30.81,30.96
1220504,1600,30.875,31.41,30.875,31.17
1220505,1600,31.57,31.84,31.43,31.675
1220506,1600,31.72,31.78,31.09,31.305
1220509,1600,31.22,31.22,30.05,30.075
1220510,1600,29.95,30.075,29.51,29.79
1220511,1600,30.05,30.505,29.935,30.42
1220512,1600,30.26,30.85,30.195,30.705
1220513,1600,30.99,31.11,30.855,30.9
1220516,1600,31.31,31.73,31.045,31.52
1220517,1600,31.595,31.735,31.475,31.62
1220518,1600,31.41,31.62,31.055,31.055
1220519,1600,31.165,31.23,30.595,31.22
1220520,1600,31.2,31.265,31.02,31.245
1220523,1600,31.225,31.305,30.91,31.08
1220524,1600,30.98,31.285,30.94,30.945
1220525,1600,31.15,31.395,31.075,31.275
1220526,1600,31.22,31.58,31.05,31.58
1220527,1600,31.25,31.5,31.105,31.5
1220530,1600,31.545,31.67,31.35,31.465
1220531,1600,31.75,31.83,31.22,31.345
1220601,1600,31.09,31.445,30.95,31.435
1220602,1600,31.295,31.8,31.21,31.465
1220603,1600,31.38,31.655,31.245,31.6
1220606,1600,31.885,32.195,31.785,32.195
1220607,1600,32.155,32.22,32.02,32.14
1220608,1600,32.28,32.455,32.12,32.425
1220609,1600,31.685,32.24,31.505,32.15
1220610,1600,32.3,32.545,32.175,32.29
1220613,1600,32.2,32.465,31.855,32.06
1220614,1600,32.24,32.38,31.315,31.48
1220615,1600,31.125,31.64,30.99,31.535
1220616,1600,31.515,31.595,31.135,31.22
1220617,1600,31.29,31.44,30.755,30.795
1220620,1600,30.345,30.345,29.91,30.105
1220621,1600,30.225,30.465,30.17,30.28
1220622,1600,29.68,29.78,29.46,29.73
1220623,1600,29.435,29.74,29.085,29.085
1220624,1600,28.7,29.125,28.62,29.025
1220627,1600,28.845,29.055,28.69,28.885
1220628,1600,29.285,29.5,29.265,29.325
1220629,1600,29.445,29.94,29.445,29.535
1220630,1600,29.36,29.525,28.595,28.605
1220701,1600,28.195,28.74,28.1,28.45
1220704,1600,28.305,28.43,28.08,28.43
1220705,1600,28.22,28.56,27.595,27.595
1220706,1600,27.615,27.91,27.165,27.385
1220707,1600,27.495,28.57,27.495,28.57
1220708,1600,28.485,28.75,28.44,28.715
1220711,1600,28.975,29.5,28.94,29.215
1220712,1600,29.12,29.225,28.2,28.33
1220713,1600,28.345,28.615,28.235,28.485
1220714,1600,28.49,28.54,27.98,28.15
1220715,1600,28.11,28.36,28.0,28.275
1220718,1600,28.69,29.145,28.585,29.055
1220719,1600,28.905,28.92,28.325,28.605
1220720,1600,28.47,28.85,28.445,28.765
1220721,1600,28.68,28.8,28.29,28.735
1220722,1600,28.64,29.0,28.57,28.975
1220725,1600,28.815,29.12,28.73,29.12
1220726,1600,29.45,30.2,29.45,29.74
1220727,1600,29.695,29.9,29.69,29.86
1220728,1600,30.04,30.25,29.98,30.1
1220729,1600,29.82,30.5,29.82,30.29
1220801,1600,29.775,29.925,29.045,29.045
1220802,1600,29.435,29.47,29.11,29.255
1220803,1600,29.315,29.475,29.015,29.095
1220804,1600,29.265,29.475,29.065,29.145
1220805,1600,29.205,29.5,28.87,29.395
1220808,1600,29.24,29.25,28.83,29.125
1220809,1600,29.12,29.385,29.025,29.32
1220810,1600,29.26,29.375,29.06,29.26
1220811,1600,29.58,29.905,29.58,29.855
1220812,1600,30.16,30.295,29.99,30.295
1220815,1600,30.13,30.13,29.635,29.945
1220816,1600,30.175,30.585,30.115,30.115
1220817,1600,30.4,30.4,30.015,30.03
1220818,1600,30.08,30.54,30.08,30.24
1220819,1600,30.305,30.68,30.145,30.68
1220822,1600,30.665,31.305,30.665,31.305
1220823,1600,31.675,31.87,31.51,31.75
1220824,1600,31.65,31.78,31.39,31.44
1220825,1600,31.65,31.82,31.6,31.68
1220826,1600,31.765,31.765,31.3,31.505
1220829,1600,31.7,31.795,31.23,31.72
1220830,1600,31.56,31.63,30.845,30.845
1220831,1600,31.11,31.135,30.555,30.555
1220901,1600,30.455,30.63,30.15,30.415
1220902,1600,30.48,30.535,30.12,30.15
1220905,1600,30.765,30.86,30.66,30.735
1220906,1600,30.51,30.56,30.08,30.225
1220907,1600,29.775,30.14,29.59,29.59
1220908,1600,29.43,29.6,29.25,29.555
1220909,1600,29.505,29.76,29.485,29.76
1220912,1600,29.62,30.15,29.57,30.15
1220913,1600,30.195,30.5,30.195,30.405
1220914,1600,30.43,30.75,30.225,30.575
1220915,1600,30.755,30.755,29.72,29.89
1220916,1600,29.82,29.865,29.585,29.64
1220919,1600,29.45,29.525,29.105,29.465
1220920,1600,29.595,29.835,29.535,29.835
1220921,1600,30.42,30.465,29.84,29.99
1220922,1600,30.05,30.33,30.045,30.165
1220923,1600,29.925,29.925,29.21,29.29
1220926,1600,29.185,29.44,29.15,29.265
1220927,1600,29.32,29.5,29.305,29.385
1220928,1600,29.075,29.395,29.015,29.27
1220929,1600,29.495,29.745,29.085,29.135
1220930,1600,29.185,29.395,28.985,29.215
1221003,1600,29.055,29.23,28.895,28.895
1221004,1600,29.21,29.52,29.07,29.495
1221005,1600,29.395,30.01,29.315,30.01
1221006,1600,29.975,30.15,29.84,30.115
1221007,1600,30.115,30.365,30.065,30.325
1221010,1600,30.52,30.885,30.52,30.605
1221011,1600,30.21,30.21,29.94,30.025
1221012,1600,30.13,30.26,30.0,30.005
1221013,1600,29.995,30.09,29.49,29.945
1221014,1600,30.185,30.185,29.625,29.715
1221017,1600,29.62,29.62,29.31,29.34
1221018,1600,29.09,29.145,28.77,28.77
1221019,1600,28.91,28.925,28.75,28.765
1221020,1600,29.035,29.12,28.885,28.97
1221021,1600,28.795,28.845,28.605,28.705
1221024,1600,28.625,28.895,28.55,28.705
1221025,1600,28.735,28.75,28.535,28.66
1221026,1600,28.775,28.825,28.58,28.805
1221027,1600,28.79,28.96,28.74,28.77
1221028,1600,28.61,28.755,28.385,28.43
1221031,1600,28.83,29.1,28.83,28.955
1221101,1600,29.225,29.31,28.845,28.845
1221102,1600,29.325,29.61,29.175,29.61
1221103,1600,29.55,29.68,29.48,29.68
1221104,1600,29.985,30.2,29.89,30.005
1221107,1600,30.085,30.29,30.04,30.275
1221108,1600,29.775,29.83,29.615,29.615
1221109,1600,29.37,29.405,29.0,29.05
1221110,1600,29.025,29.26,28.88,28.985
1221111,1600,29.265,29.285,28.855,28.855
1221114,1600,28.94,29.185,28.895,28.935
1221115,1600,28.735,28.735,28.385,28.705
1221116,1600,28.65,28.72,28.31,28.34
1221117,1600,28.545,28.605,28.35,28.355
1221118,1600,28.27,28.3,27.95,28.19
1221121,1600,28.38,28.52,28.22,28.305
1221122,1600,28.58,29.02,28.58,29.02
1221123,1600,29.04,29.1,28.57,28.625
1221124,1600,28.52,28.535,28.285,28.465
1221125,1600,28.455,28.715,28.315,28.525
1221128,1600,27.685,27.94,27.57,27.94
1221129,1600,28.35,28.6,28.3,28.41
1221130,1600,28.445,28.68,28.43,28.645
1221201,1600,28.475,28.535,28.32,28.32
1221202,1600,28.01,28.085,27.875,28.045
1221205,1600,27.57,27.68,27.33,27.33
1221206,1600,27.045,27.125,26.775,26.845
1221207,1600,26.98,26.985,26.7,26.7
1221208,1600,26.98,27.165,26.815,26.88
1221209,1600,26.925,27.27,26.925,27.2
1221212,1600,27.35,27.48,27.15,27.445
1221213,1600,27.515,27.755,27.47,27.715
1221214,1600,27.455,27.6,27.365,27.515
1221215,1600,27.34,27.49,27.125,27.125
1221216,1600,27.205,27.235,27.0,27.125
1221219,1600,26.925,27.12,26.895,26.94
1221220,1600,26.805,26.985,26.8,26.93
1221221,1600,26.9,27.3,26.9,27.26
1221222,1600,27.185,27.325,27.0,27.11
1221223,1600,26.88,27.14,26.855,27.13
1221227,1600,27.13,27.415,27.09,27.26
1221228,1600,27.155,27.22,26.85,27.025
1221229,1600,27.025,27.04,26.835,26.9
1221230,1600,27.045,27.045,26.89,26.92
1230102,1600,27.43,27.43,26.95,27.135
1230103,1600,27.3,27.4,26.885,26.885
1230104,1600,26.645,26.78,26.105,26.245
1230105,1600,26.21,26.35,26.095,26.185
1230106,1600,26.15,26.315,26.09,26.17
1230109,1600,26.16,26.375,26.13,26.135
1230110,1600,25.835,26.015,25.81,25.985
1230111,1600,25.985,26.155,25.9,26.075
1230112,1600,26.15,26.3,26.15,26.25
1230113,1600,26.275,26.42,26.185,26.41
1230116,1600,26.465,26.6,26.41,26.43
1230117,1600,26.395,26.615,26.33,26.615
1230118,1600,26.625,26.77,26.58,26.645
1230119,1600,26.395,26.67,26.32,26.58
1230120,1600,26.55,26.575,26.45,26.575
1230123,1600,26.33,26.54,26.33,26.455
1230124,1600,26.62,26.7,26.44,26.44
1230125,1600,26.325,26.395,26.225,26.395
1230126,1600,26.24,26.485,26.17,26.485
1230127,1600,26.5,26.58,26.45,26.455
1230130,1600,26.22,26.34,26.18,26.305
1230131,1600,26.07,26.39,26.01,26.345
1230201,1600,26.44,26.44,25.95,25.96
1230202,1600,25.905,25.955,25.665,25.775
1230203,1600,25.65,25.8,25.445,25.465
1230206,1600,25.535,25.58,25.3,25.48
1230207,1600,25.73,25.905,25.685,25.905
1230208,1600,26.07,26.07,25.835,25.835
1230209,1600,25.915,25.925,25.635,25.83
1230210,1600,25.8,26.09,25.76,26.09
1230213,1600,26.08,26.195,25.975,26.025
1230214,1600,26.06,26.06,25.875,25.975
1230215,1600,25.915,25.955,25.8,25.84
1230216,1600,25.965,25.965,25.78,25.91
1230217,1600,25.755,25.765,25.605,25.67
1230220,1600,25.67,25.86,25.67,25.805
1230221,1600,25.84,25.95,25.76,25.81
1230222,1600,25.75,25.825,25.7,25.765
1230223,1600,25.765,25.81,25.655,25.7
1230224,1600,25.895,25.925,25.605,25.785
1230227,1600,25.78,25.86,25.635,25.68
1230228,1600,25.685,25.72,25.62,25.72
1230301,1600,25.865,25.89,25.615,25.695
1230302,1600,25.905,26.065,25.9,26.02
1230303,1600,26.045,26.21,25.9,26.165
1230306,1600,26.01,26.01,25.775,25.91
1230307,1600,25.9,25.9,25.76,25.79
1230308,1600,25.795,25.855,25.65,25.7
1230309,1600,25.67,25.73,25.52,25.535
1230310,1600,25.21,25.285,25.15,25.285
1230313,1600,25.275,25.44,24.865,25.265
1230314,1600,25.34,25.34,25.09,25.175
1230315,1600,25.05,25.235,24.92,24.945
1230316,1600,24.865,25.0,24.795,24.905
1230317,1600,25.055,25.145,24.7,24.805
1230320,1600,24.66,24.71,24.57,24.605
1230321,1600,24.58,24.765,24.48,24.48
1230322,1600,24.535,24.62,24.375,24.62
1230323,1600,24.375,24.55,24.355,24.38
1230324,1600,24.495,24.71,24.47,24.695
1230327,1600,24.65,24.705,24.555,24.7
1230328,1600,24.8,24.9,24.75,24.875
1230329,1600,24.87,24.95,24.78,24.84
1230330,1600,24.825,24.845,24.665,24.72
1230331,1600,24.76,25.025,24.6,25.025
1230403,1600,25.385,25.49,25.3,25.3
1230404,1600,25.265,25.295,25.035,25.065
1230405,1600,25.125,25.27,25.065,25.27
1230406,1600,25.22,25.27,25.1,25.14
1230411,1600,25.25,25.41,25.11,25.345
1230412,1600,25.36,25.45,25.25,25.325
1230413,1600,25.375,25.44,25.245,25.26
1230414,1600,25.24,25.36,25.135,25.305
1230417,1600,25.49,25.59,25.41,25.51
1230418,1600,25.63,25.665,25.495,25.665
1230419,1600,25.565,25.565,25.32,25.49
1230420,1600,25.245,25.245,25.05,25.05
1230421,1600,24.985,25.045,24.88,24.89
1230424,1600,24.765,24.935,24.7,24.935
1230425,1600,24.865,24.865,24.59,24.595
1230426,1600,24.705,24.705,24.31,24.455
1230427,1600,24.3,24.4,24.15,24.285
1230428,1600,24.3,24.415,24.265,24.415
1230502,1600,24.5,24.565,24.185,24.215
1230503,1600,24.07,24.07,23.735,23.775
1230504,1600,23.93,24.0,23.775,23.935
1230505,1600,23.995,24.255,23.99,24.22
1230508,1600,24.285,24.455,24.285,24.4
1230509,1600,24.365,24.475,24.3,24.32
1230510,1600,24.425,24.445,24.245,24.35
1230511,1600,24.295,24.375,24.075,24.18
1230512,1600,23.99,24.2,23.955,24.125
1230515,1600,24.21,24.44,24.155,24.44
1230516,1600,24.28,24.42,24.22,24.245
1230517,1600,24.14,24.365,24.13,24.25
1230518,1600,24.265,24.31,24.12,24.295
1230519,1600,24.415,24.54,24.395,24.395
1230522,1600,24.135,24.265,24.135,24.265
1230523,1600,24.155,24.32,24.1,24.27
1230524,1600,24.25,24.34,24.195,24.33
1230525,1600,24.315,24.39,24.1,24.1
1230526,1600,24.195,24.295,24.15,24.295
1230529,1600,24.305,24.35,24.25,24.25
1230530,1600,24.185,24.185,23.885,23.91
1230531,1600,23.85,23.995,23.62,23.995
1230601,1600,23.99,24.055,23.855,24.055
1230602,1600,24.025,24.27,24.015,24.12
1230605,1600,24.355,24.5,24.3,24.345
1230606,1600,24.265,24.48,24.205,24.44
1230607,1600,24.395,24.58,24.395,24.55
1230608,1600,24.47,24.545,24.425,24.425
1230609,1600,24.485,24.6,24.385,24.55
1230612,1600,24.385,24.385,24.14,24.265
1230613,1600,24.205,24.45,24.205,24.42
1230614,1600,24.395,24.445,24.35,24.375
1230615,1600,24.325,24.545,24.26,24.525
1230616,1600,24.765,25.055,24.72,24.92
1230619,1600,24.955,25.12,24.955,25.0
1230620,1600,25.025,25.025,24.75,24.755
1230621,1600,24.765,24.885,24.7,24.885
1230622,1600,24.8,24.83,24.49,24.505
1230623,1600,24.5,24.565,24.355,24.415
1230626,1600,24.64,24.64,24.48,24.495
1230627,1600,24.48,24.48,24.17,24.195
1230628,1600,24.125,24.145,23.88,24.06
1230629,1600,23.98,24.06,23.85,23.985
1230630,1600,24.155,24.29,24.105,24.245
1230703,1600,24.34,24.47,24.25,24.425
1230704,1600,24.29,24.515,24.28,24.44
1230705,1600,24.41,24.57,24.325,24.495
1230706,1600,24.515,24.545,24.31,24.315
1230707,1600,24.38,24.425,24.29,24.34
1230710,1600,24.315,24.39,24.245,24.385
1230711,1600,24.37,24.51,24.36,24.51
1230712,1600,24.485,24.57,24.465,24.47
1230713,1600,24.31,24.365,24.25,24.31
1230714,1600,24.325,24.475,24.25,24.255
1230717,1600,24.28,24.295,24.15,24.18
1230718,1600,24.1,24.38,24.035,24.38
1230719,1600,24.485,24.75,24.46,24.715
1230720,1600,24.72,24.925,24.72,24.885
1230721,1600,24.945,24.97,24.845,24.96
1230724,1600,25.0,25.435,24.96,25.29
1230725,1600,25.495,25.59,25.41,25.59
1230726,1600,25.59,25.59,25.425,25.425
1230727,1600,25.48,25.535,25.32,25.49
1230728,1600,25.515,25.525,25.36,25.485
1230731,1600,25.4,25.465,25.365,25.46
1230801,1600,25.615,25.63,25.405,25.46
1230802,1600,25.57,25.575,25.13,25.13
1230803,1600,25.145,25.265,25.12,25.265
1230804,1600,25.32,25.4,25.15,25.15
1230807,1600,25.27,25.3,25.16,25.17
1230808,1600,25.105,25.23,24.975,25.23
1230809,1600,25.33,25.5,25.32,25.42
1230810,1600,25.48,25.48,25.235,25.285
1230811,1600,25.23,25.28,25.22,25.28
1230814,1600,25.235,25.305,25.2,25.205
1230815,1600,25.295,25.295,24.92,24.995
1230816,1600,24.94,25.055,24.94,25.055
1230817,1600,25.03,25.13,25.03,25.125
1230818,1600,25.12,25.18,25.02,25.14
1230821,1600,25.31,25.33,25.195,25.225
1230822,1600,25.085,25.26,25.085,25.165
1230823,1600,25.17,25.37,25.17,25.325
1230824,1600,25.26,25.385,25.215,25.385
1230825,1600,25.605,25.66,25.565,25.66
1230828,1600,25.725,25.825,25.685,25.77
1230829,1600,25.675,25.785,25.57,25.655
1230830,1600,25.595,25.67,25.465,25.475
1230831,1600,25.54,25.795,25.54,25.745
1230901,1600,25.845,26.07,25.845,26.015
1230904,1600,25.99,26.075,25.895,25.975
1230905,1600,25.93,26.265,25.89,26.265
1230906,1600,26.115,26.15,26.05,26.085
1230907,1600,26.09,26.115,26.045,26.105
1230908,1600,26.045,26.14,26.02,26.08
1230911,1600,26.045,26.225,26.02,26.085
1230912,1600,26.125,26.26,26.125,26.245
1230913,1600,26.185,26.29,26.155,26.29
1230914,1600,26.27,26.585,26.245,26.57
1230915,1600,26.72,26.72,26.54,26.54
1230918,1600,26.615,26.625,26.46,26.46
1230919,1600,26.48,26.625,26.425,26.59
1230920,1600,26.47,26.48,26.335,26.425
1230921,1600,26.38,26.405,26.32,26.32
1230922,1600,26.33,26.435,26.265,26.265
1230925,1600,26.285,26.345,26.255,26.295
1230926,1600,26.22,26.3,26.14,26.295
1230927,1600,26.36,26.585,26.36,26.58
1230928,1600,26.65,26.655,26.48,26.5
1230929,1600,26.5,26.5,26.275,26.31
1231002,1600,26.17,26.265,26.105,26.115
1231003,1600,26.08,26.105,25.98,26.105
1231004,1600,26.06,26.08,25.7,25.7
1231005,1600,25.56,25.56,25.36,25.465
1231006,1600,25.455,25.68,25.455,25.57
1231009,1600,26.11,26.135,25.895,25.985
1231010,1600,25.855,25.92,25.775,25.795
1231011,1600,25.925,25.965,25.56,25.6
1231012,1600,25.685,25.865,25.685,25.805
1231013,1600,26.02,26.405,25.995,26.405
1231016,1600,26.4,26.4,26.26,26.265
1231017,1600,26.23,26.245,26.14,26.14
1231018,1600,26.425,26.61,26.405,26.53
1231019,1600,26.53,26.53,26.35,26.44
1231020,1600,26.57,26.63,26.485,26.625
1231023,1600,26.305,26.34,26.22,26.225
1231024,1600,26.005,26.13,25.97,26.045
1231025,1600,26.13,26.24,26.03,26.12
1231026,1600,26.345,26.385,26.225,26.26
1231027,1600,26.405,26.52,26.24,26.335
1231030,1600,26.4,26.41,26.125,26.15
1231031,1600,26.075,26.375,26.035,26.35
1231101,1600,26.21,26.4,26.21,26.3
1231102,1600,26.155,26.215,25.98,26.19
1231103,1600,26.305,26.305,26.045,26.045
1231106,1600,25.98,26.065,25.915,25.935
1231107,1600,25.815,25.815,25.68,25.69
1231108,1600,25.63,25.655,25.405,25.475
1231109,1600,25.345,25.395,25.31,25.365
1231110,1600,25.34,25.34,25.22,25.285
1231113,1600,25.225,25.49,25.195,25.49
1231114,1600,25.545,25.545,25.375,25.375
1231115,1600,25.29,25.37,25.27,25.305
1231116,1600,25.29,25.29,24.855,24.9
1231117,1600,24.895,24.93,24.77,24.8
1231120,1600,24.76,24.9,24.73,24.9
1231121,1600,24.94,24.995,24.88,24.995
1231122,1600,25.025,25.06,24.78,24.845
1231123,1600,24.865,24.895,24.825,24.875
1231124,1600,24.865,24.9,24.705,24.745
1231127,1600,24.53,24.64,24.475,24.54
1231128,1600,24.56,24.735,24.5,24.735
1231129,1600,24.655,24.77,24.605,24.735
1231130,1600,24.885,25.035,24.73,24.76
1231201,1600,24.79,25.0,24.7,24.95
1231204,1600,24.95,24.95,24.95,24.95
1231205,1600,24.95,24.95,24.95,24.95
1231206,1600,24.95,24.95,24.95,24.95
1231207,1600,24.155,24.345,24.095,24.095
1231208,1600,24.255,24.38,24.245,24.29
1231211,1600,24.145,24.145,23.94,23.99
1231212,1600,24.13,24.13,23.785,23.84
1231213,1600,23.715,23.97,23.66,23.835
1231214,1600,23.895,23.96,23.835,23.835
1231215,1600,23.965,24.1,23.95,24.09
1231218,1600,24.13,24.32,24.055,24.26
1231219,1600,24.12,24.2,24.025,24.175
1231220,1600,24.28,24.305,24.135,24.155
1231221,1600,24.13,24.16,23.94,24.035
1231222,1600,24.075,24.135,24.01,24.055
1231227,1600,24.0,24.255,24.0,24.045
1231228,1600,24.02,24.105,23.865,24.075
1231229,1600,23.975,24.005,23.895,23.985
1240102,1600,24.075,24.225,23.92,23.92
1240103,1600,23.815,24.065,23.8,24.035
1240104,1600,24.125,24.125,23.84,23.84
1240105,1600,24.075,24.1,24.0,24.015
1240108,1600,23.95,23.95,23.6,23.64
1240109,1600,23.845,24.06,23.845,24.06
1240110,1600,23.965,24.01,23.81,23.85
1240111,1600,23.845,24.035,23.815,23.99
1240112,1600,24.04,24.19,23.93,23.93
1240115,1600,23.87,23.92,23.76,23.875
1240116,1600,23.9,24.09,23.9,23.965
1240117,1600,23.825,23.825,23.7,23.805
1240118,1600,23.82,23.86,23.715,23.825
1240119,1600,23.95,24.01,23.825,23.825
1240122,1600,23.645,23.77,23.595,23.77
1240123,1600,23.87,24.105,23.85,24.065
1240124,1600,24.17,24.185,24.07,24.165
1240125,1600,24.285,24.36,24.25,24.285
1240126,1600,24.39,24.39,24.18,24.18
1240129,1600,24.41,24.43,24.235,24.295
1240130,1600,24.215,24.375,24.11,24.375
1240131,1600,24.375,24.375,24.29,24.335
1240201,1600,24.405,24.445,24.25,24.265
1240202,1600,24.03,24.065,23.97,24.02
1240205,1600,24.01,24.045,23.94,24.045
1240206,1600,24.095,24.16,24.08,24.12
1240207,1600,24.045,24.135,24.02,24.07
1240208,1600,24.08,24.15,24.07,24.1
1240209,1600,24.06,24.16,24.03,24.05
1240212,1600,24.025,24.19,24.025,24.1
1240213,1600,24.14,24.185,24.06,24.135
1240214,1600,24.04,24.07,23.94,23.94
1240215,1600,23.825,23.91,23.785,23.87
1240216,1600,23.87,23.94,23.79,23.94
1240219,1600,23.875,23.975,23.845,23.93
1240220,1600,23.94,23.95,23.72,23.775
1240221,1600,23.955,24.01,23.9,23.95
1240222,1600,23.94,23.965,23.825,23.925
1240223,1600,23.905,23.905,23.68,23.75
1240226,1600,23.68,23.71,23.57,23.67
1240227,1600,23.835,23.945,23.75,23.945
1240228,1600,23.9,23.99,23.87,23.97
1240229,1600,23.925,24.075,23.88,24.075
1240301,1600,24.035,24.13,23.975,24.13
1240304,1600,24.15,24.285,24.105,24.275
1240305,1600,24.16,24.23,24.09,24.115
1240306,1600,24.055,24.305,24.01,24.155
1240307,1600,24.2,24.29,24.165,24.205
1240308,1600,24.245,24.295,23.97,24.01
1240311,1600,24.115,24.245,24.065,24.215
1240312,1600,24.235,24.25,24.19,24.225
1240313,1600,24.225,24.32,24.185,24.32
1240314,1600,24.375,24.51,24.3,24.425
1240315,1600,24.575,24.585,24.455,24.585
1240318,1600,24.615,24.7,24.585,24.66
1240319,1600,24.715,24.75,24.655,24.665
1240320,1600,24.665,24.665,24.565,24.59
1240321,1600,24.705,24.735,24.55,24.605
1240322,1600,24.625,24.69,24.62,24.64
1240325,1600,24.665,24.75,24.58,24.715
1240326,1600,24.63,24.695,24.61,24.61
1240327,1600,24.475,24.515,24.405,24.495
1240328,1600,24.56,24.815,24.56,24.815
1240402,1600,25.28,25.365,25.22,25.245
1240403,1600,25.31,25.435,25.265,25.38
1240404,1600,25.4,25.41,25.225,25.305
1240405,1600,25.43,25.68,25.355,25.64
1240408,1600,25.54,25.67,25.53,25.56
1240409,1600,25.615,25.695,25.56,25.635
1240410,1600,25.69,25.88,25.665,25.81
1240411,1600,25.895,25.9,25.77,25.795
1240412,1600,26.095,26.5,26.085,26.255
1240415,1600,26.1,26.1,25.965,26.015
1240416,1600,26.155,26.165,25.915,26.105
1240417,1600,26.075,26.15,26.015,26.05
1240418,1600,25.935,25.935,25.82,25.91
1240419,1600,26.07,26.095,25.925,26.02
1240422,1600,25.88,26.11,25.845,26.11
1240423,1600,26.0,26.105,25.75,25.865
1240424,1600,26.07,26.07,25.93,25.99
1240425,1600,25.91,26.02,25.865,25.865
1240426,1600,26.075,26.115,26.025,26.085
1240429,1600,25.975,26.095,25.975,26.04
1240430,1600,26.02,26.05,25.705,25.83
1240502,1600,25.53,25.57,25.435,25.45
1240503,1600,25.525,25.56,25.4,25.485
1240506,1600,25.565,25.795,25.565,25.785
1240507,1600,25.8,25.82,25.695,25.8
1240508,1600,25.74,25.77,25.65,25.77
1240509,1600,25.78,25.85,25.75,25.76
1240510,1600,25.96,26.015,25.87,25.875
1240513,1600,25.825,25.915,25.76,25.915
1240514,1600,25.955,25.955,25.795,25.89
1240515,1600,26.005,26.085,25.7,25.86
1240516,1600,25.935,25.98,25.9,25.95
1240517,1600,26.175,26.345,26.155,26.305
1240520,1600,26.56,26.71,26.505,26.69
1240521,1600,26.61,26.825,26.61,26.75
1240522,1600,26.685,26.715,26.495,26.555
1240523,1600,26.435,26.685,26.38,26.51
1240524,1600,26.42,26.42,26.225,26.285
1240527,1600,26.32,26.54,26.16,26.54
1240528,1600,26.45,26.555,26.425,26.555
1240529,1600,26.74,26.755,26.545,26.545
1240530,1600,26.36,26.36,26.1,26.1
1240531,1600,26.13,26.165,25.745,25.745
1240603,1600,25.825,26.03,25.545,25.555
1240604,1600,25.55,25.575,25.36,25.44
1240605,1600,25.365,25.455,25.3,25.455
1240606,1600,25.6,25.86,25.565,25.86
1240607,1600,25.805,25.805,25.545,25.575
1240610,1600,25.795,26.02,25.76,26.02
1240611,1600,25.895,26.055,25.875,26.055
1240612,1600,26.075,26.075,25.81,25.875
1240613,1600,25.875,26.03,25.87,25.985
1240614,1600,26.045,26.225,26.015,26.075
1240617,1600,25.865,25.96,25.81,25.81
1240618,1600,25.865,26.01,25.78,26.01
1240619,1600,26.08,26.085,26.025,26.045
1240620,1600,26.135,26.185,26.085,26.135
1240621,1600,26.09,26.13,25.97,26.005
1240624,1600,25.855,25.965,25.85,25.965
1240625,1600,26.0,26.02,25.855,25.855
1240626,1600,25.905,25.905,25.735,25.765
1240627,1600,25.7,25.87,25.7,25.855
1240628,1600,25.96,26.0,25.78,25.795
1240701,1600,25.64,25.745,25.57,25.745
1240702,1600,25.79,25.84,25.75,25.805
1240703,1600,25.815,25.845,25.745,25.785
1240704,1600,25.745,25.79,25.695,25.715
1240705,1600,25.725,25.945,25.72,25.91
1240708,1600,25.69,25.71,25.575,25.575
1240709,1600,25.575,25.615,25.48,25.48
1240710,1600,25.32,25.45,25.31,25.405
1240711,1600,25.385,25.39,25.29,25.37
1240712,1600,25.275,25.285,25.16,25.23
1240715,1600,25.09,25.095,24.96,25.055
1240716,1600,24.97,25.075,24.905,25.02
1240717,1600,24.96,24.995,24.785,24.785
1240718,1600,24.895,24.91,24.74,24.825
1240719,1600,24.725,24.785,24.545,24.6
1240722,1600,24.565,24.59,24.47,24.59
1240723,1600,24.575,24.68,24.575,24.62
1240724,1600,24.57,24.67,24.52,24.67
1240725,1600,24.33,24.38,24.2,24.38
1240726,1600,24.435,24.435,24.2,24.23
1240729,1600,24.225,24.26,24.055,24.055
1240730,1600,24.12,24.12,23.975,24.11
1240731,1600,24.385,24.42,24.285,24.355
1240801,1600,24.485,24.605,24.355,24.395
1240802,1600,24.39,24.39,23.745,23.76
1240805,1600,23.645,23.685,23.06,23.425
1240806,1600,23.495,23.67,23.485,23.66
1240807,1600,23.57,23.82,23.56,23.82
1240808,1600,23.72,23.98,23.695,23.98
1240809,1600,23.985,24.12,23.955,23.955
1240812,1600,24.1,24.2,24.1,24.145
1240813,1600,24.14,24.18,23.95,23.95
1240814,1600,23.87,23.885,23.805,23.84
1240815,1600,23.88,24.125,23.88,24.125
1240816,1600,23.95,23.955,23.785,23.87
1240819,1600,23.855,23.995,23.825,23.95
1240820,1600,23.8,23.975,23.8,23.835
1240821,1600,23.8,23.835,23.73,23.745
1240822,1600,23.61,23.665,23.5,23.545
1240823,1600,23.595,23.745,23.595,23.69
1240826,1600,23.76,23.93,23.76,23.86
1240827,1600,23.895,23.97,23.815,23.94
1240828,1600,23.855,23.86,23.745,23.81
1240829,1600,23.865,24.05,23.865,24.0
1240830,1600,24.135,24.18,23.95,23.97
1240902,1600,23.83,23.92,23.83,23.86
1240903,1600,23.86,23.88,23.515,23.665
1240904,1600,23.605,23.75,23.52,23.6
1240905,1600,23.49,23.655,23.49,23.655
1240906,1600,23.59,23.66,23.35,23.375
1240909,1600,23.385,23.475,23.345,23.39
1240910,1600,23.58,23.58,23.335,23.335
1240911,1600,23.45,23.505,23.395,23.495
1240912,1600,23.705,23.895,23.695,23.895
1240913,1600,23.875,23.98,23.81,23.96
1240916,1600,23.83,24.055,23.805,24.055
1240917,1600,24.04,24.095,23.9,24.055
1240918,1600,24.05,24.1,24.005,24.05
1240919,1600,24.12,24.16,24.045,24.16
1240920,1600,24.205,24.24,24.095,24.17
1240923,1600,24.295,24.55,24.295,24.53
1240924,1600,24.715,24.85,24.685,24.765
1240925,1600,24.635,24.815,24.58,24.79
1240926,1600,24.705,24.875,24.7,24.725
1240927,1600,24.725,24.745,24.585,24.72
1240930,1600,24.845,24.88,24.645,24.825
1241001,1600,24.85,25.33,24.78,25.33
1241002,1600,25.355,25.54,25.355,25.395
1241003,1600,25.49,25.625,25.335,25.545
1241004,1600,25.62,25.795,25.62,25.675
1241007,1600,25.585,25.755,25.525,25.655
1241008,1600,25.435,25.435,25.135,25.135
1241009,1600,25.22,25.265,24.94,25.06
1241010,1600,25.125,25.335,25.125,25.29
1241011,1600,25.37,25.53,25.37,25.465
1241014,1600,25.32,25.32,25.17,25.17
1241015,1600,24.95,24.955,24.78,24.955
1241016,1600,25.05,25.05,24.95,24.96
1241017,1600,24.92,25.075,24.9,25.01
1241018,1600,25.18,25.18,24.975,24.995
1241021,1600,25.205,25.28,25.155,25.21
1241022,1600,25.255,25.56,25.215,25.56
1241023,1600,25.595,25.64,25.515,25.525
1241024,1600,25.75,25.755,25.45,25.475
1241025,1600,25.445,25.565,25.315,25.565
1241028,1600,25.335,25.335,25.1,25.14
1241029,1600,25.15,25.295,25.15,25.22
1241030,1600,25.265,25.265,25.135,25.165
1241031,1600,25.155,25.165,24.99,24.99
1241101,1600,25.155,25.225,25.03,25.03
1241104,1600,25.025,25.14,24.995,25.14
1241105,1600,25.205,25.26,25.19,25.19
1241106,1600,25.3,25.325,25.165,25.29
1241107,1600,25.325,25.395,25.24,25.365
1241108,1600,25.405,25.43,25.295,25.32
1241111,1600,25.475,25.5,25.225,25.27
1241112,1600,25.25,25.405,25.23,25.35
1241113,1600,25.235,25.3,25.12,25.28
1241114,1600,25.22,25.405,25.22,25.225
1241115,1600,25.1,25.395,25.075,25.285
1241118,1600,25.36,25.565,25.355,25.53
1241119,1600,25.62,25.715,25.56,25.67
1241120,1600,25.705,25.985,25.68,25.985
1241121,1600,26.08,26.235,26.08,26.185
1241122,1600,26.23,26.59,26.205,26.37
1241125,1600,26.285,26.31,26.01,26.075
1241126,1600,25.935,26.075,25.93,26.0
1241127,1600,25.98,25.98,25.685,25.685
1241128,1600,25.68,25.8,25.61,25.73
1241129,1600,25.745,25.88,25.705,25.875
1241202,1600,25.67,25.77,25.655,25.675
1241203,1600,25.755,25.795,25.7,25.795
1241204,1600,25.755,25.83,25.635,25.65
1241205,1600,25.68,25.695,25.6,25.615
1241206,1600,25.545,25.635,25.495,25.59
1241209,1600,25.82,25.93,25.79,25.895
1241210,1600,25.875,26.105,25.855,26.105
1241211,1600,26.19,26.38,26.145,26.375
1241212,1600,26.36,26.395,26.07,26.11
1241213,1600,26.25,26.25,26.06,26.08
1241216,1600,26.005,26.105,25.965,25.99
1241217,1600,25.935,25.94,25.61,25.655
1241218,1600,25.79,25.88,25.79,25.88
1241219,1600,25.855,25.935,25.79,25.805
1241220,1600,25.915,26.02,25.845,25.98
1241223,1600,26.14,26.185,25.975,25.975
1241227,1600,26.195,26.265,26.005,26.16
1241230,1600,26.04,26.48,26.04,26.415
1250102,1600,26.575,27.1,26.575,27.1
1250103,1600,26.88,26.95,26.645,26.66
1250106,1600,26.64,26.745,26.625,26.675
1250107,1600,26.43,26.77,26.43,26.715
1250108,1600,26.905,27.04,26.875,26.905
1250109,1600,26.915,27.145,26.9,27.145
1250110,1600,27.345,27.84,27.345,27.7
1250113,1600,28.115,28.24,28.0,28.115
1250114,1600,27.875,27.935,27.735,27.775
1250115,1600,27.83,28.14,27.775,28.14
1250116,1600,28.145,28.23,27.965,27.995
1250117,1600,28.23,28.23,27.965,28.105
1250120,1600,28.11,28.145,27.585,27.645
1250121,1600,27.79,27.85,27.645,27.685
1250122,1600,27.625,27.725,27.585,27.68
1250123,1600,27.66,27.84,27.64,27.655
1250124,1600,27.575,27.575,27.325,27.415
1250127,1600,27.255,27.32,26.95,27.005
1250128,1600,27.235,27.27,27.2,27.225
1250129,1600,27.325,27.55,27.29,27.545
1250130,1600,27.475,27.655,27.46,27.595
1250131,1600,27.575,27.635,27.425,27.51
1250203,1600,28.11,28.185,27.96,28.115
1250204,1600,27.83,28.025,27.7,28.015
1250205,1600,27.97,27.985,27.79,27.825
1250206,1600,28.03,28.225,27.875,28.03
1250207,1600,28.15,28.295,28.1,28.175
1250210,1600,28.39,28.6,28.345,28.6
1250211,1600,28.665,28.695,28.565,28.6
1250212,1600,28.39,28.515,28.36,28.45
1250213,1600,28.325,28.395,28.255,28.385
1250214,1600,28.45,28.525,28.235,28.235
1250217,1600,28.21,28.49,28.115,28.49
1250218,1600,28.225,28.52,28.21,28.52
1250219,1600,28.77,28.975,28.77,28.975
1250220,1600,28.95,28.955,28.74,28.775
1250221,1600,28.72,28.77,28.65,28.72
1250224,1600,28.305,28.405,28.24,28.285
1250225,1600,28.26,28.315,27.89,27.89
1250226,1600,28.125,28.155,27.86,27.875
1250227,1600,27.945,28.155,27.92,28.085
1250228,1600,28.0,28.02,27.67,27.67
1250303,1600,27.69,27.725,27.535,27.605
1250304,1600,27.405,27.56,27.255,27.535
1250305,1600,27.285,27.29,26.945,27.06
1250306,1600,27.08,27.14,26.935,27.015
1250307,1600,26.955,27.03,26.765,26.965
1250310,1600,27.23,27.31,27.04,27.105
1250311,1600,26.93,27.035,26.88,26.965
1250312,1600,26.925,26.965,26.725,26.8
1250313,1600,26.915,27.135,26.9,27.11
1250314,1600,27.135,27.17,26.84,26.925
1250317,1600,27.18,27.18,27.01,27.01
1250318,1600,27.06,27.235,27.02,27.045
1250319,1600,27.09,27.27,27.055,27.265
1250320,1600,27.325,27.41,27.3,27.32
1250321,1600,27.25,27.32,27.13,27.285
1250324,1600,27.345,27.38,27.21,27.32
1250325,1600,27.35,27.395,27.24,27.28
1250326,1600,27.42,27.445,27.345,27.39
1250327,1600,27.325,27.395,27.24,27.395
1250328,1600,27.415,27.465,27.125,27.365
1250331,1600,27.55,27.755,27.49,27.755
1250401,1600,27.73,27.87,27.515,27.87
1250402,1600,27.685,27.79,27.515,27.64
1250403,1600,26.85,26.99,26.14,26.485
1250404,1600,26.26,26.35,25.35,25.545
1250407,1600,25.2,25.75,25.05,25.405
1250408,1600,25.36,25.52,25.265,25.265
1250409,1600,24.675,24.845,24.4,24.67
1250410,1600,25.725,25.76,25.105,25.105
1250411,1600,24.96,25.04,24.66,25.0
1250414,1600,24.96,25.225,24.945,25.06
1250415,1600,25.175,25.175,25.0,25.07
1250416,1600,25.005,25.325,24.92,25.29
1250417,1600,25.365,25.4,25.25,25.375
1250422,1600,25.195,25.265,25.085,25.175
1250423,1600,25.375,25.44,25.2,25.215
1250424,1600,25.37,25.38,25.26,25.325
1250425,1600,25.51,25.51,25.345,25.36
1250428,1600,25.41,25.445,25.3,25.405
1250429,1600,25.38,25.505,25.23,25.23
1250430,1600,25.15,25.22,25.05,25.22
1250502,1600,25.185,25.285,25.06,25.115
1250505,1600,25.18,25.3,25.165,25.24
1250506,1600,25.37,25.49,25.31,25.445
1250507,1600,25.445,25.475,25.225,25.24
1250508,1600,25.25,25.38,25.25,25.37
1250509,1600,25.515,25.725,25.505,25.695
1250512,1600,25.91,26.225,25.91,26.01
1250513,1600,26.025,26.03,25.895,25.935
1250514,1600,25.945,25.945,25.71,25.78
1250515,1600,25.41,25.6,25.355,25.58
1250516,1600,25.455,25.55,25.385,25.545
1250519,1600,25.39,25.415,25.24,25.27
1250520,1600,25.195,25.495,25.17,25.49
1250521,1600,25.565,25.6,25.48,25.55
1250522,1600,25.44,25.44,25.31,25.41
1250523,1600,25.465,25.58,25.35,25.505
1250526,1600,25.395,25.595,25.29,25.41
1250527,1600,25.31,25.4,25.3,25.33
1250528,1600,25.445,25.495,25.26,25.29
1250529,1600,25.345,25.38,24.95,24.95
1250530,1600,25.015,25.12,24.85,24.85
1250602,1600,25.105,25.325,25.07,25.265
1250603,1600,25.11,25.385,25.1,25.385
1250604,1600,25.355,25.435,25.23,25.285
1250605,1600,25.335,25.435,25.305,25.365
1250606,1600,25.445,25.62,25.38,25.56
1250609,1600,25.555,25.63,25.475,25.56
1250610,1600,25.565,25.595,25.465,25.505
1250611,1600,25.505,25.52,25.335,25.36
1250612,1600,25.395,25.395,25.15,25.26
1250613,1600,25.5,25.745,25.5,25.65
1250616,1600,25.875,25.88,25.45,25.66
1250617,1600,25.865,26.165,25.865,26.115
1250618,1600,26.235,26.415,26.165,26.265
1250619,1600,26.465,26.66,26.43,26.635
1250620,1600,26.295,26.435,26.24,26.24
1250623,1600,26.3,26.415,26.015,26.015
1250624,1600,25.255,25.345,25.0,25.055
1250625,1600,25.115,25.155,24.96,24.965
1250626,1600,24.785,24.805,24.705,24.79
1250627,1600,24.79,24.8,24.67,24.75
1250630,1600,24.76,24.815,24.61,24.62
1250701,1600,24.605,24.605,24.455,24.54
1250702,1600,24.5,24.75,24.5,24.71
1250703,1600,24.905,25.04,24.865,24.92
1250704,1600,24.8,24.835,24.705,24.77
1250707,1600,24.71,24.945,24.54,24.765
1250708,1600,24.74,24.81,24.71,24.81
1250709,1600,24.94,24.95,24.81,24.86
1250710,1600,24.92,25.025,24.87,25.01
1250711,1600,25.08,25.25,25.005,25.25
1250714,1600,25.33,25.385,25.13,25.145
1250715,1600,25.14,25.35,25.09,25.35
1250716,1600,25.335,25.385,25.25,25.25
1250717,1600,25.435,25.5,25.39,25.5
1250718,1600,25.64,25.72,25.575,25.575
1250721,1600,25.52,25.58,25.315,25.315
1250722,1600,25.315,25.315,25.24,25.27
1250723,1600,25.285,25.34,25.2,25.235
1250724,1600,25.22,25.245,25.08,25.09
1250725,1600,25.175,25.19,25.01,25.01
1250728,1600,25.05,25.285,25.04,25.195
1250729,1600,25.36,25.48,25.31,25.425
1250730,1600,25.54,25.615,25.44,25.49
1250731,1600,25.12,25.215,25.05,25.06
1250801,1600,25.15,25.165,24.7,24.745
1250804,1600,24.725,24.765,24.615,24.69
1250805,1600,24.685,24.73,24.635,24.635
1250806,1600,24.62,24.665,24.545,24.545
1250807,1600,24.53,24.635,24.435,24.555
1250808,1600,24.6,24.68,24.58,24.6
1250811,1600,24.425,24.63,24.425,24.625
1250812,1600,24.6,24.6,24.35,24.35
1250813,1600,24.4,24.45,24.26,24.26
1250814,1600,24.405,24.42,24.31,24.42
1250815,1600,24.355,24.38,24.29,24.38
1250818,1600,24.315,24.405,24.3,24.405
1250819,1600,24.4,24.4,24.22,24.25
1250820,1600,24.36,24.45,24.3,24.45
1250821,1600,24.5,24.67,24.425,24.67
1250822,1600,24.76,24.765,24.635,24.655
1250825,1600,24.65,24.87,24.62,24.87
1250826,1600,24.865,24.885,24.685,24.695
1250827,1600,24.76,24.875,24.735,24.84
1250828,1600,24.775,24.82,24.72,24.755
1250829,1600,24.84,24.935,24.81,24.875
1250901,1600,25.085,25.16,24.95,25.105
1250902,1600,25.145,25.33,25.08,25.23
1250903,1600,25.35,25.375,25.2,25.2
1250904,1600,25.12,25.145,25.05,25.145
1250905,1600,25.14,25.14,24.855,24.855
1250908,1600,25.05,25.095,24.945,24.995
1250909,1600,25.0,25.145,25.0,25.03
1250910,1600,25.155,25.16,25.045,25.075
1250911,1600,25.155,25.17,24.98,25.015
1250912,1600,25.02,25.27,25.02,25.255
1250915,1600,25.24,25.36,25.13,25.315
1250916,1600,25.35,25.44,25.295,25.34
1250917,1600,25.265,25.265,25.135,25.135
1250918,1600,25.015,25.115,24.995,24.995
1250919,1600,25.07,25.085,25.0,25.01
1250922,1600,25.125,25.15,24.885,24.94
1250923,1600,24.87,25.1,24.845,25.1
1250924,1600,25.045,25.36,25.045,25.335
1250925,1600,25.295,25.53,25.295,25.53
1250926,1600,25.58,25.66,25.505,25.66
1250929,1600,25.625,25.64,25.44,25.525
1250930,1600,25.52,25.52,25.35,25.49
1251001,1600,25.455,25.58,25.42,25.48
1251002,1600,25.62,25.66,25.545,25.615
1251003,1600,25.6,25.68,25.555,25.68
1251006,1600,25.94,26.04,25.85,25.875
1251007,1600,25.925,26.085,25.92,26.05
1251008,1600,26.325,26.35,26.22,26.27
1251009,1600,26.25,26.36,26.25,26.315
1251010,1600,26.04,26.12,25.695,25.695
1251013,1600,25.91,26.15,25.9,26.075
1251014,1600,25.92,26.0,25.845,25.91
1251015,1600,26.01,26.05,25.92,25.94
1251016,1600,26.005,26.1,25.955,26.075
1251017,1600,25.925,26.015,25.845,25.935
1251020,1600,26.035,26.3,26.035,26.3
1251021,1600,26.355,26.355,25.93,26.035
1251022,1600,26.245,26.245,26.055,26.12
1251023,1600,26.4,26.6,26.4,26.6
1251024,1600,26.421,26.421,26.421,26.421
1251027,1600,26.45,26.45,26.155,26.215
1251028,1600,25.97,26.06,25.885,26.025
1251029,1600,26.18,26.3,26.14,26.195
1251030,1600,26.095,26.425,26.09,26.4
1251031,1600,26.495,26.62,26.43,26.575
1251103,1600,26.85,26.875,26.695,26.8
1251104,1600,26.725,26.805,26.64,26.805
1251105,1600,26.755,26.915,26.71,26.865
1251106,1600,26.79,26.865,26.49,26.49
1251107,1600,26.735,26.735,26.475,26.57
1251110,1600,26.91,26.95,26.75,26.82
1251111,1600,27.01,27.185,27.01,27.15
1251112,1600,27.265,27.27,27.135,27.15
1251113,1600,27.21,27.225,27.08,27.155
1251114,1600,27.07,27.135,26.695,26.955
1251117,1600,26.865,26.97,26.785,26.91
1251118,1600,26.715,26.905,26.715,26.895
1251119,1600,26.975,27.125,26.955,27.015
1251120,1600,27.02,27.1,26.88,26.88
1251121,1600,26.565,26.745,26.485,26.725
1251124,1600,26.665,26.725,26.55,26.675
1251125,1600,26.775,26.775,26.37,26.5
1251126,1600,26.695,26.82,26.665,26.82
1251127,1600,26.9,26.945,26.74,26.84
1251128,1600,27.435,27.495,27.095,27.305
1251201,1600,27.38,27.385,27.21,27.33
1251202,1600,27.39,27.4,27.205,27.34
1251203,1600,27.28,27.38,27.28,27.38
1251204,1600,27.25,27.3,27.12,27.3
1251205,1600,27.44,27.77,27.39,27.655
1251208,1600,27.465,27.495,27.235,27.245
1251209,1600,27.1,27.185,26.995,27.075
1251210,1600,27.025,27.07,26.945,26.97
1251211,1600,26.97,26.97,26.765,26.88
1251212,1600,27.005,27.03,26.61,26.63
1251215,1600,26.83,26.84,26.465,26.465
1251216,1600,26.405,26.405,26.21,26.245
1251217,1600,26.575,26.655,26.485,26.485
1251218,1600,26.635,26.64,26.505,26.64
1251219,1600,26.545,26.645,26.495,26.645
1251222,1600,26.885,26.96,26.75,26.75
1251223,1600,26.955,27.115,26.88,26.97
1251229,1600,27.34,27.395,26.97,27.07
1251230,1600,27.2,27.445,27.14,27.445
1260102,1600,27.135,27.14,26.785,26.785
1260105,1600,27.26,27.45,27.225,27.45
1260106,1600,27.545,27.855,27.51,27.835
1260107,1600,27.69,27.755,27.435,27.56
1260108,1600,27.395,27.49,27.365,27.49
1260109,1600,27.68,27.88,27.61,27.88
1260112,1600,27.955,28.18,27.955,28.18
1260113,1600,27.99,28.4,27.99,28.365
1260114,1600,28.335,28.5,28.3,28.32
1260115,1600,28.165,28.245,28.05,28.225
1260116,1600,28.19,28.3,28.125,28.15
1260119,1600,28.32,28.545,28.32,28.47
1260120,1600,28.375,28.425,28.29,28.415
1260121,1600,28.71,28.97,28.71,28.825
1260122,1600,28.97,28.98,28.775,28.89
1260123,1600,28.905,29.27,28.9,29.2
1260126,1600,29.47,29.53,29.225,29.33
1260127,1600,29.285,29.315,28.925,29.155
1260128,1600,29.515,29.73,29.37,29.73
1260129,1600,30.125,30.6,29.51,29.775
1260130,1600,29.535,29.76,29.25,29.7
1260202,1600,28.19,28.56,28.12,28.27
1260203,1600,28.535,28.875,28.495,28.845
1260204,1600,28.945,29.005,28.75,28.885
1260205,1600,28.88,28.95,28.455,28.655
1260206,1600,28.665,29.015,28.665,28.935
1260209,1600,28.58,28.75,28.45,28.73
1260210,1600,28.56,28.68,28.515,28.565
1260211,1600,28.66,28.945,28.655,28.835
1260212,1600,28.915,28.92,28.415,28.47
1260213,1600,28.45,28.51,28.32,28.465
1260216,1600,28.37,28.485,28.335,28.47
1260217,1600,28.4,28.43,28.13,28.185
1260218,1600,28.31,28.715,28.28,28.715
1260219,1600,28.93,29.07,28.895,29.02
1260220,1600,29.15,29.34,29.15,29.34
1260223,1600,29.325,29.57,29.265,29.5
1260224,1600,29.45,29.47,29.335,29.395
1260225,1600,29.415,29.55,29.415,29.515
1260226,1600,29.435,29.565,29.24,29.545
1260227,1600,29.535,29.895,29.515,29.665
1260302,1600,31.08,31.165,30.505,30.505
1260303,1600,31.175,31.6,31.125,31.27
1260304,1600,31.325,31.525,30.78,30.8
1260305,1600,31.425,31.54,31.115,31.45
1260306,1600,31.625,32.58,31.625,32.47
1260309,1600,34.355,34.58,32.925,33.075
1260310,1600,32.305,32.6,31.975,32.115
1260311,1600,32.355,32.98,32.34,32.87
1260312,1600,33.53,33.98,33.445,33.725
1260313,1600,34.09,34.17,33.54,33.95
1260316,1600,34.105,34.175,33.44,33.49
1260317,1600,33.67,33.78,33.34,33.355
1260318,1600,33.255,33.85,33.22,33.815
1260319,1600,34.045,34.32,33.495,33.64
1260320,1600,33.44,33.695,33.25,33.46
1260323,1600,33.6,33.755,31.865,32.265
1260324,1600,32.185,32.675,32.14,32.62
1260325,1600,32.24,32.515,32.0,32.405
1260326,1600,32.83,33.18,32.755,33.18
1260327,1600,33.345,33.71,33.345,33.675
1260330,1600,34.085,34.235,34.0,34.135
1260331,1600,34.135,34.2,33.91,34.115
1260401,1600,33.255,33.65,33.17,33.47
1260402,1600,34.23,34.66,34.14,34.2
1260407,1600,34.71,34.995,34.285,34.57
1260408,1600,32.53,32.695,32.285,32.605
1260409,1600,32.825,33.145,32.825,32.845
1260410,1600,32.925,33.005,32.61,32.71
1260413,1600,33.32,33.495,33.1,33.31
1260414,1600,32.88,32.985,32.6,32.69
1260415,1600,32.705,32.82,32.61,32.775
1260416,1600,32.9,33.135,32.835,33.135
1260417,1600,32.985,33.015,31.855,32.12
1260420,1600,32.655,32.79,32.57,32.72
1260421,1600,32.66,33.055,32.615,33.045
1260422,1600,33.07,33.595,33.07,33.595
1260423,1600,33.595,33.7,33.51,33.63
1260424,1600,33.83,33.97,33.59,33.715
1260427,1600,33.9,34.0,33.71,33.995
1260428,1600,34.105,34.28,34.02,34.09
1260429,1600,34.29,34.71,34.29,34.695
1260430,1600,34.995,35.085,34.5,34.585
1260504,1600,34.735,35.255,34.655,35.255
1260505,1600,35.23,35.335,34.965,34.965
1260506,1600,34.9,34.92,33.365,33.98
1260507,1600,33.985,33.985,33.475,33.685
1260508,1600,34.065,34.145,33.945,34.115
1260511,1600,34.46,34.745,34.305,34.745
1260512,1600,35.075,35.32,35.06,35.265
1260513,1600,35.44,35.745,35.44,35.61
1260514,1600,35.355,35.45,35.065,35.065
1260515,1600,35.155,35.305,35.0,35.09
1260518,1600,35.475,35.59,35.225,35.575
1260519,1600,35.65,35.745,35.565,35.645
1260520,1600,35.61,35.635,34.785,35.035
1260521,1600,35.06,35.34,34.74,35.285
1260522,1600,34.92,35.02,34.67,34.775
1260525,1600,34.165,34.68,34.0,34.0
1260526,1600,34.27,34.415,34.105,34.39
1260527,1600,33.825,33.835,33.45,33.78
1260528,1600,33.775,33.95,33.575,33.845
1260529,1600,33.85,34.085,33.655,33.675
1260601,1600,34.1,34.44,34.01,34.265
1260602,1600,34.15,34.2,34.02,34.2
1260603,1600,34.45,34.735,34.325,34.38
1260604,1600,34.26,34.29,33.85,33.875
1260605,1600,33.79,33.8,33.5,33.535
1260608,1600,33.79,33.9,33.445,33.53
1260609,1600,33.415,33.415,32.95,32.95
1260610,1600,32.94,33.16,32.79,33.005
1260611,1600,32.995,33.07,32.81,33.025
1260612,1600,32.655,32.74,32.29,32.5
1260615,1600,32.13,32.27,32.02,32.21
1260616,1600,32.195,32.225,31.95,32.01
1260617,1600,31.995,32.455,31.885,32.21
1260618,1600,32.025,32.175,31.88,31.94
1260619,1600,32.245,32.265,32.02,32.125
1260622,1600,32.175,32.36,32.055,32.085
1260623,1600,31.775,31.92,31.655,31.85
1260624,1600,31.685,31.765,31.34,31.4
1260625,1600,31.3,31.635,31.27,31.595
1260626,1600,31.63,31.63,31.35,31.445
1260629,1600,31.445,31.53,31.22,31.235
1260630,1600,31.39,31.61,31.345,31.435
1260701,1600,31.445,31.63,31.26,31.53
1260702,1600,31.35,31.415,31.25,31.285
1260703,1600,31.5,31.625,31.36,31.59
1260706,1600,31.655,32.075,31.655,32.075
1260707,1600,32.175,32.175,32.01,32.125
1260708,1600,32.33,32.835,32.3,32.835
1260709,1600,32.48,32.755,32.42,32.55
1260710,1600,32.385,32.385,32.2,32.24
1260713,1600,32.675,32.755,32.39,32.755
1260714,1600,33.365,33.41,33.07,33.23
1260715,1600,33.35,33.42,33.18,33.2
1260716,1600,33.265,33.33,33.2,33.205
1260717,1600,33.035,33.445,33.0,33.445
1260720,1600,33.765,33.805,33.435,33.675
1260721,1600,33.845,34.13,33.8,34.13
1260722,1600,34.295,34.6,34.295,34.57
1260723,1600,34.76,35.005,34.75,35.005
1260724,1600,34.83,34.83,34.525,34.525
1260727,1600,33.925,34.095,33.77,33.91
1260728,1600,33.645,33.675,33.355,33.355
1260729,1600,33.805,33.965,33.7,33.915
1260730,1600,33.82,33.9,33.515,33.53
1260731,1600,33.4,33.695,33.315,33.48
1260803,1600,33.055,33.17,32.835,33.105
1260804,1600,33.215,33.41,32.61,32.63
1260805,1600,32.675,32.875,32.675,32.8
1260806,1600,32.72,33.025,32.72,32.985
1260807,1600,33.385,33.395,33.055,33.375
1260810,1600,33.585,34.04,33.555,34.04
1260811,1600,34.235,34.44,34.05,34.13
1260812,1600,34.32,34.4,34.28,34.385
1260813,1600,34.335,34.335,34.0,34.2
1260814,1600,34.115,34.21,33.985,34.07
1260817,1600,34.21,34.47,34.1,34.47
1260818,1600,34.69,34.74,34.53,34.68
1260819,1600,34.695,34.795,34.52,34.755
1260820,1600,34.715,34.96,34.715,34.955
1260821,1600,34.92,35.19,34.92,35.165
1260824,1600,35.06,35.175,34.985,34.99
1260825,1600,34.76,34.96,34.5,34.595
1260826,1600,34.58,34.8,34.48,34.795
1260827,1600,34.7,35.03,34.7,35.03
1260828,1600,35.275,35.475,35.21,35.475
1260831,1600,35.58,35.715,35.475,35.625
1260901,1600,35.86,36.035,35.72,36.035
1260902,1600,36.215,36.345,35.9,36.305
1260903,1600,36.025,36.15,35.93,36.12
1260904,1600,36.07,36.075,35.695,35.965
1260907,1600,36.155,36.285,35.975,36.285
1260908,1600,36.495,36.495,36.2,36.22
1260909,1600,36.415,36.57,36.37,36.515
1260910,1600,36.4,36.9,36.335,36.85
1260911,1600,36.965,36.975,36.64,36.675
1260914,1600,37.025,37.285,36.92,36.94
1260915,1600,37.16,37.32,36.89,37.25
1260916,1600,37.33,37.49,37.08,37.2
1260917,1600,37.305,37.385,37.02,37.22
1260918,1600,37.095,37.3,37.06,37.2
1260921,1600,37.03,37.03,36.825,36.92
