990104,1600,0.7114,0.7134,0.7087,0.711
990105,1600,0.7128,0.7157,0.7078,0.711
990106,1600,0.71,0.714,0.6999,0.701
990107,1600,0.7005,0.7113,0.7004,0.7092
990108,1600,0.7103,0.7109,0.7025,0.7048
990111,1600,0.705,0.7079,0.7004,0.7052
990112,1600,0.7054,0.7093,0.7018,0.7083
990113,1600,0.707,0.7114,0.7056,0.7076
990114,1600,0.707,0.7081,0.7034,0.7061
990115,1600,0.707,0.7072,0.6983,0.7005
990118,1600,0.7015,0.7023,0.6983,0.7005
990119,1600,0.6974,0.7015,0.6965,0.701
990120,1600,0.7015,0.7033,0.6974,0.7015
990121,1600,0.7019,0.7045,0.6995,0.7016
990122,1600,0.7023,0.7031,0.6989,0.7
990125,1600,0.7,0.7008,0.6959,0.696
990126,1600,0.6954,0.7002,0.6949,0.6962
990127,1600,0.6962,0.7011,0.6932,0.6955
990128,1600,0.6945,0.698,0.6902,0.6918
990129,1600,0.6917,0.695,0.6889,0.6902
990201,1600,0.6962,0.6962,0.6877,0.6882
990202,1600,0.6891,0.6967,0.6853,0.6967
990203,1600,0.6924,0.6954,0.6905,0.691
990204,1600,0.6906,0.6918,0.6867,0.6887
990205,1600,0.6895,0.6912,0.6868,0.6892
990208,1600,0.69,0.6911,0.6867,0.6898
990209,1600,0.6906,0.6915,0.6886,0.6907
990210,1600,0.6906,0.697,0.6891,0.6958
990211,1600,0.6963,0.6987,0.6904,0.6906
990212,1600,0.6908,0.6932,0.6893,0.6912
990215,1600,0.6921,0.6927,0.6871,0.6902
990216,1600,0.6903,0.6911,0.6823,0.686
990217,1600,0.686,0.6888,0.6829,0.688
990218,1600,0.688,0.6889,0.6838,0.6845
990219,1600,0.6844,0.6861,0.6791,0.6823
990222,1600,0.6811,0.6811,0.6756,0.678
990223,1600,0.6778,0.6826,0.6764,0.6816
990224,1600,0.6818,0.6887,0.6788,0.688
990225,1600,0.6885,0.6902,0.6852,0.6883
990226,1600,0.6882,0.6893,0.6841,0.6875
990301,1600,0.6873,0.689,0.6757,0.677
990302,1600,0.6763,0.6784,0.6745,0.677
990303,1600,0.6764,0.6776,0.6716,0.6738
990304,1600,0.6736,0.6768,0.6704,0.6712
990305,1600,0.671,0.675,0.6706,0.6737
990308,1600,0.6756,0.68,0.673,0.6762
990309,1600,0.6761,0.6782,0.6712,0.6732
990310,1600,0.6732,0.6766,0.6705,0.6729
990311,1600,0.6735,0.6748,0.6638,0.6746
990312,1600,0.6745,0.6752,0.6657,0.6677
990315,1600,0.6683,0.6756,0.6683,0.6728
990316,1600,0.6726,0.6753,0.6673,0.6745
990317,1600,0.6748,0.6764,0.6722,0.6743
990318,1600,0.6748,0.6781,0.6719,0.6734
990319,1600,0.6735,0.675,0.6676,0.6682
990322,1600,0.6691,0.6707,0.6666,0.6703
990323,1600,0.6701,0.6719,0.6644,0.6647
990324,1600,0.6648,0.6688,0.6636,0.6646
990325,1600,0.6657,0.6685,0.664,0.6672
990326,1600,0.6671,0.6688,0.661,0.6626
990329,1600,0.6625,0.6651,0.66,0.6639
990330,1600,0.6637,0.6677,0.6619,0.6646
990331,1600,0.6653,0.6701,0.663,0.6676
990401,1600,0.6679,0.6745,0.6649,0.6738
990402,1600,0.6721,0.6736,0.6708,0.6726
990405,1600,0.6721,0.6728,0.6678,0.6685
990406,1600,0.6793,0.6816,0.6683,0.6803
990407,1600,0.6803,0.6813,0.6737,0.6749
990408,1600,0.674,0.6757,0.6671,0.6692
990409,1600,0.6685,0.6735,0.6676,0.6719
990412,1600,0.6727,0.673,0.669,0.6698
990413,1600,0.6699,0.671,0.6654,0.6662
990414,1600,0.6662,0.6707,0.6656,0.6706
990415,1600,0.6703,0.6706,0.6638,0.6644
990416,1600,0.6646,0.6658,0.659,0.6629
990419,1600,0.6623,0.6632,0.6553,0.661
990420,1600,0.6607,0.6621,0.6572,0.6601
990421,1600,0.6599,0.6616,0.6571,0.6592
990422,1600,0.6592,0.6633,0.6559,0.659
990423,1600,0.6587,0.6587,0.6558,0.6562
990426,1600,0.6569,0.6581,0.6547,0.6573
990427,1600,0.6565,0.6602,0.6561,0.6589
990428,1600,0.6585,0.6604,0.6562,0.6583
990429,1600,0.657,0.6599,0.6551,0.6599
990430,1600,0.6598,0.6603,0.6551,0.6566
990503,1600,0.658,0.6585,0.6554,0.6566
990504,1600,0.6564,0.6579,0.6513,0.6529
990505,1600,0.6531,0.6582,0.652,0.6567
990506,1600,0.6569,0.6617,0.6563,0.6577
990507,1600,0.6584,0.6617,0.657,0.6598
990510,1600,0.6578,0.6639,0.6572,0.6628
990511,1600,0.6631,0.6652,0.659,0.6601
990512,1600,0.6604,0.6623,0.656,0.6581
990513,1600,0.658,0.6589,0.6546,0.6574
990514,1600,0.6574,0.6616,0.6552,0.6579
990517,1600,0.658,0.66,0.6572,0.6591
990518,1600,0.6591,0.6607,0.6562,0.6585
990519,1600,0.6584,0.6609,0.6558,0.6603
990520,1600,0.6598,0.6618,0.6582,0.6602
990521,1600,0.66,0.6614,0.6576,0.661
990524,1600,0.6599,0.6639,0.6583,0.6636
990525,1600,0.6639,0.6649,0.6593,0.6612
990526,1600,0.6608,0.6621,0.6535,0.6553
990527,1600,0.6553,0.6562,0.6515,0.6523
990528,1600,0.6538,0.6557,0.6492,0.6508
990531,1600,0.6519,0.654,0.6493,0.6503
990601,1600,0.6504,0.6524,0.6473,0.6486
990602,1600,0.6486,0.6494,0.6418,0.6455
990603,1600,0.6457,0.6473,0.642,0.643
990604,1600,0.6431,0.6444,0.6396,0.6439
990607,1600,0.6435,0.6441,0.6378,0.6436
990608,1600,0.6432,0.6524,0.6414,0.6507
990609,1600,0.6507,0.6548,0.6504,0.6536
990610,1600,0.6537,0.6564,0.6515,0.6533
990611,1600,0.6532,0.6545,0.6496,0.6497
990614,1600,0.6497,0.652,0.646,0.6486
990615,1600,0.6482,0.6543,0.646,0.654
990616,1600,0.6545,0.6552,0.6465,0.6486
990617,1600,0.6488,0.6507,0.6455,0.6489
990618,1600,0.6486,0.6532,0.6457,0.6509
990621,1600,0.651,0.6527,0.6472,0.649
990622,1600,0.6493,0.6517,0.6472,0.6487
990623,1600,0.6487,0.6538,0.648,0.6535
990624,1600,0.6533,0.6576,0.6507,0.6557
990625,1600,0.6557,0.6594,0.6542,0.6568
990628,1600,0.6567,0.6581,0.6523,0.6527
990629,1600,0.6529,0.6567,0.6488,0.6564
990630,1600,0.6567,0.6569,0.6528,0.6556
990701,1600,0.656,0.6576,0.6475,0.6508
990702,1600,0.651,0.6515,0.647,0.6485
990705,1600,0.6496,0.6502,0.6472,0.6492
990706,1600,0.6494,0.6561,0.6402,0.6558
990707,1600,0.656,0.6573,0.6525,0.655
990708,1600,0.6536,0.6557,0.6522,0.6554
990709,1600,0.6557,0.6589,0.6538,0.6565
990712,1600,0.6572,0.6573,0.6504,0.6514
990713,1600,0.6515,0.6552,0.6501,0.6527
990714,1600,0.6525,0.6541,0.651,0.6516
990715,1600,0.6511,0.6538,0.65,0.6513
990716,1600,0.6512,0.6532,0.6497,0.6524
990719,1600,0.6513,0.6569,0.6488,0.6519
990720,1600,0.6524,0.6641,0.6507,0.6615
990721,1600,0.6617,0.6684,0.6614,0.6657
990722,1600,0.6658,0.6673,0.6612,0.6638
990723,1600,0.6638,0.6672,0.6612,0.6664
990726,1600,0.6656,0.6742,0.6639,0.6692
990727,1600,0.67,0.6718,0.661,0.6679
990728,1600,0.6672,0.6711,0.666,0.6671
990729,1600,0.667,0.6699,0.6608,0.6618
990730,1600,0.6622,0.6646,0.6575,0.6594
990802,1600,0.6589,0.6615,0.6565,0.6612
990803,1600,0.6608,0.6608,0.6573,0.6587
990804,1600,0.6588,0.6656,0.658,0.6644
990805,1600,0.6642,0.6683,0.6631,0.6655
990806,1600,0.6659,0.6684,0.6623,0.6672
990809,1600,0.6574,0.6689,0.655,0.6666
990810,1600,0.667,0.6682,0.6623,0.663
990811,1600,0.6628,0.6639,0.6601,0.6606
990812,1600,0.6602,0.6626,0.6599,0.6616
990813,1600,0.6615,0.6644,0.6559,0.6585
990816,1600,0.6584,0.6612,0.657,0.6599
990817,1600,0.6601,0.6611,0.6545,0.6548
990818,1600,0.6547,0.6575,0.6532,0.6556
990819,1600,0.656,0.6587,0.6536,0.6577
990820,1600,0.6563,0.6616,0.6563,0.6609
990823,1600,0.6601,0.6612,0.6525,0.6541
990824,1600,0.6543,0.6617,0.6505,0.661
990825,1600,0.661,0.662,0.655,0.6573
990826,1600,0.6566,0.6587,0.6557,0.6579
990827,1600,0.6579,0.6596,0.6563,0.6578
990830,1600,0.659,0.6607,0.6567,0.6595
990831,1600,0.6601,0.6611,0.6548,0.658
990901,1600,0.6579,0.6608,0.6568,0.6591
990902,1600,0.6591,0.6655,0.6588,0.6643
990903,1600,0.6641,0.6655,0.6593,0.6617
990906,1600,0.6583,0.6623,0.6574,0.6582
990907,1600,0.6582,0.6605,0.6556,0.6584
990908,1600,0.6596,0.6611,0.6522,0.6536
990909,1600,0.6536,0.6549,0.6435,0.6444
990910,1600,0.6443,0.6478,0.6393,0.6397
990913,1600,0.6396,0.6486,0.638,0.647
990914,1600,0.6468,0.6495,0.6425,0.6434
990915,1600,0.6434,0.6466,0.6411,0.6449
990916,1600,0.6442,0.6473,0.6384,0.6397
990917,1600,0.64,0.643,0.6373,0.6417
990920,1600,0.6415,0.6438,0.6379,0.6391
990921,1600,0.639,0.6435,0.6373,0.6423
990922,1600,0.6424,0.6447,0.637,0.6397
990923,1600,0.6398,0.642,0.6343,0.6387
990924,1600,0.6386,0.6399,0.6341,0.6345
990927,1600,0.6334,0.6364,0.6313,0.6355
990928,1600,0.6356,0.6402,0.6335,0.638
990929,1600,0.6381,0.6477,0.6378,0.6466
990930,1600,0.6471,0.6495,0.6445,0.6488
991001,1600,0.6477,0.6523,0.6454,0.6482
991004,1600,0.648,0.6491,0.6455,0.6485
991005,1600,0.6486,0.6491,0.645,0.6478
991006,1600,0.6479,0.6505,0.6447,0.6467
991007,1600,0.6454,0.6499,0.6443,0.6483
991008,1600,0.6482,0.6492,0.6419,0.6432
991011,1600,0.643,0.6443,0.641,0.6435
991012,1600,0.6431,0.65,0.6421,0.6493
991013,1600,0.6494,0.653,0.6487,0.653
991014,1600,0.6519,0.6527,0.647,0.6478
991015,1600,0.6479,0.6531,0.6474,0.6513
991018,1600,0.6527,0.653,0.6473,0.648
991019,1600,0.6487,0.6498,0.6454,0.6476
991020,1600,0.6475,0.6482,0.6437,0.6465
991021,1600,0.6466,0.6475,0.6432,0.6438
991022,1600,0.6439,0.6478,0.641,0.6478
991025,1600,0.6453,0.6459,0.6397,0.6416
991026,1600,0.6417,0.6431,0.6388,0.6409
991027,1600,0.64,0.6426,0.6376,0.6378
991028,1600,0.6387,0.6432,0.6368,0.6419
991029,1600,0.6414,0.6433,0.6376,0.6405
991101,1600,0.6416,0.6427,0.638,0.6402
991102,1600,0.6399,0.6407,0.6365,0.6391
991103,1600,0.6392,0.64,0.6347,0.638
991104,1600,0.6375,0.6402,0.635,0.6385
991105,1600,0.6384,0.645,0.6373,0.645
991108,1600,0.6433,0.6443,0.6397,0.641
991109,1600,0.6411,0.6426,0.639,0.6407
991110,1600,0.6409,0.6433,0.639,0.641
991111,1600,0.6408,0.6423,0.6401,0.6415
991112,1600,0.6416,0.642,0.6367,0.6377
991115,1600,0.6392,0.6401,0.6344,0.637
991116,1600,0.637,0.6386,0.6355,0.6369
991117,1600,0.6368,0.642,0.6351,0.641
991118,1600,0.6411,0.6414,0.6355,0.6375
991119,1600,0.6372,0.6386,0.634,0.6358
991122,1600,0.6358,0.6377,0.6347,0.6365
991123,1600,0.6365,0.6371,0.6312,0.6325
991124,1600,0.6326,0.634,0.6304,0.6325
991125,1600,0.6323,0.6335,0.6297,0.6316
991126,1600,0.6311,0.6335,0.6266,0.6333
991129,1600,0.631,0.6316,0.627,0.6285
991130,1600,0.6288,0.6341,0.6275,0.6307
991201,1600,0.6306,0.6329,0.6285,0.63
991202,1600,0.6297,0.6311,0.6248,0.6258
991203,1600,0.6258,0.6273,0.624,0.626
991206,1600,0.6255,0.6332,0.6247,0.6312
991207,1600,0.6314,0.6318,0.6277,0.6305
991208,1600,0.6308,0.6316,0.6286,0.6309
991209,1600,0.631,0.6322,0.625,0.6272
991210,1600,0.6272,0.6289,0.6227,0.6244
991213,1600,0.6248,0.6264,0.6218,0.6237
991214,1600,0.624,0.6253,0.6197,0.6232
991215,1600,0.6232,0.6281,0.6213,0.6266
991216,1600,0.6274,0.6328,0.6244,0.6318
991217,1600,0.6315,0.6331,0.6257,0.6284
991220,1600,0.6275,0.6314,0.6251,0.6286
991221,1600,0.6293,0.6302,0.6245,0.6249
991222,1600,0.625,0.6286,0.624,0.6269
991223,1600,0.627,0.6296,0.6257,0.6283
991224,1600,0.628,0.6292,0.6243,0.6263
991227,1600,0.6268,0.6286,0.6242,0.6261
991228,1600,0.6262,0.6279,0.621,0.6227
991229,1600,0.623,0.6248,0.6195,0.621
991230,1600,0.6209,0.6259,0.6192,0.6241
991231,1600,0.6241,0.625,0.6212,0.6221
1000103,1600,0.6239,0.629,0.6203,0.6254
1000104,1600,0.6253,0.6314,0.6236,0.6283
1000105,1600,0.6281,0.633,0.6268,0.6284
1000106,1600,0.6296,0.6316,0.6242,0.6259
1000107,1600,0.6265,0.6294,0.6235,0.6284
1000110,1600,0.6271,0.6288,0.6225,0.626
1000111,1600,0.626,0.6285,0.6237,0.6267
1000112,1600,0.6268,0.6279,0.622,0.6242
1000113,1600,0.6241,0.627,0.6217,0.623
1000114,1600,0.6225,0.629,0.6181,0.6187
1000117,1600,0.62,0.6205,0.6162,0.6194
1000118,1600,0.6192,0.62,0.6157,0.619
1000119,1600,0.6194,0.6225,0.614,0.6153
1000120,1600,0.6154,0.6167,0.6099,0.6143
1000121,1600,0.6143,0.6184,0.6083,0.6121
1000124,1600,0.6091,0.6106,0.6048,0.6088
1000125,1600,0.6085,0.6117,0.607,0.6088
1000126,1600,0.6085,0.6118,0.6075,0.61
1000127,1600,0.6097,0.6127,0.601,0.6031
1000128,1600,0.603,0.6078,0.599,0.6021
1000131,1600,0.6021,0.6063,0.598,0.6008
1000201,1600,0.6004,0.6062,0.5983,0.6017
1000202,1600,0.6011,0.61,0.6002,0.6071
1000203,1600,0.6071,0.624,0.6027,0.6195
1000204,1600,0.6195,0.6267,0.6117,0.6171
1000207,1600,0.6166,0.6177,0.6123,0.6135
1000208,1600,0.6133,0.6191,0.6102,0.6117
1000209,1600,0.6121,0.6182,0.6113,0.6144
1000210,1600,0.6144,0.616,0.6104,0.6124
1000211,1600,0.6128,0.6209,0.6103,0.6193
1000214,1600,0.6192,0.6232,0.6147,0.616
1000215,1600,0.6163,0.6186,0.6128,0.6147
1000216,1600,0.6143,0.6188,0.6117,0.6135
1000217,1600,0.6132,0.6172,0.6123,0.6139
1000218,1600,0.614,0.6173,0.6125,0.615
1000221,1600,0.6161,0.6181,0.6135,0.617
1000222,1600,0.617,0.6263,0.6163,0.6231
1000223,1600,0.6222,0.6265,0.6215,0.625
1000224,1600,0.6248,0.6257,0.618,0.6195
1000225,1600,0.6212,0.6222,0.61,0.6111
1000228,1600,0.6117,0.6121,0.5929,0.6068
1000229,1600,0.608,0.6165,0.6041,0.6115
1000301,1600,0.6103,0.6145,0.6098,0.6134
1000302,1600,0.6135,0.6174,0.6044,0.6116
1000303,1600,0.6108,0.6135,0.6063,0.6085
1000306,1600,0.6059,0.6125,0.6046,0.6086
1000307,1600,0.6084,0.6111,0.602,0.6056
1000308,1600,0.6056,0.6083,0.6029,0.6074
1000309,1600,0.6086,0.6132,0.605,0.6106
1000310,1600,0.6101,0.6123,0.608,0.611
1000313,1600,0.6103,0.615,0.6094,0.6107
1000314,1600,0.6108,0.6145,0.6101,0.6133
1000315,1600,0.6133,0.6172,0.6113,0.6142
1000316,1600,0.6141,0.6178,0.6126,0.616
1000317,1600,0.6163,0.6186,0.6133,0.6176
1000320,1600,0.6174,0.621,0.6168,0.6195
1000321,1600,0.6199,0.6209,0.6109,0.611
1000322,1600,0.6108,0.6144,0.6078,0.6088
1000323,1600,0.6089,0.6138,0.6082,0.6123
1000324,1600,0.6121,0.6142,0.6095,0.6133
1000327,1600,0.6133,0.6141,0.6072,0.6087
1000328,1600,0.6082,0.6108,0.6016,0.6023
1000329,1600,0.6024,0.6038,0.5949,0.5976
1000330,1600,0.5977,0.6037,0.5968,0.6032
1000331,1600,0.6012,0.6035,0.5968,0.6006
1000403,1600,0.6009,0.6019,0.5959,0.598
1000404,1600,0.5979,0.6066,0.5958,0.6033
1000405,1600,0.6032,0.6105,0.6012,0.6056
1000406,1600,0.6058,0.6082,0.6042,0.6053
1000407,1600,0.606,0.607,0.6031,0.6044
1000410,1600,0.6037,0.6077,0.6029,0.607
1000411,1600,0.6069,0.608,0.6022,0.6044
1000412,1600,0.6041,0.6055,0.5998,0.6036
1000413,1600,0.6034,0.604,0.5986,0.6003
1000414,1600,0.6004,0.606,0.599,0.6052
1000417,1600,0.6071,0.6083,0.5992,0.6003
1000418,1600,0.5998,0.6021,0.5981,0.5993
1000419,1600,0.5991,0.6008,0.5929,0.5938
1000420,1600,0.5941,0.596,0.5912,0.5938
1000421,1600,0.5937,0.595,0.5915,0.5938
1000424,1600,0.5944,0.5977,0.5932,0.5955
1000425,1600,0.595,0.5962,0.5795,0.5827
1000426,1600,0.5826,0.5867,0.5801,0.5859
1000427,1600,0.586,0.5866,0.5743,0.5793
1000428,1600,0.5795,0.5886,0.5764,0.5873
1000501,1600,0.5869,0.5906,0.583,0.5892
1000502,1600,0.5895,0.5899,0.5791,0.5828
1000503,1600,0.5832,0.5832,0.5685,0.573
1000504,1600,0.5731,0.5828,0.5679,0.5776
1000505,1600,0.5775,0.5886,0.5764,0.5876
1000508,1600,0.5883,0.5888,0.5817,0.5855
1000509,1600,0.5855,0.5935,0.5822,0.5922
1000510,1600,0.5923,0.6039,0.5904,0.5988
1000511,1600,0.5984,0.6083,0.5973,0.5998
1000512,1600,0.5999,0.6071,0.5942,0.6057
1000515,1600,0.6036,0.6065,0.602,0.6037
1000516,1600,0.6037,0.6084,0.6014,0.6028
1000517,1600,0.6027,0.6037,0.5958,0.598
1000518,1600,0.5979,0.605,0.5968,0.6032
1000519,1600,0.6032,0.6058,0.5968,0.604
1000522,1600,0.6037,0.6078,0.6028,0.605
1000523,1600,0.6055,0.6183,0.6047,0.6142
1000524,1600,0.615,0.619,0.6115,0.6122
1000525,1600,0.6121,0.621,0.6086,0.6197
1000526,1600,0.6199,0.6285,0.6179,0.6262
1000529,1600,0.6253,0.626,0.6201,0.6208
1000530,1600,0.621,0.6271,0.6197,0.6208
1000531,1600,0.621,0.6256,0.6196,0.6236
1000601,1600,0.6235,0.6257,0.6216,0.6233
1000602,1600,0.6227,0.6285,0.6212,0.6256
1000605,1600,0.6253,0.6267,0.6218,0.6234
1000606,1600,0.623,0.63,0.6223,0.6252
1000607,1600,0.6242,0.6327,0.6242,0.6302
1000608,1600,0.6305,0.6377,0.6295,0.6323
1000609,1600,0.6321,0.6338,0.6283,0.6325
1000612,1600,0.6316,0.6328,0.629,0.6302
1000613,1600,0.6297,0.6379,0.629,0.636
1000614,1600,0.6359,0.6416,0.6355,0.6377
1000615,1600,0.6381,0.6403,0.6294,0.6312
1000616,1600,0.631,0.638,0.6257,0.6371
1000619,1600,0.6364,0.6394,0.6321,0.6333
1000620,1600,0.6332,0.6351,0.6279,0.6286
1000621,1600,0.6285,0.6326,0.6271,0.6297
1000622,1600,0.6297,0.6317,0.6175,0.619
1000623,1600,0.6189,0.627,0.6186,0.6227
1000626,1600,0.623,0.6272,0.6185,0.6258
1000627,1600,0.626,0.6288,0.6243,0.6266
1000628,1600,0.6277,0.6292,0.6209,0.6227
1000629,1600,0.6226,0.6279,0.622,0.6262
1000630,1600,0.6265,0.6345,0.6255,0.6272
1000703,1600,0.6272,0.6299,0.6266,0.6278
1000704,1600,0.6278,0.6286,0.6248,0.6278
1000705,1600,0.6277,0.6328,0.6275,0.6316
1000706,1600,0.6321,0.6361,0.6291,0.6297
1000707,1600,0.6298,0.6317,0.6248,0.6256
1000710,1600,0.6267,0.6315,0.6256,0.6302
1000711,1600,0.6303,0.6315,0.6264,0.6274
1000712,1600,0.6275,0.6287,0.6214,0.6251
1000713,1600,0.6246,0.6261,0.6209,0.6225
1000714,1600,0.6222,0.6262,0.6205,0.6253
1000717,1600,0.6248,0.6281,0.6243,0.626
1000718,1600,0.626,0.6274,0.6168,0.6176
1000719,1600,0.6175,0.6195,0.6142,0.6175
1000720,1600,0.6175,0.6184,0.6141,0.6168
1000721,1600,0.6165,0.6187,0.6145,0.6166
1000724,1600,0.6164,0.6175,0.6136,0.6154
1000725,1600,0.6155,0.622,0.6146,0.6191
1000726,1600,0.6192,0.6224,0.6174,0.6219
1000727,1600,0.6222,0.623,0.6149,0.615
1000728,1600,0.6156,0.6178,0.6127,0.6131
1000731,1600,0.614,0.6197,0.6126,0.6185
1000801,1600,0.6183,0.6198,0.6117,0.613
1000802,1600,0.6129,0.6154,0.6104,0.6113
1000803,1600,0.6111,0.6129,0.6033,0.6053
1000804,1600,0.605,0.607,0.5998,0.6028
1000807,1600,0.6025,0.6049,0.5987,0.5999
1000808,1600,0.5998,0.6012,0.5974,0.6002
1000809,1600,0.6003,0.6005,0.596,0.5992
1000810,1600,0.5991,0.6073,0.599,0.6062
1000811,1600,0.6061,0.6078,0.5996,0.6009
1000814,1600,0.6009,0.6029,0.5976,0.6018
1000815,1600,0.6017,0.6078,0.5995,0.6065
1000816,1600,0.6065,0.611,0.6021,0.6096
1000817,1600,0.6095,0.6118,0.6072,0.6115
1000818,1600,0.6115,0.6134,0.6063,0.6089
1000821,1600,0.6089,0.6089,0.604,0.6059
1000822,1600,0.6059,0.6072,0.6025,0.6048
1000823,1600,0.6047,0.6077,0.6011,0.607
1000824,1600,0.6068,0.6105,0.6058,0.6086
1000825,1600,0.6086,0.615,0.607,0.613
1000828,1600,0.613,0.6147,0.61,0.6111
1000829,1600,0.6111,0.6159,0.6101,0.6147
1000830,1600,0.6154,0.6167,0.6111,0.6132
1000831,1600,0.6133,0.6159,0.6014,0.6137
1000901,1600,0.6139,0.6176,0.611,0.6165
1000904,1600,0.6151,0.6169,0.6057,0.6155
1000905,1600,0.6153,0.6167,0.6008,0.6118
1000906,1600,0.6112,0.6118,0.601,0.6055
1000907,1600,0.6056,0.6094,0.602,0.6056
1000908,1600,0.6057,0.6145,0.604,0.6122
1000911,1600,0.6111,0.6132,0.6059,0.6121
1000912,1600,0.6122,0.6158,0.61,0.6134
1000913,1600,0.6134,0.6173,0.6086,0.6095
1000914,1600,0.6097,0.6162,0.6039,0.6144
1000915,1600,0.6147,0.6158,0.609,0.6104
1000918,1600,0.6099,0.6121,0.6062,0.6074
1000919,1600,0.6075,0.6092,0.6023,0.604
1000920,1600,0.6039,0.6046,0.5972,0.6009
1000921,1600,0.6009,0.604,0.5961,0.5972
1000922,1600,0.5975,0.6129,0.5931,0.6008
1000925,1600,0.6042,0.6047,0.599,0.6015
1000926,1600,0.602,0.6066,0.6,0.6032
1000927,1600,0.6033,0.6057,0.6009,0.603
1000928,1600,0.6035,0.6048,0.5992,0.6019
1000929,1600,0.602,0.6028,0.595,0.5978
1001002,1600,0.5985,0.6004,0.5967,0.5984
1001003,1600,0.598,0.6015,0.597,0.6001
1001004,1600,0.6005,0.603,0.5977,0.5996
1001005,1600,0.5995,0.603,0.5975,0.6019
1001006,1600,0.6018,0.6028,0.5988,0.6005
1001009,1600,0.6005,0.6019,0.5982,0.5998
1001010,1600,0.5986,0.6005,0.597,0.5986
1001011,1600,0.5988,0.6008,0.5908,0.5925
1001012,1600,0.5925,0.5942,0.5852,0.5865
1001013,1600,0.5862,0.5902,0.5838,0.5893
1001016,1600,0.5882,0.5897,0.585,0.5872
1001017,1600,0.5873,0.5923,0.5859,0.5895
1001018,1600,0.5884,0.5917,0.5775,0.5811
1001019,1600,0.5813,0.5846,0.5792,0.5827
1001020,1600,0.5826,0.5897,0.5784,0.5798
1001023,1600,0.5786,0.5795,0.5731,0.575
1001024,1600,0.5751,0.5876,0.5738,0.5767
1001025,1600,0.5765,0.58,0.574,0.578
1001026,1600,0.5779,0.5837,0.5746,0.5783
1001027,1600,0.5781,0.5836,0.5758,0.5759
1001030,1600,0.5783,0.5819,0.5771,0.5789
1001031,1600,0.5789,0.5866,0.5785,0.5863
1001101,1600,0.5862,0.5958,0.5847,0.5927
1001102,1600,0.5926,0.5965,0.5903,0.5941
1001103,1600,0.594,0.6044,0.5931,0.598
1001106,1600,0.5982,0.6045,0.596,0.6043
1001107,1600,0.6042,0.6052,0.5977,0.6002
1001108,1600,0.6006,0.6054,0.5982,0.6008
1001109,1600,0.601,0.6054,0.594,0.6047
1001110,1600,0.6048,0.6079,0.601,0.6013
1001113,1600,0.6042,0.6052,0.5943,0.5962
1001114,1600,0.5963,0.6016,0.5957,0.5997
1001115,1600,0.5996,0.604,0.5985,0.6011
1001116,1600,0.6018,0.6034,0.5971,0.5987
1001117,1600,0.5988,0.6019,0.5941,0.5954
1001120,1600,0.5967,0.5987,0.5938,0.5979
1001121,1600,0.5979,0.5987,0.593,0.5952
1001122,1600,0.5953,0.602,0.5938,0.6009
1001123,1600,0.601,0.6022,0.598,0.599
1001124,1600,0.5989,0.6024,0.597,0.5994
1001127,1600,0.5988,0.6022,0.5952,0.601
1001128,1600,0.6012,0.6049,0.5998,0.6037
1001129,1600,0.6037,0.6079,0.6012,0.6027
1001130,1600,0.6027,0.6143,0.6023,0.6116
1001201,1600,0.6116,0.6138,0.6064,0.6097
1001204,1600,0.6099,0.6151,0.6079,0.6122
1001205,1600,0.6122,0.6148,0.6087,0.6144
1001206,1600,0.6143,0.6198,0.6113,0.6174
1001207,1600,0.6175,0.6208,0.6137,0.6143
1001208,1600,0.6144,0.6166,0.6089,0.6113
1001211,1600,0.6098,0.6137,0.6,0.6027
1001212,1600,0.6023,0.6078,0.6014,0.6069
1001213,1600,0.6072,0.6081,0.6012,0.6022
1001214,1600,0.6021,0.6064,0.6012,0.6054
1001215,1600,0.605,0.6179,0.6043,0.6078
1001218,1600,0.6068,0.6106,0.6051,0.606
1001219,1600,0.6065,0.61,0.605,0.6094
1001220,1600,0.6096,0.6192,0.6088,0.6156
1001221,1600,0.6157,0.6246,0.614,0.6216
1001222,1600,0.6215,0.6263,0.62,0.6248
1001225,1600,0.6246,0.6282,0.6211,0.6265
1001226,1600,0.6274,0.6287,0.624,0.6265
1001227,1600,0.6267,0.6292,0.6207,0.6214
1001228,1600,0.6213,0.6247,0.62,0.6226
1001229,1600,0.6226,0.631,0.6209,0.6294
1010101,1600,0.6294,0.631,0.6281,0.6294
1010102,1600,0.6284,0.6353,0.6263,0.6332
1010103,1600,0.6323,0.6355,0.621,0.6234
1010104,1600,0.6233,0.6347,0.6223,0.6344
1010105,1600,0.634,0.6377,0.632,0.6375
1010108,1600,0.6369,0.6371,0.6308,0.6323
1010109,1600,0.6326,0.6343,0.6297,0.6336
1010110,1600,0.6337,0.6347,0.6289,0.6296
1010111,1600,0.6297,0.638,0.629,0.6349
1010112,1600,0.6351,0.6444,0.6343,0.6438
1010115,1600,0.6419,0.6433,0.6356,0.6379
1010116,1600,0.6378,0.6414,0.6348,0.6395
1010117,1600,0.6391,0.6416,0.6304,0.6354
1010118,1600,0.6359,0.642,0.6336,0.64
1010119,1600,0.6401,0.6435,0.636,0.6385
1010122,1600,0.6386,0.6417,0.6349,0.6402
1010123,1600,0.6401,0.6428,0.6359,0.6372
1010124,1600,0.6371,0.6389,0.6308,0.6342
1010125,1600,0.6343,0.6346,0.6286,0.633
1010126,1600,0.6331,0.6343,0.6302,0.6321
1010129,1600,0.6323,0.6336,0.6278,0.6291
1010130,1600,0.6286,0.6348,0.6268,0.6334
1010131,1600,0.6334,0.6405,0.6327,0.6395
1010201,1600,0.6394,0.6428,0.6332,0.6345
1010202,1600,0.6346,0.6383,0.6334,0.6368
1010205,1600,0.6365,0.6396,0.6349,0.6359
1010206,1600,0.6358,0.6385,0.6351,0.6374
1010207,1600,0.6372,0.6398,0.6358,0.6393
1010208,1600,0.6392,0.6399,0.6336,0.6355
1010209,1600,0.6355,0.6408,0.6344,0.6378
1010212,1600,0.64,0.6421,0.6378,0.6411
1010213,1600,0.6411,0.6416,0.6314,0.6334
1010214,1600,0.6332,0.6343,0.6283,0.6306
1010215,1600,0.6307,0.6314,0.6216,0.6247
1010216,1600,0.6246,0.633,0.6231,0.6322
1010219,1600,0.6304,0.6383,0.6295,0.6362
1010220,1600,0.6361,0.6381,0.6279,0.6286
1010221,1600,0.6289,0.635,0.6261,0.6308
1010222,1600,0.6308,0.6322,0.6237,0.6256
1010223,1600,0.6253,0.6327,0.624,0.6324
1010226,1600,0.6311,0.6323,0.6265,0.6296
1010227,1600,0.6296,0.6376,0.629,0.6356
1010228,1600,0.6355,0.6399,0.6348,0.6379
1010301,1600,0.638,0.6413,0.6375,0.6399
1010302,1600,0.6398,0.6401,0.6336,0.6367
1010305,1600,0.6363,0.6365,0.6304,0.632
1010306,1600,0.6316,0.6381,0.6304,0.6363
1010307,1600,0.636,0.6385,0.6336,0.6354
1010308,1600,0.6353,0.6372,0.6318,0.6346
1010309,1600,0.6343,0.6382,0.6324,0.6346
1010312,1600,0.6351,0.6369,0.6321,0.6343
1010313,1600,0.6342,0.6351,0.6289,0.6305
1010314,1600,0.6304,0.6322,0.6267,0.6299
1010315,1600,0.6299,0.6307,0.623,0.6257
1010316,1600,0.6255,0.6277,0.6216,0.6269
1010319,1600,0.6263,0.6323,0.6253,0.6302
1010320,1600,0.6306,0.6345,0.6292,0.6335
1010321,1600,0.6336,0.6341,0.6249,0.6265
1010322,1600,0.6264,0.6276,0.6215,0.6242
1010323,1600,0.6243,0.6283,0.6223,0.6237
1010326,1600,0.6228,0.626,0.6217,0.6247
1010327,1600,0.6246,0.6257,0.6219,0.6229
1010328,1600,0.6228,0.6236,0.6155,0.6163
1010329,1600,0.6165,0.619,0.6127,0.6184
1010330,1600,0.6182,0.6224,0.6143,0.6172
1010402,1600,0.6183,0.6216,0.6139,0.6203
1010403,1600,0.6204,0.6269,0.6199,0.6258
1010404,1600,0.6259,0.6305,0.624,0.6287
1010405,1600,0.6286,0.6314,0.6259,0.6274
1010406,1600,0.6273,0.6302,0.6244,0.6272
1010409,1600,0.6269,0.628,0.62,0.6211
1010410,1600,0.621,0.6223,0.6169,0.6203
1010411,1600,0.6202,0.6216,0.6147,0.6182
1010412,1600,0.6183,0.6208,0.6151,0.6197
1010413,1600,0.62,0.621,0.6166,0.6166
1010416,1600,0.6189,0.6197,0.6157,0.6181
1010417,1600,0.6176,0.6186,0.6121,0.6163
1010418,1600,0.6158,0.6214,0.6124,0.6186
1010419,1600,0.6185,0.6217,0.6165,0.6207
1010420,1600,0.6208,0.6267,0.6191,0.6248
1010423,1600,0.6254,0.6276,0.6219,0.6235
1010424,1600,0.623,0.6255,0.6214,0.6237
1010425,1600,0.6237,0.6248,0.6211,0.6228
1010426,1600,0.6228,0.6278,0.6216,0.6263
1010427,1600,0.6262,0.6279,0.6178,0.6212
1010430,1600,0.6212,0.622,0.6183,0.62
1010501,1600,0.6194,0.6234,0.6187,0.622
1010502,1600,0.622,0.625,0.6194,0.6237
1010503,1600,0.6238,0.6247,0.6188,0.6195
1010504,1600,0.6194,0.6244,0.619,0.6202
1010507,1600,0.6208,0.6218,0.6177,0.6193
1010508,1600,0.6192,0.6208,0.6168,0.6201
1010509,1600,0.62,0.6231,0.6179,0.6228
1010510,1600,0.6227,0.6247,0.6183,0.6193
1010511,1600,0.6193,0.6218,0.6156,0.6175
1010514,1600,0.6169,0.6218,0.6147,0.6156
1010515,1600,0.6157,0.6192,0.6153,0.6165
1010516,1600,0.6166,0.6208,0.6144,0.6177
1010517,1600,0.6176,0.6196,0.6145,0.616
1010518,1600,0.6165,0.6173,0.6104,0.612
1010521,1600,0.612,0.612,0.6075,0.6091
1010522,1600,0.609,0.6094,0.6047,0.6051
1010523,1600,0.6055,0.6066,0.6013,0.6028
1010524,1600,0.6029,0.609,0.601,0.6086
1010525,1600,0.6088,0.6101,0.6018,0.6052
1010528,1600,0.6048,0.6057,0.6033,0.6054
1010529,1600,0.6053,0.6056,0.6012,0.6016
1010530,1600,0.6013,0.603,0.5989,0.5992
1010531,1600,0.5989,0.6004,0.595,0.5963
1010601,1600,0.5962,0.5996,0.5952,0.5964
1010604,1600,0.5968,0.6017,0.5958,0.5984
1010605,1600,0.5985,0.6045,0.5971,0.6039
1010606,1600,0.6038,0.6102,0.6021,0.6091
1010607,1600,0.6092,0.614,0.6077,0.6106
1010608,1600,0.6105,0.6172,0.608,0.6163
1010611,1600,0.6134,0.6163,0.6117,0.6141
1010612,1600,0.614,0.6218,0.6128,0.6209
1010613,1600,0.621,0.622,0.6117,0.614
1010614,1600,0.6139,0.6161,0.6094,0.6156
1010615,1600,0.6155,0.6155,0.6123,0.6155
1010618,1600,0.6139,0.6161,0.6106,0.6123
1010619,1600,0.6123,0.6138,0.6086,0.6095
1010620,1600,0.6095,0.6128,0.6089,0.612
1010621,1600,0.6122,0.6129,0.6015,0.6026
1010622,1600,0.6033,0.6071,0.6,0.6067
1010625,1600,0.6065,0.6095,0.6034,0.608
1010626,1600,0.6081,0.6125,0.6073,0.6093
1010627,1600,0.6094,0.6103,0.6059,0.6066
1010628,1600,0.6065,0.6077,0.5983,0.5996
1010629,1600,0.5997,0.6044,0.599,0.6001
1010702,1600,0.6003,0.6012,0.5955,0.5978
1010703,1600,0.5977,0.6032,0.597,0.6014
1010704,1600,0.6014,0.6031,0.5997,0.6012
1010705,1600,0.6013,0.6026,0.5948,0.5959
1010706,1600,0.596,0.604,0.5946,0.604
1010709,1600,0.6002,0.6037,0.5998,0.6028
1010710,1600,0.6027,0.6071,0.6024,0.6056
1010711,1600,0.6057,0.6105,0.6048,0.6084
1010712,1600,0.6083,0.6089,0.6044,0.6063
1010713,1600,0.6058,0.61,0.6053,0.609
1010716,1600,0.6078,0.613,0.6078,0.6091
1010717,1600,0.609,0.614,0.6069,0.6136
1010718,1600,0.6135,0.6167,0.6106,0.6142
1010719,1600,0.6144,0.618,0.6082,0.6099
1010720,1600,0.6096,0.6126,0.6087,0.6091
1010723,1600,0.6108,0.6127,0.6082,0.6116
1010724,1600,0.6116,0.6168,0.6113,0.6139
1010725,1600,0.614,0.617,0.6133,0.6163
1010726,1600,0.6164,0.6175,0.613,0.6149
1010727,1600,0.615,0.6166,0.6123,0.6162
1010730,1600,0.6154,0.616,0.612,0.6127
1010731,1600,0.6128,0.6149,0.6121,0.6146
1010801,1600,0.6139,0.6169,0.613,0.6139
1010802,1600,0.6138,0.6173,0.6131,0.6168
1010803,1600,0.6167,0.6204,0.6148,0.6186
1010806,1600,0.618,0.6217,0.6159,0.6205
1010807,1600,0.6209,0.6209,0.6174,0.6185
1010808,1600,0.6186,0.6223,0.6169,0.622
1010809,1600,0.6221,0.6273,0.6215,0.6254
1010810,1600,0.6254,0.6284,0.6247,0.627
1010813,1600,0.6276,0.6325,0.6268,0.6309
1010814,1600,0.6307,0.6333,0.6297,0.6315
1010815,1600,0.6315,0.6358,0.6311,0.6341
1010816,1600,0.634,0.6349,0.63,0.6312
1010817,1600,0.6311,0.636,0.6306,0.6344
1010820,1600,0.6342,0.6362,0.6308,0.6309
1010821,1600,0.6321,0.6327,0.6277,0.6311
1010822,1600,0.631,0.6338,0.629,0.6298
1010823,1600,0.6299,0.633,0.6201,0.6318
1010824,1600,0.6317,0.6335,0.6292,0.6318
1010827,1600,0.632,0.6323,0.6295,0.6309
1010828,1600,0.631,0.6312,0.6264,0.628
1010829,1600,0.6279,0.6287,0.6245,0.6258
1010830,1600,0.6259,0.6292,0.6239,0.6283
1010831,1600,0.6282,0.6297,0.6244,0.6273
1010903,1600,0.6251,0.6271,0.6225,0.6234
1010904,1600,0.6235,0.6238,0.6126,0.6151
1010905,1600,0.6152,0.6159,0.6067,0.6082
1010906,1600,0.6085,0.6153,0.6068,0.6148
1010907,1600,0.6143,0.6189,0.6125,0.6182
1010910,1600,0.6201,0.6208,0.615,0.6164
1010911,1600,0.6165,0.6209,0.6139,0.6164
1010912,1600,0.6165,0.6202,0.6141,0.6176
1010913,1600,0.6175,0.62,0.616,0.6194
1010914,1600,0.6195,0.6295,0.6174,0.6271
1010917,1600,0.6259,0.6323,0.6253,0.6302
1010918,1600,0.6304,0.632,0.6228,0.6312
1010919,1600,0.6313,0.6343,0.6296,0.631
1010920,1600,0.6309,0.6336,0.6231,0.6318
1010921,1600,0.6318,0.6337,0.6244,0.6271
1010924,1600,0.6277,0.6287,0.6233,0.6257
1010925,1600,0.626,0.6293,0.624,0.6274
1010926,1600,0.6275,0.6278,0.6237,0.6245
1010927,1600,0.6253,0.6257,0.6206,0.6223
1010928,1600,0.6222,0.6242,0.6165,0.6185
1011001,1600,0.6182,0.6207,0.6155,0.6196
1011002,1600,0.6198,0.626,0.6179,0.6249
1011003,1600,0.6248,0.6284,0.618,0.6189
1011004,1600,0.6188,0.6228,0.6178,0.6214
1011005,1600,0.6213,0.6231,0.6181,0.6192
1011008,1600,0.6193,0.626,0.6186,0.6242
1011009,1600,0.6241,0.628,0.6235,0.6257
1011010,1600,0.6258,0.6299,0.6248,0.6271
1011011,1600,0.6271,0.6291,0.6235,0.6237
1011012,1600,0.6238,0.6276,0.6221,0.6269
1011015,1600,0.6279,0.6294,0.6258,0.6266
1011016,1600,0.6272,0.6287,0.6245,0.6264
1011017,1600,0.6265,0.6271,0.623,0.6237
1011018,1600,0.6236,0.6263,0.6216,0.6251
1011019,1600,0.6249,0.6278,0.6234,0.626
1011022,1600,0.6267,0.6273,0.6236,0.6255
1011023,1600,0.6254,0.627,0.6231,0.6242
1011024,1600,0.6244,0.6269,0.623,0.6251
1011025,1600,0.6251,0.6261,0.6232,0.6259
1011026,1600,0.6259,0.6262,0.6199,0.6212
1011029,1600,0.6208,0.6231,0.6197,0.6216
1011030,1600,0.6217,0.6243,0.6207,0.6236
1011031,1600,0.6239,0.6244,0.6176,0.6184
1011101,1600,0.6185,0.6223,0.6155,0.6165
1011102,1600,0.6167,0.6184,0.6131,0.6184
1011105,1600,0.6164,0.6173,0.6134,0.6153
1011106,1600,0.6154,0.6164,0.6128,0.6135
1011107,1600,0.6137,0.6167,0.6113,0.6134
1011108,1600,0.6134,0.6144,0.6115,0.614
1011109,1600,0.6137,0.6157,0.6119,0.6134
1011112,1600,0.6138,0.617,0.612,0.6141
1011113,1600,0.6141,0.6142,0.6095,0.6109
1011114,1600,0.6109,0.6129,0.6094,0.612
1011115,1600,0.6121,0.6161,0.6109,0.6149
1011116,1600,0.6149,0.6202,0.6147,0.6193
1011119,1600,0.619,0.6231,0.6175,0.6215
1011120,1600,0.6215,0.6241,0.6204,0.6219
1011121,1600,0.6218,0.622,0.618,0.6192
1011122,1600,0.6191,0.6229,0.6184,0.6222
1011123,1600,0.6222,0.6257,0.6205,0.6222
1011126,1600,0.6224,0.6244,0.6206,0.623
1011127,1600,0.623,0.6253,0.6213,0.624
1011128,1600,0.6239,0.6252,0.6214,0.6222
1011129,1600,0.6222,0.6248,0.621,0.6216
1011130,1600,0.6215,0.6299,0.621,0.6291
1011203,1600,0.6287,0.6299,0.6246,0.6252
1011204,1600,0.6251,0.627,0.6243,0.6254
1011205,1600,0.6255,0.6281,0.6242,0.6266
1011206,1600,0.6269,0.6272,0.6246,0.6255
1011207,1600,0.6254,0.6266,0.6197,0.6208
1011210,1600,0.6206,0.6221,0.6182,0.6206
1011211,1600,0.6205,0.6224,0.6183,0.6198
1011212,1600,0.6199,0.6225,0.618,0.6204
1011213,1600,0.6204,0.6219,0.6183,0.6198
1011214,1600,0.6199,0.6233,0.6184,0.621
1011217,1600,0.6212,0.6222,0.6174,0.6177
1011218,1600,0.6176,0.6202,0.6174,0.619
1011219,1600,0.6191,0.6218,0.6177,0.6203
1011220,1600,0.6201,0.6225,0.6179,0.6212
1011221,1600,0.621,0.6226,0.6153,0.6165
1011224,1600,0.617,0.6186,0.607,0.609
1011225,1600,0.6089,0.6106,0.6067,0.6079
1011226,1600,0.6078,0.6118,0.6038,0.6056
1011227,1600,0.6057,0.6111,0.605,0.6083
1011228,1600,0.6083,0.6106,0.6069,0.6101
1011231,1600,0.6094,0.6133,0.6085,0.6118
1020101,1600,0.6118,0.6131,0.611,0.6121
1020102,1600,0.612,0.628,0.6109,0.6248
1020103,1600,0.6249,0.6265,0.6226,0.6246
1020104,1600,0.6247,0.6248,0.6177,0.6179
1020107,1600,0.619,0.622,0.6182,0.6188
1020108,1600,0.6199,0.6215,0.6165,0.621
1020109,1600,0.621,0.6212,0.6164,0.6203
1020110,1600,0.6195,0.6203,0.616,0.6197
1020111,1600,0.6194,0.62,0.6149,0.6156
1020114,1600,0.6169,0.618,0.6148,0.6168
1020115,1600,0.6165,0.6175,0.6121,0.613
1020116,1600,0.6129,0.6151,0.612,0.615
1020117,1600,0.6151,0.6164,0.612,0.6136
1020118,1600,0.6135,0.6158,0.6123,0.6141
1020121,1600,0.6153,0.6163,0.614,0.6152
1020122,1600,0.6151,0.6213,0.6149,0.6208
1020123,1600,0.621,0.6212,0.6148,0.6159
1020124,1600,0.616,0.6181,0.6148,0.6156
1020125,1600,0.6157,0.6166,0.6114,0.6137
1020128,1600,0.6134,0.6147,0.6087,0.6108
1020129,1600,0.6109,0.6128,0.6093,0.6116
1020130,1600,0.6115,0.6122,0.6081,0.6087
1020131,1600,0.6086,0.6123,0.6074,0.6087
1020201,1600,0.6087,0.6106,0.6066,0.6081
1020204,1600,0.6089,0.6123,0.6071,0.6109
1020205,1600,0.611,0.614,0.6106,0.6129
1020206,1600,0.6129,0.6152,0.6112,0.6138
1020207,1600,0.6141,0.6166,0.6122,0.6152
1020208,1600,0.6153,0.6195,0.6147,0.617
1020211,1600,0.6158,0.6178,0.615,0.616
1020212,1600,0.6163,0.617,0.6106,0.6117
1020213,1600,0.6117,0.612,0.6088,0.6098
1020214,1600,0.6098,0.6111,0.6085,0.6106
1020215,1600,0.611,0.6112,0.608,0.6095
1020218,1600,0.6096,0.6104,0.6083,0.6093
1020219,1600,0.6092,0.6133,0.6083,0.6118
1020220,1600,0.6119,0.6132,0.6085,0.6093
1020221,1600,0.6094,0.6116,0.6084,0.6098
1020222,1600,0.6099,0.6135,0.6088,0.6114
1020225,1600,0.6111,0.6123,0.6092,0.6094
1020226,1600,0.6094,0.6109,0.6082,0.6091
1020227,1600,0.6092,0.6113,0.6088,0.6098
1020228,1600,0.6098,0.6139,0.6084,0.613
1020301,1600,0.6126,0.6136,0.6087,0.6095
1020304,1600,0.6094,0.6119,0.6086,0.6109
1020305,1600,0.6109,0.6122,0.6092,0.6118
1020306,1600,0.6118,0.6163,0.6108,0.6157
1020307,1600,0.6157,0.6185,0.6143,0.6177
1020308,1600,0.6178,0.6179,0.6128,0.6146
1020311,1600,0.6148,0.6176,0.6142,0.6165
1020312,1600,0.6167,0.6195,0.6154,0.6182
1020313,1600,0.6182,0.6207,0.6178,0.6185
1020314,1600,0.6184,0.6219,0.6182,0.621
1020315,1600,0.6211,0.6226,0.6186,0.6193
1020318,1600,0.6186,0.6193,0.6166,0.6184
1020319,1600,0.6183,0.6201,0.6175,0.6187
1020320,1600,0.6187,0.6213,0.6173,0.6187
1020321,1600,0.6187,0.6202,0.6169,0.6183
1020322,1600,0.6184,0.6185,0.6138,0.6164
1020325,1600,0.6153,0.6164,0.613,0.6149
1020326,1600,0.615,0.6157,0.6125,0.6144
1020327,1600,0.6143,0.6148,0.6117,0.6123
1020328,1600,0.6122,0.6142,0.6101,0.6111
1020329,1600,0.6112,0.6123,0.6101,0.6111
1020401,1600,0.611,0.6129,0.6099,0.6106
1020402,1600,0.6107,0.6124,0.6097,0.6122
1020403,1600,0.612,0.6139,0.6109,0.6132
1020404,1600,0.6133,0.6151,0.6108,0.6121
1020405,1600,0.6117,0.614,0.6114,0.613
1020408,1600,0.6137,0.6138,0.6098,0.611
1020409,1600,0.6111,0.6134,0.6101,0.6126
1020410,1600,0.6127,0.6137,0.6113,0.6126
1020411,1600,0.6127,0.6147,0.6116,0.6135
1020412,1600,0.6134,0.6138,0.6104,0.6104
1020415,1600,0.6121,0.6137,0.611,0.6117
1020416,1600,0.6116,0.6136,0.6112,0.6124
1020417,1600,0.6127,0.6162,0.6122,0.6154
1020418,1600,0.6153,0.6163,0.6127,0.615
1020419,1600,0.6149,0.6162,0.6135,0.6155
1020422,1600,0.6151,0.6154,0.6122,0.6126
1020423,1600,0.6126,0.6144,0.6115,0.6136
1020424,1600,0.6137,0.6161,0.6125,0.6152
1020425,1600,0.6153,0.6188,0.6149,0.6168
1020426,1600,0.6169,0.6192,0.6164,0.618
1020429,1600,0.6182,0.6196,0.6172,0.6191
1020430,1600,0.6193,0.6203,0.6168,0.6174
1020501,1600,0.6173,0.6201,0.6164,0.6183
1020502,1600,0.6184,0.6192,0.6155,0.617
1020503,1600,0.6169,0.6248,0.6163,0.6243
1020506,1600,0.6235,0.6252,0.6224,0.6251
1020507,1600,0.6251,0.6256,0.6222,0.6227
1020508,1600,0.6226,0.6238,0.6205,0.621
1020509,1600,0.621,0.6236,0.6205,0.6224
1020510,1600,0.6228,0.625,0.6219,0.6242
1020513,1600,0.6237,0.626,0.6231,0.6258
1020514,1600,0.6253,0.6258,0.6217,0.6226
1020515,1600,0.6223,0.625,0.6208,0.6244
1020516,1600,0.6243,0.6267,0.6239,0.626
1020517,1600,0.6263,0.6318,0.6255,0.631
1020520,1600,0.6307,0.6326,0.6287,0.6307
1020521,1600,0.6309,0.6324,0.6289,0.6295
1020522,1600,0.6296,0.6357,0.629,0.634
1020523,1600,0.6341,0.6351,0.6311,0.6332
1020524,1600,0.6331,0.6339,0.6303,0.6304
1020527,1600,0.6317,0.6328,0.6305,0.6319
1020528,1600,0.6319,0.6369,0.6308,0.6358
1020529,1600,0.6358,0.6404,0.6351,0.6393
1020530,1600,0.64,0.6415,0.638,0.639
1020531,1600,0.6392,0.6422,0.6364,0.64
1020603,1600,0.64,0.6435,0.6385,0.6427
1020604,1600,0.6428,0.6462,0.6419,0.6436
1020605,1600,0.6437,0.6452,0.642,0.6434
1020606,1600,0.6434,0.6489,0.6413,0.6483
1020607,1600,0.6484,0.649,0.6453,0.6461
1020610,1600,0.6461,0.6484,0.6445,0.6462
1020611,1600,0.6463,0.6465,0.6421,0.644
1020612,1600,0.6441,0.6443,0.6407,0.6416
1020613,1600,0.6415,0.6428,0.6388,0.6404
1020614,1600,0.6403,0.6433,0.6394,0.64
1020617,1600,0.64,0.6411,0.637,0.6382
1020618,1600,0.6381,0.6403,0.6362,0.6385
1020619,1600,0.6383,0.6425,0.6374,0.6413
1020620,1600,0.6412,0.6445,0.6409,0.6433
1020621,1600,0.6433,0.649,0.6428,0.6488
1020624,1600,0.6491,0.6512,0.6453,0.646
1020625,1600,0.646,0.6509,0.6445,0.6509
1020626,1600,0.6507,0.6527,0.6416,0.6443
1020627,1600,0.6442,0.6481,0.6439,0.6469
1020628,1600,0.647,0.6503,0.6454,0.6458
1020701,1600,0.6476,0.6502,0.6439,0.6467
1020702,1600,0.6465,0.647,0.6405,0.6418
1020703,1600,0.6417,0.6439,0.6404,0.6416
1020704,1600,0.6415,0.6432,0.6384,0.6407
1020705,1600,0.6408,0.6423,0.6383,0.64
1020708,1600,0.639,0.6445,0.639,0.6416
1020709,1600,0.6415,0.6431,0.6403,0.6417
1020710,1600,0.6418,0.6419,0.6375,0.6386
1020711,1600,0.6387,0.6398,0.6353,0.6363
1020712,1600,0.6364,0.6397,0.6349,0.6384
1020715,1600,0.6389,0.6437,0.6379,0.6397
1020716,1600,0.6396,0.6447,0.6391,0.642
1020717,1600,0.6422,0.6449,0.6404,0.6407
1020718,1600,0.6409,0.6436,0.6405,0.6425
1020719,1600,0.6426,0.6435,0.6397,0.6406
1020722,1600,0.6406,0.6426,0.6371,0.6379
1020723,1600,0.638,0.6387,0.631,0.6324
1020724,1600,0.6323,0.6347,0.6298,0.6328
1020725,1600,0.6329,0.6374,0.6311,0.634
1020726,1600,0.6338,0.6358,0.6292,0.6302
1020729,1600,0.6305,0.6313,0.6264,0.6271
1020730,1600,0.6269,0.6298,0.6241,0.6243
1020731,1600,0.6253,0.6283,0.6238,0.6247
1020801,1600,0.6248,0.633,0.6243,0.6302
1020802,1600,0.6304,0.632,0.6271,0.6279
1020805,1600,0.6282,0.6312,0.6261,0.6282
1020806,1600,0.6282,0.629,0.6252,0.6276
1020807,1600,0.6275,0.6342,0.6208,0.633
1020808,1600,0.633,0.6345,0.6301,0.6307
1020809,1600,0.6308,0.6362,0.6302,0.636
1020812,1600,0.6375,0.6398,0.6372,0.6385
1020813,1600,0.6385,0.6404,0.6377,0.64
1020814,1600,0.6398,0.642,0.6358,0.6368
1020815,1600,0.6367,0.6401,0.6363,0.6389
1020816,1600,0.6388,0.6419,0.6377,0.6388
1020819,1600,0.6392,0.6407,0.637,0.6396
1020820,1600,0.6395,0.6421,0.6379,0.6399
1020821,1600,0.6401,0.6427,0.6388,0.6399
1020822,1600,0.64,0.6406,0.6362,0.6372
1020823,1600,0.6371,0.6403,0.6362,0.6391
1020826,1600,0.6393,0.6399,0.6371,0.6384
1020827,1600,0.6385,0.6415,0.638,0.6411
1020828,1600,0.6413,0.6415,0.6375,0.6383
1020829,1600,0.6379,0.6397,0.6343,0.6365
1020830,1600,0.6363,0.6366,0.6322,0.6331
1020902,1600,0.6329,0.6359,0.6321,0.6346
1020903,1600,0.6347,0.6379,0.6339,0.6365
1020904,1600,0.6364,0.6372,0.6327,0.634
1020905,1600,0.634,0.637,0.632,0.6336
1020906,1600,0.6336,0.634,0.6279,0.6311
1020909,1600,0.6294,0.637,0.6274,0.6293
1020910,1600,0.6292,0.637,0.6273,0.6285
1020911,1600,0.6268,0.6285,0.6253,0.6279
1020912,1600,0.6278,0.6297,0.6258,0.6288
1020913,1600,0.6288,0.6305,0.6242,0.6257
1020916,1600,0.6262,0.6299,0.6243,0.6288
1020917,1600,0.6287,0.6321,0.6272,0.6316
1020918,1600,0.6315,0.633,0.6295,0.6304
1020919,1600,0.6305,0.6346,0.6297,0.6332
1020920,1600,0.6331,0.6346,0.6298,0.6316
1020923,1600,0.6308,0.633,0.6281,0.6303
1020924,1600,0.6301,0.6314,0.6282,0.6284
1020925,1600,0.6285,0.6297,0.6258,0.627
1020926,1600,0.6268,0.6282,0.6253,0.6267
1020927,1600,0.6266,0.6292,0.626,0.6277
1020930,1600,0.6282,0.6305,0.6274,0.6285
1021001,1600,0.6284,0.6293,0.6265,0.6287
1021002,1600,0.6284,0.6292,0.6267,0.6284
1021003,1600,0.6285,0.6303,0.6279,0.6284
1021004,1600,0.6285,0.6293,0.6244,0.6252
1021007,1600,0.6257,0.6281,0.6246,0.6273
1021008,1600,0.6273,0.6308,0.6258,0.6305
1021009,1600,0.6307,0.6341,0.6291,0.6327
1021010,1600,0.6329,0.6332,0.6295,0.6296
1021011,1600,0.6298,0.6326,0.6296,0.6318
1021014,1600,0.632,0.6339,0.6309,0.6334
1021015,1600,0.6335,0.6359,0.6245,0.632
1021016,1600,0.6321,0.6329,0.6306,0.6308
1021017,1600,0.6308,0.6314,0.6252,0.6259
1021018,1600,0.6258,0.6289,0.6254,0.6282
1021021,1600,0.6285,0.6316,0.6264,0.6306
1021022,1600,0.6307,0.6331,0.6293,0.6321
1021023,1600,0.6324,0.633,0.6293,0.6298
1021024,1600,0.6297,0.6308,0.6285,0.6288
1021025,1600,0.6287,0.6298,0.6275,0.6286
1021028,1600,0.6301,0.6327,0.6284,0.6307
1021029,1600,0.6308,0.6323,0.63,0.6311
1021030,1600,0.6312,0.6327,0.6304,0.6321
1021031,1600,0.6319,0.6332,0.6313,0.6325
1021101,1600,0.6324,0.6395,0.6244,0.6366
1021104,1600,0.6371,0.641,0.6362,0.6403
1021105,1600,0.6405,0.6418,0.6384,0.6395
1021106,1600,0.6396,0.6423,0.6381,0.642
1021107,1600,0.6422,0.643,0.6364,0.638
1021108,1600,0.6379,0.639,0.6355,0.6367
1021111,1600,0.6366,0.6379,0.6351,0.6364
1021112,1600,0.6365,0.6375,0.6343,0.6365
1021113,1600,0.6365,0.637,0.6328,0.6354
1021114,1600,0.6353,0.6363,0.6336,0.6355
1021115,1600,0.6356,0.6395,0.6346,0.6388
1021118,1600,0.6385,0.6396,0.6362,0.6381
1021119,1600,0.638,0.6386,0.6329,0.6349
1021120,1600,0.635,0.6373,0.6336,0.6366
1021121,1600,0.6365,0.6372,0.6322,0.6338
1021122,1600,0.6338,0.6341,0.6296,0.6304
1021125,1600,0.6314,0.6353,0.6301,0.6333
1021126,1600,0.6331,0.6408,0.6326,0.6398
1021127,1600,0.6397,0.6421,0.6384,0.64
1021128,1600,0.64,0.6416,0.6385,0.6407
1021129,1600,0.6404,0.6425,0.6372,0.6379
1021202,1600,0.6386,0.642,0.6365,0.6396
1021203,1600,0.6396,0.6407,0.6335,0.6349
1021204,1600,0.6348,0.6382,0.6345,0.6373
1021205,1600,0.6373,0.6381,0.6345,0.6366
1021206,1600,0.6365,0.6411,0.6352,0.6398
1021209,1600,0.6401,0.641,0.6378,0.6387
1021210,1600,0.6387,0.6432,0.6381,0.6414
1021211,1600,0.6413,0.6421,0.6386,0.6396
1021212,1600,0.6395,0.6455,0.6393,0.6438
1021213,1600,0.644,0.6464,0.6412,0.6431
1021216,1600,0.6436,0.6445,0.6409,0.642
1021217,1600,0.642,0.6459,0.6415,0.6423
1021218,1600,0.6422,0.6439,0.6397,0.6402
1021219,1600,0.6402,0.6417,0.6373,0.6402
1021220,1600,0.6402,0.6414,0.6378,0.6399
1021223,1600,0.6408,0.6461,0.6314,0.6434
1021224,1600,0.6434,0.6485,0.6432,0.6459
1021225,1600,0.6459,0.6477,0.644,0.6455
1021226,1600,0.6464,0.6489,0.6439,0.6472
1021227,1600,0.6469,0.6509,0.6464,0.6507
1021230,1600,0.65,0.6546,0.649,0.653
1021231,1600,0.653,0.6547,0.6494,0.6523
1030101,1600,0.6547,0.6547,0.6497,0.6504
1030102,1600,0.6503,0.6627,0.6475,0.6494
1030103,1600,0.6496,0.6516,0.6466,0.6472
1030106,1600,0.6471,0.6523,0.6467,0.6502
1030107,1600,0.6498,0.651,0.6477,0.649
1030108,1600,0.6491,0.6527,0.6483,0.6509
1030109,1600,0.6508,0.6539,0.6504,0.6523
1030110,1600,0.6522,0.6591,0.652,0.6587
1030113,1600,0.657,0.6596,0.6559,0.6584
1030114,1600,0.6585,0.6615,0.6533,0.6582
1030115,1600,0.6581,0.6603,0.6558,0.6577
1030116,1600,0.6578,0.6597,0.656,0.6587
1030117,1600,0.6588,0.6628,0.6573,0.6614
1030120,1600,0.6615,0.6672,0.6598,0.6642
1030121,1600,0.6641,0.6654,0.6616,0.6644
1030122,1600,0.6631,0.6664,0.6612,0.6615
1030123,1600,0.6614,0.6641,0.6601,0.6624
1030124,1600,0.6624,0.6666,0.6591,0.6629
1030127,1600,0.6628,0.6653,0.6616,0.6624
1030128,1600,0.6628,0.6632,0.6585,0.6612
1030129,1600,0.66,0.6632,0.6562,0.6565
1030130,1600,0.6567,0.6584,0.6519,0.6537
1030131,1600,0.6534,0.6559,0.6516,0.6535
1030203,1600,0.6541,0.6575,0.6511,0.6552
1030204,1600,0.655,0.661,0.6533,0.6597
1030205,1600,0.6596,0.6616,0.654,0.6567
1030206,1600,0.6568,0.6636,0.6554,0.6615
1030207,1600,0.6617,0.6641,0.6601,0.6631
1030210,1600,0.6623,0.6636,0.6582,0.6589
1030211,1600,0.6592,0.6643,0.6587,0.6629
1030212,1600,0.6629,0.6651,0.6618,0.6626
1030213,1600,0.6625,0.6698,0.6623,0.6692
1030214,1600,0.6681,0.6707,0.6665,0.6681
1030217,1600,0.6681,0.6718,0.6667,0.6704
1030218,1600,0.6705,0.673,0.6695,0.6711
1030219,1600,0.6712,0.6738,0.6706,0.6728
1030220,1600,0.6729,0.68,0.6715,0.6785
1030221,1600,0.6786,0.6831,0.6774,0.682
1030224,1600,0.6792,0.6819,0.6783,0.6803
1030225,1600,0.6804,0.6865,0.6788,0.6833
1030226,1600,0.6833,0.6838,0.6799,0.6814
1030227,1600,0.6815,0.6847,0.6792,0.6801
1030228,1600,0.6803,0.6869,0.6793,0.6862
1030303,1600,0.6857,0.6907,0.6839,0.6896
1030304,1600,0.6896,0.6915,0.6868,0.691
1030305,1600,0.6908,0.6915,0.6835,0.6848
1030306,1600,0.6848,0.6864,0.681,0.6853
1030307,1600,0.6854,0.6887,0.6848,0.6865
1030310,1600,0.6867,0.6927,0.6864,0.6896
1030311,1600,0.6896,0.6914,0.6855,0.6866
1030312,1600,0.6867,0.6874,0.6809,0.6816
1030313,1600,0.6816,0.6821,0.6754,0.6797
1030314,1600,0.6738,0.6795,0.673,0.6789
1030317,1600,0.6797,0.6847,0.6733,0.6782
1030318,1600,0.6783,0.6807,0.6724,0.6789
1030319,1600,0.6789,0.6829,0.674,0.6757
1030320,1600,0.6757,0.6805,0.6739,0.677
1030321,1600,0.677,0.6796,0.6709,0.6719
1030324,1600,0.6764,0.6816,0.6745,0.676
1030325,1600,0.676,0.6807,0.6751,0.6768
1030326,1600,0.6769,0.6796,0.675,0.679
1030327,1600,0.6792,0.6839,0.6775,0.6833
1030328,1600,0.6832,0.6974,0.679,0.6852
1030331,1600,0.6853,0.6909,0.6846,0.6898
1030401,1600,0.6897,0.6996,0.6885,0.6915
1030402,1600,0.6919,0.6928,0.6858,0.686
1030403,1600,0.686,0.6885,0.6815,0.6842
1030404,1600,0.6842,0.688,0.6827,0.6878
1030407,1600,0.6855,0.6907,0.6809,0.6874
1030408,1600,0.6873,0.69,0.6845,0.689
1030409,1600,0.689,0.6938,0.6862,0.6885
1030410,1600,0.6883,0.6905,0.6847,0.6855
1030411,1600,0.6854,0.687,0.6819,0.6849
1030414,1600,0.6835,0.6868,0.6806,0.6857
1030415,1600,0.6854,0.689,0.6837,0.688
1030416,1600,0.6876,0.6922,0.6863,0.6897
1030417,1600,0.6893,0.6934,0.6893,0.6918
1030418,1600,0.6917,0.6931,0.6901,0.692
1030421,1600,0.6922,0.6966,0.6886,0.6953
1030422,1600,0.6952,0.6969,0.6891,0.6952
1030423,1600,0.6952,0.6976,0.6901,0.6907
1030424,1600,0.6907,0.6936,0.6898,0.6929
1030425,1600,0.693,0.695,0.6898,0.6935
1030428,1600,0.6924,0.6937,0.6898,0.6909
1030429,1600,0.6911,0.695,0.688,0.6937
1030430,1600,0.6938,0.6997,0.6933,0.6987
1030501,1600,0.6986,0.6999,0.6951,0.6977
1030502,1600,0.6977,0.7011,0.696,0.7007
1030505,1600,0.6995,0.7033,0.6982,0.7026
1030506,1600,0.7026,0.709,0.7005,0.7071
1030507,1600,0.7074,0.7138,0.7053,0.7107
1030508,1600,0.7106,0.7193,0.7075,0.7166
1030509,1600,0.7166,0.7194,0.7134,0.7155
1030512,1600,0.7189,0.7214,0.7159,0.7173
1030513,1600,0.7174,0.7187,0.7131,0.7162
1030514,1600,0.7163,0.7166,0.7087,0.71
1030515,1600,0.7085,0.7099,0.7011,0.7025
1030516,1600,0.7025,0.715,0.701,0.7149
1030519,1600,0.7166,0.7181,0.712,0.7128
1030520,1600,0.7127,0.7155,0.7107,0.7142
1030521,1600,0.7143,0.7147,0.7097,0.712
1030522,1600,0.712,0.7168,0.7109,0.7157
1030523,1600,0.7156,0.7238,0.7143,0.7227
1030526,1600,0.7231,0.7252,0.7193,0.7232
1030527,1600,0.7233,0.7255,0.7195,0.7204
1030528,1600,0.7205,0.7216,0.7162,0.7172
1030529,1600,0.7172,0.7203,0.7145,0.7191
1030530,1600,0.7191,0.7205,0.7165,0.7201
1030602,1600,0.7206,0.7206,0.7153,0.7177
1030603,1600,0.7176,0.7225,0.7157,0.7201
1030604,1600,0.7202,0.7209,0.7128,0.7135
1030605,1600,0.7134,0.7164,0.71,0.7127
1030606,1600,0.7127,0.714,0.7026,0.7039
1030609,1600,0.7027,0.7153,0.7008,0.7116
1030610,1600,0.7117,0.7133,0.705,0.7068
1030611,1600,0.7069,0.7096,0.7031,0.7053
1030612,1600,0.7054,0.706,0.7002,0.7053
1030613,1600,0.7054,0.7125,0.7028,0.7101
1030616,1600,0.709,0.7123,0.7019,0.7044
1030617,1600,0.7041,0.7049,0.6981,0.6999
1030618,1600,0.7,0.7014,0.6946,0.6954
1030619,1600,0.6954,0.6999,0.6922,0.6974
1030620,1600,0.6972,0.6989,0.695,0.6974
1030623,1600,0.6973,0.6977,0.6903,0.6926
1030624,1600,0.6929,0.6957,0.6905,0.6914
1030625,1600,0.6914,0.6928,0.6882,0.6893
1030626,1600,0.6893,0.6908,0.6869,0.6875
1030627,1600,0.6896,0.6945,0.6887,0.6929
1030630,1600,0.6923,0.6966,0.6902,0.6957
1030701,1600,0.6955,0.6988,0.6945,0.695
1030702,1600,0.6949,0.6953,0.6908,0.6922
1030703,1600,0.6928,0.6929,0.6865,0.6881
1030704,1600,0.6882,0.6897,0.6858,0.6891
1030707,1600,0.6878,0.6888,0.6853,0.6864
1030708,1600,0.6863,0.6928,0.6842,0.6916
1030709,1600,0.6918,0.6965,0.691,0.6929
1030710,1600,0.693,0.6995,0.6911,0.6948
1030711,1600,0.6946,0.6949,0.69,0.6914
1030714,1600,0.6929,0.7018,0.6911,0.6995
1030715,1600,0.6997,0.7049,0.6979,0.7014
1030716,1600,0.7013,0.7053,0.6991,0.7025
1030717,1600,0.7023,0.7068,0.7009,0.7035
1030718,1600,0.7035,0.7115,0.7007,0.7075
1030721,1600,0.7122,0.7138,0.7071,0.7088
1030722,1600,0.7087,0.7102,0.707,0.7091
1030723,1600,0.709,0.7152,0.7084,0.714
1030724,1600,0.7138,0.7148,0.7087,0.7106
1030725,1600,0.7104,0.7133,0.708,0.7104
1030728,1600,0.7099,0.7103,0.7048,0.7067
1030729,1600,0.7068,0.7093,0.703,0.7043
1030730,1600,0.7045,0.706,0.7009,0.7021
1030731,1600,0.702,0.7033,0.6964,0.6975
1030801,1600,0.6975,0.7015,0.695,0.7001
1030804,1600,0.6997,0.7064,0.6981,0.7042
1030805,1600,0.7042,0.7078,0.7023,0.7055
1030806,1600,0.7056,0.7078,0.703,0.7041
1030807,1600,0.7041,0.7077,0.7019,0.7032
1030808,1600,0.7033,0.7056,0.7016,0.7042
1030811,1600,0.7054,0.7071,0.7032,0.7065
1030812,1600,0.7057,0.7073,0.7031,0.7036
1030813,1600,0.7037,0.7046,0.7007,0.7039
1030814,1600,0.7039,0.7054,0.7004,0.7034
1030815,1600,0.7035,0.7069,0.7011,0.705
1030818,1600,0.7048,0.7053,0.7,0.7009
1030819,1600,0.7008,0.7019,0.698,0.7013
1030820,1600,0.7011,0.7014,0.696,0.6972
1030821,1600,0.6972,0.6975,0.691,0.6921
1030822,1600,0.6923,0.6943,0.6889,0.6911
1030825,1600,0.6909,0.6931,0.6898,0.6908
1030826,1600,0.6909,0.6935,0.6897,0.6925
1030827,1600,0.6925,0.6952,0.6906,0.6919
1030828,1600,0.6922,0.6933,0.6886,0.6901
1030829,1600,0.6899,0.6977,0.6887,0.6964
1030901,1600,0.6958,0.6993,0.6948,0.6977
1030902,1600,0.698,0.698,0.6882,0.6895
1030903,1600,0.6894,0.691,0.6878,0.6895
1030904,1600,0.6904,0.6922,0.6843,0.6912
1030905,1600,0.6913,0.6995,0.6891,0.6991
1030908,1600,0.6979,0.705,0.6956,0.6983
1030909,1600,0.6987,0.7077,0.6975,0.7051
1030910,1600,0.705,0.7057,0.702,0.703
1030911,1600,0.703,0.7068,0.7001,0.7013
1030912,1600,0.7012,0.705,0.6962,0.7041
1030915,1600,0.7018,0.7057,0.7005,0.7039
1030916,1600,0.7039,0.7059,0.7023,0.7034
1030917,1600,0.7037,0.7038,0.6985,0.7008
1030918,1600,0.7007,0.7017,0.6949,0.6954
1030919,1600,0.6955,0.6973,0.6936,0.6953
1030922,1600,0.6963,0.698,0.6937,0.6958
1030923,1600,0.6958,0.6967,0.6919,0.6928
1030924,1600,0.6926,0.6943,0.6908,0.6935
1030925,1600,0.6934,0.6943,0.6913,0.6921
1030926,1600,0.6921,0.6926,0.6901,0.6917
1030929,1600,0.6908,0.6978,0.6896,0.6963
1030930,1600,0.6964,0.7023,0.6952,0.7015
1031001,1600,0.7011,0.7057,0.7002,0.7022
1031002,1600,0.7024,0.7038,0.6986,0.6999
1031003,1600,0.6999,0.7017,0.6937,0.6956
1031006,1600,0.6958,0.702,0.6945,0.7009
1031007,1600,0.7008,0.7089,0.6985,0.7077
1031008,1600,0.7079,0.7116,0.7068,0.7106
1031009,1600,0.7106,0.7118,0.7024,0.7039
1031010,1600,0.7044,0.7096,0.7036,0.7086
1031013,1600,0.709,0.7097,0.6999,0.7035
1031014,1600,0.7036,0.7037,0.6994,0.7012
1031015,1600,0.701,0.7019,0.696,0.6967
1031016,1600,0.6965,0.6975,0.6921,0.6928
1031017,1600,0.6928,0.6968,0.6912,0.6959
1031020,1600,0.6965,0.6974,0.693,0.6959
1031021,1600,0.6959,0.6982,0.6952,0.6963
1031022,1600,0.6965,0.6989,0.6942,0.697
1031023,1600,0.6966,0.6993,0.6946,0.6962
1031024,1600,0.6959,0.6979,0.6932,0.6948
1031027,1600,0.6926,0.6946,0.6921,0.6927
1031028,1600,0.6925,0.6931,0.6864,0.6872
1031029,1600,0.6871,0.6882,0.6853,0.6868
1031030,1600,0.6868,0.6918,0.684,0.6855
1031031,1600,0.6855,0.6881,0.6818,0.6837
1031103,1600,0.6828,0.6852,0.6805,0.6834
1031104,1600,0.6834,0.6858,0.6812,0.6815
1031105,1600,0.6814,0.6851,0.6803,0.6824
1031106,1600,0.6824,0.6853,0.6816,0.6843
1031107,1600,0.6843,0.6896,0.6838,0.6875
1031110,1600,0.6874,0.6887,0.6855,0.687
1031111,1600,0.6869,0.6925,0.6865,0.6906
1031112,1600,0.6906,0.6957,0.6904,0.6945
1031113,1600,0.6943,0.6964,0.6932,0.6955
1031114,1600,0.6954,0.6987,0.695,0.6976
1031117,1600,0.699,0.6998,0.693,0.6947
1031118,1600,0.6939,0.7029,0.6939,0.7011
1031119,1600,0.7013,0.7033,0.699,0.6999
1031120,1600,0.7001,0.703,0.6979,0.6982
1031121,1600,0.6983,0.6999,0.6967,0.699
1031124,1600,0.698,0.6986,0.693,0.6936
1031125,1600,0.6936,0.6956,0.693,0.6938
1031126,1600,0.6936,0.6987,0.6933,0.6968
1031127,1600,0.6968,0.6976,0.6928,0.6947
1031128,1600,0.6947,0.698,0.6937,0.6959
1031201,1600,0.6974,0.6977,0.6937,0.6957
1031202,1600,0.6956,0.6991,0.6941,0.698
1031203,1600,0.6988,0.7015,0.6977,0.7007
1031204,1600,0.7015,0.7043,0.6987,0.7018
1031205,1600,0.7015,0.7042,0.7006,0.703
1031208,1600,0.7036,0.7064,0.7024,0.7046
1031209,1600,0.7044,0.7052,0.6997,0.7018
1031210,1600,0.7014,0.7025,0.6987,0.7004
1031211,1600,0.7007,0.7012,0.696,0.6998
1031212,1600,0.6998,0.7042,0.6987,0.7031
1031215,1600,0.7005,0.7055,0.6988,0.7043
1031216,1600,0.7044,0.7074,0.7014,0.7019
1031217,1600,0.7024,0.7045,0.7012,0.7028
1031218,1600,0.7028,0.7041,0.6996,0.7011
1031219,1600,0.7011,0.7032,0.6999,0.6999
1031222,1600,0.7008,0.706,0.7006,0.7025
1031223,1600,0.7033,0.7041,0.7019,0.7028
1031224,1600,0.7028,0.7043,0.7004,0.7014
1031225,1600,0.7016,0.703,0.7008,0.702
1031226,1600,0.702,0.7037,0.7002,0.7003
1031229,1600,0.7011,0.7051,0.7007,0.7034
1031230,1600,0.7034,0.7062,0.7028,0.7054
1031231,1600,0.7057,0.7085,0.7029,0.7036
1040101,1600,0.7036,0.706,0.702,0.7044
1040102,1600,0.7042,0.7062,0.6999,0.7005
1040105,1600,0.7037,0.7058,0.7002,0.7017
1040106,1600,0.7016,0.702,0.6979,0.6984
1040107,1600,0.6984,0.6993,0.6941,0.6952
1040108,1600,0.6952,0.6967,0.6929,0.696
1040109,1600,0.696,0.6972,0.6923,0.6923
1040112,1600,0.6954,0.6962,0.6896,0.6898
1040113,1600,0.6902,0.6924,0.6889,0.6916
1040114,1600,0.6914,0.692,0.688,0.6903
1040115,1600,0.6901,0.6932,0.6891,0.6901
1040116,1600,0.6901,0.6905,0.687,0.6891
1040119,1600,0.6875,0.6944,0.6873,0.6923
1040120,1600,0.6925,0.6949,0.6903,0.6919
1040121,1600,0.6914,0.6932,0.6877,0.6905
1040122,1600,0.6906,0.6915,0.6882,0.6899
1040123,1600,0.6898,0.6928,0.6873,0.6891
1040126,1600,0.6893,0.6904,0.686,0.6876
1040127,1600,0.6875,0.6929,0.6865,0.6914
1040128,1600,0.6913,0.6916,0.6839,0.685
1040129,1600,0.6851,0.6875,0.6819,0.6831
1040130,1600,0.6831,0.6856,0.6822,0.6833
1040202,1600,0.6834,0.6843,0.682,0.6822
1040203,1600,0.6823,0.6855,0.6812,0.6825
1040204,1600,0.6826,0.6848,0.681,0.6842
1040205,1600,0.6837,0.6865,0.6833,0.6842
1040206,1600,0.6839,0.6886,0.6821,0.6873
1040209,1600,0.6857,0.6876,0.6812,0.6823
1040210,1600,0.6822,0.6845,0.6771,0.6787
1040211,1600,0.6791,0.6805,0.6767,0.6776
1040212,1600,0.6774,0.6786,0.6759,0.677
1040213,1600,0.6767,0.6791,0.6726,0.6746
1040216,1600,0.6753,0.6768,0.6743,0.6754
1040217,1600,0.6756,0.6776,0.6728,0.6746
1040218,1600,0.6749,0.6761,0.671,0.6723
1040219,1600,0.6725,0.6737,0.6698,0.6714
1040220,1600,0.6715,0.6743,0.67,0.6727
1040223,1600,0.6723,0.6762,0.6717,0.6724
1040224,1600,0.6724,0.6734,0.6702,0.6704
1040225,1600,0.6705,0.6719,0.6653,0.6672
1040226,1600,0.6674,0.6694,0.6656,0.6678
1040227,1600,0.6678,0.6715,0.6669,0.6677
1040301,1600,0.6685,0.6693,0.6663,0.668
1040302,1600,0.666,0.6679,0.6631,0.6638
1040303,1600,0.6634,0.6679,0.6608,0.6669
1040304,1600,0.6668,0.6706,0.664,0.6692
1040305,1600,0.669,0.6737,0.6681,0.6697
1040308,1600,0.6696,0.6715,0.6669,0.6704
1040309,1600,0.6702,0.6769,0.6692,0.6745
1040310,1600,0.6744,0.6793,0.6727,0.6781
1040311,1600,0.6779,0.6826,0.6771,0.682
1040312,1600,0.6819,0.6844,0.677,0.6772
1040315,1600,0.6788,0.682,0.6771,0.6797
1040316,1600,0.6798,0.6815,0.6751,0.6762
1040317,1600,0.6756,0.6772,0.6724,0.6731
1040318,1600,0.6728,0.6761,0.6709,0.6746
1040319,1600,0.6748,0.6761,0.6694,0.6695
1040322,1600,0.6692,0.6706,0.6672,0.6677
1040323,1600,0.6681,0.6693,0.665,0.6664
1040324,1600,0.6662,0.6674,0.6636,0.6648
1040325,1600,0.6646,0.6734,0.664,0.6711
1040326,1600,0.6711,0.6718,0.6667,0.6671
1040329,1600,0.6679,0.6689,0.6659,0.6682
1040330,1600,0.6682,0.67,0.6655,0.6664
1040331,1600,0.6663,0.6696,0.6653,0.6678
1040401,1600,0.6673,0.6678,0.6634,0.6661
1040402,1600,0.6655,0.6672,0.6612,0.6631
1040405,1600,0.6621,0.665,0.658,0.6583
1040406,1600,0.6585,0.66,0.6564,0.6576
1040407,1600,0.6576,0.662,0.6556,0.6609
1040408,1600,0.6607,0.6623,0.6581,0.6594
1040409,1600,0.6595,0.6606,0.6585,0.6589
1040412,1600,0.6592,0.6592,0.6557,0.6566
1040413,1600,0.6564,0.6578,0.6546,0.6564
1040414,1600,0.6561,0.6686,0.6557,0.6673
1040415,1600,0.6671,0.6702,0.6661,0.6688
1040416,1600,0.6688,0.6711,0.6647,0.6678
1040419,1600,0.6679,0.6681,0.6638,0.6643
1040420,1600,0.6688,0.6711,0.6627,0.663
1040421,1600,0.6633,0.6697,0.6628,0.667
1040422,1600,0.667,0.6723,0.6662,0.6712
1040423,1600,0.6711,0.6723,0.6666,0.6687
1040426,1600,0.6659,0.6668,0.6626,0.6637
1040427,1600,0.6633,0.6668,0.6623,0.6656
1040428,1600,0.6657,0.6685,0.6638,0.6684
1040429,1600,0.6683,0.6753,0.6672,0.6739
1040430,1600,0.674,0.6762,0.6729,0.6735
1040503,1600,0.6736,0.6759,0.6728,0.6736
1040504,1600,0.6736,0.6756,0.6716,0.6737
1040505,1600,0.6737,0.6796,0.6729,0.6789
1040506,1600,0.6785,0.6793,0.6719,0.6729
1040507,1600,0.6722,0.6743,0.6636,0.6636
1040510,1600,0.6654,0.6683,0.6638,0.6665
1040511,1600,0.6665,0.6764,0.6664,0.6749
1040512,1600,0.6749,0.6749,0.6686,0.671
1040513,1600,0.6714,0.6733,0.6695,0.67
1040514,1600,0.6703,0.6757,0.6702,0.6753
1040517,1600,0.6756,0.6814,0.675,0.6786
1040518,1600,0.6788,0.6808,0.6751,0.6762
1040519,1600,0.6761,0.6776,0.672,0.6732
1040520,1600,0.6734,0.6756,0.6709,0.6728
1040521,1600,0.6728,0.6744,0.6695,0.6719
1040524,1600,0.6702,0.671,0.6674,0.6695
1040525,1600,0.6694,0.6708,0.6667,0.6675
1040526,1600,0.6673,0.6685,0.6659,0.667
1040527,1600,0.6667,0.669,0.665,0.6679
1040528,1600,0.6679,0.6682,0.665,0.6662
1040531,1600,0.6665,0.6668,0.664,0.6655
1040601,1600,0.6655,0.667,0.6641,0.6651
1040602,1600,0.665,0.6673,0.664,0.666
1040603,1600,0.6659,0.667,0.6629,0.6643
1040604,1600,0.6641,0.668,0.6632,0.6669
1040607,1600,0.6679,0.6709,0.6668,0.669
1040608,1600,0.6691,0.67,0.6659,0.6663
1040609,1600,0.6664,0.6673,0.6576,0.6586
1040610,1600,0.6583,0.6621,0.6561,0.657
1040611,1600,0.6572,0.6613,0.6543,0.6615
1040614,1600,0.6578,0.6656,0.6578,0.6645
1040615,1600,0.6641,0.6662,0.6627,0.6635
1040616,1600,0.6632,0.6638,0.656,0.6578
1040617,1600,0.6578,0.658,0.6549,0.6558
1040618,1600,0.6557,0.6608,0.6546,0.66
1040621,1600,0.6599,0.6615,0.6584,0.6613
1040622,1600,0.6614,0.6654,0.6599,0.6651
1040623,1600,0.6653,0.668,0.6637,0.6651
1040624,1600,0.665,0.6693,0.6643,0.6675
1040625,1600,0.6674,0.6678,0.6649,0.6669
1040628,1600,0.6658,0.667,0.6647,0.6657
1040629,1600,0.6657,0.6709,0.6654,0.6686
1040630,1600,0.6683,0.672,0.6677,0.6689
1040701,1600,0.6689,0.6707,0.6672,0.6679
1040702,1600,0.6678,0.673,0.6671,0.6723
1040705,1600,0.6721,0.6723,0.6697,0.6713
1040706,1600,0.6713,0.6722,0.6665,0.6673
1040707,1600,0.6673,0.6692,0.6655,0.6669
1040708,1600,0.6666,0.67,0.6659,0.6691
1040709,1600,0.6695,0.6696,0.6665,0.6667
1040712,1600,0.6667,0.6678,0.6647,0.666
1040713,1600,0.666,0.6668,0.6629,0.6637
1040714,1600,0.6638,0.6684,0.6631,0.6671
1040715,1600,0.6669,0.6683,0.6657,0.6663
1040716,1600,0.6668,0.6681,0.6635,0.6647
1040719,1600,0.664,0.6662,0.6628,0.6656
1040720,1600,0.6657,0.6685,0.6648,0.6656
1040721,1600,0.6656,0.6677,0.6646,0.6664
1040722,1600,0.6663,0.6674,0.6635,0.6643
1040723,1600,0.6638,0.6656,0.6597,0.6602
1040726,1600,0.6602,0.6616,0.6587,0.6589
1040727,1600,0.6591,0.6627,0.6581,0.6616
1040728,1600,0.6616,0.6627,0.6599,0.6602
1040729,1600,0.6606,0.6647,0.6599,0.6617
1040730,1600,0.6618,0.6646,0.6589,0.6591
1040802,1600,0.6614,0.6624,0.6575,0.6588
1040803,1600,0.659,0.6621,0.6574,0.6601
1040804,1600,0.6601,0.6609,0.6587,0.6604
1040805,1600,0.6603,0.6616,0.6595,0.6605
1040806,1600,0.6608,0.6675,0.6598,0.6661
1040809,1600,0.666,0.667,0.6648,0.6663
1040810,1600,0.6664,0.6701,0.6658,0.669
1040811,1600,0.669,0.6697,0.667,0.6672
1040812,1600,0.667,0.6725,0.6666,0.6711
1040813,1600,0.6711,0.6723,0.6672,0.6672
1040816,1600,0.6712,0.6718,0.6686,0.671
1040817,1600,0.6709,0.6759,0.6706,0.6752
1040818,1600,0.6752,0.6768,0.6741,0.6765
1040819,1600,0.676,0.6781,0.6741,0.675
1040820,1600,0.6749,0.6779,0.6739,0.6765
1040823,1600,0.6769,0.6781,0.6708,0.6713
1040824,1600,0.6716,0.6755,0.6711,0.6739
1040825,1600,0.674,0.6741,0.6719,0.6725
1040826,1600,0.6727,0.6742,0.6713,0.6733
1040827,1600,0.6736,0.6741,0.6698,0.6709
1040830,1600,0.6707,0.6733,0.6699,0.6711
1040831,1600,0.6708,0.677,0.6707,0.6753
1040901,1600,0.6753,0.6806,0.6749,0.6793
1040902,1600,0.6795,0.6808,0.6778,0.6792
1040903,1600,0.6789,0.6814,0.6779,0.6785
1040906,1600,0.6793,0.6795,0.6766,0.6773
1040907,1600,0.6774,0.6829,0.676,0.6814
1040908,1600,0.6815,0.6821,0.6782,0.6818
1040909,1600,0.6816,0.6842,0.6811,0.6838
1040910,1600,0.6837,0.685,0.6812,0.6814
1040913,1600,0.683,0.6834,0.6791,0.6819
1040914,1600,0.682,0.6825,0.6806,0.6817
1040915,1600,0.6818,0.6853,0.6811,0.684
1040916,1600,0.684,0.684,0.6778,0.6795
1040917,1600,0.6794,0.6805,0.6785,0.6799
1040920,1600,0.679,0.6817,0.6785,0.681
1040921,1600,0.6812,0.6866,0.681,0.686
1040922,1600,0.686,0.6865,0.6822,0.6834
1040923,1600,0.6836,0.6847,0.6817,0.6822
1040924,1600,0.6823,0.6838,0.6785,0.6797
1040927,1600,0.68,0.6812,0.6783,0.6792
1040928,1600,0.6791,0.6805,0.6781,0.6792
1040929,1600,0.6791,0.6855,0.6788,0.6851
1040930,1600,0.685,0.6876,0.684,0.6857
1041001,1600,0.6854,0.6913,0.6852,0.6882
1041004,1600,0.6896,0.6906,0.687,0.6886
1041005,1600,0.6886,0.6912,0.6863,0.6907
1041006,1600,0.6906,0.6915,0.6871,0.6899
1041007,1600,0.6894,0.6911,0.6887,0.6897
1041008,1600,0.6898,0.6924,0.6886,0.6908
1041011,1600,0.6915,0.6915,0.688,0.6881
1041012,1600,0.6882,0.6896,0.6873,0.6877
1041013,1600,0.6876,0.6885,0.685,0.6883
1041014,1600,0.6882,0.6903,0.6855,0.6894
1041015,1600,0.6892,0.6923,0.6884,0.6912
1041018,1600,0.6916,0.6955,0.691,0.6943
1041019,1600,0.6943,0.6955,0.693,0.6937
1041020,1600,0.6938,0.6964,0.6916,0.6923
1041021,1600,0.692,0.6929,0.6889,0.6904
1041022,1600,0.6904,0.6942,0.6892,0.6934
1041025,1600,0.6953,0.6958,0.6937,0.6952
1041026,1600,0.6948,0.6967,0.6937,0.6951
1041027,1600,0.695,0.6955,0.6932,0.6948
1041029,1600,0.6947,0.6973,0.6929,0.6959
1041101,1600,0.6965,0.6969,0.6946,0.6953
1041102,1600,0.6951,0.6951,0.6896,0.6912
1041103,1600,0.6911,0.694,0.69,0.6937
1041104,1600,0.6939,0.6993,0.693,0.698
1041105,1600,0.698,0.6993,0.6967,0.6988
1041108,1600,0.6984,0.6998,0.6952,0.6959
1041109,1600,0.6958,0.6976,0.694,0.6948
1041110,1600,0.6948,0.7001,0.6944,0.6974
1041111,1600,0.6975,0.7008,0.697,0.7002
1041112,1600,0.7002,0.7012,0.6975,0.6975
1041115,1600,0.6996,0.7014,0.6978,0.7004
1041116,1600,0.7006,0.7015,0.6983,0.6991
1041117,1600,0.6991,0.7023,0.6988,0.701
1041118,1600,0.701,0.7029,0.6994,0.7002
1041119,1600,0.7,0.703,0.6992,0.7007
1041122,1600,0.7009,0.703,0.7004,0.701
1041123,1600,0.7011,0.7014,0.6984,0.7007
1041124,1600,0.7007,0.7011,0.6989,0.7003
1041125,1600,0.7001,0.7018,0.6991,0.7006
1041126,1600,0.7007,0.702,0.6987,0.7018
1041129,1600,0.7013,0.7029,0.6998,0.7007
1041130,1600,0.7007,0.7023,0.6946,0.696
1041201,1600,0.6963,0.6964,0.6884,0.6903
1041202,1600,0.6904,0.6911,0.6872,0.6891
1041203,1600,0.6892,0.6929,0.689,0.6926
1041206,1600,0.6917,0.6928,0.6905,0.6911
1041207,1600,0.6915,0.6919,0.6893,0.6904
1041208,1600,0.6903,0.691,0.6869,0.6887
1041209,1600,0.6889,0.6941,0.6883,0.6915
1041210,1600,0.6915,0.6924,0.6898,0.6909
1041213,1600,0.6915,0.6932,0.6908,0.6922
1041214,1600,0.6923,0.6926,0.689,0.6902
1041215,1600,0.6902,0.6914,0.6892,0.6899
1041216,1600,0.6899,0.6912,0.685,0.6859
1041217,1600,0.6859,0.6865,0.6841,0.6848
1041220,1600,0.6852,0.6885,0.6848,0.6876
1041221,1600,0.6872,0.6945,0.687,0.6928
1041222,1600,0.6928,0.6999,0.692,0.699
1041223,1600,0.699,0.7037,0.6983,0.7021
1041224,1600,0.702,0.7055,0.7015,0.7048
1041227,1600,0.7028,0.7059,0.7024,0.704
1041228,1600,0.704,0.706,0.702,0.7052
1041229,1600,0.7052,0.7105,0.704,0.7092
1041230,1600,0.7092,0.7097,0.7074,0.7083
1041231,1600,0.7083,0.7084,0.7048,0.7062
1050103,1600,0.7074,0.7094,0.7047,0.7071
1050104,1600,0.7068,0.7075,0.7047,0.7051
1050105,1600,0.7051,0.7067,0.7023,0.7042
1050106,1600,0.7037,0.705,0.7016,0.7024
1050107,1600,0.7024,0.7033,0.6972,0.6986
1050110,1600,0.6983,0.6995,0.6968,0.6981
1050111,1600,0.6982,0.7012,0.6975,0.698
1050112,1600,0.698,0.7025,0.6978,0.7011
1050113,1600,0.7011,0.7034,0.6997,0.7021
1050114,1600,0.7017,0.7027,0.6991,0.6992
1050117,1600,0.7003,0.7038,0.6997,0.7025
1050118,1600,0.7024,0.7025,0.6969,0.6985
1050119,1600,0.6984,0.6984,0.6939,0.6948
1050120,1600,0.6948,0.6961,0.6914,0.6927
1050121,1600,0.6928,0.6979,0.6916,0.6945
1050124,1600,0.6945,0.6959,0.6936,0.6941
1050125,1600,0.6938,0.6963,0.6924,0.6957
1050126,1600,0.6957,0.6958,0.6923,0.6948
1050127,1600,0.6948,0.6956,0.6894,0.6896
1050128,1600,0.6896,0.6927,0.6895,0.6905
1050131,1600,0.6902,0.6937,0.6897,0.6924
1050201,1600,0.6925,0.6936,0.6914,0.6926
1050202,1600,0.6927,0.6946,0.6901,0.6914
1050203,1600,0.6913,0.6916,0.6886,0.689
1050204,1600,0.6891,0.6897,0.685,0.6858
1050207,1600,0.6861,0.6879,0.6845,0.687
1050208,1600,0.6868,0.6892,0.6861,0.6886
1050209,1600,0.6887,0.6893,0.6853,0.6888
1050210,1600,0.6889,0.6899,0.6867,0.689
1050211,1600,0.6893,0.6906,0.6875,0.6878
1050214,1600,0.6894,0.6898,0.6858,0.6872
1050215,1600,0.6872,0.6888,0.6859,0.6867
1050216,1600,0.6867,0.6925,0.6864,0.6911
1050217,1600,0.6911,0.692,0.6889,0.6898
1050218,1600,0.6898,0.6908,0.6867,0.6868
1050221,1600,0.6899,0.6902,0.6876,0.6885
1050222,1600,0.6886,0.6941,0.688,0.6938
1050223,1600,0.6933,0.6946,0.6912,0.6923
1050224,1600,0.6923,0.6962,0.6903,0.6908
1050225,1600,0.691,0.6917,0.6882,0.6886
1050228,1600,0.69,0.6907,0.6877,0.6886
1050301,1600,0.6885,0.6888,0.6858,0.6863
1050302,1600,0.686,0.6872,0.6855,0.6864
1050303,1600,0.6866,0.6887,0.686,0.6871
1050304,1600,0.6871,0.6892,0.6868,0.6891
1050307,1600,0.6878,0.6904,0.673,0.6902
1050308,1600,0.6902,0.6921,0.6884,0.6918
1050309,1600,0.6921,0.6962,0.6913,0.6957
1050310,1600,0.6956,0.6992,0.6952,0.6983
1050311,1600,0.6983,0.6995,0.6972,0.6986
1050314,1600,0.6985,0.6995,0.6971,0.6982
1050315,1600,0.6981,0.6987,0.6945,0.6952
1050316,1600,0.6955,0.6969,0.6941,0.6957
1050317,1600,0.6957,0.6969,0.6941,0.6948
1050318,1600,0.6948,0.6957,0.6923,0.6925
1050321,1600,0.6932,0.6952,0.6914,0.6939
1050322,1600,0.6939,0.6955,0.6928,0.6933
1050323,1600,0.6934,0.696,0.6924,0.6945
1050324,1600,0.6944,0.6959,0.6916,0.6918
1050325,1600,0.6921,0.6934,0.6916,0.693
1050328,1600,0.6925,0.6937,0.6894,0.6908
1050329,1600,0.6906,0.6928,0.6883,0.6894
1050330,1600,0.6894,0.6903,0.6871,0.6877
1050331,1600,0.6877,0.6894,0.6851,0.686
1050401,1600,0.6862,0.6877,0.685,0.6856
1050404,1600,0.6857,0.6877,0.6843,0.6846
1050405,1600,0.6846,0.6848,0.6825,0.6836
1050406,1600,0.6839,0.6856,0.6831,0.6845
1050407,1600,0.6846,0.6883,0.684,0.6867
1050408,1600,0.6867,0.6868,0.6849,0.6849
1050411,1600,0.6862,0.6869,0.685,0.6859
1050412,1600,0.6857,0.6867,0.6822,0.6823
1050413,1600,0.6827,0.6838,0.6806,0.6815
1050414,1600,0.6816,0.6824,0.68,0.6802
1050415,1600,0.6805,0.6831,0.6792,0.6792
1050418,1600,0.6818,0.6845,0.6812,0.6834
1050419,1600,0.6834,0.6847,0.6794,0.6811
1050420,1600,0.6811,0.6825,0.6799,0.6821
1050421,1600,0.6822,0.6855,0.6816,0.6833
1050422,1600,0.6833,0.6839,0.6813,0.6817
1050425,1600,0.681,0.6813,0.6781,0.6795
1050426,1600,0.6797,0.6818,0.6788,0.6809
1050427,1600,0.6809,0.6813,0.6781,0.6783
1050428,1600,0.6787,0.6794,0.6753,0.6759
1050429,1600,0.6764,0.6779,0.6738,0.6744
1050502,1600,0.6742,0.6789,0.6735,0.6779
1050503,1600,0.6778,0.6817,0.6774,0.6801
1050504,1600,0.6805,0.6823,0.6798,0.6803
1050505,1600,0.6803,0.6822,0.6788,0.6808
1050506,1600,0.6805,0.6829,0.675,0.6767
1050509,1600,0.6776,0.6824,0.6775,0.682
1050510,1600,0.6818,0.6842,0.6812,0.6831
1050511,1600,0.6833,0.6844,0.6816,0.6837
1050512,1600,0.6838,0.6846,0.6795,0.68
1050513,1600,0.6801,0.683,0.6791,0.6828
1050516,1600,0.6817,0.6881,0.6812,0.6868
1050517,1600,0.687,0.6879,0.6862,0.687
1050518,1600,0.6871,0.6894,0.6865,0.6892
1050519,1600,0.6891,0.6897,0.6867,0.6881
1050520,1600,0.6884,0.6887,0.6864,0.6864
1050523,1600,0.6871,0.6881,0.6856,0.687
1050524,1600,0.6868,0.6886,0.6863,0.6877
1050525,1600,0.6879,0.6886,0.6869,0.6874
1050526,1600,0.6876,0.6886,0.6863,0.6873
1050527,1600,0.6873,0.6903,0.686,0.6885
1050530,1600,0.6869,0.6881,0.6833,0.6843
1050531,1600,0.6842,0.6847,0.6763,0.677
1050601,1600,0.6771,0.6776,0.6723,0.6736
1050602,1600,0.6737,0.6763,0.6729,0.6756
1050603,1600,0.6754,0.6763,0.6732,0.6739
1050606,1600,0.6741,0.6753,0.6714,0.672
1050607,1600,0.6716,0.6729,0.6682,0.6696
1050608,1600,0.6696,0.6716,0.6689,0.6706
1050609,1600,0.6704,0.6719,0.6692,0.6715
1050610,1600,0.6714,0.6719,0.6675,0.6686
1050613,1600,0.6684,0.6708,0.6673,0.6699
1050614,1600,0.67,0.6726,0.6652,0.6657
1050615,1600,0.6657,0.6671,0.6634,0.6644
1050616,1600,0.6648,0.6654,0.6629,0.6636
1050617,1600,0.6636,0.6713,0.6632,0.6699
1050620,1600,0.6685,0.6702,0.665,0.6664
1050621,1600,0.6665,0.6668,0.6638,0.6657
1050622,1600,0.6656,0.6686,0.6645,0.6655
1050623,1600,0.6655,0.666,0.6612,0.6624
1050624,1600,0.6625,0.664,0.6614,0.6625
1050627,1600,0.6639,0.6662,0.6639,0.6651
1050628,1600,0.6659,0.6662,0.6636,0.6637
1050629,1600,0.6636,0.6696,0.6624,0.6684
1050630,1600,0.6687,0.676,0.6678,0.675
1050701,1600,0.6746,0.6796,0.6743,0.6745
1050704,1600,0.6767,0.6782,0.6753,0.6764
1050705,1600,0.6763,0.6789,0.6756,0.6785
1050706,1600,0.6784,0.6811,0.6773,0.6808
1050707,1600,0.6808,0.6887,0.6797,0.6853
1050708,1600,0.6853,0.6894,0.6842,0.6886
1050711,1600,0.6884,0.69,0.6862,0.6866
1050712,1600,0.6868,0.6896,0.6864,0.688
1050713,1600,0.688,0.691,0.6844,0.6848
1050714,1600,0.6847,0.689,0.684,0.6876
1050715,1600,0.6876,0.6889,0.6855,0.6877
1050718,1600,0.6867,0.6911,0.6863,0.6898
1050719,1600,0.6897,0.6928,0.687,0.6927
1050720,1600,0.6926,0.6988,0.692,0.6981
1050721,1600,0.6981,0.6981,0.6927,0.6931
1050722,1600,0.6934,0.6963,0.6927,0.6942
1050725,1600,0.6933,0.6947,0.6895,0.6907
1050726,1600,0.6907,0.6919,0.6891,0.6917
1050727,1600,0.6914,0.6926,0.6888,0.6922
1050728,1600,0.6921,0.6927,0.6892,0.6914
1050729,1600,0.6905,0.6928,0.6883,0.692
1050801,1600,0.6906,0.6918,0.6883,0.6889
1050802,1600,0.6886,0.69,0.688,0.6883
1050803,1600,0.6882,0.6941,0.6875,0.6935
1050804,1600,0.6935,0.6958,0.6926,0.6952
1050805,1600,0.6952,0.7019,0.6936,0.7019
1050808,1600,0.6945,0.6955,0.6912,0.6918
1050809,1600,0.6918,0.6938,0.6914,0.692
1050810,1600,0.6921,0.6924,0.6882,0.6894
1050811,1600,0.6894,0.6902,0.6868,0.688
1050812,1600,0.6875,0.6887,0.684,0.6845
1050815,1600,0.6858,0.686,0.6821,0.6833
1050816,1600,0.6834,0.6834,0.6806,0.6824
1050817,1600,0.6825,0.6831,0.6788,0.6795
1050818,1600,0.6795,0.6806,0.6771,0.6783
1050819,1600,0.6787,0.6798,0.6765,0.6766
1050822,1600,0.6771,0.6797,0.6764,0.6791
1050823,1600,0.6791,0.681,0.6778,0.6788
1050824,1600,0.6791,0.6817,0.678,0.6815
1050825,1600,0.6815,0.6827,0.6806,0.6824
1050826,1600,0.6823,0.6829,0.6808,0.6821
1050829,1600,0.6818,0.6827,0.6801,0.6808
1050830,1600,0.6809,0.6844,0.6804,0.6841
1050831,1600,0.6839,0.6851,0.6825,0.6839
1050901,1600,0.6839,0.6849,0.6802,0.6811
1050902,1600,0.6814,0.6843,0.6784,0.6788
1050905,1600,0.6815,0.682,0.6779,0.6797
1050906,1600,0.6797,0.6797,0.6759,0.6765
1050907,1600,0.6764,0.6792,0.6754,0.6757
1050908,1600,0.6758,0.677,0.6738,0.6744
1050909,1600,0.675,0.6767,0.674,0.6752
1050912,1600,0.6733,0.6753,0.6712,0.6747
1050913,1600,0.6746,0.6757,0.6724,0.6734
1050914,1600,0.6734,0.6739,0.6721,0.6734
1050915,1600,0.6734,0.6772,0.6716,0.6768
1050916,1600,0.6767,0.6787,0.6757,0.6765
1050919,1600,0.6746,0.6754,0.6722,0.6728
1050920,1600,0.6732,0.675,0.6726,0.6739
1050922,1600,0.6751,0.6798,0.6742,0.6781
1050923,1600,0.6781,0.6795,0.6771,0.6783
1050926,1600,0.6785,0.6798,0.6774,0.6785
1050927,1600,0.6786,0.6806,0.6782,0.6796
1050928,1600,0.6798,0.6821,0.6787,0.6816
1050929,1600,0.6815,0.6834,0.6808,0.6834
1050930,1600,0.6834,0.6839,0.6807,0.6814
1051003,1600,0.682,0.6822,0.678,0.6785
1051004,1600,0.6792,0.6793,0.6769,0.6775
1051005,1600,0.6774,0.6796,0.677,0.679
1051006,1600,0.679,0.685,0.6785,0.6846
1051007,1600,0.6848,0.6888,0.6842,0.688
1051010,1600,0.689,0.6899,0.6865,0.6868
1051011,1600,0.6869,0.688,0.6856,0.6863
1051012,1600,0.6866,0.6874,0.6855,0.6861
1051013,1600,0.6861,0.6867,0.6821,0.6848
1051014,1600,0.6848,0.686,0.682,0.6828
1051017,1600,0.6834,0.6867,0.6827,0.6852
1051018,1600,0.6853,0.6859,0.6822,0.6834
1051019,1600,0.6834,0.6837,0.6787,0.6789
1051020,1600,0.6787,0.6801,0.676,0.6773
1051021,1600,0.6772,0.6788,0.6745,0.6745
1051024,1600,0.676,0.6782,0.6748,0.6769
1051025,1600,0.6768,0.6788,0.6758,0.6788
1051026,1600,0.6787,0.6807,0.6777,0.6791
1051027,1600,0.6791,0.6812,0.6778,0.6804
1051028,1600,0.6803,0.6823,0.6791,0.6804
1051031,1600,0.6793,0.6798,0.6759,0.6776
1051101,1600,0.6777,0.6814,0.6764,0.6811
1051102,1600,0.6811,0.6816,0.6787,0.6793
1051103,1600,0.679,0.6802,0.6738,0.6746
1051104,1600,0.6745,0.6775,0.674,0.6748
1051107,1600,0.6751,0.6774,0.6744,0.6762
1051108,1600,0.6762,0.6768,0.6741,0.6752
1051109,1600,0.6751,0.6763,0.6738,0.675
1051110,1600,0.6751,0.6755,0.6706,0.6709
1051111,1600,0.6709,0.6743,0.6704,0.6732
1051114,1600,0.6733,0.6744,0.6718,0.6725
1051115,1600,0.6727,0.6759,0.672,0.6754
1051116,1600,0.6754,0.6809,0.675,0.6792
1051117,1600,0.6793,0.6838,0.6781,0.6829
1051118,1600,0.683,0.6863,0.6812,0.6856
1051121,1600,0.6856,0.6876,0.6819,0.6837
1051122,1600,0.6838,0.6862,0.6826,0.6862
1051123,1600,0.6863,0.6868,0.6837,0.6854
1051124,1600,0.6856,0.686,0.683,0.6838
1051125,1600,0.6837,0.6844,0.6808,0.6813
1051128,1600,0.6832,0.6866,0.6825,0.6853
1051129,1600,0.6854,0.6863,0.6834,0.6853
1051130,1600,0.6853,0.6856,0.6799,0.6819
1051201,1600,0.6818,0.6819,0.6756,0.6773
1051202,1600,0.6774,0.6778,0.6748,0.676
1051205,1600,0.6763,0.6777,0.6753,0.6765
1051206,1600,0.6766,0.6796,0.675,0.6771
1051207,1600,0.6769,0.6777,0.6749,0.6751
1051208,1600,0.6754,0.6767,0.6733,0.6742
1051209,1600,0.6744,0.6744,0.6723,0.674
1051212,1600,0.6731,0.6751,0.672,0.6735
1051213,1600,0.6735,0.6759,0.6727,0.6748
1051214,1600,0.675,0.6792,0.6748,0.6758
1051215,1600,0.6759,0.6789,0.6755,0.6777
1051216,1600,0.6779,0.6783,0.6765,0.6773
1051219,1600,0.679,0.6815,0.6775,0.6809
1051220,1600,0.6809,0.6816,0.6748,0.6756
1051221,1600,0.6758,0.6793,0.6752,0.6782
1051222,1600,0.6782,0.6839,0.6775,0.6832
1051223,1600,0.683,0.6854,0.6821,0.684
1051226,1600,0.6841,0.6857,0.682,0.6836
1051227,1600,0.6838,0.6852,0.6825,0.6849
1051228,1600,0.6851,0.6902,0.6843,0.6888
1051229,1600,0.6888,0.6898,0.6855,0.6869
1051230,1600,0.6868,0.6888,0.6844,0.687
1060102,1600,0.6873,0.6883,0.6853,0.6872
1060103,1600,0.6869,0.6896,0.6853,0.6883
1060104,1600,0.6882,0.6898,0.6861,0.6891
1060105,1600,0.6887,0.6908,0.6876,0.6896
1060106,1600,0.6895,0.6902,0.6852,0.6861
1060109,1600,0.6861,0.6862,0.6831,0.6842
1060110,1600,0.6842,0.6845,0.6824,0.6834
1060111,1600,0.6835,0.6884,0.6832,0.687
1060112,1600,0.687,0.6879,0.6826,0.6839
1060113,1600,0.6838,0.6844,0.681,0.6823
1060116,1600,0.6842,0.6863,0.683,0.6858
1060117,1600,0.6857,0.6876,0.6841,0.6851
1060118,1600,0.685,0.6873,0.6844,0.687
1060119,1600,0.687,0.6885,0.686,0.688
1060120,1600,0.688,0.6881,0.6842,0.6852
1060123,1600,0.6862,0.6891,0.6861,0.6884
1060124,1600,0.6887,0.689,0.6865,0.6876
1060125,1600,0.6876,0.6888,0.6852,0.6863
1060126,1600,0.6862,0.6867,0.6846,0.6856
1060127,1600,0.6856,0.6866,0.6834,0.6837
1060130,1600,0.684,0.6856,0.6828,0.6838
1060131,1600,0.6837,0.6848,0.6816,0.6829
1060201,1600,0.683,0.6833,0.6788,0.6796
1060202,1600,0.6796,0.6804,0.6785,0.6794
1060203,1600,0.6794,0.6825,0.6786,0.6822
1060206,1600,0.6823,0.6854,0.6818,0.6845
1060207,1600,0.6845,0.6869,0.6839,0.6864
1060208,1600,0.6865,0.6876,0.6854,0.687
1060209,1600,0.6869,0.6884,0.686,0.6873
1060210,1600,0.6873,0.6914,0.6818,0.6914
1060213,1600,0.6824,0.6842,0.6817,0.6831
1060214,1600,0.6831,0.6869,0.6827,0.6862
1060215,1600,0.6862,0.687,0.6823,0.6828
1060216,1600,0.6829,0.6855,0.6823,0.6844
1060217,1600,0.6844,0.6858,0.6832,0.6858
1060220,1600,0.6855,0.6862,0.6836,0.6839
1060221,1600,0.6835,0.6844,0.6813,0.6825
1060222,1600,0.6826,0.6834,0.6819,0.683
1060223,1600,0.683,0.6834,0.6797,0.6804
1060224,1600,0.6802,0.6813,0.6791,0.6801
1060227,1600,0.6802,0.6818,0.6796,0.6809
1060228,1600,0.6809,0.6819,0.6791,0.68
1060301,1600,0.6801,0.6813,0.6793,0.681
1060302,1600,0.6811,0.6866,0.6806,0.6864
1060303,1600,0.6864,0.6866,0.6843,0.6859
1060306,1600,0.6868,0.6872,0.685,0.6866
1060307,1600,0.6866,0.6869,0.6838,0.6845
1060308,1600,0.6846,0.6872,0.684,0.6865
1060309,1600,0.6864,0.6875,0.685,0.6856
1060310,1600,0.6857,0.6903,0.6849,0.6897
1060313,1600,0.6898,0.6923,0.6887,0.689
1060314,1600,0.6891,0.6904,0.6874,0.6878
1060315,1600,0.6878,0.6908,0.6877,0.6906
1060316,1600,0.6906,0.6932,0.6895,0.6929
1060317,1600,0.693,0.6948,0.6924,0.6937
1060320,1600,0.6938,0.6943,0.6922,0.6926
1060321,1600,0.6924,0.6948,0.6914,0.6922
1060322,1600,0.6922,0.6924,0.6902,0.6913
1060323,1600,0.6914,0.6926,0.6893,0.6901
1060324,1600,0.6903,0.6913,0.6891,0.6904
1060327,1600,0.6906,0.6908,0.6868,0.6876
1060328,1600,0.6876,0.6909,0.6869,0.6888
1060329,1600,0.6889,0.6937,0.688,0.6932
1060330,1600,0.6932,0.6966,0.6927,0.6963
1060331,1600,0.6963,0.6982,0.6958,0.6969
1060403,1600,0.6972,0.6988,0.6957,0.6975
1060404,1600,0.6974,0.6988,0.6963,0.6984
1060405,1600,0.6982,0.702,0.6964,0.7009
1060406,1600,0.7008,0.7016,0.6967,0.6972
1060407,1600,0.6972,0.6974,0.693,0.6939
1060410,1600,0.6945,0.6955,0.6933,0.6946
1060411,1600,0.6949,0.6969,0.6937,0.6941
1060412,1600,0.6941,0.6948,0.6905,0.6915
1060413,1600,0.6916,0.692,0.6897,0.691
1060414,1600,0.6911,0.6918,0.6903,0.6913
1060417,1600,0.6908,0.6933,0.6907,0.6921
1060418,1600,0.6923,0.6933,0.6905,0.693
1060419,1600,0.693,0.6934,0.6889,0.6905
1060420,1600,0.6906,0.6929,0.6898,0.692
1060421,1600,0.6921,0.6929,0.6903,0.6923
1060424,1600,0.6924,0.6939,0.6907,0.6931
1060425,1600,0.693,0.6955,0.6922,0.6951
1060426,1600,0.6951,0.6979,0.6944,0.6974
1060427,1600,0.6974,0.6981,0.6948,0.6955
1060428,1600,0.6954,0.6961,0.691,0.6918
1060501,1600,0.6914,0.6921,0.6885,0.6891
1060502,1600,0.6891,0.6899,0.685,0.6859
1060503,1600,0.6856,0.6878,0.6847,0.6861
1060504,1600,0.686,0.687,0.6836,0.6856
1060505,1600,0.6855,0.6864,0.6842,0.6844
1060508,1600,0.6838,0.6852,0.6832,0.6835
1060509,1600,0.6835,0.6847,0.6828,0.6834
1060510,1600,0.6834,0.6873,0.6832,0.6858
1060511,1600,0.6858,0.6866,0.6809,0.6818
1060512,1600,0.6818,0.6829,0.6791,0.6816
1060515,1600,0.6827,0.6827,0.6803,0.6815
1060516,1600,0.6812,0.6819,0.6799,0.6806
1060517,1600,0.6812,0.6813,0.6754,0.6768
1060518,1600,0.6769,0.6788,0.6748,0.6786
1060519,1600,0.6786,0.6814,0.6781,0.6797
1060522,1600,0.6795,0.6823,0.6782,0.6816
1060523,1600,0.6816,0.6832,0.6805,0.681
1060524,1600,0.6809,0.6841,0.68,0.6824
1060525,1600,0.6824,0.6838,0.6818,0.6828
1060526,1600,0.6828,0.6864,0.6824,0.6848
1060529,1600,0.6854,0.6863,0.6845,0.6855
1060530,1600,0.6853,0.6863,0.6826,0.6835
1060531,1600,0.6834,0.6866,0.6826,0.6845
1060601,1600,0.6845,0.6866,0.6841,0.6862
1060602,1600,0.6864,0.6877,0.6844,0.6844
1060605,1600,0.6861,0.6898,0.6858,0.6893
1060606,1600,0.6892,0.6897,0.687,0.6888
1060607,1600,0.6888,0.6894,0.6857,0.6893
1060608,1600,0.6892,0.6909,0.6856,0.6862
1060609,1600,0.6861,0.6873,0.6849,0.6865
1060612,1600,0.6858,0.6862,0.6822,0.6832
1060613,1600,0.6832,0.6842,0.6814,0.6839
1060614,1600,0.6839,0.6844,0.6824,0.6833
1060615,1600,0.6831,0.684,0.6808,0.683
1060616,1600,0.683,0.6834,0.6806,0.6806
1060619,1600,0.6822,0.6839,0.68,0.6831
1060620,1600,0.6831,0.6835,0.6803,0.6829
1060621,1600,0.6828,0.6866,0.6824,0.6859
1060622,1600,0.686,0.6883,0.6856,0.688
1060623,1600,0.688,0.6886,0.6865,0.6865
1060626,1600,0.6872,0.6907,0.6871,0.6903
1060627,1600,0.6903,0.6914,0.6898,0.6902
1060628,1600,0.6902,0.6916,0.6892,0.6899
1060629,1600,0.69,0.6932,0.689,0.6925
1060630,1600,0.6926,0.6945,0.6907,0.6907
1060703,1600,0.692,0.6956,0.6918,0.6945
1060704,1600,0.6946,0.6951,0.6924,0.6932
1060705,1600,0.6931,0.6943,0.6903,0.6935
1060706,1600,0.6936,0.6959,0.692,0.6952
1060707,1600,0.6952,0.6957,0.6914,0.6916
1060710,1600,0.6923,0.6933,0.6911,0.6913
1060711,1600,0.6913,0.693,0.6904,0.6919
1060712,1600,0.6919,0.6928,0.6886,0.6927
1060713,1600,0.6927,0.6928,0.6878,0.6881
1060714,1600,0.6882,0.6893,0.6857,0.6857
1060717,1600,0.6873,0.6891,0.6857,0.6877
1060718,1600,0.6877,0.6888,0.6836,0.6847
1060719,1600,0.6847,0.685,0.6829,0.6835
1060720,1600,0.6834,0.684,0.6821,0.683
1060721,1600,0.683,0.6841,0.6816,0.683
1060724,1600,0.6831,0.6832,0.6809,0.6824
1060725,1600,0.6823,0.6839,0.6823,0.6833
1060726,1600,0.6835,0.6859,0.6825,0.6854
1060727,1600,0.6853,0.6862,0.6823,0.683
1060728,1600,0.6831,0.6848,0.6814,0.6835
1060731,1600,0.6852,0.6853,0.6827,0.6837
1060801,1600,0.6837,0.6838,0.682,0.6833
1060802,1600,0.6831,0.6836,0.6809,0.681
1060803,1600,0.6809,0.6819,0.6768,0.6781
1060804,1600,0.678,0.6787,0.6741,0.6747
1060807,1600,0.6753,0.6757,0.6723,0.6728
1060808,1600,0.6729,0.6744,0.6719,0.6727
1060809,1600,0.6726,0.6756,0.6725,0.6752
1060810,1600,0.6752,0.6768,0.6741,0.6752
1060811,1600,0.6753,0.6755,0.6721,0.6722
1060814,1600,0.6727,0.6748,0.6724,0.6735
1060815,1600,0.6736,0.6754,0.6729,0.675
1060816,1600,0.675,0.6777,0.6748,0.6772
1060817,1600,0.6772,0.6809,0.6769,0.6805
1060818,1600,0.6805,0.6822,0.6797,0.6821
1060821,1600,0.6818,0.6828,0.6795,0.6803
1060822,1600,0.6804,0.6807,0.6774,0.678
1060823,1600,0.6781,0.6783,0.6749,0.6754
1060824,1600,0.6754,0.6779,0.6745,0.6758
1060825,1600,0.6758,0.678,0.6751,0.6757
1060828,1600,0.6759,0.6768,0.6737,0.6749
1060829,1600,0.6751,0.676,0.6729,0.6753
1060830,1600,0.6752,0.6761,0.6729,0.6738
1060831,1600,0.6738,0.6747,0.672,0.6725
1060901,1600,0.6729,0.6738,0.6721,0.6736
1060904,1600,0.6737,0.6757,0.6737,0.6746
1060905,1600,0.6746,0.677,0.6739,0.6766
1060906,1600,0.6766,0.6799,0.676,0.6795
1060907,1600,0.6794,0.6806,0.678,0.6786
1060908,1600,0.6786,0.6799,0.6782,0.6791
1060911,1600,0.6789,0.682,0.6783,0.6809
1060912,1600,0.6809,0.6813,0.6763,0.6767
1060913,1600,0.6766,0.6776,0.6758,0.6762
1060914,1600,0.6761,0.6765,0.6733,0.6743
1060915,1600,0.6743,0.6747,0.6726,0.6733
1060918,1600,0.6729,0.6758,0.6724,0.6754
1060919,1600,0.6756,0.6763,0.6725,0.6735
1060920,1600,0.6736,0.6739,0.6715,0.6722
1060921,1600,0.6721,0.6727,0.6702,0.6718
1060922,1600,0.6719,0.6739,0.6715,0.6728
1060925,1600,0.6726,0.673,0.6703,0.6706
1060926,1600,0.6707,0.6715,0.6683,0.6693
1060927,1600,0.6694,0.6733,0.6691,0.6725
1060928,1600,0.6724,0.6775,0.6722,0.6768
1060929,1600,0.6769,0.6791,0.676,0.676
1061002,1600,0.6774,0.6782,0.6747,0.6751
1061003,1600,0.6751,0.676,0.6736,0.6751
1061004,1600,0.6751,0.6755,0.673,0.6739
1061005,1600,0.6738,0.6762,0.6729,0.6757
1061006,1600,0.6756,0.6766,0.6713,0.6733
1061009,1600,0.6732,0.6761,0.6727,0.6747
1061010,1600,0.6745,0.6762,0.6739,0.6758
1061011,1600,0.6759,0.6767,0.6747,0.6751
1061012,1600,0.6751,0.676,0.6744,0.6754
1061013,1600,0.6755,0.6756,0.6729,0.6741
1061016,1600,0.6739,0.6744,0.6718,0.6733
1061017,1600,0.6732,0.6733,0.6699,0.6701
1061018,1600,0.6701,0.6715,0.6695,0.6712
1061019,1600,0.6712,0.6727,0.6701,0.6725
1061020,1600,0.6726,0.6732,0.6688,0.6696
1061023,1600,0.6698,0.6713,0.6694,0.6698
1061024,1600,0.6698,0.6714,0.6696,0.6702
1061025,1600,0.6703,0.6714,0.6693,0.6712
1061026,1600,0.6714,0.6722,0.6707,0.6713
1061027,1600,0.6714,0.672,0.6702,0.6711
1061030,1600,0.671,0.6711,0.6677,0.6694
1061031,1600,0.6694,0.6697,0.667,0.6689
1061101,1600,0.6688,0.6696,0.6675,0.6687
1061102,1600,0.6687,0.6699,0.668,0.6696
1061103,1600,0.6695,0.6699,0.6679,0.668
1061106,1600,0.6686,0.6707,0.6681,0.6702
1061107,1600,0.6702,0.6711,0.6694,0.6704
1061108,1600,0.6704,0.6712,0.6693,0.6697
1061109,1600,0.6697,0.6735,0.6693,0.6729
1061110,1600,0.673,0.674,0.6714,0.6728
1061113,1600,0.672,0.6745,0.6718,0.673
1061114,1600,0.6731,0.6764,0.6728,0.6757
1061115,1600,0.6757,0.6791,0.6753,0.6788
1061116,1600,0.6786,0.6794,0.6769,0.6772
1061117,1600,0.6772,0.6783,0.6757,0.6768
1061120,1600,0.6767,0.678,0.6749,0.6755
1061121,1600,0.6755,0.6764,0.6741,0.6762
1061122,1600,0.6759,0.6763,0.6742,0.6759
1061123,1600,0.6759,0.6773,0.6753,0.6759
1061124,1600,0.6759,0.678,0.6756,0.6771
1061127,1600,0.6781,0.6782,0.6767,0.6772
1061128,1600,0.6772,0.6777,0.6748,0.6757
1061129,1600,0.6758,0.6762,0.6737,0.6754
1061130,1600,0.6755,0.676,0.673,0.6737
1061201,1600,0.6737,0.6739,0.6715,0.673
1061204,1600,0.674,0.674,0.6719,0.673
1061205,1600,0.673,0.6755,0.673,0.6745
1061206,1600,0.6747,0.6761,0.674,0.6757
1061207,1600,0.6755,0.6774,0.6748,0.6766
1061208,1600,0.6766,0.6875,0.6722,0.6851
1061211,1600,0.6748,0.6773,0.6742,0.6759
1061212,1600,0.6758,0.6762,0.6729,0.6737
1061213,1600,0.6738,0.6742,0.6712,0.6716
1061214,1600,0.6716,0.6728,0.67,0.6703
1061215,1600,0.6704,0.671,0.6694,0.6701
1061218,1600,0.6698,0.6728,0.6691,0.6724
1061219,1600,0.6726,0.6726,0.6696,0.6699
1061220,1600,0.6699,0.6712,0.6695,0.6706
1061221,1600,0.6706,0.6719,0.67,0.6715
1061222,1600,0.6717,0.6723,0.6699,0.67
1061225,1600,0.67,0.6709,0.6637,0.6703
1061226,1600,0.6703,0.6715,0.6697,0.6702
1061227,1600,0.6703,0.6715,0.6698,0.6706
1061228,1600,0.6704,0.6714,0.6694,0.6698
1061229,1600,0.6698,0.6742,0.6695,0.6733
1070101,1600,0.6735,0.6743,0.6722,0.673
1070102,1600,0.673,0.6739,0.6723,0.6726
1070103,1600,0.6725,0.6761,0.6724,0.6744
1070104,1600,0.6744,0.6761,0.6727,0.6736
1070105,1600,0.6736,0.6753,0.6725,0.6727
1070108,1600,0.674,0.6741,0.6714,0.6718
1070109,1600,0.6718,0.6718,0.6695,0.67
1070110,1600,0.6699,0.6708,0.6688,0.6693
1070111,1600,0.6694,0.6703,0.6623,0.6631
1070112,1600,0.663,0.6636,0.659,0.6601
1070115,1600,0.6592,0.66,0.6576,0.6583
1070116,1600,0.6583,0.6605,0.658,0.6586
1070117,1600,0.6586,0.6591,0.656,0.6565
1070118,1600,0.6565,0.6573,0.6553,0.6563
1070119,1600,0.6564,0.6579,0.6552,0.656
1070122,1600,0.6565,0.657,0.6544,0.6549
1070123,1600,0.6549,0.6575,0.6534,0.6569
1070124,1600,0.6568,0.6603,0.6566,0.6586
1070125,1600,0.6586,0.6599,0.6577,0.6582
1070126,1600,0.6581,0.6596,0.6572,0.6584
1070129,1600,0.6587,0.6613,0.6585,0.6607
1070130,1600,0.6607,0.661,0.6581,0.6606
1070131,1600,0.6607,0.6642,0.6598,0.6632
1070201,1600,0.663,0.6637,0.6606,0.6617
1070202,1600,0.6617,0.6624,0.6585,0.6591
1070205,1600,0.6592,0.6612,0.6583,0.6593
1070206,1600,0.6594,0.6597,0.6572,0.6585
1070207,1600,0.6586,0.661,0.6582,0.6605
1070208,1600,0.6604,0.666,0.6594,0.6654
1070209,1600,0.6654,0.6681,0.6573,0.6573
1070212,1600,0.6663,0.6673,0.6648,0.6654
1070213,1600,0.6655,0.6702,0.6646,0.6696
1070214,1600,0.6696,0.6712,0.6683,0.6685
1070215,1600,0.6686,0.6736,0.668,0.6728
1070216,1600,0.6729,0.6744,0.672,0.6743
1070219,1600,0.6732,0.6755,0.6724,0.6741
1070220,1600,0.6739,0.6748,0.6714,0.6721
1070221,1600,0.6718,0.6744,0.6715,0.6724
1070222,1600,0.6724,0.6729,0.6698,0.6708
1070223,1600,0.6708,0.6711,0.6689,0.6709
1070226,1600,0.6708,0.6719,0.6698,0.6717
1070227,1600,0.6718,0.6752,0.6708,0.674
1070228,1600,0.674,0.6756,0.6728,0.6734
1070301,1600,0.6736,0.6752,0.6718,0.6727
1070302,1600,0.6727,0.6791,0.6724,0.6774
1070305,1600,0.6816,0.6839,0.6798,0.6813
1070306,1600,0.6811,0.6815,0.6781,0.6787
1070307,1600,0.6787,0.6832,0.6783,0.6827
1070308,1600,0.6827,0.6829,0.6794,0.6809
1070309,1600,0.6806,0.6817,0.6776,0.6789
1070312,1600,0.6772,0.6835,0.6768,0.6823
1070313,1600,0.6824,0.6846,0.6743,0.6835
1070314,1600,0.6842,0.6866,0.6818,0.6824
1070315,1600,0.6824,0.6855,0.6732,0.6849
1070316,1600,0.6849,0.6862,0.6758,0.6855
1070319,1600,0.6858,0.686,0.6829,0.6838
1070320,1600,0.6837,0.6842,0.6779,0.6786
1070321,1600,0.6787,0.6807,0.6774,0.6806
1070322,1600,0.6806,0.6806,0.6774,0.6784
1070323,1600,0.6784,0.6787,0.6767,0.6775
1070326,1600,0.677,0.6773,0.6752,0.6765
1070327,1600,0.6766,0.6801,0.6764,0.6793
1070328,1600,0.6792,0.6801,0.678,0.6783
1070329,1600,0.6782,0.6797,0.6774,0.6791
1070330,1600,0.6792,0.6844,0.6781,0.6787
1070402,1600,0.6786,0.6788,0.6753,0.6757
1070403,1600,0.6758,0.6765,0.6746,0.675
1070404,1600,0.675,0.6771,0.6749,0.6765
1070405,1600,0.6765,0.6815,0.6759,0.6811
1070406,1600,0.6811,0.6818,0.6735,0.6748
1070409,1600,0.6805,0.6818,0.6796,0.6806
1070410,1600,0.6806,0.682,0.6794,0.681
1070411,1600,0.6811,0.6811,0.6776,0.6798
1070412,1600,0.6798,0.6822,0.6796,0.681
1070413,1600,0.6812,0.6821,0.6804,0.6812
1070416,1600,0.6827,0.6828,0.6797,0.68
1070417,1600,0.6802,0.6805,0.675,0.6761
1070418,1600,0.676,0.6778,0.6752,0.6775
1070419,1600,0.6775,0.6801,0.6772,0.6799
1070420,1600,0.6798,0.6801,0.678,0.6783
1070423,1600,0.6782,0.6794,0.6772,0.6787
1070424,1600,0.6787,0.6814,0.6778,0.6808
1070425,1600,0.6808,0.6816,0.68,0.6812
1070426,1600,0.681,0.6834,0.68,0.6826
1070427,1600,0.6824,0.6841,0.681,0.6832
1070430,1600,0.6834,0.6836,0.6817,0.6825
1070501,1600,0.6824,0.6827,0.6799,0.6804
1070502,1600,0.6804,0.6835,0.6798,0.683
1070503,1600,0.6831,0.6836,0.6814,0.6816
1070504,1600,0.6816,0.6876,0.681,0.6853
1070507,1600,0.6818,0.6829,0.681,0.6821
1070508,1600,0.6822,0.6826,0.6791,0.6804
1070509,1600,0.6805,0.6808,0.678,0.6784
1070510,1600,0.6785,0.6816,0.6784,0.681
1070511,1600,0.6809,0.6829,0.68,0.6818
1070514,1600,0.6827,0.6846,0.6819,0.6841
1070515,1600,0.684,0.6854,0.6832,0.6843
1070516,1600,0.6844,0.6856,0.683,0.6836
1070517,1600,0.6837,0.6849,0.6827,0.6832
1070518,1600,0.6832,0.6846,0.6824,0.6839
1070521,1600,0.6845,0.6849,0.6822,0.6831
1070522,1600,0.6829,0.6831,0.6806,0.6809
1070523,1600,0.6809,0.6816,0.6772,0.6774
1070524,1600,0.6774,0.6776,0.676,0.6763
1070525,1600,0.6762,0.6783,0.6755,0.6777
1070528,1600,0.6779,0.6787,0.6775,0.6782
1070529,1600,0.6783,0.6808,0.6767,0.679
1070530,1600,0.6789,0.6801,0.6781,0.6794
1070531,1600,0.6794,0.681,0.679,0.6795
1070601,1600,0.6794,0.6798,0.6772,0.6783
1070604,1600,0.6778,0.6785,0.6766,0.6774
1070605,1600,0.6773,0.6788,0.6769,0.6781
1070606,1600,0.6783,0.679,0.677,0.6771
1070607,1600,0.6773,0.6798,0.6769,0.6787
1070608,1600,0.6786,0.6806,0.678,0.6787
1070611,1600,0.679,0.6794,0.6776,0.6781
1070612,1600,0.678,0.678,0.6734,0.6736
1070613,1600,0.6736,0.6751,0.6728,0.6745
1070614,1600,0.6745,0.6764,0.6742,0.6757
1070615,1600,0.6759,0.6777,0.675,0.6762
1070618,1600,0.677,0.6775,0.6749,0.676
1070619,1600,0.6762,0.6766,0.674,0.675
1070620,1600,0.6752,0.6759,0.672,0.6723
1070621,1600,0.6722,0.6726,0.6712,0.6718
1070622,1600,0.6718,0.6742,0.6716,0.6725
1070625,1600,0.6733,0.674,0.6721,0.6736
1070626,1600,0.6739,0.6739,0.6726,0.6729
1070627,1600,0.6728,0.6738,0.6722,0.6728
1070628,1600,0.6726,0.6736,0.6709,0.6715
1070629,1600,0.6714,0.6747,0.6707,0.6738
1070702,1600,0.674,0.6769,0.6731,0.6755
1070703,1600,0.6754,0.6756,0.6741,0.6747
1070704,1600,0.6746,0.676,0.6742,0.675
1070705,1600,0.6752,0.6773,0.6748,0.6758
1070706,1600,0.6758,0.6779,0.6755,0.6771
1070709,1600,0.6772,0.6777,0.6751,0.6759
1070710,1600,0.676,0.6796,0.675,0.6784
1070711,1600,0.6784,0.6787,0.676,0.6765
1070712,1600,0.6767,0.6794,0.6762,0.6791
1070713,1600,0.6792,0.6794,0.677,0.6773
1070716,1600,0.6772,0.6777,0.6757,0.6762
1070717,1600,0.6762,0.6769,0.673,0.6733
1070718,1600,0.6732,0.6743,0.6715,0.6722
1070719,1600,0.6722,0.675,0.6718,0.6733
1070720,1600,0.6734,0.6737,0.6712,0.6725
1070723,1600,0.673,0.6732,0.67,0.6702
1070724,1600,0.6702,0.6709,0.669,0.6704
1070725,1600,0.6704,0.6712,0.6678,0.6682
1070726,1600,0.6682,0.6717,0.6678,0.6711
1070727,1600,0.6712,0.6736,0.6704,0.6732
1070730,1600,0.6736,0.6768,0.673,0.6758
1070731,1600,0.6758,0.676,0.6722,0.6737
1070801,1600,0.6737,0.6754,0.6722,0.6729
1070802,1600,0.6729,0.6735,0.6719,0.6728
1070803,1600,0.6728,0.6756,0.672,0.6748
1070806,1600,0.677,0.6809,0.6756,0.6791
1070807,1600,0.6791,0.6816,0.6788,0.6794
1070808,1600,0.6795,0.6808,0.6769,0.6773
1070809,1600,0.6774,0.6778,0.6746,0.6758
1070810,1600,0.6757,0.6782,0.6748,0.6769
1070813,1600,0.6766,0.6793,0.6756,0.6762
1070814,1600,0.6764,0.6794,0.6756,0.6774
1070815,1600,0.6776,0.679,0.675,0.6757
1070816,1600,0.6757,0.6776,0.6745,0.6762
1070817,1600,0.6761,0.6812,0.6759,0.6806
1070820,1600,0.6813,0.6824,0.6773,0.6774
1070821,1600,0.6776,0.6817,0.6774,0.6792
1070822,1600,0.6794,0.68,0.6778,0.6791
1070823,1600,0.6791,0.6798,0.6758,0.6765
1070824,1600,0.6765,0.6794,0.676,0.6779
1070827,1600,0.6784,0.6789,0.6768,0.6787
1070828,1600,0.6786,0.6807,0.6783,0.6798
1070829,1600,0.6797,0.6797,0.6763,0.6778
1070830,1600,0.6778,0.6787,0.6764,0.677
1070831,1600,0.6772,0.6787,0.675,0.6761
1070903,1600,0.6758,0.6766,0.6739,0.6747
1070904,1600,0.6747,0.6766,0.6737,0.676
1070905,1600,0.6759,0.6772,0.6752,0.6757
1070906,1600,0.6758,0.6774,0.674,0.6761
1070907,1600,0.676,0.6798,0.676,0.6786
1070911,1600,0.6807,0.6817,0.6796,0.6804
1070912,1600,0.6804,0.6853,0.6802,0.6852
1070913,1600,0.6852,0.6873,0.6829,0.6872
1070914,1600,0.6872,0.6918,0.686,0.6907
1070917,1600,0.6912,0.696,0.6904,0.6954
1070918,1600,0.6953,0.6971,0.6932,0.6944
1070919,1600,0.6942,0.6994,0.693,0.698
1070920,1600,0.698,0.701,0.6976,0.7
1070921,1600,0.7,0.7018,0.6962,0.6979
1070924,1600,0.6971,0.6974,0.6952,0.6964
1070925,1600,0.6965,0.7013,0.6962,0.7006
1070926,1600,0.7005,0.7027,0.6994,0.7009
1070927,1600,0.7009,0.7015,0.6977,0.6982
1070928,1600,0.6982,0.7012,0.696,0.6967
1071001,1600,0.6974,0.6978,0.6949,0.6963
1071002,1600,0.6961,0.697,0.6924,0.6934
1071003,1600,0.6936,0.696,0.693,0.6934
1071004,1600,0.6935,0.695,0.6908,0.6931
1071005,1600,0.6931,0.6942,0.691,0.6921
1071008,1600,0.6926,0.693,0.6895,0.69
1071009,1600,0.6899,0.6934,0.6892,0.692
1071010,1600,0.6921,0.6937,0.6906,0.6924
1071011,1600,0.6926,0.6995,0.6926,0.6978
1071012,1600,0.6978,0.7005,0.6956,0.6963
1071015,1600,0.696,0.6988,0.6946,0.6953
1071016,1600,0.6952,0.6976,0.6949,0.6975
1071017,1600,0.6973,0.6985,0.696,0.6967
1071018,1600,0.6966,0.6994,0.6962,0.6991
1071019,1600,0.6992,0.6996,0.6959,0.6966
1071022,1600,0.6988,0.6994,0.6966,0.6975
1071023,1600,0.6975,0.698,0.6944,0.6952
1071024,1600,0.6952,0.6961,0.6935,0.6957
1071025,1600,0.6954,0.6986,0.6954,0.6982
1071026,1600,0.6985,0.7016,0.6978,0.7007
1071029,1600,0.7014,0.7017,0.6984,0.6992
1071030,1600,0.6992,0.6994,0.6964,0.6981
1071031,1600,0.6981,0.6983,0.6949,0.6955
1071101,1600,0.6956,0.6961,0.692,0.6941
1071102,1600,0.6941,0.696,0.6932,0.6948
1071105,1600,0.6947,0.6964,0.6934,0.6954
1071106,1600,0.6956,0.6979,0.6948,0.6975
1071107,1600,0.6975,0.6998,0.696,0.6962
1071108,1600,0.6963,0.6978,0.695,0.6962
1071109,1600,0.6961,0.7024,0.6958,0.7012
1071112,1600,0.7026,0.7077,0.7007,0.7069
1071113,1600,0.707,0.7078,0.7038,0.7044
1071114,1600,0.7044,0.7144,0.7042,0.7135
1071115,1600,0.7135,0.7163,0.7121,0.715
1071116,1600,0.715,0.7168,0.7132,0.7138
1071119,1600,0.714,0.7164,0.7126,0.7156
1071120,1600,0.7156,0.7181,0.7139,0.7176
1071121,1600,0.7176,0.7211,0.7169,0.7201
1071122,1600,0.7199,0.721,0.7176,0.7201
1071123,1600,0.7199,0.7238,0.7182,0.7238
1071126,1600,0.7174,0.7194,0.7154,0.7174
1071127,1600,0.7187,0.7194,0.716,0.7174
1071128,1600,0.7175,0.7179,0.7121,0.7136
1071129,1600,0.7136,0.7164,0.7129,0.7154
1071130,1600,0.7154,0.7163,0.7109,0.7122
1071203,1600,0.7125,0.7134,0.7088,0.7107
1071204,1600,0.7106,0.7179,0.7091,0.717
1071205,1600,0.7169,0.7239,0.7168,0.7199
1071206,1600,0.7199,0.7224,0.7176,0.7224
1071207,1600,0.7224,0.7229,0.7194,0.7224
1071210,1600,0.7206,0.721,0.718,0.7193
1071211,1600,0.7193,0.7214,0.7152,0.7201
1071212,1600,0.7202,0.7204,0.7163,0.7194
1071213,1600,0.7194,0.7208,0.7148,0.7159
1071214,1600,0.7159,0.7176,0.7138,0.7156
1071217,1600,0.7148,0.7155,0.7113,0.7127
1071218,1600,0.715,0.717,0.7129,0.7149
1071219,1600,0.7148,0.7204,0.7131,0.7203
1071220,1600,0.7203,0.7239,0.7194,0.7222
1071221,1600,0.7223,0.7253,0.7214,0.7244
1071224,1600,0.7246,0.729,0.7246,0.7277
1071225,1600,0.7277,0.7314,0.7255,0.7279
1071226,1600,0.7278,0.7313,0.727,0.73
1071227,1600,0.7301,0.734,0.7278,0.7322
1071228,1600,0.7322,0.7388,0.7309,0.7383
1071231,1600,0.7374,0.7382,0.7319,0.7353
1080101,1600,0.7353,0.7361,0.7338,0.7356
1080102,1600,0.7354,0.7445,0.7353,0.7426
1080103,1600,0.7425,0.7483,0.7414,0.7468
1080104,1600,0.7469,0.7491,0.7424,0.7474
1080107,1600,0.7478,0.7479,0.744,0.7465
1080108,1600,0.7465,0.7465,0.742,0.7456
1080109,1600,0.7457,0.7501,0.7445,0.7489
1080110,1600,0.7488,0.7561,0.7465,0.7545
1080111,1600,0.7545,0.7584,0.7536,0.7552
1080114,1600,0.7557,0.761,0.7554,0.7606
1080115,1600,0.7606,0.7612,0.7526,0.7558
1080116,1600,0.756,0.7574,0.7446,0.7469
1080117,1600,0.7467,0.7479,0.7415,0.7428
1080118,1600,0.7429,0.7496,0.7416,0.748
1080121,1600,0.7433,0.7453,0.7411,0.7431
1080122,1600,0.7448,0.7474,0.7398,0.7469
1080123,1600,0.7464,0.7484,0.7442,0.7474
1080124,1600,0.7474,0.7489,0.7458,0.7466
1080125,1600,0.7468,0.7475,0.7398,0.7402
1080128,1600,0.7393,0.7457,0.7393,0.7449
1080129,1600,0.7446,0.745,0.7415,0.7422
1080130,1600,0.7422,0.7481,0.7412,0.7473
1080131,1600,0.7472,0.7491,0.7447,0.7467
1080201,1600,0.7466,0.7542,0.7459,0.7526
1080204,1600,0.7531,0.754,0.7487,0.7506
1080205,1600,0.7506,0.7515,0.7444,0.7448
1080206,1600,0.7448,0.7479,0.744,0.7453
1080207,1600,0.7452,0.7502,0.7444,0.7452
1080208,1600,0.7451,0.7465,0.7425,0.7457
1080211,1600,0.7461,0.7506,0.7436,0.7436
1080212,1600,0.7436,0.746,0.743,0.7439
1080213,1600,0.7436,0.7448,0.7412,0.7417
1080214,1600,0.7416,0.7438,0.7402,0.7432
1080215,1600,0.7433,0.749,0.7428,0.7486
1080218,1600,0.7491,0.7521,0.7477,0.7508
1080219,1600,0.7509,0.7568,0.7508,0.7558
1080220,1600,0.7561,0.7579,0.753,0.7577
1080221,1600,0.7577,0.758,0.7518,0.7542
1080222,1600,0.7543,0.755,0.7521,0.7539
1080225,1600,0.7533,0.7552,0.7525,0.7543
1080226,1600,0.7542,0.7563,0.7514,0.7543
1080227,1600,0.7546,0.7637,0.7536,0.7621
1080228,1600,0.762,0.7642,0.7608,0.7634
1080229,1600,0.7634,0.7673,0.7625,0.7635
1080303,1600,0.7658,0.7675,0.7632,0.7658
1080304,1600,0.7658,0.7672,0.7637,0.766
1080305,1600,0.7658,0.7688,0.7648,0.767
1080306,1600,0.7669,0.769,0.7638,0.7646
1080307,1600,0.7647,0.7657,0.7601,0.7622
1080310,1600,0.7621,0.7653,0.7595,0.7635
1080311,1600,0.7636,0.7676,0.7634,0.7647
1080312,1600,0.7647,0.7678,0.7627,0.7667
1080313,1600,0.7664,0.7692,0.7643,0.7687
1080314,1600,0.7689,0.7767,0.7665,0.776
1080317,1600,0.78,0.7908,0.0066,0.7881
1080318,1600,0.7881,0.7883,0.7768,0.7792
1080319,1600,0.7793,0.7892,0.778,0.7884
1080320,1600,0.7882,0.7882,0.7759,0.7776
1080321,1600,0.7776,0.7798,0.7765,0.7783
1080324,1600,0.7783,0.7788,0.7747,0.7763
1080325,1600,0.7764,0.7826,0.7751,0.7794
1080326,1600,0.7794,0.7894,0.778,0.788
1080327,1600,0.7878,0.7894,0.7811,0.7876
1080328,1600,0.7876,0.7929,0.7858,0.7924
1080331,1600,0.792,0.7976,0.7898,0.7941
1080402,1600,0.7893,0.7896,0.7853,0.7886
1080403,1600,0.7886,0.7904,0.7824,0.7852
1080404,1600,0.7852,0.7899,0.784,0.7899
1080407,1600,0.789,0.7915,0.7868,0.7897
1080408,1600,0.7897,0.7988,0.7894,0.7979
1080409,1600,0.7979,0.8022,0.7967,0.8015
1080410,1600,0.8015,0.8027,0.7967,0.7982
1080411,1600,0.7985,0.8035,0.7976,0.7995
1080414,1600,0.7989,0.8013,0.7962,0.8008
1080415,1600,0.8009,0.806,0.8009,0.8045
1080416,1600,0.8047,0.8098,0.8025,0.8091
1080417,1600,0.8092,0.8094,0.797,0.7988
1080418,1600,0.7988,0.7994,0.7875,0.7914
1080421,1600,0.79,0.805,0.7897,0.8032
1080422,1600,0.803,0.8048,0.7984,0.8006
1080423,1600,0.8007,0.8039,0.7998,0.8022
1080424,1600,0.8021,0.8026,0.7937,0.7948
1080425,1600,0.795,0.7953,0.7851,0.7877
1080428,1600,0.7869,0.7902,0.7832,0.7859
1080429,1600,0.7861,0.7918,0.783,0.791
1080430,1600,0.791,0.7944,0.7838,0.7859
1080502,1600,0.7821,0.7836,0.7767,0.7831
1080505,1600,0.782,0.7873,0.7816,0.7854
1080506,1600,0.7852,0.7889,0.7846,0.7871
1080507,1600,0.7872,0.7915,0.786,0.7876
1080508,1600,0.7877,0.7887,0.7822,0.7873
1080509,1600,0.7873,0.7939,0.787,0.7925
1080512,1600,0.792,0.7951,0.7876,0.7943
1080513,1600,0.7946,0.7971,0.7915,0.7948
1080514,1600,0.7949,0.7965,0.7927,0.7945
1080515,1600,0.7946,0.7985,0.7923,0.7933
1080516,1600,0.7933,0.7975,0.7929,0.7958
1080519,1600,0.7961,0.7978,0.7949,0.7962
1080520,1600,0.7963,0.7977,0.7942,0.7952
1080521,1600,0.7952,0.8031,0.795,0.8007
1080522,1600,0.8005,0.801,0.7927,0.7942
1080523,1600,0.7941,0.7971,0.7934,0.7961
1080526,1600,0.796,0.7971,0.7946,0.796
1080527,1600,0.7959,0.7982,0.7932,0.7939
1080528,1600,0.7939,0.7953,0.7882,0.79
1080529,1600,0.7901,0.7913,0.7842,0.785
1080530,1600,0.7852,0.7873,0.7833,0.7843
1080602,1600,0.7879,0.7928,0.7866,0.7906
1080603,1600,0.7906,0.7939,0.7854,0.7872
1080604,1600,0.7872,0.7914,0.7865,0.7897
1080605,1600,0.7898,0.7964,0.7886,0.796
1080606,1600,0.796,0.8018,0.7953,0.8008
1080609,1600,0.8009,0.803,0.7916,0.7926
1080610,1600,0.792,0.7945,0.7891,0.7913
1080611,1600,0.7913,0.7935,0.7899,0.7919
1080612,1600,0.7919,0.7944,0.7886,0.7938
1080613,1600,0.7937,0.794,0.787,0.7898
1080616,1600,0.7893,0.7898,0.7862,0.7875
1080617,1600,0.7875,0.7953,0.7874,0.7926
1080618,1600,0.7927,0.795,0.7912,0.7932
1080619,1600,0.7931,0.7946,0.7847,0.786
1080620,1600,0.786,0.7922,0.784,0.784
1080623,1600,0.7899,0.7917,0.7892,0.7896
1080624,1600,0.7897,0.7927,0.7892,0.7901
1080625,1600,0.7901,0.7944,0.789,0.7936
1080626,1600,0.7935,0.7949,0.791,0.7925
1080627,1600,0.7925,0.7944,0.7893,0.7909
1080630,1600,0.7917,0.7936,0.7895,0.7901
1080702,1600,0.7916,0.7971,0.7914,0.7967
1080703,1600,0.7968,0.8,0.791,0.7915
1080704,1600,0.7914,0.7929,0.7903,0.7917
1080707,1600,0.7919,0.7961,0.7902,0.7952
1080708,1600,0.795,0.7964,0.794,0.7957
1080709,1600,0.7955,0.7972,0.7933,0.7938
1080710,1600,0.7938,0.7986,0.7932,0.798
1080711,1600,0.7981,0.8017,0.7973,0.8017
1080714,1600,0.8006,0.8017,0.7967,0.7968
1080715,1600,0.7968,0.7982,0.7924,0.7934
1080716,1600,0.7933,0.7953,0.7907,0.7915
1080717,1600,0.7915,0.7935,0.791,0.7933
1080718,1600,0.7934,0.7959,0.7924,0.7931
1080721,1600,0.7938,0.7973,0.7938,0.7948
1080722,1600,0.7948,0.7959,0.7918,0.7923
1080723,1600,0.7923,0.7929,0.784,0.7854
1080724,1600,0.7853,0.7905,0.7846,0.7894
1080725,1600,0.7892,0.7917,0.787,0.7892
1080728,1600,0.789,0.7928,0.7886,0.7892
1080729,1600,0.7892,0.791,0.7862,0.787
1080730,1600,0.787,0.7878,0.785,0.786
1080731,1600,0.786,0.789,0.786,0.7862
1080801,1600,0.7881,0.7901,0.7861,0.7881
1080804,1600,0.792,0.794,0.79,0.792
1080805,1600,0.7926,0.7946,0.7906,0.7926
1080806,1600,0.7917,0.7937,0.7897,0.7917
1080807,1600,0.7924,0.7944,0.7904,0.7924
1080808,1600,0.786,0.788,0.784,0.786
1080811,1600,0.7815,0.7835,0.7795,0.7815
1080812,1600,0.7828,0.7848,0.7808,0.7828
1080813,1600,0.7927,0.7947,0.7907,0.7927
1080814,1600,0.7963,0.7983,0.7943,0.7963
1080815,1600,0.7924,0.7944,0.7904,0.7924
1080818,1600,0.788,0.79,0.786,0.788
1080819,1600,0.789,0.791,0.787,0.789
1080820,1600,0.7926,0.7946,0.7906,0.7926
1080821,1600,0.7931,0.7951,0.7911,0.7931
1080822,1600,0.7983,0.8003,0.7963,0.7983
1080825,1600,0.798,0.8,0.796,0.798
1080826,1600,0.7949,0.7977,0.794,0.7962
1080827,1600,0.7963,0.8028,0.796,0.802
1080828,1600,0.802,0.8058,0.8017,0.804
1080829,1600,0.8039,0.8089,0.8034,0.8089
1080901,1600,0.8114,0.8155,0.8089,0.8139
1080902,1600,0.8139,0.8152,0.811,0.8146
1080903,1600,0.8144,0.8171,0.8122,0.8169
1080904,1600,0.8169,0.818,0.8071,0.8092
1080905,1600,0.8092,0.8137,0.8056,0.8058
1080908,1600,0.8039,0.8075,0.802,0.8029
1080909,1600,0.8029,0.8048,0.8003,0.8027
1080910,1600,0.8026,0.8038,0.7974,0.7975
1080911,1600,0.7974,0.7983,0.792,0.7975
1080912,1600,0.7972,0.7977,0.7912,0.7938
1080915,1600,0.7958,0.8,0.7908,0.7943
1080916,1600,0.7944,0.7978,0.7909,0.7922
1080917,1600,0.7923,0.798,0.7866,0.7892
1080918,1600,0.7892,0.796,0.7864,0.7878
1080919,1600,0.7877,0.7929,0.7848,0.7893
1080922,1600,0.7892,0.7976,0.7892,0.7962
1080923,1600,0.7963,0.7978,0.7906,0.7915
1080924,1600,0.7915,0.7937,0.7885,0.791
1080925,1600,0.791,0.7972,0.79,0.7954
1080926,1600,0.7955,0.7964,0.7913,0.7913
1080929,1600,0.7938,0.8001,0.7911,0.799
1080930,1600,0.7988,0.7988,0.7846,0.7909
1081001,1600,0.7909,0.7949,0.7892,0.7919
1081002,1600,0.7916,0.792,0.782,0.7823
1081003,1600,0.7822,0.7846,0.7754,0.7787
1081006,1600,0.7729,0.7796,0.7705,0.7747
1081007,1600,0.7746,0.7808,0.7712,0.7781
1081008,1600,0.778,0.7937,0.7719,0.7887
1081009,1600,0.7885,0.797,0.7862,0.7957
1081010,1600,0.7958,0.8068,0.7781,0.7791
1081013,1600,0.794,0.7964,0.7784,0.7807
1081014,1600,0.7808,0.7844,0.7766,0.7815
1081015,1600,0.7816,0.7853,0.7736,0.7822
1081016,1600,0.7819,0.7838,0.7742,0.7777
1081017,1600,0.7776,0.7806,0.774,0.7767
1081020,1600,0.7746,0.7782,0.7695,0.7771
1081021,1600,0.7768,0.7834,0.7738,0.783
1081022,1600,0.783,0.7949,0.7818,0.7908
1081023,1600,0.7909,0.7987,0.7839,0.798
1081024,1600,0.798,0.8186,0.7907,0.7947
1081027,1600,0.796,0.8121,0.7946,0.8022
1081028,1600,0.8022,0.8044,0.7956,0.796
1081029,1600,0.7961,0.7988,0.7841,0.7914
1081030,1600,0.7915,0.8,0.7842,0.7862
1081031,1600,0.7862,0.793,0.781,0.7921
1081103,1600,0.7924,0.8048,0.7845,0.7999
1081104,1600,0.8,0.8161,0.7974,0.8147
1081105,1600,0.8145,0.8162,0.8049,0.815
1081106,1600,0.815,0.8151,0.8006,0.8145
1081107,1600,0.8146,0.8188,0.807,0.8121
1081110,1600,0.8118,0.8202,0.8108,0.815
1081111,1600,0.8153,0.8206,0.8109,0.8133
1081112,1600,0.814,0.8399,0.8131,0.8362
1081113,1600,0.8361,0.866,0.8342,0.8578
1081114,1600,0.8577,0.8629,0.853,0.8535
1081117,1600,0.8538,0.8565,0.8407,0.8429
1081118,1600,0.8432,0.8455,0.8365,0.8442
1081119,1600,0.8442,0.8461,0.8339,0.835
1081120,1600,0.8345,0.8494,0.8338,0.8432
1081121,1600,0.8438,0.8504,0.8372,0.8441
1081124,1600,0.8463,0.8537,0.8433,0.8525
1081125,1600,0.8526,0.8562,0.8404,0.8446
1081126,1600,0.8447,0.8483,0.8361,0.8409
1081127,1600,0.8409,0.8413,0.8346,0.8373
1081128,1600,0.837,0.8398,0.8231,0.825
1081201,1600,0.8254,0.8522,0.8242,0.8472
1081202,1600,0.8471,0.8545,0.8438,0.853
1081203,1600,0.8527,0.8605,0.8508,0.8595
1081204,1600,0.8595,0.872,0.859,0.8699
1081205,1600,0.8698,0.8718,0.8615,0.8654
1081208,1600,0.866,0.8734,0.8578,0.8684
1081209,1600,0.8685,0.8766,0.8665,0.8759
1081210,1600,0.8758,0.8814,0.8725,0.8793
1081211,1600,0.8792,0.8903,0.8761,0.8869
1081212,1600,0.8873,0.8989,0.8855,0.8935
1081215,1600,0.8966,0.9016,0.889,0.895
1081216,1600,0.895,0.9047,0.8926,0.9025
1081217,1600,0.9024,0.9322,0.8986,0.929
1081218,1600,0.9287,0.9549,0.9254,0.9492
1081219,1600,0.9489,0.9496,0.928,0.9303
1081222,1600,0.9338,0.9515,0.9331,0.9414
1081223,1600,0.9412,0.9496,0.9388,0.945
1081224,1600,0.9453,0.9533,0.9434,0.948
1081225,1600,0.9481,0.9583,0.9468,0.9494
1081226,1600,0.9498,0.9617,0.9489,0.9592
1081229,1600,0.9614,0.9797,0.96,0.9693
1081230,1600,0.9695,0.9797,0.9678,0.9772
1081231,1600,0.9775,0.9782,0.9447,0.9447
1090101,1600,0.9586,0.9586,0.9472,0.9508
1090102,1600,0.9507,0.9644,0.9438,0.9583
1090105,1600,0.9604,0.9633,0.923,0.9266
1090106,1600,0.9263,0.9293,0.9024,0.9047
1090107,1600,0.9049,0.9166,0.897,0.9026
1090108,1600,0.9028,0.906,0.8898,0.8994
1090109,1600,0.8994,0.9031,0.8842,0.8878
1090112,1600,0.8894,0.9026,0.8863,0.9014
1090113,1600,0.9012,0.9116,0.899,0.9094
1090114,1600,0.9094,0.9119,0.898,0.9034
1090115,1600,0.9034,0.9041,0.8946,0.8968
1090116,1600,0.8972,0.9036,0.8849,0.9002
1090119,1600,0.8975,0.9094,0.8964,0.9075
1090120,1600,0.9074,0.9318,0.9074,0.9284
1090121,1600,0.9281,0.9421,0.9269,0.9365
1090122,1600,0.936,0.9462,0.9329,0.9366
1090123,1600,0.937,0.9471,0.9341,0.9418
1090126,1600,0.9471,0.9517,0.934,0.9436
1090127,1600,0.9436,0.9439,0.9281,0.9313
1090128,1600,0.9316,0.9335,0.9209,0.9242
1090129,1600,0.9243,0.929,0.9047,0.9062
1090130,1600,0.9058,0.9082,0.8801,0.8812
1090202,1600,0.8864,0.9076,0.8829,0.9017
1090203,1600,0.9021,0.908,0.9004,0.9013
1090204,1600,0.9016,0.907,0.8845,0.8889
1090205,1600,0.889,0.8925,0.873,0.8741
1090206,1600,0.8742,0.8787,0.8663,0.8737
1090209,1600,0.8748,0.8778,0.8682,0.8726
1090210,1600,0.8726,0.8896,0.8638,0.8866
1090211,1600,0.8864,0.9024,0.8864,0.8962
1090212,1600,0.8963,0.907,0.8952,0.9015
1090213,1600,0.9013,0.9017,0.8838,0.8945
1090216,1600,0.8985,0.9009,0.893,0.8951
1090217,1600,0.8952,0.8955,0.881,0.8838
1090218,1600,0.8836,0.8909,0.8802,0.8817
1090219,1600,0.8817,0.8881,0.8775,0.8875
1090220,1600,0.8873,0.8954,0.88,0.8954
1090223,1600,0.8896,0.8911,0.8741,0.8765
1090224,1600,0.8765,0.888,0.8729,0.886
1090225,1600,0.8859,0.8976,0.8815,0.8948
1090226,1600,0.8948,0.8974,0.886,0.8896
1090227,1600,0.8893,0.8943,0.8846,0.8846
1090302,1600,0.8855,0.9008,0.8812,0.8948
1090303,1600,0.8948,0.8994,0.893,0.8932
1090304,1600,0.8932,0.8942,0.8869,0.891
1090305,1600,0.8913,0.8935,0.8855,0.8878
1090306,1600,0.8878,0.8993,0.886,0.8982
1090309,1600,0.8978,0.9187,0.8954,0.9149
1090310,1600,0.915,0.9245,0.9136,0.9218
1090311,1600,0.9221,0.9298,0.9192,0.9252
1090312,1600,0.9249,0.9316,0.9209,0.9259
1090313,1600,0.9259,0.9295,0.9175,0.9232
1090316,1600,0.9229,0.9248,0.9146,0.9217
1090317,1600,0.922,0.9275,0.9203,0.9268
1090318,1600,0.9269,0.9476,0.9261,0.9441
1090319,1600,0.9442,0.9477,0.9388,0.9422
1090320,1600,0.9424,0.9451,0.9362,0.9366
1090323,1600,0.9412,0.9423,0.929,0.9348
1090324,1600,0.935,0.9355,0.9158,0.9167
1090325,1600,0.9167,0.937,0.9166,0.9326
1090326,1600,0.9328,0.938,0.928,0.9352
1090327,1600,0.935,0.9411,0.9251,0.928
1090330,1600,0.9283,0.934,0.9242,0.9254
1090331,1600,0.9254,0.9315,0.9228,0.9233
1090401,1600,0.923,0.9253,0.9143,0.9154
1090402,1600,0.9154,0.9168,0.9085,0.9139
1090403,1600,0.9139,0.9155,0.9042,0.909
1090406,1600,0.9088,0.9109,0.904,0.9094
1090407,1600,0.9093,0.911,0.8988,0.9007
1090408,1600,0.9009,0.9046,0.8962,0.9018
1090409,1600,0.9018,0.9082,0.8963,0.8964
1090410,1600,0.8966,0.9003,0.8952,0.9002
1090413,1600,0.8992,0.9018,0.8962,0.9001
1090414,1600,0.9001,0.9002,0.8889,0.89
1090415,1600,0.8901,0.8912,0.8784,0.8817
1090416,1600,0.8814,0.887,0.879,0.8832
1090417,1600,0.8833,0.8859,0.8792,0.8813
1090420,1600,0.8812,0.8915,0.8796,0.8889
1090421,1600,0.889,0.8912,0.8813,0.8821
1090422,1600,0.8821,0.8985,0.8811,0.8974
1090423,1600,0.8975,0.8995,0.891,0.8929
1090424,1600,0.8929,0.908,0.8926,0.9022
1090427,1600,0.9024,0.9052,0.8882,0.8902
1090428,1600,0.8903,0.8993,0.8882,0.8977
1090429,1600,0.8975,0.9019,0.895,0.898
1090430,1600,0.898,0.8996,0.892,0.8948
1090501,1600,0.8947,0.8983,0.8884,0.8898
1090504,1600,0.8889,0.894,0.8886,0.8928
1090505,1600,0.8926,0.8931,0.8825,0.8833
1090506,1600,0.8833,0.8873,0.8776,0.8786
1090507,1600,0.8786,0.8934,0.8763,0.8909
1090508,1600,0.8907,0.8972,0.89,0.8952
1090511,1600,0.8961,0.9034,0.8945,0.8977
1090512,1600,0.8975,0.9014,0.8919,0.8935
1090513,1600,0.8935,0.9016,0.8932,0.8969
1090514,1600,0.8969,0.9004,0.8947,0.895
1090515,1600,0.895,0.8956,0.888,0.8899
1090518,1600,0.8886,0.8892,0.8808,0.8835
1090519,1600,0.8838,0.8851,0.8765,0.8805
1090520,1600,0.8801,0.8844,0.8738,0.8744
1090521,1600,0.8743,0.8866,0.872,0.8772
1090522,1600,0.877,0.8837,0.8765,0.8789
1090525,1600,0.8804,0.882,0.8787,0.8803
1090526,1600,0.8803,0.8808,0.8757,0.8775
1090527,1600,0.8777,0.8779,0.8652,0.8665
1090528,1600,0.8666,0.8763,0.8661,0.8741
1090529,1600,0.8742,0.8796,0.87,0.87
1090601,1600,0.8726,0.873,0.86,0.861
1090602,1600,0.8609,0.867,0.8608,0.8628
1090603,1600,0.8632,0.8691,0.8574,0.8677
1090604,1600,0.8676,0.8797,0.8626,0.8797
1090605,1600,0.8798,0.8865,0.873,0.8741
1090608,1600,0.8736,0.8791,0.8648,0.8666
1090609,1600,0.8667,0.8668,0.8594,0.862
1090610,1600,0.862,0.8633,0.854,0.8547
1090611,1600,0.8546,0.8562,0.8499,0.8506
1090612,1600,0.8507,0.854,0.8483,0.8519
1090615,1600,0.8513,0.8528,0.8448,0.8459
1090616,1600,0.8458,0.8496,0.8422,0.8434
1090617,1600,0.8433,0.8534,0.8426,0.8504
1090618,1600,0.8503,0.86,0.849,0.85
1090619,1600,0.85,0.853,0.8422,0.8437
1090622,1600,0.8461,0.8486,0.84,0.8479
1090623,1600,0.8479,0.8598,0.8477,0.856
1090624,1600,0.856,0.8566,0.8472,0.8485
1090625,1600,0.8483,0.8575,0.8477,0.8541
1090626,1600,0.8542,0.8569,0.8499,0.85
1090629,1600,0.8515,0.8521,0.8476,0.8495
1090630,1600,0.8497,0.8533,0.8437,0.8525
1090701,1600,0.8525,0.8593,0.8518,0.8581
1090702,1600,0.8579,0.8628,0.8515,0.8538
1090703,1600,0.8537,0.8582,0.8524,0.8549
1090706,1600,0.8567,0.8644,0.8558,0.8588
1090707,1600,0.8587,0.8654,0.858,0.8635
1090708,1600,0.8635,0.867,0.8617,0.8646
1090709,1600,0.8643,0.8652,0.857,0.8581
1090710,1600,0.8582,0.8625,0.8535,0.8595
1090713,1600,0.8614,0.8697,0.8603,0.8605
1090714,1600,0.8605,0.8613,0.8551,0.856
1090715,1600,0.8559,0.8602,0.8548,0.858
1090716,1600,0.8581,0.8614,0.8575,0.8613
1090717,1600,0.8613,0.866,0.8606,0.8624
1090720,1600,0.8596,0.8604,0.8592,0.86
1090721,1600,0.8643,0.8648,0.8641,0.8648
1090722,1600,0.8629,0.8635,0.8626,0.8634
1090723,1600,0.8576,0.8578,0.8572,0.8574
1090724,1600,0.8648,0.8648,0.8648,0.8648
1090727,1600,0.8638,0.8642,0.8636,0.8641
1090728,1600,0.8631,0.8632,0.8619,0.8619
1090729,1600,0.8572,0.8576,0.8568,0.857
1090730,1600,0.853,0.8532,0.8527,0.8531
1090731,1600,0.8533,0.8533,0.8533,0.8533
1090803,1600,0.8508,0.8509,0.8504,0.8508
1090804,1600,0.85,0.8507,0.8498,0.8503
1090805,1600,0.8479,0.8484,0.8475,0.8479
1090806,1600,0.8552,0.8553,0.8547,0.8548
1090807,1600,0.8495,0.8495,0.8495,0.8495
1090810,1600,0.8579,0.8582,0.8574,0.8574
1090811,1600,0.8582,0.8583,0.858,0.8581
1090812,1600,0.8607,0.8612,0.8604,0.861
1090813,1600,0.8618,0.8621,0.8614,0.8614
1090814,1600,0.8591,0.8591,0.8591,0.8591
1090817,1600,0.8618,0.8625,0.8617,0.8624
1090818,1600,0.8536,0.8541,0.853,0.8538
1090819,1600,0.8604,0.8606,0.8602,0.8606
1090820,1600,0.8634,0.8638,0.8633,0.8634
1090821,1600,0.8634,0.8698,0.8633,0.8681
1090824,1600,0.8707,0.8711,0.8705,0.8711
1090825,1600,0.8747,0.8757,0.8746,0.8753
1090826,1600,0.8773,0.8775,0.877,0.8772
1090827,1600,0.8819,0.8822,0.8814,0.882
1090828,1600,0.8789,0.8789,0.8789,0.8789
1090831,1600,0.8802,0.8804,0.8798,0.8803
1090901,1600,0.8798,0.8812,0.8796,0.881
1090902,1600,0.8773,0.8774,0.8765,0.8768
1090903,1600,0.8729,0.8731,0.8724,0.8728
1090904,1600,0.8729,0.8745,0.87,0.8721
1090907,1600,0.8776,0.8777,0.8768,0.8771
1090908,1600,0.8781,0.8782,0.8778,0.8778
1090909,1600,0.8798,0.8802,0.8796,0.8798
1090910,1600,0.8754,0.8756,0.8751,0.8753
1090911,1600,0.8743,0.8743,0.8743,0.8743
1090914,1600,0.8823,0.8823,0.8807,0.8814
1090915,1600,0.8892,0.8895,0.8891,0.8895
1090916,1600,0.8922,0.8926,0.8922,0.8926
1090917,1600,0.8959,0.8962,0.8954,0.8962
1090918,1600,0.8959,0.9058,0.8954,0.9041
1090921,1600,0.9052,0.9056,0.905,0.9052
1090922,1600,0.9041,0.9049,0.9038,0.9039
1090923,1600,0.9006,0.9008,0.9002,0.9003
1090924,1600,0.9137,0.919,0.9132,0.9183
1090925,1600,0.9193,0.9193,0.9193,0.9193
1090928,1600,0.9205,0.9209,0.9202,0.9203
1090929,1600,0.9133,0.914,0.9132,0.9137
1090930,1600,0.9145,0.9156,0.9144,0.9156
1091001,1600,0.9134,0.9134,0.9122,0.9131
1091002,1600,0.9186,0.9186,0.9153,0.9186
1091005,1600,0.9193,0.9194,0.9188,0.9191
1091006,1600,0.9244,0.9246,0.9242,0.9244
1091007,1600,0.9205,0.9216,0.9202,0.9214
1091008,1600,0.9195,0.9203,0.9195,0.9202
1091009,1600,0.9195,0.9296,0.9182,0.928
1091012,1600,0.9352,0.9353,0.9347,0.935
1091013,1600,0.9319,0.932,0.9314,0.9317
1091014,1600,0.933,0.9333,0.9326,0.9329
1091015,1600,0.9173,0.9173,0.9149,0.9153
1091016,1600,0.9173,0.9173,0.9094,0.9108
1091019,1600,0.9122,0.9123,0.9114,0.912
1091020,1600,0.9115,0.9117,0.9108,0.9117
1091021,1600,0.9036,0.9038,0.9029,0.9034
1091022,1600,0.9045,0.9047,0.904,0.9041
1091023,1600,0.9198,0.9198,0.9198,0.9198
1091026,1600,0.9206,0.9238,0.9094,0.9115
1091027,1600,0.9116,0.9133,0.9026,0.9036
1091028,1600,0.9035,0.907,0.8953,0.8985
1091029,1600,0.8986,0.8993,0.891,0.8957
1091030,1600,0.8959,0.8987,0.8928,0.8949
1091102,1600,0.8959,0.905,0.8952,0.9009
1091103,1600,0.9009,0.906,0.8934,0.8968
1091104,1600,0.8967,0.8986,0.8918,0.8977
1091105,1600,0.8976,0.9,0.8935,0.8974
1091106,1600,0.8973,0.899,0.893,0.8934
1091109,1600,0.8938,0.8976,0.89,0.894
1091110,1600,0.894,0.9015,0.8932,0.8954
1091111,1600,0.8956,0.9048,0.8945,0.9034
1091112,1600,0.9035,0.9062,0.8944,0.8957
1091113,1600,0.8954,0.8963,0.8906,0.8935
1091116,1600,0.8942,0.8975,0.8875,0.8897
1091117,1600,0.8896,0.8906,0.883,0.8842
1091118,1600,0.8845,0.8947,0.8844,0.8932
1091119,1600,0.8932,0.8965,0.89,0.8955
1091120,1600,0.8954,0.9017,0.8946,0.899
1091123,1600,0.9008,0.9038,0.8996,0.9007
1091124,1600,0.9006,0.9055,0.9004,0.9023
1091125,1600,0.9023,0.9064,0.8978,0.9053
1091126,1600,0.9055,0.9126,0.9036,0.911
1091127,1600,0.9106,0.9133,0.906,0.9077
1091130,1600,0.9091,0.9152,0.9072,0.9135
1091201,1600,0.9136,0.9149,0.9066,0.9075
1091202,1600,0.9076,0.9104,0.9028,0.9045
1091203,1600,0.904,0.9114,0.9038,0.9095
1091204,1600,0.9098,0.911,0.899,0.9012
1091207,1600,0.9026,0.9061,0.9004,0.9012
1091208,1600,0.9012,0.9092,0.901,0.9042
1091209,1600,0.9042,0.9091,0.9012,0.905
1091210,1600,0.9052,0.9067,0.902,0.9046
1091211,1600,0.9048,0.9067,0.898,0.8991
1091214,1600,0.9006,0.9046,0.8978,0.8984
1091215,1600,0.8983,0.8993,0.8926,0.8937
1091216,1600,0.8937,0.896,0.888,0.8894
1091217,1600,0.8897,0.8917,0.8851,0.8875
1091218,1600,0.8874,0.8897,0.8856,0.8869
1091221,1600,0.8884,0.8925,0.886,0.8897
1091222,1600,0.8897,0.8946,0.8886,0.8926
1091223,1600,0.8925,0.8996,0.8915,0.8977
1091224,1600,0.8979,0.9017,0.8966,0.9002
1091225,1600,0.9002,0.904,0.8981,0.8996
1091228,1600,0.9004,0.902,0.898,0.8982
1091229,1600,0.8982,0.904,0.897,0.9016
1091230,1600,0.9017,0.9052,0.8912,0.892
1091231,1600,0.892,0.8956,0.8854,0.8859
1100101,1600,0.8859,0.8895,0.8813,0.8895
1100104,1600,0.8866,0.8965,0.8856,0.8952
1100105,1600,0.8951,0.9012,0.8944,0.8982
1100106,1600,0.898,0.9011,0.8925,0.8988
1100107,1600,0.8986,0.9022,0.8978,0.8985
1100108,1600,0.8982,0.9005,0.8922,0.8935
1100111,1600,0.8993,0.9025,0.8974,0.9004
1100112,1600,0.9004,0.9025,0.8955,0.8962
1100113,1600,0.8961,0.8964,0.889,0.8917
1100114,1600,0.8918,0.8934,0.8866,0.8874
1100115,1600,0.8874,0.8877,0.881,0.883
1100118,1600,0.882,0.8832,0.878,0.8808
1100119,1600,0.8806,0.8809,0.871,0.8726
1100120,1600,0.8729,0.8731,0.8648,0.8654
1100121,1600,0.8654,0.8713,0.8653,0.8699
1100122,1600,0.8703,0.8784,0.8686,0.8772
1100125,1600,0.8782,0.8793,0.8703,0.8706
1100126,1600,0.8708,0.875,0.8666,0.872
1100127,1600,0.8721,0.873,0.8657,0.867
1100128,1600,0.8671,0.8676,0.86,0.865
1100129,1600,0.8647,0.869,0.8628,0.867
1100201,1600,0.8684,0.8767,0.8681,0.8729
1100202,1600,0.8726,0.8761,0.8711,0.8736
1100203,1600,0.8738,0.877,0.8709,0.8731
1100204,1600,0.8733,0.8757,0.8699,0.8714
1100205,1600,0.8714,0.875,0.8687,0.8735
1100208,1600,0.8745,0.8797,0.8732,0.8766
1100209,1600,0.8768,0.8815,0.8756,0.878
1100210,1600,0.878,0.882,0.8746,0.8807
1100211,1600,0.8806,0.884,0.87,0.8716
1100212,1600,0.8717,0.8721,0.8658,0.866
1100215,1600,0.869,0.87,0.867,0.8679
1100216,1600,0.8679,0.8743,0.8678,0.8716
1100217,1600,0.8718,0.8733,0.8668,0.8676
1100218,1600,0.8676,0.8727,0.8662,0.8727
1100219,1600,0.8729,0.8803,0.872,0.879
1100222,1600,0.8808,0.8813,0.8762,0.8779
1100223,1600,0.8776,0.8835,0.8749,0.8754
1100224,1600,0.8756,0.881,0.875,0.8782
1100225,1600,0.8784,0.8889,0.8771,0.8879
1100226,1600,0.8882,0.897,0.887,0.8921
1100301,1600,0.8982,0.9127,0.8966,0.9054
1100302,1600,0.9056,0.9101,0.902,0.9063
1100303,1600,0.9066,0.9096,0.9049,0.9072
1100304,1600,0.9072,0.9083,0.9018,0.9033
1100305,1600,0.9036,0.9047,0.8968,0.8968
1100308,1600,0.9004,0.907,0.8994,0.905
1100309,1600,0.9053,0.9095,0.9047,0.906
1100310,1600,0.9062,0.9131,0.906,0.9113
1100311,1600,0.9115,0.912,0.906,0.908
1100312,1600,0.9081,0.911,0.9043,0.9051
1100315,1600,0.9063,0.9127,0.9045,0.9084
1100316,1600,0.9087,0.9117,0.9024,0.9036
1100317,1600,0.9037,0.9064,0.8953,0.8968
1100318,1600,0.8968,0.8972,0.8915,0.8924
1100319,1600,0.8923,0.9017,0.8922,0.9009
1100322,1600,0.9011,0.9044,0.897,0.8978
1100323,1600,0.8977,0.9016,0.8962,0.8963
1100324,1600,0.8966,0.8979,0.891,0.8946
1100325,1600,0.8947,0.8988,0.889,0.896
1100326,1600,0.8961,0.9024,0.8954,0.8998
1100329,1600,0.9012,0.9015,0.897,0.8997
1100330,1600,0.8998,0.8999,0.8878,0.8902
1100331,1600,0.8905,0.8943,0.8871,0.8895
1100401,1600,0.8894,0.8902,0.884,0.8881
1100402,1600,0.888,0.8894,0.8866,0.8877
1100405,1600,0.8837,0.8858,0.8814,0.8816
1100406,1600,0.8816,0.886,0.8765,0.8774
1100407,1600,0.8773,0.8817,0.8749,0.8755
1100408,1600,0.8756,0.8782,0.8736,0.874
1100409,1600,0.874,0.8783,0.8706,0.8771
1100412,1600,0.8839,0.8847,0.8804,0.8841
1100413,1600,0.884,0.886,0.8807,0.885
1100414,1600,0.8848,0.8863,0.8805,0.8824
1100415,1600,0.8824,0.883,0.875,0.8775
1100416,1600,0.8775,0.88,0.8746,0.879
1100419,1600,0.882,0.884,0.8788,0.8795
1100420,1600,0.8795,0.8803,0.8734,0.8743
1100421,1600,0.8742,0.8747,0.8683,0.8685
1100422,1600,0.8687,0.8695,0.8624,0.863
1100423,1600,0.8632,0.872,0.8606,0.8701
1100426,1600,0.8686,0.8691,0.8602,0.8664
1100427,1600,0.8664,0.8697,0.8628,0.8637
1100428,1600,0.8637,0.871,0.8632,0.8689
1100429,1600,0.8686,0.8732,0.8628,0.8636
1100430,1600,0.8637,0.8723,0.8625,0.869
1100503,1600,0.8702,0.8706,0.8638,0.8655
1100504,1600,0.8655,0.867,0.8565,0.8569
1100505,1600,0.857,0.8578,0.8474,0.8485
1100506,1600,0.8487,0.859,0.8429,0.8494
1100507,1600,0.8491,0.8801,0.844,0.8595
1100510,1600,0.8714,0.875,0.8548,0.8599
1100511,1600,0.8599,0.8616,0.8448,0.8462
1100512,1600,0.8462,0.8543,0.8446,0.8517
1100513,1600,0.8516,0.8591,0.85,0.858
1100514,1600,0.8578,0.8616,0.8497,0.8502
1100517,1600,0.8508,0.8587,0.8508,0.8557
1100518,1600,0.8557,0.8605,0.8502,0.8516
1100519,1600,0.852,0.8602,0.8494,0.8596
1100520,1600,0.8595,0.8715,0.8562,0.87
1100521,1600,0.8703,0.877,0.8653,0.868
1100524,1600,0.8666,0.8668,0.8562,0.8567
1100525,1600,0.857,0.8582,0.8511,0.8564
1100526,1600,0.8566,0.8573,0.845,0.8462
1100527,1600,0.8461,0.8506,0.842,0.848
1100528,1600,0.8479,0.8545,0.8444,0.849
1100531,1600,0.8494,0.8522,0.844,0.846
1100601,1600,0.846,0.8473,0.8323,0.8339
1100602,1600,0.8339,0.838,0.8281,0.8352
1100603,1600,0.8352,0.8378,0.8315,0.8315
1100604,1600,0.8315,0.8334,0.8254,0.8265
1100607,1600,0.8281,0.8298,0.821,0.8235
1100608,1600,0.8237,0.8334,0.8232,0.8282
1100609,1600,0.8284,0.8285,0.8238,0.8241
1100610,1600,0.8241,0.828,0.8222,0.823
1100611,1600,0.8231,0.8326,0.8211,0.831
1100614,1600,0.8328,0.8358,0.8284,0.8289
1100615,1600,0.8288,0.8336,0.8261,0.8322
1100616,1600,0.8322,0.8361,0.8285,0.8352
1100617,1600,0.8354,0.838,0.8336,0.8356
1100618,1600,0.8354,0.8374,0.8326,0.8345
1100621,1600,0.836,0.8378,0.8329,0.8342
1100622,1600,0.8344,0.8367,0.8275,0.8279
1100623,1600,0.828,0.8284,0.82,0.8228
1100624,1600,0.8231,0.8271,0.818,0.8261
1100625,1600,0.8261,0.8272,0.8198,0.8198
1100628,1600,0.8226,0.8235,0.812,0.8128
1100629,1600,0.8128,0.8135,0.8068,0.8094
1100630,1600,0.8095,0.8222,0.8089,0.8182
1100701,1600,0.8182,0.8182,0.8182,0.8245
1100702,1600,0.8246,0.8297,0.8216,0.8254
1100705,1600,0.8262,0.8294,0.8251,0.8284
1100706,1600,0.8286,0.834,0.8264,0.8332
1100707,1600,0.8332,0.8338,0.8291,0.8321
1100708,1600,0.8321,0.8379,0.831,0.8374
1100709,1600,0.8373,0.8397,0.8332,0.8352
1100712,1600,0.839,0.8417,0.8339,0.8377
1100713,1600,0.8378,0.8391,0.8316,0.8377
1100714,1600,0.8374,0.8374,0.8318,0.8342
1100715,1600,0.8344,0.8401,0.8324,0.8371
1100716,1600,0.8368,0.8461,0.8362,0.8431
1100719,1600,0.8428,0.853,0.842,0.8494
1100720,1600,0.8497,0.853,0.843,0.8432
1100721,1600,0.8432,0.8471,0.8376,0.8407
1100722,1600,0.8409,0.8464,0.8388,0.8446
1100723,1600,0.8447,0.845,0.8317,0.8367
1100726,1600,0.8355,0.8395,0.8322,0.8387
1100727,1600,0.8386,0.8414,0.833,0.8333
1100728,1600,0.8386,0.8363,0.8313,0.8331
1100729,1600,0.8331,0.8394,0.8324,0.8377
1100730,1600,0.8374,0.8377,0.8304,0.831
1100802,1600,0.8314,0.8324,0.8252,0.8288
1100803,1600,0.829,0.8313,0.8269,0.8292
1100804,1600,0.8293,0.8305,0.8274,0.8293
1100805,1600,0.828,0.8321,0.827,0.8279
1100806,1600,0.8292,0.8335,0.829,0.8292
1100809,1600,0.8314,0.8334,0.829,0.8315
1100810,1600,0.8317,0.836,0.8299,0.8317
1100811,1600,0.8313,0.8319,0.822,0.8314
1100812,1600,0.8215,0.8264,0.8204,0.8216
1100813,1600,0.823,0.826,0.8181,0.8228
1100816,1600,0.8184,0.8225,0.8181,0.8184
1100817,1600,0.819,0.8272,0.8184,0.8189
1100818,1600,0.8266,0.8281,0.8221,0.8266
1100819,1600,0.824,0.8246,0.8194,0.8238
1100820,1600,0.822,0.8245,0.817,0.8221
1100823,1600,0.8175,0.8177,0.8141,0.8174
1100824,1600,0.8155,0.8218,0.8149,0.8154
1100825,1600,0.82,0.8234,0.8178,0.8199
1100826,1600,0.8185,0.8193,0.8154,0.8185
1100827,1600,0.8187,0.8229,0.8176,0.8187
1100830,1600,0.821,0.821,0.816,0.821
1100831,1600,0.8188,0.829,0.8169,0.8187
1100901,1600,0.8262,0.8326,0.8248,0.8263
1100902,1600,0.8285,0.8345,0.828,0.8286
1100903,1600,0.8327,0.8346,0.8298,0.8327
1100906,1600,0.8344,0.8389,0.8328,0.8343
1100907,1600,0.8357,0.8357,0.8288,0.8356
1100908,1600,0.826,0.8271,0.8202,0.8258
1100909,1600,0.8225,0.8266,0.8208,0.8226
1100910,1600,0.8224,0.828,0.8213,0.8226
1100913,1600,0.8273,0.834,0.827,0.8273
1100914,1600,0.834,0.8384,0.8326,0.8341
1100915,1600,0.8361,0.84,0.8319,0.836
1100916,1600,0.8323,0.84,0.8308,0.8323
1100917,1600,0.8366,0.838,0.8329,0.8366
1100920,1600,0.8334,0.841,0.8332,0.8336
1100921,1600,0.8402,0.8467,0.839,0.8402
1100922,1600,0.8488,0.8575,0.846,0.8487
1100923,1600,0.8558,0.8563,0.847,0.856
1100924,1600,0.8493,0.8544,0.8482,0.8493
1100927,1600,0.8515,0.8519,0.849,0.8513
1100928,1600,0.8498,0.8591,0.8465,0.8496
1100929,1600,0.8586,0.8629,0.8568,0.8585
1100930,1600,0.8625,0.867,0.8562,0.8626
1101001,1600,0.8667,0.8702,0.8659,0.8666
1101004,1600,0.871,0.8726,0.863,0.871
1101005,1600,0.8641,0.87,0.8625,0.8642
1101006,1600,0.8706,0.8755,0.8686,0.8705
1101007,1600,0.8776,0.8804,0.8732,0.8776
1101008,1600,0.8768,0.8803,0.8719,0.877
1101011,1600,0.8765,0.8776,0.8726,0.8764
1101012,1600,0.8733,0.877,0.8698,0.8734
1101013,1600,0.88,0.8836,0.8793,0.8801
1101014,1600,0.8782,0.8819,0.877,0.8781
1101015,1600,0.879,0.8792,0.8732,0.8789
1101018,1600,0.8736,0.8793,0.8703,0.8736
1101019,1600,0.8768,0.8824,0.876,0.8766
1101020,1600,0.875,0.882,0.874,0.8751
1101021,1600,0.8812,0.8907,0.8774,0.8812
1101022,1600,0.8856,0.889,0.8846,0.8854
1101025,1600,0.8888,0.8939,0.8867,0.889
1101026,1600,0.8866,0.8878,0.8728,0.8873
1101027,1600,0.8741,0.8752,0.871,0.8741
1101028,1600,0.8731,0.877,0.87,0.8732
1101029,1600,0.8731,0.877,0.8668,0.8732
1101101,1600,0.8705,0.8722,0.8657,0.8706
1101102,1600,0.8661,0.877,0.8652,0.8661
1101103,1600,0.8751,0.8757,0.8697,0.8753
1101104,1600,0.8769,0.8816,0.8734,0.877
1101105,1600,0.8741,0.8776,0.8656,0.8741
1101108,1600,0.8684,0.869,0.861,0.8684
1101109,1600,0.86,0.8636,0.8588,0.8603
1101110,1600,0.8604,0.8637,0.8528,0.8604
1101111,1600,0.8541,0.855,0.8466,0.8543
1101112,1600,0.8457,0.8557,0.845,0.8457
1101115,1600,0.8484,0.8512,0.8455,0.8486
1101116,1600,0.846,0.852,0.8454,0.846
1101117,1600,0.8491,0.8511,0.8475,0.8493
1101118,1600,0.8512,0.855,0.8497,0.8511
1101119,1600,0.8507,0.857,0.8494,0.8507
1101122,1600,0.8587,0.8595,0.853,0.8586
1101123,1600,0.8528,0.8539,0.8446,0.853
1101124,1600,0.8471,0.8498,0.8426,0.8471
1101125,1600,0.8458,0.8482,0.8432,0.846
1101126,1600,0.8464,0.8479,0.842,0.8464
1101129,1600,0.8488,0.8512,0.8409,0.8489
1101130,1600,0.8422,0.8445,0.835,0.8425
1101201,1600,0.8345,0.8415,0.8332,0.8345
1101202,1600,0.8407,0.8471,0.839,0.8406
1101203,1600,0.8475,0.8524,0.8446,0.8474
1101206,1600,0.8506,0.8509,0.8454,0.8507
1101207,1600,0.8457,0.848,0.8434,0.8456
1101208,1600,0.8408,0.843,0.836,0.8408
1101209,1600,0.8386,0.8414,0.836,0.8386
1101210,1600,0.8392,0.8404,0.8356,0.8393
1101213,1600,0.8356,0.8452,0.8346,0.8355
1101214,1600,0.8442,0.8504,0.843,0.8443
1101215,1600,0.8472,0.8545,0.845,0.8473
1101216,1600,0.8498,0.851,0.8463,0.8498
1101217,1600,0.847,0.855,0.8469,0.8469
1101220,1600,0.8484,0.8493,0.8447,0.8484
1101221,1600,0.8459,0.8517,0.8447,0.8458
1101222,1600,0.8464,0.8521,0.8464,0.8463
1101223,1600,0.851,0.8523,0.8466,0.851
1101224,1600,0.8495,0.8509,0.8479,0.8495
1101227,1600,0.8485,0.854,0.8484,0.8486
1101228,1600,0.854,0.859,0.8524,0.8538
1101229,1600,0.8521,0.8552,0.8503,0.8522
1101230,1600,0.8527,0.8628,0.8518,0.8529
1101231,1600,0.8616,0.864,0.8564,0.8614
1110103,1600,0.8576,0.8636,0.854,0.8575
1110104,1600,0.8623,0.8634,0.8542,0.8622
1110105,1600,0.854,0.854,0.8473,0.8538
1110106,1600,0.8481,0.8486,0.8419,0.848
1110107,1600,0.8402,0.8423,0.8339,0.84
1110110,1600,0.8295,0.8338,0.8286,0.8296
1110111,1600,0.8316,0.8332,0.8293,0.8315
1110112,1600,0.8317,0.8336,0.8303,0.8317
1110113,1600,0.8334,0.8421,0.831,0.8333
1110114,1600,0.8428,0.8494,0.8408,0.8426
1110117,1600,0.8423,0.8426,0.8349,0.8424
1110118,1600,0.8354,0.8404,0.8332,0.8353
1110119,1600,0.8381,0.8451,0.8376,0.8382
1110120,1600,0.8419,0.8476,0.841,0.8419
1110121,1600,0.8462,0.8524,0.846,0.8464
1110124,1600,0.8514,0.8549,0.8493,0.8512
1110125,1600,0.8534,0.865,0.853,0.8534
1110126,1600,0.8651,0.867,0.8599,0.865
1110127,1600,0.8608,0.8628,0.8582,0.8606
1110128,1600,0.8615,0.8651,0.8592,0.8616
1110131,1600,0.8575,0.8618,0.8558,0.8572
1110201,1600,0.8555,0.8565,0.8508,0.8557
1110202,1600,0.8568,0.8576,0.8512,0.8569
1110203,1600,0.8523,0.853,0.8438,0.8525
1110204,1600,0.8444,0.8474,0.8422,0.8443
1110207,1600,0.8429,0.8445,0.8387,0.843
1110208,1600,0.8425,0.8507,0.8418,0.8426
1110209,1600,0.848,0.8523,0.847,0.8481
1110210,1600,0.852,0.8525,0.8457,0.8521
1110211,1600,0.845,0.8475,0.8421,0.8449
1110214,1600,0.844,0.8441,0.8399,0.8443
1110215,1600,0.8411,0.8448,0.836,0.8411
1110216,1600,0.8365,0.8428,0.8363,0.8364
1110217,1600,0.8432,0.8443,0.84,0.8434
1110218,1600,0.842,0.8422,0.8357,0.842
1110221,1600,0.8437,0.8443,0.8409,0.8438
1110222,1600,0.8429,0.847,0.8383,0.8428
1110223,1600,0.8461,0.8486,0.843,0.8461
1110224,1600,0.8474,0.856,0.847,0.8474
1110225,1600,0.856,0.8591,0.854,0.856
1110228,1600,0.853,0.8553,0.849,0.8531
1110301,1600,0.8494,0.8502,0.8469,0.8494
1110302,1600,0.8466,0.8502,0.8465,0.8468
1110303,1600,0.8491,0.857,0.8478,0.849
1110304,1600,0.8573,0.8601,0.8563,0.8574
1110307,1600,0.8601,0.8632,0.8571,0.86
1110308,1600,0.862,0.8634,0.8588,0.862
1110309,1600,0.8597,0.8602,0.8565,0.8597
1110310,1600,0.858,0.8599,0.8533,0.8578
1110311,1600,0.859,0.8641,0.8589,0.859
1110314,1600,0.8668,0.869,0.8636,0.8671
1110315,1600,0.8649,0.8697,0.8625,0.865
1110316,1600,0.8702,0.8705,0.8661,0.8703
1110317,1600,0.8684,0.8705,0.867,0.8682
1110318,1600,0.869,0.8758,0.8677,0.869
1110321,1600,0.8734,0.8743,0.8698,0.8733
1110322,1600,0.8716,0.8728,0.866,0.8716
1110323,1600,0.866,0.8722,0.8653,0.866
1110324,1600,0.8681,0.8782,0.8662,0.868
1110325,1600,0.8789,0.8809,0.8774,0.8789
1110328,1600,0.876,0.8817,0.8758,0.8762
1110329,1600,0.8804,0.8831,0.8797,0.8805
1110330,1600,0.8813,0.8817,0.875,0.8813
1110331,1600,0.8786,0.885,0.8774,0.8787
1110401,1600,0.8829,0.8842,0.88,0.8829
1110404,1600,0.8822,0.884,0.8793,0.8822
1110405,1600,0.8814,0.8819,0.8714,0.8814
1110406,1600,0.8723,0.8796,0.8718,0.8723
1110407,1600,0.878,0.879,0.8733,0.878
1110408,1600,0.8762,0.8837,0.8758,0.8762
1110411,1600,0.8832,0.8859,0.8792,0.8832
1110412,1600,0.8831,0.8911,0.8822,0.8832
1110413,1600,0.8904,0.8922,0.8881,0.8904
1110414,1600,0.8874,0.888,0.8809,0.8876
1110418,1600,0.8834,0.8835,0.8751,0.8833
1110419,1600,0.8743,0.8792,0.8743,0.8744
1110420,1600,0.8782,0.8874,0.8779,0.8782
1110421,1600,0.8852,0.8877,0.878,0.8852
1110422,1600,0.8808,0.8834,0.8801,0.8813
1110425,1600,0.8808,0.885,0.8806,0.8806
1110426,1600,0.8833,0.8901,0.8808,0.8831
1110427,1600,0.8892,0.8921,0.8844,0.889
1110428,1600,0.8884,0.8914,0.8868,0.8885
1110429,1600,0.8914,0.8936,0.887,0.8914
1110502,1600,0.8864,0.892,0.8858,0.8865
1110503,1600,0.8897,0.9004,0.8882,0.8897
1110504,1600,0.8992,0.9027,0.8975,0.8992
1110505,1600,0.8988,0.9041,0.8875,0.8988
1110506,1600,0.8872,0.8898,0.8815,0.8874
1110509,1600,0.8774,0.882,0.8741,0.8774
1110510,1600,0.8757,0.8795,0.8719,0.8757
1110511,1600,0.8801,0.8808,0.868,0.88
1110512,1600,0.8681,0.8741,0.8674,0.8681
1110513,1600,0.8741,0.8797,0.8731,0.8743
1110516,1600,0.87,0.8769,0.8689,0.87
1110517,1600,0.8733,0.8753,0.868,0.8734
1110518,1600,0.8778,0.8838,0.876,0.8777
1110519,1600,0.8819,0.8839,0.879,0.8817
1110520,1600,0.8821,0.884,0.8735,0.882
1110523,1600,0.87,0.8708,0.8664,0.8698
1110524,1600,0.8713,0.8751,0.8708,0.8713
1110525,1600,0.8711,0.8713,0.863,0.8711
1110526,1600,0.8652,0.8708,0.8612,0.8651
1110527,1600,0.8626,0.869,0.862,0.8625
1110530,1600,0.8659,0.868,0.8656,0.8659
1110531,1600,0.8686,0.8748,0.8683,0.8684
1110601,1600,0.8762,0.8806,0.8744,0.8762
1110602,1600,0.8778,0.8851,0.877,0.8779
1110603,1600,0.8851,0.8919,0.8846,0.8851
1110606,1600,0.8906,0.8936,0.8891,0.8904
1110607,1600,0.8911,0.8943,0.8906,0.8914
1110608,1600,0.8933,0.8974,0.8901,0.8931
1110609,1600,0.8898,0.8914,0.8845,0.8899
1110610,1600,0.8865,0.8908,0.8836,0.8864
1110613,1600,0.8832,0.8841,0.8799,0.8831
1110614,1600,0.8804,0.8833,0.8784,0.8804
1110615,1600,0.882,0.8822,0.8765,0.8821
1110616,1600,0.8757,0.8787,0.8722,0.8756
1110617,1600,0.8785,0.8853,0.8769,0.8786
1110620,1600,0.8834,0.8841,0.8789,0.8828
1110621,1600,0.8835,0.8874,0.8827,0.8836
1110622,1600,0.8864,0.8946,0.8853,0.8865
1110623,1600,0.8916,0.893,0.8848,0.8913
1110624,1600,0.8903,0.8926,0.886,0.8903
1110627,1600,0.8879,0.8942,0.8859,0.8876
1110628,1600,0.8952,0.8977,0.8928,0.8952
1110629,1600,0.8979,0.9011,0.8967,0.898
1110630,1600,0.9005,0.9066,0.8995,0.9005
1110701,1600,0.9032,0.9081,0.9015,0.9032
1110704,1600,0.9053,0.9065,0.9004,0.9048
1110705,1600,0.904,0.905,0.8974,0.904
1110706,1600,0.8977,0.9015,0.894,0.8977
1110707,1600,0.895,0.8994,0.8905,0.8949
1110708,1600,0.8988,0.8999,0.8865,0.8989
1110711,1600,0.886,0.8889,0.8796,0.8862
1110712,1600,0.8825,0.8838,0.875,0.8824
1110713,1600,0.8775,0.8846,0.8766,0.8777
1110714,1600,0.8799,0.883,0.878,0.88
1110715,1600,0.8766,0.8792,0.8745,0.8766
1110718,1600,0.8762,0.877,0.8704,0.8763
1110719,1600,0.8784,0.881,0.8757,0.8785
1110720,1600,0.8783,0.883,0.8768,0.878
1110721,1600,0.8827,0.8834,0.876,0.8827
1110722,1600,0.8832,0.8852,0.8797,0.8831
1110725,1600,0.8816,0.8842,0.8798,0.8817
1110726,1600,0.8825,0.8881,0.8817,0.8827
1110727,1600,0.883,0.8846,0.878,0.883
1110728,1600,0.8801,0.8803,0.8736,0.8801
1110729,1600,0.8757,0.8783,0.873,0.8757
1110801,1600,0.8752,0.8804,0.872,0.8751
1110802,1600,0.8748,0.8765,0.8699,0.8744
1110803,1600,0.8706,0.8756,0.8696,0.8707
1110804,1600,0.873,0.875,0.8656,0.8729
1110805,1600,0.8661,0.8706,0.8644,0.8659
1110808,1600,0.8706,0.875,0.8662,0.8703
1110809,1600,0.868,0.8791,0.8679,0.8682
1110810,1600,0.8816,0.8883,0.8758,0.8816
1110811,1600,0.8764,0.8823,0.8737,0.8763
1110812,1600,0.8763,0.8775,0.873,0.8764
1110815,1600,0.8759,0.8827,0.8756,0.8759
1110816,1600,0.881,0.8823,0.876,0.8809
1110817,1600,0.8756,0.8805,0.8704,0.8757
1110818,1600,0.8723,0.874,0.868,0.8722
1110819,1600,0.8676,0.8708,0.8653,0.8676
1110822,1600,0.8718,0.875,0.8697,0.872
1110823,1600,0.872,0.8766,0.87,0.8721
1110824,1600,0.875,0.8804,0.8728,0.8749
1110825,1600,0.8803,0.8834,0.8794,0.8802
1110826,1600,0.8826,0.8865,0.8825,0.8825
1110829,1600,0.8865,0.8876,0.8833,0.8865
1110830,1600,0.8847,0.8874,0.8814,0.8847
1110831,1600,0.8851,0.8883,0.8828,0.8849
1110901,1600,0.8844,0.8856,0.8798,0.8844
1110902,1600,0.8809,0.882,0.876,0.881
1110905,1600,0.8752,0.8789,0.8736,0.8752
1110906,1600,0.8736,0.8819,0.8734,0.8734
1110907,1600,0.8778,0.8827,0.8773,0.8778
1110908,1600,0.881,0.884,0.8702,0.881
1110909,1600,0.8702,0.8718,0.8598,0.8701
1110912,1600,0.8581,0.8633,0.8536,0.858
1110913,1600,0.8611,0.867,0.8596,0.8612
1110914,1600,0.8666,0.8707,0.8639,0.8668
1110915,1600,0.8716,0.879,0.8696,0.8715
1110916,1600,0.8781,0.8786,0.871,0.8781
1110919,1600,0.8713,0.8718,0.867,0.8713
1110920,1600,0.8685,0.8735,0.8677,0.8687
1110921,1600,0.87,0.8787,0.8697,0.8701
1110922,1600,0.8759,0.8776,0.8709,0.8759
1110923,1600,0.8775,0.8791,0.8713,0.8776
1110926,1600,0.8745,0.8745,0.8651,0.8742
1110927,1600,0.869,0.8708,0.867,0.869
1110928,1600,0.8685,0.874,0.8671,0.8685
1110929,1600,0.8693,0.8723,0.8674,0.8692
1110930,1600,0.8708,0.8708,0.86,0.8707
1111003,1600,0.8572,0.8611,0.8567,0.8574
1111004,1600,0.8548,0.8637,0.8534,0.8548
1111005,1600,0.8616,0.864,0.8595,0.8616
1111006,1600,0.8624,0.8724,0.862,0.8626
1111007,1600,0.87,0.87,0.8629,0.8699
1111010,1600,0.8613,0.873,0.8607,0.8612
1111011,1600,0.8707,0.876,0.8688,0.8707
1111012,1600,0.8753,0.8785,0.8734,0.8754
1111013,1600,0.8751,0.878,0.8706,0.8753
1111014,1600,0.8723,0.8776,0.8721,0.8724
1111017,1600,0.8771,0.8795,0.8714,0.8769
1111018,1600,0.8727,0.877,0.8691,0.8728
1111019,1600,0.8742,0.8787,0.8716,0.8742
1111020,1600,0.8724,0.8759,0.869,0.8724
1111021,1600,0.8721,0.8732,0.8669,0.8722
1111024,1600,0.8685,0.8722,0.8674,0.8685
1111025,1600,0.8702,0.8721,0.8677,0.8702
1111026,1600,0.8691,0.872,0.8673,0.869
1111027,1600,0.8694,0.8827,0.8689,0.8694
1111028,1600,0.881,0.882,0.8778,0.8809
1111031,1600,0.8773,0.8782,0.864,0.8774
1111101,1600,0.862,0.8622,0.8547,0.862
1111102,1600,0.8567,0.864,0.8567,0.8565
1111103,1600,0.8604,0.8641,0.856,0.8604
1111104,1600,0.8619,0.8653,0.857,0.8618
1111107,1600,0.8598,0.8606,0.8558,0.8597
1111108,1600,0.8566,0.859,0.8557,0.8564
1111109,1600,0.8587,0.8597,0.8509,0.8588
1111110,1600,0.8501,0.8556,0.8486,0.8501
1111111,1600,0.8537,0.8585,0.8527,0.8538
1111114,1600,0.8565,0.86,0.8556,0.8574
1111115,1600,0.8568,0.8574,0.8516,0.8568
1111116,1600,0.8545,0.8583,0.852,0.8545
1111117,1600,0.8556,0.8575,0.8538,0.8557
1111118,1600,0.8541,0.8584,0.8519,0.8542
1111121,1600,0.858,0.8622,0.8558,0.858
1111122,1600,0.8621,0.8662,0.8617,0.8621
1111123,1600,0.8638,0.8646,0.8588,0.8639
1111124,1600,0.8597,0.862,0.8584,0.8595
1111125,1600,0.8611,0.8617,0.8545,0.8612
1111128,1600,0.8594,0.8609,0.856,0.8593
1111129,1600,0.859,0.8608,0.8529,0.859
1111130,1600,0.8541,0.8588,0.852,0.8541
1111201,1600,0.8561,0.8597,0.8557,0.8559
1111202,1600,0.8586,0.8613,0.8576,0.8586
1111205,1600,0.8595,0.8602,0.857,0.8596
1111206,1600,0.8557,0.8584,0.8538,0.8557
1111207,1600,0.8592,0.8612,0.8515,0.8593
1111208,1600,0.8533,0.855,0.8495,0.8534
1111209,1600,0.8534,0.856,0.8515,0.8534
1111212,1600,0.8541,0.8551,0.845,0.854
1111213,1600,0.8452,0.848,0.842,0.8452
1111214,1600,0.8412,0.8423,0.837,0.841
1111215,1600,0.8392,0.8423,0.8375,0.8391
1111216,1600,0.8391,0.8411,0.838,0.8392
1111219,1600,0.8397,0.8415,0.8379,0.8397
1111220,1600,0.8385,0.8387,0.8351,0.8386
1111221,1600,0.835,0.8374,0.8301,0.8351
1111222,1600,0.8319,0.8346,0.8305,0.832
1111223,1600,0.8324,0.8344,0.832,0.8325
1111226,1600,0.8361,0.8368,0.8344,0.8359
1111227,1600,0.8346,0.8372,0.8333,0.8353
1111228,1600,0.8342,0.8375,0.8331,0.8343
1111229,1600,0.8372,0.8394,0.835,0.8371
1111230,1600,0.8401,0.8408,0.8341,0.8404
1120102,1600,0.8342,0.8355,0.8328,0.8331
1120103,1600,0.8335,0.837,0.8328,0.8336
1120104,1600,0.8342,0.8346,0.8263,0.8342
1120105,1600,0.8283,0.8287,0.8254,0.8284
1120106,1600,0.8252,0.8264,0.8238,0.8252
1120109,1600,0.8223,0.8276,0.8223,0.8222
1120110,1600,0.8259,0.8286,0.8247,0.8263
1120111,1600,0.8242,0.827,0.8239,0.8241
1120112,1600,0.8295,0.8365,0.8291,0.8295
1120113,1600,0.8355,0.8375,0.8277,0.8356
1120116,1600,0.8264,0.8283,0.8253,0.8263
1120117,1600,0.8265,0.8319,0.8264,0.8266
1120118,1600,0.8307,0.8351,0.8305,0.8307
1120119,1600,0.8337,0.8363,0.8324,0.8336
1120120,1600,0.837,0.8377,0.8315,0.8369
1120123,1600,0.8292,0.8371,0.8286,0.829
1120124,1600,0.836,0.8389,0.8313,0.836
1120125,1600,0.8341,0.8382,0.8309,0.8342
1120126,1600,0.8371,0.8397,0.835,0.837
1120127,1600,0.8349,0.8386,0.8338,0.8349
1120130,1600,0.8399,0.8399,0.835,0.8399
1120131,1600,0.8364,0.8384,0.8295,0.8365
1120201,1600,0.8364,0.8384,0.828,0.8295
1120202,1600,0.831,0.8331,0.8275,0.831
1120203,1600,0.8311,0.8335,0.8291,0.8313
1120206,1600,0.8306,0.8307,0.8264,0.8305
1120207,1600,0.8294,0.835,0.8282,0.8295
1120208,1600,0.8334,0.8381,0.833,0.8335
1120209,1600,0.8378,0.8401,0.8337,0.8378
1120210,1600,0.8395,0.8406,0.835,0.8395
1120213,1600,0.8391,0.8401,0.8366,0.8386
1120214,1600,0.8366,0.8397,0.8361,0.8365
1120215,1600,0.8366,0.84,0.8328,0.8367
1120216,1600,0.8322,0.8322,0.8277,0.8322
1120217,1600,0.8305,0.8335,0.8288,0.8304
1120220,1600,0.8333,0.8366,0.8316,0.8334
1120221,1600,0.8344,0.8396,0.834,0.8343
1120222,1600,0.8388,0.8455,0.8377,0.8387
1120223,1600,0.8458,0.8487,0.8453,0.8454
1120224,1600,0.8495,0.8504,0.8467,0.8494
1120227,1600,0.8478,0.8485,0.844,0.8478
1120228,1600,0.8469,0.8489,0.8464,0.8468
1120229,1600,0.8465,0.8467,0.8383,0.8464
1120301,1600,0.8367,0.8383,0.8335,0.8368
1120302,1600,0.8348,0.8349,0.8314,0.8346
1120305,1600,0.8327,0.8351,0.8326,0.8327
1120306,1600,0.8329,0.8348,0.8318,0.833
1120307,1600,0.8344,0.836,0.834,0.8344
1120308,1600,0.8353,0.8397,0.8342,0.8352
1120309,1600,0.8387,0.8392,0.8346,0.8386
1120312,1600,0.8371,0.8415,0.835,0.8374
1120313,1600,0.8413,0.8421,0.8326,0.8412
1120314,1600,0.8327,0.8333,0.8294,0.8328
1120315,1600,0.8317,0.8349,0.8313,0.8319
1120316,1600,0.8327,0.833,0.8293,0.8327
1120319,1600,0.8321,0.8341,0.8283,0.8319
1120320,1600,0.8327,0.8354,0.8315,0.8326
1120321,1600,0.8344,0.837,0.8324,0.8344
1120322,1600,0.8326,0.8345,0.83,0.8325
1120323,1600,0.8344,0.8364,0.8336,0.8344
1120326,1600,0.8365,0.8368,0.8336,0.8364
1120327,1600,0.8367,0.837,0.8336,0.8367
1120328,1600,0.8354,0.8394,0.8348,0.8353
1120329,1600,0.8384,0.8384,0.8333,0.8383
1120330,1600,0.8342,0.8359,0.8324,0.8342
1120402,1600,0.8342,0.8347,0.8293,0.8341
1120403,1600,0.8312,0.8357,0.8312,0.8312
1120404,1600,0.8313,0.8324,0.8262,0.8313
1120405,1600,0.8264,0.8279,0.8238,0.8264
1120406,1600,0.8252,0.8256,0.8234,0.8251
1120409,1600,0.8241,0.8245,0.8229,0.824
1120410,1600,0.824,0.8275,0.8234,0.8242
1120411,1600,0.8245,0.8263,0.8237,0.8246
1120412,1600,0.8237,0.8267,0.8226,0.8237
1120413,1600,0.8262,0.8267,0.8229,0.8262
1120416,1600,0.8235,0.8248,0.821,0.8237
1120417,1600,0.8257,0.826,0.8229,0.8258
1120418,1600,0.824,0.8243,0.8174,0.8239
1120419,1600,0.8188,0.819,0.8161,0.8187
1120420,1600,0.8184,0.8199,0.8164,0.8183
1120423,1600,0.8186,0.8189,0.8148,0.8187
1120424,1600,0.8157,0.8185,0.8143,0.8158
1120425,1600,0.8173,0.822,0.8169,0.8173
1120426,1600,0.8178,0.8184,0.8156,0.8178
1120427,1600,0.8152,0.8166,0.8134,0.8153
1120430,1600,0.8132,0.8155,0.8122,0.8131
1120501,1600,0.8155,0.8197,0.8148,0.8155
1120502,1600,0.8159,0.8159,0.8112,0.816
1120503,1600,0.8118,0.8142,0.8102,0.8118
1120504,1600,0.8123,0.8138,0.8105,0.8123
1120507,1600,0.8041,0.8077,0.804,0.8042
1120508,1600,0.8065,0.8072,0.8044,0.8064
1120509,1600,0.8047,0.8058,0.8023,0.8046
1120510,1600,0.8014,0.8044,0.8002,0.8016
1120511,1600,0.8015,0.8047,0.7997,0.8015
1120514,1600,0.8023,0.8027,0.7962,0.8024
1120515,1600,0.7969,0.8012,0.796,0.797
1120516,1600,0.7967,0.8006,0.795,0.7967
1120517,1600,0.7996,0.8042,0.7994,0.7994
1120518,1600,0.8043,0.8055,0.8024,0.8043
1120521,1600,0.8076,0.8089,0.8062,0.8076
1120522,1600,0.8094,0.8098,0.807,0.8093
1120523,1600,0.8034,0.806,0.8002,0.8034
1120524,1600,0.801,0.8026,0.8001,0.8009
1120525,1600,0.8005,0.8044,0.7981,0.8005
1120528,1600,0.8013,0.8036,0.7982,0.8014
1120529,1600,0.7991,0.8005,0.7984,0.7992
1120530,1600,0.7981,0.7999,0.7971,0.798
1120531,1600,0.7991,0.8034,0.799,0.7991
1120601,1600,0.8027,0.8077,0.8016,0.8028
1120604,1600,0.8078,0.8126,0.8066,0.8077
1120605,1600,0.8136,0.8141,0.8089,0.8132
1120606,1600,0.8099,0.8109,0.805,0.8101
1120607,1600,0.8122,0.813,0.8064,0.8121
1120608,1600,0.8095,0.8097,0.8071,0.8094
1120611,1600,0.8137,0.8137,0.8053,0.8138
1120612,1600,0.8057,0.8078,0.8011,0.8057
1120613,1600,0.8032,0.8097,0.8022,0.803
1120614,1600,0.8101,0.8119,0.8086,0.8099
1120615,1600,0.8118,0.8152,0.8069,0.8119
1120618,1600,0.8084,0.8099,0.8024,0.8083
1120619,1600,0.803,0.8077,0.8026,0.8031
1120620,1600,0.8066,0.8092,0.8055,0.8065
1120621,1600,0.8072,0.8091,0.8043,0.8072
1120622,1600,0.8045,0.8063,0.8022,0.8043
1120625,1600,0.8045,0.8047,0.8019,0.8045
1120626,1600,0.8031,0.8038,0.7984,0.8031
1120627,1600,0.7985,0.8012,0.7985,0.7986
1120628,1600,0.8008,0.8028,0.7986,0.8009
1120629,1600,0.8016,0.8093,0.8009,0.8016
1120702,1600,0.807,0.8076,0.8014,0.8069
1120703,1600,0.8017,0.8042,0.8012,0.8017
1120704,1600,0.8034,0.8052,0.8026,0.8033
1120705,1600,0.8031,0.8041,0.7967,0.8031
1120706,1600,0.7979,0.798,0.7931,0.7978
1120709,1600,0.7926,0.7947,0.7915,0.7925
1120710,1600,0.7932,0.7933,0.79,0.7931
1120711,1600,0.7897,0.7903,0.7871,0.7897
1120712,1600,0.7894,0.7912,0.7881,0.7895
1120713,1600,0.7901,0.7911,0.7864,0.7902
1120716,1600,0.786,0.7867,0.783,0.7859
1120717,1600,0.7849,0.7873,0.7832,0.7849
1120718,1600,0.7849,0.7866,0.7829,0.7848
1120719,1600,0.7845,0.7854,0.7792,0.7845
1120720,1600,0.781,0.7818,0.777,0.781
1120723,1600,0.777,0.7816,0.7764,0.7768
1120724,1600,0.7813,0.782,0.7768,0.7813
1120725,1600,0.7781,0.7852,0.7778,0.7781
1120726,1600,0.7838,0.7858,0.7816,0.7838
1120727,1600,0.7829,0.7873,0.7799,0.7827
1120730,1600,0.7823,0.7828,0.779,0.7823
1120731,1600,0.7801,0.7863,0.7799,0.7802
1120801,1600,0.7844,0.7893,0.7841,0.7845
1120802,1600,0.7874,0.7905,0.7824,0.7874
1120803,1600,0.7851,0.7915,0.7842,0.7849
1120806,1600,0.7938,0.7961,0.7916,0.7939
1120807,1600,0.7947,0.7958,0.7924,0.7946
1120808,1600,0.7932,0.7947,0.788,0.7931
1120809,1600,0.7895,0.7901,0.7856,0.7895
1120810,1600,0.7864,0.7876,0.7828,0.7864
1120813,1600,0.7834,0.7873,0.7827,0.7834
1120814,1600,0.7863,0.7884,0.7854,0.7862
1120815,1600,0.7862,0.7878,0.7823,0.786
1120816,1600,0.7836,0.7856,0.7812,0.7836
1120817,1600,0.7852,0.7877,0.7836,0.7852
1120820,1600,0.786,0.787,0.7834,0.7859
1120821,1600,0.7861,0.7906,0.7854,0.7861
1120822,1600,0.7908,0.7908,0.7877,0.7906
1120823,1600,0.789,0.7923,0.7883,0.789
1120824,1600,0.7919,0.793,0.789,0.7921
1120827,1600,0.7913,0.7927,0.7901,0.7912
1120828,1600,0.7916,0.7954,0.7906,0.7917
1120829,1600,0.7942,0.7944,0.7905,0.7942
1120830,1600,0.7916,0.7934,0.7902,0.7915
1120831,1600,0.7923,0.7955,0.7916,0.7922
1120903,1600,0.7923,0.7931,0.7905,0.7924
1120904,1600,0.7926,0.7942,0.7902,0.7925
1120905,1600,0.7899,0.7929,0.7886,0.7899
1120906,1600,0.7922,0.7945,0.7907,0.7922
1120907,1600,0.7928,0.7991,0.7926,0.7926
1120910,1600,0.7993,0.8009,0.7981,0.7991
1120911,1600,0.7979,0.8004,0.7967,0.7979
1120912,1600,0.7995,0.8028,0.7973,0.7995
1120913,1600,0.8009,0.8024,0.8005,0.8009
1120914,1600,0.8042,0.8113,0.8037,0.8043
1120917,1600,0.8082,0.8101,0.8066,0.8083
1120918,1600,0.8069,0.807,0.8027,0.807
1120919,1600,0.8031,0.8056,0.8016,0.803
1120920,1600,0.8043,0.8045,0.7987,0.8044
1120921,1600,0.7997,0.8007,0.7974,0.7997
1120924,1600,0.7986,0.7995,0.7955,0.7988
1120925,1600,0.7975,0.7979,0.7936,0.7974
1120926,1600,0.7965,0.7969,0.794,0.7966
1120927,1600,0.7961,0.7963,0.7923,0.7961
1120928,1600,0.7953,0.7993,0.7947,0.7955
1121001,1600,0.7943,0.8003,0.7942,0.7942
1121002,1600,0.799,0.8016,0.7978,0.7989
1121003,1600,0.8004,0.8032,0.7993,0.8004
1121004,1600,0.8025,0.805,0.8022,0.8025
1121005,1600,0.804,0.8065,0.8029,0.8038
1121008,1600,0.8066,0.8094,0.8055,0.8064
1121009,1600,0.8094,0.8099,0.8048,0.8092
1121010,1600,0.8036,0.8054,0.8029,0.8038
1121011,1600,0.8034,0.807,0.802,0.8033
1121012,1600,0.8058,0.8085,0.805,0.8058
1121015,1600,0.8053,0.8077,0.8037,0.8053
1121016,1600,0.8063,0.8101,0.8056,0.8063
1121017,1600,0.8124,0.8128,0.8106,0.8126
1121018,1600,0.8126,0.8128,0.8109,0.8125
1121019,1600,0.8138,0.8146,0.8121,0.8139
1121022,1600,0.8139,0.8163,0.8122,0.8139
1121023,1600,0.8158,0.8158,0.8124,0.8158
1121024,1600,0.8133,0.8147,0.8077,0.8133
1121025,1600,0.8086,0.8097,0.8028,0.8086
1121026,1600,0.8024,0.8037,0.8001,0.8026
1121029,1600,0.8032,0.8052,0.8023,0.8032
1121030,1600,0.805,0.8072,0.8041,0.8051
1121031,1600,0.8062,0.8075,0.8048,0.8063
1121101,1600,0.8035,0.804,0.8003,0.8036
1121102,1600,0.8023,0.8028,0.7996,0.8023
1121105,1600,0.8004,0.8011,0.7986,0.8004
1121106,1600,0.8006,0.8019,0.7984,0.8007
1121107,1600,0.8008,0.8029,0.7976,0.8008
1121108,1600,0.7984,0.7993,0.796,0.7983
1121109,1600,0.7975,0.7991,0.7968,0.7974
1121112,1600,0.8004,0.8018,0.7988,0.8003
1121113,1600,0.8004,0.8007,0.797,0.8003
1121114,1600,0.8006,0.8036,0.8,0.8006
1121115,1600,0.8036,0.8064,0.8029,0.8035
1121116,1600,0.8056,0.8057,0.801,0.8057
1121119,1600,0.8024,0.8053,0.8013,0.8023
1121120,1600,0.8032,0.8051,0.8031,0.8035
1121121,1600,0.8044,0.805,0.8007,0.8046
1121122,1600,0.8053,0.8084,0.8042,0.8056
1121123,1600,0.8077,0.8108,0.8073,0.8076
1121126,1600,0.8093,0.8109,0.808,0.8088
1121127,1600,0.81,0.8108,0.8059,0.81
1121128,1600,0.8075,0.8079,0.8062,0.8076
1121129,1600,0.8086,0.8112,0.8081,0.8087
1121130,1600,0.8087,0.8132,0.8086,0.8088
1121203,1600,0.8111,0.813,0.8108,0.811
1121204,1600,0.8113,0.8128,0.81,0.8114
1121205,1600,0.8134,0.8146,0.8112,0.8134
1121206,1600,0.8123,0.8124,0.8066,0.812
1121207,1600,0.8075,0.808,0.8047,0.8075
1121210,1600,0.8048,0.8058,0.8034,0.8046
1121211,1600,0.8048,0.8076,0.8042,0.8048
1121212,1600,0.8072,0.8091,0.8061,0.8072
1121213,1600,0.8097,0.8116,0.8089,0.8097
1121214,1600,0.8114,0.813,0.8098,0.8114
1121217,1600,0.8141,0.8145,0.8111,0.8138
1121218,1600,0.8122,0.8137,0.8117,0.8122
1121219,1600,0.814,0.8168,0.8129,0.814
1121220,1600,0.8129,0.816,0.8125,0.8129
1121221,1600,0.8133,0.8146,0.8114,0.8133
1121224,1600,0.8159,0.8182,0.8148,0.8158
1121225,1600,0.8172,0.8183,0.8165,0.8172
1121226,1600,0.8168,0.8203,0.8166,0.8169
1121227,1600,0.8202,0.8217,0.8185,0.8203
1121228,1600,0.822,0.8225,0.8168,0.8219
1121231,1600,0.8183,0.8186,0.812,0.8182
1130101,1600,0.8124,0.8132,0.8098,0.8098
1130102,1600,0.8123,0.8148,0.8112,0.8121
1130103,1600,0.8111,0.8115,0.8086,0.8111
1130104,1600,0.8101,0.8137,0.8098,0.81
1130107,1600,0.8133,0.8145,0.8105,0.8131
1130108,1600,0.8139,0.816,0.8136,0.8139
1130109,1600,0.8145,0.8157,0.8133,0.8145
1130110,1600,0.8151,0.8203,0.8144,0.8151
1130111,1600,0.821,0.8283,0.8203,0.8211
1130114,1600,0.8285,0.8325,0.828,0.8285
1130115,1600,0.8321,0.8324,0.8295,0.8319
1130116,1600,0.8278,0.8315,0.8265,0.8279
1130117,1600,0.8305,0.8363,0.83,0.8306
1130118,1600,0.8368,0.8386,0.8354,0.8368
1130121,1600,0.8399,0.8408,0.8377,0.8398
1130122,1600,0.8404,0.8438,0.8364,0.8404
1130123,1600,0.8405,0.8419,0.8379,0.8407
1130124,1600,0.8404,0.8473,0.8391,0.8404
1130125,1600,0.847,0.8532,0.8461,0.847
1130128,1600,0.8535,0.8567,0.853,0.8535
1130129,1600,0.8567,0.8569,0.8529,0.8566
1130130,1600,0.8566,0.8604,0.8559,0.8566
1130131,1600,0.8588,0.859,0.8558,0.8588
1130201,1600,0.8576,0.8697,0.857,0.8576
1130204,1600,0.8689,0.8692,0.8613,0.869
1130205,1600,0.8573,0.864,0.8552,0.8574
1130206,1600,0.8668,0.868,0.8617,0.867
1130207,1600,0.8632,0.866,0.8521,0.8632
1130208,1600,0.852,0.8532,0.8446,0.8522
1130211,1600,0.8459,0.8546,0.8457,0.8459
1130212,1600,0.8559,0.8628,0.8542,0.856
1130213,1600,0.8581,0.8681,0.8571,0.8582
1130214,1600,0.8655,0.8666,0.8585,0.8655
1130215,1600,0.8621,0.863,0.8575,0.8622
1130218,1600,0.8617,0.8643,0.8604,0.8619
1130219,1600,0.8623,0.8648,0.8601,0.8624
1130220,1600,0.8682,0.8762,0.8681,0.8683
1130221,1600,0.8715,0.8749,0.863,0.8716
1130222,1600,0.8643,0.8675,0.8605,0.8644
1130225,1600,0.8738,0.8814,0.8709,0.8738
1130226,1600,0.8614,0.8645,0.8576,0.8617
1130227,1600,0.8637,0.8676,0.8622,0.8637
1130228,1600,0.8674,0.8674,0.8609,0.8673
1130301,1600,0.8614,0.8676,0.8609,0.8612
1130304,1600,0.8657,0.8663,0.8625,0.8656
1130305,1600,0.8615,0.8633,0.8589,0.8614
1130306,1600,0.8619,0.8647,0.8619,0.8619
1130307,1600,0.8654,0.8713,0.864,0.8654
1130308,1600,0.8722,0.8738,0.8684,0.8723
1130311,1600,0.8711,0.8746,0.8703,0.871
1130312,1600,0.8742,0.8793,0.872,0.8742
1130313,1600,0.874,0.8745,0.8664,0.874
1130314,1600,0.8682,0.8683,0.8624,0.8682
1130315,1600,0.8622,0.8652,0.8602,0.8622
1130318,1600,0.8535,0.8578,0.8533,0.8532
1130319,1600,0.8573,0.8585,0.8525,0.8573
1130320,1600,0.8522,0.8591,0.8518,0.8521
1130321,1600,0.857,0.8572,0.849,0.8572
1130322,1600,0.8498,0.8542,0.8484,0.8499
1130325,1600,0.8541,0.856,0.8474,0.8544
1130326,1600,0.847,0.8497,0.8461,0.8471
1130327,1600,0.8482,0.8485,0.8442,0.8482
1130328,1600,0.8444,0.8474,0.8416,0.8444
1130329,1600,0.843,0.8443,0.8424,0.8432
1130401,1600,0.8425,0.8443,0.841,0.8426
1130402,1600,0.844,0.8494,0.8425,0.844
1130403,1600,0.8484,0.8494,0.8469,0.8484
1130404,1600,0.8486,0.8519,0.8435,0.8487
1130405,1600,0.849,0.8507,0.8476,0.849
1130408,1600,0.8463,0.8525,0.8463,0.8465
1130409,1600,0.8535,0.8558,0.8506,0.8536
1130410,1600,0.8536,0.8559,0.8523,0.8536
1130411,1600,0.8517,0.8534,0.8505,0.8518
1130412,1600,0.852,0.8527,0.849,0.8519
1130415,1600,0.853,0.8549,0.8514,0.853
1130416,1600,0.8533,0.8586,0.8523,0.8532
1130417,1600,0.8579,0.8635,0.855,0.8579
1130418,1600,0.8548,0.8573,0.853,0.855
1130419,1600,0.8538,0.8579,0.8503,0.8539
1130422,1600,0.8575,0.859,0.8542,0.8576
1130423,1600,0.8537,0.8567,0.851,0.8536
1130424,1600,0.8533,0.8537,0.8497,0.8532
1130425,1600,0.8519,0.8532,0.8411,0.8519
1130426,1600,0.8425,0.8446,0.8398,0.8424
1130429,1600,0.8418,0.8456,0.8404,0.8417
1130430,1600,0.8452,0.8483,0.8424,0.8453
1130501,1600,0.8474,0.8493,0.846,0.8474
1130502,1600,0.8464,0.848,0.8409,0.8464
1130503,1600,0.841,0.8447,0.8407,0.8409
1130506,1600,0.8423,0.8437,0.8401,0.8424
1130507,1600,0.8413,0.8466,0.8408,0.8412
1130508,1600,0.8447,0.8486,0.8447,0.8447
1130509,1600,0.8467,0.8473,0.8432,0.8467
1130510,1600,0.8437,0.8454,0.8431,0.8438
1130513,1600,0.845,0.8491,0.8434,0.845
1130514,1600,0.8483,0.8513,0.8473,0.8483
1130515,1600,0.8496,0.8497,0.8436,0.8495
1130516,1600,0.8452,0.8463,0.8422,0.8454
1130517,1600,0.8432,0.8454,0.843,0.8433
1130520,1600,0.8454,0.8469,0.8445,0.8454
1130521,1600,0.8445,0.8515,0.8444,0.8446
1130522,1600,0.8521,0.8588,0.8518,0.852
1130523,1600,0.8541,0.857,0.8531,0.854
1130524,1600,0.8562,0.8596,0.8535,0.8561
1130527,1600,0.855,0.8572,0.8535,0.855
1130528,1600,0.8561,0.8562,0.8542,0.8561
1130529,1600,0.8549,0.8591,0.8542,0.8547
1130530,1600,0.8557,0.8595,0.8545,0.8556
1130531,1600,0.8564,0.8577,0.8528,0.8564
1130603,1600,0.8544,0.8553,0.8499,0.8544
1130604,1600,0.853,0.8557,0.8521,0.8529
1130605,1600,0.8541,0.8547,0.8498,0.8541
1130606,1600,0.8497,0.852,0.8479,0.8498
1130607,1600,0.8488,0.8526,0.8483,0.8488
1130610,1600,0.8502,0.8516,0.849,0.8502
1130611,1600,0.8511,0.8549,0.85,0.8511
1130612,1600,0.851,0.8512,0.8471,0.851
1130613,1600,0.8506,0.8541,0.8476,0.8506
1130614,1600,0.8506,0.8533,0.8494,0.8507
1130617,1600,0.8489,0.8495,0.8476,0.8489
1130618,1600,0.85,0.8583,0.8497,0.8501
1130619,1600,0.8562,0.8579,0.8543,0.8561
1130620,1600,0.8583,0.859,0.8518,0.8584
1130621,1600,0.8529,0.8551,0.8522,0.8529
1130624,1600,0.8514,0.8541,0.8484,0.8516
1130625,1600,0.85,0.851,0.8471,0.8501
1130626,1600,0.8484,0.8498,0.8468,0.8483
1130627,1600,0.8491,0.8558,0.849,0.8491
1130628,1600,0.8541,0.859,0.8541,0.8541
1130701,1600,0.8557,0.8589,0.8547,0.8558
1130702,1600,0.8592,0.8593,0.8565,0.8588
1130703,1600,0.8565,0.8572,0.8481,0.8564
1130704,1600,0.8516,0.8632,0.851,0.8518
1130705,1600,0.8581,0.8633,0.8566,0.858
1130708,1600,0.8621,0.8628,0.8604,0.8623
1130709,1600,0.8606,0.8666,0.86,0.8606
1130710,1600,0.8602,0.8616,0.8575,0.8601
1130711,1600,0.868,0.8684,0.8617,0.8683
1130712,1600,0.8628,0.8643,0.8613,0.8628
1130715,1600,0.8647,0.8665,0.863,0.8646
1130716,1600,0.865,0.8706,0.8642,0.8648
1130717,1600,0.8687,0.8709,0.8622,0.8687
1130718,1600,0.8622,0.8645,0.86,0.8622
1130719,1600,0.8612,0.8629,0.8589,0.8612
1130722,1600,0.8606,0.8611,0.8582,0.8606
1130723,1600,0.8584,0.8607,0.8578,0.8584
1130724,1600,0.8599,0.8628,0.8586,0.86
1130725,1600,0.8616,0.8642,0.8588,0.8616
1130726,1600,0.863,0.8637,0.8608,0.863
1130729,1600,0.863,0.8642,0.8621,0.8631
1130730,1600,0.8645,0.8703,0.8641,0.8644
1130731,1600,0.8703,0.876,0.8702,0.8702
1130801,1600,0.8765,0.8768,0.8684,0.8765
1130802,1600,0.8738,0.8744,0.8681,0.8736
1130805,1600,0.8685,0.8696,0.8631,0.8684
1130806,1600,0.8632,0.8665,0.862,0.8633
1130807,1600,0.8671,0.8724,0.8579,0.867
1130808,1600,0.8607,0.8622,0.8593,0.8606
1130809,1600,0.8612,0.8618,0.8597,0.8611
1130812,1600,0.8596,0.8607,0.8581,0.8596
1130813,1600,0.8599,0.8609,0.8533,0.8599
1130814,1600,0.8586,0.8598,0.8529,0.8584
1130815,1600,0.8548,0.8568,0.8505,0.8547
1130816,1600,0.8535,0.8554,0.8523,0.8534
1130819,1600,0.8529,0.8537,0.8513,0.8529
1130820,1600,0.8521,0.8573,0.8519,0.852
1130821,1600,0.8567,0.8576,0.8521,0.8567
1130822,1600,0.8543,0.8576,0.8536,0.8542
1130823,1600,0.8564,0.8599,0.8542,0.8562
1130826,1600,0.8591,0.8596,0.8576,0.8591
1130827,1600,0.8586,0.8623,0.858,0.8585
1130828,1600,0.8613,0.8648,0.8573,0.8612
1130829,1600,0.8588,0.859,0.8529,0.8587
1130830,1600,0.8536,0.8551,0.8519,0.8534
1130902,1600,0.8511,0.8511,0.8472,0.851
1130903,1600,0.8483,0.8484,0.8448,0.8482
1130904,1600,0.8462,0.8463,0.8426,0.8462
1130905,1600,0.8449,0.8465,0.8408,0.8449
1130906,1600,0.8414,0.8432,0.8393,0.8413
1130909,1600,0.8425,0.8433,0.841,0.8426
1130910,1600,0.8444,0.8452,0.8426,0.8443
1130911,1600,0.8434,0.8439,0.8385,0.8433
1130912,1600,0.8412,0.8424,0.8393,0.8413
1130913,1600,0.8414,0.8417,0.8357,0.8415
1130916,1600,0.8382,0.839,0.8371,0.8382
1130917,1600,0.8385,0.841,0.8379,0.8387
1130918,1600,0.8398,0.8399,0.8352,0.8397
1130919,1600,0.8382,0.8441,0.8378,0.8382
1130920,1600,0.8439,0.8456,0.8422,0.8438
1130923,1600,0.8449,0.8451,0.8404,0.8448
1130924,1600,0.8413,0.8447,0.8412,0.8412
1130925,1600,0.8422,0.8445,0.8399,0.8422
1130926,1600,0.8407,0.8428,0.8394,0.8408
1130927,1600,0.8409,0.8419,0.837,0.8408
1130930,1600,0.8345,0.8387,0.8344,0.8346
1131001,1600,0.8353,0.8363,0.8333,0.8354
1131002,1600,0.835,0.8379,0.8335,0.835
1131003,1600,0.8369,0.8437,0.8368,0.8369
1131004,1600,0.8431,0.8475,0.8421,0.8431
1131007,1600,0.8458,0.8465,0.8429,0.846
1131008,1600,0.8435,0.8467,0.8425,0.8435
1131009,1600,0.8436,0.8486,0.8429,0.8436
1131010,1600,0.8472,0.8491,0.8465,0.8472
1131011,1600,0.8466,0.8508,0.8461,0.8466
1131014,1600,0.8488,0.8493,0.8478,0.8489
1131015,1600,0.8487,0.8493,0.8446,0.8487
1131016,1600,0.8459,0.8485,0.8435,0.8459
1131017,1600,0.8478,0.8495,0.8452,0.848
1131018,1600,0.8463,0.8465,0.8441,0.8462
1131021,1600,0.8459,0.8468,0.8449,0.846
1131022,1600,0.8474,0.8499,0.8471,0.8475
1131023,1600,0.8488,0.853,0.8483,0.8489
1131024,1600,0.8524,0.8554,0.8508,0.8524
1131025,1600,0.852,0.8541,0.8505,0.852
1131028,1600,0.8535,0.8546,0.8518,0.8536
1131029,1600,0.8543,0.8585,0.8541,0.8542
1131030,1600,0.8562,0.8574,0.8557,0.8564
1131031,1600,0.8563,0.8565,0.8469,0.8563
1131101,1600,0.8464,0.8471,0.8446,0.8462
1131104,1600,0.8472,0.8475,0.8454,0.8473
1131105,1600,0.846,0.8463,0.8392,0.8462
1131106,1600,0.8396,0.8415,0.838,0.8396
1131107,1600,0.8403,0.8411,0.8303,0.8403
1131108,1600,0.8335,0.8361,0.8322,0.8334
1131111,1600,0.8341,0.8394,0.8338,0.8338
1131112,1600,0.8386,0.8449,0.8377,0.8386
1131113,1600,0.8457,0.8463,0.8376,0.8457
1131114,1600,0.8403,0.8413,0.8362,0.8403
1131115,1600,0.8375,0.8385,0.8358,0.8374
1131118,1600,0.8366,0.8399,0.8361,0.8366
1131119,1600,0.8378,0.8403,0.8378,0.8379
1131120,1600,0.8405,0.8414,0.8326,0.8405
1131121,1600,0.8342,0.8356,0.833,0.8343
1131122,1600,0.8324,0.8355,0.8316,0.8325
1131125,1600,0.8347,0.836,0.834,0.8348
1131126,1600,0.8368,0.8389,0.8362,0.8368
1131127,1600,0.8369,0.8385,0.8331,0.8368
1131128,1600,0.8335,0.8348,0.8313,0.8334
1131129,1600,0.8324,0.8344,0.8316,0.8324
1131202,1600,0.8294,0.8296,0.8254,0.8294
1131203,1600,0.8277,0.8286,0.8258,0.8277
1131204,1600,0.8292,0.8317,0.8274,0.8291
1131205,1600,0.8294,0.8371,0.8292,0.8294
1131206,1600,0.8368,0.837,0.8348,0.8368
1131209,1600,0.8394,0.8394,0.8364,0.8393
1131210,1600,0.8363,0.839,0.835,0.8364
1131211,1600,0.8362,0.8425,0.8362,0.8363
1131212,1600,0.8417,0.8431,0.8391,0.8419
1131213,1600,0.8415,0.8439,0.8407,0.8415
1131216,1600,0.8427,0.8454,0.8419,0.8428
1131217,1600,0.8441,0.8465,0.8431,0.8441
1131218,1600,0.846,0.8461,0.8387,0.846
1131219,1600,0.835,0.8367,0.8339,0.8349
1131220,1600,0.8343,0.8363,0.833,0.8344
1131223,1600,0.8375,0.8388,0.8354,0.8374
1131224,1600,0.8377,0.8377,0.8345,0.8377
1131225,1600,0.8349,0.8381,0.8342,0.8349
1131226,1600,0.8358,0.8362,0.8328,0.8355
1131227,1600,0.8342,0.8381,0.8338,0.8342
1131230,1600,0.8343,0.8371,0.8329,0.8343
1131231,1600,0.837,0.8373,0.8317,0.8372
1140101,1600,0.8297,0.8299,0.8297,0.8297
1140102,1600,0.8303,0.8308,0.8273,0.8304
1140103,1600,0.8306,0.8315,0.8282,0.8308
1140106,1600,0.8283,0.833,0.8279,0.8285
1140107,1600,0.8303,0.8319,0.8297,0.8301
1140108,1600,0.8302,0.8315,0.8259,0.8302
1140109,1600,0.8252,0.8276,0.8224,0.8252
1140110,1600,0.8256,0.8297,0.8255,0.8256
1140113,1600,0.8288,0.8345,0.8284,0.8287
1140114,1600,0.8339,0.8341,0.8307,0.834
1140115,1600,0.8316,0.8327,0.8285,0.8316
1140116,1600,0.831,0.834,0.8308,0.8311
1140117,1600,0.8328,0.8339,0.8246,0.8328
1140120,1600,0.8239,0.8261,0.8232,0.8238
1140121,1600,0.8245,0.8254,0.8214,0.8246
1140122,1600,0.8229,0.8235,0.818,0.823
1140123,1600,0.8178,0.8235,0.8171,0.8176
1140124,1600,0.8229,0.8299,0.821,0.8228
1140127,1600,0.8297,0.8302,0.8236,0.83
1140128,1600,0.8249,0.8251,0.8222,0.825
1140129,1600,0.824,0.8258,0.822,0.8239
1140130,1600,0.8248,0.8268,0.8217,0.8247
1140131,1600,0.8218,0.824,0.8189,0.8218
1140203,1600,0.8204,0.8276,0.8203,0.8206
1140204,1600,0.8291,0.8325,0.8268,0.829
1140205,1600,0.8276,0.833,0.8266,0.8276
1140206,1600,0.829,0.8349,0.8281,0.829
1140207,1600,0.8327,0.8328,0.8288,0.8326
1140210,1600,0.8299,0.8325,0.8294,0.8299
1140211,1600,0.8317,0.8335,0.8287,0.8315
1140212,1600,0.829,0.8299,0.819,0.829
1140213,1600,0.818,0.8225,0.818,0.8181
1140214,1600,0.8211,0.8225,0.8176,0.821
1140217,1600,0.8173,0.8198,0.8157,0.8173
1140218,1600,0.8195,0.8239,0.8189,0.8195
1140219,1600,0.8248,0.826,0.8221,0.8247
1140220,1600,0.8231,0.8253,0.8214,0.8232
1140221,1600,0.8234,0.8246,0.8216,0.8233
1140224,1600,0.8259,0.8282,0.8243,0.8259
1140225,1600,0.8245,0.8255,0.8226,0.8245
1140226,1600,0.8243,0.8248,0.8209,0.8242
1140227,1600,0.8208,0.8212,0.8198,0.8207
1140228,1600,0.821,0.8266,0.8191,0.821
1140303,1600,0.8231,0.8247,0.8224,0.8233
1140304,1600,0.8241,0.8258,0.8228,0.824
1140305,1600,0.8245,0.8246,0.8204,0.8244
1140306,1600,0.8214,0.8285,0.8205,0.8215
1140307,1600,0.8279,0.83,0.8274,0.828
1140310,1600,0.8294,0.8348,0.8291,0.8294
1140311,1600,0.8339,0.8346,0.8321,0.8339
1140312,1600,0.8337,0.8372,0.8324,0.8338
1140313,1600,0.8365,0.8377,0.8346,0.8364
1140314,1600,0.8339,0.8379,0.8335,0.834
1140317,1600,0.8358,0.8376,0.8341,0.8359
1140318,1600,0.8368,0.8398,0.8362,0.8369
1140319,1600,0.8392,0.8394,0.8361,0.8394
1140320,1600,0.8358,0.8368,0.8328,0.8357
1140321,1600,0.8347,0.837,0.8343,0.8347
1140324,1600,0.8364,0.8378,0.8344,0.8364
1140325,1600,0.8387,0.8392,0.834,0.8387
1140326,1600,0.8357,0.8363,0.8321,0.8357
1140327,1600,0.8314,0.8321,0.8266,0.8314
1140328,1600,0.8275,0.8282,0.8246,0.8273
1140331,1600,0.8261,0.8296,0.826,0.826
1140401,1600,0.8264,0.8305,0.826,0.8265
1140402,1600,0.8294,0.8308,0.8271,0.8293
1140403,1600,0.8279,0.8313,0.8261,0.8279
1140404,1600,0.8266,0.8276,0.825,0.8267
1140407,1600,0.8265,0.8284,0.8262,0.8264
1140408,1600,0.8273,0.8275,0.8233,0.8273
1140409,1600,0.8235,0.8253,0.823,0.8236
1140410,1600,0.8245,0.8279,0.824,0.8245
1140411,1600,0.8277,0.8309,0.8276,0.8276
1140414,1600,0.8277,0.8283,0.8252,0.8276
1140415,1600,0.8259,0.8278,0.8245,0.8258
1140416,1600,0.8256,0.8267,0.822,0.8257
1140417,1600,0.8226,0.8246,0.8214,0.8226
1140418,1600,0.8228,0.8238,0.8222,0.8226
1140421,1600,0.8229,0.8229,0.821,0.823
1140422,1600,0.8214,0.8217,0.8197,0.8213
1140423,1600,0.8206,0.8245,0.82,0.8207
1140424,1600,0.8232,0.8244,0.822,0.8233
1140425,1600,0.8228,0.8241,0.8223,0.8228
1140428,1600,0.8234,0.8242,0.8217,0.8234
1140429,1600,0.824,0.8256,0.8201,0.8239
1140430,1600,0.8209,0.8233,0.8201,0.821
1140501,1600,0.8216,0.8228,0.8203,0.8218
1140502,1600,0.8209,0.8221,0.82,0.8209
1140505,1600,0.8217,0.8232,0.8214,0.8218
1140506,1600,0.8225,0.8225,0.8194,0.8224
1140507,1600,0.8204,0.8212,0.8192,0.8205
1140508,1600,0.8204,0.8248,0.8169,0.8203
1140509,1600,0.8174,0.8182,0.8162,0.8173
1140512,1600,0.8161,0.8167,0.8142,0.8161
1140513,1600,0.8152,0.8173,0.8136,0.8152
1140514,1600,0.8143,0.8181,0.8127,0.8143
1140515,1600,0.8179,0.8182,0.8144,0.818
1140516,1600,0.8167,0.8171,0.814,0.8167
1140519,1600,0.8144,0.8158,0.8141,0.8144
1140520,1600,0.8154,0.8156,0.812,0.8154
1140521,1600,0.8138,0.8144,0.8085,0.8138
1140522,1600,0.8097,0.8112,0.8085,0.8096
1140523,1600,0.8094,0.8103,0.8082,0.8094
1140526,1600,0.8095,0.8105,0.8085,0.8095
1140527,1600,0.8103,0.8117,0.8085,0.8105
1140528,1600,0.8109,0.8143,0.8104,0.811
1140529,1600,0.8131,0.8151,0.8128,0.8132
1140530,1600,0.8133,0.8139,0.812,0.8133
1140602,1600,0.8134,0.8142,0.8115,0.8132
1140603,1600,0.812,0.8147,0.8107,0.812
1140604,1600,0.8135,0.8149,0.8123,0.8136
1140605,1600,0.8126,0.8132,0.8066,0.8124
1140606,1600,0.8127,0.8127,0.8102,0.8127
1140609,1600,0.8117,0.8122,0.8088,0.8121
1140610,1600,0.8088,0.8094,0.8064,0.8088
1140611,1600,0.8082,0.8084,0.8054,0.8082
1140612,1600,0.806,0.8064,0.8029,0.8062
1140613,1600,0.7991,0.8003,0.7973,0.7992
1140616,1600,0.7973,0.7994,0.7959,0.7972
1140617,1600,0.7995,0.8008,0.798,0.7995
1140618,1600,0.7988,0.8014,0.7969,0.7989
1140619,1600,0.7994,0.8021,0.7986,0.7994
1140620,1600,0.7987,0.7995,0.7968,0.7987
1140623,1600,0.7984,0.7997,0.7977,0.7983
1140624,1600,0.7987,0.8023,0.7981,0.7988
1140625,1600,0.8012,0.8031,0.801,0.8012
1140626,1600,0.8024,0.803,0.7982,0.8024
1140627,1600,0.7995,0.8016,0.7992,0.7995
1140630,1600,0.8008,0.8026,0.8001,0.8009
1140701,1600,0.8002,0.8007,0.7976,0.8002
1140702,1600,0.7978,0.7979,0.795,0.7977
1140703,1600,0.7955,0.7971,0.7933,0.7955
1140704,1600,0.7933,0.7933,0.7919,0.7933
1140707,1600,0.7921,0.7946,0.7914,0.7921
1140708,1600,0.794,0.7958,0.7926,0.794
1140709,1600,0.7945,0.7962,0.7942,0.7944
1140710,1600,0.7951,0.7967,0.7936,0.795
1140711,1600,0.794,0.7952,0.7936,0.7942
1140714,1600,0.7951,0.7979,0.7943,0.7943
1140715,1600,0.797,0.7979,0.791,0.7971
1140716,1600,0.7916,0.7918,0.789,0.7915
1140717,1600,0.7892,0.7914,0.7888,0.7892
1140718,1600,0.7906,0.7932,0.7902,0.7907
1140721,1600,0.7918,0.7928,0.7912,0.7917
1140722,1600,0.792,0.7922,0.7889,0.7921
1140723,1600,0.7892,0.7909,0.7872,0.789
1140724,1600,0.7898,0.7937,0.789,0.79
1140725,1600,0.7925,0.7932,0.7905,0.7923
1140728,1600,0.7907,0.7915,0.7904,0.7907
1140729,1600,0.7911,0.7926,0.7907,0.7911
1140730,1600,0.7912,0.7918,0.7908,0.7912
1140731,1600,0.792,0.794,0.7914,0.7921
1140801,1600,0.7926,0.7983,0.7925,0.7927
1140804,1600,0.798,0.7983,0.7964,0.7978
1140805,1600,0.7958,0.7964,0.7919,0.7956
1140806,1600,0.7922,0.7941,0.7917,0.7922
1140807,1600,0.7938,0.7953,0.7923,0.7938
1140808,1600,0.7937,0.7995,0.7936,0.7937
1140811,1600,0.799,0.7991,0.797,0.7989
1140812,1600,0.7973,0.798,0.7945,0.7972
1140813,1600,0.7953,0.8019,0.7933,0.7951
1140814,1600,0.8008,0.8035,0.8,0.8009
1140815,1600,0.8006,0.8032,0.8004,0.8007
1140818,1600,0.8008,0.801,0.7984,0.8008
1140819,1600,0.7989,0.8027,0.7982,0.7989
1140820,1600,0.8014,0.8015,0.7971,0.8014
1140821,1600,0.7987,0.8008,0.7986,0.7986
1140822,1600,0.8008,0.8016,0.7982,0.8008
1140825,1600,0.7974,0.7978,0.7952,0.7974
1140826,1600,0.7959,0.7967,0.7954,0.7957
1140827,1600,0.7958,0.7962,0.7939,0.7958
1140828,1600,0.7958,0.7965,0.7938,0.7957
1140829,1600,0.7946,0.7957,0.7927,0.7947
1140901,1600,0.7912,0.7913,0.7891,0.7911
1140902,1600,0.7903,0.7955,0.7902,0.7902
1140903,1600,0.7972,0.7994,0.7965,0.7973
1140904,1600,0.7987,0.7992,0.7903,0.7987
1140905,1600,0.7935,0.7953,0.792,0.7937
1140908,1600,0.7987,0.8037,0.7978,0.7988
1140909,1600,0.8009,0.8025,0.7981,0.8009
1140910,1600,0.8025,0.8063,0.7991,0.8025
1140911,1600,0.7972,0.7976,0.7948,0.7973
1140912,1600,0.7955,0.7979,0.7944,0.7952
1140915,1600,0.797,0.7983,0.7939,0.7969
1140916,1600,0.7973,0.8007,0.7961,0.7972
1140917,1600,0.7966,0.7968,0.7926,0.7966
1140918,1600,0.7898,0.7911,0.7857,0.7898
1140919,1600,0.7866,0.7875,0.7809,0.7859
1140922,1600,0.7871,0.7872,0.7846,0.7868
1140923,1600,0.7849,0.7888,0.7841,0.7849
1140924,1600,0.7836,0.785,0.7813,0.7838
1140925,1600,0.7826,0.7829,0.7785,0.7828
1140926,1600,0.7809,0.7821,0.78,0.781
1140929,1600,0.7804,0.7828,0.7802,0.7802
1140930,1600,0.7814,0.7815,0.7767,0.7812
1141001,1600,0.7788,0.7794,0.7767,0.7788
1141002,1600,0.7796,0.7851,0.7791,0.7795
1141003,1600,0.7841,0.7859,0.7821,0.7841
1141006,1600,0.7838,0.786,0.7829,0.7839
1141007,1600,0.7865,0.7867,0.7838,0.7866
1141008,1600,0.7871,0.7896,0.7859,0.7872
1141009,1600,0.788,0.7894,0.7855,0.7882
1141010,1600,0.787,0.7894,0.7868,0.7871
1141013,1600,0.7854,0.7898,0.7852,0.7853
1141014,1600,0.7918,0.796,0.7905,0.7918
1141015,1600,0.7954,0.8013,0.7934,0.7952
1141016,1600,0.8017,0.8026,0.7951,0.8018
1141017,1600,0.7955,0.798,0.7925,0.7955
1141020,1600,0.7923,0.7929,0.7903,0.7922
1141021,1600,0.7918,0.7941,0.7877,0.7919
1141022,1600,0.789,0.7924,0.7873,0.789
1141023,1600,0.7879,0.7915,0.7871,0.7879
1141024,1600,0.7892,0.79,0.7872,0.7891
1141027,1600,0.7878,0.7893,0.7862,0.7877
1141028,1600,0.7878,0.789,0.7872,0.7876
1141029,1600,0.789,0.7909,0.7888,0.7891
1141030,1600,0.7893,0.7903,0.7861,0.7892
1141031,1600,0.7881,0.7882,0.7824,0.7881
1141103,1600,0.7827,0.7835,0.7799,0.7826
1141104,1600,0.7819,0.7851,0.7812,0.7819
1141105,1600,0.7842,0.7863,0.7811,0.7842
1141106,1600,0.7816,0.7864,0.7799,0.7815
1141107,1600,0.7814,0.7849,0.7812,0.7814
1141110,1600,0.7846,0.7862,0.7833,0.7845
1141111,1600,0.7839,0.7847,0.7822,0.784
1141112,1600,0.7832,0.7888,0.7802,0.7833
1141113,1600,0.7881,0.7934,0.7881,0.7882
1141114,1600,0.7943,0.798,0.7934,0.7943
1141117,1600,0.7991,0.8001,0.7959,0.799
1141118,1600,0.7961,0.8011,0.7961,0.796
1141119,1600,0.8019,0.8038,0.7989,0.8019
1141120,1600,0.8,0.8025,0.7973,0.8001
1141121,1600,0.7992,0.8002,0.7915,0.7992
1141124,1600,0.7908,0.7933,0.7905,0.7906
1141125,1600,0.792,0.7941,0.7916,0.7919
1141126,1600,0.7937,0.7949,0.7899,0.7937
1141127,1600,0.7919,0.7939,0.7906,0.7921
1141128,1600,0.792,0.7969,0.7913,0.7922
1141201,1600,0.7963,0.7976,0.7924,0.7965
1141202,1600,0.7925,0.7939,0.791,0.7925
1141203,1600,0.7916,0.7919,0.7841,0.7916
1141204,1600,0.7847,0.7921,0.784,0.7846
1141205,1600,0.7899,0.7922,0.7854,0.7899
1141208,1600,0.7897,0.7899,0.7844,0.7897
1141209,1600,0.7868,0.7928,0.7863,0.7868
1141210,1600,0.7897,0.7916,0.7885,0.7897
1141211,1600,0.7923,0.7954,0.7886,0.7922
1141212,1600,0.7884,0.7939,0.7873,0.7883
1141215,1600,0.7924,0.796,0.7907,0.7925
1141216,1600,0.7955,0.8001,0.7942,0.7953
1141217,1600,0.7948,0.7954,0.7911,0.7947
1141218,1600,0.7921,0.7921,0.7836,0.7921
1141219,1600,0.7843,0.7858,0.783,0.7842
1141222,1600,0.7821,0.7859,0.7821,0.7822
1141223,1600,0.7845,0.7867,0.7837,0.7845
1141224,1600,0.7844,0.7865,0.7838,0.7843
1141225,1600,0.7839,0.7856,0.783,0.7842
1141226,1600,0.7845,0.7854,0.7821,0.7843
1141229,1600,0.7823,0.7852,0.782,0.7823
1141230,1600,0.7833,0.7843,0.7817,0.7833
1141231,1600,0.7812,0.7817,0.7761,0.7811
1150101,1600,0.7762,0.7762,0.7762,0.7762
1150102,1600,0.7758,0.7817,0.7745,0.7759
1150105,1600,0.7815,0.7844,0.7801,0.7815
1150106,1600,0.7823,0.7855,0.7819,0.7824
1150107,1600,0.7843,0.7853,0.7815,0.7844
1150108,1600,0.7832,0.7853,0.7806,0.7833
1150109,1600,0.7816,0.7825,0.7787,0.7816
1150112,1600,0.7814,0.7829,0.7786,0.7815
1150113,1600,0.7797,0.7829,0.7756,0.7798
1150114,1600,0.7763,0.7781,0.7734,0.7763
1150115,1600,0.7734,0.7745,0.7636,0.7735
1150116,1600,0.7663,0.7671,0.7598,0.7665
1150119,1600,0.7635,0.7674,0.763,0.7636
1150120,1600,0.7684,0.7692,0.7615,0.7685
1150121,1600,0.7622,0.7712,0.7617,0.7623
1150122,1600,0.7669,0.7669,0.7567,0.7667
1150123,1600,0.756,0.758,0.743,0.7558
1150126,1600,0.7426,0.7504,0.7426,0.7423
1150127,1600,0.7456,0.7511,0.7435,0.7456
1150128,1600,0.7482,0.7494,0.745,0.7484
1150129,1600,0.7451,0.7524,0.7441,0.7452
1150130,1600,0.7518,0.7535,0.75,0.7516
1150202,1600,0.7494,0.7556,0.749,0.7495
1150203,1600,0.7543,0.7581,0.7524,0.7546
1150204,1600,0.7565,0.7574,0.7486,0.7566
1150205,1600,0.7455,0.7509,0.7455,0.7456
1150206,1600,0.7486,0.7486,0.7421,0.7485
1150209,1600,0.7424,0.7459,0.7413,0.7425
1150210,1600,0.7443,0.7445,0.7408,0.7443
1150211,1600,0.7418,0.7427,0.7386,0.7417
1150212,1600,0.7419,0.7453,0.7372,0.742
1150213,1600,0.7409,0.7433,0.7396,0.7409
1150216,1600,0.7399,0.7426,0.7391,0.7398
1150217,1600,0.738,0.7443,0.7375,0.738
1150218,1600,0.7427,0.7431,0.7354,0.7426
1150219,1600,0.7385,0.7408,0.736,0.7384
1150220,1600,0.737,0.7394,0.734,0.737
1150223,1600,0.7395,0.7405,0.7341,0.7395
1150224,1600,0.7334,0.7347,0.7315,0.7334
1150225,1600,0.7336,0.7343,0.7315,0.7336
1150226,1600,0.7317,0.7323,0.727,0.7319
1150227,1600,0.7267,0.7296,0.7254,0.7267
1150302,1600,0.7246,0.7301,0.7242,0.7243
1150303,1600,0.7278,0.7286,0.7259,0.7276
1150304,1600,0.7276,0.728,0.7236,0.7276
1150305,1600,0.7258,0.7283,0.7226,0.7259
1150306,1600,0.7234,0.7238,0.7181,0.7234
1150309,1600,0.7202,0.7218,0.7182,0.72
1150310,1600,0.7171,0.7176,0.7096,0.7172
1150311,1600,0.7101,0.7105,0.7014,0.71
1150312,1600,0.7062,0.7128,0.7034,0.706
1150313,1600,0.7133,0.7169,0.7114,0.7133
1150316,1600,0.7106,0.7162,0.7106,0.7103
1150317,1600,0.7131,0.7214,0.7119,0.7131
1150318,1600,0.7182,0.7253,0.7169,0.7183
1150319,1600,0.7248,0.7273,0.7154,0.7251
1150320,1600,0.7228,0.7265,0.7224,0.7228
1150323,1600,0.7243,0.733,0.7228,0.7242
1150324,1600,0.7319,0.7371,0.7303,0.7321
1150325,1600,0.7351,0.7383,0.7343,0.735
1150326,1600,0.7369,0.7383,0.7353,0.7368
1150327,1600,0.7327,0.7332,0.7267,0.7326
1150330,1600,0.731,0.7336,0.729,0.7312
1150331,1600,0.7312,0.7321,0.7228,0.7312
1150401,1600,0.7241,0.7296,0.7233,0.724
1150402,1600,0.7259,0.7343,0.7253,0.7259
1150403,1600,0.733,0.7378,0.7325,0.733
1150406,1600,0.7368,0.7372,0.7347,0.7367
1150407,1600,0.7343,0.735,0.7283,0.7342
1150408,1600,0.73,0.7314,0.7229,0.7301
1150409,1600,0.7249,0.7275,0.7234,0.7249
1150410,1600,0.7248,0.7259,0.7225,0.7248
1150413,1600,0.7246,0.7269,0.7204,0.7244
1150414,1600,0.7206,0.7234,0.7182,0.7207
1150415,1600,0.7206,0.7216,0.7166,0.7207
1150416,1600,0.7198,0.7229,0.7164,0.72
1150417,1600,0.7206,0.7218,0.717,0.7209
1150420,1600,0.7221,0.7224,0.7185,0.7221
1150421,1600,0.7208,0.721,0.717,0.7208
1150422,1600,0.719,0.7206,0.7123,0.7192
1150423,1600,0.7131,0.7185,0.7117,0.7131
1150424,1600,0.7184,0.7211,0.7147,0.7185
1150427,1600,0.716,0.717,0.7147,0.7161
1150428,1600,0.7144,0.7172,0.7133,0.7144
1150429,1600,0.7156,0.7221,0.7137,0.7152
1150430,1600,0.7203,0.7294,0.7188,0.7204
1150501,1600,0.7302,0.7417,0.73,0.7302
1150504,1600,0.7383,0.7396,0.7351,0.7384
1150505,1600,0.7372,0.7372,0.7314,0.7372
1150506,1600,0.7371,0.7446,0.7366,0.737
1150507,1600,0.744,0.7481,0.7403,0.744
1150508,1600,0.7302,0.7312,0.7227,0.73
1150511,1600,0.725,0.7255,0.7143,0.7252
1150512,1600,0.7154,0.7224,0.7151,0.7152
1150513,1600,0.7157,0.7227,0.7125,0.7161
1150514,1600,0.721,0.7243,0.7205,0.7211
1150515,1600,0.7229,0.7248,0.7206,0.7229
1150518,1600,0.727,0.7283,0.7235,0.7269
1150519,1600,0.7229,0.7232,0.7152,0.7229
1150520,1600,0.7183,0.7185,0.7127,0.7183
1150521,1600,0.7143,0.7165,0.709,0.7142
1150522,1600,0.7094,0.7162,0.7093,0.7093
1150525,1600,0.7102,0.7104,0.7074,0.7103
1150526,1600,0.7091,0.7098,0.7065,0.709
1150527,1600,0.707,0.7112,0.7056,0.707
1150528,1600,0.7099,0.715,0.7097,0.7099
1150529,1600,0.7155,0.72,0.714,0.7154
1150601,1600,0.7167,0.7193,0.7144,0.7167
1150602,1600,0.7187,0.7296,0.7179,0.7186
1150603,1600,0.7269,0.7356,0.725,0.7267
1150604,1600,0.7346,0.7382,0.732,0.7344
1150605,1600,0.7296,0.7359,0.727,0.7295
1150608,1600,0.7275,0.7356,0.7265,0.7275
1150609,1600,0.7352,0.7388,0.7332,0.7352
1150610,1600,0.7338,0.7362,0.7267,0.7339
1150611,1600,0.7295,0.7314,0.724,0.7296
1150612,1600,0.7247,0.7257,0.7197,0.7247
1150615,1600,0.7209,0.7246,0.7205,0.7209
1150616,1600,0.7228,0.725,0.7175,0.7229
1150617,1600,0.7188,0.7211,0.7146,0.7186
1150618,1600,0.717,0.7183,0.7154,0.7173
1150619,1600,0.716,0.7162,0.7124,0.7161
1150622,1600,0.7156,0.7208,0.7135,0.7158
1150623,1600,0.7168,0.7174,0.7081,0.7167
1150624,1600,0.7098,0.713,0.7084,0.7099
1150625,1600,0.7135,0.7147,0.7101,0.7133
1150626,1600,0.7114,0.7126,0.7077,0.7114
1150629,1600,0.6995,0.7096,0.6993,0.6992
1150630,1600,0.713,0.713,0.708,0.7132
1150701,1600,0.7097,0.7127,0.7063,0.7097
1150702,1600,0.7073,0.7118,0.7071,0.7073
1150703,1600,0.7101,0.7131,0.7096,0.71
1150706,1600,0.707,0.712,0.7069,0.7069
1150707,1600,0.708,0.7105,0.7065,0.7081
1150708,1600,0.7119,0.7222,0.7111,0.7118
1150709,1600,0.7204,0.7217,0.7163,0.7201
1150710,1600,0.7194,0.7223,0.7186,0.7195
1150713,1600,0.7173,0.72,0.7088,0.7173
1150714,1600,0.7096,0.7136,0.7063,0.7097
1150715,1600,0.7039,0.7066,0.701,0.7039
1150716,1600,0.6998,0.7,0.6963,0.6998
1150717,1600,0.6971,0.6989,0.6937,0.6971
1150720,1600,0.694,0.6976,0.6937,0.6941
1150721,1600,0.6957,0.7032,0.6946,0.6957
1150722,1600,0.703,0.7036,0.696,0.703
1150723,1600,0.6996,0.7073,0.6988,0.6996
1150724,1600,0.7079,0.7091,0.7054,0.7079
1150727,1600,0.7068,0.7157,0.7067,0.7067
1150728,1600,0.7124,0.713,0.707,0.7125
1150729,1600,0.7089,0.7099,0.7035,0.7088
1150730,1600,0.7039,0.7039,0.6987,0.7039
1150731,1600,0.701,0.7095,0.7003,0.701
1150803,1600,0.702,0.7039,0.7011,0.7018
1150804,1600,0.7024,0.7044,0.7012,0.7024
1150805,1600,0.6992,0.6994,0.6951,0.6993
1150806,1600,0.6986,0.7045,0.6969,0.6986
1150807,1600,0.704,0.7088,0.7018,0.7041
1150810,1600,0.7076,0.7096,0.7057,0.7075
1150811,1600,0.7066,0.7117,0.7038,0.7068
1150812,1600,0.7084,0.7169,0.7082,0.7085
1150813,1600,0.7145,0.7154,0.7101,0.7145
1150814,1600,0.7145,0.7158,0.7109,0.7145
1150817,1600,0.7089,0.7113,0.7065,0.7087
1150818,1600,0.7107,0.7116,0.7027,0.7106
1150819,1600,0.7041,0.7072,0.7037,0.7041
1150820,1600,0.7089,0.7152,0.7088,0.7089
1150821,1600,0.716,0.7246,0.7151,0.716
1150824,1600,0.7257,0.7416,0.7255,0.7256
1150825,1600,0.7347,0.7348,0.726,0.7347
1150826,1600,0.7359,0.7364,0.7293,0.7359
1150827,1600,0.7325,0.7334,0.728,0.7324
1150828,1600,0.7296,0.7353,0.7269,0.7298
1150831,1600,0.7272,0.7297,0.7263,0.7273
1150901,1600,0.7305,0.7372,0.7304,0.7305
1150902,1600,0.7382,0.7386,0.7334,0.738
1150903,1600,0.7325,0.7369,0.7277,0.7325
1150904,1600,0.7288,0.7333,0.7286,0.7289
1150907,1600,0.734,0.7356,0.7299,0.7337
1150908,1600,0.7303,0.7329,0.724,0.7306
1150909,1600,0.7278,0.7295,0.7239,0.7276
1150910,1600,0.7305,0.7317,0.7244,0.7304
1150911,1600,0.7306,0.7349,0.7295,0.7308
1150914,1600,0.7342,0.7356,0.7324,0.7342
1150915,1600,0.7331,0.7353,0.7313,0.7329
1150916,1600,0.7345,0.7358,0.7268,0.7344
1150917,1600,0.7278,0.7313,0.7276,0.7276
1150918,1600,0.7322,0.734,0.729,0.7322
1150921,1600,0.7269,0.7285,0.7215,0.7271
1150922,1600,0.7214,0.7256,0.7197,0.7215
1150923,1600,0.7244,0.7334,0.7235,0.7242
1150924,1600,0.7334,0.7409,0.7322,0.7336
1150925,1600,0.7341,0.7394,0.7303,0.7341
1150928,1600,0.7367,0.7391,0.7339,0.7367
1150929,1600,0.7405,0.7435,0.7382,0.7405
1150930,1600,0.7423,0.743,0.7361,0.7424
1151001,1600,0.7387,0.7396,0.7356,0.7386
1151002,1600,0.7393,0.7441,0.7355,0.7393
1151005,1600,0.7387,0.7422,0.7376,0.7388
1151006,1600,0.7388,0.7406,0.7369,0.7387
1151007,1600,0.74,0.7403,0.7334,0.74
1151008,1600,0.7338,0.7377,0.7335,0.7337
1151009,1600,0.7351,0.7427,0.7336,0.735
1151012,1600,0.7418,0.7424,0.7397,0.7418
1151013,1600,0.7403,0.7492,0.7393,0.7403
1151014,1600,0.7462,0.7473,0.7402,0.7461
1151015,1600,0.7415,0.7423,0.7359,0.7413
1151016,1600,0.7346,0.7366,0.7338,0.7346
1151019,1600,0.7358,0.7372,0.7303,0.7356
1151020,1600,0.7322,0.7355,0.7314,0.7322
1151021,1600,0.735,0.7372,0.7333,0.7349
1151022,1600,0.7357,0.7358,0.7229,0.7357
1151023,1600,0.7203,0.7231,0.7171,0.7201
1151026,1600,0.7195,0.721,0.7178,0.7194
1151027,1600,0.7202,0.7226,0.7192,0.7202
1151028,1600,0.7204,0.725,0.7201,0.7206
1151029,1600,0.7154,0.719,0.7144,0.7155
1151030,1600,0.7171,0.7198,0.7156,0.7174
1151102,1600,0.7139,0.7159,0.7109,0.7138
1151103,1600,0.7142,0.7146,0.7109,0.7142
1151104,1600,0.7109,0.711,0.7055,0.7109
1151105,1600,0.706,0.7148,0.7043,0.7061
1151106,1600,0.7154,0.7196,0.7115,0.7154
1151109,1600,0.7126,0.7153,0.7109,0.713
1151110,1600,0.7115,0.7126,0.7067,0.7115
1151111,1600,0.7092,0.7101,0.7053,0.7091
1151112,1600,0.707,0.7091,0.7043,0.707
1151113,1600,0.7095,0.7098,0.7043,0.7096
1151116,1600,0.703,0.7078,0.703,0.7031
1151117,1600,0.703,0.7033,0.6999,0.703
1151118,1600,0.6994,0.7019,0.6991,0.6994
1151119,1600,0.7002,0.7019,0.6981,0.7001
1151120,1600,0.7017,0.7019,0.6985,0.7016
1151123,1600,0.7003,0.7029,0.6991,0.7003
1151124,1600,0.7032,0.7079,0.7015,0.7034
1151125,1600,0.7057,0.7078,0.7004,0.7054
1151126,1600,0.7024,0.7043,0.7018,0.7025
1151127,1600,0.7023,0.7049,0.7017,0.7023
1151130,1600,0.7037,0.7051,0.7016,0.7037
1151201,1600,0.702,0.7048,0.7006,0.7019
1151202,1600,0.7047,0.7072,0.703,0.7047
1151203,1600,0.7098,0.7235,0.7057,0.7098
1151204,1600,0.7214,0.7235,0.7179,0.7213
1151207,1600,0.72,0.7201,0.7164,0.7201
1151208,1600,0.7198,0.7277,0.7196,0.7198
1151209,1600,0.7257,0.7273,0.7222,0.7257
1151210,1600,0.7256,0.7258,0.7205,0.7254
1151211,1600,0.722,0.725,0.7209,0.7221
1151214,1600,0.7226,0.7293,0.7206,0.7226
1151215,1600,0.7251,0.7301,0.7214,0.7251
1151216,1600,0.7267,0.7294,0.726,0.7269
1151217,1600,0.726,0.7295,0.7241,0.7261
1151218,1600,0.7262,0.7285,0.724,0.7262
1151221,1600,0.7291,0.7332,0.7278,0.7291
1151222,1600,0.7326,0.7401,0.732,0.7323
1151223,1600,0.7385,0.7387,0.732,0.7387
1151224,1600,0.7332,0.737,0.7319,0.7332
1151225,1600,0.7343,0.7352,0.7317,0.7352
1151228,1600,0.7346,0.7376,0.7344,0.7345
1151229,1600,0.7369,0.7408,0.7352,0.7369
1151230,1600,0.737,0.7387,0.7354,0.7371
1151231,1600,0.7378,0.7383,0.7335,0.7378
1160101,1600,0.7367,0.7373,0.7367,0.7367
1160104,1600,0.7364,0.7416,0.7353,0.7364
1160105,1600,0.7357,0.7363,0.7313,0.7356
1160106,1600,0.7325,0.7369,0.7319,0.7327
1160107,1600,0.7366,0.7469,0.7361,0.7367
1160108,1600,0.747,0.7503,0.7422,0.7468
1160111,1600,0.7529,0.754,0.7442,0.7531
1160112,1600,0.7464,0.7547,0.7451,0.7464
1160113,1600,0.7511,0.7536,0.7469,0.7509
1160114,1600,0.7553,0.7605,0.7525,0.7554
1160115,1600,0.7527,0.7655,0.7526,0.7527
1160118,1600,0.7649,0.7661,0.7596,0.765
1160119,1600,0.7642,0.7712,0.7584,0.7643
1160120,1600,0.7695,0.7754,0.767,0.7694
1160121,1600,0.7658,0.7741,0.7639,0.7659
1160122,1600,0.7632,0.7635,0.7527,0.7633
1160125,1600,0.7574,0.7608,0.7551,0.7573
1160126,1600,0.7619,0.7661,0.7563,0.762
1160127,1600,0.7573,0.7641,0.7564,0.7573
1160128,1600,0.7652,0.7662,0.7596,0.7654
1160129,1600,0.7616,0.7648,0.7564,0.7616
1160201,1600,0.7598,0.7623,0.7575,0.7599
1160202,1600,0.7553,0.7615,0.7548,0.7553
1160203,1600,0.7578,0.7607,0.7526,0.7578
1160204,1600,0.7604,0.7698,0.7593,0.7605
1160205,1600,0.768,0.7713,0.7671,0.768
1160208,1600,0.768,0.7755,0.7661,0.7679
1160209,1600,0.7751,0.7849,0.7733,0.775
1160210,1600,0.7804,0.7818,0.7715,0.7802
1160211,1600,0.777,0.7896,0.7755,0.7766
1160212,1600,0.7814,0.7825,0.7746,0.7815
1160215,1600,0.7728,0.7744,0.7698,0.773
1160216,1600,0.7732,0.7811,0.7695,0.7733
1160217,1600,0.779,0.7843,0.7762,0.779
1160218,1600,0.7786,0.7814,0.7708,0.7787
1160219,1600,0.775,0.7792,0.7738,0.775
1160222,1600,0.7797,0.7837,0.777,0.7797
1160223,1600,0.7792,0.7831,0.7775,0.7793
1160224,1600,0.7869,0.7914,0.7854,0.7867
1160225,1600,0.7907,0.7926,0.7879,0.7906
1160226,1600,0.7891,0.7921,0.7845,0.7893
1160229,1600,0.788,0.7894,0.7793,0.7878
1160301,1600,0.7816,0.7818,0.7759,0.7814
1160302,1600,0.7789,0.7811,0.7697,0.7787
1160303,1600,0.772,0.7748,0.7704,0.7719
1160304,1600,0.7723,0.7772,0.772,0.7724
1160307,1600,0.7734,0.7748,0.7726,0.7735
1160308,1600,0.7721,0.7792,0.772,0.7724
1160309,1600,0.7742,0.7748,0.7701,0.7744
1160310,1600,0.7731,0.7808,0.7656,0.7733
1160311,1600,0.7824,0.7847,0.7748,0.7822
1160314,1600,0.7764,0.7769,0.7735,0.7764
1160315,1600,0.7772,0.7846,0.7769,0.7772
1160316,1600,0.7844,0.7882,0.7844,0.7847
1160317,1600,0.7869,0.791,0.7809,0.787
1160318,1600,0.7817,0.7829,0.7782,0.7816
1160321,1600,0.7794,0.7837,0.7794,0.7795
1160322,1600,0.782,0.7904,0.7813,0.782
1160323,1600,0.7889,0.7926,0.7882,0.7889
1160324,1600,0.7919,0.7944,0.7889,0.7919
1160325,1600,0.7899,0.7909,0.7884,0.7902
1160328,1600,0.7895,0.7902,0.7847,0.7895
1160329,1600,0.7854,0.7871,0.7834,0.7854
1160330,1600,0.7848,0.7873,0.7835,0.7847
1160331,1600,0.7885,0.7944,0.7878,0.7885
1160401,1600,0.792,0.8019,0.7918,0.792
1160404,1600,0.8009,0.8015,0.7959,0.8007
1160405,1600,0.7984,0.8051,0.7981,0.7983
1160406,1600,0.8039,0.8103,0.8023,0.804
1160407,1600,0.8066,0.8116,0.8046,0.8066
1160408,1600,0.8089,0.8092,0.805,0.8089
1160411,1600,0.8069,0.8087,0.7994,0.8071
1160412,1600,0.8016,0.8027,0.796,0.8016
1160413,1600,0.7977,0.7983,0.7927,0.7979
1160414,1600,0.7947,0.7981,0.7943,0.7946
1160415,1600,0.7966,0.7975,0.7939,0.7966
1160418,1600,0.7964,0.7993,0.7923,0.7969
1160419,1600,0.7915,0.7921,0.7881,0.7912
1160420,1600,0.7894,0.7914,0.7868,0.7893
1160421,1600,0.7884,0.7897,0.7856,0.7883
1160422,1600,0.7882,0.7883,0.7795,0.7883
1160425,1600,0.7775,0.7811,0.7756,0.7775
1160426,1600,0.7777,0.7779,0.7735,0.7776
1160427,1600,0.775,0.7784,0.7738,0.775
1160428,1600,0.779,0.7804,0.7754,0.779
1160429,1600,0.7771,0.7837,0.7766,0.7773
1160502,1600,0.7848,0.7864,0.7823,0.785
1160503,1600,0.7858,0.7919,0.7842,0.7858
1160504,1600,0.7905,0.7946,0.789,0.7905
1160505,1600,0.7921,0.7922,0.786,0.792
1160506,1600,0.7869,0.7916,0.7864,0.7868
1160509,1600,0.7892,0.7927,0.7867,0.7893
1160510,1600,0.7897,0.7903,0.7871,0.7898
1160511,1600,0.7869,0.7918,0.7864,0.7869
1160512,1600,0.7913,0.7918,0.7846,0.7914
1160513,1600,0.7874,0.7882,0.7858,0.7874
1160516,1600,0.7886,0.7892,0.7859,0.7887
1160517,1600,0.7832,0.7854,0.78,0.7832
1160518,1600,0.7825,0.7831,0.771,0.7826
1160519,1600,0.7686,0.7702,0.765,0.7687
1160520,1600,0.7673,0.7727,0.7669,0.7673
1160523,1600,0.7742,0.7753,0.7704,0.7744
1160524,1600,0.7743,0.7747,0.7617,0.7743
1160525,1600,0.7619,0.7637,0.7564,0.762
1160526,1600,0.7591,0.763,0.758,0.759
1160527,1600,0.7632,0.7644,0.7602,0.7631
1160530,1600,0.7596,0.7632,0.7588,0.7594
1160531,1600,0.7617,0.7667,0.7573,0.7618
1160601,1600,0.7688,0.7758,0.7671,0.7688
1160602,1600,0.776,0.7775,0.7721,0.7759
1160603,1600,0.7739,0.781,0.772,0.7739
1160606,1600,0.7886,0.79,0.7852,0.7889
1160607,1600,0.7858,0.786,0.7777,0.7858
1160608,1600,0.7809,0.784,0.7795,0.7808
1160609,1600,0.7855,0.7877,0.7807,0.7856
1160610,1600,0.782,0.7885,0.781,0.7822
1160613,1600,0.792,0.7983,0.7882,0.7919
1160614,1600,0.7944,0.797,0.7911,0.7946
1160615,1600,0.794,0.7941,0.7893,0.7938
1160616,1600,0.7932,0.7994,0.7899,0.7933
1160617,1600,0.7887,0.7907,0.7863,0.7875
1160620,1600,0.7781,0.7802,0.7696,0.7779
1160621,1600,0.7715,0.7743,0.7656,0.7715
1160622,1600,0.767,0.7699,0.7655,0.7669
1160623,1600,0.7658,0.7705,0.7623,0.7658
1160624,1600,0.7782,0.8312,0.7732,0.778
1160627,1600,0.8213,0.8353,0.8201,0.8208
1160628,1600,0.8325,0.8338,0.8258,0.8323
1160629,1600,0.8293,0.8319,0.8206,0.8295
1160630,1600,0.8265,0.838,0.8241,0.8262
1160701,1600,0.8326,0.8404,0.8315,0.8332
1160704,1600,0.8375,0.8398,0.8354,0.8375
1160705,1600,0.839,0.8545,0.8389,0.8391
1160706,1600,0.8532,0.8615,0.8509,0.8539
1160707,1600,0.8591,0.8591,0.8491,0.8587
1160708,1600,0.8568,0.8573,0.8505,0.8568
1160711,1600,0.8532,0.8576,0.8485,0.8531
1160712,1600,0.8515,0.8519,0.8354,0.8518
1160713,1600,0.8335,0.8431,0.8303,0.833
1160714,1600,0.8456,0.8465,0.8256,0.8457
1160715,1600,0.8314,0.8383,0.8262,0.8316
1160718,1600,0.8354,0.8371,0.8324,0.8355
1160719,1600,0.8343,0.8403,0.8342,0.8343
1160720,1600,0.8403,0.8422,0.8338,0.8403
1160721,1600,0.8317,0.8381,0.8311,0.831
1160722,1600,0.8335,0.8417,0.8304,0.8332
1160725,1600,0.8358,0.838,0.8337,0.8355
1160726,1600,0.8384,0.8424,0.8351,0.8385
1160727,1600,0.8355,0.8409,0.835,0.8354
1160728,1600,0.8364,0.8449,0.8357,0.8363
1160729,1600,0.8418,0.8475,0.836,0.8421
1160801,1600,0.8448,0.8486,0.8417,0.845
1160802,1600,0.8467,0.8491,0.8422,0.847
1160803,1600,0.8411,0.8431,0.8378,0.8411
1160804,1600,0.8366,0.8495,0.8344,0.8367
1160805,1600,0.8482,0.8502,0.8462,0.8481
1160808,1600,0.8479,0.8508,0.8469,0.8473
1160809,1600,0.8507,0.8565,0.8507,0.8505
1160810,1600,0.8544,0.8596,0.8518,0.8547
1160811,1600,0.859,0.8623,0.8576,0.8591
1160812,1600,0.8597,0.8646,0.8583,0.8599
1160815,1600,0.8647,0.8702,0.8621,0.8648
1160816,1600,0.8681,0.8723,0.8658,0.868
1160817,1600,0.8653,0.8671,0.8631,0.8651
1160818,1600,0.8662,0.8669,0.8591,0.8662
1160819,1600,0.8619,0.869,0.8609,0.862
1160822,1600,0.8648,0.8653,0.861,0.8652
1160823,1600,0.8616,0.8628,0.858,0.8618
1160824,1600,0.8562,0.8578,0.8487,0.8564
1160825,1600,0.8507,0.8562,0.8501,0.8508
1160826,1600,0.8555,0.8564,0.8522,0.8555
1160829,1600,0.853,0.8549,0.853,0.8528
1160830,1600,0.8537,0.8551,0.8498,0.8538
1160831,1600,0.8517,0.8525,0.847,0.8517
1160901,1600,0.8494,0.8497,0.8389,0.8495
1160902,1600,0.8434,0.8444,0.8376,0.8436
1160905,1600,0.8391,0.8406,0.8353,0.8392
1160906,1600,0.8375,0.8379,0.8335,0.8377
1160907,1600,0.8383,0.8427,0.8374,0.8383
1160908,1600,0.8425,0.8493,0.8422,0.8425
1160909,1600,0.8467,0.8482,0.8442,0.8468
1160912,1600,0.8468,0.8484,0.8427,0.8468
1160913,1600,0.8427,0.8533,0.8419,0.8427
1160914,1600,0.8503,0.8543,0.8484,0.8502
1160915,1600,0.8478,0.8536,0.8473,0.8479
1160916,1600,0.849,0.854,0.8487,0.8488
1160919,1600,0.8573,0.8573,0.8534,0.8572
1160920,1600,0.8571,0.863,0.8562,0.8569
1160921,1600,0.8589,0.8605,0.8567,0.859
1160922,1600,0.8583,0.861,0.857,0.8586
1160923,1600,0.8565,0.8674,0.8564,0.8566
1160926,1600,0.8658,0.8715,0.8646,0.8658
1160927,1600,0.8674,0.8691,0.8611,0.8673
1160928,1600,0.8622,0.8638,0.8589,0.862
1160929,1600,0.8608,0.8665,0.8599,0.8607
1160930,1600,0.8654,0.8661,0.8604,0.8654
1161003,1600,0.8686,0.8745,0.8677,0.8686
1161004,1600,0.8717,0.8799,0.8708,0.872
1161005,1600,0.8805,0.8842,0.8777,0.8804
1161006,1600,0.8786,0.885,0.8785,0.8786
1161007,1600,0.8988,0.91,0.8905,0.899
1161010,1600,0.9002,0.9039,0.8979,0.9002
1161011,1600,0.9023,0.9065,0.8998,0.9026
1161012,1600,0.9011,0.9049,0.8966,0.9011
1161013,1600,0.9033,0.9067,0.9023,0.9034
1161014,1600,0.9036,0.9047,0.8974,0.9039
1161017,1600,0.9004,0.9056,0.9004,0.9003
1161018,1600,0.9007,0.9017,0.8914,0.9011
1161019,1600,0.8921,0.8956,0.89,0.8919
1161020,1600,0.8927,0.9017,0.8918,0.8928
1161021,1600,0.8916,0.8939,0.8888,0.8917
1161024,1600,0.8904,0.8922,0.889,0.8906
1161025,1600,0.8893,0.8978,0.8891,0.89
1161026,1600,0.894,0.8963,0.8917,0.894
1161027,1600,0.8915,0.8978,0.8895,0.8916
1161028,1600,0.8954,0.9012,0.8946,0.8954
1161031,1600,0.8998,0.9014,0.8981,0.8993
1161101,1600,0.8966,0.9037,0.8949,0.8965
1161102,1600,0.9036,0.9046,0.8982,0.9034
1161103,1600,0.9016,0.9022,0.8861,0.9016
1161104,1600,0.8905,0.8913,0.8858,0.8903
1161107,1600,0.8884,0.8936,0.8881,0.8887
1161108,1600,0.8911,0.8932,0.8891,0.8911
1161109,1600,0.8896,0.9024,0.8786,0.8893
1161110,1600,0.8792,0.8824,0.8709,0.8791
1161111,1600,0.8674,0.8689,0.8567,0.8673
1161114,1600,0.8605,0.8634,0.8582,0.8608
1161115,1600,0.8585,0.8706,0.8585,0.8585
1161116,1600,0.8613,0.8626,0.8574,0.8612
1161117,1600,0.8607,0.8624,0.8579,0.8606
1161118,1600,0.8558,0.8634,0.8527,0.8559
1161121,1600,0.8588,0.8637,0.8499,0.8587
1161122,1600,0.8514,0.8558,0.8497,0.8514
1161123,1600,0.8558,0.8592,0.8491,0.8558
1161124,1600,0.8483,0.8501,0.8461,0.8479
1161125,1600,0.8481,0.8544,0.8469,0.848
1161128,1600,0.85,0.8562,0.85,0.8501
1161129,1600,0.8556,0.8557,0.8467,0.8558
1161130,1600,0.8524,0.8577,0.8492,0.8524
1161201,1600,0.8461,0.8485,0.837,0.8461
1161202,1600,0.8466,0.8483,0.8406,0.8469
1161205,1600,0.8342,0.8446,0.8305,0.8351
1161206,1600,0.845,0.8455,0.8406,0.8449
1161207,1600,0.8457,0.8549,0.8457,0.8458
1161208,1600,0.8518,0.8558,0.8428,0.852
1161209,1600,0.8439,0.8457,0.8377,0.844
1161212,1600,0.8373,0.8428,0.8363,0.8372
1161213,1600,0.8394,0.8402,0.834,0.8393
1161214,1600,0.8394,0.842,0.837,0.8393
1161215,1600,0.8386,0.8398,0.8332,0.8385
1161216,1600,0.8386,0.8424,0.8363,0.8385
1161219,1600,0.8363,0.8448,0.8361,0.8363
1161220,1600,0.8397,0.8423,0.8376,0.8398
1161221,1600,0.8403,0.8442,0.8403,0.8403
1161222,1600,0.844,0.8508,0.8434,0.844
1161223,1600,0.8497,0.8537,0.8492,0.8496
1161226,1600,0.8503,0.8526,0.8484,0.8503
1161227,1600,0.8516,0.8536,0.85,0.8518
1161228,1600,0.8521,0.8535,0.8493,0.8522
1161229,1600,0.8519,0.858,0.8515,0.852
1161230,1600,0.86,0.8604,0.8516,0.8603
1170102,1600,0.8514,0.8533,0.8494,0.8514
1170103,1600,0.8515,0.8528,0.845,0.8515
1170104,1600,0.8508,0.8536,0.8481,0.8508
1170105,1600,0.8517,0.8578,0.8517,0.8519
1170106,1600,0.8536,0.8587,0.8534,0.8537
1170109,1600,0.859,0.8689,0.8586,0.859
1170110,1600,0.8696,0.8763,0.8684,0.8698
1170111,1600,0.8667,0.8699,0.8649,0.8669
1170112,1600,0.8676,0.8725,0.8655,0.8677
1170113,1600,0.8726,0.8765,0.8708,0.8723
1170116,1600,0.8828,0.8845,0.8768,0.8828
1170117,1600,0.8806,0.8813,0.8633,0.8806
1170118,1600,0.8634,0.8702,0.8632,0.8634
1170119,1600,0.8668,0.8678,0.8611,0.8668
1170120,1600,0.8638,0.8671,0.8631,0.8639
1170123,1600,0.8648,0.8662,0.8595,0.8648
1170124,1600,0.8595,0.8647,0.8573,0.8595
1170125,1600,0.8561,0.8578,0.8514,0.856
1170126,1600,0.851,0.8532,0.8472,0.851
1170127,1600,0.8482,0.8536,0.8477,0.8481
1170130,1600,0.8511,0.8549,0.849,0.8508
1170131,1600,0.8564,0.8632,0.8546,0.8566
1170201,1600,0.8581,0.8593,0.8494,0.858
1170202,1600,0.8503,0.8622,0.85,0.8505
1170203,1600,0.8596,0.864,0.8574,0.8595
1170206,1600,0.8637,0.8638,0.8593,0.8637
1170207,1600,0.8615,0.8637,0.8585,0.8616
1170208,1600,0.8546,0.8551,0.851,0.8545
1170209,1600,0.8535,0.8547,0.8495,0.8534
1170210,1600,0.8529,0.8549,0.8502,0.8528
1170213,1600,0.8506,0.8513,0.848,0.8505
1170214,1600,0.8463,0.8529,0.8458,0.8463
1170215,1600,0.8483,0.8511,0.8466,0.8483
1170216,1600,0.8504,0.8538,0.8487,0.8506
1170217,1600,0.8545,0.8589,0.852,0.8545
1170220,1600,0.8548,0.8552,0.8511,0.8546
1170221,1600,0.8505,0.8512,0.8449,0.8505
1170222,1600,0.8442,0.8467,0.8402,0.8442
1170223,1600,0.8472,0.8493,0.8438,0.8471
1170224,1600,0.8428,0.8476,0.8422,0.8429
1170227,1600,0.8509,0.8539,0.8496,0.851
1170228,1600,0.8508,0.8543,0.8506,0.8509
1170301,1600,0.8537,0.8575,0.851,0.8538
1170302,1600,0.8586,0.8588,0.8549,0.8584
1170303,1600,0.8561,0.8639,0.8559,0.8559
1170306,1600,0.8637,0.8668,0.8625,0.8634
1170307,1600,0.8645,0.8681,0.8639,0.8644
1170308,1600,0.866,0.8694,0.8652,0.866
1170309,1600,0.8661,0.8715,0.8654,0.866
1170310,1600,0.8702,0.8765,0.8702,0.8702
1170313,1600,0.8782,0.8787,0.8716,0.8782
1170314,1600,0.8724,0.8783,0.8723,0.8726
1170315,1600,0.8728,0.8733,0.8679,0.8729
1170316,1600,0.8742,0.8756,0.8673,0.8742
1170317,1600,0.8722,0.8736,0.8679,0.8721
1170320,1600,0.8675,0.8695,0.866,0.8674
1170321,1600,0.8682,0.8724,0.8654,0.8681
1170322,1600,0.8661,0.8697,0.8643,0.8662
1170323,1600,0.8651,0.8653,0.8605,0.865
1170324,1600,0.8614,0.8661,0.8613,0.8615
1170327,1600,0.8668,0.8668,0.8625,0.8667
1170328,1600,0.8648,0.8679,0.8617,0.8647
1170329,1600,0.8708,0.8733,0.8627,0.8707
1170330,1600,0.8649,0.866,0.8576,0.8649
1170331,1600,0.8565,0.8593,0.8533,0.8565
1170403,1600,0.8507,0.8545,0.8505,0.8508
1170404,1600,0.8541,0.8584,0.8537,0.854
1170405,1600,0.8583,0.8589,0.8533,0.8583
1170406,1600,0.8546,0.8565,0.8511,0.8544
1170407,1600,0.8536,0.8578,0.8532,0.8536
1170410,1600,0.855,0.8551,0.8524,0.855
1170411,1600,0.8529,0.8547,0.8502,0.8529
1170412,1600,0.8493,0.8504,0.8477,0.8493
1170413,1600,0.8502,0.8502,0.8475,0.8502
1170414,1600,0.8488,0.8494,0.8474,0.8489
1170417,1600,0.8463,0.8489,0.8463,0.8465
1170418,1600,0.8475,0.8509,0.8379,0.8475
1170419,1600,0.8351,0.8373,0.8337,0.8352
1170420,1600,0.8383,0.8414,0.8363,0.8382
1170421,1600,0.8369,0.8383,0.8353,0.8369
1170424,1600,0.8478,0.8509,0.8452,0.8476
1170425,1600,0.8503,0.8526,0.8477,0.8502
1170426,1600,0.8516,0.853,0.8459,0.8515
1170427,1600,0.849,0.8495,0.8416,0.849
1170428,1600,0.8427,0.8461,0.8412,0.8426
1170501,1600,0.8433,0.8448,0.8424,0.8434
1170502,1600,0.8459,0.8484,0.8423,0.8458
1170503,1600,0.845,0.8476,0.8438,0.845
1170504,1600,0.8457,0.8492,0.8456,0.8459
1170505,1600,0.8495,0.8508,0.8466,0.8495
1170508,1600,0.8455,0.8478,0.8434,0.8457
1170509,1600,0.8443,0.8446,0.8403,0.8442
1170510,1600,0.8408,0.8416,0.8384,0.8407
1170511,1600,0.8404,0.845,0.8397,0.8404
1170512,1600,0.8429,0.8488,0.8428,0.8429
1170515,1600,0.8481,0.8508,0.8458,0.848
1170516,1600,0.8509,0.8594,0.8504,0.8509
1170517,1600,0.859,0.8612,0.8561,0.8588
1170518,1600,0.8598,0.861,0.8526,0.8601
1170519,1600,0.8576,0.8602,0.8569,0.8575
1170522,1600,0.8611,0.865,0.86,0.8611
1170523,1600,0.8649,0.8674,0.8624,0.8648
1170524,1600,0.8628,0.865,0.8602,0.8628
1170525,1600,0.8654,0.8666,0.8643,0.8653
1170526,1600,0.867,0.8749,0.867,0.8669
1170529,1600,0.8721,0.8721,0.87,0.8721
1170530,1600,0.8684,0.8701,0.8657,0.8684
1170531,1600,0.8723,0.8747,0.8703,0.8721
1170601,1600,0.8728,0.8753,0.8686,0.8729
1170602,1600,0.8701,0.8767,0.8697,0.8701
1170605,1600,0.8763,0.8765,0.8694,0.8765
1170606,1600,0.8722,0.8747,0.8693,0.8719
1170607,1600,0.8731,0.8736,0.8677,0.8733
1170608,1600,0.8682,0.8698,0.8663,0.8683
1170609,1600,0.8788,0.8855,0.8748,0.879
1170612,1600,0.879,0.8864,0.878,0.8791
1170613,1600,0.8839,0.885,0.8785,0.8836
1170614,1600,0.8792,0.8835,0.8768,0.8791
1170615,1600,0.8791,0.8806,0.8722,0.8791
1170616,1600,0.8735,0.876,0.872,0.8737
1170619,1600,0.877,0.8773,0.8734,0.8769
1170620,1600,0.8753,0.883,0.8739,0.8753
1170621,1600,0.8815,0.8844,0.8772,0.8816
1170622,1600,0.881,0.8827,0.8804,0.8809
1170623,1600,0.8791,0.8803,0.8764,0.8794
1170626,1600,0.8787,0.8806,0.8772,0.8787
1170627,1600,0.8789,0.8856,0.8783,0.8788
1170628,1600,0.8848,0.8879,0.8772,0.8848
1170629,1600,0.8793,0.8807,0.878,0.8795
1170630,1600,0.8793,0.8807,0.8765,0.8792
1170703,1600,0.8776,0.8789,0.8757,0.8775
1170704,1600,0.8784,0.879,0.8764,0.8782
1170705,1600,0.8781,0.8808,0.8762,0.8781
1170706,1600,0.8774,0.8817,0.8756,0.8773
1170707,1600,0.8806,0.8858,0.8797,0.8808
1170710,1600,0.8846,0.8858,0.8833,0.8846
1170712,1600,0.8923,0.8946,0.884,0.8922
1170713,1600,0.8857,0.8873,0.8803,0.8856
1170714,1600,0.8807,0.8814,0.8745,0.8807
1170717,1600,0.8752,0.8786,0.8745,0.8752
1170718,1600,0.8791,0.8898,0.8784,0.8791
1170719,1600,0.8859,0.8861,0.883,0.8858
1170720,1600,0.8847,0.8973,0.8833,0.8847
1170721,1600,0.8969,0.8991,0.894,0.8969
1170724,1600,0.8981,0.8981,0.8921,0.8982
1170725,1600,0.8935,0.8959,0.8928,0.8933
1170726,1600,0.8936,0.8945,0.8905,0.8938
1170727,1600,0.8944,0.895,0.8891,0.8943
1170728,1600,0.8939,0.8968,0.8928,0.8938
1170731,1600,0.8937,0.8961,0.8933,0.8936
1170801,1600,0.8958,0.896,0.8924,0.896
1170802,1600,0.8941,0.8967,0.8935,0.8942
1170803,1600,0.8958,0.9048,0.8927,0.8958
1170804,1600,0.904,0.9054,0.9001,0.904
1170807,1600,0.9028,0.906,0.9026,0.9027
1170808,1600,0.9052,0.9086,0.9039,0.9051
1170809,1600,0.9051,0.9054,0.9011,0.9051
1170810,1600,0.904,0.9054,0.9008,0.9039
1170811,1600,0.9069,0.9117,0.9052,0.907
1170814,1600,0.9091,0.9097,0.9071,0.9092
1170815,1600,0.9081,0.9132,0.9051,0.9082
1170816,1600,0.9123,0.9141,0.9085,0.9124
1170817,1600,0.9134,0.9135,0.9066,0.9133
1170818,1600,0.9107,0.9149,0.9092,0.9104
1170821,1600,0.9133,0.9161,0.9111,0.9131
1170822,1600,0.9157,0.9175,0.9154,0.9157
1170823,1600,0.917,0.9236,0.9161,0.9172
1170824,1600,0.9229,0.9233,0.919,0.9229
1170825,1600,0.9217,0.9229,0.9196,0.9215
1170828,1600,0.926,0.9268,0.923,0.9261
1170829,1600,0.9255,0.9306,0.9247,0.9254
1170830,1600,0.9262,0.9269,0.9216,0.9263
1170831,1600,0.9203,0.9237,0.9186,0.9201
1170901,1600,0.9204,0.922,0.9151,0.9203
1170904,1600,0.9164,0.9216,0.9163,0.9164
1170905,1600,0.9202,0.9212,0.9142,0.9202
1170906,1600,0.9143,0.9163,0.9129,0.9143
1170907,1600,0.9141,0.9201,0.9135,0.9141
1170908,1600,0.9179,0.9202,0.9112,0.9179
1170911,1600,0.9105,0.9122,0.9075,0.9106
1170912,1600,0.908,0.9082,0.8986,0.9081
1170913,1600,0.9008,0.9038,0.8983,0.9008
1170914,1600,0.9002,0.9023,0.887,0.9
1170915,1600,0.8899,0.89,0.8776,0.8897
1170918,1600,0.8791,0.8854,0.8779,0.8793
1170919,1600,0.8848,0.8898,0.8842,0.8848
1170920,1600,0.8873,0.8888,0.883,0.8873
1170921,1600,0.8802,0.8833,0.8797,0.8799
1170922,1600,0.8796,0.8873,0.8794,0.8796
1170925,1600,0.8829,0.8831,0.8775,0.883
1170926,1600,0.8797,0.8799,0.8755,0.8796
1170927,1600,0.8765,0.8795,0.8747,0.8766
1170928,1600,0.877,0.8808,0.8759,0.8769
1170929,1600,0.8772,0.884,0.8765,0.8772
1171002,1600,0.8815,0.8868,0.8765,0.8817
1171003,1600,0.8838,0.888,0.8822,0.8838
1171004,1600,0.8871,0.8878,0.8852,0.8871
1171005,1600,0.8884,0.8931,0.8875,0.8883
1171006,1600,0.8932,0.8992,0.8931,0.8932
1171009,1600,0.8975,0.8976,0.8906,0.8974
1171010,1600,0.8935,0.8952,0.8925,0.8933
1171011,1600,0.8943,0.8987,0.894,0.8943
1171012,1600,0.8962,0.903,0.895,0.8961
1171013,1600,0.8919,0.8928,0.8876,0.892
1171016,1600,0.889,0.8905,0.8856,0.8889
1171017,1600,0.8898,0.8926,0.8859,0.8899
1171018,1600,0.8923,0.8946,0.891,0.8922
1171019,1600,0.8926,0.8989,0.8926,0.8926
1171020,1600,0.9009,0.9021,0.8927,0.9009
1171023,1600,0.891,0.8927,0.8898,0.8911
1171024,1600,0.8903,0.8968,0.8894,0.89
1171025,1600,0.8956,0.8972,0.8881,0.8954
1171026,1600,0.8906,0.8955,0.8874,0.8905
1171027,1600,0.8865,0.8901,0.8825,0.8863
1171030,1600,0.8836,0.8848,0.8793,0.8836
1171031,1600,0.8818,0.8823,0.8768,0.8819
1171101,1600,0.8766,0.8776,0.8734,0.8765
1171102,1600,0.8772,0.8936,0.8767,0.8772
1171103,1600,0.8932,0.8934,0.8878,0.8929
1171106,1600,0.888,0.8888,0.8821,0.8878
1171107,1600,0.8814,0.8832,0.8792,0.8813
1171108,1600,0.8807,0.8862,0.8799,0.8806
1171109,1600,0.884,0.8876,0.8824,0.8841
1171110,1600,0.886,0.8871,0.8813,0.8861
1171113,1600,0.8888,0.8923,0.8873,0.8888
1171114,1600,0.8891,0.8974,0.889,0.8891
1171115,1600,0.896,0.9011,0.8957,0.8961
1171117,1600,0.8922,0.8953,0.8898,0.8922
1171120,1600,0.8888,0.8903,0.8856,0.8886
1171121,1600,0.8863,0.8877,0.8842,0.8863
1171122,1600,0.8863,0.8891,0.8854,0.886
1171123,1600,0.8873,0.891,0.8868,0.8871
1171124,1600,0.8906,0.8951,0.8893,0.8906
1171127,1600,0.8952,0.8965,0.8929,0.8951
1171128,1600,0.8936,0.898,0.8922,0.8935
1171129,1600,0.8865,0.8873,0.8819,0.8865
1171130,1600,0.8833,0.8839,0.8777,0.8833
1171201,1600,0.8793,0.8841,0.8788,0.8794
1171204,1600,0.8788,0.8831,0.8756,0.8788
1171205,1600,0.8809,0.8863,0.8779,0.8808
1171206,1600,0.882,0.8852,0.8801,0.8819
1171207,1600,0.8815,0.8848,0.8778,0.8814
1171208,1600,0.8729,0.8805,0.8691,0.8731
1171211,1600,0.8788,0.8838,0.8776,0.8786
1171212,1600,0.8824,0.8842,0.8792,0.8822
1171213,1600,0.8816,0.8825,0.8782,0.8816
1171214,1600,0.8826,0.8832,0.8762,0.8826
1171215,1600,0.8766,0.8859,0.8762,0.8765
1171218,1600,0.8817,0.8839,0.8792,0.8818
1171219,1600,0.8806,0.8863,0.8805,0.8806
1171220,1600,0.8842,0.8878,0.8828,0.8843
1171221,1600,0.8883,0.8889,0.8873,0.8882
1171222,1600,0.8859,0.8871,0.8835,0.8861
1171225,1600,0.8851,0.8889,0.8814,0.8851
1171226,1600,0.8875,0.889,0.8867,0.8874
1171227,1600,0.8867,0.8882,0.8855,0.8865
1171228,1600,0.8879,0.8891,0.8866,0.8878
1171229,1600,0.8882,0.8891,0.8859,0.8883
1180101,1600,0.8883,0.8909,0.8876,0.8881
1180102,1600,0.8889,0.8916,0.8862,0.8889
1180103,1600,0.8872,0.8899,0.8849,0.8872
1180104,1600,0.8889,0.8922,0.888,0.8888
1180105,1600,0.8904,0.8907,0.8868,0.8903
1180108,1600,0.8866,0.8875,0.8816,0.8866
1180109,1600,0.882,0.8833,0.8807,0.882
1180110,1600,0.8816,0.8872,0.8813,0.8816
1180111,1600,0.8847,0.8912,0.8847,0.8848
1180112,1600,0.8892,0.8923,0.886,0.8892
1180115,1600,0.8879,0.8909,0.8873,0.8878
1180116,1600,0.8893,0.8898,0.8863,0.8891
1180117,1600,0.8893,0.8906,0.8841,0.8893
1180118,1600,0.881,0.8836,0.8803,0.8811
1180119,1600,0.8806,0.8846,0.8805,0.8807
1180122,1600,0.8824,0.8825,0.877,0.8822
1180123,1600,0.8764,0.8795,0.8761,0.8765
1180124,1600,0.8784,0.8787,0.87,0.8784
1180125,1600,0.8715,0.8761,0.8689,0.8714
1180126,1600,0.8756,0.8777,0.8727,0.8757
1180129,1600,0.8783,0.8814,0.8768,0.8783
1180130,1600,0.8798,0.8832,0.8772,0.8796
1180131,1600,0.8767,0.8814,0.8751,0.8766
1180201,1600,0.8744,0.8771,0.8719,0.8743
1180202,1600,0.877,0.8819,0.8757,0.8768
1180205,1600,0.882,0.887,0.8814,0.882
1180206,1600,0.8872,0.8908,0.8855,0.8869
1180207,1600,0.8869,0.8897,0.8839,0.887
1180208,1600,0.8839,0.8841,0.8735,0.8839
1180209,1600,0.8799,0.8878,0.8778,0.8798
1180212,1600,0.8862,0.889,0.8845,0.8862
1180213,1600,0.8882,0.8903,0.8858,0.8881
1180214,1600,0.8896,0.8918,0.8875,0.8897
1180215,1600,0.8895,0.8901,0.8859,0.8895
1180216,1600,0.8867,0.8888,0.885,0.8865
1180219,1600,0.8845,0.8867,0.8844,0.8845
1180220,1600,0.8861,0.8867,0.8806,0.8861
1180221,1600,0.8811,0.8854,0.8806,0.881
1180222,1600,0.8828,0.8863,0.8822,0.8829
1180223,1600,0.8835,0.8836,0.8787,0.8834
1180226,1600,0.8796,0.8822,0.8771,0.8796
1180227,1600,0.882,0.8842,0.8801,0.8817
1180228,1600,0.879,0.8856,0.8779,0.8794
1180301,1600,0.8864,0.8886,0.8838,0.8863
1180302,1600,0.8907,0.895,0.8896,0.8907
1180305,1600,0.8929,0.8939,0.8886,0.8928
1180306,1600,0.8908,0.8943,0.8906,0.8906
1180307,1600,0.8934,0.8967,0.8919,0.8932
1180308,1600,0.8926,0.8956,0.8905,0.8927
1180309,1600,0.8916,0.8925,0.8877,0.8914
1180312,1600,0.8883,0.8895,0.8849,0.8884
1180313,1600,0.8873,0.8886,0.8852,0.8872
1180314,1600,0.8869,0.8878,0.8845,0.887
1180315,1600,0.8858,0.8873,0.8823,0.8857
1180316,1600,0.8829,0.8839,0.8813,0.8828
1180319,1600,0.8807,0.8815,0.8745,0.8807
1180320,1600,0.8796,0.8799,0.8758,0.8796
1180321,1600,0.8746,0.8758,0.8722,0.8746
1180322,1600,0.8729,0.874,0.8679,0.873
1180323,1600,0.8732,0.8752,0.8711,0.8732
1180326,1600,0.873,0.8762,0.8717,0.8732
1180327,1600,0.8748,0.8796,0.8745,0.8749
1180328,1600,0.8753,0.8767,0.8734,0.8752
1180329,1600,0.8743,0.8769,0.8741,0.8742
1180330,1600,0.877,0.8784,0.8767,0.8769
1180402,1600,0.8772,0.8776,0.8752,0.8771
1180403,1600,0.8751,0.8762,0.8714,0.8751
1180404,1600,0.8726,0.8757,0.8714,0.8727
1180405,1600,0.872,0.8749,0.8716,0.8721
1180406,1600,0.8745,0.8749,0.8702,0.8745
1180409,1600,0.8709,0.8719,0.8698,0.8708
1180410,1600,0.8718,0.8727,0.8693,0.8717
1180411,1600,0.8718,0.8739,0.8701,0.8717
1180412,1600,0.872,0.8727,0.8646,0.872
1180413,1600,0.8658,0.8663,0.8628,0.866
1180416,1600,0.8656,0.8668,0.8628,0.8655
1180417,1600,0.8635,0.8647,0.862,0.8635
1180418,1600,0.8653,0.8721,0.8644,0.8654
1180419,1600,0.8715,0.8733,0.8689,0.8715
1180420,1600,0.8764,0.8789,0.8734,0.8764
1180423,1600,0.8764,0.8774,0.8745,0.8764
1180424,1600,0.876,0.8766,0.8739,0.8759
1180425,1600,0.8743,0.8751,0.873,0.8743
1180426,1600,0.8733,0.875,0.8682,0.8732
1180427,1600,0.8699,0.8786,0.8684,0.8699
1180430,1600,0.8803,0.8823,0.8767,0.8801
1180501,1600,0.8771,0.882,0.8761,0.8772
1180502,1600,0.8811,0.883,0.8784,0.8811
1180503,1600,0.8805,0.883,0.8804,0.8804
1180504,1600,0.8833,0.8838,0.8816,0.8833
1180507,1600,0.8834,0.8837,0.8779,0.8834
1180508,1600,0.8794,0.8809,0.8768,0.8795
1180509,1600,0.8755,0.8766,0.8728,0.8756
1180510,1600,0.8747,0.8836,0.8729,0.8746
1180511,1600,0.8812,0.882,0.8788,0.8811
1180514,1600,0.882,0.8827,0.8801,0.8819
1180515,1600,0.8798,0.8817,0.8779,0.8797
1180516,1600,0.8756,0.8781,0.8733,0.8756
1180517,1600,0.872,0.8752,0.8715,0.8721
1180518,1600,0.8726,0.8752,0.8725,0.8726
1180521,1600,0.8729,0.8773,0.8726,0.8729
1180522,1600,0.8777,0.8788,0.8759,0.8778
1180523,1600,0.877,0.8795,0.8742,0.8769
1180524,1600,0.8755,0.8776,0.8738,0.8758
1180525,1600,0.8759,0.878,0.8742,0.876
1180528,1600,0.8782,0.8795,0.8725,0.8782
1180529,1600,0.8734,0.874,0.8698,0.8733
1180530,1600,0.8704,0.8777,0.8696,0.8705
1180531,1600,0.878,0.8791,0.8757,0.8781
1180601,1600,0.8798,0.8809,0.8729,0.8798
1180604,1600,0.8737,0.8785,0.8732,0.8736
1180605,1600,0.8786,0.8788,0.8724,0.8786
1180606,1600,0.8746,0.8777,0.8739,0.8745
1180607,1600,0.8778,0.8838,0.8776,0.8778
1180608,1600,0.879,0.8799,0.8759,0.8789
1180611,1600,0.8786,0.8831,0.8778,0.8785
1180612,1600,0.8805,0.8831,0.8786,0.8804
1180613,1600,0.8783,0.8825,0.8783,0.8784
1180614,1600,0.882,0.882,0.8724,0.882
1180615,1600,0.8723,0.8756,0.8718,0.8725
1180618,1600,0.8733,0.8777,0.8728,0.8734
1180619,1600,0.8773,0.8789,0.8754,0.8772
1180620,1600,0.8795,0.88,0.8769,0.8796
1180621,1600,0.8788,0.8798,0.8727,0.8789
1180622,1600,0.8761,0.8783,0.875,0.876
1180625,1600,0.8791,0.8814,0.8781,0.8792
1180626,1600,0.8812,0.8821,0.88,0.8812
1180627,1600,0.881,0.8827,0.8803,0.8811
1180628,1600,0.8813,0.887,0.8812,0.8814
1180629,1600,0.8842,0.8889,0.8836,0.8843
1180702,1600,0.8841,0.8868,0.8835,0.8842
1180703,1600,0.8857,0.8862,0.8828,0.8856
1180704,1600,0.8836,0.8839,0.8799,0.8836
1180705,1600,0.8812,0.8857,0.8811,0.8815
1180706,1600,0.8843,0.8867,0.8835,0.8843
1180709,1600,0.8839,0.889,0.8814,0.8838
1180710,1600,0.8869,0.8875,0.8821,0.8869
1180711,1600,0.8846,0.886,0.883,0.8843
1180712,1600,0.884,0.8849,0.8821,0.8839
1180713,1600,0.885,0.8865,0.8825,0.8851
1180716,1600,0.8829,0.8852,0.8817,0.8829
1180717,1600,0.8847,0.8898,0.8842,0.8846
1180718,1600,0.8891,0.893,0.8874,0.8892
1180719,1600,0.8905,0.8941,0.8903,0.8904
1180720,1600,0.8949,0.8957,0.8928,0.8949
1180723,1600,0.893,0.8936,0.891,0.893
1180724,1600,0.8923,0.8926,0.8892,0.8924
1180725,1600,0.8884,0.8901,0.8875,0.8884
1180726,1600,0.8892,0.8894,0.8866,0.8892
1180727,1600,0.8882,0.8893,0.8874,0.8881
1180730,1600,0.8892,0.8917,0.8881,0.8892
1180731,1600,0.8913,0.8933,0.8907,0.8913
1180801,1600,0.891,0.8916,0.8891,0.8911
1180802,1600,0.8886,0.8923,0.8856,0.8885
1180803,1600,0.8899,0.8918,0.8895,0.8899
1180806,1600,0.8892,0.8935,0.8891,0.8891
1180807,1600,0.8929,0.8961,0.8923,0.8929
1180808,1600,0.8962,0.9016,0.8962,0.8962
1180809,1600,0.9015,0.9029,0.8984,0.9015
1180810,1600,0.8983,0.8991,0.8927,0.8983
1180813,1600,0.8931,0.8946,0.8913,0.893
1180814,1600,0.8934,0.8938,0.8904,0.8932
1180815,1600,0.8921,0.8934,0.8901,0.892
1180816,1600,0.8935,0.8959,0.8933,0.8935
1180817,1600,0.8945,0.8969,0.8936,0.8944
1180820,1600,0.8973,0.8973,0.8941,0.8972
1180821,1600,0.8973,0.8998,0.8951,0.8974
1180822,1600,0.8969,0.9002,0.8962,0.8969
1180823,1600,0.8977,0.9022,0.8971,0.8978
1180824,1600,0.9011,0.9046,0.9002,0.901
1180827,1600,0.9056,0.9061,0.9034,0.9057
1180828,1600,0.9059,0.9098,0.9057,0.9059
1180829,1600,0.9086,0.909,0.8988,0.9085
1180830,1600,0.8982,0.8992,0.8954,0.8982
1180831,1600,0.8965,0.8986,0.8938,0.8965
1180903,1600,0.8974,0.9032,0.897,0.8975
1180904,1600,0.9024,0.9026,0.899,0.9025
1180905,1600,0.9011,0.9048,0.8956,0.9011
1180906,1600,0.9009,0.9018,0.8975,0.9009
1180907,1600,0.8989,0.9006,0.8914,0.899
1180910,1600,0.8939,0.8956,0.8896,0.8939
1180911,1600,0.8898,0.8924,0.8888,0.89
1180912,1600,0.8907,0.8935,0.8889,0.8909
1180913,1600,0.8912,0.8929,0.8895,0.8912
1180914,1600,0.8916,0.8931,0.8899,0.8918
1180917,1600,0.8892,0.8903,0.8884,0.8892
1180918,1600,0.8876,0.8908,0.8876,0.8874
1180919,1600,0.8869,0.89,0.8862,0.8869
1180920,1600,0.8883,0.889,0.8848,0.8884
1180921,1600,0.8874,0.8994,0.8874,0.8873
1180924,1600,0.8982,0.8983,0.8936,0.8982
1180925,1600,0.896,0.8975,0.894,0.896
1180926,1600,0.8925,0.8945,0.8902,0.8923
1180927,1600,0.892,0.8936,0.8889,0.8919
1180928,1600,0.8898,0.8913,0.8872,0.89
1181001,1600,0.8899,0.8914,0.8863,0.89
1181002,1600,0.8876,0.8913,0.8867,0.8876
1181003,1600,0.8898,0.8917,0.886,0.8899
1181004,1600,0.8868,0.8875,0.8839,0.8868
1181005,1600,0.8844,0.8847,0.8778,0.8843
1181008,1600,0.8779,0.8806,0.8776,0.8777
1181009,1600,0.8779,0.879,0.8737,0.8779
1181010,1600,0.8744,0.8749,0.8723,0.8744
1181011,1600,0.8732,0.8767,0.8729,0.8733
1181012,1600,0.8759,0.8789,0.8746,0.8757
1181015,1600,0.8815,0.8825,0.8797,0.8815
1181016,1600,0.8805,0.8809,0.8753,0.8805
1181017,1600,0.8777,0.8804,0.8768,0.8777
1181018,1600,0.8778,0.8802,0.8771,0.8778
1181019,1600,0.8798,0.8826,0.8775,0.8797
1181022,1600,0.8809,0.8856,0.8806,0.8808
1181023,1600,0.8842,0.8847,0.8801,0.8842
1181024,1600,0.8837,0.8843,0.8816,0.8837
1181025,1600,0.8845,0.8881,0.8831,0.8845
1181026,1600,0.8871,0.8885,0.8862,0.887
1181029,1600,0.8883,0.8893,0.8867,0.8884
1181030,1600,0.8885,0.8927,0.8882,0.8886
1181031,1600,0.8929,0.893,0.8844,0.8926
1181101,1600,0.8862,0.8863,0.8783,0.8862
1181102,1600,0.8771,0.8799,0.8769,0.8769
1181105,1600,0.8763,0.8772,0.8737,0.8763
1181106,1600,0.8735,0.8753,0.8722,0.8736
1181107,1600,0.8723,0.8745,0.8711,0.8723
1181108,1600,0.8709,0.8737,0.8698,0.8709
1181109,1600,0.87,0.8731,0.8691,0.87
1181112,1600,0.8752,0.8771,0.8709,0.8752
1181113,1600,0.8729,0.8741,0.8656,0.873
1181114,1600,0.8691,0.8737,0.8678,0.8691
1181115,1600,0.8711,0.8881,0.8706,0.871
1181116,1600,0.8871,0.8888,0.8825,0.887
1181119,1600,0.8891,0.8925,0.8869,0.8894
1181120,1600,0.8909,0.8921,0.8876,0.8909
1181121,1600,0.8893,0.8923,0.8887,0.8892
1181122,1600,0.8913,0.8921,0.8845,0.8912
1181123,1600,0.8855,0.8875,0.8838,0.8855
1181126,1600,0.8845,0.8868,0.8837,0.8847
1181127,1600,0.8845,0.8886,0.8843,0.8844
1181128,1600,0.8865,0.8868,0.881,0.8865
1181129,1600,0.8863,0.8919,0.8859,0.8865
1181130,1600,0.891,0.8924,0.8861,0.8911
1181203,1600,0.8894,0.8923,0.8864,0.8894
1181204,1600,0.8921,0.8943,0.8889,0.8922
1181205,1600,0.8917,0.8931,0.8876,0.8917
1181206,1600,0.8916,0.8926,0.8888,0.8916
1181207,1600,0.8901,0.8942,0.8898,0.8901
1181210,1600,0.8964,0.9083,0.8959,0.8962
1181211,1600,0.9039,0.9048,0.9007,0.9039
1181212,1600,0.9063,0.9068,0.8971,0.9063
1181213,1600,0.9007,0.9013,0.8952,0.9006
1181214,1600,0.898,0.9004,0.8961,0.8978
1181217,1600,0.8983,0.9002,0.8976,0.8982
1181218,1600,0.8996,0.9008,0.8965,0.8995
1181219,1600,0.8989,0.904,0.8981,0.8988
1181220,1600,0.9019,0.905,0.9008,0.9018
1181221,1600,0.9043,0.905,0.8987,0.9042
1181224,1600,0.8989,0.9026,0.8966,0.899
1181225,1600,0.8968,0.9007,0.8905,0.8966
1181226,1600,0.8994,0.9007,0.8965,0.8995
1181227,1600,0.8981,0.9039,0.898,0.8982
1181228,1600,0.9039,0.9059,0.9013,0.9039
1181231,1600,0.9014,0.9021,0.8928,0.9013
1190101,1600,0.9013,0.9108,0.8998,0.9023
1190102,1600,0.8987,0.9029,0.8982,0.8985
1190103,1600,0.9039,0.9063,0.9017,0.904
1190104,1600,0.9019,0.9031,0.8956,0.9019
1190107,1600,0.8961,0.899,0.8954,0.8959
1190108,1600,0.8978,0.8994,0.8951,0.8978
1190109,1600,0.8994,0.904,0.8975,0.8993
1190110,1600,0.9028,0.9059,0.9014,0.9026
1190111,1600,0.9025,0.9059,0.8932,0.9022
1190114,1600,0.892,0.8951,0.8875,0.8918
1190115,1600,0.891,0.8934,0.888,0.8909
1190116,1600,0.8866,0.8888,0.8842,0.8866
1190117,1600,0.8846,0.8869,0.8799,0.8845
1190118,1600,0.8774,0.8823,0.8771,0.8772
1190121,1600,0.8842,0.8862,0.8806,0.8843
1190122,1600,0.8819,0.8828,0.8763,0.8819
1190123,1600,0.877,0.8781,0.8698,0.877
1190124,1600,0.8703,0.8724,0.8683,0.8703
1190125,1600,0.8625,0.868,0.862,0.8621
1190128,1600,0.864,0.8695,0.864,0.8639
1190129,1600,0.8685,0.8709,0.8659,0.8685
1190130,1600,0.8741,0.8747,0.8715,0.8744
1190131,1600,0.8756,0.8766,0.8713,0.8754
1190201,1600,0.8732,0.8792,0.8725,0.8732
1190204,1600,0.876,0.8774,0.8727,0.8759
1190205,1600,0.8775,0.8821,0.8751,0.8776
1190206,1600,0.8806,0.8806,0.8772,0.8805
1190207,1600,0.8787,0.8813,0.873,0.8786
1190208,1600,0.8757,0.8764,0.8743,0.8756
1190211,1600,0.8753,0.8776,0.8745,0.8753
1190212,1600,0.8767,0.8783,0.8757,0.8768
1190213,1600,0.8791,0.8792,0.8745,0.8791
1190214,1600,0.8763,0.8838,0.876,0.8762
1190215,1600,0.8825,0.8827,0.8762,0.8825
1190218,1600,0.8753,0.8766,0.8743,0.8751
1190219,1600,0.8753,0.8762,0.8686,0.8752
1190220,1600,0.8683,0.8713,0.8678,0.8682
1190221,1600,0.8698,0.8702,0.8665,0.8697
1190222,1600,0.8694,0.8727,0.8677,0.8695
1190225,1600,0.868,0.8698,0.8669,0.868
1190226,1600,0.8656,0.8657,0.8565,0.8657
1190227,1600,0.8593,0.8595,0.8531,0.8593
1190228,1600,0.8544,0.8585,0.8541,0.8544
1190301,1600,0.8573,0.8611,0.8571,0.8574
1190304,1600,0.8593,0.8596,0.8558,0.8592
1190305,1600,0.8603,0.8644,0.8586,0.8602
1190306,1600,0.8593,0.8618,0.8587,0.8593
1190307,1600,0.8583,0.8623,0.8555,0.8583
1190308,1600,0.8554,0.8643,0.8547,0.8554
1190311,1600,0.8649,0.8674,0.8568,0.8648
1190312,1600,0.85,0.8652,0.8499,0.85
1190313,1600,0.8639,0.8639,0.8548,0.8639
1190314,1600,0.8531,0.856,0.8499,0.8528
1190315,1600,0.8529,0.8573,0.8528,0.8529
1190318,1600,0.8512,0.8594,0.8512,0.8512
1190319,1600,0.8546,0.8568,0.8535,0.8547
1190320,1600,0.8555,0.8637,0.8555,0.8555
1190321,1600,0.8655,0.8695,0.8637,0.8654
1190322,1600,0.8662,0.8668,0.8534,0.8663
1190325,1600,0.8552,0.8596,0.8547,0.8553
1190326,1600,0.8566,0.8592,0.852,0.8562
1190327,1600,0.8534,0.855,0.8501,0.8533
1190328,1600,0.8554,0.8589,0.8526,0.8554
1190329,1600,0.8601,0.8648,0.8555,0.8602
1190401,1600,0.8618,0.8626,0.8529,0.8618
1190402,1600,0.8573,0.8606,0.8567,0.8574
1190403,1600,0.8535,0.8554,0.8504,0.8534
1190404,1600,0.8533,0.8587,0.8519,0.8534
1190405,1600,0.8584,0.8626,0.8558,0.8583
1190408,1600,0.8605,0.8645,0.8589,0.8605
1190409,1600,0.8618,0.8651,0.8597,0.8617
1190410,1600,0.863,0.8632,0.8593,0.8628
1190411,1600,0.8609,0.8631,0.8596,0.8608
1190412,1600,0.8625,0.8655,0.8621,0.8624
1190415,1600,0.8638,0.8649,0.8619,0.8639
1190416,1600,0.8629,0.8659,0.8626,0.8628
1190417,1600,0.8651,0.868,0.865,0.8648
1190418,1600,0.8664,0.8665,0.8636,0.8663
1190419,1600,0.8648,0.8655,0.8642,0.8646
1190422,1600,0.8654,0.8672,0.8646,0.8654
1190423,1600,0.8673,0.8673,0.8635,0.8673
1190424,1600,0.8675,0.8677,0.8637,0.8675
1190425,1600,0.8643,0.8654,0.8627,0.8642
1190426,1600,0.8635,0.8638,0.8624,0.8636
1190429,1600,0.8628,0.8643,0.8621,0.863
1190430,1600,0.8647,0.8649,0.8592,0.8648
1190501,1600,0.86,0.8605,0.8586,0.8599
1190502,1600,0.8582,0.8595,0.8568,0.8579
1190503,1600,0.8573,0.8587,0.8497,0.8571
1190506,1600,0.8506,0.8555,0.8505,0.8505
1190507,1600,0.8552,0.8579,0.8538,0.855
1190508,1600,0.8561,0.8623,0.856,0.8562
1190509,1600,0.8605,0.8646,0.8595,0.8605
1190510,1600,0.862,0.8639,0.8619,0.8623
1190513,1600,0.8637,0.8673,0.8624,0.8638
1190514,1600,0.8664,0.8691,0.8661,0.8664
1190515,1600,0.868,0.8733,0.867,0.8681
1190516,1600,0.8724,0.8748,0.872,0.8723
1190517,1600,0.8731,0.8777,0.8731,0.873
1190520,1600,0.877,0.8784,0.8749,0.8769
1190521,1600,0.8774,0.8788,0.8733,0.8773
1190522,1600,0.8785,0.8839,0.8771,0.8785
1190523,1600,0.8808,0.8837,0.8792,0.8808
1190524,1600,0.8831,0.8849,0.8803,0.8833
1190527,1600,0.8808,0.8834,0.8789,0.8809
1190528,1600,0.8827,0.8841,0.8806,0.8827
1190529,1600,0.8821,0.8831,0.8799,0.8822
1190530,1600,0.8817,0.8839,0.8808,0.8818
1190531,1600,0.8828,0.8874,0.8822,0.8827
1190603,1600,0.8839,0.888,0.8826,0.884
1190604,1600,0.888,0.89,0.8853,0.888
1190605,1600,0.8858,0.8877,0.8843,0.8858
1190606,1600,0.8849,0.8887,0.8839,0.885
1190607,1600,0.8881,0.8899,0.8851,0.8881
1190610,1600,0.8896,0.8929,0.8881,0.8895
1190611,1600,0.8917,0.8932,0.8891,0.8918
1190612,1600,0.8904,0.8913,0.8873,0.8903
1190613,1600,0.8896,0.8918,0.8877,0.8896
1190614,1600,0.8895,0.8917,0.889,0.8896
1190617,1600,0.8905,0.8944,0.8899,0.8905
1190618,1600,0.895,0.8974,0.8915,0.8949
1190619,1600,0.891,0.8926,0.8874,0.8911
1190620,1600,0.888,0.892,0.8872,0.8879
1190621,1600,0.8886,0.8945,0.8883,0.8888
1190624,1600,0.8927,0.896,0.8919,0.8928
1190625,1600,0.8948,0.8962,0.8917,0.8948
1190626,1600,0.8957,0.8975,0.8942,0.8957
1190627,1600,0.8959,0.8972,0.8938,0.8959
1190628,1600,0.8972,0.8991,0.8941,0.8971
1190701,1600,0.8948,0.8979,0.8926,0.8949
1190702,1600,0.8926,0.8972,0.892,0.8926
1190703,1600,0.8962,0.8987,0.896,0.8962
1190704,1600,0.897,0.8978,0.8963,0.897
1190705,1600,0.8968,0.8982,0.8958,0.8967
1190708,1600,0.8963,0.8973,0.8953,0.8963
1190709,1600,0.896,0.9,0.8958,0.8961
1190710,1600,0.8992,0.9009,0.8983,0.8994
1190711,1600,0.9001,0.9005,0.8966,0.9001
1190712,1600,0.8983,0.8989,0.8956,0.8983
1190715,1600,0.8965,0.9,0.8964,0.8965
1190716,1600,0.8996,0.9046,0.8994,0.8996
1190717,1600,0.9035,0.905,0.9023,0.9034
1190718,1600,0.9028,0.9039,0.8979,0.9029
1190719,1600,0.8977,0.8997,0.8957,0.8978
1190722,1600,0.8964,0.9,0.8963,0.8966
1190723,1600,0.8981,0.9003,0.8953,0.8983
1190724,1600,0.8965,0.8966,0.8908,0.8966
1190725,1600,0.8923,0.8959,0.8892,0.8924
1190726,1600,0.8949,0.8983,0.8948,0.8949
1190729,1600,0.8992,0.9115,0.8991,0.8992
1190730,1600,0.9119,0.9189,0.9117,0.912
1190731,1600,0.9176,0.918,0.909,0.9174
1190801,1600,0.9109,0.9136,0.9097,0.9108
1190802,1600,0.9137,0.9169,0.913,0.9137
1190805,1600,0.9141,0.9221,0.9132,0.9141
1190806,1600,0.9248,0.9248,0.9157,0.9247
1190807,1600,0.9206,0.9247,0.9189,0.9206
1190808,1600,0.9228,0.9263,0.9207,0.9226
1190809,1600,0.9212,0.929,0.921,0.9211
1190812,1600,0.9321,0.9322,0.925,0.9323
1190813,1600,0.9284,0.9293,0.925,0.9285
1190814,1600,0.9264,0.9275,0.9232,0.9265
1190815,1600,0.924,0.925,0.9155,0.924
1190816,1600,0.9189,0.9191,0.9091,0.9189
1190819,1600,0.9122,0.9168,0.9112,0.9122
1190820,1600,0.9136,0.9182,0.9111,0.9136
1190821,1600,0.9122,0.9161,0.9115,0.9124
1190822,1600,0.9141,0.9156,0.9029,0.9141
1190823,1600,0.9046,0.9093,0.9039,0.9047
1190826,1600,0.9087,0.9107,0.9064,0.9087
1190827,1600,0.9082,0.9094,0.902,0.9082
1190828,1600,0.9029,0.9117,0.9024,0.9028
1190829,1600,0.9073,0.9092,0.9052,0.9072
1190830,1600,0.9075,0.9079,0.9022,0.9075
1190902,1600,0.9038,0.9107,0.9026,0.9039
1190903,1600,0.9088,0.9146,0.9062,0.9086
1190904,1600,0.9075,0.9081,0.9017,0.9073
1190905,1600,0.9011,0.9028,0.8943,0.901
1190906,1600,0.8952,0.8985,0.8944,0.8952
1190909,1600,0.8969,0.9012,0.8907,0.8971
1190910,1600,0.8947,0.8973,0.8921,0.8949
1190911,1600,0.8943,0.895,0.8905,0.8944
1190912,1600,0.8929,0.8968,0.8886,0.8928
1190913,1600,0.8968,0.8974,0.8884,0.8967
1190916,1600,0.8868,0.8901,0.8849,0.8868
1190917,1600,0.8854,0.8887,0.8846,0.8854
1190918,1600,0.8857,0.8878,0.8851,0.8858
1190919,1600,0.8844,0.8891,0.8842,0.8844
1190920,1600,0.8818,0.8839,0.8787,0.8819
1190923,1600,0.8836,0.8853,0.8815,0.8836
1190924,1600,0.884,0.8851,0.8803,0.8842
1190925,1600,0.8821,0.8879,0.8815,0.8821
1190926,1600,0.886,0.8885,0.8844,0.8861
1190927,1600,0.8859,0.8897,0.8846,0.8859
1190930,1600,0.89,0.8902,0.8833,0.89
1191001,1600,0.8868,0.8935,0.8847,0.887
1191002,1600,0.8895,0.8924,0.8885,0.8895
1191003,1600,0.8907,0.8921,0.8848,0.8907
1191004,1600,0.8893,0.8936,0.8881,0.8892
1191007,1600,0.8905,0.8926,0.8903,0.8904
1191008,1600,0.8928,0.8999,0.8922,0.8928
1191009,1600,0.8968,0.8994,0.8946,0.8969
1191010,1600,0.8994,0.9018,0.8894,0.8995
1191011,1600,0.8855,0.8858,0.8697,0.8855
1191014,1600,0.8744,0.8808,0.8717,0.8738
1191015,1600,0.8744,0.8749,0.863,0.8742
1191016,1600,0.8647,0.8706,0.8597,0.8647
1191017,1600,0.8638,0.8696,0.8582,0.8637
1191018,1600,0.8647,0.8663,0.8618,0.8645
1191021,1600,0.8645,0.8654,0.8577,0.8647
1191022,1600,0.8597,0.8629,0.8587,0.8596
1191023,1600,0.8636,0.8657,0.8622,0.8636
1191024,1600,0.8615,0.8663,0.8601,0.8615
1191025,1600,0.8647,0.8669,0.8631,0.8648
1191028,1600,0.8639,0.8651,0.8616,0.864
1191029,1600,0.8632,0.865,0.8608,0.8631
1191030,1600,0.8636,0.8643,0.8613,0.8637
1191031,1600,0.8644,0.8645,0.8601,0.8644
1191101,1600,0.8621,0.8634,0.8596,0.8622
1191104,1600,0.8629,0.8645,0.8622,0.863
1191105,1600,0.8635,0.8644,0.8597,0.8632
1191106,1600,0.86,0.8612,0.8593,0.8597
1191107,1600,0.861,0.8656,0.8601,0.861
1191108,1600,0.862,0.863,0.8598,0.8621
1191111,1600,0.8613,0.8619,0.8561,0.8613
1191112,1600,0.8583,0.8605,0.8567,0.8583
1191113,1600,0.8569,0.8587,0.8562,0.8568
1191114,1600,0.8565,0.8581,0.8545,0.8565
1191115,1600,0.8554,0.8572,0.855,0.8554
1191118,1600,0.8555,0.856,0.8524,0.8555
1191119,1600,0.855,0.8571,0.8538,0.8549
1191120,1600,0.8568,0.8582,0.8561,0.8568
1191121,1600,0.8569,0.8579,0.8546,0.8571
1191122,1600,0.8565,0.8604,0.8559,0.8565
1191125,1600,0.8575,0.8584,0.8529,0.8577
1191126,1600,0.8538,0.8579,0.8531,0.8537
1191127,1600,0.8571,0.8583,0.853,0.8571
1191128,1600,0.8511,0.8531,0.85,0.8511
1191129,1600,0.8527,0.8541,0.8514,0.8527
1191202,1600,0.8533,0.8573,0.8516,0.8533
1191203,1600,0.856,0.8564,0.8513,0.8558
1191204,1600,0.8526,0.8529,0.8455,0.8526
1191205,1600,0.8452,0.8456,0.8431,0.8454
1191206,1600,0.8438,0.8466,0.842,0.8439
1191209,1600,0.8412,0.8427,0.8394,0.8415
1191210,1600,0.8415,0.8429,0.8402,0.8416
1191211,1600,0.8447,0.8451,0.841,0.8447
1191212,1600,0.8433,0.8489,0.8422,0.8434
1191213,1600,0.8298,0.8385,0.8276,0.83
1191216,1600,0.833,0.8364,0.8304,0.833
1191217,1600,0.8391,0.8509,0.838,0.839
1191218,1600,0.8498,0.8516,0.8485,0.8498
1191219,1600,0.8495,0.8554,0.8478,0.8493
1191220,1600,0.8546,0.8548,0.8478,0.8545
1191223,1600,0.8519,0.8589,0.8505,0.8519
1191224,1600,0.8569,0.8577,0.8545,0.857
1191225,1600,0.857,0.8607,0.8491,0.857
1191226,1600,0.8552,0.8555,0.8529,0.8553
1191227,1600,0.8537,0.8563,0.851,0.8538
1191230,1600,0.8541,0.8556,0.8513,0.8541
1191231,1600,0.8542,0.8548,0.8454,0.8543
1200101,1600,0.8461,0.8471,0.8313,0.8462
1200102,1600,0.8466,0.8512,0.8458,0.8466
1200103,1600,0.8496,0.8542,0.8492,0.8495
1200106,1600,0.8533,0.8544,0.8493,0.8533
1200107,1600,0.8499,0.8526,0.8467,0.85
1200108,1600,0.8507,0.8515,0.8455,0.8505
1200109,1600,0.848,0.8532,0.847,0.8479
1200110,1600,0.8499,0.8516,0.8479,0.85
1200113,1600,0.8522,0.8582,0.8522,0.8521
1200114,1600,0.8572,0.8595,0.8546,0.8573
1200115,1600,0.8545,0.8577,0.8538,0.8545
1200116,1600,0.8552,0.8559,0.851,0.8551
1200117,1600,0.8517,0.8528,0.8488,0.8514
1200120,1600,0.8529,0.8552,0.852,0.8529
1200121,1600,0.8532,0.8535,0.8496,0.8532
1200122,1600,0.8496,0.85,0.8424,0.8497
1200123,1600,0.8442,0.8454,0.8417,0.8441
1200124,1600,0.8426,0.8443,0.8396,0.8426
1200127,1600,0.8441,0.8449,0.8409,0.844
1200128,1600,0.8438,0.8477,0.8433,0.8437
1200129,1600,0.8464,0.8468,0.8447,0.8462
1200130,1600,0.8457,0.8487,0.8411,0.8457
1200131,1600,0.8427,0.8427,0.8387,0.8427
1200203,1600,0.8412,0.8506,0.8407,0.8413
1200204,1600,0.8511,0.8536,0.8467,0.8509
1200205,1600,0.8475,0.8491,0.8429,0.8476
1200206,1600,0.8464,0.8494,0.8462,0.8464
1200207,1600,0.8493,0.8493,0.8462,0.8492
1200210,1600,0.8494,0.8503,0.8442,0.8493
1200211,1600,0.8447,0.8458,0.8421,0.8447
1200212,1600,0.8428,0.8428,0.8391,0.8427
1200213,1600,0.8393,0.8399,0.8296,0.8393
1200214,1600,0.831,0.8343,0.8298,0.8309
1200217,1600,0.8306,0.8335,0.8303,0.8305
1200218,1600,0.8332,0.8347,0.8281,0.8331
1200219,1600,0.8303,0.8349,0.8295,0.8303
1200220,1600,0.8363,0.8415,0.8359,0.8363
1200221,1600,0.8375,0.8384,0.8343,0.8374
1200224,1600,0.8368,0.8403,0.8345,0.8367
1200225,1600,0.8393,0.84,0.8339,0.8391
1200226,1600,0.8367,0.8429,0.8356,0.8366
1200227,1600,0.8434,0.8542,0.8434,0.8433
1200228,1600,0.853,0.8622,0.8522,0.8532
1200302,1600,0.863,0.8736,0.8594,0.8628
1200303,1600,0.8729,0.8738,0.8682,0.8727
1200304,1600,0.8717,0.8744,0.8661,0.8717
1200305,1600,0.8653,0.8677,0.8622,0.8653
1200306,1600,0.8665,0.8716,0.8651,0.8666
1200309,1600,0.8693,0.8762,0.8656,0.8692
1200310,1600,0.8717,0.8769,0.8682,0.8717
1200311,1600,0.8766,0.8827,0.8716,0.8767
1200312,1600,0.8784,0.891,0.8781,0.8784
1200313,1600,0.8894,0.8938,0.8844,0.8897
1200316,1600,0.8997,0.9132,0.8989,0.8993
1200317,1600,0.9098,0.9136,0.9065,0.9099
1200318,1600,0.9091,0.9268,0.9067,0.9086
1200319,1600,0.9423,0.9494,0.9128,0.9425
1200320,1600,0.9269,0.9279,0.9002,0.927
1200323,1600,0.9205,0.937,0.9166,0.9199
1200324,1600,0.928,0.9323,0.9153,0.9283
1200325,1600,0.9159,0.9271,0.9058,0.9162
1200326,1600,0.9188,0.9223,0.9081,0.9188
1200327,1600,0.9059,0.9071,0.892,0.9055
1200330,1600,0.8939,0.8986,0.8874,0.8944
1200331,1600,0.8917,0.8963,0.8817,0.8914
1200401,1600,0.8885,0.8909,0.8788,0.8886
1200402,1600,0.8844,0.8844,0.8758,0.8845
1200403,1600,0.875,0.8834,0.8741,0.875
1200406,1600,0.8844,0.8854,0.8763,0.8843
1200407,1600,0.8828,0.8856,0.88,0.8824
1200408,1600,0.883,0.8832,0.8756,0.8829
1200409,1600,0.8764,0.8783,0.8729,0.8765
1200410,1600,0.8766,0.8784,0.8751,0.8769
1200413,1600,0.8773,0.8777,0.8706,0.8773
1200414,1600,0.8721,0.8738,0.8683,0.872
1200415,1600,0.8699,0.8744,0.8697,0.8699
1200416,1600,0.8708,0.8728,0.8697,0.8708
1200417,1600,0.8695,0.8721,0.8684,0.8696
1200420,1600,0.8701,0.8741,0.8698,0.8702
1200421,1600,0.873,0.885,0.8726,0.8732
1200422,1600,0.8824,0.8836,0.8777,0.8826
1200423,1600,0.877,0.8776,0.8709,0.8769
1200424,1600,0.8723,0.8768,0.8711,0.8722
1200427,1600,0.8748,0.8749,0.8713,0.875
1200428,1600,0.8713,0.8724,0.8689,0.8713
1200429,1600,0.8711,0.8754,0.8693,0.8711
1200430,1600,0.8722,0.874,0.8671,0.8721
1200501,1600,0.8699,0.8793,0.8698,0.8699
1200504,1600,0.8796,0.8814,0.8773,0.8799
1200505,1600,0.8759,0.8759,0.8691,0.8761
1200506,1600,0.8709,0.8755,0.8698,0.871
1200507,1600,0.8761,0.8789,0.8709,0.876
1200508,1600,0.8759,0.8765,0.8714,0.8756
1200511,1600,0.8727,0.8803,0.8722,0.8728
1200512,1600,0.8764,0.8835,0.8759,0.8766
1200513,1600,0.8851,0.8876,0.8808,0.8851
1200514,1600,0.8841,0.8869,0.8833,0.884
1200515,1600,0.8832,0.8932,0.8829,0.8834
1200518,1600,0.8951,0.8953,0.8896,0.8952
1200519,1600,0.8945,0.8957,0.8917,0.8946
1200520,1600,0.8914,0.8968,0.8911,0.8915
1200521,1600,0.8973,0.8999,0.8946,0.8971
1200522,1600,0.8957,0.897,0.8931,0.8958
1200525,1600,0.8951,0.8954,0.8927,0.8951
1200526,1600,0.8934,0.894,0.8882,0.8934
1200527,1600,0.8901,0.8992,0.8889,0.8901
1200528,1600,0.8982,0.8994,0.8964,0.8982
1200529,1600,0.8992,0.9053,0.898,0.8991
1200601,1600,0.9002,0.9002,0.8918,0.9004
1200602,1600,0.8908,0.892,0.8866,0.891
1200603,1600,0.8892,0.8931,0.8878,0.8891
1200604,1600,0.8934,0.9004,0.893,0.8934
1200605,1600,0.8995,0.9003,0.8887,0.899
1200608,1600,0.8898,0.8928,0.888,0.8894
1200609,1600,0.8876,0.8937,0.8866,0.8877
1200610,1600,0.8916,0.892,0.8884,0.8915
1200611,1600,0.8941,0.9007,0.8933,0.8941
1200612,1600,0.8977,0.8991,0.8949,0.8977
1200615,1600,0.8994,0.9024,0.8961,0.8995
1200616,1600,0.8971,0.898,0.8913,0.897
1200617,1600,0.8951,0.8989,0.894,0.8951
1200618,1600,0.8955,0.9041,0.8952,0.8956
1200619,1600,0.9018,0.9072,0.9007,0.9019
1200622,1600,0.9053,0.9059,0.902,0.9051
1200623,1600,0.9021,0.9078,0.9019,0.9022
1200624,1600,0.903,0.9073,0.9017,0.9031
1200625,1600,0.9062,0.9064,0.9001,0.9063
1200626,1600,0.903,0.9097,0.9024,0.9029
1200629,1600,0.9094,0.9174,0.9084,0.9093
1200630,1600,0.9136,0.9144,0.9081,0.9136
1200701,1600,0.9066,0.9079,0.9021,0.9066
1200702,1600,0.9025,0.9031,0.9003,0.9026
1200703,1600,0.9014,0.9028,0.9004,0.9014
1200706,1600,0.9014,0.9067,0.9013,0.9015
1200707,1600,0.9052,0.9055,0.8967,0.9053
1200708,1600,0.899,0.9009,0.8974,0.8989
1200709,1600,0.8987,0.9,0.8945,0.8988
1200710,1600,0.8952,0.8969,0.8938,0.8954
1200713,1600,0.8954,0.9012,0.8945,0.8956
1200714,1600,0.904,0.9112,0.9033,0.9038
1200715,1600,0.9076,0.9078,0.9044,0.9078
1200716,1600,0.9068,0.9094,0.9056,0.9067
1200717,1600,0.9065,0.9134,0.9056,0.9067
1200720,1600,0.91,0.9137,0.9032,0.9101
1200721,1600,0.9048,0.9048,0.9001,0.9048
1200722,1600,0.9058,0.9136,0.9051,0.906
1200723,1600,0.9085,0.9123,0.9083,0.9085
1200724,1600,0.9107,0.9123,0.9086,0.9108
1200727,1600,0.9104,0.9148,0.9101,0.9106
1200728,1600,0.9129,0.9133,0.9058,0.913
1200729,1600,0.9064,0.9087,0.9035,0.9067
1200730,1600,0.9076,0.9078,0.9018,0.9076
1200731,1600,0.9051,0.9062,0.8982,0.905
1200803,1600,0.8993,0.9014,0.8982,0.8992
1200804,1600,0.8991,0.9039,0.8991,0.8993
1200805,1600,0.9028,0.9058,0.9012,0.9028
1200806,1600,0.9044,0.9052,0.8985,0.9044
1200807,1600,0.904,0.9041,0.9017,0.9038
1200810,1600,0.9026,0.9028,0.8979,0.9026
1200811,1600,0.8977,0.9008,0.8969,0.8975
1200812,1600,0.8991,0.9052,0.8989,0.8992
1200813,1600,0.904,0.9051,0.9031,0.9039
1200814,1600,0.904,0.9048,0.9003,0.904
1200817,1600,0.9043,0.907,0.9035,0.9044
1200818,1600,0.9059,0.9061,0.9014,0.9059
1200819,1600,0.9014,0.9043,0.9003,0.9014
1200820,1600,0.9034,0.9068,0.8992,0.9034
1200821,1600,0.8978,0.9013,0.8944,0.8977
1200824,1600,0.9011,0.9041,0.9002,0.901
1200825,1600,0.9022,0.9036,0.8985,0.9022
1200826,1600,0.8999,0.9003,0.8947,0.8998
1200827,1600,0.8952,0.8964,0.8929,0.8955
1200828,1600,0.8955,0.8974,0.8911,0.8951
1200831,1600,0.8922,0.8966,0.8916,0.8923
1200901,1600,0.8933,0.8944,0.8889,0.8933
1200902,1600,0.8897,0.8906,0.8874,0.8898
1200903,1600,0.8874,0.8923,0.8865,0.8873
1200904,1600,0.8927,0.8951,0.8903,0.8927
1200907,1600,0.8934,0.8992,0.8929,0.8934
1200908,1600,0.8979,0.9054,0.8973,0.898
1200909,1600,0.9075,0.913,0.9075,0.9074
1200910,1600,0.9081,0.9248,0.9078,0.908
1200911,1600,0.9231,0.929,0.9212,0.9232
1200914,1600,0.9245,0.925,0.9202,0.9245
1200915,1600,0.9237,0.9258,0.919,0.9236
1200916,1600,0.9192,0.9206,0.9095,0.9192
1200917,1600,0.9107,0.9168,0.9082,0.9107
1200918,1600,0.9128,0.9161,0.9115,0.9131
1200921,1600,0.9158,0.9196,0.9148,0.9159
1200922,1600,0.9176,0.9216,0.9143,0.9176
1200923,1600,0.9186,0.9217,0.9138,0.9186
1200924,1600,0.9169,0.918,0.9117,0.9163
1200925,1600,0.915,0.9165,0.912,0.9151
1200928,1600,0.9114,0.9117,0.9028,0.9114
1200929,1600,0.9071,0.9143,0.9064,0.9071
1200930,1600,0.9127,0.9155,0.9067,0.9126
1201001,1600,0.9071,0.9154,0.9062,0.9072
1201002,1600,0.9114,0.9122,0.9044,0.9114
1201005,1600,0.9065,0.9089,0.9053,0.9063
1201006,1600,0.9073,0.9124,0.906,0.9074
1201007,1600,0.9109,0.9153,0.9095,0.9109
1201008,1600,0.9108,0.912,0.907,0.9109
1201009,1600,0.9094,0.9125,0.9073,0.9093
1201012,1600,0.9067,0.9078,0.903,0.9067
1201013,1600,0.9041,0.9071,0.9018,0.9041
1201014,1600,0.9077,0.9118,0.9,0.9076
1201015,1600,0.9026,0.9071,0.9014,0.9025
1201016,1600,0.907,0.9106,0.9042,0.9073
1201019,1600,0.9062,0.9079,0.9023,0.9062
1201020,1600,0.9089,0.9146,0.9076,0.9088
1201021,1600,0.9129,0.9132,0.9017,0.9132
1201022,1600,0.9025,0.9045,0.9008,0.9026
1201023,1600,0.9032,0.9084,0.9021,0.9034
1201026,1600,0.9076,0.9105,0.9036,0.9076
1201027,1600,0.9069,0.9084,0.9046,0.9072
1201028,1600,0.904,0.9074,0.9002,0.9041
1201029,1600,0.9044,0.9057,0.9007,0.9042
1201030,1600,0.9028,0.9052,0.8982,0.9031
1201102,1600,0.9006,0.9048,0.8994,0.9006
1201103,1600,0.9007,0.9021,0.8969,0.9006
1201104,1600,0.8957,0.9031,0.8947,0.8963
1201105,1600,0.905,0.9067,0.8997,0.9047
1201106,1600,0.899,0.9053,0.899,0.8993
1201109,1600,0.9023,0.9047,0.8988,0.9022
1201110,1600,0.8979,0.8979,0.8885,0.8978
1201111,1600,0.8913,0.8918,0.8861,0.8912
1201112,1600,0.8905,0.8997,0.8905,0.8907
1201113,1600,0.8995,0.9003,0.8963,0.8998
1201116,1600,0.8958,0.8994,0.8955,0.8959
1201117,1600,0.8968,0.8982,0.895,0.8968
1201118,1600,0.8948,0.8957,0.8915,0.8949
1201119,1600,0.8941,0.8962,0.8924,0.8937
1201120,1600,0.8954,0.8959,0.8915,0.8956
1201123,1600,0.8918,0.8921,0.8866,0.8918
1201124,1600,0.8887,0.8911,0.887,0.8885
1201125,1600,0.8903,0.8937,0.8891,0.8903
1201126,1600,0.8903,0.8934,0.8898,0.8901
1201127,1600,0.8919,0.8991,0.8904,0.892
1201130,1600,0.8979,0.8999,0.8947,0.8979
1201201,1600,0.895,0.9006,0.8931,0.895
1201202,1600,0.8992,0.9083,0.8986,0.8993
1201203,1600,0.9059,0.9065,0.8999,0.906
1201204,1600,0.9028,0.9065,0.8983,0.9027
1201207,1600,0.9034,0.9138,0.9028,0.9033
1201208,1600,0.9065,0.9115,0.906,0.9068
1201209,1600,0.906,0.908,0.8984,0.9058
1201210,1600,0.9037,0.914,0.9022,0.9036
1201211,1600,0.9128,0.9229,0.9099,0.9127
1201214,1600,0.9109,0.9117,0.9038,0.911
1201215,1600,0.9117,0.9148,0.9039,0.9113
1201216,1600,0.9038,0.9054,0.8994,0.9039
1201217,1600,0.9032,0.9036,0.8972,0.9032
1201218,1600,0.9036,0.9083,0.903,0.9036
1201221,1600,0.911,0.9215,0.9104,0.9115
1201222,1600,0.9097,0.915,0.9083,0.9099
1201223,1600,0.9097,0.9097,0.9005,0.9094
1201224,1600,0.9024,0.9029,0.8953,0.9027
1201225,1600,0.8974,0.9006,0.8422,0.8974
1201228,1600,0.8993,0.9089,0.8989,0.8992
1201229,1600,0.9073,0.9091,0.9057,0.9073
1201230,1600,0.9078,0.9084,0.9002,0.9076
1201231,1600,0.9023,0.903,0.8946,0.9024
1210101,1600,0.8842,0.8852,0.8838,0.8849
1210104,1600,0.8952,0.9044,0.8941,0.8952
1210105,1600,0.9027,0.9053,0.9014,0.9026
1210106,1600,0.9025,0.9083,0.9017,0.9024
1210107,1600,0.9056,0.9075,0.9015,0.9056
1210108,1600,0.9042,0.9045,0.8992,0.9042
1210111,1600,0.9013,0.9036,0.8999,0.9015
1210112,1600,0.899,0.8994,0.8921,0.8991
1210113,1600,0.8932,0.8934,0.8884,0.8931
1210114,1600,0.8911,0.8915,0.8869,0.891
1210115,1600,0.8879,0.8906,0.8867,0.888
1210118,1600,0.8889,0.8924,0.8885,0.8889
1210119,1600,0.8892,0.8918,0.8883,0.8893
1210120,1600,0.8896,0.8902,0.8838,0.8896
1210121,1600,0.8862,0.8868,0.883,0.8863
1210122,1600,0.886,0.8918,0.886,0.886
1210125,1600,0.889,0.8896,0.8869,0.8889
1210126,1600,0.8879,0.8904,0.8847,0.888
1210127,1600,0.8851,0.8856,0.8813,0.8851
1210128,1600,0.8852,0.8883,0.8831,0.8854
1210129,1600,0.883,0.887,0.8824,0.8831
1210201,1600,0.8849,0.8851,0.8804,0.885
1210202,1600,0.8824,0.8835,0.8794,0.8823
1210203,1600,0.881,0.8822,0.8797,0.8812
1210204,1600,0.8821,0.8839,0.8752,0.8823
1210205,1600,0.8752,0.8776,0.8738,0.8749
1210208,1600,0.877,0.8792,0.8761,0.877
1210209,1600,0.8766,0.8796,0.8762,0.8768
1210210,1600,0.877,0.8779,0.8752,0.8769
1210211,1600,0.8761,0.8785,0.8752,0.8761
1210212,1600,0.8782,0.879,0.8745,0.8782
1210215,1600,0.8738,0.874,0.8717,0.8739
1210216,1600,0.8719,0.8737,0.8698,0.8719
1210217,1600,0.8705,0.8719,0.8681,0.8705
1210218,1600,0.8687,0.87,0.8642,0.8687
1210219,1600,0.8655,0.8677,0.8643,0.8656
1210222,1600,0.8642,0.866,0.8632,0.8642
1210223,1600,0.8645,0.8654,0.8614,0.8646
1210224,1600,0.8605,0.8614,0.8549,0.8607
1210225,1600,0.8602,0.8672,0.8595,0.8602
1210226,1600,0.8682,0.8729,0.8668,0.8679
1210301,1600,0.8651,0.866,0.862,0.8652
1210302,1600,0.865,0.8666,0.8636,0.8648
1210303,1600,0.8662,0.8666,0.8622,0.866
1210304,1600,0.8653,0.8654,0.8598,0.8652
1210305,1600,0.8613,0.865,0.8601,0.8613
1210308,1600,0.861,0.8617,0.8568,0.8608
1210309,1600,0.8573,0.8585,0.855,0.8573
1210310,1600,0.8566,0.8577,0.8549,0.8566
1210311,1600,0.856,0.8581,0.8547,0.8558
1210312,1600,0.8566,0.8597,0.8553,0.8565
1210315,1600,0.8578,0.8599,0.8554,0.8578
1210316,1600,0.858,0.8638,0.8561,0.858
1210317,1600,0.8561,0.8583,0.8541,0.8561
1210318,1600,0.8574,0.8583,0.8536,0.8574
1210319,1600,0.8559,0.8589,0.8536,0.8559
1210322,1600,0.859,0.8626,0.8575,0.859
1210323,1600,0.8609,0.8645,0.8598,0.8608
1210324,1600,0.862,0.8645,0.8615,0.8623
1210325,1600,0.8629,0.8641,0.858,0.8624
1210326,1600,0.8565,0.857,0.8537,0.8565
1210329,1600,0.8548,0.8562,0.8505,0.8547
1210330,1600,0.8543,0.8556,0.8523,0.8543
1210331,1600,0.8528,0.8538,0.8504,0.8528
1210401,1600,0.8506,0.8532,0.8493,0.8507
1210402,1600,0.8513,0.852,0.8498,0.8512
1210405,1600,0.8508,0.8509,0.8471,0.8507
1210406,1600,0.8495,0.8558,0.8485,0.8493
1210407,1600,0.8587,0.8663,0.8581,0.8587
1210408,1600,0.8639,0.8668,0.862,0.864
1210409,1600,0.8673,0.8697,0.8646,0.8674
1210412,1600,0.8677,0.8694,0.8639,0.8677
1210413,1600,0.8661,0.8708,0.864,0.866
1210414,1600,0.8687,0.8698,0.8668,0.8687
1210415,1600,0.8696,0.8697,0.867,0.8697
1210416,1600,0.8684,0.872,0.8662,0.8683
1210419,1600,0.866,0.8672,0.8589,0.8661
1210420,1600,0.8606,0.8642,0.8605,0.8606
1210421,1600,0.8631,0.8644,0.8612,0.8632
1210422,1600,0.8639,0.8699,0.8634,0.864
1210423,1600,0.8681,0.8717,0.867,0.8681
1210426,1600,0.8717,0.8717,0.8682,0.8718
1210427,1600,0.8693,0.8701,0.8674,0.8693
1210428,1600,0.8695,0.8708,0.8686,0.8694
1210429,1600,0.8697,0.8701,0.8674,0.8694
1210430,1600,0.8691,0.8715,0.8681,0.8691
1210503,1600,0.8702,0.8709,0.8665,0.8703
1210504,1600,0.8674,0.8688,0.8646,0.8672
1210505,1600,0.8648,0.8651,0.8623,0.865
1210506,1600,0.8632,0.8697,0.8628,0.8632
1210507,1600,0.8682,0.8699,0.8665,0.8682
1210510,1600,0.8667,0.8672,0.8593,0.8667
1210511,1600,0.859,0.8613,0.8587,0.8591
1210512,1600,0.8589,0.8597,0.8559,0.8589
1210513,1600,0.8588,0.8617,0.8584,0.8588
1210514,1600,0.8597,0.8626,0.8595,0.8597
1210517,1600,0.8615,0.8631,0.86,0.8615
1210518,1600,0.8591,0.8608,0.858,0.8592
1210519,1600,0.8613,0.8642,0.8611,0.8614
1210520,1600,0.8626,0.8642,0.8617,0.8626
1210521,1600,0.8616,0.8629,0.8583,0.8616
1210524,1600,0.8614,0.8649,0.8606,0.8613
1210525,1600,0.8627,0.867,0.8619,0.8628
1210526,1600,0.8659,0.8659,0.863,0.866
1210527,1600,0.8637,0.8646,0.8594,0.8635
1210528,1600,0.8584,0.8606,0.8574,0.8584
1210531,1600,0.8595,0.8614,0.8582,0.8584
1210601,1600,0.8598,0.8645,0.8585,0.8598
1210602,1600,0.8631,0.8638,0.86,0.863
1210603,1600,0.8615,0.8619,0.8586,0.8615
1210604,1600,0.8597,0.86,0.8566,0.8599
1210607,1600,0.859,0.8612,0.8578,0.859
1210608,1600,0.8598,0.8626,0.8595,0.8599
1210609,1600,0.8601,0.8638,0.8588,0.8602
1210610,1600,0.8628,0.8641,0.8593,0.863
1210611,1600,0.859,0.8605,0.8569,0.859
1210614,1600,0.8577,0.8604,0.8571,0.8577
1210615,1600,0.8589,0.8628,0.8582,0.8591
1210616,1600,0.8609,0.8611,0.8579,0.861
1210617,1600,0.8573,0.8579,0.8542,0.8572
1210618,1600,0.8546,0.8594,0.8541,0.8546
1210621,1600,0.859,0.8601,0.8555,0.8591
1210622,1600,0.8555,0.858,0.8547,0.8554
1210623,1600,0.8557,0.8564,0.8531,0.8556
1210624,1600,0.8541,0.8591,0.8534,0.854
1210625,1600,0.8571,0.8603,0.8567,0.8571
1210628,1600,0.8593,0.8595,0.8567,0.8594
1210629,1600,0.8594,0.8609,0.8587,0.8594
1210630,1600,0.8597,0.8608,0.8569,0.8598
1210701,1600,0.8573,0.8615,0.8565,0.8573
1210702,1600,0.8609,0.861,0.8587,0.8609
1210705,1600,0.8572,0.858,0.8562,0.8571
1210706,1600,0.856,0.8576,0.8536,0.8562
1210707,1600,0.8564,0.8583,0.8543,0.8564
1210708,1600,0.8545,0.8617,0.8544,0.8545
1210709,1600,0.8589,0.8597,0.8555,0.859
1210712,1600,0.8542,0.8566,0.8536,0.8541
1210713,1600,0.8542,0.8557,0.853,0.8542
1210714,1600,0.8529,0.8536,0.8504,0.8527
1210715,1600,0.8538,0.8568,0.8511,0.8537
1210716,1600,0.8541,0.8572,0.8522,0.8541
1210719,1600,0.8582,0.864,0.8569,0.8581
1210720,1600,0.8625,0.8669,0.862,0.8626
1210721,1600,0.8641,0.8657,0.8613,0.864
1210722,1600,0.86,0.8609,0.855,0.8598
1210723,1600,0.8547,0.8584,0.8547,0.8547
1210726,1600,0.8557,0.8573,0.8537,0.8558
1210727,1600,0.8538,0.8555,0.8514,0.8537
1210728,1600,0.8513,0.8522,0.8499,0.8514
1210729,1600,0.8517,0.852,0.85,0.8516
1210730,1600,0.8515,0.8534,0.851,0.8515
1210802,1600,0.8538,0.8557,0.8531,0.8539
1210803,1600,0.8547,0.8551,0.8527,0.8547
1210804,1600,0.8528,0.8532,0.8504,0.8528
1210805,1600,0.8522,0.8526,0.8492,0.8522
1210806,1600,0.8496,0.8498,0.8469,0.8496
1210809,1600,0.8472,0.8486,0.8462,0.8472
1210810,1600,0.8475,0.848,0.845,0.8474
1210811,1600,0.8469,0.8483,0.8463,0.847
1210812,1600,0.8464,0.8484,0.8459,0.8465
1210813,1600,0.8497,0.8518,0.8494,0.8497
1210816,1600,0.8507,0.8515,0.8485,0.8506
1210817,1600,0.8509,0.8536,0.8507,0.8508
1210818,1600,0.852,0.8532,0.8506,0.852
1210819,1600,0.8513,0.8558,0.8505,0.8515
1210820,1600,0.8565,0.8583,0.8563,0.8566
1210823,1600,0.8584,0.8592,0.8551,0.8585
1210824,1600,0.8558,0.8572,0.8541,0.8556
1210825,1600,0.8562,0.8568,0.8551,0.8562
1210826,1600,0.8551,0.8578,0.8549,0.8551
1210827,1600,0.8581,0.8589,0.856,0.8579
1210830,1600,0.8572,0.8582,0.8567,0.8572
1210831,1600,0.8574,0.8597,0.8567,0.8572
1210901,1600,0.8586,0.8602,0.8574,0.8587
1210902,1600,0.8597,0.86,0.8576,0.8597
1210903,1600,0.8582,0.8593,0.8562,0.8581
1210906,1600,0.8576,0.8586,0.8566,0.8574
1210907,1600,0.8579,0.8613,0.8575,0.8578
1210908,1600,0.8594,0.8602,0.8577,0.8594
1210909,1600,0.8584,0.8588,0.8525,0.8584
1210910,1600,0.8543,0.8545,0.8521,0.8542
1210913,1600,0.8534,0.8538,0.851,0.8534
1210914,1600,0.8533,0.854,0.851,0.8534
1210915,1600,0.8547,0.8561,0.8529,0.8546
1210916,1600,0.8535,0.8547,0.85,0.8534
1210917,1600,0.8525,0.8552,0.8521,0.8526
1210920,1600,0.8542,0.859,0.8539,0.8543
1210921,1600,0.8583,0.8594,0.8563,0.8583
1210922,1600,0.8584,0.8611,0.8573,0.8583
1210923,1600,0.8581,0.8589,0.8535,0.8583
1210924,1600,0.8557,0.8572,0.8549,0.8556
1210927,1600,0.8574,0.8576,0.8527,0.8576
1210928,1600,0.8536,0.864,0.8525,0.8536
1210929,1600,0.8629,0.8658,0.8613,0.8631
1210930,1600,0.864,0.8642,0.8578,0.8638
1211001,1600,0.8592,0.8623,0.8544,0.8593
1211004,1600,0.8551,0.8572,0.853,0.8551
1211005,1600,0.8536,0.8544,0.8504,0.8536
1211006,1600,0.8509,0.8526,0.8494,0.8509
1211007,1600,0.8501,0.8521,0.8479,0.8501
1211008,1600,0.8485,0.8499,0.8478,0.8486
1211011,1600,0.8492,0.8495,0.8472,0.8493
1211012,1600,0.8498,0.8517,0.8474,0.8498
1211013,1600,0.8492,0.8495,0.8473,0.8492
1211014,1600,0.8484,0.8487,0.8454,0.8483
1211015,1600,0.8479,0.8486,0.8425,0.8479
1211018,1600,0.8427,0.8463,0.8424,0.8426
1211019,1600,0.8454,0.8463,0.8424,0.8454
1211020,1600,0.8433,0.846,0.8422,0.8432
1211021,1600,0.8429,0.8443,0.8422,0.843
1211022,1600,0.8429,0.8464,0.842,0.8429
1211025,1600,0.8456,0.8465,0.8427,0.8456
1211026,1600,0.8433,0.8434,0.8402,0.8434
1211027,1600,0.8423,0.8463,0.8419,0.8424
1211028,1600,0.8446,0.8466,0.8423,0.8446
1211029,1600,0.8464,0.8472,0.8435,0.8464
1211101,1600,0.8446,0.8479,0.8441,0.8445
1211102,1600,0.8493,0.8513,0.8491,0.8494
1211103,1600,0.8503,0.8512,0.8472,0.8503
1211104,1600,0.8482,0.8564,0.8465,0.8482
1211105,1600,0.8553,0.8594,0.855,0.8554
1211108,1600,0.8575,0.8587,0.8535,0.8574
1211109,1600,0.8543,0.856,0.8521,0.8542
1211110,1600,0.8547,0.8559,0.8532,0.855
1211111,1600,0.8561,0.8572,0.8544,0.8561
1211112,1600,0.8563,0.8565,0.8532,0.8564
1211115,1600,0.8528,0.8537,0.8494,0.8527
1211116,1600,0.8476,0.8481,0.8435,0.8475
1211117,1600,0.8429,0.8436,0.8385,0.8429
1211118,1600,0.839,0.8425,0.8383,0.839
1211119,1600,0.8421,0.8426,0.8386,0.8421
1211122,1600,0.8393,0.8403,0.8381,0.8391
1211123,1600,0.8389,0.843,0.8384,0.839
1211124,1600,0.8406,0.8414,0.8384,0.8406
1211125,1600,0.8404,0.8434,0.8398,0.8403
1211126,1600,0.8418,0.8495,0.8416,0.8418
1211129,1600,0.8464,0.8476,0.8446,0.8464
1211130,1600,0.8481,0.8525,0.8472,0.8481
1211201,1600,0.8521,0.8525,0.8493,0.8521
1211202,1600,0.8524,0.8526,0.8494,0.8523
1211203,1600,0.8501,0.8547,0.8493,0.85
1211206,1600,0.8541,0.8541,0.8501,0.854
1211207,1600,0.8507,0.851,0.8489,0.8507
1211208,1600,0.851,0.8584,0.8508,0.851
1211209,1600,0.8587,0.859,0.8543,0.8587
1211210,1600,0.854,0.8552,0.8529,0.8539
1211213,1600,0.8531,0.8537,0.8501,0.8531
1211214,1600,0.8539,0.8552,0.8511,0.8539
1211215,1600,0.8508,0.8524,0.8486,0.8509
1211216,1600,0.8513,0.8527,0.8454,0.8512
1211217,1600,0.8507,0.8527,0.8492,0.8506
1211220,1600,0.8497,0.8549,0.8495,0.8498
1211221,1600,0.8536,0.8549,0.85,0.8536
1211222,1600,0.8506,0.851,0.8481,0.8506
1211223,1600,0.8483,0.8498,0.8416,0.8482
1211224,1600,0.8443,0.8462,0.8429,0.8444
1211227,1600,0.8448,0.8456,0.8424,0.8446
1211228,1600,0.8428,0.8434,0.8403,0.8428
1211229,1600,0.8421,0.8424,0.8403,0.8419
1211230,1600,0.8415,0.8415,0.838,0.8414
1211231,1600,0.8389,0.8409,0.8368,0.8385
1220103,1600,0.841,0.8418,0.8378,0.841
1220104,1600,0.8382,0.8394,0.8336,0.8382
1220105,1600,0.8338,0.8372,0.8334,0.8339
1220106,1600,0.8344,0.8371,0.8343,0.8343
1220107,1600,0.8346,0.8365,0.8336,0.8346
1220110,1600,0.8353,0.8354,0.8332,0.8353
1220111,1600,0.8344,0.8349,0.8325,0.8342
1220112,1600,0.8337,0.8346,0.8329,0.8336
1220113,1600,0.8345,0.8359,0.8337,0.8344
1220114,1600,0.8353,0.8362,0.8342,0.8354
1220117,1600,0.8345,0.8361,0.8341,0.8344
1220118,1600,0.836,0.8377,0.8342,0.836
1220119,1600,0.833,0.8341,0.8312,0.833
1220120,1600,0.8335,0.8339,0.8305,0.8335
1220121,1600,0.8318,0.8376,0.8318,0.832
1220124,1600,0.8366,0.8414,0.8352,0.8366
1220125,1600,0.8394,0.8401,0.8358,0.8394
1220126,1600,0.8364,0.837,0.8342,0.8364
1220127,1600,0.8346,0.8357,0.8321,0.8347
1220128,1600,0.8323,0.833,0.8306,0.8322
1220131,1600,0.832,0.8356,0.8305,0.832
1220201,1600,0.8353,0.8359,0.832,0.8351
1220202,1600,0.8335,0.835,0.8325,0.8335
1220203,1600,0.8329,0.8407,0.8288,0.8329
1220204,1600,0.8409,0.8469,0.8405,0.8409
1220207,1600,0.8463,0.8477,0.8439,0.8463
1220208,1600,0.845,0.8457,0.8413,0.8451
1220209,1600,0.8429,0.8445,0.8413,0.843
1220210,1600,0.8438,0.8446,0.8411,0.8439
1220211,1600,0.8422,0.8422,0.8377,0.8421
1220214,1600,0.8375,0.8386,0.8353,0.8375
1220215,1600,0.8354,0.8399,0.8351,0.8354
1220216,1600,0.8386,0.8401,0.8365,0.8386
1220217,1600,0.8373,0.8376,0.8334,0.8372
1220218,1600,0.8346,0.8355,0.8334,0.8344
1220221,1600,0.8326,0.8351,0.8324,0.8325
1220222,1600,0.8318,0.8382,0.8309,0.8317
1220223,1600,0.8336,0.8354,0.8325,0.8336
1220224,1600,0.8346,0.8377,0.8304,0.8346
1220225,1600,0.8368,0.8404,0.8346,0.8367
1220228,1600,0.8361,0.8381,0.8342,0.836
1220301,1600,0.8354,0.8367,0.8316,0.8353
1220302,1600,0.8347,0.8358,0.8299,0.8347
1220303,1600,0.8295,0.8298,0.8275,0.8294
1220304,1600,0.8288,0.8289,0.8231,0.829
1220307,1600,0.8229,0.8287,0.8204,0.8229
1220308,1600,0.8285,0.833,0.8278,0.8285
1220309,1600,0.8319,0.8417,0.8317,0.8319
1220310,1600,0.8396,0.8432,0.8368,0.8397
1220311,1600,0.8402,0.8416,0.8366,0.8405
1220314,1600,0.8377,0.8422,0.8374,0.8376
1220315,1600,0.8412,0.8455,0.8391,0.8409
1220316,1600,0.8406,0.8427,0.8387,0.8407
1220317,1600,0.8388,0.8454,0.8368,0.8386
1220318,1600,0.8432,0.8437,0.8384,0.8434
1220321,1600,0.839,0.8414,0.8364,0.8391
1220322,1600,0.8365,0.8372,0.8309,0.8365
1220323,1600,0.8311,0.8336,0.8295,0.8312
1220324,1600,0.8334,0.8349,0.8317,0.8333
1220325,1600,0.8342,0.8369,0.8325,0.8343
1220328,1600,0.8336,0.8396,0.8322,0.8336
1220329,1600,0.8389,0.8475,0.8385,0.8389
1220330,1600,0.847,0.8492,0.8452,0.847
1220331,1600,0.8493,0.8512,0.8433,0.8493
1220401,1600,0.8419,0.844,0.8407,0.8419
1220404,1600,0.8428,0.8431,0.8366,0.8428
1220405,1600,0.8369,0.8373,0.8328,0.8369
1220406,1600,0.8339,0.8353,0.8326,0.8339
1220407,1600,0.8338,0.8363,0.8314,0.8338
1220408,1600,0.8313,0.8361,0.8307,0.8313
1220411,1600,0.8352,0.8379,0.8343,0.8352
1220412,1600,0.8352,0.836,0.8325,0.8352
1220413,1600,0.8326,0.8343,0.8313,0.8326
1220414,1600,0.8305,0.8314,0.8251,0.8305
1220415,1600,0.8275,0.8283,0.826,0.8275
1220418,1600,0.8282,0.8296,0.8277,0.8282
1220419,1600,0.8285,0.8313,0.828,0.8285
1220420,1600,0.8294,0.8335,0.8283,0.8294
1220421,1600,0.8299,0.8366,0.8295,0.8299
1220422,1600,0.8317,0.841,0.8317,0.8317
1220425,1600,0.8426,0.844,0.8402,0.8426
1220426,1600,0.8409,0.8449,0.8393,0.8409
1220427,1600,0.8457,0.8463,0.8389,0.8457
1220428,1600,0.8415,0.8459,0.8383,0.8415
1220429,1600,0.8426,0.843,0.8385,0.8426
1220502,1600,0.8379,0.8416,0.8367,0.8379
1220503,1600,0.8408,0.8424,0.8374,0.8408
1220504,1600,0.842,0.8449,0.8403,0.842
1220505,1600,0.8417,0.8544,0.8411,0.8417
1220506,1600,0.8524,0.859,0.8509,0.8524
1220509,1600,0.8545,0.8571,0.8517,0.8546
1220510,1600,0.8562,0.8577,0.8536,0.8562
1220511,1600,0.8553,0.8568,0.8527,0.8553
1220512,1600,0.8591,0.8617,0.8504,0.8591
1220513,1600,0.85,0.8527,0.8495,0.85
1220516,1600,0.8484,0.8533,0.847,0.8484
1220517,1600,0.8467,0.8474,0.8394,0.8467
1220518,1600,0.8448,0.8493,0.8435,0.8448
1220519,1600,0.8482,0.8494,0.8449,0.8482
1220520,1600,0.8487,0.8493,0.8451,0.8487
1220523,1600,0.8453,0.85,0.8433,0.8453
1220524,1600,0.8499,0.8587,0.848,0.8499
1220525,1600,0.8558,0.8561,0.8499,0.8558
1220526,1600,0.849,0.8529,0.8486,0.849
1220527,1600,0.8506,0.8515,0.8481,0.8506
1220530,1600,0.8497,0.8528,0.8494,0.8497
1220531,1600,0.8518,0.8528,0.849,0.8518
1220601,1600,0.8513,0.8543,0.85,0.8513
1220602,1600,0.853,0.8547,0.851,0.853
1220603,1600,0.8547,0.8574,0.854,0.8547
1220606,1600,0.8586,0.8588,0.8527,0.8586
1220607,1600,0.8535,0.8582,0.8492,0.8535
1220608,1600,0.8499,0.8562,0.8496,0.8499
1220609,1600,0.8546,0.8591,0.8487,0.8546
1220610,1600,0.85,0.8542,0.8491,0.85
1220613,1600,0.8545,0.8592,0.8531,0.8545
1220614,1600,0.8575,0.8682,0.8554,0.8575
1220615,1600,0.8689,0.872,0.8611,0.8689
1220616,1600,0.8588,0.8628,0.8516,0.8588
1220617,1600,0.8536,0.8587,0.8524,0.8536
1220620,1600,0.8579,0.8611,0.8572,0.8536
1220621,1600,0.8585,0.861,0.8569,0.8585
1220622,1600,0.8586,0.8621,0.8574,0.8586
1220623,1600,0.8622,0.864,0.8574,0.8622
1220624,1600,0.8579,0.8595,0.8561,0.8579
1220627,1600,0.8602,0.8625,0.8577,0.8602
1220628,1600,0.8626,0.8645,0.8612,0.8626
1220629,1600,0.8632,0.866,0.8604,0.8632
1220630,1600,0.8612,0.8619,0.8552,0.8612
1220701,1600,0.8615,0.8678,0.8612,0.8615
1220704,1600,0.8622,0.8626,0.8595,0.8622
1220705,1600,0.8612,0.8622,0.8545,0.8612
1220706,1600,0.8583,0.8601,0.8541,0.8583
1220707,1600,0.8541,0.8552,0.8462,0.8541
1220708,1600,0.8452,0.8475,0.8442,0.8452
1220711,1600,0.846,0.8488,0.8446,0.846
1220712,1600,0.8442,0.8483,0.8432,0.8442
1220713,1600,0.8444,0.8467,0.8404,0.8444
1220714,1600,0.8457,0.8491,0.844,0.8457
1220715,1600,0.8467,0.8512,0.8464,0.8467
1220718,1600,0.8491,0.8504,0.8458,0.8491
1220719,1600,0.8489,0.8539,0.847,0.8489
1220720,1600,0.8523,0.8541,0.85,0.8523
1220721,1600,0.8506,0.8585,0.8505,0.8506
1220722,1600,0.8519,0.8523,0.8485,0.8519
1220725,1600,0.8509,0.8524,0.8477,0.8509
1220726,1600,0.848,0.8491,0.8405,0.848
1220727,1600,0.8415,0.8425,0.8398,0.8415
1220728,1600,0.839,0.8402,0.8346,0.839
1220729,1600,0.8372,0.8413,0.8369,0.8372
1220801,1600,0.8382,0.8398,0.8355,0.8382
1220802,1600,0.8373,0.8398,0.834,0.8373
1220803,1600,0.8363,0.8372,0.8343,0.8363
1220804,1600,0.8366,0.8436,0.8355,0.8366
1220805,1600,0.8428,0.8451,0.8411,0.8428
1220808,1600,0.8434,0.8442,0.8411,0.8434
1220809,1600,0.8438,0.8461,0.8433,0.8438
1220810,1600,0.8455,0.847,0.8436,0.8455
1220811,1600,0.8433,0.847,0.843,0.8433
1220812,1600,0.846,0.8492,0.8447,0.846
1220815,1600,0.8454,0.8469,0.8424,0.8454
1220816,1600,0.8427,0.844,0.8405,0.8427
1220817,1600,0.8406,0.845,0.8392,0.8406
1220818,1600,0.845,0.8465,0.8424,0.845
1220819,1600,0.8455,0.8511,0.8453,0.8455
1220822,1600,0.8491,0.8491,0.8446,0.8491
1220823,1600,0.8447,0.8451,0.8416,0.8447
1220824,1600,0.8424,0.8455,0.8408,0.8424
1220825,1600,0.8452,0.8459,0.8427,0.8452
1220826,1600,0.8433,0.8502,0.8429,0.8433
1220829,1600,0.8498,0.8548,0.8496,0.8498
1220830,1600,0.854,0.8601,0.8522,0.854
1220831,1600,0.8597,0.8652,0.8572,0.8597
1220901,1600,0.8655,0.8669,0.8613,0.8655
1220902,1600,0.8616,0.8676,0.8613,0.8616
1220905,1600,0.8635,0.865,0.8616,0.8635
1220906,1600,0.8603,0.862,0.8567,0.8603
1220907,1600,0.8597,0.8687,0.8597,0.8597
1220908,1600,0.8676,0.8711,0.8654,0.8676
1220909,1600,0.8689,0.8705,0.8659,0.8689
1220912,1600,0.8667,0.8721,0.865,0.8667
1220913,1600,0.8663,0.8689,0.8647,0.8663
1220914,1600,0.8671,0.8684,0.8627,0.8671
1220915,1600,0.8646,0.871,0.8642,0.8646
1220916,1600,0.8721,0.8777,0.8715,0.8721
1220919,1600,0.8766,0.8787,0.8748,0.8766
1220920,1600,0.8763,0.8782,0.8725,0.8763
1220921,1600,0.876,0.8763,0.8711,0.876
1220922,1600,0.8733,0.8759,0.869,0.8733
1220923,1600,0.8734,0.8908,0.8712,0.8734
1220926,1600,0.8971,0.9236,0.8868,0.8971
1220927,1600,0.8932,0.8961,0.8897,0.8932
1220928,1600,0.8945,0.9063,0.8861,0.8945
1220929,1600,0.8959,0.8978,0.8842,0.8959
1220930,1600,0.88,0.8847,0.8753,0.88
1221003,1600,0.8789,0.883,0.8678,0.8789
1221004,1600,0.8674,0.8741,0.8651,0.8674
1221005,1600,0.8718,0.8776,0.8694,0.8718
1221006,1600,0.8725,0.8814,0.8717,0.8725
1221007,1600,0.8769,0.8806,0.8736,0.8769
1221010,1600,0.8786,0.8812,0.8769,0.979
1221011,1600,0.8766,0.8805,0.8725,0.8766
1221012,1600,0.8844,0.8866,0.8735,0.8844
1221013,1600,0.8741,0.8766,0.8615,0.8741
1221014,1600,0.8643,0.8714,0.8627,0.8643
1221017,1600,0.8663,0.8684,0.8579,0.8663
1221018,1600,0.867,0.8729,0.8638,0.867
1221019,1600,0.8694,0.8727,0.8679,0.8694
1221020,1600,0.8711,0.8756,0.8675,0.8711
1221021,1600,0.8711,0.8779,0.8712,0.8711
1221024,1600,0.869,0.8749,0.8662,0.869
1221025,1600,0.8741,0.8755,0.8666,0.8741
1221026,1600,0.8692,0.8699,0.8646,0.8692
1221027,1600,0.8671,0.8687,0.8619,0.8671
1221028,1600,0.8618,0.8649,0.8575,0.8618
1221031,1600,0.8584,0.8618,0.8572,0.8584
1221101,1600,0.8621,0.8623,0.8597,0.8621
1221102,1600,0.8597,0.862,0.8584,0.8597
1221103,1600,0.8618,0.8732,0.8607,0.8618
1221104,1600,0.8727,0.8784,0.8699,0.8727
1221107,1600,0.8761,0.8789,0.8702,0.8761
1221108,1600,0.8698,0.8744,0.8691,0.8698
1221109,1600,0.8725,0.8821,0.8715,0.8725
1221110,1600,0.8813,0.8815,0.8706,0.8813
1221111,1600,0.8713,0.8777,0.8711,0.8713
1221114,1600,0.8753,0.8821,0.8728,0.8753
1221115,1600,0.878,0.8803,0.8711,0.878
1221116,1600,0.8718,0.8774,0.8712,0.8718
1221117,1600,0.8722,0.8772,0.8696,0.8722
1221118,1600,0.8733,0.8736,0.8683,0.8733
1221121,1600,0.8691,0.8697,0.8659,0.8691
1221122,1600,0.8662,0.868,0.8633,0.8662
1221123,1600,0.8668,0.8698,0.8587,0.8668
1221124,1600,0.8626,0.8635,0.8573,0.8626
1221125,1600,0.8592,0.8614,0.8578,0.8592
1221128,1600,0.86,0.8674,0.8585,0.86
1221129,1600,0.8648,0.8651,0.8607,0.8648
1221130,1600,0.8641,0.866,0.8621,0.8641
1221201,1600,0.863,0.8641,0.8548,0.863
1221202,1600,0.8587,0.8608,0.8556,0.8587
1221205,1600,0.8574,0.8631,0.8564,0.8574
1221206,1600,0.8609,0.8631,0.8582,0.8609
1221207,1600,0.8626,0.8643,0.861,0.8626
1221208,1600,0.8607,0.8645,0.8606,0.8607
1221209,1600,0.8628,0.8637,0.8563,0.8628
1221212,1600,0.8597,0.8612,0.8583,0.859
1221213,1600,0.8591,0.8604,0.8559,0.859
1221214,1600,0.86,0.8615,0.8578,0.86
1221215,1600,0.8595,0.8722,0.8591,0.8595
1221216,1600,0.8725,0.8769,0.8709,0.8725
1221219,1600,0.8704,0.8733,0.869,0.8704
1221220,1600,0.8729,0.8771,0.8708,0.8729
1221221,1600,0.8715,0.878,0.8714,0.8715
1221222,1600,0.8783,0.8832,0.8766,0.8783
1221223,1600,0.8803,0.8816,0.8783,0.8803
1221226,1600,0.8791,0.8814,0.8695,0.8791
1221227,1600,0.8802,0.8863,0.88,0.8802
1221228,1600,0.8844,0.886,0.8794,0.8844
1221229,1600,0.8836,0.8859,0.882,0.8836
1221230,1600,0.8841,0.8876,0.8823,0.8841
1230102,1600,0.8841,0.8873,0.8829,0.8841
1230103,1600,0.8851,0.8859,0.8783,0.8851
1230104,1600,0.8809,0.882,0.8788,0.8809
1230105,1600,0.8795,0.8862,0.8797,0.8795
1230106,1600,0.8832,0.8867,0.8798,0.8832
1230109,1600,0.8794,0.8817,0.8768,0.8794
1230110,1600,0.8806,0.8845,0.8801,0.8806
1230111,1600,0.8835,0.8881,0.8827,0.8835
1230112,1600,0.8853,0.8892,0.8833,0.8853
1230113,1600,0.8888,0.8897,0.886,0.8888
1230116,1600,0.8853,0.8878,0.8845,0.8853
1230117,1600,0.8871,0.8886,0.8794,0.8871
1230118,1600,0.8782,0.8803,0.8735,0.8782
1230119,1600,0.8744,0.8784,0.8723,0.8744
1230120,1600,0.8741,0.8785,0.874,0.8741
1230123,1600,0.8756,0.8814,0.8755,0.8757
1230124,1600,0.8781,0.8846,0.8767,0.8781
1230125,1600,0.8829,0.8849,0.8808,0.8829
1230126,1600,0.8799,0.8814,0.8783,0.8799
1230127,1600,0.8774,0.8802,0.8765,0.8774
1230130,1600,0.8767,0.8802,0.8762,0.8767
1230131,1600,0.8785,0.8828,0.8773,0.8785
1230201,1600,0.8823,0.8874,0.8815,0.8823
1230202,1600,0.889,0.8953,0.8877,0.889
1230203,1600,0.8921,0.8978,0.8912,0.8921
1230206,1600,0.8958,0.8963,0.8915,0.8958
1230207,1600,0.892,0.894,0.8901,0.892
1230208,1600,0.89,0.891,0.8876,0.89
1230209,1600,0.8876,0.8884,0.8839,0.8876
1230210,1600,0.8866,0.8871,0.8824,0.8866
1230213,1600,0.8859,0.8874,0.8824,0.8859
1230214,1600,0.8829,0.8848,0.8805,0.8829
1230215,1600,0.8818,0.8902,0.8815,0.8818
1230216,1600,0.8881,0.8908,0.8871,0.8881
1230217,1600,0.8906,0.8928,0.8874,0.8906
1230220,1600,0.8881,0.8891,0.887,0.8881
1230221,1600,0.8872,0.8885,0.8792,0.8872
1230222,1600,0.8796,0.8821,0.8784,0.8796
1230223,1600,0.8803,0.8816,0.8795,0.8803
1230224,1600,0.8818,0.8835,0.8798,0.8818
1230227,1600,0.883,0.8834,0.8799,0.883
1230228,1600,0.8795,0.881,0.8755,0.8795
1230301,1600,0.8788,0.8896,0.8787,0.8788
1230302,1600,0.887,0.889,0.8857,0.887
1230303,1600,0.8868,0.8868,0.8842,0.8868
1230306,1600,0.8834,0.8887,0.8831,0.8834
1230307,1600,0.8883,0.8921,0.8857,0.8883
1230308,1600,0.8917,0.8921,0.8896,0.8917
1230309,1600,0.8902,0.8913,0.8868,0.8902
1230310,1600,0.8877,0.8889,0.8824,0.8877
1230313,1600,0.8844,0.8863,0.8811,0.8844
1230314,1600,0.8811,0.8834,0.878,0.8811
1230315,1600,0.8827,0.8843,0.8718,0.8827
1230316,1600,0.8766,0.8818,0.8754,0.8766
1230317,1600,0.8763,0.8782,0.8745,0.8763
1230320,1600,0.8761,0.8767,0.8729,0.8761
1230321,1600,0.8732,0.8838,0.873,0.8732
1230322,1600,0.881,0.8824,0.877,0.881
1230323,1600,0.8851,0.8864,0.8819,0.8851
1230324,1600,0.8819,0.8826,0.8778,0.8819
1230327,1600,0.88,0.881,0.8775,0.8795
1230328,1600,0.8787,0.8807,0.8771,0.8787
1230329,1600,0.879,0.881,0.8781,0.879
1230330,1600,0.8806,0.8827,0.8779,0.8806
1230331,1600,0.8802,0.8807,0.8776,0.8802
1230403,1600,0.8792,0.8805,0.877,0.8792
1230404,1600,0.8781,0.8784,0.8729,0.8781
1230405,1600,0.8766,0.8785,0.8752,0.8766
1230406,1600,0.8748,0.8784,0.8739,0.8748
1230407,1600,0.8779,0.8787,0.8765,0.8779
1230410,1600,0.8778,0.8791,0.8763,0.8778
1230411,1600,0.877,0.8788,0.876,0.877
1230412,1600,0.8781,0.8818,0.878,0.8781
1230413,1600,0.8802,0.8838,0.879,0.8802
1230414,1600,0.8822,0.8852,0.882,0.8822
1230417,1600,0.8857,0.8864,0.8821,0.8857
1230418,1600,0.8827,0.8832,0.881,0.8827
1230419,1600,0.8832,0.8837,0.8792,0.8832
1230420,1600,0.8811,0.8824,0.8805,0.8811
1230421,1600,0.8814,0.886,0.881,0.8814
1230424,1600,0.883,0.8859,0.8824,0.883
1230425,1600,0.8846,0.8874,0.884,0.8846
1230426,1600,0.8842,0.8873,0.8831,0.8842
1230427,1600,0.8856,0.8871,0.8825,0.8856
1230428,1600,0.8827,0.8838,0.8774,0.8827
1230501,1600,0.8768,0.8794,0.8759,0.8768
1230502,1600,0.8785,0.882,0.8782,0.8785
1230503,1600,0.8825,0.8834,0.8805,0.8825
1230504,1600,0.8806,0.8813,0.8746,0.8806
1230505,1600,0.8761,0.8767,0.8713,0.8761
1230508,1600,0.8723,0.8745,0.8717,0.8723
1230509,1600,0.8718,0.8718,0.8679,0.8718
1230510,1600,0.8684,0.8699,0.8672,0.8684
1230511,1600,0.8698,0.8733,0.8661,0.8698
1230512,1600,0.8721,0.8732,0.8693,0.8721
1230515,1600,0.8716,0.8718,0.868,0.8716
1230516,1600,0.868,0.8718,0.868,0.868
1230517,1600,0.8702,0.872,0.8675,0.8702
1230518,1600,0.8682,0.8701,0.8671,0.8682
1230519,1600,0.8681,0.8696,0.8669,0.8681
1230522,1600,0.8685,0.8704,0.8681,0.8685
1230523,1600,0.8694,0.8717,0.8672,0.8694
1230524,1600,0.8673,0.8709,0.8651,0.8673
1230525,1600,0.8694,0.8705,0.8667,0.8694
1230526,1600,0.8705,0.871,0.8676,0.8705
1230529,1600,0.8684,0.8694,0.8667,0.8684
1230530,1600,0.867,0.8673,0.8628,0.867
1230531,1600,0.8646,0.8648,0.8592,0.8646
1230601,1600,0.8589,0.8604,0.8568,0.8589
1230602,1600,0.859,0.8603,0.8579,0.859
1230605,1600,0.8606,0.8635,0.8599,0.8606
1230606,1600,0.8615,0.8624,0.8603,0.8615
1230607,1600,0.8607,0.8611,0.8585,0.8607
1230608,1600,0.8604,0.8613,0.8585,0.8604
1230609,1600,0.8584,0.859,0.8542,0.8584
1230612,1600,0.8545,0.8606,0.854,0.8545
1230613,1600,0.8597,0.8612,0.8555,0.8597
1230614,1600,0.8556,0.856,0.854,0.8556
1230615,1600,0.8554,0.8591,0.8544,0.8554
1230616,1600,0.8561,0.8565,0.8521,0.8561
1230619,1600,0.8526,0.854,0.8518,0.8526
1230620,1600,0.8538,0.858,0.8527,0.8538
1230621,1600,0.8553,0.8606,0.8527,0.8553
1230622,1600,0.8607,0.8634,0.8583,0.8607
1230623,1600,0.8594,0.8607,0.8536,0.8594
1230626,1600,0.8568,0.8594,0.8544,0.8568
1230627,1600,0.858,0.8613,0.8569,0.858
1230628,1600,0.8597,0.8657,0.8594,0.8597
1230629,1600,0.8633,0.8644,0.8621,0.8633
1230630,1600,0.8615,0.8617,0.8575,0.8615
1230703,1600,0.8593,0.8605,0.858,0.8593
1230704,1600,0.8597,0.8597,0.8558,0.8597
1230705,1600,0.8554,0.8575,0.8547,0.8554
1230706,1600,0.8544,0.8563,0.8521,0.8544
1230707,1600,0.8546,0.8554,0.8526,0.8546
1230710,1600,0.8544,0.8583,0.8542,0.8544
1230711,1600,0.8555,0.8561,0.8504,0.8555
1230712,1600,0.8512,0.8563,0.8505,0.8512
1230713,1600,0.8572,0.8574,0.8534,0.8572
1230714,1600,0.8548,0.8572,0.8547,0.8548
1230717,1600,0.8577,0.8597,0.857,0.8577
1230718,1600,0.8596,0.8607,0.8577,0.8596
1230719,1600,0.8614,0.8701,0.8612,0.8614
1230720,1600,0.866,0.8697,0.8659,0.866
1230721,1600,0.8649,0.8679,0.8633,0.8649
1230724,1600,0.8655,0.8655,0.8619,0.8655
1230725,1600,0.8634,0.8636,0.8582,0.8634
1230726,1600,0.857,0.8586,0.856,0.857
1230727,1600,0.8569,0.8599,0.8545,0.8569
1230728,1600,0.8581,0.8587,0.855,0.8581
1230731,1600,0.8576,0.859,0.8562,0.8576
1230801,1600,0.8569,0.8606,0.855,0.8569
1230802,1600,0.8602,0.8628,0.8584,0.8602
1230803,1600,0.8603,0.8654,0.8597,0.8603
1230804,1600,0.8611,0.8647,0.8601,0.8611
1230807,1600,0.8631,0.8635,0.8606,0.8631
1230808,1600,0.8608,0.8624,0.8602,0.8608
1230809,1600,0.86,0.8634,0.8589,0.86
1230810,1600,0.863,0.866,0.8626,0.863
1230811,1600,0.8667,0.8668,0.8626,0.8667
1230814,1600,0.8621,0.8632,0.8602,0.8621
1230815,1600,0.8597,0.8609,0.8575,0.8597
1230816,1600,0.8583,0.8593,0.8549,0.8583
1230817,1600,0.8543,0.8556,0.8526,0.8543
1230818,1600,0.8529,0.8557,0.8527,0.8529
1230821,1600,0.8535,0.8562,0.8533,0.8535
1230822,1600,0.854,0.8546,0.8514,0.854
1230823,1600,0.8518,0.8565,0.8494,0.8518
1230824,1600,0.8541,0.8577,0.8538,0.8541
1230825,1600,0.8575,0.8584,0.856,0.8575
1230828,1600,0.8576,0.8598,0.8573,0.8576
1230829,1600,0.8584,0.8606,0.8566,0.8584
1230830,1600,0.8601,0.8609,0.8584,0.8601
1230831,1600,0.8597,0.8598,0.8555,0.8597
1230901,1600,0.8556,0.8572,0.8548,0.8556
1230904,1600,0.8558,0.8559,0.8543,0.8558
1230905,1600,0.8549,0.8576,0.8525,0.8549
1230906,1600,0.8531,0.8576,0.8528,0.8531
1230907,1600,0.858,0.86,0.8573,0.858
1230908,1600,0.8575,0.8589,0.8569,0.8575
1230911,1600,0.8581,0.8581,0.8558,0.8581
1230912,1600,0.8592,0.8599,0.8572,0.8592
1230913,1600,0.8607,0.863,0.8591,0.8607
1230914,1600,0.8593,0.8614,0.8578,0.8593
1230915,1600,0.8576,0.8614,0.8569,0.8576
1230918,1600,0.8605,0.8626,0.8597,0.8605
1230919,1600,0.8634,0.8636,0.8618,0.8634
1230920,1600,0.8618,0.8659,0.8617,0.8618
1230921,1600,0.8639,0.8687,0.8627,0.8639
1230922,1600,0.8671,0.8699,0.8661,0.8671
1230925,1600,0.8698,0.8702,0.8667,0.8698
1230926,1600,0.8671,0.8705,0.8667,0.8671
1230927,1600,0.87,0.8702,0.8657,0.87
1230928,1600,0.8656,0.866,0.863,0.8656
1230929,1600,0.8654,0.868,0.8642,0.8654
1231002,1600,0.8663,0.8674,0.8652,0.8663
1231003,1600,0.8667,0.8691,0.866,0.8667
1231004,1600,0.8667,0.8681,0.864,0.8667
1231005,1600,0.8656,0.8674,0.8648,0.8656
1231006,1600,0.8653,0.8662,0.864,0.8653
1231009,1600,0.8647,0.8657,0.8633,0.8647
1231010,1600,0.8635,0.8651,0.863,0.8635
1231011,1600,0.8628,0.8642,0.8616,0.8628
1231012,1600,0.8625,0.8643,0.8621,0.8625
1231013,1600,0.8648,0.8655,0.8633,0.8648
1231016,1600,0.8656,0.8671,0.8644,0.8656
1231017,1600,0.8641,0.869,0.863,0.8641
1231018,1600,0.8681,0.8688,0.866,0.8681
1231019,1600,0.8678,0.8717,0.8675,0.8678
1231020,1600,0.8721,0.8739,0.8708,0.8721
1231023,1600,0.8705,0.8725,0.8698,0.8705
1231024,1600,0.8709,0.8711,0.8681,0.8709
1231025,1600,0.8711,0.8726,0.8703,0.8711
1231026,1600,0.873,0.8734,0.869,0.873
1231027,1600,0.8704,0.872,0.8695,0.8704
1231030,1600,0.8719,0.874,0.8706,0.8719
1231031,1600,0.8725,0.8752,0.8709,0.8724
1231101,1600,0.8707,0.8712,0.8682,0.8707
1231102,1600,0.869,0.8735,0.8689,0.869
1231103,1600,0.8708,0.8721,0.8674,0.8708
1231106,1600,0.8673,0.8676,0.8649,0.8673
1231107,1600,0.8681,0.8692,0.8677,0.8681
1231108,1600,0.8701,0.8715,0.8696,0.8701
1231109,1600,0.8717,0.8726,0.8692,0.8717
1231110,1600,0.873,0.8755,0.871,0.873
1231113,1600,0.8742,0.8741,0.8708,0.8742
1231114,1600,0.8713,0.8729,0.8689,0.8713
1231115,1600,0.8706,0.8737,0.8698,0.8706
1231116,1600,0.8737,0.8766,0.8734,0.8737
1231117,1600,0.8742,0.8762,0.8729,0.8742
1231120,1600,0.8757,0.8765,0.8742,0.8757
1231121,1600,0.875,0.8751,0.8712,0.875
1231122,1600,0.8702,0.8724,0.8692,0.8702
1231123,1600,0.8717,0.8723,0.8687,0.8717
1231124,1600,0.87,0.8707,0.8671,0.87
1231127,1600,0.8682,0.8688,0.8658,0.8682
1231128,1600,0.8673,0.8683,0.8657,0.8673
1231129,1600,0.8656,0.8662,0.8642,0.8656
1231130,1600,0.8643,0.8649,0.8617,0.8643
1231201,1600,0.8622,0.8636,0.8573,0.8622
1231204,1600,0.8564,0.8585,0.8563,0.8564
1231205,1600,0.8578,0.8586,0.8564,0.8578
1231206,1600,0.8569,0.8574,0.8554,0.8569
1231207,1600,0.8572,0.8582,0.8553,0.8572
1231208,1600,0.857,0.8588,0.856,0.857
1231211,1600,0.8574,0.8588,0.8549,0.8574
1231212,1600,0.8575,0.8608,0.8557,0.8575
1231213,1600,0.859,0.8624,0.8584,0.859
1231214,1600,0.8621,0.8633,0.8588,0.8621
1231215,1600,0.8609,0.8617,0.8572,0.8609
1231218,1600,0.8597,0.8645,0.8591,0.8597
1231219,1600,0.8633,0.8636,0.8598,0.8633
1231220,1600,0.8624,0.8667,0.8617,0.8624
1231221,1600,0.8657,0.8686,0.8655,0.8657
1231222,1600,0.8676,0.8677,0.8651,0.8676
1231225,1600,0.8649,0.8676,0.853,0.8649
1231226,1600,0.867,0.8684,0.8668,0.867
1231227,1600,0.8676,0.8698,0.8666,0.8676
1231228,1600,0.8675,0.8714,0.8669,0.8675
1231229,1600,0.8691,0.87,0.8664,0.8691
1240101,1600,0.8665,0.8707,0.8665,0.8665
1240102,1600,0.8671,0.8682,0.8646,0.8671
1240103,1600,0.8668,0.8675,0.8626,0.8668
1240104,1600,0.862,0.864,0.861,0.862
1240105,1600,0.863,0.8633,0.8598,0.863
1240108,1600,0.8603,0.862,0.8598,0.8603
1240109,1600,0.8592,0.8607,0.8586,0.8592
1240110,1600,0.86,0.8616,0.8595,0.86
1240111,1600,0.861,0.8617,0.8596,0.861
1240112,1600,0.8594,0.8606,0.8585,0.8594
1240115,1600,0.8594,0.8611,0.8592,0.8593
1240116,1600,0.8606,0.8619,0.8591,0.8606
1240117,1600,0.8607,0.8618,0.8567,0.8607
1240118,1600,0.8586,0.8591,0.8561,0.8586
1240119,1600,0.8559,0.8592,0.8557,0.8559
1240122,1600,0.8576,0.8583,0.8555,0.8577
1240123,1600,0.856,0.8565,0.8546,0.856
1240124,1600,0.8553,0.8561,0.8536,0.8553
1240125,1600,0.8555,0.8564,0.852,0.8555
1240126,1600,0.8535,0.8544,0.8525,0.8535
1240129,1600,0.8539,0.8542,0.8513,0.8539
1240130,1600,0.8521,0.8567,0.8516,0.8521
1240131,1600,0.854,0.8547,0.8524,0.854
1240201,1600,0.8521,0.8558,0.852,0.8521
1240202,1600,0.8531,0.8546,0.8521,0.8531
1240205,1600,0.854,0.8568,0.8529,0.854
1240206,1600,0.8569,0.857,0.8536,0.8569
1240207,1600,0.8533,0.854,0.8516,0.8533
1240208,1600,0.853,0.8544,0.8529,0.853
1240209,1600,0.8539,0.8547,0.8532,0.8539
1240212,1600,0.8544,0.8546,0.8527,0.8544
1240213,1600,0.853,0.8535,0.85,0.853
1240214,1600,0.8504,0.8548,0.8495,0.8504
1240215,1600,0.8539,0.8569,0.852,0.8539
1240216,1600,0.8551,0.8564,0.8542,0.8551
1240219,1600,0.8551,0.8558,0.8537,0.8552
1240220,1600,0.856,0.8578,0.8546,0.856
1240221,1600,0.8562,0.8571,0.8556,0.8562
1240222,1600,0.8561,0.8572,0.8549,0.8561
1240223,1600,0.8548,0.8552,0.8528,0.8548
1240226,1600,0.8539,0.856,0.8537,0.8538
1240227,1600,0.8552,0.8567,0.8549,0.8553
1240228,1600,0.8548,0.8565,0.8546,0.8548
1240229,1600,0.8559,0.857,0.855,0.856
1240301,1600,0.8558,0.8576,0.8554,0.8558
1240304,1600,0.8564,0.8566,0.8551,0.8564
1240305,1600,0.8553,0.856,0.8537,0.8553
1240306,1600,0.8544,0.8562,0.854,0.8544
1240307,1600,0.8558,0.8563,0.8523,0.8558
1240308,1600,0.8544,0.8548,0.8504,0.8544
1240311,1600,0.8512,0.8534,0.8508,0.8512
1240312,1600,0.8526,0.8554,0.8525,0.8526
1240313,1600,0.8539,0.8553,0.8537,0.8539
1240314,1600,0.8555,0.8557,0.8535,0.8555
1240315,1600,0.8539,0.8547,0.8536,0.8539
1240318,1600,0.8548,0.8562,0.8546,0.8548
1240319,1600,0.8542,0.8556,0.854,0.8542
1240320,1600,0.854,0.855,0.8535,0.854
1240321,1600,0.8544,0.8579,0.8529,0.8544
1240322,1600,0.8578,0.8602,0.8566,0.8578
1240325,1600,0.8579,0.8584,0.8565,0.8579
1240326,1600,0.8576,0.8588,0.857,0.8576
1240327,1600,0.8578,0.8585,0.8564,0.8578
1240328,1600,0.857,0.8571,0.8546,0.857
1240329,1600,0.8548,0.8554,0.853,0.8548
1240401,1600,0.854,0.8557,0.8538,0.854
1240402,1600,0.8557,0.8575,0.854,0.8557
1240403,1600,0.8562,0.8582,0.8556,0.8562
1240404,1600,0.8566,0.8582,0.8563,0.8566
1240405,1600,0.8572,0.8586,0.8569,0.8572
1240408,1600,0.8578,0.8584,0.8573,0.8578
1240409,1600,0.8581,0.8582,0.8561,0.8581
1240410,1600,0.8564,0.8566,0.8548,0.8564
1240411,1600,0.8568,0.8569,0.8542,0.8568
1240412,1600,0.8543,0.8551,0.8528,0.8543
1240415,1600,0.8544,0.8552,0.8527,0.8544
1240416,1600,0.8536,0.8548,0.8528,0.8536
1240417,1600,0.8544,0.8554,0.8521,0.8544
1240418,1600,0.8567,0.8572,0.855,0.8567
1240419,1600,0.8558,0.8595,0.8549,0.8558
1240422,1600,0.8611,0.8643,0.8608,0.8612
1240423,1600,0.8626,0.8643,0.8594,0.8626
1240424,1600,0.8594,0.86,0.8588,0.8594
1240425,1600,0.8587,0.8592,0.8562,0.8587
1240426,1600,0.8576,0.8583,0.8559,0.8576
1240429,1600,0.8559,0.856,0.8536,0.8559
1240430,1600,0.8531,0.8555,0.853,0.8531
1240501,1600,0.854,0.8558,0.8536,0.854
1240502,1600,0.8547,0.8565,0.8544,0.8547
1240503,1600,0.8555,0.8585,0.855,0.8555
1240506,1600,0.8578,0.8581,0.8556,0.8578
1240507,1600,0.8573,0.8594,0.8571,0.8573
1240508,1600,0.8599,0.8618,0.8598,0.8599
1240509,1600,0.8602,0.8619,0.8591,0.8602
1240510,1600,0.8608,0.8611,0.8595,0.8608
1240513,1600,0.86,0.8609,0.8593,0.86
1240514,1600,0.8592,0.8614,0.8585,0.8592
1240515,1600,0.8593,0.86,0.857,0.8593
1240516,1600,0.858,0.8586,0.8573,0.858
1240517,1600,0.8576,0.858,0.8554,0.8576
1240520,1600,0.8557,0.8568,0.8547,0.8557
1240521,1600,0.8544,0.8551,0.8532,0.8544
1240522,1600,0.8539,0.854,0.8503,0.8539
1240523,1600,0.851,0.8527,0.85,0.851
1240524,1600,0.8517,0.8532,0.8511,0.8517
1240527,1600,0.8517,0.8519,0.8495,0.8517
1240528,1600,0.8503,0.8518,0.8495,0.8503
1240529,1600,0.8505,0.8516,0.8484,0.8505
1240530,1600,0.8507,0.8517,0.85,0.8507
1240531,1600,0.8509,0.854,0.85,0.8509
1240603,1600,0.8515,0.8535,0.8509,0.8515
1240604,1600,0.8514,0.8524,0.8506,0.8514
1240605,1600,0.8519,0.852,0.8503,0.8519
1240606,1600,0.8499,0.8524,0.8493,0.8499
1240607,1600,0.8514,0.852,0.8491,0.8514
1240610,1600,0.8467,0.8471,0.8439,0.8467
1240611,1600,0.8457,0.8467,0.8418,0.8457
1240612,1600,0.8429,0.8451,0.8418,0.8429
1240613,1600,0.845,0.8458,0.8426,0.845
1240614,1600,0.8418,0.8438,0.8397,0.8418
1240617,1600,0.8438,0.8461,0.8435,0.8438
1240618,1600,0.8448,0.8463,0.8443,0.8448
1240619,1600,0.8451,0.8454,0.8429,0.845
1240620,1600,0.8449,0.8461,0.8434,0.8449
1240621,1600,0.8456,0.8465,0.8442,0.8456
1240624,1600,0.8457,0.8476,0.8452,0.8457
1240625,1600,0.8462,0.8462,0.843,0.8462
1240626,1600,0.8443,0.8463,0.8433,0.8443
1240627,1600,0.8461,0.8475,0.8454,0.8461
1240628,1600,0.8468,0.848,0.8455,0.8468
1240701,1600,0.8487,0.8498,0.8475,0.8487
1240702,1600,0.849,0.8495,0.8465,0.849
1240703,1600,0.8469,0.8478,0.8459,0.8469
1240704,1600,0.8465,0.8474,0.846,0.8465
1240705,1600,0.8475,0.8478,0.8451,0.8475
1240708,1600,0.8453,0.846,0.8438,0.8453
1240709,1600,0.8451,0.846,0.8441,0.8451
1240710,1600,0.8456,0.8459,0.8424,0.8456
1240711,1600,0.8428,0.8432,0.8413,0.8428
1240712,1600,0.8413,0.8421,0.8392,0.8413
1240715,1600,0.8395,0.8412,0.839,0.8395
1240716,1600,0.8403,0.841,0.8397,0.8403
1240717,1600,0.84,0.8408,0.8382,0.84
1240718,1600,0.841,0.8422,0.8401,0.841
1240719,1600,0.8416,0.8432,0.8408,0.8416
1240722,1600,0.8427,0.8431,0.8413,0.8427
1240723,1600,0.842,0.8426,0.8398,0.842
1240724,1600,0.8409,0.8418,0.8392,0.8409
1240725,1600,0.8402,0.8432,0.8402,0.8402
1240726,1600,0.8439,0.8449,0.8428,0.8439
1240729,1600,0.8434,0.846,0.8414,0.8434
1240730,1600,0.8413,0.8429,0.8413,0.8413
1240731,1600,0.8424,0.8448,0.8412,0.8424
1240801,1600,0.842,0.8458,0.842,0.842
1240802,1600,0.8474,0.8534,0.8474,0.8474
1240805,1600,0.8532,0.8618,0.8529,0.8532
1240806,1600,0.8563,0.8613,0.8562,0.8563
1240807,1600,0.861,0.8613,0.8576,0.861
1240808,1600,0.8619,0.8624,0.8564,0.8619
1240809,1600,0.8562,0.8577,0.8549,0.8562
1240812,1600,0.8559,0.8567,0.8544,0.8559
1240813,1600,0.8563,0.8563,0.853,0.8563
1240814,1600,0.8546,0.8592,0.8542,0.8546
1240815,1600,0.8585,0.8587,0.8536,0.8585
1240816,1600,0.8531,0.8535,0.851,0.8531
1240819,1600,0.8515,0.8528,0.8508,0.8515
1240820,1600,0.853,0.8537,0.8516,0.853
1240821,1600,0.8537,0.8544,0.851,0.8537
1240822,1600,0.852,0.8519,0.8478,0.852
1240823,1600,0.8487,0.8492,0.8459,0.8487
1240826,1600,0.8467,0.8475,0.845,0.8467
1240827,1600,0.8462,0.8467,0.8432,0.8462
1240828,1600,0.8431,0.8433,0.8409,0.8431
1240829,1600,0.8432,0.8432,0.8401,0.8432
1240830,1600,0.8415,0.8426,0.84,0.8415
1240902,1600,0.8412,0.8432,0.8411,0.8412
1240903,1600,0.8421,0.8433,0.8406,0.8421
1240904,1600,0.8425,0.8434,0.8416,0.8425
1240905,1600,0.8425,0.8436,0.8418,0.8425
1240906,1600,0.8431,0.8446,0.8411,0.8431
1240909,1600,0.8442,0.8448,0.8433,0.8442
1240910,1600,0.8443,0.8447,0.8425,0.8443
1240911,1600,0.8424,0.8463,0.8424,0.8424
1240912,1600,0.8444,0.8455,0.8436,0.8444
1240913,1600,0.8435,0.8453,0.8427,0.8435
1240916,1600,0.8441,0.8444,0.8421,0.8441
1240917,1600,0.8424,0.8447,0.8418,0.8424
1240918,1600,0.8446,0.8453,0.8404,0.8446
1240919,1600,0.8418,0.8421,0.8392,0.8418
1240920,1600,0.8402,0.8406,0.838,0.8402
1240923,1600,0.8382,0.8386,0.8335,0.8382
1240924,1600,0.8323,0.8339,0.8317,0.8323
1240925,1600,0.8334,0.8371,0.8331,0.8334
1240926,1600,0.8358,0.8359,0.8327,0.8358
1240927,1600,0.8335,0.8348,0.8322,0.8335
1240930,1600,0.8346,0.836,0.8313,0.8346
1241001,1600,0.8325,0.8341,0.8311,0.8325
1241002,1600,0.8335,0.8337,0.8321,0.8335
1241003,1600,0.8327,0.8434,0.8323,0.8327
1241004,1600,0.8405,0.8406,0.836,0.8405
1241007,1600,0.8359,0.8399,0.8355,0.8359
1241008,1600,0.8387,0.8404,0.8374,0.8387
1241009,1600,0.8381,0.8388,0.837,0.8381
1241010,1600,0.8372,0.8384,0.8355,0.8372
1241011,1600,0.837,0.8382,0.8365,0.837
1241014,1600,0.8371,0.8373,0.8353,0.8371
1241015,1600,0.8349,0.8351,0.8325,0.8349
1241016,1600,0.8329,0.838,0.832,0.8329
1241017,1600,0.8358,0.8364,0.832,0.8358
1241018,1600,0.832,0.8335,0.8297,0.832
1241021,1600,0.8326,0.8339,0.8324,0.8326
1241022,1600,0.8331,0.8346,0.8319,0.8331
1241023,1600,0.8316,0.8333,0.8303,0.8316
1241024,1600,0.8348,0.8349,0.8315,0.8348
1241025,1600,0.8342,0.835,0.8329,0.8342
1241028,1600,0.8332,0.8343,0.8324,0.8332
1241029,1600,0.8337,0.8341,0.8299,0.8337
1241030,1600,0.8315,0.8357,0.8313,0.8315
1241031,1600,0.8379,0.8446,0.8355,0.8379
1241101,1600,0.8439,0.8443,0.8367,0.8439
1241104,1600,0.8395,0.8418,0.8385,0.8395
1241105,1600,0.8393,0.8397,0.8378,0.8393
1241106,1600,0.8383,0.8383,0.8314,0.8383
1241107,1600,0.833,0.834,0.8306,0.833
1241108,1600,0.8315,0.8324,0.8299,0.8315
1241111,1600,0.8295,0.8302,0.8261,0.8295
1241112,1600,0.8282,0.8325,0.8276,0.8282
1241113,1600,0.8335,0.8344,0.8311,0.8335
1241114,1600,0.8313,0.8324,0.8307,0.8313
1241115,1600,0.8312,0.8358,0.8312,0.8312
1241118,1600,0.8348,0.8372,0.8339,0.8348
1241119,1600,0.8356,0.8375,0.8333,0.8356
1241120,1600,0.8356,0.8358,0.8313,0.8356
1241121,1600,0.8334,0.8341,0.8318,0.8334
1241122,1600,0.8318,0.8346,0.8267,0.8318
1241125,1600,0.8321,0.836,0.831,0.8321
1241126,1600,0.8333,0.8364,0.833,0.8333
1241127,1600,0.8343,0.8354,0.8332,0.8343
1241128,1600,0.8331,0.8338,0.8314,0.8331
1241129,1600,0.8318,0.8331,0.8305,0.8318
1241202,1600,0.8299,0.8303,0.827,0.8301
1241203,1600,0.8295,0.8312,0.8287,0.8295
1241204,1600,0.8292,0.8299,0.8268,0.8292
1241205,1600,0.8276,0.8294,0.8271,0.8276
1241206,1600,0.8296,0.8299,0.828,0.8296
1241209,1600,0.8287,0.8288,0.827,0.8287
1241210,1600,0.8278,0.8283,0.8236,0.8278
1241211,1600,0.824,0.8251,0.8226,0.824
1241212,1600,0.823,0.8272,0.8227,0.823
1241213,1600,0.8258,0.8316,0.8257,0.8258
1241216,1600,0.8323,0.8327,0.8273,0.8323
1241217,1600,0.8286,0.8294,0.8258,0.8286
1241218,1600,0.8256,0.8278,0.8245,0.8256
1241219,1600,0.8235,0.8275,0.8223,0.8235
1241220,1600,0.8293,0.8313,0.8278,0.8293
1241223,1600,0.83,0.831,0.8277,0.83
1241224,1600,0.8301,0.8302,0.8274,0.8301
1241225,1600,0.8293,0.8576,0.8035,0.829
1241226,1600,0.829,0.8324,0.8287,0.829
1241227,1600,0.8318,0.8328,0.8282,0.8318
1241230,1600,0.8291,0.8299,0.8275,0.8291
1241231,1600,0.8292,0.8306,0.8263,0.8292
1250102,1600,0.8268,0.8325,0.8267,0.8268
1250103,1600,0.8293,0.8302,0.8284,0.8293
1250106,1600,0.8292,0.8317,0.8285,0.8292
1250107,1600,0.8299,0.8306,0.8287,0.8299
1250108,1600,0.829,0.8351,0.8283,0.829
1250109,1600,0.8345,0.8404,0.8343,0.8345
1250110,1600,0.8372,0.8389,0.8365,0.8372
1250113,1600,0.8393,0.8424,0.8389,0.8393
1250114,1600,0.8391,0.8447,0.8387,0.8391
1250115,1600,0.8439,0.846,0.8404,0.8439
1250116,1600,0.8408,0.8437,0.8408,0.8408
1250117,1600,0.8419,0.8453,0.8417,0.8419
1250120,1600,0.8444,0.8473,0.8435,0.8444
1250121,1600,0.845,0.8462,0.8444,0.845
1250122,1600,0.8435,0.8462,0.8433,0.8435
1250123,1600,0.8452,0.8457,0.8431,0.8452
1250124,1600,0.8432,0.8461,0.8411,0.8432
1250127,1600,0.8401,0.8421,0.8392,0.8401
1250128,1600,0.8382,0.8395,0.838,0.8382
1250129,1600,0.8382,0.8387,0.8365,0.8382
1250130,1600,0.837,0.8388,0.836,0.837
1250131,1600,0.8368,0.8374,0.8354,0.8368
1250203,1600,0.8336,0.8346,0.8295,0.8336
1250204,1600,0.8307,0.8327,0.8297,0.8307
1250205,1600,0.8313,0.8335,0.8305,0.8313
1250206,1600,0.8318,0.8376,0.8315,0.8318
1250207,1600,0.8351,0.8355,0.8325,0.8351
1250210,1600,0.8321,0.8333,0.831,0.8321
1250211,1600,0.8334,0.8352,0.8324,0.8334
1250212,1600,0.8323,0.8351,0.8318,0.8323
1250213,1600,0.8346,0.8357,0.8323,0.8346
1250214,1600,0.8326,0.8333,0.8316,0.8326
1250217,1600,0.8335,0.8339,0.8308,0.8335
1250218,1600,0.8307,0.8309,0.8285,0.8307
1250219,1600,0.8275,0.8289,0.8273,0.8275
1250220,1600,0.8281,0.8287,0.827,0.8281
1250221,1600,0.8287,0.8292,0.8264,0.8287
1250224,1600,0.828,0.8301,0.8272,0.828
1250225,1600,0.829,0.8302,0.8279,0.829
1250226,1600,0.8301,0.8304,0.827,0.8301
1250227,1600,0.827,0.8274,0.8235,0.827
1250228,1600,0.825,0.8267,0.8244,0.825
1250303,1600,0.8262,0.8266,0.8243,0.8262
1250304,1600,0.8254,0.8286,0.8248,0.8254
1250305,1600,0.8304,0.8374,0.8296,0.8304
1250306,1600,0.8373,0.8409,0.8364,0.8373
1250307,1600,0.8371,0.8417,0.8372,0.8371
1250310,1600,0.8397,0.8416,0.8378,0.8397
1250311,1600,0.8418,0.8447,0.8415,0.8418
1250312,1600,0.8431,0.8441,0.8404,0.8431
1250313,1600,0.8396,0.8404,0.8374,0.8396
1250314,1600,0.8377,0.8428,0.8373,0.8377
1250317,1600,0.8414,0.8417,0.8399,0.8414
1250318,1600,0.8408,0.8428,0.8405,0.8408
1250319,1600,0.8414,0.842,0.8389,0.8414
1250320,1600,0.8386,0.839,0.835,0.8386
1250321,1600,0.8372,0.8383,0.8367,0.8372
1250324,1600,0.8383,0.8383,0.8346,0.8383
1250325,1600,0.8359,0.8363,0.8341,0.8359
1250326,1600,0.8333,0.8374,0.8331,0.8333
1250327,1600,0.8341,0.8348,0.8325,0.8341
1250328,1600,0.8339,0.8367,0.8315,0.8339
1250331,1600,0.8365,0.8374,0.8342,0.8365
1250401,1600,0.8373,0.8378,0.8352,0.8373
1250402,1600,0.8353,0.8377,0.8336,0.8353
1250403,1600,0.8358,0.8446,0.8341,0.8358
1250404,1600,0.8438,0.8522,0.8433,0.8437
1250407,1600,0.8508,0.8579,0.8487,0.8508
1250408,1600,0.8572,0.8594,0.8532,0.8572
1250409,1600,0.8585,0.8662,0.8582,0.8585
1250410,1600,0.8538,0.8653,0.8519,0.8538
1250411,1600,0.8664,0.8737,0.8655,0.8664
1250414,1600,0.8668,0.8692,0.8595,0.8668
1250415,1600,0.8607,0.8605,0.8536,0.8607
1250416,1600,0.8535,0.8594,0.8534,0.8535
1250417,1600,0.8611,0.8613,0.8568,0.8611
1250422,1600,0.8604,0.8608,0.8563,0.8604
1250423,1600,0.8552,0.8583,0.8532,0.8552
1250424,1600,0.8539,0.8565,0.8531,0.8539
1250425,1600,0.8533,0.8547,0.8512,0.8533
1250428,1600,0.8535,0.8544,0.8494,0.8535
1250429,1600,0.8491,0.8511,0.8487,0.8491
1250430,1600,0.8492,0.8537,0.8481,0.8492
1250501,1600,0.8499,0.851,0.848,0.8499
1250502,1600,0.8502,0.854,0.849,0.8502
1250505,1600,0.8531,0.8532,0.8513,0.8531
1250506,1600,0.8511,0.8519,0.8462,0.8511
1250507,1600,0.8492,0.8522,0.8487,0.8492
1250508,1600,0.8505,0.8511,0.8462,0.8505
1250509,1600,0.848,0.8492,0.8464,0.848
1250512,1600,0.845,0.8457,0.8411,0.845
1250513,1600,0.8419,0.8426,0.8402,0.8419
1250514,1600,0.8407,0.8435,0.8403,0.8407
1250515,1600,0.843,0.844,0.8413,0.843
1250516,1600,0.8412,0.8432,0.8402,0.8412
1250519,1600,0.8408,0.8425,0.8399,0.8408
1250520,1600,0.8407,0.8429,0.8404,0.8407
1250521,1600,0.8425,0.8459,0.8422,0.8425
1250522,1600,0.8444,0.8448,0.84,0.8444
1250523,1600,0.8406,0.8416,0.8382,0.8406
1250526,1600,0.8401,0.8408,0.8387,0.8401
1250527,1600,0.8395,0.8398,0.8373,0.8395
1250528,1600,0.8389,0.8401,0.8382,0.8389
1250529,1600,0.8363,0.8429,0.8362,0.8363
1250530,1600,0.8427,0.843,0.8404,0.8427
1250602,1600,0.8429,0.8447,0.8418,0.8429
1250603,1600,0.8448,0.8449,0.841,0.8448
1250604,1600,0.8413,0.8429,0.8406,0.8413
1250605,1600,0.8428,0.8447,0.841,0.8428
1250606,1600,0.8433,0.8443,0.8417,0.8433
1250609,1600,0.8425,0.8426,0.8413,0.8425
1250610,1600,0.8429,0.8468,0.8417,0.8429
1250611,1600,0.8467,0.8488,0.8463,0.8467
1250612,1600,0.8482,0.8543,0.8476,0.8482
1250613,1600,0.8512,0.853,0.8493,0.8512
1250616,1600,0.851,0.8531,0.8505,0.851
1250617,1600,0.8515,0.8538,0.8511,0.8515
1250618,1600,0.8549,0.8559,0.8541,0.8549
1250619,1600,0.8554,0.8559,0.8533,0.8554
1250620,1600,0.8541,0.8557,0.8525,0.8541
1250623,1600,0.8559,0.8574,0.8546,0.8559
1250624,1600,0.8562,0.8564,0.852,0.8562
1250625,1600,0.8529,0.8536,0.8513,0.8529
1250626,1600,0.8533,0.8539,0.8517,0.8533
1250627,1600,0.8518,0.8551,0.8508,0.8518
1250630,1600,0.8547,0.8581,0.8534,0.8547
1250701,1600,0.8584,0.8596,0.8556,0.8584
1250702,1600,0.8588,0.8669,0.8577,0.8588
1250703,1600,0.8644,0.8654,0.861,0.8644
1250704,1600,0.8612,0.8637,0.8609,0.8612
1250707,1600,0.863,0.8644,0.8601,0.8631
1250708,1600,0.8614,0.8642,0.8609,0.8614
1250709,1600,0.8629,0.8631,0.8606,0.8629
1250710,1600,0.863,0.8633,0.861,0.863
1250711,1600,0.8616,0.8667,0.8609,0.8616
1250714,1600,0.8657,0.8692,0.8654,0.8657
1250715,1600,0.8688,0.8696,0.8668,0.8688
1250716,1600,0.8666,0.8695,0.8647,0.8666
1250717,1600,0.8676,0.8679,0.8638,0.8676
1250718,1600,0.8647,0.8671,0.8648,0.8647
1250721,1600,0.8669,0.8673,0.865,0.8669
1250722,1600,0.8669,0.8691,0.8664,0.8669
1250723,1600,0.8681,0.8684,0.8647,0.8681
1250724,1600,0.867,0.8702,0.8666,0.867
1250725,1600,0.8702,0.8736,0.8697,0.8702
1250728,1600,0.8748,0.8752,0.8666,0.8748
1250729,1600,0.868,0.8687,0.8643,0.868
1250730,1600,0.8649,0.8658,0.8616,0.8649
1250731,1600,0.862,0.8658,0.8611,0.862
1250801,1600,0.8647,0.872,0.8644,0.8647
1250804,1600,0.8718,0.8721,0.8687,0.8718
1250805,1600,0.8711,0.8712,0.868,0.8711
1250806,1600,0.8706,0.8731,0.8696,0.8706
1250807,1600,0.873,0.8741,0.8664,0.873
1250808,1600,0.868,0.8681,0.8653,0.868
1250811,1600,0.8663,0.8671,0.8647,0.8663
1250812,1600,0.8646,0.8654,0.8619,0.8646
1250813,1600,0.8647,0.8653,0.8621,0.8647
1250814,1600,0.8621,0.8624,0.8596,0.8621
1250815,1600,0.861,0.8638,0.8605,0.861
1250818,1600,0.8635,0.8638,0.8617,0.8635
1250819,1600,0.8637,0.8647,0.8629,0.8637
1250820,1600,0.8632,0.8662,0.8609,0.8632
1250821,1600,0.8653,0.8665,0.8645,0.8653
1250822,1600,0.8654,0.8667,0.8638,0.8654
1250825,1600,0.8666,0.867,0.865,0.8666
1250826,1600,0.8633,0.8649,0.8624,0.8633
1250827,1600,0.8635,0.864,0.861,0.8635
1250828,1600,0.8625,0.8645,0.8615,0.8625
1250829,1600,0.8645,0.8673,0.8635,0.8645
1250901,1600,0.8657,0.867,0.8638,0.8657
1250902,1600,0.8647,0.8712,0.8641,0.8647
1250903,1600,0.8692,0.8709,0.8671,0.8692
1250904,1600,0.8675,0.868,0.866,0.8675
1250905,1600,0.867,0.8686,0.8665,0.867
1250908,1600,0.868,0.8683,0.8663,0.868
1250909,1600,0.8683,0.8684,0.8655,0.8683
1250910,1600,0.8655,0.8655,0.8641,0.8655
1250911,1600,0.8647,0.8662,0.8637,0.8647
1250912,1600,0.8643,0.8664,0.8638,0.8643
1250915,1600,0.8651,0.8653,0.8632,0.8651
1250916,1600,0.8648,0.8679,0.8634,0.8648
1250917,1600,0.8694,0.8694,0.8669,0.8694
1250918,1600,0.8676,0.8696,0.8665,0.8676
1250919,1600,0.8697,0.8727,0.8686,0.8697
1250922,1600,0.8716,0.8733,0.8703,0.8716
1250923,1600,0.8731,0.8745,0.8717,0.8731
1250924,1600,0.8736,0.8744,0.8723,0.8736
1250925,1600,0.873,0.8749,0.8723,0.873
1250926,1600,0.8745,0.8748,0.872,0.8745
1250929,1600,0.873,0.8744,0.8714,0.873
1250930,1600,0.8731,0.8744,0.8723,0.8731
1251001,1600,0.8729,0.8741,0.869,0.8729
1251002,1600,0.8704,0.8729,0.8702,0.8704
1251003,1600,0.8719,0.8729,0.871,0.8719
1251006,1600,0.8718,0.8722,0.8672,0.8718
1251007,1600,0.8684,0.8704,0.8677,0.8684
1251008,1600,0.8683,0.8684,0.8657,0.8683
1251009,1600,0.8678,0.8698,0.8675,0.8678
1251010,1600,0.8693,0.8723,0.8692,0.8693
1251013,1600,0.87,0.8707,0.8673,0.87
1251014,1600,0.8675,0.8721,0.8666,0.8675
1251015,1600,0.8709,0.872,0.8684,0.8709
1251016,1600,0.8688,0.8696,0.8664,0.8688
1251017,1600,0.8701,0.8724,0.8694,0.8701
1251020,1600,0.8683,0.8694,0.8674,0.8683
1251021,1600,0.8686,0.8694,0.867,0.8686
1251022,1600,0.8679,0.8712,0.8675,0.8679
1251023,1600,0.8694,0.872,0.8681,0.8694
1251024,1600,0.8717,0.8747,0.8706,0.8717
1251027,1600,0.873,0.8735,0.8716,0.873
1251028,1600,0.8733,0.8788,0.8726,0.8733
1251029,1600,0.8778,0.8816,0.8777,0.8778
1251030,1600,0.8793,0.8813,0.879,0.8793
1251031,1600,0.8794,0.8817,0.8781,0.8794
1251103,1600,0.8776,0.8783,0.8763,0.8776
1251104,1600,0.8769,0.8812,0.8765,0.8769
1251105,1600,0.882,0.8829,0.88,0.882
1251106,1600,0.8808,0.8817,0.8795,0.8808
1251107,1600,0.8788,0.8816,0.8784,0.8788
1251110,1600,0.8786,0.8795,0.8774,0.8783
1251111,1600,0.8773,0.8813,0.8773,0.8773
1251112,1600,0.8809,0.8838,0.8804,0.8809
1251113,1600,0.8829,0.8842,0.8816,0.8829
1251114,1600,0.8842,0.8865,0.8816,0.8842
1251117,1600,0.8827,0.8828,0.8792,0.8826
1251118,1600,0.8811,0.8823,0.8804,0.881
1251119,1600,0.8808,0.8833,0.8807,0.8808
1251120,1600,0.8835,0.8837,0.8796,0.8834
1251121,1600,0.8815,0.8826,0.8781,0.8815
1251124,1600,0.8786,0.8819,0.8785,0.8787
1251125,1600,0.879,0.8794,0.8768,0.8789
1251126,1600,0.8788,0.8817,0.8755,0.8788
1251127,1600,0.8759,0.877,0.8746,0.8759
1251128,1600,0.876,0.8772,0.8747,0.876
1251201,1600,0.8762,0.8793,0.8759,0.8762
1251202,1600,0.8787,0.8801,0.8783,0.8787
1251203,1600,0.8796,0.8799,0.8737,0.8796
1251204,1600,0.8741,0.8753,0.8722,0.8741
1251205,1600,0.8739,0.8741,0.8724,0.8739
1251208,1600,0.8735,0.8752,0.8726,0.8735
1251209,1600,0.8734,0.8746,0.872,0.8734
1251210,1600,0.874,0.8751,0.8728,0.874
1251211,1600,0.874,0.8757,0.8738,0.8739
1251212,1600,0.8766,0.8791,0.876,0.8766
1251215,1600,0.878,0.8789,0.877,0.878
1251216,1600,0.8784,0.8796,0.8756,0.8784
1251217,1600,0.8751,0.8796,0.875,0.8751
1251218,1600,0.8779,0.8787,0.8736,0.8779
1251219,1600,0.876,0.8773,0.875,0.876
1251222,1600,0.8752,0.8753,0.8728,0.8751
1251223,1600,0.8734,0.8737,0.872,0.8734
1251224,1600,0.8728,0.8731,0.8719,0.8728
1251226,1600,0.8723,0.8735,0.8716,0.8723
1251229,1600,0.8721,0.8739,0.871,0.8722
1251230,1600,0.8714,0.8736,0.8702,0.8714
1251231,1600,0.8722,0.8745,0.8717,0.8722
1260102,1600,0.8721,0.8725,0.8701,0.872
1260105,1600,0.871,0.871,0.8661,0.871
1260106,1600,0.8656,0.8663,0.8644,0.8656
1260107,1600,0.8657,0.8677,0.8653,0.8657
1260108,1600,0.8676,0.869,0.8674,0.8676
1260109,1600,0.8676,0.8687,0.8665,0.8676
1260112,1600,0.8679,0.8691,0.8665,0.8678
1260113,1600,0.8664,0.867,0.8651,0.8664
1260114,1600,0.8672,0.8672,0.8656,0.8671
1260115,1600,0.8664,0.8678,0.8653,0.8664
1260116,1600,0.8675,0.8679,0.866,0.8675
1260119,1600,0.8672,0.8686,0.8666,0.8672
1260120,1600,0.8673,0.8729,0.867,0.8674
1260121,1600,0.8724,0.8745,0.8708,0.8725
1260122,1600,0.8699,0.8732,0.8693,0.8698
1260123,1600,0.8706,0.8709,0.8657,0.8706
1260126,1600,0.8679,0.8685,0.8668,0.8679
1260127,1600,0.8682,0.8698,0.867,0.8682
1260128,1600,0.8695,0.8696,0.8658,0.8693
1260129,1600,0.8663,0.8671,0.865,0.8663
1260130,1600,0.8666,0.8674,0.8656,0.8667
1260202,1600,0.8661,0.8673,0.8644,0.8662
1260203,1600,0.8629,0.8636,0.8619,0.8629
1260204,1600,0.8626,0.8645,0.8613,0.8626
1260205,1600,0.8648,0.8719,0.8645,0.8649
1260206,1600,0.871,0.8713,0.8673,0.871
1260209,1600,0.869,0.874,0.8676,0.8689
1260210,1600,0.87,0.872,0.8687,0.8699
1260211,1600,0.8718,0.8723,0.8684,0.8719
1260212,1600,0.8716,0.8716,0.8694,0.8717
1260213,1600,0.8715,0.8721,0.8698,0.8714
1260216,1600,0.8695,0.87,0.8687,0.8695
1260217,1600,0.8695,0.8748,0.8693,0.8695
1260218,1600,0.8737,0.8738,0.8716,0.8737
1260219,1600,0.8734,0.8751,0.8731,0.8734
1260220,1600,0.8743,0.8748,0.8725,0.8742
1260223,1600,0.8744,0.8749,0.8727,0.8745
1260224,1600,0.8738,0.8743,0.8707,0.8738
1260225,1600,0.8724,0.8731,0.871,0.8723
1260226,1600,0.8714,0.8734,0.8711,0.8714
1260227,1600,0.8748,0.8787,0.8746,0.8748
1260302,1600,0.8771,0.8787,0.8729,0.8771
1260303,1600,0.8721,0.8738,0.8699,0.8721
1260304,1600,0.8695,0.8712,0.8686,0.8696
1260305,1600,0.8702,0.871,0.8686,0.8702
1260306,1600,0.869,0.8692,0.8658,0.869
1260309,1600,0.8661,0.8676,0.8646,0.8662
1260310,1600,0.8653,0.8661,0.8642,0.8653
1260311,1600,0.8652,0.8656,0.8626,0.8652
1260312,1600,0.8625,0.8637,0.8618,0.8626
1260313,1600,0.8628,0.8653,0.8621,0.8628
1260316,1600,0.8632,0.8649,0.8625,0.8631
1260317,1600,0.8636,0.8645,0.8631,0.8636
1260318,1600,0.8637,0.865,0.8628,0.8638
1260319,1600,0.8641,0.8648,0.8611,0.8642
1260320,1600,0.8623,0.8677,0.8615,0.8623
1260323,1600,0.8672,0.8678,0.8632,0.8671
1260324,1600,0.8645,0.8657,0.8638,0.8646
1260325,1600,0.8657,0.8667,0.8648,0.8657
1260326,1600,0.8651,0.8662,0.8638,0.8651
1260327,1600,0.8649,0.8674,0.8647,0.8649
1260330,1600,0.8681,0.8698,0.8671,0.868
1260331,1600,0.8698,0.8742,0.8676,0.8697
1260401,1600,0.8738,0.874,0.8709,0.8739
1260402,1600,0.8712,0.8733,0.8709,0.8712
1260403,1600,0.8723,0.8731,0.8717,0.8723
1260406,1600,0.8728,0.8729,0.8716,0.8728
1260407,1600,0.8721,0.874,0.8712,0.872
1260408,1600,0.8722,0.8723,0.8686,0.872
1260409,1600,0.8705,0.8713,0.8702,0.8705
1260410,1600,0.8705,0.8719,0.8703,0.8705
1260413,1600,0.8717,0.8722,0.8697,0.8716
1260414,1600,0.8705,0.8713,0.8684,0.8704
1260415,1600,0.8691,0.8698,0.8685,0.8691
1260416,1600,0.8698,0.8712,0.869,0.8698
1260417,1600,0.871,0.8723,0.8704,0.871
1260420,1600,0.8706,0.8716,0.8701,0.8707
1260421,1600,0.8709,0.8719,0.8694,0.8709
1260422,1600,0.8692,0.8694,0.8673,0.8693
1260423,1600,0.8671,0.8678,0.8654,0.867
1260424,1600,0.8675,0.8682,0.8667,0.8676
1260427,1600,0.8662,0.8674,0.8656,0.8662
1260428,1600,0.8659,0.8677,0.8654,0.8659
1260429,1600,0.8664,0.8673,0.866,0.8664
1260430,1600,0.8662,0.8665,0.863,0.8662
1260501,1600,0.8622,0.8639,0.862,0.8623
1260504,1600,0.8633,0.8646,0.8628,0.8633
1260505,1600,0.864,0.8642,0.8624,0.864
1260506,1600,0.8634,0.8648,0.8627,0.8635
1260507,1600,0.8643,0.8646,0.8635,0.8643
1260508,1600,0.8653,0.8655,0.8639,0.8653
1260511,1600,0.8656,0.8663,0.8628,0.8656
1260512,1600,0.8658,0.8697,0.8652,0.8657
1260513,1600,0.8668,0.8676,0.865,0.8668
1260514,1600,0.8659,0.8668,0.8656,0.8661
1260515,1600,0.871,0.8727,0.8701,0.8709
1260518,1600,0.8725,0.8729,0.8679,0.8725
1260519,1600,0.8674,0.8687,0.8656,0.8677
1260520,1600,0.8663,0.8666,0.8643,0.8664
1260521,1600,0.8651,0.8657,0.8639,0.8653
1260522,1600,0.8649,0.8652,0.863,0.8649
1260525,1600,0.8634,0.8636,0.8622,0.8635
1260526,1600,0.8622,0.8648,0.8621,0.862
1260527,1600,0.8648,0.8666,0.8647,0.8648
1260528,1600,0.8657,0.8673,0.8657,0.8659
1260529,1600,0.8665,0.8681,0.8655,0.8664
1260601,1600,0.866,0.8661,0.8641,0.866
1260602,1600,0.8642,0.8649,0.8634,0.8644
1260603,1600,0.8637,0.8642,0.863,0.8638
1260604,1600,0.8646,0.8656,0.864,0.8646
1260605,1600,0.8649,0.8655,0.8631,0.8649
1260608,1600,0.8639,0.8651,0.8631,0.864
1260609,1600,0.8646,0.8647,0.8628,0.8645
1260610,1600,0.8624,0.8633,0.862,0.8624
1260611,1600,0.863,0.8644,0.8624,0.8631
1260612,1600,0.8629,0.8636,0.8624,0.8629
1260615,1600,0.8627,0.8652,0.8624,0.8627
1260616,1600,0.864,0.8651,0.8639,0.864
1260617,1600,0.8647,0.8656,0.8643,0.8647
1260618,1600,0.8649,0.8676,0.8647,0.8651
1260619,1600,0.8679,0.868,0.8658,0.8679
1260622,1600,0.8678,0.8679,0.8623,0.8679
1260623,1600,0.8625,0.8634,0.8615,0.8626
1260624,1600,0.862,0.8628,0.8603,0.862
1260625,1600,0.8625,0.8626,0.861,0.8625
1260626,1600,0.8613,0.865,0.8611,0.8613
1260629,1600,0.8627,0.8632,0.8611,0.8627
1260630,1600,0.8614,0.8623,0.8606,0.8614
1260701,1600,0.8613,0.8618,0.8573,0.8613
1260702,1600,0.8568,0.8573,0.8547,0.8565
1260703,1600,0.8563,0.8574,0.8561,0.8561
1260706,1600,0.8565,0.8569,0.8545,0.8565
1260707,1600,0.8542,0.8553,0.8533,0.8542
1260708,1600,0.8541,0.8554,0.8526,0.8542
1260709,1600,0.8525,0.854,0.8517,0.8525
1260710,1600,0.8524,0.8525,0.8509,0.8523
1260713,1600,0.8518,0.854,0.8515,0.8519
1260714,1600,0.8527,0.8544,0.8516,0.8527
1260715,1600,0.8529,0.8534,0.8471,0.8527
1260716,1600,0.8472,0.8492,0.8468,0.8469
1260717,1600,0.849,0.8513,0.849,0.8492
1260720,1600,0.8499,0.8505,0.8483,0.8499
1260721,1600,0.8499,0.8538,0.849,0.8498
1260722,1600,0.8522,0.854,0.8519,0.8522
1260723,1600,0.8532,0.8546,0.8528,0.8532
1260724,1600,0.8545,0.8553,0.8531,0.8546
1260727,1600,0.8535,0.8558,0.8535,0.8535
1260728,1600,0.8555,0.8567,0.8545,0.8554
1260729,1600,0.8569,0.8574,0.8562,0.8569
1260730,1600,0.8578,0.8585,0.8558,0.8578
1260731,1600,0.8561,0.8565,0.8543,0.856
1260803,1600,0.8555,0.857,0.8553,0.8556
1260804,1600,0.857,0.8573,0.8559,0.857
1260805,1600,0.8573,0.8578,0.8567,0.8573
1260806,1600,0.858,0.8582,0.8562,0.858
1260807,1600,0.8564,0.8579,0.8562,0.8565
1260810,1600,0.8566,0.8568,0.8537,0.8566
1260811,1600,0.8546,0.8551,0.8539,0.8545
1260812,1600,0.8545,0.8546,0.8531,0.8544
1260813,1600,0.854,0.8553,0.8538,0.8539
1260814,1600,0.8549,0.8551,0.8539,0.8549
1260817,1600,0.8544,0.8559,0.8542,0.8544
1260818,1600,0.8547,0.856,0.8546,0.8548
1260819,1600,0.8552,0.8574,0.8551,0.8552
1260820,1600,0.8584,0.8585,0.8562,0.8583
1260821,1600,0.8567,0.8575,0.856,0.8566
1260824,1600,0.8556,0.8561,0.855,0.8556
1260825,1600,0.8556,0.8561,0.8546,0.8555
1260826,1600,0.8554,0.8574,0.8552,0.8554
1260827,1600,0.8572,0.8579,0.8569,0.8572
1260828,1600,0.857,0.8576,0.8554,0.8571
1260831,1600,0.8559,0.8574,0.8553,0.8558
1260901,1600,0.8574,0.8574,0.856,0.8574
1260902,1600,0.8576,0.8593,0.8567,0.8576
1260903,1600,0.8592,0.8608,0.8584,0.8592
1260904,1600,0.8595,0.8597,0.8582,0.8595
1260907,1600,0.8591,0.8595,0.8584,0.8591
1260908,1600,0.8583,0.8588,0.8571,0.8583
1260909,1600,0.8585,0.8595,0.8581,0.8585
1260910,1600,0.8586,0.8599,0.8583,0.8586
1260911,1600,0.8594,0.8596,0.8578,0.8594
1260914,1600,0.8571,0.8573,0.8554,0.8571
1260915,1600,0.8554,0.8565,0.8551,0.8554
1260916,1600,0.8564,0.8581,0.8559,0.8564
1260917,1600,0.8569,0.8607,0.8561,0.857
1260918,1600,0.8591,0.8594,0.8573,0.8591
1260921,1600,0.8572,0.8581,0.8572,0.8573
1260922,1600,0.8574,0.8581,0.8568,0.8574
