1041118,1600,44.43,44.49,44.07,44.38
1041119,1600,44.49,44.92,44.47,44.78
1041122,1600,44.75,44.97,44.74,44.95
1041123,1600,44.88,44.92,44.72,44.75
1041124,1600,44.93,45.05,44.79,45.05
1041126,1600,45.25,45.6,45.06,45.29
1041129,1600,45.1,45.5,45.08,45.4
1041130,1600,45.37,45.41,44.82,45.12
1041201,1600,45.28,45.59,45.26,45.38
1041202,1600,45.55,45.57,44.68,44.95
1041203,1600,45.04,46.0,44.8,45.6
1041206,1600,45.39,45.47,45.11,45.17
1041207,1600,45.3,45.32,45.07,45.11
1041208,1600,43.8,44.02,43.36,44.01
1041209,1600,43.75,43.9,43.2,43.78
1041210,1600,43.37,43.6,43.31,43.44
1041213,1600,43.61,44.01,43.51,43.91
1041214,1600,43.76,43.8,43.51,43.55
1041215,1600,44.1,44.17,43.92,43.99
1041216,1600,43.99,44.05,43.58,43.68
1041217,1600,43.93,44.22,43.78,44.19
1041220,1600,44.33,44.37,44.13,44.34
1041221,1600,44.13,44.24,44.05,44.22
1041222,1600,44.2,44.23,43.89,44.02
1041223,1600,44.17,44.35,44.05,44.27
1041227,1600,44.29,44.56,44.27,44.48
1041228,1600,44.42,44.47,44.29,44.37
1041229,1600,43.92,44.02,43.35,43.66
1041230,1600,43.5,43.88,43.49,43.83
1041231,1600,43.85,43.94,43.73,43.8
1050103,1600,42.98,43.17,42.74,43.02
1050104,1600,42.8,42.91,42.46,42.74
1050105,1600,42.75,42.88,42.6,42.67
1050106,1600,42.48,42.56,42.07,42.15
1050107,1600,42.09,42.39,41.7,41.84
1050110,1600,41.99,42.07,41.89,41.95
1050111,1600,42.21,42.28,42.12,42.21
1050112,1600,42.52,42.79,42.48,42.6
1050113,1600,42.39,42.6,42.34,42.6
1050114,1600,42.19,42.32,42.13,42.32
1050118,1600,42.22,42.38,42.15,42.32
1050119,1600,42.65,42.65,42.2,42.26
1050120,1600,42.12,42.32,42.11,42.25
1050121,1600,42.32,42.82,42.29,42.74
1050124,1600,42.74,42.82,42.67,42.77
1050125,1600,42.53,42.56,42.1,42.24
1050126,1600,42.59,42.78,42.56,42.69
1050127,1600,42.48,42.65,42.4,42.62
1050128,1600,42.71,42.73,42.43,42.69
1050131,1600,42.21,42.3,41.96,42.22
1050201,1600,42.09,42.14,41.95,42.1
1050202,1600,42.22,42.23,42.02,42.16
1050203,1600,41.56,41.74,41.5,41.68
1050204,1600,41.59,41.65,41.39,41.47
1050207,1600,41.55,41.55,41.21,41.27
1050208,1600,41.19,41.4,41.05,41.26
1050209,1600,41.03,41.36,41.02,41.31
1050210,1600,41.53,41.84,41.45,41.75
1050211,1600,41.89,42.16,41.83,42.08
1050214,1600,42.42,42.63,42.32,42.55
1050215,1600,42.4,42.6,42.34,42.58
1050216,1600,42.32,42.6,42.2,42.52
1050217,1600,42.52,42.81,42.51,42.73
1050218,1600,42.71,42.82,42.64,42.75
1050222,1600,43.39,43.63,43.2,43.57
1050223,1600,43.29,43.55,43.15,43.42
1050224,1600,43.48,43.48,43.2,43.33
1050225,1600,43.41,43.55,43.22,43.5
1050228,1600,43.68,43.74,43.52,43.53
1050301,1600,43.3,43.37,43.1,43.22
1050302,1600,43.16,43.35,43.08,43.25
1050303,1600,43.06,43.13,42.9,42.97
1050304,1600,43.31,43.52,43.31,43.38
1050307,1600,43.32,43.51,43.26,43.47
1050308,1600,43.71,44.08,43.59,44.03
1050309,1600,43.95,44.2,43.92,44.02
1050310,1600,44.15,44.25,44.0,44.2
1050311,1600,44.31,44.67,44.28,44.43
1050314,1600,44.26,44.26,43.95,44.03
1050315,1600,44.23,44.23,43.93,44.06
1050316,1600,44.29,44.35,44.2,44.31
1050317,1600,43.97,43.97,43.67,43.82
1050318,1600,43.61,43.95,43.6,43.89
1050321,1600,43.21,43.25,42.87,43.09
1050322,1600,43.21,43.22,42.55,42.65
1050323,1600,42.6,42.67,42.35,42.42
1050324,1600,42.51,42.54,42.37,42.39
1050328,1600,42.46,42.58,42.41,42.54
1050329,1600,42.61,42.63,42.54,42.56
1050330,1600,42.65,42.81,42.56,42.61
1050331,1600,42.87,42.87,42.7,42.82
1050401,1600,42.6,42.62,42.45,42.62
1050404,1600,42.43,42.43,42.23,42.4
1050405,1600,42.49,42.54,42.38,42.45
1050406,1600,42.49,42.72,42.49,42.63
1050407,1600,42.77,42.81,42.53,42.57
1050408,1600,42.48,42.71,42.46,42.69
1050411,1600,42.84,42.96,42.74,42.78
1050412,1600,42.7,42.84,42.61,42.84
1050413,1600,42.76,42.95,42.68,42.9
1050414,1600,42.45,42.48,42.16,42.31
1050415,1600,42.38,42.56,42.36,42.4
1050418,1600,42.55,42.78,42.52,42.69
1050419,1600,42.79,43.36,42.72,43.28
1050420,1600,43.21,43.52,43.19,43.4
1050421,1600,43.42,43.43,43.14,43.19
1050422,1600,43.46,43.5,43.31,43.39
1050425,1600,43.35,43.45,43.22,43.44
1050426,1600,43.69,43.7,43.5,43.64
1050427,1600,43.53,43.54,43.12,43.2
1050428,1600,43.16,43.27,42.99,43.0
1050429,1600,43.18,43.61,43.18,43.35
1050502,1600,43.13,43.17,42.81,42.88
1050503,1600,42.75,42.8,42.58,42.76
1050504,1600,42.87,42.92,42.73,42.9
1050505,1600,42.96,42.96,42.71,42.91
1050506,1600,42.43,42.63,42.34,42.52
1050509,1600,42.54,42.61,42.48,42.55
1050510,1600,42.71,42.79,42.58,42.64
1050511,1600,42.55,42.83,42.51,42.69
1050512,1600,42.41,42.48,41.97,42.16
1050513,1600,42.12,42.12,41.83,41.95
1050516,1600,41.77,41.9,41.77,41.88
1050517,1600,41.95,42.05,41.83,41.86
1050518,1600,41.99,42.11,41.83,42.05
1050519,1600,42.0,42.05,41.87,41.98
1050520,1600,41.76,41.83,41.61,41.65
1050523,1600,41.69,41.75,41.55,41.62
1050524,1600,41.83,41.83,41.65,41.73
1050525,1600,41.79,41.9,41.69,41.87
1050526,1600,41.73,41.81,41.65,41.69
1050527,1600,41.81,41.96,41.74,41.88
1050531,1600,41.34,41.69,41.33,41.65
1050601,1600,41.41,41.65,41.4,41.53
1050602,1600,41.92,42.28,41.91,42.1
1050603,1600,42.33,42.39,42.17,42.17
1050606,1600,42.56,42.65,42.45,42.48
1050607,1600,42.48,42.48,42.31,42.38
1050608,1600,42.45,42.56,42.24,42.34
1050609,1600,42.24,42.4,42.03,42.27
1050610,1600,42.25,42.72,42.12,42.62
1050613,1600,42.82,43.01,42.7,42.78
1050614,1600,42.66,42.7,42.58,42.6
1050615,1600,42.69,42.89,42.67,42.74
1050616,1600,43.3,43.55,43.17,43.46
1050617,1600,43.78,43.85,43.61,43.63
1050620,1600,43.94,43.94,43.66,43.66
1050621,1600,43.58,43.82,43.42,43.81
1050622,1600,43.66,43.76,43.53,43.72
1050623,1600,43.84,44.13,43.78,44.02
1050624,1600,43.96,44.06,43.68,43.9
1050627,1600,43.9,43.93,43.73,43.91
1050628,1600,43.64,43.64,43.37,43.45
1050629,1600,43.49,43.7,43.46,43.63
1050630,1600,43.63,43.77,43.36,43.44
1050701,1600,43.4,43.4,42.59,42.7
1050705,1600,42.34,42.34,42.06,42.28
1050706,1600,42.36,42.38,42.24,42.25
1050707,1600,42.47,42.56,42.05,42.36
1050708,1600,42.32,42.4,42.12,42.26
1050711,1600,42.33,42.57,42.28,42.54
1050712,1600,42.61,42.64,42.4,42.64
1050713,1600,42.35,42.38,42.25,42.35
1050714,1600,42.33,42.36,41.8,41.9
1050715,1600,41.76,42.07,41.7,42.05
1050718,1600,41.96,42.17,41.94,42.01
1050719,1600,41.88,42.0,41.81,41.89
1050720,1600,42.16,42.25,42.05,42.2
1050721,1600,42.43,42.51,42.33,42.46
1050722,1600,42.45,42.48,42.34,42.45
1050725,1600,42.46,42.56,42.43,42.51
1050726,1600,42.28,42.37,42.14,42.25
1050727,1600,42.3,42.5,42.3,42.44
1050728,1600,42.46,42.79,42.46,42.75
1050729,1600,42.83,42.96,42.79,42.82
1050801,1600,43.08,43.17,42.99,43.13
1050802,1600,43.07,43.15,42.99,43.14
1050803,1600,43.38,43.62,43.35,43.53
1050804,1600,43.68,43.82,43.63,43.68
1050805,1600,43.71,43.75,43.56,43.6
1050808,1600,43.52,43.55,43.27,43.35
1050809,1600,43.27,43.35,43.17,43.34
1050810,1600,43.5,43.66,43.45,43.65
1050811,1600,43.9,44.62,43.86,44.45
1050812,1600,44.49,44.72,44.43,44.49
1050815,1600,44.19,44.27,43.98,44.13
1050816,1600,44.06,44.57,44.05,44.55
1050817,1600,44.26,44.3,43.72,43.91
1050818,1600,43.94,44.14,43.82,43.83
1050819,1600,43.77,43.88,43.49,43.6
1050822,1600,43.84,43.95,43.66,43.7
1050823,1600,43.84,43.9,43.71,43.76
1050824,1600,43.94,43.96,43.41,43.59
1050825,1600,43.76,43.81,43.6,43.73
1050826,1600,43.78,43.9,43.51,43.61
1050829,1600,43.81,43.96,43.56,43.57
1050830,1600,42.96,43.07,42.81,43.01
1050831,1600,43.1,43.4,43.03,43.4
1050901,1600,43.93,44.4,43.85,44.22
1050902,1600,44.24,44.36,44.09,44.25
1050906,1600,44.42,44.42,44.19,44.27
1050907,1600,44.41,44.49,44.29,44.33
1050908,1600,44.72,44.78,44.47,44.6
1050909,1600,44.67,44.87,44.66,44.84
1050912,1600,44.68,44.89,44.62,44.89
1050913,1600,44.62,44.62,44.36,44.56
1050914,1600,44.82,44.96,44.66,44.96
1050915,1600,45.24,45.47,45.13,45.42
1050916,1600,45.8,45.88,45.55,45.82
1050919,1600,46.27,46.73,46.22,46.25
1050920,1600,46.52,46.52,46.22,46.23
1050921,1600,46.58,47.13,46.55,47.06
1050922,1600,46.84,46.84,46.22,46.36
1050923,1600,46.2,46.3,45.92,46.28
1050926,1600,45.84,46.61,45.84,46.57
1050927,1600,46.14,46.33,45.66,46.25
1050928,1600,46.3,46.89,46.16,46.8
1050929,1600,46.86,47.23,46.83,47.1
1050930,1600,47.09,47.2,46.65,46.7
1051003,1600,46.62,46.63,46.38,46.42
1051004,1600,46.67,46.73,46.3,46.45
1051005,1600,46.38,46.53,46.14,46.36
1051006,1600,46.62,47.26,46.62,47.21
1051007,1600,46.99,47.48,46.94,47.36
1051010,1600,47.31,47.44,47.09,47.37
1051011,1600,47.4,47.72,47.36,47.39
1051012,1600,47.53,47.64,46.82,46.85
1051013,1600,46.89,47.06,46.6,47.02
1051014,1600,46.49,46.83,46.41,46.8
1051017,1600,47.26,47.37,47.19,47.26
1051018,1600,47.09,47.18,46.93,47.0
1051019,1600,46.51,46.51,46.04,46.34
1051020,1600,46.33,46.34,45.83,45.98
1051021,1600,46.12,46.56,45.91,46.52
1051024,1600,46.39,46.73,46.31,46.39
1051025,1600,46.93,47.19,46.9,47.06
1051026,1600,47.09,47.21,46.89,46.93
1051027,1600,47.4,47.42,47.1,47.18
1051028,1600,46.87,47.26,46.82,47.22
1051031,1600,47.02,47.04,46.33,46.4
1051101,1600,46.07,46.07,45.65,45.73
1051102,1600,45.99,46.23,45.9,46.13
1051103,1600,46.06,46.08,45.75,45.96
1051104,1600,45.93,46.07,45.32,45.51
1051107,1600,45.67,45.82,45.46,45.77
1051108,1600,45.83,46.1,45.82,45.91
1051109,1600,46.12,46.65,46.03,46.56
1051110,1600,46.78,46.82,46.36,46.48
1051111,1600,46.55,46.8,46.44,46.8
1051114,1600,46.56,46.81,46.51,46.62
1051115,1600,46.8,46.83,46.53,46.66
1051116,1600,47.29,47.78,47.22,47.78
1051117,1600,48.23,48.58,48.17,48.48
1051118,1600,48.5,48.61,48.2,48.46
1051121,1600,48.69,49.02,48.5,48.99
1051122,1600,49.02,49.34,48.85,49.32
1051123,1600,48.8,49.25,48.24,49.15
1051125,1600,49.45,49.99,49.3,49.42
1051128,1600,49.3,49.75,49.26,49.74
1051129,1600,49.57,49.98,49.38,49.8
1051130,1600,49.36,49.5,49.06,49.1
1051201,1600,49.63,50.29,49.58,50.17
1051202,1600,49.93,50.34,49.89,50.32
1051205,1600,50.43,50.8,50.29,50.78
1051206,1600,50.38,50.95,50.21,50.89
1051207,1600,51.22,51.5,51.1,51.32
1051208,1600,51.34,51.95,51.26,51.9
1051209,1600,52.31,52.9,52.03,52.4
1051212,1600,53.09,53.76,52.25,52.56
1051213,1600,52.2,53.23,51.56,51.65
1051214,1600,50.95,51.2,50.25,50.35
1051215,1600,50.48,50.79,50.11,50.24
1051216,1600,50.32,50.59,49.93,50.09
1051219,1600,50.58,50.75,50.12,50.22
1051220,1600,50.35,50.4,49.0,49.04
1051221,1600,49.12,49.45,48.8,49.37
1051222,1600,49.51,50.3,49.47,50.14
1051223,1600,50.1,50.46,50.08,50.12
1051227,1600,50.65,50.7,50.5,50.64
1051228,1600,51.51,51.61,51.18,51.47
1051229,1600,51.48,51.58,50.92,51.47
1051230,1600,51.19,51.72,51.17,51.58
1060103,1600,52.29,53.18,52.23,53.12
1060104,1600,52.87,53.34,52.62,53.3
1060105,1600,52.56,52.72,52.1,52.34
1060106,1600,53.14,53.87,53.04,53.72
1060109,1600,53.46,54.99,53.31,54.6
1060110,1600,53.96,54.38,53.76,54.06
1060111,1600,54.24,54.77,54.07,54.53
1060112,1600,54.21,54.64,54.01,54.43
1060113,1600,54.55,55.56,54.51,55.44
1060117,1600,55.25,55.87,55.03,55.26
1060118,1600,54.64,54.73,54.01,54.07
1060119,1600,54.96,55.71,54.95,55.59
1060120,1600,56.12,56.6,55.02,55.2
1060123,1600,55.59,55.9,55.26,55.77
1060124,1600,55.5,55.73,55.27,55.73
1060125,1600,56.22,56.53,55.74,56.14
1060126,1600,55.53,55.91,55.27,55.88
1060127,1600,55.96,56.23,55.47,55.63
1060130,1600,55.97,56.7,55.95,56.68
1060131,1600,56.57,57.05,56.53,56.7
1060201,1600,56.79,56.9,56.08,56.7
1060202,1600,57.04,57.3,56.67,56.98
1060203,1600,57.07,57.2,56.25,56.5
1060206,1600,56.76,57.15,56.65,56.72
1060207,1600,55.88,55.92,54.33,54.6
1060208,1600,54.7,55.08,54.41,54.83
1060209,1600,55.72,56.45,55.55,56.18
1060210,1600,55.74,55.74,54.42,54.79
1060213,1600,54.64,54.9,53.55,53.72
1060214,1600,53.94,54.53,53.68,54.49
1060215,1600,54.3,54.3,53.33,53.76
1060216,1600,53.42,54.54,53.42,54.52
1060217,1600,54.67,55.2,54.6,54.96
1060221,1600,55.14,55.34,55.0,55.12
1060222,1600,54.97,55.35,54.86,55.34
1060223,1600,55.08,55.11,54.55,54.64
1060224,1600,55.21,55.71,55.03,55.64
1060227,1600,55.26,55.32,55.01,55.22
1060228,1600,55.43,56.07,55.3,56.07
1060301,1600,56.02,56.42,55.92,56.1
1060302,1600,56.15,56.82,55.99,56.74
1060303,1600,56.48,56.54,56.2,56.28
1060306,1600,56.41,56.45,54.96,55.23
1060307,1600,55.33,55.33,54.55,54.95
1060308,1600,54.21,54.27,53.56,53.97
1060309,1600,54.6,54.78,54.13,54.24
1060310,1600,53.22,53.97,53.15,53.83
1060313,1600,54.09,54.46,53.92,54.31
1060314,1600,54.23,55.0,54.2,54.87
1060315,1600,55.41,55.44,54.98,55.12
1060316,1600,55.15,55.34,54.49,55.34
1060317,1600,55.28,55.33,54.93,55.12
1060320,1600,55.01,55.4,54.98,55.17
1060321,1600,54.71,55.28,54.4,54.83
1060322,1600,54.75,54.93,54.6,54.75
1060323,1600,54.36,54.85,54.24,54.7
1060324,1600,55.15,55.83,55.1,55.71
1060327,1600,56.18,56.55,56.18,56.39
1060328,1600,56.56,56.63,55.92,56.06
1060329,1600,56.34,57.15,56.25,57.07
1060330,1600,57.98,58.7,57.81,58.6
1060331,1600,58.07,58.31,57.56,58.1
1060403,1600,58.62,58.93,58.4,58.47
1060404,1600,58.44,58.76,58.18,58.33
1060405,1600,58.64,58.71,58.0,58.66
1060406,1600,58.97,59.34,58.85,59.28
1060407,1600,58.67,58.82,58.22,58.59
1060410,1600,59.48,59.65,58.95,59.6
1060411,1600,59.52,59.85,59.0,59.01
1060412,1600,59.45,59.71,59.15,59.43
1060413,1600,59.13,59.6,58.87,59.5
1060417,1600,60.38,61.3,60.2,61.09
1060418,1600,61.25,61.93,61.06,61.85
1060419,1600,61.96,63.95,61.9,63.75
1060420,1600,63.39,63.45,60.44,60.96
1060421,1600,62.51,63.28,61.78,63.2
1060424,1600,62.35,62.53,61.6,61.65
1060425,1600,62.86,63.18,62.18,62.78
1060426,1600,63.04,63.79,63.04,63.65
1060427,1600,62.84,64.0,62.77,62.96
1060428,1600,63.9,65.27,63.83,65.09
1060501,1600,65.68,65.83,64.98,65.16
1060502,1600,65.6,66.57,65.56,66.55
1060503,1600,67.14,67.14,65.33,66.46
1060504,1600,66.76,67.67,66.22,67.48
1060505,1600,67.51,68.01,67.06,67.99
1060508,1600,67.2,67.61,66.75,67.56
1060509,1600,68.54,69.72,68.45,69.68
1060510,1600,69.27,70.49,69.27,70.38
1060511,1600,71.98,72.15,71.0,71.03
1060512,1600,71.84,72.26,70.2,71.12
1060515,1600,68.68,69.3,67.32,67.41
1060516,1600,68.32,68.86,67.87,68.61
1060517,1600,69.51,70.17,68.07,68.15
1060518,1600,68.69,69.1,67.36,67.46
1060519,1600,65.76,66.05,64.7,65.58
1060522,1600,64.42,65.42,63.8,65.3
1060523,1600,65.99,67.16,65.91,66.38
1060524,1600,64.83,65.16,63.22,64.06
1060525,1600,64.12,64.76,63.76,64.7
1060526,1600,65.01,65.1,63.75,65.1
1060530,1600,65.2,66.24,65.0,65.11
1060531,1600,65.53,65.59,63.58,64.23
1060601,1600,62.15,62.97,61.8,62.56
1060602,1600,63.1,63.59,62.53,63.5
1060605,1600,63.82,64.19,63.12,63.29
1060606,1600,62.58,62.67,62.16,62.55
1060607,1600,61.54,62.85,61.35,62.28
1060608,1600,61.5,61.53,60.43,60.91
1060609,1600,61.17,61.38,59.71,60.45
1060612,1600,60.78,60.84,59.98,60.03
1060613,1600,58.1,58.65,55.81,55.92
1060614,1600,56.65,56.91,55.05,55.62
1060615,1600,57.12,57.62,56.33,57.32
1060616,1600,57.3,57.93,56.43,57.68
1060619,1600,56.85,57.25,56.15,56.36
1060620,1600,56.64,57.48,56.16,57.3
1060621,1600,56.62,58.77,56.62,58.33
1060622,1600,58.17,58.61,57.66,57.73
1060623,1600,57.27,58.3,57.27,57.99
1060626,1600,58.25,58.33,57.42,58.28
1060627,1600,58.71,59.26,57.68,57.68
1060628,1600,58.15,58.19,57.35,57.54
1060629,1600,58.0,59.78,58.0,59.52
1060630,1600,60.87,61.35,60.68,61.23
1060703,1600,61.96,62.37,61.88,62.18
1060705,1600,62.48,62.63,61.44,62.5
1060706,1600,62.46,63.2,62.05,63.02
1060707,1600,62.84,63.05,62.46,62.63
1060710,1600,62.13,62.5,61.99,62.02
1060711,1600,62.83,63.98,62.7,63.81
1060712,1600,64.65,65.19,63.01,64.92
1060713,1600,65.09,65.68,64.11,65.55
1060714,1600,65.9,66.42,65.7,65.85
1060717,1600,64.79,65.22,63.67,63.95
1060718,1600,64.75,64.75,62.34,62.9
1060719,1600,62.57,64.24,62.48,64.03
1060720,1600,63.4,63.97,62.4,62.54
1060721,1600,63.19,63.25,61.21,61.71
1060724,1600,60.63,61.23,59.83,61.14
1060725,1600,61.34,61.6,60.56,61.55
1060726,1600,61.35,62.36,60.93,62.0
1060727,1600,63.53,63.61,62.55,62.9
1060728,1600,62.78,63.34,62.75,63.11
1060731,1600,63.12,63.35,62.44,63.16
1060801,1600,62.92,64.46,62.92,64.32
1060802,1600,64.74,65.22,64.4,64.75
1060803,1600,64.0,64.33,63.55,64.12
1060804,1600,64.87,64.98,64.0,64.28
1060807,1600,64.47,64.81,64.25,64.5
1060808,1600,63.98,64.57,63.85,63.97
1060809,1600,64.56,65.13,64.39,64.63
1060810,1600,64.02,64.38,62.97,63.25
1060811,1600,63.58,64.1,62.24,62.71
1060814,1600,62.39,62.9,62.02,62.25
1060815,1600,61.95,62.27,61.68,62.01
1060816,1600,62.63,62.89,62.24,62.49
1060817,1600,62.32,62.35,60.96,61.03
1060818,1600,61.49,61.5,60.3,61.04
1060821,1600,62.09,62.48,61.8,62.44
1060822,1600,62.05,62.2,61.61,62.05
1060823,1600,62.56,62.68,61.75,61.83
1060824,1600,61.98,62.06,61.45,61.75
1060825,1600,61.88,62.0,61.58,61.77
1060828,1600,61.8,61.8,60.83,61.0
1060829,1600,61.0,61.09,60.32,60.94
1060830,1600,61.49,61.66,61.09,61.42
1060831,1600,62.0,62.3,61.73,62.29
1060901,1600,61.95,62.29,61.48,62.14
1060905,1600,63.2,63.63,63.06,63.36
1060906,1600,63.22,63.52,62.83,62.86
1060907,1600,61.87,61.92,60.99,61.25
1060908,1600,60.52,60.77,60.28,60.64
1060911,1600,58.85,59.25,57.91,58.5
1060912,1600,58.65,59.09,58.18,58.32
1060913,1600,58.6,58.93,57.97,58.62
1060914,1600,58.59,58.72,57.08,57.19
1060915,1600,57.2,57.79,56.66,57.4
1060918,1600,57.47,58.39,57.42,58.23
1060919,1600,58.02,58.11,56.84,56.92
1060920,1600,57.81,58.24,57.2,57.26
1060921,1600,57.35,58.09,57.22,57.95
1060922,1600,58.7,58.75,57.99,58.5
1060925,1600,58.15,58.76,57.78,58.5
1060926,1600,58.5,58.97,58.25,58.74
1060927,1600,59.22,59.86,58.73,59.81
1060928,1600,59.88,60.27,59.57,59.79
1060929,1600,59.52,59.63,58.98,59.47
1061002,1600,59.8,59.88,59.03,59.15
1061003,1600,57.93,58.14,56.91,57.11
1061004,1600,57.47,57.52,55.55,56.37
1061005,1600,56.94,57.02,56.32,56.92
1061006,1600,56.28,57.02,55.63,56.99
1061009,1600,57.46,57.5,56.72,57.2
1061010,1600,56.55,57.28,56.48,57.0
1061011,1600,57.3,57.52,56.7,56.88
1061012,1600,56.74,57.49,56.65,57.49
1061013,1600,58.25,58.6,57.94,58.57
1061016,1600,58.93,59.18,58.72,59.17
1061017,1600,59.0,59.1,58.12,58.65
1061018,1600,58.82,59.03,58.26,58.59
1061019,1600,59.04,59.65,59.02,59.41
1061020,1600,59.45,59.48,58.65,58.78
1061023,1600,57.88,58.19,57.52,57.76
1061024,1600,57.2,58.26,56.87,58.17
1061025,1600,57.83,58.78,57.55,58.76
1061026,1600,59.03,59.45,58.98,59.29
1061027,1600,59.43,59.57,59.04,59.4
1061030,1600,60.05,60.65,59.88,59.9
1061031,1600,59.59,60.36,59.57,60.24
1061101,1600,61.03,61.55,60.68,61.36
1061102,1600,61.47,62.19,61.47,61.92
1061103,1600,61.81,62.5,61.65,62.3
1061106,1600,62.17,62.34,61.85,61.89
1061107,1600,62.35,62.48,61.97,62.04
1061108,1600,61.94,62.08,60.87,61.11
1061109,1600,62.12,63.13,61.94,62.95
1061110,1600,62.7,62.82,62.06,62.49
1061113,1600,61.93,62.25,61.77,62.19
1061114,1600,62.31,62.52,61.46,61.63
1061115,1600,61.34,62.07,61.25,61.84
1061116,1600,62.16,62.3,61.27,61.31
1061117,1600,61.4,61.78,61.34,61.78
1061120,1600,62.06,62.25,61.56,61.77
1061121,1600,62.25,62.52,62.03,62.27
1061122,1600,62.64,63.07,62.25,62.5
1061124,1600,63.48,63.68,63.31,63.5
1061127,1600,63.46,63.74,63.32,63.7
1061128,1600,63.6,63.71,62.82,63.57
1061129,1600,63.37,63.39,63.08,63.16
1061130,1600,64.07,64.43,63.9,64.39
1061201,1600,64.2,64.55,63.99,64.12
1061204,1600,64.03,64.14,63.56,64.12
1061205,1600,64.25,64.42,63.36,63.81
1061206,1600,63.08,63.45,62.29,62.69
1061207,1600,62.64,62.78,61.99,62.73
1061208,1600,63.08,63.34,61.87,62.05
1061211,1600,62.18,62.6,62.07,62.57
1061212,1600,62.41,62.56,62.17,62.52
1061213,1600,62.1,62.57,61.88,62.48
1061214,1600,62.29,62.47,62.04,62.12
1061215,1600,62.21,62.22,60.93,61.0
1061218,1600,60.85,61.11,60.65,61.04
1061219,1600,61.2,61.83,61.18,61.8
1061220,1600,61.64,61.8,61.45,61.62
1061221,1600,61.58,61.7,61.27,61.38
1061222,1600,61.45,61.8,61.32,61.65
1061226,1600,62.24,62.45,61.87,61.98
1061227,1600,62.3,62.46,62.17,62.22
1061228,1600,62.97,63.05,62.69,62.9
1061229,1600,62.91,63.25,62.88,63.21
1070103,1600,63.58,64.02,62.0,62.28
1070104,1600,62.07,62.5,61.52,61.65
1070105,1600,60.75,60.78,59.66,60.17
1070108,1600,60.38,60.54,59.85,60.48
1070109,1600,60.14,61.09,60.06,60.85
1070110,1600,60.46,60.82,60.06,60.59
1070111,1600,60.7,61.07,60.53,60.63
1070112,1600,61.0,62.28,60.9,62.17
1070116,1600,62.2,62.3,61.74,61.97
1070117,1600,61.97,62.9,61.97,62.64
1070118,1600,62.99,63.16,62.15,62.26
1070119,1600,62.52,63.13,62.27,63.0
1070122,1600,63.01,63.48,62.65,62.72
1070123,1600,63.68,64.29,63.67,64.23
1070124,1600,63.71,64.41,63.37,64.33
1070125,1600,64.8,64.88,63.98,64.06
1070126,1600,64.16,64.31,63.76,64.17
1070129,1600,63.85,64.29,63.66,63.77
1070130,1600,63.92,64.23,63.83,64.22
1070131,1600,63.99,64.98,63.95,64.83
1070201,1600,65.45,65.63,65.06,65.22
1070202,1600,64.76,64.8,63.8,64.28
1070205,1600,64.68,64.69,64.24,64.31
1070206,1600,65.05,65.1,64.53,64.79
1070207,1600,64.78,65.15,64.48,64.63
1070208,1600,64.92,65.61,64.83,65.52
1070209,1600,65.27,66.38,65.22,66.12
1070212,1600,66.0,66.11,65.41,65.67
1070213,1600,66.13,66.34,65.55,65.84
1070214,1600,66.23,66.66,65.97,66.37
1070215,1600,66.22,66.53,65.71,66.41
1070216,1600,65.94,66.39,65.76,66.36
1070220,1600,66.1,66.1,65.0,65.31
1070221,1600,65.31,67.71,65.2,67.35
1070222,1600,67.44,67.56,66.97,67.15
1070223,1600,67.35,68.29,67.35,67.72
1070226,1600,67.97,68.23,67.63,68.1
1070227,1600,67.34,68.33,65.07,65.41
1070228,1600,66.73,66.93,65.54,66.48
1070301,1600,66.23,66.75,65.58,65.82
1070302,1600,64.59,65.0,63.34,63.71
1070305,1600,63.12,63.78,62.62,62.93
1070306,1600,63.66,64.37,63.46,64.15
1070307,1600,64.14,64.64,63.55,64.3
1070308,1600,64.79,65.04,64.43,64.48
1070309,1600,64.82,65.22,64.15,64.25
1070312,1600,64.54,64.74,63.96,64.37
1070313,1600,64.29,64.69,63.57,63.72
1070314,1600,63.34,64.06,63.09,63.94
1070315,1600,64.03,64.46,63.88,63.98
1070316,1600,64.54,64.99,64.38,64.62
1070319,1600,64.88,64.94,64.63,64.74
1070320,1600,64.93,65.54,64.93,65.27
1070321,1600,65.54,65.9,65.12,65.82
1070322,1600,65.78,66.13,65.6,65.76
1070323,1600,65.79,65.9,64.9,65.15
1070326,1600,65.36,65.97,65.36,65.84
1070327,1600,65.88,65.97,65.5,65.7
1070328,1600,66.14,66.48,65.77,66.05
1070329,1600,65.97,66.0,64.93,65.65
1070330,1600,65.74,66.21,65.49,65.74
1070402,1600,65.74,66.14,65.03,65.85
1070403,1600,65.67,66.22,65.65,65.83
1070404,1600,66.09,66.98,66.0,66.81
1070405,1600,66.7,66.96,66.59,66.86
1070409,1600,66.88,67.2,66.46,66.53
1070410,1600,67.16,67.55,66.98,67.16
1070411,1600,67.26,67.5,66.81,67.08
1070412,1600,67.06,67.25,66.48,66.99
1070413,1600,67.49,67.97,67.19,67.84
1070416,1600,68.14,68.5,67.68,68.4
1070417,1600,68.31,68.48,67.98,68.0
1070418,1600,68.1,68.45,67.95,68.38
1070419,1600,68.0,68.04,67.25,67.53
1070420,1600,68.58,68.73,68.35,68.7
1070423,1600,68.41,68.65,68.04,68.26
1070424,1600,68.45,68.5,67.43,67.73
1070425,1600,67.85,68.06,67.66,67.89
1070426,1600,67.43,67.43,66.5,66.87
1070427,1600,66.84,67.57,66.84,67.56
1070430,1600,67.2,67.52,67.04,67.09
1070501,1600,66.98,67.0,66.54,66.69
1070502,1600,66.34,66.75,66.11,66.66
1070503,1600,66.87,67.62,66.68,67.49
1070504,1600,67.74,68.43,67.74,68.19
1070507,1600,68.42,68.46,68.02,68.25
1070508,1600,67.95,68.02,67.53,67.88
1070509,1600,67.81,67.84,66.92,67.45
1070510,1600,67.04,67.11,65.8,66.0
1070511,1600,66.13,66.66,66.13,66.45
1070514,1600,66.63,66.65,66.0,66.28
1070515,1600,65.89,66.73,65.88,66.54
1070516,1600,66.37,66.37,65.32,65.6
1070517,1600,65.44,65.6,64.72,65.06
1070518,1600,65.07,65.67,64.85,65.52
1070521,1600,65.29,65.76,65.06,65.67
1070522,1600,65.7,65.82,65.16,65.2
1070523,1600,65.52,65.89,65.45,65.54
1070524,1600,65.46,65.46,64.52,64.75
1070525,1600,64.96,65.08,64.73,64.94
1070529,1600,65.12,65.57,64.94,65.07
1070530,1600,64.86,64.86,64.6,64.72
1070531,1600,65.16,65.58,65.07,65.54
1070601,1600,65.7,66.54,65.7,66.44
1070604,1600,66.61,66.76,66.3,66.54
1070605,1600,66.7,66.7,66.23,66.37
1070606,1600,66.11,66.55,65.88,66.41
1070607,1600,66.27,66.4,65.16,65.26
1070608,1600,64.88,65.02,63.74,64.22
1070611,1600,64.34,64.87,64.34,64.7
1070612,1600,64.52,64.53,63.91,64.1
1070613,1600,63.95,64.65,63.9,64.53
1070614,1600,64.16,64.8,63.95,64.6
1070615,1600,64.43,64.94,64.4,64.85
1070618,1600,65.19,65.25,64.82,64.95
1070619,1600,64.79,65.56,64.75,65.48
1070620,1600,65.42,65.51,64.6,64.71
1070621,1600,64.73,65.02,64.13,64.56
1070622,1600,64.9,64.98,64.43,64.78
1070625,1600,64.48,64.74,64.22,64.43
1070626,1600,64.2,64.25,63.39,63.62
1070627,1600,63.54,63.89,63.43,63.67
1070628,1600,63.98,64.38,63.91,64.26
1070629,1600,64.29,64.64,64.15,64.27
1070702,1600,64.51,65.23,64.51,65.02
1070703,1600,65.06,65.06,64.58,64.74
1070705,1600,64.99,65.0,63.92,64.42
1070706,1600,64.18,64.97,63.88,64.96
1070709,1600,65.0,65.68,64.99,65.38
1070710,1600,65.7,65.86,65.36,65.61
1070711,1600,65.82,65.82,65.34,65.44
1070712,1600,65.89,66.29,65.45,66.02
1070713,1600,66.08,66.23,65.67,66.03
1070716,1600,66.19,66.19,65.67,65.82
1070717,1600,65.66,66.08,65.65,65.75
1070718,1600,66.11,66.8,65.9,66.62
1070719,1600,66.7,67.12,66.61,67.01
1070720,1600,67.13,68.0,67.12,67.58
1070723,1600,67.8,67.8,67.31,67.47
1070724,1600,67.72,68.0,67.3,67.47
1070725,1600,67.19,67.22,66.35,66.9
1070726,1600,66.46,66.8,64.73,65.65
1070727,1600,65.28,65.61,64.97,65.41
1070730,1600,65.37,65.92,65.07,65.77
1070731,1600,66.18,66.39,65.12,65.79
1070801,1600,65.5,66.06,65.38,65.93
1070802,1600,65.96,66.01,65.55,65.89
1070803,1600,65.85,66.92,65.85,66.69
1070806,1600,66.66,66.67,66.21,66.52
1070807,1600,66.09,66.58,65.91,66.48
1070808,1600,66.73,67.54,66.18,66.77
1070809,1600,65.95,65.95,65.24,65.46
1070810,1600,65.44,66.96,65.44,66.57
1070813,1600,66.45,66.52,66.18,66.26
1070814,1600,66.25,66.5,65.95,66.29
1070815,1600,65.78,66.43,65.57,66.13
1070816,1600,65.49,65.81,63.47,64.68
1070817,1600,64.56,65.73,64.56,65.01
1070820,1600,65.06,65.4,64.78,65.12
1070821,1600,65.18,65.3,64.73,65.07
1070822,1600,65.22,65.53,65.17,65.4
1070823,1600,65.64,65.8,65.13,65.31
1070824,1600,65.42,66.21,65.31,66.11
1070827,1600,66.01,66.05,65.86,65.98
1070828,1600,65.95,66.1,65.48,65.59
1070829,1600,65.89,66.2,65.73,66.07
1070830,1600,65.87,66.1,65.63,65.8
1070831,1600,66.61,66.77,66.46,66.52
1070904,1600,66.74,67.66,66.59,67.44
1070905,1600,67.35,67.62,67.18,67.56
1070906,1600,67.92,69.08,67.89,68.86
1070907,1600,69.26,70.0,69.0,69.39
1070910,1600,69.96,69.96,68.73,69.62
1070911,1600,69.86,70.7,69.52,70.52
1070912,1600,70.5,70.63,69.83,70.46
1070913,1600,70.07,70.26,69.61,70.08
1070914,1600,69.9,70.97,69.86,69.99
1070917,1600,70.4,71.24,70.35,70.97
1070918,1600,71.2,72.0,70.4,71.7
1070919,1600,71.74,71.8,71.25,71.43
1070920,1600,72.15,73.1,71.95,72.72
1070921,1600,72.65,73.0,71.47,72.34
1070924,1600,72.57,72.63,71.82,72.28
1070925,1600,71.82,72.59,71.64,72.33
1070926,1600,72.25,72.93,71.85,72.0
1070927,1600,72.65,72.8,72.17,72.7
1070928,1600,73.19,73.8,72.74,73.51
1071001,1600,73.49,73.98,73.29,73.9
1071002,1600,72.45,72.68,71.63,72.35
1071003,1600,72.25,72.65,71.35,71.9
1071004,1600,71.8,73.06,71.24,72.87
1071005,1600,72.8,73.64,71.88,73.4
1071008,1600,72.66,72.89,72.28,72.53
1071009,1600,72.29,73.3,72.1,73.09
1071010,1600,73.6,73.82,72.63,73.36
1071011,1600,73.98,74.59,73.28,73.91
1071012,1600,73.93,74.59,73.75,74.59
1071015,1600,74.99,75.2,74.49,75.14
1071016,1600,74.87,75.45,73.78,75.12
1071017,1600,75.31,75.66,74.31,74.5
1071018,1600,75.38,76.0,75.33,76.0
1071019,1600,76.09,76.29,74.54,75.7
1071022,1600,74.09,74.77,73.84,74.6
1071023,1600,75.11,75.26,74.63,75.23
1071024,1600,74.84,75.59,74.79,75.52
1071025,1600,75.94,76.17,75.66,76.03
1071026,1600,76.87,77.74,76.67,77.69
1071029,1600,78.27,78.32,77.65,78.12
1071030,1600,77.66,77.66,77.01,77.35
1071031,1600,77.78,78.95,76.89,78.62
1071101,1600,78.4,78.9,77.5,77.93
1071102,1600,78.55,79.9,77.48,79.83
1071105,1600,79.68,80.24,79.11,79.75
1071106,1600,81.03,81.52,80.7,81.43
1071107,1600,83.21,83.24,81.33,82.24
1071108,1600,82.43,83.63,81.73,82.23
1071109,1600,81.79,82.63,81.22,82.18
1071112,1600,80.41,80.44,78.25,78.3
1071113,1600,79.4,79.93,77.86,79.12
1071114,1600,80.21,80.68,79.91,80.28
1071115,1600,79.18,79.5,77.3,77.95
1071116,1600,78.34,78.85,77.17,77.75
1071119,1600,77.84,78.0,76.11,77.24
1071120,1600,78.03,80.04,77.3,79.47
1071121,1600,79.3,79.55,78.56,79.36
1071123,1600,80.04,81.61,80.02,81.25
1071126,1600,82.25,82.25,81.13,81.3
1071127,1600,80.7,80.89,79.81,80.1
1071128,1600,79.42,79.87,78.76,79.57
1071129,1600,79.28,79.33,78.28,78.28
1071130,1600,78.35,78.6,76.98,77.32
1071203,1600,77.39,78.3,77.3,78.28
1071204,1600,78.63,79.62,78.57,79.4
1071205,1600,79.25,79.25,78.19,78.63
1071206,1600,77.92,79.65,77.8,79.37
1071207,1600,79.01,79.6,78.19,78.6
1071210,1600,79.15,80.3,79.13,80.0
1071211,1600,79.75,80.46,78.68,78.84
1071212,1600,80.05,80.92,79.94,80.49
1071213,1600,79.59,79.62,78.3,78.5
1071214,1600,78.41,78.57,77.82,78.52
1071217,1600,78.13,78.79,77.81,78.13
1071218,1600,79.59,79.59,78.82,79.25
1071219,1600,79.23,79.57,78.98,79.24
1071220,1600,78.91,79.11,78.36,78.67
1071221,1600,80.16,80.32,79.92,80.1
1071224,1600,80.21,80.63,80.14,80.14
1071226,1600,81.06,81.67,81.0,81.52
1071227,1600,81.88,82.17,81.37,81.56
1071228,1600,82.38,83.02,82.35,83.0
1071231,1600,82.74,82.83,81.98,82.46
1080102,1600,83.56,85.14,83.44,84.86
1080103,1600,84.87,85.94,84.6,85.57
1080104,1600,85.34,85.55,84.43,85.13
1080107,1600,85.24,85.26,84.57,84.77
1080108,1600,86.28,87.13,86.16,86.78
1080109,1600,86.56,87.2,86.3,86.55
1080110,1600,86.42,88.46,86.41,88.25
1080111,1600,88.04,88.76,87.85,88.58
1080114,1600,89.45,89.94,89.0,89.54
1080115,1600,89.6,90.35,87.91,87.99
1080116,1600,88.17,88.66,86.32,86.7
1080117,1600,87.5,87.98,86.47,86.5
1080118,1600,87.17,87.46,86.51,87.42
1080122,1600,86.14,88.44,85.77,88.17
1080123,1600,87.16,88.67,86.73,87.89
1080124,1600,89.72,90.25,89.13,90.08
1080125,1600,90.93,91.08,89.5,90.3
1080128,1600,90.96,91.89,90.75,91.75
1080129,1600,91.36,91.72,90.81,91.15
1080130,1600,90.71,92.58,90.45,92.06
1080131,1600,90.92,91.66,90.74,91.4
1080201,1600,91.75,91.87,89.22,89.35
1080204,1600,88.51,89.52,88.05,89.1
1080205,1600,87.9,88.69,87.3,87.68
1080206,1600,89.0,89.65,88.75,88.95
1080207,1600,88.95,89.94,88.81,89.85
1080208,1600,90.0,91.0,89.99,91.0
1080211,1600,91.04,91.46,90.44,91.33
1080212,1600,90.83,91.4,89.1,89.33
1080213,1600,88.88,89.99,88.67,89.44
1080214,1600,89.37,90.11,89.35,89.71
1080215,1600,90.3,90.32,88.63,89.15
1080219,1600,91.23,91.94,90.98,91.58
1080220,1600,90.84,93.31,90.75,93.24
1080221,1600,93.44,94.22,93.02,93.25
1080222,1600,93.56,93.72,92.35,93.39
1080225,1600,93.71,93.71,92.11,92.74
1080226,1600,92.43,93.97,92.18,93.71
1080227,1600,94.56,94.94,93.97,94.78
1080228,1600,94.92,96.08,94.47,95.99
1080229,1600,95.82,96.24,95.22,96.18
1080303,1600,97.52,97.74,96.68,97.24
1080304,1600,97.28,97.45,94.39,95.18
1080305,1600,96.1,98.15,95.93,97.72
1080306,1600,96.98,97.29,95.26,96.5
1080307,1600,96.6,96.68,95.72,96.09
1080310,1600,95.0,96.34,94.88,95.87
1080311,1600,96.52,96.98,95.19,95.99
1080312,1600,96.58,97.38,96.24,97.01
1080313,1600,98.5,98.73,97.73,98.34
1080314,1600,98.03,99.53,98.01,98.71
1080317,1600,99.32,100.44,98.0,99.17
1080318,1600,99.35,99.51,96.35,96.5
1080319,1600,95.65,96.0,92.5,93.04
1080320,1600,90.73,91.65,89.8,89.91
1080324,1600,90.65,91.51,89.78,90.1
1080325,1600,91.91,92.79,91.28,92.73
1080326,1600,93.11,94.0,93.06,93.8
1080327,1600,93.51,94.09,92.95,93.46
1080328,1600,91.96,92.45,91.11,91.88
1080331,1600,92.56,92.65,89.96,90.41
1080401,1600,87.86,88.31,86.05,86.86
1080402,1600,87.28,89.76,87.22,89.27
1080403,1600,88.59,89.75,87.64,89.42
1080404,1600,89.48,90.34,89.31,90.25
1080407,1600,90.73,91.75,90.6,91.17
1080408,1600,90.04,90.49,89.72,90.35
1080409,1600,90.3,92.37,90.24,92.29
1080410,1600,92.32,92.56,90.97,91.77
1080411,1600,91.41,91.83,90.55,91.3
1080414,1600,91.32,91.98,91.06,91.11
1080415,1600,91.73,91.91,91.38,91.66
1080416,1600,93.19,93.71,93.01,93.27
1080417,1600,93.31,93.51,92.48,92.56
1080418,1600,89.72,90.7,88.96,90.62
1080421,1600,90.79,90.87,89.89,90.25
1080422,1600,90.42,91.35,90.12,90.27
1080423,1600,89.0,89.55,88.44,89.22
1080424,1600,88.26,89.91,87.1,87.22
1080425,1600,88.33,88.42,87.19,87.27
1080428,1600,87.88,88.4,87.67,87.69
1080429,1600,86.73,86.9,85.54,85.81
1080430,1600,86.1,86.79,85.11,86.65
1080501,1600,84.51,84.56,83.57,83.99
1080502,1600,83.96,84.79,83.96,84.58
1080505,1600,85.68,86.29,85.29,86.27
1080506,1600,86.33,87.15,86.33,86.63
1080507,1600,85.47,86.1,85.2,85.82
1080508,1600,86.76,87.4,86.42,87.24
1080509,1600,87.37,87.59,85.84,87.42
1080512,1600,86.92,87.64,86.79,86.99
1080513,1600,85.12,86.14,84.92,85.39
1080514,1600,85.73,85.81,85.1,85.2
1080515,1600,87.13,87.6,86.23,87.0
1080516,1600,88.52,89.3,88.02,89.1
1080519,1600,89.57,89.7,88.87,89.39
1080520,1600,89.61,91.17,89.56,90.9
1080521,1600,90.61,92.11,90.61,91.96
1080522,1600,91.2,91.63,90.5,90.98
1080523,1600,91.33,92.0,90.96,91.23
1080527,1600,89.84,89.87,89.16,89.36
1080528,1600,88.49,89.19,88.35,89.14
1080529,1600,86.94,87.6,86.1,86.51
1080530,1600,87.34,87.69,86.96,87.45
1080602,1600,87.47,88.55,87.44,87.96
1080603,1600,86.65,87.35,86.52,86.88
1080604,1600,87.09,87.42,86.56,86.65
1080605,1600,85.97,86.81,85.66,86.45
1080606,1600,87.79,89.06,87.69,89.06
1080609,1600,88.54,89.24,87.84,87.99
1080610,1600,86.28,86.76,85.11,85.55
1080611,1600,86.57,87.1,86.35,87.02
1080612,1600,85.19,86.07,84.83,85.6
1080613,1600,85.33,86.02,85.04,85.83
1080616,1600,88.2,88.2,86.97,87.01
1080617,1600,86.72,87.52,86.7,87.25
1080618,1600,87.66,88.41,87.13,88.28
1080619,1600,89.37,89.5,88.39,88.42
1080620,1600,88.82,89.61,88.77,88.95
1080623,1600,87.01,87.4,86.74,87.09
1080624,1600,87.3,88.24,87.24,87.47
1080625,1600,87.43,87.58,86.13,87.42
1080626,1600,89.5,90.86,89.5,90.61
1080627,1600,90.98,91.82,90.65,91.47
1080630,1600,91.89,91.9,90.53,91.4
1080701,1600,92.53,93.35,92.34,92.66
1080702,1600,92.28,93.33,92.13,93.17
1080703,1600,92.17,92.68,91.68,92.06
1080707,1600,90.57,91.65,90.16,91.23
1080708,1600,90.55,91.15,89.93,90.86
1080709,1600,90.88,91.64,90.86,91.5
1080710,1600,92.4,93.6,92.35,93.53
1080711,1600,95.03,95.5,94.25,95.16
1080714,1600,95.09,96.2,94.92,95.91
1080715,1600,96.55,97.5,95.43,96.17
1080716,1600,96.27,96.5,94.34,94.44
1080717,1600,94.7,96.51,94.07,94.22
1080718,1600,94.22,94.93,94.02,94.17
1080721,1600,94.75,95.15,94.45,95.12
1080722,1600,95.73,95.86,92.94,93.06
1080723,1600,92.64,92.79,90.44,90.57
1080724,1600,91.08,91.62,90.25,91.33
1080725,1600,91.03,91.73,90.53,91.69
1080728,1600,91.39,92.0,90.94,91.73
1080729,1600,91.23,91.27,90.09,90.59
1080730,1600,88.86,89.72,88.08,89.52
1080731,1600,91.05,91.14,89.87,90.08
1080801,1600,89.5,90.45,89.37,89.57
1080804,1600,89.08,89.68,88.04,88.14
1080805,1600,87.28,87.41,85.94,86.08
1080806,1600,86.8,87.0,86.01,86.64
1080807,1600,86.64,86.78,85.51,86.09
1080808,1600,84.35,84.68,83.83,84.43
1080811,1600,84.46,84.49,80.6,81.13
1080812,1600,80.74,81.01,79.55,80.52
1080813,1600,80.59,81.85,80.39,81.56
1080814,1600,80.71,81.1,79.28,79.35
1080815,1600,78.0,78.32,76.61,77.63
1080818,1600,78.53,79.17,77.81,78.8
1080819,1600,77.92,80.52,77.7,80.43
1080820,1600,80.15,80.66,78.81,80.06
1080821,1600,82.01,84.54,81.75,82.3
1080822,1600,81.49,81.96,80.94,81.08
1080825,1600,81.1,81.34,80.56,80.93
1080826,1600,80.61,81.85,80.6,81.23
1080827,1600,81.89,82.05,81.0,81.36
1080828,1600,83.06,83.13,81.27,82.18
1080829,1600,82.31,82.47,81.58,81.71
1080902,1600,78.16,79.79,77.98,79.2
1080903,1600,79.19,79.69,78.34,78.89
1080904,1600,79.7,79.78,78.14,78.39
1080905,1600,80.08,80.27,78.17,78.98
1080908,1600,80.1,80.35,78.47,78.86
1080909,1600,77.39,77.82,76.24,76.49
1080910,1600,76.88,76.93,74.1,74.22
1080911,1600,73.61,73.93,72.51,73.08
1080912,1600,74.26,75.58,73.48,75.55
1080915,1600,76.64,77.73,76.0,77.56
1080916,1600,76.69,77.29,76.3,76.79
1080917,1600,77.11,85.6,77.09,85.46
1080918,1600,85.49,90.78,81.9,82.8
1080919,1600,85.58,86.44,84.0,85.98
1080922,1600,86.85,89.54,86.81,89.18
1080923,1600,88.87,89.1,86.72,88.32
1080924,1600,88.68,88.76,86.7,86.71
1080925,1600,87.12,87.8,85.01,86.45
1080926,1600,87.03,90.17,86.59,86.64
1080929,1600,87.06,92.0,86.97,89.57
1080930,1600,87.31,87.36,84.21,85.07
1081001,1600,86.23,88.05,85.18,85.97
1081002,1600,84.56,84.66,81.62,82.33
1081003,1600,81.23,83.44,81.05,82.59
1081006,1600,85.84,86.45,84.25,84.28
1081007,1600,87.18,87.7,85.53,87.27
1081008,1600,90.69,90.84,88.05,89.42
1081009,1600,87.29,90.58,86.54,89.9
1081010,1600,89.59,90.72,81.38,83.22
1081013,1600,83.61,83.9,80.92,81.99
1081014,1600,82.4,83.31,81.61,82.2
1081015,1600,82.2,84.39,82.08,83.31
1081016,1600,82.4,82.5,77.22,79.29
1081017,1600,77.12,80.78,75.0,77.21
1081020,1600,77.77,78.56,77.27,78.5
1081021,1600,75.9,76.94,74.89,76.03
1081022,1600,74.44,74.45,66.0,71.71
1081023,1600,69.64,72.19,69.5,70.65
1081024,1600,69.3,73.93,69.07,72.21
1081027,1600,71.13,73.61,70.72,72.18
1081028,1600,73.03,73.8,71.7,73.79
1081029,1600,75.05,76.36,73.61,74.0
1081030,1600,74.89,75.25,72.13,72.71
1081031,1600,72.62,72.87,70.6,71.34
1081103,1600,71.55,72.17,71.06,71.1
1081104,1600,73.15,75.69,72.85,75.48
1081105,1600,74.32,75.18,72.38,72.8
1081106,1600,74.36,74.98,71.67,72.22
1081107,1600,72.59,73.09,72.05,72.5
1081110,1600,74.8,74.92,72.96,73.58
1081111,1600,72.56,72.66,71.55,72.05
1081112,1600,71.45,71.89,69.77,70.0
1081113,1600,70.49,72.36,68.81,72.15
1081114,1600,73.39,74.26,72.76,73.3
1081117,1600,72.43,73.8,72.15,72.65
1081118,1600,72.38,73.46,72.13,72.51
1081119,1600,73.42,75.19,72.0,72.26
1081120,1600,73.15,74.2,72.43,73.45
1081121,1600,76.0,79.0,75.45,78.85
1081124,1600,80.45,81.72,80.38,80.91
1081125,1600,81.34,81.38,79.28,80.87
1081126,1600,80.52,80.77,79.33,80.38
1081128,1600,80.04,80.75,79.8,80.31
1081201,1600,77.15,77.34,75.57,75.65
1081202,1600,76.9,77.32,76.26,76.95
1081203,1600,76.0,77.14,75.14,76.18
1081204,1600,75.59,77.63,75.07,75.5
1081205,1600,74.3,74.81,72.91,74.52
1081208,1600,76.48,76.62,75.4,76.2
1081209,1600,75.56,76.85,75.3,76.33
1081210,1600,79.2,80.11,78.56,79.75
1081211,1600,81.58,81.94,80.49,80.65
1081212,1600,80.55,81.63,80.0,80.81
1081215,1600,81.33,83.03,81.23,82.6
1081216,1600,82.38,84.64,81.93,84.46
1081217,1600,85.26,86.91,84.8,85.43
1081218,1600,84.85,85.12,83.46,83.87
1081219,1600,82.65,82.87,82.01,82.63
1081222,1600,83.57,83.81,82.79,83.46
1081223,1600,82.93,83.39,81.59,82.63
1081224,1600,82.47,83.57,82.47,83.46
1081226,1600,83.52,85.97,83.12,85.6
1081229,1600,86.5,87.0,85.95,86.35
1081230,1600,85.94,86.15,85.28,85.9
1081231,1600,84.98,87.1,84.28,86.52
1090102,1600,85.93,86.61,85.84,86.23
1090105,1600,83.62,84.68,83.24,84.48
1090106,1600,83.37,85.7,83.0,85.13
1090107,1600,84.56,84.58,82.21,82.75
1090108,1600,84.4,84.89,83.75,84.46
1090109,1600,83.34,85.5,83.09,83.92
1090112,1600,81.72,82.04,80.26,80.76
1090113,1600,80.94,81.82,80.62,80.88
1090114,1600,80.57,81.09,79.36,79.79
1090115,1600,79.97,80.7,78.87,80.39
1090116,1600,82.2,83.0,81.74,82.71
1090120,1600,84.17,85.29,83.57,84.52
1090121,1600,84.05,84.39,82.98,84.15
1090122,1600,84.03,84.97,83.83,84.58
1090123,1600,86.57,88.94,86.07,88.53
1090126,1600,89.22,90.19,88.68,88.95
1090127,1600,88.4,88.84,88.01,88.38
1090128,1600,88.27,88.38,86.84,87.42
1090129,1600,86.68,89.55,86.28,89.5
1090130,1600,90.7,91.49,89.65,91.31
1090202,1600,89.88,92.58,88.62,88.84
1090203,1600,89.34,89.73,86.0,88.47
1090204,1600,88.89,89.5,88.52,89.18
1090205,1600,90.75,90.82,89.3,90.12
1090206,1600,89.15,90.14,89.15,89.59
1090209,1600,88.35,88.65,87.6,88.32
1090210,1600,89.66,90.37,89.18,90.21
1090211,1600,90.93,93.25,90.8,92.29
1090212,1600,93.04,93.74,92.52,93.17
1090213,1600,92.5,92.77,91.69,92.55
1090217,1600,95.23,95.85,94.89,95.45
1090218,1600,95.23,97.15,94.67,96.91
1090219,1600,95.91,96.57,95.43,95.77
1090220,1600,98.0,98.99,97.14,97.8
1090223,1600,96.59,98.22,95.89,97.73
1090224,1600,97.59,97.59,94.27,94.73
1090225,1600,94.73,96.41,92.81,93.15
1090226,1600,92.71,93.14,91.57,93.06
1090227,1600,94.31,94.53,91.03,92.63
1090302,1600,93.4,93.61,90.62,90.93
1090303,1600,90.85,91.04,88.94,90.04
1090304,1600,90.25,90.35,88.45,88.99
1090305,1600,89.92,92.17,89.23,91.99
1090306,1600,91.81,92.95,91.2,92.29
1090309,1600,92.29,92.33,89.57,90.57
1090310,1600,89.54,89.61,87.47,88.14
1090311,1600,88.49,89.83,87.78,89.22
1090312,1600,90.37,91.57,90.14,91.1
1090313,1600,91.87,91.89,90.5,91.3
1090316,1600,90.29,90.96,90.03,90.8
1090317,1600,90.26,90.59,89.75,90.04
1090318,1600,88.75,93.39,86.83,93.09
1090319,1600,93.41,94.77,92.91,94.35
1090320,1600,93.48,94.37,93.13,93.59
1090323,1600,93.44,93.91,91.95,92.08
1090324,1600,90.76,91.66,90.25,90.95
1090325,1600,90.87,92.63,90.34,91.98
1090326,1600,92.72,92.72,91.84,91.93
1090327,1600,90.83,91.26,90.41,90.69
1090330,1600,89.97,91.81,89.75,89.98
1090331,1600,90.38,90.85,89.58,90.28
1090401,1600,91.34,91.38,90.21,91.03
1090402,1600,88.75,89.36,87.92,88.8
1090403,1600,88.96,89.44,87.52,87.59
1090406,1600,86.4,86.44,84.97,85.27
1090407,1600,86.27,88.26,86.17,86.74
1090408,1600,87.18,87.52,86.26,86.61
1090409,1600,86.33,86.88,86.1,86.31
1090413,1600,88.03,88.45,87.6,87.88
1090414,1600,87.78,87.81,87.04,87.37
1090415,1600,87.42,87.94,87.23,87.5
1090416,1600,87.38,87.45,85.68,85.81
1090417,1600,85.75,86.37,84.92,85.22
1090420,1600,86.03,87.34,86.0,86.95
1090421,1600,87.85,87.88,86.33,86.89
1090422,1600,87.03,87.82,86.8,87.38
1090423,1600,87.71,89.37,87.62,88.8
1090424,1600,89.1,89.84,88.83,89.72
1090427,1600,89.33,89.79,88.94,89.01
1090428,1600,87.33,87.95,87.11,87.75
1090429,1600,88.31,88.78,87.67,88.33
1090430,1600,86.83,87.78,86.54,87.27
1090501,1600,86.75,87.49,86.69,86.95
1090504,1600,87.55,89.18,87.55,88.64
1090505,1600,89.71,89.73,87.88,88.25
1090506,1600,89.46,89.69,88.84,89.54
1090507,1600,90.13,90.3,89.24,89.44
1090508,1600,89.71,90.09,88.91,89.98
1090511,1600,89.64,90.01,89.5,89.69
1090512,1600,90.4,90.84,89.95,90.7
1090513,1600,90.44,91.5,90.31,91.09
1090514,1600,90.9,91.26,90.7,91.03
1090515,1600,91.15,91.81,91.1,91.55
1090518,1600,91.53,91.57,90.14,90.36
1090519,1600,90.64,91.35,90.57,90.96
1090520,1600,91.54,92.44,91.52,92.25
1090521,1600,92.35,93.86,91.93,93.85
1090522,1600,94.25,94.42,93.8,94.15
1090526,1600,92.95,93.84,92.85,93.76
1090527,1600,93.73,94.28,93.1,93.45
1090528,1600,94.14,94.83,93.8,94.24
1090529,1600,95.7,96.35,95.58,96.2
1090601,1600,96.47,96.76,95.63,95.73
1090602,1600,96.19,96.97,96.1,96.36
1090603,1600,95.9,96.21,94.31,94.41
1090604,1600,95.24,96.49,95.2,96.23
1090605,1600,94.24,94.79,93.57,93.71
1090608,1600,93.26,93.7,92.58,93.56
1090609,1600,94.27,94.39,93.44,93.83
1090610,1600,94.5,94.53,92.9,93.86
1090611,1600,93.13,94.53,93.0,93.7
1090612,1600,92.41,92.76,92.0,92.17
1090615,1600,91.9,91.9,90.9,91.1
1090616,1600,91.87,92.12,91.35,91.93
1090617,1600,91.61,92.39,90.15,92.35
1090618,1600,92.24,92.5,91.3,91.61
1090619,1600,91.81,92.23,91.58,91.9
1090622,1600,90.41,90.64,90.13,90.54
1090623,1600,90.66,91.03,89.95,90.92
1090624,1600,92.09,92.33,91.04,91.45
1090625,1600,92.12,92.33,91.72,92.31
1090626,1600,92.81,92.93,91.93,92.29
1090629,1600,92.32,92.4,91.71,92.04
1090630,1600,91.85,91.96,90.53,91.18
1090701,1600,92.31,93.0,92.0,92.39
1090702,1600,91.47,91.58,91.08,91.25
1090706,1600,90.48,90.93,90.36,90.76
1090707,1600,90.89,91.38,90.5,90.71
1090708,1600,90.11,91.04,88.82,89.27
1090709,1600,89.63,90.26,89.33,89.51
1090710,1600,89.3,89.77,89.16,89.58
1090713,1600,89.45,90.69,89.1,90.19
1090714,1600,90.86,91.11,90.59,90.81
1090715,1600,92.17,92.52,92.03,92.24
1090716,1600,92.0,92.12,91.55,91.98
1090717,1600,92.15,92.3,91.84,91.93
1090720,1600,93.61,93.8,92.91,93.28
1090721,1600,93.52,93.53,92.69,93.13
1090722,1600,92.82,93.82,92.73,93.44
1090723,1600,93.2,94.0,93.11,93.26
1090724,1600,93.48,93.71,93.33,93.41
1090727,1600,93.9,93.95,93.36,93.71
1090728,1600,92.74,92.82,91.65,92.11
1090729,1600,91.67,91.75,90.81,91.2
1090730,1600,91.55,92.0,91.44,91.62
1090731,1600,91.86,94.03,91.83,93.35
1090803,1600,94.14,94.49,93.65,93.87
1090804,1600,94.18,95.25,93.99,94.68
1090805,1600,94.88,95.05,94.01,94.78
1090806,1600,95.01,95.19,93.76,94.6
1090807,1600,94.32,94.64,93.6,93.75
1090810,1600,92.91,93.14,92.6,92.93
1090811,1600,92.68,92.97,92.41,92.79
1090812,1600,92.6,93.49,92.47,92.95
1090813,1600,93.85,94.05,93.45,93.72
1090814,1600,93.84,93.91,92.4,93.0
1090817,1600,91.49,91.86,91.28,91.61
1090818,1600,91.81,92.2,91.76,92.06
1090819,1600,91.68,92.78,91.66,92.53
1090820,1600,92.31,92.55,92.12,92.27
1090821,1600,93.63,93.8,93.4,93.65
1090824,1600,93.64,93.7,91.64,92.34
1090825,1600,93.4,93.46,92.49,92.76
1090826,1600,92.67,92.85,92.21,92.79
1090827,1600,92.8,93.31,92.38,93.19
1090828,1600,94.07,94.15,93.63,93.87
1090831,1600,93.14,93.5,92.92,93.4
1090901,1600,93.41,93.96,93.06,93.9
1090902,1600,94.7,96.26,94.57,96.19
1090903,1600,96.52,97.94,96.2,97.46
1090904,1600,97.14,97.83,96.0,97.53
1090908,1600,98.57,98.64,97.39,97.43
1090909,1600,97.98,98.36,96.85,97.08
1090910,1600,97.03,98.03,96.88,97.7
1090911,1600,98.96,99.33,98.27,98.78
1090914,1600,98.16,98.43,97.73,97.96
1090915,1600,97.75,99.1,97.56,98.9
1090916,1600,100.01,100.02,99.5,99.91
1090917,1600,99.66,100.08,99.04,99.34
1090918,1600,99.73,99.87,98.67,98.67
1090921,1600,97.95,98.62,97.73,98.36
1090922,1600,99.84,99.84,99.37,99.67
1090923,1600,99.16,99.89,98.68,98.83
1090924,1600,99.36,99.44,97.14,97.55
1090925,1600,97.07,97.5,96.77,97.0
1090928,1600,97.21,97.81,97.0,97.05
1090929,1600,97.19,97.73,96.95,97.43
1090930,1600,98.31,99.06,97.56,98.85
1091001,1600,98.84,98.86,97.88,97.89
1091002,1600,97.84,98.86,97.74,98.37
1091005,1600,98.48,99.84,98.36,99.82
1091006,1600,101.33,102.42,100.54,102.28
1091007,1600,102.29,102.52,101.83,102.36
1091008,1600,102.62,104.15,102.3,103.64
1091009,1600,103.06,103.25,102.37,102.84
1091012,1600,103.39,103.92,103.22,103.56
1091013,1600,103.7,104.5,103.46,104.26
1091014,1600,104.29,104.7,103.76,104.18
1091015,1600,103.27,103.95,102.6,102.86
1091016,1600,102.7,103.68,102.53,103.18
1091019,1600,103.16,104.26,102.75,104.23
1091020,1600,104.34,104.35,102.79,103.42
1091021,1600,103.38,104.46,103.24,103.75
1091022,1600,103.46,104.09,103.1,103.92
1091023,1600,104.5,104.58,102.96,103.49
1091026,1600,103.41,103.97,101.74,101.86
1091027,1600,101.89,102.06,101.22,101.85
1091028,1600,101.5,102.03,100.65,100.73
1091029,1600,101.72,102.76,101.5,102.69
1091030,1600,102.33,102.66,101.48,102.53
1091102,1600,103.5,104.25,103.25,103.95
1091103,1600,103.74,106.7,103.72,106.46
1091104,1600,107.11,107.68,106.43,107.1
1091105,1600,106.81,107.2,106.6,106.98
1091106,1600,107.38,108.04,107.06,107.43
1091109,1600,108.69,108.75,107.91,108.19
1091110,1600,108.03,108.78,107.7,108.39
1091111,1600,109.49,109.71,109.0,109.6
1091112,1600,109.16,109.56,108.12,108.21
1091113,1600,108.32,109.8,108.14,109.74
1091116,1600,110.7,112.16,110.65,111.63
1091117,1600,111.09,111.99,110.9,111.97
1091118,1600,112.69,113.09,111.8,112.25
1091119,1600,111.85,112.4,110.76,112.3
1091120,1600,111.74,112.94,111.54,112.94
1091123,1600,114.67,115.12,113.99,114.29
1091124,1600,114.73,114.81,113.97,114.73
1091125,1600,115.69,116.88,115.53,116.62
1091127,1600,113.08,115.81,113.02,115.06
1091130,1600,114.48,115.89,114.27,115.64
1091201,1600,117.3,117.93,116.78,117.38
1091202,1600,118.8,119.27,118.3,119.18
1091203,1600,118.57,119.54,118.03,118.7
1091204,1600,117.15,117.26,112.41,113.75
1091207,1600,111.51,114.22,111.44,113.11
1091208,1600,112.76,113.06,110.21,110.95
1091209,1600,111.6,112.48,109.38,110.84
1091210,1600,110.66,111.03,110.04,110.82
1091211,1600,110.6,110.82,108.72,109.32
1091214,1600,110.01,110.7,109.5,110.24
1091215,1600,109.94,110.57,109.39,110.21
1091216,1600,110.83,111.91,110.63,111.59
1091217,1600,109.47,109.98,107.28,107.34
1091218,1600,108.0,109.5,107.04,108.95
1091221,1600,109.17,109.3,106.82,106.95
1091222,1600,106.79,107.09,105.31,106.17
1091223,1600,106.65,107.45,106.3,106.55
1091224,1600,107.9,108.37,107.77,108.36
1091228,1600,108.64,108.78,107.91,108.55
1091229,1600,108.5,108.5,107.45,107.47
1091230,1600,106.64,107.44,106.4,106.93
1091231,1600,107.98,108.11,107.24,107.31
1100104,1600,109.82,110.14,109.31,109.8
1100105,1600,109.88,110.39,109.26,109.7
1100106,1600,110.71,111.77,110.41,111.51
1100107,1600,111.07,111.29,110.62,110.82
1100108,1600,111.52,111.58,110.26,111.37
1100111,1600,113.34,113.59,112.52,112.85
1100112,1600,112.38,113.05,110.14,110.49
1100113,1600,110.92,111.57,109.57,111.54
1100114,1600,111.51,112.37,110.79,112.03
1100115,1600,111.35,112.01,110.38,110.86
1100119,1600,110.95,111.75,110.83,111.52
1100120,1600,109.97,110.05,108.46,108.94
1100121,1600,108.48,108.78,106.61,107.37
1100122,1600,106.93,107.68,106.01,107.17
1100125,1600,107.44,107.72,107.07,107.48
1100126,1600,106.87,107.99,106.75,107.56
1100127,1600,107.53,108.8,106.16,106.53
1100128,1600,107.18,107.23,105.18,106.48
1100129,1600,105.88,106.3,105.27,105.96
1100201,1600,106.64,108.48,106.37,108.35
1100202,1600,109.16,109.6,108.61,109.13
1100203,1600,109.1,109.54,108.43,108.7
1100204,1600,106.79,106.8,103.75,104.37
1100205,1600,103.76,104.68,102.28,104.68
1100208,1600,104.41,105.14,104.0,104.04
1100209,1600,105.18,106.15,104.87,105.41
1100210,1600,105.13,105.5,104.11,105.12
1100211,1600,105.58,107.56,105.27,107.13
1100212,1600,106.08,107.1,105.57,107.04
1100216,1600,109.45,109.87,109.1,109.62
1100217,1600,109.66,110.01,108.87,109.25
1100218,1600,109.61,110.11,109.19,109.98
1100219,1600,109.32,110.39,108.81,109.47
1100222,1600,109.86,109.97,108.66,109.07
1100223,1600,108.84,108.91,107.65,107.89
1100224,1600,107.33,108.16,107.1,107.36
1100225,1600,106.7,108.7,106.6,108.31
1100226,1600,108.89,109.6,108.41,109.43
1100301,1600,109.48,109.9,108.97,109.43
1100302,1600,109.86,111.45,109.86,111.02
1100303,1600,111.46,112.18,111.18,111.63
1100304,1600,111.25,111.37,110.22,110.83
1100305,1600,111.13,111.75,110.8,110.81
1100308,1600,111.22,111.3,109.52,109.88
1100309,1600,109.16,110.16,109.04,109.72
1100310,1600,109.94,110.5,108.02,108.47
1100311,1600,108.28,108.65,107.86,108.6
1100312,1600,108.56,108.77,107.45,107.95
1100315,1600,108.16,108.56,107.82,108.36
1100316,1600,110.02,110.57,109.7,110.4
1100317,1600,110.18,110.46,109.55,109.59
1100318,1600,110.1,110.61,109.5,110.34
1100319,1600,108.28,110.29,107.85,108.28
1100322,1600,107.31,108.0,106.95,107.75
1100323,1600,107.5,108.5,107.34,108.32
1100324,1600,106.94,107.07,106.24,106.3
1100325,1600,107.0,107.25,106.48,106.78
1100326,1600,107.16,108.7,106.82,108.59
1100329,1600,108.87,109.17,108.4,108.75
1100330,1600,108.57,108.66,107.87,107.97
1100331,1600,109.44,109.5,108.85,108.95
1100401,1600,109.97,110.47,109.92,110.26
1100405,1600,110.56,110.98,110.27,110.89
1100406,1600,110.89,111.51,110.83,111.03
1100407,1600,111.85,112.93,111.77,112.49
1100408,1600,112.47,112.98,112.13,112.65
1100409,1600,113.09,114.07,112.74,113.64
1100412,1600,113.64,114.13,112.98,113.01
1100413,1600,113.12,113.16,112.06,112.69
1100414,1600,113.23,113.66,112.78,113.03
1100415,1600,112.9,113.71,112.85,113.65
1100416,1600,112.5,113.07,110.54,111.24
1100419,1600,110.88,111.36,110.67,111.15
1100420,1600,111.73,112.21,111.33,111.46
1100421,1600,111.82,112.64,111.48,112.31
1100422,1600,111.79,112.01,110.76,111.84
1100423,1600,111.26,113.3,111.09,113.19
1100426,1600,112.88,113.2,112.63,112.75
1100427,1600,112.43,114.82,112.34,114.63
1100428,1600,114.03,114.99,113.63,114.31
1100429,1600,113.85,114.52,113.84,114.28
1100430,1600,115.26,115.7,115.21,115.36
1100503,1600,115.91,116.28,115.53,115.73
1100504,1600,116.39,116.43,114.17,114.87
1100505,1600,113.58,115.24,113.31,115.09
1100506,1600,115.62,118.62,115.57,118.49
1100507,1600,117.64,118.88,116.74,118.27
1100510,1600,117.5,117.9,116.81,117.57
1100511,1600,119.46,120.87,118.97,120.66
1100512,1600,121.28,122.24,120.77,121.4
1100513,1600,121.29,121.71,120.1,120.56
1100514,1600,121.88,122.02,119.12,120.37
1100517,1600,120.55,121.12,119.29,119.36
1100518,1600,118.86,120.32,118.5,119.49
1100519,1600,118.19,118.43,116.08,116.63
1100520,1600,116.14,116.95,115.18,115.84
1100521,1600,115.05,116.24,114.51,115.22
1100524,1600,116.34,117.17,116.04,116.84
1100525,1600,117.16,117.52,116.82,117.36
1100526,1600,118.58,119.08,118.32,118.47
1100527,1600,118.16,119.04,118.14,118.69
1100528,1600,118.48,118.9,117.63,118.88
1100601,1600,119.88,120.25,119.63,119.91
1100602,1600,119.35,119.88,118.72,119.78
1100603,1600,119.16,119.39,117.48,117.96
1100604,1600,117.96,119.39,117.05,119.19
1100607,1600,118.73,121.8,118.62,121.49
1100608,1600,121.61,122.45,120.66,121.0
1100609,1600,120.48,120.99,119.51,120.56
1100610,1600,119.36,120.04,118.83,118.97
1100611,1600,119.88,120.41,119.33,120.01
1100614,1600,119.63,120.26,118.96,119.6
1100615,1600,119.71,121.03,119.48,120.99
1100616,1600,120.68,120.89,120.04,120.33
1100617,1600,121.64,122.41,121.49,121.9
1100618,1600,123.04,123.5,122.81,122.83
1100621,1600,123.09,123.11,120.36,120.39
1100622,1600,121.16,121.59,120.87,121.45
1100623,1600,120.89,121.02,119.77,120.95
1100624,1600,120.76,122.16,120.67,121.3
1100625,1600,122.75,123.13,122.49,122.76
1100628,1600,122.79,123.56,120.81,121.09
1100629,1600,121.05,121.82,120.02,121.27
1100630,1600,121.07,122.09,120.88,121.68
1100701,1600,120.91,121.03,116.98,117.04
1100702,1600,118.21,118.5,117.41,118.49
1100706,1600,117.67,117.72,116.3,116.51
1100707,1600,116.57,117.78,116.5,117.73
1100708,1600,117.39,117.41,116.1,117.21
1100709,1600,118.14,118.73,118.0,118.36
1100712,1600,117.83,118.2,116.97,117.34
1100713,1600,118.98,119.1,118.36,118.36
1100714,1600,118.26,119.13,117.59,118.3
1100715,1600,118.59,118.7,117.73,118.23
1100716,1600,116.69,116.79,115.95,116.67
1100719,1600,115.57,115.8,115.11,115.73
1100720,1600,115.75,116.74,115.48,116.65
1100721,1600,116.8,117.0,115.71,115.85
1100722,1600,115.95,117.5,115.91,116.86
1100723,1600,117.12,117.47,115.79,116.09
1100726,1600,116.38,116.47,115.3,115.52
1100727,1600,114.95,114.99,113.21,113.51
1100728,1600,113.48,113.93,113.08,113.78
1100729,1600,113.54,114.35,113.34,114.29
1100730,1600,114.36,115.73,114.08,115.49
1100802,1600,116.12,116.39,115.2,115.54
1100803,1600,115.88,116.44,115.81,115.99
1100804,1600,117.41,117.65,116.65,116.72
1100805,1600,117.01,117.1,116.35,116.98
1100806,1600,117.99,118.42,117.49,117.84
1100809,1600,117.76,117.85,117.23,117.4
1100810,1600,116.59,118.09,116.4,117.73
1100811,1600,117.74,118.14,116.58,117.34
1100812,1600,118.56,118.86,118.46,118.77
1100813,1600,118.82,118.89,118.36,118.74
1100816,1600,119.7,119.82,119.46,119.73
1100817,1600,119.75,119.97,119.6,119.75
1100818,1600,119.23,120.51,119.0,120.22
1100819,1600,120.65,120.99,120.11,120.39
1100820,1600,119.97,120.07,119.45,119.97
1100823,1600,119.91,120.07,119.42,119.78
1100824,1600,118.77,120.8,118.71,120.36
1100825,1600,121.12,121.38,120.67,121.36
1100826,1600,121.09,122.95,120.5,120.96
1100827,1600,121.2,121.45,120.42,121.01
1100830,1600,120.85,121.06,120.58,120.91
1100831,1600,121.77,122.19,121.46,122.08
1100901,1600,122.15,122.21,121.43,121.69
1100902,1600,122.38,122.48,121.89,122.29
1100903,1600,121.39,122.39,121.15,121.86
1100907,1600,122.91,123.06,122.63,122.7
1100908,1600,122.82,123.42,122.6,122.71
1100909,1600,122.44,122.88,121.38,121.56
1100910,1600,121.4,122.3,121.39,121.73
1100913,1600,121.63,122.11,121.39,121.62
1100914,1600,122.92,124.59,121.55,124.02
1100915,1600,123.97,124.29,123.43,123.94
1100916,1600,124.5,124.77,124.19,124.63
1100917,1600,125.03,125.03,124.27,124.54
1100920,1600,125.09,125.45,124.78,124.87
1100921,1600,124.77,126.17,124.16,126.01
1100922,1600,126.58,126.63,125.7,126.2
1100923,1600,126.2,126.66,125.81,126.3
1100924,1600,126.91,127.0,126.3,126.69
1100927,1600,126.9,126.91,126.48,126.72
1100928,1600,126.42,128.03,126.11,127.85
1100929,1600,127.93,128.24,127.52,127.95
1100930,1600,128.15,128.28,126.61,127.91
1101001,1600,127.91,129.07,127.91,128.91
1101004,1600,128.52,128.62,128.22,128.46
1101005,1600,130.11,131.12,129.87,130.99
1101006,1600,131.45,131.86,131.34,131.81
1101007,1600,132.6,132.67,129.51,130.37
1101008,1600,130.78,131.88,130.47,131.66
1101011,1600,131.28,132.33,130.98,132.29
1101012,1600,132.06,132.21,131.36,131.96
1101013,1600,132.73,134.31,132.63,134.07
1101014,1600,134.06,134.85,133.9,134.75
1101015,1600,134.24,134.46,133.07,133.68
1101018,1600,133.46,134.34,133.16,134.28
1101019,1600,130.46,131.59,129.75,130.11
1101020,1600,130.36,131.65,130.32,131.32
1101021,1600,131.08,131.59,128.72,129.47
1101022,1600,129.47,129.75,128.97,129.73
1101025,1600,131.16,131.38,130.21,130.85
1101026,1600,129.99,131.14,129.73,130.88
1101027,1600,129.93,130.0,128.79,129.52
1101028,1600,130.36,131.5,129.84,131.24
1101029,1600,131.48,132.82,131.06,132.62
1101101,1600,132.85,133.07,131.76,131.92
1101102,1600,132.44,132.59,131.88,132.49
1101103,1600,132.28,132.52,129.48,131.57
1101104,1600,134.64,136.13,134.24,136.03
1101105,1600,135.14,136.61,134.95,136.38
1101108,1600,135.92,137.79,135.53,137.78
1101109,1600,138.7,139.15,135.05,135.59
1101110,1600,137.03,137.28,135.15,137.24
1101111,1600,137.62,137.75,136.45,137.66
1101112,1600,135.89,136.31,132.82,133.69
1101115,1600,133.86,134.49,132.39,132.42
1101116,1600,132.24,132.38,129.83,130.97
1101117,1600,130.77,131.37,130.13,130.38
1101118,1600,131.82,132.78,131.55,132.09
1101119,1600,131.48,132.35,131.01,132.2
1101122,1600,132.13,133.6,131.69,133.48
1101123,1600,133.6,135.07,133.46,134.41
1101124,1600,134.36,134.7,133.74,134.18
1101126,1600,132.38,133.16,131.93,133.11
1101129,1600,133.19,133.75,132.33,133.51
1101130,1600,135.21,135.75,134.78,135.42
1101201,1600,135.71,136.14,134.96,135.38
1101202,1600,135.62,136.59,135.15,135.2
1101203,1600,136.62,138.11,136.48,138.07
1101206,1600,138.14,139.46,137.73,139.11
1101207,1600,139.46,139.54,136.46,136.5
1101208,1600,135.91,136.29,133.88,134.79
1101209,1600,135.69,136.16,134.88,135.37
1101210,1600,134.94,135.48,133.95,135.41
1101213,1600,136.26,136.64,135.86,136.05
1101214,1600,136.27,137.21,135.86,136.18
1101215,1600,135.34,135.93,134.68,134.7
1101216,1600,134.21,134.23,132.86,133.81
1101217,1600,133.97,134.63,133.22,134.2
1101220,1600,135.13,135.44,134.33,135.11
1101221,1600,135.17,135.78,134.79,135.32
1101222,1600,135.6,135.7,134.97,135.05
1101223,1600,134.26,134.9,133.93,134.66
1101227,1600,134.96,135.06,134.49,135.02
1101228,1600,136.85,137.34,136.62,137.22
1101229,1600,137.38,138.05,137.19,137.71
1101230,1600,137.58,137.71,136.94,137.03
1101231,1600,137.78,138.77,137.72,138.72
1110103,1600,138.67,139.0,137.88,138.0
1110104,1600,136.24,136.28,134.16,134.75
1110105,1600,133.5,134.68,133.1,134.37
1110106,1600,134.05,134.38,133.14,133.83
1110107,1600,133.38,134.61,133.18,133.58
1110110,1600,133.85,134.2,133.24,134.12
1110111,1600,134.79,135.16,133.96,134.91
1110112,1600,134.79,135.58,134.35,135.46
1110113,1600,135.66,135.68,133.63,134.05
1110114,1600,133.17,133.6,132.22,132.69
1110118,1600,133.63,134.0,133.17,133.43
1110119,1600,134.34,134.4,133.4,133.72
1110120,1600,131.76,132.1,131.04,131.2
1110121,1600,130.76,131.43,130.53,131.03
1110124,1600,131.01,131.63,130.14,130.36
1110125,1600,129.65,130.27,129.07,130.1
1110126,1600,129.83,131.17,129.28,131.16
1110127,1600,130.29,130.49,127.8,127.93
1110128,1600,127.97,131.48,127.95,130.28
1110131,1600,129.27,130.51,129.25,129.87
1110201,1600,130.52,131.08,129.33,130.8
1110202,1600,130.37,130.6,129.45,130.45
1110203,1600,130.07,132.32,129.28,132.2
1110204,1600,131.84,132.7,131.23,131.66
1110207,1600,131.67,131.95,131.23,131.68
1110208,1600,132.96,133.5,132.8,133.14
1110209,1600,133.19,133.39,132.49,133.07
1110210,1600,132.11,133.31,132.0,132.85
1110211,1600,133.01,133.44,132.09,132.32
1110214,1600,132.95,133.38,132.7,132.95
1110215,1600,133.86,134.17,133.63,133.97
1110216,1600,134.23,134.86,133.45,134.1
1110217,1600,134.74,135.16,134.47,135.04
1110218,1600,135.17,135.8,134.88,135.41
1110222,1600,136.92,137.22,136.19,136.29
1110223,1600,136.97,138.2,136.92,137.51
1110224,1600,138.04,138.14,135.73,136.48
1110225,1600,137.22,137.74,136.77,137.38
1110228,1600,137.65,138.14,137.03,137.66
1110301,1600,138.57,140.03,138.49,140.03
1110302,1600,140.24,140.55,139.48,139.92
1110303,1600,138.81,139.13,137.57,138.09
1110304,1600,138.63,139.75,138.61,139.35
1110307,1600,140.29,140.61,139.28,139.72
1110308,1600,139.65,139.66,138.83,139.36
1110309,1600,139.92,139.95,138.94,139.41
1110310,1600,138.5,138.5,136.85,137.77
1110311,1600,137.29,138.93,137.18,138.22
1110314,1600,139.33,139.55,138.61,138.86
1110315,1600,135.35,136.94,135.23,136.27
1110316,1600,136.52,137.2,135.8,136.24
1110317,1600,136.56,137.08,136.25,136.97
1110318,1600,138.14,138.83,137.76,138.37
1110321,1600,139.5,139.91,138.97,139.14
1110322,1600,138.88,139.36,138.67,139.05
1110323,1600,139.61,140.55,139.55,140.34
1110324,1600,140.27,141.28,138.83,139.22
1110325,1600,140.0,140.24,138.66,139.26
1110328,1600,137.82,138.83,137.78,138.54
1110329,1600,138.21,138.82,137.94,138.21
1110330,1600,139.07,139.18,137.68,138.67
1110331,1600,140.08,140.4,139.78,139.86
1110401,1600,138.65,139.55,137.72,139.2
1110404,1600,140.13,140.26,139.45,139.84
1110405,1600,139.58,142.09,139.52,142.05
1110406,1600,142.4,142.62,141.77,142.38
1110407,1600,142.23,142.89,141.8,142.51
1110408,1600,143.34,143.84,142.97,143.66
1110411,1600,143.28,143.49,142.28,142.64
1110412,1600,142.74,142.82,140.75,141.61
1110413,1600,142.39,142.53,141.48,141.9
1110414,1600,142.35,143.83,142.23,143.81
1110415,1600,143.85,145.12,143.57,145.05
1110418,1600,145.21,146.07,144.63,145.93
1110419,1600,145.73,146.24,145.18,145.93
1110420,1600,146.37,146.84,145.74,146.5
1110421,1600,146.57,147.06,146.32,146.74
1110425,1600,147.57,147.58,146.42,146.87
1110426,1600,146.47,146.62,145.48,146.38
1110427,1600,147.38,149.21,146.52,149.2
1110428,1600,149.3,150.0,148.6,149.82
1110429,1600,149.9,153.03,149.75,152.37
1110502,1600,151.46,153.61,150.36,150.41
1110503,1600,150.43,150.97,148.85,149.88
1110504,1600,149.86,150.34,146.76,147.73
1110505,1600,146.82,147.58,142.55,143.47
1110506,1600,145.24,146.09,144.4,145.3
1110509,1600,146.67,147.58,146.34,147.38
1110510,1600,147.19,148.19,146.93,147.9
1110511,1600,147.24,147.35,145.77,146.54
1110512,1600,145.88,147.12,144.96,146.59
1110513,1600,146.72,147.28,144.49,145.63
1110516,1600,145.88,146.67,145.19,145.37
1110517,1600,144.23,144.78,143.42,144.74
1110518,1600,145.55,146.22,145.14,145.6
1110519,1600,145.12,145.85,144.86,145.65
1110520,1600,145.82,147.78,144.9,147.49
1110523,1600,147.04,147.95,146.97,147.83
1110524,1600,148.48,149.05,148.18,148.59
1110525,1600,148.72,149.37,148.52,148.58
1110526,1600,148.45,148.61,147.59,148.22
1110527,1600,149.02,149.92,148.96,149.7
1110531,1600,149.88,150.16,149.41,149.64
1110601,1600,149.66,151.13,149.43,149.91
1110602,1600,150.15,150.38,148.07,149.5
1110603,1600,150.28,150.66,149.62,150.22
1110606,1600,150.82,151.45,150.21,150.48
1110607,1600,150.67,150.85,149.68,150.42
1110608,1600,150.02,150.38,149.3,149.81
1110609,1600,150.01,151.02,149.75,150.56
1110610,1600,149.04,149.78,148.69,149.24
1110613,1600,148.66,149.04,147.19,147.77
1110614,1600,147.7,148.73,147.48,148.67
1110615,1600,148.16,149.55,147.92,149.12
1110616,1600,148.83,149.49,148.22,148.97
1110617,1600,148.87,150.29,148.83,149.94
1110620,1600,150.08,150.79,149.58,150.03
1110621,1600,150.26,150.87,150.18,150.76
1110622,1600,151.01,151.86,150.56,150.99
1110623,1600,148.67,148.84,147.26,148.34
1110624,1600,147.86,148.02,145.97,146.26
1110627,1600,145.93,146.4,145.2,145.73
1110628,1600,146.16,146.77,145.67,146.24
1110629,1600,146.77,147.42,146.44,147.18
1110630,1600,147.18,147.41,145.98,146.0
1110701,1600,144.76,145.07,143.97,144.93
1110705,1600,146.96,147.82,146.85,147.63
1110706,1600,148.7,149.44,148.58,148.91
1110707,1600,148.97,149.35,148.29,149.15
1110708,1600,150.32,150.5,149.99,150.25
1110711,1600,151.33,151.69,150.2,151.59
1110712,1600,151.24,153.32,150.77,152.77
1110713,1600,153.76,154.71,153.58,154.14
1110714,1600,154.81,155.24,153.95,154.54
1110715,1600,154.34,155.29,154.22,155.2
1110718,1600,155.76,156.58,155.67,156.57
1110719,1600,156.32,156.32,154.1,154.66
1110720,1600,154.22,156.02,154.11,156.02
1110721,1600,155.91,156.04,154.33,154.83
1110722,1600,156.0,156.56,155.68,156.12
1110725,1600,157.6,157.8,156.72,157.34
1110726,1600,156.97,157.79,156.6,157.77
1110727,1600,158.47,158.64,156.69,157.19
1110728,1600,157.54,157.6,156.11,157.32
1110729,1600,158.43,159.25,157.68,158.29
1110801,1600,157.47,158.97,156.78,157.72
1110802,1600,159.33,161.62,158.97,161.52
1110803,1600,162.36,162.86,161.34,161.49
1110804,1600,163.61,163.87,159.68,160.64
1110805,1600,161.64,162.37,160.48,161.75
1110808,1600,165.48,167.61,164.76,167.12
1110809,1600,169.93,173.15,167.48,168.61
1110810,1600,172.46,175.13,171.62,174.58
1110811,1600,172.28,172.34,168.65,170.75
1110812,1600,169.57,170.06,167.77,169.97
1110815,1600,169.32,171.91,168.95,171.8
1110816,1600,172.6,174.07,172.5,173.92
1110817,1600,173.87,174.68,173.25,174.42
1110818,1600,177.15,178.1,176.41,177.72
1110819,1600,181.64,181.67,178.91,179.95
1110822,1600,181.95,184.82,181.6,184.59
1110823,1600,182.24,183.82,177.5,177.67
1110824,1600,177.9,178.31,170.31,171.65
1110825,1600,167.0,172.81,165.88,172.36
1110826,1600,173.57,177.55,171.75,177.47
1110829,1600,175.95,176.01,172.88,173.89
1110830,1600,177.7,179.31,176.66,179.1
1110831,1600,177.73,179.16,176.33,177.72
1110901,1600,177.44,178.26,176.55,177.87
1110902,1600,182.82,183.51,182.1,183.24
1110906,1600,184.58,185.85,181.31,182.9
1110907,1600,176.19,178.09,174.45,177.08
1110908,1600,181.39,182.12,179.77,181.81
1110909,1600,179.76,181.95,179.17,180.7
1110912,1600,178.73,178.99,175.33,176.67
1110913,1600,177.52,179.54,176.29,178.54
1110914,1600,177.55,177.78,176.05,177.21
1110915,1600,174.61,174.85,172.56,174.4
1110916,1600,173.72,177.4,173.71,176.03
1110919,1600,176.83,176.86,172.2,173.31
1110920,1600,173.18,176.37,172.84,175.78
1110921,1600,174.79,176.73,173.14,173.59
1110922,1600,169.3,170.32,167.48,169.05
1110923,1600,164.51,165.72,158.55,159.8
1110926,1600,157.12,158.8,154.19,157.58
1110927,1600,161.61,162.29,159.91,160.63
1110928,1600,160.73,161.29,155.56,156.22
1110929,1600,158.12,158.2,156.14,157.7
1110930,1600,157.3,160.0,156.33,158.06
1111003,1600,161.09,161.56,159.93,160.96
1111004,1600,160.95,161.03,155.27,157.64
1111005,1600,158.01,160.32,156.44,159.46
1111006,1600,160.02,161.11,158.77,160.49
1111007,1600,161.02,161.58,158.23,159.18
1111010,1600,162.05,163.32,161.14,163.27
1111011,1600,162.21,162.51,161.21,162.1
1111012,1600,163.7,164.0,162.5,163.26
1111013,1600,162.3,162.48,160.82,162.3
1111014,1600,163.33,163.82,162.25,163.4
1111017,1600,164.0,164.16,161.95,162.62
1111018,1600,159.96,162.03,158.3,161.84
1111019,1600,161.09,161.43,159.55,159.87
1111020,1600,157.62,158.42,156.05,157.77
1111021,1600,159.99,160.45,158.94,159.52
1111024,1600,160.55,161.33,160.22,161.02
1111025,1600,161.24,166.34,160.41,165.59
1111026,1600,167.03,168.05,166.42,167.4
1111027,1600,167.59,170.29,166.65,169.55
1111028,1600,169.64,169.94,168.75,169.62
1111031,1600,167.76,168.16,166.91,167.34
1111101,1600,164.03,167.41,163.61,167.38
1111102,1600,168.59,169.74,167.3,169.06
1111103,1600,171.17,172.04,169.9,171.72
1111104,1600,171.03,171.34,170.16,170.85
1111107,1600,172.85,175.0,172.71,174.98
1111108,1600,174.35,175.46,172.9,173.53
1111109,1600,174.28,174.81,171.61,172.07
1111110,1600,172.43,172.59,168.83,171.14
1111111,1600,172.1,174.05,172.07,173.96
1111114,1600,173.74,173.86,172.59,173.2
1111115,1600,173.35,173.81,171.9,173.36
1111116,1600,171.63,172.96,170.57,171.51
1111117,1600,170.04,170.3,166.39,167.1
1111118,1600,167.23,168.69,166.6,167.62
1111121,1600,166.61,166.71,162.07,163.5
1111122,1600,164.74,165.92,164.61,165.31
1111123,1600,164.55,165.37,163.12,164.83
1111125,1600,163.33,165.2,163.29,163.4
1111128,1600,166.93,167.14,165.98,166.63
1111129,1600,166.4,167.33,166.08,166.88
1111130,1600,169.7,170.3,169.06,170.13
1111201,1600,169.85,170.57,168.59,169.63
1111202,1600,170.65,170.8,169.36,169.82
1111205,1600,169.06,169.95,167.06,167.32
1111206,1600,166.31,168.57,165.53,168.18
1111207,1600,168.79,169.52,167.76,169.4
1111208,1600,166.96,167.63,165.73,165.98
1111209,1600,166.43,167.34,166.12,166.4
1111212,1600,162.35,162.41,161.14,161.99
1111213,1600,161.86,163.19,157.76,158.45
1111214,1600,156.79,157.34,152.05,152.89
1111215,1600,154.74,154.95,151.71,152.33
1111216,1600,154.31,155.37,153.9,155.23
1111219,1600,155.48,155.86,154.36,154.87
1111220,1600,156.82,157.43,156.58,156.98
1111221,1600,156.98,157.53,156.13,157.16
1111222,1600,156.35,156.8,155.33,156.04
1111223,1600,156.35,156.49,155.82,156.31
1111227,1600,155.08,155.55,154.54,154.91
1111228,1600,154.05,154.26,150.66,151.03
1111229,1600,149.09,150.72,148.27,150.34
1111230,1600,152.14,153.75,151.79,151.99
1120103,1600,154.76,156.3,154.55,155.92
1120104,1600,155.43,157.38,155.34,156.71
1120105,1600,155.37,158.03,155.25,157.78
1120106,1600,158.59,158.63,156.38,157.2
1120109,1600,157.36,157.59,156.19,156.5
1120110,1600,158.97,159.47,158.47,158.64
1120111,1600,159.34,160.05,158.91,159.67
1120112,1600,161.02,161.62,159.83,160.38
1120113,1600,159.32,159.59,158.01,159.26
1120117,1600,161.17,161.65,160.42,160.5
1120118,1600,159.94,161.64,159.68,161.6
1120119,1600,160.96,161.45,160.33,161.22
1120120,1600,160.5,162.09,160.0,162.07
1120123,1600,162.32,163.47,162.32,163.16
1120124,1600,161.81,162.37,161.53,162.01
1120125,1600,161.07,166.55,160.29,166.42
1120126,1600,168.05,168.31,167.05,167.27
1120127,1600,167.44,169.0,167.41,168.97
1120130,1600,168.19,168.54,167.74,168.03
1120131,1600,169.77,169.86,167.72,169.31
1120201,1600,169.75,170.18,169.08,169.56
1120202,1600,169.96,171.23,169.68,171.05
1120203,1600,169.88,170.14,167.51,167.64
1120206,1600,166.96,167.68,166.61,167.18
1120207,1600,167.38,170.09,167.15,169.7
1120208,1600,169.26,169.96,167.5,168.5
1120209,1600,170.01,170.37,167.67,168.02
1120210,1600,166.49,167.64,166.33,167.14
1120213,1600,167.33,167.94,166.74,167.51
1120214,1600,167.65,167.93,166.42,167.12
1120215,1600,168.63,168.75,167.19,168.11
1120216,1600,166.33,168.14,166.17,168.0
1120217,1600,168.29,168.33,166.87,167.35
1120221,1600,169.65,171.07,169.59,171.02
1120222,1600,170.4,173.17,170.19,172.94
1120223,1600,172.69,173.77,172.28,173.02
1120224,1600,172.63,173.04,172.0,172.23
1120227,1600,172.14,172.92,171.58,171.7
1120228,1600,172.84,174.0,172.6,173.49
1120229,1600,173.19,173.59,164.0,164.29
1120301,1600,166.1,167.72,165.75,166.61
1120302,1600,166.23,166.83,165.63,166.34
1120305,1600,165.77,165.91,164.55,165.65
1120306,1600,162.15,162.81,161.78,162.7
1120307,1600,162.76,164.02,162.51,163.63
1120308,1600,164.74,165.55,164.05,165.28
1120309,1600,163.64,166.57,163.25,166.38
1120312,1600,165.33,165.58,164.4,165.07
1120313,1600,163.94,165.41,161.43,162.3
1120314,1600,159.61,160.58,158.8,159.57
1120315,1600,159.73,161.98,159.28,161.08
1120316,1600,160.08,161.54,159.92,161.3
1120319,1600,160.85,162.3,160.72,161.59
1120320,1600,160.2,161.08,159.77,160.13
1120321,1600,160.63,161.48,160.15,160.21
1120322,1600,158.2,159.71,158.13,159.57
1120323,1600,160.88,161.88,160.52,161.53
1120326,1600,163.17,164.54,162.95,164.4
1120327,1600,164.52,164.89,163.13,163.24
1120328,1600,162.71,162.98,160.66,161.51
1120329,1600,161.14,161.46,159.81,161.28
1120330,1600,161.67,162.33,161.22,162.12
1120402,1600,161.96,163.56,161.81,162.94
1120403,1600,163.23,163.23,159.17,159.89
1120404,1600,157.7,158.03,156.58,157.21
1120405,1600,157.87,158.68,157.78,158.31
1120409,1600,159.72,160.01,158.91,159.37
1120410,1600,159.66,161.58,158.47,161.1
1120411,1600,161.2,161.54,160.74,161.07
1120412,1600,160.74,163.2,160.46,162.7
1120413,1600,162.45,162.46,160.17,160.85
1120416,1600,160.51,161.18,159.53,160.46
1120417,1600,160.54,160.96,158.75,160.25
1120418,1600,159.49,160.12,159.07,159.31
1120419,1600,160.0,160.64,159.02,159.43
1120420,1600,159.25,159.91,159.2,159.54
1120423,1600,158.2,159.18,157.88,159.07
1120424,1600,159.63,160.18,159.29,159.3
1120425,1600,159.48,159.96,157.76,159.62
1120426,1600,160.46,161.38,160.1,161.03
1120427,1600,161.78,161.97,161.15,161.38
1120430,1600,160.49,161.88,160.31,161.88
1120501,1600,162.09,162.18,160.89,161.32
1120502,1600,160.74,160.78,159.76,160.59
1120503,1600,159.16,159.48,158.37,158.97
1120504,1600,158.82,159.98,158.57,159.47
1120507,1600,159.31,159.34,158.45,159.08
1120508,1600,156.61,156.73,154.92,156.0
1120509,1600,154.1,154.98,153.6,154.47
1120510,1600,155.16,155.57,154.64,154.77
1120511,1600,153.44,154.47,153.24,153.56
1120514,1600,151.58,152.03,151.0,151.33
1120515,1600,151.16,151.44,149.63,149.74
1120516,1600,149.48,150.7,148.6,149.46
1120517,1600,150.83,153.4,150.38,152.8
1120518,1600,154.46,155.13,153.97,154.55
1120521,1600,154.11,154.95,153.86,154.65
1120522,1600,153.59,154.42,151.55,152.08
1120523,1600,151.5,151.84,148.84,151.62
1120524,1600,152.71,152.91,150.62,151.41
1120525,1600,151.89,152.85,151.63,152.68
1120529,1600,153.47,153.62,150.25,151.02
1120530,1600,149.74,152.38,148.53,151.91
1120531,1600,152.03,152.71,150.62,151.62
1120601,1600,155.41,158.31,154.87,157.5
1120604,1600,157.26,157.44,156.16,157.32
1120605,1600,156.92,157.27,156.42,157.14
1120606,1600,158.9,159.2,156.59,157.21
1120607,1600,157.82,157.84,153.19,154.5
1120608,1600,153.02,154.83,153.0,154.73
1120611,1600,154.83,155.4,153.55,155.36
1120612,1600,155.49,157.04,155.45,156.46
1120613,1600,157.61,157.65,156.42,157.12
1120614,1600,157.64,157.94,156.24,157.75
1120615,1600,157.75,158.46,157.42,157.84
1120618,1600,157.46,158.21,156.54,157.93
1120619,1600,158.0,158.14,156.97,157.16
1120620,1600,156.0,157.37,154.26,155.97
1120621,1600,153.73,154.23,151.8,152.02
1120622,1600,152.04,152.7,151.21,152.64
1120625,1600,152.58,154.16,152.25,153.76
1120626,1600,153.03,153.3,152.13,152.62
1120627,1600,153.3,153.45,152.15,152.83
1120628,1600,151.9,152.16,150.15,151.05
1120629,1600,155.13,155.95,154.52,155.19
1120702,1600,154.67,155.55,154.34,155.09
1120703,1600,156.97,157.72,156.77,157.46
1120705,1600,155.44,156.4,154.45,155.68
1120706,1600,154.23,154.49,152.95,153.71
1120709,1600,153.61,154.58,153.43,154.04
1120710,1600,155.13,155.18,151.78,152.15
1120711,1600,152.58,153.45,152.02,152.99
1120712,1600,151.26,153.07,150.85,152.59
1120713,1600,153.45,154.94,153.44,154.14
1120716,1600,154.43,154.75,153.98,154.21
1120717,1600,154.01,154.5,152.45,153.47
1120718,1600,152.67,153.6,152.4,153.05
1120719,1600,153.73,154.32,152.93,153.38
1120720,1600,152.97,154.0,152.75,153.67
1120723,1600,152.5,153.33,152.29,153.03
1120724,1600,153.63,153.8,152.2,153.52
1120725,1600,155.33,156.29,155.05,155.67
1120726,1600,156.7,157.26,156.05,156.77
1120727,1600,157.64,157.96,156.66,157.54
1120730,1600,156.84,157.66,154.81,157.43
1120731,1600,157.6,157.72,156.26,156.49
1120801,1600,155.18,155.79,154.41,155.14
1120802,1600,154.66,155.14,153.61,154.13
1120803,1600,154.65,155.89,154.42,155.55
1120806,1600,155.92,156.73,155.74,156.3
1120807,1600,156.37,156.63,156.01,156.28
1120808,1600,156.49,156.86,156.26,156.48
1120809,1600,156.36,157.0,156.28,156.99
1120810,1600,156.9,157.82,156.65,157.18
1120813,1600,157.05,157.45,155.9,155.99
1120814,1600,155.06,155.58,154.83,155.13
1120815,1600,155.32,155.82,155.27,155.63
1120816,1600,155.85,157.09,155.5,156.56
1120817,1600,157.06,157.07,156.22,156.72
1120820,1600,156.52,157.4,156.47,157.26
1120821,1600,158.81,159.2,158.69,158.83
1120822,1600,159.19,160.63,158.51,160.54
1120823,1600,161.41,162.45,161.23,161.89
1120824,1600,161.87,162.35,161.33,161.97
1120827,1600,161.77,162.29,161.34,161.36
1120828,1600,161.63,162.19,161.3,161.64
1120829,1600,161.6,161.68,160.18,160.59
1120830,1600,161.26,161.31,160.01,160.52
1120831,1600,161.14,164.22,159.56,164.22
1120904,1600,164.11,164.77,163.66,164.48
1120905,1600,164.12,164.39,163.81,164.31
1120906,1600,165.16,165.78,164.8,164.89
1120907,1600,167.77,169.0,167.37,168.44
1120910,1600,167.84,168.14,167.23,167.29
1120911,1600,168.22,168.53,167.79,167.9
1120912,1600,168.84,168.87,167.25,167.92
1120913,1600,167.87,171.91,166.3,171.31
1120914,1600,171.89,172.23,171.31,171.8
1120917,1600,171.77,171.96,170.06,170.4
1120918,1600,170.81,171.95,170.67,171.72
1120919,1600,171.88,172.03,171.19,171.74
1120920,1600,171.03,171.69,170.23,171.47
1120921,1600,172.93,173.18,171.54,171.96
1120924,1600,170.63,171.39,170.57,171.05
1120925,1600,171.76,172.11,170.5,170.77
1120926,1600,169.46,170.05,168.34,169.81
1120927,1600,171.02,172.6,170.76,172.34
1120928,1600,172.03,172.48,171.34,171.89
1121001,1600,172.83,173.62,171.77,172.29
1121002,1600,172.47,172.7,171.59,172.1
1121003,1600,172.51,172.61,171.89,172.41
1121004,1600,173.2,174.07,172.92,173.61
1121005,1600,172.87,173.37,172.01,172.62
1121008,1600,171.75,172.28,171.68,172.05
1121009,1600,171.86,172.17,170.56,170.99
1121010,1600,170.54,171.34,170.3,170.84
1121011,1600,171.3,171.95,171.13,171.32
1121012,1600,171.15,171.41,169.81,170.06
1121015,1600,169.01,169.1,167.53,168.35
1121016,1600,168.87,169.45,168.67,169.42
1121017,1600,169.21,169.95,168.92,169.54
1121018,1600,168.8,169.31,168.59,168.79
1121019,1600,168.42,168.45,166.23,166.97
1121022,1600,167.08,167.63,167.03,167.58
1121023,1600,166.04,166.06,165.12,165.43
1121024,1600,165.78,165.83,164.6,164.86
1121025,1600,166.29,166.53,165.77,166.02
1121026,1600,166.23,166.6,165.77,165.93
1121031,1600,166.47,167.28,166.38,166.83
1121101,1600,167.02,167.04,166.04,166.07
1121102,1600,164.45,164.47,162.3,162.6
1121105,1600,163.12,163.42,162.81,163.23
1121106,1600,163.91,166.77,163.61,166.3
1121107,1600,166.87,167.13,165.04,166.49
1121108,1600,166.14,168.16,166.12,167.99
1121109,1600,168.21,168.54,167.55,167.82
1121112,1600,168.1,168.28,167.21,167.45
1121113,1600,166.66,167.94,166.63,167.1
1121114,1600,167.46,168.04,166.78,167.14
1121115,1600,167.0,167.05,165.18,166.09
1121116,1600,165.74,166.36,165.47,165.88
1121119,1600,167.75,168.16,167.38,167.87
1121120,1600,167.75,168.02,166.84,167.39
1121121,1600,167.19,167.82,166.97,167.56
1121123,1600,167.97,170.01,167.8,169.61
1121126,1600,169.56,169.73,169.25,169.43
1121127,1600,169.14,169.4,168.62,168.71
1121128,1600,165.43,166.84,165.38,166.55
1121129,1600,167.14,167.5,166.85,167.18
1121130,1600,166.94,167.22,165.53,166.05
1121203,1600,166.11,166.92,166.04,166.13
1121204,1600,164.06,164.83,163.87,164.42
1121205,1600,164.22,164.5,163.2,164.12
1121206,1600,163.72,165.0,163.53,164.5
1121207,1600,164.88,165.22,164.6,165.16
1121210,1600,166.11,166.16,165.71,165.8
1121211,1600,165.45,165.66,165.12,165.65
1121212,1600,166.2,166.94,165.36,165.77
1121213,1600,163.87,164.9,163.78,164.37
1121214,1600,164.17,164.48,164.02,164.13
1121217,1600,164.16,164.62,164.13,164.44
1121218,1600,164.35,164.43,160.9,162.08
1121219,1600,161.31,162.22,161.11,161.69
1121220,1600,159.87,160.12,158.39,159.73
1121221,1600,159.82,160.76,159.78,160.33
1121224,1600,160.88,160.96,160.47,160.62
1121226,1600,161.36,161.49,160.64,160.78
1121227,1600,160.23,161.31,160.05,161.16
1121228,1600,160.94,160.97,160.15,160.54
1121231,1600,160.9,162.75,160.77,162.02
1130102,1600,163.49,164.14,163.14,163.17
1130103,1600,162.48,162.88,160.83,161.2
1130104,1600,159.52,160.63,158.89,160.44
1130107,1600,159.36,159.96,159.15,159.43
1130108,1600,160.46,160.99,160.01,160.56
1130109,1600,160.77,160.83,159.9,160.49
1130110,1600,161.61,162.56,161.61,161.98
1130111,1600,161.86,161.9,160.11,161.06
1130114,1600,161.88,161.97,161.13,161.54
1130115,1600,162.8,163.17,162.35,162.56
1130116,1600,162.42,163.03,162.15,162.65
1130117,1600,161.94,164.4,161.83,163.35
1130118,1600,163.95,163.97,163.02,163.09
1130122,1600,163.48,164.22,163.37,163.67
1130123,1600,163.92,163.95,163.0,163.21
1130124,1600,161.98,162.27,161.18,161.42
1130125,1600,160.56,161.04,160.31,160.65
1130128,1600,160.24,160.73,160.02,160.29
1130129,1600,161.01,161.31,160.69,160.99
1130130,1600,162.68,163.04,162.03,162.19
1130131,1600,161.62,161.81,160.47,161.2
1130201,1600,162.66,162.77,160.87,161.45
1130204,1600,161.19,162.42,161.15,162.0
1130205,1600,162.75,162.79,161.33,161.96
1130206,1600,162.13,162.63,161.99,162.39
1130207,1600,161.24,162.96,161.13,161.84
1130208,1600,161.46,162.02,161.2,161.57
1130211,1600,159.78,159.98,159.25,159.7
1130212,1600,159.35,160.05,158.88,159.89
1130213,1600,159.6,159.64,158.77,159.05
1130214,1600,159.31,159.65,158.04,158.35
1130215,1600,156.42,156.58,154.56,155.76
1130219,1600,155.8,155.84,154.93,155.33
1130220,1600,153.9,153.93,150.84,151.44
1130221,1600,152.0,153.41,151.9,152.62
1130222,1600,152.26,152.99,151.93,152.97
1130225,1600,153.52,154.56,153.31,154.34
1130226,1600,154.39,156.8,153.32,156.22
1130227,1600,155.46,155.6,154.08,154.57
1130228,1600,154.09,154.16,152.39,153.0
1130301,1600,153.16,153.61,152.14,152.44
1130304,1600,152.45,152.74,151.87,152.3
1130305,1600,153.1,153.39,152.11,152.38
1130306,1600,152.17,153.38,151.65,153.23
1130307,1600,153.02,153.21,152.4,152.69
1130308,1600,151.61,153.29,151.4,152.71
1130311,1600,152.82,153.06,152.65,152.99
1130312,1600,154.07,154.69,153.9,154.19
1130313,1600,154.26,154.6,153.42,153.66
1130314,1600,153.02,154.17,153.01,153.68
1130315,1600,154.12,154.72,153.97,154.0
1130318,1600,155.7,155.93,155.0,155.38
1130319,1600,155.22,156.34,155.1,156.08
1130320,1600,155.53,155.83,154.88,155.37
1130321,1600,156.17,156.43,155.88,156.25
1130322,1600,155.45,155.99,155.42,155.55
1130325,1600,154.71,155.57,154.36,155.24
1130326,1600,154.47,154.91,154.28,154.72
1130327,1600,154.67,155.62,154.51,155.36
1130328,1600,154.5,154.8,154.22,154.45
1130401,1600,154.57,154.93,154.3,154.67
1130402,1600,153.09,153.31,152.26,152.43
1130403,1600,152.02,152.53,149.92,150.73
1130404,1600,149.65,150.6,149.44,150.29
1130405,1600,151.54,152.96,151.07,152.81
1130408,1600,152.39,152.59,151.6,152.16
1130409,1600,152.32,153.85,152.28,153.34
1130410,1600,152.67,152.71,150.58,150.75
1130411,1600,150.76,151.71,150.63,151.05
1130412,1600,148.65,148.85,143.43,143.95
1130415,1600,136.0,136.75,130.51,131.31
1130416,1600,134.9,135.11,131.76,132.8
1130417,1600,133.81,134.95,132.32,132.87
1130418,1600,134.12,135.31,133.62,134.3
1130419,1600,136.0,136.02,134.6,135.47
1130422,1600,138.15,138.27,137.22,137.9
1130423,1600,137.22,137.24,135.85,136.88
1130424,1600,138.09,138.55,137.45,138.37
1130425,1600,140.0,142.08,139.79,141.63
1130426,1600,142.3,143.43,140.04,140.91
1130429,1600,142.13,142.66,141.49,142.3
1130430,1600,142.27,142.83,141.55,142.77
1130501,1600,140.59,141.55,139.3,141.11
1130502,1600,142.0,142.47,141.64,141.92
1130503,1600,141.7,142.71,141.4,142.09
1130506,1600,142.33,142.46,141.63,142.15
1130507,1600,140.38,140.64,139.37,140.38
1130508,1600,141.78,142.81,141.49,142.46
1130509,1600,141.33,142.36,140.51,140.81
1130510,1600,138.22,139.75,137.26,139.6
1130513,1600,138.46,138.97,138.16,138.43
1130514,1600,137.95,139.16,137.64,137.81
1130515,1600,136.59,136.98,134.23,134.63
1130516,1600,133.18,134.48,133.0,134.09
1130517,1600,133.17,133.48,131.02,131.07
1130520,1600,130.88,135.32,130.85,135.12
1130521,1600,132.17,133.65,131.45,132.88
1130522,1600,134.18,136.77,130.95,131.94
1130523,1600,134.51,134.84,133.12,134.61
1130524,1600,134.11,134.51,133.64,133.76
1130528,1600,133.68,135.57,132.8,133.49
1130529,1600,134.09,134.91,133.64,134.83
1130530,1600,136.67,137.11,136.26,136.7
1130531,1600,135.71,136.05,133.89,133.92
1130603,1600,134.77,136.98,134.43,136.51
1130604,1600,135.21,135.44,134.27,135.23
1130605,1600,135.47,136.37,135.01,135.52
1130606,1600,135.39,137.62,134.98,136.53
1130607,1600,134.11,134.62,133.18,133.28
1130610,1600,133.3,134.28,132.99,133.94
1130611,1600,132.31,133.51,132.24,133.25
1130612,1600,132.95,134.83,132.83,134.25
1130613,1600,133.31,134.2,132.82,133.74
1130614,1600,134.0,134.6,133.88,134.43
1130617,1600,133.89,134.06,133.52,133.77
1130618,1600,132.72,132.96,131.53,132.13
1130619,1600,132.58,133.15,130.38,130.59
1130620,1600,125.22,126.38,123.33,123.6
1130621,1600,125.16,125.57,124.46,125.05
1130624,1600,124.31,124.7,123.31,123.93
1130625,1600,123.65,123.9,122.88,123.47
1130626,1600,119.88,119.9,118.06,118.28
1130627,1600,119.1,119.51,115.65,115.94
1130628,1600,115.22,119.33,114.68,119.11
1130701,1600,119.94,121.95,119.38,121.13
1130702,1600,121.34,121.47,119.78,120.05
1130703,1600,120.7,121.77,120.54,120.74
1130705,1600,118.08,118.18,116.74,118.09
1130708,1600,119.09,119.66,118.93,119.51
1130709,1600,120.84,121.51,120.05,120.62
1130710,1600,121.15,122.35,120.59,120.95
1130711,1600,124.26,124.36,123.47,124.24
1130712,1600,123.52,124.3,123.32,124.13
1130715,1600,124.08,124.39,123.84,124.18
1130716,1600,124.76,125.21,124.33,124.89
1130717,1600,125.04,125.7,122.73,123.32
1130718,1600,124.11,124.52,123.78,124.01
1130719,1600,124.89,125.42,124.65,125.11
1130722,1600,127.65,129.46,127.59,128.84
1130723,1600,128.7,130.14,128.35,129.71
1130724,1600,129.17,129.4,126.87,127.48
1130725,1600,127.7,128.87,127.64,128.67
1130726,1600,128.11,128.97,126.78,128.78
1130729,1600,128.45,128.78,128.25,128.47
1130730,1600,127.95,128.31,127.22,128.12
1130731,1600,127.76,128.92,126.13,127.96
1130801,1600,127.84,127.89,126.33,126.61
1130802,1600,126.74,127.25,126.32,126.36
1130805,1600,126.51,126.64,125.34,125.7
1130806,1600,124.33,124.55,123.55,123.97
1130807,1600,124.0,124.6,123.85,124.15
1130808,1600,124.78,126.99,124.77,126.86
1130809,1600,126.51,127.27,126.3,126.86
1130812,1600,129.57,129.71,128.88,129.13
1130813,1600,128.49,128.65,127.38,127.74
1130814,1600,127.66,129.07,127.57,129.0
1130815,1600,128.06,132.36,127.98,131.69
1130816,1600,132.56,133.27,131.39,132.58
1130819,1600,132.33,132.5,131.59,132.01
1130820,1600,132.03,133.13,132.02,132.45
1130821,1600,131.74,133.23,131.51,132.07
1130822,1600,132.56,133.46,132.27,132.81
1130823,1600,132.58,135.24,132.5,134.9
1130826,1600,134.88,135.6,134.15,135.45
1130827,1600,136.94,137.55,136.52,136.75
1130828,1600,137.21,137.46,136.66,136.71
1130829,1600,136.12,136.55,135.42,135.87
1130830,1600,134.65,135.71,134.44,134.62
1130903,1600,135.46,136.79,135.03,136.42
1130904,1600,134.61,134.84,133.72,134.66
1130905,1600,134.13,134.35,131.8,132.2
1130906,1600,133.42,134.4,133.33,134.15
1130909,1600,134.13,134.32,133.67,133.91
1130910,1600,131.82,132.0,131.11,131.74
1130911,1600,131.58,131.81,131.26,131.7
1130912,1600,128.62,128.78,127.61,127.67
1130913,1600,127.16,127.96,126.21,127.82
1130916,1600,127.48,128.02,126.33,126.45
1130917,1600,126.81,126.99,126.11,126.5
1130918,1600,125.32,132.16,125.15,132.01
1130919,1600,132.0,132.78,131.22,131.75
1130920,1600,130.6,130.91,127.9,127.96
1130923,1600,127.52,128.44,127.33,127.55
1130924,1600,126.4,128.21,126.34,127.66
1130925,1600,127.57,129.21,127.52,128.79
1130926,1600,128.61,128.99,127.32,127.79
1130927,1600,128.86,129.58,128.84,128.97
1130930,1600,127.95,129.14,127.7,128.18
1131001,1600,125.25,125.26,123.81,124.59
1131002,1600,125.37,127.81,125.34,127.06
1131003,1600,126.77,127.69,126.22,127.18
1131004,1600,127.05,127.15,126.0,126.53
1131007,1600,127.25,128.33,127.12,127.64
1131008,1600,127.79,128.45,127.21,127.4
1131009,1600,126.21,126.89,124.97,126.11
1131010,1600,125.34,125.83,124.1,124.27
1131011,1600,122.37,122.81,121.85,122.6
1131014,1600,123.9,124.24,122.81,122.83
1131015,1600,122.28,124.36,122.22,123.73
1131016,1600,123.52,123.89,122.51,123.54
1131017,1600,127.01,127.86,126.81,127.42
1131018,1600,126.87,127.33,126.6,126.85
1131021,1600,127.13,127.34,126.79,126.98
1131022,1600,128.25,129.81,128.22,129.34
1131023,1600,128.55,129.09,128.35,128.69
1131024,1600,129.41,130.53,129.41,129.9
1131025,1600,129.53,130.92,129.46,130.46
1131028,1600,130.41,131.44,130.1,130.56
1131029,1600,130.16,130.59,129.57,129.77
1131030,1600,130.83,131.22,128.81,129.6
1131031,1600,128.04,128.49,127.3,127.74
1131101,1600,126.86,127.17,126.05,126.95
1131104,1600,127.18,127.52,126.74,126.81
1131105,1600,126.71,126.86,126.0,126.56
1131106,1600,127.11,127.36,126.92,127.2
1131107,1600,126.14,126.85,125.86,126.16
1131108,1600,124.46,124.46,123.62,124.28
1131111,1600,123.92,123.97,123.66,123.87
1131112,1600,123.51,123.87,121.73,122.45
1131113,1600,122.97,123.24,122.39,122.85
1131114,1600,123.92,124.91,123.88,124.27
1131115,1600,124.16,124.52,124.07,124.32
1131118,1600,123.7,123.96,122.55,122.9
1131119,1600,122.97,123.4,122.83,122.95
1131120,1600,121.67,122.44,119.76,120.12
1131121,1600,119.81,120.35,119.31,119.94
1131122,1600,120.24,120.4,119.82,119.92
1131125,1600,119.18,121.0,119.13,120.46
1131126,1600,119.84,120.4,119.59,119.82
1131127,1600,120.49,120.69,119.25,119.46
1131129,1600,120.67,121.05,120.62,120.7
1131202,1600,119.2,119.29,117.5,117.58
1131203,1600,117.58,118.31,117.23,117.96
1131204,1600,118.33,120.76,118.16,119.96
1131205,1600,118.2,119.24,117.41,118.3
1131206,1600,118.86,119.26,118.01,118.55
1131209,1600,118.99,119.92,118.95,119.72
1131210,1600,122.14,122.32,121.47,121.82
1131211,1600,121.49,121.81,120.76,120.86
1131212,1600,118.61,118.82,118.03,118.29
1131213,1600,118.89,119.49,118.76,119.38
1131216,1600,119.26,120.77,118.97,119.69
1131217,1600,118.96,119.9,118.37,118.65
1131218,1600,119.0,120.05,117.29,117.61
1131219,1600,115.97,116.06,114.5,114.82
1131220,1600,115.37,116.47,115.06,115.94
1131223,1600,115.61,116.12,115.43,115.57
1131224,1600,115.79,116.29,115.71,116.1
1131226,1600,117.23,117.23,116.65,116.74
1131227,1600,117.31,117.38,116.85,117.12
1131230,1600,116.37,116.4,115.18,115.39
1131231,1600,114.61,117.13,114.46,116.12
1140102,1600,117.93,118.73,117.75,118.0
1140103,1600,118.64,119.62,118.59,119.29
1140106,1600,119.76,120.39,117.11,119.5
1140107,1600,118.46,118.92,118.13,118.82
1140108,1600,117.99,118.52,117.5,118.12
1140109,1600,118.11,118.69,117.99,118.46
1140110,1600,119.72,120.43,119.58,120.26
1140113,1600,120.27,121.04,120.2,121.02
1140114,1600,120.54,121.06,119.72,119.89
1140115,1600,119.19,119.81,119.11,119.66
1140116,1600,119.84,119.96,119.57,119.79
1140117,1600,120.35,121.02,120.2,120.93
1140121,1600,119.23,119.97,119.23,119.7
1140122,1600,119.65,119.77,119.17,119.19
1140123,1600,120.97,122.02,120.97,121.79
1140124,1600,122.06,122.5,121.55,122.29
1140127,1600,121.65,122.06,120.72,120.96
1140128,1600,121.32,121.4,120.41,120.95
1140129,1600,122.19,122.51,121.13,122.47
1140130,1600,119.67,120.22,119.6,119.77
1140131,1600,120.65,120.86,119.46,120.09
1140203,1600,120.47,122.11,120.32,121.32
1140204,1600,120.41,121.09,120.39,120.99
1140205,1600,121.76,121.88,120.73,121.29
1140206,1600,121.38,121.51,120.78,121.24
1140207,1600,121.24,122.24,121.23,122.17
1140210,1600,122.8,123.16,122.72,122.92
1140211,1600,123.38,124.75,123.36,124.36
1140212,1600,124.4,124.98,124.13,124.43
1140213,1600,124.7,125.6,124.66,125.49
1140214,1600,126.99,127.38,126.75,127.15
1140218,1600,127.42,127.75,127.09,127.4
1140219,1600,127.26,127.45,126.16,126.27
1140220,1600,126.75,127.75,126.4,127.6
1140221,1600,127.57,128.07,127.15,127.58
1140224,1600,128.51,129.07,128.34,128.99
1140225,1600,128.62,129.53,128.57,129.21
1140226,1600,128.49,128.76,127.42,128.11
1140227,1600,128.4,128.8,127.89,128.2
1140228,1600,128.27,128.35,127.15,127.62
1140303,1600,130.0,130.59,129.81,130.29
1140304,1600,128.54,129.24,128.32,128.68
1140305,1600,128.71,129.34,128.58,128.89
1140306,1600,129.71,130.47,129.47,130.17
1140307,1600,128.25,129.23,128.21,129.09
1140310,1600,128.88,129.61,128.78,129.13
1140311,1600,130.01,130.15,128.93,129.86
1140312,1600,131.56,132.12,131.39,131.76
1140313,1600,131.69,132.54,131.56,132.21
1140314,1600,133.68,133.69,132.35,133.1
1140317,1600,132.73,133.22,131.22,131.64
1140318,1600,130.39,131.27,130.33,130.62
1140319,1600,129.55,129.68,127.94,128.09
1140320,1600,127.78,128.41,127.58,127.86
1140321,1600,129.04,129.09,128.41,128.47
1140324,1600,126.87,127.14,126.03,126.18
1140325,1600,126.44,126.82,126.24,126.41
1140326,1600,126.27,126.38,125.13,125.41
1140327,1600,125.06,125.29,124.21,124.59
1140328,1600,124.23,124.96,123.88,124.56
1140331,1600,124.52,124.79,123.57,123.61
1140401,1600,123.71,123.85,123.11,123.39
1140402,1600,124.41,124.75,124.19,124.32
1140403,1600,123.75,124.26,123.59,123.92
1140404,1600,125.2,125.96,124.86,125.57
1140407,1600,125.07,125.47,124.84,124.91
1140408,1600,126.34,126.34,125.9,126.09
1140409,1600,125.46,126.72,125.33,126.32
1140410,1600,126.95,127.37,126.82,127.01
1140411,1600,127.04,127.31,126.73,126.93
1140414,1600,127.8,128.25,127.62,127.85
1140415,1600,124.79,125.7,124.6,125.49
1140416,1600,125.37,125.57,125.03,125.54
1140417,1600,125.38,125.53,124.57,124.75
1140421,1600,124.07,124.33,123.76,124.24
1140422,1600,124.15,124.16,122.92,123.78
1140423,1600,123.7,123.94,123.38,123.76
1140424,1600,122.87,125.12,122.84,124.56
1140425,1600,125.17,125.71,125.07,125.43
1140428,1600,125.3,125.34,124.45,124.88
1140429,1600,124.95,125.38,124.65,124.86
1140430,1600,124.19,125.05,123.82,124.22
1140501,1600,123.17,123.83,123.06,123.8
1140502,1600,123.69,125.67,123.33,125.06
1140505,1600,126.47,126.63,126.0,126.22
1140506,1600,126.02,126.11,125.63,125.98
1140507,1600,125.52,125.57,123.92,124.17
1140508,1600,124.19,124.47,123.89,124.17
1140509,1600,124.39,124.47,123.82,124.1
1140512,1600,125.4,125.42,124.69,124.94
1140513,1600,124.79,125.1,124.5,124.6
1140514,1600,125.8,125.96,125.44,125.81
1140515,1600,124.77,125.51,124.54,124.77
1140516,1600,124.35,124.77,124.29,124.5
1140519,1600,125.28,125.47,124.48,124.58
1140520,1600,124.12,124.91,124.09,124.69
1140521,1600,124.25,124.55,123.53,124.39
1140522,1600,125.14,125.24,124.54,124.67
1140523,1600,124.6,124.66,124.19,124.51
1140527,1600,122.98,123.07,121.75,121.85
1140528,1600,121.47,121.7,120.92,121.2
1140529,1600,120.78,121.46,120.77,120.94
1140530,1600,120.76,120.81,119.62,120.43
1140602,1600,119.93,120.46,119.61,119.7
1140603,1600,119.73,120.09,119.42,120.01
1140604,1600,120.1,120.16,119.68,119.76
1140605,1600,120.55,120.88,120.43,120.66
1140606,1600,120.68,120.77,119.94,120.61
1140609,1600,120.79,120.85,120.57,120.65
1140610,1600,121.29,121.47,121.21,121.39
1140611,1600,121.51,121.61,121.18,121.41
1140612,1600,121.92,122.75,121.83,122.64
1140613,1600,122.57,123.04,122.51,122.96
1140616,1600,122.88,123.01,122.3,122.42
1140617,1600,121.85,122.5,121.82,122.28
1140618,1600,122.22,122.8,122.09,122.67
1140619,1600,124.33,127.23,124.32,126.94
1140620,1600,126.32,127.07,126.21,126.5
1140623,1600,126.65,126.94,126.37,126.85
1140624,1600,127.22,127.32,126.73,126.98
1140625,1600,126.78,127.55,126.66,126.99
1140626,1600,126.53,126.92,126.2,126.73
1140627,1600,126.88,127.17,126.65,126.66
1140630,1600,126.53,128.04,126.37,128.04
1140701,1600,127.99,128.12,127.49,127.7
1140702,1600,127.76,128.24,127.64,127.7
1140703,1600,126.79,127.29,126.61,127.16
1140707,1600,126.63,127.03,126.23,127.02
1140708,1600,127.29,127.53,126.43,127.07
1140709,1600,127.54,128.26,127.18,127.84
1140710,1600,129.11,129.21,128.49,128.54
1140711,1600,128.41,128.83,128.38,128.78
1140714,1600,125.5,126.1,125.45,125.72
1140715,1600,125.89,126.32,124.36,124.53
1140716,1600,125.02,125.47,124.78,124.97
1140717,1600,125.52,127.55,125.11,127.09
1140718,1600,125.79,126.21,125.67,126.13
1140721,1600,126.53,126.55,126.11,126.34
1140722,1600,126.33,126.43,125.47,125.74
1140723,1600,125.72,126.04,125.4,125.62
1140724,1600,124.85,124.87,123.9,124.35
1140725,1600,124.48,125.93,124.43,125.79
1140728,1600,125.44,125.67,125.3,125.58
1140729,1600,125.79,125.88,124.72,125.2
1140730,1600,124.89,124.93,124.41,124.83
1140731,1600,123.85,124.07,123.23,123.39
1140801,1600,124.54,124.81,124.23,124.38
1140804,1600,124.36,124.47,123.73,123.99
1140805,1600,123.74,124.52,123.4,123.87
1140806,1600,125.71,126.0,125.52,125.67
1140807,1600,125.47,126.51,125.37,126.18
1140808,1600,126.08,126.41,125.89,126.19
1140811,1600,125.84,126.04,125.64,125.96
1140812,1600,126.42,126.81,125.87,125.99
1140813,1600,126.35,126.53,125.9,126.2
1140814,1600,126.24,126.53,126.13,126.31
1140815,1600,124.52,126.07,124.41,125.48
1140818,1600,124.78,125.08,124.65,124.96
1140819,1600,125.0,125.0,124.48,124.68
1140820,1600,124.82,124.82,123.88,124.22
1140821,1600,122.72,123.24,122.45,122.88
1140822,1600,123.09,123.33,122.57,123.19
1140825,1600,122.92,123.04,122.72,122.74
1140826,1600,123.92,123.97,123.28,123.35
1140827,1600,123.6,123.71,123.25,123.32
1140828,1600,124.15,124.33,123.81,124.0
1140829,1600,123.75,124.22,123.62,123.86
1140902,1600,121.97,122.08,121.43,121.65
1140903,1600,121.7,122.2,121.66,122.15
1140904,1600,122.48,122.66,121.25,121.48
1140905,1600,121.83,122.06,121.63,122.06
1140908,1600,121.58,121.61,120.37,120.73
1140909,1600,120.57,120.94,120.0,120.87
1140910,1600,120.13,120.54,119.64,120.26
1140911,1600,119.61,119.7,118.77,119.47
1140912,1600,118.63,118.9,118.07,118.38
1140915,1600,118.79,118.86,118.46,118.64
1140916,1600,118.85,119.43,118.44,118.83
1140917,1600,118.95,119.24,117.5,117.54
1140918,1600,117.41,118.09,117.19,117.78
1140919,1600,117.51,117.57,116.72,117.09
1140922,1600,116.72,117.37,116.58,116.85
1140923,1600,117.99,117.99,117.31,117.6
1140924,1600,117.12,117.72,116.9,117.05
1140925,1600,116.3,117.76,116.2,117.39
1140926,1600,117.02,117.1,116.58,117.06
1140929,1600,117.27,117.4,116.9,117.03
1140930,1600,116.54,117.35,115.85,116.21
1141001,1600,116.61,117.26,116.59,116.77
1141002,1600,116.86,117.21,116.33,116.74
1141003,1600,115.17,115.51,114.42,114.61
1141006,1600,115.16,116.31,114.94,116.03
1141007,1600,116.31,116.63,116.09,116.36
1141008,1600,117.03,117.71,115.85,117.47
1141009,1600,117.86,118.26,117.49,117.64
1141010,1600,117.7,117.74,117.19,117.59
1141013,1600,118.14,118.67,117.93,118.52
1141014,1600,118.58,118.82,118.35,118.59
1141015,1600,119.23,120.18,118.59,118.99
1141016,1600,119.02,119.65,118.88,119.22
1141017,1600,119.06,119.23,118.42,118.99
1141020,1600,119.68,119.86,119.54,119.8
1141021,1600,120.27,120.5,119.91,120.02
1141022,1600,119.69,119.79,119.25,119.34
1141023,1600,118.71,118.82,117.88,118.52
1141024,1600,118.62,118.63,118.12,118.35
1141027,1600,118.18,118.37,118.01,118.06
1141028,1600,118.48,118.48,118.01,118.1
1141029,1600,117.65,117.91,116.14,116.41
1141030,1600,115.8,115.83,114.94,115.19
1141031,1600,111.83,112.88,111.66,112.66
1141103,1600,112.39,112.68,112.0,112.15
1141104,1600,112.12,112.71,112.08,112.22
1141105,1600,109.92,110.84,109.67,109.79
1141106,1600,109.92,110.49,109.75,109.88
1141107,1600,110.78,113.15,110.73,112.97
1141110,1600,112.24,112.24,110.28,110.46
1141111,1600,111.08,112.76,110.87,112.04
1141112,1600,112.05,112.17,111.23,111.5
1141113,1600,111.89,112.26,111.22,111.67
1141114,1600,110.76,114.72,110.65,114.47
1141117,1600,113.97,114.27,113.56,114.05
1141118,1600,114.86,115.17,114.55,115.05
1141119,1600,114.93,115.35,112.88,113.68
1141120,1600,114.57,115.02,114.09,114.86
1141121,1600,115.58,115.96,114.47,115.39
1141124,1600,115.15,115.37,114.79,115.11
1141125,1600,115.1,115.47,114.9,115.38
1141126,1600,115.25,115.34,114.98,115.16
1141128,1600,113.53,113.83,111.95,112.11
1141201,1600,113.8,117.36,113.74,116.58
1141202,1600,115.13,115.71,114.72,115.14
1141203,1600,115.68,116.76,115.56,116.33
1141204,1600,116.01,116.34,115.61,115.88
1141205,1600,115.16,115.18,114.24,114.43
1141208,1600,114.97,116.16,114.46,115.78
1141209,1600,117.04,118.99,116.98,118.19
1141210,1600,118.15,118.47,117.81,117.96
1141211,1600,116.98,118.38,116.82,117.69
1141212,1600,117.39,117.8,116.68,117.41
1141215,1600,116.22,116.97,114.36,114.39
1141216,1600,116.28,116.5,114.07,114.95
1141217,1600,115.1,115.48,113.58,114.27
1141218,1600,115.59,115.81,114.58,115.15
1141219,1600,115.06,115.22,114.77,114.77
1141222,1600,114.81,114.97,112.41,112.55
1141223,1600,112.88,113.32,112.61,112.74
1141224,1600,112.83,112.92,112.66,112.77
1141226,1600,114.82,114.98,114.53,114.83
1141229,1600,114.61,114.64,113.23,113.67
1141230,1600,114.99,116.26,114.9,115.2
1141231,1600,114.89,115.0,113.28,113.58
1150102,1600,112.49,114.8,112.32,114.08
1150105,1600,114.78,116.0,114.73,115.8
1150106,1600,116.22,117.5,115.8,117.12
1150107,1600,116.47,116.88,116.17,116.43
1150108,1600,116.45,116.87,115.85,115.94
1150109,1600,116.51,117.34,116.5,117.26
1150112,1600,117.46,118.71,117.32,118.56
1150113,1600,118.96,119.19,117.87,118.16
1150114,1600,119.08,119.32,117.9,117.97
1150115,1600,120.41,121.7,120.34,120.94
1150116,1600,121.73,123.15,121.71,122.52
1150120,1600,123.63,124.6,123.49,124.2
1150121,1600,125.18,125.34,123.37,124.23
1150122,1600,125.07,125.58,124.15,125.23
1150123,1600,124.43,124.5,123.35,124.23
1150126,1600,123.33,123.34,122.52,122.99
1150127,1600,123.56,124.64,123.51,124.4
1150128,1600,123.52,123.89,122.94,123.42
1150129,1600,121.99,122.29,120.26,120.76
1150130,1600,121.3,123.55,120.92,123.45
1150202,1600,121.84,123.16,121.82,122.42
1150203,1600,121.74,121.76,120.56,121.05
1150204,1600,121.63,122.22,120.92,121.58
1150205,1600,120.98,121.83,120.61,121.79
1150206,1600,119.15,119.52,117.95,118.64
1150209,1600,118.83,119.4,118.77,119.17
1150210,1600,118.63,119.06,118.21,118.47
1150211,1600,118.49,118.57,117.0,117.07
1150212,1600,117.68,117.82,117.09,117.34
1150213,1600,118.05,118.58,117.79,117.98
1150217,1600,116.4,116.54,115.58,116.01
1150218,1600,115.99,116.53,114.99,116.34
1150219,1600,116.4,116.54,115.74,115.94
1150220,1600,116.1,116.46,115.05,115.28
1150223,1600,115.11,116.22,115.07,115.43
1150224,1600,115.0,115.55,114.29,115.26
1150225,1600,115.83,115.89,115.33,115.7
1150226,1600,116.54,116.55,115.83,116.07
1150227,1600,116.74,117.07,116.16,116.16
1150302,1600,116.5,116.64,115.62,115.68
1150303,1600,116.04,116.61,115.35,115.47
1150304,1600,115.7,115.79,115.02,115.11
1150305,1600,115.43,116.12,114.84,115.0
1150306,1600,113.17,113.26,111.7,111.86
1150309,1600,112.42,112.62,111.95,111.97
1150310,1600,112.09,112.35,111.22,111.42
1150311,1600,111.23,111.25,110.16,110.75
1150312,1600,111.15,111.2,110.25,110.72
1150313,1600,111.1,111.28,110.51,110.88
1150316,1600,111.09,111.21,110.42,110.81
1150317,1600,109.92,111.35,109.77,110.21
1150318,1600,110.33,112.87,110.09,112.37
1150319,1600,111.85,112.58,111.58,112.29
1150320,1600,112.71,114.0,112.67,113.57
1150323,1600,113.7,114.37,113.49,114.29
1150324,1600,114.35,114.65,113.82,114.57
1150325,1600,115.11,115.14,114.65,114.73
1150326,1600,115.73,115.84,115.34,115.48
1150327,1600,115.14,115.36,114.45,115.06
1150330,1600,113.9,114.01,113.54,113.75
1150331,1600,113.84,114.28,113.41,113.66
1150401,1600,114.56,115.99,114.54,115.6
1150402,1600,115.47,115.72,114.68,115.28
1150406,1600,117.32,117.47,116.52,116.69
1150407,1600,116.27,116.51,115.94,116.11
1150408,1600,115.98,116.03,114.9,115.47
1150409,1600,114.8,114.85,114.48,114.67
1150410,1600,116.0,116.19,115.5,115.97
1150413,1600,115.35,115.39,114.8,115.14
1150414,1600,114.69,115.07,114.39,114.44
1150415,1600,114.8,115.6,114.47,115.43
1150416,1600,115.55,115.66,114.64,115.03
1150417,1600,115.38,115.79,115.23,115.6
1150420,1600,114.82,114.95,114.32,114.72
1150421,1600,114.72,115.56,114.65,115.38
1150422,1600,114.83,114.96,113.77,113.83
1150423,1600,113.9,114.96,113.81,114.66
1150424,1600,113.96,114.07,112.77,113.05
1150427,1600,113.87,115.82,113.67,115.33
1150428,1600,115.36,116.62,115.34,116.33
1150429,1600,116.06,116.39,115.28,115.51
1150430,1600,113.88,113.88,112.96,113.47
1150501,1600,112.42,113.31,112.28,113.08
1150504,1600,114.18,114.44,113.88,114.1
1150505,1600,114.89,115.11,114.39,114.42
1150506,1600,114.59,114.75,114.02,114.36
1150507,1600,113.84,114.01,113.32,113.42
1150508,1600,114.34,114.43,113.59,113.97
1150511,1600,114.09,114.31,113.08,113.53
1150512,1600,114.1,114.67,114.06,114.5
1150513,1600,115.74,116.93,115.68,116.55
1150514,1600,117.28,117.75,117.03,117.18
1150515,1600,116.8,117.63,116.68,117.53
1150518,1600,117.78,117.88,117.27,117.52
1150519,1600,116.55,116.73,115.65,115.89
1150520,1600,116.03,116.38,115.76,116.08
1150521,1600,115.53,116.0,115.47,115.69
1150522,1600,115.51,115.93,115.32,115.6
1150526,1600,113.84,114.23,113.7,113.91
1150527,1600,113.78,114.01,113.63,113.89
1150528,1600,113.85,114.16,113.21,114.02
1150529,1600,114.14,114.48,114.0,114.1
1150601,1600,115.02,115.5,113.9,114.0
1150602,1600,114.36,114.65,114.17,114.46
1150603,1600,114.13,114.37,113.08,113.64
1150604,1600,112.98,113.15,112.48,112.84
1150605,1600,111.6,112.39,111.57,112.24
1150608,1600,112.39,112.66,112.13,112.57
1150609,1600,113.15,113.23,112.71,112.82
1150610,1600,114.14,114.14,113.69,113.78
1150611,1600,113.27,113.41,112.92,113.26
1150612,1600,113.06,113.5,112.96,113.23
1150615,1600,113.28,114.15,113.21,113.73
1150616,1600,113.08,113.45,112.79,113.32
1150617,1600,113.07,114.04,112.63,113.85
1150618,1600,115.19,115.61,114.89,115.32
1150619,1600,115.34,115.46,114.95,115.12
1150622,1600,113.79,113.94,113.34,113.64
1150623,1600,112.96,113.17,112.79,112.89
1150624,1600,112.48,112.74,112.31,112.59
1150625,1600,112.43,112.71,112.32,112.44
1150626,1600,112.2,112.68,112.13,112.56
1150629,1600,112.81,113.23,112.53,113.07
1150630,1600,112.24,113.05,111.84,112.37
1150701,1600,112.12,112.51,111.94,111.98
1150702,1600,111.66,111.84,111.41,111.76
1150706,1600,111.71,112.58,111.63,112.06
1150707,1600,111.08,111.14,110.05,110.76
1150708,1600,111.38,111.65,111.08,111.09
1150709,1600,111.8,111.93,111.15,111.36
1150710,1600,111.18,111.71,111.03,111.49
1150713,1600,110.43,111.14,110.36,110.99
1150714,1600,111.0,111.08,110.63,110.74
1150715,1600,110.0,110.19,109.58,110.16
1150716,1600,109.67,110.01,109.6,109.76
1150717,1600,109.11,109.16,108.4,108.65
1150720,1600,106.6,106.65,105.62,105.7
1150721,1600,105.81,106.32,105.25,105.37
1150722,1600,104.39,105.09,104.18,104.8
1150723,1600,104.98,105.3,104.2,104.33
1150724,1600,103.61,105.59,103.43,105.35
1150727,1600,104.94,105.68,104.66,104.86
1150728,1600,105.09,105.33,104.83,105.02
1150729,1600,104.93,105.63,104.49,105.17
1150730,1600,104.03,104.97,103.86,104.27
1150731,1600,105.41,105.75,104.69,104.93
1150803,1600,104.59,104.82,104.05,104.1
1150804,1600,104.56,104.75,103.95,104.31
1150805,1600,104.42,104.5,103.78,103.93
1150806,1600,104.15,104.86,104.14,104.39
1150807,1600,104.56,105.38,104.55,104.65
1150810,1600,105.03,106.27,104.92,105.72
1150811,1600,106.49,106.63,105.77,106.26
1150812,1600,106.99,107.91,106.93,107.75
1150813,1600,106.95,107.18,106.71,106.86
1150814,1600,107.07,107.41,106.54,106.85
1150817,1600,107.37,107.51,107.0,107.13
1150818,1600,106.67,107.33,106.31,107.11
1150819,1600,107.63,108.67,107.63,108.55
1150820,1600,109.81,110.61,109.7,110.44
1150821,1600,110.93,111.33,110.12,111.13
1150824,1600,111.54,112.12,109.77,110.53
1150825,1600,110.01,110.05,108.72,109.16
1150826,1600,107.72,108.06,107.08,107.67
1150827,1600,107.33,108.04,107.11,107.73
1150828,1600,108.17,109.3,108.12,108.7
1150831,1600,108.19,108.92,108.03,108.82
1150901,1600,109.63,109.77,108.94,109.2
1150902,1600,109.01,109.34,108.46,108.62
1150903,1600,107.77,108.32,107.56,107.84
1150904,1600,107.14,107.56,107.07,107.49
1150908,1600,107.6,107.94,107.31,107.52
1150909,1600,106.64,106.71,105.48,106.13
1150910,1600,106.61,106.7,106.18,106.38
1150911,1600,105.65,106.2,105.27,106.16
1150914,1600,105.86,106.39,105.78,106.22
1150915,1600,105.83,106.06,105.68,105.9
1150916,1600,106.6,107.71,106.56,107.31
1150917,1600,107.07,108.58,106.96,108.41
1150918,1600,109.1,109.38,108.82,109.21
1150921,1600,108.49,108.66,108.33,108.53
1150922,1600,107.58,107.96,107.44,107.79
1150923,1600,108.54,108.64,108.2,108.22
1150924,1600,109.67,110.82,109.63,110.49
1150925,1600,109.87,110.03,109.55,109.81
1150928,1600,108.37,108.91,108.27,108.42
1150929,1600,108.24,108.69,107.88,107.98
1150930,1600,106.78,107.08,106.47,106.86
1151001,1600,106.98,107.21,106.63,106.73
1151002,1600,108.54,109.32,108.54,108.99
1151005,1600,109.14,109.38,108.46,108.77
1151006,1600,109.8,110.26,109.63,109.86
1151007,1600,109.75,110.14,109.34,109.7
1151008,1600,109.16,110.27,109.06,109.14
1151009,1600,110.54,111.05,110.23,110.87
1151012,1600,111.67,111.73,111.01,111.31
1151013,1600,111.36,111.87,111.28,111.86
1151014,1600,112.63,113.95,112.3,113.81
1151015,1600,113.2,113.99,112.94,113.29
1151016,1600,113.24,113.44,112.43,112.49
1151019,1600,112.64,112.69,111.89,112.02
1151020,1600,112.38,113.09,112.38,112.73
1151021,1600,112.37,112.37,111.41,111.73
1151022,1600,111.52,112.21,111.43,111.69
1151023,1600,111.81,111.84,110.96,111.5
1151026,1600,111.73,111.98,111.33,111.43
1151027,1600,111.31,111.81,111.29,111.68
1151028,1600,112.68,113.25,110.31,110.78
1151029,1600,110.23,110.6,109.66,109.72
1151030,1600,109.5,109.58,109.06,109.3
1151102,1600,108.64,108.84,108.46,108.59
1151103,1600,107.79,107.81,106.68,106.98
1151104,1600,107.02,107.09,105.92,105.97
1151105,1600,106.01,106.1,105.58,105.64
1151106,1600,104.17,104.42,104.02,104.1
1151109,1600,104.29,104.58,104.19,104.4
1151110,1600,104.09,104.65,103.87,104.18
1151111,1600,104.09,104.23,103.78,103.83
1151112,1600,103.09,104.32,103.04,103.85
1151113,1600,103.54,103.74,103.45,103.56
1151116,1600,103.98,104.03,103.52,103.71
1151117,1600,103.38,103.4,101.98,102.34
1151118,1600,102.39,102.95,102.04,102.43
1151119,1600,103.07,104.09,103.07,103.56
1151120,1600,103.58,103.66,102.97,103.09
1151123,1600,102.48,102.75,102.16,102.26
1151124,1600,103.12,103.25,102.69,102.94
1151125,1600,102.47,102.69,102.21,102.46
1151127,1600,101.01,101.62,100.99,101.25
1151130,1600,101.53,102.38,101.52,101.92
1151201,1600,102.3,102.43,101.81,102.28
1151202,1600,101.35,101.35,100.53,100.69
1151203,1600,101.23,101.97,100.85,101.76
1151204,1600,102.74,104.21,102.65,104.02
1151207,1600,103.32,103.37,102.5,102.67
1151208,1600,103.13,103.26,102.53,102.84
1151209,1600,103.63,103.66,102.32,102.64
1151210,1600,102.51,102.83,102.34,102.55
1151211,1600,101.91,103.32,101.85,103.11
1151214,1600,102.58,102.72,101.74,101.79
1151215,1600,101.71,102.06,101.41,101.52
1151216,1600,102.59,103.2,101.66,102.75
1151217,1600,100.92,100.99,100.23,100.5
1151218,1600,101.35,102.53,101.3,102.04
1151221,1600,102.95,103.52,102.83,103.15
1151222,1600,103.09,103.2,102.56,102.61
1151223,1600,102.4,102.59,102.21,102.31
1151224,1600,102.82,103.05,102.77,103.05
1151228,1600,102.48,102.6,102.03,102.27
1151229,1600,102.52,102.58,102.11,102.2
1151230,1600,101.47,101.6,101.35,101.42
1151231,1600,101.48,101.72,101.31,101.46
1160104,1600,103.13,103.67,102.49,102.89
1160105,1600,103.13,103.46,102.93,103.18
1160106,1600,104.37,104.8,103.93,104.67
1160107,1600,105.83,106.24,105.19,106.15
1160108,1600,105.48,105.8,105.04,105.68
1160111,1600,105.47,105.57,104.71,104.74
1160112,1600,104.09,104.59,103.65,104.21
1160113,1600,103.89,104.82,103.78,104.72
1160114,1600,103.75,104.18,102.5,103.02
1160115,1600,104.92,104.96,103.97,104.08
1160119,1600,104.06,104.45,103.65,103.98
1160120,1600,105.17,106.16,104.94,105.37
1160121,1600,104.99,105.49,104.52,105.49
1160122,1600,104.93,105.51,104.76,105.0
1160125,1600,105.76,106.09,105.6,106.08
1160126,1600,106.32,107.43,106.26,107.29
1160127,1600,106.86,107.93,106.65,107.69
1160128,1600,106.55,106.86,106.48,106.54
1160129,1600,106.61,107.0,106.26,106.95
1160201,1600,107.54,108.15,107.53,108.05
1160202,1600,107.92,108.18,107.35,108.09
1160203,1600,107.91,109.58,107.9,109.25
1160204,1600,110.45,110.7,109.92,110.57
1160205,1600,109.79,112.35,109.58,112.32
1160208,1600,113.67,114.87,113.39,113.83
1160209,1600,114.43,114.69,113.55,113.58
1160210,1600,113.92,114.52,112.98,114.46
1160211,1600,118.59,120.84,117.77,119.06
1160212,1600,118.12,118.74,117.88,118.36
1160216,1600,116.0,116.31,114.74,114.77
1160217,1600,115.47,116.07,114.89,115.48
1160218,1600,115.3,118.6,115.29,118.29
1160219,1600,117.26,117.97,117.1,117.58
1160222,1600,115.44,116.19,115.41,115.49
1160223,1600,116.68,117.42,116.52,117.22
1160224,1600,119.0,119.86,117.35,117.61
1160225,1600,117.62,118.91,117.54,117.92
1160226,1600,117.43,117.72,115.86,117.11
1160229,1600,117.59,118.7,117.53,118.64
1160301,1600,118.74,119.11,117.34,117.77
1160302,1600,118.34,118.97,118.07,118.68
1160303,1600,118.86,121.3,118.81,120.73
1160304,1600,121.13,122.37,120.22,120.54
1160307,1600,121.18,121.58,120.41,121.14
1160308,1600,121.79,121.88,120.47,120.58
1160309,1600,119.2,120.39,118.84,119.58
1160310,1600,120.5,121.76,120.42,121.5
1160311,1600,121.19,121.39,119.36,119.41
1160314,1600,120.27,120.31,117.5,117.87
1160315,1600,117.78,118.04,117.36,117.96
1160316,1600,117.42,120.76,117.34,120.59
1160317,1600,121.16,121.18,120.03,120.13
1160318,1600,119.59,120.34,119.51,119.8
1160321,1600,119.0,119.33,118.73,118.96
1160322,1600,119.73,120.16,118.96,119.31
1160323,1600,116.74,117.12,116.16,116.61
1160324,1600,116.77,116.94,116.3,116.33
1160328,1600,116.73,116.91,116.27,116.6
1160329,1600,117.36,118.81,116.8,118.76
1160330,1600,117.88,118.2,116.91,117.1
1160331,1600,118.16,118.39,117.6,117.64
1160401,1600,116.08,116.98,115.55,116.93
1160404,1600,116.67,116.73,116.07,116.15
1160405,1600,117.76,117.93,117.15,117.66
1160406,1600,116.7,117.39,116.26,116.94
1160407,1600,118.65,118.85,115.0,118.61
1160408,1600,118.07,118.77,117.98,118.43
1160411,1600,119.47,120.3,119.42,120.03
1160412,1600,120.23,120.35,119.55,120.05
1160413,1600,119.37,119.43,118.56,118.77
1160414,1600,118.09,118.19,116.95,117.11
1160415,1600,117.33,118.12,117.19,117.92
1160418,1600,118.53,118.56,117.63,117.74
1160419,1600,119.87,120.09,119.37,119.58
1160420,1600,119.67,120.08,118.72,118.97
1160421,1600,120.42,120.55,119.13,119.42
1160422,1600,118.71,119.02,117.28,117.89
1160425,1600,118.14,118.71,118.11,118.23
1160426,1600,118.79,118.89,118.45,118.7
1160427,1600,118.97,119.7,118.43,119.04
1160428,1600,119.92,121.42,119.73,121.29
1160429,1600,122.43,123.93,122.34,123.65
1160502,1600,123.78,123.96,123.05,123.24
1160503,1600,123.73,123.82,122.51,122.96
1160504,1600,122.85,123.23,121.51,122.21
1160505,1600,122.63,122.73,121.25,122.07
1160506,1600,122.83,123.81,122.59,123.18
1160509,1600,121.2,121.29,120.59,120.65
1160510,1600,120.74,121.38,120.08,120.98
1160511,1600,121.85,122.16,121.38,122.12
1160512,1600,122.02,122.39,121.0,121.16
1160513,1600,121.09,121.86,120.66,121.71
1160516,1600,122.93,122.97,121.38,121.8
1160517,1600,121.58,122.52,121.48,122.22
1160518,1600,121.22,121.92,119.88,120.1
1160519,1600,119.0,119.98,118.92,119.87
1160520,1600,120.19,120.32,119.31,119.71
1160523,1600,118.86,119.6,118.75,119.37
1160524,1600,118.17,118.23,117.25,117.3
1160525,1600,116.59,117.06,116.32,116.98
1160526,1600,117.57,117.63,116.39,116.58
1160527,1600,116.27,116.36,115.29,115.62
1160531,1600,115.76,116.4,115.5,116.06
1160601,1600,115.97,116.14,115.2,115.94
1160602,1600,115.78,115.97,115.58,115.67
1160603,1600,118.25,118.89,118.23,118.88
1160606,1600,118.89,119.17,118.46,118.92
1160607,1600,118.5,119.02,118.41,118.82
1160608,1600,120.3,120.78,120.23,120.58
1160609,1600,120.61,121.48,120.55,121.25
1160610,1600,121.55,122.1,121.18,121.74
1160613,1600,122.8,122.83,122.03,122.64
1160614,1600,123.0,123.06,122.3,122.77
1160615,1600,122.52,123.87,122.38,123.68
1160616,1600,125.17,125.67,122.23,122.38
1160617,1600,123.26,124.1,122.69,123.95
1160620,1600,122.26,123.33,122.13,123.21
1160621,1600,121.65,121.86,120.77,120.84
1160622,1600,120.83,121.25,120.68,120.9
1160623,1600,120.49,121.03,120.06,120.11
1160624,1600,126.62,126.82,125.0,126.0
1160627,1600,126.44,127.05,125.83,126.68
1160628,1600,125.56,126.02,125.06,125.32
1160629,1600,125.91,126.81,125.7,125.84
1160630,1600,125.95,126.52,125.5,126.47
1160701,1600,127.66,128.42,127.44,128.41
1160705,1600,128.8,129.59,128.17,129.47
1160706,1600,130.5,131.15,129.82,130.23
1160707,1600,129.82,130.12,128.98,129.74
1160708,1600,129.85,130.52,128.97,130.52
1160711,1600,129.49,129.9,129.16,129.29
1160712,1600,128.52,128.54,126.99,127.15
1160713,1600,128.0,128.43,127.61,128.32
1160714,1600,126.31,127.37,126.03,127.33
1160715,1600,126.38,127.19,126.33,126.84
1160718,1600,127.02,127.5,126.63,127.04
1160719,1600,126.95,127.35,126.82,127.21
1160720,1600,125.5,126.12,125.31,125.39
1160721,1600,125.66,127.37,125.6,127.3
1160722,1600,126.43,126.52,126.01,126.35
1160725,1600,125.53,126.21,125.11,125.47
1160726,1600,126.09,126.14,125.75,126.0
1160727,1600,126.79,128.12,126.04,128.03
1160728,1600,128.09,128.2,127.21,127.66
1160729,1600,128.42,129.41,127.88,128.98
1160801,1600,128.57,129.34,128.56,129.22
1160802,1600,130.04,130.55,129.94,130.27
1160803,1600,129.95,129.96,129.27,129.65
1160804,1600,130.01,130.28,129.82,129.87
1160805,1600,128.46,128.55,127.39,127.55
1160808,1600,127.29,127.7,127.27,127.44
1160809,1600,127.94,128.14,127.75,127.96
1160810,1600,129.12,129.2,128.15,128.56
1160811,1600,128.61,129.19,127.48,127.67
1160812,1600,127.67,129.26,127.2,127.4
1160815,1600,127.62,128.25,127.6,127.84
1160816,1600,128.12,129.04,128.0,128.47
1160817,1600,128.17,128.99,127.46,128.5
1160818,1600,128.89,129.17,128.58,129.11
1160819,1600,128.08,128.67,127.86,127.97
1160822,1600,127.63,127.92,127.45,127.78
1160823,1600,128.14,128.22,127.61,127.76
1160824,1600,126.92,126.97,126.3,126.34
1160825,1600,125.98,126.31,125.96,126.23
1160826,1600,126.88,128.11,125.82,126.05
1160829,1600,126.0,126.48,125.93,126.3
1160830,1600,125.73,125.95,124.88,125.03
1160831,1600,124.73,125.11,124.64,124.78
1160901,1600,124.67,125.51,124.55,125.29
1160902,1600,126.29,126.57,125.58,126.57
1160906,1600,127.4,129.08,127.27,128.71
1160907,1600,128.79,128.86,128.12,128.27
1160908,1600,128.16,128.52,127.4,127.59
1160909,1600,127.24,127.51,126.7,126.75
1160912,1600,126.31,126.92,125.97,126.59
1160913,1600,126.47,126.6,125.53,125.75
1160914,1600,126.1,126.54,126.03,126.18
1160915,1600,125.73,126.1,124.91,125.37
1160916,1600,124.81,125.25,124.67,125.06
1160919,1600,125.61,125.62,125.25,125.32
1160920,1600,125.31,125.59,125.17,125.44
1160921,1600,126.33,127.42,125.96,127.27
1160922,1600,127.57,128.2,127.5,127.57
1160923,1600,127.6,127.86,127.43,127.65
1160926,1600,127.96,128.04,127.42,127.55
1160927,1600,126.86,126.9,126.34,126.62
1160928,1600,126.25,126.4,125.73,126.22
1160929,1600,125.84,126.34,125.54,126.07
1160930,1600,126.52,126.55,125.24,125.64
1161003,1600,125.32,125.46,124.9,125.32
1161004,1600,123.16,123.18,120.86,120.97
1161005,1600,121.33,121.59,120.4,120.78
1161006,1600,119.69,119.98,119.24,119.66
1161007,1600,120.49,120.58,118.42,119.74
1161010,1600,119.74,120.42,119.74,120.16
1161011,1600,119.92,120.16,119.53,119.55
1161012,1600,119.72,120.07,119.29,119.74
1161013,1600,120.0,120.42,119.8,120.03
1161014,1600,119.37,120.16,119.29,119.36
1161017,1600,119.7,119.92,119.58,119.68
1161018,1600,120.08,120.64,119.82,120.42
1161019,1600,121.13,121.46,120.89,121.11
1161020,1600,121.39,121.59,120.63,120.74
1161021,1600,120.9,120.93,120.55,120.83
1161024,1600,121.28,121.3,120.16,120.56
1161025,1600,120.89,121.76,120.86,121.47
1161026,1600,121.37,121.53,120.61,120.79
1161027,1600,121.11,121.18,120.75,121.01
1161028,1600,121.2,122.48,120.81,121.58
1161031,1600,121.51,122.0,121.23,121.94
1161101,1600,122.8,123.21,122.57,122.73
1161102,1600,123.76,124.76,123.56,123.64
1161103,1600,123.36,124.33,123.35,124.3
1161104,1600,124.4,124.54,124.04,124.39
1161107,1600,122.66,122.71,121.88,122.15
1161108,1600,122.12,123.09,121.36,121.64
1161109,1600,124.3,124.35,121.11,121.56
1161110,1600,121.52,121.54,119.38,119.75
1161111,1600,119.65,119.69,116.23,117.1
1161114,1600,116.12,117.14,115.49,116.11
1161115,1600,116.46,117.24,116.29,117.12
1161116,1600,117.27,117.27,116.58,116.77
1161117,1600,116.91,117.22,115.44,116.17
1161118,1600,115.52,115.77,114.96,115.15
1161121,1600,115.72,115.94,115.29,115.58
1161122,1600,115.72,115.79,114.98,115.54
1161123,1600,113.87,113.88,112.65,113.25
1161125,1600,113.42,113.51,112.35,112.61
1161128,1600,113.23,113.84,112.77,113.8
1161129,1600,112.76,113.48,112.69,113.27
1161130,1600,112.69,112.79,111.5,111.75
1161201,1600,111.11,111.99,110.63,111.54
1161202,1600,111.89,112.32,111.78,112.14
1161205,1600,111.15,112.11,110.31,111.54
1161206,1600,111.69,112.03,111.19,111.43
1161207,1600,112.13,112.5,111.77,111.83
1161208,1600,111.72,111.87,111.46,111.57
1161209,1600,111.18,111.25,110.19,110.4
1161212,1600,110.59,111.11,110.27,110.82
1161213,1600,110.57,110.79,110.06,110.45
1161214,1600,110.95,110.98,108.52,108.83
1161215,1600,107.85,107.99,107.0,107.34
1161216,1600,107.95,108.78,107.48,108.05
1161219,1600,108.6,108.88,108.34,108.59
1161220,1600,107.47,108.0,107.29,107.79
1161221,1600,108.25,108.31,107.68,107.85
1161222,1600,107.68,108.1,107.49,107.59
1161223,1600,107.84,108.25,107.8,107.93
1161227,1600,108.61,108.67,108.24,108.56
1161228,1600,108.4,108.91,108.29,108.86
1161229,1600,109.23,110.53,109.16,110.29
1161230,1600,110.38,110.62,109.53,109.61
1170103,1600,109.62,111.0,109.37,110.47
1170104,1600,111.06,111.22,110.61,110.86
1170105,1600,112.16,112.94,112.07,112.58
1170106,1600,111.81,112.38,111.57,111.75
1170109,1600,112.39,113.04,112.18,112.67
1170110,1600,112.94,113.45,112.64,113.15
1170111,1600,112.87,114.19,112.17,113.5
1170112,1600,114.52,114.93,113.81,113.91
1170113,1600,113.65,114.31,113.19,114.21
1170117,1600,115.89,115.96,115.5,115.85
1170118,1600,115.74,115.92,114.56,114.87
1170119,1600,114.32,114.96,113.94,114.77
1170120,1600,114.65,115.76,114.32,115.05
1170123,1600,115.51,116.17,115.2,115.79
1170124,1600,115.69,116.02,114.94,115.27
1170125,1600,114.14,114.44,113.68,114.32
1170126,1600,113.24,113.51,112.83,113.26
1170127,1600,112.93,113.55,112.81,113.49
1170130,1600,113.61,114.3,113.54,113.97
1170131,1600,115.27,115.82,115.18,115.55
1170201,1600,114.66,115.45,114.14,115.2
1170202,1600,116.26,116.57,115.63,115.84
1170203,1600,115.73,116.37,115.71,116.13
1170206,1600,117.07,117.74,116.74,117.7
1170207,1600,117.31,117.74,117.2,117.46
1170208,1600,118.09,118.59,117.81,118.19
1170209,1600,118.19,118.58,117.2,117.29
1170210,1600,116.68,117.86,116.67,117.6
1170213,1600,116.73,116.95,116.15,116.8
1170214,1600,117.51,117.56,116.38,116.93
1170215,1600,116.33,117.48,116.25,117.45
1170216,1600,117.93,118.35,117.83,118.08
1170217,1600,118.19,118.4,117.62,117.68
1170221,1600,117.04,118.0,116.77,117.75
1170222,1600,117.86,118.02,117.24,117.91
1170223,1600,118.76,119.16,118.68,118.94
1170224,1600,119.74,119.88,119.25,119.7
1170227,1600,119.73,120.4,119.12,119.12
1170228,1600,119.71,119.84,118.82,119.23
1170301,1600,117.98,119.12,117.95,119.06
1170302,1600,117.76,118.34,117.23,117.58
1170303,1600,116.95,117.73,116.44,117.51
1170306,1600,117.35,117.35,116.63,116.72
1170307,1600,116.13,116.25,115.62,115.78
1170308,1600,114.99,115.36,114.95,115.06
1170309,1600,114.78,115.03,114.41,114.47
1170310,1600,114.45,114.73,114.13,114.72
1170313,1600,114.63,114.91,114.51,114.74
1170314,1600,114.54,115.01,114.03,114.12
1170315,1600,114.29,116.25,114.02,116.25
1170316,1600,117.27,117.29,116.69,116.73
1170317,1600,117.04,117.27,116.91,116.99
1170320,1600,117.31,117.6,117.21,117.51
1170321,1600,117.77,118.8,117.76,118.54
1170322,1600,118.87,119.15,118.68,118.83
1170323,1600,119.15,119.25,118.32,118.67
1170324,1600,118.5,119.21,118.39,118.86
1170327,1600,119.93,120.08,119.27,119.53
1170328,1600,119.74,119.83,118.78,119.04
1170329,1600,119.22,119.45,119.05,119.33
1170330,1600,118.77,119.12,118.32,118.47
1170331,1600,118.61,119.08,118.46,118.72
1170403,1600,118.69,119.37,118.67,119.35
1170404,1600,119.59,119.77,119.38,119.62
1170405,1600,118.62,119.63,118.4,119.62
1170406,1600,119.22,119.42,118.98,119.18
1170407,1600,120.3,120.67,119.14,119.46
1170410,1600,119.04,119.69,118.85,119.46
1170411,1600,120.33,121.4,120.29,121.19
1170412,1600,121.38,122.22,121.14,122.02
1170413,1600,122.54,122.65,122.03,122.6
1170417,1600,122.55,123.07,121.99,122.24
1170418,1600,122.43,123.03,121.73,122.82
1170419,1600,122.25,122.26,121.28,121.73
1170420,1600,121.82,122.17,121.5,121.96
1170421,1600,122.14,122.61,121.73,122.31
1170424,1600,120.77,121.51,120.66,121.48
1170425,1600,120.53,120.87,120.05,120.25
1170426,1600,120.21,120.96,119.87,120.84
1170427,1600,120.42,120.6,119.97,120.39
1170428,1600,120.34,120.77,120.27,120.77
1170501,1600,120.21,120.75,119.35,119.67
1170502,1600,119.3,119.65,119.24,119.65
1170503,1600,119.18,119.34,117.92,117.98
1170504,1600,116.81,117.28,116.63,116.79
1170505,1600,116.86,117.07,116.68,117.01
1170508,1600,117.03,117.14,116.68,116.75
1170509,1600,116.18,116.24,115.56,116.05
1170510,1600,116.42,116.5,115.86,116.04
1170511,1600,116.21,116.85,116.19,116.5
1170512,1600,117.07,117.16,116.73,116.83
1170515,1600,117.52,117.54,116.99,117.14
1170516,1600,117.45,117.91,117.4,117.65
1170517,1600,119.36,120.02,119.27,119.79
1170518,1600,119.77,119.84,118.56,118.81
1170519,1600,119.39,119.55,118.88,119.4
1170522,1600,119.63,120.14,119.58,119.9
1170523,1600,120.13,120.19,118.98,119.14
1170524,1600,119.07,119.74,118.92,119.61
1170525,1600,119.52,119.7,119.29,119.48
1170526,1600,120.49,120.79,120.33,120.54
1170530,1600,120.24,120.33,119.95,120.14
1170531,1600,120.31,121.23,120.26,120.62
1170601,1600,120.17,120.74,120.06,120.72
1170602,1600,121.31,121.71,121.19,121.61
1170605,1600,121.91,121.94,121.58,121.73
1170606,1600,123.09,123.31,122.77,123.1
1170607,1600,122.79,123.16,122.02,122.45
1170608,1600,122.07,122.08,120.95,121.65
1170609,1600,120.46,120.91,120.4,120.54
1170612,1600,120.33,120.69,120.27,120.36
1170613,1600,119.95,120.71,119.92,120.48
1170614,1600,121.51,121.88,119.57,119.82
1170615,1600,119.22,119.5,119.13,119.32
1170616,1600,119.35,119.5,119.24,119.34
1170619,1600,118.74,118.84,118.33,118.43
1170620,1600,118.42,118.46,118.07,118.18
1170621,1600,118.15,118.66,118.15,118.52
1170622,1600,119.13,119.2,118.6,118.92
1170623,1600,119.65,119.66,119.31,119.43
1170626,1600,118.29,118.54,118.17,118.36
1170627,1600,118.87,119.05,118.48,118.81
1170628,1600,119.06,119.06,118.69,118.9
1170629,1600,117.97,118.64,117.91,118.32
1170630,1600,118.08,118.41,117.95,118.02
1170703,1600,116.54,116.85,115.94,116.09
1170705,1600,115.91,116.67,115.87,116.52
1170706,1600,116.58,116.61,116.24,116.47
1170707,1600,115.78,115.79,114.8,115.28
1170710,1600,115.02,115.57,114.83,115.47
1170711,1600,115.26,115.77,114.88,115.62
1170712,1600,116.21,116.33,115.87,116.03
1170713,1600,116.04,116.04,115.67,115.82
1170714,1600,117.04,117.25,116.64,116.77
1170717,1600,117.42,117.53,117.23,117.29
1170718,1600,117.99,118.33,117.88,118.11
1170719,1600,118.18,118.27,117.84,118.08
1170720,1600,117.92,118.62,117.66,118.24
1170721,1600,119.0,119.39,118.75,119.26
1170724,1600,119.52,119.58,119.18,119.31
1170725,1600,118.99,119.32,118.79,118.92
1170726,1600,118.57,120.15,118.55,119.88
1170727,1600,120.1,120.14,119.28,119.79
1170728,1600,120.15,120.86,120.14,120.69
1170731,1600,120.5,120.81,120.45,120.75
1170801,1600,120.44,121.14,120.44,120.65
1170802,1600,120.51,121.02,120.34,120.4
1170803,1600,120.31,120.83,120.31,120.59
1170804,1600,119.97,120.04,119.22,119.65
1170807,1600,119.43,119.79,119.43,119.51
1170808,1600,120.02,120.12,118.97,119.86
1170809,1600,121.02,121.55,120.76,121.31
1170810,1600,122.08,122.44,122.03,122.21
1170811,1600,122.24,122.83,122.03,122.79
1170814,1600,121.98,122.24,121.68,121.92
1170815,1600,120.6,121.23,120.58,120.98
1170816,1600,120.66,122.06,120.66,121.87
1170817,1600,122.29,122.61,121.76,122.49
1170818,1600,123.37,123.54,122.0,122.3
1170821,1600,122.54,122.98,122.5,122.76
1170822,1600,122.56,122.56,121.85,122.21
1170823,1600,122.58,122.69,122.31,122.67
1170824,1600,122.39,122.64,122.13,122.29
1170825,1600,122.77,123.02,121.29,122.74
1170828,1600,123.33,124.73,123.33,124.69
1170829,1600,125.81,125.87,124.05,124.42
1170830,1600,124.33,124.62,124.16,124.36
1170831,1600,124.58,125.84,124.55,125.82
1170901,1600,126.01,126.17,125.12,126.06
1170905,1600,126.65,127.78,126.57,127.46
1170906,1600,127.34,127.44,126.55,126.81
1170907,1600,127.56,128.32,127.39,128.13
1170908,1600,128.21,128.3,127.59,127.97
1170911,1600,126.74,126.94,126.05,126.19
1170912,1600,126.03,126.59,125.94,126.56
1170913,1600,126.4,126.45,125.5,125.61
1170914,1600,125.66,126.44,125.62,126.16
1170915,1600,125.99,125.99,125.41,125.53
1170918,1600,124.71,124.76,123.97,124.36
1170919,1600,124.49,124.65,124.03,124.62
1170920,1600,124.68,125.06,123.15,123.62
1170921,1600,122.56,123.07,122.49,122.68
1170922,1600,123.03,123.39,122.93,123.24
1170925,1600,122.78,124.66,122.71,124.53
1170926,1600,123.57,123.81,122.9,123.14
1170927,1600,122.04,122.51,121.88,121.98
1170928,1600,122.04,122.48,121.83,122.21
1170929,1600,122.29,122.3,121.55,121.58
1171002,1600,121.17,121.34,120.74,120.77
1171003,1600,120.72,121.1,120.7,120.83
1171004,1600,121.21,121.27,120.71,121.17
1171005,1600,121.15,121.24,120.4,120.52
1171006,1600,120.26,121.21,119.78,121.09
1171009,1600,121.64,122.11,121.55,122.08
1171010,1600,122.62,122.97,122.36,122.4
1171011,1600,122.57,122.88,122.03,122.79
1171012,1600,122.84,123.04,122.5,122.89
1171013,1600,123.66,123.86,123.34,123.82
1171016,1600,123.82,123.97,122.57,122.97
1171017,1600,122.03,122.32,121.73,122.13
1171018,1600,121.71,121.94,121.55,121.67
1171019,1600,122.2,122.55,122.11,122.39
1171020,1600,121.68,121.98,121.39,121.61
1171023,1600,120.98,121.9,120.96,121.8
1171024,1600,121.26,121.71,120.98,121.33
1171025,1600,121.31,121.59,120.84,121.35
1171026,1600,121.16,121.16,120.22,120.33
1171027,1600,120.38,120.99,120.21,120.9
1171030,1600,120.38,121.47,120.38,121.13
1171031,1600,120.82,120.84,120.38,120.67
1171101,1600,120.98,121.55,120.84,121.11
1171102,1600,121.29,121.96,121.05,121.19
1171103,1600,121.36,121.43,120.18,120.62
1171106,1600,120.72,121.85,120.68,121.65
1171107,1600,121.51,121.56,120.78,121.21
1171108,1600,121.95,122.25,121.59,121.63
1171109,1600,121.85,122.41,121.73,122.13
1171110,1600,121.99,122.11,120.94,121.13
1171113,1600,121.43,121.55,121.27,121.31
1171114,1600,120.9,121.91,120.77,121.56
1171115,1600,122.13,122.36,121.25,121.41
1171116,1600,121.45,121.71,121.29,121.4
1171117,1600,122.15,123.17,121.95,122.86
1171120,1600,122.3,122.41,121.04,121.31
1171121,1600,121.67,122.0,121.5,121.51
1171122,1600,122.26,122.95,122.17,122.63
1171124,1600,122.36,122.61,122.22,122.32
1171127,1600,123.26,123.33,122.67,122.83
1171128,1600,123.05,123.17,122.53,122.81
1171129,1600,122.24,122.33,121.74,122.04
1171130,1600,121.44,121.7,120.64,121.1
1171201,1600,120.94,122.43,120.74,121.59
1171204,1600,121.15,121.2,120.84,121.18
1171205,1600,120.1,120.51,119.72,120.32
1171206,1600,120.04,120.44,119.87,120.07
1171207,1600,119.01,119.24,118.1,118.49
1171208,1600,118.49,118.92,118.33,118.48
1171211,1600,118.37,118.54,117.8,118.01
1171212,1600,117.65,118.17,117.4,118.15
1171213,1600,118.19,119.35,118.01,119.17
1171214,1600,119.1,119.29,118.71,118.93
1171215,1600,119.41,119.5,118.97,119.18
1171218,1600,119.63,119.99,119.6,119.73
1171219,1600,119.67,119.9,119.53,119.82
1171220,1600,119.98,120.36,119.81,120.14
1171221,1600,120.07,120.45,120.0,120.31
1171222,1600,120.67,121.14,120.57,120.94
1171226,1600,121.55,121.87,121.51,121.77
1171227,1600,122.0,122.34,121.88,122.23
1171228,1600,122.82,122.92,122.56,122.85
1171229,1600,123.7,124.09,123.46,123.65
1180102,1600,124.66,125.18,124.39,125.15
1180103,1600,125.05,125.09,124.1,124.82
1180104,1600,124.89,125.85,124.74,125.46
1180105,1600,124.93,125.48,124.83,125.33
1180108,1600,125.2,125.32,124.9,125.31
1180109,1600,124.49,124.86,124.23,124.73
1180110,1600,125.17,125.31,124.72,125.03
1180111,1600,125.37,125.66,125.25,125.44
1180112,1600,126.01,127.13,125.81,126.96
1180116,1600,126.6,127.18,126.4,127.17
1180117,1600,126.77,127.22,125.9,126.14
1180118,1600,126.13,126.52,125.8,125.86
1180119,1600,126.57,126.73,126.41,126.42
1180122,1600,126.51,126.75,126.28,126.65
1180123,1600,126.53,127.35,126.34,127.28
1180124,1600,128.39,129.26,128.23,128.83
1180125,1600,128.69,129.51,127.36,127.97
1180126,1600,128.24,128.52,127.97,128.07
1180129,1600,127.58,127.63,126.92,127.35
1180130,1600,127.91,127.92,126.74,126.8
1180131,1600,127.45,127.85,126.4,127.65
1180201,1600,127.18,128.15,127.08,128.07
1180202,1600,126.81,126.85,125.96,126.39
1180205,1600,126.82,127.31,126.44,126.71
1180206,1600,126.54,126.55,125.22,125.38
1180207,1600,125.48,125.77,124.41,124.79
1180208,1600,124.92,125.44,124.51,124.98
1180209,1600,124.65,125.14,124.39,124.77
1180212,1600,125.19,125.82,125.11,125.37
1180213,1600,125.67,126.18,125.52,126.08
1180214,1600,126.47,128.59,126.29,128.23
1180215,1600,128.43,128.57,127.94,128.38
1180216,1600,128.3,128.7,127.57,127.96
1180220,1600,127.28,127.4,126.04,126.24
1180221,1600,126.36,126.76,125.44,125.66
1180222,1600,125.92,126.37,125.88,126.3
1180223,1600,126.06,126.3,125.85,126.14
1180226,1600,126.45,126.62,126.18,126.45
1180227,1600,126.06,126.15,124.59,125.13
1180228,1600,125.09,125.46,124.81,125.0
1180301,1600,124.15,125.31,123.58,124.72
1180302,1600,125.67,125.69,124.97,125.39
1180305,1600,125.35,125.48,124.96,125.18
1180306,1600,126.2,126.96,126.13,126.53
1180307,1600,126.22,126.29,125.42,125.72
1180308,1600,125.69,125.7,125.13,125.42
1180309,1600,124.94,125.69,124.78,125.54
1180312,1600,125.04,125.57,124.84,125.54
1180313,1600,125.67,125.99,125.05,125.78
1180314,1600,125.49,125.76,125.34,125.7
1180315,1600,125.12,125.21,124.72,124.9
1180316,1600,124.84,124.87,124.21,124.6
1180319,1600,124.57,125.16,124.42,124.87
1180320,1600,124.41,124.55,123.96,124.31
1180321,1600,125.4,126.76,125.03,126.48
1180322,1600,126.09,126.34,125.64,125.98
1180323,1600,127.82,128.06,127.61,127.61
1180326,1600,128.05,128.58,128.01,128.28
1180327,1600,127.23,127.62,127.05,127.49
1180328,1600,126.48,126.61,125.51,125.73
1180329,1600,125.42,125.81,125.31,125.79
1180402,1600,126.65,127.54,126.38,127.26
1180403,1600,126.54,126.59,126.01,126.3
1180404,1600,127.5,127.53,126.32,126.45
1180405,1600,125.45,126.08,125.43,125.8
1180406,1600,126.57,126.6,126.13,126.39
1180409,1600,126.45,126.86,126.23,126.82
1180410,1600,127.02,127.31,126.67,127.12
1180411,1600,128.09,129.47,127.78,128.11
1180412,1600,127.25,127.34,126.47,126.62
1180413,1600,127.07,127.75,127.03,127.45
1180416,1600,127.74,128.05,127.57,127.63
1180417,1600,127.02,127.78,127.0,127.75
1180418,1600,128.32,128.54,127.75,127.85
1180419,1600,127.81,127.88,127.13,127.6
1180420,1600,126.69,126.97,126.55,126.63
1180423,1600,125.62,125.76,125.34,125.62
1180424,1600,125.78,126.34,125.67,126.23
1180425,1600,125.23,125.51,125.06,125.41
1180426,1600,125.54,125.57,124.69,124.97
1180427,1600,125.2,125.62,125.17,125.5
1180430,1600,124.41,125.2,124.19,124.59
1180501,1600,123.9,123.98,123.39,123.71
1180502,1600,123.9,124.54,123.58,123.65
1180503,1600,124.66,124.76,124.24,124.28
1180504,1600,124.1,124.65,124.0,124.54
1180507,1600,124.5,124.7,124.3,124.57
1180508,1600,124.14,124.95,123.79,124.59
1180509,1600,124.45,124.87,124.24,124.33
1180510,1600,125.22,125.37,124.75,125.18
1180511,1600,125.57,125.59,124.94,125.0
1180514,1600,125.16,125.21,124.44,124.49
1180515,1600,122.82,122.82,122.13,122.48
1180516,1600,122.38,122.61,122.03,122.29
1180517,1600,122.23,122.43,122.04,122.36
1180518,1600,122.05,122.65,122.01,122.41
1180521,1600,122.16,122.53,121.97,122.48
1180522,1600,122.7,122.74,122.34,122.41
1180523,1600,122.14,122.74,122.11,122.54
1180524,1600,123.1,123.82,123.08,123.59
1180525,1600,123.66,123.7,123.21,123.21
1180529,1600,122.84,123.64,122.66,123.19
1180530,1600,123.17,123.61,123.17,123.37
1180531,1600,123.26,123.78,123.1,123.1
1180601,1600,122.58,123.09,122.44,122.49
1180604,1600,122.85,122.93,122.37,122.37
1180605,1600,122.55,123.23,122.28,122.85
1180606,1600,123.08,123.35,122.63,122.92
1180607,1600,122.96,123.15,122.69,122.86
1180608,1600,123.08,123.12,122.91,123.01
1180611,1600,123.1,123.42,123.02,123.23
1180612,1600,122.95,123.18,122.64,122.82
1180613,1600,122.84,123.34,122.47,123.19
1180614,1600,123.63,123.86,123.32,123.38
1180615,1600,122.18,122.2,120.83,121.34
1180618,1600,121.35,121.44,120.99,121.11
1180619,1600,120.81,121.03,120.58,120.8
1180620,1600,120.79,120.81,120.16,120.26
1180621,1600,119.92,120.32,119.82,120.05
1180622,1600,120.21,120.4,120.1,120.34
1180625,1600,120.0,120.23,119.83,119.89
1180626,1600,119.28,119.59,119.09,119.26
1180627,1600,118.96,119.05,118.48,118.58
1180628,1600,118.59,118.67,118.01,118.22
1180629,1600,118.43,118.94,118.26,118.65
1180702,1600,118.18,118.21,117.4,117.46
1180703,1600,118.41,119.08,118.38,118.65
1180705,1600,118.92,119.33,118.77,119.05
1180706,1600,118.97,119.03,118.73,118.86
1180709,1600,119.65,119.73,119.14,119.15
1180710,1600,118.89,119.0,118.61,118.93
1180711,1600,118.45,118.53,117.62,117.64
1180712,1600,118.0,118.26,117.94,118.13
1180713,1600,117.62,117.75,117.45,117.61
1180716,1600,117.51,117.63,117.28,117.55
1180717,1600,116.72,116.93,116.12,116.28
1180718,1600,116.03,116.35,115.83,116.31
1180719,1600,115.13,116.47,115.12,115.81
1180720,1600,116.4,116.71,116.24,116.56
1180723,1600,116.25,116.31,115.76,116.0
1180724,1600,116.22,116.43,115.91,116.04
1180725,1600,116.79,116.84,116.27,116.68
1180726,1600,116.24,116.51,115.77,115.77
1180727,1600,115.92,116.24,115.77,115.83
1180730,1600,115.8,116.02,115.64,115.65
1180731,1600,115.47,116.35,115.39,115.99
1180801,1600,115.63,115.7,115.13,115.14
1180802,1600,115.17,115.23,114.42,114.52
1180803,1600,115.09,115.53,114.86,114.92
1180806,1600,114.56,114.72,114.31,114.33
1180807,1600,114.85,114.94,114.42,114.59
1180808,1600,114.75,114.95,114.41,114.91
1180809,1600,115.02,115.12,114.69,114.74
1180810,1600,114.81,115.23,114.61,114.69
1180813,1600,113.81,113.81,112.83,112.96
1180814,1600,113.25,113.48,112.84,113.07
1180815,1600,112.17,112.18,111.06,111.19
1180816,1600,111.46,111.88,111.1,111.1
1180817,1600,111.69,112.15,111.38,112.13
1180820,1600,112.38,112.74,112.16,112.69
1180821,1600,112.77,113.1,112.44,113.02
1180822,1600,113.39,113.49,113.07,113.27
1180823,1600,112.68,112.88,112.06,112.2
1180824,1600,113.25,114.42,113.21,114.16
1180827,1600,114.12,114.78,114.12,114.59
1180828,1600,114.76,114.87,113.55,113.68
1180829,1600,114.16,114.21,113.85,114.2
1180830,1600,113.92,113.93,113.24,113.64
1180831,1600,113.72,114.06,113.44,113.51
1180904,1600,112.75,113.07,112.61,112.93
1180905,1600,113.36,113.44,113.12,113.32
1180906,1600,113.89,114.26,113.28,113.54
1180907,1600,113.26,113.6,112.97,113.23
1180910,1600,113.26,113.43,113.0,113.15
1180911,1600,112.65,113.37,112.42,113.22
1180912,1600,113.12,114.39,113.06,114.17
1180913,1600,114.72,114.78,113.58,113.76
1180914,1600,113.79,113.9,112.91,113.02
1180917,1600,113.6,114.03,113.55,113.61
1180918,1600,113.79,113.91,113.28,113.44
1180919,1600,113.94,114.15,113.68,113.88
1180920,1600,114.21,114.37,113.86,114.27
1180921,1600,112.87,113.68,112.79,113.49
1180924,1600,113.68,113.96,113.43,113.47
1180925,1600,113.75,113.89,113.57,113.65
1180926,1600,113.11,113.6,112.66,113.05
1180927,1600,112.1,112.42,111.85,112.05
1180928,1600,112.16,113.0,112.07,112.76
1181001,1600,112.4,112.62,112.15,112.57
1181002,1600,113.7,114.33,113.61,113.87
1181003,1600,113.87,114.05,113.26,113.42
1181004,1600,113.83,114.19,113.26,113.48
1181005,1600,113.81,114.1,113.57,113.8
1181008,1600,112.25,112.59,111.9,112.54
1181009,1600,112.37,112.67,111.97,112.6
1181010,1600,112.47,112.96,112.25,112.88
1181011,1600,114.2,116.04,114.09,115.78
1181012,1600,115.58,115.71,115.08,115.23
1181015,1600,116.12,116.53,115.89,116.0
1181016,1600,116.49,116.6,115.8,115.8
1181017,1600,115.89,116.33,115.68,115.79
1181018,1600,115.83,116.41,115.63,115.92
1181019,1600,116.23,116.24,115.96,116.01
1181022,1600,115.57,115.78,115.43,115.71
1181023,1600,117.16,117.25,116.33,116.39
1181024,1600,116.38,116.72,116.11,116.66
1181025,1600,116.58,116.73,116.19,116.4
1181026,1600,116.83,117.65,116.46,116.77
1181029,1600,116.41,116.54,115.84,116.31
1181030,1600,115.85,116.04,115.64,115.8
1181031,1600,114.89,115.17,114.66,115.15
1181101,1600,116.33,117.07,116.18,116.63
1181102,1600,116.61,116.98,116.39,116.65
1181105,1600,116.28,116.67,116.23,116.37
1181106,1600,116.44,116.53,115.74,116.04
1181107,1600,116.26,116.35,115.9,116.03
1181108,1600,115.77,116.15,115.5,115.78
1181109,1600,114.6,114.75,114.14,114.48
1181112,1600,114.01,114.05,113.58,113.66
1181113,1600,113.72,113.93,113.42,113.7
1181114,1600,113.53,115.06,113.46,114.64
1181115,1600,114.83,114.99,114.56,114.77
1181116,1600,115.83,115.88,115.37,115.62
1181119,1600,115.45,115.92,115.37,115.67
1181120,1600,115.94,115.95,115.37,115.67
1181121,1600,115.94,116.35,115.86,115.86
1181123,1600,115.76,115.88,115.59,115.77
1181126,1600,115.84,115.87,115.53,115.64
1181127,1600,115.55,115.63,114.6,114.95
1181128,1600,114.76,116.07,114.59,115.38
1181129,1600,115.97,116.24,115.56,115.74
1181130,1600,115.42,115.66,115.04,115.54
1181203,1600,116.6,116.77,116.3,116.41
1181204,1600,117.37,117.39,116.93,117.12
1181206,1600,117.38,117.69,116.92,117.14
1181207,1600,117.62,118.23,117.54,118.09
1181210,1600,117.7,117.94,117.42,117.68
1181211,1600,117.67,117.89,117.35,117.54
1181212,1600,117.7,117.95,117.61,117.79
1181213,1600,117.54,117.62,117.26,117.53
1181214,1600,116.63,117.3,116.58,117.06
1181217,1600,117.37,118.03,117.35,117.87
1181218,1600,117.85,118.2,117.81,118.15
1181219,1600,118.24,118.96,117.4,117.43
1181220,1600,119.11,119.74,118.68,119.24
1181221,1600,119.19,119.25,118.57,118.72
1181224,1600,119.57,120.14,119.57,120.02
1181226,1600,120.62,121.0,119.57,119.66
1181227,1600,120.57,120.9,120.14,120.57
1181228,1600,120.8,121.08,120.72,121.06
1181231,1600,120.98,121.26,120.83,121.25
1190102,1600,121.35,121.75,120.88,121.33
1190103,1600,121.78,122.46,121.73,122.43
1190104,1600,121.32,121.6,120.69,121.44
1190107,1600,122.16,122.22,121.57,121.86
1190108,1600,121.15,121.71,121.06,121.53
1190109,1600,121.45,122.34,121.44,122.31
1190110,1600,121.98,122.18,121.57,121.59
1190111,1600,121.74,122.05,121.66,121.8
1190114,1600,122.15,122.24,121.87,122.09
1190115,1600,122.28,122.38,121.62,121.88
1190116,1600,122.04,122.44,122.02,122.27
1190117,1600,122.03,122.26,121.81,122.11
1190118,1600,121.23,121.52,121.02,121.02
1190122,1600,121.18,121.5,120.9,121.45
1190123,1600,120.96,121.54,120.86,121.28
1190124,1600,121.16,121.36,120.92,121.09
1190125,1600,122.02,122.91,122.02,122.86
1190128,1600,122.75,123.29,122.72,123.29
1190129,1600,123.71,124.0,123.46,123.98
1190130,1600,123.91,125.07,123.7,124.69
1190131,1600,125.18,125.23,124.62,124.75
1190201,1600,124.89,125.05,124.37,124.5
1190204,1600,123.99,124.29,123.82,123.96
1190205,1600,124.29,124.42,124.05,124.28
1190206,1600,124.16,124.19,123.4,123.44
1190207,1600,123.8,123.95,123.44,123.74
1190208,1600,124.05,124.33,123.98,124.21
1190211,1600,123.19,123.82,123.19,123.6
1190212,1600,123.96,124.03,123.61,123.86
1190213,1600,123.84,124.55,123.31,123.37
1190214,1600,123.84,124.2,123.53,124.06
1190215,1600,124.59,125.0,124.18,124.8
1190219,1600,125.98,126.79,125.93,126.7
1190220,1600,127.0,127.21,126.31,126.48
1190221,1600,126.15,126.22,125.05,125.05
1190222,1600,125.53,125.95,125.39,125.5
1190225,1600,125.78,125.9,125.23,125.37
1190226,1600,125.33,125.62,125.05,125.58
1190227,1600,125.17,125.23,124.4,124.69
1190228,1600,124.71,124.71,123.98,123.99
1190301,1600,123.48,123.96,121.87,121.88
1190304,1600,121.56,121.85,121.18,121.56
1190305,1600,121.38,121.73,121.03,121.72
1190306,1600,121.43,121.64,121.26,121.61
1190307,1600,121.27,121.71,121.18,121.51
1190308,1600,122.7,122.89,122.37,122.84
1190311,1600,122.52,122.54,121.92,122.24
1190312,1600,122.54,123.03,122.4,122.98
1190313,1600,123.56,123.88,123.43,123.84
1190314,1600,122.33,122.55,122.12,122.41
1190315,1600,123.06,123.4,122.91,122.97
1190318,1600,123.3,123.4,122.89,123.04
1190319,1600,123.72,123.79,123.34,123.38
1190320,1600,123.66,124.42,122.65,124.18
1190321,1600,124.36,124.37,123.11,123.68
1190322,1600,123.93,124.22,123.73,123.97
1190325,1600,124.56,125.11,124.48,124.92
1190326,1600,124.48,124.51,124.07,124.3
1190327,1600,124.35,124.38,123.56,123.65
1190328,1600,122.28,122.36,121.71,121.9
1190329,1600,122.64,122.75,122.01,122.01
1190401,1600,122.4,122.43,121.46,121.53
1190402,1600,121.72,122.01,121.68,121.98
1190403,1600,121.73,122.01,121.68,121.8
1190404,1600,121.1,122.24,120.96,122.11
1190405,1600,121.88,122.13,121.66,121.98
1190408,1600,122.97,123.02,122.4,122.51
1190409,1600,123.26,123.35,123.03,123.15
1190410,1600,123.22,123.77,123.19,123.53
1190411,1600,122.54,122.75,121.79,121.95
1190412,1600,121.96,122.31,121.8,121.83
1190415,1600,121.2,121.82,121.1,121.6
1190416,1600,120.38,120.63,120.19,120.51
1190417,1600,120.46,120.51,120.2,120.28
1190418,1600,120.24,120.54,120.15,120.37
1190422,1600,120.46,120.5,120.27,120.37
1190423,1600,119.67,120.2,119.55,120.12
1190424,1600,120.06,120.72,120.04,120.47
1190425,1600,120.72,121.1,120.5,120.57
1190426,1600,121.26,121.67,121.22,121.37
1190429,1600,120.88,120.91,120.67,120.83
1190430,1600,120.89,121.36,120.85,121.2
1190501,1600,121.03,121.55,120.18,120.4
1190502,1600,119.69,120.11,119.54,119.94
1190503,1600,120.56,121.08,120.48,120.65
1190506,1600,120.61,121.12,120.54,120.81
1190507,1600,121.02,121.42,120.91,121.21
1190508,1600,121.54,121.54,120.77,120.91
1190509,1600,120.96,121.62,120.86,121.2
1190510,1600,121.41,121.73,121.3,121.43
1190513,1600,122.63,122.85,122.33,122.67
1190514,1600,122.6,122.66,122.12,122.46
1190515,1600,122.71,122.77,122.22,122.39
1190516,1600,122.03,122.07,121.19,121.51
1190517,1600,121.03,121.06,120.33,120.65
1190520,1600,120.51,120.74,120.42,120.64
1190521,1600,120.08,120.36,119.83,120.36
1190522,1600,120.35,120.5,120.19,120.24
1190523,1600,120.82,121.52,120.77,121.17
1190524,1600,121.13,121.31,120.89,121.3
1190528,1600,120.8,120.84,120.46,120.83
1190529,1600,121.11,121.26,120.75,120.87
1190530,1600,120.96,121.69,120.8,121.69
1190531,1600,122.55,123.4,122.32,123.33
1190603,1600,124.09,125.34,123.9,125.11
1190604,1600,124.88,125.42,124.61,125.15
1190605,1600,126.18,126.37,125.24,125.47
1190606,1600,125.93,126.45,125.8,125.88
1190607,1600,126.79,127.25,126.32,126.59
1190610,1600,125.46,125.53,125.07,125.33
1190611,1600,124.94,125.4,124.88,125.18
1190612,1600,125.6,126.2,125.56,125.83
1190613,1600,126.03,126.77,125.96,126.6
1190614,1600,127.21,127.63,126.26,126.56
1190617,1600,126.7,126.77,126.17,126.48
1190618,1600,127.58,127.75,126.39,127.12
1190619,1600,126.77,127.99,126.7,127.89
1190620,1600,130.41,131.49,130.19,131.11
1190621,1600,131.77,132.17,131.07,131.98
1190624,1600,132.77,134.04,132.58,133.94
1190625,1600,134.9,135.55,133.21,134.2
1190626,1600,132.99,133.55,132.41,132.97
1190627,1600,132.38,132.97,132.26,132.84
1190628,1600,133.05,133.34,132.61,133.2
1190701,1600,131.56,131.76,130.55,130.62
1190702,1600,131.27,133.63,131.16,133.41
1190703,1600,133.61,134.1,133.23,133.63
1190705,1600,131.46,132.32,130.81,132.14
1190708,1600,132.18,132.34,131.28,131.29
1190709,1600,131.43,132.1,131.16,131.75
1190710,1600,132.94,133.87,132.35,133.83
1190711,1600,133.58,133.7,132.41,132.7
1190712,1600,132.89,133.69,132.53,133.53
1190715,1600,133.18,133.53,132.81,133.53
1190716,1600,133.18,133.3,132.13,132.4
1190717,1600,133.0,134.6,132.89,134.58
1190718,1600,133.83,136.63,133.61,136.48
1190719,1600,135.45,136.03,133.97,134.47
1190722,1600,134.56,134.82,134.32,134.45
1190723,1600,134.43,134.95,133.56,133.69
1190724,1600,134.59,134.84,133.98,134.37
1190725,1600,134.24,134.28,133.09,133.42
1190726,1600,134.24,134.29,133.59,133.64
1190729,1600,134.06,134.73,133.44,134.53
1190730,1600,134.76,135.18,134.41,134.98
1190731,1600,135.03,135.42,133.02,133.21
1190801,1600,132.42,136.43,132.31,136.41
1190802,1600,135.39,136.6,135.37,135.89
1190805,1600,137.93,138.64,137.05,137.79
1190806,1600,138.33,139.03,138.01,138.91
1190807,1600,141.28,142.47,140.88,141.02
1190808,1600,140.9,142.37,140.71,141.73
1190809,1600,141.28,142.03,140.96,141.26
1190812,1600,141.67,143.38,141.64,142.63
1190813,1600,143.17,143.29,139.35,141.78
1190814,1600,142.9,143.75,142.05,142.75
1190815,1600,142.96,144.02,142.61,143.7
1190816,1600,142.75,143.13,141.8,142.78
1190819,1600,141.33,141.79,140.85,141.11
1190820,1600,141.77,142.26,141.6,142.21
1190821,1600,141.62,142.17,141.46,141.76
1190822,1600,141.39,141.9,141.17,141.4
1190823,1600,141.84,144.33,141.64,144.17
1190826,1600,144.35,144.97,143.91,144.19
1190827,1600,144.3,145.68,144.27,145.57
1190828,1600,145.39,145.68,144.64,145.16
1190829,1600,145.4,145.49,143.28,144.12
1190830,1600,143.84,144.88,143.02,143.75
1190903,1600,144.96,146.13,144.74,145.75
1190904,1600,145.54,146.82,145.5,146.66
1190905,1600,144.98,145.01,142.0,143.14
1190906,1600,143.64,144.06,141.86,141.92
1190909,1600,142.37,142.46,141.18,141.39
1190910,1600,141.23,141.53,140.16,140.18
1190911,1600,140.34,141.26,140.28,141.03
1190912,1600,142.68,143.1,141.11,141.32
1190913,1600,141.73,141.99,140.06,140.15
1190916,1600,141.6,142.05,141.02,141.32
1190917,1600,141.82,142.11,141.22,141.6
1190918,1600,141.93,142.53,139.81,140.71
1190919,1600,141.57,141.74,141.09,141.28
1190920,1600,141.61,143.03,141.46,142.95
1190923,1600,143.22,143.94,143.07,143.75
1190924,1600,143.21,144.77,142.88,144.51
1190925,1600,144.08,144.29,141.44,141.83
1190926,1600,142.19,142.57,141.56,141.79
1190927,1600,140.35,141.68,140.16,141.06
1190930,1600,139.77,140.21,138.03,138.87
1191001,1600,138.07,140.19,137.8,139.63
1191002,1600,140.79,141.88,140.46,141.26
1191003,1600,141.36,143.25,141.29,141.9
1191004,1600,141.48,142.31,141.14,141.9
1191007,1600,141.16,141.77,140.24,140.69
1191008,1600,142.03,142.29,141.17,141.92
1191009,1600,142.16,142.58,141.62,142.05
1191010,1600,141.59,141.66,140.58,140.81
1191011,1600,139.97,140.19,138.91,140.03
1191014,1600,140.45,140.82,140.34,140.59
1191015,1600,140.27,140.3,139.21,139.61
1191016,1600,140.14,140.53,139.7,140.41
1191017,1600,140.5,141.12,140.42,140.61
1191018,1600,140.5,140.71,140.32,140.46
1191021,1600,140.72,140.76,139.6,139.79
1191022,1600,140.13,140.3,139.72,140.2
1191023,1600,140.59,141.0,140.5,140.53
1191024,1600,141.02,141.74,140.93,141.53
1191025,1600,142.79,142.83,141.4,141.86
1191028,1600,141.25,141.25,140.4,140.64
1191029,1600,140.0,140.63,139.78,140.25
1191030,1600,140.54,141.04,139.55,141.02
1191031,1600,141.98,142.69,141.89,142.43
1191101,1600,142.21,142.9,142.01,142.56
1191104,1600,142.26,142.45,141.74,142.15
1191105,1600,140.65,140.89,139.38,139.85
1191106,1600,140.12,140.79,140.0,140.45
1191107,1600,140.11,140.2,137.6,138.27
1191108,1600,137.73,138.33,137.39,137.39
1191111,1600,137.61,137.79,136.44,137.06
1191112,1600,137.03,137.59,136.19,137.43
1191113,1600,137.8,138.22,137.64,137.98
1191114,1600,138.39,138.94,137.87,138.56
1191115,1600,138.03,138.42,137.97,138.21
1191118,1600,138.44,138.85,138.3,138.62
1191119,1600,138.13,138.97,138.13,138.69
1191120,1600,138.53,139.0,138.1,138.76
1191121,1600,138.39,138.56,137.77,138.0
1191122,1600,138.37,138.46,137.66,137.74
1191125,1600,137.32,137.62,136.99,137.08
1191126,1600,136.98,137.8,136.58,137.74
1191127,1600,137.03,137.21,136.83,137.01
1191129,1600,137.1,138.13,137.08,137.86
1191202,1600,137.32,138.09,137.3,137.79
1191203,1600,139.04,139.57,138.97,139.11
1191204,1600,139.16,139.17,138.59,138.92
1191205,1600,138.8,139.45,138.79,139.0
1191206,1600,137.76,137.83,137.4,137.62
1191209,1600,137.8,137.81,137.45,137.58
1191210,1600,138.25,138.33,137.74,137.97
1191211,1600,138.2,139.3,138.12,138.92
1191212,1600,139.78,139.85,137.88,138.43
1191213,1600,138.52,139.21,137.98,139.05
1191216,1600,139.2,139.39,138.8,139.04
1191217,1600,139.02,139.3,138.85,139.01
1191218,1600,138.86,139.25,138.81,139.02
1191219,1600,139.04,139.55,138.87,139.38
1191220,1600,139.37,139.52,138.98,139.52
1191223,1600,139.53,139.96,139.53,139.95
1191224,1600,140.44,141.33,140.43,141.27
1191226,1600,142.06,142.47,141.91,142.38
1191227,1600,142.26,142.73,142.17,142.33
1191230,1600,142.56,142.8,142.46,142.63
1191231,1600,143.31,143.6,142.8,142.9
1200102,1600,143.86,144.21,143.4,143.95
1200103,1600,145.75,146.32,145.4,145.86
1200106,1600,148.44,148.48,146.95,147.39
1200107,1600,147.57,148.14,147.43,147.97
1200108,1600,148.49,148.61,146.14,146.86
1200109,1600,146.07,146.41,145.44,146.03
1200110,1600,146.22,146.99,146.17,146.91
1200113,1600,146.35,146.38,145.78,145.82
1200114,1600,145.42,145.81,145.08,145.69
1200115,1600,146.21,146.73,145.82,146.54
1200116,1600,146.27,146.47,145.76,146.31
1200117,1600,146.51,146.99,146.31,146.58
1200121,1600,145.77,146.86,145.55,146.74
1200122,1600,146.68,146.81,146.38,146.79
1200123,1600,147.0,147.62,146.62,147.12
1200124,1600,146.9,148.38,146.89,147.98
1200127,1600,149.24,149.32,148.46,148.99
1200128,1600,148.36,148.56,147.53,147.66
1200129,1600,147.7,148.56,147.61,148.46
1200130,1600,148.69,149.31,148.01,148.47
1200131,1600,148.88,149.68,148.81,149.33
1200203,1600,148.66,148.78,147.68,148.36
1200204,1600,146.97,147.03,145.8,146.43
1200205,1600,146.38,146.81,146.16,146.61
1200206,1600,147.28,147.63,147.0,147.4
1200207,1600,147.83,148.18,147.34,147.79
1200210,1600,148.21,148.45,147.91,148.17
1200211,1600,148.03,148.16,147.01,147.66
1200212,1600,147.42,147.81,147.16,147.54
1200213,1600,148.24,148.58,147.95,148.38
1200214,1600,148.74,149.13,148.63,149.0
1200218,1600,149.88,151.09,149.47,150.91
1200219,1600,151.0,151.82,150.82,151.79
1200220,1600,152.0,152.83,151.95,152.41
1200221,1600,154.43,155.22,154.18,154.7
1200224,1600,158.5,158.53,155.36,156.09
1200225,1600,155.12,156.08,152.91,153.3
1200226,1600,153.82,155.28,152.9,153.97
1200227,1600,155.58,156.27,153.9,154.0
1200228,1600,152.71,152.77,147.05,148.38
1200302,1600,150.0,150.73,149.04,149.2
1200303,1600,150.84,155.24,150.74,153.89
1200304,1600,154.4,154.96,153.7,154.16
1200305,1600,156.06,157.62,155.72,157.49
1200306,1600,158.33,159.25,154.54,157.55
1200309,1600,158.6,159.37,156.33,157.81
1200310,1600,156.18,156.41,154.39,154.48
1200311,1600,156.25,156.5,153.61,153.93
1200312,1600,151.53,151.55,146.85,147.79
1200313,1600,149.42,149.6,141.58,143.28
1200316,1600,137.56,142.96,136.12,141.64
1200317,1600,140.18,146.2,139.93,143.56
1200318,1600,141.75,142.88,138.5,140.7
1200319,1600,139.08,140.5,137.85,138.04
1200320,1600,140.71,141.17,139.14,140.11
1200323,1600,142.68,146.93,142.28,146.3
1200324,1600,153.5,155.66,152.05,153.4
1200325,1600,152.58,152.88,151.01,151.3
1200326,1600,153.31,154.81,152.08,153.24
1200327,1600,153.0,153.55,152.0,152.25
1200330,1600,152.41,153.08,151.57,152.92
1200331,1600,151.36,151.8,147.97,148.05
1200401,1600,148.2,150.08,147.85,149.45
1200402,1600,151.2,152.5,150.7,151.9
1200403,1600,152.23,153.09,151.66,152.65
1200406,1600,154.16,157.22,153.96,156.88
1200407,1600,155.33,156.14,154.38,156.04
1200408,1600,155.91,155.94,154.59,154.65
1200409,1600,158.08,159.08,157.21,158.69
1200413,1600,159.17,162.38,158.63,161.41
1200414,1600,162.73,164.42,161.78,162.68
1200415,1600,161.8,162.54,160.81,161.85
1200416,1600,161.88,163.15,160.65,161.71
1200417,1600,159.72,160.07,158.12,158.57
1200420,1600,158.62,160.22,158.46,159.7
1200421,1600,157.6,159.21,157.04,158.61
1200422,1600,160.5,161.74,160.42,161.73
1200423,1600,162.39,163.6,161.84,163.34
1200424,1600,163.13,163.31,160.89,162.64
1200427,1600,161.88,162.0,160.41,161.56
1200428,1600,160.89,160.98,159.16,160.84
1200429,1600,160.1,161.85,159.76,161.73
1200430,1600,160.22,160.82,158.13,158.8
1200501,1600,158.0,160.45,157.8,159.78
1200504,1600,160.33,160.95,159.91,160.34
1200505,1600,160.16,161.1,159.33,161.02
1200506,1600,158.99,159.81,158.1,158.95
1200507,1600,159.5,161.96,159.36,161.39
1200508,1600,161.08,162.0,160.0,160.42
1200511,1600,160.34,160.71,158.89,159.42
1200512,1600,160.3,160.95,159.72,160.04
1200513,1600,160.94,161.62,160.54,161.58
1200514,1600,161.53,163.34,161.51,163.01
1200515,1600,164.02,164.8,163.08,163.93
1200518,1600,164.33,164.5,162.41,162.69
1200519,1600,163.6,164.43,163.04,164.26
1200520,1600,164.54,164.96,163.89,164.65
1200521,1600,163.46,163.58,161.37,162.25
1200522,1600,162.88,163.47,162.74,163.21
1200526,1600,162.58,162.58,160.69,160.89
1200527,1600,159.42,161.34,159.2,161.18
1200528,1600,162.12,162.46,160.9,161.72
1200529,1600,162.58,163.4,162.32,162.91
1200601,1600,162.92,163.74,162.39,163.66
1200602,1600,163.89,164.08,161.86,162.6
1200603,1600,160.34,160.9,158.82,159.6
1200604,1600,161.14,161.87,159.84,161.28
1200605,1600,158.72,158.72,157.04,158.01
1200608,1600,158.9,159.86,158.47,159.72
1200609,1600,161.1,161.78,160.87,161.26
1200610,1600,162.1,163.63,160.52,163.57
1200611,1600,163.35,164.06,161.97,162.39
1200612,1600,163.41,163.88,162.56,162.62
1200615,1600,160.52,162.56,160.16,162.33
1200616,1600,161.85,162.69,161.36,162.25
1200617,1600,162.0,162.62,161.77,162.56
1200618,1600,162.2,162.32,161.44,162.24
1200619,1600,162.87,164.09,162.78,164.03
1200622,1600,165.06,165.73,164.41,165.09
1200623,1600,165.63,166.52,165.52,166.48
1200624,1600,166.01,166.99,165.45,165.9
1200625,1600,165.89,165.91,165.16,165.8
1200626,1600,164.87,166.56,164.22,166.54
1200629,1600,166.56,166.8,166.18,166.63
1200630,1600,166.31,167.99,166.19,167.37
1200701,1600,167.05,167.06,165.34,166.62
1200702,1600,166.2,167.24,166.02,166.98
1200706,1600,167.75,168.0,167.19,167.98
1200707,1600,167.41,169.04,167.38,169.04
1200708,1600,170.32,170.86,169.78,170.09
1200709,1600,170.48,170.64,168.78,169.63
1200710,1600,169.95,170.15,168.57,169.19
1200713,1600,170.29,170.42,169.16,169.4
1200714,1600,168.97,170.2,168.81,170.19
1200715,1600,169.62,170.43,169.39,170.34
1200716,1600,169.8,170.0,168.65,168.73
1200717,1600,169.94,170.27,169.61,170.12
1200720,1600,170.76,171.07,170.27,170.94
1200721,1600,172.53,173.25,172.31,173.0
1200722,1600,174.05,175.77,173.76,175.63
1200723,1600,176.17,178.41,175.65,177.18
1200724,1600,179.14,179.16,178.2,178.7
1200727,1600,181.85,182.83,181.53,182.23
1200728,1600,182.02,184.26,181.42,183.75
1200729,1600,184.01,186.14,182.39,185.13
1200730,1600,183.44,184.33,182.13,183.76
1200731,1600,184.51,185.75,184.17,185.43
1200803,1600,185.05,185.82,184.2,185.64
1200804,1600,185.61,189.6,185.21,189.59
1200805,1600,191.65,193.13,190.62,191.35
1200806,1600,193.74,194.45,192.52,193.89
1200807,1600,192.71,192.96,189.33,190.81
1200810,1600,191.2,192.61,189.66,190.15
1200811,1600,183.57,183.98,179.43,179.94
1200812,1600,182.61,183.1,179.04,179.1
1200813,1600,181.56,184.7,181.36,183.33
1200814,1600,183.44,183.72,181.49,182.54
1200817,1600,184.69,187.01,184.66,186.5
1200818,1600,189.18,189.4,185.63,188.18
1200819,1600,187.21,187.46,181.71,182.24
1200820,1600,181.19,183.71,180.93,183.5
1200821,1600,182.14,182.81,180.47,182.03
1200824,1600,182.91,182.93,180.69,181.0
1200825,1600,181.06,181.25,179.73,181.22
1200826,1600,180.26,183.58,180.2,183.36
1200827,1600,185.0,185.17,179.37,181.24
1200828,1600,183.98,185.4,183.4,184.39
1200831,1600,184.79,185.53,184.28,184.83
1200901,1600,186.99,186.99,184.33,185.05
1200902,1600,183.75,183.86,181.5,182.62
1200903,1600,182.3,182.82,180.49,181.14
1200904,1600,180.95,182.1,180.05,181.64
1200908,1600,179.5,182.27,179.02,181.29
1200909,1600,182.5,183.22,182.19,183.05
1200910,1600,184.23,184.68,182.28,182.46
1200911,1600,183.14,183.55,182.01,182.45
1200914,1600,183.57,184.3,183.39,183.89
1200915,1600,184.46,184.67,182.92,183.45
1200916,1600,184.98,185.01,183.33,183.97
1200917,1600,181.92,183.09,181.48,182.96
1200918,1600,183.07,184.09,182.64,183.2
1200921,1600,179.84,180.29,176.75,179.52
1200922,1600,179.63,180.02,178.11,178.65
1200923,1600,176.98,177.26,174.1,174.79
1200924,1600,174.36,176.24,173.77,175.44
1200925,1600,174.41,175.3,173.89,174.94
1200928,1600,175.83,176.81,175.09,176.7
1200929,1600,177.19,178.33,176.95,178.19
1200930,1600,177.71,178.61,176.66,177.12
1201001,1600,178.71,179.5,178.04,178.7
1201002,1600,178.69,179.29,178.16,178.54
1201005,1600,179.02,180.14,178.9,179.41
1201006,1600,180.16,180.37,177.05,177.3
1201007,1600,177.09,177.42,176.43,177.22
1201008,1600,178.18,178.45,176.67,177.85
1201009,1600,180.13,181.17,179.93,181.08
1201012,1600,180.57,180.83,180.19,180.56
1201013,1600,178.56,178.6,177.1,177.72
1201014,1600,179.09,179.59,178.27,178.27
1201015,1600,177.71,179.15,177.59,178.92
1201016,1600,179.22,179.32,178.13,178.3
1201019,1600,179.41,179.48,178.37,178.39
1201020,1600,178.54,179.67,178.08,179.25
1201021,1600,180.47,181.31,180.23,180.6
1201022,1600,178.88,179.03,177.72,178.83
1201023,1600,179.09,179.2,177.76,178.64
1201026,1600,178.75,179.14,178.22,178.55
1201027,1600,178.71,179.43,178.51,179.02
1201028,1600,176.45,176.85,175.44,176.13
1201029,1600,175.02,176.14,174.83,175.4
1201030,1600,177.18,177.36,175.95,176.2
1201102,1600,177.45,177.93,177.13,177.91
1201103,1600,178.95,179.39,178.3,178.92
1201104,1600,178.93,179.19,177.66,178.82
1201105,1600,181.0,183.29,180.97,182.93
1201106,1600,183.4,183.53,182.19,183.19
1201109,1600,176.42,176.45,173.64,175.08
1201110,1600,176.75,176.91,175.66,175.66
1201111,1600,174.7,175.28,174.44,174.9
1201112,1600,176.04,176.77,175.84,175.96
1201113,1600,177.65,177.8,176.84,177.16
1201116,1600,177.23,177.91,176.87,177.15
1201117,1600,177.25,177.44,176.09,176.5
1201118,1600,176.26,176.86,175.35,175.49
1201119,1600,174.3,175.22,174.17,175.16
1201120,1600,176.12,176.38,175.58,175.69
1201123,1600,175.1,175.24,171.78,172.23
1201124,1600,169.3,169.69,168.86,169.59
1201125,1600,169.98,170.52,169.24,169.51
1201127,1600,166.9,167.83,166.78,167.79
1201130,1600,166.68,167.43,166.03,166.67
1201201,1600,169.76,170.48,169.3,170.18
1201202,1600,170.57,171.76,170.15,171.46
1201203,1600,172.64,172.85,171.08,172.81
1201204,1600,172.78,173.32,171.59,172.32
1201207,1600,172.56,175.29,172.51,174.89
1201208,1600,175.51,175.93,174.72,175.5
1201209,1600,173.92,174.04,171.24,172.5
1201210,1600,172.9,173.58,171.7,172.17
1201211,1600,172.25,173.32,172.11,172.49
1201214,1600,171.91,172.52,170.91,171.54
1201215,1600,173.43,173.98,173.06,173.94
1201216,1600,174.13,175.02,173.02,174.9
1201217,1600,177.15,177.87,176.58,176.74
1201218,1600,176.65,176.98,176.1,176.44
1201221,1600,176.29,176.94,175.76,175.88
1201222,1600,176.2,176.34,174.34,174.49
1201223,1600,175.1,176.21,175.06,175.65
1201224,1600,175.55,176.37,175.51,176.35
1201228,1600,177.26,177.91,175.63,175.71
1201229,1600,176.25,176.97,175.57,176.35
1201230,1600,176.44,177.72,176.44,177.7
1201231,1600,178.07,178.4,177.32,178.36
1210104,1600,181.97,182.4,180.96,182.33
1210105,1600,182.87,183.21,181.82,182.87
1210106,1600,181.49,181.58,178.24,179.9
1210107,1600,179.69,179.92,178.84,179.48
1210108,1600,176.83,176.99,171.48,173.34
1210111,1600,172.14,173.68,172.03,173.0
1210112,1600,173.13,174.18,172.32,174.12
1210113,1600,173.68,174.46,173.05,173.37
1210114,1600,173.44,174.22,172.66,173.28
1210115,1600,172.84,173.07,170.98,171.13
1210119,1600,172.71,172.85,171.92,172.58
1210120,1600,174.37,175.47,173.82,175.39
1210121,1600,175.11,175.51,174.51,175.28
1210122,1600,172.89,174.29,172.35,173.9
1210125,1600,174.82,174.96,173.19,174.05
1210126,1600,173.98,174.26,173.42,173.62
1210127,1600,172.93,173.52,171.66,172.52
1210128,1600,174.28,174.73,172.04,172.68
1210129,1600,174.87,175.16,172.61,172.61
1210201,1600,175.02,175.26,174.06,174.23
1210202,1600,172.49,172.53,171.51,172.11
1210203,1600,172.36,172.59,171.5,171.85
1210204,1600,168.29,168.4,167.34,168.15
1210205,1600,168.99,170.18,168.67,169.81
1210208,1600,171.98,172.4,171.49,171.52
1210209,1600,172.57,173.03,171.75,172.08
1210210,1600,173.15,173.22,172.01,172.71
1210211,1600,172.7,172.87,170.71,171.21
1210212,1600,170.29,171.65,169.88,170.69
1210216,1600,168.14,170.07,167.73,168.24
1210217,1600,166.92,167.34,165.85,166.33
1210218,1600,166.98,167.3,165.73,166.32
1210219,1600,166.76,167.94,166.6,167.01
1210222,1600,168.54,169.89,168.3,169.51
1210223,1600,169.48,169.74,168.28,169.12
1210224,1600,167.65,169.14,167.15,169.0
1210225,1600,166.92,167.66,165.45,165.82
1210226,1600,165.0,165.1,160.95,161.81
1210301,1600,163.03,163.35,161.16,161.53
1210302,1600,161.93,162.93,161.22,162.41
1210303,1600,160.61,161.69,159.49,160.62
1210304,1600,160.6,161.46,158.43,159.04
1210305,1600,159.66,159.82,158.55,159.14
1210308,1600,158.58,158.74,157.13,157.49
1210309,1600,160.75,161.25,160.42,160.84
1210310,1600,161.06,161.78,160.66,161.66
1210311,1600,161.47,161.98,161.12,161.52
1210312,1600,159.54,161.69,159.35,161.49
1210315,1600,162.31,162.55,161.43,162.2
1210316,1600,162.36,163.2,161.81,162.35
1210317,1600,162.27,164.15,161.48,163.51
1210318,1600,161.15,162.82,161.11,162.56
1210319,1600,162.56,163.43,162.43,163.24
1210322,1600,162.27,163.13,162.16,163.0
1210323,1600,162.45,162.49,161.59,161.81
1210324,1600,162.21,162.89,161.94,162.37
1210325,1600,163.06,163.58,161.32,161.78
1210326,1600,161.71,162.73,161.65,162.24
1210329,1600,161.46,161.52,159.83,160.31
1210330,1600,157.94,158.2,157.55,157.57
1210331,1600,158.06,160.68,158.05,159.96
1210401,1600,161.56,162.11,161.28,161.98
1210405,1600,161.52,162.4,161.36,161.92
1210406,1600,162.79,163.53,162.75,163.22
1210407,1600,162.82,163.31,162.5,162.76
1210408,1600,164.17,164.77,164.14,164.51
1210409,1600,162.75,163.66,162.48,163.27
1210412,1600,162.73,162.8,161.81,162.28
1210413,1600,163.18,163.85,163.03,163.43
1210414,1600,162.77,163.05,162.3,162.72
1210415,1600,164.07,165.79,164.03,165.35
1210416,1600,166.24,166.81,165.94,166.35
1210419,1600,165.91,166.44,165.72,165.89
1210420,1600,165.65,166.81,165.62,166.48
1210421,1600,167.18,168.39,167.15,168.13
1210422,1600,167.11,167.53,166.49,167.04
1210423,1600,167.37,167.53,165.78,166.4
1210426,1600,166.63,166.87,166.05,166.84
1210427,1600,166.92,167.15,166.28,166.42
1210428,1600,165.75,166.96,165.49,166.91
1210429,1600,165.58,166.26,164.47,166.22
1210430,1600,165.86,166.0,165.24,165.66
1210503,1600,167.61,168.43,167.41,167.81
1210504,1600,167.69,168.55,165.5,166.58
1210505,1600,166.63,167.31,166.61,167.27
1210506,1600,167.95,170.29,167.92,170.06
1210507,1600,171.53,172.55,171.0,171.59
1210510,1600,172.74,172.84,171.78,172.11
1210511,1600,170.56,172.17,170.27,172.14
1210512,1600,171.43,171.84,170.35,170.43
1210513,1600,170.35,171.27,170.23,171.13
1210514,1600,172.05,172.7,171.82,172.69
1210517,1600,173.3,175.0,173.28,174.7
1210518,1600,175.18,175.21,174.46,175.04
1210519,1600,175.14,177.0,174.35,175.16
1210520,1600,175.32,176.46,175.11,175.96
1210521,1600,176.58,176.86,175.15,176.04
1210524,1600,176.15,176.59,175.87,176.35
1210525,1600,176.15,177.95,176.04,177.95
1210526,1600,178.37,178.61,177.04,177.64
1210527,1600,177.39,177.82,176.81,177.71
1210528,1600,177.46,178.43,177.24,178.38
1210601,1600,178.76,178.85,177.19,177.9
1210602,1600,178.34,178.78,177.97,178.77
1210603,1600,175.83,175.83,174.66,175.27
1210604,1600,176.65,177.57,176.61,177.16
1210607,1600,176.96,177.9,176.63,177.87
1210608,1600,177.23,177.54,176.37,177.32
1210609,1600,177.38,177.8,176.78,176.98
1210610,1600,176.7,177.85,176.48,177.74
1210611,1600,176.33,176.57,175.48,175.74
1210614,1600,173.16,175.06,172.95,174.71
1210615,1600,174.78,174.92,173.34,174.05
1210616,1600,173.91,174.47,171.03,171.11
1210617,1600,167.02,167.62,165.44,165.85
1210618,1600,166.14,166.72,164.87,164.93
1210621,1600,166.52,167.22,166.0,166.95
1210622,1600,166.35,166.92,166.01,166.25
1210623,1600,166.97,168.03,165.97,166.14
1210624,1600,167.0,167.23,166.01,166.04
1210625,1600,167.45,167.53,166.29,166.59
1210628,1600,166.68,166.91,166.36,166.58
1210629,1600,164.34,165.28,164.01,164.83
1210630,1600,164.57,166.1,164.29,165.63
1210701,1600,166.65,166.88,165.5,166.2
1210702,1600,167.35,167.72,166.4,167.29
1210706,1600,169.27,169.65,167.54,168.12
1210707,1600,168.72,169.23,168.19,168.76
1210708,1600,169.82,169.86,167.91,168.65
1210709,1600,168.84,169.62,168.66,169.21
1210712,1600,168.7,169.16,167.64,169.0
1210713,1600,169.51,169.9,168.93,169.22
1210714,1600,170.91,171.04,170.28,171.04
1210715,1600,170.89,171.3,170.34,171.07
1210716,1600,170.65,170.95,169.28,169.41
1210719,1600,169.51,169.91,168.89,169.61
1210720,1600,170.51,170.8,168.92,169.39
1210721,1600,168.33,169.0,168.14,168.76
1210722,1600,168.49,169.19,168.06,169.09
1210723,1600,168.5,168.88,167.95,168.56
1210726,1600,168.58,168.86,168.08,168.16
1210727,1600,168.73,168.91,167.93,168.44
1210728,1600,168.26,169.38,167.72,169.29
1210729,1600,170.7,171.52,170.67,171.17
1210730,1600,170.72,170.99,169.38,169.82
1210802,1600,169.3,170.25,169.1,169.61
1210803,1600,169.42,169.83,169.21,169.49
1210804,1600,171.28,171.4,168.99,169.53
1210805,1600,169.37,169.44,168.2,168.86
1210806,1600,165.84,165.93,164.55,164.64
1210809,1600,163.01,163.29,161.26,161.72
1210810,1600,161.39,162.11,160.68,161.77
1210811,1600,163.15,164.17,162.68,164.0
1210812,1600,163.65,164.1,162.93,164.04
1210813,1600,165.02,166.46,164.89,166.39
1210816,1600,166.73,167.39,166.59,167.22
1210817,1600,167.29,167.73,166.56,166.97
1210818,1600,167.24,167.51,166.26,167.1
1210819,1600,167.24,167.29,166.16,166.61
1210820,1600,166.8,167.14,166.36,166.7
1210823,1600,168.82,168.91,167.96,168.73
1210824,1600,169.04,169.27,168.52,168.65
1210825,1600,167.88,167.92,166.74,167.48
1210826,1600,167.21,168.21,166.83,167.67
1210827,1600,167.58,170.19,166.87,170.19
1210830,1600,169.66,169.84,169.09,169.35
1210831,1600,169.23,169.92,168.75,169.69
1210901,1600,169.94,170.0,169.16,169.7
1210902,1600,169.5,169.63,168.82,169.25
1210903,1600,170.59,171.55,170.15,171.06
1210907,1600,169.56,169.78,167.63,167.71
1210908,1600,168.02,168.08,166.7,167.29
1210909,1600,168.17,168.28,166.83,168.03
1210910,1600,167.81,168.08,167.15,167.18
1210913,1600,167.45,168.22,167.4,167.74
1210914,1600,168.22,169.16,167.48,168.82
1210915,1600,168.13,168.36,167.45,167.83
1210916,1600,164.38,164.44,163.23,164.03
1210917,1600,163.86,164.32,163.4,163.77
1210920,1600,164.29,165.28,164.07,164.94
1210921,1600,165.81,166.63,165.49,166.04
1210922,1600,165.89,167.15,165.03,165.42
1210923,1600,164.1,164.2,163.27,163.51
1210924,1600,163.0,164.0,162.74,163.3
1210927,1600,163.85,164.36,163.51,163.64
1210928,1600,162.73,162.82,161.73,162.05
1210929,1600,162.35,162.74,160.97,161.32
1210930,1600,162.66,164.95,162.34,164.22
1211001,1600,164.27,164.96,163.89,164.59
1211004,1600,163.69,165.54,163.47,165.36
1211005,1600,163.94,164.85,163.49,164.59
1211006,1600,164.23,165.06,164.15,165.03
1211007,1600,164.02,164.85,163.96,164.16
1211008,1600,166.32,166.42,164.14,164.23
1211011,1600,164.04,164.58,163.91,163.92
1211012,1600,164.57,165.44,164.31,164.66
1211013,1600,165.28,167.92,165.28,167.59
1211014,1600,168.19,168.22,167.71,168.0
1211015,1600,165.39,166.09,165.1,165.33
1211018,1600,165.42,165.59,164.81,164.92
1211019,1600,166.5,166.5,165.2,165.45
1211020,1600,166.21,167.11,165.93,166.9
1211021,1600,166.7,166.94,166.24,166.75
1211022,1600,168.67,169.54,166.67,167.77
1211025,1600,168.66,169.21,168.53,168.93
1211026,1600,167.88,167.91,166.63,167.68
1211027,1600,167.73,168.2,166.86,168.12
1211028,1600,168.98,169.25,167.53,168.08
1211029,1600,166.29,166.73,165.64,166.65
1211101,1600,167.38,167.84,166.91,167.52
1211102,1600,167.43,167.63,166.96,167.16
1211103,1600,165.34,165.95,164.38,165.77
1211104,1600,167.51,168.14,167.37,167.65
1211105,1600,168.42,169.94,167.85,169.84
1211108,1600,170.43,170.7,170.06,170.45
1211109,1600,170.73,171.31,170.12,171.29
1211110,1600,173.67,174.65,172.11,173.15
1211111,1600,173.98,174.27,173.74,174.12
1211112,1600,173.51,174.67,173.4,174.45
1211115,1600,174.1,174.59,173.69,174.18
1211116,1600,173.97,174.48,172.86,172.92
1211117,1600,174.24,174.61,173.89,174.5
1211118,1600,173.96,174.36,173.53,173.94
1211119,1600,173.69,174.1,172.24,172.61
1211122,1600,169.9,170.44,168.42,168.74
1211123,1600,167.28,167.6,166.53,167.28
1211124,1600,166.58,167.44,166.32,167.12
1211126,1600,168.6,168.64,166.37,166.85
1211129,1600,166.84,167.26,166.38,166.62
1211130,1600,167.77,169.01,165.37,165.5
1211201,1600,166.84,167.47,166.06,166.16
1211202,1600,165.89,165.94,164.63,165.24
1211203,1600,165.49,166.93,165.0,166.63
1211206,1600,166.14,166.8,165.93,166.22
1211207,1600,166.2,167.08,166.18,166.81
1211208,1600,166.51,166.96,166.28,166.9
1211209,1600,166.54,166.58,165.65,165.88
1211210,1600,166.72,166.92,166.18,166.58
1211213,1600,166.9,167.26,166.67,167.0
1211214,1600,165.34,166.14,165.16,165.44
1211215,1600,165.27,166.4,163.8,166.15
1211216,1600,167.01,168.18,166.94,168.16
1211217,1600,168.73,169.13,167.78,167.8
1211220,1600,167.88,168.0,167.06,167.09
1211221,1600,167.69,167.78,166.74,167.02
1211222,1600,167.58,168.64,167.11,168.59
1211223,1600,168.69,169.16,168.01,168.97
1211227,1600,168.96,169.42,168.78,169.37
1211228,1600,169.33,169.65,168.62,168.64
1211229,1600,167.36,168.69,167.28,168.59
1211230,1600,168.43,169.81,168.37,169.8
1211231,1600,170.53,171.04,170.04,170.96
1220103,1600,168.86,169.01,168.0,168.33
1220104,1600,168.9,169.72,168.73,169.57
1220105,1600,170.62,170.93,168.9,169.06
1220106,1600,167.16,167.75,166.86,166.99
1220107,1600,167.37,168.01,166.86,167.75
1220110,1600,167.36,168.3,167.31,168.26
1220111,1600,168.44,170.31,168.37,170.29
1220112,1600,170.19,170.75,170.01,170.74
1220113,1600,170.09,170.22,169.27,170.16
1220114,1600,170.22,170.56,169.48,169.67
1220118,1600,169.64,170.01,169.09,169.39
1220119,1600,170.39,172.19,170.2,172.08
1220120,1600,172.31,172.6,171.59,171.65
1220121,1600,172.04,172.12,170.74,171.09
1220124,1600,171.78,172.14,170.85,172.03
1220125,1600,171.95,173.15,171.78,172.58
1220126,1600,171.39,171.73,169.48,169.79
1220127,1600,168.02,169.09,167.33,167.6
1220128,1600,166.56,167.46,166.37,167.1
1220131,1600,167.79,168.14,167.46,168.09
1220201,1600,168.57,168.85,167.87,168.23
1220202,1600,168.34,169.12,168.16,168.84
1220203,1600,168.31,168.82,167.03,168.6
1220204,1600,168.04,169.1,167.99,168.86
1220207,1600,169.45,170.3,169.19,170.11
1220208,1600,170.1,170.78,169.95,170.63
1220209,1600,170.68,171.42,170.55,171.21
1220210,1600,170.52,171.99,170.46,170.56
1220211,1600,170.75,174.2,170.71,173.81
1220214,1600,173.78,175.0,173.68,174.74
1220215,1600,173.1,173.34,172.39,173.08
1220216,1600,173.49,174.86,173.48,174.86
1220217,1600,176.7,177.53,176.39,177.25
1220218,1600,177.07,177.25,176.51,177.12
1220222,1600,177.67,178.07,176.82,177.49
1220223,1600,177.39,178.39,177.36,178.29
1220224,1600,182.59,182.6,175.27,177.14
1220225,1600,176.42,176.79,175.79,176.55
1220228,1600,178.86,178.99,176.5,178.38
1220301,1600,179.05,181.76,179.03,181.62
1220302,1600,180.13,180.71,178.79,179.73
1220303,1600,179.96,181.3,179.5,180.8
1220304,1600,182.11,183.98,181.36,183.68
1220307,1600,184.45,186.64,184.22,186.41
1220308,1600,188.35,193.3,188.26,191.51
1220309,1600,186.04,187.23,184.76,185.82
1220310,1600,186.88,187.38,184.99,186.4
1220311,1600,183.74,185.78,183.44,185.09
1220314,1600,183.03,183.29,181.95,182.3
1220315,1600,179.1,180.27,178.01,178.89
1220316,1600,179.13,180.12,176.87,180.01
1220317,1600,181.16,182.03,180.65,180.89
1220318,1600,179.93,180.93,179.04,179.3
1220321,1600,179.33,181.29,179.32,180.67
1220322,1600,179.6,179.71,178.32,179.36
1220323,1600,180.29,181.89,179.76,181.81
1220324,1600,182.35,183.51,181.77,183.13
1220325,1600,181.81,183.13,181.35,182.38
1220328,1600,180.38,181.33,178.85,179.06
1220329,1600,177.02,179.33,176.69,179.14
1220330,1600,179.76,180.92,179.68,180.58
1220331,1600,180.91,181.96,180.56,180.65
1220401,1600,179.55,180.46,178.98,179.5
1220404,1600,180.24,180.81,179.58,180.37
1220405,1600,180.91,181.49,178.93,179.24
1220406,1600,179.78,180.31,178.7,179.66
1220407,1600,179.87,180.88,179.8,180.34
1220408,1600,180.52,181.82,180.52,181.47
1220411,1600,183.17,183.33,181.11,182.37
1220412,1600,184.04,184.64,182.96,183.77
1220413,1600,184.5,184.94,184.13,184.65
1220414,1600,184.28,184.41,182.88,184.04
1220418,1600,185.95,186.1,184.39,184.61
1220419,1600,183.19,183.65,181.33,181.82
1220420,1600,181.59,182.72,181.35,182.71
1220421,1600,181.77,182.32,180.78,182.06
1220422,1600,180.72,181.61,179.74,180.29
1220425,1600,177.17,177.51,176.48,177.05
1220426,1600,177.95,178.3,176.92,177.32
1220427,1600,176.46,176.64,175.5,175.98
1220428,1600,175.92,176.97,175.69,176.93
1220429,1600,178.07,178.62,176.71,176.91
1220502,1600,173.61,174.65,172.98,173.63
1220503,1600,173.89,175.21,173.85,174.09
1220504,1600,174.32,176.35,173.67,175.8
1220505,1600,177.56,177.61,174.66,175.13
1220506,1600,175.39,176.56,174.86,175.42
1220509,1600,174.27,174.27,172.79,172.88
1220510,1600,173.8,173.96,171.2,171.42
1220511,1600,172.51,173.32,172.2,172.82
1220512,1600,172.07,172.4,169.9,170.17
1220513,1600,168.31,169.62,168.01,168.79
1220516,1600,168.43,170.43,168.34,170.4
1220517,1600,170.44,170.53,169.14,169.33
1220518,1600,169.01,170.21,168.81,169.42
1220519,1600,171.55,172.52,170.89,171.91
1220520,1600,171.71,172.24,170.89,172.03
1220523,1600,173.13,173.38,172.28,172.83
1220524,1600,173.47,174.41,173.35,174.13
1220525,1600,172.79,173.16,171.73,173.08
1220526,1600,172.13,172.93,171.76,172.76
1220527,1600,173.49,173.52,172.64,172.85
1220531,1600,172.71,173.07,171.08,171.14
1220601,1600,172.21,172.53,171.39,172.23
1220602,1600,173.66,174.45,173.49,174.35
1220603,1600,173.53,173.97,172.25,172.58
1220606,1600,172.81,172.89,171.65,171.82
1220607,1600,172.11,173.05,171.99,172.94
1220608,1600,172.89,173.45,172.67,172.78
1220609,1600,172.45,172.59,171.58,172.23
1220610,1600,170.89,174.94,170.46,174.54
1220613,1600,171.18,171.34,169.61,169.93
1220614,1600,169.61,169.73,168.3,168.57
1220615,1600,170.4,171.84,169.08,170.77
1220616,1600,170.56,172.77,170.17,172.69
1220617,1600,172.15,172.3,170.97,171.27
1220621,1600,171.06,171.91,170.47,170.63
1220622,1600,171.61,172.3,171.1,171.31
1220623,1600,171.39,172.13,169.9,170.26
1220624,1600,170.24,170.74,169.85,170.09
1220627,1600,170.6,170.67,169.75,169.9
1220628,1600,170.07,170.21,169.51,169.62
1220629,1600,170.58,170.7,169.17,169.49
1220630,1600,169.51,169.96,168.24,168.46
1220701,1600,167.14,168.68,166.96,168.32
1220705,1600,167.18,167.33,164.41,164.75
1220706,1600,164.32,164.57,161.47,162.14
1220707,1600,162.43,163.04,162.06,162.23
1220708,1600,162.35,163.38,161.84,162.3
1220711,1600,161.93,162.44,161.38,161.43
1220712,1600,161.22,161.62,160.72,160.83
1220713,1600,160.1,162.71,160.06,161.6
1220714,1600,159.02,159.83,158.22,159.33
1220715,1600,159.01,159.25,158.35,159.01
1220718,1600,160.08,160.43,159.05,159.16
1220719,1600,159.47,159.87,159.33,159.54
1220720,1600,159.71,159.82,158.03,158.04
1220721,1600,158.31,160.31,158.27,160.27
1220722,1600,160.55,162.13,160.35,160.67
1220725,1600,160.64,160.7,159.81,160.23
1220726,1600,160.23,160.5,159.79,160.04
1220727,1600,160.02,162.21,159.51,161.67
1220728,1600,163.31,163.76,162.88,163.64
1220729,1600,163.89,164.69,163.28,164.1
1220801,1600,164.98,165.41,164.41,165.03
1220802,1600,165.66,166.46,164.02,164.05
1220803,1600,164.77,164.91,163.48,164.45
1220804,1600,165.53,167.31,165.34,167.17
1220805,1600,164.99,165.84,164.87,165.29
1220808,1600,166.03,166.81,165.93,166.69
1220809,1600,167.48,167.8,166.82,167.2
1220810,1600,167.39,167.98,166.62,166.78
1220811,1600,167.16,167.66,166.31,166.34
1220812,1600,167.17,167.94,166.83,167.87
1220815,1600,165.99,166.25,165.44,165.71
1220816,1600,165.31,165.72,165.18,165.42
1220817,1600,165.21,165.23,163.95,164.35
1220818,1600,164.6,164.91,163.54,163.92
1220819,1600,163.65,163.74,162.62,162.72
1220822,1600,161.66,162.12,161.36,161.64
1220823,1600,161.96,163.43,161.91,162.77
1220824,1600,162.44,163.61,162.37,163.25
1220825,1600,163.97,163.99,163.24,163.75
1220826,1600,163.12,163.61,161.55,161.76
1220829,1600,161.88,162.62,161.7,161.86
1220830,1600,161.27,161.43,160.34,160.51
1220831,1600,159.5,160.57,159.26,159.27
1220901,1600,158.17,158.39,157.32,157.87
1220902,1600,159.35,160.06,159.14,159.26
1220906,1600,159.17,159.46,158.32,158.33
1220907,1600,158.15,160.15,158.08,159.94
1220908,1600,159.54,159.86,158.71,158.98
1220909,1600,159.72,160.24,159.41,159.82
1220912,1600,161.04,161.62,160.55,160.63
1220913,1600,158.47,159.27,158.39,158.54
1220914,1600,158.68,158.98,157.73,157.93
1220915,1600,156.76,157.49,154.62,154.98
1220916,1600,154.66,156.56,154.34,155.84
1220919,1600,154.87,156.04,154.82,155.96
1220920,1600,155.03,155.23,154.59,155.07
1220921,1600,155.97,157.25,154.01,155.79
1220922,1600,156.26,156.48,155.31,155.7
1220923,1600,153.9,154.0,152.64,153.01
1220926,1600,153.22,153.51,151.03,151.23
1220927,1600,152.25,152.73,151.5,151.54
1220928,1600,153.2,154.88,152.93,154.69
1220929,1600,154.14,155.03,153.16,154.66
1220930,1600,154.94,156.04,154.57,154.67
1221003,1600,155.44,158.48,155.23,158.43
1221004,1600,159.18,161.08,158.92,160.7
1221005,1600,159.32,160.08,158.38,159.81
1221006,1600,159.41,159.94,158.95,159.63
1221007,1600,158.46,158.98,157.68,157.88
1221010,1600,155.94,156.35,155.12,155.48
1221011,1600,155.49,156.81,154.92,155.16
1221012,1600,155.51,156.29,155.26,155.99
1221013,1600,153.48,155.73,152.92,154.91
1221014,1600,154.02,154.2,152.72,152.98
1221017,1600,154.92,155.33,153.32,153.42
1221018,1600,154.08,154.24,153.24,153.75
1221019,1600,152.09,152.49,151.54,151.69
1221020,1600,151.92,153.23,151.27,151.45
1221021,1600,151.98,154.31,151.83,154.15
1221024,1600,153.45,154.06,153.06,153.65
1221025,1600,153.96,154.79,153.83,154.0
1221026,1600,154.78,155.73,154.78,154.98
1221027,1600,154.71,155.09,154.22,154.74
1221028,1600,152.96,153.54,152.5,153.16
1221031,1600,152.16,152.87,151.89,151.91
1221101,1600,153.82,153.98,152.87,153.46
1221102,1600,154.16,155.42,152.26,152.39
1221103,1600,150.7,151.96,150.57,151.81
1221104,1600,154.95,156.6,154.66,156.47
1221107,1600,156.22,156.57,155.81,155.85
1221108,1600,155.99,159.87,155.98,159.45
1221109,1600,159.36,160.35,158.45,158.65
1221110,1600,162.01,163.51,161.66,163.48
1221111,1600,163.91,164.58,163.42,164.56
1221114,1600,164.2,165.24,164.15,164.92
1221115,1600,165.27,166.23,164.56,165.5
1221116,1600,165.41,165.71,164.83,165.12
1221117,1600,163.79,164.11,163.4,163.92
1221118,1600,163.38,163.69,162.68,162.79
1221121,1600,162.44,162.5,161.28,161.88
1221122,1600,162.3,162.6,161.72,162.07
1221123,1600,161.69,163.24,161.56,163.08
1221125,1600,162.85,163.43,162.76,163.22
1221128,1600,162.93,163.06,161.91,161.93
1221129,1600,162.7,163.63,162.6,162.73
1221130,1600,163.69,164.81,162.4,164.81
1221201,1600,167.48,167.95,166.98,167.84
1221202,1600,166.18,167.47,165.76,167.26
1221205,1600,166.55,166.72,164.32,164.39
1221206,1600,165.2,165.54,164.45,164.84
1221207,1600,165.47,166.64,165.32,166.33
1221208,1600,166.58,167.05,166.07,166.47
1221209,1600,167.26,168.09,166.6,167.06
1221212,1600,166.44,166.6,165.43,165.68
1221213,1600,169.21,169.79,168.02,168.51
1221214,1600,168.43,168.81,167.14,168.1
1221215,1600,165.73,166.21,165.1,165.35
1221216,1600,166.02,166.98,165.84,166.79
1221219,1600,166.71,167.11,165.99,166.32
1221220,1600,168.1,169.53,168.03,169.08
1221221,1600,169.04,169.71,168.68,168.8
1221222,1600,167.76,167.76,166.06,166.76
1221223,1600,166.88,167.8,166.66,167.26
1221227,1600,167.89,170.61,167.8,168.67
1221228,1600,168.05,168.34,167.1,167.91
1221229,1600,168.54,169.35,168.52,168.85
1221230,1600,169.26,169.9,168.8,169.64
1230103,1600,171.32,172.09,170.02,171.06
1230104,1600,172.86,173.09,171.85,172.67
1230105,1600,170.82,171.0,169.79,170.52
1230106,1600,171.76,173.96,171.23,173.71
1230109,1600,174.51,175.04,173.88,174.1
1230110,1600,174.61,174.98,174.06,174.74
1230111,1600,174.76,174.79,173.72,174.62
1230112,1600,176.01,176.71,174.88,176.64
1230113,1600,176.96,178.83,176.89,178.76
1230117,1600,178.21,178.24,177.09,177.59
1230118,1600,178.92,179.18,176.9,177.08
1230119,1600,178.37,180.03,178.09,179.89
1230120,1600,179.06,179.66,178.65,179.29
1230123,1600,178.35,179.69,177.78,179.63
1230124,1600,179.56,180.32,178.35,180.28
1230125,1600,179.35,181.22,179.29,181.11
1230126,1600,180.15,180.27,178.46,179.47
1230127,1600,179.27,179.72,178.26,179.22
1230130,1600,179.29,179.43,178.65,178.76
1230131,1600,178.82,179.7,178.54,179.41
1230201,1600,179.75,181.73,178.63,181.67
1230202,1600,181.08,181.11,177.74,177.9
1230203,1600,174.92,175.43,173.12,173.46
1230206,1600,174.11,174.46,173.28,173.82
1230207,1600,173.72,175.27,173.47,173.98
1230208,1600,174.94,174.99,173.83,174.41
1230209,1600,175.49,175.52,172.87,173.03
1230210,1600,173.63,173.68,172.63,173.36
1230213,1600,172.7,172.9,172.07,172.48
1230214,1600,171.97,173.51,171.41,172.61
1230215,1600,170.6,170.99,170.16,170.89
1230216,1600,170.34,171.6,169.96,170.75
1230217,1600,169.87,171.47,169.52,171.26
1230221,1600,171.2,171.5,170.34,170.62
1230222,1600,170.81,170.96,169.56,169.66
1230223,1600,169.84,170.13,169.08,169.57
1230224,1600,168.42,168.84,168.19,168.35
1230227,1600,168.88,169.23,168.55,169.01
1230228,1600,168.78,170.25,168.59,169.78
1230301,1600,170.95,171.49,170.47,170.76
1230302,1600,170.52,170.98,170.36,170.66
1230303,1600,171.45,172.6,170.98,172.49
1230306,1600,172.32,172.37,171.54,171.62
1230307,1600,170.42,170.47,168.52,168.62
1230308,1600,168.61,169.59,168.52,168.54
1230309,1600,169.75,170.65,169.71,170.2
1230310,1600,171.93,173.88,171.92,173.87
1230313,1600,176.66,178.02,176.3,177.86
1230314,1600,177.35,177.59,176.21,176.83
1230315,1600,178.86,180.13,177.49,178.21
1230316,1600,179.51,179.65,177.87,178.57
1230317,1600,181.02,184.81,180.77,183.77
1230320,1600,184.19,184.54,182.74,183.84
1230321,1600,182.65,182.73,179.9,180.37
1230322,1600,180.4,183.94,180.28,183.44
1230323,1600,183.91,186.24,183.6,185.74
1230324,1600,185.61,185.99,183.62,183.65
1230327,1600,181.15,182.15,180.69,181.95
1230328,1600,182.31,183.62,182.12,183.44
1230329,1600,182.49,183.27,182.24,182.53
1230330,1600,182.75,184.44,182.55,184.18
1230331,1600,184.11,184.42,182.8,183.22
1230403,1600,183.85,185.04,183.32,184.54
1230404,1600,184.72,188.23,184.66,187.98
1230405,1600,188.34,188.86,186.78,187.83
1230406,1600,186.89,187.26,185.95,186.49
1230410,1600,185.18,185.36,184.19,185.11
1230411,1600,185.91,186.51,185.64,186.28
1230412,1600,187.54,187.66,185.97,187.19
1230413,1600,189.76,190.41,188.99,189.72
1230414,1600,188.08,188.49,185.17,186.36
1230417,1600,185.89,185.93,184.1,185.53
1230418,1600,185.24,186.99,185.04,186.25
1230419,1600,184.35,185.58,184.28,185.36
1230420,1600,186.14,187.03,185.78,186.09
1230421,1600,184.98,185.68,183.22,184.25
1230424,1600,184.07,185.03,183.46,184.81
1230425,1600,184.84,186.22,184.3,185.75
1230426,1600,186.63,186.65,184.3,184.74
1230427,1600,183.9,184.99,183.38,184.75
1230428,1600,184.79,185.38,184.17,184.8
1230501,1600,186.05,186.22,183.91,183.97
1230502,1600,184.65,187.64,184.52,187.52
1230503,1600,187.61,189.21,186.93,189.11
1230504,1600,188.86,191.36,188.81,190.44
1230505,1600,186.56,187.58,185.77,187.46
1230508,1600,187.82,188.67,187.49,187.69
1230509,1600,188.12,189.33,188.07,189.02
1230510,1600,188.98,189.64,187.82,188.75
1230511,1600,188.44,188.81,186.86,187.13
1230512,1600,187.43,187.92,186.58,186.81
1230515,1600,187.3,187.88,187.03,187.21
1230516,1600,186.58,186.82,184.46,184.87
1230517,1600,184.31,184.45,183.48,184.23
1230518,1600,182.1,182.28,181.34,181.84
1230519,1600,182.25,184.34,181.81,183.64
1230522,1600,183.22,183.84,182.91,183.21
1230523,1600,182.78,183.76,182.48,183.43
1230524,1600,183.54,183.54,181.77,181.95
1230525,1600,181.18,181.31,180.1,180.2
1230526,1600,181.01,181.3,180.09,180.92
1230530,1600,181.72,182.4,181.17,182.04
1230531,1600,182.39,183.45,182.1,182.32
1230601,1600,182.81,184.21,182.72,183.76
1230602,1600,183.53,183.56,180.96,181.05
1230605,1600,180.79,182.44,180.6,182.14
1230606,1600,182.36,182.65,181.52,182.34
1230607,1600,181.94,183.0,180.15,180.15
1230608,1600,182.0,183.04,181.96,182.53
1230609,1600,182.36,182.79,181.72,182.04
1230612,1600,181.8,181.94,181.04,181.88
1230613,1600,182.1,182.43,180.17,180.54
1230614,1600,181.69,181.96,180.14,180.64
1230615,1600,180.28,182.05,180.18,181.91
1230616,1600,181.93,182.62,181.41,181.63
1230620,1600,180.06,180.09,179.22,179.75
1230621,1600,179.15,179.95,178.19,179.49
1230622,1600,178.36,178.99,177.63,177.71
1230623,1600,179.6,179.95,178.09,178.2
1230626,1600,179.05,179.08,178.42,178.51
1230627,1600,179.07,179.29,177.43,177.69
1230628,1600,177.23,177.69,176.7,177.28
1230629,1600,175.83,177.63,175.79,177.09
1230630,1600,177.69,178.53,177.32,178.27
1230703,1600,178.61,179.34,178.46,178.47
1230705,1600,179.41,179.42,177.83,177.84
1230706,1600,177.51,177.8,176.66,177.31
1230707,1600,178.38,179.65,178.35,178.64
1230710,1600,178.37,178.92,178.26,178.78
1230711,1600,179.43,179.71,179.13,179.45
1230712,1600,181.18,181.95,181.1,181.88
1230713,1600,181.96,182.15,181.49,182.01
1230714,1600,181.59,182.17,181.11,181.43
1230717,1600,180.99,181.63,180.64,181.56
1230718,1600,182.79,184.23,182.32,183.64
1230719,1600,183.45,183.84,182.87,183.67
1230720,1600,183.73,183.77,182.47,182.74
1230721,1600,182.06,182.46,181.68,182.18
1230724,1600,182.22,182.54,181.34,181.4
1230725,1600,181.72,182.47,181.1,182.41
1230726,1600,182.66,183.64,182.31,183.3
1230727,1600,181.64,181.64,180.32,180.42
1230728,1600,181.48,182.27,181.25,181.86
1230731,1600,182.43,183.09,182.31,182.35
1230801,1600,180.85,181.38,180.19,180.46
1230802,1600,180.57,180.79,179.41,179.6
1230803,1600,179.44,179.95,179.28,179.54
1230804,1600,180.25,180.77,179.85,180.19
1230807,1600,180.15,180.15,179.27,179.78
1230808,1600,178.64,179.33,178.46,178.64
1230809,1600,178.68,178.92,177.78,177.79
1230810,1600,178.22,178.7,177.54,177.6
1230811,1600,177.7,178.36,177.49,177.6
1230814,1600,176.86,177.58,176.58,177.06
1230815,1600,176.75,177.43,176.33,176.59
1230816,1600,176.62,176.95,175.56,175.57
1230817,1600,176.53,176.56,174.93,175.3
1230818,1600,175.83,176.06,175.1,175.33
1230821,1600,175.9,175.94,174.96,175.81
1230822,1600,175.83,176.25,175.31,176.1
1230823,1600,177.32,178.22,177.07,177.89
1230824,1600,177.66,178.49,177.41,177.85
1230825,1600,177.58,178.38,176.63,177.62
1230828,1600,177.65,178.73,177.51,178.13
1230829,1600,178.03,179.88,177.9,179.87
1230830,1600,180.58,180.88,180.29,180.32
1230831,1600,180.37,180.49,179.94,180.02
1230901,1600,180.8,181.12,179.51,180.11
1230905,1600,179.33,179.44,178.64,178.64
1230906,1600,178.33,179.01,177.7,177.83
1230907,1600,178.31,178.37,177.9,178.02
1230908,1600,178.36,179.05,177.9,178.08
1230911,1600,178.97,179.07,178.26,178.41
1230912,1600,177.11,177.7,177.05,177.49
1230913,1600,177.53,177.75,177.04,177.08
1230914,1600,176.5,177.39,176.36,177.17
1230915,1600,178.55,179.11,178.34,178.34
1230918,1600,178.82,179.41,178.38,179.39
1230919,1600,179.54,179.65,179.03,179.22
1230920,1600,179.34,180.66,179.32,179.35
1230921,1600,177.86,178.49,177.69,178.05
1230922,1600,178.65,178.95,178.51,178.62
1230925,1600,178.41,178.71,177.64,177.7
1230926,1600,176.83,177.14,176.16,176.28
1230927,1600,175.27,175.32,173.7,174.1
1230928,1600,173.91,174.14,172.32,173.23
1230929,1600,173.92,174.03,171.27,171.45
1231002,1600,170.23,170.46,169.5,169.65
1231003,1600,169.14,170.08,168.75,169.16
1231004,1600,169.21,169.41,168.5,169.14
1231005,1600,168.74,169.0,168.3,168.83
1231006,1600,169.17,170.23,168.5,169.7
1231009,1600,171.18,172.86,171.08,172.82
1231010,1600,172.08,172.8,171.9,172.53
1231011,1600,173.6,174.13,173.26,173.79
1231012,1600,174.06,174.23,173.24,173.26
1231013,1600,176.89,179.1,176.72,178.83
1231016,1600,177.84,178.33,177.54,177.96
1231017,1600,178.37,179.13,177.98,178.29
1231018,1600,180.89,182.02,179.75,180.87
1231019,1600,181.04,183.43,180.82,183.09
1231020,1600,183.43,185.23,183.09,183.59
1231023,1600,183.51,183.56,182.71,182.97
1231024,1600,182.07,183.4,181.68,182.95
1231025,1600,183.42,184.3,182.04,183.72
1231026,1600,183.4,184.49,182.87,184.01
1231027,1600,183.76,186.36,183.47,186.15
1231030,1600,185.54,185.7,184.73,185.1
1231031,1600,185.08,186.21,183.5,184.09
1231101,1600,183.91,185.0,182.67,183.51
1231102,1600,184.13,184.28,183.5,184.12
1231103,1600,184.48,185.47,184.35,184.79
1231106,1600,184.14,184.23,183.34,183.35
1231107,1600,182.25,182.65,181.75,182.59
1231108,1600,182.01,182.07,180.57,180.77
1231109,1600,180.98,182.28,180.89,181.49
1231110,1600,180.51,180.59,179.25,179.51
1231113,1600,179.4,180.73,179.11,180.51
1231114,1600,181.7,182.75,181.62,182.12
1231115,1600,182.03,182.18,181.31,181.64
1231116,1600,182.85,184.32,182.8,183.69
1231117,1600,183.96,184.13,183.45,183.67
1231120,1600,182.32,183.48,182.23,183.37
1231121,1600,185.57,186.12,185.07,185.35
1231122,1600,185.47,185.72,184.27,184.56
1231124,1600,185.47,185.75,185.16,185.52
1231127,1600,186.56,186.8,185.93,186.77
1231128,1600,187.9,189.4,187.52,189.26
1231129,1600,189.16,189.99,189.02,189.54
1231130,1600,188.89,189.24,188.28,188.75
1231201,1600,188.81,192.4,188.69,192.01
1231204,1600,189.6,190.38,187.26,187.86
1231205,1600,187.55,187.88,186.3,187.15
1231206,1600,188.32,188.46,187.5,187.84
1231207,1600,188.45,188.59,187.26,188.15
1231208,1600,185.93,186.78,184.9,185.64
1231211,1600,184.5,184.53,183.15,183.59
1231212,1600,183.84,183.98,183.26,183.49
1231213,1600,183.82,187.66,183.38,187.63
1231214,1600,188.86,189.82,188.08,188.73
1231215,1600,188.52,188.96,186.82,187.0
1231218,1600,187.5,188.49,187.24,187.85
1231219,1600,188.23,189.72,188.13,189.13
1231220,1600,188.69,188.96,188.09,188.1
1231221,1600,189.21,189.62,188.75,189.43
1231222,1600,191.6,191.88,190.07,190.27
1231226,1600,190.97,191.74,190.4,191.72
1231227,1600,191.77,193.18,191.54,192.59
1231228,1600,192.34,192.89,191.44,191.47
1231229,1600,190.99,191.64,190.74,191.17
1240102,1600,191.44,191.89,190.5,190.72
1240103,1600,188.77,189.86,188.16,189.13
1240104,1600,189.08,189.75,188.69,189.32
1240105,1600,189.68,191.26,189.08,189.35
1240108,1600,187.21,188.74,187.11,187.87
1240109,1600,188.68,188.78,187.73,187.93
1240110,1600,188.14,188.44,187.21,187.5
1240111,1600,188.02,188.55,186.56,187.87
1240112,1600,190.67,191.08,189.16,189.71
1240116,1600,189.15,189.26,187.54,187.91
1240117,1600,187.31,187.42,185.45,185.84
1240118,1600,186.36,187.4,186.3,187.37
1240119,1600,188.26,188.3,187.44,187.93
1240122,1600,187.23,187.76,186.85,187.22
1240123,1600,187.45,188.15,187.28,187.95
1240124,1600,188.33,188.37,186.32,186.4
1240125,1600,187.34,187.64,186.46,187.14
1240126,1600,187.27,187.38,186.76,187.01
1240129,1600,188.31,188.54,187.19,188.33
1240130,1600,189.7,189.83,187.98,188.59
1240131,1600,189.37,190.46,188.13,188.45
1240201,1600,189.71,191.36,188.99,190.41
1240202,1600,188.07,188.87,187.85,188.61
1240205,1600,186.88,187.82,186.7,187.57
1240206,1600,187.94,188.85,187.74,188.55
1240207,1600,188.45,189.39,188.28,188.5
1240208,1600,187.91,188.53,187.82,188.33
1240209,1600,187.56,187.77,187.14,187.6
1240212,1600,186.6,187.27,186.36,187.11
1240213,1600,185.35,185.38,184.33,184.53
1240214,1600,184.27,184.88,183.78,184.42
1240215,1600,185.6,186.02,185.1,185.66
1240216,1600,185.08,186.67,184.84,186.34
1240220,1600,187.96,188.03,187.4,187.47
1240221,1600,187.88,188.04,187.1,187.48
1240222,1600,187.56,187.64,187.05,187.56
1240223,1600,187.56,189.18,187.46,188.62
1240226,1600,187.79,188.36,187.53,188.2
1240227,1600,188.58,188.72,187.88,188.0
1240228,1600,188.34,188.52,188.03,188.34
1240229,1600,189.64,189.92,189.23,189.31
1240301,1600,190.27,193.4,189.44,192.89
1240304,1600,194.15,196.33,193.88,196.01
1240305,1600,197.44,198.14,196.65,197.19
1240306,1600,198.08,199.3,197.44,198.81
1240307,1600,199.54,200.11,198.91,199.94
1240308,1600,200.89,203.3,200.45,201.63
1240311,1600,201.71,202.41,201.46,202.0
1240312,1600,200.42,200.63,199.16,199.79
1240313,1600,200.44,201.86,200.35,201.19
1240314,1600,200.37,200.47,199.34,200.35
1240315,1600,199.94,200.63,199.57,199.71
1240318,1600,199.66,200.15,199.51,200.03
1240319,1600,199.62,199.81,198.94,199.8
1240320,1600,199.16,202.66,199.12,202.18
1240321,1600,203.88,203.92,200.6,201.97
1240322,1600,201.32,201.86,199.72,200.35
1240325,1600,201.19,201.95,200.97,200.99
1240326,1600,202.65,202.76,201.07,201.64
1240327,1600,202.32,203.22,202.32,203.1
1240328,1600,204.54,206.05,203.87,205.72
1240401,1600,208.68,208.73,206.29,207.82
1240402,1600,209.07,211.03,208.36,210.89
1240403,1600,210.57,212.83,210.3,212.74
1240404,1600,212.0,213.45,211.02,211.52
1240405,1600,212.49,215.74,212.22,215.14
1240408,1600,215.98,216.81,214.61,216.48
1240409,1600,217.81,218.86,216.45,217.67
1240410,1600,215.37,217.78,214.68,215.61
1240411,1600,216.85,219.84,215.89,219.8
1240412,1600,221.87,225.09,216.02,216.89
1240415,1600,217.94,221.03,215.16,220.95
1240416,1600,220.18,221.99,218.78,221.22
1240417,1600,221.05,221.76,218.52,219.59
1240418,1600,221.31,221.46,219.31,220.34
1240419,1600,220.49,222.36,220.08,221.03
1240422,1600,216.35,216.96,215.14,215.57
1240423,1600,213.96,215.86,213.87,215.04
1240424,1600,214.76,216.35,214.36,214.64
1240425,1600,214.47,217.05,214.34,215.92
1240426,1600,216.77,217.07,215.53,216.62
1240429,1600,216.02,217.22,215.25,216.18
1240430,1600,213.38,214.13,211.8,211.87
1240501,1600,212.96,215.5,212.41,213.79
1240502,1600,211.9,213.71,211.49,213.13
1240503,1600,212.89,213.23,210.71,212.96
1240506,1600,215.14,215.91,214.47,215.2
1240507,1600,214.52,214.93,213.88,214.21
1240508,1600,213.62,214.8,213.5,213.58
1240509,1600,214.48,216.95,214.44,216.95
1240510,1600,219.22,219.6,218.08,218.71
1240513,1600,217.06,217.31,215.8,216.26
1240514,1600,217.31,218.38,216.98,218.09
1240515,1600,219.06,221.19,217.65,220.89
1240516,1600,220.14,220.59,219.41,220.03
1240517,1600,222.18,223.85,221.67,223.66
1240520,1600,223.79,225.66,223.02,224.56
1240521,1600,224.77,225.21,223.7,224.23
1240522,1600,223.09,223.24,219.74,220.11
1240523,1600,218.78,219.23,215.66,215.72
1240524,1600,216.96,217.21,215.74,215.92
1240528,1600,218.43,218.59,217.21,218.19
1240529,1600,216.92,217.16,216.12,216.16
1240530,1600,216.69,217.51,216.41,216.57
1240531,1600,217.77,217.96,214.65,215.3
1240603,1600,215.92,217.82,215.54,217.22
1240604,1600,216.24,216.24,214.2,215.27
1240605,1600,216.69,218.08,215.93,217.82
1240606,1600,218.36,219.97,218.1,219.43
1240607,1600,215.07,215.19,211.54,211.6
1240610,1600,213.13,214.02,212.76,213.54
1240611,1600,213.95,214.38,213.24,214.15
1240612,1600,216.47,216.55,214.2,214.72
1240613,1600,214.44,214.96,212.26,212.97
1240614,1600,215.34,216.04,214.98,215.73
1240617,1600,214.9,215.24,213.6,214.61
1240618,1600,214.38,215.83,214.04,215.47
1240620,1600,216.32,218.74,216.15,218.16
1240621,1600,217.83,217.9,214.26,214.78
1240624,1600,215.55,215.94,215.2,215.63
1240625,1600,214.96,215.31,214.12,214.56
1240626,1600,212.39,213.11,212.12,212.58
1240627,1600,214.71,215.5,214.45,214.99
1240628,1600,215.64,215.81,214.82,215.01
1240701,1600,215.25,216.0,214.49,215.57
1240702,1600,215.33,216.08,214.62,215.56
1240703,1600,217.34,218.74,217.33,217.99
1240705,1600,219.58,221.28,219.58,220.93
1240708,1600,219.64,220.04,217.41,218.19
1240709,1600,218.57,219.29,217.27,218.56
1240710,1600,220.14,220.71,219.16,219.36
1240711,1600,222.65,224.15,221.48,223.25
1240712,1600,222.03,223.62,221.86,223.11
1240715,1600,223.39,225.59,223.02,223.83
1240716,1600,225.45,228.29,225.3,228.29
1240717,1600,228.79,229.65,226.67,227.23
1240718,1600,227.71,228.32,225.57,225.78
1240719,1600,221.52,222.68,221.41,221.73
1240722,1600,221.58,221.92,220.4,221.8
1240723,1600,222.34,222.75,221.86,222.58
1240724,1600,223.47,224.88,221.74,221.8
1240725,1600,219.02,219.26,217.52,218.33
1240726,1600,219.96,221.04,219.7,220.63
1240729,1600,221.26,221.55,219.05,220.32
1240730,1600,221.41,222.92,220.36,222.52
1240731,1600,223.73,226.6,223.64,226.55
1240801,1600,226.74,227.57,225.05,225.77
1240802,1600,227.95,228.76,222.87,225.34
1240805,1600,220.56,223.1,220.24,222.48
1240806,1600,221.5,222.14,220.11,220.7
1240807,1600,221.94,222.31,220.35,220.55
1240808,1600,222.73,224.25,222.52,224.01
1240809,1600,224.82,225.28,223.82,224.56
1240812,1600,226.14,228.54,225.97,228.41
1240813,1600,228.07,228.87,227.59,228.06
1240814,1600,226.55,227.48,225.35,226.2
1240815,1600,226.51,227.5,225.12,226.91
1240816,1600,229.99,232.02,229.01,231.99
1240819,1600,230.15,231.78,229.74,231.61
1240820,1600,233.71,234.01,231.13,232.46
1240821,1600,231.69,232.87,230.48,232.15
1240822,1600,230.35,230.38,228.26,229.37
1240823,1600,231.04,232.73,230.52,232.02
1240826,1600,233.45,233.5,232.06,232.76
1240827,1600,231.69,233.47,231.57,233.39
1240828,1600,232.0,232.02,230.73,231.75
1240829,1600,231.95,233.61,231.92,232.95
1240830,1600,232.53,232.86,230.55,231.29
1240903,1600,230.38,230.54,228.52,230.29
1240904,1600,229.79,231.06,229.38,230.43
1240905,1600,232.72,232.89,231.33,232.35
1240906,1600,231.83,232.76,229.62,230.63
1240909,1600,231.26,231.62,230.39,231.6
1240910,1600,232.39,232.74,231.12,232.62
1240911,1600,231.72,232.87,231.09,232.25
1240912,1600,234.63,236.45,234.42,236.33
1240913,1600,238.13,238.98,237.76,238.68
1240916,1600,238.73,239.28,238.05,238.66
1240917,1600,238.08,238.6,236.61,237.34
1240918,1600,238.19,240.29,235.3,235.51
1240919,1600,238.24,239.52,237.39,239.17
1240920,1600,241.11,242.63,240.47,242.21
1240923,1600,242.97,243.46,242.59,242.68
1240924,1600,243.39,246.19,243.15,246.07
1240925,1600,246.19,246.47,244.79,245.73
1240926,1600,246.44,247.37,245.19,246.98
1240927,1600,246.31,246.75,244.19,245.02
1240930,1600,243.97,244.08,242.5,243.06
1241001,1600,245.2,246.98,245.06,245.61
1241002,1600,245.61,246.07,243.99,245.66
1241003,1600,244.72,245.91,243.69,245.49
1241004,1600,245.0,246.69,244.05,245.0
1241007,1600,244.58,244.82,243.81,244.17
1241008,1600,243.79,244.04,240.63,242.37
1241009,1600,241.16,241.84,240.64,241.05
1241010,1600,241.77,243.02,241.51,242.82
1241011,1600,244.5,245.92,244.47,245.47
1241014,1600,245.16,245.86,244.26,245.07
1241015,1600,244.99,246.55,244.53,245.92
1241016,1600,247.62,248.09,246.36,247.15
1241017,1600,247.75,249.06,247.62,248.63
1241018,1600,250.0,251.37,249.9,251.27
1241021,1600,252.74,253.14,250.73,251.22
1241022,1600,253.06,253.94,252.52,253.93
1241023,1600,253.08,253.18,250.2,250.87
1241024,1600,253.27,253.32,251.4,252.8
1241025,1600,252.0,253.55,251.77,253.32
1241028,1600,253.01,253.63,252.95,253.33
1241029,1600,254.49,256.29,254.23,256.09
1241030,1600,256.76,257.71,255.91,257.5
1241031,1600,255.52,255.6,252.2,253.51
1241101,1600,254.33,254.86,252.44,252.47
1241104,1600,253.32,253.58,252.27,252.83
1241105,1600,253.78,253.99,252.41,253.4
1241106,1600,245.64,247.35,244.95,245.7
1241107,1600,248.29,250.24,248.12,249.65
1241108,1600,249.07,249.35,247.78,247.96
1241111,1600,242.73,242.73,241.06,242.14
1241112,1600,241.29,241.66,239.39,240.05
1241113,1600,241.31,241.47,237.59,237.63
1241114,1600,236.57,237.99,236.13,237.01
1241115,1600,237.57,237.88,236.33,236.59
1241118,1600,240.46,241.5,240.45,241.09
1241119,1600,242.75,243.31,242.03,243.25
1241120,1600,243.74,245.21,243.51,244.62
1241121,1600,246.23,246.81,245.69,246.66
1241122,1600,248.2,250.39,247.86,249.84
1241125,1600,244.27,244.4,241.48,242.48
1241126,1600,242.71,243.09,241.58,242.95
1241127,1600,244.85,245.18,243.2,243.49
1241129,1600,245.25,245.81,244.73,245.59
1241202,1600,244.46,244.58,243.14,243.44
1241203,1600,244.96,245.18,243.3,243.93
1241204,1600,244.93,245.34,244.37,244.67
1241205,1600,244.16,244.38,242.15,242.86
1241206,1600,242.79,243.86,242.44,242.95
1241209,1600,246.28,247.11,245.26,245.36
1241210,1600,247.86,248.86,247.83,248.59
1241211,1600,249.35,251.26,248.97,250.96
1241212,1600,247.81,248.24,246.87,247.28
1241213,1600,245.67,245.94,244.27,244.29
1241216,1600,245.41,245.54,244.29,244.88
1241217,1600,243.8,244.55,243.23,243.94
1241218,1600,243.57,243.71,238.82,239.26
1241219,1600,239.67,240.05,238.73,239.6
1241220,1600,241.41,242.96,241.17,242.1
1241223,1600,241.6,241.67,240.65,240.96
1241224,1600,241.49,241.66,240.82,241.44
1241226,1600,242.39,243.56,242.2,243.07
1241227,1600,241.2,241.95,241.05,241.4
1241230,1600,241.08,241.08,239.58,240.63
1241231,1600,241.05,242.52,241.05,242.13
1250102,1600,244.22,245.53,244.08,245.42
1250103,1600,244.56,244.82,243.36,243.49
1250106,1600,242.33,243.79,242.05,243.19
1250107,1600,245.52,245.77,243.81,244.56
1250108,1600,245.72,246.45,244.51,245.86
1250110,1600,248.01,249.04,247.55,248.21
1250113,1600,246.34,246.79,245.15,245.74
1250114,1600,245.62,247.04,245.52,247.03
1250115,1600,248.21,248.9,247.01,248.88
1250116,1600,250.56,251.39,250.27,250.6
1250117,1600,249.7,250.81,249.15,249.27
1250121,1600,251.95,253.36,251.83,253.13
1250122,1600,254.29,254.68,253.78,254.43
1250123,1600,253.19,254.54,252.82,254.07
1250124,1600,255.96,257.07,255.61,255.65
1250127,1600,253.86,254.26,251.92,252.99
1250128,1600,254.23,255.25,253.89,255.18
1250129,1600,254.55,254.82,253.3,254.2
1250130,1600,257.2,258.29,256.45,258.05
1250131,1600,259.08,259.99,257.86,258.56
1250203,1600,259.75,261.39,259.52,259.94
1250204,1600,261.83,262.54,261.35,262.5
1250205,1600,264.45,265.99,263.89,264.13
1250206,1600,263.66,263.72,261.49,263.43
1250207,1600,265.22,266.35,263.26,263.9
1250210,1600,268.0,268.66,267.24,268.37
1250211,1600,267.7,268.36,266.71,267.39
1250212,1600,267.15,268.43,266.35,267.67
1250213,1600,268.4,270.39,268.22,270.31
1250214,1600,270.07,270.21,265.45,266.29
1250218,1600,269.68,271.01,269.6,270.7
1250219,1600,270.68,271.33,269.24,270.85
1250220,1600,270.23,271.84,270.17,270.99
1250221,1600,270.8,271.51,269.51,270.74
1250224,1600,271.45,272.32,270.38,272.21
1250225,1600,271.46,271.68,266.45,268.62
1250226,1600,267.08,269.08,266.66,269.03
1250227,1600,266.49,266.67,264.45,264.93
1250228,1600,262.56,263.4,261.25,263.27
1250303,1600,265.07,266.88,265.07,266.74
1250304,1600,269.01,269.4,267.52,269.06
1250305,1600,267.97,270.26,267.96,269.62
1250306,1600,268.25,269.51,268.16,268.25
1250307,1600,269.09,270.34,267.64,268.39
1250310,1600,267.62,268.44,265.64,266.04
1250311,1600,268.47,269.73,268.44,269.16
1250312,1600,268.47,271.23,268.36,270.33
1250313,1600,271.57,275.35,271.55,275.13
1250314,1600,276.27,276.3,274.66,275.24
1250317,1600,275.54,276.79,275.39,276.73
1250318,1600,279.9,280.21,278.97,279.96
1250319,1600,279.85,281.48,279.06,281.11
1250320,1600,279.49,280.9,279.43,280.75
1250321,1600,279.46,279.46,276.59,278.49
1250324,1600,278.91,279.09,276.86,277.25
1250325,1600,278.78,279.96,278.27,278.47
1250326,1600,278.93,279.02,277.78,278.24
1250327,1600,280.55,282.07,279.59,281.97
1250328,1600,283.82,284.64,282.86,284.06
1250331,1600,287.53,288.39,285.85,288.14
1250401,1600,288.54,289.13,285.91,287.57
1250402,1600,288.28,289.03,287.36,288.16
1250403,1600,282.78,289.09,282.45,286.42
1250404,1600,283.64,284.03,278.02,279.72
1250407,1600,278.86,280.14,272.58,273.71
1250408,1600,277.87,278.32,274.24,275.2
1250409,1600,282.22,285.87,281.04,285.38
1250410,1600,288.81,292.86,287.23,292.35
1250411,1600,297.96,299.27,296.81,297.93
1250414,1600,295.54,296.58,294.53,296.23
1250415,1600,296.93,298.02,296.09,297.78
1250416,1600,304.65,308.06,303.8,307.47
1250417,1600,306.31,307.13,302.73,306.12
1250421,1600,315.02,316.41,313.95,315.59
1250422,1600,317.49,317.63,310.36,311.11
1250423,1600,304.18,304.74,300.59,303.65
1250424,1600,306.98,308.5,304.71,308.07
1250425,1600,301.78,305.37,301.01,304.73
1250428,1600,304.15,309.11,302.97,309.07
1250429,1600,305.81,306.95,304.0,306.06
1250430,1600,304.61,306.07,303.44,303.77
1250501,1600,297.41,297.94,295.32,297.46
1250502,1600,300.17,300.85,297.03,297.98
1250505,1600,305.92,307.65,304.68,306.88
1250506,1600,313.12,315.62,311.4,315.48
1250507,1600,312.1,313.26,310.08,310.75
1250508,1600,309.76,310.48,303.05,304.63
1250509,1600,307.79,308.57,306.01,306.84
1250512,1600,298.33,299.47,296.82,298.19
1250513,1600,299.02,300.3,297.24,299.46
1250514,1600,293.67,294.8,291.96,293.16
1250515,1600,294.1,297.9,293.75,297.84
1250516,1600,292.62,294.58,291.78,294.24
1250519,1600,297.85,298.58,296.48,298.03
1250520,1600,298.35,303.68,298.3,303.58
1250521,1600,304.55,306.46,303.67,305.82
1250522,1600,305.09,305.28,302.1,303.11
1250523,1600,308.86,310.25,307.47,309.75
1250527,1600,303.81,304.88,302.74,304.5
1250528,1600,304.64,304.99,303.06,303.81
1250529,1600,305.74,306.89,304.46,305.61
1250530,1600,303.64,304.02,301.5,303.6
1250602,1600,309.21,311.72,308.72,311.67
1250603,1600,309.56,309.56,307.15,308.91
1250604,1600,309.41,311.88,308.74,310.9
1250605,1600,311.24,312.2,307.65,309.33
1250606,1600,309.09,309.2,305.1,305.18
1250609,1600,305.39,307.61,305.06,306.62
1250610,1600,308.31,308.6,305.87,306.71
1250611,1600,307.5,308.62,305.85,308.37
1250612,1600,311.74,313.1,311.15,312.2
1250613,1600,317.26,317.6,315.04,316.29
1250616,1600,314.8,314.87,311.65,311.78
1250617,1600,312.66,313.0,310.12,311.94
1250618,1600,312.89,312.98,309.86,310.26
1250620,1600,309.33,310.89,309.25,310.13
1250623,1600,310.34,312.67,310.31,311.08
1250624,1600,305.07,306.34,303.54,306.19
1250625,1600,305.31,307.36,305.12,307.12
1250626,1600,305.77,307.28,304.86,306.78
1250627,1600,300.03,302.36,299.89,301.22
1250630,1600,302.39,304.92,301.95,304.83
1250701,1600,308.56,309.0,307.36,307.55
1250702,1600,308.04,309.4,306.96,309.25
1250703,1600,307.05,307.57,306.15,307.14
1250707,1600,305.07,307.71,304.53,307.37
1250708,1600,306.3,306.45,302.77,304.16
1250709,1600,303.58,305.54,303.23,305.52
1250710,1600,306.11,306.51,304.82,306.2
1250711,1600,308.86,310.28,308.52,309.14
1250714,1600,309.07,309.38,307.73,308.01
1250715,1600,307.73,308.74,305.79,306.73
1250716,1600,307.11,311.09,305.73,308.26
1250717,1600,305.5,307.67,305.12,307.59
1250718,1600,309.24,309.37,308.32,308.39
1250721,1600,311.88,313.31,311.61,313.13
1250722,1600,314.48,316.24,313.62,316.1
1250723,1600,314.0,314.96,311.42,312.18
1250724,1600,309.29,310.99,309.06,310.27
1250725,1600,307.82,308.31,306.2,307.4
1250728,1600,306.44,306.58,304.05,305.41
1250729,1600,305.8,307.03,304.99,306.25
1250730,1600,304.42,304.65,300.96,300.96
1250731,1600,304.59,304.61,302.86,302.96
1250801,1600,308.61,309.55,307.45,309.11
1250804,1600,310.8,311.74,310.37,310.91
1250805,1600,310.37,312.24,310.22,311.16
1250806,1600,310.32,311.24,309.84,310.5
1250807,1600,311.72,313.14,310.7,313.12
1250808,1600,312.35,313.53,311.0,313.05
1250811,1600,308.62,309.66,307.63,308.55
1250812,1600,308.22,309.31,306.71,308.27
1250813,1600,309.1,310.39,308.45,309.21
1250814,1600,307.93,308.34,306.52,307.25
1250815,1600,307.34,308.0,306.87,307.43
1250818,1600,307.79,307.89,306.63,306.95
1250819,1600,306.76,307.48,305.19,305.27
1250820,1600,307.54,308.47,307.4,308.36
1250821,1600,307.86,308.15,307.03,307.29
1250822,1600,306.52,311.02,306.43,310.58
1250825,1600,309.67,310.84,309.67,309.83
1250826,1600,310.62,312.21,310.31,312.08
1250827,1600,311.39,312.91,310.77,312.71
1250828,1600,313.32,315.08,313.07,315.03
1250829,1600,314.72,318.09,314.64,318.07
1250902,1600,320.82,325.92,320.24,325.59
1250903,1600,327.76,329.45,326.73,328.14
1250904,1600,327.03,327.56,325.35,326.69
1250905,1600,329.53,331.44,328.93,331.05
1250908,1600,333.66,335.67,333.23,334.82
1250909,1600,337.03,338.31,333.85,334.06
1250910,1600,335.73,336.5,326.19,335.26
1250911,1600,333.37,335.16,332.97,334.76
1250912,1600,335.88,336.39,335.23,335.42
1250915,1600,336.31,339.28,336.23,338.91
1250916,1600,340.09,340.88,338.62,339.59
1250917,1600,338.53,341.24,335.52,336.97
1250918,1600,336.22,336.32,333.81,335.62
1250919,1600,336.51,339.23,336.31,339.18
1250922,1600,342.75,345.07,341.84,345.05
1250923,1600,348.23,348.75,345.32,346.46
1250924,1600,346.7,346.83,342.14,343.32
1250925,1600,344.39,345.83,342.47,344.75
1250926,1600,345.83,348.25,345.31,346.74
1250929,1600,351.79,352.83,351.28,352.46
1250930,1600,351.13,355.57,350.87,355.47
1251001,1600,356.17,356.97,354.79,356.03
1251002,1600,358.26,358.67,351.4,354.79
1251003,1600,357.12,358.14,355.8,357.64
1251006,1600,362.16,365.3,361.37,364.38
1251007,1600,366.51,367.27,364.55,366.26
1251008,1600,371.65,373.57,370.5,372.3
1251009,1600,373.14,373.22,362.83,365.43
1251010,1600,367.54,370.31,365.44,369.12
1251013,1600,376.5,378.86,375.58,378.09
1251014,1600,378.21,382.38,377.9,380.79
1251015,1600,385.93,387.76,384.59,387.39
1251016,1600,391.15,396.87,390.4,396.45
1251017,1600,397.14,397.28,385.22,388.99
1251020,1600,397.45,403.3,394.2,403.15
1251021,1600,386.54,388.89,375.65,377.24
1251022,1600,372.75,378.47,368.93,377.28
1251023,1600,381.46,382.25,378.65,378.79
1251024,1600,378.51,380.77,376.81,377.52
1251027,1600,371.13,371.59,365.34,367.01
1251028,1600,361.81,365.3,360.12,364.38
1251029,1600,369.65,370.08,361.36,363.0
1251030,1600,365.09,370.36,364.5,370.13
1251031,1600,370.47,370.66,365.5,368.12
1251103,1600,368.91,370.84,367.54,368.78
1251104,1600,363.48,365.74,361.39,362.32
1251105,1600,366.39,367.1,364.65,366.51
1251106,1600,367.16,368.18,364.7,366.07
1251107,1600,367.94,370.42,366.42,368.31
1251110,1600,375.93,378.66,374.78,378.38
1251111,1600,379.98,380.4,376.87,379.87
1251112,1600,380.07,387.46,379.44,385.99
1251113,1600,387.29,388.18,381.21,382.87
1251114,1600,372.87,378.2,370.89,375.96
1251117,1600,374.04,375.46,368.52,371.65
1251118,1600,374.83,375.54,371.62,374.35
1251119,1600,377.78,380.17,373.03,374.96
1251120,1600,375.29,377.69,371.85,374.85
1251121,1600,374.03,377.23,372.94,374.27
1251124,1600,374.88,380.28,374.19,380.2
1251125,1600,380.26,382.52,378.06,380.08
1251126,1600,381.06,383.78,380.46,383.12
1251128,1600,385.98,388.0,384.99,387.88
1251201,1600,390.61,390.7,388.06,389.75
1251202,1600,388.87,388.98,382.91,387.24
1251203,1600,388.46,390.13,385.83,386.88
1251204,1600,386.92,388.0,385.4,387.13
1251205,1600,389.12,391.74,386.18,386.44
1251208,1600,387.02,387.24,384.01,385.42
1251209,1600,385.62,388.21,385.27,387.4
1251210,1600,385.95,389.76,384.5,389.05
1251211,1600,389.02,394.09,388.5,393.24
1251212,1600,399.16,400.39,391.47,395.44
1251215,1600,397.76,398.71,394.07,395.8
1251216,1600,397.75,398.71,394.59,395.89
1251217,1600,398.08,399.98,397.25,399.29
1251218,1600,398.28,402.21,396.05,398.57
1251219,1600,397.92,400.63,397.17,399.02
1251222,1600,406.98,408.52,405.72,408.23
1251223,1600,410.3,413.76,407.1,413.64
1251224,1600,412.25,412.63,408.83,411.93
1251226,1600,416.48,418.45,414.75,416.74
1251229,1600,403.66,403.76,395.33,398.6
1251230,1600,403.6,403.8,398.56,398.89
1251231,1600,398.6,400.13,395.59,396.31
1260102,1600,401.62,401.82,396.25,398.28
1260105,1600,406.39,409.72,406.15,408.76
1260106,1600,410.67,413.48,410.31,413.18
1260107,1600,408.63,410.81,406.65,409.23
1260108,1600,406.97,411.64,406.4,411.49
1260109,1600,413.22,415.29,411.8,414.47
1260112,1600,421.52,425.74,421.52,422.23
1260113,1600,424.59,426.12,420.07,421.63
1260114,1600,426.03,426.86,422.84,425.94
1260115,1600,423.02,425.06,422.79,423.33
1260116,1600,422.8,424.8,417.04,421.29
1260120,1600,436.69,438.14,434.1,437.23
1260121,1600,446.87,448.0,437.11,443.6
1260122,1600,443.84,452.98,443.56,451.79
1260123,1600,454.11,458.75,453.45,458.0
1260126,1600,466.78,469.28,460.36,464.7
1260127,1600,465.07,476.49,463.95,476.1
1260128,1600,483.39,495.88,481.25,494.56
1260129,1600,509.51,509.7,468.51,495.9
1260130,1600,466.25,470.06,430.8,444.95
1260202,1600,434.01,440.78,422.55,427.13
1260203,1600,452.63,459.0,448.31,454.29
1260204,1600,462.47,463.1,445.71,453.97
1260205,1600,444.29,450.9,440.35,441.88
1260206,1600,450.73,456.93,450.03,455.46
1260209,1600,461.39,467.56,460.85,467.03
1260210,1600,465.96,466.75,459.52,462.4
1260211,1600,466.0,468.61,462.82,467.63
1260212,1600,464.9,466.38,448.06,451.39
1260213,1600,459.73,463.84,456.25,462.62
1260217,1600,450.26,451.37,445.53,448.2
1260218,1600,455.81,460.51,455.32,458.28
1260219,1600,457.34,461.51,456.03,459.56
1260220,1600,463.25,468.62,458.34,468.62
1260223,1600,474.65,481.46,474.61,481.28
1260224,1600,470.09,475.44,469.55,474.61
1260225,1600,475.74,479.53,472.9,473.42
1260226,1600,474.95,477.83,442.04,477.48
1260227,1600,480.75,483.9,479.11,483.75
1260302,1600,490.1,492.15,483.28,490.0
1260303,1600,472.83,473.2,458.93,468.14
1260304,1600,474.82,476.42,469.39,471.8
1260305,1600,470.45,470.67,463.91,466.13
1260306,1600,469.04,475.46,467.07,473.51
1260309,1600,468.09,472.68,464.79,472.53
1260310,1600,479.74,481.31,474.21,477.86
1260311,1600,476.13,477.45,473.13,476.24
1260312,1600,475.02,475.02,466.6,466.88
1260313,1600,469.31,470.1,460.22,460.84
1260316,1600,461.27,462.8,456.91,460.43
1260317,1600,460.51,462.21,456.87,459.27
1260318,1600,446.66,450.06,444.39,444.74
1260319,1600,420.36,428.27,416.8,426.41
1260320,1600,428.09,428.59,411.23,413.38
1260323,1600,405.12,414.54,399.64,404.04
1260324,1600,400.24,407.29,399.2,404.13
1260325,1600,419.71,420.66,412.25,416.29
1260326,1600,408.53,411.37,400.26,400.64
1260327,1600,406.2,418.4,405.41,414.7
1260330,1600,419.54,420.1,412.66,414.58
1260331,1600,420.08,430.57,419.59,430.29
1260401,1600,435.0,440.19,433.76,437.82
1260402,1600,422.29,431.67,421.17,429.41
1260406,1600,428.87,431.49,426.71,427.65
1260407,1600,427.9,433.43,423.1,431.81
1260408,1600,439.98,440.44,431.31,434.53
1260409,1600,436.47,440.91,435.87,437.91
1260410,1600,438.59,440.35,436.0,437.13
1260413,1600,434.78,436.22,431.63,435.36
1260414,1600,439.32,445.18,439.02,445.09
1260415,1600,442.88,443.74,439.6,440.46
1260416,1600,442.15,442.98,438.18,440.08
1260417,1600,445.65,448.7,445.32,445.93
1260420,1600,443.13,443.42,440.05,442.09
1260421,1600,438.55,440.25,428.71,429.57
1260422,1600,436.27,437.17,433.78,435.26
1260423,1600,433.96,435.29,428.22,431.04
1260424,1600,431.34,435.28,430.65,433.25
1260427,1600,431.66,431.8,428.52,429.89
1260428,1600,420.72,422.52,418.4,421.91
1260429,1600,416.74,419.17,414.16,417.41
1260430,1600,425.34,425.46,422.74,423.66
1260501,1600,421.41,427.93,421.08,423.18
1260504,1600,418.84,420.86,413.28,414.71
1260505,1600,420.15,421.16,417.91,418.27
1260506,1600,430.15,433.19,429.6,430.96
1260507,1600,435.61,437.42,430.25,431.68
1260508,1600,434.05,436.2,431.7,433.77
1260511,1600,434.18,436.04,432.21,434.65
1260512,1600,430.7,432.98,425.85,432.93
1260513,1600,430.52,432.49,428.75,430.5
1260514,1600,430.3,431.54,427.1,427.21
1260515,1600,417.64,419.25,414.12,417.29
1260518,1600,419.82,420.93,416.06,418.43
1260519,1600,412.45,414.47,409.88,411.5
1260520,1600,412.14,417.99,410.08,417.4
1260521,1600,413.14,418.42,411.95,416.99
1260522,1600,415.17,415.68,412.0,413.82
1260526,1600,415.16,415.98,411.5,414.0
1260527,1600,404.34,409.25,404.3,408.49
1260528,1600,406.48,414.51,405.41,412.77
1260529,1600,415.62,421.82,415.08,417.12
1260601,1600,409.86,412.61,408.24,411.26
1260602,1600,414.08,414.4,411.1,411.95
1260603,1600,408.38,409.38,406.23,407.87
1260604,1600,413.37,414.37,409.01,411.27
1260605,1600,404.38,404.72,395.92,396.24
1260608,1600,397.52,398.98,396.03,397.27
1260609,1600,397.57,400.48,388.75,390.78
1260610,1600,380.75,384.21,374.55,374.58
1260611,1600,373.96,387.21,371.88,386.32
1260612,1600,385.73,388.77,383.35,386.54
1260615,1600,399.49,401.0,396.15,396.55
1260616,1600,397.83,398.96,395.82,397.63
1260617,1600,397.82,402.04,387.08,388.6
1260618,1600,391.24,392.5,385.6,387.12
1260622,1600,384.25,386.41,382.64,384.59
1260623,1600,377.72,380.35,377.17,377.32
1260624,1600,364.81,370.9,363.32,365.92
1260625,1600,368.99,371.04,366.8,369.46
1260626,1600,372.27,375.85,371.18,373.63
1260629,1600,370.58,371.19,366.97,368.58
1260630,1600,369.22,372.83,368.26,368.38
1260701,1600,371.21,377.78,370.21,370.6
1260702,1600,377.44,380.27,376.29,378.13
1260706,1600,380.21,382.43,378.83,382.13
1260707,1600,382.39,383.6,375.52,377.49
1260708,1600,373.17,375.47,368.95,374.45
1260709,1600,378.51,379.65,377.41,378.18
1260710,1600,375.0,377.55,373.7,377.01
1260713,1600,372.77,372.89,365.77,367.13
1260714,1600,374.53,376.28,370.92,372.15
1260715,1600,372.11,374.49,369.5,372.35
1260716,1600,367.45,368.43,364.05,364.96
1260717,1600,364.11,369.21,363.6,368.41
1260720,1600,367.79,368.79,366.8,367.6
1260721,1600,371.7,375.01,371.07,374.81
1260722,1600,379.07,382.22,378.83,379.12
1260723,1600,372.36,373.09,370.53,371.52
1260724,1600,371.26,374.49,371.03,371.9
1260727,1600,373.89,375.53,372.91,374.63
1260728,1600,369.61,371.23,367.98,369.37
1260729,1600,368.29,377.62,366.53,371.08
1260730,1600,374.16,377.86,373.76,377.16
1260731,1600,370.84,372.01,368.82,371.54
1260803,1600,370.1,372.04,368.64,371.71
1260804,1600,374.14,376.69,373.71,374.16
1260805,1600,384.96,391.51,384.32,389.64
1260806,1600,389.5,392.12,387.27,389.67
1260807,1600,399.6,400.66,396.95,398.47
1260810,1600,397.71,403.24,395.93,402.54
1260811,1600,403.44,404.03,399.89,400.96
1260812,1600,405.31,407.36,403.22,404.92
1260813,1600,402.17,402.58,398.28,398.96
1260814,1600,402.18,403.33,400.94,401.48
1260817,1600,402.34,406.23,402.18,405.49
1260818,1600,402.55,404.32,397.87,398.55
1260819,1600,408.81,414.0,407.47,413.84
1260820,1600,410.08,416.45,409.82,415.26
1260821,1600,420.53,424.89,419.42,423.36
1260824,1600,428.55,429.42,424.2,426.69
1260825,1600,422.78,428.14,422.33,428.07
1260826,1600,423.0,424.95,420.31,421.32
1260827,1600,420.82,423.35,418.43,422.6
1260828,1600,422.24,424.79,407.62,408.89
1260831,1600,407.76,408.8,404.9,408.42
1260901,1600,398.29,401.25,396.45,396.75
1260902,1600,399.71,403.33,399.58,402.78
1260903,1600,410.71,413.54,408.54,410.22
1260904,1600,404.66,408.0,403.96,406.77
1260908,1600,403.56,404.28,399.48,399.72
1260909,1600,406.11,406.56,401.18,403.35
1260910,1600,399.53,401.15,395.45,396.36
1260911,1600,402.53,403.65,398.14,398.77
1260914,1600,391.89,395.9,390.96,392.84
1260915,1600,393.11,395.31,391.81,394.15
1260916,1600,398.91,400.6,388.39,391.74
1260917,1600,400.28,401.44,398.04,398.36
1260918,1600,400.48,403.15,398.14,401.17
