1080102,1600,160.711,160.711,160.711,160.711
1080103,1600,160.679,160.679,160.679,160.679
1080104,1600,161.393,161.393,161.393,161.393
1080107,1600,161.62,161.62,161.62,161.62
1080108,1600,161.607,161.607,161.607,161.607
1080109,1600,162.233,162.233,162.233,162.233
1080110,1600,161.168,161.168,161.168,161.168
1080111,1600,162.12,162.12,162.12,162.12
1080114,1600,162.274,162.274,162.274,162.274
1080115,1600,163.313,163.313,163.313,163.313
1080116,1600,163.226,163.226,163.226,163.226
1080117,1600,164.108,164.108,164.108,164.108
1080118,1600,164.096,164.096,164.096,164.096
1080121,1600,164.096,164.096,164.096,164.096
1080122,1600,166.017,166.017,166.017,166.017
1080123,1600,166.753,166.753,166.753,166.753
1080124,1600,164.326,164.326,164.326,164.326
1080125,1600,164.978,164.978,164.978,164.978
1080128,1600,164.839,164.839,164.839,164.839
1080129,1600,164.161,164.161,164.161,164.161
1080130,1600,163.383,163.383,163.383,163.383
1080131,1600,164.517,164.517,164.517,164.517
1080201,1600,165.076,165.076,165.076,165.076
1080204,1600,164.576,164.576,164.576,164.576
1080205,1600,165.312,165.312,165.312,165.312
1080206,1600,165.131,165.131,165.131,165.131
1080207,1600,163.859,163.859,163.859,163.859
1080208,1600,164.737,164.737,164.737,164.737
1080211,1600,165.147,165.147,165.147,165.147
1080212,1600,164.423,164.423,164.423,164.423
1080213,1600,164.437,164.437,164.437,164.437
1080214,1600,163.112,163.112,163.112,163.112
1080215,1600,163.583,163.583,163.583,163.583
1080218,1600,83.85,83.85,83.85,83.85
1080219,1600,162.43,162.43,162.43,162.43
1080220,1600,161.978,161.978,161.978,161.978
1080221,1600,163.638,163.638,163.638,163.638
1080222,1600,163.615,163.615,163.615,163.615
1080225,1600,162.339,162.339,162.339,162.339
1080226,1600,162.847,162.847,162.847,162.847
1080227,1600,163.078,163.078,163.078,163.078
1080228,1600,164.609,164.609,164.609,164.609
1080229,1600,166.817,166.817,166.817,166.817
1080303,1600,166.73,166.73,166.73,166.73
1080304,1600,166.232,166.232,166.232,166.232
1080305,1600,165.162,165.162,165.162,165.162
1080306,1600,166.132,166.132,166.132,166.132
1080307,1600,167.1,167.1,167.1,167.1
1080310,1600,168.119,168.119,168.119,168.119
1080311,1600,166.371,166.371,166.371,166.371
1080312,1600,167.857,167.857,167.857,167.857
1080313,1600,167.483,167.483,167.483,167.483
1080314,1600,169.231,169.231,169.231,169.231
1080317,1600,170.587,170.587,170.587,170.587
1080318,1600,168.896,168.896,168.896,168.896
1080319,1600,170.238,170.238,170.238,170.238
1080320,1600,170.632,170.632,170.632,170.632
1080325,1600,168.349,168.349,168.349,168.349
1080326,1600,168.411,168.411,168.411,168.411
1080327,1600,168.011,168.011,168.011,168.011
1080328,1600,168.713,168.713,168.713,168.713
1080331,1600,169.141,169.141,169.141,169.141
1080401,1600,167.563,167.563,167.563,167.563
1080402,1600,167.056,167.056,167.056,167.056
1080403,1600,166.964,166.964,166.964,166.964
1080404,1600,168.273,168.273,168.273,168.273
1080407,1600,167.226,167.226,167.226,167.226
1080408,1600,167.202,167.202,167.202,167.202
1080409,1600,168.349,168.349,168.349,168.349
1080410,1600,167.516,167.516,167.516,167.516
1080411,1600,168.314,168.314,168.314,168.314
1080414,1600,167.954,167.954,167.954,167.954
1080415,1600,167.19,167.19,167.19,167.19
1080416,1600,165.83,165.83,165.83,165.83
1080417,1600,165.394,165.394,165.394,165.394
1080418,1600,165.14,165.14,165.14,165.14
1080421,1600,165.519,165.519,165.519,165.519
1080422,1600,165.675,165.675,165.675,165.675
1080423,1600,165.275,165.275,165.275,165.275
1080424,1600,164.112,164.112,164.112,164.112
1080425,1600,163.68,163.68,163.68,163.68
1080428,1600,164.081,164.081,164.081,164.081
1080429,1600,164.209,164.209,164.209,164.209
1080430,1600,162.073,162.073,162.073,162.073
1080501,1600,161.809,161.809,161.809,161.809
1080502,1600,160.628,160.628,160.628,160.628
1080506,1600,160.201,160.201,160.201,160.201
1080507,1600,160.624,160.624,160.624,160.624
1080508,1600,161.575,161.575,161.575,161.575
1080509,1600,161.913,161.913,161.913,161.913
1080512,1600,161.852,161.852,161.852,161.852
1080513,1600,160.281,160.281,160.281,160.281
1080514,1600,159.906,159.906,159.906,159.906
1080515,1600,160.971,160.971,160.971,160.971
1080516,1600,160.874,160.874,160.874,160.874
1080519,1600,161.046,161.046,161.046,161.046
1080520,1600,161.769,161.769,161.769,161.769
1080521,1600,161.286,161.286,161.286,161.286
1080522,1600,160.183,160.183,160.183,160.183
1080523,1600,161.146,161.146,161.146,161.146
1080527,1600,160.113,160.113,160.113,160.113
1080528,1600,159.13,159.13,159.13,159.13
1080529,1600,158.341,158.341,158.341,158.341
1080530,1600,158.711,158.711,158.711,158.711
1080602,1600,159.76,159.76,159.76,159.76
1080603,1600,160.719,160.719,160.719,160.719
1080604,1600,160.396,160.396,160.396,160.396
1080605,1600,159.381,159.381,159.381,159.381
1080606,1600,160.454,160.454,160.454,160.454
1080609,1600,159.566,159.566,159.566,159.566
1080610,1600,158.266,158.266,158.266,158.266
1080611,1600,158.656,158.656,158.656,158.656
1080612,1600,157.148,157.148,157.148,157.148
1080613,1600,156.641,156.641,156.641,156.641
1080616,1600,156.818,156.818,156.818,156.818
1080617,1600,157.164,157.164,157.164,157.164
1080618,1600,158.08,158.08,158.08,158.08
1080619,1600,157.441,157.441,157.441,157.441
1080620,1600,158.246,158.246,158.246,158.246
1080623,1600,157.923,157.923,157.923,157.923
1080624,1600,158.801,158.801,158.801,158.801
1080625,1600,158.699,158.699,158.699,158.699
1080626,1600,159.751,159.751,159.751,159.751
1080627,1600,160.2,160.2,160.2,160.2
1080630,1600,160.337,160.337,160.337,160.337
1080701,1600,160.284,160.284,160.284,160.284
1080702,1600,160.715,160.715,160.715,160.715
1080703,1600,160.685,160.685,160.685,160.685
1080704,1600,81.37,81.37,81.37,81.37
1080707,1600,161.299,161.299,161.299,161.299
1080708,1600,161.88,161.88,161.88,161.88
1080709,1600,162.425,162.425,162.425,162.425
1080710,1600,162.684,162.684,162.684,162.684
1080711,1600,161.071,161.071,161.071,161.071
1080714,1600,161.823,161.823,161.823,161.823
1080715,1600,162.318,162.318,162.318,162.318
1080716,1600,161.416,161.416,161.416,161.416
1080717,1600,160.113,160.113,160.113,160.113
1080718,1600,159.641,159.641,159.641,159.641
1080721,1600,159.845,159.845,159.845,159.845
1080722,1600,159.461,159.461,159.461,159.461
1080723,1600,158.925,158.925,158.925,158.925
1080724,1600,160.534,160.534,160.534,160.534
1080725,1600,159.448,159.448,159.448,159.448
1080728,1600,160.596,160.596,160.596,160.596
1080729,1600,160.334,160.334,160.334,160.334
1080730,1600,160.34,160.34,160.34,160.34
1080731,1600,161.259,161.259,161.259,161.259
1080801,1600,161.651,161.651,161.651,161.651
1080804,1600,161.419,161.419,161.419,161.419
1080805,1600,161.112,161.112,161.112,161.112
1080806,1600,160.732,160.732,160.732,160.732
1080807,1600,162.377,162.377,162.377,162.377
1080808,1600,162.099,162.099,162.099,162.099
1080811,1600,161.498,161.498,161.498,161.498
1080812,1600,162.595,162.595,162.595,162.595
1080813,1600,162.245,162.245,162.245,162.245
1080814,1600,162.812,162.812,162.812,162.812
1080815,1600,163.319,163.319,163.319,163.319
1080818,1600,163.76,163.76,163.76,163.76
1080819,1600,163.552,163.552,163.552,163.552
1080820,1600,164.141,164.141,164.141,164.141
1080821,1600,163.647,163.647,163.647,163.647
1080822,1600,163.274,163.274,163.274,163.274
1080826,1600,164.314,164.314,164.314,164.314
1080827,1600,164.58,164.58,164.58,164.58
1080828,1600,164.335,164.335,164.335,164.335
1080829,1600,164.051,164.051,164.051,164.051
1080901,1600,164.051,164.051,164.051,164.051
1080902,1600,165.026,165.026,165.026,165.026
1080903,1600,165.667,165.667,165.667,165.667
1080904,1600,166.263,166.263,166.263,166.263
1080905,1600,165.984,165.984,165.984,165.984
1080908,1600,165.795,165.795,165.795,165.795
1080909,1600,166.598,166.598,166.598,166.598
1080910,1600,166.076,166.076,166.076,166.076
1080911,1600,166.335,166.335,166.335,166.335
1080912,1600,165.115,165.115,165.115,165.115
1080915,1600,168.289,168.289,168.289,168.289
1080916,1600,167.963,167.963,167.963,167.963
1080917,1600,169.101,169.101,169.101,169.101
1080918,1600,168.806,168.806,168.806,168.806
1080919,1600,164.617,164.617,164.617,164.617
1080922,1600,164.002,164.002,164.002,164.002
1080923,1600,163.825,163.825,163.825,163.825
1080924,1600,164.756,164.756,164.756,164.756
1080925,1600,163.708,163.708,163.708,163.708
1080926,1600,164.169,164.169,164.169,164.169
1080929,1600,166.646,166.646,166.646,166.646
1080930,1600,163.97,163.97,163.97,163.97
1081001,1600,165.146,165.146,165.146,165.146
1081002,1600,166.071,166.071,166.071,166.071
1081003,1600,166.196,166.196,166.196,166.196
1081006,1600,169.097,169.097,169.097,169.097
1081007,1600,168.109,168.109,168.109,168.109
1081008,1600,165.215,165.215,165.215,165.215
1081009,1600,163.464,163.464,163.464,163.464
1081010,1600,163.256,163.256,163.256,163.256
1081013,1600,163.272,163.272,163.272,163.272
1081014,1600,161.261,161.261,161.261,161.261
1081015,1600,161.136,161.136,161.136,161.136
1081016,1600,161.875,161.875,161.875,161.875
1081017,1600,161.772,161.772,161.772,161.772
1081020,1600,162.704,162.704,162.704,162.704
1081021,1600,164.989,164.989,164.989,164.989
1081022,1600,165.984,165.984,165.984,165.984
1081023,1600,167.171,167.171,167.171,167.171
1081024,1600,165.67,165.67,165.67,165.67
1081027,1600,165.469,165.469,165.469,165.469
1081028,1600,164.452,164.452,164.452,164.452
1081029,1600,161.726,161.726,161.726,161.726
1081030,1600,160.809,160.809,160.809,160.809
1081031,1600,160.331,160.331,160.331,160.331
1081103,1600,161.153,161.153,161.153,161.153
1081104,1600,162.878,162.878,162.878,162.878
1081105,1600,163.531,163.531,163.531,163.531
1081106,1600,163.328,163.328,163.328,163.328
1081107,1600,162.561,162.561,162.561,162.561
1081110,1600,163.014,163.014,163.014,163.014
1081111,1600,163.014,163.014,163.014,163.014
1081112,1600,164.317,164.317,164.317,164.317
1081113,1600,163.716,163.716,163.716,163.716
1081114,1600,164.517,164.517,164.517,164.517
1081117,1600,165.281,165.281,165.281,165.281
1081118,1600,166.96,166.96,166.96,166.96
1081119,1600,168.486,168.486,168.486,168.486
1081120,1600,171.236,171.236,171.236,171.236
1081121,1600,170.751,170.751,170.751,170.751
1081124,1600,168.798,168.798,168.798,168.798
1081125,1600,171.637,171.637,171.637,171.637
1081126,1600,172.641,172.641,172.641,172.641
1081127,1600,172.641,172.641,172.641,172.641
1081128,1600,173.252,173.252,173.252,173.252
1081201,1600,176.261,176.261,176.261,176.261
1081202,1600,176.566,176.566,176.566,176.566
1081203,1600,176.997,176.997,176.997,176.997
1081204,1600,178.299,178.299,178.299,178.299
1081205,1600,176.706,176.706,176.706,176.706
1081208,1600,175.83,175.83,175.83,175.83
1081209,1600,176.752,176.752,176.752,176.752
1081210,1600,176.538,176.538,176.538,176.538
1081211,1600,177.593,177.593,177.593,177.593
1081212,1600,178.321,178.321,178.321,178.321
1081215,1600,179.2,179.2,179.2,179.2
1081216,1600,182.562,182.562,182.562,182.562
1081217,1600,183.422,183.422,183.422,183.422
1081218,1600,184.934,184.934,184.934,184.934
1081219,1600,184.105,184.105,184.105,184.105
1081222,1600,183.94,183.94,183.94,183.94
1081223,1600,183.72,183.72,183.72,183.72
1081224,1600,183.311,183.311,183.311,183.311
1081229,1600,184.646,184.646,184.646,184.646
1081230,1600,184.616,184.616,184.616,184.616
1081231,1600,182.36,182.36,182.36,182.36
1090102,1600,126.55,126.55,126.55,125.67
1090105,1600,123.58,124.0,123.33,123.16
1090106,1600,122.1,122.67,121.26,121.17
1090107,1600,119.45,119.45,118.84,117.93
1090108,1600,117.08,118.12,117.08,118.52
1090109,1600,117.71,118.93,117.61,118.47
1090112,1600,120.6,121.93,120.6,122.07
1090113,1600,123.82,124.88,123.82,124.65
1090114,1600,124.68,126.12,124.68,125.5
1090115,1600,126.2,126.2,125.87,125.46
1090116,1600,121.84,122.44,121.84,122.44
1090119,1600,120.54,122.74,120.54,122.22
1090120,1600,128.53,130.08,128.53,128.67
1090121,1600,131.29,131.35,130.25,131.06
1090122,1600,128.77,130.2,128.77,128.84
1090123,1600,130.23,131.76,130.23,129.58
1090126,1600,127.26,127.26,127.26,127.23
1090127,1600,125.21,126.45,124.88,125.68
1090128,1600,125.11,125.11,125.11,124.99
1090129,1600,125.69,125.69,125.69,123.61
1090130,1600,123.0,123.0,122.35,121.72
1090202,1600,124.69,124.69,124.69,124.0
1090203,1600,124.16,124.16,124.16,121.45
1090204,1600,119.94,119.94,119.94,119.96
1090205,1600,121.13,121.13,121.13,119.04
1090206,1600,117.8,117.8,117.8,117.99
1090209,1600,118.0,118.0,116.26,115.74
1090210,1600,116.71,118.15,116.71,119.66
1090211,1600,121.67,121.67,121.1,122.87
1090212,1600,123.37,123.37,123.37,124.09
1090213,1600,122.01,122.01,121.46,121.87
1090216,1600,123.23,123.23,123.23,123.6
1090217,1600,124.39,124.39,124.39,125.1
1090218,1600,125.31,125.31,125.31,124.78
1090219,1600,122.66,122.66,122.66,123.04
1090220,1600,123.94,123.98,123.93,124.02
1090223,1600,120.38,120.38,120.38,121.37
1090224,1600,121.32,121.32,121.32,122.89
1090225,1600,122.58,122.58,122.58,123.37
1090226,1600,121.2,121.2,121.2,121.29
1090227,1600,123.0,123.72,122.86,121.81
1090302,1600,122.81,122.81,122.81,125.49
1090303,1600,124.05,124.05,124.05,125.26
1090304,1600,125.0,125.0,122.9,122.63
1090305,1600,124.78,124.78,124.55,124.55
1090306,1600,124.3,124.3,124.3,125.11
1090309,1600,127.26,127.26,127.26,126.74
1090310,1600,126.65,126.65,125.9,125.98
1090311,1600,126.4,126.4,126.4,126.07
1090312,1600,127.52,127.58,127.52,127.43
1090313,1600,124.65,126.44,124.65,126.01
1090316,1600,123.32,123.32,123.0,124.06
1090317,1600,125.0,125.12,125.0,124.97
1090318,1600,125.44,125.44,125.44,125.28
1090319,1600,126.45,126.45,124.18,124.19
1090320,1600,124.08,124.71,124.08,124.36
1090323,1600,123.05,123.05,123.05,124.15
1090324,1600,121.91,121.95,121.91,121.32
1090325,1600,121.94,121.94,121.86,122.48
1090326,1600,122.54,122.54,122.54,122.96
1090327,1600,0.0,124.93,124.93,124.93
1090330,1600,0.0,125.78,125.78,125.78
1090331,1600,125.17,125.17,125.17,124.98
1090401,1600,124.67,124.67,124.67,124.65
1090402,1600,121.51,121.51,121.51,121.17
1090403,1600,120.97,120.97,119.8,119.68
1090406,1600,118.43,118.43,118.43,119.6
1090407,1600,120.96,120.96,120.96,119.5
1090408,1600,120.21,120.24,120.21,120.63
1090409,1600,120.13,120.13,120.13,120.65
1090414,1600,118.87,119.58,118.87,119.53
1090415,1600,120.47,120.47,120.47,118.89
1090416,1600,119.27,119.27,119.27,119.47
1090417,1600,119.7,119.7,119.7,119.3
1090420,1600,121.4,121.4,121.4,122.13
1090421,1600,122.0,122.0,121.81,120.9
1090422,1600,121.28,121.28,121.28,121.51
1090423,1600,121.12,121.44,120.54,120.3
1090424,1600,120.48,120.48,119.64,119.37
1090427,1600,120.81,120.81,120.67,119.81
1090428,1600,119.38,119.38,118.71,118.71
1090429,1600,117.36,117.36,117.36,116.9
1090430,1600,115.46,115.46,114.71,115.67
1090501,1600,114.81,114.81,114.81,114.56
1090505,1600,113.5,113.5,113.5,113.55
1090506,1600,113.6,113.85,113.6,113.63
1090507,1600,113.05,113.05,113.05,113.52
1090508,1600,112.25,112.25,112.25,112.76
1090511,1600,112.3,113.11,112.3,112.94
1090512,1600,112.37,112.37,112.37,112.05
1090513,1600,112.96,113.6,112.96,113.53
1090514,1600,113.12,113.12,113.12,113.37
1090515,1600,113.52,113.83,112.62,112.62
1090518,1600,112.59,112.59,112.59,112.1
1090519,1600,110.56,110.73,109.92,109.78
1090520,1600,109.95,109.95,109.95,108.5
1090521,1600,109.11,109.11,109.11,108.67
1090522,1600,107.28,107.28,106.36,105.83
1090526,1600,106.18,106.37,105.15,105.15
1090527,1600,104.24,104.27,104.24,103.83
1090528,1600,103.57,103.65,103.56,103.55
1090529,1600,102.83,103.2,102.83,103.3
1090601,1600,101.65,101.65,101.65,100.55
1090602,1600,100.74,100.74,99.34,99.79
1090603,1600,100.39,101.4,100.39,101.39
1090604,1600,101.54,102.01,101.54,101.88
1090605,1600,101.91,101.91,101.91,101.4
1090608,1600,102.58,102.58,102.42,102.08
1090609,1600,100.4,100.4,100.4,100.2
1090610,1600,99.46,99.46,99.46,99.23
1090611,1600,99.72,99.72,98.26,97.9
1090612,1600,99.65,99.67,99.65,99.29
1090615,1600,100.76,100.77,100.46,100.87
1090616,1600,100.2,100.35,100.2,100.11
1090617,1600,102.0,102.0,102.0,101.87
1090618,1600,101.67,101.67,101.67,99.98
1090619,1600,99.73,99.73,99.73,99.49
1090622,1600,100.29,100.29,100.29,100.66
1090623,1600,101.4,101.4,101.4,101.17
1090624,1600,99.95,99.95,99.9,100.11
1090625,1600,101.1,101.11,101.1,101.27
1090626,1600,101.21,101.21,100.78,101.18
1090629,1600,101.3,101.3,101.3,101.03
1090630,1600,101.03,101.03,101.03,101.55
1090701,1600,101.61,101.61,101.45,100.85
1090702,1600,102.36,102.36,102.36,102.36
1090703,1600,102.37,102.43,102.37,102.55
1090706,1600,103.64,103.64,103.28,102.97
1090707,1600,102.78,102.78,102.78,103.65
1090708,1600,104.72,104.72,104.55,105.09
1090709,1600,105.18,105.18,105.08,103.96
1090710,1600,104.55,105.57,104.55,105.25
1090713,1600,105.83,105.83,105.6,105.04
1090714,1600,103.45,103.45,103.45,103.35
1090715,1600,102.81,102.81,102.81,101.55
1090716,1600,102.01,102.01,102.01,102.06
1090717,1600,102.83,102.83,102.83,101.88
1090720,1600,100.96,100.96,100.96,100.62
1090721,1600,101.4,101.4,101.4,102.13
1090722,1600,102.71,102.71,102.71,102.06
1090723,1600,101.53,101.53,101.53,100.53
1090724,1600,100.96,100.96,100.96,100.88
1090727,1600,100.39,100.48,100.33,100.04
1090728,1600,101.17,101.17,101.17,101.41
1090729,1600,101.54,101.54,101.54,101.65
1090730,1600,100.51,100.51,100.51,100.34
1090731,1600,100.56,100.63,100.56,100.45
1090803,1600,99.51,99.51,99.51,98.32
1090804,1600,98.2,98.6,97.83,97.7
1090805,1600,97.44,97.87,97.44,97.87
1090806,1600,97.47,98.29,97.47,98.38
1090807,1600,98.73,98.73,97.85,97.99
1090810,1600,98.19,98.19,98.19,99.65
1090811,1600,99.81,99.93,99.81,100.46
1090812,1600,100.24,100.24,100.24,100.14
1090813,1600,100.38,100.38,100.38,100.22
1090814,1600,100.63,100.63,100.63,101.64
1090817,1600,103.21,103.26,103.21,103.19
1090818,1600,102.2,102.2,102.2,101.5
1090819,1600,102.6,102.6,102.6,102.27
1090820,1600,101.9,101.9,101.9,102.08
1090821,1600,102.74,102.74,101.81,101.51
1090824,1600,101.59,101.59,101.5,102.17
1090825,1600,102.71,102.71,102.71,102.71
1090826,1600,104.15,104.15,104.15,104.33
1090827,1600,103.9,103.9,103.9,104.25
1090828,1600,103.52,103.52,103.52,103.52
1090901,1600,104.12,104.68,104.08,105.02
1090902,1600,104.94,104.94,104.84,104.56
1090903,1600,104.27,104.27,104.27,104.31
1090904,1600,103.94,103.94,103.94,103.96
1090907,1600,103.16,103.36,103.16,103.4
1090908,1600,102.28,102.28,102.28,102.22
1090909,1600,102.29,102.29,101.71,101.67
1090910,1600,102.09,102.09,102.09,102.09
1090911,1600,102.12,102.49,102.12,102.53
1090914,1600,103.16,103.16,103.16,102.44
1090915,1600,102.98,102.98,102.68,103.2
1090916,1600,102.88,102.88,102.66,102.56
1090917,1600,102.16,102.18,102.16,102.47
1090918,1600,103.97,103.97,103.97,104.22
1090921,1600,0.0,104.49,104.31,104.31
1090922,1600,103.44,103.44,103.44,103.27
1090923,1600,103.83,103.83,102.85,103.22
1090924,1600,104.72,104.72,104.72,105.98
1090925,1600,106.45,106.6,106.27,106.59
1090928,1600,107.82,107.82,107.36,107.36
1090929,1600,107.63,107.63,107.63,107.46
1090930,1600,106.45,107.29,106.45,107.12
1091001,1600,107.98,107.98,107.98,107.98
1091002,1600,109.1,109.1,108.87,108.75
1091005,1600,108.45,108.72,108.45,108.75
1091006,1600,108.04,108.4,107.89,108.09
1091007,1600,108.27,108.74,108.27,108.63
1091008,1600,108.04,108.04,107.71,107.59
1091009,1600,107.36,107.59,107.36,107.41
1091012,1600,108.15,108.46,108.03,108.55
1091013,1600,108.79,108.79,108.37,108.14
1091014,1600,106.53,107.24,106.53,107.1
1091015,1600,104.48,104.48,104.48,104.65
1091016,1600,104.27,104.27,104.27,104.13
1091019,1600,104.47,104.47,104.47,103.94
1091020,1600,104.3,104.35,104.3,104.43
1091021,1600,103.92,103.92,103.27,102.68
1091022,1600,102.9636,102.9636,102.9636,102.95
1091023,1600,103.96,104.1,103.96,104.12
1091026,1600,104.24,104.24,104.24,103.56
1091027,1600,102.85,102.85,102.85,103.86
1091028,1600,102.81,102.81,102.81,102.76
1091029,1600,102.3,102.3,100.91,100.84
1091030,1600,101.41,102.21,101.41,102.32
1091102,1600,102.85,102.85,102.85,102.71
1091103,1600,103.48,103.48,103.48,102.63
1091104,1600,101.33,101.33,101.0,101.05
1091105,1600,100.62,100.67,100.62,100.86
1091106,1600,100.72,101.55,100.72,101.07
1091109,1600,99.65,100.4,99.65,100.22
1091110,1600,100.8,100.8,100.8,100.89
1091111,1600,100.13,100.13,100.13,101.87
1091112,1600,102.0,102.0,101.62,101.85
1091113,1600,101.36,101.36,101.36,101.1
1091116,1600,101.05,101.05,101.05,100.79
1091117,1600,0.0,101.39,101.21,101.21
1091118,1600,101.02,101.02,101.02,101.34
1091119,1600,101.98,101.98,101.98,102.31
1091120,1600,103.0,103.08,102.78,102.97
1091123,1600,101.82,101.82,101.82,101.93
1091124,1600,102.82,102.82,102.44,102.61
1091125,1600,101.82,102.31,101.82,102.06
1091126,1600,103.73,104.57,103.73,104.39
1091127,1600,105.7,105.7,104.14,104.1
1091130,1600,0.0,104.97,104.79,104.79
1091201,1600,103.61,103.61,103.61,103.21
1091202,1600,102.49,102.8,102.49,102.69
1091203,1600,102.19,102.19,102.19,102.52
1091204,1600,101.55,101.55,101.55,102.02
1091207,1600,102.44,102.44,102.44,103.05
1091208,1600,104.35,104.35,104.35,104.25
1091209,1600,104.82,104.82,104.82,104.77
1091210,1600,103.98,104.11,103.76,103.9
1091211,1600,103.53,103.53,103.37,103.29
1091214,1600,103.57,103.57,103.57,103.15
1091215,1600,102.91,102.91,102.91,103.04
1091216,1600,102.47,102.47,102.47,102.48
1091217,1600,104.51,104.51,104.51,104.56
1091218,1600,105.11,105.11,105.11,104.91
1091221,1600,105.11,105.11,104.06,103.94
1091222,1600,103.07,103.85,103.07,103.91
1091223,1600,103.91,104.19,103.91,104.15
1091224,1600,103.83,103.83,103.83,103.68
1091229,1600,103.83,103.83,103.83,103.72
1091230,1600,103.58,103.58,103.14,102.96
1091231,1600,0.0,102.01,101.43,101.43
1100104,1600,101.69,102.41,101.33,102.39
1100105,1600,103.33,103.33,103.32,103.56
1100106,1600,103.39,103.39,103.39,102.99
1100107,1600,103.54,103.54,103.54,103.86
1100108,1600,103.41,103.41,103.41,103.31
1100111,1600,102.25,102.53,102.25,102.23
1100112,1600,102.86,102.86,102.86,102.75
1100113,1600,102.35,102.35,102.35,102.1
1100114,1600,101.71,101.71,101.71,101.82
1100115,1600,103.08,103.13,103.08,103.03
1100118,1600,102.64,102.64,102.64,102.4
1100119,1600,101.8759,101.8759,101.8759,102.05
1100120,1600,102.77,102.77,102.77,102.91
1100121,1600,103.72,103.72,103.72,104.05
1100122,1600,103.54,103.54,103.54,104.11
1100125,1600,103.69,103.69,103.69,103.59
1100126,1600,103.91,103.91,103.91,104.1
1100127,1600,104.19,104.19,104.12,103.96
1100128,1600,103.15,103.15,103.15,103.98
1100129,1600,103.95,103.95,103.95,104.9
1100201,1600,105.72,105.72,105.72,105.34
1100202,1600,105.34,105.35,105.34,105.26
1100203,1600,104.67,105.31,104.67,105.33
1100204,1600,105.76,105.76,105.76,106.77
1100205,1600,107.73,107.73,107.73,108.09
1100208,1600,108.57,108.57,108.57,107.92
1100209,1600,108.01,108.01,107.97,108.07
1100210,1600,107.7,107.7,107.7,107.77
1100211,1600,107.45,107.45,107.04,106.99
1100212,1600,107.55,107.55,107.31,107.46
1100215,1600,107.17,107.17,107.17,107.12
1100216,1600,106.91,106.91,106.91,106.74
1100217,1600,106.52,106.52,106.52,107.08
1100218,1600,107.42,107.42,107.33,106.77
1100219,1600,108.2,108.2,108.2,107.98
1100222,1600,107.68,107.68,107.68,107.76
1100223,1600,107.21,108.18,107.21,108.42
1100224,1600,108.95,108.95,108.95,109.02
1100225,1600,110.51,110.85,110.51,110.91
1100226,1600,110.75,110.75,110.75,110.88
1100301,1600,111.94,113.6,111.94,112.75
1100302,1600,113.56,113.56,113.56,113.06
1100303,1600,112.4,112.4,112.25,111.78
1100304,1600,112.19,112.19,112.19,112.77
1100305,1600,112.7,112.7,111.1,111.1
1100308,1600,110.85,110.9,110.85,111.74
1100309,1600,112.5,112.5,112.32,112.34
1100310,1600,112.91,112.91,112.91,112.22
1100311,1600,111.97,111.97,111.65,111.49
1100312,1600,111.37,111.37,111.37,110.67
1100315,1600,111.9,111.9,111.9,111.76
1100316,1600,111.96,111.96,111.96,111.02
1100317,1600,110.31,110.31,110.18,110.37
1100318,1600,110.6,110.6,110.6,110.77
1100319,1600,111.04,112.63,111.04,112.68
1100322,1600,112.55,112.55,112.55,111.88
1100323,1600,112.25,112.68,112.25,112.22
1100324,1600,112.62,112.62,112.5,112.53
1100325,1600,111.39,112.08,111.39,111.81
1100326,1600,112.19,112.19,111.62,112.06
1100329,1600,111.25,111.25,111.25,111.18
1100330,1600,110.62,110.62,110.62,110.3
1100331,1600,110.15,110.15,110.15,109.95
1100401,1600,109.61,109.61,109.61,109.07
1100406,1600,109.4,109.4,109.4,108.84
1100407,1600,108.97,109.11,108.97,108.86
1100408,1600,109.7,109.7,109.7,109.45
1100409,1600,108.55,108.55,108.55,108.16
1100412,1600,107.77,107.77,107.77,108.68
1100413,1600,108.95,108.95,108.95,108.95
1100414,1600,108.38,108.38,108.38,108.21
1100415,1600,108.16,108.16,108.15,108.11
1100416,1600,108.57,108.57,108.57,109.21
1100419,1600,110.98,110.98,110.03,110.0
1100420,1600,109.14,109.14,109.14,109.32
1100421,1600,109.29,109.29,109.25,109.52
1100422,1600,109.96,109.96,109.96,109.79
1100423,1600,109.53,109.53,109.53,109.28
1100426,1600,108.3,108.73,108.3,108.53
1100427,1600,109.64,109.64,109.64,110.46
1100428,1600,109.39,109.4,109.39,109.6
1100429,1600,108.85,108.85,108.85,108.64
1100430,1600,109.04,109.04,109.04,109.03
1100504,1600,109.75,109.75,109.75,110.84
1100505,1600,111.47,111.47,111.47,111.61
1100506,1600,112.31,112.54,112.21,113.39
1100507,1600,115.7,115.7,115.37,115.93
1100510,1600,112.31,112.31,111.92,112.4
1100511,1600,114.44,114.45,112.97,112.97
1100512,1600,113.04,113.04,113.04,113.69
1100513,1600,115.04,115.08,114.85,115.37
1100514,1600,116.8,116.8,116.8,117.17
1100517,1600,117.9,117.9,117.9,117.95
1100518,1600,117.43,117.58,117.43,117.83
1100519,1600,119.65,119.65,119.44,119.6
1100520,1600,118.95,120.93,118.95,120.22
1100521,1600,120.04,120.75,119.91,119.6
1100524,1600,119.82,119.82,119.74,119.74
1100525,1600,122.07,122.07,121.34,121.31
1100526,1600,120.16,120.35,119.74,120.04
1100527,1600,118.17,118.46,118.02,118.2
1100528,1600,117.9,118.41,117.9,119.09
1100601,1600,117.25,117.25,117.25,117.11
1100602,1600,117.39,118.21,117.39,117.76
1100603,1600,116.98,116.98,116.98,117.07
1100604,1600,118.99,118.99,118.99,119.46
1100607,1600,119.68,119.68,119.68,119.67
1100608,1600,121.17,121.27,120.74,120.69
1100609,1600,118.59,118.59,118.59,118.59
1100610,1600,118.1,118.2,117.96,117.89
1100611,1600,118.72,118.72,118.72,119.17
1100614,1600,116.9,116.9,116.9,116.5
1100615,1600,117.23,117.23,116.8,116.85
1100616,1600,116.87,116.87,116.57,116.56
1100617,1600,0.0,117.42,117.26,117.26
1100618,1600,117.43,117.5,117.43,117.34
1100621,1600,115.93,116.33,115.93,116.58
1100622,1600,118.19,118.19,117.87,116.89
1100623,1600,116.5,116.5,116.23,117.0
1100624,1600,116.75,116.87,116.75,116.65
1100625,1600,116.35,116.35,116.35,116.66
1100628,1600,115.99,115.99,115.99,115.94
1100629,1600,116.91,117.57,116.73,116.91
1100630,1600,118.06,118.17,118.06,117.78
1100701,1600,117.28,117.28,117.28,116.96
1100702,1600,116.3,116.3,116.23,116.22
1100705,1600,116.1,117.22,116.1,116.91
1100706,1600,116.28,116.28,116.28,116.2
1100707,1600,116.93,117.1,116.21,116.17
1100708,1600,116.38,116.38,115.9,116.27
1100709,1600,115.55,115.55,115.55,116.35
1100712,1600,116.5,116.95,116.5,117.17
1100713,1600,116.69,116.69,115.47,115.47
1100714,1600,114.81,114.81,114.81,114.65
1100715,1600,114.5,114.5,114.5,114.86
1100716,1600,115.67,115.67,115.67,115.94
1100719,1600,115.88,116.6,115.76,116.53
1100720,1600,116.3885,116.3885,116.3885,116.11
1100721,1600,116.14,116.14,116.14,116.95
1100722,1600,116.61,116.61,116.15,116.27
1100723,1600,115.63,115.66,115.25,114.96
1100726,1600,114.31,114.31,114.31,113.84
1100727,1600,113.8816,113.8816,113.8816,113.43
1100728,1600,112.71,112.71,112.71,112.96
1100729,1600,113.43,113.43,113.29,113.85
1100730,1600,113.64,113.65,113.64,113.55
1100802,1600,111.88,111.88,111.88,111.86
1100803,1600,112.11,112.11,111.88,111.97
1100804,1600,112.1,112.1,112.1,112.19
1100805,1600,112.02,112.32,112.02,112.8
1100806,1600,112.4,112.5,112.38,112.47
1100809,1600,112.81,112.81,112.81,112.63
1100810,1600,114.36,114.36,114.23,114.05
1100811,1600,115.41,115.78,115.41,115.73
1100812,1600,115.85,116.71,115.85,116.37
1100813,1600,116.64,116.64,116.64,116.63
1100816,1600,116.92,116.94,116.92,116.72
1100817,1600,116.9,117.13,116.9,117.13
1100818,1600,117.06,117.06,116.81,117.25
1100819,1600,116.52,116.52,116.5,117.23
1100820,1600,118.36,118.36,117.88,118.18
1100823,1600,117.21,117.33,117.21,117.65
1100824,1600,118.92,119.22,118.92,118.83
1100825,1600,119.05,119.79,119.05,119.32
1100826,1600,117.29,117.29,117.29,118.08
1100827,1600,118.52,118.52,118.47,117.63
1100831,1600,119.21,119.21,119.21,119.91
1100901,1600,118.2,118.2,118.2,118.16
1100902,1600,118.75,118.75,118.75,118.52
1100903,1600,118.02,118.02,117.45,117.37
1100906,1600,117.95,118.17,117.75,117.77
1100907,1600,118.53,118.53,118.53,118.94
1100908,1600,118.92,118.92,118.92,117.26
1100909,1600,117.86,117.86,117.31,117.16
1100910,1600,117.04,117.04,117.04,116.98
1100913,1600,116.98,116.98,116.9,116.92
1100914,1600,116.9017,116.9017,116.9017,117.1
1100915,1600,117.55,117.63,116.45,116.49
1100916,1600,115.76,115.76,115.76,115.82
1100917,1600,115.9,115.9,115.73,115.88
1100920,1600,0.0,116.47,116.3,116.3
1100921,1600,117.4,117.4,117.4,117.14
1100922,1600,117.24,117.24,117.24,117.95
1100923,1600,117.27,117.63,117.27,117.15
1100924,1600,115.91,115.91,115.91,115.68
1100927,1600,115.99,116.11,115.99,116.2
1100928,1600,117.39,117.39,117.39,116.95
1100929,1600,116.82,116.82,116.82,117.02
1100930,1600,116.68,117.28,116.68,117.32
1101001,1600,116.47,116.47,116.47,116.62
1101004,1600,117.4,117.4,116.87,116.77
1101005,1600,116.9,117.69,116.9,116.28
1101006,1600,116.66,117.55,116.66,117.39
1101007,1600,117.15,117.15,117.15,117.1
1101008,1600,117.61,117.61,117.61,117.44
1101011,1600,117.42,117.42,117.42,117.47
1101012,1600,118.26,118.39,118.21,118.38
1101013,1600,117.23,117.27,117.23,117.24
1101014,1600,116.32,116.5,115.92,116.37
1101015,1600,115.68,115.68,115.25,115.04
1101018,1600,116.23,116.23,116.23,116.76
1101019,1600,117.13,117.29,117.13,117.95
1101020,1600,118.15,118.15,118.15,117.34
1101021,1600,117.65,117.65,117.65,117.57
1101022,1600,117.91,117.91,117.91,117.93
1101025,1600,118.07,118.07,118.07,117.72
1101026,1600,116.24,116.24,116.24,115.94
1101027,1600,114.6,114.6,114.6,114.95
1101028,1600,114.43,114.43,113.84,113.8
1101029,1600,113.84,113.84,113.84,114.01
1101101,1600,113.76,113.82,113.76,113.63
1101102,1600,114.3,114.3,114.12,114.16
1101103,1600,113.6,113.6,113.6,114.15
1101104,1600,113.33,113.33,113.33,113.77
1101105,1600,113.77,113.77,113.5,113.62
1101108,1600,114.45,114.45,114.22,114.2
1101109,1600,114.35,114.35,114.35,114.53
1101110,1600,113.71,113.71,113.71,113.47
1101111,1600,113.62,113.62,113.62,113.49
1101112,1600,114.73,114.73,114.73,113.04
1101115,1600,112.48,113.13,111.97,112.59
1101116,1600,112.52,112.55,112.52,112.88
1101117,1600,113.31,113.6,113.31,113.44
1101118,1600,112.65,112.65,112.65,111.93
1101119,1600,112.02,112.79,111.9,112.72
1101122,1600,112.44,112.44,112.44,113.22
1101123,1600,113.81,113.81,113.81,115.02
1101124,1600,115.17,115.17,115.17,113.93
1101125,1600,113.88,113.88,113.88,113.92
1101126,1600,115.48,115.48,115.48,115.48
1101129,1600,115.14,116.32,115.14,116.03
1101130,1600,117.28,117.28,116.49,116.51
1101201,1600,115.82,115.82,114.75,115.24
1101202,1600,114.62,114.62,114.62,114.55
1101203,1600,113.66,117.32,113.66,113.72
1101206,1600,114.2,114.2,114.2,114.17
1101207,1600,112.81,112.87,112.23,112.0
1101208,1600,111.03,111.03,111.03,110.42
1101209,1600,110.79,111.04,110.79,111.03
1101210,1600,110.6,110.63,110.4,110.58
1101213,1600,109.43,109.43,109.43,109.59
1101214,1600,109.731,109.731,109.731,109.74
1101215,1600,109.94,110.5,109.94,110.56
1101216,1600,109.94,110.5,109.94,109.61
1101217,1600,112.06,112.06,112.06,111.94
1101220,1600,112.94,112.94,112.94,112.89
1101221,1600,112.55,112.55,112.55,112.4
1101222,1600,113.24,113.24,113.24,113.05
1101223,1600,113.0,113.0,113.0,112.6
1101224,1600,112.33,112.33,112.33,112.33
1101229,1600,111.89,111.89,111.89,111.91
1101230,1600,112.281,112.281,112.281,112.72
1101231,1600,112.509,112.509,112.509,112.28
1110104,1600,112.19,112.19,111.21,111.97
1110105,1600,111.961,111.961,111.961,111.5
1110106,1600,111.26,111.58,111.26,111.87
1110107,1600,112.13,112.13,112.13,112.17
1110110,1600,112.63,112.7,112.6,112.48
1110111,1600,112.529,112.529,112.529,111.67
1110112,1600,111.49,111.6,111.49,110.55
1110113,1600,109.95,109.95,109.95,109.96
1110114,1600,110.4,110.49,110.4,110.52
1110117,1600,110.15,110.15,110.15,110.15
1110118,1600,109.24,109.56,109.09,108.85
1110119,1600,109.1,109.1,109.1,109.21
1110120,1600,109.35,109.39,109.35,109.73
1110121,1600,109.35,109.39,109.35,108.52
1110124,1600,109.0,109.0,109.0,108.74
1110125,1600,110.65,110.65,110.65,110.26
1110126,1600,110.6,110.6,110.0,109.74
1110127,1600,108.97,108.98,108.97,109.25
1110128,1600,109.51,109.51,109.51,110.61
1110131,1600,110.271,110.271,109.85,109.29
1110201,1600,108.22,108.22,108.22,107.84
1110202,1600,107.85,107.85,107.67,107.39
1110203,1600,106.9,106.92,106.75,107.1
1110204,1600,106.95,106.95,106.95,106.55
1110207,1600,105.95,106.0,105.95,106.01
1110208,1600,106.64,106.64,106.3,106.16
1110209,1600,105.94,105.94,105.9,105.82
1110210,1600,106.589,106.589,106.589,105.81
1110211,1600,107.06,107.17,107.06,106.97
1110214,1600,106.841,106.949,106.841,107.01
1110215,1600,106.449,106.85,106.11,106.11
1110216,1600,106.449,106.979,106.449,106.77
1110217,1600,106.5,106.649,106.329,106.365
1110218,1600,106.079,106.079,105.621,105.68
1110221,1600,106.1,106.179,106.1,106.06
1110222,1600,106.899,106.899,106.899,107.22
1110223,1600,106.95,106.959,106.741,107.04
1110224,1600,107.2,107.859,107.2,107.885
1110225,1600,108.11,108.11,108.039,108.15
1110228,1600,107.75,108.171,107.23,107.06
1110301,1600,106.4,106.641,106.39,106.41
1110302,1600,106.789,106.789,106.711,106.55
1110303,1600,106.55,106.55,106.491,106.07
1110304,1600,106.259,106.421,105.861,106.5
1110307,1600,106.389,106.389,106.389,106.82
1110308,1600,106.911,107.041,106.911,106.93
1110309,1600,106.751,107.129,106.641,106.71
1110310,1600,107.86,107.86,107.6,108.38
1110311,1600,109.19,109.659,109.19,108.985
1110314,1600,108.899,108.899,108.759,108.505
1110315,1600,110.32,111.289,109.891,109.505
1110316,1600,109.85,110.039,109.291,110.66
1110317,1600,109.701,109.869,109.519,109.215
1110318,1600,109.42,109.65,108.78,109.025
1110321,1600,108.05,108.109,107.839,107.915
1110322,1600,107.18,107.271,107.0,107.115
1110323,1600,107.94,108.659,107.94,108.03
1110324,1600,108.24,108.35,108.201,108.35
1110325,1600,108.6,108.979,107.611,108.77
1110328,1600,108.74,109.039,108.703,108.585
1110329,1600,108.95,109.109,108.719,108.885
1110330,1600,108.283,108.331,108.019,108.52
1110331,1600,108.53,109.041,108.069,108.485
1110401,1600,108.001,108.416,108.001,107.955
1110404,1600,107.81,108.13,107.774,108.33
1110405,1600,108.13,108.13,107.51,106.94
1110406,1600,106.39,106.706,106.101,106.29
1110407,1600,106.16,106.422,105.869,106.18
1110408,1600,105.49,105.49,104.98,105.33
1110411,1600,105.46,105.574,105.3,105.22
1110412,1600,106.27,106.456,106.27,106.93
1110413,1600,106.539,106.659,106.539,106.64
1110414,1600,106.91,106.994,106.674,106.57
1110415,1600,106.7,106.921,106.396,107.09
1110418,1600,107.43,108.28,107.191,108.01
1110419,1600,107.52,107.879,107.52,107.74
1110420,1600,106.74,106.989,106.74,106.935
1110421,1600,106.0,106.0,105.744,105.76
1110426,1600,106.56,107.059,106.56,106.89
1110427,1600,105.551,105.551,104.844,104.88
1110428,1600,104.15,104.561,104.0,104.56
1110429,1600,104.56,104.56,104.56,104.56
1110503,1600,106.15,106.239,105.359,105.72
1110504,1600,106.3,106.3,105.769,106.23
1110505,1600,106.84,107.024,106.551,107.23
1110506,1600,107.3344,107.566,106.566,107.04
1110509,1600,108.23,108.399,108.046,108.24
1110510,1600,107.75,108.039,107.711,107.9
1110511,1600,107.14,107.14,106.42,106.76
1110512,1600,108.5,108.879,108.45,108.375
1110513,1600,108.4,108.4,108.15,109.305
1110516,1600,108.95,109.43,108.911,108.845
1110517,1600,108.7204,109.199,108.72,109.715
1110518,1600,110.14,110.14,109.671,109.785
1110519,1600,108.86,109.45,108.86,109.175
1110520,1600,109.1496,109.449,109.1496,109.255
1110523,1600,110.33,110.489,110.26,110.565
1110524,1600,110.29,110.29,109.64,109.645
1110525,1600,110.28,110.28,109.3,109.255
1110526,1600,108.95,109.474,108.851,109.175
1110527,1600,108.91,108.91,108.639,108.515
1110531,1600,108.17,108.17,107.83,108.795
1110601,1600,108.55,109.719,108.5,109.745
1110602,1600,110.0,110.189,110.0,110.465
1110603,1600,110.03,110.349,110.03,109.995
1110606,1600,109.711,109.99,109.711,109.84
1110607,1600,109.5804,109.5804,109.2796,109.27
1110608,1600,110.119,110.36,110.119,110.465
1110609,1600,110.3,110.64,110.287,110.345
1110610,1600,110.78,111.42,110.73,111.315
1110613,1600,110.71,110.997,110.31,110.645
1110614,1600,109.8,109.839,109.031,109.395
1110615,1600,110.48,110.561,109.769,110.515
1110616,1600,111.85,112.938,111.85,112.245
1110617,1600,112.31,112.473,111.809,111.795
1110620,1600,111.61,112.217,111.561,111.715
1110621,1600,111.47,111.47,111.33,111.305
1110622,1600,112.16,112.16,112.019,112.165
1110623,1600,113.59,113.789,113.379,113.745
1110624,1600,113.25,113.88,113.25,113.895
1110627,1600,113.79,114.549,113.79,113.915
1110628,1600,112.96,112.96,112.96,112.96
1110629,1600,111.251,111.251,111.251,111.605
1110630,1600,111.19,111.897,110.92,110.775
1110701,1600,111.31,111.391,110.709,110.49
1110704,1600,110.739,110.739,110.739,110.775
1110705,1600,110.771,110.771,110.721,110.985
1110706,1600,112.15,112.15,112.15,112.15
1110707,1600,111.811,111.871,111.599,111.765
1110708,1600,111.64,112.63,111.64,112.675
1110711,1600,113.719,114.069,113.719,113.965
1110712,1600,115.1,115.529,114.217,114.015
1110713,1600,113.13,114.134,113.13,112.645
1110714,1600,112.8865,112.887,112.534,112.745
1110715,1600,112.67,113.019,112.589,112.565
1110718,1600,113.0965,113.481,113.0965,113.625
1110719,1600,112.57,112.699,112.477,112.655
1110720,1600,112.727,113.057,112.727,112.665
1110721,1600,112.32,112.64,110.923,111.095
1110722,1600,111.0,111.33,110.961,111.035
1110725,1600,111.447,111.447,111.447,111.235
1110726,1600,110.52,110.679,110.1308,110.645
1110727,1600,111.2,111.2,110.59,111.015
1110728,1600,111.22,111.439,111.22,111.15
1110729,1600,111.69,111.91,111.333,111.175
1110801,1600,111.42,111.5,111.42,113.285
1110802,1600,113.42,114.02,113.37,113.765
1110803,1600,114.17,114.17,113.303,113.765
1110804,1600,114.7,114.7,109.671,114.955
1110805,1600,114.36,115.599,114.36,114.375
1110808,1600,115.08,115.961,112.681,115.735
1110809,1600,115.0,116.27,114.701,116.525
1110810,1600,117.45,119.0,117.165,119.16
1110811,1600,118.8,119.05,118.187,117.965
1110812,1600,117.1464,117.5,117.146,117.51
1110815,1600,116.94,117.3,116.839,116.86
1110816,1600,116.9,116.9,116.9,116.515
1110817,1600,117.53,117.53,115.85,116.025
1110818,1600,117.62,118.3,117.036,117.91
1110819,1600,117.6,117.6,116.59,117.25
1110822,1600,117.04,117.37,117.04,117.735
1110823,1600,116.6,117.1,116.433,117.37
1110824,1600,117.16,117.395,117.045,117.47
1110825,1600,116.93,116.93,116.93,117.89
1110826,1600,117.96,118.68,117.96,118.335
1110830,1600,117.65,118.88,117.65,118.51
1110831,1600,118.329,118.329,118.329,118.565
1110901,1600,119.2,119.45,118.35,119.31
1110902,1600,119.82,125.0,119.646,120.07
1110905,1600,121.1,121.94,121.1,121.8
1110906,1600,122.55,122.55,122.55,122.69
1110907,1600,122.05,122.099,121.9,122.39
1110908,1600,121.94,122.29,121.55,121.55
1110909,1600,122.43,123.4,122.43,123.5
1110912,1600,124.2,124.463,123.804,124.185
1110913,1600,123.74,124.5,123.74,123.84
1110914,1600,123.49,123.849,123.49,123.99
1110915,1600,123.1,123.62,122.36,122.95
1110916,1600,122.8,122.8,122.76,123.04
1110919,1600,125.13,125.255,124.195,125.075
1110920,1600,124.45,124.68,124.45,124.59
1110921,1600,124.89,126.0,124.791,125.795
1110922,1600,129.09,129.16,128.035,129.135
1110923,1600,128.45,130.11,127.333,127.825
1110926,1600,127.87,128.543,126.62,126.3
1110927,1600,126.12,126.35,124.323,124.61
1110928,1600,125.01,125.26,124.53,124.305
1110929,1600,124.41,125.11,124.4,124.29
1110930,1600,125.42,125.74,125.1,125.22
1111003,1600,126.56,127.51,126.15,127.465
1111004,1600,128.53,129.35,128.4,128.305
1111005,1600,127.79,128.07,127.073,127.445
1111006,1600,126.77,128.52,126.43,126.975
1111007,1600,124.11,125.278,124.11,123.91
1111010,1600,123.3,123.43,122.39,122.52
1111011,1600,123.65,124.03,123.05,123.61
1111012,1600,122.18,123.634,121.61,121.79
1111013,1600,122.92,123.02,122.52,122.68
1111014,1600,121.73,121.73,121.25,121.47
1111017,1600,121.82,121.86,120.818,121.93
1111018,1600,123.4,123.4,122.568,123.79
1111019,1600,121.91,121.91,121.91,121.97
1111020,1600,123.19,123.19,122.249,123.03
1111021,1600,121.15,122.321,120.24,120.66
1111024,1600,121.07,121.17,120.256,120.26
1111025,1600,120.0,121.17,119.824,120.945
1111026,1600,119.57,120.1,118.786,120.21
1111027,1600,118.54,118.54,117.65,117.7
1111028,1600,116.86,117.15,116.58,117.05
1111031,1600,118.78,118.781,118.458,118.325
1111101,1600,119.92,122.27,119.891,121.42
1111102,1600,120.22,120.77,120.01,120.95
1111103,1600,121.46,121.46,119.73,120.57
1111104,1600,120.09,121.14,120.078,120.27
1111107,1600,120.72,121.03,120.12,120.75
1111108,1600,120.2,120.284,119.862,120.275
1111109,1600,121.27,122.24,120.632,121.59
1111110,1600,121.4,121.7,121.148,121.71
1111111,1600,121.23,121.55,120.52,119.8
1111114,1600,121.13,121.272,120.252,121.63
1111115,1600,122.03,122.278,121.93,122.75
1111116,1600,123.2,123.2,122.76,122.86
1111117,1600,123.38,124.042,122.658,122.79
1111118,1600,122.36,123.112,122.36,122.77
1111121,1600,123.85,124.408,123.202,124.12
1111122,1600,123.69,123.95,123.69,124.07
1111123,1600,125.0,125.532,124.53,125.59
1111124,1600,124.71,125.79,124.71,125.735
1111125,1600,125.93,125.93,125.42,125.535
1111128,1600,124.07,124.21,123.81,124.39
1111129,1600,124.22,124.3,123.9,123.895
1111130,1600,124.8,127.239,122.082,122.59
1111201,1600,122.84,123.15,122.15,123.15
1111202,1600,122.76,123.99,122.29,123.89
1111205,1600,123.45,123.513,122.82,122.89
1111206,1600,123.58,123.9,123.464,124.01
1111207,1600,123.53,123.83,123.27,123.23
1111208,1600,124.48,124.48,123.21,124.47
1111209,1600,124.14,124.71,123.52,124.02
1111212,1600,124.3,124.77,124.0,124.41
1111213,1600,124.25,124.83,124.01,124.73
1111214,1600,125.46,126.71,125.4,126.71
1111215,1600,126.58,126.81,125.85,126.175
1111216,1600,125.87,126.44,125.633,126.455
1111219,1600,126.56,126.853,126.353,126.665
1111220,1600,125.01,126.473,125.01,124.98
1111221,1600,124.21,124.74,124.21,124.645
1111222,1600,124.13,124.91,124.083,124.54
1111223,1600,124.25,124.483,124.25,124.33
1111228,1600,124.17,125.958,123.997,126.305
1111229,1600,126.6,127.15,126.6,127.11
1111230,1600,126.94,127.051,126.94,126.49
1120103,1600,125.26,125.434,124.88,124.57
1120104,1600,124.52,125.433,124.52,124.665
1120105,1600,125.75,126.12,124.782,125.83
1120106,1600,126.9,126.9,126.394,126.67
1120109,1600,126.2,126.6,126.2,126.905
1120110,1600,126.29,126.422,125.79,125.96
1120111,1600,126.1,127.64,126.06,127.8
1120112,1600,127.85,128.06,127.528,127.765
1120113,1600,127.83,129.013,126.78,128.695
1120116,1600,128.38,128.756,128.38,128.285
1120117,1600,127.55,128.115,127.46,128.085
1120118,1600,128.18,128.38,127.55,127.665
1120119,1600,126.93,127.196,126.646,126.2
1120120,1600,125.44,126.372,125.329,125.385
1120123,1600,124.26,125.506,124.26,124.3
1120124,1600,124.51,124.58,124.15,124.09
1120125,1600,124.32,125.304,124.32,124.61
1120126,1600,124.71,124.868,124.55,124.655
1120127,1600,124.64,125.2,124.548,124.95
1120130,1600,125.68,126.133,125.68,125.98
1120131,1600,125.39,125.39,124.81,125.38
1120201,1600,125.52,125.819,124.69,124.695
1120202,1600,124.81,124.926,124.74,124.685
1120203,1600,124.85,125.005,124.51,124.205
1120206,1600,124.91,124.91,124.2,124.095
1120207,1600,123.81,124.184,122.977,123.06
1120208,1600,122.6,123.77,122.56,123.745
1120209,1600,123.6,123.6,123.07,123.125
1120210,1600,123.55,124.376,123.55,124.385
1120213,1600,124.1,124.3,123.458,124.3
1120214,1600,124.85,125.35,124.238,125.28
1120215,1600,124.95,125.385,124.95,125.3
1120216,1600,126.1,126.1,124.52,124.52
1120217,1600,123.34,123.61,123.29,123.58
1120220,1600,123.21,123.21,122.684,122.8
1120221,1600,123.65,123.65,123.35,123.275
1120222,1600,124.61,124.66,124.27,124.62
1120223,1600,124.21,124.52,124.06,124.39
1120224,1600,123.85,123.85,122.573,123.45
1120227,1600,123.7,124.14,123.7,124.135
1120228,1600,123.98,124.416,123.98,123.73
1120229,1600,123.15,123.36,122.94,123.02
1120301,1600,122.4,122.4,122.16,122.105
1120302,1600,123.33,123.7,123.22,123.76
1120305,1600,124.07,124.28,123.28,123.445
1120306,1600,124.44,124.933,124.44,124.92
1120307,1600,124.78,125.036,124.639,124.63
1120308,1600,123.86,124.17,123.627,123.685
1120309,1600,123.86,124.64,123.86,124.605
1120312,1600,124.77,125.42,124.77,125.195
1120313,1600,124.94,124.94,124.09,123.86
1120314,1600,122.85,123.05,122.7,122.76
1120315,1600,122.15,122.43,122.058,122.1
1120316,1600,121.78,121.78,119.861,120.935
1120319,1600,120.53,121.081,120.5,120.34
1120320,1600,120.1,120.67,120.06,120.245
1120321,1600,120.51,120.82,119.867,120.715
1120322,1600,121.36,121.72,120.658,121.31
1120323,1600,121.14,121.53,121.058,121.275
1120326,1600,120.56,121.489,120.45,120.455
1120327,1600,120.46,120.92,120.308,120.96
1120328,1600,121.02,121.54,121.02,122.105
1120329,1600,121.48,122.08,121.405,121.72
1120330,1600,121.11,121.13,120.728,121.22
1120402,1600,120.05,121.0,120.009,120.82
1120403,1600,120.62,121.33,120.487,121.4
1120404,1600,121.41,121.54,121.217,121.335
1120405,1600,121.39,122.47,121.2,122.29
1120410,1600,123.25,124.06,123.21,123.975
1120411,1600,123.4,123.4,123.05,123.29
1120412,1600,122.9,123.05,122.566,122.81
1120413,1600,122.99,123.26,122.99,124.01
1120416,1600,124.14,124.51,124.07,124.275
1120417,1600,124.0,124.0,123.02,123.17
1120418,1600,123.3,123.497,122.837,122.755
1120419,1600,122.46,122.877,122.428,122.63
1120420,1600,121.99,122.08,121.89,121.94
1120423,1600,122.73,122.91,122.693,122.75
1120424,1600,122.34,122.382,122.09,122.05
1120425,1600,121.02,121.02,120.617,120.66
1120426,1600,120.75,120.953,120.249,120.72
1120427,1600,120.73,121.278,120.28,120.395
1120430,1600,120.33,120.82,120.118,120.71
1120501,1600,120.98,120.98,120.6,120.47
1120502,1600,121.03,121.266,120.808,120.995
1120503,1600,120.87,120.987,120.68,120.92
1120504,1600,121.16,121.457,121.16,121.615
1120508,1600,121.95,122.36,121.932,122.265
1120509,1600,122.21,123.03,122.118,122.44
1120510,1600,121.71,121.792,121.527,121.725
1120511,1600,122.65,123.0,122.64,122.66
1120514,1600,123.44,123.534,123.174,123.135
1120515,1600,123.27,123.9,123.27,123.845
1120516,1600,124.46,124.8,123.97,124.525
1120517,1600,124.83,125.62,124.83,125.695
1120518,1600,125.92,125.92,125.586,125.795
1120521,1600,125.33,125.76,125.322,125.845
1120522,1600,125.1,125.519,125.1,125.375
1120523,1600,125.75,126.91,125.75,126.75
1120524,1600,127.18,127.18,126.31,126.29
1120525,1600,126.53,126.68,126.53,126.93
1120529,1600,126.4,126.99,126.37,127.1
1120530,1600,128.2,129.17,128.059,129.1
1120531,1600,129.44,131.25,128.99,131.16
1120601,1600,132.22,132.591,131.079,132.125
1120606,1600,129.99,130.491,129.71,129.6
1120607,1600,130.0,130.0,128.45,128.875
1120608,1600,130.34,130.731,130.34,130.33
1120611,1600,128.95,129.763,128.319,129.69
1120612,1600,129.71,129.71,128.873,128.855
1120613,1600,128.5,128.9,128.25,128.705
1120614,1600,129.79,129.871,129.25,129.23
1120615,1600,129.4,129.429,128.89,128.76
1120618,1600,128.71,128.891,128.52,128.54
1120619,1600,128.31,128.54,128.0,127.565
1120620,1600,127.26,127.91,126.66,127.09
1120621,1600,127.58,128.622,127.47,128.545
1120622,1600,128.64,128.64,128.39,128.58
1120625,1600,129.0,129.07,128.959,129.09
1120626,1600,128.47,128.84,128.208,128.68
1120627,1600,129.15,129.15,128.512,129.095
1120628,1600,129.57,130.071,129.379,129.955
1120629,1600,128.19,128.19,127.707,127.97
1120702,1600,128.2,128.75,127.748,128.85
1120703,1600,128.42,128.62,128.38,128.205
1120704,1600,128.58,128.939,128.519,129.18
1120705,1600,129.65,129.86,129.65,129.875
1120706,1600,129.73,130.5,129.679,130.615
1120709,1600,130.9,130.9,130.42,130.555
1120710,1600,130.25,130.76,130.249,130.845
1120711,1600,130.3,130.434,130.208,130.705
1120712,1600,131.31,131.88,131.31,131.76
1120713,1600,131.22,131.22,131.22,130.585
1120716,1600,130.7,130.805,130.574,130.305
1120717,1600,129.91,130.41,129.886,130.355
1120718,1600,130.44,130.44,129.794,130.065
1120719,1600,129.38,129.38,129.26,129.27
1120720,1600,129.39,130.12,129.39,130.245
1120723,1600,131.33,131.746,131.33,131.495
1120724,1600,131.55,131.554,131.55,131.44
1120725,1600,131.52,132.07,131.52,132.05
1120726,1600,132.0,132.0,129.835,129.93
1120727,1600,129.46,129.49,128.628,128.955
1120730,1600,128.85,129.04,128.72,129.25
1120731,1600,129.8,129.973,129.53,129.65
1120801,1600,129.815,129.938,129.6865,130.14
1120802,1600,130.36,131.15,129.75,131.055
1120803,1600,129.97,129.97,129.875,129.07
1120806,1600,129.4,129.935,129.26,129.36
1120807,1600,128.79,128.866,128.34,128.54
1120808,1600,129.08,129.2,128.16,128.26
1120809,1600,128.4,128.482,127.987,128.195
1120810,1600,129.3,129.33,128.38,128.26
1120813,1600,128.2155,128.345,128.205,128.365
1120814,1600,127.56,127.75,127.56,127.745
1120815,1600,127.22,127.34,127.13,127.09
1120816,1600,126.81,126.81,126.81,126.47
1120817,1600,126.62,126.97,126.326,126.945
1120820,1600,126.75,126.75,126.257,126.82
1120821,1600,126.07,126.07,125.894,125.66
1120822,1600,126.19,126.34,126.19,126.62
1120823,1600,126.35,126.68,126.098,126.545
1120824,1600,127.26,127.26,127.26,126.995
1120828,1600,127.55,127.66,127.55,127.41
1120829,1600,127.42,127.485,127.047,127.065
1120830,1600,127.83,127.83,127.83,127.58
1120831,1600,127.35,127.387,127.016,127.41
1120903,1600,127.7,127.893,127.7,127.605
1120904,1600,127.27,127.75,127.27,127.575
1120905,1600,127.85,128.008,127.296,127.145
1120906,1600,126.88,127.123,126.88,126.41
1120907,1600,125.81,126.52,125.54,126.205
1120910,1600,125.88,126.244,125.88,125.745
1120911,1600,125.74,125.74,125.036,125.01
1120912,1600,124.61,124.61,124.39,124.34
1120913,1600,124.4135,124.476,124.4135,124.5
1120914,1600,122.42,122.589,122.42,122.435
1120917,1600,122.47,122.817,122.47,122.61
1120918,1600,122.826,123.105,122.826,122.915
1120919,1600,123.24,123.466,123.24,123.31
1120920,1600,123.96,124.166,123.794,123.81
1120921,1600,123.16,123.319,122.672,123.36
1120924,1600,124.26,124.26,124.26,124.3
1120925,1600,124.06,124.06,123.81,123.815
1120926,1600,124.78,125.47,124.78,125.275
1120927,1600,124.9,124.9,124.735,125.07
1120928,1600,124.69,125.03,124.69,125.705
1121001,1600,125.38,125.484,125.217,125.3
1121002,1600,125.3055,125.306,125.216,125.285
1121003,1600,125.95,125.95,125.95,125.915
1121004,1600,125.6735,125.6735,125.467,125.26
1121005,1600,124.28,124.28,124.135,124.405
1121008,1600,125.57,125.57,125.57,125.785
1121009,1600,125.6,125.956,125.6,126.07
1121010,1600,125.42,125.555,125.386,125.485
1121011,1600,125.93,125.97,125.274,125.585
1121012,1600,125.53,125.7,125.48,125.765
1121015,1600,125.77,125.77,125.52,125.765
1121016,1600,125.36,125.36,124.89,125.0
1121017,1600,123.94,123.94,123.94,123.835
1121018,1600,123.89,123.89,123.745,123.82
1121019,1600,124.33,124.953,124.33,125.015
1121022,1600,124.73,124.73,124.585,124.775
1121023,1600,125.047,125.815,124.95,125.85
1121024,1600,124.3,124.3,123.654,123.86
1121025,1600,123.01,123.01,122.454,123.005
1121026,1600,123.5,123.556,123.5,123.44
1121029,1600,124.56,124.56,124.31,124.69
1121030,1600,123.86,123.86,123.777,123.87
1121031,1600,123.4,123.95,123.346,124.02
1121101,1600,123.39,123.64,123.383,123.66
1121102,1600,123.96,124.41,123.905,124.355
1121105,1600,125.15,125.3,124.41,125.29
1121106,1600,125.17,125.17,124.985,125.11
1121107,1600,125.44,125.675,124.585,125.65
1121108,1600,125.5835,125.667,125.444,125.71
1121109,1600,126.9555,126.956,126.7545,126.68
1121112,1600,126.78,127.14,126.78,127.14
1121113,1600,127.16,127.404,127.002,127.04
1121114,1600,127.0,127.37,127.0,127.37
1121115,1600,127.35,127.466,127.216,127.345
1121116,1600,127.7,127.7,127.326,127.83
1121119,1600,126.76,126.9,126.62,126.705
1121120,1600,126.45,126.763,126.39,126.385
1121121,1600,126.37,126.385,125.698,125.865
1121122,1600,125.55,126.02,125.48,126.02
1121123,1600,125.77,126.11,125.19,125.165
1121126,1600,125.4,125.64,125.39,125.64
1121127,1600,125.5,125.6,125.29,125.6
1121128,1600,126.41,126.41,126.17,126.04
1121129,1600,125.7,125.744,125.65,125.65
1121130,1600,125.73,126.04,125.72,125.95
1121203,1600,125.78,125.78,125.17,125.27
1121204,1600,125.38,125.595,124.94,125.55
1121205,1600,125.46,125.756,125.42,125.755
1121206,1600,125.83,126.18,125.504,126.08
1121207,1600,126.2,126.44,126.014,125.905
1121210,1600,126.24,126.24,125.51,125.66
1121211,1600,125.68,125.68,125.11,125.07
1121212,1600,124.99,124.99,124.59,124.71
1121213,1600,124.44,124.69,124.12,124.31
1121214,1600,124.1,124.48,124.1,124.34
1121217,1600,123.66,123.66,123.66,123.66
1121218,1600,123.25,123.25,122.43,122.475
1121219,1600,122.46,122.63,122.18,122.665
1121220,1600,122.66,122.77,122.6,122.66
1121221,1600,122.94,123.44,122.329,123.67
1121224,1600,123.37,123.5,123.33,123.535
1121227,1600,123.29,123.61,123.269,124.5
1121228,1600,124.69,124.69,124.69,124.305
1121231,1600,124.11,124.15,124.11,124.325
1130102,1600,122.45,122.45,121.96,122.455
1130103,1600,122.72,123.07,122.704,122.995
1130104,1600,123.1,123.31,123.1,123.12
1130107,1600,123.16,123.5,123.045,123.1
1130108,1600,123.15,123.79,122.93,123.745
1130109,1600,123.52,124.18,123.43,124.02
1130110,1600,123.75,123.75,123.09,122.99
1130111,1600,122.66,122.94,122.5,122.82
1130114,1600,123.98,124.06,123.88,123.8
1130115,1600,123.78,124.263,123.69,123.9
1130116,1600,124.23,124.79,124.23,124.505
1130117,1600,124.35,124.35,124.044,124.36
1130118,1600,124.1,125.439,124.1,125.365
1130121,1600,125.13,125.49,125.13,125.425
1130122,1600,125.26,125.3,125.26,125.505
1130123,1600,125.52,125.99,125.52,125.945
1130124,1600,126.01,126.41,125.85,126.035
1130125,1600,125.5,125.5,125.15,125.4
1130128,1600,125.43,125.903,125.4,125.575
1130129,1600,125.7,125.7,125.29,125.29
1130130,1600,124.73,124.82,124.66,124.585
1130131,1600,124.65,125.184,124.34,124.36
1130201,1600,124.62,125.506,124.62,125.51
1130204,1600,125.2,125.41,124.69,125.505
1130205,1600,125.4,125.505,125.21,125.775
1130206,1600,125.92,126.08,125.9,126.005
1130207,1600,126.15,126.15,125.94,126.165
1130208,1600,125.25,125.25,124.67,124.88
1130211,1600,126.03,126.28,126.01,126.205
1130212,1600,126.55,126.644,126.01,126.15
1130213,1600,126.61,126.737,125.88,126.75
1130214,1600,126.87,127.294,126.87,127.045
1130215,1600,127.28,127.53,126.95,127.02
1130218,1600,127.42,127.42,127.42,127.56
1130219,1600,127.49,127.66,127.41,128.035
1130220,1600,128.55,129.053,128.55,128.98
1130221,1600,129.74,130.12,129.708,129.66
1130222,1600,129.54,129.77,129.41,129.785
1130225,1600,130.9,131.16,130.9,131.35
1130226,1600,131.31,131.954,131.2,132.005
1130227,1600,131.93,132.065,131.715,131.855
1130228,1600,131.65,131.65,131.4,131.39
1130301,1600,131.57,133.22,131.54,133.08
1130304,1600,133.09,133.09,132.63,132.53
1130305,1600,131.52,131.79,131.285,131.925
1130306,1600,131.81,132.19,131.81,132.26
1130307,1600,132.62,132.7,131.44,131.65
1130308,1600,131.8,132.06,131.44,131.915
1130311,1600,132.29,132.74,132.29,132.19
1130312,1600,132.7,132.78,132.7,132.785
1130313,1600,132.27,132.27,132.038,132.13
1130314,1600,131.18,132.13,130.997,130.855
1130315,1600,130.25,130.966,130.25,130.835
1130318,1600,131.45,132.226,131.36,131.335
1130319,1600,131.88,132.02,131.5,131.93
1130320,1600,131.3,132.03,131.1,131.515
1130321,1600,131.14,131.31,130.877,131.29
1130322,1600,130.72,131.336,130.64,130.765
1130325,1600,130.56,131.5,130.518,131.415
1130326,1600,131.32,131.77,131.268,131.715
1130327,1600,132.25,132.76,132.077,132.595
1130328,1600,132.33,132.53,131.89,132.08
1130402,1600,132.02,132.45,130.78,132.515
1130403,1600,132.6,132.72,132.34,132.59
1130404,1600,133.23,133.47,132.68,132.615
1130405,1600,132.54,132.54,132.047,132.135
1130408,1600,132.19,132.61,131.97,132.55
1130409,1600,131.94,131.94,131.94,131.875
1130410,1600,131.58,131.77,131.48,131.39
1130411,1600,130.63,130.63,130.63,130.795
1130412,1600,131.58,131.67,131.58,131.56
1130415,1600,132.16,132.34,132.06,132.285
1130416,1600,132.25,132.6,132.04,132.27
1130417,1600,132.95,133.05,131.88,132.985
1130418,1600,132.93,133.16,132.515,132.755
1130419,1600,132.58,132.58,132.0,132.81
1130422,1600,133.04,133.19,132.737,133.075
1130423,1600,133.82,133.82,132.63,132.82
1130424,1600,131.71,131.83,131.485,131.775
1130425,1600,131.33,131.775,129.99,130.0
1130426,1600,130.26,130.42,130.09,130.125
1130429,1600,129.71,130.21,129.71,130.145
1130430,1600,130.18,130.49,129.8,129.66
1130501,1600,129.88,129.99,129.243,129.89
1130502,1600,129.96,130.41,129.446,130.46
1130503,1600,130.0,130.0,128.89,128.925
1130507,1600,129.13,129.13,128.69,129.41
1130508,1600,128.75,129.41,128.74,128.58
1130509,1600,128.73,129.36,128.73,129.29
1130510,1600,129.57,129.81,129.29,129.755
1130513,1600,129.43,129.62,129.27,129.9
1130514,1600,129.51,130.44,129.51,130.335
1130515,1600,130.18,130.325,130.07,130.39
1130516,1600,130.57,130.69,130.32,130.295
1130517,1600,131.04,131.13,130.785,131.0
1130520,1600,130.41,130.65,130.257,130.205
1130521,1600,130.37,130.87,129.906,130.81
1130522,1600,131.62,131.83,131.09,131.63
1130523,1600,131.35,131.35,130.9,130.555
1130524,1600,130.43,130.85,130.43,130.59
1130528,1600,130.2735,130.2735,130.274,130.15
1130529,1600,129.23,129.36,129.106,129.165
1130530,1600,129.13,129.26,128.696,128.715
1130531,1600,128.8,129.15,128.76,128.75
1130603,1600,127.7,128.25,127.669,127.905
1130604,1600,127.62,127.62,127.438,127.59
1130605,1600,127.5,127.59,127.18,127.335
1130606,1600,126.83,126.906,126.12,126.325
1130607,1600,126.16,126.27,125.79,125.605
1130610,1600,125.48,125.715,125.026,124.935
1130611,1600,124.64,124.64,124.066,124.525
1130612,1600,124.05,124.11,123.78,124.025
1130613,1600,124.23,124.39,123.815,123.89
1130614,1600,125.19,125.23,123.89,124.91
1130617,1600,124.24,124.538,124.23,124.585
1130618,1600,124.13,124.87,124.13,124.67
1130619,1600,124.42,124.97,124.42,124.345
1130620,1600,124.25,124.345,123.617,124.015
1130621,1600,124.13,124.16,123.492,123.615
1130624,1600,122.92,122.92,122.03,122.405
1130625,1600,123.1,123.1,122.55,122.5
1130626,1600,123.18,123.42,122.5,123.49
1130627,1600,124.36,124.796,124.177,124.8
1130628,1600,125.0,125.18,124.71,125.16
1130701,1600,124.357,125.0529,124.357,124.935
1130702,1600,125.4,125.81,124.935,125.485
1130703,1600,125.97,125.97,124.687,124.735
1130704,1600,125.88,126.2555,124.508,125.92
1130705,1600,126.3,126.6,125.86,125.615
1130708,1600,125.74,125.74,125.45,125.59
1130709,1600,125.45,127.08,125.45,127.02
1130710,1600,126.31,126.486,125.99,125.81
1130711,1600,125.49,125.81,125.1,124.825
1130712,1600,125.53,125.88,125.516,125.485
1130715,1600,125.67,125.7,125.485,125.72
1130716,1600,125.88,125.9845,125.65,125.555
1130717,1600,125.4495,125.4495,125.4495,125.835
1130718,1600,125.58,125.62,125.286,125.295
1130719,1600,124.81,125.173,124.81,125.14
1130722,1600,125.0,125.0,124.28,124.415
1130723,1600,124.09,124.281,124.0505,124.16
1130724,1600,123.76,123.76,123.76,123.38
1130725,1600,123.43,123.801,123.43,123.235
1130726,1600,123.13,123.26,123.13,123.655
1130729,1600,123.47,123.72,123.425,123.61
1130730,1600,124.31,124.3255,124.31,124.395
1130731,1600,124.23,124.395,124.1965,123.98
1130801,1600,125.03,125.03,124.15,124.125
1130802,1600,123.78,124.076,123.68,123.67
1130805,1600,123.45,123.45,123.35,123.25
1130806,1600,122.92,123.25,122.866,122.92
1130807,1600,123.69,124.25,122.24,122.075
1130808,1600,122.35,122.4245,122.075,122.355
1130809,1600,122.45,122.45,122.0805,122.49
1130812,1600,122.62,123.05,122.62,122.875
1130813,1600,121.71,122.28,121.71,121.725
1130814,1600,121.74,121.8645,121.15,121.25
1130815,1600,120.28,121.25,120.14,120.205
1130816,1600,119.63,120.205,119.594,119.745
1130819,1600,119.2,119.2,118.72,118.705
1130820,1600,118.95,119.2045,118.9495,119.065
1130821,1600,119.1,119.1,118.6712,118.81
1130822,1600,119.06,119.06,118.9155,118.87
1130823,1600,118.84,119.69,118.654,119.67
1130827,1600,119.45,121.08,119.45,120.53
1130828,1600,120.96,121.3155,120.53,120.64
1130829,1600,120.52,120.82,120.29,120.6
1130830,1600,120.65,121.21,120.65,121.205
1130902,1600,119.43,119.8295,119.411,119.74
1130903,1600,119.68,119.69,119.16,119.365
1130904,1600,119.24,119.24,118.8365,118.885
1130905,1600,118.33,118.4,117.97,118.14
1130906,1600,118.25,118.894,118.22,118.52
1130909,1600,118.42,118.465,118.0,118.17
1130910,1600,117.82,117.82,117.65,117.555
1130911,1600,117.37,117.37,116.9355,116.9
1130912,1600,117.65,117.65,116.9,117.535
1130913,1600,117.24,117.24,116.94,117.08
1130916,1600,117.48,117.59,117.08,117.54
1130917,1600,117.43,117.54,117.05,117.2
1130918,1600,116.82,116.8345,116.42,116.53
1130919,1600,117.26,117.43,116.53,117.43
1130920,1600,117.57,117.64,117.523,117.65
1130923,1600,117.64,117.77,117.253,117.75
1130924,1600,117.98,118.45,117.98,118.48
1130925,1600,118.72,118.72,118.084,118.195
1130926,1600,118.1,118.7,117.98,118.615
1130927,1600,117.93,118.265,117.93,118.03
1130930,1600,118.03,118.03,117.565,117.455
1131001,1600,117.45,117.45,116.84,117.32
1131002,1600,117.55,117.55,117.25,117.505
1131003,1600,117.38,118.01,117.13,117.955
1131004,1600,118.11,118.4317,118.11,118.365
1131007,1600,118.84,118.66,118.43,118.43
1131008,1600,118.53,118.53,117.9245,118.25
1131009,1600,119.19,119.37,118.4935,119.235
1131010,1600,119.0,119.0,118.63,118.33
1131011,1600,118.75,119.16,118.5005,119.135
1131014,1600,118.49,119.003,118.4195,118.67
1131015,1600,118.2,118.98,118.1,118.51
1131016,1600,118.31,118.31,117.8485,118.795
1131017,1600,118.61,118.6425,118.036,118.11
1131018,1600,118.22,118.335,118.11,118.115
1131021,1600,118.21,118.32,118.1245,118.14
1131022,1600,118.45,118.45,118.14,118.45
1131023,1600,118.31,118.31,118.03,118.155
1131024,1600,117.76,118.155,117.76,117.86
1131025,1600,117.75,118.027,117.597,118.015
1131028,1600,117.62,117.97,117.56,118.17
1131029,1600,118.59,118.59,118.17,118.825
1131030,1600,118.97,119.227,118.825,118.98
1131031,1600,119.01,119.01,118.3652,118.355
1131101,1600,118.6,118.92,118.6,118.92
1131104,1600,118.67,118.8409,118.61,118.755
1131105,1600,118.68,118.68,117.505,117.505
1131106,1600,117.6,117.6,117.39,117.68
1131107,1600,117.6,118.2035,117.6,117.99
1131108,1600,117.92,118.05,117.31,117.39
1131111,1600,117.38,117.455,117.25,117.455
1131112,1600,117.47,117.92,117.47,117.72
1131113,1600,118.22,118.22,117.6,117.345
1131114,1600,117.52,117.886,117.24,117.46
1131115,1600,117.47,117.81,117.305,117.21
1131118,1600,117.23,117.48,117.0765,117.535
1131119,1600,117.44,117.8175,117.44,117.39
1131120,1600,116.87,117.2,116.68,117.02
1131121,1600,116.45,116.8,116.08,116.27
1131122,1600,116.21,116.3,116.0265,116.2
1131125,1600,116.44,116.44,116.0865,116.86
1131126,1600,116.78,117.0355,116.6145,116.875
1131127,1600,115.77,115.954,115.77,115.79
1131128,1600,115.72,115.72,115.077,115.315
1131129,1600,115.3,115.4484,115.035,115.055
1131202,1600,114.52,114.79,114.38,114.655
1131203,1600,114.56,114.67,114.454,114.69
1131204,1600,114.7085,114.8585,114.4715,114.37
1131205,1600,114.3386,114.6015,114.3386,114.56
1131206,1600,114.4,114.4,114.07,114.365
1131209,1600,114.12,114.2886,114.1014,114.185
1131210,1600,114.2,114.21,113.79,114.125
1131211,1600,114.46,114.5685,114.2114,114.52
1131212,1600,114.68,114.68,113.9914,114.19
1131213,1600,114.69,114.8185,114.0414,114.635
1131216,1600,114.79,114.79,114.5615,114.75
1131217,1600,115.19,115.21,114.4345,115.2
1131218,1600,113.87,114.9485,113.87,113.885
1131219,1600,113.891,114.0586,113.6086,113.41
1131220,1600,113.76,113.88,113.67,113.915
1131223,1600,113.76,113.915,113.7214,113.725
1131224,1600,113.82,113.82,113.39,113.39
1131227,1600,112.19,112.19,112.1488,112.175
1131230,1600,112.28,112.34,112.08,112.135
1131231,1600,112.04,112.04,111.8112,111.88
1140102,1600,109.9,112.71,109.9,112.665
1140103,1600,112.81,112.82,112.5813,112.665
1140106,1600,113.25,113.25,112.93,113.135
1140107,1600,113.32,113.46,113.135,113.215
1140108,1600,112.8,113.13,112.4788,112.445
1140109,1600,112.45,112.5188,112.42,112.415
1140110,1600,112.62,113.39,112.6113,113.39
1140113,1600,112.65,114.44,112.65,114.335
1140114,1600,114.03,114.2214,113.8,113.8
1140115,1600,114.21,114.21,113.82,113.95
1140116,1600,114.32,114.5377,114.12,114.64
1140117,1600,113.9,114.8893,113.86,113.955
1140120,1600,113.88,114.23,113.88,114.21
1140121,1600,113.76,113.9986,113.75,113.77
1140122,1600,113.16,113.8386,112.8613,112.87
1140123,1600,112.75,113.1,112.6313,113.015
1140124,1600,113.55,114.53,113.015,114.565
1140127,1600,113.7,113.851,113.6614,113.795
1140128,1600,113.57,113.6614,113.3487,113.65
1140129,1600,114.23,114.27,114.2186,114.18
1140130,1600,114.52,114.7585,114.18,114.64
1140131,1600,115.28,115.479,115.2285,115.405
1140203,1600,115.75,116.211,115.75,116.79
1140204,1600,117.03,117.149,116.681,116.86
1140205,1600,116.8125,117.1117,116.655,116.655
1140206,1600,116.57,116.57,116.2189,116.115
1140207,1600,115.94,116.2184,115.8,115.97
1140210,1600,115.86,116.1684,115.86,115.885
1140211,1600,115.5884,115.885,114.912,114.97
1140212,1600,114.0,115.0885,113.88,113.86
1140213,1600,114.12,114.12,113.8686,113.995
1140214,1600,113.66,113.789,113.402,113.275
1140217,1600,113.2,113.51,113.0787,113.405
1140218,1600,113.67,113.9686,113.572,113.85
1140219,1600,113.9186,114.1986,113.85,113.845
1140220,1600,114.2,114.2,113.52,113.635
1140221,1600,113.49,113.7986,113.49,113.8
1140224,1600,114.1,114.21,113.8286,113.855
1140225,1600,113.6,114.0986,113.53,113.86
1140226,1600,114.01,114.36,113.8014,114.355
1140227,1600,114.61,114.8585,114.47,114.39
1140228,1600,114.0,114.1986,113.98,113.635
1140303,1600,114.42,114.65,114.42,114.465
1140304,1600,114.34,114.51,114.32,114.39
1140305,1600,114.19,114.4086,113.6214,113.85
1140306,1600,113.78,113.82,113.32,113.34
1140307,1600,112.68,113.3887,112.61,112.945
1140310,1600,113.4187,113.6014,113.4187,113.635
1140311,1600,113.53,113.73,113.24,113.71
1140312,1600,113.93,114.3786,113.91,114.18
1140313,1600,113.57,114.34,113.57,114.405
1140314,1600,115.13,115.34,114.79,114.905
1140317,1600,114.67,114.72,114.41,114.52
1140318,1600,114.87,114.9585,114.7615,115.07
1140319,1600,114.8585,114.8585,114.49,114.4
1140320,1600,114.14,114.569,114.1314,114.41
1140321,1600,114.47,114.7085,114.47,114.775
1140324,1600,114.7,114.94,114.4681,114.9
1140325,1600,114.8685,114.9885,114.7685,114.82
1140326,1600,114.46,114.6785,114.3414,114.47
1140327,1600,114.7,114.7,114.0014,114.42
1140328,1600,114.4,114.4386,113.8214,113.925
1140331,1600,113.66,113.88,113.5213,113.56
1140401,1600,113.5,113.77,113.5,113.695
1140402,1600,113.62,113.695,113.275,113.33
1140403,1600,113.22,113.9,113.105,113.785
1140404,1600,113.6,114.3,113.515,114.32
1140407,1600,114.47,114.66,114.395,114.57
1140408,1600,113.79,114.2886,113.35,113.62
1140409,1600,113.49,113.6586,113.35,113.44
1140410,1600,113.7886,114.0686,113.2729,113.995
1140411,1600,113.98,114.619,113.95,114.45
1140414,1600,114.67,114.6785,114.2993,114.21
1140415,1600,114.19,114.6285,114.1014,114.51
1140416,1600,112.7,112.909,112.381,112.51
1140417,1600,112.37,112.4088,112.25,112.08
1140422,1600,111.9488,112.1002,111.511,111.54
1140423,1600,111.8,112.4,111.8,112.4
1140424,1600,112.07,112.1288,111.9,112.01
1140425,1600,112.39,112.39,112.051,112.3
1140428,1600,111.9788,112.0388,111.731,111.99
1140429,1600,111.749,112.0588,111.749,111.815
1140430,1600,111.95,112.1188,111.771,111.845
1140501,1600,111.99,112.9587,111.8788,112.13
1140502,1600,112.08,112.65,111.8,112.33
1140506,1600,111.72,111.919,111.5511,111.745
1140507,1600,111.9588,112.0588,111.5912,112.01
1140508,1600,112.0,112.4,111.821,112.47
1140509,1600,112.4,112.859,112.37,112.875
1140512,1600,112.5,112.7487,112.371,112.505
1140513,1600,112.44,112.949,112.4012,112.94
1140514,1600,112.99,113.931,112.951,113.995
1140515,1600,114.23,114.429,113.7855,114.36
1140516,1600,114.15,114.309,113.861,113.95
1140519,1600,113.95,114.1386,113.8614,114.03
1140520,1600,113.79,113.9686,113.6414,113.765
1140521,1600,113.85,114.009,113.33,113.495
1140522,1600,113.66,113.66,113.395,113.495
1140523,1600,113.6586,113.9186,113.5313,113.84
1140527,1600,113.7286,113.9086,113.7286,114.055
1140528,1600,114.76,115.559,114.3351,115.4
1140529,1600,115.45,115.63,115.271,115.64
1140530,1600,115.27,115.27,114.7215,114.81
1140602,1600,115.0385,115.0385,114.5985,114.425
1140603,1600,114.2686,114.425,114.171,114.16
1140604,1600,113.65,114.2286,113.65,113.72
1140605,1600,113.63,113.9986,113.5114,113.615
1140606,1600,113.73,113.7786,113.56,113.665
1140609,1600,113.37,113.5406,113.1711,113.3
1140610,1600,113.4,113.4087,113.261,113.42
1140611,1600,113.1,113.48,113.0035,113.365
1140612,1600,112.9887,112.9887,112.92,112.995
1140613,1600,112.29,112.54,112.15,112.28
1140616,1600,112.45,112.57,112.25,112.31
1140617,1600,112.14,112.38,112.0,112.055
1140618,1600,111.9,112.37,111.9,112.235
1140619,1600,112.406,112.406,112.2588,111.99
1140620,1600,111.71,111.9332,111.67,111.905
1140623,1600,111.71,112.289,111.71,112.185
1140624,1600,112.28,112.43,111.989,112.375
1140625,1600,112.79,112.929,112.6787,112.85
1140626,1600,112.79,113.01,112.647,112.94
1140627,1600,112.98,112.98,112.859,112.83
1140630,1600,112.84,112.9087,112.23,112.285
1140701,1600,111.8,112.1788,111.8,111.79
1140702,1600,111.38,111.6888,111.18,111.24
1140703,1600,110.57,111.3428,110.57,111.005
1140704,1600,110.98,111.209,110.9525,111.025
1140707,1600,111.39,111.39,110.9589,111.35
1140708,1600,111.43,111.88,111.38,111.85
1140709,1600,111.77,111.88,111.6388,111.65
1140710,1600,112.33,112.569,111.9512,112.31
1140711,1600,112.12,112.5372,111.9228,112.46
1140714,1600,112.26,112.459,112.1788,112.31
1140715,1600,112.33,112.4523,111.7,111.77
1140716,1600,112.07,112.1488,111.7748,111.935
1140717,1600,112.27,112.649,112.27,112.715
1140718,1600,112.72,113.209,112.4833,112.915
1140721,1600,113.29,113.29,112.9287,113.165
1140722,1600,112.85,113.089,112.85,113.02
1140723,1600,113.19,113.379,113.131,113.285
1140724,1600,113.86,113.86,113.0857,113.26
1140725,1600,113.26,113.71,113.26,113.6
1140728,1600,113.44,113.466,113.33,113.4
1140729,1600,113.93,113.93,113.225,113.84
1140730,1600,113.7,113.9186,113.4,113.485
1140731,1600,113.44,113.6986,113.25,113.46
1140801,1600,113.7,114.3686,113.6886,114.405
1140804,1600,114.57,114.719,114.511,114.65
1140805,1600,114.15,114.4585,114.0514,114.04
1140806,1600,114.42,114.9285,114.3841,114.76
1140807,1600,114.8,114.92,114.6615,114.87
1140808,1600,115.73,115.889,115.5,115.73
1140811,1600,115.39,115.519,115.2715,115.42
1140812,1600,115.45,115.6084,115.32,115.3
1140813,1600,115.61,116.19,114.9585,116.16
1140814,1600,116.63,116.63,116.4015,116.4
1140815,1600,116.4783,116.4783,116.3616,117.16
1140818,1600,116.401,117.16,116.401,116.39
1140819,1600,116.91,117.309,116.391,116.95
1140820,1600,116.52,116.8621,116.46,116.71
1140821,1600,116.92,117.0483,116.731,116.94
1140822,1600,117.13,117.43,116.89,117.03
1140826,1600,117.31,117.4883,117.31,117.28
1140827,1600,117.29,117.48,117.2,117.49
1140828,1600,117.5352,117.6742,117.4952,117.75
1140829,1600,117.5,117.7,117.49,117.75
1140901,1600,117.21,117.5077,117.2048,117.345
1140902,1600,117.75,117.75,117.571,117.66
1140903,1600,117.38,117.74,117.38,117.81
1140904,1600,118.16,118.169,117.8818,118.09
1140905,1600,119.0,119.069,118.6675,118.995
1140908,1600,120.4,120.4493,119.8404,120.05
1140909,1600,120.07,120.07,119.8716,119.905
1140910,1600,119.5,119.8722,119.26,119.365
1140911,1600,118.74,118.8981,118.739,118.755
1140912,1600,118.29,118.4221,118.001,118.13
1140915,1600,118.25,118.25,117.6579,118.15
1140916,1600,118.82,118.92,118.4094,118.37
1140917,1600,117.72,118.0582,117.5707,117.76
1140918,1600,117.66,117.66,116.534,116.9
1140919,1600,116.1684,117.1221,116.1684,117.37
1140922,1600,117.59,117.66,117.3415,117.63
1140923,1600,117.64,117.64,117.5224,117.58
1140924,1600,117.4,117.719,117.3217,117.72
1140925,1600,118.06,118.18,117.841,118.28
1140926,1600,118.35,118.61,118.31,118.62
1140929,1600,119.05,119.13,118.6419,118.905
1140930,1600,118.68,119.269,118.6581,119.145
1141001,1600,119.4,119.883,119.4,119.92
1141002,1600,120.01,120.6179,119.9325,120.715
1141003,1600,121.42,121.42,120.695,121.345
1141006,1600,121.48,121.6219,121.21,121.355
1141007,1600,120.82,121.445,120.82,121.445
1141008,1600,121.6,121.89,121.6,121.805
1141009,1600,121.44,121.44,121.1095,121.42
1141010,1600,122.52,122.52,121.5895,122.39
1141013,1600,122.5,123.11,122.2005,122.95
1141014,1600,124.04,125.9765,122.9977,124.1
1141015,1600,124.32,126.001,124.32,125.635
1141016,1600,124.97,126.1,123.72,123.815
1141017,1600,123.25,123.3558,122.83,123.005
1141020,1600,122.88,123.0455,122.6123,122.84
1141021,1600,122.6,123.1077,122.33,122.69
1141022,1600,123.7,123.7684,122.9371,122.92
1141023,1600,123.1,123.3967,122.93,122.93
1141024,1600,123.1,123.1458,122.73,122.595
1141027,1600,122.4,122.44,122.27,122.335
1141028,1600,122.5,122.6134,121.712,121.895
1141029,1600,121.61,122.0578,121.603,121.735
1141030,1600,121.34,121.437,121.17,121.135
1141031,1600,121.33,121.424,121.05,121.14
1141103,1600,121.25,122.5428,121.16,120.965
1141104,1600,121.32,121.32,121.229,121.28
1141105,1600,121.82,121.82,121.27,121.19
1141106,1600,121.51,121.72,121.231,121.94
1141107,1600,121.99,122.55,121.99,122.615
1141110,1600,122.2922,122.379,122.2922,122.175
1141111,1600,122.28,122.34,121.89,121.865
1141112,1600,122.67,122.7677,121.984,122.66
1141113,1600,123.12,123.27,122.849,123.255
1141114,1600,123.85,124.069,123.6715,123.88
1141117,1600,124.1,124.6585,124.05,124.0
1141118,1600,123.98,124.29,123.92,124.13
1141119,1600,124.3,124.3,123.56,123.7
1141120,1600,124.0,124.05,123.561,123.575
1141121,1600,124.2,124.2376,123.765,123.9
1141124,1600,123.99,124.259,123.99,123.66
1141125,1600,124.11,124.25,123.77,123.785
1141126,1600,124.33,124.459,123.889,123.885
1141127,1600,124.3176,124.4076,124.3176,124.67
1141128,1600,125.29,125.44,124.809,125.4
1141201,1600,125.12,125.4478,124.93,124.9
1141202,1600,124.764,124.8186,124.5775,124.785
1141203,1600,124.72,124.72,123.92,123.92
1141204,1600,124.34,124.8475,124.281,124.23
1141205,1600,124.72,124.8502,124.4,124.63
1141208,1600,124.57,124.7486,124.5586,124.685
1141209,1600,124.63,125.1584,124.63,124.915
1141210,1600,124.9,125.1066,124.9,124.985
1141211,1600,125.61,125.6874,124.91,124.91
1141212,1600,125.3,125.97,124.8936,125.7
1141215,1600,125.7,126.5173,125.5,126.35
1141216,1600,126.35,126.3788,125.54,125.54
1141217,1600,125.86,126.31,125.69,126.175
1141218,1600,125.75,126.5274,115.4156,125.04
1141219,1600,125.13,125.661,125.07,125.71
1141222,1600,125.45,125.85,125.45,125.6
1141223,1600,126.42,126.5873,126.178,126.325
1141224,1600,125.69,125.6954,125.52,125.46
1141229,1600,125.43,126.31,125.3347,126.3
1141230,1600,126.24,126.45,126.07,126.19
1141231,1600,126.1,126.2,125.84,125.955
1150102,1600,126.48,128.436,126.48,128.51
1150105,1600,128.78,130.2076,128.78,130.25
1150106,1600,131.0,131.6,130.5069,131.75
1150107,1600,131.89,132.56,131.8,132.54
1150108,1600,132.65,132.7755,131.7377,131.73
1150109,1600,131.78,132.3885,131.5452,132.065
1150112,1600,132.14,132.4036,131.93,132.25
1150113,1600,132.92,133.3636,132.07,132.06
1150114,1600,132.45,132.9267,132.41,132.795
1150115,1600,132.8,133.138,132.239,133.545
1150116,1600,133.7,135.6587,133.7,133.97
1150119,1600,133.67,133.9343,132.9972,133.525
1150120,1600,133.44,134.0146,133.1567,133.57
1150121,1600,133.65,134.31,133.4993,133.695
1150122,1600,132.05,133.63,131.9112,133.66
1150123,1600,134.8,135.24,134.48,134.46
1150126,1600,134.7,135.5654,134.11,133.98
1150127,1600,133.86,134.09,133.46,133.445
1150128,1600,133.34,133.54,133.0768,133.425
1150129,1600,134.45,134.9,134.199,134.8
1150130,1600,134.75,136.1,134.75,136.035
1150202,1600,135.7,136.2255,135.44,135.91
1150203,1600,135.3,135.839,134.1145,134.195
1150204,1600,133.8,133.8,132.4807,132.82
1150205,1600,133.38,134.2105,132.27,132.22
1150206,1600,132.25,132.28,131.2,131.365
1150209,1600,130.6,132.1468,130.6,131.515
1150210,1600,131.09,131.231,130.92,130.92
1150211,1600,130.63,131.3787,130.4855,130.73
1150212,1600,131.0,131.0,129.55,129.84
1150213,1600,129.57,129.9817,129.2808,129.45
1150216,1600,129.04,130.56,128.84,129.295
1150217,1600,129.85,130.723,117.0275,129.14
1150218,1600,128.87,128.87,127.8428,128.055
1150219,1600,128.59,128.7471,128.435,128.465
1150220,1600,128.95,129.34,128.435,129.11
1150223,1600,128.65,128.8535,128.4,128.345
1150224,1600,128.5,128.99,128.4355,128.89
1150225,1600,128.9,129.2671,128.851,128.995
1150226,1600,128.94,129.83,128.611,129.605
1150227,1600,128.94,129.519,128.94,129.22
1150302,1600,129.6,129.707,129.2855,129.41
1150303,1600,129.15,129.184,128.7035,128.905
1150304,1600,128.58,129.583,128.58,129.625
1150305,1600,129.8,130.21,129.724,129.95
1150306,1600,130.56,130.62,130.14,130.275
1150309,1600,130.16,130.45,130.013,130.26
1150310,1600,130.87,131.221,130.7869,131.205
1150311,1600,131.68,132.3,131.1469,132.3
1150312,1600,132.05,133.39,132.05,133.39
1150313,1600,132.85,134.8065,132.85,134.65
1150316,1600,134.33,135.2505,134.056,134.115
1150317,1600,134.6,135.229,134.6,135.22
1150318,1600,136.27,136.49,135.86,135.77
1150319,1600,135.75,136.2765,134.661,136.105
1150320,1600,136.23,136.23,134.6965,134.7
1150323,1600,135.0,135.384,134.0402,134.8
1150324,1600,134.8,135.59,134.7555,135.6
1150325,1600,135.75,135.8,135.3635,135.505
1150326,1600,134.95,135.323,134.061,135.09
1150327,1600,135.14,136.1637,134.39,134.91
1150330,1600,135.36,136.0264,135.055,135.72
1150331,1600,136.11,136.2535,135.551,135.435
1150401,1600,135.75,137.0363,135.4705,136.31
1150402,1600,137.15,137.15,136.06,136.09
1150407,1600,135.65,135.8745,135.4635,135.79
1150408,1600,135.3,136.024,135.072,135.195
1150409,1600,136.45,137.5858,136.45,136.84
1150410,1600,136.81,138.07,136.81,137.48
1150413,1600,137.6,137.6762,137.2574,137.385
1150414,1600,137.99,138.1762,137.15,137.215
1150415,1600,137.05,137.559,136.789,136.87
1150416,1600,136.15,136.494,135.32,135.32
1150417,1600,135.5,135.55,134.811,135.435
1150420,1600,135.86,136.4435,135.441,135.8
1150421,1600,136.14,136.184,135.25,135.25
1150422,1600,134.15,135.4465,133.8634,133.93
1150423,1600,134.12,135.2705,133.68,133.68
1150424,1600,133.4,133.63,132.9706,133.22
1150427,1600,133.52,133.6,132.52,132.505
1150428,1600,132.4,133.001,131.4456,131.435
1150429,1600,130.12,130.6295,129.3257,129.385
1150430,1600,128.33,128.5,128.06,128.535
1150501,1600,129.33,130.107,128.2135,130.265
1150505,1600,130.22,130.387,128.9065,129.03
1150506,1600,129.25,129.25,128.067,128.26
1150507,1600,128.59,129.614,127.73,128.44
1150508,1600,127.51,128.0285,125.49,127.76
1150511,1600,127.7,127.71,125.7274,125.73
1150512,1600,125.18,125.18,123.68,124.72
1150513,1600,124.48,125.17,124.09,124.09
1150514,1600,123.86,124.16,121.441,124.15
1150515,1600,124.51,124.895,124.4775,124.615
1150518,1600,125.42,125.5255,124.97,125.005
1150519,1600,124.27,126.3374,124.27,125.83
1150520,1600,125.82,125.859,125.4,125.67
1150521,1600,124.8,125.202,124.8,125.075
1150522,1600,125.55,126.59,125.55,126.575
1150526,1600,127.29,127.9,127.29,127.69
1150527,1600,127.78,128.59,127.7165,128.435
1150528,1600,128.45,129.03,128.45,128.865
1150529,1600,129.0,129.48,128.0226,129.48
1150601,1600,129.15,129.874,129.0904,129.715
1150602,1600,128.51,128.53,127.407,127.475
1150603,1600,127.07,127.7515,126.82,126.4
1150604,1600,125.69,127.149,125.36,126.505
1150605,1600,126.67,126.8873,126.48,126.805
1150608,1600,126.49,126.9595,126.49,126.665
1150609,1600,125.65,126.4585,125.41,125.41
1150610,1600,123.87,124.3785,123.6725,123.595
1150611,1600,124.67,124.67,124.1496,124.32
1150612,1600,124.75,125.01,124.33,124.38
1150615,1600,124.8,125.201,124.52,124.52
1150616,1600,124.85,124.85,124.18,124.22
1150617,1600,123.48,123.48,123.2303,123.37
1150618,1600,122.72,122.93,122.11,122.175
1150619,1600,122.8,123.1198,122.789,122.995
1150622,1600,122.5,123.035,122.5,122.715
1150623,1600,122.55,122.86,122.55,123.14
1150624,1600,123.21,123.21,122.761,123.175
1150625,1600,123.32,123.5655,122.809,122.93
1150626,1600,122.54,123.1773,122.35,122.355
1150629,1600,123.72,123.8995,123.131,122.94
1150630,1600,123.57,123.9876,123.1423,123.685
1150701,1600,123.7,123.87,123.1915,123.58
1150702,1600,123.75,124.3933,123.615,124.09
1150703,1600,124.1745,125.0455,124.1745,124.955
1150706,1600,125.43,125.511,124.95,124.95
1150707,1600,125.77,127.5847,125.77,127.49
1150708,1600,127.7,127.86,126.6305,127.74
1150709,1600,127.45,127.4873,126.1964,127.175
1150710,1600,125.95,126.1874,125.1533,125.355
1150713,1600,124.35,124.53,123.781,124.48
1150714,1600,125.08,125.08,124.2,124.32
1150715,1600,123.9,124.26,123.9,124.26
1150716,1600,124.3,124.745,124.2576,124.655
1150717,1600,124.3,125.01,124.3,124.455
1150720,1600,124.75,125.136,124.54,124.535
1150721,1600,124.8,124.9725,124.6145,125.11
1150722,1600,124.7,124.98,124.66,124.86
1150723,1600,124.51,125.3755,124.4733,125.615
1150724,1600,126.4,126.6,126.169,126.12
1150727,1600,126.35,126.42,125.99,126.05
1150728,1600,125.73,126.1074,125.569,125.68
1150729,1600,125.5,125.5125,124.74,125.05
1150730,1600,125.1,125.41,125.1,125.39
1150731,1600,125.9,126.11,125.4885,125.88
1150803,1600,126.08,126.59,126.079,126.54
1150804,1600,126.7,126.7,126.22,126.22
1150805,1600,125.61,126.0874,125.31,125.38
1150806,1600,125.54,126.77,125.429,126.745
1150807,1600,126.86,127.5,126.8565,127.53
1150810,1600,127.15,127.4,126.5287,126.52
1150811,1600,126.3,127.7261,126.3,126.99
1150812,1600,127.48,127.7,126.95,126.955
1150813,1600,126.69,126.91,126.4673,126.735
1150814,1600,126.51,126.559,125.89,126.1
1150817,1600,126.75,126.89,126.2174,126.89
1150818,1600,125.82,126.01,125.6,126.01
1150819,1600,125.79,125.9926,125.615,126.19
1150820,1600,126.58,127.15,126.57,126.57
1150821,1600,126.85,127.25,126.589,127.03
1150824,1600,127.6,127.6045,126.0,126.87
1150825,1600,126.51,126.62,126.025,126.51
1150826,1600,126.83,127.93,126.76,127.93
1150827,1600,127.88,128.34,127.85,128.03
1150828,1600,128.26,129.1,128.26,128.81
1150901,1600,128.82,129.29,128.82,128.82
1150902,1600,129.14,129.509,128.5031,129.2
1150903,1600,129.47,129.8853,129.395,129.87
1150904,1600,130.3,130.61,130.279,130.61
1150907,1600,130.06,130.7369,129.94,129.91
1150908,1600,129.14,129.25,128.67,128.77
1150909,1600,128.3,128.539,128.1668,128.29
1150910,1600,128.39,128.43,127.62,127.62
1150911,1600,128.24,128.62,127.9702,128.445
1150914,1600,128.18,128.59,128.1128,128.51
1150915,1600,128.41,128.8046,128.41,128.64
1150916,1600,127.27,129.0632,126.67,126.83
1150917,1600,126.79,126.8964,126.3726,126.845
1150918,1600,127.3,127.38,126.979,127.515
1150921,1600,127.9728,127.9728,127.8464,127.77
1150922,1600,128.07,129.4288,128.0564,129.52
1150923,1600,130.37,130.37,129.707,130.48
1150924,1600,130.2,130.2272,130.079,130.775
1150925,1600,130.5,130.7072,130.0953,130.75
1150928,1600,130.92,131.33,130.92,131.22
1150929,1600,131.61,132.0168,131.4769,132.04
1150930,1600,131.86,132.37,131.48,132.285
1151001,1600,132.21,132.5,129.717,132.43
1151002,1600,132.03,133.0333,132.03,132.73
1151005,1600,132.2,132.5656,132.2,132.24
1151006,1600,132.3,132.3,131.6532,131.7
1151007,1600,130.85,130.85,130.7131,130.96
1151008,1600,130.9,131.16,130.6469,130.79
1151009,1600,129.92,130.54,129.899,130.46
1151012,1600,130.64,130.8172,130.0685,130.595
1151013,1600,131.61,131.75,130.359,131.505
1151014,1600,131.01,131.079,130.52,130.51
1151015,1600,130.25,130.42,130.25,130.14
1151016,1600,130.25,130.3,130.25,130.195
1151019,1600,129.85,129.9856,129.57,129.565
1151020,1600,129.89,129.9226,129.5271,129.63
1151021,1600,130.09,130.15,129.7464,129.855
1151022,1600,129.67,130.96,129.66,130.31
1151023,1600,130.26,130.56,130.26,130.56
1151026,1600,130.36,130.65,130.36,130.44
1151027,1600,130.75,131.55,130.65,131.385
1151028,1600,131.35,131.3556,130.66,131.0
1151029,1600,131.05,131.06,130.04,130.04
1151030,1600,129.62,129.68,128.76,128.72
1151102,1600,128.75,128.9964,128.42,128.72
1151103,1600,128.8,129.01,128.71,128.73
1151104,1600,128.45,128.79,128.45,128.57
1151105,1600,129.44,129.75,128.5,129.575
1151106,1600,130.85,130.85,130.219,130.25
1151109,1600,129.79,130.109,129.62,129.635
1151110,1600,130.1,130.117,130.1,130.06
1151111,1600,129.18,129.4048,129.1529,129.055
1151112,1600,128.08,128.504,127.9,128.03
1151113,1600,127.85,128.48,127.85,128.42
1151116,1600,128.6,128.73,128.5329,128.71
1151117,1600,128.33,128.34,127.97,127.98
1151118,1600,128.58,128.58,128.15,128.42
1151119,1600,127.97,128.29,127.929,127.745
1151120,1600,128.04,129.09,127.8328,129.09
1151123,1600,129.72,129.72,128.679,129.17
1151124,1600,129.37,130.22,129.37,130.21
1151125,1600,129.94,130.69,129.72,129.64
1151126,1600,130.18,130.18,130.17,129.82
1151127,1600,130.06,130.624,130.06,130.57
1151130,1600,130.52,130.634,130.323,130.59
1151201,1600,129.94,131.09,129.624,131.09
1151202,1600,130.82,131.82,130.82,131.75
1151203,1600,131.64,131.78,130.9885,129.335
1151204,1600,129.15,129.23,128.775,129.14
1151207,1600,129.87,130.17,129.555,130.17
1151208,1600,130.68,130.68,130.375,130.855
1151209,1600,129.42,130.0375,129.42,128.965
1151210,1600,129.31,129.8542,129.235,129.295
1151211,1600,129.73,129.79,129.4371,129.595
1151214,1600,130.07,130.69,129.863,130.1
1151215,1600,129.29,130.04,128.76,130.04
1151216,1600,130.3,130.37,129.855,130.005
1151217,1600,131.16,131.6623,130.89,131.55
1151218,1600,131.8868,131.8868,131.8868,131.825
1151221,1600,131.92,131.9668,131.483,132.235
1151222,1600,132.07,132.3768,131.925,132.52
1151223,1600,131.44,132.0868,131.4231,131.47
1151224,1600,131.59,131.59,131.37,131.04
1151229,1600,131.93,132.7,131.895,132.23
1151230,1600,131.52,131.915,131.3725,131.345
1151231,1600,131.8,131.8597,131.7968,131.79
1160104,1600,132.39,134.04,132.39,133.89
1160105,1600,133.37,134.04,133.37,133.945
1160106,1600,134.78,134.95,134.2834,134.76
1160107,1600,135.47,136.03,135.095,135.33
1160108,1600,135.13,136.28,134.895,136.31
1160111,1600,135.94,136.2336,135.5864,136.12
1160112,1600,136.44,137.5137,135.975,137.745
1160113,1600,137.49,137.745,136.8097,137.315
1160114,1600,138.01,138.705,137.85,138.295
1160115,1600,139.19,140.02,138.7839,139.77
1160118,1600,139.61,140.03,138.2877,139.985
1160119,1600,139.2,141.04,139.1539,140.935
1160120,1600,141.42,142.1,141.34,141.84
1160121,1600,141.55,142.8,141.16,141.16
1160122,1600,138.75,140.134,138.675,139.315
1160125,1600,140.25,140.67,139.075,140.42
1160126,1600,141.56,141.595,140.11,139.645
1160127,1600,140.02,140.555,139.65,140.25
1160128,1600,140.35,140.585,139.775,139.52
1160129,1600,140.37,142.63,140.29,142.52
1160201,1600,141.37,141.6858,140.254,140.275
1160202,1600,140.53,140.89,139.704,140.62
1160203,1600,140.23,140.515,139.26,139.34
1160204,1600,138.06,138.9661,138.045,139.23
1160205,1600,139.86,139.95,139.815,140.095
1160208,1600,139.85,142.21,139.85,142.035
1160209,1600,141.91,142.8757,141.67,141.365
1160210,1600,141.31,141.55,140.8259,141.5
1160211,1600,143.28,143.785,142.95,143.605
1160212,1600,141.97,142.6501,141.275,141.58
1160215,1600,141.03,141.7,140.6602,141.675
1160216,1600,141.61,143.1457,141.608,142.97
1160217,1600,143.28,143.444,141.935,141.935
1160218,1600,142.38,142.6757,141.8558,142.38
1160219,1600,142.99,143.58,142.99,142.86
1160222,1600,144.36,145.3755,143.9356,144.755
1160223,1600,144.8,145.3228,144.568,145.445
1160224,1600,148.13,148.215,146.776,147.7
1160225,1600,147.6,147.71,146.64,147.42
1160226,1600,146.49,147.44,146.198,147.515
1160229,1600,147.8,147.9552,146.67,146.67
1160301,1600,146.65,147.1,146.1385,146.145
1160302,1600,145.5,145.87,144.1256,144.115
1160303,1600,143.91,144.2356,143.22,143.35
1160304,1600,143.48,145.1245,142.1742,142.17
1160307,1600,142.75,143.1257,141.688,142.11
1160308,1600,142.41,143.4497,142.2558,143.035
1160309,1600,143.09,143.09,142.32,142.34
1160310,1600,142.76,143.38,140.278,141.1
1160311,1600,141.04,141.4327,139.74,139.605
1160314,1600,139.88,140.81,139.88,140.73
1160315,1600,141.52,142.5663,141.5058,142.14
1160316,1600,142.62,142.961,142.3925,142.41
1160317,1600,142.0,142.12,139.58,139.775
1160318,1600,140.67,140.77,139.89,140.15
1160321,1600,140.89,141.0,140.6,140.77
1160322,1600,141.92,142.66,140.9267,142.595
1160323,1600,142.9,143.18,142.27,143.695
1160324,1600,144.38,144.4,143.15,143.135
1160329,1600,143.0,143.1423,142.29,142.475
1160330,1600,141.7,141.7658,140.891,141.39
1160331,1600,142.15,142.15,141.54,141.835
1160401,1600,142.97,144.2814,142.4542,144.28
1160404,1600,144.0,144.2,143.2471,143.545
1160405,1600,144.18,145.5212,144.18,145.33
1160406,1600,145.46,146.5323,145.2922,145.595
1160407,1600,146.0,146.3,145.5921,146.3
1160408,1600,146.14,146.5623,145.67,145.83
1160411,1600,144.5,145.1268,144.1356,144.425
1160412,1600,143.89,144.6965,143.41,144.21
1160413,1600,143.86,144.2941,143.8159,144.19
1160414,1600,145.39,145.43,144.28,144.91
1160415,1600,144.92,145.5155,144.5677,144.685
1160418,1600,144.99,145.19,143.73,143.65
1160419,1600,143.11,143.26,142.14,142.14
1160420,1600,142.98,143.05,142.48,142.49
1160421,1600,142.09,142.2977,140.3477,142.0
1160422,1600,141.83,142.1858,141.25,141.475
1160425,1600,141.15,141.1723,140.1432,140.105
1160426,1600,139.79,139.79,138.64,138.94
1160427,1600,139.11,139.8515,138.7877,139.725
1160428,1600,140.21,140.3857,139.94,139.79
1160429,1600,139.54,140.1423,139.45,139.58
1160503,1600,138.77,141.073,138.3377,141.04
1160504,1600,140.64,141.72,140.63,141.49
1160505,1600,141.41,141.9323,141.1923,141.695
1160506,1600,142.22,142.96,141.7379,142.45
1160509,1600,142.44,142.8233,142.05,142.825
1160510,1600,142.46,142.6137,142.1023,142.29
1160511,1600,142.42,142.91,142.28,142.13
1160512,1600,140.35,141.5909,140.2023,140.71
1160513,1600,141.7,142.1539,141.5523,141.93
1160516,1600,142.03,142.33,141.44,141.475
1160517,1600,140.07,141.1238,140.0616,140.66
1160518,1600,140.69,140.885,138.5323,138.565
1160519,1600,138.15,138.5739,137.3077,138.46
1160520,1600,138.72,139.0514,138.4519,139.05
1160523,1600,139.08,139.8763,139.0077,139.49
1160524,1600,138.69,139.7339,137.84,137.785
1160525,1600,137.39,137.946,137.0177,137.3
1160526,1600,137.61,137.7924,136.9764,137.73
1160527,1600,138.31,138.47,137.9816,138.245
1160531,1600,138.32,138.91,137.5558,138.83
1160601,1600,139.7,140.65,139.4373,140.48
1160602,1600,140.01,140.5523,140.01,140.485
1160603,1600,140.68,140.8542,140.3777,140.75
1160606,1600,141.94,142.2984,141.15,141.27
1160607,1600,139.66,140.52,139.6,140.32
1160608,1600,141.07,141.5523,140.15,140.52
1160609,1600,142.04,142.05,141.1577,141.6
1160610,1600,142.07,143.7204,141.9923,143.325
1160613,1600,145.23,145.9533,143.4763,144.32
1160614,1600,145.91,146.38,145.6889,146.255
1160615,1600,144.92,145.5323,144.8077,145.365
1160616,1600,146.05,147.4777,146.05,147.15
1160617,1600,144.51,146.4323,144.2623,144.615
1160620,1600,140.94,142.3674,139.6892,139.7
1160621,1600,139.37,140.07,138.84,139.935
1160622,1600,139.86,140.0423,139.04,139.22
1160623,1600,138.85,139.23,136.7877,138.155
1160624,1600,150.0,154.0359,142.4515,151.77
1160627,1600,154.75,158.8476,152.7435,158.01
1160628,1600,156.44,157.25,155.59,156.895
1160629,1600,155.7,156.4,154.3,154.3
1160630,1600,154.42,157.0446,153.91,156.745
1160701,1600,157.54,158.5386,156.82,157.2
1160704,1600,157.32,157.5695,156.85,156.865
1160705,1600,159.12,161.25,158.9474,161.25
1160706,1600,162.29,163.43,161.8705,162.745
1160707,1600,162.2,162.31,161.01,162.24
1160708,1600,162.68,162.7495,161.6205,161.88
1160711,1600,162.61,163.2995,161.0681,161.295
1160712,1600,158.8,159.6284,157.4,157.4
1160713,1600,156.76,158.24,156.5865,158.24
1160714,1600,157.36,157.4916,155.2565,155.73
1160715,1600,155.31,156.36,154.6965,156.34
1160718,1600,156.67,156.68,155.61,155.455
1160719,1600,157.2,157.9378,156.0824,157.75
1160720,1600,158.4,158.5078,156.7122,156.95
1160721,1600,156.0,156.94,156.0,156.69
1160722,1600,156.29,158.4745,156.1495,158.45
1160725,1600,157.59,158.25,157.2705,157.88
1160726,1600,158.62,158.62,157.4395,157.705
1160727,1600,157.79,158.39,157.79,158.195
1160728,1600,157.9,158.59,157.4805,158.31
1160729,1600,157.8,158.2595,156.982,157.18
1160801,1600,157.48,158.34,157.48,157.93
1160802,1600,157.65,157.66,155.93,156.025
1160803,1600,156.28,156.28,155.3105,155.665
1160804,1600,156.31,158.9595,155.7945,158.775
1160805,1600,158.5,159.5232,158.3305,158.705
1160808,1600,158.8,159.0195,158.31,158.765
1160809,1600,159.79,159.8495,159.3852,159.53
1160810,1600,159.45,160.13,158.8495,160.13
1160811,1600,160.4,160.9895,160.0395,160.185
1160812,1600,160.2,161.2595,160.1534,161.05
1160815,1600,160.9,161.3078,160.8605,161.315
1160816,1600,161.18,161.19,159.28,159.23
1160817,1600,159.19,159.3995,158.53,159.1
1160818,1600,158.75,158.9295,157.5826,157.795
1160819,1600,158.1,158.49,158.1,158.26
1160822,1600,158.37,158.4744,157.7095,157.955
1160823,1600,157.28,157.62,157.16,157.21
1160824,1600,156.87,157.2005,156.4695,156.73
1160825,1600,156.91,157.25,156.9079,157.195
1160826,1600,156.96,157.47,156.55,157.375
1160830,1600,158.2,158.32,158.0005,158.215
1160831,1600,158.09,158.2595,157.41,157.75
1160901,1600,156.09,157.3853,155.3927,155.68
1160902,1600,155.75,156.0195,154.9271,155.31
1160905,1600,155.1,155.5243,154.8445,155.16
1160906,1600,154.85,155.03,154.3648,154.6
1160907,1600,155.06,155.5405,154.7905,155.6
1160908,1600,155.62,155.9995,155.34,155.385
1160909,1600,155.29,155.47,154.85,155.2
1160912,1600,154.75,155.1,154.335,154.41
1160913,1600,155.26,156.0,154.7493,155.975
1160914,1600,155.56,156.3822,155.2705,155.79
1160915,1600,155.43,155.85,155.36,155.69
1160916,1600,156.1,157.47,138.2769,157.27
1160919,1600,157.72,157.72,157.28,157.5
1160920,1600,158.07,159.0692,157.768,158.87
1160921,1600,158.41,158.6,158.2505,158.415
1160922,1600,157.86,158.19,157.7095,157.895
1160923,1600,158.58,160.1895,158.58,159.57
1160926,1600,159.94,160.2052,159.72,159.72
1160927,1600,160.19,160.23,159.3724,159.905
1160928,1600,159.87,160.08,159.4541,160.015
1160929,1600,159.4,159.97,159.1705,159.73
1160930,1600,160.69,160.7825,159.42,159.27
1161003,1600,160.93,161.3995,160.0755,161.265
1161004,1600,162.28,162.4195,161.8405,162.175
1161005,1600,162.24,162.24,161.02,161.025
1161006,1600,161.72,162.5005,161.2008,162.295
1161007,1600,167.4,167.5305,164.4405,164.87
1161010,1600,165.42,165.8626,164.8101,165.085
1161011,1600,166.7,167.55,165.9398,167.69
1161012,1600,166.84,169.2055,166.5,167.63
1161013,1600,168.8,168.83,168.0366,168.125
1161014,1600,167.5,168.31,166.7705,168.205
1161017,1600,167.95,168.71,167.8404,168.17
1161018,1600,167.36,167.58,166.49,166.69
1161019,1600,166.75,167.2495,166.6405,167.255
1161020,1600,167.28,168.26,167.28,167.86
1161021,1600,168.19,168.72,167.6579,168.345
1161024,1600,168.08,168.19,167.7805,168.12
1161025,1600,167.87,169.35,167.4,168.83
1161026,1600,168.4,168.4,167.21,167.36
1161027,1600,167.66,167.6612,166.63,167.315
1161028,1600,167.33,168.0,167.2018,167.895
1161031,1600,167.53,168.1633,167.059,167.22
1161101,1600,166.8,166.84,165.5043,166.745
1161102,1600,166.7,167.0,165.8805,166.435
1161103,1600,164.35,166.7227,163.8805,164.55
1161104,1600,164.28,164.7884,163.49,163.925
1161107,1600,164.84,165.26,164.4805,164.875
1161108,1600,164.96,165.25,164.27,164.48
1161109,1600,164.3,164.5719,162.2463,162.06
1161110,1600,160.19,160.9349,158.41,158.41
1161111,1600,156.1,157.6033,155.9278,157.38
1161114,1600,156.94,157.84,156.18,157.84
1161115,1600,157.61,158.5779,157.4625,158.08
1161116,1600,157.25,157.71,156.8778,157.64
1161117,1600,157.5,157.854,157.2225,157.35
1161118,1600,157.0,158.62,156.908,158.06
1161121,1600,157.79,158.085,155.83,156.21
1161122,1600,156.8,157.15,156.2189,156.88
1161123,1600,157.27,157.6406,155.5896,156.04
1161124,1600,156.49,156.5525,155.3825,155.71
1161125,1600,155.78,156.3695,155.6825,155.98
1161128,1600,155.7,157.39,155.7,156.945
1161129,1600,156.21,157.1449,155.6725,155.77
1161130,1600,156.38,156.38,155.37,155.265
1161201,1600,153.32,154.6589,152.5795,153.32
1161202,1600,153.18,153.99,153.0572,153.095
1161205,1600,152.58,152.6795,151.8995,152.57
1161206,1600,152.04,152.7016,151.5425,152.675
1161207,1600,153.76,154.4295,152.7155,154.255
1161208,1600,154.2,154.49,142.1684,154.49
1161209,1600,153.45,154.12,153.36,153.82
1161212,1600,152.66,153.0751,152.0104,152.12
1161213,1600,152.17,152.7061,151.82,152.105
1161214,1600,152.85,152.9995,152.3125,152.445
1161215,1600,152.28,154.0295,152.2625,153.86
1161216,1600,153.86,154.1725,152.7816,153.555
1161219,1600,154.94,155.1096,153.1367,154.4
1161220,1600,155.26,155.3195,154.5871,154.99
1161221,1600,155.12,155.4553,154.7825,155.35
1161222,1600,155.5,156.05,155.43,156.08
1161223,1600,156.81,156.82,156.4995,156.68
1161228,1600,156.53,157.3388,156.4725,157.0
1161229,1600,157.65,157.7895,157.437,157.695
1161230,1600,157.06,157.0875,156.76,156.94
1170103,1600,157.05,157.81,156.8325,157.775
1170104,1600,157.69,157.9695,156.9891,157.385
1170105,1600,157.57,157.8995,156.5713,156.83
1170106,1600,157.61,157.974,157.61,157.685
1170109,1600,159.75,160.5195,159.3325,160.07
1170110,1600,160.32,160.66,159.97,160.29
1170111,1600,160.6,161.7195,160.3159,160.92
1170112,1600,159.4,159.4925,159.14,160.245
1170113,1600,159.84,160.31,159.6572,159.47
1170116,1600,161.85,162.09,161.2725,161.725
1170117,1600,161.3,161.3,158.0895,158.045
1170118,1600,158.4,159.0495,158.1,158.17
1170119,1600,158.09,158.09,157.0125,157.025
1170120,1600,156.9,157.3725,156.6695,156.62
1170123,1600,156.0,156.0,155.5825,155.81
1170124,1600,156.0,156.1687,155.16,155.16
1170125,1600,154.13,154.661,153.1837,153.285
1170126,1600,152.25,153.45,152.0125,153.275
1170127,1600,153.63,154.4,153.63,154.295
1170130,1600,154.37,155.02,154.082,154.85
1170131,1600,154.83,155.4112,154.135,154.575
1170201,1600,153.92,153.9995,152.91,153.045
1170202,1600,152.8,155.08,152.8,154.86
1170203,1600,154.6,155.93,154.5314,155.69
1170206,1600,155.85,156.5988,155.6325,156.335
1170207,1600,157.65,157.6562,156.49,156.49
1170208,1600,156.29,156.6,156.0625,156.335
1170209,1600,155.6,155.8595,155.4325,155.695
1170210,1600,156.15,156.2495,155.54,155.825
1170213,1600,155.28,155.5,155.0125,155.325
1170214,1600,154.92,155.8596,154.8295,155.31
1170215,1600,155.53,155.9944,155.0435,155.075
1170216,1600,154.93,155.47,154.8795,155.385
1170217,1600,155.98,156.8795,155.4295,156.84
1170220,1600,156.49,156.5354,155.8913,156.105
1170221,1600,156.33,156.5,155.98,156.075
1170222,1600,156.3,156.7595,156.1,156.1
1170223,1600,156.1,156.5508,155.64,155.63
1170224,1600,156.78,156.97,155.7725,157.04
1170227,1600,158.01,158.22,157.06,157.205
1170228,1600,157.39,157.6395,157.1125,157.53
1170301,1600,157.44,157.8879,157.3095,157.46
1170302,1600,157.87,158.0095,157.46,157.6
1170303,1600,157.9,158.4595,157.85,157.855
1170306,1600,157.95,158.3095,157.8306,158.11
1170307,1600,158.47,159.0195,158.3825,158.605
1170308,1600,158.61,158.9095,158.1325,158.535
1170309,1600,158.45,158.5533,157.97,158.335
1170310,1600,158.16,158.4795,157.5584,158.195
1170313,1600,157.99,158.0,157.05,157.22
1170314,1600,158.39,158.4595,158.22,158.21
1170315,1600,158.08,158.0995,157.6625,157.765
1170316,1600,157.93,158.5895,156.5621,156.7
1170317,1600,156.8,156.9595,155.6025,156.82
1170320,1600,156.33,157.54,156.25,157.43
1170321,1600,155.82,156.4595,155.7,156.23
1170322,1600,156.6,157.3695,156.4825,156.73
1170323,1600,156.01,156.7272,155.75,155.78
1170324,1600,156.41,156.63,156.1232,156.435
1170327,1600,155.65,156.3995,155.58,155.69
1170328,1600,156.14,156.5095,155.5395,156.34
1170329,1600,157.09,157.6823,156.1233,157.57
1170330,1600,157.7,157.8911,156.2125,156.565
1170331,1600,156.93,156.9848,156.02,156.12
1170403,1600,156.93,157.65,156.6295,157.59
1170404,1600,158.1,158.1895,157.76,157.76
1170405,1600,158.0,158.0461,157.1825,157.385
1170406,1600,157.49,157.7295,148.065,157.15
1170407,1600,158.19,159.12,157.898,158.59
1170410,1600,158.1,158.2396,157.9025,157.93
1170411,1600,158.48,158.5095,158.0303,157.925
1170412,1600,157.87,158.0552,157.6725,157.955
1170413,1600,158.24,158.7596,157.9254,158.155
1170418,1600,155.91,158.4725,155.8314,155.92
1170419,1600,155.07,155.2079,154.6125,155.005
1170420,1600,154.89,155.1395,154.0047,154.44
1170421,1600,155.16,155.4671,146.835,155.34
1170424,1600,154.2,154.72,152.0928,154.72
1170425,1600,154.31,154.3879,153.73,153.73
1170426,1600,153.88,153.8895,153.3714,153.54
1170427,1600,153.33,153.33,153.0225,153.105
1170428,1600,152.64,152.95,152.5325,152.585
1170502,1600,153.14,153.2795,152.5725,152.89
1170503,1600,152.99,153.2595,152.8773,153.21
1170504,1600,153.22,153.22,152.34,152.455
1170505,1600,152.1,152.5545,151.4325,151.875
1170508,1600,151.97,152.1095,151.7125,151.995
1170509,1600,152.02,152.0695,151.4936,151.635
1170510,1600,152.01,152.0595,145.3264,151.82
1170511,1600,150.57,151.28,150.2362,150.9
1170512,1600,151.17,151.67,151.17,151.83
1170515,1600,151.21,151.4095,151.1489,151.24
1170516,1600,150.98,151.6625,150.9325,151.6
1170517,1600,151.2,152.0338,151.2,152.01
1170518,1600,152.23,152.7956,145.1786,151.63
1170519,1600,151.32,152.0295,150.9928,150.99
1170522,1600,151.56,151.74,151.1895,151.47
1170523,1600,151.75,152.1254,151.01,151.01
1170524,1600,151.16,151.7283,151.0566,151.615
1170525,1600,151.51,152.0195,151.41,151.805
1170526,1600,152.85,154.07,152.81,154.07
1170530,1600,153.51,153.51,153.0379,153.245
1170531,1600,153.77,154.3395,153.3073,152.985
1170601,1600,153.31,153.8371,152.9395,153.025
1170602,1600,153.68,154.08,146.1187,153.95
1170605,1600,153.82,154.0182,153.07,153.19
1170606,1600,154.02,154.2382,153.3882,154.19
1170607,1600,153.44,153.9384,153.07,153.085
1170608,1600,152.77,153.3282,152.5725,152.66
1170609,1600,155.66,155.77,154.92,155.125
1170612,1600,155.76,156.3389,154.9825,156.16
1170613,1600,155.5,155.8982,155.1425,155.295
1170614,1600,155.4,156.0782,154.8813,155.77
1170615,1600,155.45,156.2244,155.45,155.51
1170616,1600,155.23,155.5582,155.23,155.365
1170619,1600,155.36,155.6611,155.2,155.7
1170620,1600,155.59,157.22,155.59,157.22
1170621,1600,157.77,157.77,156.11,156.755
1170622,1600,156.73,156.73,156.73,156.655
1170623,1600,156.1,156.2265,155.92,156.0
1170626,1600,155.71,156.31,155.71,156.31
1170627,1600,155.6,155.8982,154.97,154.96
1170628,1600,153.91,154.1282,152.3825,153.02
1170629,1600,152.06,152.8582,151.58,151.69
1170630,1600,151.59,151.64,145.4586,151.54
1170703,1600,151.37,151.7382,151.2933,151.31
1170704,1600,151.7,151.74,151.48,151.555
1170705,1600,151.7,151.7,151.6,151.7
1170706,1600,151.39,151.8604,150.81,150.635
1170707,1600,150.75,151.75,150.75,151.615
1170710,1600,151.66,152.0,151.66,151.91
1170711,1600,151.24,152.26,151.24,152.345
1170712,1600,152.9,152.9,152.2625,152.46
1170713,1600,151.8,152.0582,151.5062,151.51
1170714,1600,151.38,151.3882,150.1904,150.21
1170717,1600,150.3,150.54,150.2725,150.54
1170718,1600,151.3,151.7988,149.9786,151.48
1170719,1600,151.22,151.6082,151.22,151.45
1170720,1600,151.53,152.84,151.4425,152.15
1170721,1600,152.35,152.66,151.9825,152.6
1170724,1600,151.69,151.7512,151.653,151.755
1170725,1600,151.69,151.69,150.6425,150.815
1170726,1600,151.0,151.1125,150.38,150.5
1170727,1600,150.47,150.57,150.44,150.57
1170728,1600,150.34,150.5082,150.23,150.265
1170731,1600,150.54,150.54,149.59,149.62
1170801,1600,149.28,149.65,148.8525,149.65
1170802,1600,149.29,149.65,149.2111,149.495
1170803,1600,150.32,150.96,150.32,150.615
1170804,1600,150.8,151.58,150.7482,151.455
1170807,1600,151.28,151.85,151.2625,151.85
1170808,1600,151.8,152.49,151.61,152.29
1170809,1600,152.1,152.8522,152.0364,152.57
1170810,1600,152.56,152.952,152.4325,152.75
1170811,1600,153.17,153.4582,152.8825,153.31
1170814,1600,152.6,153.1882,152.6,152.97
1170815,1600,153.12,153.87,146.3937,153.83
1170816,1600,153.5,153.902,153.2082,153.86
1170817,1600,153.77,154.05,153.56,154.045
1170818,1600,154.14,154.9482,154.14,154.885
1170821,1600,154.56,154.7182,154.1889,154.185
1170822,1600,154.5,155.0082,154.5,154.785
1170823,1600,154.99,155.6282,154.9725,155.62
1170824,1600,155.59,155.59,155.1282,155.45
1170825,1600,154.66,155.4125,154.64,154.76
1170829,1600,154.4,154.8982,154.3014,154.695
1170830,1600,154.62,154.78,154.5125,154.66
1170831,1600,154.7,155.4782,154.5982,155.3
1170901,1600,155.0,155.0,153.88,154.005
1170904,1600,154.4,154.59,154.3582,154.3
1170905,1600,154.4,154.7082,154.06,154.145
1170906,1600,153.81,154.2031,153.69,153.625
1170907,1600,153.44,153.6838,153.2982,153.68
1170908,1600,153.43,153.43,152.24,152.335
1170911,1600,152.29,152.29,151.6525,152.07
1170912,1600,150.82,151.5282,150.2762,150.28
1170913,1600,150.21,150.8088,150.21,150.805
1170914,1600,150.99,150.9938,148.66,148.66
1170915,1600,146.77,147.157,146.2,146.455
1170918,1600,146.42,146.9,146.3825,147.045
1170919,1600,147.19,147.3482,146.78,146.815
1170920,1600,146.31,146.8982,146.2025,146.52
1170921,1600,146.72,146.9382,146.25,146.25
1170922,1600,146.11,146.96,145.9282,146.55
1170925,1600,146.8,147.3035,146.2882,147.31
1170926,1600,147.4,147.9,147.361,147.88
1170927,1600,147.35,147.91,147.35,147.53
1170928,1600,147.19,147.62,146.6171,146.705
1170929,1600,147.61,147.9382,147.1225,147.265
1171002,1600,148.59,148.71,147.2687,148.57
1171003,1600,148.4,148.97,148.4,148.875
1171004,1600,149.1,149.1,148.5039,148.555
1171005,1600,149.44,150.2682,149.2163,150.145
1171006,1600,150.7,151.064,150.5125,151.02
1171009,1600,150.0,150.3582,149.5782,150.045
1171010,1600,149.4,149.6352,149.29,149.41
1171011,1600,149.3,149.6082,149.3,149.535
1171012,1600,149.0,150.4,149.0,149.885
1171013,1600,148.31,149.0482,148.31,148.975
1171016,1600,148.8,149.2682,148.8,149.15
1171017,1600,149.23,150.17,148.9925,150.095
1171018,1600,149.9,150.05,149.66,149.635
1171019,1600,150.06,150.2582,149.5525,149.82
1171020,1600,149.63,149.9669,149.03,149.1
1171023,1600,149.34,149.4382,149.0076,149.35
1171024,1600,149.26,149.76,148.9325,149.665
1171025,1600,149.5,149.6882,147.59,147.73
1171026,1600,148.68,149.15,148.1146,148.755
1171027,1600,149.6,149.67,149.46,149.63
1171030,1600,149.15,149.4782,149.02,149.12
1171031,1600,149.21,149.21,148.36,148.4
1171101,1600,147.9,148.77,147.7525,148.8
1171102,1600,148.99,151.04,148.4882,151.04
1171103,1600,150.99,151.2382,150.8382,150.95
1171106,1600,150.74,150.9611,150.61,150.61
1171107,1600,150.41,150.9124,150.2515,150.695
1171108,1600,151.2,151.2,150.6325,151.06
1171109,1600,150.64,150.8286,150.49,150.39
1171110,1600,149.9,149.9,148.84,148.92
1171113,1600,150.5,150.632,149.8842,149.95
1171114,1600,149.71,150.1282,149.71,149.9
1171115,1600,149.6,150.1382,149.6,149.705
1171116,1600,147.84,148.08,147.8182,147.92
1171117,1600,147.42,148.0982,147.15,147.77
1171120,1600,147.61,147.61,147.15,147.15
1171121,1600,147.4,147.4,147.2,147.325
1171122,1600,147.26,147.26,147.0,147.0
1171123,1600,146.92,147.16,146.81,147.16
1171124,1600,146.51,146.51,146.425,146.425
1171127,1600,146.28,146.6,146.28,146.6
1171128,1600,147.18,148.11,147.18,148.02
1171129,1600,146.8,146.8,145.02,145.035
1171130,1600,144.8,144.86,143.96,144.165
1171201,1600,144.37,144.87,144.37,144.905
1171204,1600,144.7,145.02,144.08,144.68
1171205,1600,145.19,145.33,144.99,144.82
1171206,1600,146.2,146.25,146.05,146.14
1171207,1600,146.05,146.15,145.96,145.77
1171208,1600,144.67,145.71,144.67,145.785
1171211,1600,145.9,146.2,145.9,146.15
1171212,1600,146.02,146.14,145.93,146.065
1171213,1600,146.2,146.2,145.66,145.99
1171214,1600,145.21,145.57,145.21,145.455
1171215,1600,146.72,146.72,146.33,146.51
1171218,1600,146.31,146.31,145.7,145.8
1171219,1600,145.6,145.95,145.35,145.6
1171220,1600,144.95,144.95,144.33,144.54
1171221,1600,144.77,145.1,144.77,144.94
1171222,1600,144.86,144.86,144.86,144.84
1171227,1600,144.83,145.13,144.58,145.115
1171228,1600,144.68,144.74,144.68,144.725
1171229,1600,144.4,144.4,144.1,143.955
1180102,1600,143.46,143.66,143.34,142.94
1180103,1600,143.3,143.95,143.3,143.82
1180104,1600,143.52,143.52,143.17,143.32
1180105,1600,143.4,143.4,142.93,142.99
1180108,1600,143.4,143.4,142.84,142.84
1180109,1600,143.1,143.17,143.02,142.94
1180110,1600,142.75,142.8,141.92,142.415
1180111,1600,143.3,143.3,142.37,142.285
1180112,1600,142.39,142.39,140.94,140.83
1180115,1600,140.0,140.1,139.69,139.79
1180116,1600,140.2,140.53,140.2,140.195
1180117,1600,140.0,140.0,139.45,139.495
1180118,1600,139.09,139.09,138.27,138.26
1180119,1600,137.7,138.59,137.7,138.545
1180122,1600,137.83,137.83,137.39,137.305
1180123,1600,137.53,137.53,137.09,137.325
1180124,1600,136.6,136.6,134.65,134.82
1180125,1600,134.66,134.76,133.96,134.24
1180126,1600,134.66,135.12,134.54,135.225
1180129,1600,135.23,135.55,135.1,135.9
1180130,1600,135.9,135.9,134.89,135.26
1180131,1600,134.63,134.8,133.95,134.065
1180201,1600,133.6,134.02,133.6,133.715
1180202,1600,133.2,133.79,133.2,133.885
1180205,1600,133.53,134.85,133.53,134.765
1180206,1600,136.2,137.67,136.01,136.61
1180207,1600,136.6,137.1,136.47,136.69
1180208,1600,136.43,136.43,134.12,135.41
1180209,1600,135.38,137.02,135.38,136.86
1180212,1600,135.9,136.97,135.9,136.76
1180213,1600,136.67,136.67,135.98,136.0
1180214,1600,136.4,136.61,134.86,134.86
1180215,1600,133.79,133.91,133.45,133.76
1180216,1600,134.34,134.43,134.23,134.345
1180219,1600,134.56,134.61,134.26,134.52
1180220,1600,134.6,134.6,134.28,134.38
1180221,1600,134.9,135.26,134.9,135.075
1180222,1600,135.41,135.41,134.99,134.975
1180223,1600,135.14,135.29,134.78,135.0
1180226,1600,134.72,135.87,134.43,135.58
1180227,1600,135.28,135.87,135.28,135.475
1180228,1600,135.6,136.71,135.6,136.63
1180301,1600,137.88,137.88,137.42,137.775
1180302,1600,137.66,137.9,137.1,137.135
1180305,1600,137.4,137.4,136.7,136.26
1180306,1600,136.41,136.5,135.51,136.16
1180307,1600,136.24,136.62,135.98,135.985
1180308,1600,136.1,136.84,136.02,136.825
1180309,1600,136.69,136.9,135.79,135.955
1180312,1600,136.0,136.1,135.9,136.035
1180313,1600,136.07,136.07,135.38,135.49
1180314,1600,135.82,136.2,135.61,136.16
1180315,1600,136.35,136.38,135.75,136.06
1180316,1600,136.0,136.36,136.0,136.035
1180319,1600,135.7,135.7,134.5,135.125
1180320,1600,134.8,135.07,134.8,135.075
1180321,1600,134.71,134.72,134.18,134.16
1180322,1600,133.93,135.08,133.77,134.575
1180323,1600,134.84,134.84,134.19,134.23
1180326,1600,133.67,133.67,133.37,133.395
1180327,1600,134.0,134.82,134.0,134.365
1180328,1600,134.42,135.5,134.42,135.47
1180329,1600,135.65,136.16,135.65,136.145
1180403,1600,135.75,135.88,135.6,135.615
1180404,1600,135.64,136.1,135.4,135.4
1180405,1600,135.41,135.88,135.41,135.865
1180406,1600,135.97,135.97,135.22,135.405
1180409,1600,135.11,135.15,134.62,134.695
1180410,1600,134.8,134.8,134.29,134.56
1180411,1600,134.29,134.69,134.29,134.38
1180412,1600,134.59,134.59,133.75,133.65
1180413,1600,133.14,133.53,133.14,133.415
1180416,1600,133.46,133.46,132.56,132.56
1180417,1600,132.14,132.83,132.14,132.83
1180418,1600,133.23,133.76,133.23,133.45
1180419,1600,133.5,133.5,132.7,132.94
1180420,1600,134.59,134.64,134.47,134.59
1180423,1600,134.42,134.94,134.21,134.87
1180424,1600,135.14,135.2,134.41,134.5
1180425,1600,134.62,134.75,134.3,134.495
1180426,1600,134.75,135.06,134.46,135.06
1180427,1600,135.48,136.8,135.48,136.735
1180430,1600,136.89,137.31,136.88,137.055
1180501,1600,137.09,138.56,137.05,138.45
1180502,1600,137.87,138.66,137.64,138.46
1180503,1600,138.4,139.6,138.4,139.465
1180504,1600,139.5,139.7,139.5,139.53
1180508,1600,138.88,139.83,138.88,139.24
1180509,1600,138.84,138.86,138.3,138.64
1180510,1600,138.81,139.9,138.32,139.58
1180511,1600,139.6,139.6,138.84,139.115
1180514,1600,138.7,138.71,138.22,138.38
1180515,1600,138.7,139.1,138.58,138.58
1180516,1600,138.67,139.07,138.5,138.47
1180517,1600,136.26,136.75,136.26,136.395
1180518,1600,136.61,137.3,136.6,137.3
1180521,1600,137.9,138.0,137.64,137.94
1180522,1600,137.4,137.75,137.4,137.68
1180523,1600,138.9,139.3,138.9,139.165
1180524,1600,139.28,139.58,138.76,139.58
1180525,1600,139.68,140.6,139.51,140.52
1180529,1600,142.4,142.5,141.39,142.15
1180530,1600,141.87,142.08,141.43,141.77
1180531,1600,140.97,141.92,140.97,141.84
1180601,1600,141.4,141.44,140.57,140.66
1180604,1600,140.11,140.47,139.8,140.735
1180605,1600,140.5,140.5,139.98,140.36
1180606,1600,139.48,139.48,139.04,139.14
1180607,1600,138.41,139.63,138.41,139.095
1180608,1600,140.02,140.09,139.74,139.795
1180611,1600,139.84,139.84,139.69,139.755
1180612,1600,139.73,139.79,139.54,139.46
1180613,1600,140.4,140.4,139.85,139.845
1180614,1600,139.6,140.48,139.1,140.23
1180615,1600,141.17,141.43,141.05,141.14
1180618,1600,141.9,141.9,141.46,141.37
1180619,1600,142.73,142.98,142.6,142.75
1180620,1600,142.6,142.64,142.2,142.205
1180621,1600,143.1,143.27,141.79,141.73
1180622,1600,141.14,141.66,140.94,141.61
1180625,1600,142.1,142.43,141.67,141.93
1180626,1600,141.78,142.38,141.78,142.28
1180627,1600,143.0,143.62,142.74,143.61
1180628,1600,144.35,144.82,144.23,144.2
1180629,1600,143.26,143.54,143.01,142.995
1180702,1600,143.7,143.98,143.6,143.71
1180703,1600,142.8,143.42,142.8,143.33
1180704,1600,143.23,143.37,142.88,142.975
1180705,1600,142.5,143.1,142.22,143.07
1180706,1600,142.8,143.05,142.49,142.54
1180709,1600,141.5,142.53,141.5,142.515
1180710,1600,142.48,142.5,142.0,142.1
1180711,1600,142.61,142.61,142.37,142.62
1180712,1600,142.83,142.96,142.75,142.75
1180713,1600,144.01,144.01,143.28,143.04
1180716,1600,142.77,142.8682,142.15,142.51
1180717,1600,142.5,143.6482,142.2198,143.32
1180718,1600,144.2,145.02,144.2,144.63
1180719,1600,144.7,145.47,144.7,145.47
1180720,1600,145.1,145.1,143.94,143.83
1180723,1600,143.48,143.48,143.3,143.22
1180724,1600,143.2,143.2,142.6,142.72
1180725,1600,142.9,143.0,142.75,143.0
1180726,1600,142.2,143.05,142.2,142.66
1180727,1600,143.08,143.34,143.02,142.96
1180730,1600,142.8,142.9,142.61,142.615
1180731,1600,142.9,143.3,142.63,143.135
1180801,1600,142.85,142.85,142.59,142.65
1180802,1600,143.17,143.96,142.98,143.74
1180803,1600,144.4,144.4,143.99,144.27
1180806,1600,144.44,145.54,144.44,145.4
1180807,1600,145.09,145.1,145.0,144.97
1180808,1600,144.98,145.93,144.98,145.71
1180809,1600,146.3,146.3,145.5,146.12
1180810,1600,148.0,148.14,147.88,147.88
1180813,1600,148.58,148.58,147.64,148.015
1180814,1600,147.93,148.24,147.7,148.205
1180815,1600,148.7,149.77,148.6,149.275
1180816,1600,148.78,149.05,148.53,148.525
1180817,1600,149.03,149.1,148.74,148.74
1180820,1600,148.52,148.82,148.5,148.75
1180821,1600,148.08,148.14,147.34,147.56
1180822,1600,147.32,147.32,146.99,147.07
1180823,1600,147.81,148.18,147.15,148.15
1180824,1600,147.7,147.89,147.44,147.83
1180828,1600,147.11,147.11,146.88,147.06
1180829,1600,146.9,146.9,145.59,145.335
1180830,1600,145.4,145.9,145.4,145.86
1180831,1600,145.6,146.05,145.6,146.3
1180903,1600,146.81,147.52,146.7,147.175
1180904,1600,147.6,147.72,147.32,147.42
1180905,1600,147.58,147.8,145.93,146.79
1180906,1600,146.29,146.69,145.97,146.53
1180907,1600,146.34,146.4,145.39,145.73
1180910,1600,146.21,146.21,144.81,144.805
1180911,1600,144.3,145.2,144.16,144.84
1180912,1600,144.78,144.92,144.42,144.43
1180913,1600,144.25,144.25,143.52,143.89
1180914,1600,143.22,143.78,143.22,143.6
1180917,1600,142.97,143.0,142.83,143.055
1180918,1600,142.98,142.98,142.52,142.56
1180919,1600,141.98,142.63,141.92,142.03
1180920,1600,141.85,141.85,140.53,141.165
1180921,1600,141.12,143.28,141.0,143.04
1180924,1600,142.74,142.74,142.1,142.16
1180925,1600,141.84,141.84,141.68,141.795
1180926,1600,141.69,141.99,141.68,141.71
1180927,1600,142.71,142.78,142.35,142.74
1180928,1600,143.15,143.92,143.15,143.64
1181001,1600,143.35,143.54,142.87,143.44
1181002,1600,144.18,144.56,144.18,144.305
1181003,1600,143.76,144.04,143.46,143.42
1181004,1600,143.29,143.3,142.31,142.3
1181005,1600,142.15,142.19,141.46,141.42
1181008,1600,141.73,141.9,141.69,141.715
1181009,1600,141.6,141.96,141.36,141.345
1181010,1600,140.62,140.62,140.1,140.32
1181011,1600,140.87,141.18,140.46,141.02
1181012,1600,140.37,141.5,140.37,141.32
1181015,1600,141.88,141.88,141.23,141.43
1181016,1600,141.2,141.2,140.52,140.83
1181017,1600,141.14,141.92,141.14,141.735
1181018,1600,141.64,142.12,141.64,142.17
1181019,1600,142.64,142.79,142.24,142.515
1181022,1600,142.69,143.21,142.69,143.09
1181023,1600,143.64,144.0,142.96,143.86
1181024,1600,144.0,144.7,144.0,144.86
1181025,1600,144.81,145.76,144.76,145.52
1181026,1600,146.09,146.5,146.09,146.175
1181029,1600,146.58,146.58,146.06,146.32
1181030,1600,146.31,147.17,146.31,147.075
1181031,1600,146.7,146.7,146.1,146.34
1181101,1600,144.92,144.99,143.99,144.01
1181102,1600,142.98,143.51,142.98,143.46
1181105,1600,143.17,143.26,142.79,142.95
1181106,1600,142.31,142.55,142.09,142.13
1181107,1600,141.82,141.82,141.23,141.505
1181108,1600,141.46,141.87,141.46,141.585
1181109,1600,142.86,143.16,142.63,143.215
1181112,1600,145.1816,145.23,144.43,145.24
1181113,1600,144.98,144.98,143.36,143.23
1181114,1600,144.11,144.85,143.57,143.64
1181115,1600,142.35,145.19,142.35,145.05
1181116,1600,144.58,144.78,144.06,144.36
1181119,1600,144.63,144.63,144.37,144.38
1181120,1600,144.4,145.17,144.4,144.925
1181121,1600,144.75,145.16,144.75,145.09
1181122,1600,145.3,145.3,143.69,144.19
1181123,1600,144.6,145.1,144.6,145.19
1181126,1600,144.46,144.77,144.46,144.8
1181127,1600,145.67,145.87,145.67,145.65
1181128,1600,145.63,145.66,145.25,145.575
1181129,1600,145.39,146.17,145.39,145.73
1181130,1600,145.91,146.48,145.89,146.195
1181203,1600,145.29,146.71,145.29,146.495
1181204,1600,146.28,147.32,146.14,147.28
1181205,1600,148.5,148.5,146.85,147.24
1181206,1600,147.92,148.2,147.43,148.18
1181207,1600,148.27,148.27,147.49,147.92
1181210,1600,148.7,150.9,148.46,150.88
1181211,1600,150.07,150.82,149.42,150.82
1181212,1600,150.31,150.31,148.7,148.72
1181213,1600,148.52,149.14,148.52,148.82
1181214,1600,150.05,150.29,150.05,150.135
1181217,1600,149.8,149.92,149.16,149.865
1181218,1600,149.8,150.08,149.2,149.92
1181219,1600,149.74,150.25,149.74,149.92
1181220,1600,150.45,150.53,149.68,150.505
1181221,1600,150.07,150.21,149.8,149.815
1181224,1600,149.96,150.53,149.96,150.335
1181227,1600,150.73,150.79,150.46,150.52
1181228,1600,150.47,150.47,150.07,150.34
1181231,1600,150.29,150.29,149.64,149.54
1190102,1600,150.7,152.49,150.7,152.47
1190103,1600,153.09,153.69,152.87,153.34
1190104,1600,152.46,152.55,151.1,151.1
1190107,1600,150.94,151.08,150.48,150.545
1190108,1600,150.07,150.72,150.07,150.48
1190109,1600,150.24,150.25,149.47,149.94
1190110,1600,150.25,150.5,149.94,149.95
1190111,1600,150.07,150.57,149.31,149.52
1190114,1600,149.63,149.85,148.64,148.695
1190115,1600,148.87,150.06,148.79,150.18
1190116,1600,148.59,148.96,148.43,148.77
1190117,1600,148.71,148.87,148.05,147.9
1190118,1600,147.53,147.93,147.42,147.61
1190121,1600,148.16,148.59,147.75,147.78
1190122,1600,148.57,148.57,147.4,147.48
1190123,1600,147.4,147.65,146.01,146.2
1190124,1600,146.71,147.07,146.61,147.035
1190125,1600,146.03,146.18,145.21,145.17
1190128,1600,145.25,145.5,145.03,145.35
1190129,1600,145.39,145.83,145.09,145.765
1190130,1600,146.69,146.71,146.32,146.61
1190131,1600,146.7,147.13,146.51,146.78
1190201,1600,147.27,147.87,146.9,146.81
1190204,1600,146.7,147.2,146.48,146.78
1190205,1600,147.05,148.7,147.05,148.52
1190206,1600,148.84,148.84,148.32,148.6
1190207,1600,149.05,149.24,148.42,148.555
1190208,1600,149.19,149.36,148.73,149.34
1190211,1600,149.49,149.99,149.32,149.92
1190212,1600,149.43,149.88,149.28,149.3
1190213,1600,149.27,149.33,148.73,149.325
1190214,1600,149.91,151.0,149.87,150.78
1190215,1600,150.72,150.95,149.98,150.06
1190218,1600,149.42,149.42,148.93,148.98
1190219,1600,149.1,149.35,148.07,148.17
1190220,1600,148.11,148.48,147.55,147.61
1190221,1600,147.65,147.66,147.19,147.42
1190222,1600,147.68,148.45,147.68,147.75
1190225,1600,147.53,147.57,147.09,147.46
1190226,1600,146.86,146.86,145.58,145.74
1190227,1600,145.75,145.75,144.39,144.72
1190228,1600,144.95,145.12,144.64,144.53
1190301,1600,144.97,144.97,144.94,145.04
1190304,1600,144.73,145.82,144.73,145.82
1190305,1600,146.17,146.17,145.86,146.05
1190306,1600,146.3,146.71,146.24,146.65
1190307,1600,146.3,147.67,146.3,147.6
1190308,1600,147.91,148.77,147.89,148.4
1190311,1600,148.9,148.9,147.53,147.72
1190312,1600,146.66,148.08,146.66,148.05
1190313,1600,147.43,147.6,146.59,146.73
1190314,1600,145.79,146.36,145.7,145.875
1190315,1600,146.47,146.47,146.03,146.04
1190318,1600,146.67,147.01,146.39,146.83
1190319,1600,146.51,146.52,145.93,146.21
1190320,1600,146.81,147.5,146.77,147.13
1190321,1600,148.32,150.12,148.32,150.12
1190322,1600,149.0,149.0,149.0,148.895
1190325,1600,148.86,149.48,148.77,149.465
1190326,1600,148.57,149.02,148.57,148.94
1190327,1600,149.6,149.96,149.16,149.42
1190328,1600,150.41,151.0,150.41,150.94
1190329,1600,151.37,151.37,150.79,151.285
1190401,1600,150.1,150.1,149.92,149.455
1190402,1600,150.49,150.57,150.29,150.59
1190403,1600,148.21,148.94,148.21,148.88
1190404,1600,149.07,149.82,149.07,149.805
1190405,1600,149.43,150.68,149.43,150.505
1190408,1600,150.04,150.17,150.0,150.125
1190409,1600,149.65,150.11,149.57,150.2
1190410,1600,149.65,150.34,149.61,150.055
1190411,1600,149.81,149.96,149.78,149.9
1190412,1600,149.22,149.22,148.95,148.965
1190415,1600,149.07,149.08,148.9,148.96
1190416,1600,149.01,149.39,148.88,149.225
1190417,1600,149.18,149.38,148.94,149.335
1190418,1600,150.05,150.14,150.05,150.09
1190423,1600,150.14,150.92,149.73,150.855
1190424,1600,151.23,151.36,151.12,151.33
1190425,1600,151.75,152.19,151.7,151.74
1190426,1600,151.8,152.04,151.68,151.72
1190429,1600,151.7,151.85,151.59,151.58
1190430,1600,150.99,150.99,150.23,150.6
1190501,1600,150.37,150.41,150.13,150.35
1190502,1600,149.86,150.39,149.86,149.99
1190503,1600,150.22,150.34,148.75,149.045
1190507,1600,149.55,151.0,149.55,150.91
1190508,1600,150.69,151.68,150.69,151.32
1190509,1600,151.4,151.73,151.39,151.59
1190510,1600,151.75,151.75,151.32,151.46
1190513,1600,151.76,152.82,151.76,152.87
1190514,1600,152.78,153.32,152.7,153.06
1190515,1600,153.69,154.6,153.64,153.975
1190516,1600,152.78,153.07,152.64,152.775
1190517,1600,153.45,153.69,153.39,153.565
1190520,1600,153.56,153.73,153.35,153.57
1190521,1600,153.19,153.48,152.7,152.865
1190522,1600,154.05,154.74,154.05,154.615
1190523,1600,155.55,155.55,155.12,155.215
1190524,1600,155.17,155.17,154.7,155.065
1190528,1600,155.12,155.75,155.12,155.765
1190529,1600,156.78,156.99,156.51,156.99
1190530,1600,156.31,156.79,156.31,156.885
1190531,1600,158.4,158.4,157.73,157.615
1190603,1600,158.33,158.33,158.03,158.16
1190604,1600,158.11,158.11,157.25,157.33
1190605,1600,157.15,157.38,157.12,157.28
1190606,1600,157.79,157.79,157.32,157.445
1190607,1600,157.32,157.71,157.27,157.56
1190610,1600,157.01,157.62,157.01,157.52
1190611,1600,156.95,157.02,156.58,156.775
1190612,1600,156.97,157.25,156.97,157.115
1190613,1600,157.99,157.99,157.96,158.0
1190614,1600,158.91,159.33,158.91,159.3
1190617,1600,159.31,159.82,159.31,159.85
1190618,1600,160.14,161.0,160.14,160.42
1190619,1600,158.93,158.93,158.88,158.88
1190620,1600,159.18,159.56,158.96,159.5
1190621,1600,159.16,159.21,158.48,158.46
1190624,1600,158.65,158.67,158.6,158.6
1190625,1600,158.73,159.13,158.73,159.08
1190626,1600,159.4152,159.503,158.8523,158.925
1190627,1600,158.5,159.16,158.5,159.2
1190628,1600,158.89,158.89,158.89,158.89
1190701,1600,159.57,159.92,159.57,159.74
1190702,1600,160.07,160.8,159.87,160.8
1190703,1600,161.35,161.54,161.31,161.535
1190704,1600,161.35,161.37,161.35,161.4
1190705,1600,161.57,161.6,161.14,161.105
1190708,1600,161.21,161.34,161.2,161.36
1190709,1600,161.45,161.6,161.45,161.71
1190710,1600,160.91,161.3,160.91,161.34
1190711,1600,160.91,160.91,160.22,160.14
1190712,1600,159.91,159.92,159.9,159.645
1190715,1600,159.78,160.65,159.78,160.625
1190716,1600,161.58,161.58,161.58,161.56
1190717,1600,162.23,162.23,161.88,161.88
1190718,1600,161.58,161.58,161.32,161.37
1190719,1600,160.91,161.44,160.91,161.42
1190722,1600,161.92,161.92,161.89,161.8
1190723,1600,162.12,162.12,162.0,162.075
1190724,1600,161.36,161.6,161.36,161.475
1190725,1600,161.26,161.26,161.26,161.355
1190726,1600,162.1,162.28,162.1,162.67
1190729,1600,163.52,165.1,163.1725,164.86
1190730,1600,165.73,166.1888,165.5512,165.74
1190731,1600,165.98,166.1288,164.9971,165.34
1190801,1600,166.34,167.616,166.2429,167.29
1190802,1600,169.04,169.4585,168.38,168.77
1190805,1600,169.92,170.442,169.2554,169.64
1190806,1600,169.34,169.98,168.9569,169.98
1190807,1600,170.34,171.7386,170.2592,171.02
1190808,1600,170.0,170.5166,169.79,170.09
1190809,1600,171.72,171.788,170.876,171.6
1190812,1600,171.56,172.06,171.3941,172.06
1190813,1600,173.0,173.0,171.502,171.935
1190814,1600,172.24,173.096,171.8305,173.0
1190815,1600,172.88,173.2135,172.283,172.7
1190816,1600,172.69,172.7948,171.806,172.13
1190819,1600,172.15,172.235,171.754,171.89
1190820,1600,173.3,173.306,172.2144,172.22
1190821,1600,172.16,172.475,171.7384,172.14
1190822,1600,172.01,172.7548,169.9766,170.41
1190823,1600,170.34,171.0004,170.0,170.75
1190827,1600,171.49,171.6784,170.5652,171.185
1190828,1600,171.41,172.728,171.3453,172.14
1190829,1600,172.41,172.7394,171.9,172.12
1190830,1600,172.32,172.595,171.7907,172.305
1190902,1600,173.75,174.1984,172.8184,174.0
1190903,1600,175.36,175.85,174.28,174.705
1190904,1600,173.2,173.5932,172.33,172.88
1190905,1600,171.6,172.1932,169.2935,169.41
1190906,1600,169.87,170.22,169.36,170.22
1190909,1600,170.37,170.6156,168.5,168.605
1190910,1600,168.38,169.1942,167.852,168.075
1190911,1600,167.53,167.7,166.9416,167.63
1190912,1600,167.76,168.74,166.933,167.23
1190913,1600,166.02,166.02,164.184,164.41
1190916,1600,164.43,165.2906,164.0435,164.98
1190917,1600,165.41,165.702,164.3272,164.715
1190918,1600,164.89,165.6195,164.88,165.275
1190919,1600,164.85,165.408,164.6584,164.855
1190920,1600,164.44,165.398,163.671,164.925
1190923,1600,166.48,167.0998,165.471,166.765
1190924,1600,166.74,166.8066,166.0016,166.68
1190925,1600,166.67,168.177,166.5352,167.62
1190926,1600,168.0,168.387,167.5212,167.86
1190927,1600,168.44,168.8952,168.0416,168.41
1190930,1600,168.67,168.77,168.1895,168.7
1191001,1600,168.29,170.616,168.0195,170.19
1191002,1600,170.35,170.4652,169.5216,170.04
1191003,1600,170.04,170.508,169.11,169.35
1191004,1600,170.48,171.29,170.4002,170.935
1191007,1600,170.45,171.1566,170.45,170.51
1191008,1600,171.28,172.54,170.564,172.54
1191009,1600,171.31,172.406,171.1526,171.7
1191010,1600,171.48,171.4884,169.392,169.16
1191011,1600,167.46,167.5002,163.1,163.17
1191014,1600,165.21,167.5,163.1,164.985
1191015,1600,164.27,164.7,161.9493,162.22
1191016,1600,162.67,163.636,161.124,161.29
1191017,1600,162.07,162.3486,158.94,160.92
1191018,1600,160.66,160.9288,160.2665,160.84
1191021,1600,159.22,159.8086,158.8113,159.02
1191022,1600,159.46,160.3542,159.2012,159.52
1191023,1600,160.94,161.3288,160.6012,160.72
1191024,1600,160.45,161.63,159.8689,161.38
1191025,1600,160.93,161.6986,160.871,160.91
1191028,1600,160.3,161.699,159.66,159.74
1191029,1600,160.13,160.7287,159.65,159.74
1191030,1600,159.96,161.1802,159.5886,160.36
1191031,1600,160.09,160.81,159.6972,160.7
1191101,1600,160.7,160.7,160.3092,160.28
1191104,1600,160.28,160.408,159.978,160.055
1191105,1600,159.89,160.1,159.57,159.7
1191106,1600,159.6,159.96,159.41,159.92
1191107,1600,159.8,160.31,159.4111,159.47
1191108,1600,159.7,160.22,159.3082,160.17
1191111,1600,159.61,159.961,158.7872,158.85
1191112,1600,158.99,159.4301,158.87,159.01
1191113,1600,159.88,160.14,159.2847,159.76
1191114,1600,158.11,158.6201,157.8953,158.18
1191115,1600,157.81,158.1319,157.5601,157.765
1191118,1600,156.95,157.63,156.7699,157.185
1191119,1600,157.2,157.9129,157.1519,157.885
1191120,1600,158.75,158.9,158.3217,158.42
1191121,1600,158.15,158.5,157.73,158.45
1191122,1600,158.13,159.35,158.044,159.44
1191125,1600,158.43,158.87,158.41,158.495
1191126,1600,159.34,159.6,158.9881,159.56
1191127,1600,159.66,159.66,158.596,158.555
1191128,1600,158.29,158.326,158.002,158.265
1191129,1600,158.63,158.64,157.69,157.88
1191202,1600,157.48,157.64,157.09,157.41
1191203,1600,156.83,158.114,156.7781,158.08
1191204,1600,157.49,157.516,155.8301,155.98
1191205,1600,155.47,155.742,154.9081,155.145
1191206,1600,155.67,155.68,154.7799,155.18
1191209,1600,154.76,155.04,154.6817,154.82
1191210,1600,155.0,155.22,154.38,154.38
1191211,1600,155.02,155.302,154.4172,154.72
1191212,1600,155.03,155.3167,154.318,154.42
1191213,1600,151.51,152.78,150.63,152.785
1191216,1600,152.14,152.51,151.97,152.21
1191217,1600,153.83,154.61,153.3038,154.58
1191218,1600,155.18,155.19,154.73,154.66
1191219,1600,154.28,155.66,153.9878,155.52
1191220,1600,155.21,155.3039,154.67,155.16
1191223,1600,156.34,156.86,155.53,156.695
1191224,1600,156.3,156.7154,156.2185,156.15
1191227,1600,155.01,155.75,154.88,155.205
1191230,1600,154.83,154.9234,154.04,154.18
1191231,1600,154.28,154.657,153.68,153.86
1200102,1600,153.12,154.7384,152.952,154.5
1200103,1600,156.11,156.43,155.86,156.09
1200106,1600,156.44,156.77,155.22,155.21
1200107,1600,154.9,156.04,154.7481,155.75
1200108,1600,155.76,156.1,155.472,156.07
1200109,1600,155.26,156.3098,155.1596,155.52
1200110,1600,155.89,156.4975,155.661,156.5
1200113,1600,156.96,157.318,155.661,156.975
1200114,1600,157.14,157.43,157.0387,157.13
1200115,1600,157.17,158.0,157.14,157.14
1200116,1600,156.9,157.09,156.45,156.41
1200117,1600,156.2,156.788,156.2,156.78
1200120,1600,157.37,157.57,157.1167,157.17
1200121,1600,157.47,157.588,156.638,157.16
1200122,1600,157.1,157.1897,156.0841,156.2
1200123,1600,156.64,157.18,156.4732,157.23
1200124,1600,156.65,157.95,156.467,157.9
1200127,1600,158.3,159.16,158.3,159.04
1200128,1600,159.36,159.92,159.36,159.535
1200129,1600,159.42,159.7691,159.222,159.64
1200130,1600,160.54,160.76,159.05,159.27
1200131,1600,158.83,159.1256,158.56,158.575
1200203,1600,159.08,160.6044,159.08,160.62
1200204,1600,160.75,160.91,159.48,159.62
1200205,1600,159.63,159.8868,158.783,159.61
1200206,1600,160.3,160.36,159.51,160.19
1200207,1600,160.63,161.18,160.24,161.26
1200210,1600,161.86,161.86,161.22,161.54
1200211,1600,161.05,161.19,160.62,160.9
1200212,1600,160.3,161.06,159.8619,159.96
1200213,1600,160.43,160.6668,159.1211,159.11
1200214,1600,159.8,160.1356,159.5744,159.84
1200217,1600,159.69,160.16,159.5456,160.005
1200218,1600,160.74,160.85,160.08,160.34
1200219,1600,160.39,161.27,160.2632,161.04
1200220,1600,161.97,162.7,161.6625,162.62
1200221,1600,162.91,162.99,162.03,162.0
1200224,1600,163.57,163.96,163.15,163.76
1200225,1600,163.46,163.4992,162.83,163.19
1200226,1600,163.31,164.278,163.31,164.05
1200227,1600,164.68,165.9,164.519,165.67
1200228,1600,166.58,168.6969,166.3394,168.38
1200302,1600,168.38,170.4004,168.2869,169.535
1200303,1600,168.83,170.24,168.1317,170.24
1200304,1600,170.97,171.3905,169.8076,170.51
1200305,1600,169.09,169.8668,168.8724,169.48
1200306,1600,170.85,171.6481,169.4538,170.74
1200309,1600,171.4,174.39,170.2948,171.28
1200310,1600,170.5,172.982,168.93,172.49
1200311,1600,171.0,172.3,170.6744,170.9
1200312,1600,171.66,180.58,152.0885,174.64
1200313,1600,175.0,178.2,158.54,176.395
1200316,1600,177.95,182.98,150.0,178.24
1200317,1600,179.72,184.37,178.58,181.59
1200318,1600,179.43,184.7553,176.67,182.275
1200319,1600,185.9,189.0257,181.31,184.4
1200320,1600,183.09,188.1093,180.56,185.36
1200323,1600,180.72,199.99,180.72,193.415
1200324,1600,190.42,190.5043,185.74,187.61
1200325,1600,185.91,190.09,183.5,187.385
1200326,1600,185.08,186.52,181.74,182.51
1200327,1600,182.8,183.19,178.92,179.45
1200330,1600,181.24,183.19,179.13,180.89
1200331,1600,181.0,183.19,179.13,179.705
1200401,1600,181.77,182.81,180.8645,181.485
1200402,1600,179.78,182.21,179.78,181.49
1200403,1600,183.1,185.935,181.15,184.01
1200406,1600,183.66,186.0,181.6584,182.44
1200407,1600,180.66,181.29,179.44,179.96
1200408,1600,181.2,181.6055,179.3789,179.26
1200409,1600,180.06,180.06,178.12,179.0
1200414,1600,177.55,178.05,176.6743,177.25
1200415,1600,179.0,180.32,177.4753,179.27
1200416,1600,180.86,180.86,179.4153,181.005
1200417,1600,180.45,180.8562,179.6543,180.25
1200420,1600,180.55,181.1078,180.04,180.46
1200421,1600,181.6,184.98,181.2017,184.02
1200422,1600,182.38,183.5488,182.0512,182.555
1200423,1600,181.9,182.4993,181.2322,181.5
1200424,1600,182.74,183.2683,181.7312,182.49
1200427,1600,180.96,181.0,180.3502,180.485
1200428,1600,180.44,180.9078,179.1169,180.5
1200429,1600,180.36,181.89,180.3,180.995
1200430,1600,180.4,180.7908,178.5828,178.815
1200501,1600,179.36,179.8288,178.56,179.255
1200504,1600,180.42,181.5288,180.3209,180.81
1200505,1600,180.4,180.4,179.5209,180.11
1200506,1600,179.95,181.1598,179.8867,180.83
1200507,1600,181.27,182.7288,180.5609,182.38
1200511,1600,180.48,182.38,180.2609,181.515
1200512,1600,181.98,181.98,180.7609,181.785
1200513,1600,182.85,184.06,182.229,183.95
1200514,1600,183.19,183.6392,182.5662,183.25
1200515,1600,183.35,184.24,182.769,183.97
1200518,1600,184.12,184.47,181.74,181.84
1200519,1600,180.9,181.94,180.9,181.29
1200520,1600,181.52,181.8793,180.73,180.875
1200521,1600,182.39,182.6998,181.7485,182.29
1200522,1600,183.09,183.37,182.6216,182.885
1200526,1600,181.42,181.42,179.79,179.935
1200527,1600,180.92,182.32,179.9585,182.23
1200528,1600,181.35,182.0418,180.282,180.7
1200529,1600,181.21,181.2713,179.79,180.48
1200601,1600,180.04,180.1213,178.42,178.625
1200602,1600,177.39,178.2175,177.1385,177.78
1200603,1600,176.6,177.2,175.4,175.64
1200604,1600,176.98,177.1298,174.6885,175.355
1200605,1600,174.0,174.34,171.9,171.88
1200608,1600,172.73,173.3549,172.2585,173.065
1200609,1600,173.76,174.61,173.07,172.995
1200610,1600,173.15,173.4479,172.48,173.375
1200611,1600,175.29,176.42,174.9473,176.11
1200612,1600,176.88,177.84,175.47,177.61
1200615,1600,179.03,178.2,175.803,177.26
1200616,1600,175.56,176.8374,174.47,176.085
1200617,1600,176.32,177.4929,176.1598,177.09
1200618,1600,178.1,179.37,177.1098,178.945
1200619,1600,179.0,179.9034,178.47,179.77
1200622,1600,179.77,179.89,178.91,178.99
1200623,1600,177.87,178.524,177.2711,177.34
1200624,1600,177.72,179.2,177.4116,179.05
1200625,1600,179.4,180.0,178.9427,179.61
1200626,1600,179.77,181.38,179.5222,181.18
1200629,1600,180.57,182.48,180.3622,182.15
1200630,1600,181.96,182.464,180.35,180.465
1200701,1600,179.67,180.1,178.6473,178.795
1200702,1600,178.5,179.02,177.61,178.71
1200703,1600,179.07,179.459,178.86,178.95
1200706,1600,177.95,178.4434,177.7167,178.095
1200707,1600,178.72,179.0,177.06,177.13
1200708,1600,178.08,178.3985,177.0079,177.37
1200709,1600,176.68,177.64,176.3479,177.37
1200710,1600,178.09,178.2908,176.8179,177.055
1200713,1600,176.5,177.4129,176.5,176.95
1200714,1600,178.65,179.2117,178.4298,178.61
1200715,1600,177.12,177.7445,176.59,177.44
1200716,1600,178.3,178.674,177.63,177.69
1200717,1600,178.57,178.9403,178.2962,178.54
1200720,1600,178.14,178.3386,177.0168,177.03
1200721,1600,176.5,176.6608,175.68,175.87
1200722,1600,176.21,177.3554,176.09,176.125
1200723,1600,176.15,176.9426,175.8504,176.06
1200724,1600,176.2,176.573,175.26,175.34
1200727,1600,175.0,175.21,173.91,174.21
1200728,1600,174.08,174.3243,173.22,173.36
1200729,1600,173.0,173.55,172.8185,172.935
1200730,1600,173.49,173.55,172.2837,172.76
1200731,1600,171.64,171.8215,170.7667,171.33
1200803,1600,172.26,172.9,171.7773,172.44
1200804,1600,172.14,173.7134,171.7216,172.64
1200805,1600,172.39,172.5447,171.09,171.2
1200806,1600,171.11,171.86,170.9,171.84
1200807,1600,172.37,173.1443,171.81,172.42
1200810,1600,172.27,172.8628,171.81,171.82
1200811,1600,171.78,171.78,170.42,170.8
1200812,1600,171.02,171.45,170.74,170.83
1200813,1600,171.13,171.1828,170.0,170.51
1200814,1600,170.66,170.66,169.6589,170.19
1200817,1600,170.26,170.7027,170.0567,170.64
1200818,1600,170.1,170.1,168.6867,168.95
1200819,1600,168.8,169.752,168.7587,169.62
1200820,1600,170.98,171.1223,170.2361,170.14
1200821,1600,169.29,171.5,169.0119,171.17
1200824,1600,170.9,171.47,169.012,171.33
1200825,1600,170.65,170.91,169.37,169.83
1200826,1600,169.59,169.7947,168.6767,168.99
1200827,1600,169.07,169.5433,168.3373,168.59
1200828,1600,167.35,167.7785,167.0,167.035
1200901,1600,166.37,166.57,165.3455,166.27
1200902,1600,167.2,168.6,167.0467,168.535
1200903,1600,168.6,169.59,168.09,169.3
1200904,1600,168.49,169.83,168.2961,169.41
1200907,1600,168.89,169.7303,168.4985,169.32
1200908,1600,170.5,172.052,169.7897,171.54
1200909,1600,172.6,173.4027,171.7373,171.6
1200910,1600,171.85,173.41,171.5602,173.305
1200911,1600,175.0,175.2309,173.87,175.06
1200914,1600,174.47,174.6802,173.47,173.795
1200915,1600,173.61,174.2415,173.1421,173.92
1200916,1600,173.77,173.8133,172.15,172.22
1200917,1600,172.87,174.0906,172.4555,172.8
1200918,1600,172.45,172.8333,172.1761,172.62
1200921,1600,174.05,175.36,172.9033,175.24
1200922,1600,174.71,176.15,174.14,175.71
1200923,1600,176.51,176.7415,175.1408,175.37
1200924,1600,176.14,176.2733,175.3257,176.02
1200925,1600,175.65,176.6333,174.9561,176.485
1200928,1600,175.38,175.45,173.4421,174.3
1200929,1600,174.18,174.91,173.9641,174.48
1200930,1600,174.81,175.11,172.96,172.96
1201001,1600,172.83,174.34,172.01,173.41
1201002,1600,174.09,174.2041,172.6,172.76
1201005,1600,173.11,173.26,171.47,171.64
1201006,1600,171.41,172.09,171.0813,171.54
1201007,1600,172.56,173.0,171.92,172.06
1201008,1600,171.71,172.4027,171.5237,172.06
1201009,1600,171.61,172.1421,171.0,171.0
1201012,1600,170.43,171.03,170.0,170.085
1201013,1600,170.71,172.0199,170.39,171.775
1201014,1600,172.88,173.44,170.87,171.3
1201015,1600,171.81,173.1865,171.81,172.78
1201016,1600,172.8,173.4721,172.2054,172.47
1201019,1600,171.09,171.6121,170.76,171.27
1201020,1600,171.93,172.1388,171.0849,171.51
1201021,1600,170.66,170.66,168.4352,168.74
1201022,1600,168.75,169.4921,129.0134,168.96
1201023,1600,168.9,169.8278,168.49,169.51
1201026,1600,170.41,170.82,168.564,170.41
1201027,1600,170.65,170.65,169.9388,170.0
1201028,1600,170.87,172.43,170.81,171.34
1201029,1600,170.88,171.95,170.6943,171.77
1201030,1600,170.9,171.55,170.5,170.53
1201102,1600,171.4,171.7354,170.81,171.58
1201103,1600,169.84,170.6921,168.64,168.66
1201104,1600,171.8,171.8,169.8482,171.34
1201105,1600,171.4,171.5188,169.65,169.6
1201106,1600,169.2,169.9066,168.11,168.175
1201109,1600,168.21,169.1299,166.51,167.105
1201110,1600,167.03,167.03,165.3271,166.06
1201111,1600,165.05,166.3188,164.68,166.18
1201112,1600,165.79,166.8266,165.5571,166.73
1201113,1600,167.0,167.0,166.3299,166.52
1201116,1600,165.95,166.7299,165.7866,166.04
1201117,1600,165.81,166.0943,165.2612,165.66
1201118,1600,165.89,165.89,165.1,165.17
1201119,1600,166.42,166.4533,165.811,166.165
1201120,1600,166.05,166.2199,165.5292,165.49
1201123,1600,164.34,165.5588,164.09,165.325
1201124,1600,164.41,165.05,164.1392,164.325
1201125,1600,164.12,165.0387,164.0143,164.15
1201126,1600,164.21,164.94,164.17,164.91
1201127,1600,164.4,165.05,164.2153,165.02
1201130,1600,165.21,165.3532,164.48,164.96
1201201,1600,164.58,165.01,162.85,162.965
1201202,1600,163.49,164.44,163.49,163.685
1201203,1600,163.09,163.2599,162.0,162.145
1201204,1600,162.95,163.14,161.2621,161.8
1201207,1600,163.69,165.3621,163.57,163.855
1201208,1600,164.31,164.9887,163.58,164.105
1201209,1600,163.41,163.6,162.5,163.45
1201210,1600,164.49,165.1244,164.2058,164.755
1201211,1600,165.77,167.1121,164.9996,166.275
1201214,1600,164.04,164.85,163.14,164.8
1201215,1600,164.85,165.2479,163.16,163.23
1201216,1600,162.56,162.6221,161.6068,162.485
1201217,1600,161.35,161.7076,160.9,161.2
1201218,1600,162.13,162.601,161.6402,162.3
1201221,1600,165.09,166.581,161.64,164.255
1201222,1600,163.37,164.47,162.8536,164.28
1201223,1600,163.28,163.47,161.39,161.855
1201224,1600,161.29,161.3658,160.8131,161.17
1201229,1600,162.06,162.61,161.97,162.18
1201230,1600,161.86,161.86,160.7736,161.2
1201231,1600,160.63,160.7064,160.4176,160.615
1210104,1600,160.03,161.7098,159.9936,161.395
1210105,1600,161.62,161.8164,160.8721,160.91
1210106,1600,159.49,160.92,159.2587,160.05
1210107,1600,159.76,160.41,159.5287,159.94
1210108,1600,159.78,159.78,158.8758,159.325
1210111,1600,160.46,160.7402,160.17,160.045
1210112,1600,159.16,159.25,157.9113,158.03
1210113,1600,157.93,158.86,157.8564,158.775
1210114,1600,158.27,158.97,158.21,158.21
1210115,1600,158.52,159.601,158.31,159.37
1210118,1600,159.98,160.3631,159.52,159.6
1210119,1600,159.12,159.2864,158.8302,159.15
1210120,1600,158.59,159.06,157.97,158.83
1210121,1600,158.46,158.46,157.53,157.85
1210122,1600,158.52,159.05,158.35,158.74
1210125,1600,157.9,159.45,157.9,159.405
1210126,1600,159.88,159.9858,158.37,158.45
1210127,1600,158.39,159.6613,158.3147,159.19
1210128,1600,160.03,160.14,158.369,158.39
1210129,1600,159.11,159.2098,157.679,158.42
1210201,1600,157.77,159.11,157.77,158.93
1210202,1600,158.91,159.13,158.15,158.99
1210203,1600,158.26,158.9987,158.25,158.57
1210204,1600,159.16,159.331,157.75,158.22
1210205,1600,157.83,158.36,157.2,157.355
1210208,1600,156.8,157.541,156.65,157.33
1210209,1600,156.7,157.0387,156.539,156.87
1210210,1600,156.27,156.34,155.89,156.21
1210211,1600,156.52,156.84,156.47,156.65
1210212,1600,157.0,157.101,155.9,155.98
1210215,1600,154.66,154.721,154.36,154.495
1210216,1600,154.5,154.8552,154.0,154.11
1210217,1600,154.09,155.12,153.9736,154.83
1210218,1600,154.17,154.381,153.1236,153.47
1210219,1600,153.03,153.2298,152.1636,152.35
1210222,1600,151.78,152.19,151.6102,151.75
1210223,1600,151.14,151.42,151.0536,151.28
1210224,1600,150.65,150.91,150.289,151.02
1210225,1600,150.27,150.27,149.06,149.61
1210226,1600,151.32,151.75,150.71,150.72
1210301,1600,151.57,152.16,151.301,151.68
1210302,1600,152.58,152.9,151.74,151.84
1210303,1600,151.73,151.73,150.7,150.72
1210304,1600,151.46,151.6698,150.7902,150.725
1210305,1600,151.34,152.079,150.85,151.77
1210308,1600,151.05,151.27,150.81,151.16
1210309,1600,150.87,151.341,150.6398,150.855
1210310,1600,151.02,151.22,150.499,151.11
1210311,1600,151.04,151.179,150.34,150.395
1210312,1600,150.0,150.5821,149.859,150.05
1210315,1600,149.86,150.8021,149.7002,150.47
1210316,1600,151.16,151.2698,150.34,150.35
1210317,1600,149.7,149.991,149.511,149.87
1210318,1600,148.52,148.761,147.9979,148.475
1210319,1600,148.68,149.48,148.68,149.455
1210322,1600,150.03,150.061,149.6902,149.845
1210323,1600,151.19,151.621,150.3776,151.185
1210324,1600,152.68,152.71,151.85,151.875
1210325,1600,152.61,152.7224,152.1679,152.25
1210326,1600,151.28,151.3721,150.859,151.1
1210329,1600,151.28,151.372,150.4668,150.715
1210330,1600,149.9,150.8521,149.8321,150.795
1210331,1600,150.66,150.791,150.12,150.41
1210401,1600,150.52,150.54,150.1121,150.24
1210406,1600,149.52,150.24,149.3279,150.26
1210407,1600,151.25,151.7744,150.6413,151.56
1210408,1600,151.43,151.8887,151.189,151.795
1210409,1600,151.97,152.39,151.4898,151.84
1210412,1600,151.96,151.98,151.179,151.35
1210413,1600,151.11,151.75,150.889,151.69
1210414,1600,151.41,151.8,151.099,151.245
1210415,1600,151.49,152.34,151.449,152.345
1210416,1600,152.91,152.97,151.56,151.595
1210419,1600,151.67,151.67,149.719,149.835
1210420,1600,149.53,150.64,149.149,150.55
1210421,1600,150.6,151.0868,150.389,150.505
1210422,1600,150.91,152.02,150.7621,151.505
1210423,1600,151.19,151.6798,151.19,151.57
1210426,1600,150.85,151.2,150.5679,151.15
1210427,1600,150.8,151.211,150.4879,150.46
1210428,1600,150.39,150.6912,149.98,150.03
1210429,1600,149.5,149.76,149.1613,149.35
1210430,1600,149.96,151.3,149.88,151.21
1210504,1600,150.59,151.6421,150.5613,151.16
1210505,1600,150.72,150.94,150.449,150.685
1210506,1600,151.07,151.49,150.811,151.38
1210507,1600,150.75,151.9355,150.33,150.34
1210510,1600,149.13,149.1921,148.62,148.64
1210511,1600,148.17,148.6935,147.87,147.91
1210512,1600,148.3,148.31,147.6,147.83
1210513,1600,147.62,147.83,147.239,147.79
1210514,1600,147.67,148.039,147.5302,147.615
1210517,1600,148.05,148.05,147.3287,147.39
1210518,1600,146.86,146.86,146.23,146.565
1210519,1600,146.6,147.3398,146.33,147.105
1210520,1600,146.93,147.4187,146.729,146.86
1210521,1600,146.91,147.081,146.4168,146.995
1210524,1600,147.26,147.5598,147.0524,147.395
1210525,1600,147.17,147.9887,146.9632,147.915
1210526,1600,147.93,148.26,147.5802,148.175
1210527,1600,148.21,148.21,146.8402,147.05
1210528,1600,146.86,147.66,146.7236,147.27
1210601,1600,146.41,147.15,146.25,147.065
1210602,1600,147.61,147.87,147.2902,147.305
1210603,1600,147.09,147.86,146.9998,147.76
1210604,1600,147.52,147.77,147.0047,147.75
1210607,1600,147.87,148.36,147.55,147.655
1210608,1600,148.11,148.67,148.0124,148.45
1210609,1600,148.28,149.14,148.1502,149.02
1210610,1600,149.29,149.5887,148.62,148.91
1210611,1600,149.27,149.5998,149.1502,149.39
1210614,1600,149.66,149.8821,149.1179,149.225
1210615,1600,149.22,149.9298,149.16,149.235
1210616,1600,149.19,149.311,149.0379,149.285
1210617,1600,149.73,150.54,149.49,150.415
1210618,1600,151.47,152.61,151.1957,152.645
1210621,1600,152.82,153.19,151.0279,151.265
1210622,1600,151.26,151.7421,151.15,151.185
1210623,1600,150.67,150.8721,150.29,150.625
1210624,1600,150.7,151.3998,150.3721,151.185
1210625,1600,151.05,151.4,150.74,150.815
1210628,1600,150.6,151.46,150.6,151.54
1210629,1600,152.0,152.35,151.6568,152.04
1210630,1600,152.21,152.861,152.0,152.825
1210701,1600,152.8,152.9732,152.2268,152.76
1210702,1600,153.3,153.74,153.089,153.115
1210705,1600,152.67,153.02,152.49,152.545
1210706,1600,152.09,154.2,152.06,154.095
1210707,1600,153.79,155.15,153.76,154.735
1210708,1600,155.11,155.7898,155.02,155.24
1210709,1600,154.63,154.86,153.54,153.855
1210712,1600,153.27,153.8921,153.01,153.1
1210713,1600,153.29,153.961,153.171,153.625
1210714,1600,153.25,153.6333,152.929,153.43
1210715,1600,154.32,154.531,153.6102,153.795
1210716,1600,153.91,155.0632,153.8,154.755
1210719,1600,155.7,157.81,155.7,157.43
1210720,1600,157.7,159.4602,157.38,158.265
1210721,1600,157.86,158.491,156.3468,156.43
1210722,1600,155.95,156.12,155.19,156.12
1210723,1600,156.03,156.27,155.34,155.535
1210726,1600,156.24,156.43,154.9,154.965
1210727,1600,155.7,155.81,154.77,154.85
1210728,1600,154.81,154.93,154.5879,154.605
1210729,1600,154.42,154.42,153.43,153.635
1210730,1600,153.84,154.8,153.6879,154.8
1210802,1600,154.67,155.41,154.25,155.455
1210803,1600,155.08,155.84,154.7932,155.485
1210804,1600,154.99,155.519,154.799,155.065
1210805,1600,155.08,155.33,154.38,154.38
1210806,1600,154.3,154.45,153.89,154.29
1210809,1600,153.77,154.5732,153.77,154.28
1210810,1600,154.19,154.58,153.749,153.94
1210811,1600,154.02,154.13,153.62,153.665
1210812,1600,154.04,154.59,153.8036,154.195
1210813,1600,154.56,154.7332,154.15,154.415
1210816,1600,154.82,155.63,154.649,155.335
1210817,1600,156.12,156.4344,155.92,156.18
1210818,1600,156.3,156.34,155.8179,155.97
1210819,1600,157.12,157.6,156.97,157.49
1210820,1600,158.07,158.2221,157.6079,157.86
1210823,1600,157.31,157.47,156.58,156.58
1210824,1600,156.68,156.7821,156.1,156.385
1210825,1600,156.28,156.46,155.5621,155.725
1210826,1600,155.36,155.6221,155.241,155.52
1210827,1600,155.55,156.1,155.2721,155.575
1210831,1600,155.79,155.9132,155.5379,155.695
1210901,1600,155.55,155.85,155.26,155.41
1210902,1600,155.54,155.69,154.9679,155.075
1210903,1600,154.98,155.2,154.271,154.375
1210906,1600,154.54,154.84,154.4168,154.74
1210907,1600,154.36,154.93,154.2032,154.6
1210908,1600,155.04,155.56,155.0302,155.285
1210909,1600,154.6,155.4521,154.4013,154.69
1210910,1600,154.22,154.61,154.16,154.415
1210913,1600,154.8287,154.9,154.6,154.6
1210914,1600,154.43,155.2,153.9,155.005
1210915,1600,155.16,155.44,154.8002,154.785
1210916,1600,154.97,155.431,154.84,155.25
1210917,1600,154.96,155.15,154.6102,154.96
1210920,1600,156.28,156.82,155.99,156.45
1210921,1600,156.12,157.14,156.08,157.055
1210922,1600,156.59,157.1,156.53,156.785
1210923,1600,156.56,156.66,154.71,154.785
1210924,1600,154.68,155.3676,154.51,154.915
1210927,1600,154.73,155.15,153.9024,154.135
1210928,1600,153.9,155.62,153.41,155.54
1210929,1600,156.08,157.08,155.73,156.745
1210930,1600,156.64,156.87,155.79,155.94
1211001,1600,156.23,157.3687,155.66,155.95
1211004,1600,155.99,156.39,154.8779,155.45
1211005,1600,155.43,155.43,154.3602,154.425
1211006,1600,154.59,155.6676,154.55,155.605
1211007,1600,154.9,155.37,154.1779,154.205
1211008,1600,154.28,154.2921,153.56,153.49
1211011,1600,152.96,153.6,152.96,153.495
1211012,1600,153.83,154.48,153.7098,153.985
1211013,1600,154.2,154.55,153.9013,154.13
1211014,1600,153.59,154.0344,153.3721,154.03
1211015,1600,153.67,153.67,152.5268,152.62
1211018,1600,152.39,152.74,152.06,152.71
1211019,1600,152.12,152.46,151.4,151.48
1211020,1600,151.53,152.04,151.1,151.1
1211021,1600,151.32,151.3932,150.62,150.9
1211022,1600,150.8,151.4679,150.6068,151.35
1211025,1600,151.47,152.0298,151.18,151.72
1211026,1600,151.72,151.8144,151.17,151.51
1211027,1600,152.11,153.1787,151.809,152.84
1211028,1600,152.66,153.14,152.07,152.31
1211029,1600,152.2,153.12,151.6102,153.22
1211101,1600,153.79,153.79,151.61,153.34
1211102,1600,153.89,154.67,153.869,154.515
1211103,1600,154.53,154.791,153.62,153.615
1211104,1600,153.79,156.161,153.52,155.985
1211105,1600,156.68,157.23,156.15,157.07
1211108,1600,157.04,157.181,155.8068,155.93
1211109,1600,155.75,156.85,155.66,156.855
1211110,1600,156.47,157.02,156.2,156.47
1211111,1600,156.21,156.42,155.92,156.085
1211112,1600,155.98,156.29,155.7879,155.835
1211115,1600,156.06,156.1698,154.97,155.05
1211116,1600,154.8,155.28,154.5368,155.08
1211117,1600,154.72,154.841,154.179,154.53
1211118,1600,154.55,154.92,154.379,154.945
1211119,1600,155.34,155.9421,155.34,155.64
1211122,1600,155.79,155.79,155.149,155.17
1211123,1600,155.39,155.39,154.91,154.955
1211124,1600,155.16,155.47,155.04,155.5
1211125,1600,155.93,155.991,155.2679,155.795
1211126,1600,157.36,157.8342,156.649,157.71
1211129,1600,157.44,157.7,156.73,157.705
1211130,1600,158.08,159.0276,157.7717,158.875
1211201,1600,158.09,158.289,157.5613,157.895
1211202,1600,158.45,158.78,158.23,158.325
1211203,1600,158.67,160.17,158.56,159.97
1211206,1600,159.95,160.1258,159.4342,159.615
1211207,1600,158.6,159.4,158.3888,159.425
1211208,1600,159.8,160.0124,158.4,158.29
1211209,1600,159.01,159.4231,158.8258,159.245
1211210,1600,158.87,159.4553,158.59,159.245
1211213,1600,158.86,159.7264,158.6202,159.675
1211214,1600,159.93,159.93,159.1264,159.345
1211215,1600,159.04,159.6064,158.8536,159.49
1211216,1600,158.93,159.24,157.3736,158.605
1211217,1600,159.57,159.7202,158.701,159.63
1211220,1600,160.82,161.181,159.9779,160.325
1211221,1600,160.03,160.03,158.85,158.855
1211222,1600,158.85,158.8766,157.7757,157.885
1211223,1600,157.49,157.49,156.53,156.98
1211224,1600,157.34,157.34,156.3816,156.825
1211229,1600,156.8,156.96,155.25,155.46
1211230,1600,155.59,155.95,155.0543,155.385
1211231,1600,155.37,156.0731,155.24,155.925
1220104,1600,154.51,154.51,153.09,153.29
1220105,1600,153.47,153.68,152.95,152.865
1220106,1600,152.76,152.9887,152.22,152.45
1220107,1600,152.42,152.6405,151.38,151.325
1220110,1600,151.16,151.6121,151.011,151.37
1220111,1600,151.27,151.58,151.0021,151.15
1220112,1600,151.09,151.2698,150.58,150.6
1220113,1600,149.87,150.38,149.8257,150.19
1220114,1600,150.18,150.86,150.0,150.62
1220117,1600,149.88,150.2264,149.6872,150.005
1220118,1600,150.15,150.731,149.856,150.445
1220119,1600,149.86,150.031,149.41,149.97
1220120,1600,149.95,150.3521,149.7674,149.835
1220121,1600,151.2,152.271,151.2,151.665
1220124,1600,152.04,153.6798,151.9,153.375
1220125,1600,152.5,153.211,152.1657,152.545
1220126,1600,152.02,152.28,151.87,151.965
1220127,1600,152.88,153.331,152.0866,152.965
1220128,1600,152.76,153.15,152.4682,152.96
1220131,1600,152.92,153.05,152.5,152.925
1220201,1600,152.3,152.761,151.6466,151.73
1220202,1600,151.74,151.8321,151.1398,151.785
1220203,1600,151.63,151.79,150.19,150.255
1220204,1600,150.9,151.32,149.91,149.895
1220207,1600,150.37,150.52,149.96,149.975
1220208,1600,149.85,149.9321,149.3766,149.495
1220209,1600,149.5,149.87,149.4,149.77
1220210,1600,149.51,149.7798,147.8564,147.75
1220211,1600,148.96,148.9798,147.72,147.73
1220214,1600,149.5,150.3698,148.93,148.945
1220215,1600,149.12,149.12,148.171,148.67
1220216,1600,148.38,148.821,148.1066,148.1
1220217,1600,148.22,148.65,148.0,148.51
1220218,1600,148.4,149.4266,148.2698,149.24
1220221,1600,148.82,149.58,148.65,149.34
1220222,1600,149.67,150.5053,149.26,149.24
1220223,1600,148.75,149.38,148.4374,149.225
1220224,1600,150.81,152.96,150.68,151.905
1220225,1600,151.16,151.7564,150.473,150.7
1220228,1600,152.11,152.2715,151.5953,151.985
1220301,1600,152.2,155.1429,152.2,155.05
1220302,1600,155.57,155.63,153.39,153.445
1220303,1600,152.71,153.5582,152.36,153.495
1220304,1600,154.15,156.86,154.01,156.705
1220307,1600,156.8,157.3011,155.6415,156.88
1220308,1600,156.1,157.0811,155.7849,156.225
1220309,1600,155.02,155.9911,154.4149,154.345
1220310,1600,154.09,154.7,153.5097,154.045
1220311,1600,155.5,155.5,153.8007,154.64
1220314,1600,154.2,154.44,153.15,153.175
1220315,1600,153.51,153.69,152.98,153.285
1220316,1600,152.52,152.7436,151.8815,151.84
1220317,1600,152.3,152.3,151.1498,151.49
1220318,1600,151.69,152.0249,151.3107,151.425
1220321,1600,151.32,151.5099,149.9074,149.91
1220322,1600,149.59,149.59,147.5,147.83
1220323,1600,147.73,149.036,147.6861,148.595
1220324,1600,148.5,149.0673,148.2782,148.91
1220325,1600,149.09,149.09,146.7982,147.185
1220328,1600,147.12,149.1698,147.049,148.615
1220329,1600,147.99,148.7473,147.4509,148.2
1220330,1600,148.69,149.2835,148.24,148.835
1220331,1600,149.54,149.9386,149.42,149.5
1220401,1600,148.47,149.0386,148.45,148.93
1220404,1600,148.79,149.1873,148.3474,148.695
1220405,1600,148.08,148.48,146.89,147.17
1220406,1600,147.0,147.09,146.216,146.98
1220407,1600,147.22,147.5047,146.4207,146.785
1220408,1600,146.9,146.97,146.4074,146.51
1220411,1600,146.05,146.1573,145.48,145.59
1220412,1600,145.29,146.67,145.14,146.585
1220413,1600,146.43,147.2,146.0211,146.74
1220414,1600,145.75,146.2646,145.4657,145.39
1220419,1600,145.53,145.53,144.4157,144.79
1220420,1600,144.43,144.6698,144.1224,144.39
1220421,1600,144.25,144.79,144.0,144.005
1220422,1600,145.51,146.53,144.87,146.345
1220425,1600,148.65,149.5198,148.39,149.51
1220426,1600,148.67,151.1335,148.55,150.955
1220427,1600,151.02,151.98,150.9266,151.575
1220428,1600,151.29,152.3211,150.91,151.65
1220429,1600,150.93,151.11,149.5998,149.965
1220503,1600,149.0,150.17,148.75,150.06
1220504,1600,150.0,150.0,149.169,149.58
1220505,1600,149.75,151.9422,148.81,150.41
1220506,1600,151.33,151.53,150.14,150.175
1220509,1600,150.05,151.0446,149.01,151.125
1220510,1600,150.86,152.9,150.7064,152.77
1220511,1600,152.4,152.6448,150.88,152.045
1220512,1600,154.33,154.6359,153.1585,153.55
1220513,1600,152.9,153.736,152.8,152.875
1220516,1600,152.76,153.4101,152.2176,153.225
1220517,1600,151.08,151.08,149.1718,149.29
1220518,1600,150.13,150.83,149.3586,150.75
1220519,1600,151.7,152.3171,150.6226,150.87
1220520,1600,150.63,151.3876,150.27,151.275
1220523,1600,149.86,150.2445,149.4134,149.425
1220524,1600,149.32,151.7873,149.32,151.77
1220525,1600,151.02,152.0222,150.92,151.055
1220526,1600,150.94,151.4592,150.33,150.295
1220527,1600,150.54,150.8018,150.0268,150.505
1220530,1600,149.73,149.81,149.126,149.13
1220531,1600,149.74,149.9197,149.0,149.19
1220601,1600,149.11,150.22,148.89,149.68
1220606,1600,149.09,149.22,147.91,148.035
1220607,1600,148.57,148.8849,148.04,148.19
1220608,1600,147.86,148.35,147.8068,148.27
1220609,1600,148.19,148.6192,146.8511,147.85
1220610,1600,148.65,149.2865,148.41,149.11
1220613,1600,149.18,149.51,148.59,148.895
1220614,1600,149.67,150.4082,148.7736,149.5
1220615,1600,148.83,150.03,148.66,149.215
1220616,1600,147.58,149.65,146.28,147.16
1220617,1600,148.3,149.2509,147.96,149.56
1220620,1600,149.11,149.1745,148.73,148.69
1220621,1600,148.29,148.4434,147.73,148.24
1220622,1600,149.5,150.11,148.9901,149.365
1220623,1600,150.03,151.7909,149.95,151.275
1220624,1600,151.15,151.19,149.5997,150.12
1220627,1600,149.42,149.8201,149.1251,149.175
1220628,1600,149.09,150.29,148.9109,150.17
1220629,1600,151.04,152.48,150.8468,152.45
1220630,1600,152.53,153.7128,152.49,153.275
1220701,1600,154.4,158.33,153.8072,156.41
1220704,1600,155.38,155.45,154.35,154.935
1220705,1600,154.95,159.28,154.498,159.1
1220706,1600,158.85,160.0,158.08,157.935
1220707,1600,156.2,156.822,155.4638,155.44
1220708,1600,156.46,156.7911,153.8145,153.835
1220711,1600,154.75,157.25,154.75,156.965
1220712,1600,158.65,158.9128,157.66,157.565
1220713,1600,156.92,157.66,156.54,157.34
1220714,1600,158.16,158.55,157.456,158.29
1220715,1600,158.66,159.05,158.17,158.14
1220718,1600,156.88,157.6429,155.1205,155.49
1220719,1600,155.52,156.26,154.83,155.12
1220720,1600,155.34,156.1,154.9571,155.45
1220721,1600,155.5,157.13,154.97,156.49
1220722,1600,157.24,158.7345,156.9089,157.925
1220725,1600,158.09,158.4962,156.65,157.385
1220726,1600,158.68,159.1623,157.5505,158.22
1220727,1600,157.26,158.05,157.1169,157.97
1220728,1600,155.85,158.4354,155.6641,158.27
1220729,1600,156.93,158.77,156.6089,158.0
1220801,1600,157.47,157.6614,156.642,157.285
1220802,1600,158.69,159.24,157.0003,157.28
1220803,1600,156.15,157.1339,155.9431,156.78
1220804,1600,157.31,158.6111,156.6889,157.91
1220805,1600,157.63,158.07,156.9,157.0
1220808,1600,156.96,157.37,156.72,156.985
1220809,1600,156.77,157.71,156.6081,157.32
1220810,1600,157.31,157.5688,155.5886,155.59
1220811,1600,155.92,156.3888,154.9719,155.145
1220812,1600,155.06,156.47,155.06,156.15
1220815,1600,157.27,157.85,156.23,157.71
1220816,1600,158.25,158.3918,156.39,156.81
1220817,1600,156.62,156.85,156.05,156.57
1220818,1600,157.03,158.05,156.5177,157.91
1220819,1600,157.99,159.006,157.9,158.62
1220822,1600,158.94,159.4914,158.5023,158.92
1220823,1600,159.79,159.79,157.56,157.92
1220824,1600,158.0,158.43,157.0614,157.445
1220825,1600,156.99,157.36,156.8,157.375
1220826,1600,157.53,158.51,157.08,158.52
1220830,1600,158.25,159.75,157.54,158.795
1220831,1600,159.07,159.82,158.8269,159.285
1220901,1600,158.86,159.3731,158.4186,158.9
1220902,1600,158.99,159.9397,158.33,158.93
1220905,1600,160.39,160.52,159.4386,159.745
1220906,1600,158.5,159.044,157.7029,158.16
1220907,1600,158.4,160.062,158.4,159.5
1220908,1600,159.69,160.3649,158.8786,159.41
1220909,1600,157.35,158.71,157.1677,158.01
1220912,1600,156.5214,157.02,156.23,156.525
1220913,1600,155.81,157.21,155.7577,157.21
1220914,1600,156.73,157.7331,156.2895,157.035
1220915,1600,156.95,157.5205,156.7686,157.22
1220916,1600,158.97,158.97,157.88,158.43
1220920,1600,157.54,157.74,156.5003,156.89
1220921,1600,158.38,158.6048,158.17,158.17
1220922,1600,158.83,159.94,157.2469,157.385
1220923,1600,158.28,162.2003,157.9214,161.55
1220926,1600,160.0,165.11,160.0,162.64
1220927,1600,162.31,162.7014,161.32,161.345
1220928,1600,162.55,165.2163,160.25,163.91
1220929,1600,162.58,162.9145,159.452,160.085
1220930,1600,158.6,160.8046,157.9326,158.675
1221003,1600,157.97,158.5323,156.7411,158.2
1221004,1600,157.14,158.12,156.03,156.165
1221005,1600,155.68,157.0954,155.398,156.855
1221006,1600,155.79,157.47,155.1903,157.345
1221007,1600,157.09,157.9417,156.1283,157.56
1221010,1600,158.32,158.38,157.2011,157.21
1221011,1600,157.88,157.89,157.15,157.33
1221012,1600,158.51,159.1337,157.03,157.45
1221013,1600,156.8,157.9028,153.61,153.76
1221014,1600,154.95,156.49,154.29,154.44
1221017,1600,154.42,154.87,152.1995,152.66
1221018,1600,153.34,154.0697,152.9586,153.335
1221019,1600,153.0,153.6062,153.0,153.23
1221020,1600,153.39,153.72,151.63,152.04
1221021,1600,152.3,153.43,152.04,152.28
1221024,1600,151.52,152.47,150.77,151.35
1221025,1600,151.22,152.26,150.6369,150.79
1221026,1600,150.96,151.03,149.4346,149.81
1221027,1600,150.28,151.26,149.4829,151.065
1221028,1600,152.4,152.4,149.48,150.455
1221031,1600,150.02,151.24,149.7829,151.065
1221101,1600,151.61,151.7562,150.8838,151.46
1221102,1600,150.47,151.68,150.46,151.68
1221103,1600,152.27,154.08,151.936,153.925
1221104,1600,153.66,153.9745,152.36,152.36
1221107,1600,152.17,152.17,149.77,149.745
1221108,1600,149.24,150.33,148.9895,149.07
1221109,1600,149.89,151.9314,149.38,151.695
1221110,1600,151.85,152.18,151.05,151.425
1221111,1600,150.7,150.7,149.3005,149.685
1221114,1600,148.42,150.32,148.42,150.04
1221115,1600,149.22,149.7923,148.07,148.9
1221116,1600,149.4,150.5088,148.5503,149.89
1221117,1600,148.95,149.1197,147.7197,149.035
1221118,1600,147.65,147.8914,146.5997,146.97
1221121,1600,148.18,148.97,147.9159,148.865
1221122,1600,147.9,148.2003,147.5,148.005
1221123,1600,147.62,147.98,146.08,146.08
1221124,1600,146.5,147.0526,146.1403,146.37
1221125,1600,146.54,146.5823,145.9,146.08
1221128,1600,147.38,148.04,146.2398,147.07
1221129,1600,147.9,147.91,146.99,147.37
1221130,1600,147.26,147.64,146.36,147.19
1221201,1600,147.15,147.3419,144.98,145.745
1221202,1600,146.22,146.9214,145.74,145.69
1221205,1600,145.84,146.49,145.7277,146.525
1221206,1600,146.65,146.9,145.9088,146.06
1221207,1600,147.22,148.19,146.9297,147.87
1221208,1600,148.2,148.3414,147.0755,147.285
1221209,1600,146.84,147.0314,145.6123,145.52
1221212,1600,146.06,146.3514,145.61,145.62
1221213,1600,145.34,145.78,145.05,145.56
1221214,1600,145.33,145.8731,145.1602,145.115
1221215,1600,145.48,147.97,145.36,147.64
1221216,1600,148.62,148.6757,146.95,148.155
1221219,1600,147.46,147.5405,146.78,146.865
1221220,1600,146.29,146.6405,145.9295,146.365
1221221,1600,145.88,147.24,145.88,146.83
1221222,1600,147.2,148.1897,146.8012,147.865
1221223,1600,147.24,147.36,146.53,147.01
1221228,1600,145.88,146.1112,144.9497,145.47
1221229,1600,145.84,145.878,145.4046,145.6
1221230,1600,145.68,145.778,145.422,145.735
1230103,1600,146.47,148.67,146.39,147.2
1230104,1600,146.91,147.864,146.9,147.45
1230105,1600,147.64,148.87,147.3983,148.87
1230106,1600,149.38,149.5705,148.84,148.95
1230109,1600,147.62,147.904,147.2,147.895
1230110,1600,147.79,148.12,147.13,147.13
1230111,1600,148.31,148.3344,147.92,148.2
1230112,1600,148.27,148.7971,147.87,148.55
1230113,1600,148.5,149.06,148.33,148.665
1230116,1600,148.09,148.3188,147.58,147.765
1230117,1600,147.51,147.7514,146.75,147.2
1230118,1600,146.76,147.32,146.5644,147.325
1230119,1600,148.39,148.6005,147.6005,147.705
1230120,1600,147.4,147.524,146.3031,146.245
1230123,1600,146.05,146.63,145.86,146.105
1230124,1600,145.94,147.5894,145.94,147.12
1230125,1600,147.65,148.0792,146.75,146.75
1230126,1600,146.31,146.7323,146.2705,146.44
1230127,1600,146.15,146.2151,145.7692,145.93
1230130,1600,146.19,146.19,145.3731,145.755
1230131,1600,146.77,146.98,146.2501,146.85
1230201,1600,147.02,147.8763,146.9057,147.245
1230202,1600,148.0,149.234,147.3831,149.295
1230203,1600,149.88,149.96,148.9657,149.35
1230206,1600,149.4,149.7714,148.59,149.23
1230207,1600,149.13,149.57,149.11,149.11
1230208,1600,148.04,148.1231,147.84,147.93
1230209,1600,147.93,148.2197,147.3079,147.605
1230210,1600,147.3,147.3431,146.93,147.315
1230213,1600,147.26,147.6205,146.4157,146.53
1230214,1600,146.66,146.87,145.27,145.535
1230215,1600,147.0,147.71,146.71,147.08
1230216,1600,147.04,147.1131,146.7644,146.88
1230217,1600,147.05,147.33,146.5005,146.78
1230220,1600,146.48,146.6205,146.2731,146.48
1230221,1600,146.25,146.6314,144.29,144.54
1230222,1600,144.75,145.45,144.5514,145.3
1230223,1600,145.24,145.7414,145.1548,145.91
1230224,1600,146.26,146.47,145.77,146.125
1230227,1600,146.22,146.2988,145.29,145.455
1230228,1600,146.06,146.06,143.8,144.46
1230301,1600,144.76,145.6058,144.6,144.895
1230302,1600,145.04,145.3531,144.76,144.89
1230303,1600,145.13,145.34,144.92,145.32
1230306,1600,145.94,146.07,145.06,145.06
1230307,1600,145.1,147.19,145.0997,147.275
1230308,1600,147.26,148.5564,147.12,147.61
1230309,1600,146.8,147.07,146.46,146.54
1230310,1600,148.02,148.1531,146.9492,147.355
1230313,1600,148.41,150.73,147.474,149.03
1230314,1600,148.11,149.117,147.1397,147.41
1230315,1600,146.87,152.0301,146.87,151.91
1230316,1600,150.29,151.654,149.34,149.175
1230317,1600,148.4,150.46,148.0697,149.61
1230320,1600,151.12,151.2897,147.9785,148.13
1230321,1600,147.86,148.25,146.9971,147.94
1230322,1600,146.86,147.1757,146.0314,147.31
1230323,1600,147.8,148.1,147.3728,148.08
1230324,1600,150.77,151.2957,149.8114,150.045
1230327,1600,149.36,149.61,147.6032,148.1
1230328,1600,146.93,147.1914,146.574,146.6
1230329,1600,146.64,146.8514,145.9931,146.765
1230330,1600,146.6,146.7697,145.66,146.065
1230331,1600,145.9,146.6597,145.8,146.59
1230403,1600,146.99,148.95,146.1471,147.735
1230404,1600,146.85,147.16,145.64,147.16
1230405,1600,147.08,148.9303,146.93,148.28
1230406,1600,148.45,148.84,148.22,148.785
1230411,1600,147.7,149.02,146.94,147.005
1230412,1600,147.28,147.6162,146.777,147.13
1230413,1600,146.34,146.98,146.28,146.32
1230414,1600,146.3,146.4592,145.8077,146.355
1230417,1600,146.43,146.9005,145.94,146.27
1230418,1600,145.42,145.9631,145.364,145.83
1230419,1600,144.99,145.62,144.8079,144.935
1230420,1600,145.77,146.034,145.67,145.935
1230421,1600,146.76,146.9931,146.14,146.015
1230424,1600,146.22,146.33,145.78,146.255
1230425,1600,146.38,148.27,146.38,147.88
1230426,1600,147.58,147.624,146.948,147.09
1230427,1600,146.8,147.0714,146.04,145.915
1230428,1600,146.19,146.9514,145.7533,145.67
1230502,1600,145.62,147.3,145.31,147.3
1230503,1600,146.9,147.3,146.84,146.89
1230504,1600,147.05,147.55,146.69,147.515
1230505,1600,146.23,146.49,145.32,145.22
1230509,1600,144.87,145.2904,144.71,144.71
1230510,1600,144.58,145.5,144.4101,145.48
1230511,1600,146.04,147.84,145.96,147.505
1230512,1600,147.06,147.5552,146.87,147.51
1230515,1600,146.92,146.92,146.0079,146.06
1230516,1600,146.64,146.99,145.42,145.8
1230517,1600,146.4,146.84,145.8764,145.86
1230518,1600,145.82,146.14,145.5457,145.8
1230519,1600,143.78,144.02,142.43,142.895
1230522,1600,143.34,143.3605,142.35,142.6
1230523,1600,142.44,143.04,142.44,142.5
1230524,1600,142.54,143.6633,142.35,143.405
1230525,1600,143.34,143.36,142.7,143.03
1230526,1600,142.58,142.7,141.97,142.255
1230530,1600,142.99,143.16,142.0752,142.9
1230531,1600,143.71,144.11,143.36,143.69
1230601,1600,142.96,143.3,142.52,142.61
1230602,1600,142.57,142.68,142.007,142.445
1230605,1600,142.31,143.15,142.29,142.745
1230606,1600,142.6,143.3192,142.46,142.74
1230607,1600,143.12,143.33,141.4844,141.52
1230608,1600,141.26,141.45,140.99,140.95
1230609,1600,140.85,140.9734,140.23,140.47
1230612,1600,140.29,141.0005,140.0618,141.075
1230613,1600,140.79,141.02,139.72,139.72
1230614,1600,139.45,139.7019,138.8164,138.84
1230615,1600,138.84,139.37,138.59,138.565
1230616,1600,138.11,138.584,137.41,137.745
1230619,1600,137.92,137.92,137.2,137.41
1230620,1600,138.03,139.2892,137.95,139.07
1230621,1600,138.46,139.4034,138.23,138.6
1230622,1600,138.32,138.7683,137.8,138.42
1230623,1600,138.59,139.561,138.5305,139.165
1230626,1600,139.29,139.93,139.25,139.31
1230627,1600,138.98,139.251,138.39,138.39
1230628,1600,135.69,140.27,135.69,140.03
1230629,1600,140.1,140.1,139.0707,139.385
1230630,1600,138.88,138.99,138.14,138.44
1230703,1600,138.59,138.8192,138.342,138.5
1230704,1600,137.96,138.07,137.6805,137.85
1230705,1600,137.97,138.29,137.5816,137.485
1230706,1600,137.39,137.39,135.4806,135.88
1230707,1600,135.78,135.9534,134.87,134.905
1230710,1600,134.88,135.58,134.7,135.355
1230711,1600,135.05,135.24,134.6835,134.9
1230712,1600,134.76,135.1895,134.76,135.18
1230713,1600,135.36,135.5804,134.6,134.88
1230714,1600,134.98,135.0631,134.492,134.725
1230717,1600,134.02,143.4057,134.02,134.795
1230718,1600,135.56,135.56,135.1118,135.53
1230719,1600,136.86,137.4608,136.86,137.255
1230720,1600,137.21,137.29,136.81,136.96
1230721,1600,136.49,137.4582,136.46,137.24
1230724,1600,137.21,137.7509,136.99,137.46
1230725,1600,136.66,136.75,136.34,136.345
1230726,1600,135.87,136.28,135.8308,135.83
1230727,1600,135.85,136.5843,135.37,135.975
1230728,1600,135.18,136.82,135.18,135.925
1230731,1600,135.91,136.1856,135.5508,135.965
1230801,1600,136.35,136.5221,136.1021,136.35
1230802,1600,136.45,136.5121,136.1,136.16
1230803,1600,136.02,137.44,135.5392,135.57
1230804,1600,135.47,135.6402,135.3005,135.885
1230807,1600,136.39,136.59,135.96,135.97
1230808,1600,136.78,137.7121,136.78,137.05
1230809,1600,136.66,137.36,136.63,137.385
1230810,1600,137.1,137.1,136.6778,136.955
1230811,1600,136.57,136.6695,135.9756,135.995
1230814,1600,135.83,136.1255,135.7405,135.805
1230815,1600,135.19,135.35,134.7605,135.215
1230816,1600,135.39,135.4,134.78,134.83
1230817,1600,134.02,134.4218,133.85,133.945
1230818,1600,135.19,135.19,134.56,134.78
1230821,1600,134.29,134.54,133.7505,133.745
1230822,1600,133.22,133.89,133.1979,133.79
1230823,1600,134.1,135.76,133.96,135.205
1230824,1600,135.67,135.96,135.5266,136.035
1230825,1600,136.39,136.49,135.8721,136.41
1230829,1600,136.54,138.05,135.25,137.21
1230830,1600,137.01,137.01,136.09,136.26
1230831,1600,136.61,137.18,136.4135,137.0
1230901,1600,137.03,137.0934,136.71,136.945
1230904,1600,136.74,136.74,136.3,136.545
1230905,1600,136.83,137.27,136.6,136.6
1230906,1600,136.66,137.0838,136.4018,136.86
1230907,1600,137.17,137.74,137.17,137.45
1230908,1600,137.96,137.96,137.6579,137.905
1230911,1600,136.94,137.02,136.6134,136.765
1230912,1600,136.96,137.57,136.96,137.4
1230913,1600,137.76,137.76,137.18,137.265
1230914,1600,137.7,138.3495,137.6608,138.34
1230915,1600,137.99,138.12,137.441,137.92
1230918,1600,137.77,138.067,137.6579,137.86
1230919,1600,138.21,138.2569,137.64,137.86
1230920,1600,138.2,138.2,137.8,137.98
1230921,1600,137.78,139.19,137.43,137.54
1230922,1600,137.84,138.4508,137.84,138.52
1230925,1600,138.31,138.4612,138.1,138.305
1230926,1600,138.36,138.77,138.242,138.64
1230927,1600,138.93,139.25,138.66,138.585
1230928,1600,138.33,138.33,137.0244,137.105
1230929,1600,137.6,138.38,137.3065,138.03
1231002,1600,137.38,137.9834,137.27,137.555
1231003,1600,138.07,138.2527,137.34,137.34
1231004,1600,136.58,136.96,136.2348,136.94
1231005,1600,136.95,137.38,136.93,137.01
1231006,1600,136.75,136.86,135.7031,135.68
1231009,1600,135.0,137.27,135.0,137.08
1231010,1600,137.0,137.0,136.34,136.73
1231011,1600,136.62,137.4182,136.5079,136.925
1231012,1600,137.13,137.39,136.96,137.17
1231013,1600,137.36,138.2369,137.1905,138.285
1231016,1600,137.48,137.6409,136.96,136.97
1231017,1600,136.85,137.0903,135.8442,135.825
1231018,1600,135.34,135.95,135.3134,135.52
1231019,1600,135.79,135.79,135.0725,135.13
1231020,1600,135.68,135.8436,134.9943,135.66
1231023,1600,134.6,135.15,134.4739,135.235
1231024,1600,135.15,135.7,135.1195,135.83
1231025,1600,136.23,136.393,135.53,135.59
1231026,1600,135.67,136.17,135.65,136.17
1231027,1600,136.19,136.5769,136.1692,136.135
1231030,1600,136.89,137.05,135.8277,135.9
1231031,1600,136.45,136.694,135.99,136.35
1231101,1600,135.72,137.0694,135.63,137.05
1231102,1600,137.36,138.1467,137.19,137.78
1231103,1600,137.64,137.9856,136.985,137.02
1231106,1600,136.54,136.54,135.9,135.805
1231107,1600,136.57,137.36,136.57,137.32
1231108,1600,137.61,138.1631,137.6,138.05
1231109,1600,138.45,138.45,137.7178,137.75
1231110,1600,138.04,138.4,137.6248,138.19
1231113,1600,137.54,137.55,136.7642,137.04
1231114,1600,137.11,137.36,136.65,136.65
1231115,1600,136.76,137.1,136.2719,136.295
1231116,1600,135.0,135.1165,134.7774,134.995
1231117,1600,135.82,135.95,134.81,135.0
1231120,1600,134.54,134.56,134.06,134.115
1231121,1600,134.56,134.6127,133.9918,134.465
1231122,1600,134.64,135.0965,134.4,134.915
1231123,1600,134.44,134.55,133.81,133.91
1231124,1600,133.91,133.91,132.84,132.86
1231127,1600,132.78,133.32,132.7,133.32
1231128,1600,133.74,133.83,133.3605,133.49
1231129,1600,134.46,134.46,133.91,134.3
1231130,1600,134.37,134.66,134.1,134.19
1231201,1600,134.23,134.66,133.9995,134.595
1231204,1600,134.94,135.19,134.64,134.855
1231205,1600,135.44,136.247,135.124,136.265
1231206,1600,136.17,136.85,136.0,136.79
1231207,1600,136.5,137.1,136.48,137.04
1231208,1600,136.98,136.98,136.27,136.27
1231211,1600,136.07,136.24,135.45,135.87
1231212,1600,136.97,136.97,136.2855,136.42
1231213,1600,137.24,137.48,137.0277,137.42
1231214,1600,138.72,138.72,137.21,137.375
1231215,1600,137.05,138.11,137.05,138.11
1231218,1600,138.02,138.6665,137.9595,138.21
1231219,1600,138.47,138.47,137.46,137.46
1231220,1600,138.62,139.07,138.3145,138.42
1231221,1600,139.21,139.5291,138.7239,139.13
1231222,1600,138.72,138.9,138.35,138.58
1231227,1600,138.2,138.57,138.13,138.13
1231228,1600,138.11,138.77,138.02,138.77
1231229,1600,138.32,138.62,138.0555,138.06
1240102,1600,137.99,139.02,137.297,139.02
1240103,1600,139.12,139.12,138.11,138.55
1240104,1600,138.52,138.52,137.5721,137.82
1240105,1600,137.74,137.74,136.99,137.3
1240108,1600,137.07,137.43,136.88,137.16
1240109,1600,136.95,137.53,136.7862,137.3
1240110,1600,137.69,137.69,137.3188,137.215
1240111,1600,137.61,137.61,136.95,137.16
1240112,1600,137.38,137.76,137.19,137.79
1240115,1600,137.66,137.85,137.377,137.7
1240116,1600,138.04,138.4543,137.88,137.88
1240117,1600,137.71,137.71,137.28,137.28
1240118,1600,137.11,137.3282,136.7862,136.82
1240119,1600,136.67,136.7145,136.53,136.54
1240122,1600,136.52,136.86,136.45,136.765
1240123,1600,136.39,136.8408,136.32,136.78
1240124,1600,136.8,137.0616,135.914,136.05
1240125,1600,136.02,136.82,135.97,136.77
1240126,1600,137.23,137.23,136.0634,136.415
1240129,1600,136.66,137.31,136.66,137.19
1240130,1600,138.39,138.39,137.5381,137.6
1240131,1600,138.31,138.34,137.87,138.38
1240201,1600,139.3,139.81,138.99,139.65
1240202,1600,138.45,138.73,138.1682,138.27
1240205,1600,137.96,138.59,137.8964,138.17
1240206,1600,138.36,138.36,138.017,138.05
1240207,1600,137.99,138.17,137.5054,137.945
1240208,1600,137.76,137.8035,137.3864,137.4
1240209,1600,137.16,137.4,136.84,136.84
1240212,1600,137.11,137.4,136.94,136.94
1240213,1600,136.79,137.51,135.83,136.23
1240214,1600,136.66,136.8188,136.32,136.89
1240215,1600,137.35,137.53,136.83,136.83
1240216,1600,136.62,136.63,136.2671,136.14
1240219,1600,135.76,136.18,135.76,136.13
1240220,1600,136.25,136.52,135.88,136.22
1240221,1600,136.19,136.49,136.06,136.06
1240222,1600,135.45,135.89,134.93,135.56
1240223,1600,135.25,135.73,134.97,135.73
1240226,1600,136.18,136.22,135.52,135.56
1240227,1600,135.6,135.7041,135.3632,135.4
1240228,1600,135.69,136.097,135.57,135.62
1240229,1600,136.07,136.68,135.4635,136.68
1240301,1600,136.42,136.88,136.312,136.88
1240304,1600,136.55,136.7708,136.02,136.18
1240305,1600,136.54,147.07,136.5135,136.58
1240306,1600,136.76,137.06,136.411,136.68
1240307,1600,137.0,137.0529,136.275,136.35
1240308,1600,136.63,136.63,135.71,135.89
1240311,1600,136.27,136.42,136.1543,136.31
1240312,1600,136.66,136.66,135.98,136.02
1240313,1600,136.09,136.16,135.56,135.58
1240314,1600,135.48,135.49,135.05,135.105
1240315,1600,135.36,135.36,134.85,135.09
1240318,1600,135.07,135.19,134.8667,134.935
1240319,1600,135.38,135.72,135.27,135.27
1240320,1600,135.58,135.87,135.58,135.635
1240321,1600,135.31,136.3291,135.1265,136.305
1240322,1600,137.34,137.71,137.3395,137.68
1240325,1600,137.69,137.7,136.76,136.76
1240326,1600,136.92,136.947,136.7147,136.9
1240327,1600,137.53,137.68,137.1105,137.56
1240328,1600,137.76,137.7852,137.2997,137.56
1240402,1600,137.39,137.39,136.378,136.46
1240403,1600,136.8,136.94,135.66,135.66
1240404,1600,135.91,136.03,135.6219,135.9
1240405,1600,136.64,136.68,136.03,136.03
1240408,1600,135.27,135.44,135.09,135.09
1240409,1600,135.44,135.51,135.1,135.55
1240410,1600,135.39,135.56,134.5221,135.4
1240411,1600,135.13,135.24,134.738,135.05
1240412,1600,135.26,136.9332,135.22,136.58
1240415,1600,135.97,136.0,135.22,135.385
1240416,1600,135.51,135.6633,134.88,135.31
1240417,1600,135.07,135.55,135.04,135.595
1240418,1600,135.97,135.97,135.31,135.31
1240419,1600,135.39,136.3,135.39,136.11
1240422,1600,136.07,137.01,136.07,136.81
1240423,1600,136.8,136.9051,135.9015,136.06
1240424,1600,135.62,135.8347,135.4,135.575
1240425,1600,135.0,135.07,134.278,134.55
1240426,1600,134.57,135.27,134.2486,135.21
1240429,1600,134.91,134.9212,134.5945,134.665
1240430,1600,134.72,134.91,134.4691,134.635
1240501,1600,135.04,135.2,134.63,135.035
1240502,1600,135.11,135.56,135.08,135.555
1240503,1600,135.36,136.02,135.1184,135.92
1240507,1600,136.3,136.83,136.3,136.855
1240508,1600,137.07,137.1764,136.8971,136.88
1240509,1600,136.93,137.0648,136.55,136.69
1240510,1600,136.77,136.87,136.47,136.56
1240513,1600,136.61,136.61,136.17,136.215
1240514,1600,136.32,136.7,136.05,136.08
1240515,1600,136.44,136.56,136.1682,136.27
1240516,1600,134.73,134.78,133.7735,133.715
1240517,1600,133.86,133.86,133.06,133.06
1240520,1600,132.99,133.06,132.5945,132.615
1240521,1600,132.65,132.99,132.61,132.85
1240522,1600,132.2,132.71,132.16,132.59
1240523,1600,132.4,132.95,132.11,132.12
1240524,1600,132.47,132.58,131.8735,131.95
1240528,1600,131.94,132.04,131.51,131.49
1240529,1600,131.1,131.2,130.85,131.05
1240530,1600,131.42,131.56,131.23,131.435
1240531,1600,131.74,132.05,131.4624,132.065
1240603,1600,131.96,132.55,131.96,132.305
1240604,1600,132.9,133.24,132.05,132.98
1240605,1600,132.95,133.888,132.95,133.62
1240606,1600,133.53,133.64,133.42,133.585
1240607,1600,133.55,133.58,132.8,133.045
1240610,1600,132.62,133.0,132.56,132.62
1240611,1600,132.92,132.92,132.62,132.765
1240612,1600,133.19,133.46,132.87,133.46
1240613,1600,133.59,134.36,133.41,134.29
1240614,1600,134.94,135.86,134.55,135.5
1240617,1600,135.26,135.6463,134.89,134.83
1240618,1600,134.6,135.19,134.6,135.3
1240619,1600,135.38,135.38,134.8698,135.025
1240620,1600,134.9,135.58,134.9,135.205
1240621,1600,135.77,136.03,135.6401,135.68
1240624,1600,135.65,135.76,135.01,135.01
1240625,1600,135.53,135.7,135.13,135.33
1240626,1600,135.11,135.44,135.11,135.36
1240627,1600,135.2,135.44,134.9335,135.41
1240628,1600,135.55,135.81,135.1289,135.17
1240701,1600,133.85,134.25,133.5365,133.81
1240702,1600,134.03,134.3309,133.87,133.73
1240703,1600,133.62,133.776,133.47,133.73
1240704,1600,134.45,134.6364,133.62,133.58
1240705,1600,133.03,134.07,133.03,134.095
1240708,1600,134.26,134.26,133.5,133.72
1240709,1600,133.88,134.04,133.87,133.9
1240710,1600,134.26,134.27,133.62,133.63
1240711,1600,133.74,134.1,133.38,134.07
1240712,1600,133.9,133.9,133.0954,133.21
1240715,1600,133.2,133.31,132.54,133.045
1240716,1600,133.32,133.67,133.32,133.555
1240717,1600,133.56,133.56,132.8978,133.23
1240718,1600,134.08,134.08,133.28,133.72
1240719,1600,134.05,134.05,133.53,133.72
1240722,1600,133.63,133.87,133.54,133.54
1240723,1600,133.64,133.81,133.4425,133.77
1240724,1600,134.11,134.11,133.64,133.86
1240725,1600,134.02,134.56,133.82,134.26
1240726,1600,134.39,134.83,134.06,134.685
1240729,1600,134.79,135.56,134.79,135.04
1240730,1600,135.07,135.4,134.8978,135.375
1240731,1600,135.68,136.07,135.52,135.925
1240801,1600,137.01,137.93,136.73,137.81
1240802,1600,138.08,139.8991,138.05,139.4
1240805,1600,140.87,141.416,139.92,140.015
1240806,1600,138.85,140.62,138.85,140.02
1240807,1600,139.36,139.73,138.796,138.88
1240808,1600,139.25,139.88,138.3,138.475
1240809,1600,138.36,138.96,138.1,138.61
1240812,1600,138.5,138.63,138.2167,138.57
1240813,1600,138.66,139.01,138.3931,138.74
1240814,1600,138.95,139.05,138.5718,139.05
1240815,1600,138.7,139.03,137.52,137.64
1240816,1600,137.98,137.98,137.52,137.37
1240819,1600,137.37,137.37,136.81,136.955
1240820,1600,136.89,137.06,136.65,137.05
1240821,1600,137.04,137.37,136.79,136.855
1240822,1600,136.89,136.89,135.98,136.085
1240823,1600,136.08,136.18,135.28,135.325
1240827,1600,135.3,135.41,134.6933,134.885
1240828,1600,135.25,135.45,134.89,135.48
1240829,1600,135.31,135.7542,135.02,135.34
1240830,1600,135.57,135.82,135.23,135.65
1240902,1600,135.33,135.33,134.938,135.065
1240903,1600,135.73,136.58,135.34,136.4
1240904,1600,136.52,136.6825,136.19,136.475
1240905,1600,136.74,137.05,136.5583,136.8
1240906,1600,137.24,137.92,136.8093,137.82
1240909,1600,137.47,138.15,137.41,138.21
1240910,1600,138.07,138.72,137.76,138.78
1240911,1600,138.97,139.7832,138.76,139.52
1240912,1600,139.19,139.19,138.4145,138.53
1240913,1600,138.5,138.5,137.9,138.075
1240916,1600,138.01,138.12,137.43,137.735
1240917,1600,137.72,138.02,137.6,137.88
1240918,1600,137.98,137.98,136.93,137.1
1240919,1600,136.68,136.75,136.0144,136.07
1240920,1600,135.89,136.0429,135.63,135.855
1240923,1600,135.37,136.18,134.78,134.87
1240924,1600,134.83,135.201,134.5045,134.99
1240925,1600,135.01,135.0654,134.47,134.84
1240926,1600,134.93,135.08,134.36,134.115
1240927,1600,134.75,134.9835,134.35,134.585
1240930,1600,134.66,134.89,134.3143,134.42
1241001,1600,134.62,136.382,134.6145,136.29
1241002,1600,136.16,136.16,135.47,135.705
1241003,1600,136.89,137.27,136.68,137.08
1241004,1600,136.69,136.69,135.5971,135.77
1241007,1600,135.11,135.6934,135.11,135.355
1241008,1600,135.52,135.68,134.71,135.26
1241009,1600,135.58,135.72,135.07,135.07
1241010,1600,135.1,135.48,134.82,135.265
1241011,1600,135.13,135.4,134.72,134.98
1241014,1600,134.78,135.03,134.5165,134.74
1241015,1600,135.09,135.34,134.895,135.1
1241016,1600,136.75,136.75,136.08,136.55
1241017,1600,136.54,136.55,135.5775,135.645
1241018,1600,135.01,135.53,134.9202,135.495
1241021,1600,135.42,135.71,135.01,135.165
1241022,1600,134.7,135.46,134.5,134.88
1241023,1600,134.93,135.01,134.5284,135.02
1241024,1600,135.48,135.48,134.6302,135.15
1241025,1600,134.93,135.53,134.76,134.945
1241028,1600,134.17,134.98,134.02,134.07
1241029,1600,134.35,134.4,133.497,133.565
1241030,1600,134.4,134.9227,134.0,134.22
1241031,1600,134.23,135.04,133.82,135.23
1241101,1600,134.74,135.44,133.7861,133.905
1241104,1600,133.84,134.3721,133.84,134.245
1241105,1600,134.06,134.07,133.0235,133.105
1241106,1600,134.55,134.78,133.49,133.555
1241107,1600,134.13,134.13,133.07,133.455
1241108,1600,134.22,134.7922,133.94,134.645
1241111,1600,134.56,134.87,134.487,134.725
1241112,1600,135.27,135.4032,134.8648,135.505
1241113,1600,135.39,135.957,135.255,135.59
1241114,1600,132.76,133.5347,132.34,132.98
1241115,1600,133.54,133.8975,133.09,133.41
1241118,1600,133.55,133.85,133.42,133.505
1241119,1600,133.87,134.6843,133.87,133.81
1241120,1600,133.45,134.22,133.2,134.22
1241121,1600,134.51,134.51,133.84,134.405
1241122,1600,134.5,135.7981,134.5,135.37
1241125,1600,135.33,136.0703,135.2087,136.0
1241126,1600,135.98,136.11,135.6662,135.95
1241127,1600,136.0,136.18,135.23,135.23
1241128,1600,135.96,135.96,134.76,135.315
1241129,1600,134.96,135.7255,134.96,135.38
1241202,1600,135.82,136.28,135.19,136.26
1241203,1600,135.86,136.145,135.5526,135.84
1241204,1600,135.07,135.8111,135.066,135.38
1241205,1600,135.34,135.42,134.74,134.995
1241206,1600,135.26,135.8,134.9555,135.45
1241209,1600,135.4,135.56,134.74,134.97
1241210,1600,135.21,135.21,134.8,134.905
1241211,1600,135.09,135.117,134.8575,134.78
1241212,1600,134.92,135.14,134.21,134.9
1241213,1600,135.32,135.4545,134.93,134.96
1241216,1600,134.88,135.02,133.83,133.83
1241217,1600,133.91,134.1,133.56,133.98
1241218,1600,133.94,134.19,133.48,134.025
1241219,1600,133.49,134.27,133.0468,134.12
1241220,1600,135.32,135.32,134.24,134.24
1241223,1600,134.12,134.59,133.9793,134.43
1241224,1600,134.64,134.64,133.38,133.82
1241227,1600,134.25,134.49,133.48,133.48
1241230,1600,133.68,134.7872,133.2954,134.74
1241231,1600,133.92,134.9,133.92,134.66
1250102,1600,134.58,136.42,134.55,136.21
1250103,1600,136.46,136.91,135.72,135.7
1250106,1600,134.99,135.04,134.1375,134.185
1250107,1600,133.95,134.13,133.62,133.9
1250108,1600,134.34,135.67,134.1875,135.465
1250109,1600,137.19,138.02,135.9625,136.64
1250110,1600,136.29,136.29,135.72,136.49
1250113,1600,136.63,137.3044,136.5,136.5
1250114,1600,136.49,136.76,135.92,136.22
1250115,1600,135.88,136.92,135.88,136.945
1250116,1600,137.42,137.6819,137.2509,137.575
1250117,1600,138.48,138.6324,138.03,138.07
1250120,1600,137.6,138.0855,136.92,137.13
1250121,1600,137.51,137.91,137.04,137.04
1250122,1600,137.05,137.13,136.56,136.8
1250123,1600,136.85,137.19,136.18,136.18
1250124,1600,136.07,136.07,134.95,134.95
1250127,1600,135.96,136.25,135.33,135.74
1250128,1600,136.13,136.2,135.8,135.99
1250129,1600,136.5,136.81,136.26,136.275
1250130,1600,135.74,136.75,135.74,136.05
1250131,1600,136.23,137.1283,136.23,136.52
1250203,1600,137.17,138.43,136.485,136.74
1250204,1600,136.38,136.38,135.7274,135.94
1250205,1600,135.89,136.76,135.89,136.6
1250206,1600,137.16,137.75,136.93,137.24
1250207,1600,136.96,137.28,136.2145,137.245
1250210,1600,137.05,137.7446,136.9572,137.545
1250211,1600,137.02,137.86,136.65,136.675
1250212,1600,136.28,136.4235,135.37,135.685
1250213,1600,135.12,135.71,135.11,135.36
1250214,1600,135.14,135.51,134.77,135.51
1250217,1600,135.01,135.5,135.01,135.08
1250218,1600,134.65,135.14,134.64,134.77
1250219,1600,134.46,134.95,134.3248,134.88
1250220,1600,134.91,135.29,134.781,134.85
1250221,1600,134.69,135.24,134.5431,135.15
1250224,1600,135.15,136.04,135.15,135.73
1250225,1600,136.83,136.83,136.1896,136.605
1250226,1600,136.6,136.67,136.0852,136.23
1250227,1600,136.51,137.13,136.2996,137.14
1250228,1600,137.9,138.1648,137.52,138.1
1250303,1600,137.95,138.1601,136.81,137.2
1250304,1600,137.59,138.17,137.16,137.8
1250305,1600,135.51,135.97,134.85,135.17
1250306,1600,133.62,134.66,133.62,133.86
1250307,1600,133.94,135.2,133.92,134.63
1250310,1600,134.53,135.08,134.39,135.07
1250311,1600,135.57,135.57,134.16,134.355
1250312,1600,134.12,134.41,133.297,133.3
1250313,1600,133.58,133.98,133.4351,133.85
1250314,1600,134.2,134.44,133.74,134.275
1250317,1600,134.17,134.17,133.45,133.8
1250318,1600,133.57,133.5926,133.0947,133.435
1250319,1600,133.86,133.93,133.56,133.56
1250320,1600,134.39,135.2,134.12,134.46
1250321,1600,134.78,135.32,134.59,134.955
1250324,1600,134.19,134.37,133.9,134.275
1250325,1600,133.94,134.1,133.38,134.04
1250326,1600,134.09,134.71,134.09,134.27
1250327,1600,134.0,134.15,131.67,133.4
1250328,1600,134.07,134.616,133.7481,134.53
1250331,1600,135.21,135.45,134.887,135.225
1250401,1600,135.49,136.25,135.3,135.825
1250402,1600,135.61,136.03,135.2,135.2
1250403,1600,135.16,135.35,134.0,135.13
1250404,1600,136.4,139.12,136.39,137.97
1250407,1600,138.64,140.5175,137.2781,138.41
1250408,1600,137.83,138.09,135.88,137.41
1250409,1600,134.78,136.0103,134.34,135.33
1250410,1600,134.9,135.58,134.0,134.0
1250411,1600,132.54,133.27,130.5955,131.23
1250414,1600,131.06,131.62,130.08,131.175
1250415,1600,131.46,131.46,130.8399,131.28
1250416,1600,130.67,131.91,130.67,131.615
1250417,1600,131.88,132.0444,131.5375,131.57
1250422,1600,129.43,129.97,129.11,129.6
1250423,1600,130.57,131.29,130.39,130.985
1250424,1600,131.09,131.09,130.6029,130.975
1250425,1600,130.91,131.73,130.91,131.365
1250428,1600,131.52,131.8,130.89,130.94
1250429,1600,131.11,131.58,130.7,131.48
1250430,1600,131.5,132.535,130.99,132.425
1250501,1600,133.21,133.55,132.38,132.36
1250502,1600,131.86,132.57,131.3712,131.445
1250506,1600,131.43,131.56,130.0815,130.38
1250507,1600,130.87,131.18,130.84,131.18
1250508,1600,131.79,132.01,131.2,131.39
1250509,1600,131.61,131.61,131.0381,131.12
1250512,1600,130.65,131.67,129.77,131.27
1250513,1600,131.0,131.3,130.21,130.205
1250514,1600,129.94,130.16,129.518,129.63
1250515,1600,127.52,127.77,126.38,127.73
1250516,1600,127.71,128.41,127.71,128.23
1250519,1600,127.12,127.48,125.962,126.73
1250520,1600,127.11,127.5,126.6653,126.91
1250521,1600,125.18,126.37,125.18,125.61
1250522,1600,125.76,126.13,124.91,125.695
1250523,1600,125.84,126.192,125.3548,125.46
1250527,1600,125.33,126.12,125.2003,125.82
1250528,1600,126.15,126.33,125.65,126.09
1250529,1600,125.61,126.31,125.46,126.22
1250530,1600,126.78,126.94,126.24,126.82
1250602,1600,125.95,126.39,125.67,125.73
1250603,1600,125.99,126.62,125.89,125.91
1250604,1600,125.77,126.477,125.69,126.2
1250605,1600,126.36,126.61,125.93,125.9
1250606,1600,126.37,126.55,125.58,125.68
1250609,1600,125.33,125.63,125.0084,125.32
1250610,1600,126.39,126.56,125.82,125.98
1250611,1600,126.34,126.52,125.75,125.93
1250612,1600,126.31,126.36,126.0,126.205
1250613,1600,127.18,127.23,125.68,125.68
1250616,1600,125.44,125.89,125.44,125.76
1250617,1600,125.86,126.62,125.85,126.62
1250618,1600,126.97,127.73,126.95,127.64
1250619,1600,127.88,127.89,127.2676,127.725
1250620,1600,127.64,127.77,126.634,127.26
1250623,1600,127.34,128.582,127.34,127.74
1250624,1600,127.04,127.04,126.39,126.77
1250625,1600,126.96,127.06,126.5,126.675
1250626,1600,126.37,126.43,125.804,126.03
1250627,1600,126.26,126.356,125.94,126.22
1250630,1600,125.97,126.74,125.97,126.52
1250701,1600,126.4,126.76,126.17,126.41
1250702,1600,126.26,127.5,126.07,127.065
1250703,1600,127.25,127.25,126.24,126.33
1250704,1600,126.36,126.84,126.14,126.43
1250707,1600,126.61,126.98,125.9782,125.98
1250708,1600,126.2,126.78,125.89,126.47
1250709,1600,126.18,126.61,126.18,126.615
1250710,1600,126.93,127.22,126.6,126.985
1250711,1600,127.39,127.46,126.9561,127.23
1250714,1600,127.96,128.16,127.19,127.46
1250715,1600,127.88,127.97,127.53,127.59
1250716,1600,127.49,128.15,127.09,127.145
1250717,1600,127.98,128.15,127.69,127.92
1250718,1600,127.9,127.9,127.43,127.78
1250721,1600,128.19,128.21,127.78,127.87
1250722,1600,128.57,128.57,127.62,128.0
1250723,1600,127.49,127.6,127.07,127.135
1250724,1600,127.12,127.37,126.75,127.12
1250725,1600,127.52,128.25,127.52,128.13
1250728,1600,128.25,128.62,128.09,128.3
1250729,1600,129.21,129.67,128.79,129.52
1250730,1600,129.66,129.95,129.3478,129.925
1250731,1600,130.44,131.12,130.24,130.76
1250801,1600,130.74,131.56,130.54,131.61
1250804,1600,131.42,131.56,130.96,131.525
1250805,1600,131.71,132.28,131.36,131.59
1250806,1600,131.31,131.4,130.87,130.89
1250807,1600,130.62,131.17,130.0392,130.255
1250808,1600,129.73,130.0,129.42,129.48
1250811,1600,129.33,130.03,129.33,129.97
1250812,1600,129.52,129.69,128.9,128.78
1250813,1600,128.96,128.9885,128.53,128.76
1250814,1600,129.08,129.1708,128.71,128.79
1250815,1600,128.61,129.01,128.3,128.33
1250818,1600,128.62,129.1,128.32,128.395
1250819,1600,128.74,129.12,128.42,128.925
1250820,1600,128.92,129.6,128.81,129.42
1250821,1600,129.66,129.86,129.25,129.52
1250822,1600,129.71,129.86,129.06,129.275
1250826,1600,129.4,129.76,129.38,129.64
1250827,1600,129.98,130.27,129.64,129.91
1250828,1600,130.09,130.2,129.73,129.92
1250829,1600,130.43,130.57,129.78,129.84
1250901,1600,129.77,129.77,129.38,129.53
1250902,1600,129.26,130.96,129.26,130.68
1250903,1600,130.67,131.0436,130.32,130.68
1250904,1600,131.02,131.25,130.8,131.15
1250905,1600,131.3,131.5,130.924,131.285
1250908,1600,131.16,131.42,131.1,131.32
1250909,1600,131.16,131.23,130.69,131.06
1250910,1600,131.18,131.35,130.87,131.215
1250911,1600,131.57,131.85,131.34,131.34
1250912,1600,131.38,131.57,130.92,130.92
1250915,1600,131.01,131.09,130.44,130.99
1250916,1600,130.75,130.76,130.34,130.4
1250917,1600,130.5,130.89,130.29,130.29
1250918,1600,130.92,131.32,130.29,130.78
1250919,1600,130.42,131.55,130.42,131.26
1250922,1600,131.2,131.52,130.98,130.98
1250923,1600,131.07,131.54,130.79,130.83
1250924,1600,131.5,131.78,130.9939,131.5
1250925,1600,131.45,132.14,131.29,132.01
1250926,1600,132.16,132.59,131.55,131.505
1250929,1600,131.68,131.82,131.26,131.74
1250930,1600,131.83,131.92,131.56,131.645
1251001,1600,131.35,131.94,131.05,131.35
1251002,1600,131.72,132.3,131.41,132.24
1251003,1600,132.32,132.32,131.6,131.6
1251006,1600,131.53,131.96,131.15,131.215
1251007,1600,131.46,131.89,131.01,131.765
1251008,1600,132.55,132.5501,131.95,132.225
1251009,1600,132.62,133.15,132.3434,133.08
1251010,1600,133.54,133.9,133.21,133.3
1251013,1600,133.55,134.13,133.25,133.55
1251014,1600,134.58,134.92,134.1,134.165
1251015,1600,133.98,134.45,133.51,133.495
1251016,1600,133.8,133.8,132.56,133.01
1251017,1600,133.37,134.32,133.07,133.615
1251020,1600,133.03,133.582,133.03,133.36
1251021,1600,133.87,134.47,133.83,134.16
1251022,1600,134.77,134.99,134.21,134.27
1251023,1600,134.54,134.67,134.22,134.51
1251027,1600,134.38,134.66,133.94,134.325
1251028,1600,134.59,135.21,134.41,134.91
1251029,1600,134.97,135.87,134.97,135.365
1251030,1600,135.62,135.6201,134.91,135.42
1251031,1600,135.87,136.08,135.17,135.47
1251103,1600,135.78,135.8575,135.26,135.29
1251104,1600,135.87,136.69,135.5875,136.62
1251105,1600,136.97,137.4,136.0,136.0
1251106,1600,135.88,136.24,135.58,136.11
1251107,1600,135.74,136.1,135.4,135.655
1251110,1600,134.96,135.47,134.76,135.26
1251111,1600,135.62,135.68,135.25,135.52
1251112,1600,135.68,136.44,135.54,136.03
1251113,1600,137.99,137.99,132.3,132.36
1251114,1600,132.71,133.18,132.27,132.54
1251117,1600,132.36,132.72,132.202,132.42
1251118,1600,132.86,133.0418,132.66,132.8
1251119,1600,132.9,133.6,132.83,133.625
1251120,1600,133.53,133.71,133.28,133.61
1251121,1600,133.98,134.61,133.71,134.015
1251124,1600,133.99,134.31,133.8532,133.94
1251125,1600,133.95,134.2,133.51,133.61
1251126,1600,133.06,134.1,133.0,133.085
1251127,1600,133.91,133.91,132.85,133.06
1251128,1600,134.81,134.81,132.8,132.92
1251201,1600,133.65,133.65,132.25,132.515
1251202,1600,133.3,133.3,132.4747,132.85
1251203,1600,132.5,132.61,131.46,131.49
1251204,1600,130.9,131.57,130.9,131.22
1251205,1600,131.26,131.39,130.9981,131.18
1251208,1600,130.51,131.19,130.51,130.8
1251209,1600,130.54,131.4,130.3,130.84
1251210,1600,130.73,130.94,130.5156,130.78
1251211,1600,130.83,130.88,130.21,130.4
1251212,1600,130.46,130.63,130.3,130.56
1251215,1600,130.65,130.67,130.32,130.5
1251216,1600,131.17,131.17,129.788,130.1
1251217,1600,131.3,131.46,130.43,130.52
1251218,1600,130.99,131.27,130.32,130.94
1251219,1600,131.62,131.6204,130.44,130.87
1251222,1600,130.86,130.86,129.88,129.94
1251223,1600,129.69,129.69,129.27,129.56
1251224,1600,130.0,130.0003,129.24,129.12
1251229,1600,130.21,130.77,129.54,130.08
1251230,1600,130.03,130.269,129.8,130.2
1251231,1600,130.55,130.83,130.33,130.33
1260102,1600,130.49,130.64,129.01,129.585
1260105,1600,129.63,130.37,129.45,129.45
1260106,1600,129.04,129.55,129.0,129.46
1260107,1600,129.84,130.16,129.8,130.09
1260108,1600,130.54,130.63,130.1,130.27
1260109,1600,130.22,130.67,130.06,130.5
1260112,1600,130.1,130.13,129.58,129.835
1260113,1600,129.71,130.29,129.53,130.15
1260114,1600,130.33,130.5,130.15,130.45
1260115,1600,130.03,131.32,130.03,130.88
1260116,1600,130.72,130.81,130.43,130.43
1260119,1600,130.32,130.32,129.66,129.595
1260120,1600,128.99,129.41,128.83,129.14
1260121,1600,129.51,129.74,129.14,129.49
1260122,1600,129.78,130.15,128.92,128.92
1260123,1600,129.79,129.85,128.28,128.28
1260126,1600,128.06,128.12,127.43,127.445
1260127,1600,127.7,127.78,126.72,126.72
1260128,1600,126.56,126.6704,126.24,126.54
1260129,1600,125.93,127.09,125.81,126.57
1260130,1600,126.46,127.22,126.37,127.17
1260202,1600,127.86,128.37,127.44,127.59
1260203,1600,127.05,127.47,126.98,127.06
1260204,1600,126.95,127.62,126.8,127.555
1260205,1600,127.99,129.4,127.88,129.24
1260206,1600,129.34,129.34,128.5838,128.64
1260209,1600,128.68,128.73,127.93,128.135
1260210,1600,128.32,128.8804,128.25,128.76
1260211,1600,128.74,128.87,128.28,128.77
1260212,1600,128.92,129.56,128.73,129.38
1260213,1600,129.57,130.27,129.41,129.96
1260216,1600,130.02,130.32,129.8286,130.2
1260217,1600,130.98,131.4828,130.69,131.0
1260218,1600,130.5,131.128,130.41,130.66
1260219,1600,130.81,131.66,130.73,131.46
1260220,1600,131.68,131.87,130.9135,131.17
1260223,1600,131.14,131.64,130.94,131.62
1260224,1600,131.76,131.92,131.28,131.4
1260225,1600,131.27,131.5292,131.11,131.11
1260226,1600,131.28,131.75,131.06,131.68
1260227,1600,132.2,132.83,131.63,132.68
1260302,1600,133.69,133.61,132.45,132.88
1260303,1600,133.08,133.85,132.8,133.225
1260304,1600,132.83,132.83,132.35,132.65
1260305,1600,132.52,132.98,132.02,132.56
1260309,1600,131.88,132.17,131.69,131.81
1260310,1600,131.48,131.66,131.33,131.46
1260311,1600,131.41,131.51,130.9128,131.1
1260312,1600,131.17,131.82,131.0,131.33
1260313,1600,131.68,132.26,131.68,132.1
1260316,1600,132.28,132.35,131.82,131.94
1260317,1600,132.48,132.48,131.68,131.955
1260318,1600,132.06,132.17,131.77,131.84
1260319,1600,131.83,132.57,130.81,130.89
1260320,1600,130.54,130.93,130.25,130.445
1260323,1600,130.28,130.5,129.07,129.81
1260324,1600,129.52,129.99,129.52,129.765
1260325,1600,129.93,130.5,129.9,130.39
1260326,1600,130.27,130.41,130.04,130.04
1260327,1600,129.99,130.34,129.7,130.365
1260330,1600,130.76,132.32,130.76,132.22
1260331,1600,132.01,132.48,131.72,132.155
1260401,1600,132.03,132.2,131.08,131.33
1260402,1600,131.51,132.4305,131.51,132.145
1260407,1600,131.6,132.19,131.4105,131.47
1260408,1600,131.05,131.24,130.37,130.545
1260409,1600,130.81,131.01,130.342,130.4
1260410,1600,130.59,130.68,129.95,130.08
1260413,1600,130.16,130.34,129.88,129.89
1260414,1600,129.84,129.86,128.92,129.345
1260415,1600,129.72,129.75,129.29,129.23
1260416,1600,129.46,129.84,129.39,129.59
1260417,1600,129.64,129.95,129.47,129.895
1260420,1600,130.04,130.32,129.95,129.95
1260421,1600,130.17,130.42,129.73,129.88
1260422,1600,129.93,130.28,129.7,129.955
1260423,1600,129.97,130.15,129.69,130.0
1260424,1600,130.1,130.23,129.67,129.85
1260427,1600,129.51,129.53,129.13,129.17
1260428,1600,129.53,129.8,129.28,129.45
1260429,1600,129.75,129.75,129.12,129.15
1260430,1600,129.31,129.8,128.38,128.38
1260501,1600,128.16,128.81,127.92,128.14
1260505,1600,128.55,128.64,128.34,128.43
1260506,1600,128.5,128.76,128.39,128.66
1260507,1600,128.85,128.93,128.4977,128.505
1260508,1600,128.64,128.73,128.32,128.41
1260511,1600,128.43,128.53,127.9569,127.96
1260512,1600,128.56,128.92,128.47,128.63
1260513,1600,128.57,128.83,128.31,128.31
1260514,1600,128.61,129.14,128.54,129.11
1260515,1600,129.58,129.86,129.19,129.48
1260518,1600,128.82,129.05,128.57,128.57
1260519,1600,128.56,128.7,127.97,127.945
1260520,1600,128.23,128.44,128.1,128.26
1260521,1600,125.75,126.17,125.43,125.84
1260522,1600,126.06,126.22,125.65,125.65
1260526,1600,125.86,126.4,125.84,126.345
1260527,1600,126.47,126.86,126.46,126.82
1260528,1600,126.77,127.75,126.6,126.86
1260529,1600,126.95,127.26,126.66,126.7
1260601,1600,126.5,126.8,126.36,126.39
1260602,1600,126.75,126.93,126.52,126.58
1260603,1600,126.59,126.83,126.44,126.57
1260604,1600,126.79,126.92,126.63,126.885
1260605,1600,126.88,126.95,126.4035,126.75
1260608,1600,126.93,127.16,126.77,126.975
1260609,1600,126.87,126.95,126.43,126.62
1260610,1600,126.81,126.87,126.56,126.765
1260611,1600,126.85,127.47,126.73,127.34
1260612,1600,127.27,127.56,126.96,126.995
1260615,1600,127.17,127.47,127.03,127.15
1260616,1600,127.47,127.91,126.71,127.3
1260617,1600,127.56,127.81,127.45,127.66
1260618,1600,128.32,129.26,128.0,129.14
1260619,1600,129.18,129.47,128.65,128.76
1260622,1600,128.87,129.24,128.37,128.455
1260623,1600,128.72,129.21,128.67,129.17
1260624,1600,129.28,130.34,129.2,130.15
1260625,1600,130.12,130.47,129.88,129.97
1260626,1600,130.25,130.32,129.8,130.125
1260629,1600,130.01,130.18,129.66,129.66
1260630,1600,129.95,130.1,129.22,129.295
1260701,1600,129.13,129.23,128.6706,128.76
1260702,1600,128.38,128.45,127.707,128.02
1260703,1600,127.94,128.02,127.78,127.915
1260706,1600,128.21,128.4106,127.9007,127.925
1260707,1600,127.61,127.81,127.35,127.495
1260708,1600,127.32,127.42,126.83,126.9
1260709,1600,126.59,127.0769,126.55,127.03
1260710,1600,126.97,127.15,126.8358,126.875
1260713,1600,126.93,127.07,126.65,126.82
1260714,1600,126.73,126.95,126.62,126.99
1260715,1600,126.46,126.81,126.34,126.24
1260716,1600,125.72,126.18,125.62,126.11
1260717,1600,126.52,127.16,126.49,126.8
1260720,1600,126.4,126.71,126.3,126.62
1260721,1600,126.45,126.9,126.3,126.76
1260722,1600,126.63,126.84,126.32,126.455
1260723,1600,126.44,126.75,126.3,126.69
1260724,1600,126.63,127.0,126.4,126.86
1260727,1600,126.98,127.33,126.92,127.3
1260728,1600,127.65,127.86,127.49,127.8
1260729,1600,127.7,127.85,127.42,127.56
1260730,1600,126.62,126.78,125.98,125.92
1260731,1600,126.07,126.23,125.15,125.26
1260803,1600,125.49,126.02,125.29,125.91
1260804,1600,125.96,126.31,125.61,126.235
1260805,1600,126.42,126.47,126.02,126.14
1260806,1600,126.34,126.42,125.98,126.06
1260807,1600,125.99,126.24,125.71,125.755
1260810,1600,125.77,125.85,125.08,125.16
1260811,1600,125.07,125.52,124.94,125.27
1260812,1600,125.44,125.61,125.3,125.585
1260813,1600,125.78,126.21,125.7,125.995
1260814,1600,125.97,125.99,125.21,125.21
1260817,1600,125.2,125.36,124.82,125.0
1260818,1600,125.05,125.14,124.87,125.095
1260819,1600,125.28,125.38,124.76,124.86
1260820,1600,124.98,125.08,124.22,124.285
1260821,1600,124.22,124.39,124.07,124.085
1260824,1600,124.22,124.46,124.03,124.37
1260825,1600,124.46,124.88,124.25,124.87
1260826,1600,124.87,125.21,124.81,125.16
1260827,1600,125.38,125.56,125.05,125.21
1260828,1600,125.08,125.47,124.9,125.0
1260901,1600,124.62,124.79,124.42,124.78
1260902,1600,124.77,125.18,124.59,124.76
1260903,1600,125.19,125.26,124.94,125.02
1260904,1600,124.79,125.04,124.68,124.83
1260907,1600,124.43,125.15,124.3,124.36
1260908,1600,124.47,124.7,124.37,124.47
1260909,1600,124.29,124.48,124.0,124.05
1260910,1600,124.1,124.16,123.44,123.53
1260911,1600,123.42,123.68,123.29,123.43
1260914,1600,123.53,123.68,123.2284,123.56
1260915,1600,123.15,123.37,122.97,123.35
1260916,1600,123.39,123.96,123.27,123.92
1260918,1600,124.98,125.02,124.76,124.76
