1020730,1600,81.94,82.12,81.7,81.77
1020731,1600,82.05,82.58,82.05,82.52
1020801,1600,82.54,82.9,82.52,82.86
1020802,1600,83.02,83.7,82.9,83.5
1020805,1600,83.68,83.92,83.53,83.92
1020806,1600,83.51,83.51,83.03,83.24
1020807,1600,83.19,83.65,83.1,83.5
1020808,1600,83.33,83.4,83.09,83.21
1020809,1600,83.32,83.88,83.32,83.83
1020812,1600,84.1,84.28,83.95,84.0
1020813,1600,84.32,84.74,84.06,84.67
1020814,1600,84.99,85.23,84.36,84.42
1020815,1600,84.0,84.33,83.75,83.93
1020816,1600,84.25,84.27,83.27,83.38
1020819,1600,83.51,83.51,83.13,83.46
1020820,1600,83.8,84.23,83.7,84.23
1020821,1600,83.78,84.04,83.7,84.02
1020822,1600,83.8,83.8,83.5,83.57
1020823,1600,83.72,84.0,83.66,83.95
1020826,1600,83.92,84.2,83.87,83.99
1020827,1600,83.75,83.93,83.57,83.74
1020828,1600,84.09,84.17,84.0,84.05
1020829,1600,84.57,84.59,84.33,84.44
1020830,1600,84.58,84.64,84.3,84.6
1020903,1600,85.09,85.6,85.0,85.23
1020904,1600,85.16,85.45,85.08,85.2
1020905,1600,85.6,85.65,85.19,85.54
1020906,1600,85.09,85.25,84.84,84.88
1020909,1600,84.94,85.15,84.75,84.76
1020910,1600,84.71,85.21,84.66,85.06
1020911,1600,84.61,84.75,84.49,84.75
1020912,1600,84.8,85.23,84.8,85.19
1020913,1600,85.38,85.65,85.29,85.59
1020916,1600,85.71,85.92,85.62,85.62
1020917,1600,85.4,85.96,85.4,85.9
1020918,1600,85.92,86.22,85.91,86.0
1020919,1600,86.42,86.47,86.12,86.43
1020920,1600,86.3,86.48,86.2,86.4
1020923,1600,86.88,87.06,86.72,86.89
1020924,1600,87.06,87.45,86.88,87.2
1020925,1600,86.7,86.99,86.4,86.54
1020926,1600,86.33,86.59,86.06,86.48
1020927,1600,86.58,87.05,86.51,87.05
1020930,1600,87.4,87.7,87.31,87.56
1021001,1600,86.76,87.02,86.54,86.54
1021002,1600,86.57,86.86,86.38,86.83
1021003,1600,86.85,86.87,86.42,86.78
1021004,1600,86.17,86.96,86.16,86.87
1021007,1600,87.18,87.26,86.95,87.21
1021008,1600,86.93,87.5,86.87,87.05
1021009,1600,87.44,87.49,87.17,87.49
1021010,1600,87.4,87.47,86.9,86.99
1021011,1600,86.68,86.77,86.18,86.37
1021014,1600,86.6,86.6,86.13,86.3
1021015,1600,85.34,85.58,84.8,84.85
1021016,1600,84.93,85.22,84.81,84.85
1021017,1600,84.22,84.54,84.22,84.4
1021018,1600,84.41,84.71,83.88,84.65
1021021,1600,84.7,84.7,83.98,84.0
1021022,1600,84.05,84.18,83.87,83.96
1021023,1600,84.2,84.5,84.05,84.14
1021024,1600,84.05,84.71,83.92,84.54
1021025,1600,84.96,84.96,84.73,84.91
1021028,1600,85.11,85.22,85.0,85.01
1021029,1600,85.42,86.11,85.33,85.78
1021030,1600,85.63,85.98,85.58,85.77
1021031,1600,85.65,86.7,85.61,86.21
1021101,1600,85.73,85.76,85.09,85.4
1021104,1600,84.95,85.13,84.81,85.13
1021105,1600,85.0,85.0,84.75,84.9
1021106,1600,84.66,85.65,84.66,85.18
1021107,1600,85.68,86.07,85.55,86.01
1021108,1600,86.09,86.22,85.99,86.22
1021111,1600,86.1,86.44,86.1,86.44
1021112,1600,86.46,86.49,86.12,86.17
1021113,1600,86.13,86.37,86.1,86.27
1021114,1600,85.66,85.71,85.19,85.19
1021115,1600,84.9,85.25,84.65,85.25
1021118,1600,85.13,85.44,85.05,85.33
1021119,1600,85.62,85.67,85.32,85.4
1021120,1600,85.59,85.6,84.81,84.93
1021121,1600,84.57,84.65,84.24,84.44
1021122,1600,84.55,84.56,84.26,84.34
1021125,1600,84.5,84.51,84.2,84.21
1021126,1600,84.54,84.98,84.46,84.97
1021127,1600,84.57,84.61,83.75,84.0
1021129,1600,83.97,84.16,83.89,84.12
1021202,1600,83.0,83.65,82.99,83.57
1021203,1600,83.82,83.82,83.4,83.56
1021204,1600,83.94,83.98,83.74,83.85
1021205,1600,83.64,84.22,83.64,84.08
1021206,1600,84.82,84.82,84.15,84.42
1021209,1600,84.5,84.79,84.41,84.74
1021210,1600,84.7,84.79,84.54,84.67
1021211,1600,84.96,85.14,84.79,84.95
1021212,1600,84.9,85.13,84.82,85.02
1021213,1600,84.98,84.98,84.57,84.71
1021216,1600,84.79,84.8,84.33,84.36
1021217,1600,84.65,84.65,84.39,84.56
1021218,1600,84.88,85.08,84.84,85.08
1021219,1600,85.21,85.6,85.09,85.52
1021220,1600,85.46,85.58,85.37,85.52
1021223,1600,85.37,85.53,85.22,85.47
1021224,1600,85.83,85.88,85.78,85.79
1021226,1600,85.8,85.92,85.69,85.92
1021227,1600,86.27,86.54,86.15,86.43
1021230,1600,86.44,86.76,86.41,86.59
1021231,1600,86.27,86.46,86.08,86.15
1030102,1600,85.6,85.74,84.74,84.79
1030103,1600,84.7,84.93,84.6,84.93
1030106,1600,84.8,84.8,84.51,84.72
1030107,1600,84.72,85.04,84.68,84.99
1030108,1600,85.17,85.3,85.12,85.19
1030109,1600,84.58,84.62,84.06,84.16
1030110,1600,84.56,84.61,84.02,84.25
1030113,1600,84.2,84.46,84.14,84.4
1030114,1600,84.6,84.69,84.54,84.6
1030115,1600,84.76,85.04,84.72,84.79
1030116,1600,84.66,84.8,84.32,84.76
1030117,1600,85.15,85.22,85.06,85.11
1030121,1600,84.93,85.4,84.93,85.4
1030122,1600,85.55,85.75,85.45,85.75
1030123,1600,85.43,85.71,85.43,85.57
1030124,1600,85.8,86.03,85.69,85.74
1030127,1600,85.63,85.69,85.4,85.48
1030128,1600,85.44,85.5,85.12,85.49
1030129,1600,85.53,85.53,85.0,85.12
1030130,1600,85.0,85.51,84.94,85.45
1030131,1600,85.62,85.62,85.25,85.49
1030203,1600,85.25,85.3,84.86,85.08
1030204,1600,85.39,85.42,85.22,85.36
1030205,1600,85.26,85.41,84.8,85.03
1030206,1600,85.28,85.43,85.25,85.36
1030207,1600,85.09,85.49,85.02,85.4
1030210,1600,85.4,85.48,85.12,85.24
1030211,1600,85.16,85.35,85.02,85.32
1030212,1600,85.46,85.69,85.38,85.69
1030213,1600,85.8,86.26,85.74,86.0
1030214,1600,85.81,85.9,85.5,85.7
1030218,1600,85.52,85.7,85.37,85.7
1030219,1600,85.8,86.06,85.8,86.02
1030220,1600,86.02,86.35,85.97,86.32
1030221,1600,86.27,86.29,85.97,86.0
1030224,1600,86.29,86.37,86.14,86.34
1030225,1600,86.56,86.76,86.45,86.46
1030226,1600,86.51,86.78,86.45,86.72
1030227,1600,86.7,86.83,86.52,86.8
1030228,1600,86.75,87.15,86.61,87.09
1030303,1600,86.81,87.08,86.78,87.03
1030304,1600,87.02,87.24,86.97,87.2
1030305,1600,87.38,87.44,87.12,87.36
1030306,1600,87.37,87.39,87.07,87.18
1030307,1600,87.72,87.73,87.22,87.47
1030310,1600,87.66,87.82,87.66,87.76
1030311,1600,87.78,87.86,87.59,87.74
1030312,1600,87.67,87.69,87.5,87.54
1030313,1600,86.94,87.08,86.55,86.57
1030314,1600,86.75,86.93,86.66,86.85
1030317,1600,87.1,87.1,86.11,86.17
1030318,1600,86.25,86.35,85.7,85.7
1030319,1600,85.65,85.7,85.27,85.29
1030320,1600,85.6,85.7,85.04,85.35
1030321,1600,85.13,85.13,84.53,84.57
1030324,1600,85.25,85.48,85.18,85.39
1030325,1600,85.5,85.65,85.11,85.4
1030326,1600,85.4,85.6,85.34,85.6
1030327,1600,85.79,85.88,85.57,85.76
1030328,1600,86.03,86.05,85.85,85.9
1030331,1600,86.3,86.59,86.3,86.52
1030401,1600,86.23,86.27,85.2,86.16
1030402,1600,85.6,85.72,85.42,85.55
1030403,1600,85.49,85.78,85.46,85.7
1030404,1600,85.54,85.76,85.45,85.55
1030407,1600,84.85,85.35,84.76,85.35
1030408,1600,85.38,85.67,85.38,85.67
1030409,1600,85.72,85.98,85.5,85.96
1030410,1600,85.87,85.99,85.69,85.73
1030411,1600,85.3,85.62,85.2,85.51
1030414,1600,85.48,85.48,85.13,85.27
1030415,1600,85.6,85.64,85.34,85.57
1030416,1600,85.49,85.79,85.49,85.76
1030417,1600,85.95,85.96,84.75,85.65
1030421,1600,85.36,85.49,85.19,85.49
1030422,1600,85.73,85.82,85.41,85.51
1030423,1600,85.52,85.59,85.38,85.47
1030424,1600,85.75,86.13,85.75,85.97
1030425,1600,86.01,86.23,85.99,86.11
1030428,1600,86.35,86.35,86.0,86.02
1030429,1600,85.84,85.94,85.66,85.87
1030430,1600,85.85,86.41,85.8,86.39
1030501,1600,86.24,86.44,86.0,86.12
1030502,1600,86.04,86.14,85.63,85.65
1030505,1600,85.66,85.99,85.52,85.92
1030506,1600,85.96,86.46,85.8,86.45
1030507,1600,86.7,87.15,86.7,87.05
1030508,1600,87.3,87.57,87.06,87.14
1030509,1600,87.02,87.3,86.97,87.28
1030512,1600,87.8,87.81,87.4,87.65
1030513,1600,87.37,87.73,87.36,87.73
1030514,1600,87.91,88.29,87.72,88.21
1030515,1600,87.89,88.3,87.83,88.12
1030516,1600,88.4,88.61,88.21,88.59
1030519,1600,88.92,88.92,88.45,88.57
1030520,1600,88.45,89.16,88.44,89.16
1030521,1600,88.84,89.36,88.84,88.88
1030522,1600,89.08,89.3,89.01,89.3
1030523,1600,89.36,89.5,89.14,89.2
1030527,1600,89.26,89.35,88.85,88.87
1030528,1600,88.67,88.97,88.47,88.89
1030529,1600,89.12,89.39,89.08,89.36
1030530,1600,89.21,89.36,88.89,89.31
1030602,1600,88.7,88.76,88.51,88.72
1030603,1600,88.97,89.44,88.97,89.31
1030604,1600,89.49,89.63,89.27,89.57
1030605,1600,89.76,89.82,89.19,89.25
1030606,1600,88.97,89.19,88.84,89.15
1030609,1600,89.53,89.68,89.37,89.64
1030610,1600,89.9,90.2,89.9,90.14
1030611,1600,90.21,90.37,89.94,89.95
1030612,1600,90.08,90.48,90.03,90.3
1030613,1600,90.52,90.76,90.47,90.63
1030616,1600,90.8,90.8,90.14,90.16
1030617,1600,89.96,90.02,89.62,89.67
1030618,1600,89.44,89.5,89.1,89.13
1030619,1600,89.14,89.38,88.85,89.26
1030620,1600,89.02,89.17,88.86,89.12
1030623,1600,89.12,89.59,89.1,89.46
1030624,1600,89.57,89.91,89.42,89.88
1030625,1600,90.16,90.16,89.01,89.2
1030626,1600,88.86,88.86,88.23,88.32
1030627,1600,88.47,88.5,87.89,88.24
1030630,1600,88.23,88.49,88.12,88.45
1030701,1600,88.23,88.56,87.93,88.02
1030702,1600,87.53,88.21,87.53,88.11
1030703,1600,88.02,88.07,87.49,87.55
1030707,1600,87.16,87.36,87.06,87.08
1030708,1600,87.38,87.4,86.91,87.11
1030709,1600,87.33,87.46,87.13,87.27
1030710,1600,87.52,87.63,87.28,87.47
1030711,1600,87.34,87.79,87.34,87.78
1030714,1600,87.67,87.86,87.25,87.27
1030715,1600,87.16,87.25,85.89,86.08
1030716,1600,85.52,86.13,85.52,86.11
1030717,1600,85.47,85.97,85.46,85.93
1030718,1600,85.82,85.9,85.68,85.71
1030721,1600,85.44,85.6,84.4,84.59
1030722,1600,84.68,84.93,84.48,84.89
1030723,1600,85.25,85.5,85.08,85.15
1030724,1600,84.8,84.89,84.65,84.82
1030725,1600,84.9,85.31,84.64,84.71
1030728,1600,84.45,84.47,84.06,84.09
1030729,1600,83.97,84.65,83.27,83.27
1030730,1600,83.7,84.32,83.65,83.94
1030731,1600,83.5,83.72,82.7,83.38
1030801,1600,82.71,83.33,82.64,83.0
1030804,1600,83.09,83.66,83.0,83.61
1030805,1600,83.55,83.76,82.83,83.05
1030806,1600,83.26,84.04,83.22,83.9
1030807,1600,84.17,84.23,83.69,84.2
1030808,1600,84.37,84.75,84.1,84.19
1030811,1600,84.05,84.05,83.56,83.84
1030812,1600,83.86,84.1,83.6,83.69
1030813,1600,83.25,83.3,82.67,82.76
1030814,1600,82.5,82.95,82.16,82.93
1030815,1600,83.1,83.1,82.9,82.9
1030818,1600,83.14,83.22,82.87,83.15
1030819,1600,83.08,83.81,83.0,83.81
1030820,1600,83.86,83.9,83.22,83.41
1030821,1600,83.25,83.4,82.67,83.1
1030822,1600,82.88,83.23,82.85,83.16
1030825,1600,83.1,83.3,82.65,82.8
1030826,1600,82.54,83.1,82.5,83.1
1030827,1600,83.16,83.16,82.66,82.9
1030828,1600,83.06,83.55,83.06,83.48
1030829,1600,83.51,83.53,83.06,83.25
1030902,1600,82.4,82.7,82.15,82.15
1030903,1600,82.26,82.4,82.19,82.36
1030904,1600,82.6,82.95,82.41,82.89
1030905,1600,83.62,84.0,83.38,83.94
1030908,1600,83.81,84.37,83.55,83.55
1030909,1600,83.76,83.99,83.49,83.95
1030910,1600,84.1,84.58,84.02,84.52
1030911,1600,84.28,84.3,84.05,84.22
1030912,1600,84.7,85.03,84.53,84.56
1030915,1600,84.46,84.82,84.25,84.71
1030916,1600,84.58,84.77,84.36,84.64
1030917,1600,84.78,85.24,84.65,85.11
1030918,1600,85.12,85.18,84.68,85.1
1030919,1600,85.05,85.18,84.88,85.1
1030922,1600,84.66,84.78,84.25,84.73
1030923,1600,84.61,84.96,84.52,84.93
1030924,1600,84.87,85.51,84.81,85.36
1030925,1600,85.45,85.66,85.34,85.48
1030926,1600,85.74,86.15,85.67,86.13
1030929,1600,85.9,86.07,85.72,85.76
1030930,1600,85.94,86.88,85.94,86.59
1031001,1600,86.27,86.46,86.05,86.24
1031002,1600,85.73,86.15,85.56,85.93
1031003,1600,85.17,85.17,84.65,84.74
1031006,1600,84.57,85.11,84.57,84.99
1031007,1600,84.93,84.95,84.46,84.5
1031008,1600,84.34,84.8,84.34,84.65
1031009,1600,84.17,84.4,84.1,84.38
1031010,1600,84.65,84.8,84.57,84.63
1031013,1600,84.75,84.75,84.35,84.5
1031014,1600,84.18,84.43,84.08,84.16
1031015,1600,83.84,83.93,83.65,83.86
1031016,1600,83.96,84.15,83.37,83.4
1031017,1600,83.57,83.9,83.43,83.85
1031020,1600,83.75,84.14,83.66,83.91
1031021,1600,84.16,84.32,84.0,84.06
1031022,1600,84.51,84.76,84.37,84.67
1031023,1600,84.7,84.75,84.24,84.4
1031024,1600,84.75,85.15,84.62,84.99
1031027,1600,84.81,85.0,84.63,84.76
1031028,1600,84.66,85.27,84.44,85.16
1031029,1600,85.02,85.05,84.61,84.61
1031030,1600,84.15,84.41,84.07,84.3
1031031,1600,84.45,84.66,84.41,84.6
1031103,1600,84.06,84.1,83.73,84.0
1031104,1600,84.16,84.31,84.09,84.3
1031105,1600,84.24,84.29,83.92,84.0
1031106,1600,83.75,83.77,83.53,83.57
1031107,1600,83.32,83.5,83.22,83.43
1031110,1600,83.5,83.67,83.27,83.4
1031111,1600,83.3,83.75,83.3,83.53
1031112,1600,83.58,83.81,83.58,83.8
1031113,1600,84.12,84.55,84.11,84.53
1031114,1600,84.56,85.0,84.56,84.99
1031117,1600,85.08,85.36,85.08,85.09
1031118,1600,84.94,85.44,84.87,85.44
1031119,1600,85.5,85.53,84.82,84.86
1031120,1600,85.32,85.39,84.99,85.39
1031121,1600,85.48,85.55,85.34,85.35
1031124,1600,85.09,85.13,84.8,84.9
1031125,1600,84.97,85.26,84.97,85.11
1031126,1600,85.01,85.15,84.8,84.9
1031128,1600,84.58,84.58,84.33,84.34
1031201,1600,83.72,83.75,83.27,83.6
1031202,1600,83.66,83.84,83.4,83.84
1031203,1600,83.8,83.94,83.51,83.62
1031204,1600,83.65,83.95,83.59,83.8
1031205,1600,84.52,85.0,84.42,84.82
1031208,1600,84.82,84.82,84.45,84.5
1031209,1600,84.72,84.85,83.9,84.08
1031210,1600,84.38,84.39,84.05,84.29
1031211,1600,84.15,84.88,84.02,84.8
1031212,1600,84.87,85.16,84.77,84.8
1031215,1600,84.76,84.95,84.57,84.76
1031216,1600,84.82,84.95,84.59,84.93
1031217,1600,85.24,85.43,85.09,85.15
1031218,1600,85.16,85.47,85.08,85.44
1031219,1600,85.31,85.45,85.16,85.45
1031222,1600,85.53,85.57,85.14,85.22
1031223,1600,85.09,85.12,84.64,84.64
1031224,1600,84.94,85.18,84.87,85.17
1031226,1600,85.36,85.46,85.32,85.44
1031229,1600,85.12,85.2,84.92,84.92
1031230,1600,84.75,84.95,84.63,84.83
1031231,1600,84.6,84.73,84.5,84.7
1040102,1600,84.52,84.52,83.75,84.02
1040105,1600,83.8,84.01,83.72,83.95
1040106,1600,84.1,84.69,84.1,84.58
1040107,1600,84.53,84.93,84.49,84.77
1040108,1600,84.7,84.89,84.6,84.77
1040109,1600,85.7,85.82,85.55,85.77
1040112,1600,85.7,86.15,85.63,85.77
1040113,1600,85.76,86.25,85.65,86.23
1040114,1600,86.1,86.44,85.99,86.4
1040115,1600,86.4,86.87,86.12,86.45
1040116,1600,86.62,86.62,86.0,86.09
1040120,1600,85.88,86.22,85.84,85.94
1040121,1600,86.09,86.23,85.9,86.19
1040122,1600,86.32,86.56,86.16,86.56
1040123,1600,86.67,86.78,85.82,85.91
1040126,1600,85.9,85.9,85.48,85.55
1040127,1600,85.53,85.92,85.53,85.89
1040128,1600,85.86,86.23,84.78,85.27
1040129,1600,85.04,85.25,84.86,85.17
1040130,1600,85.48,85.6,85.28,85.56
1040202,1600,85.22,85.67,85.15,85.22
1040203,1600,85.48,85.55,85.33,85.55
1040204,1600,85.46,85.46,85.25,85.41
1040205,1600,85.38,85.5,85.0,85.09
1040206,1600,85.6,85.75,85.52,85.61
1040209,1600,85.81,85.9,85.7,85.81
1040210,1600,85.7,85.75,85.51,85.57
1040211,1600,85.47,86.3,85.38,86.02
1040212,1600,86.1,86.2,85.83,85.97
1040213,1600,86.21,86.4,86.08,86.19
1040217,1600,86.32,86.32,86.1,86.19
1040218,1600,86.52,86.52,86.11,86.17
1040219,1600,86.02,86.25,85.98,86.23
1040220,1600,86.18,86.2,85.82,85.94
1040223,1600,86.02,86.26,85.96,86.22
1040224,1600,86.36,86.56,86.26,86.37
1040225,1600,86.47,86.54,86.4,86.47
1040226,1600,86.32,86.39,86.2,86.34
1040227,1600,86.57,86.74,86.44,86.68
1040301,1600,86.65,86.73,86.36,86.52
1040302,1600,86.29,86.31,85.86,86.02
1040303,1600,85.87,85.98,85.7,85.94
1040304,1600,85.9,86.21,85.83,86.21
1040305,1600,87.45,87.5,87.23,87.28
1040308,1600,87.69,87.78,87.59,87.77
1040309,1600,87.76,88.14,87.73,88.1
1040310,1600,87.94,88.16,87.92,88.09
1040311,1600,88.31,88.33,87.72,88.1
1040312,1600,88.05,88.17,87.82,87.83
1040315,1600,87.85,88.03,87.71,87.88
1040316,1600,87.75,88.37,87.64,88.31
1040317,1600,88.55,88.55,88.16,88.25
1040318,1600,88.07,88.28,87.9,87.97
1040319,1600,87.91,87.97,87.74,87.85
1040322,1600,88.0,88.23,87.95,88.18
1040323,1600,88.14,88.31,88.1,88.31
1040324,1600,88.27,88.33,88.17,88.25
1040325,1600,88.1,88.2,88.02,88.13
1040326,1600,88.05,88.05,87.44,87.57
1040329,1600,87.22,87.24,87.04,87.2
1040330,1600,87.45,87.45,87.15,87.23
1040331,1600,87.31,87.62,87.29,87.55
1040401,1600,87.22,87.25,86.88,87.08
1040402,1600,85.7,85.8,85.35,85.47
1040405,1600,85.13,85.2,84.9,85.05
1040406,1600,85.3,85.41,85.2,85.35
1040407,1600,85.38,85.59,85.3,85.36
1040408,1600,85.27,85.41,85.19,85.2
1040412,1600,85.01,85.01,84.83,84.93
1040413,1600,84.44,84.57,84.27,84.27
1040414,1600,83.7,84.22,83.7,84.21
1040415,1600,84.1,84.27,83.95,84.09
1040416,1600,84.36,84.49,84.2,84.4
1040419,1600,84.51,84.56,84.15,84.18
1040420,1600,84.08,84.2,83.57,83.57
1040421,1600,83.62,83.94,83.62,83.74
1040422,1600,84.06,84.2,83.9,84.07
1040423,1600,83.77,83.84,83.59,83.72
1040426,1600,83.62,83.78,83.62,83.71
1040427,1600,83.89,84.04,83.67,84.04
1040428,1600,83.85,83.96,83.44,83.49
1040429,1600,83.57,83.7,83.11,83.3
1040430,1600,83.36,83.57,83.21,83.5
1040503,1600,83.16,83.33,83.12,83.2
1040504,1600,83.4,83.65,82.96,82.96
1040505,1600,83.25,83.25,82.76,82.77
1040506,1600,82.76,82.83,82.65,82.69
1040507,1600,81.98,81.98,81.52,81.67
1040510,1600,81.71,81.84,81.55,81.65
1040511,1600,81.67,81.85,81.62,81.81
1040512,1600,81.77,81.91,81.6,81.69
1040513,1600,81.5,81.54,81.31,81.44
1040514,1600,81.6,81.93,81.57,81.85
1040517,1600,82.22,82.44,82.22,82.38
1040518,1600,82.18,82.25,82.06,82.22
1040519,1600,81.83,81.95,81.76,81.84
1040520,1600,82.2,82.29,82.05,82.25
1040521,1600,82.47,82.47,82.0,82.07
1040524,1600,82.1,82.15,81.94,82.13
1040525,1600,82.27,82.34,82.14,82.16
1040526,1600,82.43,82.61,82.34,82.57
1040527,1600,82.91,83.05,82.78,83.02
1040528,1600,82.93,83.02,82.59,82.79
1040601,1600,82.26,82.3,81.91,82.1
1040602,1600,82.08,82.17,81.95,81.96
1040603,1600,81.98,82.16,81.9,82.09
1040604,1600,82.12,82.12,81.72,81.75
1040607,1600,81.68,81.88,81.56,81.87
1040608,1600,81.68,81.85,81.57,81.85
1040609,1600,81.63,81.73,81.41,81.61
1040610,1600,81.57,81.76,81.46,81.7
1040614,1600,81.5,81.55,81.25,81.3
1040615,1600,81.9,82.47,81.83,82.38
1040616,1600,82.08,82.27,82.01,82.2
1040617,1600,82.03,82.43,81.95,82.43
1040618,1600,82.44,82.48,82.25,82.26
1040621,1600,82.4,82.47,82.27,82.39
1040622,1600,82.34,82.36,82.25,82.28
1040623,1600,82.18,82.42,82.17,82.4
1040624,1600,82.75,82.89,82.65,82.72
1040625,1600,82.62,82.77,82.6,82.76
1040628,1600,82.45,82.5,82.14,82.15
1040629,1600,82.22,82.54,82.1,82.54
1040630,1600,82.66,83.11,82.61,83.05
1040701,1600,82.77,83.02,82.57,82.94
1040702,1600,83.72,83.84,83.45,83.65
1040706,1600,83.66,83.73,83.46,83.49
1040707,1600,83.5,83.66,83.46,83.53
1040708,1600,83.59,83.75,83.51,83.54
1040709,1600,83.64,83.72,83.55,83.68
1040712,1600,83.73,83.84,83.72,83.78
1040713,1600,83.59,83.62,83.41,83.6
1040714,1600,83.54,83.63,83.5,83.56
1040715,1600,83.56,83.6,83.45,83.52
1040716,1600,83.92,84.33,83.92,84.33
1040719,1600,84.23,84.34,84.21,84.31
1040720,1600,84.12,84.25,83.72,83.76
1040721,1600,83.55,83.62,83.34,83.58
1040722,1600,83.69,83.81,83.63,83.68
1040723,1600,83.7,83.9,83.7,83.88
1040726,1600,83.69,83.74,83.58,83.59
1040727,1600,83.57,83.57,82.97,83.0
1040728,1600,82.86,83.15,82.77,83.13
1040729,1600,83.09,83.22,83.05,83.21
1040730,1600,83.52,83.8,83.51,83.78
1040802,1600,83.76,83.76,83.52,83.59
1040803,1600,83.59,83.88,83.59,83.79
1040804,1600,83.79,84.0,83.71,83.74
1040805,1600,83.9,84.07,83.9,83.99
1040806,1600,85.05,85.2,84.86,85.14
1040809,1600,85.0,85.04,84.85,84.86
1040810,1600,84.97,85.04,84.49,84.51
1040811,1600,84.55,84.8,84.52,84.8
1040812,1600,84.7,84.96,84.6,84.91
1040813,1600,85.2,85.29,85.06,85.06
1040816,1600,85.03,85.04,84.79,84.97
1040817,1600,85.04,85.37,85.01,85.37
1040818,1600,85.5,85.55,85.04,85.09
1040819,1600,85.11,85.32,85.02,85.3
1040820,1600,85.23,85.33,85.12,85.13
1040823,1600,84.92,84.96,84.81,84.84
1040824,1600,84.75,84.93,84.7,84.92
1040825,1600,84.98,85.17,84.93,84.93
1040826,1600,85.14,85.3,85.01,85.3
1040827,1600,85.28,85.4,85.18,85.2
1040830,1600,85.36,85.54,85.29,85.5
1040831,1600,85.58,85.99,85.52,85.87
1040901,1600,85.7,85.75,85.35,85.59
1040902,1600,85.58,85.58,85.12,85.13
1040903,1600,84.9,84.96,84.66,84.9
1040907,1600,84.83,84.97,84.73,84.95
1040908,1600,84.8,85.47,84.74,85.44
1040909,1600,85.49,85.66,85.25,85.29
1040910,1600,85.58,85.65,85.43,85.46
1040913,1600,85.52,85.69,85.44,85.67
1040914,1600,85.63,85.78,85.48,85.69
1040915,1600,85.65,85.68,85.5,85.6
1040916,1600,85.65,86.18,85.65,86.07
1040917,1600,86.0,86.13,85.77,85.77
1040920,1600,86.01,86.29,86.01,86.26
1040921,1600,86.17,86.4,85.96,86.32
1040922,1600,86.25,86.71,86.22,86.67
1040923,1600,86.72,86.75,86.32,86.37
1040924,1600,86.29,86.37,86.11,86.36
1040927,1600,86.53,86.64,86.44,86.6
1040928,1600,86.6,86.69,86.37,86.51
1040929,1600,86.16,86.18,85.95,85.97
1040930,1600,85.7,85.9,85.52,85.88
1041001,1600,85.35,85.39,85.13,85.28
1041004,1600,85.01,85.35,85.0,85.31
1041005,1600,85.31,85.4,85.21,85.31
1041006,1600,85.27,85.27,84.97,85.03
1041007,1600,85.01,85.06,84.83,84.88
1041008,1600,85.58,85.68,85.49,85.6
1041011,1600,85.56,85.75,85.55,85.74
1041012,1600,85.85,85.88,85.73,85.74
1041013,1600,85.67,86.06,85.61,86.05
1041014,1600,86.07,86.4,85.99,86.35
1041015,1600,86.21,86.27,85.79,86.06
1041018,1600,86.15,86.21,85.94,86.19
1041019,1600,85.88,86.25,85.85,86.16
1041020,1600,86.45,86.56,86.33,86.55
1041021,1600,86.46,86.75,86.43,86.43
1041022,1600,86.43,86.67,86.32,86.67
1041025,1600,86.8,86.87,86.69,86.77
1041026,1600,86.75,86.81,86.58,86.62
1041027,1600,86.72,86.8,86.01,86.09
1041028,1600,85.94,86.32,85.86,86.22
1041029,1600,86.21,86.47,86.1,86.47
1041101,1600,86.06,86.15,85.74,85.78
1041102,1600,85.81,86.0,85.71,85.99
1041103,1600,85.52,86.0,85.45,85.96
1041104,1600,86.1,86.17,85.87,85.91
1041105,1600,85.31,85.37,85.08,85.27
1041108,1600,85.17,85.2,85.03,85.15
1041109,1600,85.16,85.26,85.1,85.17
1041110,1600,85.08,85.19,84.8,85.0
1041111,1600,85.2,85.2,84.98,84.98
1041112,1600,85.16,85.42,85.06,85.3
1041115,1600,85.3,85.4,85.19,85.34
1041116,1600,85.22,85.27,85.15,85.25
1041117,1600,85.25,85.74,85.22,85.7
1041118,1600,85.58,85.82,85.57,85.77
1041119,1600,85.7,85.75,85.16,85.3
1041122,1600,85.25,85.43,85.24,85.36
1041123,1600,85.27,85.59,85.21,85.28
1041124,1600,85.34,85.4,85.25,85.4
1041126,1600,85.05,85.13,85.02,85.09
1041129,1600,84.74,84.78,84.51,84.58
1041130,1600,84.47,84.62,84.4,84.5
1041201,1600,84.46,84.46,84.1,84.21
1041202,1600,84.04,84.17,83.88,84.02
1041203,1600,84.83,85.08,84.75,84.86
1041206,1600,84.98,85.11,84.88,85.02
1041207,1600,84.95,85.06,84.85,85.01
1041208,1600,85.2,85.66,85.2,85.64
1041209,1600,85.58,85.79,85.37,85.44
1041210,1600,85.58,85.7,85.48,85.57
1041213,1600,85.5,85.78,85.47,85.63
1041214,1600,85.5,85.81,85.41,85.78
1041215,1600,85.95,86.09,85.88,86.09
1041216,1600,85.92,85.92,85.43,85.43
1041217,1600,85.2,85.5,85.2,85.32
1041220,1600,85.52,85.52,85.33,85.42
1041221,1600,85.43,85.57,85.31,85.54
1041222,1600,85.58,85.58,85.31,85.45
1041223,1600,85.41,85.44,85.3,85.34
1041227,1600,85.1,85.16,84.83,84.98
1041228,1600,84.94,85.01,84.67,84.97
1041229,1600,85.05,85.05,84.74,84.8
1041230,1600,84.91,85.18,84.82,85.12
1041231,1600,84.98,85.17,84.95,84.95
1050103,1600,84.92,85.16,84.83,85.12
1050104,1600,85.12,85.12,84.58,84.59
1050105,1600,84.68,84.87,84.61,84.73
1050106,1600,84.64,84.9,84.64,84.81
1050107,1600,84.94,85.0,84.7,84.74
1050110,1600,84.81,84.84,84.64,84.73
1050111,1600,84.8,84.95,84.72,84.9
1050112,1600,84.87,85.09,84.8,85.03
1050113,1600,85.12,85.39,84.97,85.37
1050114,1600,85.17,85.44,85.1,85.32
1050118,1600,85.14,85.32,85.03,85.29
1050119,1600,85.3,85.37,85.16,85.34
1050120,1600,85.28,85.5,85.22,85.49
1050121,1600,85.45,85.67,85.39,85.66
1050124,1600,85.66,85.73,85.52,85.65
1050125,1600,85.6,85.66,85.26,85.33
1050126,1600,85.39,85.47,85.3,85.35
1050127,1600,85.21,85.22,85.14,85.22
1050128,1600,85.44,85.68,85.44,85.66
1050131,1600,85.59,85.7,85.47,85.69
1050201,1600,85.42,85.49,85.29,85.37
1050202,1600,85.41,85.42,85.22,85.38
1050203,1600,85.06,85.24,85.06,85.24
1050204,1600,85.6,85.9,85.6,85.68
1050207,1600,85.73,85.88,85.66,85.85
1050208,1600,85.83,86.04,85.72,85.93
1050209,1600,85.91,86.35,85.91,86.35
1050210,1600,86.17,86.19,85.81,85.81
1050211,1600,85.77,85.87,85.64,85.7
1050214,1600,85.67,85.87,85.61,85.81
1050215,1600,85.7,85.8,85.62,85.68
1050216,1600,85.63,85.7,85.29,85.37
1050217,1600,85.16,85.32,85.12,85.18
1050218,1600,84.8,84.95,84.67,84.75
1050222,1600,84.8,84.87,84.68,84.76
1050223,1600,85.03,85.05,84.66,84.83
1050224,1600,85.01,85.01,84.65,84.69
1050225,1600,84.75,84.88,84.63,84.81
1050228,1600,84.65,84.78,84.15,84.26
1050301,1600,83.98,84.13,83.89,84.03
1050302,1600,83.97,84.11,83.93,84.02
1050303,1600,84.13,84.18,83.94,83.97
1050304,1600,84.24,84.45,84.2,84.35
1050307,1600,84.39,84.5,84.36,84.37
1050308,1600,84.15,84.16,83.94,83.97
1050309,1600,83.7,83.7,83.25,83.33
1050310,1600,83.4,83.65,83.21,83.48
1050311,1600,83.34,83.4,83.11,83.13
1050314,1600,83.04,83.33,83.02,83.33
1050315,1600,83.49,83.49,83.07,83.17
1050316,1600,83.35,83.68,83.28,83.36
1050317,1600,83.69,83.8,83.55,83.68
1050318,1600,83.52,83.54,83.38,83.47
1050321,1600,83.42,83.45,83.33,83.37
1050322,1600,83.58,83.66,82.76,82.76
1050323,1600,82.58,83.02,82.58,82.95
1050324,1600,82.99,83.1,82.92,83.02
1050328,1600,82.82,82.85,82.7,82.75
1050329,1600,82.91,83.1,82.91,83.09
1050330,1600,83.04,83.29,83.02,83.28
1050331,1600,83.62,83.69,83.46,83.69
1050401,1600,83.69,83.73,83.08,83.58
1050404,1600,83.49,83.79,83.47,83.54
1050405,1600,83.55,83.65,83.44,83.55
1050406,1600,83.73,83.8,83.69,83.8
1050407,1600,83.83,84.0,83.46,83.48
1050408,1600,83.45,83.58,83.31,83.57
1050411,1600,83.55,83.82,83.49,83.82
1050412,1600,83.7,84.27,83.63,84.26
1050413,1600,84.37,84.43,84.1,84.3
1050414,1600,84.38,84.52,84.25,84.52
1050415,1600,84.72,85.07,84.51,85.07
1050418,1600,85.13,85.16,84.87,84.89
1050419,1600,84.96,85.38,84.94,85.38
1050420,1600,84.88,85.38,84.88,85.33
1050421,1600,85.0,85.17,84.71,84.72
1050422,1600,85.01,85.14,84.88,85.08
1050425,1600,85.07,85.12,85.0,85.08
1050426,1600,85.19,85.2,84.86,85.04
1050427,1600,85.28,85.45,85.18,85.3
1050428,1600,85.43,85.82,85.37,85.82
1050429,1600,85.6,85.88,85.48,85.51
1050502,1600,85.31,85.38,85.13,85.33
1050503,1600,85.39,85.51,85.18,85.44
1050504,1600,85.25,85.5,85.2,85.42
1050505,1600,85.52,85.8,85.36,85.69
1050506,1600,85.18,85.28,84.99,85.08
1050509,1600,85.03,85.09,84.95,85.07
1050510,1600,85.17,85.39,85.16,85.37
1050511,1600,85.53,85.7,85.42,85.48
1050512,1600,85.3,85.62,85.2,85.56
1050513,1600,85.76,85.9,85.63,85.78
1050516,1600,85.9,85.92,85.75,85.79
1050517,1600,85.93,86.01,85.87,85.9
1050518,1600,86.23,86.3,86.06,86.18
1050519,1600,86.14,86.23,85.92,85.92
1050520,1600,85.92,85.97,85.83,85.91
1050523,1600,86.05,86.37,86.02,86.3
1050524,1600,86.53,86.58,86.32,86.53
1050525,1600,86.7,86.7,86.21,86.22
1050526,1600,86.22,86.43,86.17,86.27
1050527,1600,86.34,86.42,86.22,86.36
1050531,1600,86.61,86.81,86.61,86.81
1050601,1600,86.71,87.13,86.65,87.08
1050602,1600,87.01,87.18,86.96,87.05
1050603,1600,87.48,87.49,86.55,86.55
1050606,1600,86.62,86.84,86.53,86.78
1050607,1600,87.02,87.1,86.78,87.03
1050608,1600,87.01,87.03,86.84,86.87
1050609,1600,86.66,86.85,86.46,86.82
1050610,1600,86.55,86.55,86.26,86.27
1050613,1600,86.13,86.17,85.97,86.04
1050614,1600,86.03,86.03,85.81,85.94
1050615,1600,85.8,85.91,85.7,85.91
1050616,1600,85.87,86.19,85.77,86.18
1050617,1600,86.03,86.18,85.94,86.08
1050620,1600,85.82,85.95,85.74,85.95
1050621,1600,86.05,86.25,85.99,86.22
1050622,1600,86.63,86.95,86.45,86.87
1050623,1600,86.75,86.82,86.62,86.78
1050624,1600,86.99,87.05,86.89,86.99
1050627,1600,87.06,87.14,86.98,87.06
1050628,1600,86.95,86.95,86.66,86.69
1050629,1600,86.92,86.92,86.53,86.66
1050630,1600,86.66,87.0,86.6,86.96
1050701,1600,86.49,86.54,85.84,85.95
1050705,1600,85.69,85.83,85.56,85.6
1050706,1600,85.73,85.82,85.63,85.78
1050707,1600,86.17,86.21,85.96,85.98
1050708,1600,86.06,86.06,85.55,85.67
1050711,1600,85.43,85.67,85.35,85.63
1050712,1600,85.5,85.59,85.4,85.41
1050713,1600,85.41,85.43,85.28,85.33
1050714,1600,85.38,85.4,85.15,85.22
1050715,1600,85.16,85.3,85.14,85.24
1050718,1600,85.21,85.29,85.03,85.1
1050719,1600,85.12,85.32,85.06,85.22
1050720,1600,85.24,85.47,84.93,85.38
1050721,1600,85.07,85.09,84.73,84.75
1050722,1600,85.0,85.2,84.9,85.15
1050725,1600,85.08,85.21,84.96,85.0
1050726,1600,85.02,85.1,85.0,85.06
1050727,1600,84.9,85.0,84.86,84.94
1050728,1600,85.01,85.34,85.01,85.31
1050729,1600,85.07,85.14,84.75,84.8
1050801,1600,84.46,84.46,84.2,84.36
1050802,1600,84.35,84.48,84.26,84.28
1050803,1600,84.41,84.55,84.37,84.49
1050804,1600,84.5,84.59,84.34,84.43
1050805,1600,84.08,84.08,83.91,83.98
1050808,1600,83.95,84.0,83.75,83.76
1050809,1600,83.81,84.0,83.71,84.0
1050810,1600,84.11,84.14,83.87,83.96
1050811,1600,84.07,84.34,83.96,84.32
1050812,1600,84.37,84.77,84.33,84.66
1050815,1600,84.69,84.69,84.54,84.55
1050816,1600,84.81,84.97,84.78,84.95
1050817,1600,84.8,84.87,84.54,84.62
1050818,1600,84.8,85.08,84.77,85.07
1050819,1600,84.86,85.06,84.83,85.02
1050822,1600,84.91,85.15,84.76,85.09
1050823,1600,85.1,85.3,85.03,85.25
1050824,1600,85.36,85.38,85.15,85.29
1050825,1600,85.3,85.4,85.2,85.34
1050826,1600,85.39,85.43,85.11,85.2
1050829,1600,85.37,85.38,85.16,85.26
1050830,1600,85.43,85.79,85.35,85.66
1050831,1600,85.86,86.25,85.85,86.22
1050901,1600,85.9,86.2,85.85,86.03
1050902,1600,85.97,86.16,85.91,86.05
1050906,1600,86.03,86.04,85.7,85.78
1050907,1600,85.67,85.69,85.39,85.5
1050908,1600,85.63,85.65,85.45,85.5
1050909,1600,85.64,85.74,85.5,85.57
1050912,1600,85.38,85.4,85.15,85.3
1050913,1600,85.49,85.65,85.48,85.56
1050914,1600,85.59,85.62,85.33,85.38
1050915,1600,85.41,85.41,85.02,85.12
1050916,1600,85.01,85.05,84.73,84.79
1050919,1600,84.81,85.01,84.74,84.96
1050920,1600,84.93,84.99,84.65,84.89
1050921,1600,85.25,85.34,85.19,85.28
1050922,1600,85.33,85.38,85.22,85.34
1050923,1600,85.19,85.19,84.87,84.87
1050926,1600,84.62,84.75,84.56,84.65
1050927,1600,84.71,84.85,84.49,84.7
1050928,1600,84.64,84.92,84.58,84.87
1050929,1600,84.72,84.74,84.61,84.68
1050930,1600,84.68,84.73,84.39,84.44
1051003,1600,84.16,84.16,83.8,83.84
1051004,1600,84.0,84.06,83.84,83.88
1051005,1600,84.04,84.17,83.94,84.08
1051006,1600,84.05,84.11,83.92,83.97
1051007,1600,83.76,84.16,83.72,84.08
1051010,1600,84.3,84.34,84.0,84.1
1051011,1600,84.04,84.07,83.83,83.94
1051012,1600,83.92,83.93,83.56,83.62
1051013,1600,83.46,83.55,83.35,83.49
1051014,1600,83.67,83.69,83.25,83.49
1051017,1600,83.48,83.59,83.34,83.39
1051018,1600,83.48,83.53,83.4,83.51
1051019,1600,83.7,83.77,83.56,83.61
1051020,1600,83.5,83.69,83.42,83.66
1051021,1600,83.74,84.08,83.73,84.03
1051024,1600,83.95,83.97,83.58,83.67
1051025,1600,83.73,83.81,83.18,83.28
1051026,1600,83.06,83.11,82.88,82.96
1051027,1600,83.12,83.23,82.96,83.15
1051028,1600,83.2,83.25,82.88,83.06
1051031,1600,83.06,83.26,83.05,83.12
1051101,1600,82.9,82.91,82.68,82.78
1051102,1600,82.65,82.84,82.55,82.61
1051103,1600,82.69,82.69,82.3,82.32
1051104,1600,82.39,82.5,82.15,82.28
1051107,1600,82.48,82.5,82.32,82.43
1051108,1600,82.7,82.89,82.7,82.84
1051109,1600,82.65,82.74,82.38,82.4
1051110,1600,82.6,82.89,82.55,82.87
1051111,1600,83.0,83.02,82.8,82.97
1051114,1600,82.83,82.87,82.46,82.6
1051115,1600,82.6,82.91,82.6,82.88
1051116,1600,83.0,83.33,83.0,83.3
1051117,1600,83.23,83.6,83.17,83.46
1051118,1600,83.26,83.41,83.21,83.26
1051121,1600,83.42,83.55,83.33,83.42
1051122,1600,83.48,83.75,83.41,83.71
1051123,1600,83.68,83.75,83.4,83.49
1051125,1600,83.63,83.74,83.59,83.74
1051128,1600,83.72,83.93,83.7,83.85
1051129,1600,83.84,83.84,83.38,83.39
1051130,1600,83.54,83.54,83.24,83.35
1051201,1600,83.1,83.24,82.75,82.88
1051202,1600,82.89,82.97,82.8,82.95
1051205,1600,82.84,82.84,82.6,82.7
1051206,1600,82.81,83.17,82.81,83.09
1051207,1600,83.1,83.14,82.92,83.04
1051208,1600,83.15,83.43,83.1,83.4
1051209,1600,83.17,83.24,82.94,83.03
1051212,1600,83.1,83.1,82.8,82.84
1051213,1600,83.05,83.1,82.9,83.04
1051214,1600,83.37,83.6,83.29,83.56
1051215,1600,83.43,83.47,83.18,83.45
1051216,1600,83.7,83.72,83.48,83.6
1051219,1600,83.5,83.7,83.44,83.65
1051220,1600,83.51,83.57,83.4,83.51
1051221,1600,83.41,83.46,83.35,83.4
1051222,1600,83.52,83.77,83.52,83.73
1051223,1600,83.69,84.12,83.61,83.93
1051227,1600,83.93,84.33,83.91,84.33
1051228,1600,83.96,84.03,83.75,83.78
1051229,1600,83.92,83.93,83.68,83.88
1051230,1600,84.03,84.09,83.75,83.91
1060103,1600,83.69,84.03,83.62,83.9
1060104,1600,83.91,84.12,83.81,84.05
1060105,1600,84.04,84.11,83.93,84.07
1060106,1600,84.02,84.05,83.86,83.96
1060109,1600,83.92,84.0,83.81,84.0
1060110,1600,83.82,83.88,83.61,83.66
1060111,1600,83.78,83.78,83.43,83.45
1060112,1600,83.63,83.79,83.53,83.75
1060113,1600,83.9,84.16,83.82,84.12
1060117,1600,84.06,84.27,84.02,84.22
1060118,1600,84.32,84.34,84.11,84.25
1060119,1600,84.04,84.17,83.95,84.04
1060120,1600,84.15,84.18,83.97,84.18
1060123,1600,83.93,84.22,83.89,84.16
1060124,1600,84.02,84.11,83.91,84.02
1060125,1600,83.87,83.87,83.47,83.5
1060126,1600,83.38,83.42,83.2,83.32
1060127,1600,83.52,83.52,83.15,83.38
1060130,1600,83.28,83.32,83.13,83.2
1060131,1600,83.29,83.39,83.11,83.32
1060201,1600,83.0,83.05,82.76,82.8
1060202,1600,82.86,82.98,82.78,82.8
1060203,1600,82.68,83.09,82.57,83.05
1060206,1600,83.0,83.03,82.92,82.93
1060207,1600,83.05,83.06,82.79,82.83
1060208,1600,82.95,82.96,82.7,82.78
1060209,1600,82.8,82.95,82.67,82.86
1060210,1600,83.05,83.07,82.53,82.62
1060213,1600,82.7,82.7,82.57,82.62
1060214,1600,82.53,82.62,82.41,82.5
1060215,1600,82.7,82.74,82.46,82.65
1060216,1600,82.68,82.68,82.51,82.61
1060217,1600,82.92,83.01,82.84,82.89
1060221,1600,82.9,82.94,82.77,82.79
1060222,1600,82.95,83.1,82.9,83.1
1060223,1600,82.95,82.96,82.76,82.9
1060224,1600,82.96,82.96,82.72,82.8
1060227,1600,82.86,82.86,82.61,82.64
1060228,1600,82.79,83.01,82.77,82.97
1060301,1600,82.64,82.73,82.45,82.54
1060302,1600,82.31,82.41,82.1,82.21
1060303,1600,82.16,82.16,81.98,82.01
1060306,1600,81.77,81.91,81.65,81.75
1060307,1600,81.65,81.83,81.6,81.79
1060308,1600,81.79,81.84,81.71,81.83
1060309,1600,81.8,81.91,81.71,81.91
1060310,1600,81.74,81.79,81.54,81.75
1060313,1600,81.65,81.73,81.55,81.68
1060314,1600,81.9,82.2,81.82,82.15
1060315,1600,81.98,82.11,81.9,82.0
1060316,1600,82.12,82.55,82.11,82.52
1060317,1600,82.41,82.46,82.3,82.35
1060320,1600,82.57,82.6,82.43,82.51
1060321,1600,82.46,82.46,82.05,82.17
1060322,1600,82.3,82.36,82.16,82.27
1060323,1600,82.32,82.32,81.99,82.06
1060324,1600,82.11,82.51,82.04,82.42
1060327,1600,82.32,82.38,82.18,82.24
1060328,1600,82.15,82.18,81.75,81.84
1060329,1600,81.77,81.9,81.64,81.76
1060330,1600,81.64,81.66,81.35,81.52
1060331,1600,81.59,81.66,81.43,81.58
1060403,1600,81.09,81.26,81.05,81.23
1060404,1600,81.29,81.36,81.14,81.24
1060405,1600,81.47,81.48,81.32,81.43
1060406,1600,81.3,81.32,81.12,81.2
1060407,1600,81.02,81.07,80.74,80.83
1060410,1600,80.9,80.95,80.8,80.93
1060411,1600,81.08,81.14,80.95,81.08
1060412,1600,81.1,81.19,80.8,80.89
1060413,1600,80.6,80.7,80.44,80.46
1060417,1600,80.68,80.84,80.54,80.77
1060418,1600,80.95,81.12,80.77,81.03
1060419,1600,80.79,80.82,80.62,80.8
1060420,1600,80.77,80.81,80.62,80.73
1060421,1600,80.83,80.92,80.65,80.9
1060424,1600,80.89,81.14,80.85,81.0
1060425,1600,80.97,80.97,80.48,80.49
1060426,1600,80.5,80.52,80.35,80.45
1060427,1600,80.4,80.79,80.34,80.67
1060428,1600,80.68,80.81,80.55,80.81
1060501,1600,80.28,80.35,80.01,80.08
1060502,1600,80.11,80.27,80.03,80.21
1060503,1600,80.21,80.23,79.91,80.1
1060504,1600,80.17,80.17,79.98,80.05
1060505,1600,80.32,80.41,80.15,80.24
1060508,1600,80.34,80.35,80.14,80.28
1060509,1600,80.25,80.27,80.12,80.25
1060510,1600,80.38,80.5,80.16,80.29
1060511,1600,80.18,80.18,80.0,80.15
1060512,1600,79.88,80.02,79.81,79.85
1060515,1600,79.84,80.2,79.84,80.02
1060516,1600,80.22,80.42,80.14,80.32
1060517,1600,80.07,80.19,79.94,80.09
1060518,1600,80.42,80.66,80.33,80.66
1060519,1600,80.59,80.84,80.48,80.61
1060522,1600,80.92,81.01,80.7,80.72
1060523,1600,80.57,80.72,80.5,80.69
1060524,1600,80.96,81.0,80.78,80.81
1060525,1600,80.87,80.92,80.63,80.68
1060526,1600,80.74,80.95,80.72,80.75
1060530,1600,80.71,80.75,80.55,80.68
1060531,1600,80.77,80.77,80.37,80.43
1060601,1600,80.07,80.3,80.04,80.27
1060602,1600,80.78,80.92,80.62,80.89
1060605,1600,80.86,80.88,80.67,80.73
1060606,1600,80.67,80.85,80.6,80.8
1060607,1600,80.68,80.77,80.58,80.69
1060608,1600,80.82,81.1,80.74,80.8
1060609,1600,80.85,81.07,80.83,81.0
1060612,1600,80.94,81.01,80.86,80.96
1060613,1600,81.11,81.15,80.94,81.07
1060614,1600,80.84,80.9,80.53,80.53
1060615,1600,80.47,80.5,80.33,80.35
1060616,1600,80.53,80.53,80.22,80.3
1060619,1600,80.25,80.28,80.1,80.21
1060620,1600,80.22,80.22,80.08,80.15
1060621,1600,80.23,80.23,80.1,80.14
1060622,1600,80.06,80.08,79.88,79.88
1060623,1600,79.9,79.97,79.73,79.81
1060626,1600,79.84,79.85,79.68,79.76
1060627,1600,79.83,80.0,79.8,79.97
1060628,1600,79.88,79.94,79.68,79.71
1060629,1600,79.85,80.07,79.84,80.04
1060630,1600,80.13,80.42,80.02,80.32
1060703,1600,80.03,80.05,79.87,79.97
1060705,1600,79.83,79.83,79.58,79.68
1060706,1600,79.74,79.93,79.71,79.93
1060707,1600,80.13,80.26,80.02,80.18
1060710,1600,80.12,80.25,80.09,80.24
1060711,1600,80.35,80.48,80.31,80.33
1060712,1600,80.2,80.4,80.17,80.4
1060713,1600,80.42,80.59,80.35,80.58
1060714,1600,80.58,80.69,80.52,80.64
1060717,1600,80.55,80.63,80.44,80.57
1060718,1600,80.43,80.43,80.19,80.26
1060719,1600,80.1,80.78,80.1,80.77
1060720,1600,80.68,80.95,80.65,80.94
1060721,1600,81.05,81.06,80.79,80.89
1060724,1600,80.92,80.95,80.82,80.89
1060725,1600,80.77,80.94,80.71,80.81
1060726,1600,80.79,81.06,80.76,81.01
1060727,1600,81.11,81.11,80.9,81.0
1060728,1600,81.24,81.32,81.18,81.22
1060731,1600,81.26,81.35,81.18,81.35
1060801,1600,80.95,81.05,80.86,81.05
1060802,1600,81.05,81.2,80.95,81.12
1060803,1600,81.12,81.27,81.02,81.14
1060804,1600,81.55,81.57,81.42,81.54
1060807,1600,81.48,81.49,81.37,81.43
1060808,1600,81.42,81.55,81.33,81.44
1060809,1600,81.21,81.41,81.21,81.4
1060810,1600,81.42,81.42,81.19,81.42
1060811,1600,81.21,81.25,81.13,81.16
1060814,1600,81.08,81.11,81.0,81.02
1060815,1600,81.34,81.48,81.3,81.41
1060816,1600,81.73,81.81,81.66,81.75
1060817,1600,81.9,81.9,81.68,81.73
1060818,1600,81.83,81.97,81.77,81.95
1060821,1600,81.99,82.05,81.96,82.05
1060822,1600,82.02,82.16,82.0,82.08
1060823,1600,82.01,82.06,81.88,82.0
1060824,1600,82.14,82.17,82.06,82.08
1060825,1600,82.08,82.24,82.03,82.19
1060828,1600,82.15,82.19,82.08,82.18
1060829,1600,81.97,82.25,81.88,82.25
1060830,1600,82.27,82.4,82.26,82.35
1060831,1600,82.42,82.55,82.39,82.46
1060901,1600,82.15,82.31,82.05,82.27
1060905,1600,82.16,82.16,81.96,82.0
1060906,1600,81.78,81.95,81.72,81.94
1060907,1600,81.83,82.05,81.75,82.0
1060908,1600,82.08,82.2,82.05,82.08
1060911,1600,82.04,82.1,81.84,81.93
1060912,1600,81.87,82.16,81.82,82.16
1060913,1600,82.24,82.32,82.16,82.24
1060914,1600,82.1,82.26,82.01,82.08
1060915,1600,82.21,82.29,81.99,82.03
1060918,1600,81.73,81.95,81.73,81.91
1060919,1600,82.24,82.44,82.22,82.4
1060920,1600,82.59,82.59,82.36,82.42
1060921,1600,82.41,83.02,82.41,83.01
1060922,1600,83.12,83.27,83.1,83.26
1060925,1600,83.4,83.57,83.3,83.54
1060926,1600,83.46,83.46,83.24,83.33
1060927,1600,83.55,83.55,83.21,83.31
1060928,1600,83.24,83.26,83.09,83.23
1060929,1600,83.32,83.35,82.95,83.14
1061002,1600,82.8,83.04,82.75,82.97
1061003,1600,83.04,83.05,82.88,82.96
1061004,1600,83.1,83.34,83.07,83.34
1061005,1600,83.25,83.25,82.95,83.05
1061006,1600,82.9,82.9,82.5,82.6
1061009,1600,82.7,82.84,82.57,82.7
1061010,1600,82.41,82.44,82.16,82.2
1061011,1600,82.4,82.41,81.99,82.1
1061012,1600,82.15,82.26,82.07,82.15
1061013,1600,82.04,82.04,81.9,82.01
1061016,1600,82.14,82.15,82.02,82.15
1061017,1600,82.34,82.45,82.12,82.24
1061018,1600,82.21,82.29,82.12,82.22
1061019,1600,82.11,82.25,82.03,82.15
1061020,1600,82.2,82.2,82.1,82.13
1061023,1600,81.98,81.99,81.8,81.9
1061024,1600,81.92,82.01,81.91,82.01
1061025,1600,82.03,82.32,81.98,82.31
1061026,1600,82.53,82.6,82.43,82.59
1061027,1600,82.84,82.87,82.7,82.86
1061030,1600,82.87,82.91,82.75,82.9
1061031,1600,82.97,83.27,82.9,83.27
1061101,1600,83.04,83.53,82.9,83.25
1061102,1600,83.13,83.13,82.97,83.02
1061103,1600,82.58,82.65,82.35,82.39
1061106,1600,82.38,82.48,82.3,82.47
1061107,1600,82.72,82.89,82.7,82.75
1061108,1600,82.81,82.95,82.71,82.93
1061109,1600,82.86,82.96,82.84,82.92
1061110,1600,83.0,83.2,83.0,83.1
1061113,1600,83.12,83.12,82.89,83.06
1061114,1600,83.23,83.34,83.19,83.23
1061115,1600,83.16,83.16,82.94,83.0
1061116,1600,83.19,83.19,82.72,82.79
1061117,1600,82.91,83.22,82.82,83.09
1061120,1600,83.19,83.19,83.04,83.14
1061121,1600,83.22,83.3,83.08,83.26
1061122,1600,83.35,83.45,83.29,83.39
1061124,1600,83.62,83.62,83.46,83.48
1061127,1600,83.34,83.57,83.24,83.56
1061128,1600,83.71,83.79,83.52,83.71
1061129,1600,83.92,83.92,83.59,83.61
1061130,1600,83.87,84.07,83.8,84.05
1061201,1600,83.72,84.08,83.66,83.94
1061204,1600,83.84,83.96,83.78,83.93
1061205,1600,83.87,84.0,83.73,83.82
1061206,1600,83.79,83.8,83.63,83.69
1061207,1600,83.75,83.75,83.57,83.66
1061208,1600,83.64,83.64,83.24,83.28
1061211,1600,83.51,83.56,83.43,83.54
1061212,1600,83.57,83.73,83.5,83.69
1061213,1600,83.37,83.42,83.16,83.26
1061214,1600,83.23,83.23,83.07,83.13
1061215,1600,83.6,83.65,83.1,83.15
1061218,1600,83.18,83.23,83.1,83.19
1061219,1600,83.18,83.26,83.1,83.17
1061220,1600,83.11,83.21,83.11,83.15
1061221,1600,83.26,83.53,83.16,83.45
1061222,1600,83.28,83.34,83.04,83.07
1061226,1600,83.18,83.29,83.05,83.13
1061227,1600,83.01,83.01,82.62,82.67
1061228,1600,82.8,82.8,82.3,82.48
1061229,1600,82.43,82.49,82.31,82.44
1070103,1600,82.71,82.8,82.48,82.68
1070104,1600,82.83,82.98,82.73,82.98
1070105,1600,82.58,82.81,82.52,82.71
1070108,1600,82.72,82.77,82.66,82.77
1070109,1600,82.82,82.83,82.7,82.75
1070110,1600,82.62,82.69,82.56,82.61
1070111,1600,82.55,82.55,82.29,82.39
1070112,1600,82.29,82.3,82.11,82.22
1070116,1600,82.3,82.38,82.26,82.38
1070117,1600,82.33,82.36,82.14,82.22
1070118,1600,82.22,82.34,82.09,82.33
1070119,1600,82.26,82.37,82.15,82.2
1070122,1600,82.3,82.38,82.27,82.35
1070123,1600,82.24,82.29,82.07,82.11
1070124,1600,82.13,82.15,82.07,82.12
1070125,1600,82.05,82.05,81.75,81.8
1070126,1600,81.73,81.89,81.65,81.79
1070129,1600,81.92,81.92,81.65,81.73
1070130,1600,81.78,81.83,81.75,81.81
1070131,1600,81.75,82.14,81.75,82.11
1070201,1600,82.01,82.06,81.7,81.74
1070202,1600,81.79,81.9,81.74,81.81
1070205,1600,81.88,81.94,81.86,81.9
1070206,1600,81.86,82.15,81.83,82.13
1070207,1600,82.23,82.32,82.18,82.31
1070208,1600,82.26,82.4,82.2,82.33
1070209,1600,82.18,82.19,82.01,82.08
1070212,1600,82.05,82.1,81.91,81.97
1070213,1600,81.97,81.99,81.86,81.91
1070214,1600,82.05,82.43,82.05,82.38
1070215,1600,82.59,82.65,82.51,82.51
1070216,1600,82.61,82.69,82.56,82.6
1070220,1600,82.59,82.74,82.59,82.7
1070221,1600,82.55,82.69,82.55,82.69
1070222,1600,82.55,82.56,82.41,82.48
1070223,1600,82.59,82.88,82.58,82.81
1070226,1600,82.99,83.1,82.92,83.07
1070227,1600,83.29,84.07,83.2,83.77
1070228,1600,83.61,83.7,83.4,83.48
1070301,1600,83.57,83.59,83.2,83.28
1070302,1600,83.42,83.61,83.31,83.55
1070305,1600,83.72,83.72,83.46,83.6
1070306,1600,83.36,83.61,83.36,83.49
1070307,1600,83.44,83.67,83.42,83.64
1070308,1600,83.51,83.68,83.49,83.63
1070309,1600,83.12,83.28,83.11,83.16
1070312,1600,83.3,83.44,83.27,83.39
1070313,1600,83.69,83.8,83.51,83.76
1070314,1600,83.69,83.93,83.61,83.65
1070315,1600,83.56,83.62,83.49,83.56
1070316,1600,83.44,83.59,83.41,83.55
1070319,1600,83.41,83.44,83.34,83.44
1070320,1600,83.64,83.64,83.52,83.56
1070321,1600,83.46,83.78,83.3,83.68
1070322,1600,83.61,83.61,83.32,83.4
1070323,1600,83.51,83.52,83.21,83.27
1070326,1600,83.18,83.5,83.15,83.34
1070327,1600,83.28,83.37,83.23,83.32
1070328,1600,83.47,83.6,83.23,83.31
1070329,1600,83.2,83.26,83.15,83.19
1070330,1600,83.21,83.52,82.95,83.09
1070402,1600,82.95,82.96,82.8,82.86
1070403,1600,82.79,82.84,82.75,82.79
1070404,1600,82.92,83.0,82.82,82.92
1070405,1600,82.82,82.91,82.71,82.71
1070409,1600,82.39,82.4,82.3,82.33
1070410,1600,82.5,82.57,82.47,82.5
1070411,1600,82.58,82.62,82.4,82.4
1070412,1600,82.53,82.57,82.43,82.48
1070413,1600,82.53,82.53,82.28,82.34
1070416,1600,82.47,82.5,82.37,82.43
1070417,1600,82.59,82.8,82.59,82.78
1070418,1600,82.87,83.03,82.87,82.97
1070419,1600,83.07,83.09,82.85,82.96
1070420,1600,82.98,82.98,82.82,82.87
1070423,1600,82.92,83.12,82.84,83.04
1070424,1600,83.11,83.3,83.1,83.2
1070425,1600,83.17,83.3,83.11,83.15
1070426,1600,83.1,83.11,82.89,82.91
1070427,1600,82.97,82.99,82.86,82.91
1070430,1600,83.08,83.29,83.07,83.27
1070501,1600,83.04,83.08,82.77,82.96
1070502,1600,82.99,82.99,82.86,82.86
1070503,1600,82.8,82.87,82.66,82.77
1070504,1600,82.94,83.0,82.89,82.98
1070507,1600,83.01,83.05,82.95,83.05
1070508,1600,83.13,83.13,83.03,83.05
1070509,1600,83.02,83.05,82.77,82.78
1070510,1600,82.83,83.01,82.81,82.99
1070511,1600,83.09,83.13,82.78,82.82
1070514,1600,82.83,82.85,82.7,82.7
1070515,1600,82.83,82.85,82.57,82.69
1070516,1600,82.67,82.72,82.61,82.64
1070517,1600,82.54,82.58,82.38,82.42
1070518,1600,82.34,82.42,82.13,82.18
1070521,1600,82.16,82.29,82.1,82.29
1070522,1600,82.2,82.26,82.0,82.06
1070523,1600,82.11,82.11,81.85,81.9
1070524,1600,81.9,82.01,81.71,82.01
1070525,1600,81.89,82.01,81.86,81.92
1070529,1600,81.9,81.93,81.75,81.75
1070530,1600,82.04,82.04,81.81,81.83
1070531,1600,81.91,81.91,81.64,81.8
1070601,1600,81.31,81.33,81.08,81.12
1070604,1600,81.22,81.28,81.12,81.25
1070605,1600,81.16,81.2,80.92,80.99
1070606,1600,80.99,81.13,80.99,81.03
1070607,1600,80.71,80.73,80.21,80.22
1070608,1600,80.16,80.38,80.08,80.37
1070611,1600,80.17,80.32,80.12,80.16
1070612,1600,79.86,79.93,79.52,79.59
1070613,1600,79.63,79.92,79.6,79.85
1070614,1600,79.85,80.05,79.78,79.87
1070615,1600,79.95,80.22,79.87,80.22
1070618,1600,80.19,80.29,80.01,80.18
1070619,1600,80.42,80.68,80.32,80.57
1070620,1600,80.47,80.49,80.27,80.31
1070621,1600,80.33,80.42,80.19,80.21
1070622,1600,80.11,80.46,80.03,80.45
1070625,1600,80.69,80.78,80.55,80.71
1070626,1600,80.77,80.8,80.58,80.73
1070627,1600,80.93,81.01,80.68,80.72
1070628,1600,80.76,80.81,80.57,80.67
1070629,1600,80.93,81.14,80.77,81.09
1070702,1600,80.76,80.97,80.65,80.9
1070703,1600,80.9,80.99,80.65,80.66
1070705,1600,80.44,80.5,80.11,80.21
1070706,1600,80.04,80.1,79.93,80.02
1070709,1600,80.17,80.31,80.09,80.31
1070710,1600,80.59,80.86,80.5,80.86
1070711,1600,80.81,80.89,80.52,80.58
1070712,1600,80.62,80.72,80.28,80.35
1070713,1600,80.56,80.6,80.29,80.53
1070716,1600,80.52,80.85,80.52,80.85
1070717,1600,80.69,80.81,80.53,80.68
1070718,1600,80.75,81.14,80.73,80.97
1070719,1600,80.77,80.97,80.75,80.96
1070720,1600,81.16,81.51,81.11,81.36
1070723,1600,81.3,81.43,81.26,81.33
1070724,1600,81.46,81.61,81.37,81.55
1070725,1600,81.57,81.76,81.53,81.66
1070726,1600,82.09,82.5,82.01,82.31
1070727,1600,82.31,82.57,82.18,82.47
1070730,1600,82.48,82.52,82.2,82.26
1070731,1600,82.23,82.62,82.15,82.6
1070801,1600,82.17,82.4,82.04,82.05
1070802,1600,82.1,82.23,81.96,82.11
1070803,1600,82.26,82.64,81.91,82.64
1070806,1600,82.45,82.69,82.25,82.31
1070807,1600,82.37,82.56,82.08,82.3
1070808,1600,82.04,82.04,81.61,81.73
1070809,1600,82.29,82.29,81.88,82.19
1070810,1600,82.4,82.4,81.93,82.07
1070813,1600,82.0,82.24,81.95,82.2
1070814,1600,81.97,82.51,81.97,82.5
1070815,1600,82.71,82.82,82.44,82.65
1070816,1600,82.89,83.47,82.87,82.97
1070817,1600,82.95,83.07,82.87,83.03
1070820,1600,83.14,83.44,83.05,83.21
1070821,1600,83.49,83.64,83.33,83.57
1070822,1600,83.15,83.43,83.13,83.3
1070823,1600,83.24,83.5,83.17,83.33
1070824,1600,83.46,83.47,83.21,83.36
1070827,1600,83.47,83.63,83.36,83.59
1070828,1600,83.69,84.05,83.69,84.02
1070829,1600,83.94,84.17,83.7,83.7
1070830,1600,84.04,84.2,83.95,84.12
1070831,1600,83.84,84.42,83.76,84.14
1070904,1600,83.84,84.0,83.44,83.65
1070905,1600,83.78,84.21,83.78,84.17
1070906,1600,84.13,84.2,83.93,83.99
1070907,1600,84.53,84.89,84.49,84.89
1070910,1600,84.87,85.23,84.79,85.08
1070911,1600,84.98,85.09,84.81,84.9
1070912,1600,84.79,84.84,84.57,84.69
1070913,1600,84.47,84.47,84.1,84.19
1070914,1600,84.67,84.67,84.13,84.3
1070917,1600,84.25,84.37,84.14,84.35
1070918,1600,84.15,84.47,83.91,84.26
1070919,1600,84.09,84.13,83.77,83.96
1070920,1600,83.68,83.74,83.01,83.01
1070921,1600,83.22,83.5,83.22,83.43
1070924,1600,83.46,83.58,83.37,83.54
1070925,1600,83.81,83.92,83.54,83.55
1070926,1600,83.45,83.66,83.35,83.58
1070927,1600,83.67,83.96,83.61,83.85
1070928,1600,84.04,84.18,83.74,83.88
1071001,1600,83.63,83.78,83.52,83.67
1071002,1600,83.65,83.98,83.59,83.85
1071003,1600,84.07,84.1,83.67,83.79
1071004,1600,83.71,83.97,83.71,83.94
1071005,1600,83.47,83.5,83.12,83.2
1071008,1600,83.3,83.79,83.08,83.5
1071009,1600,83.28,83.46,83.11,83.24
1071010,1600,83.16,83.44,83.06,83.32
1071011,1600,83.01,83.35,82.85,83.33
1071012,1600,82.94,83.34,82.94,83.05
1071015,1600,82.86,83.2,82.84,83.13
1071016,1600,83.27,83.39,83.16,83.36
1071017,1600,83.4,84.28,83.37,83.87
1071018,1600,84.14,84.26,84.06,84.19
1071019,1600,84.33,84.94,84.33,84.91
1071022,1600,84.88,84.89,84.58,84.75
1071023,1600,84.59,84.84,84.5,84.73
1071024,1600,84.93,85.34,84.92,85.16
1071025,1600,85.23,85.28,85.06,85.09
1071026,1600,84.84,85.17,84.76,84.88
1071029,1600,84.89,85.05,84.82,84.95
1071030,1600,85.0,85.04,84.85,85.04
1071031,1600,84.83,84.98,84.46,84.47
1071101,1600,84.34,85.01,84.34,84.86
1071102,1600,84.65,85.31,84.65,85.09
1071105,1600,85.22,85.28,84.91,84.99
1071106,1600,84.87,85.18,84.78,84.84
1071107,1600,85.02,85.22,84.9,85.15
1071108,1600,85.23,85.53,85.16,85.34
1071109,1600,85.6,85.86,85.57,85.85
1071112,1600,85.97,86.0,85.77,86.0
1071113,1600,85.74,85.74,85.45,85.56
1071114,1600,85.23,85.62,85.23,85.62
1071115,1600,85.74,86.21,85.7,86.1
1071116,1600,86.11,86.34,86.02,86.1
1071119,1600,86.2,86.81,86.1,86.72
1071120,1600,86.68,86.85,86.33,86.49
1071121,1600,87.05,87.22,86.91,87.17
1071123,1600,86.95,87.23,86.68,86.91
1071126,1600,87.15,88.25,87.02,88.1
1071127,1600,87.67,88.04,87.03,87.28
1071128,1600,87.24,87.36,86.86,86.97
1071129,1600,87.44,87.75,87.33,87.46
1071130,1600,86.92,87.58,86.7,87.58
1071203,1600,88.05,88.05,87.4,87.63
1071204,1600,87.84,87.86,87.37,87.71
1071205,1600,87.41,87.67,87.28,87.38
1071206,1600,87.2,87.28,86.81,86.92
1071207,1600,86.73,86.73,86.2,86.36
1071210,1600,86.42,86.47,85.93,86.16
1071211,1600,86.28,87.34,86.28,87.34
1071212,1600,86.19,86.85,86.0,86.61
1071213,1600,86.41,86.47,85.97,85.97
1071214,1600,85.83,85.92,85.62,85.72
1071217,1600,85.9,86.28,85.8,86.23
1071218,1600,86.31,86.69,86.23,86.4
1071219,1600,86.81,87.2,86.3,87.09
1071220,1600,87.04,87.31,86.91,86.95
1071221,1600,86.89,86.92,86.27,86.32
1071224,1600,86.08,86.22,85.97,86.07
1071226,1600,85.98,86.25,85.59,85.66
1071227,1600,86.38,86.38,85.65,85.92
1071228,1600,86.22,86.71,86.16,86.61
1071231,1600,86.72,87.13,86.65,87.01
1080102,1600,86.99,87.73,86.94,87.63
1080103,1600,87.5,87.84,87.31,87.81
1080104,1600,88.0,88.24,87.95,88.04
1080107,1600,87.87,88.3,87.87,88.2
1080108,1600,88.09,88.42,87.87,88.39
1080109,1600,88.44,88.72,88.23,88.25
1080110,1600,88.43,88.47,87.91,88.01
1080111,1600,88.12,88.59,88.05,88.57
1080114,1600,88.52,88.65,88.4,88.61
1080115,1600,88.9,89.2,88.79,89.19
1080116,1600,89.24,89.73,88.8,89.02
1080117,1600,89.01,89.79,88.93,89.74
1080118,1600,89.49,89.7,89.31,89.61
1080122,1600,90.8,90.8,89.88,90.61
1080123,1600,91.76,91.78,90.12,90.19
1080124,1600,89.91,90.13,89.36,89.37
1080125,1600,89.0,90.2,88.97,90.2
1080128,1600,89.93,90.11,89.78,89.87
1080129,1600,89.69,89.73,89.32,89.51
1080130,1600,89.34,89.65,89.01,89.47
1080131,1600,90.19,90.19,89.64,89.93
1080201,1600,90.04,90.12,89.56,89.94
1080204,1600,89.4,89.62,89.33,89.44
1080205,1600,90.06,90.19,89.79,90.07
1080206,1600,89.79,89.94,89.66,89.91
1080207,1600,89.97,89.98,88.68,88.9
1080208,1600,89.39,89.69,89.27,89.65
1080211,1600,89.8,90.05,89.66,89.85
1080212,1600,89.46,89.71,89.18,89.66
1080213,1600,89.28,89.65,89.25,89.28
1080214,1600,89.02,89.16,88.56,88.79
1080215,1600,88.93,89.15,88.82,88.98
1080219,1600,88.52,88.79,88.19,88.34
1080220,1600,88.19,88.54,88.09,88.26
1080221,1600,88.5,89.22,88.5,89.17
1080222,1600,89.12,89.39,88.84,88.92
1080225,1600,88.75,88.92,88.24,88.33
1080226,1600,88.48,88.71,88.4,88.55
1080227,1600,89.05,89.08,88.43,88.76
1080228,1600,89.5,89.8,89.3,89.8
1080229,1600,90.25,90.81,90.15,90.76
1080303,1600,90.29,90.44,90.01,90.25
1080304,1600,90.35,90.65,89.82,89.91
1080305,1600,90.11,90.13,89.43,89.52
1080306,1600,89.86,90.36,89.82,90.24
1080307,1600,90.78,90.85,90.12,90.55
1080310,1600,90.72,91.34,90.63,91.2
1080311,1600,90.48,90.5,90.02,90.21
1080312,1600,90.43,91.3,90.29,91.25
1080313,1600,91.47,91.53,90.52,90.77
1080314,1600,91.16,91.89,91.16,91.71
1080317,1600,91.67,92.59,91.67,92.17
1080318,1600,92.06,92.06,91.42,91.54
1080319,1600,91.45,92.4,91.42,92.33
1080320,1600,92.47,92.56,92.08,92.53
1080324,1600,91.61,91.61,90.9,90.9
1080325,1600,91.19,91.37,91.04,91.22
1080326,1600,91.46,91.59,91.17,91.29
1080327,1600,91.19,91.51,90.98,91.17
1080328,1600,91.28,91.64,91.09,91.53
1080331,1600,91.92,91.97,91.62,91.69
1080401,1600,91.54,91.54,90.37,90.58
1080402,1600,90.32,90.6,90.08,90.28
1080403,1600,90.6,90.6,90.14,90.28
1080404,1600,90.75,91.0,90.74,90.97
1080407,1600,90.47,90.64,90.06,90.37
1080408,1600,90.63,90.65,90.29,90.38
1080409,1600,90.55,91.08,90.43,90.92
1080410,1600,90.92,91.03,90.36,90.56
1080411,1600,90.95,91.09,90.83,90.95
1080414,1600,90.94,91.09,90.66,90.72
1080415,1600,90.44,90.6,90.19,90.31
1080416,1600,90.25,90.35,89.46,89.7
1080417,1600,89.67,89.77,89.18,89.49
1080418,1600,88.93,89.47,88.65,89.4
1080421,1600,89.27,89.52,89.15,89.41
1080422,1600,89.34,89.67,89.25,89.48
1080423,1600,89.43,89.5,89.13,89.39
1080424,1600,88.79,89.02,88.54,88.69
1080425,1600,88.51,88.75,88.28,88.57
1080428,1600,88.5,88.81,88.46,88.73
1080429,1600,88.9,89.12,88.77,88.89
1080430,1600,88.86,89.26,88.58,89.17
1080501,1600,89.3,89.37,88.7,88.88
1080502,1600,88.29,88.5,88.08,88.16
1080505,1600,88.36,88.41,88.0,88.29
1080506,1600,88.47,88.58,87.93,88.01
1080507,1600,87.91,88.4,87.81,88.36
1080508,1600,88.53,88.93,88.48,88.93
1080509,1600,89.15,89.21,88.88,89.03
1080512,1600,88.95,89.23,88.83,88.88
1080513,1600,88.36,88.56,88.08,88.14
1080514,1600,88.38,88.38,87.78,88.11
1080515,1600,88.03,88.64,88.03,88.6
1080516,1600,88.4,88.9,88.37,88.45
1080519,1600,88.55,88.68,88.23,88.65
1080520,1600,88.85,88.96,88.64,88.92
1080521,1600,88.61,88.94,88.56,88.71
1080522,1600,88.37,88.38,87.85,88.13
1080523,1600,88.31,88.65,88.3,88.52
1080527,1600,88.09,88.32,87.96,88.09
1080528,1600,87.76,87.82,87.4,87.43
1080529,1600,87.23,87.23,86.76,87.02
1080530,1600,87.35,87.48,87.24,87.31
1080602,1600,87.5,87.66,86.19,87.52
1080603,1600,87.36,88.17,87.18,87.98
1080604,1600,88.19,88.2,87.56,87.66
1080605,1600,87.41,87.45,87.12,87.2
1080606,1600,87.7,88.05,87.53,87.96
1080609,1600,87.52,87.73,87.2,87.33
1080610,1600,87.12,87.21,86.68,86.81
1080611,1600,86.99,87.34,86.72,86.9
1080612,1600,86.52,86.52,86.0,86.14
1080613,1600,86.14,86.43,85.86,85.94
1080616,1600,86.13,86.16,85.8,85.95
1080617,1600,86.11,86.32,85.93,86.24
1080618,1600,86.39,86.78,86.35,86.71
1080619,1600,86.52,86.61,86.19,86.21
1080620,1600,86.69,86.84,86.47,86.61
1080623,1600,86.71,86.85,86.46,86.57
1080624,1600,86.8,87.15,86.75,87.03
1080625,1600,87.01,87.08,86.56,87.02
1080626,1600,87.03,87.61,87.03,87.51
1080627,1600,87.62,88.05,87.52,87.94
1080630,1600,87.84,88.04,87.73,88.0
1080701,1600,88.01,88.11,87.47,87.47
1080702,1600,87.55,87.8,87.49,87.68
1080703,1600,87.57,87.88,87.45,87.71
1080707,1600,87.77,88.45,87.54,88.12
1080708,1600,88.18,88.47,88.15,88.34
1080709,1600,88.35,88.83,88.25,88.76
1080710,1600,88.8,88.94,88.41,88.79
1080711,1600,88.79,88.89,87.85,87.96
1080714,1600,88.01,88.64,88.0,88.43
1080715,1600,88.62,89.1,88.54,88.75
1080716,1600,88.45,88.5,87.94,87.94
1080717,1600,87.9,88.09,87.36,87.52
1080718,1600,87.55,87.73,87.15,87.22
1080721,1600,87.17,87.42,87.05,87.42
1080722,1600,87.34,87.38,87.01,87.12
1080723,1600,86.95,87.06,86.69,86.98
1080724,1600,87.09,87.78,87.07,87.73
1080725,1600,87.51,87.64,87.1,87.22
1080728,1600,87.51,87.88,87.48,87.72
1080729,1600,87.58,87.62,87.3,87.47
1080730,1600,87.27,87.8,87.15,87.64
1080731,1600,88.11,88.34,88.04,88.34
1080801,1600,87.73,88.1,87.71,88.08
1080804,1600,87.92,88.2,87.85,88.02
1080805,1600,87.94,88.04,87.57,87.57
1080806,1600,87.57,87.61,87.2,87.6
1080807,1600,87.97,88.6,87.86,88.42
1080808,1600,88.51,88.54,88.22,88.38
1080811,1600,88.26,88.26,87.67,87.95
1080812,1600,88.27,88.58,88.24,88.56
1080813,1600,88.7,88.72,88.2,88.37
1080814,1600,88.64,88.78,88.46,88.64
1080815,1600,88.88,89.11,88.83,88.97
1080818,1600,88.96,89.23,88.88,89.19
1080819,1600,89.29,89.32,88.96,89.06
1080820,1600,89.22,89.45,89.14,89.32
1080821,1600,89.37,89.37,88.94,89.13
1080822,1600,88.96,88.96,88.7,88.87
1080825,1600,89.38,89.55,89.35,89.46
1080826,1600,89.36,89.49,89.19,89.49
1080827,1600,89.11,89.65,89.11,89.62
1080828,1600,89.37,89.59,89.2,89.49
1080829,1600,89.29,89.42,89.1,89.38
1080902,1600,88.89,89.59,88.7,89.57
1080903,1600,89.56,89.9,89.53,89.79
1080904,1600,89.96,90.28,89.85,90.24
1080905,1600,90.47,90.64,90.0,90.04
1080908,1600,89.43,90.08,89.24,90.05
1080909,1600,89.88,90.53,89.74,90.46
1080910,1600,89.93,90.35,89.87,90.23
1080911,1600,90.49,90.54,90.0,90.07
1080912,1600,90.17,90.2,89.47,89.62
1080915,1600,90.97,91.41,90.62,91.34
1080916,1600,92.63,92.64,91.03,91.08
1080917,1600,91.67,92.11,91.32,91.9
1080918,1600,91.4,91.93,90.79,90.82
1080919,1600,89.06,89.75,89.06,89.2
1080922,1600,88.64,89.11,88.48,89.01
1080923,1600,89.14,89.29,88.72,89.01
1080924,1600,89.33,89.54,89.01,89.24
1080925,1600,89.2,89.2,88.45,88.97
1080926,1600,89.14,89.29,88.83,88.91
1080929,1600,89.49,91.07,89.49,90.15
1080930,1600,90.29,90.29,88.78,88.96
1081001,1600,89.14,89.8,88.77,89.28
1081002,1600,89.43,89.92,89.32,89.78
1081003,1600,89.88,90.2,89.0,90.12
1081006,1600,90.44,91.32,90.43,90.85
1081007,1600,90.44,91.05,90.27,90.78
1081008,1600,91.07,91.23,88.51,89.62
1081009,1600,88.67,88.79,88.24,88.72
1081010,1600,88.45,88.45,87.41,87.68
1081013,1600,87.26,87.76,86.87,87.08
1081014,1600,87.05,87.4,86.62,86.67
1081015,1600,86.66,87.38,86.59,87.38
1081016,1600,87.11,87.59,87.05,87.4
1081017,1600,87.9,87.95,86.94,87.95
1081020,1600,87.49,88.1,87.29,88.04
1081021,1600,88.59,89.13,88.18,88.97
1081022,1600,89.11,89.65,89.06,89.65
1081023,1600,89.91,90.15,89.29,89.77
1081024,1600,90.4,90.4,89.17,89.39
1081027,1600,89.46,89.68,88.91,89.34
1081028,1600,88.9,89.33,88.31,88.62
1081029,1600,88.69,89.04,88.32,88.75
1081030,1600,88.06,88.31,87.83,88.07
1081031,1600,88.43,88.73,87.59,87.89
1081103,1600,87.7,87.85,87.39,87.71
1081104,1600,87.74,88.88,87.74,88.76
1081105,1600,88.78,89.23,88.67,89.23
1081106,1600,88.8,89.17,88.5,88.96
1081107,1600,88.73,88.85,88.44,88.64
1081110,1600,88.54,88.97,88.29,88.73
1081111,1600,88.72,89.37,88.72,89.06
1081112,1600,89.28,89.75,89.25,89.61
1081113,1600,89.49,89.95,88.88,88.96
1081114,1600,89.73,90.06,89.53,89.84
1081117,1600,89.85,90.3,89.8,90.22
1081118,1600,90.6,91.15,90.42,90.92
1081119,1600,91.3,92.05,91.09,91.9
1081120,1600,93.11,93.75,92.61,93.75
1081121,1600,92.74,93.12,92.43,92.89
1081124,1600,92.52,92.6,91.71,92.02
1081125,1600,93.21,95.7,92.85,93.6
1081126,1600,93.73,94.24,93.69,94.17
1081128,1600,94.05,94.52,94.01,94.36
1081201,1600,95.05,96.08,94.64,95.32
1081202,1600,95.26,95.87,95.17,95.82
1081203,1600,95.77,96.12,95.2,95.97
1081204,1600,96.17,96.79,95.87,96.57
1081205,1600,96.25,96.66,95.42,95.55
1081208,1600,95.5,95.71,95.07,95.19
1081209,1600,95.38,96.21,95.07,96.0
1081210,1600,95.49,95.91,95.28,95.91
1081211,1600,96.04,96.56,95.63,96.49
1081212,1600,96.48,96.77,95.49,96.76
1081215,1600,96.84,97.24,96.71,96.97
1081216,1600,98.51,98.63,96.64,98.51
1081217,1600,99.78,100.02,99.01,99.18
1081218,1600,99.95,100.31,99.67,99.85
1081219,1600,99.44,99.99,99.44,99.52
1081222,1600,99.56,99.72,99.15,99.26
1081223,1600,99.1,99.55,99.0,99.21
1081224,1600,99.16,99.44,99.05,99.11
1081226,1600,99.51,99.64,99.2,99.64
1081229,1600,99.45,99.92,99.38,99.49
1081230,1600,99.23,99.64,99.1,99.63
1081231,1600,99.37,99.58,98.2,98.53
1090102,1600,98.78,98.96,96.94,97.12
1090105,1600,96.71,97.3,96.45,96.95
1090106,1600,96.21,97.08,96.0,96.89
1090107,1600,96.74,97.14,96.55,96.91
1090108,1600,97.01,97.53,96.86,97.17
1090109,1600,97.0,97.95,97.0,97.62
1090112,1600,97.38,98.31,97.34,98.23
1090113,1600,97.98,98.36,97.91,98.3
1090114,1600,98.72,99.22,98.7,98.85
1090115,1600,98.97,99.12,98.59,98.77
1090116,1600,97.55,98.5,97.47,97.86
1090120,1600,96.81,98.05,96.75,97.71
1090121,1600,97.1,97.55,96.62,96.84
1090122,1600,96.72,96.77,95.9,96.2
1090123,1600,95.86,96.22,95.56,96.22
1090126,1600,95.85,96.11,95.56,95.98
1090127,1600,95.91,96.75,95.85,96.61
1090128,1600,96.75,96.82,95.58,95.99
1090129,1600,95.51,95.74,94.48,94.74
1090130,1600,95.02,95.15,94.62,94.7
1090202,1600,94.8,95.37,94.47,95.2
1090203,1600,94.84,94.94,94.2,94.38
1090204,1600,94.15,94.25,93.5,93.9
1090205,1600,94.03,94.46,93.74,94.12
1090206,1600,94.0,94.03,93.5,93.55
1090209,1600,93.52,93.58,93.12,93.36
1090210,1600,94.1,94.85,93.98,94.61
1090211,1600,94.86,95.49,94.82,95.34
1090212,1600,95.58,95.78,95.21,95.31
1090213,1600,94.91,95.03,94.42,94.56
1090217,1600,95.56,96.22,95.56,96.15
1090218,1600,96.14,96.19,95.34,95.45
1090219,1600,94.56,95.29,94.56,94.92
1090220,1600,95.48,95.87,95.13,95.19
1090223,1600,94.83,95.32,94.69,95.28
1090224,1600,95.43,95.79,94.85,94.92
1090225,1600,94.87,95.13,93.97,94.06
1090226,1600,93.83,94.06,93.66,93.82
1090227,1600,94.07,94.28,93.56,93.74
1090302,1600,93.97,94.63,93.9,94.43
1090303,1600,93.9,94.61,93.78,94.31
1090304,1600,93.47,93.87,93.44,93.83
1090305,1600,94.51,95.05,94.19,94.93
1090306,1600,94.46,95.18,94.46,94.48
1090309,1600,94.63,94.76,94.1,94.52
1090310,1600,94.05,94.15,93.73,93.83
1090311,1600,93.63,94.5,93.56,94.5
1090312,1600,94.57,95.1,94.4,94.77
1090313,1600,94.5,95.1,94.3,94.7
1090316,1600,94.07,94.39,94.02,94.16
1090317,1600,94.46,94.63,93.79,93.98
1090318,1600,94.15,97.5,94.15,97.2
1090319,1600,97.51,97.68,96.85,96.87
1090320,1600,97.04,97.21,96.7,96.87
1090323,1600,96.81,97.1,96.49,96.54
1090324,1600,96.41,96.81,96.0,96.4
1090325,1600,96.17,96.42,95.67,95.82
1090326,1600,95.83,96.34,95.65,96.07
1090327,1600,96.28,96.4,95.82,96.01
1090330,1600,96.55,96.67,96.11,96.42
1090331,1600,96.42,96.7,96.41,96.59
1090401,1600,96.57,96.72,96.22,96.55
1090402,1600,96.22,96.29,95.7,95.92
1090403,1600,95.51,95.74,94.79,94.82
1090406,1600,94.97,95.04,94.54,94.6
1090407,1600,94.82,95.01,94.67,94.84
1090408,1600,94.98,95.31,94.85,95.31
1090409,1600,94.72,95.16,94.6,94.75
1090413,1600,95.16,95.46,95.11,95.31
1090414,1600,95.56,95.91,95.42,95.8
1090415,1600,95.93,96.01,95.5,95.89
1090416,1600,95.68,95.8,95.35,95.51
1090417,1600,95.24,95.28,94.65,94.74
1090420,1600,95.1,95.5,95.08,95.4
1090421,1600,95.79,95.86,94.9,95.03
1090422,1600,95.14,95.19,94.5,94.8
1090423,1600,94.7,94.9,94.43,94.78
1090424,1600,94.51,94.65,94.24,94.41
1090427,1600,94.8,94.95,94.45,94.8
1090428,1600,95.11,95.12,94.2,94.34
1090429,1600,94.35,94.55,93.51,93.83
1090430,1600,93.59,93.79,93.29,93.67
1090501,1600,93.16,93.21,92.83,93.09
1090504,1600,93.15,93.36,92.96,93.18
1090505,1600,93.19,93.36,92.97,93.16
1090506,1600,93.08,93.55,93.01,93.2
1090507,1600,92.68,92.97,92.25,92.42
1090508,1600,92.51,92.8,92.41,92.53
1090511,1600,93.15,93.45,92.99,93.4
1090512,1600,93.23,93.48,93.09,93.34
1090513,1600,93.57,93.86,93.56,93.77
1090514,1600,93.71,93.83,93.55,93.78
1090515,1600,93.63,93.7,93.4,93.55
1090518,1600,93.61,93.68,92.96,93.0
1090519,1600,92.8,92.93,92.59,92.87
1090520,1600,92.88,93.29,92.73,93.16
1090521,1600,93.46,93.46,92.06,92.14
1090522,1600,91.74,92.01,91.46,91.6
1090526,1600,91.87,91.99,90.97,90.99
1090527,1600,91.0,91.06,89.88,89.96
1090528,1600,90.61,90.63,89.71,90.43
1090529,1600,90.47,91.54,90.45,91.45
1090601,1600,90.26,90.35,89.43,89.69
1090602,1600,89.92,90.04,89.45,89.99
1090603,1600,90.28,90.64,90.14,90.54
1090604,1600,89.98,90.09,89.34,89.49
1090605,1600,88.68,89.14,88.41,88.6
1090608,1600,88.71,88.84,88.08,88.15
1090609,1600,88.55,88.79,88.29,88.53
1090610,1600,88.27,88.48,87.7,88.0
1090611,1600,87.98,88.95,87.82,88.6
1090612,1600,88.72,89.29,88.72,89.07
1090615,1600,89.41,89.62,89.3,89.47
1090616,1600,89.44,90.0,89.29,89.97
1090617,1600,90.0,90.4,89.73,89.73
1090618,1600,89.23,89.42,88.54,88.64
1090619,1600,88.51,89.07,88.44,89.05
1090622,1600,89.41,89.64,89.3,89.53
1090623,1600,89.56,89.95,89.43,89.82
1090624,1600,89.87,90.32,89.48,89.48
1090625,1600,89.7,90.6,89.49,90.6
1090626,1600,90.67,90.9,90.5,90.72
1090629,1600,90.97,91.09,90.72,90.91
1090630,1600,90.46,90.99,90.32,90.67
1090701,1600,90.05,90.36,89.88,90.36
1090702,1600,90.53,90.88,90.53,90.66
1090706,1600,90.51,90.77,90.41,90.72
1090707,1600,90.58,91.09,90.58,91.08
1090708,1600,91.16,92.28,91.08,92.13
1090709,1600,91.6,91.74,91.25,91.59
1090710,1600,91.96,92.35,91.82,92.16
1090713,1600,92.21,92.31,91.75,91.83
1090714,1600,91.31,91.57,91.07,91.22
1090715,1600,90.74,90.82,90.04,90.04
1090716,1600,90.65,90.89,90.52,90.58
1090717,1600,90.19,90.38,89.97,89.97
1090720,1600,89.75,90.61,89.71,90.3
1090721,1600,90.09,91.37,90.08,91.31
1090722,1600,91.2,91.2,90.65,90.77
1090723,1600,90.76,90.78,89.71,89.89
1090724,1600,89.85,90.12,89.83,90.08
1090727,1600,89.59,89.82,89.38,89.66
1090728,1600,89.84,90.32,89.58,89.84
1090729,1600,90.24,90.27,89.55,89.9
1090730,1600,89.72,90.3,89.55,90.26
1090731,1600,90.65,91.24,90.46,91.17
1090803,1600,90.37,90.4,89.7,89.94
1090804,1600,90.17,90.24,89.35,89.68
1090805,1600,89.28,89.96,89.13,89.17
1090806,1600,89.13,89.5,88.97,89.17
1090807,1600,88.66,88.76,88.47,88.58
1090810,1600,88.69,89.18,88.6,89.15
1090811,1600,89.48,89.77,89.39,89.77
1090812,1600,89.85,89.92,89.14,89.52
1090813,1600,89.79,90.39,89.7,90.22
1090814,1600,90.43,90.97,90.42,90.5
1090817,1600,90.87,91.17,90.85,91.12
1090818,1600,91.13,91.15,90.78,90.8
1090819,1600,91.43,91.45,90.94,91.14
1090820,1600,91.24,91.43,90.97,91.38
1090821,1600,91.31,91.38,90.42,90.45
1090824,1600,90.24,91.04,90.23,91.01
1090825,1600,90.93,91.33,90.72,91.25
1090826,1600,91.33,91.43,91.14,91.37
1090827,1600,91.09,91.45,91.01,91.12
1090828,1600,90.93,91.39,90.86,91.33
1090831,1600,91.41,91.7,91.26,91.6
1090901,1600,91.13,91.78,90.98,91.58
1090902,1600,91.71,92.13,91.61,92.08
1090903,1600,91.83,92.03,91.73,91.75
1090904,1600,91.7,91.82,91.17,91.2
1090908,1600,90.99,91.43,90.96,90.99
1090909,1600,90.86,91.09,90.66,91.07
1090910,1600,91.41,92.07,91.37,91.75
1090911,1600,92.15,92.45,91.96,92.02
1090914,1600,91.76,91.89,91.43,91.48
1090915,1600,91.12,91.47,91.12,91.29
1090916,1600,91.42,91.45,90.98,91.22
1090917,1600,91.28,91.68,91.0,91.67
1090918,1600,91.39,91.53,91.04,91.18
1090921,1600,91.34,91.52,91.0,91.12
1090922,1600,91.05,91.36,91.04,91.36
1090923,1600,91.15,91.61,90.9,91.56
1090924,1600,91.6,91.93,91.48,91.81
1090925,1600,91.87,92.21,91.67,92.18
1090928,1600,92.1,92.43,92.05,92.34
1090929,1600,92.1,92.45,91.99,92.3
1090930,1600,92.21,92.49,92.16,92.37
1091001,1600,92.45,92.95,92.33,92.81
1091002,1600,93.21,93.23,92.69,92.77
1091005,1600,93.03,93.06,92.7,92.76
1091006,1600,92.65,92.69,92.44,92.46
1091007,1600,92.8,93.14,92.78,93.05
1091008,1600,93.17,93.2,92.61,92.71
1091009,1600,92.26,92.44,91.62,91.82
1091012,1600,91.82,92.21,91.78,92.09
1091013,1600,92.25,92.36,92.07,92.3
1091014,1600,91.76,92.0,91.51,91.67
1091015,1600,91.3,91.75,91.23,91.37
1091016,1600,91.55,91.79,91.34,91.79
1091019,1600,91.62,91.93,91.56,91.93
1091020,1600,92.18,92.33,92.07,92.14
1091021,1600,91.86,91.94,91.57,91.93
1091022,1600,91.54,91.83,91.51,91.66
1091023,1600,91.29,91.46,91.2,91.21
1091026,1600,91.02,91.1,90.63,90.69
1091027,1600,90.88,91.5,90.88,91.47
1091028,1600,91.48,91.94,91.44,91.75
1091029,1600,91.49,91.53,91.08,91.31
1091030,1600,91.58,92.0,91.55,91.99
1091102,1600,91.28,91.28,90.89,90.98
1091103,1600,91.23,91.23,90.6,90.77
1091104,1600,90.48,90.7,90.23,90.52
1091105,1600,90.41,90.6,90.29,90.54
1091106,1600,90.75,90.83,90.43,90.81
1091109,1600,90.77,90.97,90.74,90.85
1091110,1600,91.08,91.16,90.75,90.92
1091111,1600,91.2,91.42,91.05,91.18
1091112,1600,90.97,91.24,90.62,91.21
1091113,1600,91.2,91.3,91.07,91.28
1091116,1600,91.46,91.89,91.37,91.77
1091117,1600,91.7,92.03,91.6,91.97
1091118,1600,91.82,91.91,91.62,91.74
1091119,1600,91.86,92.09,91.77,91.85
1091120,1600,91.9,91.98,91.7,91.84
1091123,1600,91.61,91.75,91.46,91.71
1091124,1600,91.9,92.26,91.8,92.18
1091125,1600,92.11,92.54,91.98,92.49
1091127,1600,92.9,93.0,92.73,92.91
1091130,1600,92.88,93.12,92.72,93.06
1091201,1600,92.61,92.66,92.3,92.34
1091202,1600,92.26,92.41,92.02,92.15
1091203,1600,91.6,91.78,91.57,91.72
1091204,1600,90.96,91.14,90.79,91.04
1091207,1600,91.06,91.37,91.04,91.29
1091208,1600,91.74,91.88,91.5,91.61
1091209,1600,91.65,91.8,91.37,91.43
1091210,1600,91.25,91.28,90.85,91.12
1091211,1600,90.81,90.81,90.48,90.67
1091214,1600,90.74,90.86,90.63,90.67
1091215,1600,90.31,90.47,90.2,90.38
1091216,1600,90.54,90.7,90.28,90.38
1091217,1600,90.9,91.18,90.73,91.18
1091218,1600,90.98,91.13,90.7,90.73
1091221,1600,90.32,90.33,89.75,89.8
1091222,1600,89.55,89.59,89.33,89.4
1091223,1600,89.57,89.78,89.35,89.36
1091224,1600,89.3,89.36,89.04,89.04
1091228,1600,88.95,88.97,88.79,88.8
1091229,1600,88.74,88.93,88.63,88.87
1091230,1600,88.92,89.06,88.81,89.03
1091231,1600,88.59,88.96,88.29,88.6
1100104,1600,88.74,88.95,88.63,88.82
1100105,1600,89.06,89.35,89.06,89.21
1100106,1600,89.15,89.2,88.78,88.85
1100107,1600,88.87,89.05,88.81,88.85
1100108,1600,89.13,89.14,88.82,88.96
1100111,1600,89.01,89.15,88.93,89.02
1100112,1600,89.6,89.72,89.48,89.66
1100113,1600,89.48,89.67,89.2,89.23
1100114,1600,89.49,89.77,89.39,89.65
1100115,1600,89.98,90.15,89.96,90.05
1100119,1600,89.86,89.96,89.71,89.89
1100120,1600,90.14,90.32,90.13,90.2
1100121,1600,90.08,90.6,90.06,90.53
1100122,1600,90.46,90.68,90.43,90.61
1100125,1600,90.41,90.53,90.4,90.41
1100126,1600,90.69,90.71,90.42,90.59
1100127,1600,90.64,90.81,90.3,90.38
1100128,1600,90.09,90.45,90.09,90.35
1100129,1600,90.26,90.7,90.15,90.7
1100201,1600,90.26,90.26,89.99,90.09
1100202,1600,90.13,90.25,90.1,90.24
1100203,1600,89.98,90.05,89.78,89.81
1100204,1600,90.2,90.59,90.2,90.55
1100205,1600,90.49,91.0,90.43,90.84
1100208,1600,90.68,90.78,90.56,90.76
1100209,1600,90.52,90.73,90.25,90.27
1100210,1600,90.41,90.46,89.89,90.02
1100211,1600,90.03,90.03,89.67,89.91
1100212,1600,90.2,90.27,90.1,90.12
1100216,1600,89.94,90.35,89.91,90.32
1100217,1600,90.09,90.22,89.68,89.84
1100218,1600,89.9,89.9,89.31,89.52
1100219,1600,89.46,89.57,89.26,89.57
1100222,1600,89.44,89.58,89.42,89.5
1100223,1600,89.61,90.23,89.58,90.18
1100224,1600,90.21,90.38,90.05,90.23
1100225,1600,90.57,90.62,90.42,90.56
1100226,1600,90.62,90.91,90.61,90.7
1100301,1600,90.56,90.62,90.4,90.55
1100302,1600,90.36,90.62,90.32,90.6
1100303,1600,90.41,90.56,90.3,90.51
1100304,1600,90.47,90.78,90.37,90.67
1100305,1600,90.31,90.33,90.05,90.24
1100308,1600,90.01,90.08,89.97,90.0
1100309,1600,90.18,90.23,90.0,90.23
1100310,1600,89.93,90.1,89.88,90.08
1100311,1600,89.91,90.14,89.85,90.0
1100312,1600,89.8,90.25,89.79,90.14
1100315,1600,90.13,90.2,89.97,90.14
1100316,1600,90.16,90.53,90.13,90.49
1100317,1600,90.56,90.63,90.45,90.6
1100318,1600,90.53,90.59,90.33,90.36
1100319,1600,90.24,90.52,90.23,90.24
1100322,1600,90.46,90.54,90.39,90.54
1100323,1600,90.51,90.6,90.35,90.35
1100324,1600,89.87,89.99,89.32,89.45
1100325,1600,89.27,89.37,88.82,89.12
1100326,1600,89.03,89.36,89.02,89.33
1100329,1600,89.3,89.37,89.1,89.2
1100330,1600,89.19,89.29,89.02,89.29
1100331,1600,89.46,89.58,89.35,89.5
1100401,1600,89.11,89.16,88.94,89.06
1100405,1600,88.44,88.53,88.12,88.26
1100406,1600,88.56,88.6,88.37,88.52
1100407,1600,88.51,89.17,88.49,89.07
1100408,1600,89.16,89.31,88.92,88.97
1100409,1600,88.85,89.1,88.75,89.07
1100412,1600,89.21,89.41,89.12,89.31
1100413,1600,89.53,89.59,89.33,89.48
1100414,1600,89.48,89.57,89.2,89.24
1100415,1600,89.11,89.47,89.07,89.39
1100416,1600,89.54,89.96,89.43,89.93
1100419,1600,89.85,89.88,89.64,89.71
1100420,1600,89.67,89.75,89.55,89.75
1100421,1600,89.84,90.08,89.75,90.04
1100422,1600,90.15,90.25,89.8,89.83
1100423,1600,89.61,89.68,89.49,89.58
1100426,1600,89.78,89.81,89.55,89.64
1100427,1600,90.05,90.54,89.95,90.48
1100428,1600,90.16,90.29,89.86,90.02
1100429,1600,90.01,90.23,89.89,90.17
1100430,1600,90.28,90.73,90.27,90.72
1100503,1600,90.17,90.28,90.11,90.21
1100504,1600,90.76,90.89,90.61,90.82
1100505,1600,91.18,91.59,90.98,91.17
1100506,1600,91.24,93.06,91.1,92.17
1100507,1600,91.93,92.75,91.78,91.92
1100510,1600,90.99,91.41,90.98,91.22
1100511,1600,91.41,91.46,91.03,91.33
1100512,1600,91.22,91.34,91.04,91.1
1100513,1600,91.35,91.43,90.89,91.35
1100514,1600,91.76,92.21,91.7,91.94
1100517,1600,91.93,92.33,91.7,91.74
1100518,1600,91.78,92.48,91.74,92.41
1100519,1600,92.43,92.89,92.38,92.49
1100520,1600,93.21,93.63,93.05,93.39
1100521,1600,94.14,94.21,93.27,93.44
1100524,1600,93.52,93.67,93.33,93.44
1100525,1600,94.03,94.2,93.62,93.76
1100526,1600,93.46,93.6,93.11,93.57
1100527,1600,92.88,92.9,92.57,92.68
1100528,1600,92.9,93.14,92.72,93.1
1100601,1600,93.16,93.19,92.73,92.96
1100602,1600,92.92,93.03,92.39,92.43
1100603,1600,92.14,92.56,92.08,92.3
1100604,1600,93.19,93.61,93.09,93.58
1100607,1600,93.47,93.98,93.42,93.96
1100608,1600,93.68,93.92,93.63,93.67
1100609,1600,93.41,93.79,93.3,93.68
1100610,1600,93.29,93.33,92.77,92.81
1100611,1600,93.24,93.56,93.0,93.4
1100614,1600,92.93,93.33,92.81,93.32
1100615,1600,93.34,93.43,92.9,93.03
1100616,1600,93.31,93.37,93.02,93.29
1100617,1600,93.39,93.87,93.39,93.73
1100618,1600,93.67,93.71,93.53,93.54
1100621,1600,93.03,93.51,93.0,93.47
1100622,1600,93.54,94.07,93.49,94.03
1100623,1600,94.12,94.53,94.1,94.38
1100624,1600,94.57,94.66,94.17,94.3
1100625,1600,94.21,94.68,94.19,94.45
1100628,1600,94.78,95.13,94.78,95.12
1100629,1600,95.34,95.6,95.3,95.53
1100630,1600,95.61,95.67,95.33,95.67
1100701,1600,95.43,95.84,95.34,95.38
1100702,1600,95.21,95.42,95.08,95.21
1100706,1600,95.16,95.57,95.05,95.44
1100707,1600,95.51,95.52,95.11,95.14
1100708,1600,94.85,95.04,94.71,94.91
1100709,1600,94.78,94.86,94.66,94.66
1100712,1600,94.82,95.06,94.75,94.82
1100713,1600,94.63,94.67,94.33,94.35
1100714,1600,94.68,94.98,94.5,94.82
1100715,1600,95.02,95.49,95.02,95.31
1100716,1600,95.39,95.92,95.39,95.86
1100719,1600,95.72,95.84,95.52,95.61
1100720,1600,95.9,96.11,95.69,95.71
1100721,1600,95.78,96.41,95.77,96.32
1100722,1600,96.05,96.05,95.78,95.79
1100723,1600,95.86,95.93,95.15,95.48
1100726,1600,95.44,95.55,95.23,95.45
1100727,1600,95.14,95.36,95.1,95.12
1100728,1600,95.18,95.61,95.1,95.53
1100729,1600,95.49,95.92,95.43,95.73
1100730,1600,96.23,96.35,96.03,96.29
1100802,1600,95.79,95.92,95.68,95.74
1100803,1600,96.03,96.26,95.99,96.19
1100804,1600,96.15,96.17,95.79,95.79
1100805,1600,96.12,96.29,96.03,96.25
1100806,1600,96.68,96.89,96.53,96.88
1100809,1600,96.75,96.88,96.7,96.86
1100810,1600,96.81,97.42,96.72,97.35
1100811,1600,97.7,97.93,97.64,97.9
1100812,1600,97.96,97.97,97.55,97.65
1100813,1600,97.84,98.09,97.78,98.07
1100816,1600,98.66,98.81,98.54,98.78
1100817,1600,98.52,98.54,98.1,98.28
1100818,1600,98.54,98.66,98.14,98.18
1100819,1600,98.15,98.77,98.12,98.62
1100820,1600,98.61,98.68,98.25,98.3
1100823,1600,98.26,98.5,98.16,98.43
1100824,1600,98.97,99.39,98.84,99.21
1100825,1600,99.47,99.66,98.67,98.76
1100826,1600,98.81,99.21,98.71,99.21
1100827,1600,98.78,99.13,97.9,98.07
1100830,1600,98.39,98.83,98.31,98.82
1100831,1600,99.22,99.34,99.01,99.26
1100901,1600,98.64,98.69,97.92,98.3
1100902,1600,98.07,98.09,97.83,97.89
1100903,1600,97.12,97.5,97.08,97.33
1100907,1600,97.85,98.13,97.73,98.1
1100908,1600,97.84,98.0,97.62,97.83
1100909,1600,97.39,97.47,97.01,97.06
1100910,1600,96.79,96.9,96.58,96.78
1100913,1600,96.72,97.3,96.72,97.24
1100914,1600,97.42,97.79,97.41,97.73
1100915,1600,97.6,97.83,97.34,97.39
1100916,1600,97.28,97.36,96.86,97.05
1100917,1600,97.34,97.54,97.17,97.27
1100920,1600,97.42,97.57,97.21,97.57
1100921,1600,97.85,98.49,97.51,98.48
1100922,1600,98.76,99.02,98.56,98.63
1100923,1600,99.14,99.14,98.55,98.77
1100924,1600,98.36,98.46,98.24,98.28
1100927,1600,98.64,99.05,98.64,99.04
1100928,1600,99.07,99.5,99.06,99.37
1100929,1600,99.39,99.44,99.08,99.13
1100930,1600,99.06,99.07,98.4,99.01
1101001,1600,98.51,98.95,98.38,98.83
1101004,1600,99.03,99.24,98.96,99.18
1101005,1600,99.24,99.3,99.09,99.2
1101006,1600,99.88,100.12,99.75,99.84
1101007,1600,99.92,100.06,99.83,99.94
1101008,1600,100.2,100.38,99.97,99.98
1101011,1600,100.12,100.2,99.96,100.08
1101012,1600,100.1,100.26,99.73,99.79
1101013,1600,99.48,99.83,99.32,99.79
1101014,1600,99.75,99.81,99.15,99.22
1101015,1600,99.08,99.15,98.62,98.79
1101018,1600,99.23,99.49,99.09,99.26
1101019,1600,99.13,99.74,99.11,99.6
1101020,1600,99.37,99.76,99.29,99.54
1101021,1600,99.37,99.46,98.99,98.99
1101022,1600,98.88,99.11,98.87,99.02
1101025,1600,99.4,99.5,98.95,98.99
1101026,1600,98.67,98.72,98.33,98.33
1101027,1600,98.12,98.19,97.75,97.76
1101028,1600,98.13,98.42,98.08,98.33
1101029,1600,98.54,98.84,98.49,98.77
1101101,1600,98.84,98.84,98.3,98.37
1101102,1600,98.62,98.73,98.56,98.7
1101103,1600,99.03,99.19,98.42,99.02
1101104,1600,99.6,99.95,99.6,99.82
1101105,1600,99.68,99.85,99.4,99.4
1101108,1600,99.55,99.67,99.32,99.43
1101109,1600,99.43,99.48,98.56,98.59
1101110,1600,98.65,99.04,98.06,98.96
1101111,1600,99.02,99.07,98.58,98.85
1101112,1600,98.61,98.8,98.02,98.03
1101115,1600,97.46,97.73,96.76,96.77
1101116,1600,97.2,97.54,96.65,97.49
1101117,1600,97.52,97.77,97.09,97.21
1101118,1600,96.96,97.05,96.6,96.98
1101119,1600,96.97,97.19,96.92,97.18
1101122,1600,97.48,97.71,97.37,97.7
1101123,1600,98.09,98.23,97.79,97.9
1101124,1600,97.49,97.54,96.78,96.85
1101126,1600,97.11,97.28,97.02,97.27
1101129,1600,97.55,97.61,97.3,97.48
1101130,1600,98.01,98.03,97.56,97.65
1101201,1600,96.41,96.68,96.08,96.13
1101202,1600,96.07,96.35,95.87,95.89
1101203,1600,96.5,96.54,95.8,95.9
1101206,1600,96.36,96.51,96.17,96.5
1101207,1600,95.65,95.74,94.67,94.9
1101208,1600,94.25,94.29,93.43,94.09
1101209,1600,94.33,94.51,93.9,94.29
1101210,1600,93.98,94.09,93.49,93.49
1101213,1600,93.35,94.06,93.21,93.79
1101214,1600,93.4,93.62,92.5,92.8
1101215,1600,93.04,93.21,92.1,92.42
1101216,1600,92.46,92.99,92.06,92.97
1101217,1600,93.2,93.87,93.12,93.77
1101220,1600,94.12,94.36,93.55,93.76
1101221,1600,93.92,93.97,93.47,93.96
1101222,1600,93.91,93.95,93.57,93.7
1101223,1600,93.54,93.54,93.24,93.37
1101227,1600,93.37,93.77,93.12,93.73
1101228,1600,93.32,93.37,92.5,92.5
1101229,1600,92.61,93.7,92.47,93.54
1101230,1600,93.36,93.49,93.04,93.35
1101231,1600,93.43,94.15,93.41,93.82
1110103,1600,93.19,93.79,93.04,93.53
1110104,1600,93.65,93.88,93.48,93.75
1110105,1600,93.06,93.17,92.55,92.74
1110106,1600,93.01,93.29,92.84,93.22
1110107,1600,93.3,94.01,93.18,93.84
1110110,1600,94.01,94.16,93.82,94.16
1110111,1600,94.04,94.04,93.56,93.79
1110112,1600,93.41,93.69,93.24,93.52
1110113,1600,93.49,94.15,93.46,94.15
1110114,1600,94.33,94.43,93.86,93.89
1110118,1600,93.68,93.84,93.34,93.66
1110119,1600,93.62,93.97,93.61,93.9
1110120,1600,93.49,93.56,92.94,93.17
1110121,1600,93.1,93.48,92.98,93.48
1110124,1600,93.52,93.66,93.43,93.49
1110125,1600,93.67,94.18,93.41,93.96
1110126,1600,93.76,93.77,93.3,93.39
1110127,1600,93.47,93.8,93.26,93.74
1110128,1600,93.51,94.32,93.49,94.17
1110131,1600,94.07,94.21,93.69,93.8
1110201,1600,93.25,93.36,93.02,93.13
1110202,1600,93.37,93.42,92.76,92.91
1110203,1600,92.59,92.77,92.34,92.38
1110204,1600,92.14,92.27,91.65,91.81
1110207,1600,91.57,91.8,91.46,91.77
1110208,1600,91.7,91.78,91.07,91.14
1110209,1600,91.32,91.85,91.1,91.66
1110210,1600,91.56,91.7,91.28,91.36
1110211,1600,91.76,92.02,91.6,91.78
1110214,1600,91.65,92.02,91.65,91.81
1110215,1600,91.78,92.04,91.75,92.02
1110216,1600,91.92,92.16,91.68,91.89
1110217,1600,92.24,92.38,92.11,92.23
1110218,1600,91.99,92.22,91.86,92.21
1110222,1600,92.52,93.11,92.47,93.1
1110223,1600,93.08,93.25,92.8,92.87
1110224,1600,93.15,93.35,93.0,93.11
1110225,1600,93.08,93.41,93.08,93.41
1110228,1600,93.42,93.49,93.33,93.37
1110301,1600,92.73,93.3,92.69,93.26
1110302,1600,93.1,93.29,92.77,92.77
1110303,1600,92.45,92.5,92.12,92.14
1110304,1600,92.36,92.82,92.33,92.8
1110307,1600,92.41,92.9,92.36,92.57
1110308,1600,92.52,92.62,92.34,92.35
1110309,1600,92.56,93.06,92.44,92.89
1110310,1600,93.14,93.68,93.0,93.68
1110311,1600,93.69,93.73,93.33,93.46
1110314,1600,93.74,93.98,93.67,93.67
1110315,1600,94.53,94.66,93.97,94.01
1110316,1600,94.48,95.29,94.32,94.81
1110317,1600,94.53,94.72,94.26,94.52
1110318,1600,94.23,94.52,94.2,94.46
1110321,1600,94.15,94.18,93.74,93.97
1110322,1600,93.8,94.03,93.78,94.02
1110323,1600,94.29,94.33,93.78,93.9
1110324,1600,93.63,93.76,93.38,93.42
1110325,1600,93.58,93.62,93.1,93.17
1110328,1600,93.04,93.28,92.95,93.2
1110329,1600,93.09,93.33,92.8,92.93
1110330,1600,92.95,93.28,92.92,93.25
1110331,1600,93.41,93.44,92.97,93.01
1110401,1600,92.54,92.96,92.51,92.96
1110404,1600,93.09,93.31,93.02,93.17
1110405,1600,93.03,93.09,92.61,92.7
1110406,1600,92.58,92.58,92.26,92.3
1110407,1600,92.32,92.48,92.12,92.31
1110408,1600,92.01,92.21,91.94,92.04
1110411,1600,92.07,92.27,91.96,92.16
1110412,1600,92.55,92.87,92.53,92.68
1110413,1600,92.49,93.04,92.46,93.04
1110414,1600,93.19,93.19,92.73,92.73
1110415,1600,93.27,93.45,93.15,93.41
1110418,1600,93.34,93.75,93.14,93.64
1110419,1600,93.63,93.85,93.6,93.76
1110420,1600,93.63,93.65,93.36,93.39
1110421,1600,93.47,93.69,93.43,93.46
1110425,1600,93.57,93.82,93.52,93.79
1110426,1600,93.9,94.19,93.85,94.19
1110427,1600,93.87,93.97,93.66,93.92
1110428,1600,94.18,94.35,94.0,94.28
1110429,1600,94.15,94.48,94.11,94.47
1110502,1600,94.14,94.39,94.08,94.2
1110503,1600,94.41,94.5,94.27,94.45
1110504,1600,94.46,94.78,94.46,94.69
1110505,1600,94.9,95.19,94.85,95.16
1110506,1600,94.77,95.39,94.72,95.21
1110509,1600,95.23,95.39,95.21,95.35
1110510,1600,95.14,95.2,94.86,94.89
1110511,1600,94.85,95.27,94.76,95.23
1110512,1600,95.26,95.35,94.88,95.02
1110513,1600,95.27,95.71,95.23,95.39
1110516,1600,95.42,95.64,95.26,95.62
1110517,1600,95.83,95.97,95.71,95.9
1110518,1600,95.8,95.83,95.35,95.35
1110519,1600,94.99,95.49,94.95,95.45
1110520,1600,95.45,95.71,95.44,95.68
1110523,1600,96.06,96.09,95.76,95.81
1110524,1600,95.69,95.98,95.64,95.91
1110525,1600,96.02,96.08,95.8,95.92
1110526,1600,96.05,96.45,96.02,96.45
1110527,1600,96.34,96.51,96.31,96.44
1110531,1600,96.27,96.63,96.22,96.59
1110601,1600,96.7,97.17,96.66,97.14
1110602,1600,96.75,97.0,96.55,96.56
1110603,1600,97.19,97.19,96.68,96.94
1110606,1600,96.71,96.97,96.63,96.88
1110607,1600,96.68,97.08,96.51,97.06
1110608,1600,97.12,97.41,97.08,97.27
1110609,1600,97.3,97.38,96.78,96.88
1110610,1600,97.11,97.38,97.1,97.19
1110613,1600,96.96,97.32,96.9,96.98
1110614,1600,96.47,96.55,96.2,96.21
1110615,1600,96.45,97.26,96.45,97.25
1110616,1600,97.38,97.67,97.22,97.52
1110617,1600,97.31,97.51,97.24,97.45
1110620,1600,97.58,97.58,97.16,97.3
1110621,1600,97.23,97.33,97.0,97.17
1110622,1600,97.39,97.45,96.99,97.13
1110623,1600,97.56,97.87,97.56,97.64
1110624,1600,97.69,98.19,97.67,98.05
1110627,1600,98.13,98.15,97.62,97.67
1110628,1600,97.52,97.55,96.59,96.77
1110629,1600,96.58,96.67,96.13,96.19
1110630,1600,96.4,96.41,95.52,95.86
1110701,1600,95.76,95.8,95.25,95.39
1110705,1600,95.79,96.02,95.74,95.99
1110706,1600,96.23,96.4,96.08,96.16
1110707,1600,95.83,95.86,95.65,95.79
1110708,1600,96.58,96.9,96.54,96.81
1110711,1600,97.25,97.56,97.13,97.55
1110712,1600,97.69,97.72,97.36,97.69
1110713,1600,97.49,97.86,97.3,97.85
1110714,1600,97.49,97.72,97.28,97.29
1110715,1600,97.15,97.74,97.13,97.69
1110718,1600,97.78,97.9,97.56,97.63
1110719,1600,97.53,98.0,97.44,98.0
1110720,1600,97.71,97.78,97.47,97.52
1110721,1600,97.29,97.4,96.79,96.98
1110722,1600,97.19,97.36,97.14,97.35
1110725,1600,97.0,97.52,96.92,97.04
1110726,1600,97.19,97.57,97.15,97.45
1110727,1600,97.31,97.54,97.07,97.29
1110728,1600,97.59,97.64,97.4,97.48
1110729,1600,98.03,98.79,98.0,98.66
1110801,1600,98.31,98.99,98.3,98.78
1110802,1600,99.12,99.79,98.94,99.69
1110803,1600,99.69,100.13,99.59,99.77
1110804,1600,99.91,101.11,99.87,101.09
1110805,1600,100.3,100.9,99.79,99.92
1110808,1600,100.61,101.64,100.54,101.51
1110809,1600,101.21,103.76,101.0,102.1
1110810,1600,102.85,103.69,102.48,103.45
1110811,1600,102.77,103.03,101.67,101.93
1110812,1600,102.25,102.69,102.13,102.64
1110815,1600,102.53,102.72,102.25,102.26
1110816,1600,102.31,103.03,102.29,102.73
1110817,1600,102.91,103.45,102.62,103.45
1110818,1600,104.14,104.72,103.75,103.99
1110819,1600,103.97,104.1,103.62,104.1
1110822,1600,103.64,103.95,103.58,103.91
1110823,1600,103.6,104.13,103.46,103.49
1110824,1600,103.33,103.35,102.38,102.38
1110825,1600,102.65,103.12,102.56,103.01
1110826,1600,103.47,103.77,103.02,103.34
1110829,1600,102.53,102.85,102.53,102.66
1110830,1600,103.19,103.58,103.16,103.37
1110831,1600,103.61,103.62,102.98,103.0
1110901,1600,103.05,103.6,102.5,103.59
1110902,1600,104.25,104.66,104.01,104.54
1110906,1600,105.01,105.06,104.58,104.68
1110907,1600,104.27,104.49,104.04,104.12
1110908,1600,104.45,104.66,104.19,104.63
1110909,1600,104.82,105.29,104.74,105.14
1110912,1600,105.04,105.18,104.8,104.82
1110913,1600,104.71,104.81,104.42,104.51
1110914,1600,104.51,104.81,104.3,104.57
1110915,1600,103.79,103.98,103.6,103.79
1110916,1600,103.59,104.02,103.55,103.99
1110919,1600,104.76,105.03,104.7,104.84
1110920,1600,104.82,104.98,104.71,104.98
1110921,1600,104.94,105.57,104.79,105.43
1110922,1600,106.31,106.66,106.0,106.41
1110923,1600,106.35,106.44,105.52,105.53
1110926,1600,105.34,105.5,105.0,105.09
1110927,1600,104.33,104.51,104.17,104.39
1110928,1600,104.31,104.41,103.8,104.41
1110929,1600,104.23,104.7,104.1,104.41
1110930,1600,105.07,105.17,104.7,105.07
1111003,1600,105.08,105.83,104.97,105.83
1111004,1600,106.06,106.26,105.29,105.29
1111005,1600,105.18,105.24,104.76,104.85
1111006,1600,104.58,104.71,104.09,104.12
1111007,1600,103.58,103.88,103.25,103.58
1111010,1600,102.69,102.93,102.13,102.49
1111011,1600,102.98,103.07,102.72,102.83
1111012,1600,102.41,102.65,102.05,102.48
1111013,1600,102.8,103.24,102.7,102.89
1111014,1600,102.36,102.59,102.23,102.38
1111017,1600,102.56,103.08,102.56,103.05
1111018,1600,103.16,103.45,102.71,102.94
1111019,1600,102.81,103.29,102.74,103.1
1111020,1600,102.97,103.45,102.61,102.89
1111021,1600,102.8,102.99,102.52,102.7
1111024,1600,102.76,102.81,102.53,102.65
1111025,1600,102.56,103.57,102.55,103.53
1111026,1600,103.24,103.49,102.75,102.77
1111027,1600,102.14,102.32,101.36,101.53
1111028,1600,101.9,102.27,101.88,102.14
1111031,1600,102.79,103.51,102.74,103.51
1111101,1600,104.23,104.58,103.86,104.54
1111102,1600,103.9,104.4,103.82,104.29
1111103,1600,103.8,104.17,103.71,103.8
1111104,1600,103.82,104.21,103.76,104.11
1111107,1600,104.05,104.65,103.97,104.23
1111108,1600,104.11,104.4,103.69,103.76
1111109,1600,104.63,104.89,103.77,104.68
1111110,1600,104.25,104.53,103.84,104.17
1111111,1600,103.89,103.91,103.58,103.69
1111114,1600,104.08,104.41,104.03,104.34
1111115,1600,104.4,104.67,104.09,104.2
1111116,1600,104.51,104.6,104.24,104.58
1111117,1600,104.41,105.01,104.33,104.79
1111118,1600,104.61,104.71,104.25,104.4
1111121,1600,104.75,104.91,104.64,104.69
1111122,1600,104.79,105.03,104.56,105.01
1111123,1600,104.78,105.43,104.71,105.37
1111125,1600,104.98,104.98,104.68,104.7
1111128,1600,103.96,104.84,103.92,104.71
1111129,1600,104.39,104.76,104.13,104.51
1111130,1600,104.03,104.2,103.81,103.9
1111201,1600,103.5,103.88,103.29,103.67
1111202,1600,103.49,104.17,103.47,104.13
1111205,1600,103.57,104.21,103.57,104.07
1111206,1600,103.77,104.02,103.65,103.8
1111207,1600,104.01,104.35,103.91,104.27
1111208,1600,104.23,104.81,104.12,104.8
1111209,1600,104.71,104.77,104.08,104.08
1111212,1600,104.47,104.68,104.37,104.44
1111213,1600,104.24,105.01,104.15,104.92
1111214,1600,105.02,105.38,104.91,105.36
1111215,1600,105.05,105.37,105.03,105.27
1111216,1600,105.43,105.9,105.43,105.78
1111219,1600,105.75,106.18,105.68,106.14
1111220,1600,105.7,105.7,105.18,105.18
1111221,1600,105.32,105.37,104.83,104.84
1111222,1600,105.15,105.32,104.94,104.97
1111223,1600,104.72,104.78,104.38,104.54
1111227,1600,104.43,104.44,104.25,104.41
1111228,1600,104.58,105.18,104.54,105.07
1111229,1600,105.03,105.32,104.91,105.2
1111230,1600,105.33,106.04,105.28,105.57
1120103,1600,104.9,105.19,104.77,104.9
1120104,1600,104.89,104.93,104.45,104.57
1120105,1600,104.66,105.01,104.52,104.59
1120106,1600,104.72,105.06,104.72,105.0
1120109,1600,104.94,105.27,104.9,105.02
1120110,1600,104.74,105.01,104.69,104.81
1120111,1600,105.08,105.45,105.08,105.42
1120112,1600,105.36,105.41,105.09,105.2
1120113,1600,105.7,105.91,105.64,105.67
1120117,1600,105.62,105.83,105.6,105.77
1120118,1600,105.92,105.92,105.39,105.44
1120119,1600,105.23,105.3,104.69,104.81
1120120,1600,104.61,104.78,104.42,104.45
1120123,1600,104.14,104.32,104.0,104.22
1120124,1600,104.34,104.34,104.05,104.34
1120125,1600,104.28,105.44,104.23,104.84
1120126,1600,105.12,105.46,105.12,105.4
1120127,1600,105.56,105.75,105.37,105.72
1120130,1600,106.1,106.31,106.02,106.08
1120131,1600,105.93,106.49,105.93,106.48
1120201,1600,106.04,106.08,105.84,105.92
1120202,1600,105.98,106.13,105.88,106.07
1120203,1600,105.28,105.41,105.09,105.23
1120206,1600,105.27,105.59,105.15,105.52
1120207,1600,105.07,105.15,104.76,104.84
1120208,1600,104.83,105.0,104.73,104.89
1120209,1600,104.7,104.8,104.38,104.65
1120210,1600,105.15,105.34,105.02,105.24
1120213,1600,105.04,105.3,105.0,105.17
1120214,1600,105.32,105.55,105.23,105.39
1120215,1600,105.36,105.68,105.35,105.47
1120216,1600,105.21,105.34,104.81,104.99
1120217,1600,104.67,104.92,104.64,104.88
1120221,1600,104.67,104.71,104.37,104.5
1120222,1600,104.66,105.0,104.66,104.91
1120223,1600,104.82,105.19,104.68,105.06
1120224,1600,105.13,105.21,105.06,105.14
1120227,1600,105.6,105.66,105.45,105.49
1120228,1600,105.69,105.8,105.46,105.54
1120229,1600,105.5,105.53,104.99,105.12
1120301,1600,104.48,104.64,104.34,104.61
1120302,1600,104.73,105.1,104.73,105.03
1120305,1600,104.94,105.09,104.78,104.82
1120306,1600,105.23,105.42,105.2,105.26
1120307,1600,105.21,105.25,105.01,105.06
1120308,1600,104.97,105.07,104.71,104.75
1120309,1600,104.63,104.71,104.43,104.67
1120312,1600,104.86,104.9,104.64,104.64
1120313,1600,104.4,104.44,103.87,103.89
1120314,1600,103.39,103.44,102.62,102.7
1120315,1600,102.57,102.9,102.57,102.67
1120316,1600,102.24,102.65,102.15,102.64
1120319,1600,102.5,102.56,101.83,102.01
1120320,1600,102.11,102.25,101.77,102.06
1120321,1600,102.27,102.63,102.26,102.58
1120322,1600,102.82,102.9,102.63,102.71
1120323,1600,102.98,103.25,102.95,103.09
1120326,1600,103.02,103.13,102.67,102.97
1120327,1600,103.16,103.61,103.14,103.54
1120328,1600,103.36,103.74,103.36,103.36
1120329,1600,103.73,103.79,103.57,103.79
1120330,1600,103.77,103.91,103.15,103.28
1120402,1600,103.53,103.54,103.25,103.35
1120403,1600,103.51,103.69,102.51,102.59
1120404,1600,103.01,103.12,102.9,103.11
1120405,1600,103.57,103.6,103.29,103.57
1120409,1600,104.66,104.76,104.53,104.63
1120410,1600,104.8,105.2,104.72,105.12
1120411,1600,104.71,104.83,104.61,104.71
1120412,1600,104.79,104.82,104.47,104.5
1120413,1600,104.9,105.15,104.87,105.13
1120416,1600,105.09,105.42,105.05,105.1
1120417,1600,104.97,105.08,104.88,104.99
1120418,1600,105.14,105.23,105.08,105.2
1120419,1600,105.31,105.4,105.27,105.32
1120420,1600,105.13,105.33,105.07,105.33
1120423,1600,105.6,105.72,105.51,105.54
1120424,1600,105.43,105.46,105.25,105.27
1120425,1600,105.02,105.32,104.77,105.14
1120426,1600,105.5,105.53,105.31,105.49
1120427,1600,105.42,105.61,105.41,105.6
1120430,1600,105.69,105.81,105.64,105.69
1120501,1600,105.66,105.7,105.22,105.33
1120502,1600,105.57,105.61,105.39,105.53
1120503,1600,105.31,105.58,105.31,105.52
1120504,1600,105.68,105.94,105.67,105.94
1120507,1600,105.98,106.04,105.87,105.91
1120508,1600,106.12,106.38,106.1,106.15
1120509,1600,106.44,106.5,106.14,106.24
1120510,1600,106.0,106.13,105.85,106.09
1120511,1600,106.44,106.47,106.27,106.44
1120514,1600,106.88,107.0,106.73,106.91
1120515,1600,106.84,107.0,106.76,106.94
1120516,1600,106.65,107.08,106.62,107.02
1120517,1600,106.92,107.43,106.9,107.42
1120518,1600,107.1,107.44,107.07,107.35
1120521,1600,107.18,107.26,107.07,107.07
1120522,1600,106.79,106.94,106.63,106.84
1120523,1600,107.13,107.4,107.08,107.12
1120524,1600,106.96,107.04,106.85,106.89
1120525,1600,107.11,107.25,107.06,107.2
1120529,1600,107.26,107.47,107.11,107.11
1120530,1600,107.85,108.21,107.81,108.13
1120531,1600,108.34,108.89,108.3,108.55
1120601,1600,109.06,109.37,108.91,109.31
1120604,1600,108.84,108.99,108.64,108.68
1120605,1600,108.51,108.65,108.31,108.32
1120606,1600,108.29,108.32,107.58,107.61
1120607,1600,107.58,107.94,107.51,107.87
1120608,1600,108.39,108.43,107.86,107.95
1120611,1600,107.71,108.32,107.71,108.24
1120612,1600,107.92,108.1,107.64,107.66
1120613,1600,107.85,108.31,107.71,108.23
1120614,1600,108.16,108.25,107.83,107.94
1120615,1600,108.39,108.54,108.26,108.44
1120618,1600,108.46,108.53,108.24,108.41
1120619,1600,108.17,108.21,107.88,108.04
1120620,1600,107.7,108.12,107.53,107.82
1120621,1600,107.93,108.2,107.87,108.05
1120622,1600,107.63,107.82,107.57,107.58
1120625,1600,107.99,108.18,107.98,108.17
1120626,1600,107.9,108.12,107.82,107.93
1120627,1600,108.07,108.12,107.85,108.08
1120628,1600,108.47,108.54,108.35,108.43
1120629,1600,107.82,108.04,107.78,107.93
1120702,1600,108.0,108.54,107.98,108.27
1120703,1600,108.25,108.27,107.95,108.0
1120705,1600,108.14,108.36,108.08,108.29
1120706,1600,108.62,108.76,108.56,108.67
1120709,1600,108.77,108.99,108.74,108.97
1120710,1600,108.89,109.08,108.86,109.02
1120711,1600,109.07,109.34,108.88,108.92
1120712,1600,109.08,109.2,109.04,109.17
1120713,1600,109.13,109.13,108.91,109.08
1120716,1600,109.42,109.54,109.28,109.32
1120717,1600,109.15,109.3,109.0,109.04
1120718,1600,109.22,109.28,109.13,109.15
1120719,1600,109.06,109.2,108.94,108.99
1120720,1600,109.29,109.5,109.29,109.42
1120723,1600,109.74,109.77,109.52,109.6
1120724,1600,109.44,109.89,109.42,109.81
1120725,1600,109.76,109.88,109.69,109.87
1120726,1600,109.66,109.74,109.5,109.53
1120727,1600,109.18,109.18,108.36,108.74
1120730,1600,108.78,109.12,108.71,109.09
1120731,1600,109.26,109.32,108.94,109.28
1120801,1600,108.84,109.05,108.55,108.72
1120802,1600,109.05,109.28,108.93,108.98
1120803,1600,108.52,108.63,108.19,108.41
1120806,1600,108.48,108.66,108.43,108.48
1120807,1600,107.98,108.02,107.79,107.91
1120808,1600,107.95,108.06,107.68,107.76
1120809,1600,107.63,107.83,107.42,107.68
1120810,1600,108.14,108.18,107.68,107.99
1120813,1600,108.1,108.19,107.92,107.92
1120814,1600,107.5,107.63,107.39,107.39
1120815,1600,107.14,107.21,106.8,106.85
1120816,1600,106.88,106.98,106.43,106.59
1120817,1600,106.68,106.9,106.68,106.72
1120820,1600,106.7,106.92,106.68,106.78
1120821,1600,106.67,106.89,106.42,106.87
1120822,1600,107.26,107.7,107.18,107.7
1120823,1600,107.86,108.01,107.7,107.89
1120824,1600,108.07,108.14,107.8,107.84
1120827,1600,108.01,108.13,107.98,108.12
1120828,1600,108.19,108.37,108.14,108.16
1120829,1600,108.16,108.16,107.92,108.09
1120830,1600,108.35,108.45,108.28,108.29
1120831,1600,108.29,108.99,108.22,108.99
1120904,1600,108.6,108.83,108.52,108.59
1120905,1600,108.56,108.68,108.44,108.55
1120906,1600,108.06,108.08,107.79,107.81
1120907,1600,108.53,108.57,107.95,107.95
1120910,1600,108.04,108.1,107.82,108.0
1120911,1600,107.93,107.95,107.71,107.8
1120912,1600,107.39,107.8,107.2,107.27
1120913,1600,107.56,107.77,106.77,107.58
1120914,1600,106.98,107.58,106.42,106.57
1120917,1600,106.67,106.96,106.65,106.79
1120918,1600,107.22,107.28,107.01,107.06
1120919,1600,107.36,107.41,107.18,107.31
1120920,1600,107.69,107.74,107.24,107.37
1120921,1600,107.26,107.61,107.23,107.6
1120924,1600,107.74,107.93,107.74,107.84
1120925,1600,107.95,108.25,107.7,108.24
1120926,1600,108.49,108.69,108.43,108.69
1120927,1600,108.43,108.54,108.32,108.46
1120928,1600,108.58,108.7,108.36,108.46
1121001,1600,108.41,108.54,108.23,108.52
1121002,1600,108.3,108.56,108.29,108.45
1121003,1600,108.44,108.56,108.3,108.56
1121004,1600,108.32,108.42,108.09,108.13
1121005,1600,107.76,107.81,107.57,107.64
1121008,1600,107.88,108.01,107.86,107.99
1121009,1600,107.7,107.95,107.68,107.77
1121010,1600,107.6,108.07,107.53,108.03
1121011,1600,107.69,108.14,107.63,108.13
1121012,1600,108.21,108.38,108.11,108.14
1121015,1600,108.18,108.25,108.06,108.17
1121016,1600,107.93,107.93,107.66,107.66
1121017,1600,107.34,107.38,106.94,106.98
1121018,1600,107.08,107.18,106.75,106.79
1121019,1600,106.95,107.34,106.92,107.24
1121022,1600,107.03,107.13,106.88,106.88
1121023,1600,107.2,107.39,107.2,107.39
1121024,1600,107.15,107.32,107.09,107.16
1121025,1600,106.65,107.04,106.59,106.77
1121026,1600,107.14,107.46,107.11,107.45
1121031,1600,107.69,107.98,107.65,107.89
1121101,1600,107.64,107.68,107.4,107.53
1121102,1600,107.29,107.64,107.25,107.62
1121105,1600,107.84,107.99,107.81,107.88
1121106,1600,107.79,107.86,107.37,107.39
1121107,1600,108.33,108.54,108.2,108.29
1121108,1600,108.27,108.79,108.15,108.77
1121109,1600,108.71,108.82,108.55,108.78
1121112,1600,108.78,108.87,108.7,108.85
1121113,1600,108.99,109.0,108.81,108.98
1121114,1600,108.7,109.03,108.67,109.01
1121115,1600,108.79,109.07,108.77,108.96
1121116,1600,108.94,109.2,108.91,109.03
1121119,1600,108.72,108.82,108.68,108.81
1121120,1600,108.64,108.7,108.36,108.36
1121121,1600,108.2,108.28,108.16,108.2
1121123,1600,108.2,108.21,108.13,108.14
1121126,1600,108.4,108.52,108.29,108.32
1121127,1600,108.39,108.58,108.33,108.57
1121128,1600,108.77,108.87,108.66,108.71
1121129,1600,108.71,108.86,108.65,108.82
1121130,1600,108.9,108.91,108.76,108.8
1121203,1600,108.44,108.64,108.37,108.62
1121204,1600,108.69,108.82,108.66,108.81
1121205,1600,108.92,109.06,108.87,108.9
1121206,1600,109.1,109.15,108.95,108.96
1121207,1600,108.69,108.86,108.63,108.65
1121210,1600,108.79,108.82,108.65,108.75
1121211,1600,108.51,108.55,108.42,108.54
1121212,1600,108.42,108.6,108.08,108.08
1121213,1600,107.95,108.1,107.8,107.87
1121214,1600,108.0,108.15,108.0,108.11
1121217,1600,108.01,108.03,107.51,107.54
1121218,1600,107.48,107.54,107.0,107.12
1121219,1600,107.27,107.53,107.22,107.27
1121220,1600,107.42,107.58,107.29,107.34
1121221,1600,107.74,107.81,107.61,107.63
1121224,1600,107.55,107.58,107.5,107.52
1121226,1600,107.49,107.64,107.48,107.59
1121227,1600,107.54,108.02,107.52,107.81
1121228,1600,108.01,108.07,107.9,108.06
1121231,1600,107.91,107.96,107.45,107.49
1130102,1600,107.0,107.15,106.95,107.0
1130103,1600,107.03,107.05,106.44,106.45
1130104,1600,106.34,106.5,106.21,106.5
1130107,1600,106.5,106.6,106.42,106.56
1130108,1600,106.71,106.84,106.69,106.82
1130109,1600,106.85,106.98,106.74,106.88
1130110,1600,106.58,106.77,106.53,106.57
1130111,1600,106.41,106.91,106.37,106.91
1130114,1600,107.02,107.06,106.85,106.87
1130115,1600,107.22,107.27,107.09,107.13
1130116,1600,107.3,107.34,107.15,107.27
1130117,1600,106.84,106.91,106.67,106.78
1130118,1600,106.96,107.13,106.93,107.08
1130122,1600,106.87,107.22,106.85,107.17
1130123,1600,107.25,107.35,107.15,107.22
1130124,1600,107.14,107.16,106.91,107.04
1130125,1600,106.53,106.63,106.26,106.33
1130128,1600,105.89,106.14,105.89,106.11
1130129,1600,106.15,106.32,105.93,105.95
1130130,1600,105.87,106.03,105.72,106.01
1130131,1600,106.11,106.11,105.93,106.1
1130201,1600,106.41,106.43,105.56,105.6
1130204,1600,105.93,106.27,105.89,106.21
1130205,1600,105.81,105.88,105.73,105.83
1130206,1600,106.06,106.2,105.95,106.15
1130207,1600,106.15,106.45,106.14,106.2
1130208,1600,106.22,106.32,105.97,106.28
1130211,1600,106.2,106.31,106.17,106.17
1130212,1600,106.01,106.17,105.98,106.06
1130213,1600,105.72,105.87,105.64,105.69
1130214,1600,105.95,106.15,105.81,106.14
1130215,1600,106.04,106.1,105.85,106.04
1130219,1600,106.19,106.21,105.86,105.87
1130220,1600,105.83,106.12,105.79,106.1
1130221,1600,106.33,106.5,106.28,106.31
1130222,1600,106.34,106.48,106.33,106.44
1130225,1600,106.17,107.26,106.16,107.26
1130226,1600,107.06,107.38,106.98,107.06
1130227,1600,107.34,107.37,106.92,107.01
1130228,1600,107.12,107.17,106.99,107.16
1130301,1600,107.19,107.33,107.11,107.3
1130304,1600,107.22,107.26,107.05,107.05
1130305,1600,106.97,107.01,106.82,106.94
1130306,1600,106.62,106.78,106.6,106.6
1130307,1600,106.41,106.43,106.17,106.19
1130308,1600,105.64,105.84,105.57,105.65
1130311,1600,105.75,105.8,105.65,105.7
1130312,1600,105.86,106.05,105.85,105.99
1130313,1600,105.8,106.01,105.72,105.9
1130314,1600,105.69,106.01,105.66,105.93
1130315,1600,105.99,106.32,105.99,106.3
1130318,1600,106.68,106.69,106.49,106.65
1130319,1600,106.77,107.11,106.74,106.98
1130320,1600,106.7,106.83,106.56,106.57
1130321,1600,106.85,106.86,106.68,106.85
1130322,1600,106.92,106.95,106.68,106.89
1130325,1600,106.71,107.12,106.68,106.97
1130326,1600,106.75,107.12,106.73,107.08
1130327,1600,107.46,107.66,107.46,107.54
1130328,1600,107.43,107.57,107.32,107.34
1130401,1600,107.22,107.55,107.22,107.48
1130402,1600,107.32,107.35,107.22,107.27
1130403,1600,107.41,107.82,107.41,107.72
1130404,1600,107.91,108.16,107.88,108.15
1130405,1600,108.53,108.7,108.43,108.49
1130408,1600,108.43,108.51,108.13,108.14
1130409,1600,108.32,108.38,108.12,108.18
1130410,1600,107.94,107.97,107.71,107.73
1130411,1600,107.85,107.97,107.79,107.85
1130412,1600,108.25,108.45,108.13,108.45
1130415,1600,108.4,108.69,108.36,108.69
1130416,1600,108.35,108.51,108.33,108.38
1130417,1600,108.44,108.81,108.4,108.58
1130418,1600,108.66,108.76,108.57,108.64
1130419,1600,108.58,108.58,108.49,108.58
1130422,1600,108.63,108.75,108.58,108.64
1130423,1600,108.77,109.04,108.54,108.57
1130424,1600,108.56,108.69,108.55,108.62
1130425,1600,108.47,108.54,108.39,108.5
1130426,1600,108.78,108.92,108.75,108.89
1130429,1600,108.96,108.99,108.83,108.85
1130430,1600,109.01,109.14,108.79,108.83
1130501,1600,108.92,109.17,108.92,109.05
1130502,1600,108.99,109.06,108.93,109.05
1130503,1600,108.47,108.5,108.05,108.12
1130506,1600,108.15,108.19,107.89,107.98
1130507,1600,107.81,107.94,107.81,107.83
1130508,1600,107.93,108.09,107.9,107.96
1130509,1600,108.04,108.24,107.91,107.94
1130510,1600,107.75,107.75,107.08,107.33
1130513,1600,107.1,107.17,107.07,107.14
1130514,1600,107.28,107.32,106.67,106.71
1130515,1600,107.03,107.13,106.73,106.99
1130516,1600,107.24,107.62,107.22,107.5
1130517,1600,107.33,107.37,106.9,106.92
1130520,1600,107.09,107.12,106.73,106.84
1130521,1600,106.8,107.14,106.58,107.12
1130522,1600,107.2,107.43,106.22,106.27
1130523,1600,106.61,106.64,106.13,106.38
1130524,1600,106.5,106.68,106.36,106.42
1130528,1600,106.08,106.15,105.15,105.17
1130529,1600,105.25,105.6,105.19,105.6
1130530,1600,105.57,105.75,105.41,105.61
1130531,1600,105.71,105.75,104.83,105.32
1130603,1600,104.98,105.84,104.22,105.33
1130604,1600,105.09,105.32,105.01,105.06
1130605,1600,105.29,105.61,105.25,105.57
1130606,1600,105.48,106.33,105.3,105.7
1130607,1600,105.35,105.55,104.88,104.88
1130610,1600,104.68,104.81,104.47,104.62
1130611,1600,104.25,104.88,104.19,104.88
1130612,1600,104.49,104.95,104.41,104.41
1130613,1600,104.67,105.32,104.66,105.2
1130614,1600,105.41,105.64,105.27,105.34
1130617,1600,105.46,105.48,105.02,105.09
1130618,1600,104.85,105.12,104.79,105.03
1130619,1600,105.09,107.59,103.48,103.59
1130620,1600,103.22,103.43,102.81,103.12
1130621,1600,102.91,103.0,102.02,102.03
1130624,1600,101.26,102.2,101.25,101.78
1130625,1600,102.06,102.12,101.56,101.66
1130626,1600,102.24,102.31,101.76,102.07
1130627,1600,102.49,102.66,102.22,102.62
1130628,1600,102.13,102.56,101.97,102.5
1130701,1600,102.21,102.48,102.03,102.4
1130702,1600,102.42,102.57,102.28,102.44
1130703,1600,102.45,102.65,102.23,102.24
1130705,1600,100.89,100.93,100.45,100.52
1130708,1600,100.86,101.19,100.84,101.11
1130709,1600,101.28,101.39,101.2,101.28
1130710,1600,101.24,101.38,100.9,100.92
1130711,1600,101.66,101.93,101.57,101.93
1130712,1600,102.21,102.31,101.68,101.85
1130715,1600,101.97,102.17,101.94,102.17
1130716,1600,102.16,102.32,102.1,102.22
1130717,1600,102.81,102.85,102.52,102.67
1130718,1600,102.64,102.64,102.19,102.19
1130719,1600,102.45,102.76,102.44,102.75
1130722,1600,102.74,102.86,102.67,102.74
1130723,1600,102.51,102.65,102.39,102.62
1130724,1600,102.0,102.11,101.65,101.93
1130725,1600,101.62,102.09,101.6,102.08
1130726,1600,102.18,102.24,102.06,102.17
1130729,1600,102.04,102.09,101.85,101.96
1130730,1600,102.06,102.1,101.81,101.93
1130731,1600,101.22,102.08,101.14,102.0
1130801,1600,101.49,101.53,100.86,100.96
1130802,1600,101.48,101.82,101.42,101.82
1130805,1600,101.61,101.65,101.41,101.5
1130806,1600,101.44,101.59,101.39,101.53
1130807,1600,101.65,101.96,101.63,101.9
1130808,1600,102.04,102.15,101.93,102.05
1130809,1600,101.9,102.13,101.88,102.12
1130812,1600,102.27,102.27,101.88,101.92
1130813,1600,101.3,101.3,100.92,101.0
1130814,1600,101.0,101.15,100.97,101.09
1130815,1600,100.53,100.86,100.3,100.53
1130816,1600,100.56,100.56,99.85,100.14
1130819,1600,99.86,99.92,99.61,99.71
1130820,1600,100.07,100.27,100.05,100.25
1130821,1600,100.0,100.25,99.58,99.62
1130822,1600,99.54,99.75,99.33,99.58
1130823,1600,99.5,100.21,99.41,100.14
1130826,1600,100.36,100.39,100.15,100.34
1130827,1600,100.68,100.97,100.53,100.91
1130828,1600,100.62,100.65,100.3,100.5
1130829,1600,100.21,100.73,100.16,100.6
1130830,1600,100.67,100.72,100.41,100.41
1130903,1600,99.83,99.92,99.27,99.69
1130904,1600,99.75,99.79,99.29,99.36
1130905,1600,99.03,99.11,98.6,98.6
1130906,1600,99.31,99.59,99.04,99.2
1130909,1600,99.59,99.63,99.35,99.4
1130910,1600,99.05,99.27,98.94,98.94
1130911,1600,99.26,99.46,99.0,99.44
1130912,1600,99.72,99.82,99.41,99.45
1130913,1600,99.47,99.69,99.45,99.58
1130916,1600,100.48,100.5,99.76,99.8
1130917,1600,100.05,100.06,99.8,100.0
1130918,1600,99.9,101.49,99.59,101.24
1130919,1600,101.23,101.23,100.0,100.89
1130920,1600,100.96,101.15,100.83,100.99
1130923,1600,101.09,101.38,101.09,101.37
1130924,1600,101.46,101.8,101.41,101.74
1130925,1600,101.7,102.04,101.67,102.02
1130926,1600,101.77,101.87,101.67,101.8
1130927,1600,101.84,102.15,101.84,101.94
1130930,1600,102.06,102.11,101.84,102.11
1131001,1600,101.85,101.89,101.66,101.73
1131002,1600,101.87,102.15,101.86,101.9
1131003,1600,101.83,102.28,101.78,102.04
1131004,1600,101.92,101.96,101.64,101.76
1131007,1600,102.06,102.08,101.81,101.85
1131008,1600,101.8,102.0,101.7,101.8
1131009,1600,101.79,101.83,101.54,101.62
1131010,1600,101.27,101.48,101.19,101.4
1131011,1600,101.69,101.83,101.5,101.55
1131014,1600,101.55,101.69,101.13,101.21
1131015,1600,101.41,101.46,101.17,101.23
1131016,1600,101.13,101.73,101.0,101.72
1131017,1600,102.1,102.41,102.04,102.3
1131018,1600,102.43,102.46,102.28,102.31
1131021,1600,102.28,102.29,102.11,102.24
1131022,1600,102.75,102.97,102.72,102.95
1131023,1600,103.02,103.31,103.02,103.13
1131024,1600,103.21,103.23,102.91,102.92
1131025,1600,103.01,103.14,102.98,103.1
1131028,1600,103.0,103.12,102.96,103.0
1131029,1600,102.91,103.14,102.88,103.14
1131030,1600,103.2,103.4,102.76,102.87
1131031,1600,103.11,103.13,102.56,102.75
1131101,1600,102.38,102.42,101.99,102.02
1131104,1600,102.21,102.32,102.17,102.22
1131105,1600,101.93,101.99,101.67,101.76
1131106,1600,101.92,102.11,101.92,102.07
1131107,1600,102.16,102.42,102.13,102.34
1131108,1600,101.33,101.4,101.16,101.19
1131111,1600,101.25,101.26,101.14,101.14
1131112,1600,101.09,101.25,100.98,101.05
1131113,1600,101.36,101.52,101.32,101.47
1131114,1600,101.55,101.99,101.55,101.96
1131115,1600,101.97,101.99,101.79,101.88
1131118,1600,101.94,102.27,101.94,102.24
1131119,1600,102.04,102.1,101.83,101.86
1131120,1600,101.88,102.11,101.26,101.3
1131121,1600,101.09,101.44,100.96,101.39
1131122,1600,101.49,101.71,101.45,101.68
1131125,1600,101.63,101.84,101.61,101.76
1131126,1600,101.85,102.08,101.81,101.98
1131127,1600,101.94,101.95,101.5,101.75
1131129,1600,101.56,101.77,101.55,101.69
1131202,1600,101.3,101.33,101.01,101.09
1131203,1600,101.35,101.44,101.23,101.27
1131204,1600,100.77,100.93,100.71,100.81
1131205,1600,100.65,100.78,100.51,100.56
1131206,1600,100.5,100.81,100.46,100.65
1131209,1600,100.71,100.85,100.65,100.77
1131210,1600,101.1,101.23,100.97,101.19
1131211,1600,101.03,101.11,100.8,100.8
1131212,1600,100.61,100.69,100.48,100.51
1131213,1600,100.66,100.72,100.55,100.66
1131216,1600,100.86,100.87,100.52,100.61
1131217,1600,100.6,100.93,100.6,100.93
1131218,1600,100.65,101.04,100.15,100.55
1131219,1600,100.11,100.22,100.0,100.13
1131220,1600,100.26,100.46,100.18,100.44
1131223,1600,100.28,100.38,100.1,100.12
1131224,1600,99.84,99.91,99.7,99.73
1131226,1600,99.49,99.56,99.43,99.48
1131227,1600,99.47,99.6,99.38,99.42
1131230,1600,99.55,99.7,99.54,99.69
1131231,1600,99.51,99.63,99.18,99.24
1140102,1600,99.39,99.68,99.38,99.63
1140103,1600,99.51,99.74,99.48,99.57
1140106,1600,99.66,99.97,99.66,99.85
1140107,1600,99.92,100.05,99.85,100.01
1140108,1600,99.68,99.74,99.46,99.52
1140109,1600,99.67,99.83,99.5,99.78
1140110,1600,100.3,100.67,100.29,100.62
1140113,1600,100.72,100.97,100.7,100.91
1140114,1600,100.7,100.78,100.51,100.53
1140115,1600,100.26,100.49,100.23,100.44
1140116,1600,100.68,100.77,100.61,100.72
1140117,1600,100.7,100.96,100.61,100.96
1140121,1600,100.8,100.92,100.78,100.85
1140122,1600,100.62,100.73,100.55,100.57
1140123,1600,100.9,101.38,100.9,101.25
1140124,1600,101.6,101.75,101.45,101.66
1140127,1600,101.49,101.69,101.33,101.35
1140128,1600,101.49,101.51,101.31,101.5
1140129,1600,101.81,102.13,101.62,101.98
1140130,1600,101.74,101.91,101.64,101.88
1140131,1600,102.21,102.28,102.05,102.28
1140203,1600,101.96,102.67,101.86,102.66
1140204,1600,102.32,102.39,102.24,102.35
1140205,1600,102.21,102.25,101.98,101.98
1140206,1600,101.86,101.88,101.71,101.79
1140207,1600,101.88,102.21,101.86,102.06
1140210,1600,101.95,102.14,101.95,102.11
1140211,1600,101.75,101.82,101.61,101.66
1140212,1600,101.52,101.52,101.28,101.42
1140213,1600,101.79,101.92,101.73,101.9
1140214,1600,101.85,101.9,101.72,101.83
1140218,1600,101.98,102.17,101.93,102.08
1140219,1600,102.29,102.31,101.83,101.88
1140220,1600,101.76,101.94,101.57,101.77
1140221,1600,101.66,101.91,101.64,101.9
1140224,1600,101.9,101.91,101.65,101.8
1140225,1600,101.99,102.17,101.95,102.15
1140226,1600,102.15,102.45,102.11,102.45
1140227,1600,102.51,102.64,102.48,102.57
1140228,1600,102.38,102.56,102.16,102.47
1140303,1600,102.6,102.83,102.43,102.81
1140304,1600,102.44,102.44,102.0,102.02
1140305,1600,101.88,102.14,101.81,102.13
1140306,1600,101.69,101.81,101.61,101.69
1140307,1600,101.17,101.37,101.15,101.25
1140310,1600,101.28,101.43,101.25,101.36
1140311,1600,101.32,101.54,101.23,101.46
1140312,1600,101.77,101.92,101.69,101.86
1140313,1600,101.59,102.47,101.58,102.46
1140314,1600,102.6,102.61,102.29,102.47
1140317,1600,102.26,102.33,102.04,102.06
1140318,1600,102.08,102.31,102.06,102.31
1140319,1600,102.16,102.22,101.21,101.36
1140320,1600,101.32,101.46,101.23,101.38
1140321,1600,101.37,101.6,101.36,101.57
1140324,1600,101.32,101.71,101.31,101.61
1140325,1600,101.53,101.71,101.45,101.55
1140326,1600,101.59,101.98,101.58,101.98
1140327,1600,101.84,102.19,101.84,102.08
1140328,1600,101.98,102.03,101.64,101.72
1140331,1600,101.45,101.76,101.38,101.73
1140401,1600,101.4,101.42,101.26,101.33
1140402,1600,101.05,101.08,100.86,100.89
1140403,1600,100.97,101.12,100.91,100.96
1140404,1600,101.25,101.63,101.25,101.58
1140407,1600,101.74,101.92,101.72,101.82
1140408,1600,101.8,102.0,101.66,101.96
1140409,1600,101.72,102.07,101.63,101.93
1140410,1600,102.0,102.59,102.0,102.36
1140411,1600,102.62,102.65,102.44,102.57
1140414,1600,102.44,102.53,102.3,102.41
1140415,1600,102.33,102.74,102.26,102.53
1140416,1600,102.28,102.43,102.25,102.37
1140417,1600,102.31,102.31,101.65,101.79
1140421,1600,101.88,101.96,101.71,101.77
1140422,1600,101.61,101.75,101.52,101.73
1140423,1600,101.88,102.07,101.84,101.99
1140424,1600,101.76,102.04,101.75,101.96
1140425,1600,102.13,102.34,102.08,102.1
1140428,1600,102.07,102.17,101.81,101.95
1140429,1600,101.79,102.04,101.76,102.04
1140430,1600,102.18,102.36,102.0,102.31
1140501,1600,102.18,102.61,102.11,102.41
1140502,1600,102.11,102.74,102.0,102.56
1140505,1600,102.71,102.71,102.42,102.5
1140506,1600,102.52,102.65,102.45,102.62
1140507,1600,102.56,102.77,102.42,102.7
1140508,1600,102.8,102.98,102.65,102.81
1140509,1600,102.64,102.8,102.64,102.73
1140512,1600,102.54,102.61,102.41,102.46
1140513,1600,102.72,102.86,102.68,102.86
1140514,1600,103.11,103.48,103.07,103.33
1140515,1600,103.5,103.89,103.33,103.7
1140516,1600,103.53,103.67,103.46,103.48
1140519,1600,103.61,103.74,103.35,103.35
1140520,1600,103.39,103.76,103.39,103.65
1140521,1600,103.41,103.51,103.28,103.49
1140522,1600,103.43,103.48,103.28,103.38
1140523,1600,103.53,103.62,103.47,103.59
1140527,1600,103.5,103.64,103.34,103.62
1140528,1600,103.96,104.26,103.94,104.19
1140529,1600,104.31,104.53,104.06,104.06
1140530,1600,103.91,104.1,103.77,103.98
1140602,1600,103.53,103.68,103.23,103.33
1140603,1600,103.18,103.18,102.8,102.81
1140604,1600,102.91,102.92,102.67,102.73
1140605,1600,102.68,103.0,102.68,102.88
1140606,1600,103.1,103.2,102.77,102.8
1140609,1600,102.69,102.71,102.55,102.65
1140610,1600,102.53,102.56,102.4,102.47
1140611,1600,102.57,102.7,102.47,102.61
1140612,1600,102.65,103.06,102.56,103.01
1140613,1600,102.54,102.94,102.53,102.81
1140616,1600,102.82,102.95,102.74,102.81
1140617,1600,102.62,102.66,102.36,102.38
1140618,1600,102.63,102.92,102.42,102.92
1140619,1600,103.08,103.16,102.56,102.66
1140620,1600,102.57,102.79,102.53,102.78
1140623,1600,102.92,102.96,102.71,102.71
1140624,1600,102.98,103.13,102.79,103.13
1140625,1600,103.4,103.47,103.2,103.23
1140626,1600,103.42,103.62,103.4,103.5
1140627,1600,103.62,103.73,103.5,103.5
1140630,1600,103.61,103.68,103.43,103.58
1140701,1600,103.14,103.26,103.03,103.05
1140702,1600,102.84,102.85,102.6,102.63
1140703,1600,102.22,102.46,102.2,102.42
1140707,1600,102.54,102.74,102.54,102.67
1140708,1600,102.99,103.19,102.95,103.14
1140709,1600,103.05,103.28,102.8,103.16
1140710,1600,103.52,103.64,103.34,103.38
1140711,1600,103.5,103.65,103.46,103.55
1140714,1600,103.47,103.47,103.29,103.32
1140715,1600,103.29,103.56,103.13,103.23
1140716,1600,103.26,103.42,103.2,103.38
1140717,1600,103.7,104.05,103.54,103.98
1140718,1600,103.88,103.93,103.63,103.77
1140721,1600,103.84,104.04,103.8,103.8
1140722,1600,103.84,103.93,103.68,103.93
1140723,1600,104.03,104.05,103.89,103.92
1140724,1600,103.61,103.65,103.49,103.5
1140725,1600,103.77,103.93,103.7,103.9
1140728,1600,103.78,103.9,103.64,103.78
1140729,1600,103.9,103.95,103.72,103.92
1140730,1600,103.49,103.5,103.1,103.19
1140731,1600,102.93,103.3,102.88,103.16
1140801,1600,103.27,103.67,103.05,103.57
1140804,1600,103.67,103.77,103.59,103.63
1140805,1600,103.5,103.77,103.36,103.68
1140806,1600,103.99,103.99,103.74,103.77
1140807,1600,103.82,104.24,103.69,104.24
1140808,1600,104.41,104.57,104.11,104.15
1140811,1600,104.18,104.23,104.01,104.1
1140812,1600,104.14,104.2,103.95,103.95
1140813,1600,104.11,104.34,104.06,104.29
1140814,1600,104.49,104.55,104.31,104.5
1140815,1600,104.49,105.23,104.45,104.92
1140818,1600,104.69,104.74,104.54,104.59
1140819,1600,104.81,104.81,104.43,104.48
1140820,1600,104.41,104.46,104.12,104.17
1140821,1600,104.19,104.44,104.19,104.39
1140822,1600,104.36,104.46,104.07,104.4
1140825,1600,104.4,104.5,104.3,104.48
1140826,1600,104.61,104.63,104.43,104.46
1140827,1600,104.64,104.76,104.54,104.75
1140828,1600,105.02,105.04,104.81,104.89
1140829,1600,104.87,105.04,104.81,104.9
1140902,1600,104.3,104.31,104.05,104.05
1140903,1600,103.93,104.24,103.87,104.2
1140904,1600,104.08,104.16,103.77,103.83
1140905,1600,104.18,104.24,103.81,103.86
1140908,1600,104.13,104.18,103.67,103.75
1140909,1600,103.53,103.65,103.46,103.51
1140910,1600,103.33,103.38,103.23,103.25
1140911,1600,103.4,103.46,103.1,103.12
1140912,1600,102.88,102.94,102.68,102.73
1140915,1600,102.87,102.97,102.83,102.92
1140916,1600,103.04,103.15,102.87,102.89
1140917,1600,103.05,103.27,102.62,102.63
1140918,1600,102.63,102.65,102.45,102.56
1140919,1600,102.73,102.98,102.58,102.95
1140922,1600,103.05,103.23,102.99,103.17
1140923,1600,103.26,103.39,103.17,103.39
1140924,1600,103.33,103.41,103.07,103.1
1140925,1600,103.25,103.61,103.25,103.6
1140926,1600,103.48,103.49,103.26,103.38
1140929,1600,103.73,103.78,103.64,103.71
1140930,1600,103.6,103.77,103.54,103.62
1141001,1600,103.84,104.31,103.84,104.3
1141002,1600,104.25,104.38,103.97,103.99
1141003,1600,103.73,103.97,103.61,103.96
1141006,1600,103.97,104.26,103.88,104.13
1141007,1600,104.46,104.78,104.34,104.74
1141008,1600,104.81,105.13,104.49,105.11
1141009,1600,105.04,105.18,104.91,104.93
1141010,1600,105.1,105.39,105.03,105.34
1141013,1600,105.52,105.94,105.44,105.89
1141014,1600,105.91,106.13,105.77,106.1
1141015,1600,107.5,108.88,106.45,106.7
1141016,1600,107.24,107.32,106.25,106.41
1141017,1600,106.14,106.26,105.88,106.1
1141020,1600,106.39,106.42,106.11,106.25
1141021,1600,106.0,106.2,105.91,105.96
1141022,1600,105.84,105.96,105.72,105.93
1141023,1600,105.63,105.68,105.31,105.49
1141024,1600,105.6,105.82,105.52,105.58
1141027,1600,105.55,105.79,105.55,105.69
1141028,1600,105.58,105.61,105.37,105.43
1141029,1600,105.29,105.35,104.74,105.08
1141030,1600,105.28,105.44,105.14,105.19
1141031,1600,105.12,105.16,104.89,105.02
1141103,1600,104.7,104.85,104.45,104.8
1141104,1600,104.88,105.05,104.75,104.79
1141105,1600,104.64,104.83,104.62,104.82
1141106,1600,104.62,104.79,104.49,104.5
1141107,1600,104.77,105.18,104.76,105.17
1141110,1600,105.16,105.16,104.73,104.74
1141111,1600,104.74,104.77,104.62,104.75
1141112,1600,104.99,105.06,104.68,104.71
1141113,1600,104.84,104.95,104.72,104.88
1141114,1600,104.75,105.16,104.7,105.1
1141117,1600,105.25,105.25,104.91,104.98
1141118,1600,105.01,105.13,104.98,105.1
1141119,1600,104.82,105.11,104.77,104.82
1141120,1600,105.22,105.22,104.89,105.01
1141121,1600,105.04,105.22,105.01,105.22
1141124,1600,105.04,105.35,104.99,105.34
1141125,1600,105.29,105.63,105.25,105.6
1141126,1600,105.82,105.9,105.74,105.78
1141128,1600,106.07,106.2,106.0,106.19
1141201,1600,106.31,106.37,105.75,105.75
1141202,1600,105.43,105.5,105.26,105.28
1141203,1600,105.22,105.35,105.15,105.32
1141204,1600,105.34,105.69,105.26,105.69
1141205,1600,105.28,105.31,104.93,105.1
1141208,1600,105.1,105.63,105.09,105.45
1141209,1600,105.92,106.12,105.74,105.84
1141210,1600,105.79,106.37,105.78,106.32
1141211,1600,106.1,106.25,105.91,106.14
1141212,1600,106.62,107.02,106.47,107.01
1141215,1600,106.63,106.95,106.5,106.62
1141216,1600,107.28,107.28,106.76,107.16
1141217,1600,106.98,107.2,106.39,106.42
1141218,1600,105.86,105.95,105.73,105.82
1141219,1600,105.99,106.21,105.91,106.21
1141222,1600,106.12,106.3,106.05,106.21
1141223,1600,105.91,105.98,105.32,105.33
1141224,1600,105.03,105.28,104.94,105.25
1141226,1600,105.44,105.44,105.25,105.39
1141229,1600,105.58,105.83,105.56,105.75
1141230,1600,106.01,106.08,105.81,105.87
1141231,1600,105.94,106.08,105.93,105.99
1150102,1600,106.09,106.66,106.06,106.53
1150105,1600,106.71,107.25,106.66,107.18
1150106,1600,107.63,108.47,107.53,107.9
1150107,1600,107.59,108.01,107.46,107.88
1150108,1600,107.53,107.57,107.31,107.44
1150109,1600,107.57,108.1,107.46,107.97
1150112,1600,108.08,108.44,108.02,108.35
1150113,1600,108.23,108.64,108.12,108.45
1150114,1600,109.2,109.35,108.88,108.95
1150115,1600,109.01,109.9,108.94,109.88
1150116,1600,109.64,109.74,109.06,109.07
1150120,1600,109.29,109.66,109.16,109.32
1150121,1600,109.39,109.53,108.75,108.8
1150122,1600,109.07,109.1,108.4,108.53
1150123,1600,108.93,109.28,108.93,109.24
1150126,1600,109.16,109.27,108.9,108.99
1150127,1600,109.59,109.71,109.02,109.14
1150128,1600,109.18,110.13,109.18,109.98
1150129,1600,109.67,109.8,109.42,109.59
1150130,1600,110.52,110.59,110.07,110.55
1150202,1600,109.95,110.4,109.93,110.23
1150203,1600,109.73,109.74,109.29,109.3
1150204,1600,108.96,109.54,108.88,109.48
1150205,1600,109.23,109.27,108.97,109.08
1150206,1600,108.37,108.47,107.85,107.86
1150209,1600,108.2,108.21,107.8,107.81
1150210,1600,107.63,107.74,107.46,107.54
1150211,1600,107.65,107.75,107.32,107.5
1150212,1600,107.48,107.81,107.46,107.54
1150213,1600,107.5,107.55,107.17,107.18
1150217,1600,107.06,107.15,106.25,106.42
1150218,1600,106.5,107.21,106.4,106.93
1150219,1600,106.83,107.06,106.56,106.66
1150220,1600,107.03,107.21,106.39,106.6
1150223,1600,106.89,107.12,106.85,107.09
1150224,1600,106.94,107.81,106.71,107.8
1150225,1600,107.78,107.95,107.63,107.9
1150226,1600,107.74,107.86,107.25,107.26
1150227,1600,107.51,107.68,107.23,107.64
1150302,1600,107.38,107.41,106.65,106.67
1150303,1600,106.64,106.81,106.4,106.44
1150304,1600,106.63,106.72,106.37,106.52
1150305,1600,106.54,106.75,106.36,106.58
1150306,1600,105.84,105.86,105.44,105.49
1150309,1600,105.9,105.98,105.75,105.98
1150310,1600,106.45,106.59,106.29,106.43
1150311,1600,106.39,106.71,106.33,106.62
1150312,1600,107.01,107.06,106.55,106.72
1150313,1600,106.61,106.93,106.5,106.56
1150316,1600,106.96,107.1,106.75,106.93
1150317,1600,107.17,107.2,107.02,107.15
1150318,1600,107.45,108.48,107.13,108.38
1150319,1600,108.13,108.29,107.73,107.87
1150320,1600,108.23,108.31,108.12,108.31
1150323,1600,108.41,108.5,108.2,108.45
1150324,1600,108.46,108.78,108.37,108.78
1150325,1600,108.79,108.84,108.31,108.31
1150326,1600,108.14,108.15,107.61,107.7
1150327,1600,107.91,108.2,107.91,108.12
1150330,1600,108.16,108.24,107.97,108.11
1150331,1600,108.1,108.4,108.02,108.39
1150401,1600,108.55,108.85,108.53,108.73
1150402,1600,108.71,108.73,108.39,108.42
1150406,1600,108.95,109.04,108.49,108.56
1150407,1600,108.43,108.69,108.32,108.65
1150408,1600,108.67,108.69,108.33,108.55
1150409,1600,108.48,108.49,108.01,108.11
1150410,1600,108.32,108.38,108.06,108.08
1150413,1600,108.14,108.37,108.12,108.3
1150414,1600,108.8,108.97,108.53,108.62
1150415,1600,108.79,108.85,108.63,108.68
1150416,1600,108.74,108.9,108.43,108.76
1150417,1600,108.67,109.12,108.6,108.98
1150420,1600,108.93,108.96,108.65,108.78
1150421,1600,108.7,108.72,108.5,108.55
1150422,1600,108.48,108.48,107.9,107.92
1150423,1600,107.99,108.38,107.93,108.25
1150424,1600,108.42,108.66,108.41,108.63
1150427,1600,108.51,108.62,108.3,108.46
1150428,1600,108.2,108.44,107.92,107.96
1150429,1600,107.45,107.73,107.31,107.56
1150430,1600,107.18,107.62,106.96,107.53
1150501,1600,107.05,107.16,106.7,106.78
1150504,1600,106.87,107.02,106.55,106.56
1150505,1600,106.62,106.62,106.12,106.38
1150506,1600,106.2,106.27,105.74,105.86
1150507,1600,106.05,106.42,105.97,106.31
1150508,1600,106.96,107.04,106.6,106.72
1150511,1600,106.39,106.39,105.64,105.67
1150512,1600,105.5,105.97,105.4,105.75
1150513,1600,106.15,106.15,105.56,105.61
1150514,1600,105.75,106.08,105.75,105.97
1150515,1600,106.28,106.8,106.23,106.73
1150518,1600,106.3,106.39,105.99,106.01
1150519,1600,105.53,105.98,105.42,105.54
1150520,1600,105.8,106.07,105.62,105.77
1150521,1600,106.1,106.42,106.03,106.4
1150522,1600,106.2,106.28,105.94,106.16
1150526,1600,106.21,106.82,106.17,106.82
1150527,1600,106.68,106.84,106.46,106.76
1150528,1600,106.75,106.95,106.66,106.86
1150529,1600,107.05,107.19,106.91,106.92
1150601,1600,106.73,106.81,106.15,106.28
1150602,1600,105.88,105.91,105.47,105.54
1150603,1600,105.14,105.14,104.58,104.64
1150604,1600,104.86,105.3,104.86,105.15
1150605,1600,104.41,104.71,104.21,104.39
1150608,1600,104.66,104.74,104.53,104.54
1150609,1600,104.45,104.49,104.08,104.2
1150610,1600,104.03,104.09,103.76,103.8
1150611,1600,104.16,104.63,104.02,104.62
1150612,1600,104.44,104.99,104.42,104.56
1150615,1600,105.09,105.15,104.71,104.81
1150616,1600,105.04,105.24,104.89,105.21
1150617,1600,105.06,105.38,104.58,105.27
1150618,1600,105.13,105.29,104.79,105.19
1150619,1600,105.58,105.78,105.51,105.75
1150622,1600,105.28,105.32,104.82,104.86
1150623,1600,104.48,104.91,104.43,104.54
1150624,1600,104.72,104.9,104.53,104.85
1150625,1600,104.59,104.77,104.43,104.59
1150626,1600,104.19,104.29,103.97,104.09
1150629,1600,104.75,105.4,104.61,105.3
1150630,1600,104.85,105.37,104.85,105.01
1150701,1600,104.4,104.51,104.15,104.3
1150702,1600,104.66,104.86,104.59,104.67
1150706,1600,105.46,105.56,105.02,105.41
1150707,1600,105.98,106.31,105.64,105.69
1150708,1600,105.9,106.24,105.79,106.11
1150709,1600,105.59,105.72,105.35,105.37
1150710,1600,104.69,104.97,104.46,104.64
1150713,1600,104.18,104.59,104.18,104.36
1150714,1600,104.64,104.72,104.54,104.69
1150715,1600,104.57,105.17,104.56,105.09
1150716,1600,104.82,105.17,104.75,105.05
1150717,1600,104.95,105.16,104.94,105.06
1150720,1600,104.88,104.92,104.67,104.85
1150721,1600,104.74,105.19,104.7,105.14
1150722,1600,105.17,105.43,105.16,105.27
1150723,1600,105.17,105.7,105.14,105.7
1150724,1600,105.78,105.85,105.61,105.8
1150727,1600,106.18,106.23,106.0,106.15
1150728,1600,105.89,105.99,105.8,105.85
1150729,1600,105.75,106.09,105.55,105.7
1150730,1600,105.63,105.85,105.56,105.82
1150731,1600,106.35,106.52,106.24,106.44
1150803,1600,106.3,106.7,106.26,106.6
1150804,1600,106.45,106.5,105.99,106.05
1150805,1600,105.8,105.82,105.49,105.64
1150806,1600,105.8,106.06,105.75,106.01
1150807,1600,106.1,106.46,106.04,106.43
1150810,1600,106.08,106.19,105.87,105.99
1150811,1600,106.56,106.93,106.55,106.69
1150812,1600,106.86,107.22,106.64,106.65
1150813,1600,106.41,106.64,106.28,106.37
1150814,1600,106.18,106.44,106.08,106.26
1150817,1600,106.62,106.7,106.43,106.45
1150818,1600,106.27,106.49,106.24,106.28
1150819,1600,106.07,107.01,106.06,106.93
1150820,1600,107.09,107.31,107.01,107.22
1150821,1600,107.37,107.71,107.25,107.65
1150824,1600,108.5,108.76,107.58,107.83
1150825,1600,107.41,107.42,106.85,107.24
1150826,1600,106.75,107.23,106.49,106.58
1150827,1600,106.43,106.71,106.33,106.52
1150828,1600,106.95,107.03,106.46,106.54
1150831,1600,106.92,106.95,106.33,106.36
1150901,1600,106.49,106.7,106.38,106.67
1150902,1600,106.43,106.67,106.33,106.38
1150903,1600,106.64,106.69,106.37,106.64
1150904,1600,106.84,107.08,106.62,106.97
1150908,1600,106.52,106.63,106.42,106.5
1150909,1600,106.09,106.68,106.06,106.54
1150910,1600,106.45,106.46,106.17,106.3
1150911,1600,106.52,106.71,106.48,106.58
1150914,1600,106.8,106.81,106.56,106.68
1150915,1600,106.47,106.51,105.82,105.84
1150916,1600,105.78,106.02,105.7,105.81
1150917,1600,105.76,106.7,105.76,106.69
1150918,1600,106.97,107.21,106.85,107.19
1150921,1600,106.8,107.19,106.48,106.58
1150922,1600,106.99,107.3,106.91,107.11
1150923,1600,107.03,107.12,106.85,106.99
1150924,1600,107.43,107.54,107.12,107.15
1150925,1600,106.83,106.96,106.71,106.87
1150928,1600,107.02,107.48,106.97,107.48
1150929,1600,107.57,107.93,107.48,107.85
1150930,1600,107.62,107.9,107.59,107.87
1151001,1600,107.9,108.05,107.75,107.79
1151002,1600,108.75,108.97,108.13,108.31
1151005,1600,108.08,108.08,107.67,107.71
1151006,1600,107.63,107.98,107.59,107.93
1151007,1600,107.67,107.81,107.52,107.66
1151008,1600,107.7,107.79,107.28,107.38
1151009,1600,107.33,107.53,107.28,107.44
1151012,1600,107.65,107.82,107.56,107.8
1151013,1600,107.88,107.94,107.62,107.9
1151014,1600,108.28,108.51,108.06,108.49
1151015,1600,108.31,108.34,108.05,108.12
1151016,1600,108.23,108.23,107.97,108.03
1151019,1600,108.03,108.05,107.75,107.98
1151020,1600,107.67,107.73,107.56,107.61
1151021,1600,107.81,108.05,107.81,107.98
1151022,1600,108.03,108.2,107.85,108.09
1151023,1600,107.62,107.62,107.45,107.48
1151026,1600,107.66,107.8,107.63,107.76
1151027,1600,108.0,108.19,107.94,108.03
1151028,1600,107.98,108.0,107.33,107.47
1151029,1600,107.21,107.22,106.79,106.81
1151030,1600,106.89,107.08,106.85,107.02
1151102,1600,106.63,106.7,106.52,106.55
1151103,1600,106.46,106.52,106.22,106.27
1151104,1600,106.3,106.47,106.06,106.16
1151105,1600,106.16,106.19,105.93,106.09
1151106,1600,105.44,105.52,105.23,105.37
1151109,1600,105.04,105.35,105.02,105.19
1151110,1600,105.36,105.58,105.25,105.39
1151111,1600,105.29,105.39,105.25,105.34
1151112,1600,105.35,105.58,105.35,105.4
1151113,1600,105.62,105.83,105.62,105.8
1151116,1600,105.99,106.09,105.82,105.94
1151117,1600,105.62,106.06,105.54,105.91
1151118,1600,105.79,105.97,105.68,105.86
1151119,1600,106.12,106.2,106.03,106.09
1151120,1600,106.15,106.23,105.95,105.95
1151123,1600,105.89,106.18,105.85,106.09
1151124,1600,106.15,106.32,106.12,106.19
1151125,1600,106.25,106.32,106.09,106.25
1151127,1600,106.35,106.44,106.34,106.36
1151130,1600,106.35,106.42,106.34,106.4
1151201,1600,106.24,106.81,106.24,106.8
1151202,1600,106.56,106.63,106.36,106.5
1151203,1600,106.03,106.04,105.17,105.38
1151204,1600,105.59,105.88,105.49,105.77
1151207,1600,105.83,106.35,105.8,106.11
1151208,1600,106.37,106.37,106.05,106.17
1151209,1600,106.11,106.46,105.87,106.33
1151210,1600,106.37,106.38,106.09,106.1
1151211,1600,106.61,107.09,106.58,106.95
1151214,1600,106.5,106.64,106.16,106.16
1151215,1600,105.76,105.99,105.72,105.89
1151216,1600,105.69,105.98,105.4,105.61
1151217,1600,105.76,106.11,105.76,106.05
1151218,1600,106.3,106.54,106.21,106.43
1151221,1600,106.39,106.61,106.39,106.48
1151222,1600,106.3,106.36,106.08,106.18
1151223,1600,105.9,105.99,105.8,105.94
1151224,1600,105.86,105.97,105.78,105.97
1151228,1600,105.94,106.16,105.88,105.99
1151229,1600,105.88,105.88,105.35,105.43
1151230,1600,105.35,105.59,105.28,105.47
1151231,1600,105.64,105.79,105.5,105.59
1160104,1600,106.09,106.4,105.99,106.04
1160105,1600,105.97,106.2,105.83,106.01
1160106,1600,106.46,106.67,106.37,106.65
1160107,1600,106.79,106.88,106.42,106.88
1160108,1600,106.78,107.2,106.69,107.15
1160111,1600,106.78,107.05,106.7,106.81
1160112,1600,106.77,107.53,106.7,107.29
1160113,1600,107.22,107.86,107.13,107.71
1160114,1600,107.6,107.8,107.24,107.49
1160115,1600,108.17,108.19,107.89,107.99
1160119,1600,107.82,108.09,107.72,107.85
1160120,1600,108.37,108.78,108.3,108.38
1160121,1600,108.52,108.63,108.04,108.11
1160122,1600,107.75,107.96,107.62,107.87
1160125,1600,108.11,108.24,108.0,108.23
1160126,1600,108.23,108.43,108.13,108.31
1160127,1600,108.23,108.42,107.85,108.39
1160128,1600,108.23,108.59,108.18,108.53
1160129,1600,108.91,109.18,108.78,109.11
1160201,1600,108.81,108.95,108.56,108.7
1160202,1600,109.22,109.55,109.21,109.47
1160203,1600,109.37,110.07,109.32,109.35
1160204,1600,109.48,109.65,109.29,109.61
1160205,1600,109.4,109.82,109.31,109.75
1160208,1600,110.14,110.65,110.08,110.57
1160209,1600,110.92,110.92,110.49,110.59
1160210,1600,110.57,110.96,110.31,110.92
1160211,1600,111.74,112.01,111.3,111.43
1160212,1600,110.94,111.09,110.38,110.58
1160216,1600,110.38,110.4,110.11,110.25
1160217,1600,110.02,110.04,109.67,109.98
1160218,1600,109.88,110.54,109.88,110.49
1160219,1600,110.39,110.63,110.29,110.49
1160222,1600,110.38,110.47,110.3,110.38
1160223,1600,110.09,110.7,110.04,110.6
1160224,1600,111.02,111.39,110.49,110.6
1160225,1600,110.92,111.16,110.7,110.93
1160226,1600,110.35,110.5,110.23,110.39
1160229,1600,110.4,110.63,110.34,110.57
1160301,1600,110.54,110.54,109.5,109.55
1160302,1600,109.27,109.4,109.16,109.36
1160303,1600,109.34,109.62,109.25,109.49
1160304,1600,109.27,109.44,108.93,109.12
1160307,1600,108.95,108.98,108.81,108.9
1160308,1600,109.54,109.75,109.46,109.53
1160309,1600,109.19,109.32,108.98,109.1
1160310,1600,109.11,109.24,108.54,108.71
1160311,1600,108.73,108.73,108.31,108.4
1160314,1600,108.54,108.69,108.43,108.48
1160315,1600,108.71,108.8,108.43,108.46
1160316,1600,108.31,110.96,108.2,109.03
1160317,1600,109.15,109.27,109.07,109.15
1160318,1600,109.3,109.47,109.21,109.34
1160321,1600,109.1,109.18,108.99,109.03
1160322,1600,109.28,109.3,108.77,108.8
1160323,1600,108.92,109.4,108.92,109.3
1160324,1600,109.48,109.58,109.01,109.19
1160328,1600,109.31,109.52,109.23,109.35
1160329,1600,109.6,110.09,109.53,110.09
1160330,1600,109.84,110.02,109.61,109.94
1160331,1600,110.07,110.44,109.92,110.34
1160401,1600,110.18,110.31,109.91,110.14
1160404,1600,110.25,110.34,110.11,110.27
1160405,1600,110.68,110.76,110.55,110.71
1160406,1600,110.57,110.66,110.33,110.47
1160407,1600,110.78,111.09,110.74,111.04
1160408,1600,110.81,110.89,110.68,110.87
1160411,1600,110.6,110.92,110.57,110.85
1160412,1600,110.54,110.66,110.33,110.41
1160413,1600,110.25,110.56,110.22,110.49
1160414,1600,110.27,110.42,110.14,110.23
1160415,1600,110.35,110.66,110.31,110.56
1160418,1600,110.48,110.48,110.28,110.45
1160419,1600,110.3,110.39,110.13,110.27
1160420,1600,110.28,110.45,109.68,109.71
1160421,1600,109.47,109.66,109.4,109.53
1160422,1600,109.53,109.59,109.34,109.41
1160425,1600,109.36,109.5,109.28,109.29
1160426,1600,109.24,109.25,109.0,109.06
1160427,1600,109.35,109.76,109.19,109.66
1160428,1600,109.68,110.07,109.63,110.04
1160429,1600,109.82,110.1,109.72,110.0
1160502,1600,109.66,109.79,109.51,109.52
1160503,1600,110.14,110.27,110.08,110.17
1160504,1600,110.19,110.39,110.0,110.37
1160505,1600,110.33,110.67,110.14,110.67
1160506,1600,110.59,110.64,110.29,110.41
1160509,1600,110.55,110.63,110.46,110.62
1160510,1600,110.57,110.65,110.48,110.6
1160511,1600,110.55,110.89,110.49,110.77
1160512,1600,110.44,110.6,110.36,110.47
1160513,1600,110.54,110.92,110.49,110.89
1160516,1600,110.62,110.62,110.45,110.49
1160517,1600,110.41,110.57,110.33,110.34
1160518,1600,110.1,110.12,109.32,109.45
1160519,1600,109.57,109.73,109.51,109.56
1160520,1600,109.58,109.74,109.48,109.63
1160523,1600,109.72,109.8,109.57,109.7
1160524,1600,109.51,109.63,109.36,109.52
1160525,1600,109.49,109.63,109.42,109.47
1160526,1600,109.65,109.9,109.58,109.81
1160527,1600,109.85,109.89,109.47,109.6
1160531,1600,109.33,109.84,109.33,109.73
1160601,1600,109.85,109.9,109.48,109.53
1160602,1600,109.7,109.95,109.7,109.87
1160603,1600,110.72,110.91,110.69,110.89
1160606,1600,110.66,110.81,110.57,110.6
1160607,1600,110.81,110.89,110.75,110.76
1160608,1600,110.84,110.94,110.79,110.89
1160609,1600,111.21,111.25,111.05,111.06
1160610,1600,111.39,111.58,111.27,111.45
1160613,1600,111.65,111.75,111.48,111.67
1160614,1600,111.96,111.96,111.61,111.64
1160615,1600,111.64,112.1,111.64,111.98
1160616,1600,112.28,112.53,111.99,112.1
1160617,1600,112.0,112.0,111.64,111.72
1160620,1600,111.23,111.31,111.16,111.24
1160621,1600,111.22,111.36,110.97,110.99
1160622,1600,110.99,111.23,110.96,111.21
1160623,1600,110.75,110.98,110.65,110.68
1160624,1600,112.47,112.48,112.09,112.21
1160627,1600,112.96,113.24,112.9,113.18
1160628,1600,113.15,113.23,112.95,113.16
1160629,1600,113.07,113.16,112.69,112.7
1160630,1600,112.88,113.2,112.72,112.95
1160701,1600,113.3,113.32,112.87,113.09
1160705,1600,113.51,113.91,113.47,113.71
1160706,1600,113.82,113.84,113.55,113.73
1160707,1600,113.52,113.77,113.32,113.58
1160708,1600,113.59,113.83,113.42,113.8
1160711,1600,113.48,113.58,113.2,113.2
1160712,1600,112.74,112.83,112.38,112.53
1160713,1600,112.86,113.02,112.78,112.82
1160714,1600,112.2,112.49,112.18,112.35
1160715,1600,112.03,112.1,111.8,111.92
1160718,1600,112.1,112.2,111.78,111.89
1160719,1600,112.16,112.29,112.06,112.19
1160720,1600,112.03,112.03,111.85,111.96
1160721,1600,111.68,112.25,111.66,112.21
1160722,1600,111.96,112.32,111.92,112.12
1160725,1600,112.09,112.23,112.01,112.03
1160726,1600,112.2,112.2,111.89,112.1
1160727,1600,112.24,112.58,112.11,112.58
1160728,1600,112.4,112.74,112.36,112.64
1160729,1600,112.85,113.1,112.76,113.07
1160801,1600,112.56,112.77,112.48,112.52
1160802,1600,112.02,112.48,112.02,112.25
1160803,1600,112.32,112.35,112.02,112.31
1160804,1600,112.55,112.8,112.54,112.58
1160805,1600,112.26,112.36,111.87,111.88
1160808,1600,111.75,111.99,111.64,111.82
1160809,1600,111.95,112.26,111.89,112.22
1160810,1600,112.28,112.6,112.26,112.52
1160811,1600,112.43,112.5,111.87,111.98
1160812,1600,112.54,112.7,112.35,112.38
1160815,1600,112.21,112.28,112.03,112.05
1160816,1600,111.95,112.05,111.77,111.86
1160817,1600,111.89,112.19,111.75,112.04
1160818,1600,112.12,112.32,111.95,112.24
1160819,1600,111.93,112.04,111.72,111.86
1160822,1600,112.11,112.2,111.99,112.11
1160823,1600,112.19,112.3,112.0,112.1
1160824,1600,112.19,112.22,111.97,112.06
1160825,1600,111.96,112.08,111.86,111.88
1160826,1600,112.05,112.32,111.37,111.45
1160829,1600,111.65,111.98,111.64,111.91
1160830,1600,111.96,112.0,111.84,111.9
1160831,1600,111.91,112.05,111.77,111.77
1160901,1600,111.33,111.82,111.27,111.79
1160902,1600,111.58,111.67,111.31,111.5
1160906,1600,111.47,112.1,111.42,112.02
1160907,1600,112.18,112.26,112.02,112.08
1160908,1600,111.87,111.97,111.4,111.53
1160909,1600,111.13,111.15,110.95,111.0
1160912,1600,110.88,111.19,110.84,111.1
1160913,1600,111.18,111.19,110.44,110.69
1160914,1600,110.71,111.09,110.71,110.94
1160915,1600,110.88,111.05,110.67,110.97
1160916,1600,111.1,111.17,110.95,111.09
1160919,1600,110.99,111.08,110.9,110.9
1160920,1600,111.03,111.22,110.99,111.07
1160921,1600,110.95,111.3,110.83,111.25
1160922,1600,111.44,111.71,111.41,111.58
1160923,1600,111.53,111.7,111.5,111.63
1160926,1600,111.78,112.05,111.76,111.95
1160927,1600,112.27,112.27,112.03,112.14
1160928,1600,112.19,112.3,112.05,112.09
1160929,1600,111.89,112.33,111.82,112.16
1160930,1600,112.17,112.2,111.72,111.88
1161003,1600,111.7,111.73,111.45,111.47
1161004,1600,111.33,111.43,110.95,110.96
1161005,1600,110.91,110.95,110.59,110.71
1161006,1600,110.59,110.77,110.46,110.48
1161007,1600,110.58,110.72,110.38,110.64
1161010,1600,110.4,110.4,110.18,110.35
1161011,1600,110.33,110.51,110.2,110.32
1161012,1600,110.23,110.32,110.1,110.32
1161013,1600,110.51,110.69,110.51,110.55
1161014,1600,110.27,110.57,110.18,110.21
1161017,1600,110.32,110.55,110.32,110.45
1161018,1600,110.31,110.67,110.3,110.67
1161019,1600,110.51,110.8,110.51,110.72
1161020,1600,110.88,110.88,110.58,110.62
1161021,1600,110.78,110.78,110.59,110.74
1161024,1600,110.81,110.81,110.46,110.59
1161025,1600,110.45,110.74,110.43,110.57
1161026,1600,110.41,110.46,110.29,110.33
1161027,1600,109.95,110.0,109.72,109.95
1161028,1600,109.85,110.06,109.8,109.97
1161031,1600,110.1,110.14,109.96,110.06
1161101,1600,109.59,110.12,109.53,109.91
1161102,1600,110.11,110.43,110.03,110.24
1161103,1600,110.08,110.23,110.01,110.17
1161104,1600,110.3,110.56,110.28,110.51
1161107,1600,110.1,110.17,110.01,110.05
1161108,1600,110.07,110.11,109.61,109.66
1161109,1600,109.16,109.16,107.91,107.99
1161110,1600,107.67,108.03,107.32,107.34
1161111,1600,107.55,107.64,107.08,107.12
1161114,1600,106.5,106.9,106.28,106.5
1161115,1600,106.49,106.69,106.42,106.5
1161116,1600,106.27,106.67,106.27,106.6
1161117,1600,106.42,106.48,106.05,106.13
1161118,1600,106.1,106.21,105.56,105.66
1161121,1600,105.74,105.89,105.63,105.75
1161122,1600,105.89,106.08,105.75,105.85
1161123,1600,105.25,105.59,105.0,105.47
1161125,1600,105.51,105.56,105.24,105.38
1161128,1600,105.73,105.9,105.62,105.86
1161129,1600,105.68,106.0,105.61,105.97
1161130,1600,105.29,105.53,105.17,105.26
1161201,1600,104.62,104.81,104.31,104.71
1161202,1600,104.93,105.32,104.93,105.18
1161205,1600,104.83,105.4,104.71,105.14
1161206,1600,105.17,105.28,105.08,105.18
1161207,1600,105.37,105.58,105.36,105.53
1161208,1600,105.19,105.26,105.03,105.13
1161209,1600,105.08,105.2,104.54,104.59
1161212,1600,104.52,104.72,104.37,104.61
1161213,1600,104.79,104.86,104.48,104.67
1161214,1600,105.02,105.1,103.78,103.8
1161215,1600,103.78,103.82,103.43,103.51
1161216,1600,103.69,103.96,103.46,103.64
1161219,1600,104.0,104.17,103.88,104.12
1161220,1600,103.75,103.96,103.68,103.9
1161221,1600,104.0,104.13,103.94,104.07
1161222,1600,103.79,103.95,103.71,103.86
1161223,1600,103.97,104.08,103.94,103.96
1161227,1600,103.71,103.81,103.7,103.81
1161228,1600,103.86,104.3,103.79,104.19
1161229,1600,104.36,104.66,104.36,104.51
1161230,1600,104.56,104.96,104.53,104.82
1170103,1600,104.35,104.89,104.29,104.77
1170104,1600,104.73,104.94,104.62,104.89
1170105,1600,105.1,105.68,105.03,105.57
1170106,1600,105.18,105.38,105.04,105.09
1170109,1600,105.47,105.53,105.36,105.49
1170110,1600,105.44,105.6,105.39,105.44
1170111,1600,105.5,105.93,105.31,105.56
1170112,1600,105.82,106.03,105.59,105.62
1170113,1600,105.37,105.56,105.05,105.39
1170117,1600,105.97,106.03,105.73,105.92
1170118,1600,105.6,105.69,105.13,105.17
1170119,1600,104.83,104.89,104.56,104.77
1170120,1600,104.64,104.92,104.48,104.82
1170123,1600,105.01,105.57,104.84,105.37
1170124,1600,105.14,105.28,104.83,104.97
1170125,1600,104.55,104.68,104.31,104.45
1170126,1600,104.41,104.62,104.18,104.59
1170127,1600,104.65,104.8,104.64,104.72
1170130,1600,104.74,104.95,104.69,104.69
1170131,1600,104.79,105.22,104.79,105.05
1170201,1600,104.56,104.85,104.39,104.69
1170202,1600,105.03,105.1,104.72,104.73
1170203,1600,105.0,105.22,104.62,104.81
1170206,1600,105.24,105.41,105.0,105.31
1170207,1600,105.25,105.69,105.18,105.5
1170208,1600,105.5,106.0,105.5,105.93
1170209,1600,105.93,105.93,105.28,105.3
1170210,1600,105.07,105.31,105.07,105.23
1170213,1600,105.0,105.08,104.88,105.07
1170214,1600,105.02,105.1,104.46,104.69
1170215,1600,104.33,104.56,104.32,104.49
1170216,1600,104.6,105.01,104.6,104.91
1170217,1600,105.2,105.32,105.12,105.19
1170221,1600,104.94,105.28,104.92,105.14
1170222,1600,105.36,105.42,104.96,105.31
1170223,1600,105.5,105.59,105.43,105.59
1170224,1600,105.94,106.16,105.82,106.08
1170227,1600,105.99,106.0,105.64,105.7
1170228,1600,105.75,105.91,105.63,105.65
1170301,1600,104.71,104.8,104.65,104.77
1170302,1600,104.56,104.6,104.33,104.47
1170303,1600,104.5,104.58,104.26,104.57
1170306,1600,104.59,104.6,104.43,104.55
1170307,1600,104.43,104.48,104.35,104.4
1170308,1600,103.92,104.15,103.9,104.05
1170309,1600,103.94,103.98,103.7,103.76
1170310,1600,103.98,104.01,103.75,103.98
1170313,1600,103.81,103.92,103.69,103.72
1170314,1600,103.77,103.94,103.75,103.83
1170315,1600,103.99,104.74,103.92,104.74
1170316,1600,104.49,104.62,104.42,104.45
1170317,1600,104.58,104.82,104.56,104.73
1170320,1600,104.75,105.01,104.75,104.98
1170321,1600,104.91,105.37,104.91,105.33
1170322,1600,105.53,105.73,105.45,105.53
1170323,1600,105.59,105.64,105.24,105.42
1170324,1600,105.39,105.61,105.35,105.48
1170327,1600,105.92,105.96,105.67,105.74
1170328,1600,105.86,105.86,105.37,105.38
1170329,1600,105.56,105.72,105.56,105.68
1170330,1600,105.63,105.64,105.36,105.38
1170331,1600,105.53,105.63,105.45,105.59
1170403,1600,105.56,106.0,105.53,105.95
1170404,1600,105.92,106.02,105.8,105.8
1170405,1600,105.67,106.1,105.62,106.0
1170406,1600,106.03,106.1,105.8,105.93
1170407,1600,106.19,106.32,105.61,105.61
1170410,1600,105.75,105.92,105.7,105.8
1170411,1600,106.05,106.4,106.03,106.29
1170412,1600,106.37,106.68,106.29,106.62
1170413,1600,106.8,107.01,106.61,106.94
1170417,1600,106.95,107.04,106.68,106.77
1170418,1600,107.06,107.47,107.0,107.38
1170419,1600,107.12,107.17,106.99,107.1
1170420,1600,106.93,107.01,106.72,106.86
1170421,1600,106.96,107.12,106.88,106.91
1170424,1600,106.43,106.69,106.37,106.69
1170425,1600,106.35,106.47,106.09,106.14
1170426,1600,106.14,106.42,106.12,106.42
1170427,1600,106.38,106.62,106.33,106.49
1170428,1600,106.32,106.65,106.27,106.6
1170501,1600,106.32,106.49,106.05,106.21
1170502,1600,106.16,106.49,106.14,106.43
1170503,1600,106.45,106.49,106.15,106.21
1170504,1600,105.85,105.99,105.82,105.97
1170505,1600,105.98,106.02,105.8,105.99
1170508,1600,105.89,105.89,105.67,105.73
1170509,1600,105.59,105.66,105.47,105.61
1170510,1600,105.84,105.86,105.5,105.57
1170511,1600,105.41,105.7,105.41,105.65
1170512,1600,106.06,106.28,106.06,106.19
1170515,1600,106.14,106.17,106.05,106.12
1170516,1600,106.11,106.41,106.11,106.26
1170517,1600,106.8,107.17,106.73,107.11
1170518,1600,107.2,107.25,106.97,107.08
1170519,1600,106.97,107.07,106.8,107.05
1170522,1600,106.93,107.01,106.88,106.93
1170523,1600,107.05,107.05,106.6,106.65
1170524,1600,106.65,106.93,106.55,106.87
1170525,1600,106.93,106.98,106.8,106.93
1170526,1600,107.03,107.08,106.94,107.0
1170530,1600,107.18,107.27,107.1,107.27
1170531,1600,107.22,107.4,107.16,107.32
1170601,1600,106.94,107.12,106.9,107.1
1170602,1600,107.5,107.69,107.41,107.57
1170605,1600,107.4,107.49,107.37,107.39
1170606,1600,107.78,107.83,107.66,107.73
1170607,1600,107.62,107.71,107.43,107.53
1170608,1600,107.43,107.43,107.17,107.36
1170609,1600,107.15,107.34,107.11,107.26
1170612,1600,107.12,107.45,107.12,107.24
1170613,1600,107.14,107.32,107.14,107.28
1170614,1600,107.92,108.17,107.71,107.84
1170615,1600,107.69,107.72,107.57,107.65
1170616,1600,107.67,107.83,107.67,107.71
1170619,1600,107.59,107.63,107.41,107.41
1170620,1600,107.5,107.76,107.5,107.68
1170621,1600,107.56,107.74,107.54,107.67
1170622,1600,107.83,107.86,107.64,107.77
1170623,1600,107.72,107.84,107.67,107.8
1170626,1600,107.9,108.01,107.88,107.89
1170627,1600,107.52,107.55,107.26,107.36
1170628,1600,107.31,107.31,107.09,107.26
1170629,1600,106.7,106.97,106.64,106.86
1170630,1600,106.84,106.84,106.54,106.61
1170703,1600,106.45,106.46,106.01,106.06
1170705,1600,106.04,106.26,105.98,106.14
1170706,1600,105.94,105.97,105.73,105.94
1170707,1600,105.81,105.89,105.72,105.77
1170710,1600,105.84,106.01,105.83,105.91
1170711,1600,105.87,106.08,105.84,106.05
1170712,1600,106.45,106.51,106.32,106.36
1170713,1600,106.35,106.35,106.05,106.25
1170714,1600,106.69,106.74,106.38,106.4
1170717,1600,106.46,106.61,106.4,106.53
1170718,1600,106.87,106.97,106.78,106.92
1170719,1600,106.93,107.01,106.85,106.92
1170720,1600,107.1,107.16,106.91,106.95
1170721,1600,107.15,107.27,107.12,107.14
1170724,1600,107.08,107.15,106.99,107.07
1170725,1600,106.7,106.7,106.44,106.47
1170726,1600,106.47,106.92,106.41,106.81
1170727,1600,106.6,106.73,106.52,106.64
1170728,1600,106.63,106.85,106.6,106.82
1170731,1600,106.76,106.86,106.69,106.85
1170801,1600,106.52,106.99,106.47,106.95
1170802,1600,106.9,107.05,106.84,106.85
1170803,1600,107.07,107.25,106.98,107.22
1170804,1600,106.97,106.97,106.7,106.93
1170807,1600,106.88,107.0,106.82,106.99
1170808,1600,106.95,106.96,106.73,106.9
1170809,1600,107.29,107.32,107.03,107.03
1170810,1600,107.24,107.47,107.22,107.43
1170811,1600,107.37,107.62,107.32,107.55
1170814,1600,107.34,107.45,107.25,107.29
1170815,1600,106.86,107.06,106.83,106.97
1170816,1600,106.87,107.33,106.85,107.17
1170817,1600,107.21,107.59,107.17,107.55
1170818,1600,107.74,107.81,107.41,107.57
1170821,1600,107.6,107.71,107.56,107.64
1170822,1600,107.54,107.54,107.37,107.43
1170823,1600,107.66,107.8,107.57,107.8
1170824,1600,107.63,107.75,107.57,107.63
1170825,1600,107.64,107.87,107.57,107.81
1170828,1600,107.76,107.92,107.72,107.91
1170829,1600,108.41,108.43,108.04,108.16
1170830,1600,107.99,108.13,107.99,108.07
1170831,1600,108.08,108.25,108.07,108.24
1170901,1600,107.96,107.99,107.7,107.76
1170905,1600,108.16,108.52,108.13,108.51
1170906,1600,108.48,108.55,108.13,108.25
1170907,1600,108.35,108.81,108.35,108.72
1170908,1600,108.68,108.68,108.5,108.64
1170911,1600,108.2,108.24,108.02,108.02
1170912,1600,107.85,107.85,107.66,107.76
1170913,1600,107.78,107.78,107.52,107.54
1170914,1600,107.43,107.58,107.4,107.56
1170915,1600,107.57,107.69,107.38,107.69
1170918,1600,107.26,107.36,107.17,107.27
1170919,1600,107.3,107.35,107.12,107.15
1170920,1600,107.25,107.27,106.77,106.94
1170921,1600,106.99,107.13,106.8,106.8
1170922,1600,107.14,107.16,106.96,106.99
1170925,1600,107.11,107.39,107.0,107.31
1170926,1600,107.21,107.28,107.12,107.22
1170927,1600,106.69,106.83,106.64,106.67
1170928,1600,106.54,106.73,106.48,106.65
1170929,1600,106.76,106.77,106.46,106.52
1171002,1600,106.42,106.47,106.24,106.24
1171003,1600,106.27,106.43,106.24,106.39
1171004,1600,106.49,106.49,106.26,106.36
1171005,1600,106.4,106.46,106.19,106.25
1171006,1600,105.97,106.24,105.85,106.12
1171009,1600,106.21,106.28,106.14,106.24
1171010,1600,106.3,106.53,106.25,106.28
1171011,1600,106.43,106.44,106.28,106.4
1171012,1600,106.47,106.54,106.36,106.5
1171013,1600,106.82,106.92,106.69,106.86
1171016,1600,106.67,106.79,106.57,106.68
1171017,1600,106.52,106.68,106.5,106.64
1171018,1600,106.31,106.41,106.27,106.37
1171019,1600,106.66,106.7,106.41,106.48
1171020,1600,106.14,106.21,106.0,106.04
1171023,1600,106.09,106.21,106.09,106.14
1171024,1600,105.88,105.96,105.76,105.82
1171025,1600,105.47,105.74,105.47,105.65
1171026,1600,105.75,105.77,105.5,105.51
1171027,1600,105.62,105.86,105.54,105.85
1171030,1600,106.09,106.24,106.03,106.23
1171031,1600,106.24,106.25,106.14,106.16
1171101,1600,105.92,106.22,105.92,106.06
1171102,1600,106.18,106.35,106.12,106.2
1171103,1600,106.34,106.4,106.15,106.37
1171106,1600,106.47,106.56,106.4,106.5
1171107,1600,106.52,106.62,106.46,106.54
1171108,1600,106.59,106.63,106.38,106.41
1171109,1600,106.27,106.46,106.23,106.37
1171110,1600,106.0,106.03,105.79,105.83
1171113,1600,105.91,105.96,105.77,105.78
1171114,1600,105.81,106.0,105.79,105.93
1171115,1600,106.28,106.35,106.09,106.31
1171116,1600,106.14,106.2,106.02,106.04
1171117,1600,106.23,106.28,106.1,106.18
1171120,1600,106.05,106.15,105.95,106.01
1171121,1600,106.18,106.23,105.95,106.03
1171122,1600,106.14,106.42,106.1,106.37
1171124,1600,106.27,106.34,106.24,106.28
1171127,1600,106.33,106.42,106.19,106.35
1171128,1600,106.51,106.55,106.28,106.37
1171129,1600,106.02,106.08,105.88,106.03
1171130,1600,105.96,106.01,105.59,105.7
1171201,1600,105.7,106.34,105.5,105.93
1171204,1600,105.65,105.88,105.64,105.88
1171205,1600,105.71,105.99,105.69,105.96
1171206,1600,106.2,106.31,106.16,106.18
1171207,1600,106.18,106.27,105.86,105.99
1171208,1600,105.97,106.02,105.83,105.91
1171211,1600,105.97,106.02,105.81,105.84
1171212,1600,105.74,105.76,105.6,105.75
1171213,1600,105.9,106.22,105.79,106.18
1171214,1600,105.99,106.23,105.86,106.14
1171215,1600,105.98,106.17,105.92,106.12
1171218,1600,106.03,106.06,105.84,105.88
1171219,1600,105.62,105.63,105.25,105.4
1171220,1600,105.1,105.29,105.04,105.09
1171221,1600,104.94,105.01,104.87,105.0
1171222,1600,104.99,105.04,104.95,105.04
1171226,1600,105.05,105.2,105.03,105.08
1171227,1600,105.23,105.57,105.23,105.53
1171228,1600,105.43,105.48,105.34,105.4
1171229,1600,105.47,105.64,105.46,105.57
1180102,1600,105.44,105.47,105.09,105.22
1180103,1600,105.35,105.41,105.22,105.33
1180104,1600,105.1,105.29,105.02,105.28
1180105,1600,105.28,105.32,105.06,105.15
1180108,1600,105.2,105.22,105.01,105.1
1180109,1600,104.92,104.92,104.58,104.6
1180110,1600,104.29,104.62,104.23,104.57
1180111,1600,104.52,104.73,104.42,104.64
1180112,1600,104.42,104.61,104.4,104.57
1180116,1600,104.74,104.76,104.48,104.62
1180117,1600,104.46,104.63,104.32,104.39
1180118,1600,104.11,104.21,103.98,104.06
1180119,1600,104.0,104.0,103.73,103.79
1180122,1600,103.87,103.95,103.67,103.75
1180123,1600,103.99,104.11,103.9,104.05
1180124,1600,103.87,103.95,103.73,103.85
1180125,1600,103.74,104.09,103.62,104.08
1180126,1600,103.96,103.96,103.66,103.77
1180129,1600,103.5,103.55,103.31,103.51
1180130,1600,103.42,103.48,103.22,103.27
1180131,1600,103.44,103.49,103.02,103.3
1180201,1600,103.1,103.1,102.57,102.6
1180202,1600,102.29,102.37,102.11,102.22
1180205,1600,102.25,103.31,102.09,103.06
1180206,1600,102.95,103.04,102.61,102.61
1180207,1600,102.75,102.77,102.19,102.31
1180208,1600,102.03,102.53,101.89,102.4
1180209,1600,102.11,102.81,102.11,102.22
1180212,1600,102.22,102.36,102.08,102.19
1180213,1600,102.27,102.39,102.18,102.36
1180214,1600,102.06,102.06,101.63,101.74
1180215,1600,101.76,101.96,101.74,101.77
1180216,1600,102.09,102.18,101.96,102.01
1180220,1600,101.81,101.96,101.72,101.9
1180221,1600,102.0,102.0,101.47,101.6
1180222,1600,101.76,101.87,101.7,101.74
1180223,1600,102.01,102.21,101.98,102.13
1180226,1600,102.36,102.45,102.2,102.25
1180227,1600,102.29,102.33,101.74,101.93
1180228,1600,102.05,102.19,101.97,102.17
1180301,1600,102.16,102.61,102.03,102.45
1180302,1600,102.32,102.33,102.01,102.07
1180305,1600,102.35,102.35,101.82,101.94
1180306,1600,101.97,102.15,101.92,101.93
1180307,1600,102.16,102.22,101.92,101.93
1180308,1600,102.07,102.24,102.02,102.14
1180309,1600,101.89,102.0,101.77,101.92
1180312,1600,102.0,102.17,101.94,102.16
1180313,1600,102.32,102.38,102.13,102.33
1180314,1600,102.27,102.66,102.25,102.53
1180315,1600,102.51,102.62,102.39,102.49
1180316,1600,102.36,102.39,102.24,102.37
1180319,1600,102.15,102.46,102.14,102.27
1180320,1600,102.09,102.16,102.04,102.07
1180321,1600,101.94,102.22,101.68,102.14
1180322,1600,102.52,102.77,102.39,102.56
1180323,1600,102.46,102.75,102.46,102.7
1180326,1600,102.52,102.65,102.39,102.42
1180327,1600,102.53,103.05,102.52,103.0
1180328,1600,103.21,103.26,102.89,102.98
1180329,1600,103.01,103.31,103.01,103.19
1180402,1600,102.94,103.34,102.89,103.12
1180403,1600,102.96,103.0,102.75,102.79
1180404,1600,103.0,103.0,102.68,102.73
1180405,1600,102.57,102.61,102.43,102.47
1180406,1600,102.8,102.96,102.66,102.92
1180409,1600,102.74,102.94,102.65,102.94
1180410,1600,102.81,102.87,102.68,102.76
1180411,1600,102.96,103.0,102.76,102.86
1180412,1600,102.72,102.73,102.46,102.49
1180413,1600,102.4,102.63,102.4,102.58
1180416,1600,102.33,102.55,102.31,102.53
1180417,1600,102.48,102.66,102.44,102.59
1180418,1600,102.38,102.5,102.19,102.19
1180419,1600,101.95,102.02,101.79,101.91
1180420,1600,101.78,101.84,101.57,101.57
1180423,1600,101.48,101.53,101.34,101.47
1180424,1600,101.33,101.45,101.26,101.35
1180425,1600,101.19,101.25,101.06,101.13
1180426,1600,101.37,101.46,101.31,101.42
1180427,1600,101.51,101.65,101.5,101.59
1180430,1600,101.64,101.81,101.62,101.7
1180501,1600,101.5,101.5,101.31,101.35
1180502,1600,101.39,101.51,101.3,101.37
1180503,1600,101.58,101.77,101.56,101.63
1180504,1600,101.75,101.79,101.49,101.64
1180507,1600,101.63,101.66,101.54,101.59
1180508,1600,101.43,101.52,101.32,101.42
1180509,1600,101.19,101.3,101.16,101.19
1180510,1600,101.43,101.48,101.3,101.4
1180511,1600,101.47,101.47,101.3,101.41
1180514,1600,101.25,101.28,101.18,101.19
1180515,1600,100.8,100.8,100.49,100.63
1180516,1600,100.5,100.7,100.42,100.42
1180517,1600,100.46,100.52,100.33,100.36
1180518,1600,100.55,100.81,100.55,100.75
1180521,1600,100.7,100.83,100.64,100.82
1180522,1600,100.82,100.83,100.69,100.78
1180523,1600,101.09,101.3,101.07,101.24
1180524,1600,101.47,101.64,101.43,101.5
1180525,1600,101.81,101.91,101.76,101.9
1180529,1600,102.35,103.2,102.24,103.0
1180530,1600,102.57,102.72,102.38,102.56
1180531,1600,102.57,102.74,102.34,102.51
1180601,1600,101.85,102.09,101.77,101.93
1180604,1600,101.82,101.83,101.57,101.57
1180605,1600,101.84,101.97,101.72,101.83
1180606,1600,101.56,101.59,101.36,101.42
1180607,1600,101.42,102.13,101.39,101.85
1180608,1600,101.74,101.86,101.68,101.71
1180611,1600,101.53,101.64,101.51,101.61
1180612,1600,101.47,101.6,101.45,101.55
1180613,1600,101.58,101.65,101.16,101.43
1180614,1600,101.62,101.76,101.54,101.75
1180615,1600,101.97,102.1,101.8,101.83
1180618,1600,101.96,101.98,101.8,101.88
1180619,1600,102.18,102.28,102.09,102.15
1180620,1600,102.11,102.13,101.81,101.82
1180621,1600,101.98,102.17,101.98,102.09
1180622,1600,101.96,102.16,101.95,102.11
1180625,1600,102.22,102.4,102.21,102.25
1180626,1600,102.27,102.36,102.21,102.3
1180627,1600,102.56,102.73,102.48,102.69
1180628,1600,102.68,102.71,102.51,102.59
1180629,1600,102.58,102.68,102.5,102.51
1180702,1600,102.42,102.45,102.22,102.25
1180703,1600,102.29,102.51,102.28,102.51
1180705,1600,102.48,102.64,102.46,102.52
1180706,1600,102.64,102.71,102.52,102.61
1180709,1600,102.37,102.44,102.33,102.35
1180710,1600,102.25,102.36,102.21,102.27
1180711,1600,102.46,102.51,102.32,102.48
1180712,1600,102.35,102.48,102.33,102.44
1180713,1600,102.55,102.64,102.48,102.61
1180716,1600,102.39,102.48,102.26,102.44
1180717,1600,102.5,102.5,102.35,102.38
1180718,1600,102.43,102.45,102.27,102.3
1180719,1600,102.37,102.67,102.35,102.58
1180720,1600,102.46,102.46,102.18,102.22
1180723,1600,102.1,102.11,101.7,101.72
1180724,1600,101.7,101.84,101.63,101.79
1180725,1600,101.91,101.98,101.66,101.72
1180726,1600,101.82,101.87,101.59,101.61
1180727,1600,101.84,101.84,101.68,101.77
1180730,1600,101.57,101.76,101.56,101.64
1180731,1600,101.8,101.83,101.71,101.78
1180801,1600,101.26,101.41,101.19,101.34
1180802,1600,101.41,101.48,101.32,101.46
1180803,1600,101.54,101.75,101.53,101.72
1180806,1600,101.79,101.95,101.76,101.77
1180807,1600,101.71,101.71,101.54,101.56
1180808,1600,101.59,101.71,101.58,101.65
1180809,1600,101.81,101.93,101.79,101.93
1180810,1600,102.2,102.5,102.17,102.37
1180813,1600,102.31,102.46,102.23,102.34
1180814,1600,102.32,102.33,102.19,102.24
1180815,1600,102.46,102.68,102.43,102.49
1180816,1600,102.51,102.52,102.28,102.46
1180817,1600,102.55,102.64,102.4,102.5
1180820,1600,102.7,102.86,102.68,102.82
1180821,1600,102.73,102.73,102.61,102.68
1180822,1600,102.96,102.96,102.77,102.87
1180823,1600,102.91,102.95,102.83,102.86
1180824,1600,102.68,102.91,102.64,102.89
1180827,1600,102.75,102.78,102.64,102.66
1180828,1600,102.48,102.52,102.39,102.43
1180829,1600,102.46,102.47,102.3,102.4
1180830,1600,102.54,102.68,102.51,102.59
1180831,1600,102.82,102.83,102.6,102.61
1180904,1600,102.26,102.32,102.12,102.17
1180905,1600,102.15,102.23,102.05,102.16
1180906,1600,102.22,102.45,102.21,102.37
1180907,1600,102.01,102.04,101.87,101.91
1180910,1600,101.89,102.01,101.89,101.97
1180911,1600,101.77,101.8,101.6,101.6
1180912,1600,101.76,101.81,101.72,101.72
1180913,1600,101.86,101.86,101.69,101.71
1180914,1600,101.51,101.62,101.46,101.52
1180917,1600,101.41,101.58,101.38,101.54
1180918,1600,101.41,101.42,101.09,101.12
1180919,1600,101.06,101.07,100.8,100.95
1180920,1600,100.83,101.06,100.8,100.96
1180921,1600,100.9,101.06,100.9,101.0
1180924,1600,100.85,101.01,100.84,100.89
1180925,1600,100.77,100.81,100.68,100.79
1180926,1600,100.89,101.14,100.84,101.12
1180927,1600,101.05,101.15,100.99,101.12
1180928,1600,101.29,101.3,101.13,101.17
1181001,1600,100.83,100.89,100.71,100.71
1181002,1600,100.86,101.04,100.86,100.97
1181003,1600,100.78,100.79,100.09,100.22
1181004,1600,99.98,100.13,99.88,99.96
1181005,1600,99.82,99.91,99.6,99.72
1181008,1600,99.82,99.86,99.74,99.76
1181009,1600,99.79,99.95,99.76,99.95
1181010,1600,99.71,100.03,99.67,100.0
1181011,1600,100.22,100.55,100.09,100.41
1181012,1600,100.29,100.53,100.24,100.29
1181015,1600,100.39,100.44,100.26,100.35
1181016,1600,100.27,100.35,100.2,100.34
1181017,1600,100.32,100.42,100.05,100.05
1181018,1600,100.0,100.4,99.95,100.23
1181019,1600,100.22,100.24,100.03,100.11
1181022,1600,100.22,100.26,100.12,100.13
1181023,1600,100.65,100.79,100.34,100.39
1181024,1600,100.67,100.96,100.6,100.93
1181025,1600,100.75,100.82,100.6,100.69
1181026,1600,101.07,101.3,101.04,101.14
1181029,1600,101.01,101.24,100.85,101.13
1181030,1600,100.94,101.06,100.87,100.91
1181031,1600,100.61,100.74,100.55,100.66
1181101,1600,100.36,100.57,100.33,100.53
1181102,1600,100.29,100.32,99.93,99.97
1181105,1600,100.16,100.2,100.03,100.03
1181106,1600,100.1,100.1,99.91,99.92
1181107,1600,100.09,100.17,99.91,99.92
1181108,1600,100.0,100.02,99.75,99.78
1181109,1600,99.93,100.22,99.92,100.17
1181112,1600,100.38,100.51,100.33,100.47
1181113,1600,100.42,100.58,100.35,100.55
1181114,1600,100.43,100.96,100.39,100.76
1181115,1600,101.01,101.06,100.71,100.83
1181116,1600,101.06,101.18,100.98,101.14
1181119,1600,101.06,101.32,101.06,101.29
1181120,1600,101.32,101.42,101.23,101.27
1181121,1600,101.18,101.25,101.07,101.25
1181123,1600,101.46,101.47,101.31,101.31
1181126,1600,101.19,101.23,101.13,101.23
1181127,1600,101.2,101.4,101.19,101.33
1181128,1600,101.25,101.46,101.17,101.32
1181129,1600,101.59,101.73,101.46,101.58
1181130,1600,101.73,101.82,101.66,101.78
1181203,1600,101.44,101.79,101.41,101.79
1181204,1600,101.97,102.46,101.94,102.26
1181206,1600,102.65,102.97,102.5,102.52
1181207,1600,102.49,102.86,102.36,102.82
1181210,1600,102.84,103.04,102.71,102.88
1181211,1600,102.64,102.85,102.5,102.62
1181212,1600,102.45,102.5,102.31,102.34
1181213,1600,102.46,102.5,102.34,102.4
1181214,1600,102.57,102.72,102.52,102.56
1181217,1600,102.66,102.93,102.65,102.86
1181218,1600,102.75,102.95,102.68,102.9
1181219,1600,103.01,103.48,102.78,103.26
1181220,1600,103.45,103.47,103.09,103.13
1181221,1600,103.2,103.23,103.06,103.22
1181224,1600,103.38,103.49,103.26,103.48
1181226,1600,103.47,103.62,102.95,102.99
1181227,1600,103.43,103.63,103.23,103.25
1181228,1600,103.42,103.82,103.39,103.81
1181231,1600,103.69,104.66,103.63,104.2
1190102,1600,104.31,104.43,104.18,104.42
1190103,1600,104.46,105.32,104.44,105.25
1190104,1600,104.55,104.59,104.27,104.4
1190107,1600,104.52,104.57,104.07,104.11
1190108,1600,104.0,104.09,103.85,103.85
1190109,1600,103.84,103.99,103.77,103.91
1190110,1600,104.07,104.14,103.79,103.86
1190111,1600,104.14,104.26,104.07,104.17
1190114,1600,104.21,104.29,104.05,104.11
1190115,1600,104.29,104.29,103.97,104.01
1190116,1600,103.89,104.0,103.81,103.95
1190117,1600,103.9,103.95,103.68,103.76
1190118,1600,103.61,103.72,103.35,103.43
1190122,1600,103.72,103.91,103.67,103.79
1190123,1600,103.61,103.85,103.58,103.74
1190124,1600,104.06,104.18,103.98,104.07
1190125,1600,103.89,103.94,103.73,103.83
1190128,1600,103.79,103.98,103.79,103.86
1190129,1600,103.94,104.16,103.93,104.16
1190130,1600,104.05,104.43,103.96,104.4
1190131,1600,104.64,104.93,104.61,104.88
1190201,1600,104.47,104.49,104.09,104.1
1190204,1600,103.97,103.97,103.81,103.87
1190205,1600,104.0,104.18,103.99,104.05
1190206,1600,104.28,104.29,104.07,104.13
1190207,1600,104.42,104.55,104.35,104.47
1190208,1600,104.63,104.73,104.59,104.61
1190211,1600,104.45,104.54,104.37,104.45
1190212,1600,104.38,104.39,104.22,104.31
1190213,1600,104.07,104.17,104.0,104.05
1190214,1600,104.61,104.62,104.41,104.54
1190215,1600,104.35,104.47,104.34,104.44
1190219,1600,104.63,104.7,104.55,104.62
1190220,1600,104.62,104.7,104.52,104.6
1190221,1600,104.3,104.34,104.22,104.29
1190222,1600,104.5,104.72,104.46,104.6
1190225,1600,104.43,104.5,104.36,104.44
1190226,1600,104.75,104.79,104.6,104.75
1190227,1600,104.57,104.58,104.3,104.38
1190228,1600,104.34,104.35,104.06,104.11
1190301,1600,103.74,103.85,103.57,103.57
1190304,1600,103.73,103.95,103.66,103.89
1190305,1600,103.77,103.96,103.7,103.95
1190306,1600,103.99,104.29,103.99,104.24
1190307,1600,104.44,104.67,104.43,104.59
1190308,1600,104.69,104.83,104.58,104.74
1190311,1600,104.73,104.73,104.57,104.66
1190312,1600,104.74,105.0,104.7,104.95
1190313,1600,104.84,104.94,104.8,104.91
1190314,1600,104.86,104.91,104.65,104.76
1190315,1600,105.08,105.17,104.97,105.09
1190318,1600,104.99,105.08,104.94,104.95
1190319,1600,104.78,104.99,104.75,104.88
1190320,1600,105.03,105.64,105.01,105.61
1190321,1600,105.73,105.75,105.48,105.56
1190322,1600,106.09,106.51,106.04,106.34
1190325,1600,106.34,106.86,106.25,106.61
1190326,1600,106.39,106.69,106.34,106.52
1190327,1600,106.81,107.08,106.75,106.83
1190328,1600,106.8,106.91,106.66,106.84
1190329,1600,106.47,106.68,106.44,106.67
1190401,1600,106.1,106.13,105.68,105.72
1190402,1600,105.82,105.92,105.76,105.9
1190403,1600,105.57,105.69,105.52,105.57
1190404,1600,105.62,105.72,105.55,105.68
1190405,1600,105.6,105.8,105.59,105.73
1190408,1600,105.71,105.76,105.56,105.56
1190409,1600,105.82,105.88,105.72,105.75
1190410,1600,105.92,106.07,105.91,106.0
1190411,1600,105.83,105.87,105.72,105.76
1190412,1600,105.39,105.45,105.27,105.27
1190415,1600,105.29,105.42,105.29,105.41
1190416,1600,105.19,105.25,105.03,105.05
1190417,1600,105.0,105.18,105.0,105.07
1190418,1600,105.33,105.46,105.29,105.32
1190422,1600,105.26,105.27,105.12,105.17
1190423,1600,105.32,105.39,105.28,105.36
1190424,1600,105.66,105.77,105.64,105.76
1190425,1600,105.73,105.79,105.59,105.63
1190426,1600,105.97,105.99,105.85,105.91
1190429,1600,105.72,105.77,105.61,105.69
1190430,1600,105.63,105.93,105.62,105.9
1190501,1600,105.7,106.11,105.55,105.64
1190502,1600,105.53,105.57,105.27,105.34
1190503,1600,105.46,105.62,105.43,105.48
1190506,1600,105.88,105.92,105.73,105.75
1190507,1600,106.01,106.19,105.96,106.11
1190508,1600,106.21,106.25,105.86,105.91
1190509,1600,106.3,106.43,106.05,106.19
1190510,1600,106.24,106.42,106.05,106.12
1190513,1600,106.57,106.74,106.52,106.65
1190514,1600,106.57,106.62,106.44,106.55
1190515,1600,106.94,106.97,106.74,106.89
1190516,1600,106.65,106.72,106.55,106.68
1190517,1600,106.91,106.91,106.62,106.73
1190520,1600,106.75,106.84,106.53,106.55
1190521,1600,106.48,106.52,106.34,106.43
1190522,1600,106.6,106.8,106.57,106.75
1190523,1600,107.01,107.56,107.01,107.4
1190524,1600,107.33,107.37,107.23,107.37
1190528,1600,107.62,107.84,107.53,107.84
1190529,1600,108.09,108.24,107.78,107.8
1190530,1600,107.86,108.24,107.72,108.19
1190531,1600,108.56,108.95,108.49,108.91
1190603,1600,108.88,109.34,108.77,109.22
1190604,1600,108.76,108.99,108.6,108.82
1190605,1600,108.96,109.13,108.76,108.82
1190606,1600,108.91,109.1,108.73,108.8
1190607,1600,109.4,109.42,109.14,109.23
1190610,1600,108.86,108.88,108.68,108.69
1190611,1600,108.62,108.77,108.58,108.69
1190612,1600,108.77,108.99,108.76,108.97
1190613,1600,109.07,109.33,109.05,109.24
1190614,1600,109.16,109.38,109.15,109.32
1190617,1600,109.3,109.38,109.17,109.3
1190618,1600,109.75,109.8,109.41,109.51
1190619,1600,109.28,109.9,109.21,109.81
1190620,1600,110.04,110.28,109.97,109.99
1190621,1600,109.73,109.77,109.45,109.54
1190624,1600,109.74,109.94,109.71,109.92
1190625,1600,110.03,110.23,109.95,110.09
1190626,1600,109.95,109.95,109.6,109.64
1190627,1600,109.77,110.03,109.68,109.97
1190628,1600,109.87,110.11,109.81,110.02
1190701,1600,109.82,109.87,109.5,109.69
1190702,1600,109.81,110.15,109.79,110.08
1190703,1600,110.21,110.4,110.2,110.29
1190705,1600,109.65,109.65,109.34,109.59
1190708,1600,109.75,109.82,109.48,109.48
1190709,1600,109.49,109.5,109.34,109.41
1190710,1600,109.51,109.62,109.34,109.47
1190711,1600,109.33,109.4,108.88,108.93
1190712,1600,108.92,109.17,108.89,109.05
1190715,1600,109.14,109.28,109.07,109.28
1190716,1600,108.93,109.08,108.83,109.04
1190717,1600,109.23,109.56,109.22,109.55
1190718,1600,109.43,109.89,109.4,109.82
1190719,1600,109.59,109.73,109.51,109.62
1190722,1600,109.79,109.8,109.63,109.67
1190723,1600,109.55,109.66,109.42,109.49
1190724,1600,109.64,109.75,109.56,109.65
1190725,1600,109.52,109.53,109.23,109.46
1190726,1600,109.5,109.51,109.32,109.44
1190729,1600,109.62,109.66,109.52,109.54
1190730,1600,109.63,109.67,109.45,109.59
1190731,1600,109.56,109.99,109.39,109.87
1190801,1600,109.84,110.92,109.79,110.92
1190802,1600,110.94,111.2,110.84,111.15
1190805,1600,111.82,112.2,111.76,112.11
1190806,1600,111.88,112.3,111.79,112.29
1190807,1600,113.07,113.27,112.17,112.29
1190808,1600,111.99,112.41,111.66,112.3
1190809,1600,112.38,112.6,112.06,112.13
1190812,1600,112.54,112.98,112.51,112.84
1190813,1600,112.86,112.89,112.15,112.44
1190814,1600,113.09,113.29,113.0,113.19
1190815,1600,113.34,114.17,113.28,113.91
1190816,1600,113.51,113.67,113.17,113.61
1190819,1600,113.04,113.26,113.01,113.07
1190820,1600,113.52,113.66,113.46,113.57
1190821,1600,113.27,113.57,113.21,113.27
1190822,1600,113.05,113.37,113.0,113.02
1190823,1600,113.13,113.94,113.01,113.78
1190826,1600,113.73,113.93,113.58,113.67
1190827,1600,113.81,114.19,113.81,114.16
1190828,1600,114.35,114.39,114.12,114.2
1190829,1600,114.1,114.1,113.69,113.98
1190830,1600,113.78,114.05,113.74,114.01
1190903,1600,113.88,114.44,113.7,114.07
1190904,1600,113.95,114.3,113.95,114.25
1190905,1600,113.59,113.62,113.08,113.33
1190906,1600,113.34,113.53,113.27,113.4
1190909,1600,112.86,112.94,112.69,112.7
1190910,1600,112.53,112.63,111.88,111.88
1190911,1600,111.78,111.97,111.75,111.77
1190912,1600,112.1,112.16,111.35,111.52
1190913,1600,111.1,111.21,110.5,110.5
1190916,1600,110.9,111.1,110.75,110.98
1190917,1600,111.04,111.38,110.94,111.27
1190918,1600,111.57,111.8,111.2,111.31
1190919,1600,111.58,111.59,111.32,111.36
1190920,1600,111.54,112.02,111.48,112.0
1190923,1600,112.14,112.48,112.06,112.16
1190924,1600,112.22,112.82,112.21,112.72
1190925,1600,112.59,112.69,111.9,111.98
1190926,1600,112.25,112.43,112.16,112.22
1190927,1600,112.23,112.49,112.19,112.38
1190930,1600,112.21,112.51,112.17,112.47
1191001,1600,111.85,112.86,111.81,112.61
1191002,1600,112.73,113.18,112.71,113.0
1191003,1600,113.16,113.88,113.14,113.59
1191004,1600,113.58,113.89,113.51,113.81
1191007,1600,113.56,113.68,113.4,113.43
1191008,1600,113.82,113.87,113.48,113.67
1191009,1600,113.55,113.55,113.2,113.38
1191010,1600,113.06,113.08,112.56,112.67
1191011,1600,112.13,112.18,111.72,111.9
1191014,1600,112.25,112.29,112.16,112.21
1191015,1600,112.16,112.24,111.64,111.67
1191016,1600,111.84,112.02,111.75,111.89
1191017,1600,111.8,112.09,111.72,111.85
1191018,1600,111.92,112.12,111.87,111.95
1191021,1600,111.66,111.79,111.51,111.54
1191022,1600,111.81,111.85,111.5,111.8
1191023,1600,112.02,112.07,111.79,111.84
1191024,1600,111.89,112.07,111.78,111.82
1191025,1600,111.9,111.92,111.42,111.58
1191028,1600,111.19,111.22,111.05,111.16
1191029,1600,111.3,111.35,111.15,111.26
1191030,1600,111.35,111.81,111.31,111.8
1191031,1600,112.11,112.58,112.07,112.51
1191101,1600,112.18,112.42,111.88,112.13
1191104,1600,111.63,111.69,111.5,111.56
1191105,1600,111.13,111.17,110.85,110.96
1191106,1600,111.19,111.39,110.98,111.28
1191107,1600,110.71,110.71,109.98,110.39
1191108,1600,110.29,110.64,110.24,110.24
1191111,1600,110.49,110.52,110.24,110.36
1191112,1600,110.35,110.5,110.18,110.41
1191113,1600,110.82,110.86,110.63,110.71
1191114,1600,111.19,111.4,111.14,111.27
1191115,1600,111.09,111.29,111.08,111.18
1191118,1600,111.36,111.49,111.33,111.37
1191119,1600,111.39,111.62,111.39,111.58
1191120,1600,111.8,112.02,111.72,111.99
1191121,1600,111.72,111.83,111.57,111.71
1191122,1600,111.77,111.81,111.6,111.69
1191125,1600,111.7,111.78,111.68,111.74
1191126,1600,111.91,111.99,111.85,111.95
1191127,1600,111.72,111.77,111.61,111.66
1191129,1600,111.62,111.63,111.44,111.57
1191202,1600,110.87,111.12,110.81,111.01
1191203,1600,111.58,112.17,111.57,112.0
1191204,1600,111.77,111.86,111.39,111.57
1191205,1600,111.15,111.42,111.14,111.31
1191206,1600,110.88,111.19,110.83,110.97
1191209,1600,111.21,111.22,111.04,111.06
1191210,1600,111.15,111.19,110.91,110.93
1191211,1600,111.1,111.47,111.08,111.39
1191212,1600,111.28,111.3,110.31,110.51
1191213,1600,110.81,111.23,110.48,111.16
1191216,1600,110.88,110.88,110.57,110.64
1191217,1600,110.77,110.82,110.58,110.65
1191218,1600,110.58,110.61,110.23,110.35
1191219,1600,110.12,110.42,110.08,110.28
1191220,1600,110.11,110.3,110.08,110.28
1191223,1600,110.31,110.38,110.09,110.18
1191224,1600,110.04,110.41,110.04,110.37
1191226,1600,110.41,110.53,110.27,110.53
1191227,1600,110.62,110.73,110.62,110.69
1191230,1600,110.31,110.62,110.24,110.62
1191231,1600,110.44,110.49,110.21,110.22
1200102,1600,110.69,110.95,110.63,110.73
1200103,1600,111.15,111.49,111.04,111.47
1200106,1600,111.66,111.67,111.26,111.35
1200107,1600,111.33,111.43,111.19,111.19
1200108,1600,111.29,111.42,110.79,110.93
1200109,1600,110.68,111.04,110.63,111.01
1200110,1600,111.09,111.32,111.09,111.25
1200113,1600,111.11,111.14,110.98,111.12
1200114,1600,111.18,111.36,111.16,111.34
1200115,1600,111.55,111.62,111.43,111.62
1200116,1600,111.45,111.51,111.3,111.39
1200117,1600,111.13,111.3,111.09,111.3
1200121,1600,111.55,111.78,111.54,111.74
1200122,1600,111.74,111.82,111.68,111.76
1200123,1600,112.03,112.24,111.99,112.04
1200124,1600,112.18,112.61,112.16,112.44
1200127,1600,113.19,113.21,113.03,113.2
1200128,1600,113.09,113.12,112.78,112.82
1200129,1600,112.97,113.41,112.97,113.36
1200130,1600,113.55,113.83,113.4,113.47
1200131,1600,113.72,114.12,113.69,114.04
1200203,1600,113.61,113.84,113.32,113.79
1200204,1600,113.24,113.25,112.96,113.13
1200205,1600,112.71,112.87,112.62,112.64
1200206,1600,112.61,112.8,112.56,112.72
1200207,1600,113.18,113.36,113.09,113.26
1200210,1600,113.5,113.62,113.37,113.48
1200211,1600,113.33,113.37,113.14,113.21
1200212,1600,112.97,112.99,112.83,112.92
1200213,1600,112.98,113.14,112.94,113.02
1200214,1600,113.27,113.37,113.21,113.3
1200218,1600,113.45,113.65,113.35,113.48
1200219,1600,113.36,113.51,113.3,113.46
1200220,1600,113.63,113.94,113.62,113.79
1200221,1600,114.09,114.53,114.08,114.25
1200224,1600,115.2,115.29,115.02,115.14
1200225,1600,115.11,115.71,115.08,115.46
1200226,1600,115.21,115.79,115.09,115.4
1200227,1600,116.14,116.34,115.58,115.96
1200228,1600,116.89,117.45,116.76,117.26
1200302,1600,117.55,117.94,116.97,117.04
1200303,1600,117.16,119.29,117.03,118.4
1200304,1600,118.57,118.91,118.05,118.14
1200305,1600,119.0,119.32,118.92,119.19
1200306,1600,120.98,121.31,120.09,120.4
1200309,1600,123.25,123.41,121.45,121.48
1200310,1600,120.88,121.76,119.25,119.25
1200311,1600,120.27,120.59,117.6,118.06
1200312,1600,120.15,120.77,114.4,118.12
1200313,1600,117.8,118.98,117.01,117.35
1200316,1600,120.03,120.68,119.0,120.45
1200317,1600,119.91,120.29,117.42,117.43
1200318,1600,116.6,117.8,115.34,115.8
1200319,1600,116.14,117.63,115.92,116.18
1200320,1600,117.64,119.88,117.41,119.14
1200323,1600,119.45,121.06,119.45,120.55
1200324,1600,119.52,119.97,119.26,119.73
1200325,1600,119.76,120.26,119.4,119.8
1200326,1600,120.19,120.5,119.91,120.09
1200327,1600,120.81,121.39,120.68,120.98
1200330,1600,121.79,122.09,121.18,121.26
1200331,1600,121.45,121.81,121.31,121.48
1200401,1600,122.13,122.26,121.73,121.83
1200402,1600,122.17,122.22,121.67,121.85
1200403,1600,122.04,122.29,121.82,121.94
1200406,1600,121.53,121.6,121.28,121.39
1200407,1600,120.55,120.89,120.27,120.85
1200408,1600,120.6,120.87,120.46,120.7
1200409,1600,120.64,121.11,120.53,120.96
1200413,1600,120.85,121.02,120.67,120.7
1200414,1600,120.84,121.05,120.8,120.86
1200415,1600,121.52,122.03,121.48,121.94
1200416,1600,122.11,122.25,121.99,122.07
1200417,1600,121.97,122.3,121.64,121.75
1200420,1600,121.98,122.08,121.79,122.07
1200421,1600,122.57,122.69,122.3,122.41
1200422,1600,122.13,122.25,121.81,122.03
1200423,1600,121.97,122.14,121.87,122.11
1200424,1600,121.89,122.15,121.88,122.14
1200427,1600,121.85,121.88,121.46,121.49
1200428,1600,121.75,122.09,121.74,122.02
1200429,1600,122.03,122.21,121.71,121.96
1200430,1600,122.05,122.26,121.67,121.67
1200501,1600,121.79,121.91,121.57,121.71
1200504,1600,121.68,121.82,121.55,121.73
1200505,1600,121.45,121.68,121.37,121.64
1200506,1600,120.99,121.28,120.85,121.19
1200507,1600,121.3,121.98,121.26,121.93
1200508,1600,121.62,121.98,121.44,121.53
1200511,1600,121.51,121.58,121.09,121.19
1200512,1600,121.13,121.63,121.11,121.59
1200513,1600,121.74,121.99,121.65,121.84
1200514,1600,122.05,122.21,121.98,122.03
1200515,1600,122.2,122.23,121.86,121.95
1200518,1600,121.66,121.67,121.06,121.2
1200519,1600,121.17,121.56,121.17,121.54
1200520,1600,121.37,121.71,121.28,121.57
1200521,1600,121.69,121.85,121.6,121.65
1200522,1600,121.71,121.88,121.69,121.88
1200526,1600,121.5,121.63,121.39,121.56
1200527,1600,121.49,121.84,121.48,121.66
1200528,1600,121.44,121.61,121.37,121.55
1200529,1600,121.75,121.99,121.63,121.94
1200601,1600,121.62,121.77,121.49,121.77
1200602,1600,121.63,121.74,121.49,121.57
1200603,1600,121.17,121.19,120.75,120.85
1200604,1600,120.66,120.67,120.31,120.37
1200605,1600,119.6,119.81,119.35,119.77
1200608,1600,119.67,120.01,119.66,119.9
1200609,1600,120.37,120.53,120.25,120.33
1200610,1600,120.61,121.23,120.55,121.23
1200611,1600,121.68,121.85,121.59,121.66
1200612,1600,121.44,121.66,121.33,121.39
1200615,1600,121.66,121.74,121.29,121.29
1200616,1600,120.84,121.27,120.73,121.04
1200617,1600,121.16,121.27,120.97,121.23
1200618,1600,121.51,121.56,121.42,121.5
1200619,1600,121.23,121.61,121.23,121.54
1200622,1600,121.66,121.71,121.37,121.43
1200623,1600,121.31,121.43,121.24,121.39
1200624,1600,121.29,121.66,121.29,121.62
1200625,1600,121.8,121.83,121.61,121.64
1200626,1600,121.8,122.07,121.78,121.97
1200629,1600,121.93,122.14,121.92,122.09
1200630,1600,122.15,122.19,121.79,121.87
1200701,1600,121.53,121.66,121.35,121.57
1200702,1600,121.44,121.74,121.35,121.72
1200706,1600,121.41,121.56,121.29,121.54
1200707,1600,121.63,121.94,121.57,121.93
1200708,1600,121.72,121.87,121.61,121.74
1200709,1600,121.77,122.24,121.76,122.13
1200710,1600,122.25,122.29,121.85,121.89
1200713,1600,121.71,122.04,121.68,122.02
1200714,1600,122.18,122.23,121.99,122.01
1200715,1600,121.83,122.09,121.82,121.97
1200716,1600,122.16,122.25,122.06,122.06
1200717,1600,122.12,122.15,121.97,122.03
1200720,1600,122.2,122.22,122.02,122.11
1200721,1600,122.16,122.28,122.12,122.24
1200722,1600,122.39,122.39,122.24,122.28
1200723,1600,122.43,122.45,122.29,122.4
1200724,1600,122.3,122.43,122.27,122.34
1200727,1600,122.44,122.46,122.12,122.15
1200728,1600,122.3,122.47,122.26,122.44
1200729,1600,122.45,122.6,122.31,122.6
1200730,1600,122.75,122.78,122.67,122.77
1200731,1600,122.64,122.89,122.59,122.8
1200803,1600,122.52,122.65,122.46,122.64
1200804,1600,122.83,123.09,122.79,123.06
1200805,1600,122.75,122.78,122.61,122.65
1200806,1600,122.89,123.06,122.73,122.79
1200807,1600,122.83,122.9,122.49,122.53
1200810,1600,122.7,122.72,122.4,122.4
1200811,1600,121.96,122.04,121.69,121.98
1200812,1600,121.65,121.76,121.47,121.62
1200813,1600,121.6,121.71,121.25,121.37
1200814,1600,121.48,121.59,121.42,121.43
1200817,1600,121.69,121.83,121.6,121.63
1200818,1600,121.76,121.92,121.69,121.84
1200819,1600,121.9,121.97,121.65,121.68
1200820,1600,122.05,122.08,121.95,122.03
1200821,1600,122.11,122.15,121.92,122.12
1200824,1600,122.09,122.21,121.93,121.95
1200825,1600,121.56,121.72,121.39,121.66
1200826,1600,121.54,121.67,121.38,121.61
1200827,1600,121.87,121.87,121.18,121.18
1200828,1600,121.41,121.53,121.26,121.38
1200831,1600,121.4,121.71,121.38,121.51
1200901,1600,121.4,121.82,121.3,121.82
1200902,1600,121.72,122.04,121.7,121.99
1200903,1600,122.08,122.39,122.02,122.15
1200904,1600,121.83,121.92,121.38,121.47
1200908,1600,121.74,121.92,121.7,121.73
1200909,1600,121.76,121.83,121.54,121.67
1200910,1600,121.51,121.84,121.44,121.82
1200911,1600,121.88,122.01,121.84,122.01
1200914,1600,122.02,122.1,121.83,121.9
1200915,1600,121.83,121.9,121.76,121.84
1200916,1600,122.0,122.0,121.66,121.77
1200917,1600,122.05,122.05,121.77,121.81
1200918,1600,121.85,121.88,121.7,121.7
1200921,1600,122.01,122.15,121.9,121.92
1200922,1600,121.92,122.03,121.88,121.92
1200923,1600,121.92,121.96,121.76,121.92
1200924,1600,121.97,122.02,121.91,121.98
1200925,1600,122.06,122.12,122.0,122.08
1200928,1600,122.04,122.08,122.0,122.06
1200929,1600,122.13,122.22,122.09,122.15
1200930,1600,122.03,122.03,121.66,121.82
1201001,1600,121.53,121.9,121.43,121.81
1201002,1600,121.91,121.93,121.6,121.69
1201005,1600,121.35,121.36,120.92,120.92
1201006,1600,120.95,121.4,120.87,121.2
1201007,1600,120.97,121.1,120.78,120.85
1201008,1600,120.99,121.09,120.94,121.07
1201009,1600,120.97,121.13,120.78,121.01
1201012,1600,121.06,121.14,120.99,121.14
1201013,1600,121.27,121.43,121.27,121.41
1201014,1600,121.48,121.55,121.4,121.45
1201015,1600,121.58,121.6,121.29,121.32
1201016,1600,121.32,121.46,121.21,121.25
1201019,1600,121.02,121.13,120.9,121.05
1201020,1600,120.9,120.98,120.75,120.79
1201021,1600,120.64,120.76,120.56,120.63
1201022,1600,120.53,120.57,120.2,120.21
1201023,1600,120.19,120.49,120.18,120.38
1201026,1600,120.64,120.83,120.59,120.7
1201027,1600,120.87,121.01,120.82,120.97
1201028,1600,121.15,121.18,120.88,120.96
1201029,1600,120.92,120.94,120.37,120.45
1201030,1600,120.4,120.45,120.06,120.06
1201102,1600,120.34,120.42,120.13,120.19
1201103,1600,120.01,120.03,119.83,119.92
1201104,1600,120.93,121.06,120.78,120.93
1201105,1600,120.98,121.02,120.77,120.91
1201106,1600,120.53,120.59,120.36,120.5
1201109,1600,119.59,119.63,119.19,119.61
1201110,1600,119.22,119.5,119.21,119.27
1201111,1600,119.28,119.51,119.26,119.46
1201112,1600,119.82,120.15,119.78,120.14
1201113,1600,120.09,120.13,119.96,119.98
1201116,1600,119.9,120.0,119.88,119.89
1201117,1600,120.12,120.25,120.09,120.2
1201118,1600,120.28,120.28,119.99,120.16
1201119,1600,120.29,120.41,120.25,120.29
1201120,1600,120.35,120.52,120.33,120.5
1201123,1600,120.34,120.36,120.2,120.26
1201124,1600,120.17,120.19,120.01,120.07
1201125,1600,120.16,120.33,120.1,120.11
1201127,1600,120.31,120.47,120.3,120.47
1201130,1600,120.42,120.51,120.35,120.39
1201201,1600,119.97,120.01,119.53,119.67
1201202,1600,119.56,119.58,119.3,119.47
1201203,1600,119.65,119.9,119.6,119.79
1201204,1600,119.41,119.44,119.2,119.32
1201207,1600,119.61,119.76,119.59,119.69
1201208,1600,119.91,120.04,119.8,119.81
1201209,1600,119.59,119.77,119.47,119.64
1201210,1600,119.74,119.95,119.64,119.91
1201211,1600,120.08,120.27,120.05,120.15
1201214,1600,119.84,120.16,119.78,120.08
1201215,1600,119.93,120.03,119.84,119.96
1201216,1600,119.69,120.0,119.64,119.86
1201217,1600,119.99,120.07,119.62,119.7
1201218,1600,119.79,119.85,119.58,119.6
1201221,1600,119.79,119.83,119.58,119.68
1201222,1600,119.83,119.9,119.71,119.88
1201223,1600,119.65,119.66,119.42,119.63
1201224,1600,119.74,119.8,119.71,119.8
1201228,1600,119.61,119.81,119.54,119.81
1201229,1600,119.64,119.83,119.64,119.79
1201230,1600,119.74,119.87,119.73,119.87
1201231,1600,119.85,120.0,119.85,119.95
1210104,1600,119.68,120.06,119.65,119.98
1210105,1600,119.87,119.89,119.58,119.7
1210106,1600,119.12,119.12,118.77,119.0
1210107,1600,118.58,118.66,118.48,118.58
1210108,1600,118.35,118.43,118.13,118.24
1210111,1600,118.15,118.16,117.99,118.01
1210112,1600,117.77,118.04,117.57,117.99
1210113,1600,118.17,118.55,118.14,118.4
1210114,1600,118.39,118.47,118.03,118.13
1210115,1600,118.38,118.53,118.21,118.45
1210119,1600,118.28,118.52,118.23,118.52
1210120,1600,118.39,118.57,118.36,118.57
1210121,1600,118.37,118.48,118.3,118.4
1210122,1600,118.5,118.6,118.44,118.58
1210125,1600,118.75,119.06,118.71,119.06
1210126,1600,118.94,119.06,118.92,119.02
1210127,1600,119.22,119.34,119.12,119.16
1210128,1600,119.0,119.01,118.72,118.85
1210129,1600,118.51,118.79,118.47,118.64
1210201,1600,118.57,118.77,118.53,118.71
1210202,1600,118.34,118.46,118.3,118.41
1210203,1600,118.25,118.31,118.1,118.12
1210204,1600,117.98,118.13,117.89,118.08
1210205,1600,118.05,118.18,117.83,117.83
1210208,1600,117.81,118.04,117.74,117.88
1210209,1600,118.01,118.13,117.92,117.97
1210210,1600,118.1,118.27,118.09,118.27
1210211,1600,118.27,118.31,118.13,118.18
1210212,1600,117.89,118.02,117.75,117.79
1210216,1600,117.27,117.38,116.86,116.94
1210217,1600,117.02,117.17,116.88,117.02
1210218,1600,116.83,117.1,116.74,117.01
1210219,1600,116.66,116.77,116.37,116.54
1210222,1600,116.45,116.67,116.26,116.35
1210223,1600,116.27,116.58,116.17,116.44
1210224,1600,115.86,116.34,115.79,116.28
1210225,1600,115.61,115.72,114.1,114.73
1210226,1600,115.14,115.81,114.71,115.76
1210301,1600,115.47,115.69,115.25,115.56
1210302,1600,115.46,115.78,115.41,115.77
1210303,1600,115.22,115.24,114.93,115.15
1210304,1600,115.14,115.27,114.41,114.58
1210305,1600,114.12,114.57,114.02,114.42
1210308,1600,114.15,114.18,113.93,113.97
1210309,1600,114.47,114.61,114.29,114.51
1210310,1600,114.51,114.86,114.45,114.75
1210311,1600,114.74,114.87,114.54,114.71
1210312,1600,113.98,113.99,113.76,113.88
1210315,1600,113.95,114.13,113.92,114.02
1210316,1600,114.15,114.24,113.87,114.0
1210317,1600,113.57,114.05,113.36,113.81
1210318,1600,112.9,113.23,112.79,113.1
1210319,1600,112.86,113.2,112.83,113.03
1210322,1600,113.32,113.46,113.23,113.4
1210323,1600,113.65,113.98,113.57,113.96
1210324,1600,113.73,114.13,113.7,114.11
1210325,1600,114.17,114.24,113.79,113.96
1210326,1600,113.65,113.89,113.57,113.58
1210329,1600,113.68,113.69,113.09,113.19
1210330,1600,112.88,113.16,112.78,113.09
1210331,1600,113.06,113.19,112.79,112.93
1210401,1600,113.21,113.42,113.13,113.36
1210405,1600,112.97,113.13,112.8,113.04
1210406,1600,113.28,113.61,113.24,113.59
1210407,1600,113.57,113.8,113.48,113.52
1210408,1600,113.72,113.92,113.7,113.91
1210409,1600,113.54,113.82,113.44,113.61
1210412,1600,113.52,113.57,113.42,113.54
1210413,1600,113.57,114.01,113.54,114.01
1210414,1600,113.82,113.91,113.72,113.87
1210415,1600,114.23,114.77,114.23,114.6
1210416,1600,114.26,114.47,114.23,114.29
1210419,1600,114.1,114.36,114.04,114.17
1210420,1600,114.14,114.59,114.14,114.51
1210421,1600,114.5,114.63,114.34,114.57
1210422,1600,114.56,114.69,114.29,114.66
1210423,1600,114.64,114.65,114.33,114.51
1210426,1600,114.46,114.55,114.39,114.39
1210427,1600,114.23,114.33,113.94,113.94
1210428,1600,113.95,114.11,113.66,114.09
1210429,1600,113.55,113.9,113.44,113.89
1210430,1600,113.94,114.03,113.77,113.99
1210503,1600,113.96,114.35,113.92,114.11
1210504,1600,114.34,114.56,114.2,114.26
1210505,1600,114.14,114.43,114.14,114.4
1210506,1600,114.32,114.58,114.3,114.45
1210507,1600,114.72,114.95,114.39,114.49
1210510,1600,114.54,114.63,114.21,114.26
1210511,1600,114.09,114.17,114.02,114.07
1210512,1600,113.65,113.73,113.47,113.52
1210513,1600,113.66,113.94,113.59,113.9
1210514,1600,114.07,114.19,113.95,114.15
1210517,1600,114.07,114.12,113.99,114.04
1210518,1600,114.03,114.09,113.92,114.04
1210519,1600,114.02,114.25,113.6,113.7
1210520,1600,113.9,114.18,113.87,114.17
1210521,1600,114.28,114.31,114.08,114.21
1210524,1600,114.27,114.43,114.22,114.32
1210525,1600,114.44,114.76,114.44,114.74
1210526,1600,114.66,114.81,114.56,114.61
1210527,1600,114.36,114.41,114.2,114.41
1210528,1600,114.36,114.64,114.36,114.4
1210601,1600,114.19,114.32,114.05,114.3
1210602,1600,114.42,114.51,114.37,114.43
1210603,1600,114.33,114.33,114.09,114.14
1210604,1600,114.43,114.78,114.41,114.77
1210607,1600,114.63,114.72,114.6,114.68
1210608,1600,115.04,115.07,114.96,115.01
1210609,1600,115.42,115.55,115.22,115.37
1210610,1600,115.12,115.79,115.07,115.78
1210611,1600,115.7,115.72,115.51,115.61
1210614,1600,115.49,115.5,115.2,115.25
1210615,1600,115.19,115.29,115.13,115.27
1210616,1600,115.32,115.38,114.31,114.48
1210617,1600,114.66,115.26,114.58,114.89
1210618,1600,115.04,115.58,114.81,115.54
1210621,1600,115.26,115.35,115.08,115.17
1210622,1600,115.04,115.41,115.01,115.38
1210623,1600,115.25,115.37,115.1,115.15
1210624,1600,115.15,115.28,115.08,115.13
1210625,1600,115.21,115.25,114.69,114.89
1210628,1600,115.11,115.36,115.1,115.25
1210629,1600,115.1,115.32,115.09,115.31
1210630,1600,115.48,115.66,115.46,115.49
1210701,1600,115.38,115.45,115.17,115.33
1210702,1600,115.47,115.75,115.44,115.75
1210706,1600,115.89,116.44,115.89,116.36
1210707,1600,116.58,116.91,116.47,116.7
1210708,1600,116.92,117.19,116.82,117.0
1210709,1600,116.52,116.54,116.4,116.41
1210712,1600,116.51,116.56,116.26,116.35
1210713,1600,116.41,116.53,115.89,115.99
1210714,1600,116.31,116.52,116.21,116.49
1210715,1600,116.79,117.04,116.53,116.98
1210716,1600,116.67,116.98,116.66,116.96
1210719,1600,117.74,118.11,117.68,117.96
1210720,1600,118.47,118.52,117.71,117.81
1210721,1600,117.33,117.41,117.02,117.13
1210722,1600,117.13,117.64,117.12,117.4
1210723,1600,116.98,117.25,116.97,117.22
1210726,1600,117.4,117.42,117.12,117.14
1210727,1600,117.62,117.71,117.51,117.64
1210728,1600,117.42,117.75,117.26,117.74
1210729,1600,117.31,117.53,117.28,117.38
1210730,1600,117.58,117.78,117.57,117.71
1210802,1600,117.82,118.38,117.71,118.15
1210803,1600,118.18,118.37,118.12,118.18
1210804,1600,118.53,118.63,117.78,118.15
1210805,1600,117.9,117.96,117.64,117.72
1210806,1600,117.14,117.25,117.0,117.03
1210809,1600,117.2,117.31,116.78,116.78
1210810,1600,116.87,116.88,116.55,116.56
1210811,1600,116.64,116.99,116.44,116.69
1210812,1600,116.57,116.7,116.43,116.57
1210813,1600,116.75,117.24,116.73,117.24
1210816,1600,117.55,117.82,117.5,117.5
1210817,1600,117.48,117.7,117.42,117.44
1210818,1600,117.39,117.49,117.13,117.38
1210819,1600,117.63,117.72,117.53,117.64
1210820,1600,117.64,117.71,117.41,117.53
1210823,1600,117.5,117.58,117.4,117.56
1210824,1600,117.41,117.51,117.21,117.24
1210825,1600,117.2,117.24,116.72,116.78
1210826,1600,116.72,116.83,116.59,116.78
1210827,1600,116.78,117.16,116.63,117.16
1210830,1600,117.14,117.4,117.1,117.39
1210831,1600,117.33,117.49,117.12,117.17
1210901,1600,117.25,117.29,117.04,117.14
1210902,1600,117.27,117.28,117.14,117.28
1210903,1600,117.01,117.05,116.88,117.0
1210907,1600,116.59,116.68,116.44,116.54
1210908,1600,116.7,116.94,116.63,116.86
1210909,1600,116.91,117.32,116.81,117.19
1210910,1600,116.93,117.03,116.71,116.82
1210913,1600,116.93,117.06,116.91,116.96
1210914,1600,117.16,117.52,117.1,117.4
1210915,1600,117.33,117.35,117.0,117.2
1210916,1600,116.79,117.01,116.68,116.83
1210917,1600,116.54,116.57,116.38,116.49
1210920,1600,116.91,117.21,116.82,117.08
1210921,1600,117.12,117.15,116.94,117.01
1210922,1600,117.01,117.22,116.79,117.12
1210923,1600,116.58,116.61,116.06,116.06
1210924,1600,115.9,115.91,115.64,115.71
1210927,1600,115.4,115.6,115.37,115.4
1210928,1600,114.98,115.22,114.73,114.96
1210929,1600,115.2,115.36,114.87,115.08
1210930,1600,114.97,115.26,114.92,115.22
1211001,1600,115.36,115.66,115.26,115.61
1211004,1600,115.41,115.67,115.26,115.47
1211005,1600,115.29,115.32,114.99,115.11
1211006,1600,115.15,115.26,115.05,115.14
1211007,1600,114.88,114.91,114.67,114.68
1211008,1600,114.62,114.62,114.3,114.43
1211011,1600,114.23,114.32,114.13,114.15
1211012,1600,114.35,114.71,114.28,114.67
1211013,1600,114.74,115.05,114.68,114.89
1211014,1600,115.02,115.21,114.9,115.16
1211015,1600,114.74,114.77,114.53,114.59
1211018,1600,114.25,114.52,114.07,114.43
1211019,1600,114.27,114.32,114.0,114.02
1211020,1600,114.02,114.21,113.94,113.97
1211021,1600,113.9,113.95,113.63,113.67
1211022,1600,113.78,114.05,113.67,113.96
1211025,1600,113.98,114.22,113.98,114.1
1211026,1600,114.12,114.24,113.9,114.24
1211027,1600,114.64,115.06,114.32,114.88
1211028,1600,114.76,114.91,114.46,114.58
1211029,1600,114.27,114.86,114.19,114.63
1211101,1600,114.22,114.63,114.19,114.54
1211102,1600,114.67,114.96,114.66,114.82
1211103,1600,114.84,114.88,114.27,114.46
1211104,1600,114.66,115.17,114.66,115.08
1211105,1600,115.34,115.81,115.22,115.71
1211108,1600,115.52,115.52,115.16,115.21
1211109,1600,115.7,115.98,115.65,115.74
1211110,1600,115.54,115.57,114.54,114.75
1211111,1600,114.75,114.8,114.38,114.38
1211112,1600,114.8,114.94,114.52,114.62
1211115,1600,114.55,114.58,114.13,114.17
1211116,1600,114.18,114.4,114.05,114.07
1211117,1600,114.07,114.49,114.05,114.48
1211118,1600,114.31,114.58,114.29,114.55
1211119,1600,114.92,115.11,114.79,114.86
1211122,1600,114.33,114.44,113.95,114.02
1211123,1600,113.82,113.88,113.55,113.55
1211124,1600,113.57,113.92,113.5,113.9
1211126,1600,114.98,115.39,114.92,115.37
1211129,1600,114.69,115.2,114.66,115.11
1211130,1600,115.82,116.15,115.22,115.8
1211201,1600,115.3,115.93,115.16,115.93
1211202,1600,115.9,115.95,115.41,115.68
1211203,1600,115.49,116.64,115.39,116.36
1211206,1600,116.19,116.28,115.65,115.78
1211207,1600,115.46,115.7,115.26,115.34
1211208,1600,115.17,115.2,114.82,114.97
1211209,1600,115.25,115.44,115.1,115.26
1211210,1600,115.44,115.66,115.28,115.34
1211213,1600,115.63,115.99,115.61,115.89
1211214,1600,115.65,115.81,115.43,115.69
1211215,1600,115.41,115.73,115.28,115.52
1211216,1600,115.58,115.91,115.56,115.75
1211217,1600,116.12,116.34,115.94,116.01
1211220,1600,116.2,116.35,115.88,115.91
1211221,1600,115.49,115.54,115.23,115.45
1211222,1600,115.63,115.64,115.34,115.56
1211223,1600,115.48,115.49,115.18,115.32
1211227,1600,115.28,115.42,115.25,115.36
1211228,1600,115.55,115.58,115.28,115.34
1211229,1600,114.97,115.07,114.67,114.75
1211230,1600,114.98,115.14,114.79,115.13
1211231,1600,115.16,115.31,115.0,115.0
1220103,1600,114.37,114.41,113.93,113.93
1220104,1600,113.67,113.89,113.58,113.87
1220105,1600,113.89,113.9,113.31,113.39
1220106,1600,113.13,113.21,112.98,113.11
1220107,1600,112.96,113.0,112.47,112.74
1220110,1600,112.45,112.75,112.38,112.71
1220111,1600,112.66,112.99,112.56,112.98
1220112,1600,113.17,113.43,112.98,113.0
1220113,1600,113.07,113.4,112.98,113.36
1220114,1600,113.07,113.09,112.55,112.58
1220118,1600,112.1,112.2,111.69,111.73
1220119,1600,111.91,112.22,111.84,112.0
1220120,1600,112.18,112.24,112.03,112.24
1220121,1600,112.87,113.05,112.65,112.89
1220124,1600,113.24,113.29,112.77,112.79
1220125,1600,112.89,113.09,112.57,112.64
1220126,1600,112.66,112.76,111.84,111.84
1220127,1600,112.11,112.52,112.09,112.31
1220128,1600,112.15,112.66,112.12,112.57
1220131,1600,112.36,112.65,112.29,112.57
1220201,1600,112.5,112.54,112.13,112.31
1220202,1600,112.4,112.81,112.4,112.54
1220203,1600,112.04,112.16,111.92,112.06
1220204,1600,111.42,111.45,111.09,111.2
1220207,1600,111.23,111.35,111.09,111.23
1220208,1600,110.93,110.99,110.81,110.87
1220209,1600,111.13,111.37,110.98,111.02
1220210,1600,110.61,110.68,109.96,110.0
1220211,1600,110.47,111.23,109.92,111.14
1220214,1600,110.54,110.83,110.21,110.37
1220215,1600,110.05,110.24,109.96,110.04
1220216,1600,110.32,110.34,109.94,110.27
1220217,1600,110.53,110.9,110.52,110.86
1220218,1600,111.04,111.23,110.97,111.22
1220222,1600,110.97,111.22,110.84,111.21
1220223,1600,110.8,110.9,110.51,110.63
1220224,1600,111.52,111.55,110.73,110.89
1220225,1600,110.72,110.88,110.48,110.86
1220228,1600,111.62,112.14,111.58,112.12
1220301,1600,112.6,113.49,112.55,113.11
1220302,1600,112.46,112.56,111.39,111.41
1220303,1600,111.69,112.1,111.49,111.89
1220304,1600,112.88,113.3,112.77,113.0
1220307,1600,112.47,113.08,112.44,112.52
1220308,1600,111.87,112.07,111.65,111.79
1220309,1600,111.33,111.43,110.98,111.1
1220310,1600,110.72,110.83,110.36,110.59
1220311,1600,110.47,110.7,110.35,110.56
1220314,1600,109.67,109.74,109.16,109.16
1220315,1600,109.74,109.8,109.03,109.11
1220316,1600,109.0,109.12,108.25,108.96
1220317,1600,109.03,109.24,108.55,108.75
1220318,1600,108.93,109.22,108.93,109.07
1220321,1600,108.28,108.45,107.57,107.65
1220322,1600,107.2,107.24,106.97,107.06
1220323,1600,107.32,107.78,107.09,107.78
1220324,1600,107.15,107.5,107.11,107.18
1220325,1600,106.69,106.7,105.97,106.08
1220328,1600,106.25,106.7,106.12,106.32
1220329,1600,106.58,106.98,106.35,106.85
1220330,1600,106.63,107.3,106.56,107.27
1220331,1600,107.43,107.62,107.27,107.47
1220401,1600,106.31,107.01,106.2,106.65
1220404,1600,106.76,106.78,106.38,106.58
1220405,1600,106.27,106.29,105.2,105.31
1220406,1600,104.65,105.32,104.65,104.94
1220407,1600,104.68,104.97,104.46,104.68
1220408,1600,104.08,104.42,104.0,104.15
1220411,1600,103.78,103.9,103.52,103.65
1220412,1600,104.19,104.59,104.03,104.15
1220413,1600,104.44,104.91,104.31,104.38
1220414,1600,104.23,104.27,103.32,103.44
1220418,1600,103.53,103.55,103.11,103.14
1220419,1600,102.74,102.93,102.39,102.46
1220420,1600,102.88,103.42,102.76,103.26
1220421,1600,102.97,102.98,102.27,102.69
1220422,1600,102.43,103.02,102.38,102.74
1220425,1600,103.55,103.98,103.34,103.4
1220426,1600,104.1,104.27,103.76,104.09
1220427,1600,104.03,104.13,103.46,103.51
1220428,1600,103.16,103.39,102.96,103.36
1220429,1600,102.6,103.21,102.55,102.81
1220502,1600,102.15,102.22,101.82,101.92
1220503,1600,102.52,102.6,102.02,102.04
1220504,1600,102.0,102.78,101.81,102.7
1220505,1600,101.89,102.03,101.15,101.67
1220506,1600,101.15,101.61,100.99,101.09
1220509,1600,101.14,101.89,101.09,101.84
1220510,1600,102.31,102.58,102.12,102.18
1220511,1600,101.93,102.85,101.79,102.81
1220512,1600,103.12,103.57,103.01,103.15
1220513,1600,102.87,102.94,102.55,102.61
1220516,1600,102.98,103.33,102.87,103.04
1220517,1600,102.35,102.65,102.23,102.26
1220518,1600,102.26,103.1,102.19,102.99
1220519,1600,103.9,103.93,103.28,103.36
1220520,1600,103.3,103.99,103.27,103.84
1220523,1600,103.57,103.77,103.2,103.21
1220524,1600,103.74,104.47,103.71,104.1
1220525,1600,104.47,104.47,104.07,104.31
1220526,1600,104.37,104.41,103.88,104.26
1220527,1600,104.45,104.59,104.22,104.41
1220531,1600,103.62,103.63,103.15,103.32
1220601,1600,103.27,103.37,102.42,102.61
1220602,1600,102.91,102.92,102.52,102.76
1220603,1600,102.36,102.65,102.33,102.56
1220606,1600,102.31,102.41,101.73,101.79
1220607,1600,102.06,102.43,102.04,102.2
1220608,1600,102.01,102.17,101.81,101.82
1220609,1600,101.69,101.94,101.51,101.73
1220610,1600,101.21,101.31,100.6,100.73
1220613,1600,99.66,99.8,98.42,98.94
1220614,1600,99.16,99.3,97.99,98.15
1220615,1600,98.95,99.56,98.4,99.52
1220616,1600,98.55,100.22,98.43,100.17
1220617,1600,100.26,100.46,99.55,100.2
1220621,1600,99.66,99.95,99.55,99.68
1220622,1600,100.84,101.12,100.71,100.94
1220623,1600,101.56,102.17,101.4,101.51
1220624,1600,101.38,101.76,101.07,101.15
1220627,1600,100.57,101.02,100.45,100.58
1220628,1600,100.47,100.74,100.33,100.71
1220629,1600,100.88,101.52,100.79,101.52
1220630,1600,102.1,102.54,102.01,102.3
1220701,1600,103.12,103.97,102.98,103.24
1220705,1600,103.75,104.02,103.44,103.62
1220706,1600,104.0,104.01,102.72,102.74
1220707,1600,102.77,102.77,102.03,102.11
1220708,1600,101.83,101.84,101.37,101.49
1220711,1600,102.03,102.46,101.98,102.29
1220712,1600,102.83,103.03,102.45,102.53
1220713,1600,101.91,103.05,101.78,102.97
1220714,1600,102.2,102.64,101.93,102.4
1220715,1600,102.47,102.99,102.44,102.75
1220718,1600,102.42,102.6,102.03,102.45
1220719,1600,102.32,102.41,101.88,101.98
1220720,1600,102.48,102.49,101.8,101.88
1220721,1600,102.29,103.04,102.19,103.04
1220722,1600,104.0,104.46,103.82,104.22
1220725,1600,103.58,103.9,103.55,103.85
1220726,1600,104.55,104.7,103.85,103.89
1220727,1600,104.14,104.61,104.02,104.1
1220728,1600,105.1,105.32,104.75,105.13
1220729,1600,104.92,105.58,104.81,105.17
1220801,1600,105.29,105.67,105.13,105.6
1220802,1600,105.56,105.75,104.07,104.14
1220803,1600,103.98,104.58,103.43,104.57
1220804,1600,104.68,105.13,104.53,105.1
1220805,1600,103.73,103.77,103.35,103.58
1220808,1600,104.0,104.24,103.91,104.19
1220809,1600,103.9,104.08,103.78,103.88
1220810,1600,104.35,104.71,103.93,103.94
1220811,1600,104.18,104.29,103.14,103.25
1220812,1600,103.65,103.7,103.32,103.66
1220815,1600,104.17,104.33,103.95,103.99
1220816,1600,103.79,103.91,103.39,103.87
1220817,1600,103.31,103.36,102.96,103.17
1220818,1600,103.45,103.73,103.28,103.37
1220819,1600,102.62,102.69,102.36,102.48
1220822,1600,102.4,102.45,101.98,102.03
1220823,1600,101.86,102.49,101.71,101.78
1220824,1600,101.54,101.64,101.29,101.44
1220825,1600,101.52,102.13,101.39,102.09
1220826,1600,101.86,102.23,101.62,101.97
1220829,1600,101.58,101.58,101.25,101.39
1220830,1600,101.39,101.72,101.02,101.36
1220831,1600,101.21,101.44,100.77,100.94
1220901,1600,100.09,100.31,99.73,99.96
1220902,1600,100.36,100.79,100.22,100.52
1220906,1600,99.91,99.94,99.35,99.4
1220907,1600,99.79,100.17,99.74,100.05
1220908,1600,100.04,100.26,99.68,99.68
1220909,1600,99.9,100.09,99.57,99.69
1220912,1600,99.97,100.05,99.27,99.45
1220913,1600,98.76,98.95,98.65,98.89
1220914,1600,98.74,99.18,98.69,98.94
1220915,1600,98.67,98.79,98.5,98.6
1220916,1600,98.52,98.99,98.45,98.68
1220919,1600,98.31,98.61,98.24,98.4
1220920,1600,97.7,98.04,97.54,97.79
1220921,1600,97.96,98.28,97.3,98.18
1220922,1600,97.16,97.22,96.59,96.7
1220923,1600,96.66,96.97,96.28,96.82
1220926,1600,96.29,96.3,95.07,95.21
1220927,1600,95.24,95.35,94.51,94.56
1220928,1600,95.9,96.8,95.52,96.69
1220929,1600,95.98,96.58,95.89,96.24
1220930,1600,96.66,96.88,95.66,95.99
1221003,1600,96.72,97.65,96.49,96.94
1221004,1600,97.33,97.7,96.96,97.14
1221005,1600,96.56,96.59,95.98,96.22
1221006,1600,96.06,96.19,95.56,95.69
1221007,1600,95.19,95.53,95.07,95.22
1221010,1600,95.08,95.14,94.32,94.66
1221011,1600,94.98,95.43,94.64,94.9
1221012,1600,94.77,95.34,94.71,95.21
1221013,1600,93.98,95.24,93.97,94.81
1221014,1600,95.32,95.33,94.23,94.28
1221017,1600,94.96,95.11,94.33,94.38
1221018,1600,94.63,94.8,94.07,94.62
1221019,1600,93.88,94.07,93.56,93.63
1221020,1600,93.41,93.65,92.86,92.93
1221021,1600,92.6,93.33,92.48,93.14
1221024,1600,93.11,93.43,92.69,93.02
1221025,1600,94.04,94.44,93.96,94.18
1221026,1600,94.41,94.82,94.4,94.66
1221027,1600,94.96,95.47,94.67,95.33
1221028,1600,94.72,95.19,94.58,94.84
1221031,1600,94.43,94.56,94.01,94.41
1221101,1600,94.96,94.99,94.03,94.19
1221102,1600,94.31,94.87,93.79,94.03
1221103,1600,93.19,93.79,93.18,93.62
1221104,1600,93.64,93.95,93.4,93.42
1221107,1600,93.54,93.59,93.07,93.09
1221108,1600,93.35,93.88,93.32,93.71
1221109,1600,93.61,94.09,93.54,94.03
1221110,1600,95.43,96.18,95.43,96.14
1221111,1600,95.7,96.06,95.65,95.94
1221114,1600,95.84,95.85,95.53,95.71
1221115,1600,96.18,96.49,95.94,96.42
1221116,1600,96.87,97.23,96.64,97.13
1221117,1600,96.53,96.63,96.26,96.47
1221118,1600,96.47,96.59,96.11,96.13
1221121,1600,96.54,96.61,96.04,96.07
1221122,1600,96.48,96.72,96.38,96.62
1221123,1600,96.75,97.18,96.65,97.14
1221125,1600,96.87,97.12,96.85,97.11
1221128,1600,97.22,97.35,97.01,97.15
1221129,1600,96.76,97.08,96.71,96.74
1221130,1600,96.57,97.61,96.4,97.61
1221201,1600,97.6,98.5,97.57,98.48
1221202,1600,97.92,98.69,97.61,98.68
1221205,1600,98.09,98.13,97.63,97.68
1221206,1600,97.93,98.41,97.85,98.28
1221207,1600,98.68,99.25,98.62,99.14
1221208,1600,98.62,98.88,98.45,98.58
1221209,1600,98.29,98.37,97.85,97.85
1221212,1600,98.3,98.39,97.58,97.71
1221213,1600,99.14,99.26,98.5,98.59
1221214,1600,98.65,98.99,98.21,98.86
1221215,1600,98.81,99.01,98.55,98.86
1221216,1600,98.17,98.79,98.07,98.61
1221219,1600,98.05,98.06,97.73,97.81
1221220,1600,97.08,97.31,96.99,97.1
1221221,1600,97.5,97.54,97.09,97.22
1221222,1600,97.24,97.48,97.14,97.19
1221223,1600,96.73,96.95,96.69,96.75
1221227,1600,96.22,96.41,95.9,95.94
1221228,1600,96.08,96.16,95.69,95.71
1221229,1600,95.97,96.27,95.92,96.18
1221230,1600,95.86,96.27,95.62,95.78
1230103,1600,96.91,97.0,96.34,96.53
1230104,1600,97.34,97.42,96.99,97.27
1230105,1600,96.7,97.22,96.57,97.13
1230106,1600,97.17,98.43,97.08,98.38
1230109,1600,98.26,98.81,98.2,98.63
1230110,1600,98.22,98.33,97.83,98.01
1230111,1600,98.3,98.66,98.24,98.64
1230112,1600,98.96,99.52,98.48,99.52
1230113,1600,99.26,99.5,98.86,98.99
1230117,1600,98.66,99.02,98.64,98.68
1230118,1600,99.87,100.06,99.55,100.02
1230119,1600,99.82,99.98,99.63,99.83
1230120,1600,99.32,99.45,99.06,99.17
1230123,1600,98.84,99.14,98.81,98.85
1230124,1600,98.98,99.44,98.65,99.42
1230125,1600,99.49,99.73,99.21,99.53
1230126,1600,99.34,99.53,99.03,99.17
1230127,1600,98.8,99.02,98.77,99.02
1230130,1600,98.74,98.95,98.66,98.71
1230131,1600,99.16,99.25,98.74,99.21
1230201,1600,99.2,99.77,98.83,99.71
1230202,1600,100.02,100.21,99.64,99.67
1230203,1600,98.81,99.0,98.47,98.6
1230206,1600,97.9,98.04,97.7,97.75
1230207,1600,97.65,98.13,97.46,97.51
1230208,1600,97.61,97.88,97.4,97.87
1230209,1600,98.12,98.14,97.32,97.43
1230210,1600,97.35,97.38,96.89,96.96
1230213,1600,96.97,97.24,96.95,97.19
1230214,1600,96.89,97.12,96.49,96.75
1230215,1600,96.58,96.8,96.33,96.46
1230216,1600,96.23,96.43,96.05,96.14
1230217,1600,95.93,96.44,95.9,96.41
1230221,1600,95.75,95.83,95.34,95.36
1230222,1600,95.64,95.81,95.48,95.53
1230223,1600,95.56,96.0,95.51,95.9
1230224,1600,95.29,95.45,95.11,95.32
1230227,1600,95.66,95.76,95.45,95.61
1230228,1600,95.32,95.79,95.2,95.76
1230301,1600,95.14,95.3,94.75,94.8
1230302,1600,94.29,94.49,94.21,94.41
1230303,1600,94.91,95.17,94.63,95.17
1230306,1600,95.39,95.42,94.93,95.0
1230307,1600,95.17,95.29,94.78,95.01
1230308,1600,95.38,95.56,94.86,94.98
1230309,1600,95.14,95.72,95.08,95.57
1230310,1600,96.81,97.42,96.67,97.33
1230313,1600,98.95,99.42,98.14,98.51
1230314,1600,98.09,98.18,97.38,97.58
1230315,1600,99.26,99.78,98.52,98.99
1230316,1600,99.53,99.76,97.98,98.1
1230317,1600,98.86,99.63,98.77,99.26
1230320,1600,99.42,99.43,98.63,98.86
1230321,1600,98.18,98.46,97.86,98.0
1230322,1600,97.83,99.37,97.75,99.29
1230323,1600,99.13,99.94,98.98,99.86
1230324,1600,100.44,100.58,99.76,99.89
1230327,1600,98.94,99.14,98.63,98.66
1230328,1600,98.45,98.75,98.36,98.6
1230329,1600,98.23,98.62,98.19,98.43
1230330,1600,98.34,98.67,98.31,98.58
1230331,1600,98.74,99.19,98.58,99.12
1230403,1600,98.81,99.56,98.74,99.39
1230404,1600,98.97,100.14,98.95,100.03
1230405,1600,100.4,100.77,100.3,100.45
1230406,1600,100.49,100.72,100.46,100.48
1230410,1600,99.69,99.76,99.37,99.49
1230411,1600,99.57,99.58,99.22,99.45
1230412,1600,99.91,99.95,99.29,99.74
1230413,1600,99.9,100.07,99.33,99.41
1230414,1600,99.08,99.1,98.79,98.92
1230417,1600,98.54,98.6,98.26,98.29
1230418,1600,98.32,98.67,98.3,98.45
1230419,1600,98.22,98.31,97.98,98.24
1230420,1600,98.78,98.89,98.68,98.81
1230421,1600,99.02,99.1,98.49,98.57
1230424,1600,98.84,99.07,98.77,99.05
1230425,1600,99.61,100.07,99.59,100.03
1230426,1600,100.01,100.13,99.49,99.64
1230427,1600,99.23,99.28,98.88,98.99
1230428,1600,99.59,99.74,99.37,99.73
1230501,1600,99.11,99.17,98.19,98.32
1230502,1600,98.66,99.63,98.6,99.6
1230503,1600,99.87,100.28,99.69,100.25
1230504,1600,99.98,100.8,99.96,100.23
1230505,1600,99.65,99.73,99.44,99.69
1230508,1600,99.07,99.29,99.03,99.08
1230509,1600,99.07,99.17,98.94,98.96
1230510,1600,99.41,99.78,99.4,99.7
1230511,1600,100.29,100.41,99.96,100.07
1230512,1600,99.99,100.07,99.44,99.47
1230515,1600,99.19,99.25,99.12,99.25
1230516,1600,98.87,99.0,98.65,98.93
1230517,1600,98.99,99.02,98.49,98.61
1230518,1600,98.25,98.26,97.96,98.0
1230519,1600,97.65,98.1,97.46,97.63
1230522,1600,97.65,97.9,97.4,97.45
1230523,1600,97.31,97.73,97.23,97.61
1230524,1600,97.73,97.77,97.31,97.36
1230525,1600,97.18,97.26,96.67,96.75
1230526,1600,96.6,96.93,96.39,96.93
1230530,1600,97.22,97.69,97.15,97.69
1230531,1600,97.75,98.21,97.62,98.06
1230601,1600,98.12,98.38,97.97,98.1
1230602,1600,97.93,97.96,97.24,97.32
1230605,1600,96.92,97.56,96.82,97.29
1230606,1600,97.33,97.38,97.06,97.35
1230607,1600,97.22,97.32,96.54,96.64
1230608,1600,96.81,97.31,96.77,97.29
1230609,1600,96.96,97.08,96.77,96.94
1230612,1600,97.09,97.12,96.67,97.1
1230613,1600,97.25,97.32,96.26,96.41
1230614,1600,96.7,96.83,96.18,96.54
1230615,1600,97.11,97.36,96.98,97.29
1230616,1600,96.81,97.05,96.59,96.87
1230620,1600,97.05,97.39,97.05,97.16
1230621,1600,96.9,97.33,96.75,97.25
1230622,1600,96.96,97.13,96.63,96.7
1230623,1600,97.47,97.5,96.98,97.1
1230626,1600,97.35,97.43,97.16,97.34
1230627,1600,97.32,97.5,96.87,97.0
1230628,1600,97.14,97.43,96.95,97.39
1230629,1600,96.51,96.58,96.22,96.39
1230630,1600,96.42,96.66,96.31,96.6
1230703,1600,96.32,96.62,95.95,95.95
1230705,1600,95.95,96.0,95.37,95.49
1230706,1600,94.76,94.86,94.36,94.71
1230707,1600,94.58,94.95,94.54,94.59
1230710,1600,94.74,95.22,94.73,95.08
1230711,1600,95.26,95.42,95.13,95.28
1230712,1600,95.91,96.34,95.77,96.21
1230713,1600,96.68,97.07,96.58,97.01
1230714,1600,96.8,96.92,96.49,96.53
1230717,1600,96.6,96.78,96.48,96.69
1230718,1600,97.0,97.12,96.74,96.8
1230719,1600,96.98,97.19,96.79,97.13
1230720,1600,96.63,96.67,96.19,96.36
1230721,1600,96.57,96.66,96.41,96.44
1230724,1600,96.61,96.71,96.17,96.21
1230725,1600,95.83,96.09,95.82,96.03
1230726,1600,96.25,96.41,95.97,96.36
1230727,1600,95.99,96.1,95.18,95.31
1230728,1600,95.53,95.74,95.44,95.62
1230731,1600,95.58,95.91,95.57,95.74
1230801,1600,95.04,95.18,94.78,94.94
1230802,1600,94.66,94.79,94.36,94.75
1230803,1600,94.11,94.25,93.96,94.05
1230804,1600,94.4,95.13,94.4,95.05
1230807,1600,94.93,94.98,94.71,94.82
1230808,1600,95.31,95.54,95.19,95.3
1230809,1600,95.3,95.52,95.26,95.36
1230810,1600,95.36,95.54,94.62,94.63
1230811,1600,94.24,94.56,94.09,94.13
1230814,1600,93.98,94.26,93.78,93.98
1230815,1600,93.88,94.18,93.75,93.8
1230816,1600,93.78,94.0,93.37,93.44
1230817,1600,93.41,93.47,93.06,93.32
1230818,1600,93.49,93.81,93.44,93.6
1230821,1600,93.16,93.2,92.91,93.02
1230822,1600,92.94,93.16,92.85,93.06
1230823,1600,93.63,94.07,93.6,94.07
1230824,1600,93.78,94.05,93.69,93.72
1230825,1600,93.59,93.93,93.34,93.69
1230828,1600,93.91,93.98,93.71,93.95
1230829,1600,93.73,94.66,93.71,94.62
1230830,1600,94.74,94.79,94.55,94.61
1230831,1600,94.72,94.94,94.63,94.8
1230901,1600,94.57,94.58,93.86,93.98
1230905,1600,93.71,93.72,93.37,93.41
1230906,1600,93.57,93.59,93.12,93.17
1230907,1600,93.39,93.53,93.29,93.49
1230908,1600,93.72,93.86,93.47,93.51
1230911,1600,93.31,93.44,93.24,93.35
1230912,1600,93.38,93.5,93.27,93.48
1230913,1600,93.34,93.72,93.32,93.59
1230914,1600,93.66,93.74,93.32,93.38
1230915,1600,93.23,93.29,93.02,93.09
1230918,1600,92.97,93.25,92.97,93.18
1230919,1600,92.97,93.14,92.8,92.84
1230920,1600,93.1,93.24,92.75,92.77
1230921,1600,92.13,92.22,92.02,92.08
1230922,1600,92.17,92.52,92.1,92.44
1230925,1600,91.85,92.02,91.72,91.76
1230926,1600,91.93,91.99,91.62,91.73
1230927,1600,91.97,92.01,91.08,91.32
1230928,1600,91.11,91.59,90.85,91.57
1230929,1600,91.95,92.04,91.45,91.59
1231002,1600,90.89,90.99,90.5,90.61
1231003,1600,90.42,90.59,89.81,89.86
1231004,1600,90.14,90.48,89.93,90.43
1231005,1600,90.64,90.66,90.41,90.6
1231006,1600,89.77,90.36,89.69,90.07
1231009,1600,90.75,91.22,90.61,91.22
1231010,1600,90.76,91.29,90.65,91.04
1231011,1600,91.4,91.6,91.2,91.54
1231012,1600,91.34,91.39,90.55,90.66
1231013,1600,91.32,91.36,91.06,91.24
1231016,1600,90.71,90.77,90.58,90.7
1231017,1600,89.9,90.04,89.65,89.81
1231018,1600,89.56,89.69,89.24,89.39
1231019,1600,89.14,89.5,88.86,88.95
1231020,1600,89.27,89.6,89.25,89.47
1231023,1600,89.15,90.0,89.01,89.89
1231024,1600,89.82,90.06,89.61,90.05
1231025,1600,89.58,89.61,89.15,89.26
1231026,1600,89.35,89.98,89.33,89.94
1231027,1600,89.87,90.09,89.71,90.08
1231030,1600,89.64,89.93,89.48,89.78
1231031,1600,89.83,90.02,89.57,89.59
1231101,1600,89.6,90.42,89.56,90.37
1231102,1600,91.06,91.22,90.73,90.93
1231103,1600,92.04,92.24,91.62,91.63
1231106,1600,91.29,91.32,91.0,91.1
1231107,1600,91.39,91.82,91.39,91.62
1231108,1600,91.64,92.08,91.63,91.99
1231109,1600,91.83,91.84,91.03,91.08
1231110,1600,91.46,91.48,91.08,91.18
1231113,1600,90.83,91.16,90.69,91.13
1231114,1600,92.43,92.57,92.28,92.5
1231115,1600,92.05,92.06,91.7,91.78
1231116,1600,92.32,92.61,92.31,92.47
1231117,1600,92.58,92.63,92.35,92.53
1231120,1600,92.34,92.72,92.31,92.66
1231121,1600,92.77,92.91,92.54,92.78
1231122,1600,92.92,92.99,92.52,92.75
1231124,1600,92.35,92.42,92.26,92.27
1231127,1600,92.55,92.98,92.49,92.97
1231128,1600,92.86,93.41,92.81,93.38
1231129,1600,93.72,93.97,93.59,93.87
1231130,1600,93.52,93.55,93.22,93.41
1231201,1600,93.14,94.09,93.11,94.04
1231204,1600,93.68,93.89,93.45,93.65
1231205,1600,94.05,94.41,93.99,94.31
1231206,1600,94.52,94.79,94.41,94.7
1231207,1600,94.5,94.86,94.46,94.56
1231208,1600,94.03,94.15,93.73,93.95
1231211,1600,93.75,94.0,93.56,93.96
1231212,1600,93.95,94.22,93.86,94.16
1231213,1600,94.44,95.68,94.37,95.56
1231214,1600,95.77,96.27,95.72,96.07
1231215,1600,95.89,96.15,95.84,95.99
1231218,1600,95.81,95.82,95.63,95.78
1231219,1600,95.94,96.14,95.89,95.96
1231220,1600,96.18,96.49,95.98,96.43
1231221,1600,96.64,96.7,96.15,96.28
1231222,1600,96.46,96.48,96.05,96.19
1231226,1600,96.15,96.34,96.13,96.25
1231227,1600,96.66,97.04,96.59,97.0
1231228,1600,96.8,96.96,96.53,96.63
1231229,1600,96.35,96.64,96.29,96.39
1240102,1600,95.94,96.15,95.92,96.03
1240103,1600,95.61,96.34,95.53,96.26
1240104,1600,95.69,95.83,95.58,95.68
1240105,1600,95.33,96.02,95.26,95.33
1240108,1600,95.39,95.96,95.36,95.65
1240109,1600,95.52,95.75,95.52,95.61
1240110,1600,95.79,95.86,95.44,95.46
1240111,1600,95.6,96.04,95.48,95.97
1240112,1600,96.23,96.48,96.02,96.23
1240116,1600,95.84,95.96,95.32,95.45
1240117,1600,95.17,95.23,94.95,95.14
1240118,1600,95.1,95.17,94.83,94.93
1240119,1600,94.78,94.96,94.54,94.94
1240122,1600,95.28,95.39,95.15,95.23
1240123,1600,95.0,95.02,94.87,94.99
1240124,1600,95.34,95.37,94.66,94.72
1240125,1600,95.05,95.16,94.9,95.13
1240126,1600,95.05,95.05,94.84,94.96
1240129,1600,95.25,95.62,95.18,95.53
1240130,1600,95.69,95.74,95.15,95.66
1240131,1600,96.09,96.48,95.99,96.46
1240201,1600,96.6,97.11,96.34,96.82
1240202,1600,95.74,95.9,95.38,95.56
1240205,1600,94.9,94.99,94.53,94.63
1240206,1600,94.74,95.23,94.71,95.14
1240207,1600,94.97,95.35,94.94,94.97
1240208,1600,94.76,94.84,94.57,94.66
1240209,1600,94.43,94.57,94.4,94.49
1240212,1600,94.57,94.69,94.4,94.58
1240213,1600,93.88,93.97,93.52,93.54
1240214,1600,93.64,94.06,93.64,93.89
1240215,1600,94.3,94.4,94.03,94.15
1240216,1600,93.6,93.79,93.55,93.74
1240220,1600,93.93,94.12,93.89,93.9
1240221,1600,93.97,94.02,93.54,93.6
1240222,1600,93.57,93.79,93.44,93.61
1240223,1600,93.64,94.11,93.64,94.04
1240226,1600,94.05,94.06,93.68,93.9
1240227,1600,93.76,93.92,93.63,93.69
1240228,1600,93.8,94.03,93.74,94.03
1240229,1600,94.1,94.33,94.08,94.22
1240301,1600,93.85,94.46,93.62,94.4
1240304,1600,94.08,94.29,94.07,94.19
1240305,1600,94.67,94.94,94.56,94.77
1240306,1600,94.94,95.19,94.89,95.0
1240307,1600,95.19,95.22,94.92,95.16
1240308,1600,95.32,95.39,95.15,95.23
1240311,1600,95.26,95.29,95.02,95.11
1240312,1600,94.84,94.87,94.61,94.72
1240313,1600,94.58,94.65,94.47,94.51
1240314,1600,94.16,94.17,93.79,93.81
1240315,1600,93.74,93.82,93.63,93.65
1240318,1600,93.62,93.7,93.45,93.54
1240319,1600,93.73,93.94,93.67,93.81
1240320,1600,93.91,94.35,93.7,94.03
1240321,1600,94.21,94.28,93.96,94.04
1240322,1600,94.56,94.56,94.41,94.5
1240325,1600,94.41,94.41,94.19,94.25
1240326,1600,94.22,94.41,94.11,94.39
1240327,1600,94.5,94.79,94.49,94.75
1240328,1600,94.54,94.77,94.48,94.66
1240401,1600,93.99,93.99,93.46,93.53
1240402,1600,93.11,93.37,93.02,93.33
1240403,1600,92.95,93.44,92.86,93.44
1240404,1600,93.64,93.78,93.38,93.76
1240405,1600,93.25,93.54,93.13,93.14
1240408,1600,92.91,93.06,92.81,92.93
1240409,1600,93.2,93.38,93.2,93.3
1240410,1600,92.51,92.57,91.92,92.06
1240411,1600,92.23,92.27,91.81,91.93
1240412,1600,92.41,92.56,92.31,92.31
1240415,1600,91.68,91.74,91.35,91.72
1240416,1600,91.32,91.53,91.18,91.36
1240417,1600,91.69,92.01,91.54,91.94
1240418,1600,91.85,91.85,91.5,91.62
1240419,1600,91.84,91.86,91.64,91.74
1240422,1600,91.57,91.82,91.55,91.75
1240423,1600,91.63,92.1,91.54,91.87
1240424,1600,91.66,91.69,91.44,91.59
1240425,1600,91.09,91.33,91.02,91.24
1240426,1600,91.45,91.63,91.42,91.49
1240429,1600,91.7,91.88,91.62,91.86
1240430,1600,91.51,91.65,91.35,91.43
1240501,1600,91.43,91.86,91.19,91.52
1240502,1600,91.52,92.01,91.45,91.95
1240503,1600,92.61,92.7,92.22,92.46
1240506,1600,92.5,92.64,92.41,92.54
1240507,1600,92.87,93.02,92.7,92.78
1240508,1600,92.58,92.66,92.51,92.52
1240509,1600,92.5,92.87,92.47,92.8
1240510,1600,92.6,92.64,92.45,92.5
1240513,1600,92.74,92.77,92.6,92.61
1240514,1600,92.79,92.92,92.69,92.88
1240515,1600,93.42,93.65,93.3,93.58
1240516,1600,93.61,93.61,93.37,93.4
1240517,1600,93.25,93.33,93.09,93.11
1240520,1600,92.98,93.06,92.94,92.97
1240521,1600,93.25,93.29,93.16,93.21
1240522,1600,92.98,93.2,92.97,93.09
1240523,1600,93.13,93.14,92.62,92.76
1240524,1600,92.67,92.89,92.64,92.88
1240528,1600,92.96,92.98,92.34,92.36
1240529,1600,92.13,92.14,91.72,91.91
1240530,1600,92.22,92.39,92.17,92.37
1240531,1600,92.65,92.82,92.61,92.8
1240603,1600,92.65,93.18,92.65,93.13
1240604,1600,93.44,93.73,93.38,93.64
1240605,1600,93.76,93.99,93.49,93.98
1240606,1600,93.82,94.03,93.79,93.94
1240607,1600,93.14,93.16,92.94,92.95
1240610,1600,92.78,92.84,92.66,92.75
1240611,1600,92.91,93.26,92.82,93.24
1240612,1600,94.08,94.32,93.74,93.76
1240613,1600,94.18,94.52,94.08,94.38
1240614,1600,94.51,94.69,94.46,94.6
1240617,1600,94.14,94.22,94.03,94.16
1240618,1600,94.32,94.68,94.28,94.57
1240620,1600,94.1,94.36,94.05,94.33
1240621,1600,94.51,94.6,94.18,94.35
1240624,1600,94.37,94.43,94.23,94.43
1240625,1600,94.37,94.55,94.33,94.51
1240626,1600,94.02,94.09,93.92,93.94
1240627,1600,94.12,94.24,94.11,94.15
1240628,1600,94.36,94.38,93.65,93.65
1240701,1600,92.84,93.11,92.58,92.67
1240702,1600,93.06,93.13,92.88,93.02
1240703,1600,93.25,93.68,93.2,93.64
1240705,1600,93.97,94.22,93.85,94.16
1240708,1600,94.13,94.26,93.99,94.19
1240709,1600,94.04,94.17,93.83,94.06
1240710,1600,94.14,94.2,94.01,94.15
1240711,1600,94.82,94.98,94.71,94.75
1240712,1600,94.77,94.95,94.71,94.95
1240715,1600,94.71,94.83,94.57,94.65
1240716,1600,94.82,95.08,94.73,95.07
1240717,1600,94.93,95.21,94.84,95.15
1240718,1600,94.94,95.15,94.82,94.88
1240719,1600,94.63,94.7,94.53,94.58
1240722,1600,94.69,94.76,94.34,94.49
1240723,1600,94.62,94.75,94.55,94.56
1240724,1600,94.73,94.88,94.34,94.35
1240725,1600,94.54,94.88,94.49,94.56
1240726,1600,94.96,95.04,94.87,95.01
1240729,1600,95.25,95.26,95.08,95.17
1240730,1600,95.28,95.47,95.11,95.37
1240731,1600,95.65,96.08,95.45,96.07
1240801,1600,96.0,96.43,95.98,96.19
1240802,1600,97.19,97.75,97.13,97.68
1240805,1600,98.39,98.58,97.4,97.78
1240806,1600,97.54,97.58,96.84,96.91
1240807,1600,96.63,96.73,96.38,96.56
1240808,1600,96.16,96.34,96.07,96.27
1240809,1600,96.78,96.79,96.58,96.66
1240812,1600,96.54,96.98,96.48,96.93
1240813,1600,97.33,97.36,97.19,97.36
1240814,1600,97.32,97.63,97.3,97.49
1240815,1600,96.7,96.88,96.62,96.88
1240816,1600,97.08,97.09,96.81,97.07
1240819,1600,97.04,97.31,97.02,97.2
1240820,1600,97.44,97.63,97.36,97.59
1240821,1600,97.69,98.01,97.46,97.79
1240822,1600,97.55,97.57,97.2,97.34
1240823,1600,97.54,97.86,97.43,97.79
1240826,1600,97.96,97.97,97.67,97.67
1240827,1600,97.41,97.7,97.36,97.63
1240828,1600,97.65,97.73,97.54,97.58
1240829,1600,97.36,97.45,97.26,97.41
1240830,1600,97.43,97.55,97.05,97.07
1240903,1600,97.31,97.57,97.25,97.42
1240904,1600,97.53,98.04,97.5,97.99
1240905,1600,98.25,98.3,97.91,98.22
1240906,1600,98.26,98.85,98.02,98.36
1240909,1600,98.3,98.57,98.18,98.5
1240910,1600,98.51,98.97,98.49,98.92
1240911,1600,98.72,99.15,98.66,98.85
1240912,1600,98.77,98.88,98.51,98.69
1240913,1600,98.96,99.0,98.76,98.88
1240916,1600,98.99,99.18,98.87,99.14
1240917,1600,99.08,99.14,98.89,98.96
1240918,1600,98.73,99.05,98.48,98.53
1240919,1600,98.26,98.47,98.22,98.45
1240920,1600,98.31,98.55,98.18,98.42
1240923,1600,98.22,98.45,97.99,98.36
1240924,1600,98.09,98.5,98.01,98.47
1240925,1600,98.27,98.27,98.07,98.07
1240926,1600,98.15,98.2,97.84,98.0
1240927,1600,98.23,98.44,98.15,98.39
1240930,1600,98.32,98.35,97.96,98.12
1241001,1600,98.17,98.47,98.08,98.19
1241002,1600,97.75,97.95,97.64,97.91
1241003,1600,97.65,97.72,97.38,97.41
1241004,1600,96.57,96.78,96.42,96.47
1241007,1600,96.11,96.27,96.07,96.12
1241008,1600,95.97,96.2,95.93,96.2
1241009,1600,96.03,96.08,95.79,95.84
1241010,1600,95.77,95.88,95.53,95.83
1241011,1600,95.73,95.95,95.68,95.86
1241014,1600,95.46,95.69,95.41,95.69
1241015,1600,96.06,96.22,96.01,96.18
1241016,1600,96.36,96.46,96.27,96.33
1241017,1600,95.91,95.95,95.75,95.83
1241018,1600,95.99,96.05,95.92,95.94
1241021,1600,95.57,95.6,95.19,95.2
1241022,1600,95.32,95.38,95.03,95.11
1241023,1600,94.83,95.0,94.74,94.89
1241024,1600,94.98,95.26,94.87,95.1
1241025,1600,95.31,95.32,94.82,94.89
1241028,1600,94.91,94.92,94.49,94.67
1241029,1600,94.27,94.73,94.22,94.71
1241030,1600,94.93,95.17,94.53,94.57
1241031,1600,94.42,94.7,94.22,94.52
1241101,1600,94.37,94.46,93.64,93.67
1241104,1600,94.32,94.44,93.99,94.17
1241105,1600,94.05,94.34,93.74,94.22
1241106,1600,93.04,93.51,93.01,93.25
1241107,1600,93.63,94.17,93.58,94.0
1241108,1600,94.2,94.48,94.09,94.2
1241111,1600,93.92,93.96,93.78,93.94
1241112,1600,93.57,93.76,93.24,93.35
1241113,1600,93.77,93.78,93.17,93.29
1241114,1600,93.44,93.66,93.17,93.28
1241115,1600,93.1,93.63,92.9,93.32
1241118,1600,93.28,93.59,93.17,93.53
1241119,1600,93.82,93.88,93.69,93.73
1241120,1600,93.47,93.76,93.44,93.59
1241121,1600,93.66,93.83,93.42,93.54
1241122,1600,93.67,93.73,93.5,93.6
1241125,1600,94.46,94.64,94.32,94.61
1241126,1600,94.41,94.44,94.22,94.41
1241127,1600,94.79,94.92,94.6,94.79
1241129,1600,95.13,95.2,95.0,95.19
1241202,1600,94.61,95.01,94.5,94.89
1241203,1600,94.99,95.03,94.56,94.62
1241204,1600,94.38,95.01,94.35,94.98
1241205,1600,94.7,95.03,94.7,94.97
1241206,1600,95.36,95.42,95.07,95.27
1241209,1600,95.15,95.16,94.94,94.94
1241210,1600,94.74,94.84,94.65,94.77
1241211,1600,94.91,95.0,94.46,94.49
1241212,1600,94.38,94.46,94.1,94.13
1241213,1600,93.98,94.01,93.64,93.69
1241216,1600,93.86,93.87,93.62,93.72
1241217,1600,93.7,93.87,93.67,93.72
1241218,1600,93.4,93.52,92.62,92.69
1241219,1600,92.38,92.44,92.12,92.27
1241220,1600,92.75,92.9,92.59,92.61
1241223,1600,92.54,92.58,92.13,92.2
1241224,1600,92.01,92.26,91.97,92.25
1241226,1600,91.96,92.36,91.93,92.32
1241227,1600,92.26,92.39,92.06,92.08
1241230,1600,92.53,92.67,92.52,92.62
1241231,1600,92.75,92.82,92.38,92.45
1250102,1600,92.65,92.78,92.31,92.5
1250103,1600,92.6,92.67,92.32,92.35
1250106,1600,92.24,92.33,92.06,92.26
1250107,1600,92.14,92.21,91.75,91.84
1250108,1600,91.71,92.02,91.69,92.0
1250110,1600,91.46,91.63,91.23,91.33
1250113,1600,91.28,91.31,91.08,91.17
1250114,1600,91.21,91.28,91.08,91.2
1250115,1600,92.13,92.23,91.98,92.16
1250116,1600,92.08,92.58,91.95,92.38
1250117,1600,92.52,92.58,92.36,92.45
1250121,1600,92.75,92.83,92.61,92.76
1250122,1600,92.72,92.73,92.41,92.52
1250123,1600,92.13,92.35,92.13,92.28
1250124,1600,92.25,92.58,92.2,92.47
1250127,1600,93.08,93.15,92.87,93.07
1250128,1600,92.84,93.1,92.78,93.08
1250129,1600,93.18,93.25,92.7,92.97
1250130,1600,93.17,93.32,93.08,93.17
1250131,1600,93.2,93.34,92.81,93.02
1250203,1600,92.99,93.28,92.66,92.79
1250204,1600,92.6,93.02,92.6,93.02
1250205,1600,93.4,93.73,93.37,93.56
1250206,1600,93.46,93.58,93.31,93.45
1250207,1600,93.15,93.23,92.98,93.14
1250210,1600,93.24,93.37,93.07,93.12
1250211,1600,92.89,92.96,92.82,92.88
1250212,1600,92.26,92.32,92.08,92.24
1250213,1600,92.72,93.0,92.7,92.93
1250214,1600,93.37,93.51,93.28,93.32
1250218,1600,93.03,93.13,92.81,92.82
1250219,1600,92.77,93.01,92.77,92.97
1250220,1600,93.12,93.26,93.11,93.16
1250221,1600,93.28,93.83,93.27,93.71
1250224,1600,93.62,93.97,93.59,93.91
1250225,1600,94.5,94.7,94.42,94.65
1250226,1600,94.61,94.97,94.49,94.91
1250227,1600,94.59,94.83,94.55,94.8
1250228,1600,95.09,95.36,94.9,95.32
1250303,1600,94.72,95.45,94.71,95.39
1250304,1600,95.54,95.78,94.93,95.09
1250305,1600,95.11,95.24,94.53,94.56
1250306,1600,94.51,94.69,94.16,94.51
1250307,1600,94.98,95.02,94.3,94.39
1250310,1600,94.94,95.2,94.85,95.05
1250311,1600,95.05,95.31,94.58,94.71
1250312,1600,94.41,94.66,94.39,94.43
1250313,1600,94.29,94.85,94.2,94.81
1250314,1600,94.57,94.65,94.45,94.48
1250317,1600,94.65,94.85,94.46,94.56
1250318,1600,94.42,94.83,94.41,94.67
1250319,1600,94.59,94.99,94.44,94.96
1250320,1600,95.47,95.49,94.99,95.1
1250321,1600,95.25,95.34,95.0,95.02
1250324,1600,94.76,94.78,94.44,94.47
1250325,1600,94.47,94.74,94.45,94.63
1250326,1600,94.47,94.57,94.33,94.41
1250327,1600,94.3,94.41,94.21,94.33
1250328,1600,94.78,95.15,94.75,95.09
1250331,1600,95.49,95.56,95.09,95.37
1250401,1600,95.27,95.66,95.27,95.4
1250402,1600,95.8,95.8,95.01,95.31
1250403,1600,96.41,96.65,96.18,96.29
1250404,1600,97.2,97.52,96.55,96.56
1250407,1600,96.49,96.66,95.19,95.41
1250408,1600,94.91,95.59,94.88,94.93
1250409,1600,94.23,94.68,93.61,94.63
1250410,1600,94.52,94.78,93.99,94.04
1250411,1600,93.47,93.73,92.79,93.51
1250414,1600,93.92,94.36,93.8,94.26
1250415,1600,94.25,94.76,94.24,94.54
1250416,1600,94.66,95.08,94.46,94.95
1250417,1600,94.9,94.99,94.59,94.68
1250421,1600,94.4,94.75,94.15,94.17
1250422,1600,94.42,94.44,94.23,94.24
1250423,1600,95.04,95.22,94.22,94.34
1250424,1600,94.72,94.88,94.62,94.85
1250425,1600,95.11,95.28,94.98,95.21
1250428,1600,95.1,95.62,95.07,95.59
1250429,1600,95.54,95.93,95.53,95.92
1250430,1600,95.9,96.16,95.8,96.07
1250501,1600,95.88,95.9,95.15,95.34
1250502,1600,94.85,94.99,94.54,94.7
1250505,1600,94.67,94.68,94.33,94.53
1250506,1600,94.49,94.79,94.4,94.77
1250507,1600,94.87,95.14,94.85,95.02
1250508,1600,94.96,94.98,94.26,94.28
1250509,1600,94.45,94.61,94.32,94.35
1250512,1600,93.73,93.97,93.73,93.75
1250513,1600,93.87,93.92,93.53,93.68
1250514,1600,93.64,93.71,93.27,93.33
1250515,1600,93.72,93.99,93.6,93.94
1250516,1600,94.31,94.33,93.96,93.97
1250519,1600,93.43,93.94,93.39,93.92
1250520,1600,93.67,93.87,93.53,93.8
1250521,1600,93.43,93.56,93.03,93.15
1250522,1600,93.18,93.54,93.06,93.5
1250523,1600,93.91,93.92,93.64,93.77
1250527,1600,93.98,94.26,93.87,94.16
1250528,1600,93.97,94.04,93.79,93.9
1250529,1600,94.15,94.38,94.1,94.29
1250530,1600,94.36,94.62,94.3,94.57
1250602,1600,94.0,94.14,93.78,93.94
1250603,1600,94.07,94.2,93.77,93.85
1250604,1600,94.21,94.62,94.13,94.54
1250605,1600,94.54,94.66,94.23,94.26
1250606,1600,93.78,93.86,93.48,93.51
1250609,1600,93.52,93.8,93.51,93.68
1250610,1600,93.98,94.02,93.74,93.84
1250611,1600,94.02,94.27,93.94,94.23
1250612,1600,94.59,94.65,94.42,94.64
1250613,1600,94.43,94.5,94.04,94.29
1250616,1600,94.18,94.38,94.0,94.02
1250617,1600,94.26,94.52,94.11,94.48
1250618,1600,94.64,94.84,94.38,94.54
1250620,1600,94.35,94.74,94.29,94.6
1250623,1600,94.87,95.24,94.8,94.93
1250624,1600,94.84,95.31,94.8,95.26
1250625,1600,95.08,95.34,94.98,95.3
1250626,1600,95.48,95.65,95.35,95.64
1250627,1600,95.39,95.68,95.33,95.39
1250630,1600,95.6,95.81,95.46,95.77
1250701,1600,95.42,95.51,95.12,95.29
1250702,1600,94.99,95.14,94.93,95.09
1250703,1600,94.8,94.86,94.64,94.76
1250707,1600,94.61,94.62,94.38,94.46
1250708,1600,94.21,94.33,94.16,94.32
1250709,1600,94.46,94.82,94.46,94.81
1250710,1600,94.74,94.78,94.57,94.76
1250711,1600,94.44,94.47,94.27,94.32
1250714,1600,94.32,94.46,94.17,94.28
1250715,1600,94.39,94.4,93.86,93.91
1250716,1600,94.06,94.24,93.93,94.17
1250717,1600,94.22,94.33,94.06,94.14
1250718,1600,94.41,94.48,94.3,94.4
1250721,1600,94.8,94.9,94.68,94.73
1250722,1600,94.83,95.06,94.81,95.0
1250723,1600,94.78,94.84,94.61,94.66
1250724,1600,94.33,94.62,94.32,94.52
1250725,1600,94.49,94.74,94.45,94.74
1250728,1600,94.57,94.64,94.49,94.53
1250729,1600,94.67,95.15,94.65,95.15
1250730,1600,94.82,95.08,94.75,94.82
1250731,1600,94.97,95.13,94.86,94.9
1250801,1600,95.36,95.73,95.34,95.68
1250804,1600,95.77,95.85,95.53,95.81
1250805,1600,95.64,95.86,95.62,95.74
1250806,1600,95.6,95.72,95.26,95.67
1250807,1600,95.67,95.77,95.53,95.6
1250808,1600,95.47,95.47,95.33,95.38
1250811,1600,95.45,95.54,95.36,95.41
1250812,1600,95.29,95.39,95.18,95.39
1250813,1600,95.66,95.83,95.64,95.73
1250814,1600,95.57,95.6,95.35,95.42
1250815,1600,95.38,95.44,95.17,95.23
1250818,1600,95.3,95.31,95.05,95.14
1250819,1600,95.28,95.42,95.27,95.38
1250820,1600,95.38,95.61,95.36,95.52
1250821,1600,95.39,95.44,95.11,95.24
1250822,1600,95.4,95.88,95.37,95.77
1250825,1600,95.6,95.71,95.53,95.58
1250826,1600,95.66,95.86,95.6,95.83
1250827,1600,95.7,96.01,95.64,96.01
1250828,1600,95.98,96.23,95.94,96.23
1250829,1600,96.12,96.23,96.03,96.15
1250902,1600,95.46,95.63,95.43,95.55
1250903,1600,95.56,96.02,95.56,95.88
1250904,1600,96.12,96.31,96.0,96.31
1250905,1600,96.91,97.02,96.78,96.78
1250908,1600,97.02,97.09,96.92,97.08
1250909,1600,97.03,97.14,96.76,96.85
1250910,1600,97.05,97.23,96.96,97.11
1250911,1600,97.24,97.46,97.23,97.26
1250912,1600,97.03,97.04,96.84,96.98
1250915,1600,97.15,97.22,97.1,97.14
1250916,1600,97.15,97.29,97.11,97.2
1250917,1600,97.3,97.52,96.87,96.99
1250918,1600,96.65,96.81,96.51,96.67
1250919,1600,96.62,96.7,96.5,96.63
1250922,1600,96.63,96.66,96.46,96.47
1250923,1600,96.61,96.75,96.49,96.74
1250924,1600,96.62,96.63,96.44,96.48
1250925,1600,96.26,96.32,96.1,96.27
1250926,1600,96.25,96.43,96.13,96.22
1250929,1600,96.34,96.55,96.33,96.5
1250930,1600,96.58,96.76,96.42,96.46
1251001,1600,96.56,96.63,96.34,96.49
1251002,1600,96.45,96.65,96.39,96.59
1251003,1600,96.6,96.64,96.38,96.4
1251006,1600,96.17,96.34,96.11,96.12
1251007,1600,96.24,96.49,96.18,96.36
1251008,1600,96.54,96.56,96.32,96.38
1251009,1600,96.29,96.36,96.23,96.31
1251010,1600,96.65,97.02,96.57,96.91
1251013,1600,96.9,96.99,96.78,96.96
1251014,1600,97.06,97.24,96.98,97.21
1251015,1600,97.21,97.33,97.02,97.1
1251016,1600,97.02,97.59,97.0,97.55
1251017,1600,97.46,97.48,97.27,97.39
1251020,1600,97.45,97.53,97.37,97.52
1251021,1600,97.69,97.77,97.63,97.7
1251022,1600,97.65,97.77,97.56,97.72
1251023,1600,97.52,97.58,97.38,97.4
1251024,1600,97.52,97.54,97.33,97.49
1251027,1600,97.34,97.49,97.21,97.49
1251028,1600,97.43,97.63,97.43,97.58
1251029,1600,97.53,97.53,96.9,96.95
1251030,1600,96.67,96.96,96.65,96.81
1251031,1600,96.87,96.95,96.79,96.85
1251103,1600,96.42,96.56,96.37,96.5
1251104,1600,96.57,96.67,96.55,96.62
1251105,1600,96.45,96.47,96.13,96.16
1251106,1600,96.52,96.72,96.51,96.65
1251107,1600,96.56,96.86,96.55,96.69
1251110,1600,96.57,96.65,96.51,96.56
1251111,1600,96.81,96.89,96.73,96.86
1251112,1600,96.81,96.95,96.78,96.88
1251113,1600,96.65,96.8,96.6,96.6
1251114,1600,96.88,96.93,96.42,96.44
1251117,1600,96.54,96.62,96.49,96.55
1251118,1600,96.84,96.93,96.57,96.71
1251119,1600,96.81,96.86,96.6,96.64
1251120,1600,96.74,96.95,96.7,96.87
1251121,1600,97.19,97.23,97.0,97.19
1251124,1600,97.29,97.36,97.18,97.34
1251125,1600,97.44,97.7,97.43,97.59
1251126,1600,97.48,97.67,97.33,97.67
1251128,1600,97.63,97.65,97.39,97.5
1251201,1600,96.77,96.84,96.68,96.69
1251202,1600,96.66,96.82,96.6,96.77
1251203,1600,96.93,97.03,96.81,96.97
1251204,1600,96.82,96.83,96.62,96.67
1251205,1600,96.69,96.7,96.42,96.47
1251208,1600,96.41,96.42,96.09,96.27
1251209,1600,96.41,96.41,96.11,96.13
1251210,1600,96.09,96.47,96.08,96.44
1251211,1600,96.68,96.73,96.42,96.45
1251212,1600,96.19,96.27,96.17,96.19
1251215,1600,96.41,96.51,96.25,96.27
1251216,1600,96.24,96.56,96.23,96.54
1251217,1600,96.42,96.57,96.4,96.52
1251218,1600,96.77,96.83,96.64,96.77
1251219,1600,96.3,96.39,96.2,96.24
1251222,1600,96.16,96.19,96.08,96.14
1251223,1600,95.93,96.13,95.88,96.1
1251224,1600,96.22,96.37,96.17,96.35
1251226,1600,96.49,96.51,96.33,96.44
1251229,1600,96.55,96.6,96.45,96.58
1251230,1600,96.44,96.56,96.4,96.48
1251231,1600,96.34,96.47,96.15,96.16
1260102,1600,96.29,96.29,96.07,96.08
1260105,1600,96.23,96.38,96.17,96.37
1260106,1600,96.25,96.32,96.1,96.3
1260107,1600,96.52,96.55,96.34,96.48
1260108,1600,96.23,96.31,96.18,96.19
1260109,1600,96.16,96.38,96.07,96.3
1260112,1600,96.15,96.3,96.12,96.18
1260113,1600,96.34,96.37,96.2,96.3
1260114,1600,96.38,96.6,96.37,96.5
1260115,1600,96.51,96.52,96.28,96.3
1260116,1600,96.23,96.26,95.91,95.93
1260120,1600,95.6,95.72,95.53,95.55
1260121,1600,95.66,95.84,95.56,95.8
1260122,1600,95.7,95.86,95.65,95.79
1260123,1600,95.83,95.97,95.75,95.95
1260126,1600,96.1,96.16,96.04,96.09
1260127,1600,96.03,96.15,95.95,95.98
1260128,1600,95.92,95.95,95.73,95.9
1260129,1600,95.8,96.09,95.78,96.0
1260130,1600,95.99,96.06,95.91,95.94
1260202,1600,95.67,95.7,95.44,95.44
1260203,1600,95.39,95.57,95.37,95.53
1260204,1600,95.45,95.61,95.41,95.51
1260205,1600,95.8,96.1,95.71,96.07
1260206,1600,96.12,96.13,95.92,96.07
1260209,1600,96.01,96.13,95.93,96.09
1260210,1600,96.43,96.55,96.41,96.51
1260211,1600,96.18,96.45,96.16,96.24
1260212,1600,96.4,96.85,96.39,96.83
1260213,1600,97.12,97.26,97.09,97.21
1260217,1600,97.25,97.31,97.15,97.2
1260218,1600,97.03,97.09,96.97,97.0
1260219,1600,96.96,97.14,96.94,97.09
1260220,1600,97.13,97.14,96.89,97.09
1260223,1600,97.17,97.53,97.17,97.44
1260224,1600,97.44,97.48,97.33,97.42
1260225,1600,97.27,97.42,97.27,97.34
1260226,1600,97.42,97.6,97.42,97.6
1260227,1600,97.88,98.05,97.83,97.99
1260302,1600,97.38,97.39,96.95,97.12
1260303,1600,96.67,97.15,96.64,97.01
1260304,1600,96.97,96.99,96.79,96.81
1260305,1600,96.45,96.58,96.39,96.51
1260306,1600,96.22,96.74,96.17,96.45
1260309,1600,96.36,96.8,96.25,96.75
1260310,1600,96.7,96.77,96.41,96.44
1260311,1600,96.26,96.31,95.98,96.0
1260312,1600,95.85,95.98,95.59,95.69
1260313,1600,95.84,95.93,95.55,95.59
1260316,1600,95.98,96.06,95.87,96.02
1260317,1600,96.17,96.28,96.13,96.19
1260318,1600,96.05,96.12,95.73,95.75
1260319,1600,95.49,95.88,95.48,95.74
1260320,1600,95.31,95.34,94.85,94.88
1260323,1600,95.0,95.43,94.89,95.18
1260324,1600,94.79,95.08,94.62,94.86
1260325,1600,95.29,95.4,95.14,95.36
1260326,1600,95.01,95.13,94.59,94.59
1260327,1600,94.37,94.78,94.36,94.6
1260330,1600,95.2,95.39,95.13,95.27
1260331,1600,95.54,95.68,95.35,95.44
1260401,1600,95.08,95.29,95.02,95.04
1260402,1600,95.03,95.39,95.01,95.26
1260406,1600,95.0,95.18,94.91,95.01
1260407,1600,95.07,95.29,94.76,95.25
1260408,1600,95.72,95.73,95.37,95.46
1260409,1600,95.37,95.65,95.23,95.43
1260410,1600,95.43,95.46,95.26,95.27
1260413,1600,95.27,95.49,95.17,95.48
1260414,1600,95.44,95.8,95.41,95.79
1260415,1600,95.69,95.7,95.5,95.58
1260416,1600,95.67,95.7,95.38,95.41
1260417,1600,95.89,96.05,95.84,95.93
1260420,1600,95.91,95.92,95.71,95.84
1260421,1600,95.69,95.75,95.41,95.42
1260422,1600,95.68,95.71,95.5,95.52
1260423,1600,95.56,95.63,95.19,95.37
1260424,1600,95.29,95.59,95.21,95.56
1260427,1600,95.42,95.53,95.28,95.34
1260428,1600,95.19,95.27,95.11,95.25
1260429,1600,95.03,95.03,94.7,94.8
1260430,1600,95.04,95.09,94.87,94.98
1260501,1600,94.69,95.04,94.62,94.74
1260504,1600,94.59,94.6,94.22,94.39
1260505,1600,94.5,94.64,94.47,94.53
1260506,1600,94.93,95.03,94.86,95.0
1260507,1600,95.18,95.18,94.69,94.71
1260508,1600,95.04,95.09,94.92,94.96
1260511,1600,94.86,94.88,94.64,94.64
1260512,1600,94.42,94.43,94.3,94.32
1260513,1600,94.3,94.38,94.11,94.32
1260514,1600,94.54,94.56,94.25,94.26
1260515,1600,93.72,93.75,93.49,93.51
1260518,1600,93.62,93.75,93.34,93.47
1260519,1600,93.13,93.27,92.95,93.11
1260520,1600,93.17,93.81,93.15,93.74
1260521,1600,93.47,93.84,93.31,93.8
1260522,1600,93.96,93.99,93.63,93.88
1260526,1600,94.34,94.35,94.13,94.28
1260527,1600,94.35,94.48,94.29,94.32
1260528,1600,94.35,94.67,94.29,94.54
1260529,1600,94.64,94.74,94.53,94.65
1260601,1600,93.91,94.2,93.81,94.17
1260602,1600,94.33,94.33,94.16,94.24
1260603,1600,93.99,94.1,93.91,94.0
1260604,1600,94.2,94.28,94.09,94.12
1260605,1600,93.71,93.79,93.59,93.62
1260608,1600,93.8,93.86,93.52,93.52
1260609,1600,93.71,93.85,93.61,93.78
1260610,1600,93.82,93.9,93.6,93.69
1260611,1600,93.81,94.38,93.75,94.34
1260612,1600,94.16,94.27,94.02,94.18
1260615,1600,94.39,94.47,94.26,94.28
1260616,1600,94.38,94.62,94.35,94.52
1260617,1600,94.53,94.58,94.01,94.02
1260618,1600,94.43,94.6,94.33,94.36
1260622,1600,94.11,94.13,93.97,94.0
1260623,1600,94.16,94.26,94.09,94.12
1260624,1600,94.57,94.78,94.56,94.73
1260625,1600,94.86,95.02,94.78,94.79
1260626,1600,94.83,95.08,94.83,95.03
1260629,1600,94.98,95.07,94.93,95.06
1260630,1600,94.88,94.9,94.55,94.57
1260701,1600,94.04,94.2,94.0,94.03
1260702,1600,94.09,94.26,94.03,94.12
1260706,1600,94.14,94.19,94.03,94.18
1260707,1600,94.0,94.02,93.69,93.7
1260708,1600,93.53,93.59,93.36,93.51
1260709,1600,93.59,93.85,93.59,93.71
1260710,1600,93.74,93.78,93.59,93.63
1260713,1600,93.5,93.52,93.26,93.29
1260714,1600,93.6,93.79,93.46,93.55
1260715,1600,93.64,93.87,93.64,93.78
1260716,1600,93.58,93.75,93.54,93.72
1260717,1600,93.96,94.1,93.82,93.84
1260720,1600,93.74,93.76,93.44,93.54
1260721,1600,93.4,93.42,93.26,93.31
1260722,1600,93.28,93.29,93.08,93.1
1260723,1600,92.8,92.9,92.76,92.85
1260724,1600,92.99,93.22,92.94,93.03
1260727,1600,93.21,93.35,93.14,93.28
1260728,1600,93.37,93.66,93.37,93.56
1260729,1600,93.41,93.53,93.16,93.17
1260730,1600,93.24,93.32,93.12,93.21
1260731,1600,92.98,92.98,92.73,92.95
1260803,1600,92.8,92.87,92.69,92.82
1260804,1600,93.15,93.27,93.1,93.25
1260805,1600,93.21,93.33,93.13,93.31
1260806,1600,93.16,93.19,92.9,92.95
1260807,1600,93.29,93.32,93.06,93.17
1260810,1600,92.96,92.98,92.76,92.76
1260811,1600,92.95,93.05,92.87,92.87
1260812,1600,93.15,93.16,92.93,92.96
1260813,1600,93.31,93.51,93.28,93.3
1260814,1600,93.29,93.33,93.0,93.04
1260817,1600,92.96,93.04,92.83,92.84
1260818,1600,92.8,93.01,92.72,92.93
1260819,1600,93.35,93.39,93.12,93.38
1260820,1600,93.0,93.17,92.92,93.0
1260821,1600,92.95,92.97,92.77,92.82
1260824,1600,92.95,93.14,92.94,93.01
1260825,1600,93.31,93.54,93.26,93.51
1260826,1600,93.34,93.36,93.23,93.32
1260827,1600,93.31,93.37,93.16,93.23
1260828,1600,93.18,93.4,92.82,92.85
1260831,1600,92.75,92.75,92.62,92.74
1260901,1600,92.19,92.37,92.07,92.1
1260902,1600,92.17,92.2,92.04,92.18
1260903,1600,92.48,92.49,92.27,92.28
1260904,1600,92.26,92.4,92.22,92.25
1260908,1600,92.29,92.29,92.04,92.16
1260909,1600,92.09,92.16,91.78,91.9
1260910,1600,91.37,91.48,91.11,91.18
1260911,1600,91.33,91.42,90.98,91.01
1260914,1600,90.94,91.25,90.75,90.93
1260915,1600,90.84,90.92,90.75,90.82
1260916,1600,91.0,91.28,90.7,90.73
1260917,1600,91.17,91.26,91.09,91.25
1260918,1600,90.94,90.94,90.79,90.8
