1090604,1600,99.4343,99.4343,99.4343,99.4343
1090605,1600,99.0352,99.0352,99.0352,99.0352
1090608,1600,99.2861,99.2861,99.2861,99.2861
1090609,1600,99.4469,99.4469,99.4469,99.4469
1090610,1600,99.3353,99.3353,99.3353,99.3353
1090611,1600,99.2323,99.2323,99.2323,99.2323
1090612,1600,99.5018,99.5018,99.5018,99.5018
1090615,1600,99.9344,99.9344,99.9344,99.9344
1090616,1600,99.8513,99.8513,99.8513,99.8513
1090617,1600,100.0593,100.0593,100.0593,100.0593
1090618,1600,99.8816,99.8816,99.8816,99.8816
1090619,1600,100.1587,100.1587,100.1587,100.1587
1090622,1600,100.33,100.33,100.33,100.33
1090623,1600,100.2314,100.2314,100.2314,100.2314
1090624,1600,99.8865,99.8865,99.8865,99.8865
1090625,1600,100.1546,100.1546,100.1546,100.1546
1090626,1600,100.3219,100.3219,100.3219,100.3219
1090629,1600,100.3937,100.3937,100.3937,100.3937
1090630,1600,100.499,100.499,100.499,100.499
1090701,1600,100.4597,100.4597,100.4597,100.4597
1090702,1600,100.9288,100.9288,100.9288,100.9288
1090703,1600,100.926,100.926,100.926,100.926
1090706,1600,101.1355,101.1355,101.1355,101.1355
1090707,1600,100.9418,100.9418,100.9418,100.9418
1090708,1600,101.0229,101.0229,101.0229,101.0229
1090709,1600,100.9357,100.9357,100.9357,100.9357
1090710,1600,101.1242,101.1242,101.1242,101.1242
1090713,1600,101.1244,101.1244,101.1244,101.1244
1090714,1600,100.9712,100.9712,100.9712,100.9712
1090715,1600,100.8719,100.8719,100.8719,100.8719
1090716,1600,100.9914,100.9914,100.9914,100.9914
1090717,1600,100.8592,100.8592,100.8592,100.8592
1090720,1600,100.8794,100.8794,100.8794,100.8794
1090721,1600,101.1077,101.1077,101.1077,101.1077
1090722,1600,101.1632,101.1632,101.1632,101.1632
1090723,1600,100.9386,100.9386,100.9386,100.9386
1090724,1600,100.9015,100.9015,100.9015,100.9015
1090727,1600,100.9298,100.9298,100.9298,100.9298
1090728,1600,101.3062,101.3062,101.3062,101.3062
1090729,1600,101.4254,101.4254,101.4254,101.4254
1090730,1600,101.5515,101.5515,101.5515,101.5515
1090731,1600,102.2707,102.2707,102.2707,102.2707
1090803,1600,101.9742,101.9742,101.9742,101.9742
1090804,1600,101.9147,101.9147,101.9147,101.9147
1090805,1600,102.0189,102.0189,102.0189,102.0189
1090806,1600,101.9492,101.9492,101.9492,101.9492
1090807,1600,101.3846,101.3846,101.3846,101.3846
1090810,1600,101.6125,101.6125,101.6125,101.6125
1090811,1600,101.714,101.714,101.714,101.714
1090812,1600,101.7354,101.7354,101.7354,101.7354
1090813,1600,101.8484,101.8484,101.8484,101.8484
1090814,1600,102.3425,102.3425,102.3425,102.3425
1090817,1600,102.4529,102.4529,102.4529,102.4529
1090818,1600,102.4463,102.4463,102.4463,102.4463
1090819,1600,102.6631,102.6631,102.6631,102.6631
1090820,1600,102.6602,102.6602,102.6602,102.6602
1090821,1600,102.4612,102.4612,102.4612,102.4612
1090824,1600,102.413,102.413,102.413,102.413
1090825,1600,102.6662,102.6662,102.6662,102.6662
1090826,1600,102.8474,102.8474,102.8474,102.8474
1090827,1600,102.799,102.799,102.799,102.799
1090828,1600,102.7069,102.7069,102.7069,102.7069
1090901,1600,102.6057,102.6057,102.6057,102.6057
1090902,1600,102.6452,102.6452,102.6452,102.6452
1090903,1600,102.4237,102.4237,102.4237,102.4237
1090904,1600,102.5774,102.5774,102.5774,102.5774
1090907,1600,102.474,102.474,102.474,102.474
1090908,1600,102.3728,102.3728,102.3728,102.3728
1090909,1600,102.1983,102.1983,102.1983,102.1983
1090910,1600,102.5226,102.5226,102.5226,102.5226
1090911,1600,102.9938,102.9938,102.9938,102.9938
1090914,1600,102.8247,102.8247,102.8247,102.8247
1090915,1600,102.763,102.763,102.763,102.763
1090916,1600,102.7388,102.7388,102.7388,102.7388
1090917,1600,102.5909,102.5909,102.5909,102.5909
1090918,1600,102.5473,102.5473,102.5473,102.5473
1090921,1600,102.494,102.494,102.494,102.494
1090922,1600,102.4971,102.4971,102.4971,102.4971
1090923,1600,102.6818,102.6818,102.6818,102.6818
1090924,1600,103.056,103.056,103.056,103.056
1090925,1600,103.2706,103.2706,103.2706,103.2706
1090928,1600,103.3187,103.3187,103.3187,103.3187
1090929,1600,103.4139,103.4139,103.4139,103.4139
1090930,1600,103.3561,103.3561,103.3561,103.3561
1091001,1600,103.3353,103.3353,103.3353,103.3353
1091002,1600,103.5638,103.5638,103.5638,103.5638
1091005,1600,103.6597,103.6597,103.6597,103.6597
1091006,1600,103.5293,103.5293,103.5293,103.5293
1091007,1600,103.7436,103.7436,103.7436,103.7436
1091008,1600,103.7867,103.7867,103.7867,103.7867
1091009,1600,103.3306,103.3306,103.3306,103.3306
1091012,1600,103.4101,103.4101,103.4101,103.4101
1091013,1600,103.4244,103.4244,103.4244,103.4244
1091014,1600,103.1183,103.1183,103.1183,103.1183
1091015,1600,102.7528,102.7528,102.7528,102.7528
1091016,1600,102.8167,102.8167,102.8167,102.8167
1091019,1600,102.8345,102.8345,102.8345,102.8345
1091020,1600,103.19,103.19,103.19,103.19
1091021,1600,102.79,102.79,102.79,102.79
1091022,1600,103.02,103.02,103.02,103.02
1091023,1600,102.74,102.74,102.74,102.74
1091026,1600,102.78,102.78,102.78,102.78
1091027,1600,103.22,103.22,103.22,103.22
1091028,1600,103.39,103.39,103.39,103.39
1091029,1600,102.97,102.97,102.97,102.97
1091030,1600,103.43,103.43,103.43,103.43
1091102,1600,103.4,103.4,103.4,103.4
1091103,1600,103.25,103.25,103.25,103.25
1091104,1600,103.07,103.07,103.07,103.07
1091105,1600,103.0,103.0,103.0,103.0
1091106,1600,102.99,102.99,102.99,102.99
1091109,1600,0.0,103.25,103.25,103.25
1091110,1600,0.0,103.5,103.5,103.5
1091111,1600,0.0,103.54,103.54,103.54
1091112,1600,0.0,103.49,103.49,103.49
1091113,1600,103.6,103.6,103.29,103.29
1091116,1600,103.44,103.44,103.44,103.44
1091117,1600,103.8,103.8,103.8,103.8
1091118,1600,103.75,103.75,103.75,103.75
1091119,1600,103.74,103.74,103.74,103.74
1091120,1600,103.67,103.67,103.67,103.67
1091123,1600,103.55,103.55,103.55,103.55
1091124,1600,103.67,103.67,103.67,103.67
1091125,1600,103.56,103.56,103.56,103.56
1091126,1600,103.8,103.8,103.8,103.8
1091127,1600,103.8,103.8,103.8,103.8
1091130,1600,104.03,104.03,104.03,104.03
1091201,1600,104.17,104.17,104.17,104.17
1091202,1600,104.15,104.15,104.15,104.15
1091203,1600,104.03,104.03,104.03,104.03
1091204,1600,103.8101,103.8101,103.8101,103.8101
1091207,1600,104.0,104.0,104.0,104.0
1091208,1600,104.09,104.09,104.09,104.09
1091209,1600,103.88,103.88,103.88,103.88
1091210,1600,103.67,103.67,103.67,103.67
1091211,1600,103.74,103.74,103.74,103.74
1091214,1600,103.86,103.86,103.86,103.86
1091215,1600,103.58,103.58,103.58,103.58
1091216,1600,104.04,104.04,104.04,104.04
1091217,1600,104.3,104.3,104.3,104.3
1091218,1600,104.22,104.22,104.22,104.22
1091221,1600,103.85,103.85,103.85,103.85
1091222,1600,103.66,103.84,103.66,103.84
1091223,1600,103.57,103.57,103.57,103.57
1091224,1600,103.663,103.663,103.663,103.663
1091229,1600,103.38,103.38,103.38,103.38
1091230,1600,101.65,101.65,101.65,101.65
1091231,1600,101.6494,101.6494,101.6494,101.6494
1100104,1600,101.77,101.77,101.77,101.77
1100105,1600,101.85,101.85,101.85,101.85
1100106,1600,101.7,101.7,101.7,101.7
1100107,1600,101.91,101.91,101.91,101.91
1100108,1600,101.97,101.97,101.97,101.97
1100111,1600,102.09,102.09,102.09,102.09
1100112,1600,102.14,102.14,102.14,102.14
1100113,1600,102.04,102.04,102.04,102.04
1100114,1600,102.0,102.0,102.0,102.0
1100115,1600,102.19,102.19,102.19,102.19
1100118,1600,102.25,102.25,102.25,102.25
1100119,1600,102.13,102.13,102.13,102.13
1100120,1600,102.12,102.12,102.12,102.12
1100121,1600,102.22,102.22,102.22,102.22
1100122,1600,102.18,102.18,102.18,102.18
1100125,1600,102.4,102.4,102.4,102.4
1100126,1600,102.5,102.5,102.5,102.5
1100127,1600,102.29,102.29,102.29,102.29
1100128,1600,102.08,102.08,102.08,102.08
1100129,1600,102.18,102.18,102.18,102.18
1100201,1600,102.41,102.41,102.41,102.41
1100202,1600,102.33,102.33,102.33,102.33
1100203,1600,102.18,102.26,102.18,102.26
1100204,1600,102.4,102.4,102.4,102.4
1100205,1600,102.62,102.62,102.62,102.62
1100208,1600,102.51,102.51,102.51,102.51
1100209,1600,102.45,102.45,102.45,102.45
1100210,1600,102.78,102.78,102.78,102.78
1100211,1600,102.78,102.78,102.78,102.78
1100212,1600,102.87,102.87,102.87,102.87
1100215,1600,102.75,102.75,102.75,102.75
1100216,1600,102.67,102.67,102.67,102.67
1100217,1600,102.83,102.83,102.83,102.83
1100218,1600,102.61,102.61,102.61,102.61
1100219,1600,102.66,102.66,102.54,102.54
1100222,1600,102.65,102.65,102.65,102.65
1100223,1600,103.13,103.13,103.13,103.13
1100224,1600,103.21,103.21,103.21,103.21
1100225,1600,103.19,103.19,103.19,103.19
1100226,1600,103.3,103.3,103.3,103.3
1100301,1600,103.45,103.45,103.45,103.45
1100302,1600,103.45,103.45,103.45,103.45
1100303,1600,103.44,103.44,103.44,103.44
1100304,1600,103.52,103.52,103.52,103.52
1100305,1600,103.45,103.45,103.45,103.45
1100308,1600,103.52,103.52,103.43,103.43
1100309,1600,103.44,103.44,103.44,103.44
1100310,1600,103.48,103.48,103.48,103.48
1100311,1600,103.59,103.59,103.33,103.33
1100312,1600,103.43,103.43,103.43,103.43
1100315,1600,103.48,103.48,103.48,103.48
1100316,1600,103.62,103.62,103.62,103.62
1100317,1600,103.79,103.79,103.79,103.79
1100318,1600,103.59,103.65,103.59,103.6
1100319,1600,103.49,103.58,103.49,103.58
1100322,1600,103.72,103.72,103.72,103.72
1100323,1600,103.75,103.9,103.75,103.9
1100324,1600,103.84,103.84,103.84,103.84
1100325,1600,103.71,103.71,103.71,103.71
1100326,1600,103.76,103.76,103.76,103.76
1100329,1600,103.82,103.82,103.82,103.82
1100330,1600,103.89,103.92,103.89,103.92
1100331,1600,104.11,104.11,103.99,103.99
1100401,1600,104.15,104.15,104.15,104.15
1100406,1600,103.67,103.67,103.67,103.67
1100407,1600,103.76,103.76,103.76,103.76
1100408,1600,103.81,103.81,103.81,103.81
1100409,1600,103.62,103.62,103.62,103.62
1100412,1600,103.74,103.74,103.74,103.74
1100413,1600,103.83,103.83,103.83,103.83
1100414,1600,103.76,103.76,103.76,103.76
1100415,1600,103.84,103.84,103.84,103.84
1100416,1600,103.78,103.94,103.78,103.94
1100419,1600,103.89,103.89,103.89,103.89
1100420,1600,103.79,103.79,103.79,103.79
1100421,1600,103.74,103.74,103.74,103.74
1100422,1600,103.45,103.45,103.45,103.45
1100423,1600,103.37,103.37,103.37,103.37
1100426,1600,103.16,103.16,103.16,103.16
1100427,1600,103.23,103.23,103.23,103.23
1100428,1600,102.84,102.84,102.84,102.84
1100429,1600,103.14,103.14,103.14,103.14
1100430,1600,103.31,103.31,103.31,103.31
1100504,1600,103.3,103.3,103.3,103.3
1100505,1600,103.37,103.37,103.37,103.37
1100506,1600,102.5493,102.5493,102.5493,102.5493
1100507,1600,102.49,102.49,102.49,102.49
1100510,1600,102.62,102.62,102.62,102.62
1100511,1600,104.212,104.212,104.212,104.212
1100512,1600,103.24,103.24,103.22,103.22
1100513,1600,103.35,103.35,103.35,103.35
1100514,1600,103.42,103.42,103.42,103.42
1100517,1600,103.37,103.37,103.37,103.37
1100518,1600,103.7,103.7,103.7,103.7
1100519,1600,103.86,103.86,103.86,103.86
1100520,1600,103.92,103.92,103.92,103.92
1100521,1600,104.09,104.09,104.09,104.09
1100524,1600,104.16,104.16,104.16,104.16
1100525,1600,104.31,104.31,104.31,104.31
1100526,1600,103.94,103.94,103.94,103.94
1100527,1600,103.6841,103.6841,103.6841,103.6841
1100528,1600,103.73,103.73,103.73,103.73
1100601,1600,103.51,103.51,103.51,103.51
1100602,1600,103.27,103.27,103.27,103.27
1100603,1600,103.0,103.0,103.0,103.0
1100604,1600,103.16,103.16,103.16,103.16
1100607,1600,102.69,102.69,102.69,102.69
1100608,1600,102.42,102.8,102.42,102.8
1100609,1600,103.06,103.06,103.06,103.06
1100610,1600,103.41,103.41,103.41,103.41
1100611,1600,103.6,103.6,103.6,103.6
1100614,1600,103.0815,103.0815,103.0815,103.0815
1100615,1600,102.7,102.86,102.7,102.86
1100616,1600,102.7338,102.7338,102.7338,102.7338
1100617,1600,102.82,102.82,102.82,102.82
1100618,1600,102.9338,102.9338,102.9338,102.9338
1100621,1600,102.85,102.85,102.85,102.85
1100622,1600,102.9602,102.9602,102.9602,102.9602
1100623,1600,102.5,102.5,102.5,102.5
1100624,1600,102.67,102.67,102.67,102.67
1100625,1600,102.29,102.4,102.29,102.4
1100628,1600,102.33,102.33,102.33,102.33
1100629,1600,102.51,102.51,102.51,102.51
1100630,1600,102.56,102.56,102.56,102.56
1100701,1600,102.73,102.73,102.73,102.73
1100702,1600,102.93,102.93,102.93,102.93
1100705,1600,103.18,103.18,103.18,103.18
1100706,1600,102.94,102.94,102.94,102.94
1100707,1600,102.86,102.86,102.86,102.86
1100708,1600,102.95,102.95,102.95,102.95
1100709,1600,103.08,103.08,103.08,103.08
1100712,1600,103.32,103.32,103.32,103.32
1100713,1600,103.08,103.08,103.08,103.08
1100714,1600,102.81,102.81,102.81,102.81
1100715,1600,102.86,102.86,102.86,102.86
1100716,1600,103.25,103.25,103.25,103.25
1100719,1600,103.09,103.09,103.09,103.09
1100720,1600,103.3,103.3,103.3,103.3
1100721,1600,103.48,103.48,103.36,103.36
1100722,1600,103.41,103.41,103.25,103.25
1100723,1600,103.19,103.19,103.19,103.19
1100726,1600,103.13,103.13,103.13,103.13
1100727,1600,103.27,103.27,103.27,103.27
1100728,1600,103.36,103.36,103.36,103.36
1100729,1600,103.48,103.48,103.48,103.48
1100730,1600,103.56,103.65,103.56,103.65
1100802,1600,103.58,103.58,103.58,103.58
1100803,1600,104.08,104.08,104.08,104.08
1100804,1600,104.21,104.21,104.21,104.21
1100805,1600,104.46,104.46,104.46,104.46
1100806,1600,104.77,104.77,104.77,104.77
1100809,1600,104.84,104.84,104.73,104.73
1100810,1600,104.45,104.45,104.45,104.45
1100811,1600,104.9,104.9,104.9,104.9
1100812,1600,104.86,104.86,104.86,104.86
1100813,1600,104.79,104.79,104.79,104.79
1100816,1600,105.13,105.13,105.13,105.13
1100817,1600,105.2,105.2,105.2,105.2
1100818,1600,105.54,105.54,105.54,105.54
1100819,1600,105.62,105.62,105.62,105.62
1100820,1600,105.8,105.8,105.8,105.8
1100823,1600,105.77,105.77,105.77,105.77
1100824,1600,106.15,106.15,106.15,106.15
1100825,1600,106.35,106.35,106.35,106.35
1100826,1600,106.25,106.48,106.25,106.48
1100827,1600,106.51,106.51,106.12,106.12
1100831,1600,106.38,106.38,106.38,106.38
1100901,1600,106.04,106.04,106.04,106.04
1100902,1600,105.79,105.79,105.79,105.79
1100903,1600,105.81,105.81,105.44,105.44
1100906,1600,105.37,105.37,105.37,105.37
1100907,1600,105.64,105.64,105.64,105.64
1100908,1600,105.57,105.57,105.57,105.57
1100909,1600,105.41,105.41,105.41,105.41
1100910,1600,105.04,105.04,105.04,105.04
1100913,1600,104.78,104.82,104.78,104.82
1100914,1600,104.99,104.99,104.99,104.99
1100915,1600,104.72,104.72,104.72,104.72
1100916,1600,104.27,104.27,104.27,104.27
1100917,1600,104.4,104.4,104.4,104.4
1100920,1600,104.06,104.06,104.06,104.06
1100921,1600,104.37,104.37,104.37,104.37
1100922,1600,104.88,104.88,104.88,104.88
1100923,1600,105.06,105.06,105.06,105.06
1100924,1600,104.7,104.7,104.7,104.7
1100927,1600,105.04,105.04,105.04,105.04
1100928,1600,105.28,105.28,105.0,105.0
1100929,1600,104.89,104.96,104.89,104.96
1100930,1600,105.08,105.08,105.04,105.04
1101001,1600,105.19,105.19,105.17,105.17
1101004,1600,105.36,105.36,105.36,105.36
1101005,1600,105.62,105.62,105.3,105.3
1101006,1600,105.74,105.74,105.72,105.72
1101007,1600,105.51,105.51,105.43,105.43
1101008,1600,105.62,105.62,105.62,105.62
1101011,1600,105.67,105.69,105.67,105.69
1101012,1600,105.77,105.77,105.77,105.77
1101013,1600,105.68,105.68,105.68,105.68
1101014,1600,105.69,105.69,105.69,105.69
1101015,1600,105.52,105.52,105.52,105.52
1101018,1600,105.56,105.56,105.56,105.56
1101019,1600,105.47,105.47,105.34,105.34
1101020,1600,105.4,105.43,105.26,105.26
1101021,1600,105.06,105.07,104.88,104.88
1101022,1600,105.0,105.0,105.0,105.0
1101025,1600,105.28,105.28,105.28,105.28
1101026,1600,105.1,105.1,105.1,105.1
1101027,1600,104.62,104.62,104.62,104.62
1101028,1600,104.71,104.71,104.6,104.6
1101029,1600,104.67,104.67,104.67,104.67
1101101,1600,104.76,104.76,104.76,104.76
1101102,1600,104.61,104.61,104.61,104.61
1101103,1600,104.87,104.87,104.87,104.87
1101104,1600,104.51,104.7,104.51,104.7
1101105,1600,104.52,104.52,104.52,104.52
1101108,1600,104.44,104.44,104.44,104.44
1101109,1600,104.3,104.3,104.3,104.3
1101110,1600,103.89,103.89,103.89,103.89
1101111,1600,103.71,103.71,103.71,103.71
1101112,1600,103.7,103.7,103.7,103.7
1101115,1600,103.62,103.62,103.62,103.62
1101116,1600,103.17,103.17,103.17,103.17
1101117,1600,103.32,103.32,103.32,103.32
1101118,1600,102.834,102.834,102.834,102.834
1101119,1600,102.86,102.86,102.86,102.86
1101122,1600,103.01,103.14,103.01,103.14
1101123,1600,103.26,103.26,103.26,103.26
1101124,1600,102.6907,102.6907,102.6907,102.6907
1101125,1600,102.42,102.42,102.42,102.42
1101126,1600,102.36,102.36,102.36,102.36
1101129,1600,102.27,102.27,102.27,102.27
1101130,1600,101.8,101.8,101.8,101.8
1101201,1600,101.89,101.89,101.89,101.89
1101202,1600,102.21,102.32,102.2,102.32
1101203,1600,102.16,102.16,102.16,102.16
1101206,1600,102.13,102.13,102.12,102.12
1101207,1600,101.75,101.75,101.75,101.75
1101208,1600,101.45,101.45,101.45,101.45
1101209,1600,101.84,101.84,101.73,101.73
1101210,1600,101.57,101.57,101.57,101.57
1101213,1600,101.43,101.43,101.43,101.43
1101214,1600,101.08,101.08,101.08,101.08
1101215,1600,101.26,101.26,101.26,101.26
1101216,1600,101.03,101.03,101.03,101.03
1101217,1600,101.11,101.11,101.11,101.11
1101220,1600,101.39,101.39,101.39,101.39
1101221,1600,101.24,101.24,101.24,101.24
1101222,1600,101.44,101.44,101.44,101.44
1101223,1600,101.51,101.51,101.34,101.34
1101224,1600,101.43,101.43,101.43,101.43
1101229,1600,99.78,99.78,99.78,99.78
1101230,1600,99.92,99.92,99.92,99.92
1101231,1600,99.95,99.95,99.95,99.95
1110104,1600,100.5,100.5,100.5,100.5
1110105,1600,100.23,100.23,100.23,100.23
1110106,1600,99.93,99.93,99.93,99.93
1110107,1600,99.97,99.97,99.97,99.97
1110110,1600,99.83,99.83,99.83,99.83
1110111,1600,99.88,99.88,99.88,99.88
1110112,1600,99.67,99.67,99.67,99.67
1110113,1600,99.93,99.93,99.93,99.93
1110114,1600,100.04,100.04,99.95,99.95
1110117,1600,99.87,99.87,99.87,99.87
1110118,1600,99.52,99.52,99.52,99.52
1110119,1600,99.78,99.78,99.78,99.78
1110120,1600,99.55,99.55,99.55,99.55
1110121,1600,99.73,99.73,99.73,99.73
1110124,1600,99.88,99.88,99.88,99.88
1110125,1600,99.63,99.63,99.63,99.63
1110126,1600,99.37,99.37,99.37,99.37
1110127,1600,99.19,99.19,99.11,99.11
1110128,1600,99.12,99.27,99.12,99.27
1110131,1600,99.46,99.46,99.46,99.46
1110201,1600,99.5,99.5,99.5,99.5
1110202,1600,99.77,99.77,99.77,99.77
1110203,1600,99.75,99.75,99.75,99.75
1110204,1600,99.61,99.61,99.61,99.61
1110207,1600,99.46,99.46,99.46,99.46
1110208,1600,99.1954,99.1954,99.1954,99.1954
1110209,1600,99.06,99.06,99.06,99.06
1110210,1600,99.01,99.01,99.01,99.01
1110211,1600,99.13,99.13,99.1,99.1
1110214,1600,98.93,98.93,98.93,98.93
1110215,1600,99.01,99.01,99.01,99.01
1110216,1600,99.38,99.38,99.38,99.38
1110217,1600,99.56,99.56,99.56,99.56
1110218,1600,99.27,99.27,99.27,99.27
1110221,1600,99.5,99.5,99.5,99.5
1110222,1600,99.55,99.55,99.55,99.55
1110223,1600,99.57,99.57,99.57,99.57
1110224,1600,99.51,99.51,99.51,99.51
1110225,1600,99.45,99.45,99.45,99.45
1110228,1600,99.44,99.44,99.44,99.44
1110301,1600,99.43,99.43,99.43,99.43
1110302,1600,99.41,99.41,99.41,99.41
1110303,1600,98.7956,98.7956,98.7956,98.7956
1110304,1600,98.89,98.89,98.89,98.89
1110307,1600,98.92,98.92,98.92,98.92
1110308,1600,98.76,98.76,98.61,98.61
1110309,1600,98.62,98.62,98.62,98.62
1110310,1600,98.86,98.86,98.86,98.86
1110311,1600,99.27,99.27,99.27,99.27
1110314,1600,99.52,99.52,99.52,99.52
1110315,1600,100.04,100.04,100.04,100.04
1110316,1600,100.21,100.21,100.21,100.21
1110317,1600,99.77,99.77,99.77,99.77
1110318,1600,99.8,99.8,99.8,99.8
1110321,1600,99.55,99.55,99.55,99.55
1110322,1600,99.46,99.46,99.46,99.46
1110323,1600,99.44,99.44,99.44,99.44
1110324,1600,99.36,99.36,99.36,99.36
1110325,1600,99.25,99.25,99.25,99.25
1110328,1600,99.11,99.11,99.11,99.11
1110329,1600,98.97,98.97,98.97,98.97
1110330,1600,99.03,99.03,99.01,99.01
1110331,1600,98.75,98.75,98.75,98.75
1110401,1600,98.7,98.7,98.7,98.7
1110404,1600,98.88,98.88,98.88,98.88
1110405,1600,98.81,98.81,98.81,98.81
1110406,1600,98.84,98.84,98.84,98.84
1110407,1600,98.91,98.91,98.91,98.91
1110408,1600,98.58,98.58,98.58,98.58
1110411,1600,98.69,98.69,98.69,98.69
1110412,1600,98.96,98.96,98.96,98.96
1110413,1600,98.9,98.9,98.9,98.9
1110414,1600,98.8,98.8,98.8,98.8
1110415,1600,98.77,98.77,98.77,98.77
1110418,1600,99.01,99.01,99.01,99.01
1110419,1600,99.06,99.06,99.06,99.06
1110420,1600,98.94,98.94,98.94,98.94
1110421,1600,98.96,98.96,98.96,98.96
1110426,1600,98.89,98.89,98.89,98.89
1110427,1600,98.74,98.74,98.74,98.74
1110428,1600,99.14,99.14,99.14,99.14
1110429,1600,99.33,99.33,99.33,99.33
1110503,1600,99.23,99.23,99.23,99.23
1110504,1600,99.13,99.13,99.13,99.13
1110505,1600,99.46,99.46,99.46,99.46
1110506,1600,99.62,99.62,99.62,99.62
1110509,1600,99.76,99.76,99.76,99.76
1110510,1600,99.78,99.78,99.78,99.78
1110511,1600,99.79,99.79,99.79,99.79
1110512,1600,100.02,100.02,100.02,100.02
1110513,1600,100.06,100.06,100.06,100.06
1110516,1600,100.06,100.06,99.97,99.97
1110517,1600,100.04,100.04,100.04,100.04
1110518,1600,99.93,99.93,99.93,99.93
1110519,1600,99.79,99.79,99.79,99.79
1110520,1600,99.9,99.9,99.9,99.9
1110523,1600,99.99,99.99,99.99,99.99
1110524,1600,99.9,99.9,99.9,99.9
1110525,1600,100.18,100.18,100.18,100.18
1110526,1600,100.41,100.41,100.41,100.41
1110527,1600,100.47,100.47,100.47,100.47
1110531,1600,100.29,100.29,100.29,100.29
1110601,1600,100.51,100.51,100.51,100.51
1110602,1600,100.62,100.62,100.62,100.62
1110603,1600,100.6,100.6,100.6,100.6
1110606,1600,100.6,100.6,100.6,100.6
1110607,1600,100.85,100.85,100.85,100.85
1110608,1600,100.2681,100.2681,100.2681,100.2681
1110609,1600,100.28,100.28,100.28,100.28
1110610,1600,100.45,100.47,100.45,100.47
1110613,1600,100.42,100.42,100.42,100.42
1110614,1600,100.32,100.32,100.32,100.32
1110615,1600,100.29,100.29,100.29,100.29
1110616,1600,100.24,100.24,100.24,100.24
1110617,1600,100.37,100.37,100.27,100.27
1110620,1600,100.13,100.13,100.13,100.13
1110621,1600,100.09,100.09,100.09,100.09
1110622,1600,98.88,98.88,98.79,98.81
1110623,1600,98.96,98.96,98.96,98.96
1110624,1600,98.88,98.88,98.88,98.88
1110627,1600,98.63,98.63,98.63,98.63
1110628,1600,98.69,98.69,98.57,98.57
1110629,1600,98.59,98.59,98.53,98.53
1110630,1600,98.66,98.66,98.66,98.66
1110701,1600,98.71,98.71,98.71,98.71
1110704,1600,98.78,98.78,98.78,98.78
1110705,1600,98.71,98.71,98.71,98.71
1110706,1600,98.54,98.62,98.48,98.48
1110707,1600,98.34,98.34,98.34,98.34
1110708,1600,98.51,98.56,98.51,98.56
1110711,1600,98.36,98.36,98.12,98.12
1110712,1600,98.13,98.31,98.13,98.31
1110713,1600,98.13,98.13,98.13,98.13
1110714,1600,98.01,98.01,98.01,98.01
1110715,1600,97.96,97.96,97.96,97.96
1110718,1600,97.61,97.61,97.61,97.61
1110719,1600,98.02,98.02,98.02,98.02
1110720,1600,98.14,98.14,98.14,98.14
1110721,1600,98.37,98.37,98.37,98.37
1110722,1600,98.73,98.74,98.65,98.65
1110725,1600,98.23,98.23,98.23,98.23
1110726,1600,98.38,98.38,98.38,98.38
1110727,1600,98.65,98.65,98.65,98.65
1110728,1600,98.55,98.55,98.55,98.55
1110729,1600,98.68,98.68,98.68,98.68
1110801,1600,98.71,98.71,98.71,98.71
1110802,1600,98.61,98.61,98.61,98.61
1110803,1600,98.77,98.77,98.7,98.7
1110804,1600,98.87,98.87,98.87,98.87
1110805,1600,99.21,99.21,99.21,99.21
1110808,1600,101.01,101.01,100.92,100.92
1110809,1600,100.91,100.91,100.78,100.78
1110810,1600,101.5,101.51,101.5,101.51
1110811,1600,101.24,101.24,101.24,101.24
1110812,1600,101.3,101.3,101.3,101.3
1110815,1600,101.48,101.48,101.37,101.37
1110816,1600,101.41,101.41,101.41,101.41
1110817,1600,101.8901,101.8901,101.8901,101.8901
1110818,1600,102.4236,102.4236,102.4236,102.4236
1110819,1600,102.45,102.49,102.45,102.49
1110822,1600,102.48,102.48,102.48,102.48
1110823,1600,102.31,102.31,102.31,102.31
1110824,1600,101.96,101.96,101.96,101.96
1110825,1600,102.06,102.06,102.06,102.06
1110826,1600,101.93,102.21,101.93,102.21
1110830,1600,102.26,102.26,102.16,102.16
1110831,1600,101.74,101.74,101.74,101.74
1110901,1600,101.84,101.84,101.84,101.84
1110902,1600,102.05,102.05,102.05,102.05
1110905,1600,101.87,101.87,101.87,101.87
1110906,1600,101.9,101.9,101.9,101.9
1110907,1600,102.37,102.37,102.37,102.37
1110908,1600,102.56,102.56,102.56,102.56
1110909,1600,102.62,102.62,102.62,102.62
1110912,1600,102.14,102.14,102.14,102.14
1110913,1600,101.87,101.87,101.87,101.87
1110914,1600,101.81,101.81,101.66,101.66
1110915,1600,101.53,101.53,101.53,101.53
1110916,1600,102.2461,102.2461,102.2461,102.2461
1110919,1600,102.22,102.22,102.22,102.22
1110920,1600,102.05,102.05,102.05,102.05
1110921,1600,102.05,102.05,102.03,102.03
1110922,1600,102.54,102.54,102.54,102.54
1110923,1600,102.54,102.54,102.54,102.54
1110926,1600,102.34,102.34,102.34,102.34
1110927,1600,102.06,102.06,102.06,102.06
1110928,1600,101.88,101.88,101.88,101.88
1110929,1600,102.02,102.02,102.02,102.02
1110930,1600,102.44,102.44,102.44,102.44
1111003,1600,102.78,102.78,102.64,102.64
1111004,1600,102.76,102.86,102.76,102.77
1111005,1600,102.21,102.33,102.21,102.33
1111006,1600,102.21,102.21,102.07,102.07
1111007,1600,101.97,101.97,101.97,101.97
1111010,1600,101.62,101.62,101.62,101.62
1111011,1600,101.47,101.47,101.47,101.47
1111012,1600,100.9497,100.9497,100.9497,100.9497
1111013,1600,100.95,100.95,100.95,100.95
1111014,1600,100.5,100.5,100.5,100.5
1111017,1600,100.75,100.75,100.75,100.75
1111018,1600,100.63,100.63,100.63,100.63
1111019,1600,100.27,100.3,100.27,100.3
1111020,1600,100.33,100.33,100.33,100.33
1111021,1600,100.25,100.25,100.25,100.25
1111024,1600,100.01,100.01,100.01,100.01
1111025,1600,100.43,100.43,100.43,100.43
1111026,1600,100.68,101.01,100.68,100.9
1111027,1600,100.64,100.64,100.64,100.64
1111028,1600,100.34,100.34,100.28,100.28
1111031,1600,100.5,100.5,100.5,100.5
1111101,1600,101.05,101.05,101.05,101.05
1111102,1600,100.86,100.86,100.82,100.82
1111103,1600,100.6,100.6,100.6,100.6
1111104,1600,100.58,100.58,100.53,100.53
1111107,1600,100.26,100.26,100.09,100.09
1111108,1600,100.13,100.13,99.84,99.96
1111109,1600,99.2785,99.2785,99.2785,99.2785
1111110,1600,99.08,99.08,99.08,99.08
1111111,1600,99.7,99.78,99.66,99.66
1111114,1600,99.24,99.24,99.24,99.24
1111115,1600,98.83,98.83,98.27,98.27
1111116,1600,98.29,98.44,98.25,98.25
1111117,1600,98.4,98.4,98.3,98.3
1111118,1600,98.69,98.8,98.69,98.8
1111121,1600,98.92,98.92,98.81,98.81
1111122,1600,98.7,98.7,98.36,98.36
1111123,1600,98.03,98.03,98.03,98.03
1111124,1600,97.0,97.0,96.89,96.89
1111125,1600,96.63,96.63,96.55,96.55
1111128,1600,97.03,97.03,97.03,97.03
1111129,1600,97.26,97.27,97.25,97.27
1111130,1600,98.1,98.1,98.06,98.06
1111201,1600,99.37,99.37,99.37,99.37
1111202,1600,99.35,99.42,99.35,99.42
1111205,1600,100.75,100.75,100.63,100.63
1111206,1600,100.56,100.56,100.48,100.48
1111207,1600,100.49,100.49,100.49,100.49
1111208,1600,100.03,100.03,99.63,99.63
1111209,1600,99.89,99.89,99.89,99.89
1111212,1600,99.77,100.01,99.77,100.01
1111213,1600,100.05,100.26,99.99,100.14
1111214,1600,100.47,100.47,100.47,100.47
1111215,1600,101.17,101.17,101.17,101.17
1111216,1600,101.38,101.38,101.38,101.38
1111219,1600,101.51,101.51,101.51,101.51
1111220,1600,101.77,101.77,101.66,101.66
1111221,1600,101.41,101.41,101.41,101.41
1111222,1600,101.45,101.45,101.37,101.37
1111223,1600,101.51,101.51,101.51,101.51
1111228,1600,100.43,100.43,100.37,100.37
1111229,1600,100.36,100.36,100.36,100.36
1111230,1600,100.34,100.34,100.34,100.34
1120103,1600,100.09,100.09,99.95,99.95
1120104,1600,99.9,99.9,99.68,99.68
1120105,1600,99.28,99.31,99.28,99.31
1120106,1600,98.98,99.04,98.98,99.04
1120109,1600,99.19,99.19,99.19,99.19
1120110,1600,99.34,99.34,99.34,99.34
1120111,1600,100.0,100.0,99.92,99.92
1120112,1600,100.84,100.84,100.84,100.84
1120113,1600,100.83,100.95,100.69,100.69
1120116,1600,100.89,100.89,100.79,100.79
1120117,1600,100.75,100.75,100.75,100.75
1120118,1600,100.74,100.74,100.74,100.74
1120119,1600,100.81,100.81,100.64,100.64
1120120,1600,100.81,100.81,100.81,100.81
1120123,1600,100.88,100.88,100.88,100.88
1120124,1600,100.8,100.8,100.8,100.8
1120125,1600,100.91,101.0,100.9,100.9
1120126,1600,101.48,101.48,101.42,101.42
1120127,1600,102.04,102.04,101.93,101.93
1120130,1600,101.84,101.84,101.84,101.84
1120131,1600,101.87,102.07,101.87,102.07
1120201,1600,102.66,102.66,102.59,102.59
1120202,1600,102.59,102.87,102.59,102.87
1120203,1600,102.83,102.83,102.66,102.66
1120206,1600,102.99,102.99,102.99,102.99
1120207,1600,102.86,102.86,102.8,102.8
1120208,1600,102.8,102.86,102.8,102.8
1120209,1600,102.92,102.92,102.76,102.76
1120210,1600,102.63,102.63,102.63,102.63
1120213,1600,102.8,102.8,102.8,102.8
1120214,1600,102.92,102.92,102.8,102.8
1120215,1600,103.03,103.03,102.57,102.57
1120216,1600,102.57,102.79,102.57,102.63
1120217,1600,102.88,102.88,102.88,102.88
1120220,1600,103.08,103.08,102.97,102.97
1120221,1600,103.15,103.15,103.05,103.05
1120222,1600,103.19,103.19,103.18,103.18
1120223,1600,103.3,103.3,103.17,103.17
1120224,1600,103.25,103.25,103.25,103.25
1120227,1600,103.54,103.55,103.49,103.49
1120228,1600,103.6,103.6,103.6,103.6
1120229,1600,104.0,104.0,103.98,103.98
1120301,1600,104.59,104.59,104.47,104.47
1120302,1600,104.68,104.68,104.68,104.68
1120305,1600,104.61,104.61,104.32,104.41
1120306,1600,104.07,104.07,104.07,104.07
1120307,1600,104.32,104.32,104.32,104.32
1120308,1600,104.65,104.65,104.56,104.56
1120309,1600,104.77,104.77,104.59,104.59
1120312,1600,104.6,104.6,104.41,104.41
1120313,1600,104.34,104.34,104.34,104.34
1120314,1600,104.2,104.21,104.07,104.07
1120315,1600,103.95,103.95,103.95,103.95
1120316,1600,103.84,103.85,103.7,103.7
1120319,1600,103.98,103.98,103.89,103.89
1120320,1600,103.8,103.8,103.8,103.8
1120321,1600,103.85,103.93,103.71,103.71
1120322,1600,103.75,103.8,103.68,103.68
1120323,1600,103.68,103.92,103.68,103.92
1120326,1600,104.05,104.05,103.83,103.91
1120327,1600,103.92,103.92,103.77,103.77
1120328,1600,103.82,103.89,103.82,103.89
1120329,1600,103.81,103.89,103.67,103.67
1120330,1600,103.89,103.99,103.89,103.99
1120402,1600,104.17,104.17,104.07,104.07
1120403,1600,103.82,104.01,103.82,103.93
1120404,1600,103.67,103.67,103.43,103.43
1120405,1600,103.27,103.27,103.27,103.27
1120410,1600,103.0,103.06,102.91,102.91
1120411,1600,103.14,103.14,103.14,103.14
1120412,1600,103.4,103.45,103.4,103.45
1120413,1600,103.42,103.42,103.17,103.17
1120416,1600,103.02,103.08,102.98,102.98
1120417,1600,103.17,103.17,103.17,103.17
1120418,1600,103.36,103.36,103.31,103.31
1120419,1600,103.19,103.2,103.07,103.07
1120420,1600,103.05,103.05,102.92,102.92
1120423,1600,102.85,102.85,102.85,102.85
1120424,1600,103.1,103.1,103.1,103.1
1120425,1600,103.26,103.26,103.26,103.26
1120426,1600,103.49,103.49,103.42,103.42
1120427,1600,103.43,103.43,103.25,103.4
1120430,1600,103.8,103.8,103.76,103.76
1120502,1600,103.67,103.76,103.67,103.76
1120503,1600,104.05,104.05,103.99,103.99
1120504,1600,104.28,104.28,104.28,104.28
1120508,1600,104.38,104.48,104.38,104.48
1120509,1600,104.17,104.17,104.06,104.06
1120510,1600,104.43,104.43,104.35,104.35
1120511,1600,104.22,104.43,104.22,104.43
1120514,1600,104.11,104.11,104.11,104.11
1120515,1600,103.92,103.92,103.65,103.65
1120516,1600,103.83,103.83,103.83,103.83
1120517,1600,103.83,103.83,103.83,103.83
1120518,1600,103.92,103.92,103.92,103.92
1120521,1600,103.83,103.95,103.83,103.95
1120522,1600,104.34,104.34,104.34,104.34
1120523,1600,104.47,104.47,104.41,104.41
1120524,1600,104.55,104.93,104.55,104.93
1120525,1600,104.84,104.84,104.84,104.84
1120529,1600,104.59,104.59,104.59,104.59
1120530,1600,104.56,104.56,104.44,104.44
1120531,1600,104.78,104.9,104.78,104.9
1120601,1600,105.51,105.51,105.51,105.51
1120606,1600,105.46,105.46,105.36,105.36
1120607,1600,105.23,105.23,104.98,104.98
1120608,1600,104.98,104.98,104.98,104.98
1120611,1600,104.39,104.39,104.98,104.39
1120612,1600,103.74,103.74,103.48,103.48
1120613,1600,103.23,103.23,103.1,103.1
1120614,1600,103.21,103.21,103.21,103.21
1120615,1600,103.86,103.86,103.86,103.86
1120618,1600,103.43,103.5,103.39,103.5
1120619,1600,103.48,103.48,103.38,103.38
1120620,1600,102.26,102.26,102.26,102.26
1120621,1600,102.65,102.65,102.65,102.65
1120622,1600,102.49,102.85,102.49,102.72
1120625,1600,102.48,102.48,102.48,102.48
1120626,1600,101.92,101.92,101.92,101.92
1120627,1600,101.91,101.91,101.79,101.79
1120628,1600,101.96,101.96,101.85,101.85
1120629,1600,102.28,102.73,102.28,102.73
1120702,1600,103.21,103.25,103.21,103.25
1120703,1600,103.28,103.38,103.28,103.38
1120704,1600,103.22,103.35,103.22,103.35
1120705,1600,103.13,103.13,103.13,103.13
1120706,1600,103.55,103.55,103.43,103.43
1120709,1600,103.45,103.45,103.07,103.19
1120710,1600,103.71,103.71,103.6,103.6
1120711,1600,104.21,104.21,104.11,104.11
1120712,1600,104.28,104.28,104.16,104.16
1120713,1600,104.11,104.11,104.11,104.11
1120716,1600,104.24,104.24,104.19,104.19
1120717,1600,104.5,104.5,104.43,104.43
1120718,1600,104.4,104.4,104.32,104.32
1120719,1600,104.48,104.48,104.42,104.42
1120720,1600,104.15,104.15,104.15,104.15
1120723,1600,103.49,103.49,103.49,103.49
1120724,1600,103.28,103.28,102.7,102.7
1120725,1600,102.88,102.88,102.88,102.88
1120726,1600,103.34,103.85,103.34,103.76
1120727,1600,103.9,103.9,103.9,103.9
1120730,1600,103.98,104.23,103.98,104.16
1120731,1600,104.1,104.33,104.1,104.33
1120801,1600,104.62,104.62,104.41,104.41
1120802,1600,104.8,104.8,104.25,104.26
1120803,1600,104.64,104.64,104.48,104.48
1120806,1600,104.71,104.77,104.71,104.77
1120807,1600,104.75,104.86,104.51,104.51
1120808,1600,104.73,104.73,104.73,104.73
1120809,1600,104.95,105.0,104.82,104.82
1120810,1600,105.09,105.09,104.85,104.85
1120813,1600,104.76,104.76,104.76,104.76
1120814,1600,104.86,104.86,104.72,104.72
1120815,1600,104.92,104.92,104.63,104.63
1120816,1600,104.84,104.84,104.76,104.76
1120817,1600,104.86,104.87,104.86,104.87
1120820,1600,104.94,104.94,104.94,104.94
1120821,1600,105.06,105.06,104.95,104.95
1120822,1600,105.18,105.31,105.18,105.22
1120823,1600,105.13,105.41,105.13,105.41
1120824,1600,105.54,105.54,105.44,105.44
1120828,1600,105.41,105.44,105.41,105.44
1120829,1600,105.45,105.45,105.41,105.41
1120830,1600,105.17,105.46,105.17,105.33
1120831,1600,105.24,105.24,105.2,105.2
1120903,1600,105.06,105.16,105.06,105.16
1120904,1600,105.57,105.57,105.43,105.43
1120905,1600,105.61,105.61,105.48,105.48
1120906,1600,105.52,105.67,105.52,105.67
1120907,1600,106.25,106.25,106.25,106.25
1120910,1600,105.92,105.92,105.85,105.85
1120911,1600,106.2,106.22,106.2,106.22
1120912,1600,106.21,106.21,106.21,106.21
1120913,1600,106.42,106.42,106.4,106.4
1120914,1600,105.87,105.87,105.87,105.87
1120917,1600,105.77,105.77,105.69,105.69
1120918,1600,105.75,105.93,105.75,105.93
1120919,1600,106.32,106.32,106.26,106.26
1120920,1600,106.09,106.23,106.09,106.23
1120921,1600,106.2,106.23,106.15,106.18
1120924,1600,106.35,106.35,106.3,106.3
1120925,1600,106.11,106.11,106.11,106.11
1120926,1600,106.22,106.28,106.22,106.23
1120927,1600,106.29,106.37,106.26,106.37
1120928,1600,106.49,106.49,106.49,106.49
1121001,1600,106.52,106.52,106.51,106.51
1121002,1600,106.63,106.63,106.55,106.61
1121003,1600,106.71,106.71,106.64,106.64
1121004,1600,106.6,106.6,106.53,106.58
1121005,1600,106.7,106.7,106.68,106.68
1121008,1600,106.81,106.81,106.79,106.79
1121009,1600,106.8,106.8,106.76,106.76
1121010,1600,106.84,106.84,106.84,106.84
1121011,1600,106.96,107.0,106.96,106.96
1121012,1600,107.29,107.29,107.29,107.29
1121015,1600,107.28,107.28,107.18,107.18
1121016,1600,107.12,107.12,107.02,107.02
1121017,1600,107.25,107.25,107.17,107.17
1121018,1600,107.05,107.15,107.0,107.15
1121019,1600,107.24,107.32,107.24,107.27
1121022,1600,107.17,107.22,107.15,107.15
1121023,1600,107.13,107.13,107.0,107.0
1121024,1600,107.09,107.09,107.0,107.0
1121025,1600,106.95,106.97,106.95,106.97
1121026,1600,107.13,107.16,107.04,107.07
1121029,1600,107.07,107.12,107.07,107.12
1121030,1600,107.11,107.11,107.11,107.11
1121031,1600,107.25,107.26,107.25,107.26
1121101,1600,107.38,107.39,107.32,107.39
1121102,1600,107.38,107.38,107.38,107.38
1121105,1600,107.3,107.37,107.3,107.36
1121106,1600,107.49,107.56,107.49,107.56
1121107,1600,107.74,107.74,107.7,107.7
1121108,1600,107.61,107.61,107.61,107.61
1121109,1600,107.79,107.79,107.79,107.79
1121112,1600,107.76,107.76,107.75,107.75
1121113,1600,107.8,107.92,107.78,107.92
1121114,1600,107.92,107.92,107.72,107.77
1121115,1600,107.83,107.83,107.83,107.83
1121116,1600,107.87,107.92,107.87,107.91
1121119,1600,107.79,107.86,107.79,107.82
1121120,1600,107.62,107.65,107.62,107.65
1121121,1600,107.59,107.64,107.59,107.64
1121122,1600,107.74,107.74,107.74,107.74
1121123,1600,107.82,107.82,107.82,107.82
1121126,1600,107.84,107.91,107.84,107.91
1121127,1600,107.92,108.07,107.92,108.07
1121128,1600,108.69,108.69,108.66,108.66
1121129,1600,108.7,108.7,108.7,108.7
1121130,1600,108.84,108.86,108.7,108.79
1121203,1600,108.84,108.84,108.84,108.84
1121204,1600,108.94,108.96,108.89,108.96
1121205,1600,109.02,109.02,109.01,109.01
1121206,1600,109.03,109.03,108.91,108.91
1121207,1600,108.92,109.03,108.92,109.03
1121210,1600,108.61,108.61,108.55,108.55
1121211,1600,108.71,108.71,108.65,108.71
1121212,1600,108.73,108.91,108.73,108.9
1121213,1600,109.03,109.03,108.9,108.9
1121214,1600,108.91,109.15,108.91,109.04
1121217,1600,108.98,109.01,108.98,109.01
1121218,1600,109.11,109.11,109.1,109.1
1121219,1600,109.17,109.32,109.17,109.32
1121220,1600,109.51,109.53,109.41,109.46
1121221,1600,109.55,109.55,109.36,109.45
1121227,1600,108.0,108.1,107.99,108.1
1121228,1600,108.08,108.11,108.08,108.11
1130102,1600,108.01,108.19,108.01,108.12
1130103,1600,107.94,108.06,107.9,107.93
1130104,1600,107.68,107.71,107.67,107.67
1130107,1600,107.57,107.62,107.57,107.62
1130108,1600,107.8,107.8,107.8,107.8
1130109,1600,107.81,107.92,107.81,107.9
1130110,1600,108.06,108.06,107.93,107.96
1130111,1600,108.02,108.02,107.96,107.96
1130114,1600,107.85,108.02,107.84,107.86
1130115,1600,107.87,108.03,107.87,107.98
1130116,1600,107.96,108.03,107.96,108.0
1130117,1600,107.75,107.75,107.75,107.75
1130118,1600,108.07,108.07,108.07,108.07
1130121,1600,107.83,107.89,107.78,107.78
1130122,1600,107.91,107.91,107.91,107.91
1130123,1600,108.03,108.03,108.03,108.03
1130124,1600,108.13,108.13,107.95,107.95
1130125,1600,107.91,107.91,107.78,107.78
1130128,1600,107.68,107.68,107.45,107.45
1130129,1600,107.57,107.69,107.57,107.62
1130130,1600,107.49,107.5,107.35,107.35
1130131,1600,107.34,107.55,107.34,107.55
1130201,1600,107.56,107.67,107.56,107.57
1130204,1600,107.32,107.33,107.32,107.32
1130205,1600,107.33,107.33,107.28,107.28
1130206,1600,107.35,107.35,107.12,107.12
1130207,1600,107.08,107.36,107.08,107.28
1130208,1600,107.34,107.37,107.34,107.37
1130211,1600,107.27,107.27,107.14,107.17
1130212,1600,107.32,107.32,107.29,107.29
1130213,1600,107.45,107.48,107.45,107.45
1130214,1600,107.58,107.58,107.56,107.56
1130215,1600,107.66,107.66,107.55,107.55
1130218,1600,107.64,107.64,107.46,107.55
1130219,1600,107.6,107.6,107.6,107.6
1130220,1600,107.55,107.55,107.42,107.47
1130221,1600,107.45,107.58,107.45,107.58
1130222,1600,107.79,107.79,107.72,107.72
1130225,1600,107.84,107.84,107.76,107.76
1130226,1600,107.3,107.4,107.3,107.37
1130227,1600,107.65,107.65,107.59,107.59
1130228,1600,107.81,107.83,107.81,107.83
1130301,1600,108.03,108.03,107.99,108.01
1130304,1600,108.01,108.01,107.91,107.91
1130305,1600,107.94,107.95,107.81,107.95
1130306,1600,108.1,108.1,108.05,108.05
1130307,1600,108.15,108.15,108.07,108.07
1130308,1600,108.07,108.13,108.04,108.04
1130311,1600,107.99,107.99,107.99,107.99
1130312,1600,108.26,108.26,108.2,108.2
1130313,1600,108.15,108.15,108.12,108.12
1130314,1600,108.13,108.13,108.13,108.13
1130315,1600,108.17,108.22,108.17,108.22
1130318,1600,108.32,108.39,108.32,108.34
1130319,1600,108.38,108.43,108.34,108.43
1130320,1600,108.47,108.53,108.45,108.45
1130321,1600,108.53,108.74,108.53,108.71
1130322,1600,108.72,108.83,108.72,108.73
1130325,1600,108.61,108.61,108.61,108.61
1130326,1600,108.59,108.59,108.56,108.56
1130327,1600,108.56,108.56,108.47,108.47
1130328,1600,108.32,108.47,108.32,108.42
1130402,1600,108.6,108.6,108.49,108.58
1130403,1600,108.77,108.81,108.74,108.74
1130404,1600,109.16,109.16,109.11,109.11
1130405,1600,109.65,109.9,109.65,109.9
1130408,1600,109.9,109.95,109.9,109.95
1130409,1600,109.7,109.7,109.7,109.7
1130410,1600,109.7,109.7,109.63,109.63
1130411,1600,109.59,109.62,109.59,109.62
1130412,1600,109.68,109.72,109.68,109.72
1130415,1600,109.54,109.8,109.54,109.74
1130416,1600,109.76,109.76,109.72,109.72
1130417,1600,109.82,109.97,109.82,109.97
1130418,1600,110.06,110.06,110.01,110.01
1130419,1600,110.02,110.02,110.02,110.02
1130422,1600,110.2,110.44,110.2,110.44
1130423,1600,110.9,110.93,110.78,110.78
1130424,1600,110.7,110.7,110.7,110.7
1130425,1600,110.67,110.67,110.59,110.59
1130426,1600,110.37,110.77,110.37,110.73
1130429,1600,110.94,111.09,110.94,111.06
1130430,1600,111.3,111.3,111.2,111.2
1130502,1600,111.39,111.58,111.21,111.58
1130503,1600,111.37,111.37,111.35,111.35
1130507,1600,111.33,111.33,111.17,111.17
1130508,1600,111.27,111.39,111.15,111.36
1130509,1600,111.33,111.33,111.18,111.18
1130510,1600,110.86,110.91,110.68,110.68
1130513,1600,110.71,110.71,110.59,110.59
1130514,1600,110.65,110.68,110.45,110.45
1130515,1600,110.49,110.49,110.42,110.42
1130516,1600,110.75,110.78,110.75,110.78
1130517,1600,111.09,111.1,110.95,111.02
1130520,1600,111.06,111.06,110.86,110.86
1130521,1600,110.88,110.88,110.66,110.66
1130522,1600,110.83,110.89,110.83,110.83
1130523,1600,110.7,110.7,110.44,110.44
1130524,1600,110.45,110.49,110.2,110.2
1130528,1600,110.29,110.38,110.22,110.22
1130529,1600,110.0,110.08,109.8,109.8
1130530,1600,109.9,109.93,109.87,109.87
1130531,1600,110.02,110.02,109.8,109.8
1130603,1600,109.69,109.74,109.64,109.74
1130604,1600,109.81,109.81,109.66,109.75
1130605,1600,109.84,109.84,109.81,109.81
1130606,1600,109.83,109.83,109.2,109.2
1130607,1600,109.43,109.43,109.36,109.36
1130610,1600,109.12,109.12,109.03,109.03
1130611,1600,108.52,108.75,108.52,108.75
1130612,1600,108.95,108.95,108.8,108.81
1130613,1600,108.95,109.03,108.94,108.94
1130614,1600,109.41,109.41,109.32,109.32
1130617,1600,109.36,109.36,109.36,109.36
1130618,1600,109.13,109.13,109.12,109.12
1130619,1600,109.33,109.33,109.28,109.28
1130620,1600,108.45,108.45,108.19,108.19
1130621,1600,107.82,107.82,107.82,107.82
1130624,1600,107.48,107.48,106.93,106.99
1130625,1600,107.08,107.08,107.0,107.0
1130626,1600,106.09,106.49,106.09,106.48
1130627,1600,106.59,107.01,106.59,106.88
1130628,1600,106.93,106.93,106.93,106.93
1130701,1600,107.2,107.23,107.2,107.23
1130702,1600,107.42,107.46,107.39,107.39
1130703,1600,107.34,107.35,107.22,107.24
1130704,1600,107.5,107.6,107.5,107.6
1130705,1600,107.45,107.45,107.39,107.39
1130708,1600,107.64,107.64,107.54,107.54
1130709,1600,107.61,107.61,107.61,107.61
1130710,1600,107.5,107.5,107.48,107.48
1130711,1600,107.65,107.65,107.44,107.44
1130712,1600,107.63,107.75,107.6,107.66
1130715,1600,107.62,107.64,107.62,107.64
1130716,1600,107.68,107.8,107.68,107.79
1130717,1600,107.72,107.8,107.72,107.75
1130718,1600,107.88,107.95,107.88,107.95
1130719,1600,108.15,108.15,107.92,107.95
1130722,1600,108.05,108.11,107.95,108.08
1130723,1600,108.07,108.07,107.93,107.97
1130724,1600,108.02,108.02,107.76,107.76
1130725,1600,107.82,107.82,107.67,107.67
1130726,1600,107.63,107.7,107.62,107.69
1130729,1600,107.7,107.7,107.58,107.58
1130730,1600,107.61,107.61,107.61,107.61
1130731,1600,107.71,107.77,107.71,107.73
1130801,1600,107.86,107.86,107.81,107.84
1130802,1600,107.86,108.07,107.86,108.07
1130805,1600,108.13,108.25,107.82,107.82
1130806,1600,107.97,107.97,107.92,107.92
1130807,1600,107.98,107.99,107.98,107.99
1130808,1600,108.16,108.16,108.03,108.12
1130809,1600,108.21,108.21,108.17,108.17
1130812,1600,108.1,108.23,108.1,108.14
1130813,1600,108.06,108.06,107.65,107.65
1130814,1600,107.75,107.83,107.75,107.8
1130815,1600,107.8,107.8,107.45,107.45
1130816,1600,107.63,107.63,107.56,107.6
1130819,1600,107.5,107.5,107.34,107.34
1130820,1600,107.42,107.45,107.41,107.41
1130821,1600,107.21,107.21,107.18,107.18
1130822,1600,107.11,107.11,107.11,107.11
1130823,1600,107.14,107.16,107.03,107.16
1130827,1600,107.27,107.27,107.11,107.14
1130828,1600,107.23,107.23,107.11,107.16
1130829,1600,107.22,107.22,107.12,107.15
1130830,1600,107.22,107.22,107.14,107.15
1130902,1600,106.93,107.2,106.93,107.14
1130903,1600,107.22,107.28,107.03,107.03
1130904,1600,107.07,107.07,106.96,106.96
1130905,1600,106.84,106.84,106.36,106.36
1130906,1600,106.35,106.89,106.35,106.77
1130909,1600,106.81,106.83,106.67,106.72
1130910,1600,106.63,106.63,106.35,106.48
1130911,1600,106.56,106.72,106.56,106.63
1130912,1600,106.83,106.87,106.69,106.78
1130913,1600,106.76,106.76,106.76,106.76
1130916,1600,107.04,107.16,107.0,107.15
1130917,1600,107.26,107.26,107.14,107.19
1130918,1600,107.29,107.29,107.09,107.14
1130919,1600,108.07,108.07,107.55,107.56
1130920,1600,107.59,107.59,107.39,107.48
1130923,1600,107.58,107.67,107.47,107.64
1130924,1600,107.79,107.94,107.79,107.94
1130925,1600,108.09,108.09,107.9,108.06
1130926,1600,107.96,107.96,107.83,107.83
1130927,1600,107.79,107.89,107.79,107.84
1130930,1600,107.79,107.93,107.77,107.93
1131001,1600,108.01,108.15,107.97,108.15
1131002,1600,108.26,108.28,108.18,108.18
1131003,1600,107.98,108.12,107.98,108.1
1131004,1600,108.21,108.21,108.12,108.12
1131007,1600,108.31,108.35,108.16,108.25
1131008,1600,108.19,108.23,108.09,108.14
1131009,1600,108.17,108.2,108.11,108.11
1131010,1600,108.11,108.11,108.03,108.03
1131011,1600,108.13,108.2,108.05,108.14
1131014,1600,108.21,108.27,108.21,108.22
1131015,1600,108.13,108.13,108.03,108.03
1131016,1600,108.05,108.05,108.03,108.03
1131017,1600,108.2,108.34,108.2,108.29
1131018,1600,108.35,108.51,108.35,108.46
1131021,1600,108.52,108.52,108.41,108.41
1131022,1600,108.49,108.83,108.49,108.83
1131023,1600,109.0,109.0,109.0,109.0
1131024,1600,108.96,108.96,108.82,108.93
1131025,1600,108.93,108.93,108.86,108.9
1131028,1600,109.0,109.0,108.96,108.96
1131029,1600,109.05,109.15,109.04,109.11
1131030,1600,109.29,109.29,109.17,109.22
1131031,1600,109.22,109.56,109.22,109.48
1131101,1600,109.61,109.61,109.51,109.51
1131104,1600,109.64,109.64,109.57,109.57
1131105,1600,109.47,109.47,109.09,109.16
1131106,1600,109.31,109.34,109.12,109.12
1131107,1600,109.05,109.57,109.05,109.57
1131108,1600,109.38,109.38,109.22,109.22
1131111,1600,109.38,109.38,109.28,109.28
1131112,1600,109.19,109.21,109.07,109.1
1131113,1600,109.19,109.39,109.19,109.35
1131114,1600,109.53,109.6,109.38,109.6
1131115,1600,109.63,109.63,109.48,109.54
1131118,1600,109.54,109.68,109.54,109.68
1131119,1600,109.7,109.7,109.55,109.55
1131120,1600,109.54,109.67,109.54,109.57
1131121,1600,109.4,109.53,109.4,109.53
1131122,1600,109.58,109.62,109.54,109.61
1131125,1600,109.66,109.71,109.66,109.66
1131126,1600,109.73,109.84,109.7,109.81
1131127,1600,109.84,109.87,109.75,109.75
1131128,1600,109.65,109.74,109.65,109.74
1131129,1600,109.83,109.84,109.76,109.79
1131202,1600,109.7,109.78,109.62,109.67
1131203,1600,109.69,109.82,109.69,109.74
1131204,1600,109.73,109.73,109.35,109.35
1131205,1600,109.42,109.42,109.07,109.07
1131206,1600,109.0,109.22,109.0,109.21
1131209,1600,109.31,109.33,109.16,109.32
1131210,1600,109.44,109.57,109.44,109.51
1131211,1600,109.61,109.61,109.6,109.6
1131212,1600,109.39,109.51,109.39,109.46
1131213,1600,109.48,109.55,109.48,109.53
1131216,1600,109.66,109.66,109.45,109.54
1131217,1600,109.6,109.61,109.53,109.53
1131218,1600,108.45,108.45,108.38,108.38
1131219,1600,108.38,108.41,108.25,108.3
1131220,1600,108.34,108.35,108.2,108.28
1131223,1600,108.14,108.16,108.08,108.1
1131227,1600,107.97,107.97,107.82,107.82
1131230,1600,107.88,107.92,107.86,107.91
1140102,1600,108.05,108.39,108.05,108.34
1140103,1600,108.5,108.5,108.35,108.46
1140106,1600,108.6,108.61,108.43,108.54
1140107,1600,108.76,108.81,108.7,108.78
1140108,1600,108.8,108.87,108.71,108.74
1140109,1600,108.74,108.75,108.62,108.62
1140110,1600,108.85,108.85,108.79,108.79
1140113,1600,108.82,108.95,108.82,108.95
1140114,1600,108.98,109.05,108.98,109.03
1140115,1600,109.13,109.13,109.05,109.05
1140116,1600,109.09,109.29,109.02,109.29
1140117,1600,109.38,109.52,109.38,109.47
1140120,1600,109.62,109.65,109.62,109.62
1140121,1600,109.56,109.56,109.46,109.5
1140122,1600,109.52,109.52,109.4,109.4
1140123,1600,109.42,109.51,109.4,109.45
1140124,1600,109.6,109.6,109.56,109.56
1140127,1600,109.52,109.62,109.52,109.6
1140128,1600,109.67,109.74,109.67,109.72
1140129,1600,109.72,109.83,109.72,109.83
1140130,1600,109.97,110.02,109.95,110.02
1140131,1600,110.14,110.42,110.1,110.42
1140203,1600,110.82,110.82,110.39,110.41
1140204,1600,110.43,110.44,110.38,110.38
1140205,1600,110.46,110.58,110.42,110.48
1140206,1600,110.46,110.46,110.27,110.27
1140207,1600,110.33,110.56,110.33,110.55
1140210,1600,110.56,110.56,110.44,110.44
1140211,1600,110.38,110.42,110.33,110.41
1140212,1600,110.47,110.47,110.18,110.18
1140213,1600,110.38,110.46,110.38,110.46
1140214,1600,110.33,110.51,110.33,110.44
1140217,1600,110.52,110.59,110.44,110.57
1140218,1600,110.98,110.98,110.67,110.73
1140219,1600,110.69,110.76,110.69,110.71
1140220,1600,110.75,110.75,110.45,110.45
1140221,1600,110.64,110.7,110.64,110.68
1140224,1600,110.74,110.74,110.57,110.63
1140225,1600,110.67,110.79,110.61,110.77
1140226,1600,111.01,111.05,111.01,111.05
1140227,1600,111.43,111.43,111.38,111.38
1140228,1600,111.43,111.43,111.09,111.1
1140303,1600,111.27,111.42,111.18,111.38
1140304,1600,111.38,111.5,111.33,111.43
1140305,1600,111.47,111.61,111.47,111.59
1140306,1600,111.48,111.5,111.21,111.21
1140307,1600,111.37,111.37,111.18,111.28
1140310,1600,111.26,111.43,111.26,111.43
1140311,1600,111.44,111.44,111.23,111.32
1140312,1600,111.38,111.55,111.38,111.44
1140313,1600,111.31,111.69,111.31,111.65
1140314,1600,111.68,111.77,111.66,111.7
1140317,1600,111.75,111.75,111.68,111.68
1140318,1600,111.71,111.77,111.71,111.73
1140319,1600,111.61,111.64,111.56,111.56
1140320,1600,111.39,111.39,111.3,111.33
1140321,1600,111.36,111.54,111.36,111.48
1140324,1600,111.42,111.67,111.42,111.67
1140325,1600,111.76,111.78,111.69,111.75
1140326,1600,112.01,112.01,111.96,111.96
1140327,1600,112.24,112.24,112.17,112.17
1140328,1600,112.45,112.45,112.15,112.15
1140331,1600,112.39,112.39,112.11,112.11
1140401,1600,112.5,112.5,111.99,112.02
1140402,1600,111.95,111.95,111.83,111.87
1140403,1600,112.24,112.24,111.74,112.05
1140404,1600,112.08,112.54,111.85,112.49
1140407,1600,113.01,113.01,112.42,112.42
1140408,1600,112.38,112.38,112.25,112.29
1140409,1600,112.29,112.34,112.23,112.27
1140410,1600,112.53,112.58,112.46,112.58
1140411,1600,112.58,112.6,112.48,112.54
1140414,1600,112.64,112.65,112.57,112.57
1140415,1600,112.7,113.04,112.64,112.99
1140416,1600,113.03,113.03,113.03,113.03
1140417,1600,113.1,113.1,112.88,112.88
1140422,1600,113.0,113.0,112.8,112.81
1140423,1600,112.88,112.92,112.78,112.92
1140424,1600,112.85,112.9,112.81,112.81
1140425,1600,113.02,113.05,113.0,113.04
1140428,1600,112.99,113.03,112.85,112.92
1140429,1600,112.77,112.92,112.65,112.92
1140430,1600,112.99,113.23,112.96,113.23
1140502,1600,113.28,113.47,113.25,113.47
1140506,1600,113.48,113.53,113.37,113.51
1140507,1600,113.57,113.68,113.36,113.4
1140508,1600,113.36,113.74,113.36,113.74
1140509,1600,113.79,113.8,113.62,113.62
1140512,1600,113.71,113.71,113.45,113.49
1140513,1600,113.52,113.74,113.52,113.73
1140514,1600,114.04,114.13,114.02,114.06
1140515,1600,114.17,114.17,113.84,113.99
1140516,1600,113.91,113.97,113.9,113.95
1140519,1600,113.69,113.71,113.69,113.71
1140520,1600,113.67,113.67,113.28,113.28
1140521,1600,113.25,113.45,113.22,113.41
1140522,1600,113.61,113.61,113.45,113.45
1140523,1600,113.57,113.68,113.57,113.65
1140527,1600,114.05,114.25,113.97,114.11
1140528,1600,114.32,114.5,114.28,114.5
1140529,1600,114.42,114.42,114.36,114.36
1140530,1600,114.19,114.33,114.19,114.29
1140602,1600,114.36,114.36,114.26,114.26
1140603,1600,114.36,114.36,114.07,114.08
1140604,1600,114.07,114.07,113.88,113.93
1140605,1600,114.04,114.29,113.88,114.29
1140606,1600,114.63,115.02,114.63,115.0
1140609,1600,115.08,115.21,115.08,115.13
1140610,1600,114.94,114.94,114.75,114.75
1140611,1600,114.75,114.83,114.7,114.78
1140612,1600,114.7,114.79,114.65,114.65
1140613,1600,115.08,115.08,114.68,114.82
1140616,1600,114.98,115.02,114.89,114.89
1140617,1600,114.82,114.82,114.53,114.53
1140618,1600,114.61,114.65,114.61,114.61
1140619,1600,114.96,115.07,114.93,114.93
1140620,1600,115.15,115.15,114.69,114.76
1140623,1600,114.99,115.0,114.93,114.96
1140624,1600,115.39,115.39,115.0,115.08
1140625,1600,113.93,114.27,113.91,114.24
1140626,1600,114.52,114.52,114.37,114.4
1140627,1600,114.63,114.63,114.27,114.29
1140630,1600,114.35,114.4,114.28,114.28
1140701,1600,114.33,114.42,114.24,114.34
1140702,1600,114.41,114.41,114.05,114.05
1140703,1600,114.03,114.16,113.88,114.15
1140704,1600,114.33,114.42,114.27,114.34
1140707,1600,114.35,114.4,114.3,114.38
1140708,1600,114.35,114.47,114.27,114.44
1140709,1600,114.38,114.38,114.34,114.34
1140710,1600,114.47,114.47,114.3,114.3
1140711,1600,114.44,114.44,114.42,114.42
1140714,1600,114.46,114.48,114.39,114.41
1140715,1600,114.57,114.58,114.46,114.53
1140716,1600,114.67,114.79,114.67,114.72
1140717,1600,114.92,114.98,114.92,114.95
1140718,1600,114.94,115.05,114.94,115.03
1140721,1600,115.3,115.3,115.08,115.16
1140722,1600,115.18,115.18,115.02,115.02
1140723,1600,114.99,115.26,114.99,115.2
1140724,1600,115.28,115.28,115.05,115.1
1140725,1600,115.17,115.33,115.17,115.28
1140728,1600,115.31,115.46,115.2,115.41
1140729,1600,115.53,115.68,115.53,115.68
1140730,1600,115.72,115.72,115.4,115.4
1140731,1600,115.44,115.48,115.19,115.41
1140801,1600,115.08,115.37,115.08,115.35
1140804,1600,115.51,115.53,115.47,115.53
1140805,1600,115.55,115.58,115.25,115.25
1140806,1600,115.29,115.47,115.28,115.4
1140807,1600,115.51,115.57,115.47,115.47
1140808,1600,115.6,115.77,115.6,115.68
1140811,1600,115.72,115.78,115.65,115.72
1140812,1600,115.71,115.89,115.7,115.83
1140813,1600,116.09,116.09,115.78,115.95
1140814,1600,116.16,116.26,116.07,116.25
1140815,1600,116.56,116.66,116.34,116.61
1140818,1600,116.82,116.82,116.26,116.29
1140819,1600,116.32,116.56,116.32,116.48
1140820,1600,116.6,116.74,116.6,116.63
1140821,1600,116.55,116.75,116.52,116.64
1140822,1600,116.77,116.81,116.76,116.77
1140826,1600,117.5,117.5,117.38,117.44
1140827,1600,117.6,117.83,117.6,117.65
1140828,1600,117.71,117.71,117.5,117.55
1140829,1600,117.64,117.64,117.46,117.49
1140901,1600,117.65,117.65,117.45,117.45
1140902,1600,117.59,117.59,117.12,117.12
1140903,1600,117.12,117.12,116.9,116.98
1140904,1600,117.28,117.59,116.9,117.28
1140905,1600,117.58,117.7,117.47,117.7
1140908,1600,117.66,117.71,117.47,117.52
1140909,1600,117.32,117.33,116.93,117.01
1140910,1600,116.92,117.06,116.72,116.86
1140911,1600,117.08,117.08,116.72,116.72
1140912,1600,116.63,116.63,116.44,116.54
1140915,1600,116.57,116.75,116.49,116.63
1140916,1600,116.71,116.71,116.54,116.54
1140917,1600,116.5,116.84,116.5,116.78
1140918,1600,116.79,116.92,116.58,116.65
1140919,1600,116.75,117.07,116.75,117.04
1140922,1600,117.27,117.27,117.08,117.16
1140923,1600,117.26,117.32,117.15,117.23
1140924,1600,117.19,117.43,117.19,117.32
1140925,1600,117.29,117.51,117.29,117.44
1140926,1600,117.58,117.63,117.39,117.5
1140929,1600,117.3,117.5,117.3,117.44
1140930,1600,117.5,117.67,117.5,117.66
1141001,1600,117.7,118.03,117.7,118.0
1141002,1600,118.0,118.0,117.79,117.86
1141003,1600,117.86,117.86,117.86,117.86
1141006,1600,118.03,118.03,117.77,117.79
1141007,1600,118.11,118.11,117.56,117.7
1141008,1600,117.76,117.87,117.71,117.79
1141009,1600,118.12,118.12,117.88,117.88
1141010,1600,117.98,118.01,117.91,117.91
1141013,1600,118.14,118.14,117.72,117.79
1141014,1600,117.81,118.17,117.81,118.17
1141015,1600,118.17,118.5,118.17,118.34
1141016,1600,118.17,118.17,117.46,117.53
1141017,1600,117.31,117.48,117.26,117.39
1141020,1600,117.74,117.74,117.16,117.16
1141021,1600,117.11,117.37,117.11,117.29
1141022,1600,117.44,117.49,117.33,117.35
1141023,1600,117.29,117.35,117.25,117.26
1141024,1600,117.37,117.46,117.25,117.25
1141027,1600,117.6,117.6,117.32,117.35
1141028,1600,117.8,117.8,117.35,117.41
1141029,1600,117.66,117.66,117.37,117.37
1141030,1600,117.36,117.71,117.36,117.65
1141031,1600,117.84,117.97,117.78,117.97
1141103,1600,118.11,118.16,117.71,117.71
1141104,1600,117.96,118.05,117.85,117.89
1141105,1600,117.81,117.84,117.71,117.71
1141106,1600,117.78,118.02,117.68,117.74
1141107,1600,117.87,117.88,117.74,117.88
1141110,1600,118.2,118.2,117.96,117.96
1141111,1600,118.05,118.16,117.96,118.09
1141112,1600,118.22,118.25,118.11,118.11
1141113,1600,118.17,118.2,118.12,118.12
1141114,1600,118.26,118.28,118.2,118.23
1141117,1600,118.58,118.58,118.26,118.33
1141118,1600,118.41,118.41,118.19,118.19
1141119,1600,118.28,118.28,118.04,118.08
1141120,1600,118.25,118.28,118.05,118.21
1141121,1600,118.42,118.59,118.39,118.59
1141124,1600,118.94,118.94,118.55,118.65
1141125,1600,119.0,119.0,118.7,118.91
1141126,1600,119.0,119.02,118.93,119.02
1141127,1600,119.15,119.45,119.15,119.45
1141128,1600,119.49,119.53,119.49,119.53
1141201,1600,119.63,119.65,119.48,119.48
1141202,1600,119.4,119.49,119.35,119.37
1141203,1600,119.4,119.55,119.4,119.55
1141204,1600,119.49,119.49,119.25,119.32
1141205,1600,119.94,119.94,119.42,119.42
1141208,1600,119.38,119.78,119.38,119.72
1141209,1600,119.81,119.81,119.56,119.7
1141210,1600,119.55,119.64,119.47,119.63
1141211,1600,119.63,119.87,119.63,119.64
1141212,1600,119.9,119.93,119.79,119.83
1141215,1600,120.25,120.25,119.75,119.99
1141216,1600,120.24,120.24,120.03,120.1
1141217,1600,120.13,120.32,120.09,120.22
1141218,1600,119.79,119.79,119.22,119.29
1141219,1600,119.31,119.38,119.08,119.38
1141222,1600,119.69,119.69,119.41,119.41
1141223,1600,119.45,119.64,119.37,119.64
1141224,1600,119.5407,119.5407,119.5407,119.5407
1141229,1600,119.6,119.77,119.4,119.67
1141230,1600,119.21,119.94,119.21,119.83
1141231,1600,119.9197,119.9197,119.9197,119.9197
1150102,1600,120.19,120.49,120.13,120.48
1150105,1600,120.5,120.5,120.2,120.2
1150106,1600,120.25,120.9,120.25,120.64
1150107,1600,121.0,121.0,120.35,120.35
1150108,1600,120.38,120.47,120.16,120.26
1150109,1600,120.23,120.33,120.07,120.27
1150112,1600,120.5,120.66,120.24,120.6
1150113,1600,120.83,120.88,120.62,120.64
1150114,1600,120.7,121.14,120.7,121.11
1150115,1600,121.1,121.24,120.96,121.06
1150116,1600,121.06,121.45,121.06,121.39
1150119,1600,121.6,121.73,121.36,121.36
1150120,1600,121.46,121.52,121.3,121.3
1150121,1600,121.47,121.47,121.03,121.03
1150122,1600,120.86,121.93,120.81,121.85
1150123,1600,122.69,122.93,122.43,122.51
1150126,1600,122.56,122.73,122.47,122.56
1150127,1600,122.63,122.63,122.32,122.43
1150128,1600,122.26,122.38,122.03,122.38
1150129,1600,122.46,122.46,122.26,122.3
1150130,1600,122.47,122.65,122.47,122.65
1150202,1600,123.05,123.05,122.6,122.67
1150203,1600,123.16,123.16,122.59,122.59
1150204,1600,123.0,123.0,122.6,122.66
1150205,1600,122.87,122.87,122.6,122.68
1150206,1600,123.1,123.1,122.52,122.52
1150209,1600,122.52,122.61,122.31,122.31
1150210,1600,122.4,122.4,122.17,122.17
1150211,1600,122.4,122.4,122.23,122.23
1150212,1600,122.21,122.57,122.21,122.55
1150213,1600,122.7,122.81,122.61,122.61
1150216,1600,122.64,122.64,122.36,122.36
1150217,1600,123.15,123.15,122.3,122.3
1150218,1600,122.47,122.47,122.21,122.24
1150219,1600,122.37,122.38,122.27,122.32
1150220,1600,122.6,122.6,122.3,122.39
1150223,1600,121.97,122.69,121.97,122.64
1150224,1600,122.71,122.84,122.6,122.72
1150225,1600,122.95,123.06,122.83,123.0
1150226,1600,123.28,123.75,123.03,123.62
1150227,1600,123.65,123.7,123.37,123.47
1150302,1600,123.44,123.62,123.27,123.27
1150303,1600,123.74,123.74,123.04,123.04
1150304,1600,123.06,123.46,123.01,123.01
1150305,1600,123.14,123.65,122.93,123.48
1150306,1600,124.09,124.63,123.35,123.35
1150309,1600,123.54,123.92,123.54,123.92
1150310,1600,124.22,124.72,124.19,124.72
1150311,1600,124.49,125.34,124.49,125.34
1150312,1600,125.39,125.46,125.19,125.22
1150313,1600,125.02,125.16,124.95,125.09
1150316,1600,125.22,125.4,125.06,125.06
1150317,1600,125.1,125.1,124.66,124.66
1150318,1600,124.78,124.93,124.42,124.73
1150319,1600,125.25,125.25,124.89,124.91
1150320,1600,125.53,125.53,125.0,125.07
1150323,1600,125.06,125.07,124.63,124.7
1150324,1600,124.7,124.76,124.48,124.57
1150325,1600,125.1,125.1,124.44,124.54
1150326,1600,123.97,124.83,123.97,124.62
1150327,1600,124.8,124.8,124.5,124.58
1150330,1600,124.58,124.82,124.58,124.65
1150331,1600,125.0,125.1,124.65,125.02
1150401,1600,125.02,125.28,125.02,125.12
1150402,1600,125.6,125.6,124.92,124.92
1150407,1600,124.5,125.11,124.5,125.11
1150408,1600,125.16,125.16,124.98,125.02
1150409,1600,125.06,125.11,124.88,124.93
1150410,1600,124.78,125.24,124.78,125.03
1150413,1600,125.58,125.58,124.99,124.99
1150414,1600,125.09,125.23,124.96,125.0
1150415,1600,125.14,125.42,124.84,125.37
1150416,1600,125.91,125.91,125.18,125.18
1150417,1600,125.76,125.76,124.9,124.9
1150420,1600,124.9,125.37,124.9,124.94
1150421,1600,125.02,125.16,124.79,124.79
1150422,1600,125.01,125.01,124.72,124.76
1150423,1600,124.91,124.96,124.66,124.74
1150424,1600,124.87,124.87,124.59,124.59
1150427,1600,124.7,124.72,124.59,124.72
1150428,1600,124.92,124.92,124.71,124.71
1150429,1600,124.5,124.5,123.6,123.6
1150430,1600,123.58,123.58,122.79,123.23
1150505,1600,122.76,122.86,121.2,121.35
1150506,1600,120.88,121.35,120.6,120.6
1150507,1600,120.2,121.1,119.18,121.1
1150508,1600,121.35,121.54,120.97,121.52
1150511,1600,121.31,121.37,120.99,120.99
1150512,1600,120.38,120.42,120.0,120.34
1150513,1600,120.38,120.85,120.01,120.06
1150514,1600,120.24,120.24,119.79,120.11
1150515,1600,120.39,120.79,120.02,120.73
1150518,1600,120.72,120.72,120.27,120.34
1150519,1600,120.8,121.24,120.59,120.88
1150520,1600,121.17,121.17,120.68,120.68
1150521,1600,120.96,120.96,120.3,120.67
1150522,1600,121.01,121.02,120.8,120.86
1150526,1600,120.83,120.98,120.8,120.81
1150527,1600,120.93,121.1,120.85,121.06
1150528,1600,121.06,121.13,120.94,121.03
1150529,1600,121.21,121.38,121.13,121.37
1150601,1600,121.3,121.32,120.92,120.92
1150602,1600,120.92,120.92,119.74,119.74
1150603,1600,120.0,120.0,118.55,118.82
1150604,1600,118.15,119.24,117.92,119.08
1150605,1600,118.76,118.79,118.34,118.58
1150608,1600,118.55,118.62,118.23,118.23
1150609,1600,118.45,118.46,117.77,117.85
1150610,1600,117.59,117.71,117.17,117.71
1150611,1600,117.33,118.51,117.33,118.32
1150612,1600,118.15,118.15,117.9,118.09
1150615,1600,118.08,118.12,117.64,117.64
1150616,1600,117.6,117.94,117.33,117.84
1150617,1600,117.85,118.1,117.85,117.92
1150618,1600,118.28,118.43,118.22,118.22
1150619,1600,118.4,118.59,118.3,118.39
1150622,1600,118.23,118.36,118.21,118.26
1150623,1600,118.41,118.6,118.31,118.42
1150624,1600,118.56,118.56,118.31,118.39
1150625,1600,117.72,117.72,117.4,117.63
1150626,1600,117.66,117.66,117.26,117.31
1150629,1600,117.17,117.45,117.09,117.09
1150630,1600,117.24,117.4,117.07,117.38
1150701,1600,117.52,117.52,117.13,117.13
1150702,1600,116.94,116.94,116.81,116.84
1150703,1600,117.0,117.3,116.95,117.3
1150706,1600,117.32,117.53,117.07,117.07
1150707,1600,117.23,117.96,117.23,117.91
1150708,1600,118.22,118.23,117.65,118.11
1150709,1600,118.24,118.29,117.97,118.07
1150710,1600,118.08,118.08,117.49,117.49
1150713,1600,117.8,117.8,117.2,117.66
1150714,1600,117.72,117.85,117.5,117.77
1150715,1600,117.92,118.4,117.92,118.39
1150716,1600,118.56,118.56,118.29,118.46
1150717,1600,118.71,118.92,118.55,118.92
1150720,1600,119.1,119.42,118.9,119.11
1150721,1600,119.24,119.37,118.81,118.81
1150722,1600,118.88,119.13,118.7,119.13
1150723,1600,119.29,119.3,119.11,119.24
1150724,1600,119.4,119.62,119.33,119.6
1150727,1600,119.68,119.74,119.53,119.58
1150728,1600,119.4,119.65,119.4,119.65
1150729,1600,119.57,119.57,119.41,119.46
1150730,1600,119.85,119.94,119.8,119.94
1150731,1600,120.03,120.14,119.59,120.14
1150803,1600,120.04,120.19,119.97,120.12
1150804,1600,120.28,120.28,120.0,120.06
1150805,1600,119.94,119.94,119.18,119.18
1150806,1600,119.45,119.55,119.45,119.55
1150807,1600,119.68,119.82,119.34,119.82
1150810,1600,119.73,119.83,119.7,119.73
1150811,1600,119.98,120.28,119.98,120.26
1150812,1600,120.58,120.58,120.21,120.24
1150813,1600,120.13,120.23,120.08,120.14
1150814,1600,120.18,120.4,119.99,119.99
1150817,1600,120.15,120.28,120.0,120.23
1150818,1600,120.25,120.3,119.99,119.99
1150819,1600,120.0,120.07,119.87,120.0
1150820,1600,120.31,120.36,120.12,120.16
1150821,1600,120.11,120.15,120.01,120.15
1150824,1600,120.15,120.15,119.93,119.93
1150825,1600,119.81,119.81,118.94,118.94
1150826,1600,118.98,119.2,118.92,119.08
1150827,1600,119.02,119.14,118.8,119.05
1150828,1600,119.23,119.36,119.14,119.14
1150901,1600,118.88,118.88,118.54,118.62
1150902,1600,118.62,118.75,118.53,118.68
1150903,1600,118.74,119.21,118.68,119.16
1150904,1600,119.29,119.61,119.29,119.61
1150907,1600,119.6,119.6,119.3,119.3
1150908,1600,119.21,119.47,119.18,119.47
1150909,1600,119.5,119.5,119.28,119.43
1150910,1600,119.58,119.6,119.45,119.45
1150911,1600,119.53,119.59,119.41,119.56
1150914,1600,119.47,119.63,119.44,119.52
1150915,1600,119.5,119.56,119.12,119.16
1150916,1600,119.09,119.17,118.9,118.9
1150917,1600,118.88,119.03,118.83,118.96
1150918,1600,119.72,120.04,119.62,119.93
1150921,1600,119.95,119.95,119.62,119.71
1150922,1600,119.89,120.23,119.85,120.21
1150923,1600,120.25,120.25,120.15,120.24
1150924,1600,120.19,120.36,120.14,120.28
1150925,1600,120.02,120.02,119.76,119.87
1150928,1600,119.85,120.24,119.85,120.24
1150929,1600,120.37,120.37,120.13,120.34
1150930,1600,120.36,120.45,120.26,120.35
1151001,1600,120.3,120.73,120.3,120.73
1151002,1600,120.53,121.14,120.53,121.02
1151005,1600,121.04,121.04,120.68,120.68
1151006,1600,120.68,120.68,120.3,120.38
1151007,1600,120.31,120.45,120.29,120.45
1151008,1600,120.65,120.75,120.55,120.55
1151009,1600,120.42,120.59,120.38,120.41
1151012,1600,120.39,120.7,120.37,120.67
1151013,1600,120.71,120.81,120.6,120.6
1151014,1600,120.82,120.95,120.75,120.88
1151015,1600,120.91,121.02,120.8,120.8
1151016,1600,120.83,121.04,120.83,120.93
1151019,1600,121.1,121.1,120.8,120.86
1151020,1600,120.96,120.96,120.43,120.43
1151021,1600,120.44,120.93,120.44,120.9
1151022,1600,120.85,121.72,120.85,121.72
1151023,1600,121.79,121.79,121.55,121.65
1151026,1600,121.76,121.8,121.61,121.67
1151027,1600,121.73,122.12,121.73,122.09
1151028,1600,122.15,122.3,121.98,122.23
1151029,1600,122.12,122.22,121.61,121.62
1151030,1600,121.74,121.89,121.48,121.64
1151102,1600,121.52,121.52,121.11,121.2
1151103,1600,121.2,121.38,121.1,121.1
1151104,1600,121.19,121.31,120.92,120.92
1151105,1600,120.93,121.09,120.71,120.71
1151106,1600,120.82,120.82,119.97,120.05
1151109,1600,119.97,120.01,119.77,120.01
1151110,1600,120.02,120.5,120.02,120.47
1151111,1600,120.35,120.73,120.35,120.66
1151112,1600,120.68,120.89,120.68,120.82
1151113,1600,120.96,121.25,120.96,121.15
1151116,1600,121.28,121.3,121.02,121.27
1151117,1600,121.29,121.37,121.25,121.35
1151118,1600,121.47,121.56,121.37,121.56
1151119,1600,121.71,121.83,121.7,121.83
1151120,1600,121.86,122.11,121.81,122.0
1151123,1600,121.99,121.99,121.6,121.67
1151124,1600,121.86,121.95,121.8,121.81
1151125,1600,121.71,122.19,121.7,122.16
1151126,1600,122.12,122.22,122.09,122.14
1151127,1600,122.24,122.41,122.21,122.3
1151130,1600,122.3,122.3,122.07,122.08
1151201,1600,121.95,122.17,121.77,122.1
1151202,1600,122.35,122.35,122.04,122.23
1151203,1600,122.24,122.24,120.64,120.7
1151204,1600,120.66,120.94,120.34,120.58
1151207,1600,120.75,121.33,120.73,121.33
1151208,1600,121.37,121.67,121.25,121.52
1151209,1600,121.42,121.63,121.3,121.3
1151210,1600,121.48,121.56,121.38,121.42
1151211,1600,121.49,121.67,121.47,121.67
1151214,1600,121.62,121.62,121.16,121.21
1151215,1600,121.24,121.24,120.58,120.77
1151216,1600,120.78,121.0,120.35,120.6
1151217,1600,120.85,121.22,120.85,121.13
1151218,1600,121.35,121.58,121.33,121.53
1151221,1600,121.11,121.5,121.05,121.44
1151222,1600,121.41,121.41,120.96,121.03
1151223,1600,121.0,121.06,120.67,120.76
1151229,1600,121.09,121.11,120.64,120.72
1151230,1600,120.73,120.88,120.6,120.78
1160104,1600,121.16,121.36,121.16,121.25
1160105,1600,121.17,121.46,121.17,121.4
1160106,1600,121.59,121.65,121.52,121.59
1160107,1600,121.74,121.82,121.19,121.19
1160108,1600,121.24,121.54,121.24,121.54
1160111,1600,121.36,121.43,121.06,121.19
1160112,1600,120.99,121.2,120.93,121.2
1160113,1600,121.09,121.5,121.09,121.43
1160114,1600,120.84,120.98,120.73,120.73
1160115,1600,120.87,121.15,120.86,120.95
1160118,1600,120.97,121.0,120.78,120.91
1160119,1600,120.79,120.99,120.79,120.98
1160120,1600,121.32,121.34,120.89,121.02
1160121,1600,120.92,121.47,120.91,121.47
1160122,1600,121.37,121.45,121.26,121.26
1160125,1600,121.31,121.4,121.28,121.4
1160126,1600,121.64,121.75,121.54,121.75
1160127,1600,121.91,121.95,121.69,121.76
1160128,1600,121.98,122.06,121.86,121.92
1160129,1600,122.33,122.56,122.33,122.56
1160201,1600,122.74,122.74,122.26,122.26
1160202,1600,122.43,122.49,122.2,122.33
1160203,1600,122.39,122.7,122.29,122.7
1160204,1600,122.7,122.7,122.35,122.42
1160205,1600,122.55,122.59,122.1,122.37
1160208,1600,122.49,122.5,122.3,122.31
1160209,1600,122.22,122.34,121.94,122.28
1160210,1600,122.32,122.42,122.23,122.26
1160211,1600,122.33,122.61,122.29,122.35
1160212,1600,122.1,122.36,122.05,122.18
1160215,1600,122.23,122.46,122.11,122.41
1160216,1600,122.2,122.36,122.02,122.14
1160217,1600,122.23,122.51,122.09,122.21
1160218,1600,122.55,122.76,122.41,122.73
1160219,1600,122.73,122.86,122.63,122.75
1160222,1600,123.0,123.06,122.39,123.05
1160223,1600,123.09,123.09,122.85,123.06
1160224,1600,123.25,123.3,123.12,123.23
1160225,1600,123.23,123.35,123.16,123.32
1160226,1600,123.27,123.4,123.25,123.36
1160229,1600,123.39,123.75,123.35,123.69
1160301,1600,123.75,123.75,123.38,123.47
1160302,1600,123.3,123.3,122.94,122.94
1160303,1600,122.97,123.28,122.91,123.28
1160304,1600,123.21,123.22,122.8,122.8
1160307,1600,123.12,123.14,122.88,122.88
1160308,1600,123.01,123.25,123.01,123.22
1160309,1600,123.21,123.21,122.95,123.0
1160310,1600,123.14,123.71,122.65,122.81
1160311,1600,122.96,123.24,122.93,123.13
1160314,1600,123.3,123.46,123.19,123.19
1160315,1600,123.24,123.24,122.79,122.83
1160316,1600,123.06,123.22,122.95,122.95
1160317,1600,123.55,123.65,123.42,123.59
1160318,1600,123.79,123.87,123.76,123.76
1160321,1600,123.79,123.99,123.67,123.67
1160322,1600,123.92,123.97,123.61,123.84
1160323,1600,123.76,123.81,123.55,123.76
1160324,1600,123.99,123.99,123.77,123.86
1160329,1600,124.18,124.32,124.09,124.32
1160330,1600,124.45,124.45,123.9,124.29
1160331,1600,124.36,124.42,124.18,124.34
1160401,1600,124.33,124.55,124.26,124.42
1160404,1600,124.48,124.53,124.38,124.5
1160405,1600,124.64,124.77,124.5,124.5
1160406,1600,124.55,124.55,124.31,124.37
1160407,1600,124.41,124.45,124.11,124.22
1160408,1600,124.26,124.38,124.21,124.38
1160411,1600,124.45,124.45,124.07,124.16
1160412,1600,124.02,124.02,123.77,123.77
1160413,1600,123.84,124.17,123.81,124.17
1160414,1600,124.21,124.25,123.8,123.92
1160415,1600,124.09,124.16,124.02,124.07
1160418,1600,124.05,124.15,123.94,123.95
1160419,1600,123.85,123.86,123.65,123.69
1160420,1600,123.92,123.92,123.77,123.85
1160421,1600,123.73,123.73,123.21,123.29
1160422,1600,123.38,123.38,123.18,123.25
1160425,1600,123.26,123.26,122.82,122.89
1160426,1600,123.01,123.01,122.77,122.77
1160427,1600,122.84,122.91,122.75,122.75
1160428,1600,123.12,123.16,123.01,123.11
1160429,1600,123.17,123.17,122.71,122.92
1160503,1600,123.11,123.5,123.05,123.49
1160504,1600,123.36,123.42,123.3,123.41
1160505,1600,123.3,123.58,123.3,123.58
1160506,1600,123.61,123.67,123.51,123.63
1160509,1600,123.54,123.85,123.54,123.78
1160510,1600,123.79,124.0,123.72,123.72
1160511,1600,123.71,123.79,123.55,123.79
1160512,1600,123.95,123.96,123.5,123.58
1160513,1600,123.69,123.8,123.67,123.8
1160516,1600,123.8,123.8,123.8,123.8
1160517,1600,123.71,123.9,123.59,123.9
1160518,1600,123.73,123.85,123.53,123.63
1160519,1600,123.43,123.65,123.43,123.59
1160520,1600,123.76,123.76,123.52,123.66
1160523,1600,123.86,123.9,123.57,123.6
1160524,1600,123.72,123.85,123.72,123.78
1160525,1600,123.65,124.13,123.65,124.11
1160526,1600,124.06,124.17,124.02,124.17
1160527,1600,124.22,124.29,124.19,124.19
1160531,1600,123.87,124.16,123.87,124.14
1160601,1600,124.19,124.31,124.17,124.22
1160602,1600,124.15,124.36,123.98,124.36
1160603,1600,124.31,124.75,124.31,124.71
1160606,1600,124.69,124.69,124.44,124.44
1160607,1600,124.58,124.89,124.51,124.8
1160608,1600,125.02,125.03,124.84,124.96
1160609,1600,125.12,125.32,125.12,125.23
1160610,1600,125.43,125.43,125.19,125.37
1160613,1600,125.4,125.4,124.99,124.99
1160614,1600,125.05,125.12,124.95,124.95
1160615,1600,124.93,125.07,124.89,125.05
1160616,1600,125.01,125.04,124.89,124.98
1160617,1600,124.98,125.07,124.81,124.94
1160620,1600,125.1,125.1,125.01,125.01
1160621,1600,124.97,125.07,124.89,125.07
1160622,1600,125.07,125.13,124.98,125.04
1160623,1600,125.07,125.07,124.79,124.85
1160624,1600,124.43,126.11,124.43,125.28
1160627,1600,125.56,126.1,125.55,126.06
1160628,1600,126.3,126.51,126.19,126.51
1160629,1600,126.74,126.79,126.59,126.79
1160630,1600,126.59,127.05,126.58,126.96
1160701,1600,127.18,127.33,127.0,127.31
1160704,1600,127.14,127.27,127.08,127.27
1160705,1600,127.35,127.51,127.25,127.44
1160706,1600,127.54,127.83,127.41,127.55
1160707,1600,127.38,127.43,127.24,127.39
1160708,1600,127.45,127.73,127.45,127.7
1160711,1600,127.79,127.79,127.57,127.58
1160712,1600,127.5,127.5,127.07,127.09
1160713,1600,127.19,127.46,127.19,127.45
1160714,1600,126.77,126.81,126.47,126.57
1160715,1600,126.62,126.62,126.14,126.24
1160718,1600,126.28,126.43,126.26,126.27
1160719,1600,126.4,126.48,126.33,126.42
1160720,1600,126.49,126.51,126.32,126.32
1160721,1600,126.19,126.4,126.13,126.38
1160722,1600,126.57,126.57,126.25,126.49
1160725,1600,126.54,126.71,126.41,126.66
1160726,1600,126.76,126.85,126.63,126.63
1160727,1600,126.65,127.03,126.65,127.03
1160728,1600,127.13,127.16,126.97,127.12
1160729,1600,127.0,127.55,126.99,127.46
1160801,1600,127.43,127.46,127.35,127.37
1160802,1600,127.02,127.17,126.8,126.83
1160803,1600,126.89,126.95,126.78,126.83
1160804,1600,126.96,127.35,126.82,127.35
1160805,1600,127.34,127.37,127.15,127.18
1160808,1600,127.14,127.25,127.05,127.25
1160809,1600,127.42,127.42,127.19,127.34
1160810,1600,127.51,127.72,127.4,127.65
1160811,1600,127.66,127.73,127.59,127.59
1160812,1600,127.61,127.73,127.46,127.64
1160815,1600,127.67,127.73,127.32,127.45
1160816,1600,127.5,127.58,127.02,127.02
1160817,1600,127.24,127.24,126.99,127.17
1160818,1600,127.45,127.55,127.31,127.52
1160819,1600,127.5,127.5,127.09,127.09
1160822,1600,127.33,127.47,127.25,127.45
1160823,1600,127.45,127.51,127.25,127.4
1160824,1600,127.43,127.47,127.34,127.36
1160825,1600,127.3,127.35,127.12,127.27
1160826,1600,127.26,127.43,127.26,127.32
1160830,1600,127.15,127.39,127.12,127.3
1160831,1600,127.29,127.34,126.95,126.95
1160901,1600,126.93,126.93,126.7,126.79
1160902,1600,126.66,126.86,126.63,126.65
1160905,1600,126.85,126.88,126.7,126.8
1160906,1600,126.84,127.47,126.84,127.4
1160907,1600,127.39,127.71,127.39,127.61
1160908,1600,127.66,127.66,126.9,126.9
1160909,1600,126.86,126.87,126.15,126.15
1160912,1600,125.97,126.09,125.76,125.99
1160913,1600,126.04,126.27,125.83,125.83
1160914,1600,125.9,126.03,125.82,126.03
1160915,1600,125.93,126.01,125.75,125.85
1160916,1600,126.07,126.15,125.9,125.93
1160919,1600,125.96,126.03,125.82,125.98
1160920,1600,126.2,126.47,126.2,126.46
1160921,1600,126.42,126.58,126.29,126.29
1160922,1600,126.84,127.19,126.84,127.16
1160923,1600,127.04,127.17,127.01,127.07
1160926,1600,127.15,127.25,127.07,127.25
1160927,1600,127.28,127.49,127.25,127.39
1160928,1600,127.5,127.53,127.28,127.51
1160929,1600,127.43,127.43,127.15,127.23
1160930,1600,127.34,127.44,127.24,127.29
1161003,1600,127.29,127.29,127.29,127.29
1161004,1600,127.02,127.06,126.89,126.94
1161005,1600,126.62,126.64,126.03,126.06
1161006,1600,126.08,126.34,126.0,126.05
1161007,1600,126.02,126.04,125.85,125.9
1161010,1600,125.97,125.97,125.63,125.69
1161011,1600,125.86,125.94,125.74,125.92
1161012,1600,125.86,125.87,125.56,125.56
1161013,1600,125.88,125.97,125.75,125.81
1161014,1600,125.77,125.88,125.68,125.76
1161017,1600,125.57,125.66,125.38,125.66
1161018,1600,125.64,125.87,125.64,125.87
1161019,1600,125.83,126.02,125.83,125.93
1161020,1600,125.83,126.11,125.55,126.11
1161021,1600,126.14,126.2,126.04,126.1
1161024,1600,126.31,126.31,125.92,125.92
1161025,1600,126.0,126.11,125.85,125.94
1161026,1600,126.04,126.04,125.31,125.33
1161027,1600,125.33,125.33,124.5,124.57
1161028,1600,124.42,124.64,124.41,124.54
1161031,1600,124.43,124.61,124.43,124.54
1161101,1600,124.41,124.41,124.14,124.21
1161102,1600,124.52,124.84,124.51,124.73
1161103,1600,124.59,124.59,124.46,124.57
1161104,1600,124.43,124.67,124.43,124.57
1161107,1600,124.39,124.71,124.39,124.6
1161108,1600,124.54,124.68,124.41,124.41
1161109,1600,124.42,124.57,124.16,124.24
1161110,1600,123.87,123.91,122.72,123.02
1161111,1600,122.61,122.7,122.2,122.35
1161114,1600,122.09,122.09,121.25,122.0
1161115,1600,122.23,122.72,122.13,122.63
1161116,1600,122.26,122.49,122.2,122.49
1161117,1600,122.71,122.78,122.23,122.37
1161118,1600,121.84,122.67,121.84,122.29
1161121,1600,122.2,122.42,122.04,122.34
1161122,1600,122.58,122.9,122.58,122.74
1161123,1600,122.78,122.78,121.85,122.19
1161124,1600,122.43,122.57,122.24,122.24
1161125,1600,122.21,122.42,122.17,122.26
1161128,1600,122.37,122.56,122.35,122.55
1161129,1600,122.53,122.85,122.52,122.75
1161130,1600,123.02,123.08,122.51,122.51
1161201,1600,122.57,122.57,121.91,122.02
1161202,1600,122.08,122.64,122.08,122.63
1161205,1600,122.28,122.3,121.9,122.19
1161206,1600,122.52,122.72,122.22,122.22
1161207,1600,122.44,122.68,122.44,122.6
1161208,1600,122.44,122.55,121.69,122.08
1161209,1600,122.03,122.14,121.78,121.93
1161212,1600,121.4,121.69,121.31,121.65
1161213,1600,121.86,122.38,121.86,122.34
1161214,1600,122.53,122.91,122.48,122.84
1161215,1600,122.17,122.56,122.15,122.48
1161216,1600,122.61,122.71,122.57,122.66
1161219,1600,122.8,123.29,122.62,123.24
1161220,1600,123.17,123.28,123.0,123.22
1161221,1600,123.29,123.51,123.27,123.4
1161222,1600,123.4,123.4,123.1,123.21
1161223,1600,123.35,123.54,123.31,123.54
1161228,1600,123.8,123.8,123.57,123.6
1161229,1600,123.88,123.88,123.72,123.8
1161230,1600,123.66,123.8,123.49,123.55
1170103,1600,123.64,123.66,122.7,122.78
1170104,1600,122.81,122.88,122.51,122.59
1170105,1600,122.64,122.67,122.15,122.49
1170106,1600,122.57,122.6,122.2,122.2
1170109,1600,122.2,122.56,122.19,122.48
1170110,1600,122.27,122.56,122.27,122.49
1170111,1600,122.4,122.82,122.4,122.79
1170112,1600,122.49,122.55,122.13,122.24
1170113,1600,122.1,122.2,121.77,121.91
1170116,1600,122.12,122.12,121.93,121.99
1170117,1600,122.26,122.46,122.14,122.14
1170118,1600,122.09,122.09,121.81,121.81
1170119,1600,121.54,121.7,121.44,121.59
1170120,1600,121.72,121.72,121.12,121.12
1170123,1600,121.3,121.56,121.07,121.56
1170124,1600,121.56,121.58,121.27,121.27
1170125,1600,121.19,121.19,120.77,120.78
1170126,1600,120.5,120.62,120.36,120.36
1170127,1600,120.5,120.57,120.32,120.43
1170130,1600,120.22,120.25,119.9,120.2
1170131,1600,120.21,120.54,120.02,120.45
1170201,1600,120.12,120.24,119.9,120.07
1170202,1600,120.06,120.52,119.98,120.51
1170203,1600,120.37,120.44,120.2,120.32
1170206,1600,120.15,120.28,119.9,119.9
1170207,1600,120.02,120.24,120.02,120.06
1170208,1600,120.08,120.67,120.02,120.67
1170209,1600,120.74,121.08,120.73,120.94
1170210,1600,120.69,120.74,120.42,120.51
1170213,1600,120.42,120.62,120.25,120.56
1170214,1600,120.65,120.72,120.42,120.42
1170215,1600,120.37,120.52,120.26,120.26
1170216,1600,120.38,120.81,120.27,120.81
1170217,1600,120.69,120.91,120.65,120.82
1170220,1600,120.71,120.83,120.39,120.74
1170221,1600,120.52,120.62,120.39,120.51
1170222,1600,120.41,120.8,120.41,120.76
1170223,1600,120.62,121.16,120.62,121.03
1170224,1600,121.13,121.58,121.05,121.58
1170227,1600,121.52,121.71,121.52,121.7
1170228,1600,121.7,121.84,121.69,121.78
1170301,1600,121.66,121.72,121.27,121.33
1170302,1600,121.19,121.33,121.13,121.17
1170303,1600,121.33,121.33,121.03,121.13
1170306,1600,121.31,121.31,121.02,121.02
1170307,1600,121.04,121.07,120.91,120.98
1170308,1600,120.95,120.95,120.46,120.46
1170309,1600,120.39,120.67,120.13,120.13
1170310,1600,119.99,120.06,119.7,119.7
1170313,1600,119.86,120.02,119.81,119.81
1170314,1600,119.63,119.9,119.63,119.9
1170315,1600,119.94,120.32,119.94,120.32
1170316,1600,120.41,120.41,119.9,119.97
1170317,1600,119.77,120.04,119.6,119.93
1170320,1600,119.92,119.96,119.8,119.88
1170321,1600,119.92,120.19,119.82,120.02
1170322,1600,120.37,120.51,120.34,120.51
1170323,1600,120.51,120.78,120.42,120.42
1170324,1600,120.22,120.71,120.22,120.71
1170327,1600,121.01,121.08,120.79,120.79
1170328,1600,120.72,121.05,120.72,120.92
1170329,1600,120.95,121.22,120.87,121.21
1170330,1600,121.27,121.27,121.13,121.19
1170331,1600,121.13,121.16,121.05,121.11
1170403,1600,121.03,121.31,121.03,121.26
1170404,1600,121.41,121.62,121.37,121.49
1170405,1600,121.56,121.58,121.37,121.55
1170406,1600,121.49,121.64,121.48,121.59
1170407,1600,121.7,121.93,121.58,121.86
1170410,1600,121.67,121.75,121.57,121.73
1170411,1600,121.78,121.78,121.5,121.57
1170412,1600,121.64,121.7,121.47,121.69
1170413,1600,121.81,121.98,121.62,121.62
1170418,1600,121.7,121.97,121.7,121.87
1170419,1600,121.93,121.97,121.73,121.73
1170420,1600,121.89,121.89,121.5,121.71
1170421,1600,121.74,121.9,121.6,121.61
1170424,1600,121.79,121.92,121.64,121.87
1170425,1600,121.92,121.92,121.39,121.42
1170426,1600,121.44,121.46,121.28,121.37
1170427,1600,121.35,121.8,121.28,121.78
1170428,1600,121.77,121.77,121.44,121.66
1170502,1600,121.52,121.67,121.46,121.61
1170503,1600,121.69,121.82,121.69,121.74
1170504,1600,121.67,121.67,121.5,121.58
1170505,1600,121.76,121.78,121.62,121.66
1170508,1600,121.65,121.74,121.48,121.51
1170509,1600,121.29,121.35,121.21,121.27
1170510,1600,121.24,121.57,121.24,121.42
1170511,1600,121.31,121.31,121.08,121.16
1170512,1600,121.29,121.48,121.29,121.48
1170515,1600,121.38,121.39,121.25,121.27
1170516,1600,121.21,121.44,121.21,121.37
1170517,1600,121.6,121.81,121.39,121.81
1170518,1600,121.82,122.18,121.72,121.97
1170519,1600,122.04,122.05,121.92,121.97
1170522,1600,121.95,122.0,121.66,121.73
1170523,1600,121.9,121.9,121.69,121.81
1170524,1600,121.83,122.0,121.73,121.79
1170525,1600,122.09,122.09,122.09,122.09
1170526,1600,122.02,122.34,122.02,122.34
1170530,1600,122.33,122.33,122.14,122.32
1170531,1600,122.29,122.45,122.26,122.26
1170601,1600,122.23,122.23,121.98,122.13
1170602,1600,122.19,122.31,122.18,122.25
1170605,1600,122.25,122.25,122.25,122.25
1170606,1600,122.24,122.45,122.22,122.39
1170607,1600,122.37,122.48,122.23,122.23
1170608,1600,122.14,122.62,122.14,122.6
1170609,1600,122.74,122.9,122.7,122.75
1170612,1600,123.04,123.12,123.01,123.02
1170613,1600,122.98,123.13,122.94,123.13
1170614,1600,123.14,123.45,123.1,123.43
1170615,1600,123.36,123.36,122.87,123.0
1170616,1600,122.95,123.08,122.84,123.01
1170619,1600,123.06,123.1,122.93,123.09
1170620,1600,123.17,123.36,123.17,123.35
1170621,1600,123.41,123.61,123.36,123.45
1170622,1600,123.61,123.67,123.5,123.5
1170623,1600,123.51,123.51,123.37,123.42
1170626,1600,123.43,123.67,123.4,123.45
1170627,1600,123.45,123.47,122.55,122.55
1170628,1600,122.2,122.86,122.2,122.66
1170629,1600,122.24,122.25,121.81,121.81
1170630,1600,121.79,121.96,121.63,121.69
1170703,1600,121.76,121.95,121.69,121.69
1170704,1600,121.78,121.87,121.65,121.7
1170705,1600,121.63,121.76,121.48,121.75
1170706,1600,121.43,121.49,120.82,120.88
1170707,1600,120.86,120.95,120.7,120.73
1170710,1600,120.76,121.06,120.76,121.0
1170711,1600,120.79,120.89,120.73,120.83
1170712,1600,120.9,121.28,120.9,121.21
1170713,1600,120.79,121.12,120.56,120.58
1170714,1600,120.8,121.11,120.69,120.74
1170717,1600,120.8,121.0,120.8,120.97
1170718,1600,120.92,121.31,120.92,121.21
1170719,1600,121.18,121.36,121.18,121.33
1170720,1600,121.22,121.63,121.17,121.56
1170721,1600,121.74,121.81,121.63,121.73
1170724,1600,121.68,121.88,121.68,121.72
1170725,1600,121.79,121.86,121.25,121.33
1170726,1600,121.42,121.47,121.33,121.34
1170727,1600,121.63,121.71,121.43,121.52
1170728,1600,121.58,121.58,121.11,121.4
1170731,1600,121.49,121.58,121.36,121.55
1170801,1600,121.5,122.07,121.5,122.07
1170802,1600,122.01,122.07,121.98,122.07
1170803,1600,121.94,122.24,121.94,122.24
1170804,1600,122.25,122.25,122.01,122.01
1170807,1600,122.23,122.23,122.04,122.19
1170808,1600,122.16,122.25,122.08,122.08
1170809,1600,122.2,122.39,122.11,122.35
1170810,1600,122.31,122.39,122.31,122.38
1170811,1600,122.38,122.55,122.38,122.53
1170814,1600,122.38,122.45,122.29,122.43
1170815,1600,122.37,122.37,122.05,122.16
1170816,1600,122.12,122.18,122.0,122.18
1170817,1600,122.25,122.28,122.15,122.26
1170818,1600,122.41,122.51,122.34,122.38
1170821,1600,122.35,122.55,122.35,122.41
1170822,1600,122.26,122.29,122.15,122.25
1170823,1600,122.17,122.31,122.16,122.31
1170824,1600,122.35,122.35,122.24,122.29
1170825,1600,122.24,122.24,121.97,122.22
1170829,1600,122.45,122.58,122.42,122.57
1170830,1600,122.42,122.51,122.39,122.41
1170831,1600,122.38,122.63,122.38,122.56
1170901,1600,122.62,122.63,122.24,122.32
1170904,1600,122.39,122.46,122.37,122.44
1170905,1600,122.38,122.79,122.38,122.76
1170906,1600,122.77,122.77,122.59,122.6
1170907,1600,122.48,123.13,122.47,123.09
1170908,1600,123.05,123.05,122.73,122.8
1170911,1600,122.74,122.82,122.63,122.69
1170912,1600,122.56,122.59,122.2,122.2
1170913,1600,122.26,122.3,122.12,122.22
1170914,1600,122.15,122.3,122.11,122.11
1170915,1600,122.18,122.18,121.97,122.02
1170918,1600,122.05,122.18,121.89,121.94
1170919,1600,121.98,122.21,121.91,122.06
1170920,1600,122.06,122.19,122.03,122.1
1170921,1600,121.8,121.92,121.8,121.92
1170922,1600,121.93,121.99,121.92,121.96
1170925,1600,121.86,122.25,121.86,122.16
1170926,1600,122.17,122.24,122.05,122.15
1170927,1600,122.07,122.07,121.65,121.77
1170928,1600,121.48,121.77,121.48,121.74
1170929,1600,121.79,122.02,121.79,121.94
1171002,1600,121.74,121.92,121.65,121.86
1171003,1600,121.86,121.86,121.86,121.86
1171004,1600,121.84,121.91,121.65,121.65
1171005,1600,121.61,121.94,121.61,121.82
1171006,1600,121.77,121.81,121.5,121.79
1171009,1600,121.95,122.0,121.89,121.96
1171010,1600,121.92,122.03,121.85,121.91
1171011,1600,121.87,121.92,121.75,121.89
1171012,1600,122.06,122.12,121.93,122.07
1171013,1600,122.22,122.45,122.22,122.39
1171016,1600,122.29,122.64,122.29,122.64
1171017,1600,122.65,122.83,122.62,122.79
1171018,1600,122.82,122.82,122.5,122.5
1171019,1600,122.54,122.58,122.43,122.51
1171020,1600,122.32,122.32,122.12,122.15
1171023,1600,122.26,122.4,122.24,122.36
1171024,1600,122.28,122.28,122.06,122.06
1171025,1600,122.12,122.18,122.0,122.07
1171026,1600,122.05,122.54,122.05,122.52
1171027,1600,122.53,122.72,122.5,122.72
1171030,1600,122.79,123.21,122.79,123.1
1171031,1600,123.1,123.1,123.1,123.1
1171101,1600,123.22,123.3,123.16,123.23
1171102,1600,123.2,123.27,123.06,123.23
1171103,1600,123.35,123.39,123.25,123.29
1171106,1600,123.43,123.53,123.42,123.49
1171107,1600,123.45,123.8,123.36,123.8
1171108,1600,123.8,123.8,123.64,123.64
1171109,1600,123.6,123.62,123.04,123.06
1171110,1600,122.89,123.06,122.85,122.85
1171113,1600,122.93,123.09,122.89,122.89
1171114,1600,122.8,123.07,122.8,123.04
1171115,1600,123.16,123.33,123.13,123.16
1171116,1600,123.04,123.16,122.96,123.13
1171117,1600,123.12,123.21,123.06,123.21
1171120,1600,123.24,123.35,123.24,123.31
1171121,1600,123.47,123.73,123.47,123.64
1171122,1600,123.74,123.74,123.49,123.7
1171123,1600,123.69,123.69,123.6,123.63
1171124,1600,123.44,123.55,123.42,123.42
1171127,1600,123.56,123.64,123.52,123.6
1171128,1600,123.65,123.71,123.62,123.64
1171129,1600,123.48,123.61,123.35,123.35
1171130,1600,123.35,123.63,123.23,123.63
1171201,1600,123.7,124.21,123.7,124.18
1171204,1600,123.93,124.01,123.85,123.93
1171205,1600,123.96,124.09,123.94,124.045
1171206,1600,124.19,124.29,124.05,124.16
1171207,1600,124.21,124.31,124.01,124.26
1171208,1600,124.18,124.26,124.04,124.26
1171211,1600,124.22,124.34,124.2,124.255
1171212,1600,124.29,124.32,123.985,123.985
1171213,1600,124.11,124.11,123.67,123.78
1171214,1600,123.83,123.85,123.56,123.84
1171215,1600,124.0,124.02,123.9,123.91
1171218,1600,123.91,124.06,123.91,123.95
1171219,1600,123.93,123.98,123.26,123.26
1171220,1600,123.32,123.44,122.88,123.08
1171221,1600,123.07,123.12,122.95,123.12
1171222,1600,122.97,123.15,122.96,123.09
1171227,1600,123.07,123.29,122.96,123.22
1171228,1600,123.09,123.11,122.82,122.82
1171229,1600,122.72,122.79,122.53,122.53
1180102,1600,122.41,122.42,122.145,122.145
1180103,1600,122.19,122.56,122.19,122.44
1180104,1600,122.335,122.645,122.335,122.605
1180105,1600,122.47,122.785,122.47,122.615
1180108,1600,122.48,122.885,122.48,122.785
1180109,1600,122.715,122.905,122.42,122.49
1180110,1600,122.39,122.465,122.3,122.355
1180111,1600,122.21,122.29,121.625,121.715
1180112,1600,121.775,122.05,121.775,122.05
1180115,1600,122.035,122.045,121.825,121.825
1180116,1600,122.09,122.22,122.065,122.065
1180117,1600,122.065,122.16,122.03,122.07
1180118,1600,121.885,122.07,121.885,122.045
1180119,1600,122.1,122.155,122.05,122.155
1180122,1600,122.245,122.325,122.035,122.3
1180123,1600,122.38,122.5,122.365,122.385
1180124,1600,122.305,122.375,122.12,122.255
1180125,1600,122.36,122.36,121.835,122.03
1180126,1600,122.25,122.25,121.895,121.91
1180129,1600,121.9,121.9,121.51,121.56
1180130,1600,121.735,121.735,121.57,121.61
1180131,1600,121.72,121.87,121.65,121.665
1180201,1600,121.535,121.875,121.535,121.77
1180202,1600,121.59,121.645,121.41,121.41
1180205,1600,121.335,121.66,121.31,121.48
1180206,1600,121.72,121.915,121.62,121.795
1180207,1600,121.71,122.04,121.71,121.75
1180208,1600,121.705,121.84,121.365,121.595
1180209,1600,121.58,121.74,121.525,121.525
1180212,1600,121.565,121.61,121.415,121.535
1180213,1600,121.555,121.68,121.225,121.33
1180214,1600,121.485,121.485,121.205,121.305
1180215,1600,121.18,121.31,121.025,121.28
1180216,1600,121.305,121.695,121.275,121.695
1180219,1600,121.58,121.58,121.245,121.34
1180220,1600,121.19,121.435,121.14,121.3
1180221,1600,121.305,121.48,121.305,121.345
1180222,1600,121.31,121.475,121.28,121.41
1180223,1600,121.505,121.71,121.445,121.7
1180226,1600,121.69,121.875,121.675,121.82
1180227,1600,121.865,121.9,121.665,121.715
1180228,1600,121.735,121.955,121.735,121.93
1180301,1600,121.955,122.16,121.905,122.11
1180302,1600,122.26,122.29,121.985,121.985
1180305,1600,122.045,122.125,121.885,122.015
1180306,1600,122.0,122.125,121.705,121.845
1180307,1600,122.02,122.18,121.885,122.025
1180308,1600,121.96,122.44,121.89,122.385
1180309,1600,122.245,122.32,122.13,122.15
1180312,1600,122.06,122.395,122.06,122.37
1180313,1600,122.38,122.53,122.29,122.41
1180314,1600,122.36,122.705,122.295,122.505
1180315,1600,122.48,122.75,122.43,122.65
1180316,1600,122.83,122.875,122.69,122.755
1180319,1600,122.65,122.895,122.56,122.85
1180320,1600,122.775,122.985,122.71,122.985
1180321,1600,122.97,122.97,122.78,122.84
1180322,1600,123.125,123.47,123.03,123.27
1180323,1600,123.265,123.41,123.175,123.375
1180326,1600,123.245,123.375,123.19,123.33
1180327,1600,123.345,123.55,123.345,123.55
1180328,1600,123.65,124.1,123.605,123.71
1180329,1600,123.645,123.885,123.645,123.885
1180403,1600,123.81,123.84,123.65,123.765
1180404,1600,123.74,123.955,123.74,123.895
1180405,1600,123.825,123.86,123.54,123.58
1180406,1600,123.685,123.735,123.535,123.68
1180409,1600,123.645,123.73,123.59,123.64
1180410,1600,123.69,123.73,123.405,123.405
1180411,1600,123.665,123.77,123.52,123.62
1180412,1600,123.635,123.64,123.43,123.6
1180413,1600,123.49,123.56,123.335,123.56
1180416,1600,123.53,123.545,123.245,123.5
1180417,1600,123.54,123.715,123.425,123.705
1180418,1600,123.82,123.92,123.675,123.745
1180419,1600,123.59,123.59,123.24,123.24
1180420,1600,123.25,123.29,123.15,123.29
1180423,1600,123.07,123.11,122.99,123.005
1180424,1600,123.175,123.175,122.88,123.025
1180425,1600,123.025,123.08,122.95,123.015
1180426,1600,123.065,123.335,123.065,123.335
1180427,1600,123.415,123.48,123.34,123.47
1180430,1600,123.345,123.405,123.185,123.355
1180501,1600,123.355,123.355,123.355,123.355
1180502,1600,123.72,123.72,123.205,123.205
1180503,1600,123.54,123.62,123.12,123.62
1180504,1600,123.63,123.63,123.27,123.27
1180508,1600,123.4,123.4,123.04,123.04
1180509,1600,122.99,123.14,122.975,123.095
1180510,1600,123.0,123.185,123.0,123.05
1180511,1600,123.185,123.19,123.085,123.17
1180514,1600,123.145,123.145,122.81,122.84
1180515,1600,122.745,122.805,122.555,122.6
1180516,1600,122.565,122.565,122.23,122.23
1180517,1600,122.195,122.195,122.09,122.14
1180518,1600,121.965,122.17,121.9,122.17
1180521,1600,122.17,122.17,122.17,122.17
1180522,1600,121.9,121.985,121.84,121.87
1180523,1600,121.98,121.99,121.805,121.93
1180524,1600,122.065,122.32,121.985,122.31
1180525,1600,122.24,122.32,122.075,122.235
1180529,1600,121.15,121.445,120.705,120.895
1180530,1600,120.0,121.505,120.0,121.15
1180531,1600,121.825,121.96,121.74,121.96
1180601,1600,122.435,122.435,121.905,122.03
1180604,1600,122.26,122.4,122.215,122.255
1180605,1600,122.375,122.375,121.98,122.0
1180606,1600,121.735,121.735,121.11,121.115
1180607,1600,121.005,121.145,120.865,120.865
1180608,1600,120.84,121.08,120.725,120.725
1180611,1600,121.1,121.105,121.02,121.1
1180612,1600,121.085,121.19,121.045,121.105
1180613,1600,121.395,121.41,121.35,121.385
1180614,1600,121.32,121.85,121.085,121.85
1180615,1600,122.195,122.43,122.095,122.165
1180618,1600,122.28,122.455,122.19,122.375
1180619,1600,122.46,122.685,122.46,122.515
1180620,1600,122.52,122.605,122.52,122.5525
1180621,1600,122.515,122.515,122.16,122.175
1180622,1600,122.39,122.39,122.12,122.205
1180625,1600,122.29,122.29,121.91,121.91
1180626,1600,121.92,121.92,121.645,121.675
1180627,1600,121.81,122.19,121.8,122.19
1180628,1600,122.21,122.3,122.08,122.235
1180629,1600,122.355,122.73,122.3,122.72
1180702,1600,122.595,122.92,122.58,122.87
1180703,1600,123.0,123.0,122.81,122.99
1180704,1600,122.96,123.035,122.87,122.98
1180705,1600,122.815,122.86,122.645,122.7925
1180706,1600,122.78,122.91,122.76,122.76
1180709,1600,122.795,122.795,122.66,122.765
1180710,1600,122.82,122.82,122.625,122.745
1180711,1600,122.865,122.88,122.64,122.745
1180712,1600,122.135,122.4625,122.135,122.4625
1180713,1600,122.59,122.81,122.46,122.73
1180716,1600,122.695,122.695,122.46,122.47
1180717,1600,122.615,122.845,122.57,122.785
1180718,1600,122.715,122.88,122.655,122.685
1180719,1600,122.675,122.83,122.62,122.815
1180720,1600,122.8,122.8,122.365,122.365
1180723,1600,122.275,122.465,122.065,122.1
1180724,1600,122.07,122.2,121.94,122.2
1180725,1600,122.265,122.34,122.18,122.28
1180726,1600,121.99,122.305,121.99,122.155
1180727,1600,122.205,122.22,122.06,122.06
1180730,1600,122.075,122.11,121.585,121.715
1180731,1600,121.835,121.925,121.705,121.87
1180801,1600,121.77,121.77,121.42,121.505
1180802,1600,121.555,121.555,121.235,121.285
1180803,1600,121.28,121.615,121.175,121.56
1180806,1600,121.665,121.83,121.665,121.815
1180807,1600,121.805,121.845,121.62,121.685
1180808,1600,121.81,121.89,121.635,121.635
1180809,1600,121.635,121.83,121.595,121.815
1180810,1600,121.935,121.97,121.805,121.805
1180813,1600,121.74,121.79,121.555,121.625
1180814,1600,121.745,121.755,121.5,121.72
1180815,1600,121.69,121.825,121.535,121.535
1180816,1600,121.595,121.68,121.48,121.61
1180817,1600,121.66,121.705,121.515,121.54
1180820,1600,121.58,121.9,121.555,121.895
1180821,1600,121.85,122.05,121.84,121.94
1180822,1600,121.985,122.015,121.695,121.695
1180823,1600,121.83,121.83,121.575,121.615
1180824,1600,121.685,121.705,121.5,121.565
1180828,1600,121.325,121.41,121.07,121.195
1180829,1600,121.225,121.275,121.0,121.12
1180830,1600,121.12,121.255,121.065,121.215
1180831,1600,121.25,121.28,121.075,121.265
1180903,1600,121.285,121.295,121.135,121.24
1180904,1600,121.26,121.46,121.26,121.445
1180905,1600,121.675,121.72,121.46,121.635
1180906,1600,121.56,121.755,121.56,121.73
1180907,1600,121.785,121.86,121.5,121.515
1180910,1600,121.7,121.81,121.62,121.76
1180911,1600,121.815,121.815,121.59,121.65
1180912,1600,121.625,121.77,121.51,121.645
1180913,1600,121.695,121.765,121.51,121.645
1180914,1600,121.6,121.61,121.37,121.39
1180917,1600,121.605,121.64,121.42,121.64
1180918,1600,121.645,121.75,121.535,121.6
1180919,1600,121.685,121.7,121.38,121.455
1180920,1600,121.46,121.595,121.34,121.47
1180921,1600,121.485,121.665,121.38,121.625
1180924,1600,121.53,121.55,121.15,121.155
1180925,1600,121.225,121.315,121.055,121.16
1180926,1600,121.15,121.38,121.15,121.345
1180927,1600,121.22,121.395,121.17,121.225
1180928,1600,121.11,121.11,120.785,121.035
1181001,1600,120.735,120.885,120.545,120.65
1181002,1600,120.48,120.71,120.48,120.67
1181003,1600,120.67,120.67,120.67,120.67
1181004,1600,120.59,120.59,120.235,120.38
1181005,1600,120.265,120.265,119.99,120.005
1181008,1600,119.805,119.875,119.705,119.8
1181009,1600,119.815,119.895,119.465,119.89
1181010,1600,119.665,119.965,119.665,119.845
1181011,1600,120.025,120.025,119.71,119.72
1181012,1600,119.79,119.905,119.695,119.855
1181015,1600,119.975,119.99,119.745,119.8
1181016,1600,119.945,120.19,119.945,120.085
1181017,1600,120.425,120.425,120.065,120.135
1181018,1600,120.085,120.085,119.85,119.85
1181019,1600,119.91,120.095,119.69,120.05
1181022,1600,120.34,120.34,120.175,120.23
1181023,1600,120.385,120.425,120.19,120.2
1181024,1600,120.55,120.6,120.29,120.34
1181025,1600,120.46,120.615,120.415,120.6
1181026,1600,120.695,120.94,120.555,120.855
1181029,1600,121.09,121.15,120.94,121.065
1181030,1600,120.93,120.93,120.725,120.8
1181031,1600,120.745,121.08,120.725,120.9
1181101,1600,121.035,121.035,120.865,120.915
1181102,1600,120.86,120.99,120.725,120.99
1181105,1600,120.94,120.94,120.695,120.93
1181106,1600,120.845,120.88,120.68,120.755
1181107,1600,120.915,120.915,120.64,120.75
1181108,1600,120.665,120.665,120.505,120.615
1181109,1600,120.695,120.785,120.58,120.785
1181112,1600,120.8,120.845,120.695,120.705
1181113,1600,120.655,120.715,120.54,120.655
1181114,1600,120.57,120.63,120.445,120.54
1181115,1600,120.635,120.76,120.525,120.66
1181116,1600,120.53,120.71,120.49,120.495
1181119,1600,120.445,120.57,120.26,120.335
1181120,1600,120.23,120.475,120.175,120.435
1181121,1600,120.62,120.63,120.4,120.545
1181122,1600,120.675,120.89,120.64,120.77
1181123,1600,120.905,121.0,120.765,120.96
1181126,1600,121.125,121.295,121.025,121.175
1181127,1600,121.305,121.305,121.095,121.19
1181128,1600,121.19,121.23,121.09,121.175
1181129,1600,121.355,121.525,121.275,121.48
1181130,1600,121.54,121.645,121.42,121.615
1181203,1600,121.48,121.815,121.48,121.745
1181204,1600,121.855,122.0,121.77,122.0
1181205,1600,122.18,122.285,122.08,122.185
1181206,1600,122.125,122.22,121.94,121.94
1181207,1600,122.195,122.195,121.915,122.095
1181210,1600,122.005,122.26,121.93,122.105
1181211,1600,121.885,122.19,121.88,122.19
1181212,1600,122.23,122.595,122.085,122.085
1181213,1600,122.28,122.555,122.135,122.135
1181214,1600,122.4,122.44,122.27,122.395
1181217,1600,122.445,122.445,122.2,122.25
1181218,1600,122.5,122.53,122.395,122.41
1181219,1600,122.795,122.795,122.575,122.655
1181220,1600,122.915,122.94,122.775,122.89
1181221,1600,122.755,122.835,122.615,122.69
1181224,1600,122.69,122.69,122.69,122.69
1181227,1600,122.825,122.89,122.665,122.805
1181228,1600,122.695,122.785,122.64,122.765
1181231,1600,122.765,122.765,122.765,122.765
1190102,1600,122.995,123.265,122.995,123.085
1190103,1600,123.135,123.135,122.675,122.79
1190104,1600,122.795,122.84,122.285,122.285
1190107,1600,122.305,122.525,122.25,122.37
1190108,1600,122.28,122.295,122.06,122.145
1190109,1600,122.12,122.5,122.11,122.385
1190110,1600,122.495,122.63,122.475,122.57
1190111,1600,122.695,122.86,122.615,122.77
1190114,1600,122.685,123.005,122.685,122.955
1190115,1600,122.94,123.115,122.89,122.995
1190116,1600,123.04,123.135,122.94,123.125
1190117,1600,122.785,122.955,122.595,122.955
1190118,1600,122.59,122.74,122.575,122.71
1190121,1600,122.72,122.72,122.52,122.565
1190122,1600,122.71,122.83,122.59,122.765
1190123,1600,122.8,122.86,122.64,122.86
1190124,1600,122.915,123.335,122.915,123.335
1190125,1600,123.37,123.385,123.23,123.32
1190128,1600,123.32,123.32,123.115,123.235
1190129,1600,123.365,123.365,123.18,123.295
1190130,1600,123.35,123.385,123.2,123.385
1190131,1600,123.51,123.65,123.42,123.645
1190201,1600,123.64,123.64,123.21,123.3
1190204,1600,123.18,123.295,123.1,123.185
1190205,1600,123.085,123.22,123.005,123.15
1190206,1600,123.06,123.155,122.99,123.035
1190207,1600,122.98,123.085,122.84,123.02
1190208,1600,122.955,123.07,122.91,123.045
1190211,1600,123.02,123.105,122.89,123.085
1190212,1600,123.025,123.125,122.96,123.0
1190213,1600,123.025,123.26,123.025,123.26
1190214,1600,123.245,123.41,123.19,123.255
1190215,1600,123.33,123.37,123.09,123.37
1190218,1600,123.38,123.415,123.28,123.34
1190219,1600,123.355,123.46,123.245,123.4
1190220,1600,123.405,123.435,123.275,123.35
1190221,1600,123.235,123.3,123.105,123.275
1190222,1600,123.2,123.395,123.2,123.345
1190225,1600,123.5,123.54,123.3,123.52
1190226,1600,123.5,123.665,123.455,123.595
1190227,1600,123.505,123.54,123.165,123.275
1190228,1600,123.34,123.34,123.035,123.125
1190301,1600,123.055,123.255,122.905,123.115
1190304,1600,123.04,123.295,123.0,123.295
1190305,1600,123.185,123.335,123.125,123.335
1190306,1600,123.45,123.755,123.285,123.755
1190307,1600,123.655,124.45,123.5,124.45
1190308,1600,124.235,124.4,124.215,124.4
1190311,1600,124.385,124.385,124.17,124.295
1190312,1600,124.065,124.275,123.99,124.275
1190313,1600,124.2,124.205,124.035,124.205
1190314,1600,124.15,124.34,124.07,124.275
1190315,1600,124.205,124.44,124.17,124.3
1190318,1600,124.21,124.48,124.21,124.48
1190319,1600,124.415,124.525,124.16,124.355
1190320,1600,124.26,124.345,124.17,124.315
1190321,1600,124.525,124.88,124.525,124.88
1190322,1600,124.7,125.335,124.7,125.2
1190325,1600,125.155,125.215,125.04,125.215
1190326,1600,125.015,125.27,125.015,125.27
1190327,1600,125.355,125.71,125.3,125.71
1190328,1600,125.57,125.57,125.305,125.485
1190329,1600,125.34,125.435,125.225,125.435
1190401,1600,125.04,125.125,124.865,124.915
1190402,1600,124.895,125.14,124.895,125.14
1190403,1600,124.715,124.86,124.705,124.705
1190404,1600,124.835,125.01,124.69,125.01
1190405,1600,124.805,125.14,124.805,125.01
1190408,1600,125.09,125.17,125.04,125.155
1190409,1600,125.185,125.295,125.125,125.28
1190410,1600,125.255,125.535,125.25,125.535
1190411,1600,125.275,125.585,125.275,125.495
1190412,1600,125.425,125.6,125.005,125.135
1190415,1600,125.185,125.185,124.745,124.89
1190416,1600,124.82,124.925,124.645,124.805
1190417,1600,124.63,124.725,124.58,124.69
1190418,1600,124.67,125.145,124.67,125.045
1190423,1600,124.835,124.855,124.65,124.79
1190424,1600,124.74,125.18,124.74,125.16
1190425,1600,125.185,125.185,124.875,124.875
1190426,1600,124.955,125.365,124.955,125.365
1190429,1600,125.24,125.325,125.145,125.325
1190430,1600,125.24,125.375,124.96,125.375
1190501,1600,125.375,125.375,125.375,125.375
1190502,1600,125.44,125.48,125.195,125.34
1190503,1600,125.2,125.41,125.155,125.375
1190507,1600,125.405,125.6,125.405,125.6
1190508,1600,125.45,125.585,125.45,125.5
1190509,1600,125.5,125.575,125.285,125.285
1190510,1600,125.4,125.4,125.225,125.36
1190513,1600,125.34,125.455,125.205,125.445
1190514,1600,125.285,125.47,125.265,125.37
1190515,1600,125.345,125.685,125.345,125.515
1190516,1600,125.63,125.825,125.63,125.805
1190517,1600,125.91,126.025,125.795,125.795
1190520,1600,125.86,125.86,125.61,125.635
1190521,1600,125.49,125.715,125.49,125.595
1190522,1600,125.635,125.79,125.59,125.735
1190523,1600,125.745,125.96,125.745,125.96
1190524,1600,125.98,126.14,125.98,126.04
1190528,1600,126.085,126.125,125.98,126.125
1190529,1600,126.16,126.515,126.16,126.515
1190530,1600,126.34,126.52,126.31,126.44
1190531,1600,126.385,126.745,126.37,126.745
1190603,1600,126.71,126.995,126.71,126.825
1190604,1600,126.93,127.285,126.9,127.2
1190605,1600,127.34,127.39,127.135,127.36
1190606,1600,127.545,127.71,127.295,127.71
1190607,1600,127.745,128.35,127.745,128.32
1190610,1600,128.32,128.32,128.32,128.32
1190611,1600,127.945,128.06,127.88,127.935
1190612,1600,127.81,127.95,127.77,127.83
1190613,1600,127.885,127.99,127.795,127.9
1190614,1600,128.13,128.37,128.13,128.35
1190617,1600,128.42,128.42,128.105,128.25
1190618,1600,128.205,129.36,128.205,129.36
1190619,1600,129.21,129.21,128.95,129.075
1190620,1600,129.585,129.65,129.395,129.485
1190621,1600,129.23,129.24,128.945,129.015
1190624,1600,129.29,129.335,129.175,129.175
1190625,1600,129.255,129.525,129.205,129.525
1190626,1600,129.405,129.485,129.28,129.415
1190627,1600,129.205,129.485,129.1,129.395
1190628,1600,129.47,129.625,129.41,129.605
1190701,1600,129.53,130.1,129.53,130.1
1190702,1600,130.21,130.415,130.09,130.415
1190703,1600,130.8,131.245,130.785,131.245
1190704,1600,131.365,131.365,131.125,131.255
1190705,1600,131.29,131.29,130.455,130.615
1190708,1600,131.025,131.025,130.45,130.545
1190709,1600,130.385,130.525,130.325,130.415
1190710,1600,129.995,130.205,129.74,130.175
1190711,1600,129.75,129.865,129.285,129.38
1190712,1600,129.155,129.285,128.85,128.895
1190715,1600,129.11,129.57,129.11,129.57
1190716,1600,129.615,129.9,129.61,129.75
1190717,1600,129.84,130.12,129.84,130.065
1190718,1600,130.18,130.46,130.1,130.24
1190719,1600,130.305,130.39,130.14,130.27
1190722,1600,130.3,130.34,130.16,130.305
1190723,1600,130.225,130.425,130.12,130.335
1190724,1600,130.31,130.885,130.31,130.83
1190725,1600,130.955,131.015,130.48,130.665
1190726,1600,130.83,130.83,130.5,130.67
1190729,1600,130.845,130.92,130.72,130.81
1190730,1600,130.8,130.845,130.575,130.845
1190731,1600,130.87,131.38,130.805,131.38
1190801,1600,131.145,131.57,130.965,131.35
1190802,1600,131.775,131.965,131.535,131.925
1190805,1600,132.47,132.47,131.955,132.045
1190806,1600,132.3,132.35,132.03,132.225
1190807,1600,132.615,133.385,132.615,132.94
1190808,1600,132.475,132.725,132.1,132.4
1190809,1600,132.255,132.28,131.735,131.815
1190812,1600,131.995,132.115,131.94,132.005
1190813,1600,132.415,132.615,132.29,132.615
1190814,1600,132.725,133.33,132.645,133.275
1190815,1600,133.38,134.235,133.04,134.09
1190816,1600,134.215,134.35,133.69,133.82
1190819,1600,134.03,134.03,133.0,133.105
1190820,1600,133.315,133.765,133.315,133.735
1190821,1600,133.66,133.745,133.3,133.655
1190822,1600,133.83,133.83,133.1,133.32
1190823,1600,133.23,133.465,132.895,133.465
1190827,1600,133.71,134.32,133.685,134.32
1190828,1600,134.365,134.99,134.365,134.84
1190829,1600,134.955,134.955,134.25,134.77
1190830,1600,134.57,134.71,134.395,134.545
1190902,1600,134.575,134.575,134.32,134.415
1190903,1600,134.665,134.975,134.64,134.975
1190904,1600,134.8,134.81,134.21,134.665
1190905,1600,134.585,134.585,133.405,133.465
1190906,1600,133.685,134.09,133.44,134.09
1190909,1600,133.995,133.995,133.22,133.39
1190910,1600,133.27,133.34,132.795,132.92
1190911,1600,132.775,133.245,132.61,133.145
1190912,1600,133.255,134.465,133.11,133.29
1190913,1600,132.935,133.0,132.455,132.585
1190916,1600,132.595,132.93,132.565,132.865
1190917,1600,132.89,132.89,132.51,132.525
1190918,1600,132.675,133.165,132.675,133.07
1190919,1600,133.06,133.08,132.72,133.08
1190920,1600,133.16,133.235,133.065,133.135
1190923,1600,133.1,133.94,133.095,133.94
1190924,1600,133.825,134.175,133.8,134.155
1190925,1600,134.19,134.38,134.05,134.065
1190926,1600,133.98,134.175,133.915,134.14
1190927,1600,134.1,134.12,133.86,134.04
1190930,1600,133.86,134.02,133.69,133.96
1191001,1600,133.815,133.845,133.33,133.68
1191002,1600,133.68,133.7,133.365,133.48
1191003,1600,133.48,133.48,133.48,133.48
1191004,1600,133.96,134.155,133.905,133.94
1191007,1600,134.02,134.05,133.725,133.82
1191008,1600,133.59,133.955,133.565,133.94
1191009,1600,133.94,133.94,133.54,133.605
1191010,1600,133.42,133.5,132.78,132.8
1191011,1600,132.94,133.095,132.525,132.55
1191014,1600,132.975,132.975,132.8,132.865
1191015,1600,132.91,133.02,132.505,132.73
1191016,1600,132.665,132.865,132.35,132.445
1191017,1600,132.615,132.615,132.005,132.54
1191018,1600,132.54,132.545,132.265,132.265
1191021,1600,132.115,132.14,131.83,131.88
1191022,1600,132.07,132.34,131.955,132.245
1191023,1600,132.615,132.655,132.32,132.445
1191024,1600,132.455,132.575,132.1,132.515
1191025,1600,132.44,132.48,132.15,132.265
1191028,1600,131.9,131.96,131.63,131.755
1191029,1600,131.87,132.01,131.775,131.995
1191030,1600,131.845,132.03,131.79,132.01
1191031,1600,132.405,132.625,132.34,132.5
1191101,1600,132.545,132.545,132.01,132.04
1191104,1600,131.93,131.99,131.775,131.825
1191105,1600,131.68,131.71,131.535,131.655
1191106,1600,131.535,131.735,131.4,131.735
1191107,1600,131.695,131.735,130.86,130.86
1191108,1600,131.025,131.19,130.29,131.19
1191111,1600,131.03,131.03,130.5,130.5
1191112,1600,130.47,130.66,130.37,130.66
1191113,1600,130.81,130.99,130.715,130.935
1191114,1600,131.07,131.215,130.865,130.93
1191115,1600,130.96,131.18,130.855,131.035
1191118,1600,131.025,131.365,131.0,131.26
1191119,1600,131.22,131.24,131.005,131.175
1191120,1600,131.525,131.54,131.25,131.315
1191121,1600,131.35,131.425,131.03,131.11
1191122,1600,131.045,131.38,130.965,131.375
1191125,1600,131.155,131.535,131.155,131.535
1191126,1600,131.4,131.56,131.295,131.555
1191127,1600,131.705,131.705,131.35,131.45
1191128,1600,131.45,131.575,131.255,131.31
1191129,1600,131.255,131.42,131.13,131.295
1191202,1600,130.795,130.795,130.37,130.54
1191203,1600,130.435,131.265,130.35,131.265
1191204,1600,131.215,131.225,130.93,130.945
1191205,1600,130.91,130.91,130.365,130.55
1191206,1600,130.455,130.645,130.375,130.41
1191209,1600,130.49,130.86,130.49,130.815
1191210,1600,130.935,130.935,130.6,130.8
1191211,1600,130.88,131.12,130.76,131.12
1191212,1600,131.155,131.3,130.545,130.685
1191213,1600,130.345,131.175,130.345,131.175
1191216,1600,131.125,131.195,130.84,130.91
1191217,1600,131.12,131.17,130.875,131.17
1191218,1600,131.215,131.24,130.695,130.695
1191219,1600,130.56,130.56,130.215,130.51
1191220,1600,130.585,130.595,130.24,130.535
1191223,1600,130.72,130.72,130.345,130.465
1191224,1600,130.465,130.465,130.465,130.465
1191227,1600,130.695,130.695,130.35,130.675
1191230,1600,130.505,130.505,130.08,130.195
1191231,1600,130.195,130.195,130.195,130.195
1200102,1600,130.33,130.36,129.735,130.3
1200103,1600,130.71,130.985,130.615,130.92
1200106,1600,130.9,131.02,130.795,130.815
1200107,1600,130.745,130.81,130.605,130.725
1200108,1600,130.845,130.845,130.475,130.56
1200109,1600,130.305,130.48,130.23,130.29
1200110,1600,130.455,130.55,130.3,130.415
1200113,1600,130.305,130.365,129.92,129.945
1200114,1600,130.115,130.23,130.03,130.165
1200115,1600,130.405,130.545,130.3,130.415
1200116,1600,129.975,130.11,129.785,129.925
1200117,1600,129.995,130.09,129.865,130.03
1200120,1600,129.945,130.115,129.945,130.115
1200121,1600,130.15,130.355,129.93,130.355
1200122,1600,130.11,130.75,130.11,130.75
1200123,1600,130.6,131.03,130.6,131.03
1200124,1600,130.835,131.52,130.76,131.52
1200127,1600,131.885,132.09,131.635,132.09
1200128,1600,132.25,132.25,131.75,131.915
1200129,1600,131.935,132.27,131.935,132.27
1200130,1600,132.49,132.555,132.255,132.555
1200131,1600,132.59,132.88,132.43,132.88
1200203,1600,132.74,132.85,132.445,132.665
1200204,1600,132.455,132.51,132.3,132.455
1200205,1600,132.58,132.58,132.03,132.145
1200206,1600,131.99,132.085,131.835,132.085
1200207,1600,132.315,132.455,132.105,132.25
1200210,1600,132.23,132.5,132.19,132.5
1200211,1600,132.305,132.49,132.185,132.37
1200212,1600,132.315,132.495,132.06,132.45
1200213,1600,132.695,132.865,132.535,132.625
1200214,1600,132.5,132.715,132.5,132.66
1200217,1600,132.6,132.72,132.45,132.685
1200218,1600,132.99,132.99,132.595,132.71
1200219,1600,132.625,132.805,132.56,132.805
1200220,1600,132.805,133.165,132.805,133.165
1200221,1600,133.4,133.4,133.13,133.265
1200224,1600,133.375,133.575,133.235,133.35
1200225,1600,133.275,133.455,133.205,133.445
1200226,1600,133.225,133.35,132.955,133.2
1200227,1600,133.225,133.25,132.905,132.905
1200228,1600,133.16,133.605,133.0,133.345
1200302,1600,133.56,133.73,133.415,133.555
1200303,1600,133.66,134.41,133.325,134.41
1200304,1600,134.17,134.355,134.045,134.13
1200305,1600,134.005,134.175,133.855,134.125
1200306,1600,134.335,134.52,133.915,134.44
1200309,1600,134.545,134.815,133.955,134.295
1200310,1600,133.995,134.115,133.355,133.99
1200311,1600,133.955,134.52,133.63,134.155
1200312,1600,134.59,134.59,129.705,133.0
1200313,1600,131.17,131.75,128.9,129.87
1200316,1600,129.04,131.305,127.0,127.0
1200317,1600,128.965,129.0,126.765,128.745
1200318,1600,129.045,129.045,123.65,125.275
1200319,1600,129.1,130.0,127.285,128.835
1200320,1600,128.92,130.36,127.76,130.04
1200323,1600,129.495,130.32,129.0,130.205
1200324,1600,130.015,130.18,128.445,128.445
1200325,1600,129.78,129.78,128.45,129.27
1200326,1600,129.5,130.78,128.4,130.78
1200327,1600,130.04,131.785,130.025,131.035
1200330,1600,131.5,131.5,130.215,131.16
1200331,1600,130.865,130.865,129.605,129.78
1200401,1600,130.565,130.565,129.22,129.22
1200402,1600,130.165,130.6,129.51,130.6
1200403,1600,129.75,130.26,129.375,129.49
1200406,1600,130.295,130.295,128.5,130.08
1200407,1600,129.16,129.72,128.675,128.675
1200408,1600,128.56,129.0,128.385,128.95
1200409,1600,128.95,129.5,128.45,129.035
1200414,1600,128.545,130.36,128.54,128.54
1200415,1600,129.21,129.33,128.615,128.895
1200416,1600,129.365,129.63,128.505,129.515
1200417,1600,129.355,129.805,129.24,129.28
1200420,1600,129.36,129.365,128.5,128.5
1200421,1600,128.615,129.09,127.95,128.34
1200422,1600,127.9,128.36,127.515,127.905
1200423,1600,127.945,128.59,127.945,128.255
1200424,1600,128.595,129.14,128.355,128.975
1200427,1600,129.44,129.75,129.275,129.275
1200428,1600,129.725,130.695,129.36,129.49
1200429,1600,129.58,130.19,129.575,129.7
1200430,1600,130.2,130.77,129.86,130.75
1200501,1600,130.75,130.75,130.75,130.75
1200504,1600,130.285,130.39,130.07,130.335
1200505,1600,130.29,130.29,129.7,130.15
1200506,1600,130.005,130.02,129.25,129.315
1200507,1600,128.825,130.465,128.825,130.1
1200511,1600,129.815,129.815,129.3,129.3
1200512,1600,129.075,129.66,129.075,129.415
1200513,1600,129.71,130.14,129.655,130.07
1200514,1600,130.215,130.225,129.77,129.865
1200515,1600,130.005,130.13,129.685,129.81
1200518,1600,129.665,130.12,129.005,129.615
1200519,1600,130.065,130.19,128.97,130.095
1200520,1600,129.87,130.185,129.87,130.075
1200521,1600,130.205,130.27,129.99,130.23
1200522,1600,130.385,130.845,130.175,130.3
1200526,1600,130.195,130.2,129.895,130.14
1200527,1600,130.275,130.775,130.09,130.325
1200528,1600,130.305,130.995,130.265,130.73
1200529,1600,130.73,131.015,130.695,130.925
1200601,1600,130.925,130.925,130.925,130.925
1200602,1600,130.715,130.75,130.105,130.64
1200603,1600,130.37,130.48,129.655,129.655
1200604,1600,130.0,131.015,129.83,130.22
1200605,1600,129.98,130.25,129.8,129.8
1200608,1600,129.94,130.81,129.925,130.43
1200609,1600,130.43,130.64,130.085,130.085
1200610,1600,130.185,130.22,129.82,130.03
1200611,1600,130.24,130.915,130.24,130.785
1200612,1600,130.62,131.02,130.535,130.99
1200615,1600,131.25,131.26,130.995,131.055
1200616,1600,130.95,131.125,130.92,131.03
1200617,1600,131.075,131.315,130.875,131.19
1200618,1600,131.105,131.545,131.0,131.545
1200619,1600,131.54,131.695,131.355,131.695
1200622,1600,131.67,132.165,131.67,131.9
1200623,1600,131.76,131.895,131.55,131.685
1200624,1600,131.44,131.99,131.4,131.99
1200625,1600,132.125,132.175,131.925,132.11
1200626,1600,132.28,132.45,132.09,132.45
1200629,1600,132.19,132.2,132.01,132.18
1200630,1600,132.0,132.32,132.0,132.21
1200701,1600,131.84,131.84,131.46,131.625
1200702,1600,131.72,132.175,131.615,131.94
1200703,1600,131.965,132.275,131.885,131.885
1200706,1600,131.99,132.185,131.41,132.145
1200707,1600,132.375,132.375,132.0,132.255
1200708,1600,132.445,132.96,132.285,132.465
1200709,1600,132.42,132.915,132.315,132.62
1200710,1600,132.715,132.715,132.485,132.55
1200713,1600,132.33,132.42,131.915,132.095
1200714,1600,132.32,132.51,132.14,132.51
1200715,1600,132.485,132.64,132.32,132.51
1200716,1600,132.335,132.45,132.03,132.425
1200717,1600,132.385,132.5,132.195,132.325
1200720,1600,132.275,132.775,132.2,132.6
1200721,1600,132.77,132.925,132.435,132.755
1200722,1600,132.705,133.09,132.705,133.065
1200723,1600,132.865,133.19,132.865,133.105
1200724,1600,133.1,133.26,132.63,132.855
1200727,1600,132.76,133.14,132.745,133.11
1200728,1600,133.17,133.235,133.055,133.09
1200729,1600,133.32,133.32,133.0,133.155
1200730,1600,133.265,133.57,133.09,133.43
1200731,1600,133.43,133.66,133.1,133.35
1200803,1600,133.35,133.35,133.005,133.33
1200804,1600,133.345,133.8,133.27,133.715
1200805,1600,133.795,133.795,133.255,133.41
1200806,1600,133.43,133.845,133.27,133.68
1200807,1600,133.5,133.83,133.5,133.595
1200810,1600,133.575,133.895,133.46,133.85
1200811,1600,133.815,133.92,133.3,133.42
1200812,1600,133.31,133.31,133.0,133.215
1200813,1600,133.25,133.3,132.515,132.695
1200814,1600,132.665,132.77,132.5,132.77
1200817,1600,132.845,133.08,132.71,133.01
1200818,1600,133.25,133.31,132.545,133.225
1200819,1600,133.395,133.53,133.205,133.41
1200820,1600,133.5,133.7,133.26,133.525
1200821,1600,133.515,133.63,133.36,133.52
1200824,1600,133.535,133.535,133.25,133.43
1200825,1600,133.255,133.255,132.545,132.545
1200826,1600,132.505,132.675,132.38,132.675
1200827,1600,132.715,133.04,132.31,132.43
1200828,1600,132.205,132.495,132.17,132.46
1200901,1600,132.315,132.475,131.95,132.4
1200902,1600,132.655,133.24,132.655,133.24
1200903,1600,133.17,133.445,133.04,133.305
1200904,1600,133.4,133.41,132.975,133.02
1200907,1600,132.8,133.04,132.68,132.72
1200908,1600,132.77,133.2,132.77,133.015
1200909,1600,133.36,133.36,132.83,132.915
1200910,1600,133.02,133.08,132.625,132.71
1200911,1600,133.2,133.245,132.995,133.245
1200914,1600,133.425,133.52,133.29,133.335
1200915,1600,133.455,133.485,133.125,133.415
1200916,1600,133.53,133.7,133.49,133.635
1200917,1600,133.55,133.785,133.335,133.67
1200918,1600,133.505,133.87,133.505,133.69
1200921,1600,133.605,134.17,133.55,133.95
1200922,1600,134.1,134.145,133.905,133.995
1200923,1600,134.1,134.255,133.975,133.985
1200924,1600,134.215,134.23,133.89,133.89
1200925,1600,133.845,134.15,133.845,134.125
1200928,1600,133.975,134.16,133.87,134.155
1200929,1600,134.24,134.415,134.235,134.385
1200930,1600,134.315,134.425,134.035,134.04
1201001,1600,134.065,134.265,133.935,134.11
1201002,1600,134.42,134.49,134.285,134.455
1201005,1600,134.55,134.55,134.115,134.245
1201006,1600,134.14,134.325,134.01,134.21
1201007,1600,134.5,134.5,134.02,134.105
1201008,1600,134.235,134.525,134.12,134.525
1201009,1600,134.575,134.82,134.575,134.7
1201012,1600,134.855,135.0,134.69,135.0
1201013,1600,135.09,135.165,134.87,135.145
1201014,1600,135.285,135.4,135.2,135.255
1201015,1600,135.245,135.535,135.22,135.32
1201016,1600,135.465,135.67,135.325,135.595
1201019,1600,135.6,135.6,135.145,135.375
1201020,1600,135.365,135.365,135.03,135.03
1201021,1600,135.005,135.11,134.85,134.855
1201022,1600,134.9,134.9,134.6,134.62
1201023,1600,134.74,134.775,134.57,134.69
1201026,1600,135.22,135.22,134.745,134.885
1201027,1600,134.905,135.26,134.885,135.185
1201028,1600,135.275,135.405,134.96,135.125
1201029,1600,135.005,135.555,134.975,135.42
1201030,1600,135.23,135.51,135.12,135.12
1201102,1600,135.345,135.485,135.175,135.47
1201103,1600,135.36,135.555,135.205,135.485
1201104,1600,135.78,135.835,135.605,135.73
1201105,1600,135.87,135.905,135.6,135.76
1201106,1600,135.79,135.89,135.5,135.58
1201109,1600,135.81,135.945,134.36,134.5
1201110,1600,134.49,134.565,134.25,134.37
1201111,1600,134.235,134.74,134.16,134.68
1201112,1600,134.715,135.0,134.64,134.905
1201113,1600,135.115,135.3,135.015,135.13
1201116,1600,135.36,135.4,134.98,135.315
1201117,1600,135.27,135.55,135.255,135.525
1201118,1600,135.69,135.895,135.35,135.45
1201119,1600,135.525,135.615,135.46,135.575
1201120,1600,135.63,135.685,135.555,135.665
1201123,1600,135.705,135.705,135.46,135.57
1201124,1600,135.53,135.64,135.46,135.46
1201125,1600,135.38,135.65,135.36,135.58
1201126,1600,135.515,135.755,135.515,135.735
1201127,1600,135.74,135.82,135.635,135.74
1201130,1600,135.735,135.8,135.49,135.49
1201201,1600,135.645,135.645,134.925,135.0
1201202,1600,134.95,135.07,134.905,134.995
1201203,1600,135.095,135.43,135.045,135.35
1201204,1600,135.44,135.52,135.19,135.275
1201207,1600,135.505,135.71,135.505,135.65
1201208,1600,135.695,135.955,135.57,135.925
1201209,1600,135.785,135.915,135.715,135.915
1201210,1600,135.985,136.17,135.645,135.84
1201211,1600,136.065,136.335,136.065,136.21
1201214,1600,136.17,136.18,135.97,136.095
1201215,1600,136.22,136.27,136.08,136.205
1201216,1600,136.07,136.14,135.615,135.785
1201217,1600,135.665,136.01,135.665,135.82
1201218,1600,135.785,135.865,135.44,135.71
1201221,1600,136.045,136.085,135.685,135.79
1201222,1600,135.915,135.92,135.585,135.895
1201223,1600,135.885,135.955,135.26,135.4
1201224,1600,135.4,135.4,135.4,135.4
1201229,1600,135.7,135.795,135.58,135.79
1201230,1600,135.715,135.715,135.525,135.685
1201231,1600,135.685,135.685,135.685,135.685
1210104,1600,135.64,136.025,135.64,135.865
1210105,1600,135.87,135.915,135.725,135.755
1210106,1600,135.295,135.625,135.26,135.485
1210107,1600,135.49,135.72,135.305,135.52
1210108,1600,135.595,135.785,135.595,135.695
1210111,1600,135.71,135.71,135.25,135.32
1210112,1600,135.205,135.205,134.685,134.745
1210113,1600,134.965,135.455,134.965,135.37
1210114,1600,135.15,135.28,135.025,135.28
1210115,1600,135.215,135.28,135.12,135.19
1210118,1600,135.17,135.25,134.835,134.98
1210119,1600,134.915,135.04,134.865,135.04
1210120,1600,135.07,135.17,134.94,135.045
1210121,1600,135.08,135.12,134.48,134.58
1210122,1600,134.435,134.63,134.3,134.525
1210125,1600,134.69,135.05,134.58,135.035
1210126,1600,135.03,135.075,134.885,134.885
1210127,1600,134.885,135.17,134.835,134.925
1210128,1600,135.02,135.1,134.885,134.885
1210129,1600,134.91,135.025,134.51,134.725
1210201,1600,134.81,134.865,134.62,134.675
1210202,1600,134.54,134.6,134.325,134.385
1210203,1600,134.435,134.62,134.37,134.42
1210204,1600,134.37,134.49,134.26,134.405
1210205,1600,134.485,134.505,134.07,134.255
1210208,1600,134.225,134.395,134.07,134.395
1210209,1600,134.3,134.44,134.2,134.385
1210210,1600,134.265,134.41,134.23,134.27
1210211,1600,134.42,134.565,134.35,134.495
1210212,1600,134.46,134.59,133.985,134.1
1210215,1600,133.815,133.82,133.555,133.645
1210216,1600,133.68,133.75,133.245,133.3
1210217,1600,133.025,133.32,132.935,133.32
1210218,1600,133.25,133.28,132.57,132.81
1210219,1600,132.61,132.735,132.565,132.67
1210222,1600,132.39,133.115,132.3,133.005
1210223,1600,132.84,132.84,132.29,132.625
1210224,1600,132.7,132.7,132.03,132.35
1210225,1600,132.105,132.105,131.38,131.56
1210226,1600,131.75,132.255,131.64,131.945
1210301,1600,132.47,133.025,132.47,132.865
1210302,1600,133.065,133.065,132.555,132.81
1210303,1600,132.86,132.94,132.165,132.24
1210304,1600,132.41,132.525,132.225,132.3
1210305,1600,132.095,132.335,131.995,132.255
1210308,1600,132.185,132.345,132.125,132.155
1210309,1600,132.26,132.77,132.26,132.47
1210310,1600,132.455,132.63,132.18,132.53
1210311,1600,132.815,133.13,132.585,132.985
1210312,1600,132.79,132.86,132.45,132.575
1210315,1600,132.86,132.93,132.605,132.845
1210316,1600,132.81,132.97,132.75,132.82
1210317,1600,132.805,132.805,132.075,132.155
1210318,1600,131.915,132.06,131.81,132.06
1210319,1600,132.075,132.44,132.055,132.25
1210322,1600,132.245,132.475,132.2,132.3
1210323,1600,132.555,132.735,132.505,132.7
1210324,1600,132.995,132.995,132.7,132.95
1210325,1600,132.965,133.18,132.955,133.18
1210326,1600,132.93,132.93,132.595,132.865
1210329,1600,132.88,132.88,132.44,132.445
1210330,1600,132.185,132.23,131.85,132.145
1210331,1600,131.94,132.4,131.94,132.32
1210401,1600,132.51,132.62,132.3,132.62
1210406,1600,132.69,132.69,132.215,132.32
1210407,1600,132.57,132.575,132.26,132.295
1210408,1600,132.435,132.545,132.38,132.515
1210409,1600,132.485,132.485,131.9,132.07
1210412,1600,132.165,132.375,131.92,131.935
1210413,1600,131.835,131.96,131.745,131.905
1210414,1600,132.065,132.125,131.625,131.655
1210415,1600,131.595,132.0,131.595,131.995
1210416,1600,131.705,131.955,131.695,131.79
1210419,1600,131.795,131.905,131.365,131.47
1210420,1600,131.43,131.69,131.37,131.66
1210421,1600,131.815,131.955,131.61,131.775
1210422,1600,131.92,132.0,131.605,131.75
1210423,1600,131.91,131.925,131.61,131.715
1210426,1600,131.59,131.73,131.41,131.65
1210427,1600,131.615,131.71,131.495,131.575
1210428,1600,131.345,131.385,131.095,131.385
1210429,1600,131.38,131.38,130.775,130.9
1210430,1600,131.015,131.065,130.84,130.86
1210504,1600,130.965,131.38,130.93,131.26
1210505,1600,131.2,131.255,130.985,131.085
1210506,1600,131.1,131.2,130.85,130.985
1210507,1600,131.04,131.16,130.65,130.74
1210510,1600,130.52,130.825,130.52,130.805
1210511,1600,130.505,130.635,130.22,130.245
1210512,1600,130.27,130.435,129.865,129.9
1210513,1600,129.9,129.9,129.48,129.695
1210514,1600,129.635,129.835,129.635,129.685
1210517,1600,129.885,129.885,129.36,129.45
1210518,1600,129.43,129.73,129.335,129.49
1210519,1600,129.335,129.59,129.085,129.495
1210520,1600,129.375,129.865,129.305,129.865
1210521,1600,129.9,130.19,129.885,130.1
1210524,1600,130.1,130.1,130.1,130.1
1210525,1600,130.295,130.58,130.245,130.52
1210526,1600,130.875,131.07,130.705,131.01
1210527,1600,131.015,131.025,130.655,130.72
1210528,1600,130.505,130.825,130.505,130.825
1210601,1600,130.865,131.065,130.73,130.805
1210602,1600,130.84,131.01,130.83,131.01
1210603,1600,130.93,130.945,130.86,130.875
1210604,1600,131.08,131.125,130.8,131.08
1210607,1600,131.1,131.1,130.81,130.91
1210608,1600,130.95,131.26,130.895,131.26
1210609,1600,131.21,131.73,131.21,131.51
1210610,1600,131.505,131.55,131.14,131.475
1210611,1600,131.845,131.895,131.66,131.83
1210614,1600,131.985,131.985,131.52,131.545
1210615,1600,131.715,131.715,131.355,131.4
1210616,1600,131.555,131.555,131.4,131.53
1210617,1600,131.115,131.33,130.99,131.33
1210618,1600,131.33,131.435,131.11,131.26
1210621,1600,131.44,131.475,131.0,131.035
1210622,1600,131.065,131.145,130.82,130.985
1210623,1600,130.9,131.25,130.9,131.04
1210624,1600,130.965,131.215,130.91,131.16
1210625,1600,131.005,131.1,130.615,130.685
1210628,1600,130.85,131.015,130.66,131.01
1210629,1600,130.92,131.14,130.915,130.995
1210630,1600,130.95,131.46,130.95,131.37
1210701,1600,131.395,131.53,131.175,131.41
1210702,1600,131.49,131.855,131.49,131.74
1210705,1600,131.79,131.79,131.52,131.55
1210706,1600,131.43,132.22,131.43,132.22
1210707,1600,132.14,132.55,132.14,132.325
1210708,1600,132.6,132.74,132.35,132.365
1210709,1600,132.3,132.46,132.155,132.165
1210712,1600,132.225,132.44,132.2,132.31
1210713,1600,132.37,132.5,132.235,132.43
1210714,1600,132.34,132.59,132.2,132.555
1210715,1600,132.625,132.67,132.47,132.49
1210716,1600,132.655,132.83,132.59,132.72
1210719,1600,132.85,133.215,132.825,133.03
1210720,1600,133.405,133.47,133.13,133.26
1210721,1600,133.495,133.495,132.985,133.04
1210722,1600,133.195,133.4,132.985,133.375
1210723,1600,133.38,133.53,133.28,133.53
1210726,1600,133.655,133.815,133.33,133.465
1210727,1600,133.54,133.7,133.525,133.595
1210728,1600,133.715,133.715,133.45,133.555
1210729,1600,133.595,133.685,133.36,133.59
1210730,1600,133.62,133.73,133.52,133.68
1210802,1600,133.845,134.05,133.555,134.015
1210803,1600,133.95,134.14,133.865,134.09
1210804,1600,134.13,134.38,134.005,134.165
1210805,1600,134.3,134.47,134.235,134.31
1210806,1600,134.225,134.32,133.87,133.955
1210809,1600,133.9,134.155,133.9,134.03
1210810,1600,134.27,134.305,133.935,134.11
1210811,1600,134.075,134.08,133.78,133.94
1210812,1600,133.975,134.095,133.885,134.085
1210813,1600,134.105,134.16,133.84,134.12
1210816,1600,134.415,134.415,133.925,134.045
1210817,1600,134.35,134.36,133.97,133.97
1210818,1600,134.105,134.245,134.095,134.19
1210819,1600,134.24,134.315,134.105,134.205
1210820,1600,134.33,134.35,134.25,134.335
1210823,1600,134.315,134.315,133.9,134.095
1210824,1600,133.985,134.225,133.94,134.13
1210825,1600,134.07,134.08,133.265,133.275
1210826,1600,133.305,133.305,133.11,133.225
1210827,1600,133.515,133.515,133.1,133.35
1210831,1600,133.495,133.58,132.86,132.88
1210901,1600,132.995,132.995,132.68,132.83
1210902,1600,132.915,133.11,132.915,133.0
1210903,1600,133.02,133.06,132.65,132.745
1210906,1600,132.805,132.855,132.555,132.845
1210907,1600,132.805,132.835,132.24,132.305
1210908,1600,132.295,132.525,132.295,132.335
1210909,1600,132.39,133.065,132.36,132.98
1210910,1600,133.085,133.085,132.58,132.58
1210913,1600,132.715,132.765,132.57,132.64
1210914,1600,132.665,132.895,132.3,132.84
1210915,1600,132.885,132.885,132.505,132.51
1210916,1600,132.515,132.515,132.28,132.465
1210917,1600,132.325,132.39,132.09,132.21
1210920,1600,132.325,132.68,132.325,132.475
1210921,1600,132.45,132.77,132.405,132.68
1210922,1600,132.505,132.785,132.505,132.77
1210923,1600,132.47,132.705,132.075,132.075
1210924,1600,131.865,131.92,131.68,131.725
1210927,1600,131.765,131.85,131.425,131.705
1210928,1600,131.4,131.49,131.19,131.36
1210929,1600,131.555,131.7,131.46,131.56
1210930,1600,131.38,131.63,131.215,131.24
1211001,1600,131.535,131.78,131.3,131.53
1211004,1600,131.705,131.705,131.38,131.545
1211005,1600,131.565,131.69,131.16,131.225
1211006,1600,130.915,131.3,130.895,131.12
1211007,1600,131.135,131.365,131.135,131.275
1211008,1600,131.14,131.235,130.895,130.895
1211011,1600,130.765,130.915,130.6,130.725
1211012,1600,130.72,130.885,130.53,130.56
1211013,1600,130.67,131.105,130.615,130.965
1211014,1600,130.87,131.605,130.86,131.59
1211015,1600,131.395,131.445,131.16,131.375
1211018,1600,131.17,131.335,130.905,131.265
1211019,1600,131.39,131.39,130.675,130.87
1211020,1600,130.715,130.995,130.715,130.975
1211021,1600,130.85,130.96,130.71,130.81
1211022,1600,130.68,130.895,130.59,130.825
1211025,1600,130.995,130.995,130.745,130.99
1211026,1600,130.975,131.185,130.89,130.99
1211027,1600,130.915,131.59,130.915,131.59
1211028,1600,131.315,131.52,130.95,131.18
1211029,1600,130.695,130.77,130.215,130.615
1211101,1600,130.635,130.67,130.09,130.425
1211102,1600,130.735,131.265,130.665,131.16
1211103,1600,131.35,131.62,131.225,131.29
1211104,1600,131.325,131.96,131.325,131.905
1211105,1600,131.895,132.6,131.895,132.51
1211108,1600,132.555,132.555,132.19,132.19
1211109,1600,132.18,132.88,132.18,132.855
1211110,1600,132.705,132.81,132.125,132.125
1211111,1600,131.98,132.16,131.87,132.005
1211112,1600,132.085,132.21,131.78,132.165
1211115,1600,132.47,132.495,131.92,131.92
1211116,1600,131.825,131.98,131.66,131.895
1211117,1600,131.82,132.01,131.68,131.82
1211118,1600,132.065,132.375,131.9,132.375
1211119,1600,132.33,132.92,132.275,132.92
1211122,1600,132.84,132.95,132.345,132.345
1211123,1600,132.13,132.23,131.51,131.575
1211124,1600,131.49,131.575,131.05,131.295
1211125,1600,131.47,131.625,131.445,131.58
1211126,1600,132.195,132.51,132.1,132.46
1211129,1600,132.38,132.4,132.08,132.3
1211130,1600,132.495,132.935,132.48,132.66
1211201,1600,132.6,132.695,132.305,132.48
1211202,1600,132.44,133.16,132.38,132.865
1211203,1600,132.84,133.105,132.69,133.015
1211206,1600,133.09,133.28,132.96,133.28
1211207,1600,132.83,133.255,132.83,133.2
1211208,1600,133.195,133.37,132.325,132.35
1211209,1600,132.6,132.82,132.53,132.705
1211210,1600,132.69,132.97,132.535,132.875
1211213,1600,132.765,133.31,132.765,133.29
1211214,1600,133.295,133.34,132.985,133.09
1211215,1600,133.16,133.19,132.92,133.045
1211216,1600,133.04,133.155,132.32,132.69
1211217,1600,132.88,133.105,132.645,133.04
1211220,1600,133.25,133.31,132.77,132.77
1211221,1600,132.925,132.925,131.65,132.04
1211222,1600,132.12,132.12,131.685,131.845
1211223,1600,131.805,131.805,131.14,131.305
1211224,1600,131.305,131.305,131.305,131.305
1211229,1600,131.185,131.21,130.615,130.74
1211230,1600,130.795,130.995,130.68,130.8
1211231,1600,130.8,130.8,130.8,130.8
1220104,1600,130.275,130.44,130.13,130.28
1220105,1600,130.155,130.29,130.1,130.13
1220106,1600,129.865,129.925,129.62,129.885
1220107,1600,129.71,129.9,129.63,129.65
1220110,1600,129.525,129.875,129.45,129.725
1220111,1600,129.67,129.87,129.455,129.59
1220112,1600,129.59,130.15,129.525,129.915
1220113,1600,129.685,130.285,129.605,130.185
1220114,1600,130.28,130.28,129.73,129.73
1220117,1600,129.645,129.705,129.51,129.55
1220118,1600,129.47,129.58,129.285,129.365
1220119,1600,129.055,129.37,128.955,129.335
1220120,1600,129.295,129.655,129.265,129.515
1220121,1600,129.82,130.04,129.645,129.76
1220124,1600,129.805,130.23,129.805,130.01
1220125,1600,129.975,129.975,129.75,129.765
1220126,1600,129.78,129.79,129.48,129.49
1220127,1600,129.22,129.635,129.07,129.59
1220128,1600,129.405,129.595,129.12,129.425
1220131,1600,129.515,129.53,128.83,128.98
1220201,1600,128.92,129.28,128.625,128.715
1220202,1600,128.815,128.935,128.515,128.795
1220203,1600,128.525,128.77,127.325,127.45
1220204,1600,126.985,127.44,126.68,126.755
1220207,1600,126.65,126.65,125.99,126.315
1220208,1600,126.155,126.58,125.71,125.84
1220209,1600,126.27,126.515,126.125,126.4
1220210,1600,126.245,126.335,125.53,125.53
1220211,1600,125.715,125.87,125.335,125.405
1220214,1600,125.765,126.195,125.31,125.31
1220215,1600,125.565,125.565,124.955,125.075
1220216,1600,124.945,125.625,124.94,125.47
1220217,1600,125.435,126.005,125.385,125.955
1220218,1600,125.825,126.14,125.815,126.01
1220221,1600,125.855,126.145,125.72,125.84
1220222,1600,126.15,126.15,125.215,125.65
1220223,1600,125.46,125.74,125.415,125.74
1220224,1600,126.105,126.61,126.0,126.265
1220225,1600,126.18,126.5,125.87,125.87
1220228,1600,126.32,126.655,125.94,126.655
1220301,1600,127.115,129.215,126.995,129.215
1220302,1600,128.83,128.965,127.96,127.96
1220303,1600,128.035,128.035,127.42,127.995
1220304,1600,128.07,128.915,128.07,128.915
1220307,1600,128.595,128.87,127.94,128.21
1220308,1600,128.29,128.29,127.265,127.59
1220309,1600,127.575,127.66,126.5,126.605
1220310,1600,126.705,126.98,125.415,125.42
1220311,1600,125.605,125.77,125.175,125.75
1220314,1600,125.38,125.38,124.63,124.63
1220315,1600,124.905,125.51,124.72,125.03
1220316,1600,124.585,125.005,124.5,124.7
1220317,1600,124.76,125.17,124.6,124.775
1220318,1600,124.895,125.195,124.685,125.07
1220321,1600,124.795,124.815,124.185,124.19
1220322,1600,123.925,123.925,123.6,123.875
1220323,1600,123.825,124.245,123.825,124.025
1220324,1600,124.14,124.145,123.495,123.72
1220325,1600,123.825,124.12,123.3,123.5
1220328,1600,123.31,123.61,122.875,123.295
1220329,1600,123.085,123.26,122.195,122.93
1220330,1600,122.73,122.955,122.165,122.665
1220331,1600,122.77,123.65,122.77,123.57
1220401,1600,123.165,123.745,122.64,123.175
1220404,1600,123.225,123.755,123.08,123.425
1220405,1600,123.115,123.135,122.1,122.235
1220406,1600,122.02,122.02,121.39,121.885
1220407,1600,122.015,122.195,121.2,121.64
1220408,1600,121.7,121.735,121.03,121.295
1220411,1600,121.095,121.095,120.585,120.645
1220412,1600,120.525,121.135,120.08,120.885
1220413,1600,120.41,121.15,120.24,120.93
1220414,1600,120.94,121.335,120.145,120.28
1220419,1600,120.17,120.195,119.44,119.79
1220420,1600,119.745,120.43,119.73,120.305
1220421,1600,119.795,120.235,119.575,119.605
1220422,1600,119.7,119.7,119.25,119.285
1220425,1600,119.845,120.165,119.405,120.165
1220426,1600,119.84,120.43,119.84,120.245
1220427,1600,119.925,120.43,119.89,120.17
1220428,1600,120.31,120.31,119.16,119.335
1220429,1600,119.535,119.63,118.75,118.895
1220503,1600,118.3,118.905,118.1,118.685
1220504,1600,118.08,118.46,117.995,118.385
1220505,1600,118.34,118.985,117.645,117.715
1220506,1600,117.815,117.91,116.79,116.965
1220509,1600,116.92,117.275,116.525,117.25
1220510,1600,117.205,118.185,117.205,118.07
1220511,1600,118.095,118.6,117.68,118.415
1220512,1600,119.25,119.745,119.25,119.565
1220513,1600,119.42,119.42,118.715,118.85
1220516,1600,118.98,119.03,118.195,118.865
1220517,1600,118.335,118.565,117.855,117.9
1220518,1600,117.99,118.3,117.57,118.155
1220519,1600,118.14,118.975,118.14,118.62
1220520,1600,118.37,118.415,118.025,118.18
1220523,1600,118.095,118.24,117.595,117.595
1220524,1600,117.395,118.025,117.395,117.985
1220525,1600,117.935,118.365,117.92,118.105
1220526,1600,118.295,118.52,117.795,117.82
1220527,1600,118.04,118.42,117.855,118.16
1220530,1600,117.485,117.58,117.17,117.36
1220531,1600,117.255,117.41,116.5,116.63
1220601,1600,116.625,116.775,116.05,116.05
1220606,1600,115.37,115.37,114.735,114.735
1220607,1600,114.665,115.26,114.665,115.26
1220608,1600,115.01,115.01,114.555,114.72
1220609,1600,114.61,114.945,113.5,113.7
1220610,1600,113.46,113.88,112.84,112.84
1220613,1600,112.52,112.57,111.335,111.38
1220614,1600,111.68,111.81,110.345,110.345
1220615,1600,111.19,112.415,110.83,111.685
1220616,1600,111.85,111.85,110.165,111.74
1220617,1600,111.645,112.71,111.58,112.28
1220620,1600,112.315,112.495,111.575,111.575
1220621,1600,111.64,111.8,111.215,111.25
1220622,1600,111.84,112.64,111.84,112.52
1220623,1600,112.42,114.325,112.42,113.88
1220624,1600,114.01,114.35,113.4,113.64
1220627,1600,113.495,113.53,112.965,113.115
1220628,1600,112.915,112.915,112.35,112.495
1220629,1600,112.585,113.6,112.585,113.6
1220630,1600,113.415,114.655,113.415,114.49
1220701,1600,114.56,116.295,114.085,115.74
1220704,1600,115.02,115.28,114.61,114.75
1220705,1600,114.89,115.75,114.785,115.64
1220706,1600,115.625,116.505,115.54,115.85
1220707,1600,115.435,115.48,114.88,115.08
1220708,1600,115.33,115.545,114.755,114.755
1220711,1600,115.135,115.75,115.13,115.46
1220712,1600,115.685,116.805,115.665,116.45
1220713,1600,116.145,116.56,115.82,116.525
1220714,1600,115.865,115.865,115.255,115.73
1220715,1600,116.255,116.45,115.815,116.11
1220718,1600,115.695,115.765,115.285,115.595
1220719,1600,115.915,115.915,115.09,115.115
1220720,1600,115.5,115.965,115.215,115.275
1220721,1600,114.965,115.285,114.005,115.23
1220722,1600,115.435,117.07,115.435,116.64
1220725,1600,116.55,116.945,116.235,116.795
1220726,1600,116.94,117.635,116.94,117.53
1220727,1600,117.05,117.495,117.005,117.32
1220728,1600,116.8,118.71,116.8,118.4
1220729,1600,118.465,119.04,117.8,119.04
1220801,1600,119.045,119.7,118.555,119.7
1220802,1600,120.325,120.435,119.3,119.51
1220803,1600,119.19,119.19,118.5,118.97
1220804,1600,119.125,119.625,118.835,119.625
1220805,1600,119.405,119.57,118.415,118.44
1220808,1600,118.7,118.95,118.605,118.735
1220809,1600,118.875,118.875,118.07,118.395
1220810,1600,118.395,119.085,118.275,118.905
1220811,1600,118.58,119.135,117.925,118.03
1220812,1600,117.965,117.985,117.565,117.8
1220815,1600,117.92,118.61,117.645,118.52
1220816,1600,118.36,118.37,117.49,117.715
1220817,1600,117.61,117.61,116.395,116.67
1220818,1600,116.255,116.785,116.19,116.57
1220819,1600,116.055,116.055,115.3,115.415
1220822,1600,115.895,115.895,114.84,114.84
1220823,1600,115.12,115.285,114.2,114.6
1220824,1600,114.15,114.635,114.065,114.32
1220825,1600,114.385,114.735,114.3,114.685
1220826,1600,114.675,114.675,113.65,114.155
1220830,1600,113.14,113.745,112.85,113.105
1220831,1600,113.405,113.405,112.6,112.785
1220901,1600,112.36,112.605,112.0,112.35
1220902,1600,112.66,114.155,112.275,112.865
1220905,1600,113.46,113.46,112.2,112.505
1220906,1600,112.47,113.19,112.09,112.315
1220907,1600,112.4,113.05,112.29,112.885
1220908,1600,113.07,113.07,111.84,111.84
1220909,1600,111.515,112.095,111.25,111.96
1220912,1600,111.415,112.19,111.37,112.19
1220913,1600,111.85,112.32,111.635,111.72
1220914,1600,111.81,112.045,111.24,111.93
1220915,1600,111.53,111.8,111.315,111.315
1220916,1600,111.275,111.615,111.165,111.39
1220920,1600,111.46,111.46,109.97,110.085
1220921,1600,110.53,110.57,110.345,110.57
1220922,1600,109.955,111.03,109.93,109.99
1220923,1600,110.085,110.49,109.19,109.555
1220926,1600,109.255,109.255,108.71,108.955
1220927,1600,108.34,108.965,107.53,107.53
1220928,1600,107.34,108.685,106.95,108.6
1220929,1600,107.98,108.15,107.55,107.925
1220930,1600,108.685,108.83,108.135,108.55
1221003,1600,108.48,110.35,108.48,110.35
1221004,1600,110.725,111.12,110.325,110.58
1221005,1600,110.09,110.105,109.01,109.21
1221006,1600,109.145,109.315,108.615,108.69
1221007,1600,108.24,108.61,107.65,107.9
1221010,1600,107.8,108.155,107.0,107.33
1221011,1600,107.295,107.435,106.735,107.435
1221012,1600,106.96,107.175,106.24,106.78
1221013,1600,106.675,107.82,106.16,107.245
1221014,1600,108.195,108.195,106.57,106.6
1221017,1600,107.62,107.62,107.07,107.22
1221018,1600,107.045,107.56,106.575,107.155
1221019,1600,106.88,106.955,106.58,106.58
1221020,1600,105.965,106.68,105.965,106.625
1221021,1600,105.915,106.495,105.665,106.325
1221024,1600,106.92,107.485,106.5,107.225
1221025,1600,108.045,108.62,107.745,108.62
1221026,1600,108.7,108.93,108.225,108.82
1221027,1600,108.545,110.265,108.205,110.265
1221028,1600,109.72,109.72,108.81,109.345
1221031,1600,109.08,109.08,108.56,108.695
1221101,1600,109.175,109.56,108.7,108.905
1221102,1600,109.015,109.05,108.57,108.795
1221103,1600,108.11,108.52,107.9,108.045
1221104,1600,108.09,108.475,107.715,107.795
1221107,1600,107.51,108.11,107.405,107.595
1221108,1600,107.415,108.23,107.325,108.05
1221109,1600,108.47,108.9,108.15,108.67
1221110,1600,108.81,110.425,108.605,110.29
1221111,1600,109.59,109.825,108.815,108.89
1221114,1600,108.965,109.275,108.8,108.95
1221115,1600,109.13,109.855,108.985,109.51
1221116,1600,109.425,110.43,109.425,110.22
1221117,1600,110.665,110.665,110.06,110.21
1221118,1600,110.255,110.595,109.795,110.575
1221121,1600,110.355,110.865,110.215,110.605
1221122,1600,110.415,110.81,110.35,110.63
1221123,1600,110.485,111.535,110.34,111.38
1221124,1600,111.745,112.28,111.745,111.98
1221125,1600,111.715,111.88,110.93,111.05
1221128,1600,111.225,111.34,110.505,110.81
1221129,1600,111.46,111.735,111.2,111.51
1221130,1600,111.13,111.515,111.07,111.305
1221201,1600,111.88,112.83,111.745,112.355
1221202,1600,112.445,112.755,111.975,112.06
1221205,1600,112.035,112.44,111.905,112.0
1221206,1600,111.98,112.665,111.915,112.525
1221207,1600,112.88,112.885,112.4,112.74
1221208,1600,112.835,112.92,112.35,112.485
1221209,1600,112.18,112.235,111.495,111.625
1221212,1600,111.65,112.04,111.53,111.595
1221213,1600,111.59,112.855,111.265,111.795
1221214,1600,111.71,111.71,111.0,111.26
1221215,1600,111.245,111.395,109.7,109.745
1221216,1600,109.345,109.345,108.7,108.98
1221219,1600,109.0,109.08,108.645,108.78
1221220,1600,108.22,108.345,107.94,107.95
1221221,1600,108.165,108.4,108.0,108.095
1221222,1600,108.025,108.39,107.595,107.68
1221223,1600,107.755,107.76,107.39,107.585
1221228,1600,106.585,107.04,106.515,106.515
1221229,1600,106.84,107.07,106.56,106.99
1221230,1600,106.83,106.855,106.315,106.585
1230103,1600,106.775,107.835,106.705,107.515
1230104,1600,108.085,108.575,108.085,108.56
1230105,1600,108.21,108.445,107.9,108.115
1230106,1600,108.305,108.905,107.925,108.8
1230109,1600,108.505,108.8,108.245,108.79
1230110,1600,108.46,108.49,108.24,108.31
1230111,1600,108.735,109.275,108.635,109.22
1230112,1600,109.255,109.8,108.86,109.2
1230113,1600,109.27,109.715,109.13,109.13
1230116,1600,109.23,109.23,108.7,109.11
1230117,1600,108.875,110.02,108.83,109.875
1230118,1600,109.955,110.97,109.8,110.68
1230119,1600,110.665,110.91,110.11,110.455
1230120,1600,110.12,110.12,109.25,109.255
1230123,1600,109.17,109.32,108.865,108.945
1230124,1600,109.095,109.545,108.97,109.545
1230125,1600,109.645,110.035,109.3,109.385
1230126,1600,109.47,109.54,108.885,108.935
1230127,1600,108.81,108.81,108.365,108.68
1230130,1600,108.515,108.515,108.035,108.08
1230131,1600,108.505,109.195,108.055,108.405
1230201,1600,108.42,108.625,108.2,108.25
1230202,1600,108.64,110.43,108.49,110.365
1230203,1600,110.065,110.065,108.955,109.245
1230206,1600,108.92,108.92,108.51,108.625
1230207,1600,108.585,108.585,108.29,108.5
1230208,1600,108.175,108.21,107.85,108.125
1230209,1600,108.56,108.85,108.395,108.515
1230210,1600,108.23,108.28,107.965,108.03
1230213,1600,107.835,108.21,107.785,108.03
1230214,1600,108.325,108.355,107.54,107.54
1230215,1600,107.61,107.845,107.13,107.13
1230216,1600,107.23,107.23,106.8,107.075
1230217,1600,106.5,107.44,106.49,107.27
1230220,1600,107.35,107.465,107.14,107.14
1230221,1600,107.03,107.03,106.395,106.455
1230222,1600,106.56,106.675,106.23,106.535
1230223,1600,106.555,107.025,106.33,107.02
1230224,1600,107.29,107.355,106.28,106.5
1230227,1600,106.635,106.635,106.1,106.19
1230228,1600,105.695,105.91,105.28,105.78
1230301,1600,105.345,105.68,105.16,105.245
1230302,1600,105.045,105.4,104.92,105.035
1230303,1600,105.145,105.415,105.135,105.33
1230306,1600,105.78,105.885,105.175,105.23
1230307,1600,105.255,105.84,105.165,105.43
1230308,1600,105.28,105.895,105.23,105.825
1230309,1600,105.47,105.915,105.42,105.915
1230310,1600,106.905,107.175,106.43,106.745
1230313,1600,107.04,109.0,107.04,108.015
1230314,1600,108.725,108.725,107.0,107.135
1230315,1600,106.89,109.47,106.785,109.25
1230316,1600,109.045,109.97,108.23,108.48
1230317,1600,108.41,109.805,108.3,109.47
1230320,1600,110.31,110.59,109.5,109.675
1230321,1600,109.435,109.435,108.45,108.585
1230322,1600,108.25,108.365,107.65,108.175
1230323,1600,108.72,109.195,108.405,109.115
1230324,1600,109.53,110.3,109.44,109.55
1230327,1600,109.575,109.575,108.595,108.995
1230328,1600,108.43,108.7,108.19,108.485
1230329,1600,108.225,108.6,108.145,108.375
1230330,1600,109.005,109.005,107.725,107.855
1230331,1600,107.91,108.43,107.56,108.43
1230403,1600,108.27,108.92,107.94,108.92
1230404,1600,108.655,108.72,108.12,108.72
1230405,1600,108.59,109.405,108.355,109.21
1230406,1600,109.145,109.67,109.1,109.18
1230411,1600,108.67,108.86,108.175,108.365
1230412,1600,108.36,108.565,107.575,107.915
1230413,1600,108.135,108.15,107.6,107.71
1230414,1600,107.585,107.94,107.395,107.395
1230417,1600,107.39,107.45,106.96,107.155
1230418,1600,107.02,107.5,106.975,107.285
1230419,1600,106.865,107.15,106.82,106.885
1230420,1600,107.25,107.36,106.955,107.34
1230421,1600,107.535,107.535,106.94,106.98
1230424,1600,107.275,107.39,106.89,106.97
1230425,1600,107.355,107.885,107.1,107.775
1230426,1600,107.965,108.21,107.645,107.715
1230427,1600,107.55,107.665,107.14,107.14
1230428,1600,107.34,108.375,107.285,108.295
1230502,1600,107.68,108.715,107.435,108.715
1230503,1600,108.54,108.815,108.54,108.64
1230504,1600,108.56,109.05,107.955,108.955
1230505,1600,108.795,108.795,108.19,108.345
1230509,1600,108.145,108.295,107.835,107.935
1230510,1600,107.765,108.405,107.63,108.305
1230511,1600,108.545,109.165,108.255,108.78
1230512,1600,108.705,108.805,108.415,108.505
1230515,1600,108.32,108.455,108.15,108.2
1230516,1600,108.615,108.615,107.83,107.9
1230517,1600,108.09,108.295,107.935,107.935
1230518,1600,107.73,107.73,107.12,107.24
1230519,1600,107.16,107.525,106.895,107.525
1230522,1600,107.53,107.705,107.125,107.255
1230523,1600,107.07,107.18,106.89,107.03
1230524,1600,106.955,107.485,106.865,107.165
1230525,1600,107.01,107.35,106.84,106.84
1230526,1600,106.76,107.0,106.465,106.77
1230530,1600,107.665,108.24,107.595,108.23
1230531,1600,108.61,108.86,108.41,108.71
1230601,1600,108.53,109.0,108.425,108.895
1230602,1600,108.815,109.23,108.61,108.7
1230605,1600,108.295,108.38,108.06,108.215
1230606,1600,108.175,108.655,108.03,108.25
1230607,1600,108.15,108.31,107.645,107.645
1230608,1600,107.295,107.9,107.295,107.835
1230609,1600,107.98,108.315,107.82,108.315
1230612,1600,108.355,108.785,108.215,108.405
1230613,1600,108.445,108.75,108.105,108.125
1230614,1600,107.92,108.175,107.805,107.985
1230615,1600,107.7,108.05,107.15,107.675
1230616,1600,107.39,108.21,107.3,108.195
1230619,1600,108.325,108.325,107.585,107.585
1230620,1600,107.99,108.45,107.745,108.365
1230621,1600,108.13,108.455,108.05,108.315
1230622,1600,108.375,108.43,107.805,107.82
1230623,1600,108.065,109.0,108.065,108.745
1230626,1600,108.67,109.195,108.67,109.035
1230627,1600,108.935,109.135,108.655,108.69
1230628,1600,108.75,109.12,108.615,108.995
1230629,1600,108.63,108.87,108.075,108.31
1230630,1600,108.29,108.53,108.03,108.515
1230703,1600,108.655,108.7,108.11,108.14
1230704,1600,107.975,108.07,107.74,107.965
1230705,1600,107.83,108.275,107.825,107.88
1230706,1600,107.585,107.775,106.735,106.745
1230707,1600,106.82,106.97,106.545,106.82
1230710,1600,106.69,106.81,106.455,106.665
1230711,1600,106.915,107.02,106.51,106.51
1230712,1600,106.795,107.35,106.075,107.35
1230713,1600,107.045,107.48,106.9,107.325
1230714,1600,107.255,107.45,107.035,107.14
1230717,1600,107.325,107.49,107.045,107.23
1230718,1600,107.575,108.275,107.455,108.095
1230719,1600,108.58,108.62,107.715,107.77
1230720,1600,107.905,107.905,107.395,107.515
1230721,1600,107.485,107.78,107.43,107.745
1230724,1600,107.615,108.14,107.615,107.925
1230725,1600,107.82,107.925,107.615,107.86
1230726,1600,107.65,107.805,107.41,107.485
1230727,1600,107.74,108.135,107.31,107.62
1230728,1600,107.005,107.73,107.005,107.495
1230731,1600,107.24,107.56,107.12,107.495
1230801,1600,107.56,107.585,106.985,106.985
1230802,1600,107.125,107.405,107.025,107.12
1230803,1600,106.86,107.14,106.69,106.865
1230804,1600,106.565,107.035,106.405,106.96
1230807,1600,107.005,107.07,106.51,106.89
1230808,1600,107.375,107.885,107.375,107.695
1230809,1600,107.725,107.785,107.385,107.52
1230810,1600,107.41,107.585,107.265,107.345
1230811,1600,107.075,107.145,106.685,106.71
1230814,1600,106.685,106.875,106.485,106.6
1230815,1600,106.425,106.425,105.8,106.225
1230816,1600,106.375,106.485,106.155,106.345
1230817,1600,106.085,106.19,105.995,105.995
1230818,1600,106.615,106.745,106.45,106.465
1230821,1600,106.55,106.55,105.9,105.9
1230822,1600,106.105,106.465,106.105,106.465
1230823,1600,106.725,107.48,106.575,107.445
1230824,1600,107.785,107.9,107.315,107.39
1230825,1600,107.38,107.41,106.945,107.1
1230829,1600,107.165,107.5,106.96,107.5
1230830,1600,107.23,107.345,106.95,107.345
1230831,1600,107.505,107.88,107.3,107.73
1230901,1600,107.795,107.9,107.185,107.25
1230904,1600,107.075,107.205,106.86,106.92
1230905,1600,106.85,106.95,106.645,106.735
1230906,1600,106.64,106.73,106.285,106.345
1230907,1600,106.385,106.74,106.345,106.625
1230908,1600,106.955,106.955,106.65,106.85
1230911,1600,106.55,106.675,106.425,106.505
1230912,1600,106.555,106.665,106.375,106.425
1230913,1600,106.235,106.4,106.0,106.34
1230914,1600,106.33,107.01,106.29,106.8
1230915,1600,106.705,106.705,106.04,106.305
1230918,1600,106.06,106.075,105.725,105.77
1230919,1600,105.795,106.005,105.68,105.685
1230920,1600,105.67,106.02,105.67,106.02
1230921,1600,105.78,105.845,105.45,105.69
1230922,1600,105.825,106.1,105.56,105.64
1230925,1600,105.615,105.615,105.08,105.265
1230926,1600,105.05,105.365,105.05,105.16
1230927,1600,105.15,105.38,104.885,104.89
1230928,1600,104.585,104.72,103.865,104.095
1230929,1600,104.555,105.085,104.555,104.82
1231002,1600,104.845,104.87,104.46,104.515
1231003,1600,104.565,104.59,104.04,104.15
1231004,1600,103.655,104.235,103.655,104.155
1231005,1600,104.29,104.5,104.015,104.42
1231006,1600,104.305,104.385,103.975,104.355
1231009,1600,104.69,105.145,104.35,105.145
1231010,1600,105.175,105.265,104.775,105.255
1231011,1600,105.305,105.85,105.285,105.85
1231012,1600,106.06,106.06,105.24,105.25
1231013,1600,105.385,105.74,105.37,105.535
1231016,1600,105.26,105.275,105.04,105.195
1231017,1600,105.095,105.15,104.48,104.63
1231018,1600,104.525,104.605,104.185,104.245
1231019,1600,104.155,104.485,104.025,104.33
1231020,1600,104.465,104.665,104.3,104.525
1231023,1600,104.425,104.895,104.1,104.87
1231024,1600,105.205,105.35,104.91,104.92
1231025,1600,105.08,105.08,104.46,104.5
1231026,1600,104.23,104.97,104.23,104.785
1231027,1600,104.9,105.295,104.8,105.02
1231030,1600,105.46,105.525,104.995,105.21
1231031,1600,105.53,105.71,105.315,105.35
1231101,1600,105.125,105.765,105.02,105.655
1231102,1600,105.82,106.455,105.82,106.195
1231103,1600,106.16,106.89,106.08,106.735
1231106,1600,106.475,106.475,105.945,106.04
1231107,1600,105.945,106.6,105.945,106.54
1231108,1600,106.635,107.035,106.62,107.03
1231109,1600,106.975,106.975,106.67,106.72
1231110,1600,106.56,106.56,106.165,106.365
1231113,1600,106.305,106.6,106.155,106.38
1231114,1600,106.555,107.265,106.39,107.265
1231115,1600,107.445,107.545,106.99,107.065
1231116,1600,107.35,107.645,107.18,107.495
1231117,1600,107.785,108.075,107.425,107.425
1231120,1600,107.6,107.62,107.31,107.47
1231121,1600,107.7,107.885,107.535,107.865
1231122,1600,107.705,108.13,107.645,107.8
1231123,1600,107.73,107.795,107.34,107.44
1231124,1600,107.29,107.4,107.175,107.265
1231127,1600,107.46,107.975,107.27,107.955
1231128,1600,108.04,108.315,107.765,108.245
1231129,1600,108.745,108.885,108.48,108.785
1231130,1600,109.075,109.075,108.28,108.6
1231201,1600,108.695,109.445,108.605,109.445
1231204,1600,109.445,109.445,109.445,109.445
1231205,1600,109.445,109.445,109.445,109.445
1231206,1600,109.445,109.445,109.445,109.445
1231207,1600,110.635,111.06,110.635,110.9
1231208,1600,110.765,110.765,110.005,110.185
1231211,1600,110.105,110.32,110.105,110.105
1231212,1600,110.79,110.79,110.32,110.51
1231213,1600,110.72,111.0,110.615,110.93
1231214,1600,111.915,112.215,111.36,111.58
1231215,1600,111.625,112.39,111.58,112.375
1231218,1600,112.325,112.46,111.835,111.935
1231219,1600,112.22,112.635,112.205,112.635
1231220,1600,112.815,113.075,112.715,112.88
1231221,1600,113.11,113.305,112.9,113.17
1231222,1600,113.035,113.26,112.925,113.145
1231227,1600,113.34,113.68,113.25,113.58
1231228,1600,113.61,113.61,113.075,113.2
1231229,1600,113.3,113.3,112.565,112.715
1240102,1600,112.155,112.33,111.845,112.2
1240103,1600,111.985,112.49,111.78,112.49
1240104,1600,112.54,112.615,111.5,111.73
1240105,1600,111.63,111.685,110.95,111.52
1240108,1600,111.225,111.685,110.99,111.645
1240109,1600,111.285,111.365,111.05,111.19
1240110,1600,111.285,111.5,111.05,111.085
1240111,1600,110.295,110.79,110.13,110.225
1240112,1600,110.745,110.93,110.415,110.815
1240115,1600,110.46,110.615,110.22,110.345
1240116,1600,110.39,110.625,110.17,110.265
1240117,1600,109.755,110.21,109.67,109.74
1240118,1600,109.81,109.93,109.59,109.595
1240119,1600,109.74,109.965,109.6,109.82
1240122,1600,109.975,110.21,109.94,110.07
1240123,1600,109.815,109.945,109.51,109.575
1240124,1600,109.63,109.98,109.63,109.65
1240125,1600,109.61,110.175,109.42,110.135
1240126,1600,110.42,110.42,109.94,110.12
1240129,1600,110.325,110.595,110.29,110.545
1240130,1600,110.6,110.66,110.035,110.225
1240131,1600,110.69,111.045,110.455,110.92
1240201,1600,110.81,111.2,110.495,111.11
1240202,1600,110.865,111.035,110.305,110.42
1240205,1600,110.085,110.16,109.655,109.805
1240206,1600,109.93,110.085,109.69,109.92
1240207,1600,110.07,110.07,109.765,109.795
1240208,1600,109.705,109.89,109.445,109.495
1240209,1600,109.365,109.665,109.26,109.31
1240212,1600,109.585,109.72,109.38,109.545
1240213,1600,109.525,109.885,109.265,109.415
1240214,1600,109.52,109.85,109.52,109.85
1240215,1600,110.195,110.25,109.86,109.86
1240216,1600,109.6,109.705,109.43,109.63
1240219,1600,109.61,109.695,109.46,109.47
1240220,1600,109.585,109.88,109.525,109.81
1240221,1600,109.63,109.84,109.27,109.27
1240222,1600,109.23,109.7,108.905,109.45
1240223,1600,109.43,110.02,109.18,110.0
1240226,1600,110.14,110.16,109.445,109.445
1240227,1600,109.6,109.61,109.23,109.23
1240228,1600,109.25,109.47,109.17,109.245
1240229,1600,109.465,109.78,108.97,109.78
1240301,1600,109.525,109.765,109.25,109.58
1240304,1600,109.55,109.855,109.54,109.795
1240305,1600,110.1,110.625,109.95,110.515
1240306,1600,110.49,110.82,110.24,110.565
1240307,1600,110.625,111.3,110.415,110.89
1240308,1600,110.99,111.495,110.98,111.16
1240311,1600,111.265,111.265,110.7,110.855
1240312,1600,110.9,111.1,110.665,110.795
1240313,1600,110.995,110.995,110.53,110.59
1240314,1600,110.535,110.785,110.16,110.165
1240315,1600,109.95,110.25,109.95,110.08
1240318,1600,110.13,110.135,109.94,109.99
1240319,1600,110.105,110.185,109.955,109.955
1240320,1600,110.31,110.34,110.055,110.075
1240321,1600,110.095,110.65,110.095,110.35
1240322,1600,110.45,110.795,110.4,110.79
1240325,1600,110.79,110.81,110.33,110.4
1240326,1600,110.485,110.705,110.44,110.575
1240327,1600,110.77,110.995,110.685,110.995
1240328,1600,110.84,110.85,110.595,110.815
1240402,1600,110.14,110.57,109.88,109.995
1240403,1600,110.005,110.2,109.69,109.98
1240404,1600,110.235,110.59,110.1,110.395
1240405,1600,110.56,110.595,110.05,110.125
1240408,1600,109.89,110.0,109.82,109.945
1240409,1600,110.05,110.59,110.05,110.515
1240410,1600,110.5,110.785,109.965,110.1
1240411,1600,109.945,110.255,109.67,109.72
1240412,1600,110.14,110.89,110.14,110.6
1240415,1600,110.35,110.415,109.85,109.925
1240416,1600,109.89,109.96,109.315,109.52
1240417,1600,109.535,109.87,109.5,109.725
1240418,1600,109.965,109.985,109.58,109.585
1240419,1600,109.825,109.895,109.4,109.62
1240422,1600,109.52,109.805,109.295,109.77
1240423,1600,109.915,109.975,109.525,109.725
1240424,1600,109.545,109.575,108.99,109.035
1240425,1600,109.075,109.195,108.6,108.75
1240426,1600,108.965,109.415,108.925,109.18
1240429,1600,109.445,109.77,109.415,109.655
1240430,1600,109.615,109.715,109.19,109.285
1240501,1600,109.285,109.285,109.285,109.285
1240502,1600,109.625,109.775,109.335,109.56
1240503,1600,109.77,110.22,109.6,109.95
1240507,1600,110.295,110.495,110.185,110.495
1240508,1600,110.345,110.41,110.07,110.215
1240509,1600,110.125,110.17,109.84,109.93
1240510,1600,110.215,110.215,109.755,109.765
1240513,1600,109.805,109.99,109.73,109.81
1240514,1600,109.785,109.97,109.41,109.565
1240515,1600,109.8,110.555,109.75,110.555
1240516,1600,110.695,110.715,110.38,110.435
1240517,1600,110.31,110.31,109.89,109.89
1240520,1600,109.89,110.0,109.82,109.89
1240521,1600,109.89,110.12,109.85,109.975
1240522,1600,109.72,109.91,109.625,109.815
1240523,1600,109.905,110.01,109.3,109.37
1240524,1600,109.555,109.585,109.26,109.525
1240528,1600,109.885,109.885,109.49,109.5
1240529,1600,109.215,109.39,108.775,108.845
1240530,1600,108.95,109.065,108.79,109.045
1240531,1600,109.06,109.18,108.715,109.12
1240603,1600,109.2,109.72,109.055,109.65
1240604,1600,109.615,110.085,109.615,109.91
1240605,1600,109.895,110.27,109.775,110.23
1240606,1600,110.19,110.19,109.67,109.89
1240607,1600,109.855,109.89,109.225,109.345
1240610,1600,109.21,109.21,108.61,108.7
1240611,1600,108.69,108.87,108.285,108.755
1240612,1600,108.94,109.55,108.845,109.51
1240613,1600,109.355,109.67,109.325,109.585
1240614,1600,109.73,110.28,109.635,110.165
1240617,1600,110.245,110.25,109.78,109.95
1240618,1600,110.175,110.245,109.865,110.175
1240619,1600,110.165,110.265,109.865,109.955
1240620,1600,109.795,110.02,109.735,109.86
1240621,1600,110.06,110.385,109.855,109.855
1240624,1600,110.015,110.085,109.88,109.88
1240625,1600,110.075,110.285,109.94,110.04
1240626,1600,110.01,110.08,109.61,109.61
1240627,1600,109.71,109.775,109.45,109.61
1240628,1600,109.775,109.775,109.245,109.45
1240701,1600,109.405,109.405,108.825,108.925
1240702,1600,108.885,109.22,108.745,109.04
1240703,1600,109.215,109.555,109.075,109.495
1240704,1600,109.375,109.45,109.285,109.35
1240705,1600,109.55,109.845,109.485,109.805
1240708,1600,109.65,110.105,109.57,110.105
1240709,1600,109.99,109.99,109.565,109.59
1240710,1600,109.955,110.225,109.925,110.055
1240711,1600,110.095,110.775,109.97,110.62
1240712,1600,110.49,110.69,110.24,110.445
1240715,1600,110.49,110.74,110.385,110.695
1240716,1600,110.8,111.055,110.8,111.03
1240717,1600,111.095,111.24,110.86,111.05
1240718,1600,110.045,110.105,109.79,110.105
1240719,1600,110.0,110.0,109.55,109.68
1240722,1600,109.69,109.755,109.54,109.555
1240723,1600,109.51,109.79,109.42,109.79
1240724,1600,109.775,109.835,109.56,109.67
1240725,1600,109.585,109.93,109.585,109.805
1240726,1600,109.55,109.985,109.5,109.895
1240729,1600,110.115,110.45,110.04,110.335
1240730,1600,110.365,110.5,110.205,110.345
1240731,1600,110.54,110.83,110.47,110.83
1240801,1600,110.965,111.165,110.75,111.085
1240802,1600,111.24,111.57,111.04,111.33
1240805,1600,111.515,111.86,111.205,111.24
1240806,1600,111.185,111.67,111.06,111.255
1240807,1600,111.185,111.21,110.69,110.69
1240808,1600,111.07,111.27,110.82,110.975
1240809,1600,110.98,111.305,110.98,111.175
1240812,1600,111.19,111.305,111.05,111.305
1240813,1600,111.195,111.71,111.195,111.71
1240814,1600,111.73,111.73,111.415,111.69
1240815,1600,111.805,111.805,111.09,111.21
1240816,1600,111.365,111.545,111.095,111.095
1240819,1600,111.39,111.58,111.16,111.175
1240820,1600,111.365,111.6,111.27,111.6
1240821,1600,111.41,111.745,111.41,111.72
1240822,1600,111.805,111.9,111.415,111.47
1240823,1600,111.52,111.695,111.31,111.595
1240827,1600,111.415,111.415,110.91,111.11
1240828,1600,111.19,111.47,111.115,111.26
1240829,1600,111.32,111.565,111.085,111.21
1240830,1600,111.15,111.41,111.075,111.09
1240902,1600,110.805,110.885,110.7,110.88
1240903,1600,110.96,111.425,110.76,111.285
1240904,1600,111.53,111.87,111.345,111.735
1240905,1600,111.93,112.065,111.63,111.96
1240906,1600,112.15,112.335,111.85,112.175
1240909,1600,111.81,112.15,111.6,112.15
1240910,1600,112.14,112.38,112.005,112.38
1240911,1600,112.61,112.745,112.245,112.56
1240912,1600,112.705,112.72,112.26,112.315
1240913,1600,112.495,112.655,112.265,112.515
1240916,1600,112.61,112.73,112.395,112.73
1240917,1600,112.815,112.89,112.5,112.565
1240918,1600,112.465,112.5,111.985,112.13
1240919,1600,112.005,112.1,111.875,112.07
1240920,1600,112.145,112.245,111.845,111.92
1240923,1600,111.93,112.255,111.93,112.225
1240924,1600,112.33,112.56,112.005,112.54
1240925,1600,112.555,112.555,112.04,112.155
1240926,1600,112.235,112.625,112.2,112.28
1240927,1600,112.615,112.855,112.42,112.44
1240930,1600,112.495,112.71,112.275,112.615
1241001,1600,112.795,113.615,112.795,113.275
1241002,1600,113.27,113.27,112.795,112.9
1241003,1600,112.76,112.82,112.495,112.64
1241004,1600,112.5,112.5,111.905,112.225
1241007,1600,112.095,112.105,111.84,111.91
1241008,1600,111.965,111.995,111.765,111.965
1241009,1600,112.105,112.11,111.815,111.91
1241010,1600,111.72,112.035,111.72,111.985
1241011,1600,112.065,112.065,111.585,111.895
1241014,1600,112.085,112.085,111.76,111.955
1241015,1600,112.345,112.415,112.12,112.415
1241016,1600,112.46,112.815,112.46,112.815
1241017,1600,112.665,112.79,112.465,112.76
1241018,1600,112.49,113.0,112.49,113.0
1241021,1600,112.77,112.845,111.995,112.13
1241022,1600,111.945,112.01,111.68,111.85
1241023,1600,111.915,111.975,111.755,111.975
1241024,1600,112.215,112.465,112.195,112.33
1241025,1600,112.395,112.43,112.04,112.145
1241028,1600,111.805,112.395,111.775,112.205
1241029,1600,112.23,112.23,111.795,111.795
1241030,1600,112.08,112.18,111.41,111.645
1241031,1600,111.29,111.555,111.1,111.42
1241101,1600,111.5,111.68,111.245,111.27
1241104,1600,111.41,111.62,111.22,111.62
1241105,1600,111.34,111.575,111.235,111.435
1241106,1600,111.635,111.74,111.115,111.265
1241107,1600,111.33,111.33,110.66,111.135
1241108,1600,111.505,111.735,111.32,111.585
1241111,1600,111.935,112.165,111.735,112.055
1241112,1600,111.92,112.275,111.83,111.83
1241113,1600,111.61,112.0,111.6,111.8
1241114,1600,111.66,112.305,111.655,112.305
1241115,1600,112.255,112.355,112.025,112.24
1241118,1600,112.03,112.13,111.74,112.02
1241119,1600,112.405,112.68,112.18,112.28
1241120,1600,112.11,112.195,111.885,112.15
1241121,1600,111.88,112.445,111.88,112.245
1241122,1600,112.14,112.89,112.14,112.675
1241125,1600,112.895,113.1,112.625,113.0
1241126,1600,113.015,113.15,112.9,113.115
1241127,1600,113.375,113.38,113.06,113.305
1241128,1600,113.575,113.755,113.355,113.705
1241129,1600,113.815,114.205,113.76,114.205
1241202,1600,114.265,114.535,114.14,114.41
1241203,1600,114.21,114.485,114.145,114.325
1241204,1600,114.16,114.505,114.04,114.505
1241205,1600,114.5,114.615,114.3,114.44
1241206,1600,114.455,114.63,114.3,114.47
1241209,1600,114.635,114.635,114.39,114.43
1241210,1600,114.255,114.52,114.22,114.47
1241211,1600,114.45,114.57,114.22,114.275
1241212,1600,113.925,114.37,113.61,113.61
1241213,1600,113.58,113.6,113.235,113.29
1241216,1600,113.25,113.365,113.145,113.155
1241217,1600,113.03,113.4,113.03,113.255
1241218,1600,113.28,113.28,113.05,113.195
1241219,1600,112.875,112.965,112.68,112.81
1241220,1600,112.96,113.475,112.66,112.925
1241223,1600,112.69,112.93,112.635,112.675
1241224,1600,112.675,112.675,112.675,112.675
1241227,1600,112.395,112.395,112.105,112.29
1241230,1600,112.145,112.385,112.11,112.385
1241231,1600,112.385,112.385,112.385,112.385
1250102,1600,112.45,112.785,112.235,112.235
1250103,1600,112.455,112.455,111.755,111.78
1250106,1600,111.775,111.945,111.73,111.85
1250107,1600,111.89,111.89,111.505,111.605
1250108,1600,111.64,111.655,111.17,111.26
1250109,1600,111.075,111.25,110.965,111.105
1250110,1600,110.95,110.95,110.615,110.8
1250113,1600,110.59,110.655,110.38,110.5
1250114,1600,110.815,110.815,110.395,110.445
1250115,1600,110.595,111.34,110.47,111.185
1250116,1600,110.02,110.105,109.7,110.075
1250117,1600,110.25,110.51,110.24,110.24
1250120,1600,110.34,110.43,110.1,110.4
1250121,1600,110.41,110.605,110.32,110.605
1250122,1600,110.505,110.765,110.445,110.56
1250123,1600,110.58,110.58,110.165,110.26
1250124,1600,110.3,110.41,109.96,110.17
1250127,1600,110.47,110.67,110.285,110.455
1250128,1600,110.31,110.415,110.24,110.29
1250129,1600,110.53,110.555,110.09,110.1
1250130,1600,110.38,110.685,110.355,110.535
1250131,1600,110.59,111.065,110.54,111.005
1250203,1600,111.195,111.785,111.105,111.76
1250204,1600,111.435,111.645,111.27,111.645
1250205,1600,111.775,112.025,111.735,111.88
1250206,1600,111.865,111.975,111.625,111.82
1250207,1600,111.92,111.98,111.595,111.83
1250210,1600,111.82,111.975,111.74,111.92
1250211,1600,111.735,111.735,111.22,111.32
1250212,1600,111.25,111.31,110.92,111.025
1250213,1600,111.02,111.65,111.02,111.61
1250214,1600,111.56,111.59,111.36,111.475
1250217,1600,111.07,111.21,110.93,111.165
1250218,1600,110.835,111.2,110.835,111.1
1250219,1600,111.045,111.045,110.6,110.695
1250220,1600,110.705,110.835,110.58,110.835
1250221,1600,110.8,111.26,110.795,111.245
1250224,1600,111.145,111.26,111.01,111.12
1250225,1600,111.13,111.45,111.045,111.33
1250226,1600,111.295,111.63,111.295,111.37
1250227,1600,111.705,111.76,111.43,111.66
1250228,1600,111.835,111.94,111.675,111.765
1250303,1600,111.6,111.64,110.97,111.145
1250304,1600,111.48,111.6,110.995,111.03
1250305,1600,110.02,110.22,109.115,109.28
1250306,1600,108.625,109.045,108.545,108.585
1250307,1600,108.92,109.315,108.86,108.86
1250310,1600,108.905,109.295,108.875,108.905
1250311,1600,108.825,108.925,108.575,108.59
1250312,1600,108.63,108.825,108.465,108.715
1250313,1600,108.775,108.87,108.525,108.82
1250314,1600,108.82,108.82,108.38,108.685
1250317,1600,108.815,109.355,108.745,109.27
1250318,1600,109.145,109.21,108.98,109.105
1250319,1600,109.445,109.455,109.255,109.385
1250320,1600,109.505,109.59,109.305,109.38
1250321,1600,109.385,109.62,109.385,109.42
1250324,1600,109.43,109.55,109.33,109.49
1250325,1600,109.31,109.44,109.145,109.44
1250326,1600,109.425,109.475,109.28,109.43
1250327,1600,109.62,109.7,109.415,109.555
1250328,1600,109.91,109.96,109.72,109.73
1250331,1600,110.23,110.23,109.69,109.845
1250401,1600,110.005,110.345,109.94,110.12
1250402,1600,110.21,110.315,109.94,109.94
1250403,1600,110.605,110.605,110.23,110.335
1250404,1600,110.85,111.295,110.7,110.975
1250407,1600,110.975,111.395,110.01,110.01
1250408,1600,110.3,110.605,109.895,110.22
1250409,1600,110.245,110.605,109.765,110.3
1250410,1600,110.07,110.77,109.9,110.66
1250411,1600,110.61,111.265,110.0,110.0
1250414,1600,110.985,111.335,110.955,111.215
1250415,1600,111.385,111.435,110.99,111.29
1250416,1600,111.42,111.495,111.22,111.36
1250417,1600,111.275,111.655,111.005,111.59
1250422,1600,111.625,111.855,111.555,111.855
1250423,1600,111.635,111.77,111.415,111.565
1250424,1600,111.645,112.105,111.61,112.095
1250425,1600,111.895,112.025,111.765,111.765
1250428,1600,111.71,111.755,111.445,111.645
1250429,1600,111.725,111.76,111.555,111.655
1250430,1600,111.8,112.005,111.75,111.955
1250501,1600,111.955,111.955,111.955,111.955
1250502,1600,111.84,112.02,111.445,111.525
1250506,1600,111.335,111.46,111.255,111.46
1250507,1600,111.405,111.92,111.385,111.85
1250508,1600,111.895,111.955,111.565,111.77
1250509,1600,111.39,111.46,111.14,111.425
1250512,1600,111.01,111.075,110.78,110.87
1250513,1600,110.83,110.83,110.6,110.665
1250514,1600,110.59,110.79,110.5,110.565
1250515,1600,110.855,111.125,110.59,111.125
1250516,1600,111.42,111.535,111.295,111.305
1250519,1600,111.29,111.485,110.895,111.47
1250520,1600,111.42,111.57,111.15,111.31
1250521,1600,111.105,111.145,110.745,110.97
1250522,1600,110.785,111.005,110.71,111.005
1250523,1600,111.18,111.57,110.97,111.31
1250527,1600,111.84,111.895,111.685,111.825
1250528,1600,111.77,111.845,111.625,111.77
1250529,1600,111.5,112.09,111.475,111.975
1250530,1600,112.215,112.215,111.84,112.155
1250602,1600,111.985,112.085,111.725,111.97
1250603,1600,112.29,112.29,111.955,112.13
1250604,1600,112.175,112.175,111.92,112.075
1250605,1600,112.265,112.39,111.525,111.615
1250606,1600,111.785,112.05,111.75,111.865
1250609,1600,111.915,112.24,111.655,111.84
1250610,1600,111.95,112.19,111.905,112.135
1250611,1600,112.11,112.17,111.905,111.99
1250612,1600,112.32,112.415,112.175,112.41
1250613,1600,112.42,112.42,111.82,111.875
1250616,1600,111.67,112.085,111.5,112.035
1250617,1600,111.81,112.06,111.745,111.875
1250618,1600,111.73,112.13,111.675,112.075
1250619,1600,111.9,112.04,111.815,111.875
1250620,1600,112.17,112.17,111.79,111.99
1250623,1600,111.705,112.145,111.665,112.11
1250624,1600,112.11,112.11,111.75,111.935
1250625,1600,112.155,112.245,111.68,111.915
1250626,1600,112.13,112.13,111.85,111.85
1250627,1600,111.945,111.945,111.695,111.84
1250630,1600,111.825,111.955,111.785,111.785
1250701,1600,111.975,112.225,111.895,111.975
1250702,1600,111.875,111.94,111.47,111.65
1250703,1600,111.65,111.965,111.65,111.965
1250704,1600,112.045,112.185,111.955,111.975
1250707,1600,111.945,111.965,111.63,111.71
1250708,1600,111.505,111.505,111.2,111.375
1250709,1600,111.48,111.48,111.34,111.47
1250710,1600,111.52,111.58,111.155,111.155
1250711,1600,111.165,111.18,110.965,111.06
1250714,1600,111.295,111.295,110.88,111.01
1250715,1600,111.13,111.42,111.085,111.12
1250716,1600,111.15,111.37,111.045,111.21
1250717,1600,109.94,110.135,109.825,110.135
1250718,1600,109.96,110.01,109.875,110.0
1250721,1600,110.24,110.625,110.22,110.555
1250722,1600,109.98,110.815,109.98,110.795
1250723,1600,110.6,110.78,110.53,110.765
1250724,1600,110.36,110.36,110.015,110.12
1250725,1600,109.85,109.945,109.53,109.9
1250728,1600,110.115,110.255,109.99,110.17
1250729,1600,110.19,110.275,110.03,110.26
1250730,1600,110.16,110.275,109.965,109.99
1250731,1600,110.305,110.305,110.1,110.235
1250801,1600,109.945,110.5,109.825,110.21
1250804,1600,110.28,110.725,110.13,110.725
1250805,1600,110.775,110.84,110.555,110.775
1250806,1600,110.62,110.67,110.515,110.53
1250807,1600,110.55,110.745,110.465,110.745
1250808,1600,110.65,110.65,110.25,110.32
1250811,1600,110.405,110.525,110.2,110.27
1250812,1600,110.24,110.245,109.78,109.95
1250813,1600,109.985,110.46,109.985,110.46
1250814,1600,110.54,110.65,110.22,110.285
1250815,1600,110.205,110.205,109.665,109.705
1250818,1600,109.725,109.995,109.645,109.71
1250819,1600,109.625,109.83,109.625,109.74
1250820,1600,109.87,110.09,109.815,110.075
1250821,1600,110.045,110.045,109.665,109.79
1250822,1600,109.67,110.235,109.67,109.95
1250826,1600,109.67,109.76,109.585,109.73
1250827,1600,109.765,109.955,109.615,109.8
1250828,1600,109.96,109.99,109.715,109.975
1250829,1600,109.95,109.955,109.67,109.74
1250901,1600,109.605,109.655,109.475,109.625
1250902,1600,109.345,109.39,109.1,109.25
1250903,1600,109.34,109.635,109.195,109.635
1250904,1600,109.705,109.93,109.64,109.82
1250905,1600,109.98,110.345,109.86,110.25
1250908,1600,110.23,110.5,110.21,110.5
1250909,1600,110.42,110.42,110.26,110.38
1250910,1600,110.445,110.445,110.26,110.4
1250911,1600,110.475,110.63,110.25,110.455
1250912,1600,110.41,110.465,110.105,110.115
1250915,1600,110.165,110.355,110.165,110.345
1250916,1600,110.375,110.45,110.19,110.36
1250917,1600,110.345,110.52,110.33,110.52
1250918,1600,110.485,110.53,110.1,110.155
1250919,1600,110.025,110.08,109.935,110.015
1250922,1600,109.99,110.055,109.895,109.95
1250923,1600,110.0,110.025,109.885,109.935
1250924,1600,109.995,110.045,109.87,109.975
1250925,1600,109.84,110.05,109.74,109.8
1250926,1600,109.795,110.01,109.69,110.01
1250929,1600,110.15,110.29,110.025,110.29
1250930,1600,110.335,110.365,110.195,110.29
1251001,1600,110.09,110.4,110.02,110.25
1251002,1600,110.245,110.42,110.21,110.42
1251003,1600,110.405,110.47,110.335,110.47
1251006,1600,110.155,110.345,110.045,110.265
1251007,1600,110.11,110.26,110.005,110.26
1251008,1600,110.405,110.62,110.38,110.49
1251009,1600,110.515,110.64,110.4,110.475
1251010,1600,110.59,110.89,110.535,110.89
1251013,1600,110.84,110.95,110.7,110.895
1251014,1600,111.11,111.275,111.07,111.275
1251015,1600,111.43,111.585,111.36,111.58
1251016,1600,111.5,111.645,111.48,111.63
1251017,1600,111.71,111.87,111.42,111.43
1251020,1600,111.4,111.495,111.32,111.495
1251021,1600,111.59,111.72,111.475,111.65
1251022,1600,111.77,111.815,111.63,111.635
1251023,1600,111.61,111.61,111.495,111.565
1251024,1600,111.1234,111.1234,111.1234,111.1234
1251027,1600,111.1,111.31,111.09,111.31
1251028,1600,111.295,111.35,111.235,111.26
1251029,1600,111.36,111.425,111.235,111.425
1251030,1600,111.215,111.375,111.115,111.375
1251031,1600,111.325,111.375,111.135,111.375
1251103,1600,111.275,111.38,111.095,111.19
1251104,1600,111.16,111.29,111.12,111.19
1251105,1600,111.275,111.395,111.07,111.105
1251106,1600,111.235,111.235,111.015,111.16
1251107,1600,111.135,111.135,110.9,111.09
1251110,1600,110.92,111.21,110.9,111.21
1251111,1600,111.13,111.29,111.05,111.28
1251112,1600,111.235,111.44,111.11,111.44
1251113,1600,111.385,111.505,111.155,111.19
1251114,1600,110.995,111.12,110.865,110.865
1251117,1600,110.935,111.03,110.9,111.0
1251118,1600,111.03,111.085,110.815,110.815
1251119,1600,110.975,111.145,110.895,110.965
1251120,1600,110.94,110.955,110.715,110.79
1251121,1600,110.93,111.09,110.845,110.845
1251124,1600,110.995,111.045,110.9,111.03
1251125,1600,110.94,111.305,110.915,111.27
1251126,1600,111.105,111.335,111.105,111.335
1251127,1600,111.355,111.365,111.175,111.27
1251128,1600,111.17,111.305,111.1,111.25
1251201,1600,111.015,111.05,110.77,110.855
1251202,1600,110.775,110.835,110.69,110.835
1251203,1600,110.815,110.91,110.75,110.785
1251204,1600,110.76,110.835,110.62,110.62
1251205,1600,110.625,110.715,110.525,110.545
1251208,1600,110.5,110.5,110.025,110.105
1251209,1600,110.175,110.285,110.0,110.285
1251210,1600,110.145,110.225,109.915,110.225
1251211,1600,110.265,110.385,110.145,110.31
1251212,1600,110.305,110.36,110.09,110.16
1251215,1600,110.33,110.435,110.245,110.245
1251216,1600,110.325,110.465,110.235,110.425
1251217,1600,110.59,110.59,110.23,110.23
1251218,1600,110.465,110.5,110.18,110.47
1251219,1600,110.21,110.365,110.05,110.1
1251222,1600,110.07,110.165,109.96,110.085
1251223,1600,110.175,110.455,110.175,110.455
1251224,1600,110.455,110.455,110.455,110.455
1251229,1600,110.49,110.745,110.47,110.735
1251230,1600,110.625,110.71,110.5,110.71
1251231,1600,110.71,110.71,110.71,110.71
1260102,1600,110.81,110.81,110.07,110.18
1260105,1600,110.255,110.4,110.17,110.38
1260106,1600,110.34,110.715,110.325,110.64
1260107,1600,110.815,111.0,110.77,110.845
1260108,1600,110.845,110.845,110.625,110.835
1260109,1600,110.81,110.915,110.7,110.855
1260112,1600,110.845,111.045,110.78,111.005
1260113,1600,110.885,110.94,110.785,110.91
1260114,1600,110.915,111.185,110.915,111.185
1260115,1600,109.725,109.915,109.645,109.85
1260116,1600,109.74,109.78,109.57,109.715
1260119,1600,109.885,109.885,109.605,109.73
1260120,1600,109.425,109.6,109.0,109.565
1260121,1600,109.79,109.79,109.33,109.33
1260122,1600,109.43,109.61,109.415,109.44
1260123,1600,109.395,109.615,109.38,109.535
1260126,1600,109.56,109.855,109.56,109.82
1260127,1600,109.755,109.83,109.675,109.83
1260128,1600,110.035,110.035,109.8,109.825
1260129,1600,109.935,110.02,109.785,110.01
1260130,1600,109.885,109.96,109.77,109.895
1260202,1600,109.88,109.925,109.695,109.795
1260203,1600,109.69,109.725,109.485,109.585
1260204,1600,109.73,109.79,109.67,109.735
1260205,1600,109.695,109.9,109.635,109.9
1260206,1600,109.965,110.015,109.805,109.88
1260209,1600,109.875,109.915,109.715,109.895
1260210,1600,109.945,110.195,109.925,110.195
1260211,1600,110.235,110.325,110.075,110.325
1260212,1600,110.27,110.455,110.2,110.455
1260213,1600,110.46,110.665,110.41,110.6
1260216,1600,110.635,110.685,110.48,110.52
1260217,1600,110.69,110.765,110.655,110.74
1260218,1600,110.665,110.765,110.63,110.705
1260219,1600,110.6,110.805,110.6,110.805
1260220,1600,110.86,110.9,110.795,110.885
1260223,1600,110.925,111.02,110.8,111.02
1260224,1600,111.035,111.11,110.97,111.055
1260225,1600,110.965,111.15,110.965,111.15
1260226,1600,111.11,111.265,111.085,111.265
1260227,1600,111.175,111.52,111.165,111.52
1260302,1600,111.46,111.46,110.915,110.985
1260303,1600,110.56,110.575,110.065,110.31
1260304,1600,110.245,110.665,110.2,110.665
1260305,1600,110.27,110.44,109.82,109.925
1260306,1600,109.905,109.94,109.4,109.52
1260309,1600,108.895,109.62,108.79,109.54
1260310,1600,110.175,110.175,109.765,110.035
1260311,1600,109.765,109.78,109.23,109.245
1260312,1600,109.215,109.23,108.81,108.84
1260313,1600,108.655,109.055,108.655,108.725
1260316,1600,109.18,109.18,108.72,108.95
1260317,1600,109.045,109.435,109.045,109.435
1260318,1600,109.655,109.655,109.02,109.105
1260319,1600,108.735,108.955,108.435,108.84
1260320,1600,109.025,109.075,108.065,108.085
1260323,1600,107.72,108.9,106.53,108.37
1260324,1600,108.53,108.645,107.985,108.215
1260325,1600,108.61,108.875,108.6,108.8
1260326,1600,108.42,108.435,107.895,107.895
1260327,1600,107.75,107.75,107.345,107.635
1260330,1600,107.465,108.35,107.465,108.125
1260331,1600,108.215,108.535,108.025,108.535
1260401,1600,109.26,109.26,108.605,108.685
1260402,1600,108.325,108.795,108.175,108.795
1260407,1600,108.99,108.99,107.93,107.98
1260408,1600,109.485,109.73,109.295,109.43
1260409,1600,109.155,109.17,108.78,109.0
1260410,1600,108.865,108.945,108.525,108.525
1260413,1600,108.37,108.585,108.2,108.26
1260414,1600,108.615,108.85,108.395,108.825
1260415,1600,109.0,109.0,108.655,108.725
1260416,1600,108.93,109.0,108.735,108.735
1260417,1600,108.68,109.55,108.68,109.48
1260420,1600,109.13,109.31,109.11,109.31
1260421,1600,109.275,109.4,108.91,109.02
1260422,1600,109.16,109.185,108.99,109.055
1260423,1600,108.755,109.035,108.755,109.015
1260424,1600,108.785,109.045,108.355,108.945
1260427,1600,108.98,109.045,108.735,108.77
1260428,1600,108.655,108.655,108.37,108.575
1260429,1600,109.065,109.065,108.255,108.365
1260430,1600,108.11,108.86,108.09,108.835
1260501,1600,108.835,108.835,108.835,108.835
1260505,1600,108.51,108.7,108.375,108.7
1260506,1600,108.935,109.5,108.87,109.32
1260507,1600,109.43,109.6,109.26,109.3
1260508,1600,109.205,109.415,109.115,109.34
1260511,1600,109.21,109.27,108.98,109.0
1260512,1600,108.63,108.71,108.545,108.61
1260513,1600,108.625,108.685,108.455,108.565
1260514,1600,108.78,109.05,108.67,108.975
1260515,1600,108.705,108.73,108.185,108.205
1260518,1600,108.075,108.465,107.89,108.24
1260519,1600,108.305,108.39,107.97,107.98
1260520,1600,108.18,108.845,108.11,108.825
1260521,1600,108.905,108.945,108.53,108.73
1260522,1600,108.93,109.33,108.93,109.13
1260526,1600,109.58,109.745,109.555,109.555
1260527,1600,109.74,109.86,109.535,109.535
1260528,1600,109.48,109.82,109.405,109.8
1260529,1600,109.735,110.055,109.685,110.015
1260601,1600,109.75,109.785,109.315,109.495
1260602,1600,109.78,109.91,109.67,109.72
1260603,1600,109.36,109.49,109.17,109.185
1260604,1600,109.285,109.395,109.15,109.23
1260605,1600,109.285,109.35,109.065,109.165
1260608,1600,108.985,109.175,108.895,109.01
1260609,1600,109.095,109.175,108.945,108.96
1260610,1600,109.02,109.12,108.835,108.94
1260611,1600,108.915,109.3,108.89,109.22
1260612,1600,109.53,109.785,109.325,109.51
1260615,1600,109.91,109.97,109.825,109.895
1260616,1600,109.905,110.155,109.905,110.05
1260617,1600,110.21,110.38,109.995,110.07
1260618,1600,110.16,110.2,109.98,110.135
1260619,1600,109.89,109.98,109.63,109.655
1260622,1600,109.88,110.01,109.75,109.965
1260623,1600,110.055,110.27,110.0,110.19
1260624,1600,110.18,110.55,110.18,110.45
1260625,1600,110.535,110.645,110.48,110.595
1260626,1600,110.645,110.675,110.435,110.62
1260629,1600,110.56,110.6,110.44,110.525
1260630,1600,110.6,110.7,110.5,110.525
1260701,1600,110.245,110.415,110.14,110.395
1260702,1600,110.265,110.29,110.01,110.29
1260703,1600,110.155,110.175,110.0,110.07
1260706,1600,110.19,110.195,109.98,109.985
1260707,1600,109.76,109.87,109.625,109.665
1260708,1600,109.215,109.33,108.87,108.905
1260709,1600,109.015,109.25,108.98,109.25
1260710,1600,109.31,109.415,109.255,109.34
1260713,1600,109.235,109.3,109.025,109.025
1260714,1600,108.855,109.115,108.785,109.05
1260715,1600,108.765,109.04,108.725,109.04
1260716,1600,107.42,107.465,107.185,107.395
1260717,1600,107.455,107.52,107.335,107.45
1260720,1600,107.26,107.46,107.26,107.31
1260721,1600,107.28,107.37,107.035,107.21
1260722,1600,107.025,107.2,106.985,107.095
1260723,1600,107.06,107.11,106.805,106.805
1260724,1600,107.01,107.23,107.01,107.225
1260727,1600,107.51,107.62,107.485,107.565
1260728,1600,107.685,107.765,107.53,107.735
1260729,1600,107.635,107.67,107.355,107.36
1260730,1600,107.27,107.425,107.18,107.34
1260731,1600,107.43,107.55,107.12,107.12
1260803,1600,107.515,107.67,107.49,107.565
1260804,1600,107.645,107.91,107.445,107.86
1260805,1600,107.98,108.01,107.795,107.935
1260806,1600,107.845,107.865,107.685,107.685
1260807,1600,107.67,107.85,107.585,107.805
1260810,1600,107.745,107.8,107.38,107.38
1260811,1600,107.265,107.625,107.165,107.46
1260812,1600,107.495,107.73,107.46,107.515
1260813,1600,107.56,107.84,107.48,107.73
1260814,1600,107.55,107.59,107.21,107.21
1260817,1600,107.275,107.285,107.05,107.055
1260818,1600,106.895,106.905,106.645,106.725
1260819,1600,106.85,106.925,106.655,106.775
1260820,1600,106.895,106.94,106.66,106.775
1260821,1600,106.855,106.94,106.78,106.815
1260824,1600,106.955,106.99,106.73,106.84
1260825,1600,106.88,107.265,106.815,107.265
1260826,1600,107.375,107.39,107.075,107.1
1260827,1600,107.695,107.695,106.895,106.945
1260828,1600,106.95,106.97,106.71,106.815
1260901,1600,106.425,106.48,106.16,106.4
1260902,1600,106.085,106.19,105.965,106.105
1260903,1600,106.24,106.49,106.185,106.425
1260904,1600,106.305,106.635,106.305,106.47
1260907,1600,106.34,106.42,106.145,106.145
1260908,1600,106.17,106.355,106.04,106.335
1260909,1600,106.165,106.235,105.72,105.785
1260910,1600,105.805,105.855,105.18,105.235
1260911,1600,105.225,105.3,105.01,105.265
1260914,1600,105.09,105.165,104.82,105.12
1260915,1600,104.94,105.105,104.725,104.975
1260916,1600,105.07,105.225,104.83,105.2
