1140611,1600,18.9,18.9,18.9,18.9
1140612,1600,19.02,19.02,18.85,18.85
1140613,1600,18.75,18.84,18.75,18.84
1140616,1600,18.9,18.9,18.64,18.64
1140617,1600,18.68,18.68,18.68,18.68
1140618,1600,18.72,18.72,18.63,18.63
1140619,1600,18.73,18.76,18.73,18.76
1140620,1600,18.73,18.76,18.68,18.68
1140623,1600,18.8,18.8,18.65,18.65
1140624,1600,18.73,18.82,18.73,18.82
1140625,1600,18.67,18.67,18.59,18.59
1140626,1600,18.78,18.78,18.72,18.72
1140627,1600,18.65,18.77,18.65,18.68
1140630,1600,18.71,18.8,18.62,18.62
1140701,1600,18.65,18.77,18.65,18.72
1140702,1600,18.85,18.85,18.83,18.83
1140703,1600,18.89,18.99,18.89,18.99
1140704,1600,19.08,19.12,19.03,19.03
1140707,1600,19.09,19.09,19.03,19.03
1140708,1600,19.03,19.03,19.0,19.0
1140709,1600,19.0,19.03,19.0,19.01
1140710,1600,18.98,18.98,18.82,18.93
1140711,1600,18.97,18.97,18.95,18.96
1140714,1600,19.03,19.09,19.03,19.07
1140715,1600,19.1,19.13,19.1,19.1
1140716,1600,19.22,19.25,19.2,19.2
1140717,1600,19.13,19.13,19.08,19.08
1140718,1600,19.08,19.28,19.08,19.22
1140721,1600,19.22,19.22,19.16,19.17
1140722,1600,19.37,19.52,19.37,19.52
1140723,1600,19.57,19.58,19.55,19.55
1140724,1600,19.54,19.62,19.54,19.62
1140725,1600,19.59,19.59,19.58,19.58
1140728,1600,19.69,19.69,19.61,19.66
1140729,1600,19.69,19.74,19.65,19.65
1140730,1600,19.76,19.76,19.62,19.62
1140731,1600,19.57,19.57,19.25,19.25
1140801,1600,19.29,19.29,19.18,19.23
1140804,1600,19.38,19.43,19.36,19.39
1140805,1600,19.37,19.45,19.32,19.32
1140806,1600,19.31,19.31,19.2,19.26
1140807,1600,19.16,19.19,19.14,19.16
1140808,1600,19.03,19.18,19.0,19.1
1140811,1600,19.24,19.42,19.24,19.42
1140812,1600,19.44,19.5,19.4,19.42
1140813,1600,19.57,19.65,19.57,19.61
1140814,1600,19.55,19.61,19.47,19.59
1140815,1600,19.64,19.68,19.52,19.52
1140818,1600,19.63,19.72,19.62,19.72
1140819,1600,19.82,19.9,19.8,19.89
1140820,1600,19.91,19.94,19.81,19.94
1140821,1600,19.87,19.95,19.8,19.86
1140822,1600,20.0,20.0,19.87,19.9
1140825,1600,20.08,20.09,20.03,20.05
1140826,1600,20.1,20.19,20.07,20.15
1140827,1600,20.17,20.27,20.17,20.23
1140828,1600,20.17,20.17,20.07,20.09
1140829,1600,20.25,20.29,20.12,20.2
1140901,1600,20.33,20.38,20.28,20.38
1140902,1600,20.23,20.26,20.17,20.17
1140903,1600,20.37,20.55,20.37,20.43
1140904,1600,20.48,20.75,20.45,20.75
1140905,1600,20.68,20.7,20.56,20.68
1140908,1600,20.77,20.81,20.7,20.72
1140909,1600,20.68,20.68,20.5,20.53
1140910,1600,20.29,20.31,20.2,20.31
1140911,1600,20.25,20.28,20.2,20.24
1140912,1600,20.24,20.24,19.98,20.04
1140915,1600,19.94,19.97,19.91,19.92
1140916,1600,19.96,20.1,19.89,20.1
1140917,1600,20.11,20.12,20.02,20.05
1140918,1600,20.04,20.15,19.99,19.99
1140919,1600,20.12,20.2,20.03,20.03
1140922,1600,19.93,19.96,19.76,19.76
1140923,1600,19.81,19.81,19.63,19.65
1140924,1600,19.75,19.94,19.75,19.94
1140925,1600,19.87,19.9,19.64,19.64
1140926,1600,19.58,19.76,19.58,19.72
1140929,1600,19.64,19.64,19.31,19.42
1140930,1600,19.5,19.61,19.49,19.54
1141001,1600,19.48,19.51,19.32,19.37
1141002,1600,19.27,19.27,19.03,19.03
1141006,1600,19.71,19.9,19.7,19.74
1141007,1600,19.66,19.66,19.55,19.55
1141008,1600,19.4,19.51,19.27,19.27
1141009,1600,19.55,19.56,19.42,19.42
1141010,1600,19.32,19.32,19.05,19.05
1141013,1600,19.0,19.16,18.95,19.15
1141014,1600,19.1,19.14,18.99,19.14
1141015,1600,19.19,19.21,18.47,18.61
1141016,1600,18.71,18.71,18.33,18.58
1141017,1600,18.6,18.92,18.48,18.92
1141020,1600,19.01,19.01,18.79,18.79
1141021,1600,18.65,19.01,18.65,19.01
1141022,1600,18.99,19.11,18.98,19.08
1141023,1600,19.07,19.07,18.96,19.07
1141024,1600,18.91,19.08,18.87,19.07
1141027,1600,18.88,18.88,18.7,18.8
1141028,1600,18.97,19.13,18.96,19.11
1141029,1600,19.27,19.31,19.23,19.3
1141030,1600,19.49,19.5,19.34,19.49
1141031,1600,19.67,19.79,19.67,19.73
1141103,1600,19.77,19.81,19.64,19.64
1141104,1600,19.69,19.71,19.47,19.49
1141105,1600,19.5,19.59,19.48,19.51
1141106,1600,19.49,19.62,19.4,19.51
1141107,1600,19.5,19.5,19.4,19.5
1141110,1600,19.54,19.65,19.54,19.63
1141111,1600,19.57,19.57,19.45,19.45
1141112,1600,19.44,19.55,19.43,19.52
1141113,1600,19.57,19.57,19.4,19.4
1141114,1600,19.42,19.5,19.35,19.43
1141117,1600,19.28,19.39,19.23,19.33
1141118,1600,19.22,19.31,19.22,19.29
1141119,1600,19.3,19.3,19.24,19.25
1141120,1600,19.34,19.38,19.26,19.38
1141121,1600,19.41,19.97,19.41,19.94
1141124,1600,20.02,20.02,19.86,19.9
1141125,1600,19.79,19.93,19.75,19.75
1141126,1600,19.9,19.9,19.8,19.87
1141127,1600,19.83,19.94,19.83,19.86
1141128,1600,19.91,19.97,19.62,19.69
1141201,1600,19.42,19.42,19.25,19.25
1141202,1600,19.44,19.49,19.4,19.44
1141203,1600,19.44,19.65,19.44,19.64
1141204,1600,19.77,19.85,19.44,19.44
1141205,1600,19.55,19.61,19.55,19.58
1141208,1600,19.63,19.64,19.44,19.44
1141209,1600,19.18,19.18,18.94,18.96
1141210,1600,19.04,19.11,18.82,18.82
1141211,1600,18.74,18.78,18.68,18.74
1141212,1600,18.74,18.74,18.32,18.32
1141215,1600,18.44,18.49,18.02,18.02
1141216,1600,18.11,18.17,17.64,18.17
1141217,1600,17.92,18.3,17.92,18.3
1141218,1600,18.61,18.9,18.56,18.75
1141219,1600,18.93,19.0,18.85,18.98
1141222,1600,19.13,19.22,19.11,19.14
1141223,1600,19.15,19.19,19.07,19.12
1141229,1600,19.36,19.38,19.27,19.36
1141230,1600,19.23,19.27,19.21,19.25
1150102,1600,19.56,19.58,19.3,19.3
1150105,1600,19.42,19.49,19.21,19.22
1150106,1600,19.2,19.29,19.12,19.13
1150107,1600,19.35,19.67,19.35,19.59
1150108,1600,19.75,20.06,19.75,20.02
1150109,1600,19.94,19.97,19.85,19.88
1150112,1600,19.86,19.99,19.72,19.79
1150113,1600,19.79,20.18,19.79,20.09
1150114,1600,19.93,20.01,19.69,19.81
1150115,1600,20.17,20.43,20.03,20.31
1150116,1600,20.07,20.48,20.07,20.38
1150119,1600,20.32,20.32,20.06,20.13
1150120,1600,20.26,20.43,20.17,20.31
1150121,1600,20.5,20.62,20.45,20.62
1150122,1600,20.63,21.25,20.63,21.14
1150123,1600,21.44,21.79,21.38,21.58
1150126,1600,21.54,21.55,21.39,21.48
1150127,1600,21.5,21.5,21.08,21.16
1150128,1600,21.3,21.3,21.17,21.21
1150129,1600,21.21,21.21,20.88,20.9
1150130,1600,20.99,20.99,20.73,20.74
1150202,1600,20.85,20.93,20.76,20.9
1150203,1600,20.9,21.11,20.9,20.99
1150204,1600,21.02,21.24,20.91,21.21
1150205,1600,21.05,21.15,21.04,21.15
1150206,1600,21.05,21.14,20.98,21.1
1150209,1600,21.06,21.08,20.96,21.05
1150210,1600,21.1,21.12,20.94,20.98
1150211,1600,20.94,20.96,20.79,20.82
1150212,1600,20.79,21.02,20.79,21.0
1150213,1600,21.02,21.25,20.98,21.25
1150216,1600,21.27,21.27,21.18,21.27
1150217,1600,21.32,21.32,21.16,21.16
1150218,1600,21.28,21.28,21.19,21.24
1150219,1600,21.19,21.25,21.06,21.24
1150220,1600,21.28,21.36,21.25,21.26
1150223,1600,21.34,21.36,21.29,21.29
1150224,1600,21.36,21.55,21.32,21.55
1150225,1600,21.5,21.5,21.41,21.43
1150226,1600,21.43,21.72,21.43,21.72
1150227,1600,21.76,21.76,21.61,21.72
1150302,1600,21.69,21.73,21.59,21.64
1150303,1600,21.63,21.67,21.49,21.49
1150304,1600,21.61,21.61,21.44,21.54
1150305,1600,21.66,21.72,21.61,21.69
1150306,1600,21.78,21.92,21.66,21.67
1150309,1600,21.7,21.73,21.61,21.63
1150310,1600,21.63,21.66,21.46,21.46
1150311,1600,21.62,21.85,21.56,21.83
1150312,1600,21.96,22.04,21.92,21.98
1150313,1600,22.0,22.0,21.8,21.84
1150316,1600,22.02,22.02,21.9,21.94
1150317,1600,22.0,22.02,21.87,21.98
1150318,1600,22.11,22.13,21.98,22.05
1150319,1600,22.31,22.4,22.1,22.11
1150320,1600,22.19,22.19,21.97,22.08
1150323,1600,22.1,22.1,21.85,21.93
1150324,1600,21.89,22.04,21.83,22.0
1150325,1600,21.98,22.09,21.72,21.72
1150326,1600,21.61,21.65,21.42,21.65
1150327,1600,21.74,21.83,21.64,21.66
1150330,1600,21.95,22.13,21.9,22.13
1150331,1600,22.13,22.34,22.13,22.34
1150401,1600,22.32,22.55,22.32,22.51
1150402,1600,22.58,22.6,22.51,22.6
1150407,1600,22.83,23.0,22.75,23.0
1150408,1600,23.15,23.45,23.02,23.41
1150409,1600,23.49,23.8,23.49,23.76
1150410,1600,23.92,24.12,23.89,24.03
1150413,1600,24.14,24.29,24.08,24.16
1150414,1600,24.16,24.16,23.79,23.89
1150415,1600,23.97,24.08,23.83,24.0
1150416,1600,24.2,24.31,23.96,23.99
1150417,1600,24.05,24.05,23.48,23.48
1150420,1600,23.68,23.77,23.45,23.64
1150421,1600,23.93,24.0,23.88,23.88
1150422,1600,23.98,24.09,23.8,24.01
1150423,1600,24.23,24.23,23.9,23.99
1150424,1600,23.92,24.16,23.91,23.99
1150427,1600,24.17,24.25,24.1,24.1
1150428,1600,24.02,24.11,23.93,23.97
1150429,1600,23.8,23.8,23.4,23.4
1150430,1600,23.32,23.32,23.0,23.06
1150504,1600,23.11,23.25,23.11,23.23
1150505,1600,23.18,23.3,22.99,22.99
1150506,1600,22.81,22.89,22.45,22.51
1150507,1600,22.31,22.44,22.09,22.4
1150508,1600,22.73,22.86,22.6,22.86
1150511,1600,22.95,23.0,22.88,22.88
1150512,1600,22.76,22.76,22.41,22.65
1150513,1600,22.68,22.81,22.5,22.52
1150514,1600,22.41,22.54,22.33,22.54
1150515,1600,22.55,22.71,22.51,22.53
1150518,1600,22.74,22.74,22.51,22.65
1150519,1600,22.99,23.16,22.99,23.09
1150520,1600,23.22,23.22,23.0,23.11
1150521,1600,23.03,23.03,22.86,23.0
1150522,1600,23.14,23.35,23.06,23.28
1150526,1600,23.47,23.53,23.28,23.32
1150527,1600,23.19,23.27,23.12,23.17
1150528,1600,22.96,22.99,22.86,22.88
1150529,1600,22.88,22.89,22.66,22.66
1150601,1600,22.81,23.04,22.63,22.71
1150602,1600,22.6,22.6,22.17,22.3
1150603,1600,22.24,22.24,21.92,21.97
1150604,1600,21.82,21.82,21.53,21.65
1150605,1600,21.67,21.83,21.61,21.77
1150608,1600,21.77,21.77,21.56,21.56
1150609,1600,21.32,21.44,21.22,21.35
1150610,1600,21.32,21.53,21.26,21.53
1150611,1600,21.5,21.66,21.45,21.56
1150612,1600,21.62,21.79,21.5,21.5
1150615,1600,21.5,21.51,21.33,21.34
1150616,1600,21.14,21.37,21.06,21.37
1150617,1600,21.4,21.42,21.23,21.26
1150618,1600,21.27,21.42,21.18,21.42
1150619,1600,21.46,21.5,21.43,21.43
1150622,1600,21.44,21.64,21.44,21.58
1150623,1600,21.91,22.06,21.91,22.04
1150624,1600,22.07,22.1,21.97,22.06
1150625,1600,21.83,22.03,21.83,21.92
1150626,1600,21.69,21.86,21.67,21.82
1150629,1600,21.43,21.55,21.28,21.28
1150630,1600,21.58,21.59,21.45,21.55
1150701,1600,21.77,21.79,21.69,21.69
1150702,1600,21.69,21.84,21.69,21.74
1150703,1600,21.72,21.72,21.51,21.51
1150706,1600,21.18,21.36,21.12,21.27
1150707,1600,21.09,21.18,20.71,20.71
1150708,1600,20.33,20.36,20.16,20.28
1150709,1600,20.52,20.78,20.52,20.71
1150710,1600,20.91,20.91,20.75,20.84
1150713,1600,21.02,21.35,21.02,21.34
1150714,1600,21.31,21.32,21.18,21.32
1150715,1600,21.28,21.3,21.17,21.3
1150716,1600,21.46,21.65,21.35,21.65
1150717,1600,21.69,21.72,21.64,21.64
1150720,1600,21.61,21.62,21.46,21.51
1150721,1600,21.68,21.68,21.42,21.42
1150722,1600,21.28,21.29,21.2,21.2
1150723,1600,21.18,21.18,20.95,20.95
1150724,1600,20.81,20.89,20.57,20.62
1150727,1600,20.28,20.28,19.85,19.95
1150728,1600,20.15,20.22,20.09,20.13
1150729,1600,20.19,20.28,20.1,20.28
1150730,1600,20.28,20.35,20.23,20.26
1150731,1600,20.26,20.34,20.14,20.34
1150803,1600,20.23,20.26,20.15,20.19
1150804,1600,20.2,20.32,20.18,20.3
1150805,1600,20.48,20.57,20.45,20.53
1150806,1600,20.29,20.32,20.15,20.15
1150807,1600,20.18,20.32,20.09,20.09
1150810,1600,20.19,20.28,20.12,20.28
1150811,1600,20.07,20.07,19.63,19.63
1150812,1600,19.42,19.42,19.05,19.12
1150813,1600,19.4,19.48,19.26,19.31
1150814,1600,19.25,19.4,19.15,19.4
1150817,1600,19.26,19.26,19.09,19.23
1150818,1600,19.05,19.11,18.97,19.09
1150819,1600,19.08,19.08,18.65,18.68
1150820,1600,18.55,18.55,18.25,18.25
1150821,1600,17.97,18.04,17.62,17.63
1150824,1600,17.02,17.03,15.64,16.22
1150825,1600,16.65,17.44,16.64,17.42
1150826,1600,16.97,17.28,16.91,17.15
1150827,1600,17.76,18.15,17.76,18.15
1150828,1600,18.2,18.31,18.0,18.31
1150831,1600,18.15,18.2,17.99,18.15
1150901,1600,18.0,18.0,17.55,17.64
1150902,1600,17.65,17.75,17.5,17.65
1150903,1600,17.81,18.18,17.78,18.14
1150904,1600,17.87,17.87,17.51,17.51
1150907,1600,17.67,17.67,17.4,17.44
1150908,1600,17.61,17.9,17.61,17.8
1150909,1600,18.27,18.31,18.13,18.15
1150910,1600,17.9,18.01,17.79,17.87
1150911,1600,17.95,17.95,17.8,17.8
1150914,1600,17.77,17.83,17.74,17.82
1150915,1600,17.95,18.06,17.88,18.03
1150916,1600,18.26,18.47,18.24,18.47
1150917,1600,18.39,18.42,18.25,18.37
1150918,1600,18.33,18.33,18.1,18.23
1150921,1600,18.18,18.38,18.09,18.34
1150922,1600,18.4,18.4,17.96,17.98
1150923,1600,17.96,18.02,17.86,17.86
1150924,1600,17.68,17.74,17.26,17.33
1150925,1600,17.87,17.98,17.75,17.75
1150928,1600,17.77,17.77,17.29,17.29
1150929,1600,17.14,17.37,17.14,17.32
1150930,1600,17.68,17.89,17.63,17.89
1151001,1600,18.12,18.17,17.9,17.9
1151002,1600,18.07,18.08,17.62,17.98
1151005,1600,18.33,18.66,18.22,18.66
1151006,1600,18.56,18.66,18.45,18.58
1151007,1600,18.88,19.21,18.85,18.95
1151008,1600,18.85,18.98,18.71,18.98
1151009,1600,19.19,19.29,19.08,19.16
1151012,1600,19.16,19.16,19.03,19.05
1151013,1600,18.96,18.97,18.71,18.83
1151014,1600,18.71,18.84,18.63,18.69
1151015,1600,18.99,19.18,18.96,19.05
1151016,1600,19.12,19.23,19.12,19.23
1151019,1600,19.21,19.28,19.14,19.19
1151020,1600,19.19,19.19,19.11,19.15
1151021,1600,19.0,19.06,18.96,19.02
1151022,1600,18.98,19.52,18.98,19.52
1151023,1600,19.69,19.98,19.65,19.93
1151026,1600,19.76,19.85,19.71,19.76
1151027,1600,19.61,19.66,19.5,19.5
1151028,1600,19.53,19.6,19.47,19.6
1151029,1600,19.45,19.47,19.25,19.39
1151030,1600,19.39,19.44,19.27,19.27
1151102,1600,19.29,19.51,19.29,19.47
1151103,1600,19.5,19.84,19.48,19.84
1151104,1600,20.02,20.14,19.99,19.99
1151105,1600,20.04,20.1,19.9,19.97
1151106,1600,19.86,19.9,19.77,19.82
1151109,1600,19.74,19.75,19.48,19.49
1151110,1600,19.49,19.52,19.42,19.45
1151111,1600,19.47,19.62,19.44,19.44
1151112,1600,19.51,19.63,19.33,19.33
1151113,1600,19.2,19.2,18.93,19.0
1151116,1600,19.0,19.16,19.0,19.08
1151117,1600,19.36,19.48,19.36,19.48
1151118,1600,19.29,19.48,19.26,19.48
1151119,1600,19.57,19.7,19.57,19.61
1151120,1600,19.8,20.01,19.73,20.01
1151123,1600,19.93,19.96,19.82,19.96
1151124,1600,19.85,19.87,19.66,19.8
1151125,1600,19.8,19.94,19.73,19.8
1151126,1600,19.86,19.9,19.8,19.88
1151127,1600,19.55,19.68,19.54,19.58
1151130,1600,19.43,19.48,19.42,19.47
1151201,1600,19.61,19.63,19.46,19.52
1151202,1600,19.5,19.56,19.45,19.48
1151203,1600,19.52,19.59,18.81,18.81
1151204,1600,18.83,18.83,18.52,18.8
1151207,1600,18.82,18.93,18.65,18.67
1151208,1600,18.52,18.52,18.15,18.32
1151209,1600,18.34,18.38,18.1,18.2
1151210,1600,18.08,18.14,18.03,18.1
1151211,1600,17.9,17.9,17.5,17.53
1151214,1600,17.8,17.82,17.34,17.39
1151215,1600,17.66,18.14,17.66,18.07
1151216,1600,18.13,18.23,18.11,18.11
1151217,1600,18.44,18.64,18.44,18.49
1151218,1600,18.39,18.49,18.38,18.42
1151221,1600,18.4,18.49,18.23,18.23
1151222,1600,18.36,18.36,18.25,18.28
1151223,1600,18.45,18.72,18.45,18.72
1151228,1600,18.4,18.49,18.34,18.35
1151229,1600,18.48,18.64,18.43,18.63
1151230,1600,18.44,18.48,18.38,18.38
1160104,1600,17.85,18.01,17.69,17.93
1160105,1600,18.04,18.2,17.93,18.17
1160106,1600,17.95,17.99,17.79,17.88
1160107,1600,17.45,17.45,17.05,17.38
1160108,1600,17.27,17.33,16.88,16.88
1160111,1600,16.88,17.05,16.82,16.84
1160112,1600,16.74,17.06,16.73,16.96
1160113,1600,17.1,17.21,17.04,17.04
1160114,1600,16.9,16.9,16.6,16.83
1160115,1600,16.71,16.71,16.16,16.19
1160118,1600,16.4,16.5,16.35,16.38
1160119,1600,16.72,16.83,16.58,16.58
1160120,1600,16.09,16.11,15.9,16.01
1160121,1600,16.06,16.39,16.0,16.39
1160122,1600,16.65,16.86,16.65,16.81
1160125,1600,16.86,16.86,16.69,16.71
1160126,1600,16.44,16.78,16.37,16.77
1160127,1600,16.7,16.79,16.68,16.79
1160128,1600,16.83,16.9,16.71,16.71
1160129,1600,17.21,17.36,17.05,17.3
1160201,1600,17.32,17.32,17.08,17.22
1160202,1600,17.19,17.19,16.84,16.89
1160203,1600,16.81,16.81,16.48,16.58
1160204,1600,16.85,17.01,16.74,16.82
1160205,1600,16.82,16.92,16.79,16.79
1160208,1600,16.82,16.82,16.24,16.34
1160209,1600,16.33,16.47,15.94,15.94
1160210,1600,16.16,16.5,16.1,16.32
1160211,1600,16.07,16.07,15.67,15.69
1160212,1600,15.92,16.14,15.88,16.14
1160215,1600,16.4,16.58,16.36,16.51
1160216,1600,16.68,16.68,16.52,16.57
1160217,1600,16.43,16.97,16.43,16.97
1160218,1600,16.95,17.09,16.9,16.91
1160219,1600,16.87,16.9,16.8,16.86
1160222,1600,17.03,17.37,17.03,17.37
1160223,1600,17.15,17.27,17.07,17.1
1160224,1600,17.09,17.09,16.75,16.75
1160225,1600,16.83,17.05,16.83,16.92
1160226,1600,17.22,17.28,17.13,17.15
1160229,1600,17.01,17.44,17.0,17.44
1160301,1600,17.5,17.81,17.48,17.81
1160302,1600,17.87,18.05,17.84,18.05
1160303,1600,18.06,18.1,18.0,18.05
1160304,1600,18.15,18.38,18.11,18.38
1160307,1600,18.31,18.42,18.23,18.42
1160308,1600,18.14,18.14,17.94,18.03
1160309,1600,18.16,18.25,18.1,18.23
1160310,1600,18.3,18.76,17.75,17.75
1160311,1600,18.25,18.36,18.22,18.31
1160314,1600,18.33,18.37,18.3,18.35
1160315,1600,18.16,18.17,18.0,18.0
1160316,1600,18.05,18.13,17.99,18.13
1160317,1600,18.27,18.42,18.13,18.42
1160318,1600,18.46,18.6,18.35,18.6
1160321,1600,18.58,18.68,18.56,18.65
1160322,1600,18.66,18.73,18.53,18.73
1160323,1600,18.72,18.72,18.45,18.55
1160324,1600,18.36,18.5,18.25,18.29
1160329,1600,18.5,18.5,18.29,18.34
1160330,1600,18.54,18.76,18.54,18.73
1160331,1600,18.62,18.67,18.55,18.65
1160401,1600,18.37,18.43,18.14,18.42
1160404,1600,18.44,18.58,18.42,18.42
1160405,1600,18.18,18.22,18.01,18.07
1160406,1600,18.08,18.11,17.92,18.05
1160407,1600,18.05,18.11,17.9,17.92
1160408,1600,18.1,18.27,18.07,18.17
1160411,1600,18.23,18.41,18.17,18.36
1160412,1600,18.4,18.52,18.34,18.52
1160413,1600,18.76,19.09,18.76,19.09
1160414,1600,19.0,19.11,18.98,19.11
1160415,1600,19.1,19.1,18.94,18.98
1160418,1600,18.84,18.97,18.8,18.97
1160419,1600,18.97,19.17,18.97,19.16
1160420,1600,18.88,19.1,18.85,19.1
1160421,1600,19.19,19.19,18.96,19.07
1160422,1600,18.98,19.06,18.93,19.02
1160425,1600,18.97,18.97,18.8,18.84
1160426,1600,18.84,18.87,18.8,18.85
1160427,1600,18.86,18.88,18.79,18.88
1160428,1600,18.74,18.98,18.68,18.98
1160429,1600,18.66,18.69,18.45,18.45
1160502,1600,18.54,18.54,18.36,18.36
1160503,1600,18.28,18.28,17.92,18.0
1160504,1600,17.94,17.97,17.72,17.75
1160505,1600,17.89,17.98,17.85,17.92
1160506,1600,17.75,17.89,17.63,17.79
1160509,1600,17.86,18.0,17.62,17.62
1160510,1600,17.81,17.93,17.8,17.92
1160511,1600,17.92,17.94,17.83,17.91
1160512,1600,17.88,18.03,17.8,17.83
1160513,1600,17.81,17.86,17.74,17.84
1160517,1600,17.97,17.97,17.78,17.8
1160518,1600,17.8,17.84,17.69,17.84
1160519,1600,17.72,17.74,17.55,17.57
1160520,1600,17.77,17.86,17.67,17.86
1160523,1600,17.84,17.87,17.76,17.83
1160524,1600,17.67,18.08,17.67,18.08
1160525,1600,18.17,18.28,18.17,18.22
1160526,1600,18.21,18.31,18.18,18.29
1160527,1600,18.29,18.46,18.29,18.43
1160530,1600,18.42,18.42,18.34,18.38
1160531,1600,18.42,18.44,18.32,18.37
1160601,1600,18.42,18.42,18.24,18.33
1160602,1600,18.32,18.44,18.27,18.44
1160603,1600,18.48,18.51,18.35,18.35
1160606,1600,18.4,18.61,18.4,18.61
1160607,1600,18.65,18.8,18.63,18.79
1160608,1600,18.75,18.84,18.7,18.8
1160609,1600,18.74,18.75,18.67,18.72
1160610,1600,18.64,18.64,18.4,18.45
1160613,1600,18.26,18.28,18.15,18.16
1160614,1600,18.16,18.19,18.05,18.09
1160615,1600,18.22,18.37,18.22,18.26
1160616,1600,17.97,18.18,17.97,18.18
1160617,1600,18.14,18.25,18.14,18.19
1160620,1600,18.36,18.56,18.31,18.54
1160621,1600,18.44,18.63,18.44,18.63
1160622,1600,18.77,18.8,18.66,18.75
1160623,1600,18.67,18.85,18.67,18.84
1160624,1600,18.13,18.7,18.05,18.41
1160627,1600,18.52,18.52,18.14,18.16
1160628,1600,18.45,18.65,18.45,18.56
1160629,1600,18.78,19.05,18.75,19.05
1160630,1600,19.09,19.17,19.01,19.17
1160701,1600,19.32,19.37,19.18,19.32
1160704,1600,19.39,19.42,19.27,19.27
1160705,1600,19.18,19.18,19.0,19.0
1160706,1600,18.93,18.93,18.78,18.88
1160707,1600,19.04,19.15,19.04,19.11
1160708,1600,19.02,19.34,19.0,19.34
1160711,1600,19.56,19.63,19.44,19.63
1160712,1600,19.6,19.88,19.57,19.88
1160713,1600,19.76,19.81,19.65,19.65
1160714,1600,19.81,20.02,19.8,19.94
1160715,1600,19.9,20.03,19.82,20.02
1160718,1600,20.11,20.11,19.91,20.05
1160719,1600,20.09,20.09,19.94,20.05
1160720,1600,20.25,20.3,20.1,20.21
1160721,1600,20.21,20.23,20.1,20.15
1160722,1600,20.15,20.23,20.07,20.18
1160725,1600,20.31,20.31,20.14,20.14
1160726,1600,20.19,20.3,20.15,20.24
1160727,1600,20.2,20.33,20.2,20.21
1160728,1600,20.17,20.17,20.01,20.05
1160729,1600,20.08,20.13,19.95,20.13
1160801,1600,20.26,20.27,20.13,20.18
1160802,1600,20.1,20.1,19.82,19.82
1160803,1600,19.79,19.91,19.72,19.89
1160804,1600,19.98,20.18,19.98,20.18
1160805,1600,20.23,20.48,20.23,20.48
1160808,1600,20.58,20.65,20.56,20.63
1160809,1600,20.62,20.79,20.62,20.75
1160810,1600,20.65,20.7,20.52,20.52
1160811,1600,20.66,20.8,20.6,20.8
1160812,1600,20.8,20.84,20.69,20.77
1160815,1600,20.81,20.99,20.81,20.99
1160816,1600,20.88,20.88,20.66,20.66
1160817,1600,20.61,20.61,20.4,20.43
1160818,1600,20.7,20.7,20.58,20.63
1160819,1600,20.53,20.53,20.4,20.46
1160822,1600,20.48,20.48,20.29,20.29
1160823,1600,20.41,20.48,20.35,20.45
1160824,1600,20.2,20.35,20.2,20.34
1160825,1600,20.35,20.38,20.25,20.31
1160826,1600,20.35,20.67,20.3,20.67
1160829,1600,20.43,20.46,20.34,20.46
1160830,1600,20.58,20.66,20.56,20.57
1160831,1600,20.55,20.58,20.36,20.41
1160901,1600,20.41,20.47,20.25,20.32
1160902,1600,20.4,20.73,20.34,20.73
1160905,1600,20.9,20.96,20.84,20.96
1160906,1600,21.0,21.07,20.96,21.05
1160907,1600,21.07,21.07,20.98,20.99
1160908,1600,20.99,20.99,20.84,20.96
1160909,1600,20.78,20.78,20.5,20.55
1160912,1600,20.14,20.24,19.97,20.21
1160913,1600,20.3,20.3,19.97,20.01
1160914,1600,20.1,20.16,20.01,20.02
1160915,1600,20.1,20.32,20.04,20.32
1160916,1600,20.41,20.41,20.2,20.26
1160919,1600,20.46,20.63,20.46,20.55
1160920,1600,20.58,20.63,20.45,20.53
1160921,1600,20.7,20.82,20.69,20.78
1160922,1600,20.82,21.11,20.82,21.02
1160923,1600,21.02,21.02,20.86,20.98
1160926,1600,20.68,20.68,20.5,20.5
1160927,1600,20.75,20.84,20.65,20.7
1160928,1600,20.9,20.9,20.75,20.83
1160929,1600,20.87,20.93,20.79,20.79
1160930,1600,20.63,20.8,20.63,20.78
1161004,1600,20.97,21.2,20.89,21.09
1161005,1600,20.79,20.91,20.75,20.9
1161006,1600,21.05,21.05,20.85,20.97
1161007,1600,21.02,21.07,20.94,20.97
1161010,1600,21.02,21.25,20.89,21.21
1161011,1600,20.94,20.96,20.85,20.86
1161012,1600,20.88,20.98,20.82,20.94
1161013,1600,20.74,20.74,20.51,20.6
1161014,1600,20.81,20.96,20.79,20.88
1161017,1600,20.82,20.88,20.7,20.84
1161018,1600,21.01,21.19,21.01,21.18
1161019,1600,21.18,21.35,21.12,21.32
1161020,1600,21.26,21.37,21.13,21.35
1161021,1600,21.38,21.42,21.31,21.42
1161024,1600,21.59,21.63,21.49,21.52
1161025,1600,21.58,21.61,21.51,21.58
1161026,1600,21.45,21.45,21.22,21.3
1161027,1600,21.21,21.29,21.12,21.2
1161028,1600,21.13,21.15,21.02,21.12
1161031,1600,21.05,21.11,20.99,21.11
1161101,1600,21.1,21.15,20.68,20.68
1161102,1600,20.57,20.59,20.32,20.38
1161103,1600,20.39,20.52,20.37,20.38
1161104,1600,20.31,20.31,20.1,20.16
1161107,1600,20.63,20.84,20.55,20.84
1161108,1600,20.82,21.01,20.76,21.01
1161109,1600,20.23,20.73,20.02,20.73
1161110,1600,20.86,20.94,20.05,20.22
1161111,1600,20.07,20.07,19.56,19.64
1161114,1600,19.97,19.98,19.76,19.83
1161115,1600,19.87,20.15,19.83,20.1
1161116,1600,20.17,20.18,19.93,20.1
1161117,1600,20.16,20.33,20.05,20.33
1161118,1600,20.29,20.36,20.15,20.25
1161121,1600,20.24,20.41,20.17,20.36
1161122,1600,20.51,20.63,20.5,20.52
1161123,1600,20.56,20.66,20.46,20.51
1161124,1600,20.6,20.6,20.51,20.53
1161125,1600,20.61,20.62,20.2,20.61
1161128,1600,20.75,20.75,20.75,20.75
1161129,1600,20.73,20.74,20.62,20.73
1161130,1600,20.69,20.85,20.67,20.85
1161201,1600,20.78,20.8,20.59,20.6
1161202,1600,20.38,20.5,20.32,20.48
1161205,1600,20.47,20.54,20.35,20.4
1161206,1600,20.36,20.53,20.36,20.49
1161207,1600,20.6,20.72,20.58,20.69
1161208,1600,20.86,21.13,20.69,21.09
1161209,1600,21.08,21.29,21.04,21.26
1161212,1600,21.09,21.09,20.96,21.01
1161213,1600,20.99,21.12,20.99,21.07
1161214,1600,21.01,21.04,20.9,20.94
1161215,1600,20.94,21.05,20.85,21.05
1161216,1600,20.97,21.0,20.87,20.93
1161219,1600,20.88,20.94,20.85,20.85
1161220,1600,20.87,21.01,20.85,20.94
1161221,1600,20.96,20.96,20.8,20.82
1161222,1600,20.69,20.7,20.4,20.44
1161223,1600,20.57,20.62,20.5,20.57
1161227,1600,20.55,20.72,20.55,20.71
1161228,1600,20.88,20.97,20.85,20.94
1161229,1600,20.98,21.04,20.92,21.04
1161230,1600,21.05,21.05,20.87,20.95
1170102,1600,20.88,21.08,20.88,21.03
1170103,1600,21.18,21.5,21.16,21.27
1170104,1600,21.34,21.39,21.28,21.32
1170105,1600,21.32,21.42,21.24,21.3
1170106,1600,21.33,21.37,21.27,21.32
1170109,1600,21.34,21.37,21.29,21.31
1170110,1600,21.31,21.48,21.27,21.48
1170111,1600,21.54,21.65,21.5,21.57
1170112,1600,21.53,21.64,21.5,21.51
1170113,1600,21.58,21.63,21.51,21.62
1170116,1600,21.48,21.55,21.47,21.5
1170117,1600,21.49,21.53,21.4,21.43
1170118,1600,21.55,21.57,21.46,21.5
1170119,1600,21.52,21.55,21.39,21.44
1170120,1600,21.42,21.44,21.35,21.37
1170123,1600,21.37,21.49,21.34,21.47
1170124,1600,21.52,21.71,21.52,21.69
1170125,1600,21.8,21.88,21.74,21.85
1170126,1600,21.99,22.05,21.96,21.97
1170127,1600,21.95,21.95,21.87,21.89
1170130,1600,21.88,21.92,21.73,21.73
1170131,1600,21.73,21.74,21.59,21.59
1170201,1600,21.67,21.87,21.67,21.76
1170202,1600,21.67,21.77,21.65,21.75
1170203,1600,21.8,21.97,21.79,21.95
1170206,1600,22.04,22.1,21.98,22.01
1170207,1600,22.02,22.1,21.99,21.99
1170208,1600,22.1,22.15,21.99,22.09
1170209,1600,22.2,22.31,22.15,22.31
1170210,1600,22.32,22.49,22.32,22.46
1170213,1600,22.52,22.67,22.49,22.66
1170214,1600,22.63,22.69,22.59,22.63
1170215,1600,22.84,22.9,22.83,22.85
1170216,1600,22.78,22.81,22.67,22.67
1170217,1600,22.63,22.64,22.5,22.61
1170220,1600,22.77,22.82,22.7,22.77
1170221,1600,22.88,23.05,22.84,23.01
1170222,1600,23.21,23.21,23.09,23.09
1170223,1600,23.17,23.22,23.06,23.12
1170224,1600,22.99,23.0,22.75,22.84
1170227,1600,22.85,22.85,22.71,22.71
1170228,1600,22.74,22.77,22.56,22.58
1170301,1600,22.72,22.93,22.72,22.88
1170302,1600,22.89,22.89,22.7,22.71
1170303,1600,22.59,22.65,22.55,22.65
1170306,1600,22.58,22.71,22.53,22.64
1170307,1600,22.71,22.81,22.7,22.73
1170308,1600,22.79,22.8,22.69,22.69
1170309,1600,22.53,22.53,22.33,22.37
1170310,1600,22.4,22.44,22.32,22.34
1170313,1600,22.54,22.67,22.52,22.67
1170314,1600,22.72,22.74,22.6,22.66
1170315,1600,22.74,22.81,22.73,22.81
1170316,1600,23.03,23.17,23.03,23.12
1170317,1600,23.0,23.14,22.97,23.08
1170320,1600,23.13,23.36,23.13,23.32
1170321,1600,23.25,23.31,22.98,22.98
1170322,1600,22.9,23.05,22.86,23.04
1170323,1600,23.0,23.13,23.0,23.13
1170324,1600,23.04,23.13,23.0,23.12
1170327,1600,22.84,22.9,22.71,22.86
1170328,1600,22.88,23.01,22.85,23.0
1170329,1600,23.02,23.24,23.01,23.23
1170330,1600,23.16,23.29,23.15,23.28
1170331,1600,23.15,23.19,23.08,23.1
1170403,1600,23.26,23.35,23.23,23.29
1170404,1600,23.26,23.38,23.24,23.37
1170405,1600,23.36,23.48,23.36,23.43
1170406,1600,23.21,23.31,23.2,23.31
1170407,1600,23.15,23.37,23.15,23.37
1170410,1600,23.31,23.32,23.21,23.23
1170411,1600,23.21,23.27,23.01,23.09
1170412,1600,23.21,23.33,23.17,23.17
1170413,1600,23.28,23.37,23.25,23.36
1170418,1600,23.22,23.22,22.98,22.98
1170419,1600,22.92,22.99,22.87,22.93
1170420,1600,22.92,23.0,22.87,22.93
1170421,1600,23.12,23.18,23.08,23.12
1170424,1600,23.09,23.12,23.02,23.05
1170425,1600,23.19,23.24,23.11,23.11
1170426,1600,23.17,23.25,23.13,23.25
1170427,1600,23.11,23.2,23.05,23.13
1170428,1600,23.12,23.14,23.01,23.09
1170502,1600,23.3,23.36,23.24,23.36
1170503,1600,23.32,23.32,23.18,23.24
1170504,1600,23.23,23.23,22.97,23.01
1170505,1600,22.79,22.95,22.77,22.92
1170508,1600,23.1,23.22,23.08,23.17
1170509,1600,23.25,23.51,23.2,23.51
1170510,1600,23.39,23.59,23.37,23.59
1170511,1600,23.66,23.71,23.55,23.63
1170512,1600,23.68,23.68,23.58,23.65
1170515,1600,23.69,23.72,23.62,23.7
1170516,1600,23.61,23.61,23.48,23.52
1170517,1600,23.37,23.45,23.16,23.17
1170518,1600,22.94,22.94,22.48,22.74
1170519,1600,22.76,23.01,22.76,23.01
1170522,1600,23.1,23.1,22.88,22.97
1170523,1600,22.82,23.0,22.82,22.97
1170524,1600,23.02,23.11,22.98,23.11
1170525,1600,23.19,23.28,23.15,23.18
1170526,1600,23.22,23.36,23.18,23.33
1170529,1600,23.33,23.33,23.27,23.31
1170530,1600,23.31,23.33,23.18,23.2
1170531,1600,23.25,23.25,22.94,22.97
1170601,1600,23.01,23.14,23.01,23.14
1170602,1600,23.21,23.3,23.11,23.18
1170605,1600,23.18,23.18,23.18,23.18
1170606,1600,23.19,23.24,23.11,23.18
1170607,1600,23.17,23.3,23.12,23.14
1170608,1600,23.28,23.42,23.25,23.38
1170609,1600,23.43,23.55,23.43,23.5
1170612,1600,23.17,23.18,23.07,23.16
1170613,1600,23.22,23.3,23.21,23.24
1170614,1600,23.23,23.31,23.21,23.23
1170615,1600,23.15,23.18,23.01,23.12
1170616,1600,23.16,23.19,23.0,23.03
1170619,1600,23.2,23.4,23.2,23.4
1170620,1600,23.39,23.41,23.24,23.24
1170621,1600,23.2,23.33,23.13,23.24
1170622,1600,23.26,23.37,23.23,23.35
1170623,1600,23.32,23.36,23.26,23.32
1170626,1600,23.5,23.56,23.45,23.47
1170627,1600,23.5,23.5,23.16,23.21
1170628,1600,22.9,23.08,22.83,23.03
1170629,1600,23.03,23.03,22.71,22.71
1170630,1600,22.73,22.92,22.71,22.89
1170703,1600,22.98,23.1,22.96,23.07
1170704,1600,22.86,22.97,22.85,22.97
1170705,1600,23.0,23.06,22.88,22.98
1170706,1600,22.99,23.0,22.68,22.74
1170707,1600,22.69,22.76,22.64,22.71
1170710,1600,22.82,22.95,22.77,22.93
1170711,1600,23.07,23.07,22.93,22.94
1170712,1600,23.03,23.46,23.03,23.43
1170713,1600,23.46,23.62,23.46,23.6
1170714,1600,23.58,23.74,23.54,23.71
1170717,1600,23.7,23.75,23.64,23.67
1170718,1600,23.61,23.64,23.39,23.49
1170719,1600,23.7,23.85,23.7,23.81
1170720,1600,23.81,23.83,23.52,23.52
1170721,1600,23.51,23.59,23.45,23.47
1170724,1600,23.6,23.63,23.54,23.56
1170725,1600,23.57,23.59,23.49,23.56
1170726,1600,23.56,23.63,23.56,23.61
1170727,1600,23.64,23.71,23.63,23.7
1170728,1600,23.4,23.41,23.29,23.33
1170731,1600,23.47,23.51,23.28,23.31
1170801,1600,23.4,23.43,23.34,23.38
1170802,1600,23.38,23.38,23.21,23.25
1170803,1600,23.19,23.23,23.09,23.09
1170804,1600,23.21,23.44,23.2,23.44
1170807,1600,23.48,23.53,23.4,23.52
1170808,1600,23.58,23.8,23.54,23.8
1170809,1600,23.5,23.52,23.38,23.41
1170810,1600,23.35,23.35,23.07,23.08
1170811,1600,22.86,22.86,22.7,22.81
1170814,1600,22.92,23.19,22.92,23.19
1170815,1600,23.26,23.28,23.13,23.23
1170816,1600,23.28,23.51,23.25,23.48
1170817,1600,23.37,23.58,23.35,23.38
1170818,1600,23.25,23.4,23.2,23.4
1170821,1600,23.36,23.4,23.25,23.32
1170822,1600,23.5,23.65,23.46,23.65
1170823,1600,23.62,23.65,23.52,23.59
1170824,1600,23.69,23.81,23.65,23.65
1170825,1600,23.81,23.88,23.69,23.7
1170828,1600,23.53,23.64,23.49,23.49
1170829,1600,23.18,23.31,23.01,23.27
1170830,1600,23.52,23.58,23.49,23.55
1170831,1600,23.61,23.77,23.57,23.69
1170901,1600,23.76,23.89,23.68,23.88
1170904,1600,23.59,23.65,23.55,23.6
1170905,1600,23.61,23.72,23.58,23.61
1170906,1600,23.53,23.63,23.47,23.55
1170907,1600,23.63,23.68,23.55,23.6
1170908,1600,23.54,23.58,23.5,23.5
1170911,1600,23.72,23.87,23.68,23.87
1170912,1600,23.89,24.0,23.86,23.93
1170913,1600,23.85,23.93,23.76,23.92
1170914,1600,24.0,24.05,23.88,24.03
1170915,1600,23.99,23.99,23.86,23.93
1170918,1600,24.24,24.28,24.12,24.13
1170919,1600,24.01,24.08,23.96,24.03
1170920,1600,24.04,24.09,24.02,24.04
1170921,1600,24.2,24.24,24.06,24.06
1170922,1600,23.91,23.91,23.82,23.86
1170925,1600,23.81,23.84,23.62,23.68
1170926,1600,23.66,23.83,23.64,23.78
1170927,1600,23.83,23.83,23.65,23.65
1170928,1600,23.62,23.62,23.46,23.57
1170929,1600,23.66,23.78,23.64,23.78
1171002,1600,23.96,24.09,23.91,24.0
1171003,1600,24.0,24.0,24.0,24.0
1171004,1600,24.32,24.34,24.25,24.29
1171005,1600,24.32,24.62,24.3,24.62
1171006,1600,24.58,24.59,24.38,24.4
1171009,1600,24.4,24.41,24.31,24.34
1171010,1600,24.38,24.53,24.38,24.48
1171011,1600,24.52,24.52,24.39,24.48
1171012,1600,24.53,24.6,24.49,24.6
1171013,1600,24.62,24.78,24.61,24.78
1171016,1600,24.84,24.91,24.81,24.85
1171017,1600,24.89,24.9,24.76,24.76
1171018,1600,24.84,24.9,24.77,24.82
1171019,1600,24.64,24.64,24.36,24.44
1171020,1600,24.64,24.7,24.6,24.7
1171023,1600,24.7,24.77,24.61,24.61
1171024,1600,24.61,24.65,24.54,24.63
1171025,1600,24.64,24.68,24.3,24.39
1171026,1600,24.37,24.71,24.35,24.71
1171027,1600,24.73,25.02,24.69,25.02
1171030,1600,24.93,24.98,24.8,24.88
1171031,1600,24.88,24.88,24.88,24.88
1171101,1600,25.19,25.35,25.19,25.27
1171102,1600,25.2,25.21,25.03,25.12
1171103,1600,25.15,25.2,25.02,25.16
1171106,1600,25.16,25.38,25.16,25.36
1171107,1600,25.47,25.49,25.32,25.35
1171108,1600,25.37,25.4,25.3,25.37
1171109,1600,25.38,25.4,25.09,25.12
1171110,1600,25.24,25.24,24.99,25.03
1171113,1600,25.07,25.09,24.88,25.0
1171114,1600,24.92,24.94,24.63,24.63
1171115,1600,24.41,24.46,24.25,24.46
1171116,1600,24.66,24.93,24.66,24.88
1171117,1600,24.89,25.01,24.83,25.01
1171120,1600,25.06,25.2,24.99,25.2
1171121,1600,25.35,25.63,25.31,25.59
1171122,1600,25.51,25.58,25.42,25.42
1171123,1600,25.22,25.33,25.21,25.3
1171124,1600,25.31,25.31,25.14,25.16
1171127,1600,24.87,25.0,24.86,24.88
1171128,1600,25.0,25.13,24.99,25.13
1171129,1600,25.13,25.19,24.82,24.87
1171130,1600,24.7,24.83,24.56,24.57
1171201,1600,24.45,24.53,24.25,24.28
1171204,1600,24.6,24.74,24.49,24.57
1171205,1600,24.51,24.66,24.44,24.66
1171206,1600,24.15,24.28,24.11,24.16
1171207,1600,24.22,24.35,24.14,24.31
1171208,1600,24.53,24.65,24.53,24.57
1171211,1600,24.69,24.7,24.62,24.66
1171212,1600,24.54,24.6,24.5,24.6
1171213,1600,24.77,24.83,24.67,24.795
1171214,1600,24.67,24.81,24.61,24.755
1171215,1600,24.6,24.77,24.5,24.77
1171218,1600,24.84,24.95,24.76,24.95
1171219,1600,24.95,24.95,24.77,24.81
1171220,1600,24.83,24.87,24.65,24.76
1171221,1600,24.75,24.91,24.69,24.88
1171222,1600,25.0,25.08,24.95,25.05
1171227,1600,25.17,25.18,24.98,25.09
1171228,1600,25.27,25.27,25.17,25.18
1171229,1600,25.25,25.26,25.19,25.23
1180102,1600,25.32,25.463,25.264,25.4
1180103,1600,25.614,25.812,25.591,25.786
1180104,1600,25.793,25.853,25.739,25.835
1180105,1600,25.856,26.107,25.856,26.107
1180108,1600,26.207,26.27,26.146,26.248
1180109,1600,26.306,26.373,26.218,26.304
1180110,1600,26.158,26.197,25.93,26.041
1180111,1600,26.109,26.137,25.9,25.959
1180112,1600,26.054,26.057,25.897,26.057
1180115,1600,25.856,25.865,25.7,25.742
1180116,1600,25.946,26.16,25.926,26.012
1180117,1600,25.955,26.098,25.931,26.095
1180118,1600,26.167,26.18,26.07,26.114
1180119,1600,26.153,26.31,26.143,26.288
1180122,1600,26.357,26.404,26.279,26.399
1180123,1600,26.558,26.606,26.399,26.503
1180124,1600,26.471,26.585,26.411,26.411
1180125,1600,26.421,26.527,26.222,26.448
1180126,1600,26.499,26.722,26.493,26.722
1180129,1600,26.683,26.684,26.52,26.603
1180130,1600,26.336,26.336,25.971,26.082
1180131,1600,26.204,26.339,26.175,26.21
1180201,1600,26.232,26.25,25.883,25.934
1180202,1600,25.773,25.781,25.375,25.43
1180205,1600,25.316,25.43,25.145,25.303
1180206,1600,24.504,25.1,24.374,24.806
1180207,1600,24.678,25.228,24.654,25.219
1180208,1600,24.861,24.923,24.363,24.446
1180209,1600,24.185,24.423,24.067,24.173
1180212,1600,24.485,24.722,24.485,24.563
1180213,1600,24.605,24.676,24.484,24.591
1180214,1600,24.844,24.959,24.603,24.866
1180215,1600,25.182,25.494,25.16,25.284
1180216,1600,25.497,25.618,25.371,25.585
1180219,1600,25.326,25.518,25.306,25.383
1180220,1600,25.22,25.36,25.087,25.36
1180221,1600,25.515,25.708,25.439,25.708
1180222,1600,25.369,25.567,25.295,25.543
1180223,1600,25.675,25.761,25.597,25.734
1180226,1600,25.859,25.908,25.82,25.89
1180227,1600,25.753,25.823,25.606,25.637
1180228,1600,25.482,25.599,25.376,25.41
1180301,1600,25.545,25.568,25.353,25.467
1180302,1600,25.149,25.165,24.595,24.74
1180305,1600,24.795,25.021,24.764,25.021
1180306,1600,25.219,25.315,25.078,25.089
1180307,1600,24.92,25.052,24.765,25.045
1180308,1600,25.139,25.289,25.077,25.268
1180309,1600,25.39,25.672,25.373,25.672
1180312,1600,25.827,25.909,25.756,25.816
1180313,1600,25.886,25.912,25.565,25.576
1180314,1600,25.667,25.769,25.472,25.564
1180315,1600,25.791,25.791,25.638,25.685
1180316,1600,25.636,25.741,25.576,25.681
1180319,1600,25.633,25.633,25.208,25.224
1180320,1600,25.456,25.7,25.42,25.698
1180321,1600,25.65,25.718,25.52,25.691
1180322,1600,25.427,25.427,24.93,25.122
1180323,1600,24.866,24.9,24.58,24.652
1180326,1600,24.831,24.95,24.571,24.63
1180327,1600,25.007,25.107,24.932,24.98
1180328,1600,24.6,24.647,24.428,24.58
1180329,1600,24.797,25.02,24.75,25.013
1180403,1600,24.871,25.075,24.802,24.902
1180404,1600,24.76,24.76,24.173,24.695
1180405,1600,25.127,25.316,25.038,25.316
1180406,1600,24.9,25.0,24.76,24.779
1180409,1600,24.953,24.954,24.608,24.824
1180410,1600,24.936,24.965,24.75,24.9
1180411,1600,24.792,24.893,24.63,24.868
1180412,1600,24.774,25.11,24.733,25.039
1180413,1600,24.975,25.052,24.763,24.864
1180416,1600,24.688,24.727,24.575,24.628
1180417,1600,24.575,24.868,24.456,24.841
1180418,1600,24.725,24.966,24.725,24.946
1180419,1600,25.048,25.125,24.886,24.922
1180420,1600,24.839,24.96,24.7,24.769
1180423,1600,24.791,24.859,24.68,24.832
1180424,1600,24.835,24.927,24.706,24.762
1180425,1600,24.494,24.56,24.296,24.407
1180426,1600,24.406,24.85,24.406,24.819
1180427,1600,24.95,25.155,24.944,25.073
1180430,1600,25.149,25.26,25.149,25.185
1180502,1600,25.169,25.203,25.027,25.082
1180503,1600,24.945,25.0,24.55,24.594
1180504,1600,24.796,24.974,24.696,24.974
1180507,1600,24.933,25.008,24.87,24.997
1180508,1600,25.113,25.113,24.985,25.036
1180509,1600,25.185,25.3,25.095,25.105
1180510,1600,25.295,25.603,25.26,25.596
1180511,1600,25.555,25.574,25.472,25.484
1180514,1600,25.549,25.586,25.437,25.533
1180515,1600,25.362,25.379,25.132,25.202
1180516,1600,25.336,25.643,25.31,25.619
1180517,1600,25.47,25.485,25.346,25.402
1180518,1600,25.417,25.417,25.129,25.187
1180521,1600,25.187,25.187,25.187,25.187
1180522,1600,25.375,25.476,25.287,25.449
1180523,1600,25.271,25.344,25.17,25.318
1180524,1600,25.359,25.396,25.064,25.126
1180525,1600,25.398,25.567,25.398,25.567
1180528,1600,25.583,25.672,25.558,25.596
1180529,1600,25.446,25.455,25.275,25.37
1180530,1600,25.16,25.179,25.05,25.174
1180531,1600,25.231,25.249,25.094,25.172
1180601,1600,25.317,25.531,25.264,25.475
1180604,1600,25.64,25.714,25.546,25.666
1180605,1600,25.68,25.72,25.578,25.578
1180606,1600,25.667,25.667,25.498,25.601
1180607,1600,25.601,25.629,25.35,25.36
1180608,1600,25.133,25.254,25.01,25.218
1180611,1600,25.334,25.334,25.222,25.245
1180612,1600,25.362,25.362,25.204,25.255
1180613,1600,25.259,25.303,25.139,25.255
1180614,1600,24.884,25.43,24.838,25.37
1180615,1600,25.29,25.32,24.886,24.886
1180618,1600,25.004,25.016,24.587,24.645
1180619,1600,24.348,24.524,24.295,24.498
1180620,1600,24.753,24.818,24.682,24.693
1180621,1600,24.612,24.624,24.245,24.31
1180622,1600,24.439,24.512,24.371,24.435
1180625,1600,24.29,24.29,23.821,23.821
1180626,1600,24.041,24.078,23.902,23.91
1180627,1600,23.86,24.024,23.661,23.8585
1180628,1600,23.67,23.77,23.54,23.694
1180629,1600,24.11,24.144,23.97,24.028
1180702,1600,23.638,23.82,23.583,23.789
1180703,1600,23.824,23.938,23.788,23.932
1180704,1600,23.701,23.826,23.701,23.757
1180705,1600,23.56,23.833,23.56,23.644
1180706,1600,23.706,23.85,23.561,23.85
1180709,1600,24.1,24.184,24.043,24.1665
1180710,1600,24.172,24.25,24.105,24.159
1180711,1600,23.822,23.916,23.79,23.872
1180712,1600,24.123,24.229,24.065,24.19
1180713,1600,24.334,24.355,24.183,24.287
1180716,1600,24.129,24.168,23.957,23.985
1180717,1600,23.94,24.195,23.873,24.186
1180718,1600,24.216,24.273,24.15,24.219
1180719,1600,24.119,24.149,23.943,24.058
1180720,1600,24.137,24.25,24.062,24.21
1180723,1600,24.084,24.119,24.0,24.036
1180724,1600,24.271,24.509,24.234,24.47
1180725,1600,24.468,24.611,24.45,24.611
1180726,1600,24.487,24.72,24.487,24.72
1180727,1600,24.761,24.877,24.75,24.83
1180730,1600,24.65,24.723,24.586,24.601
1180731,1600,24.497,24.634,24.436,24.634
1180801,1600,24.596,24.666,24.495,24.627
1180802,1600,24.295,24.295,24.135,24.29
1180803,1600,24.369,24.64,24.342,24.612
1180806,1600,24.57,24.642,24.495,24.558
1180807,1600,24.686,24.801,24.664,24.787
1180808,1600,24.671,24.715,24.585,24.634
1180809,1600,24.639,24.742,24.615,24.736
1180810,1600,24.547,24.581,24.344,24.484
1180813,1600,24.14,24.231,24.068,24.126
1180814,1600,24.2,24.272,24.172,24.264
1180815,1600,24.058,24.066,23.54,23.671
1180816,1600,23.806,23.889,23.718,23.889
1180817,1600,23.837,23.837,23.567,23.655
1180820,1600,23.931,24.028,23.847,23.906
1180821,1600,23.964,24.087,23.94,24.064
1180822,1600,23.951,24.037,23.861,24.036
1180823,1600,24.022,24.12,23.867,23.876
1180824,1600,23.921,24.072,23.893,24.05
1180827,1600,24.191,24.421,24.191,24.388
1180828,1600,24.293,24.321,24.175,24.175
1180829,1600,24.239,24.29,24.152,24.29
1180830,1600,24.167,24.167,23.854,23.881
1180831,1600,23.832,24.067,23.745,23.94
1180903,1600,23.981,24.028,23.869,23.909
1180904,1600,24.006,24.008,23.68,23.73
1180905,1600,23.407,23.407,23.2,23.226
1180906,1600,23.156,23.355,23.126,23.215
1180907,1600,23.26,23.426,23.229,23.373
1180910,1600,23.209,23.277,22.993,23.021
1180911,1600,22.987,22.994,22.746,22.909
1180912,1600,22.891,23.137,22.813,23.1
1180913,1600,23.151,23.362,23.147,23.202
1180914,1600,23.349,23.443,23.337,23.414
1180917,1600,23.165,23.171,23.05,23.127
1180918,1600,23.14,23.295,23.098,23.268
1180919,1600,23.374,23.565,23.312,23.561
1180920,1600,23.52,23.578,23.493,23.56
1180921,1600,23.708,23.79,23.627,23.79
1180924,1600,23.435,23.468,23.337,23.442
1180925,1600,23.44,23.513,23.376,23.513
1180926,1600,23.572,23.742,23.572,23.719
1180927,1600,23.694,23.931,23.655,23.925
1180928,1600,23.884,23.948,23.806,23.925
1181001,1600,23.966,24.007,23.912,23.97
1181002,1600,23.616,23.729,23.519,23.723
1181004,1600,23.34,23.374,23.102,23.11
1181005,1600,23.114,23.13,22.841,22.841
1181008,1600,22.916,22.969,22.82,22.881
1181009,1600,22.987,22.993,22.8,22.97
1181010,1600,22.94,22.94,22.365,22.381
1181011,1600,21.918,22.143,21.698,21.902
1181012,1600,22.321,22.533,22.28,22.442
1181015,1600,22.243,22.358,22.146,22.31
1181016,1600,22.275,22.676,22.275,22.676
1181017,1600,22.802,22.802,22.5,22.606
1181018,1600,22.44,22.5,22.185,22.185
1181019,1600,22.531,22.595,22.393,22.393
1181022,1600,22.591,22.723,22.523,22.588
1181023,1600,22.192,22.239,21.979,22.067
1181024,1600,22.168,22.429,22.046,22.046
1181025,1600,21.809,22.284,21.793,22.284
1181026,1600,21.845,21.881,21.64,21.881
1181029,1600,21.906,22.194,21.745,21.801
1181030,1600,21.788,21.865,21.67,21.835
1181031,1600,22.177,22.34,22.168,22.317
1181101,1600,22.418,22.799,22.418,22.799
1181102,1600,23.259,23.382,23.039,23.039
1181105,1600,22.946,23.16,22.937,23.064
1181106,1600,23.039,23.081,22.893,23.008
1181107,1600,23.002,23.251,23.0,23.21
1181108,1600,23.264,23.264,23.052,23.102
1181109,1600,22.816,22.821,22.576,22.65
1181112,1600,22.881,22.881,22.48,22.525
1181113,1600,22.893,22.945,22.604,22.876
1181114,1600,22.58,22.918,22.484,22.706
1181115,1600,22.996,23.078,22.861,23.078
1181116,1600,23.002,23.049,22.832,22.915
1181119,1600,22.996,23.041,22.753,22.785
1181120,1600,22.57,22.657,22.365,22.508
1181121,1600,22.648,22.907,22.648,22.883
1181122,1600,22.689,22.741,22.625,22.626
1181123,1600,22.615,22.742,22.57,22.708
1181126,1600,22.91,23.0,22.862,22.913
1181127,1600,22.923,23.095,22.822,23.085
1181128,1600,23.254,23.326,23.16,23.23
1181129,1600,23.264,23.382,23.23,23.382
1181130,1600,23.235,23.321,23.155,23.321
1181203,1600,23.906,23.961,23.76,23.76
1181204,1600,23.754,23.78,23.664,23.733
1181205,1600,23.454,23.53,23.412,23.412
1181206,1600,22.988,22.988,22.563,22.603
1181207,1600,22.86,23.118,22.836,22.859
1181210,1600,22.521,22.534,22.147,22.185
1181211,1600,22.493,22.795,22.463,22.649
1181212,1600,22.863,23.109,22.854,23.04
1181213,1600,23.116,23.116,22.932,23.021
1181214,1600,22.691,22.988,22.683,22.988
1181217,1600,22.786,22.84,22.597,22.731
1181218,1600,22.57,22.66,22.471,22.596
1181219,1600,22.553,22.691,22.553,22.647
1181220,1600,22.269,22.449,22.211,22.326
1181221,1600,22.29,22.485,22.179,22.386
1181227,1600,22.279,22.295,22.028,22.199
1181228,1600,22.282,22.47,22.282,22.44
1190102,1600,21.975,22.637,21.927,22.595
1190103,1600,22.199,22.392,22.063,22.195
1190104,1600,22.446,22.833,22.388,22.776
1190107,1600,22.808,22.808,22.605,22.701
1190108,1600,22.645,22.864,22.644,22.748
1190109,1600,22.973,23.093,22.937,23.072
1190110,1600,22.934,23.192,22.885,23.192
1190111,1600,23.152,23.264,23.065,23.264
1190114,1600,22.935,23.105,22.918,23.099
1190115,1600,23.333,23.45,23.251,23.423
1190116,1600,23.509,23.692,23.46,23.692
1190117,1600,23.469,23.63,23.443,23.63
1190118,1600,23.698,23.999,23.655,23.999
1190121,1600,23.785,23.819,23.738,23.798
1190122,1600,23.629,23.687,23.574,23.647
1190123,1600,23.625,23.755,23.587,23.634
1190124,1600,23.732,23.978,23.72,23.978
1190125,1600,24.2,24.282,24.165,24.193
1190128,1600,24.0,24.008,23.742,23.838
1190129,1600,23.829,24.042,23.829,23.953
1190130,1600,23.991,24.138,23.991,24.084
1190131,1600,24.284,24.53,24.282,24.53
1190201,1600,24.415,24.442,24.329,24.392
1190204,1600,24.387,24.555,24.34,24.555
1190205,1600,24.519,24.814,24.508,24.814
1190206,1600,24.831,24.869,24.675,24.707
1190207,1600,24.56,24.621,24.247,24.247
1190208,1600,24.387,24.435,24.189,24.204
1190211,1600,24.343,24.515,24.343,24.394
1190212,1600,24.493,24.57,24.474,24.483
1190213,1600,24.551,24.572,24.396,24.396
1190214,1600,24.471,24.494,24.21,24.28
1190215,1600,24.179,24.464,24.159,24.444
1190218,1600,24.459,24.488,24.358,24.413
1190219,1600,24.35,24.44,24.239,24.426
1190220,1600,24.578,24.731,24.505,24.706
1190221,1600,24.671,24.708,24.462,24.514
1190222,1600,24.725,24.885,24.72,24.869
1190225,1600,25.007,25.197,24.962,25.172
1190226,1600,24.944,24.989,24.852,24.976
1190227,1600,24.769,24.81,24.686,24.788
1190228,1600,24.562,24.647,24.464,24.51
1190301,1600,24.672,24.724,24.488,24.495
1190304,1600,24.71,24.748,24.6,24.611
1190305,1600,24.811,24.977,24.76,24.977
1190306,1600,24.931,24.98,24.878,24.912
1190307,1600,24.67,24.825,24.61,24.677
1190308,1600,24.396,24.461,24.219,24.301
1190311,1600,24.627,24.805,24.54,24.798
1190312,1600,24.929,24.929,24.786,24.832
1190313,1600,24.775,24.821,24.737,24.752
1190314,1600,24.689,24.78,24.61,24.668
1190315,1600,24.839,24.993,24.839,24.977
1190318,1600,25.077,25.152,25.055,25.117
1190319,1600,25.136,25.262,25.128,25.232
1190320,1600,25.14,25.144,24.961,24.961
1190321,1600,24.995,25.125,24.947,25.06
1190322,1600,25.04,25.099,24.712,24.717
1190325,1600,24.584,24.72,24.532,24.682
1190326,1600,24.689,24.863,24.648,24.796
1190327,1600,24.895,24.895,24.579,24.675
1190328,1600,24.653,24.818,24.652,24.733
1190329,1600,25.005,25.123,24.994,25.123
1190401,1600,25.346,25.496,25.328,25.493
1190402,1600,25.492,25.611,25.445,25.479
1190403,1600,25.689,25.754,25.614,25.71
1190404,1600,25.554,25.74,25.525,25.714
1190405,1600,25.771,25.939,25.751,25.914
1190408,1600,25.761,25.789,25.661,25.789
1190409,1600,25.833,25.927,25.742,25.771
1190410,1600,25.896,25.977,25.882,25.922
1190411,1600,25.799,25.799,25.612,25.612
1190412,1600,25.593,25.772,25.592,25.74
1190415,1600,25.672,25.698,25.5,25.579
1190416,1600,25.741,25.809,25.711,25.774
1190417,1600,25.846,26.0,25.828,25.828
1190418,1600,25.696,25.961,25.687,25.961
1190423,1600,25.754,25.921,25.682,25.921
1190424,1600,25.811,25.88,25.64,25.729
1190425,1600,25.694,25.694,25.543,25.691
1190426,1600,25.691,25.811,25.634,25.803
1190429,1600,25.874,25.9,25.771,25.787
1190430,1600,25.62,25.658,25.502,25.602
1190502,1600,25.692,25.71,25.557,25.586
1190503,1600,25.708,25.911,25.708,25.899
1190506,1600,25.137,25.322,25.078,25.292
1190507,1600,25.257,25.273,24.897,24.95
1190508,1600,25.011,25.057,24.8,24.907
1190509,1600,24.502,24.515,24.028,24.063
1190510,1600,24.595,24.605,24.113,24.178
1190513,1600,24.108,24.108,23.596,23.626
1190514,1600,23.903,24.09,23.9,24.09
1190515,1600,24.242,24.242,23.925,24.053
1190516,1600,24.006,24.212,23.932,24.206
1190517,1600,23.744,23.786,23.61,23.709
1190520,1600,23.704,23.722,23.442,23.521
1190521,1600,23.755,23.773,23.642,23.752
1190522,1600,23.8,23.847,23.697,23.765
1190523,1600,23.548,23.562,23.4,23.459
1190524,1600,23.483,23.55,23.334,23.359
1190527,1600,23.498,23.54,23.439,23.485
1190528,1600,23.604,23.63,23.442,23.541
1190529,1600,23.403,23.59,23.385,23.577
1190530,1600,23.763,23.898,23.734,23.88
1190531,1600,23.711,23.932,23.591,23.931
1190603,1600,23.999,24.106,23.926,24.049
1190604,1600,23.718,23.929,23.708,23.929
1190605,1600,23.851,23.99,23.731,23.783
1190606,1600,23.807,23.871,23.648,23.684
1190607,1600,23.783,23.931,23.706,23.845
1190611,1600,24.208,24.381,24.197,24.285
1190612,1600,24.119,24.15,24.069,24.077
1190613,1600,24.036,24.209,24.021,24.098
1190614,1600,24.027,24.087,24.0,24.087
1190617,1600,24.093,24.093,23.949,24.041
1190618,1600,24.11,24.727,24.077,24.678
1190619,1600,24.701,24.732,24.619,24.648
1190620,1600,24.906,25.177,24.906,25.051
1190621,1600,24.914,24.961,24.854,24.914
1190624,1600,24.818,24.818,24.71,24.741
1190625,1600,24.615,24.673,24.582,24.634
1190626,1600,24.644,24.824,24.618,24.765
1190627,1600,24.95,24.974,24.835,24.867
1190628,1600,24.876,24.927,24.831,24.853
1190701,1600,25.349,25.401,25.283,25.339
1190702,1600,25.31,25.343,25.23,25.268
1190703,1600,25.167,25.249,25.15,25.228
1190704,1600,25.301,25.404,25.273,25.399
1190705,1600,25.343,25.354,25.178,25.275
1190708,1600,25.047,25.145,24.987,25.136
1190709,1600,24.961,25.07,24.927,25.041
1190710,1600,25.053,25.302,25.005,25.175
1190711,1600,25.254,25.301,25.103,25.126
1190712,1600,25.131,25.182,25.048,25.101
1190715,1600,25.197,25.25,25.134,25.232
1190716,1600,25.307,25.41,25.3,25.373
1190717,1600,25.339,25.339,25.162,25.215
1190718,1600,25.138,25.25,25.099,25.193
1190719,1600,25.363,25.408,25.3,25.325
1190722,1600,25.195,25.295,25.172,25.275
1190723,1600,25.351,25.4,25.302,25.337
1190724,1600,25.399,25.422,25.347,25.413
1190725,1600,25.473,25.573,25.097,25.204
1190726,1600,25.286,25.309,25.229,25.276
1190729,1600,25.132,25.238,25.124,25.153
1190730,1600,25.234,25.234,24.946,25.008
1190731,1600,24.966,25.021,24.946,24.993
1190801,1600,24.998,25.084,24.934,25.084
1190802,1600,24.382,24.382,24.03,24.047
1190805,1600,23.662,23.675,23.071,23.101
1190806,1600,23.255,23.475,23.171,23.172
1190807,1600,23.34,23.45,22.924,23.115
1190808,1600,23.527,23.622,23.456,23.62
1190809,1600,23.656,23.656,23.332,23.4
1190812,1600,23.597,23.608,23.09,23.13
1190813,1600,23.077,23.618,22.893,23.502
1190814,1600,23.409,23.409,22.995,23.061
1190815,1600,23.206,23.206,22.834,23.125
1190816,1600,23.383,23.489,23.383,23.477
1190819,1600,23.763,23.795,23.606,23.667
1190820,1600,23.729,23.793,23.643,23.67
1190821,1600,23.784,23.846,23.766,23.811
1190822,1600,23.705,23.731,23.535,23.578
1190823,1600,23.74,23.779,23.222,23.222
1190826,1600,23.195,23.369,23.114,23.308
1190827,1600,23.258,23.499,23.185,23.442
1190828,1600,23.359,23.445,23.278,23.445
1190829,1600,23.3,23.699,23.29,23.699
1190830,1600,23.785,23.994,23.785,23.994
1190902,1600,24.025,24.13,24.02,24.034
1190903,1600,23.934,23.997,23.88,23.986
1190904,1600,24.216,24.328,24.121,24.228
1190905,1600,24.415,24.508,24.351,24.504
1190906,1600,24.534,24.647,24.53,24.63
1190909,1600,24.688,24.69,24.608,24.664
1190910,1600,24.563,24.646,24.5,24.566
1190911,1600,24.702,24.92,24.67,24.92
1190912,1600,24.972,25.25,24.874,25.015
1190913,1600,24.975,25.131,24.96,25.093
1190916,1600,24.85,25.175,24.829,25.149
1190917,1600,24.895,24.898,24.75,24.882
1190918,1600,24.88,24.932,24.809,24.818
1190919,1600,24.752,24.92,24.7,24.914
1190920,1600,24.904,25.053,24.85,25.013
1190923,1600,24.967,24.986,24.855,24.942
1190924,1600,24.94,24.966,24.744,24.744
1190925,1600,24.635,24.713,24.466,24.706
1190926,1600,24.767,24.876,24.722,24.785
1190927,1600,24.786,24.839,24.758,24.817
1190930,1600,24.716,24.802,24.699,24.784
1191001,1600,24.852,24.852,24.472,24.533
1191002,1600,24.472,24.489,24.156,24.156
1191004,1600,24.35,24.493,24.277,24.47
1191007,1600,24.449,24.502,24.398,24.45
1191008,1600,24.573,24.576,24.25,24.305
1191009,1600,24.293,24.472,24.293,24.387
1191010,1600,24.371,24.638,24.286,24.601
1191011,1600,24.687,25.009,24.687,25.009
1191014,1600,24.913,24.925,24.757,24.854
1191015,1600,24.909,25.0,24.872,24.948
1191016,1600,24.876,24.986,24.851,24.97
1191017,1600,24.975,25.103,24.967,24.994
1191018,1600,24.914,24.948,24.87,24.876
1191021,1600,24.86,24.96,24.848,24.916
1191022,1600,25.034,25.149,24.972,25.095
1191023,1600,25.002,25.078,24.92,25.069
1191024,1600,25.132,25.256,25.1,25.256
1191025,1600,25.183,25.362,25.101,25.359
1191028,1600,25.401,25.547,25.384,25.534
1191029,1600,25.451,25.459,25.35,25.38
1191030,1600,25.307,25.379,25.219,25.29
1191031,1600,25.348,25.373,25.1,25.116
1191101,1600,25.343,25.55,25.342,25.471
1191104,1600,25.757,25.9,25.757,25.853
1191105,1600,25.958,26.139,25.958,26.121
1191106,1600,26.071,26.17,26.017,26.147
1191107,1600,26.196,26.349,26.186,26.333
1191108,1600,26.155,26.219,26.093,26.165
1191111,1600,25.755,25.894,25.734,25.884
1191112,1600,25.976,25.981,25.844,25.885
1191113,1600,25.713,25.724,25.506,25.63
1191114,1600,25.605,25.703,25.582,25.59
1191115,1600,25.74,25.814,25.671,25.81
1191118,1600,25.868,25.868,25.639,25.706
1191119,1600,25.829,25.92,25.634,25.669
1191120,1600,25.655,25.713,25.615,25.695
1191121,1600,25.408,25.518,25.36,25.47
1191122,1600,25.567,25.667,25.567,25.604
1191125,1600,25.848,25.937,25.825,25.913
1191126,1600,25.865,25.865,25.697,25.738
1191127,1600,25.905,25.912,25.816,25.85
1191128,1600,25.848,25.857,25.764,25.817
1191129,1600,25.55,25.687,25.528,25.533
1191202,1600,25.584,25.634,25.3,25.305
1191203,1600,25.411,25.423,25.034,25.074
1191204,1600,25.197,25.438,25.179,25.41
1191205,1600,25.472,25.472,25.365,25.436
1191206,1600,25.571,25.745,25.54,25.706
1191209,1600,25.741,25.753,25.65,25.664
1191210,1600,25.664,25.687,25.479,25.621
1191211,1600,25.793,25.848,25.738,25.846
1191212,1600,26.001,26.352,25.902,26.246
1191213,1600,26.393,26.522,26.245,26.303
1191216,1600,26.408,26.591,26.4,26.585
1191217,1600,26.712,26.75,26.645,26.686
1191218,1600,26.78,26.91,26.771,26.86
1191219,1600,26.875,26.92,26.815,26.92
1191220,1600,26.934,27.106,26.914,27.106
1191223,1600,27.013,27.092,26.992,27.065
1191227,1600,27.303,27.363,27.136,27.188
1191230,1600,27.163,27.163,27.076,27.154
1200102,1600,27.181,27.481,27.154,27.372
1200103,1600,27.224,27.318,27.104,27.233
1200106,1600,26.975,26.986,26.791,26.965
1200107,1600,27.055,27.115,26.966,27.079
1200108,1600,26.931,27.178,26.905,27.175
1200109,1600,27.534,27.593,27.452,27.498
1200110,1600,27.605,27.707,27.57,27.609
1200113,1600,27.801,27.859,27.716,27.817
1200114,1600,27.735,27.879,27.67,27.76
1200115,1600,27.72,27.721,27.607,27.613
1200116,1600,27.719,27.832,27.687,27.781
1200117,1600,27.868,28.01,27.823,27.96
1200120,1600,27.933,27.982,27.9,27.955
1200121,1600,27.464,27.507,27.361,27.507
1200122,1600,27.764,27.772,27.6,27.65
1200123,1600,27.427,27.434,27.19,27.249
1200124,1600,27.642,27.698,27.401,27.426
1200127,1600,26.634,26.634,26.14,26.401
1200128,1600,26.567,26.739,26.3,26.66
1200129,1600,26.898,26.984,26.758,26.802
1200130,1600,26.224,26.345,26.01,26.143
1200131,1600,26.151,26.165,25.599,25.645
1200203,1600,25.867,26.128,25.756,25.992
1200204,1600,26.541,26.855,26.53,26.855
1200205,1600,26.632,27.28,26.631,26.982
1200206,1600,27.268,27.291,27.055,27.142
1200207,1600,27.049,27.06,26.674,26.818
1200210,1600,26.898,26.936,26.805,26.936
1200211,1600,27.214,27.399,27.129,27.312
1200212,1600,27.477,27.669,27.441,27.669
1200213,1600,27.49,27.583,27.317,27.583
1200214,1600,27.668,27.685,27.527,27.572
1200217,1600,27.75,27.75,27.68,27.745
1200218,1600,27.36,27.509,27.315,27.38
1200219,1600,27.641,27.725,27.616,27.684
1200220,1600,27.659,27.659,27.174,27.174
1200221,1600,27.115,27.184,26.939,27.039
1200224,1600,26.439,26.439,25.814,25.948
1200225,1600,26.402,26.409,25.889,25.907
1200226,1600,25.924,26.229,25.521,26.084
1200227,1600,25.766,25.825,24.936,25.156
1200228,1600,24.529,24.667,24.13,24.401
1200302,1600,25.129,25.129,24.285,24.645
1200303,1600,24.98,25.329,24.897,25.055
1200304,1600,25.055,25.374,24.985,25.215
1200305,1600,25.447,25.459,24.944,24.981
1200306,1600,24.44,24.479,23.78,23.868
1200309,1600,23.868,23.868,21.646,22.066
1200310,1600,22.714,23.275,22.561,22.645
1200311,1600,22.841,22.933,22.459,22.58
1200312,1600,21.46,21.46,19.9015,19.9015
1200313,1600,21.445,22.2,20.748,21.203
1200316,1600,20.253,20.318,19.02,19.7275
1200317,1600,20.121,20.635,19.252,20.3
1200318,1600,19.3375,19.5375,18.883,19.1805
1200319,1600,18.8645,19.3045,18.614,19.1625
1200320,1600,20.495,20.795,19.824,19.97
1200323,1600,19.037,19.806,18.6645,18.8705
1200324,1600,19.783,20.285,19.631,20.285
1200325,1600,20.718,21.041,20.339,20.775
1200326,1600,20.558,21.252,20.43,21.179
1200327,1600,20.704,20.734,19.9945,20.087
1200330,1600,20.2,20.348,19.953,20.348
1200331,1600,20.586,20.908,20.48,20.898
1200401,1600,20.22,20.333,20.122,20.176
1200402,1600,20.534,20.751,20.35,20.705
1200403,1600,20.693,20.887,20.51,20.514
1200406,1600,21.156,21.443,21.137,21.437
1200407,1600,21.712,22.058,21.609,21.818
1200408,1600,21.571,21.718,21.339,21.718
1200409,1600,21.928,22.024,21.639,21.918
1200414,1600,22.103,22.189,21.963,22.06
1200415,1600,21.98,21.98,21.551,21.579
1200416,1600,22.004,22.027,21.758,21.969
1200417,1600,22.464,22.642,22.117,22.117
1200420,1600,22.282,22.288,22.026,22.242
1200421,1600,21.906,21.932,21.408,21.438
1200422,1600,21.915,22.13,21.875,22.114
1200423,1600,22.307,22.437,22.195,22.316
1200424,1600,22.139,22.24,21.88,21.943
1200427,1600,22.302,22.354,22.2,22.328
1200428,1600,22.425,22.716,22.375,22.59
1200429,1600,22.631,22.952,22.62,22.946
1200430,1600,23.274,23.317,22.648,22.648
1200504,1600,21.824,21.883,21.701,21.819
1200505,1600,22.205,22.356,22.15,22.356
1200506,1600,22.564,22.583,22.205,22.258
1200507,1600,22.39,22.515,22.332,22.402
1200508,1600,22.59,22.826,22.549,22.768
1200511,1600,22.852,22.898,22.565,22.723
1200512,1600,22.597,22.861,22.593,22.856
1200513,1600,22.699,22.809,22.574,22.623
1200514,1600,22.445,22.494,22.08,22.358
1200515,1600,22.596,22.596,22.216,22.255
1200518,1600,22.533,22.938,22.53,22.935
1200519,1600,22.9,22.973,22.692,22.973
1200520,1600,22.829,23.066,22.81,23.065
1200521,1600,22.782,22.869,22.636,22.729
1200522,1600,22.371,22.625,22.308,22.47
1200525,1600,22.673,22.82,22.605,22.82
1200526,1600,23.025,23.05,22.873,22.941
1200527,1600,22.849,23.0,22.543,22.747
1200528,1600,22.782,22.839,22.682,22.721
1200529,1600,22.53,22.646,22.443,22.453
1200602,1600,23.298,23.674,23.283,23.599
1200603,1600,23.736,24.127,23.718,24.127
1200604,1600,23.838,23.911,23.613,23.661
1200605,1600,23.797,24.377,23.777,24.377
1200608,1600,24.102,24.264,24.065,24.198
1200609,1600,24.423,24.43,23.975,24.038
1200610,1600,24.25,24.296,24.074,24.141
1200611,1600,23.801,23.819,23.406,23.412
1200612,1600,23.374,23.768,23.371,23.681
1200615,1600,23.14,23.306,23.052,23.263
1200616,1600,23.665,24.115,23.6,23.77
1200617,1600,23.857,24.082,23.857,23.999
1200618,1600,24.009,24.15,23.883,24.062
1200619,1600,24.247,24.374,24.187,24.277
1200622,1600,24.204,24.264,24.12,24.207
1200623,1600,24.276,24.443,24.276,24.403
1200624,1600,24.404,24.489,24.068,24.068
1200625,1600,23.992,24.257,23.884,24.171
1200626,1600,24.328,24.37,23.993,24.06
1200629,1600,23.921,24.075,23.813,24.014
1200630,1600,24.161,24.184,24.001,24.035
1200701,1600,24.196,24.4,24.052,24.186
1200702,1600,24.569,24.91,24.569,24.837
1200703,1600,25.115,25.132,24.961,25.008
1200706,1600,25.54,25.714,25.459,25.714
1200707,1600,25.403,25.616,25.282,25.539
1200708,1600,25.661,25.715,25.535,25.628
1200709,1600,25.925,26.1,25.758,25.802
1200710,1600,25.693,25.806,25.623,25.694
1200713,1600,25.953,25.991,25.851,25.984
1200714,1600,25.424,25.424,25.072,25.341
1200715,1600,25.446,25.598,25.38,25.444
1200716,1600,24.997,25.1,24.869,25.081
1200717,1600,25.257,25.299,25.132,25.226
1200720,1600,25.165,25.485,25.13,25.485
1200721,1600,25.86,26.041,25.792,25.798
1200722,1600,25.713,25.739,25.278,25.368
1200723,1600,25.488,25.541,25.334,25.366
1200724,1600,24.81,25.021,24.737,24.964
1200727,1600,24.93,25.087,24.868,24.999
1200728,1600,25.179,25.26,25.05,25.13
1200729,1600,25.216,25.279,25.189,25.222
1200730,1600,25.185,25.185,24.795,24.881
1200731,1600,24.885,24.975,24.715,24.779
1200803,1600,25.042,25.242,24.918,25.142
1200804,1600,25.365,25.401,25.23,25.264
1200805,1600,25.494,25.541,25.37,25.495
1200806,1600,25.452,25.561,25.358,25.418
1200807,1600,25.217,25.347,25.172,25.331
1200810,1600,25.276,25.393,25.163,25.248
1200811,1600,25.471,25.547,25.411,25.478
1200812,1600,25.471,25.58,25.431,25.58
1200813,1600,25.405,25.469,25.32,25.415
1200814,1600,25.433,25.465,25.238,25.373
1200817,1600,25.501,25.528,25.373,25.525
1200818,1600,25.328,25.47,25.25,25.32
1200819,1600,25.277,25.381,25.199,25.381
1200820,1600,24.983,25.068,24.888,24.964
1200821,1600,25.29,25.47,25.23,25.42
1200824,1600,25.706,25.779,25.611,25.631
1200825,1600,25.879,25.885,25.665,25.812
1200826,1600,25.884,26.008,25.862,25.949
1200827,1600,25.907,25.959,25.8,25.843
1200828,1600,25.898,25.9,25.669,25.844
1200831,1600,25.714,25.717,25.117,25.207
1200901,1600,25.502,25.705,25.4,25.629
1200902,1600,25.855,26.024,25.756,25.781
1200903,1600,25.969,25.973,25.326,25.382
1200904,1600,25.394,25.663,25.151,25.264
1200907,1600,25.318,25.428,25.261,25.428
1200908,1600,25.465,25.526,25.075,25.224
1200909,1600,25.179,25.395,25.133,25.382
1200910,1600,25.335,25.356,25.144,25.215
1200911,1600,25.364,25.409,25.25,25.289
1200914,1600,25.633,25.643,25.435,25.531
1200915,1600,25.722,25.913,25.675,25.911
1200916,1600,25.93,26.013,25.897,26.006
1200917,1600,25.744,25.83,25.61,25.753
1200918,1600,25.854,25.923,25.656,25.656
1200921,1600,25.518,25.518,25.14,25.212
1200922,1600,25.266,25.402,25.201,25.23
1200923,1600,25.362,25.465,25.225,25.225
1200924,1600,24.842,24.943,24.69,24.943
1200925,1600,24.883,24.918,24.71,24.885
1200928,1600,25.227,25.326,25.199,25.231
1200929,1600,25.105,25.147,25.034,25.094
1200930,1600,25.134,25.558,25.134,25.493
1201001,1600,25.713,25.777,25.558,25.651
1201002,1600,25.299,25.689,25.272,25.602
1201005,1600,25.563,25.609,25.449,25.593
1201006,1600,25.65,25.87,25.6,25.848
1201007,1600,25.975,26.064,25.951,26.064
1201008,1600,26.083,26.225,26.048,26.142
1201009,1600,26.172,26.376,26.088,26.338
1201012,1600,26.39,26.553,26.36,26.528
1201013,1600,26.495,26.595,26.438,26.536
1201014,1600,26.523,26.599,26.436,26.556
1201015,1600,26.275,26.275,26.026,26.215
1201016,1600,26.338,26.412,26.273,26.365
1201019,1600,26.461,26.486,26.265,26.298
1201020,1600,26.342,26.389,26.207,26.306
1201021,1600,26.392,26.465,26.208,26.384
1201022,1600,26.294,26.46,26.262,26.362
1201023,1600,26.422,26.495,26.296,26.352
1201026,1600,26.151,26.377,26.14,26.183
1201027,1600,26.22,26.357,26.183,26.293
1201028,1600,26.314,26.342,25.861,25.906
1201029,1600,26.148,26.21,25.874,26.182
1201030,1600,25.825,26.043,25.78,25.921
1201102,1600,26.13,26.361,26.092,26.237
1201103,1600,26.469,26.616,26.119,26.255
1201104,1600,26.25,27.095,26.192,27.095
1201105,1600,27.241,27.433,27.14,27.248
1201106,1600,27.152,27.258,26.916,27.219
1201109,1600,27.504,28.22,27.468,27.976
1201110,1600,27.595,27.695,27.277,27.427
1201111,1600,27.34,27.643,27.318,27.595
1201112,1600,27.54,27.734,27.517,27.657
1201113,1600,27.671,27.742,27.54,27.599
1201116,1600,27.904,28.173,27.896,28.08
1201117,1600,27.931,27.947,27.752,27.914
1201118,1600,27.972,28.155,27.954,28.012
1201119,1600,27.88,28.0,27.725,27.938
1201120,1600,27.904,28.121,27.899,28.121
1201123,1600,28.335,28.416,28.216,28.282
1201124,1600,28.426,28.455,28.329,28.445
1201125,1600,28.214,28.318,28.121,28.3
1201126,1600,28.379,28.48,28.379,28.451
1201127,1600,28.49,28.599,28.49,28.513
1201130,1600,27.954,28.122,27.85,27.887
1201201,1600,28.148,28.251,28.107,28.164
1201202,1600,28.096,28.187,27.979,28.097
1201203,1600,28.171,28.339,28.146,28.331
1201204,1600,28.49,28.541,28.4,28.524
1201207,1600,28.512,28.648,28.388,28.63
1201208,1600,28.579,28.627,28.477,28.627
1201209,1600,28.731,28.777,28.591,28.647
1201210,1600,28.579,28.726,28.364,28.693
1201211,1600,28.689,28.7,28.447,28.604
1201214,1600,28.558,28.613,28.443,28.472
1201215,1600,28.406,28.568,28.398,28.504
1201216,1600,28.734,28.853,28.58,28.706
1201217,1600,28.806,28.838,28.665,28.726
1201218,1600,28.639,28.771,28.61,28.77
1201221,1600,28.576,28.6,28.003,28.373
1201222,1600,28.184,28.333,28.184,28.239
1201223,1600,28.5,28.559,28.423,28.527
1201228,1600,28.442,28.599,28.36,28.505
1201229,1600,28.633,28.791,28.6,28.768
1201230,1600,29.116,29.188,29.047,29.074
1210104,1600,29.655,29.913,29.374,29.422
1210105,1600,29.62,29.767,29.457,29.742
1210106,1600,29.708,29.856,29.55,29.825
1210107,1600,29.834,29.929,29.764,29.858
1210108,1600,30.409,30.669,30.313,30.669
1210111,1600,30.685,30.768,30.6,30.665
1210112,1600,30.784,30.916,30.73,30.889
1210113,1600,30.891,30.957,30.779,30.838
1210114,1600,31.138,31.44,31.117,31.422
1210115,1600,31.173,31.206,30.9,31.075
1210118,1600,31.085,31.2,31.024,31.154
1210119,1600,31.559,31.592,31.306,31.347
1210120,1600,31.812,31.946,31.793,31.829
1210121,1600,32.062,32.079,31.739,31.854
1210122,1600,31.522,31.539,31.265,31.446
1210125,1600,31.987,32.039,31.605,31.701
1210126,1600,31.423,31.628,31.389,31.475
1210127,1600,31.267,31.34,30.95,31.077
1210128,1600,30.599,30.967,30.308,30.967
1210129,1600,30.353,30.5,30.24,30.346
1210201,1600,30.854,31.066,30.834,31.014
1210202,1600,31.632,31.834,31.622,31.769
1210203,1600,32.081,32.094,31.891,31.947
1210204,1600,31.904,32.052,31.845,31.931
1210205,1600,32.09,32.192,31.97,32.13
1210208,1600,32.108,32.266,32.031,32.193
1210209,1600,32.172,32.32,32.067,32.309
1210210,1600,32.524,32.652,32.269,32.44
1210211,1600,32.669,32.917,32.652,32.917
1210212,1600,32.751,32.906,32.642,32.901
1210215,1600,33.062,33.216,33.038,33.192
1210216,1600,33.14,33.189,32.997,33.044
1210217,1600,33.231,33.292,33.014,33.022
1210218,1600,32.783,32.834,32.371,32.452
1210219,1600,32.628,32.867,32.549,32.849
1210222,1600,32.021,32.031,31.833,31.966
1210223,1600,31.878,31.882,31.237,31.715
1210224,1600,31.463,31.689,31.3,31.582
1210225,1600,31.834,31.844,31.374,31.381
1210226,1600,30.7,30.924,30.492,30.836
1210301,1600,31.332,31.742,31.299,31.742
1210302,1600,31.385,31.536,31.24,31.244
1210303,1600,31.829,31.87,31.375,31.468
1210304,1600,31.246,31.403,31.01,31.293
1210305,1600,31.156,31.39,30.726,30.849
1210308,1600,30.728,30.96,30.558,30.746
1210309,1600,30.538,31.138,30.517,31.092
1210310,1600,30.97,31.227,30.871,30.92
1210311,1600,31.526,31.691,31.487,31.691
1210312,1600,31.308,31.331,31.144,31.19
1210315,1600,31.212,31.406,31.14,31.262
1210316,1600,31.463,31.724,31.413,31.645
1210317,1600,31.449,31.472,31.146,31.253
1210318,1600,31.475,31.49,31.25,31.325
1210319,1600,31.135,31.384,31.123,31.348
1210322,1600,31.236,31.3,31.138,31.275
1210323,1600,30.983,31.133,30.887,31.08
1210324,1600,30.713,30.853,30.576,30.598
1210325,1600,30.433,30.583,30.188,30.583
1210326,1600,30.924,31.014,30.676,30.779
1210329,1600,30.895,31.099,30.858,31.012
1210330,1600,31.162,31.331,31.11,31.331
1210331,1600,31.198,31.448,31.12,31.422
1210401,1600,31.699,31.918,31.656,31.761
1210406,1600,31.752,31.806,31.548,31.777
1210407,1600,31.461,31.485,31.145,31.247
1210408,1600,31.595,31.609,31.437,31.48
1210409,1600,31.242,31.275,31.153,31.156
1210412,1600,30.987,31.012,30.886,30.931
1210413,1600,30.936,31.067,30.853,31.056
1210414,1600,31.156,31.297,31.156,31.212
1210415,1600,31.142,31.379,31.115,31.299
1210416,1600,31.42,31.493,31.3,31.431
1210419,1600,31.478,31.483,31.166,31.171
1210420,1600,31.248,31.291,30.905,30.905
1210421,1600,30.908,31.053,30.85,31.01
1210422,1600,31.089,31.3,31.013,31.223
1210423,1600,31.316,31.37,31.25,31.348
1210426,1600,31.343,31.42,31.2,31.374
1210427,1600,31.52,31.545,31.4,31.443
1210428,1600,31.488,31.639,31.426,31.528
1210429,1600,31.645,31.707,31.29,31.33
1210430,1600,31.213,31.27,31.1,31.208
1210503,1600,31.027,31.179,30.934,31.126
1210504,1600,31.11,31.148,30.621,30.683
1210505,1600,30.894,31.064,30.885,31.064
1210506,1600,31.07,31.103,30.927,31.099
1210507,1600,31.128,31.366,31.034,31.351
1210510,1600,31.062,31.149,30.82,30.855
1210511,1600,30.524,30.524,30.064,30.474
1210512,1600,30.428,30.495,30.086,30.086
1210513,1600,29.932,30.121,29.748,29.967
1210514,1600,30.048,30.225,29.989,30.198
1210517,1600,30.096,30.192,29.916,30.132
1210518,1600,30.601,30.609,30.399,30.51
1210519,1600,30.316,30.316,30.05,30.283
1210520,1600,30.377,30.54,30.225,30.539
1210521,1600,30.426,30.579,30.35,30.369
1210525,1600,30.802,30.802,30.659,30.68
1210526,1600,30.898,30.955,30.817,30.934
1210527,1600,31.0,31.136,30.96,31.095
1210528,1600,31.183,31.388,31.162,31.312
1210531,1600,31.518,31.556,31.38,31.433
1210601,1600,31.767,31.903,31.672,31.756
1210602,1600,31.749,31.905,31.708,31.905
1210603,1600,31.824,31.88,31.61,31.864
1210604,1600,31.838,31.954,31.774,31.931
1210607,1600,31.858,31.95,31.684,31.686
1210608,1600,31.736,31.785,31.597,31.642
1210609,1600,31.631,31.662,31.55,31.609
1210610,1600,31.758,31.888,31.664,31.845
1210611,1600,31.859,31.983,31.85,31.911
1210614,1600,32.004,32.033,31.88,32.004
1210615,1600,31.979,31.984,31.731,31.731
1210616,1600,31.743,31.803,31.679,31.79
1210617,1600,31.855,32.145,31.85,32.103
1210618,1600,32.127,32.166,31.95,31.978
1210621,1600,31.836,31.917,31.676,31.85
1210622,1600,31.879,31.879,31.677,31.755
1210623,1600,32.075,32.12,31.92,31.992
1210624,1600,32.11,32.276,32.095,32.276
1210625,1600,32.499,32.538,32.4,32.466
1210628,1600,32.485,32.665,32.466,32.52
1210629,1600,32.405,32.504,32.366,32.472
1210630,1600,32.58,32.653,32.446,32.558
1210701,1600,32.558,32.699,32.312,32.346
1210702,1600,32.216,32.422,32.17,32.342
1210705,1600,32.255,32.271,32.171,32.204
1210706,1600,32.155,32.255,31.976,32.04
1210707,1600,32.047,32.21,31.957,32.008
1210708,1600,31.513,31.546,31.118,31.26
1210709,1600,31.434,31.673,31.399,31.664
1210712,1600,31.617,31.708,31.453,31.704
1210713,1600,31.972,32.108,31.877,32.108
1210714,1600,32.059,32.247,32.038,32.05
1210715,1600,32.287,32.296,32.161,32.224
1210716,1600,32.187,32.24,31.99,31.996
1210719,1600,31.756,31.761,31.25,31.42
1210720,1600,31.505,31.581,31.337,31.543
1210721,1600,31.485,31.593,31.39,31.591
1210722,1600,31.86,31.912,31.725,31.811
1210723,1600,31.723,31.752,31.322,31.406
1210726,1600,30.91,30.934,30.66,30.843
1210727,1600,30.213,30.275,29.926,29.926
1210728,1600,30.26,30.789,30.203,30.761
1210729,1600,30.98,31.142,30.85,30.963
1210730,1600,30.573,30.854,30.557,30.809
1210802,1600,30.927,31.052,30.838,31.033
1210803,1600,30.977,31.011,30.775,30.929
1210804,1600,31.247,31.35,31.164,31.266
1210805,1600,31.163,31.355,31.149,31.33
1210806,1600,31.167,31.277,31.077,31.15
1210809,1600,31.27,31.378,31.226,31.372
1210810,1600,31.525,31.529,31.349,31.395
1210811,1600,31.387,31.569,31.289,31.331
1210812,1600,31.21,31.292,31.088,31.168
1210813,1600,30.99,31.0,30.84,30.896
1210816,1600,30.64,30.737,30.58,30.671
1210817,1600,30.188,30.474,30.15,30.412
1210818,1600,30.657,30.665,30.546,30.559
1210819,1600,29.914,30.0,29.702,29.912
1210820,1600,29.687,29.985,29.524,29.887
1210823,1600,30.012,30.147,29.951,30.099
1210824,1600,30.552,30.865,30.545,30.824
1210825,1600,30.87,30.909,30.783,30.883
1210826,1600,30.605,30.74,30.58,30.635
1210827,1600,30.627,30.88,30.627,30.837
1210830,1600,30.929,31.037,30.807,30.953
1210831,1600,31.298,31.387,31.2,31.381
1210901,1600,31.619,31.661,31.447,31.661
1210902,1600,31.562,31.667,31.505,31.604
1210903,1600,31.407,31.599,31.395,31.554
1210906,1600,31.73,31.85,31.707,31.85
1210907,1600,31.819,31.865,31.642,31.852
1210908,1600,31.613,31.768,31.379,31.428
1210909,1600,31.172,31.452,31.092,31.372
1210910,1600,31.555,31.661,31.4,31.435
1210913,1600,31.354,31.514,31.333,31.459
1210914,1600,31.265,31.362,31.191,31.271
1210915,1600,31.164,31.164,31.021,31.021
1210916,1600,30.925,31.044,30.881,31.038
1210917,1600,31.15,31.16,30.979,31.01
1210920,1600,30.556,30.572,30.231,30.293
1210921,1600,30.422,30.601,30.35,30.446
1210922,1600,30.783,31.006,30.707,30.921
1210923,1600,31.128,31.287,30.959,31.013
1210924,1600,30.941,30.956,30.777,30.836
1210927,1600,31.03,31.03,30.8,31.015
1210928,1600,31.086,31.088,30.635,30.635
1210929,1600,30.688,30.817,30.656,30.695
1210930,1600,30.919,31.093,30.857,31.037
1211001,1600,30.578,30.926,30.518,30.756
1211004,1600,30.564,30.624,30.181,30.22
1211005,1600,30.448,30.693,30.433,30.671
1211006,1600,30.422,30.504,30.18,30.427
1211007,1600,31.017,31.177,30.966,31.177
1211008,1600,31.015,31.2,30.99,31.135
1211011,1600,31.309,31.4,31.26,31.33
1211012,1600,30.862,31.223,30.862,31.133
1211013,1600,31.124,31.353,31.07,31.296
1211014,1600,31.398,31.505,31.32,31.362
1211015,1600,31.62,31.814,31.55,31.809
1211018,1600,31.656,31.741,31.532,31.72
1211019,1600,31.895,31.958,31.795,31.958
1211020,1600,31.895,32.067,31.879,31.962
1211021,1600,31.703,31.767,31.63,31.656
1211022,1600,31.782,31.858,31.585,31.585
1211025,1600,31.719,31.888,31.695,31.878
1211026,1600,31.961,32.056,31.894,31.894
1211027,1600,31.7,31.71,31.51,31.634
1211028,1600,31.531,31.56,31.245,31.267
1211029,1600,31.086,31.255,31.016,31.255
1211101,1600,31.221,31.442,31.2,31.406
1211102,1600,31.19,31.255,31.145,31.181
1211103,1600,31.181,31.202,31.076,31.168
1211104,1600,31.489,31.57,31.279,31.307
1211105,1600,31.29,31.55,31.273,31.334
1211108,1600,31.481,31.562,31.37,31.505
1211109,1600,31.507,31.623,31.386,31.477
1211110,1600,31.646,31.768,31.5,31.731
1211111,1600,31.853,32.225,31.776,32.2
1211112,1600,32.221,32.304,32.189,32.304
1211115,1600,32.293,32.425,32.29,32.355
1211116,1600,32.634,32.651,32.414,32.563
1211117,1600,32.741,32.749,32.472,32.509
1211118,1600,32.356,32.426,31.801,32.03
1211119,1600,32.172,32.238,32.027,32.15
1211122,1600,32.265,32.271,32.083,32.083
1211123,1600,32.038,32.111,31.793,31.842
1211124,1600,32.039,32.123,31.829,32.037
1211125,1600,32.125,32.146,32.024,32.097
1211126,1600,31.158,31.277,30.565,30.569
1211129,1600,31.053,31.215,30.872,30.917
1211130,1600,30.656,30.917,30.476,30.811
1211201,1600,31.109,31.488,31.084,31.442
1211202,1600,31.37,31.411,31.126,31.324
1211203,1600,31.373,31.396,30.859,30.915
1211206,1600,31.022,31.092,30.74,31.072
1211207,1600,31.455,31.756,31.453,31.723
1211208,1600,31.625,31.771,31.536,31.685
1211209,1600,31.779,31.788,31.555,31.723
1211210,1600,31.521,31.753,31.484,31.515
1211213,1600,31.55,31.642,31.15,31.15
1211214,1600,31.216,31.224,30.933,31.039
1211215,1600,31.102,31.102,30.731,30.731
1211216,1600,31.248,31.414,31.06,31.095
1211217,1600,30.942,31.029,30.645,30.956
1211220,1600,30.474,30.474,30.26,30.26
1211221,1600,30.684,30.889,30.58,30.879
1211222,1600,30.88,30.952,30.75,30.952
1211223,1600,31.041,31.261,31.015,31.191
1211227,1600,31.105,31.371,31.038,31.322
1211228,1600,31.321,31.411,31.26,31.278
1211229,1600,31.237,31.341,30.9,31.011
1211230,1600,31.134,31.151,31.07,31.126
1220103,1600,31.519,31.659,31.33,31.643
1220104,1600,31.634,31.747,31.45,31.546
1220105,1600,31.276,31.482,31.24,31.34
1220106,1600,31.098,31.259,30.922,31.158
1220107,1600,31.236,31.431,31.05,31.224
1220110,1600,31.521,31.539,31.13,31.244
1220111,1600,31.502,31.802,31.452,31.802
1220112,1600,32.034,32.22,31.977,32.104
1220113,1600,31.891,32.016,31.816,31.908
1220114,1600,31.669,31.833,31.526,31.754
1220117,1600,31.729,31.847,31.694,31.807
1220118,1600,31.563,31.707,31.34,31.579
1220119,1600,31.389,31.803,31.37,31.655
1220120,1600,31.934,32.293,31.878,32.261
1220121,1600,31.785,31.866,31.397,31.613
1220124,1600,31.296,31.347,30.48,30.512
1220125,1600,30.72,30.98,30.672,30.724
1220126,1600,30.923,31.252,30.873,30.957
1220127,1600,30.384,30.992,30.368,30.971
1220128,1600,30.748,30.749,30.338,30.604
1220131,1600,31.055,31.353,30.95,31.323
1220201,1600,31.444,31.603,31.32,31.603
1220202,1600,31.623,31.778,31.345,31.345
1220203,1600,31.254,31.261,30.811,30.867
1220204,1600,30.956,31.016,30.579,30.81
1220207,1600,30.82,31.013,30.665,30.831
1220208,1600,30.772,31.13,30.769,31.117
1220209,1600,31.346,31.578,31.314,31.549
1220210,1600,31.593,31.681,31.417,31.545
1220211,1600,31.484,31.606,31.347,31.463
1220214,1600,30.998,31.198,30.75,31.083
1220215,1600,31.12,31.458,31.1,31.445
1220216,1600,31.566,31.688,31.47,31.593
1220217,1600,31.731,31.74,31.484,31.598
1220218,1600,31.441,31.458,31.15,31.2
1220221,1600,31.199,31.21,30.859,30.962
1220222,1600,30.6,30.94,30.521,30.722
1220223,1600,30.905,30.956,30.6,30.68
1220224,1600,29.772,29.799,29.31,29.603
1220225,1600,30.132,30.424,30.033,30.31
1220228,1600,30.044,30.226,29.889,30.181
1220301,1600,30.498,30.586,30.14,30.365
1220302,1600,30.104,30.365,30.038,30.269
1220303,1600,30.236,30.318,30.006,30.044
1220304,1600,29.901,29.955,29.616,29.648
1220307,1600,29.179,29.38,29.002,29.153
1220308,1600,28.654,29.014,28.606,28.69
1220309,1600,28.872,29.1,28.834,29.046
1220310,1600,29.107,29.113,28.63,28.64
1220311,1600,28.866,29.1,28.601,28.601
1220314,1600,28.173,28.303,27.8,27.887
1220315,1600,27.371,27.733,26.938,27.733
1220316,1600,28.584,29.295,28.535,29.263
1220317,1600,29.507,29.567,29.035,29.201
1220318,1600,29.361,29.857,29.25,29.857
1220321,1600,29.33,29.632,29.303,29.412
1220322,1600,29.936,30.15,29.883,30.069
1220323,1600,30.083,30.234,29.9,30.102
1220324,1600,30.116,30.177,29.955,30.092
1220325,1600,29.764,29.908,29.68,29.864
1220328,1600,29.906,30.102,29.885,29.885
1220329,1600,30.024,30.217,29.986,30.126
1220330,1600,30.216,30.225,30.032,30.144
1220331,1600,29.918,30.109,29.871,29.921
1220401,1600,30.142,30.54,30.08,30.296
1220404,1600,30.689,31.049,30.622,31.0
1220405,1600,31.075,31.142,30.7,30.776
1220406,1600,30.803,30.822,30.32,30.334
1220407,1600,30.325,30.367,30.02,30.035
1220408,1600,30.391,30.504,30.302,30.314
1220411,1600,29.851,30.104,29.709,29.95
1220412,1600,29.942,30.184,29.828,30.12
1220413,1600,30.26,30.288,30.114,30.209
1220414,1600,30.09,30.221,30.0,30.117
1220419,1600,29.989,29.995,29.54,29.734
1220420,1600,29.694,29.831,29.504,29.566
1220421,1600,29.387,29.447,29.208,29.208
1220422,1600,29.289,29.312,29.041,29.106
1220425,1600,28.558,28.691,28.43,28.636
1220426,1600,28.804,28.879,28.435,28.456
1220427,1600,28.794,29.106,28.652,28.869
1220428,1600,29.264,29.476,29.045,29.097
1220429,1600,29.95,30.073,29.703,29.814
1220502,1600,29.486,29.659,29.259,29.341
1220503,1600,29.617,29.657,29.465,29.568
1220504,1600,29.515,29.52,29.128,29.128
1220505,1600,29.563,29.59,28.8,28.829
1220506,1600,28.683,28.687,28.191,28.43
1220509,1600,28.213,28.23,27.681,27.711
1220510,1600,27.982,28.0,27.57,27.57
1220511,1600,28.0,28.133,27.675,27.931
1220512,1600,27.418,27.871,27.381,27.761
1220513,1600,28.171,28.461,28.102,28.325
1220516,1600,28.192,28.383,28.099,28.348
1220517,1600,28.676,28.82,28.467,28.604
1220518,1600,28.697,28.771,28.363,28.363
1220519,1600,28.131,28.3,27.942,28.3
1220520,1600,28.605,28.738,28.38,28.43
1220523,1600,28.519,28.558,28.268,28.433
1220524,1600,27.799,27.924,27.535,27.574
1220525,1600,27.965,27.99,27.79,27.881
1220526,1600,27.809,28.321,27.767,28.232
1220527,1600,28.303,28.697,28.249,28.697
1220530,1600,29.02,29.137,28.976,29.041
1220531,1600,29.297,29.461,29.213,29.213
1220601,1600,29.208,29.387,29.056,29.117
1220602,1600,29.122,29.259,29.017,29.254
1220603,1600,29.307,29.342,28.855,28.928
1220606,1600,29.084,29.461,29.008,29.292
1220607,1600,29.069,29.174,29.01,29.091
1220608,1600,29.42,29.449,29.181,29.339
1220609,1600,29.154,29.53,28.951,29.053
1220610,1600,29.145,29.4,28.797,28.811
1220613,1600,28.469,28.495,27.958,28.119
1220614,1600,28.549,28.58,28.177,28.45
1220615,1600,28.437,28.641,28.271,28.607
1220616,1600,28.32,28.333,27.54,27.634
1220617,1600,27.836,28.098,27.738,27.845
1220620,1600,27.729,27.806,27.627,27.794
1220621,1600,27.989,28.136,27.931,28.078
1220622,1600,27.593,27.704,27.401,27.547
1220623,1600,27.482,27.792,27.438,27.658
1220624,1600,27.913,28.125,27.873,28.117
1220627,1600,28.367,28.435,28.164,28.164
1220628,1600,28.405,28.6,28.277,28.292
1220629,1600,28.04,28.207,27.95,28.149
1220630,1600,27.928,28.011,27.76,27.884
1220701,1600,27.57,28.062,27.54,27.911
1220704,1600,27.765,27.87,27.65,27.835
1220705,1600,27.849,28.033,27.697,27.803
1220706,1600,27.868,28.24,27.857,28.043
1220707,1600,28.349,28.897,28.318,28.869
1220708,1600,28.689,28.924,28.654,28.812
1220711,1600,28.338,28.5,28.266,28.338
1220712,1600,28.193,28.394,28.15,28.313
1220713,1600,28.359,28.799,27.939,28.136
1220714,1600,28.292,28.292,27.851,27.916
1220715,1600,27.931,27.983,27.79,27.963
1220718,1600,28.283,28.385,28.169,28.258
1220719,1600,28.124,28.228,27.911,28.203
1220720,1600,28.204,28.324,28.139,28.316
1220721,1600,28.315,28.546,28.252,28.452
1220722,1600,28.402,28.65,28.3,28.381
1220725,1600,28.352,28.381,28.214,28.369
1220726,1600,28.474,28.616,28.436,28.453
1220727,1600,28.511,28.694,28.49,28.604
1220728,1600,28.654,28.886,28.572,28.785
1220729,1600,28.501,28.686,28.481,28.602
1220801,1600,28.646,28.686,28.3,28.447
1220802,1600,28.259,28.575,28.15,28.512
1220803,1600,28.423,28.689,28.422,28.689
1220804,1600,28.687,28.926,28.635,28.72
1220805,1600,28.965,29.019,28.807,28.903
1220808,1600,28.963,29.088,28.856,28.969
1220809,1600,29.028,29.039,28.701,28.811
1220810,1600,28.555,28.794,28.503,28.779
1220811,1600,29.012,29.265,28.905,29.112
1220812,1600,29.089,29.343,29.0,29.343
1220815,1600,29.409,29.534,29.301,29.534
1220816,1600,29.535,29.741,29.497,29.567
1220817,1600,29.64,29.642,29.419,29.449
1220818,1600,29.391,29.5,29.355,29.487
1220819,1600,29.485,29.492,29.266,29.295
1220822,1600,29.322,29.406,29.178,29.389
1220823,1600,29.386,29.532,29.304,29.403
1220824,1600,29.36,29.635,29.234,29.598
1220825,1600,29.743,29.973,29.664,29.893
1220826,1600,29.958,30.131,29.66,29.724
1220829,1600,29.548,29.563,29.333,29.444
1220830,1600,29.517,29.594,29.02,29.058
1220831,1600,29.428,29.439,29.094,29.103
1220901,1600,28.947,29.039,28.735,28.961
1220902,1600,28.871,28.985,28.729,28.921
1220905,1600,28.996,29.0,28.863,28.965
1220906,1600,28.856,28.965,28.688,28.732
1220907,1600,28.635,28.65,28.46,28.544
1220908,1600,28.511,28.599,28.35,28.599
1220909,1600,28.663,28.8,28.59,28.767
1220912,1600,28.605,28.973,28.495,28.97
1220913,1600,28.91,28.933,28.612,28.669
1220914,1600,28.669,28.703,28.466,28.628
1220915,1600,28.741,28.757,28.3,28.379
1220916,1600,28.122,28.171,27.91,27.917
1220919,1600,27.886,27.955,27.771,27.899
1220920,1600,28.12,28.156,27.961,28.028
1220921,1600,28.016,28.103,27.946,28.036
1220922,1600,27.761,27.973,27.727,27.8
1220923,1600,27.732,27.785,27.42,27.465
1220926,1600,27.4,27.51,27.274,27.429
1220927,1600,27.461,27.636,27.397,27.397
1220928,1600,27.175,27.304,26.982,27.23
1220929,1600,26.799,26.838,26.391,26.409
1220930,1600,26.472,26.615,26.389,26.549
1221003,1600,26.37,26.681,26.278,26.656
1221004,1600,26.928,27.183,26.918,27.146
1221005,1600,27.237,27.329,27.13,27.213
1221006,1600,27.327,27.514,27.227,27.391
1221007,1600,27.268,27.36,27.052,27.058
1221010,1600,26.842,27.004,26.706,26.796
1221011,1600,26.506,26.565,26.293,26.44
1221012,1600,26.539,26.564,26.3,26.32
1221013,1600,26.166,26.255,25.753,26.153
1221014,1600,26.463,26.54,26.1,26.148
1221017,1600,26.281,26.517,26.182,26.477
1221018,1600,26.437,26.628,26.24,26.274
1221019,1600,26.246,26.311,26.106,26.11
1221020,1600,26.089,26.505,26.05,26.405
1221021,1600,26.23,26.336,26.107,26.321
1221024,1600,25.704,25.805,25.2,25.404
1221025,1600,25.481,25.497,25.32,25.435
1221026,1600,25.455,25.722,25.347,25.69
1221027,1600,25.42,25.757,25.35,25.757
1221028,1600,25.178,25.455,25.178,25.395
1221031,1600,25.278,25.693,25.174,25.616
1221101,1600,26.047,26.194,25.948,26.17
1221102,1600,26.337,26.337,26.04,26.151
1221103,1600,26.144,26.405,26.066,26.371
1221104,1600,26.796,27.165,26.796,26.836
1221107,1600,26.84,27.003,26.782,26.782
1221108,1600,26.756,26.875,26.734,26.824
1221109,1600,26.757,26.798,26.635,26.635
1221110,1600,26.419,26.963,26.4,26.931
1221111,1600,27.242,27.32,27.07,27.103
1221114,1600,27.083,27.27,27.023,27.174
1221115,1600,27.576,27.731,27.408,27.731
1221116,1600,27.367,27.391,27.05,27.076
1221117,1600,27.019,27.124,26.75,27.124
1221118,1600,26.949,27.136,26.924,26.996
1221121,1600,26.904,27.027,26.865,26.913
1221122,1600,26.839,27.058,26.807,26.941
1221123,1600,26.874,26.954,26.827,26.921
1221124,1600,26.989,27.16,26.955,27.106
1221125,1600,26.955,27.023,26.82,26.858
1221128,1600,26.704,26.942,26.467,26.898
1221129,1600,27.381,27.45,27.255,27.339
1221130,1600,27.744,28.01,27.699,28.01
1221201,1600,27.982,27.991,27.609,27.641
1221202,1600,27.494,27.787,27.363,27.744
1221205,1600,27.823,27.985,27.453,27.593
1221206,1600,27.533,27.582,27.369,27.483
1221207,1600,27.265,27.32,27.028,27.207
1221208,1600,27.445,27.547,27.359,27.396
1221209,1600,27.585,27.612,27.468,27.509
1221212,1600,27.323,27.323,26.988,27.057
1221213,1600,27.209,27.52,27.075,27.389
1221214,1600,27.308,27.322,27.15,27.202
1221215,1600,26.889,26.959,26.608,26.641
1221216,1600,26.767,26.841,26.62,26.826
1221219,1600,26.805,26.985,26.753,26.753
1221220,1600,26.526,26.797,26.517,26.75
1221221,1600,26.734,26.935,26.647,26.898
1221222,1600,27.011,27.076,26.745,26.79
1221223,1600,26.747,26.79,26.585,26.684
1221227,1600,26.92,27.13,26.87,26.943
1221228,1600,26.938,26.999,26.75,26.769
1221229,1600,26.829,27.1,26.785,27.042
1221230,1600,26.907,26.931,26.787,26.819
1230102,1600,26.99,27.043,26.682,26.871
1230103,1600,27.124,27.386,27.074,27.24
1230104,1600,27.445,27.655,27.329,27.655
1230105,1600,27.542,27.91,27.512,27.837
1230106,1600,27.905,28.145,27.852,28.089
1230109,1600,28.204,28.348,28.182,28.282
1230110,1600,28.115,28.255,28.069,28.168
1230111,1600,28.198,28.295,28.15,28.29
1230112,1600,28.203,28.36,28.054,28.293
1230113,1600,28.345,28.486,28.25,28.441
1230116,1600,28.42,28.422,28.29,28.333
1230117,1600,28.225,28.44,28.2,28.44
1230118,1600,28.432,28.495,28.309,28.309
1230119,1600,28.344,28.475,28.196,28.42
1230120,1600,28.589,28.7,28.473,28.653
1230123,1600,28.65,29.044,28.626,28.991
1230124,1600,28.881,28.922,28.712,28.869
1230125,1600,28.855,28.882,28.529,28.741
1230126,1600,28.998,29.137,28.947,29.137
1230127,1600,29.112,29.15,29.013,29.088
1230130,1600,28.532,28.693,28.431,28.693
1230131,1600,28.447,28.519,28.314,28.495
1230201,1600,28.711,28.711,28.488,28.541
1230202,1600,28.457,28.724,28.402,28.65
1230203,1600,28.488,28.577,28.422,28.516
1230206,1600,28.141,28.233,28.024,28.195
1230207,1600,28.38,28.391,28.245,28.291
1230208,1600,28.407,28.437,28.2,28.208
1230209,1600,28.581,28.623,28.42,28.455
1230210,1600,28.203,28.361,28.162,28.295
1230213,1600,28.311,28.399,28.284,28.364
1230214,1600,28.271,28.334,28.14,28.217
1230215,1600,27.949,28.105,27.916,28.091
1230216,1600,28.295,28.309,28.076,28.261
1230217,1600,28.076,28.109,27.925,27.931
1230220,1600,28.176,28.228,28.096,28.196
1230221,1600,27.991,28.001,27.769,27.769
1230222,1600,27.607,27.734,27.539,27.656
1230223,1600,27.907,28.045,27.804,27.804
1230224,1600,27.607,27.629,27.328,27.328
1230227,1600,27.475,27.526,27.348,27.405
1230228,1600,27.214,27.358,27.147,27.279
1230301,1600,27.777,27.81,27.574,27.593
1230302,1600,27.601,27.835,27.584,27.815
1230303,1600,27.9,28.042,27.877,28.033
1230306,1600,28.027,28.036,27.883,27.994
1230307,1600,27.894,27.942,27.732,27.789
1230308,1600,27.7,27.882,27.671,27.818
1230309,1600,27.574,27.595,27.448,27.448
1230310,1600,27.011,27.161,26.881,27.124
1230313,1600,27.004,27.01,26.598,26.733
1230314,1600,26.537,26.778,26.464,26.749
1230315,1600,26.629,26.694,26.432,26.524
1230316,1600,26.653,26.831,26.51,26.816
1230317,1600,26.963,27.03,26.627,26.654
1230320,1600,26.506,26.654,26.41,26.566
1230321,1600,26.68,26.769,26.589,26.609
1230322,1600,26.772,26.902,26.75,26.837
1230323,1600,26.934,27.151,26.921,27.095
1230324,1600,27.003,27.074,26.903,27.03
1230327,1600,27.029,27.029,26.82,26.848
1230328,1600,26.976,27.114,26.9,27.064
1230329,1600,27.115,27.252,27.088,27.252
1230330,1600,27.275,27.321,27.195,27.315
1230331,1600,27.324,27.449,27.293,27.437
1230403,1600,27.388,27.409,27.29,27.337
1230404,1600,27.284,27.366,27.15,27.178
1230405,1600,27.318,27.319,27.054,27.085
1230406,1600,27.102,27.18,27.086,27.172
1230411,1600,27.442,27.558,27.413,27.516
1230412,1600,27.321,27.749,27.167,27.208
1230413,1600,27.265,27.314,27.235,27.291
1230414,1600,27.322,27.446,27.23,27.274
1230417,1600,27.573,27.605,27.512,27.524
1230418,1600,27.507,27.639,27.454,27.489
1230419,1600,27.262,27.28,27.131,27.212
1230420,1600,27.178,27.259,27.086,27.206
1230421,1600,26.949,26.985,26.794,26.836
1230424,1600,26.718,26.785,26.631,26.633
1230425,1600,26.355,26.408,26.336,26.367
1230426,1600,26.496,26.503,26.274,26.394
1230427,1600,26.447,26.642,26.444,26.624
1230428,1600,26.753,26.863,26.709,26.806
1230502,1600,26.873,26.884,26.535,26.553
1230503,1600,26.508,26.539,26.478,26.508
1230504,1600,26.619,26.805,26.587,26.72
1230505,1600,26.853,26.975,26.823,26.975
1230508,1600,27.037,27.102,27.026,27.052
1230509,1600,26.96,27.038,26.902,27.029
1230510,1600,26.918,27.043,26.878,27.003
1230511,1600,26.954,27.052,26.871,26.932
1230512,1600,26.872,26.953,26.824,26.854
1230515,1600,27.191,27.255,27.022,27.234
1230516,1600,27.17,27.225,27.093,27.22
1230517,1600,27.182,27.306,27.108,27.272
1230518,1600,27.355,27.485,27.272,27.365
1230519,1600,27.373,27.431,27.299,27.299
1230522,1600,27.513,27.622,27.466,27.572
1230523,1600,27.411,27.447,27.372,27.437
1230524,1600,27.255,27.268,27.08,27.151
1230525,1600,27.206,27.314,27.135,27.135
1230526,1600,27.28,27.64,27.251,27.591
1230529,1600,27.487,27.487,27.427,27.457
1230530,1600,27.539,27.616,27.28,27.283
1230531,1600,27.131,27.29,27.044,27.046
1230601,1600,27.258,27.39,27.11,27.39
1230602,1600,27.639,28.026,27.639,27.98
1230605,1600,27.93,28.0,27.85,27.926
1230606,1600,27.899,28.204,27.872,28.204
1230607,1600,28.193,28.31,28.171,28.25
1230608,1600,28.084,28.131,27.992,28.096
1230609,1600,28.205,28.383,28.165,28.349
1230612,1600,28.312,28.37,28.265,28.354
1230613,1600,28.478,28.592,28.419,28.559
1230614,1600,28.395,28.572,28.395,28.555
1230615,1600,28.67,28.722,28.486,28.535
1230616,1600,28.598,28.687,28.498,28.553
1230619,1600,28.421,28.49,28.396,28.441
1230620,1600,28.25,28.252,28.058,28.106
1230621,1600,27.951,28.006,27.793,27.841
1230622,1600,27.736,27.75,27.61,27.743
1230623,1600,27.583,27.743,27.452,27.502
1230626,1600,27.604,27.684,27.552,27.595
1230627,1600,27.728,27.745,27.626,27.692
1230628,1600,27.641,27.649,27.513,27.628
1230629,1600,27.58,27.857,27.518,27.603
1230630,1600,27.749,27.858,27.749,27.798
1230703,1600,28.153,28.205,28.093,28.097
1230704,1600,28.269,28.319,28.239,28.291
1230705,1600,28.077,28.107,27.994,28.068
1230706,1600,27.845,27.882,27.42,27.434
1230707,1600,27.458,27.64,27.441,27.621
1230710,1600,27.438,27.551,27.416,27.503
1230711,1600,27.656,27.786,27.622,27.681
1230712,1600,27.806,28.029,27.784,28.02
1230713,1600,28.02,28.179,28.01,28.147
1230714,1600,28.119,28.149,27.981,28.066
1230717,1600,27.953,28.044,27.85,27.945
1230718,1600,27.835,27.948,27.82,27.862
1230719,1600,27.897,28.024,27.804,27.971
1230720,1600,27.819,27.903,27.79,27.839
1230721,1600,27.916,27.974,27.9,27.937
1230724,1600,27.85,28.412,27.85,28.359
1230725,1600,28.577,28.82,28.566,28.685
1230726,1600,28.54,28.657,28.398,28.604
1230727,1600,28.626,28.854,28.578,28.827
1230728,1600,29.007,29.16,28.982,29.156
1230731,1600,29.122,29.197,29.025,29.167
1230801,1600,29.159,29.215,29.0,29.023
1230802,1600,28.5,28.641,28.382,28.41
1230803,1600,28.46,28.57,28.363,28.538
1230804,1600,28.481,28.545,28.322,28.464
1230807,1600,28.49,28.519,28.227,28.264
1230808,1600,28.116,28.18,27.957,28.024
1230809,1600,28.221,28.308,28.012,28.052
1230810,1600,28.126,28.358,28.11,28.24
1230811,1600,27.963,27.986,27.772,27.777
1230814,1600,27.743,27.833,27.661,27.732
1230815,1600,27.712,27.726,27.423,27.527
1230816,1600,27.475,27.522,27.34,27.435
1230817,1600,27.662,27.703,27.454,27.506
1230818,1600,27.373,27.376,27.143,27.262
1230821,1600,27.236,27.259,27.143,27.177
1230822,1600,27.304,27.473,27.298,27.364
1230823,1600,27.485,27.75,27.485,27.73
1230824,1600,28.018,28.024,27.685,27.685
1230825,1600,27.784,27.851,27.65,27.768
1230828,1600,27.893,28.046,27.853,28.036
1230829,1600,28.132,28.269,28.079,28.241
1230830,1600,28.052,28.087,27.918,27.975
1230831,1600,27.861,28.04,27.85,27.896
1230901,1600,28.02,28.358,27.985,28.304
1230904,1600,28.478,28.499,28.4,28.411
1230905,1600,28.268,28.428,28.212,28.376
1230906,1600,28.232,28.359,28.163,28.239
1230907,1600,28.025,28.077,27.886,27.964
1230908,1600,27.976,28.044,27.908,27.99
1230911,1600,28.122,28.261,28.117,28.132
1230912,1600,28.153,28.206,28.07,28.148
1230913,1600,28.036,28.165,27.99,28.162
1230914,1600,28.224,28.53,28.197,28.488
1230915,1600,28.61,28.653,28.336,28.336
1230918,1600,28.368,28.376,28.159,28.198
1230919,1600,28.173,28.191,28.031,28.048
1230920,1600,28.037,28.155,27.991,28.133
1230921,1600,27.821,27.851,27.608,27.647
1230922,1600,27.924,28.098,27.8,27.966
1230925,1600,27.855,27.976,27.775,27.974
1230926,1600,27.716,27.751,27.649,27.683
1230927,1600,27.765,27.901,27.765,27.83
1230928,1600,27.83,27.83,27.617,27.736
1230929,1600,27.99,28.01,27.815,27.836
1231002,1600,27.889,27.925,27.751,27.829
1231003,1600,27.729,27.749,27.574,27.596
1231004,1600,27.374,27.446,27.3,27.328
1231005,1600,27.404,27.408,27.216,27.238
1231006,1600,27.465,27.571,27.354,27.571
1231009,1600,27.476,27.615,27.293,27.425
1231010,1600,27.554,27.813,27.536,27.787
1231011,1600,27.859,27.99,27.836,27.901
1231012,1600,28.081,28.221,27.889,27.94
1231013,1600,27.942,28.005,27.808,27.866
1231016,1600,27.764,27.957,27.688,27.942
1231017,1600,27.882,27.919,27.7,27.815
1231018,1600,27.627,27.667,27.473,27.484
1231019,1600,27.353,27.367,27.237,27.291
1231020,1600,27.064,27.074,26.868,26.876
1231023,1600,26.773,26.801,26.54,26.732
1231024,1600,26.686,27.19,26.655,27.175
1231025,1600,26.922,27.01,26.844,26.929
1231026,1600,26.622,26.853,26.62,26.808
1231027,1600,26.968,27.028,26.746,26.746
1231030,1600,27.071,27.119,26.8,26.816
1231031,1600,26.61,26.663,26.55,26.62
1231101,1600,26.722,26.982,26.696,26.964
1231102,1600,27.183,27.376,27.165,27.376
1231103,1600,27.537,27.692,27.449,27.669
1231106,1600,27.988,28.02,27.924,27.941
1231107,1600,27.791,27.977,27.779,27.954
1231108,1600,27.814,27.91,27.708,27.769
1231109,1600,27.695,27.757,27.652,27.728
1231110,1600,27.521,27.646,27.441,27.634
1231113,1600,27.635,27.726,27.6,27.72
1231114,1600,27.609,27.95,27.59,27.922
1231115,1600,28.059,28.318,28.042,28.291
1231116,1600,28.078,28.137,27.863,27.875
1231117,1600,27.944,28.024,27.894,27.894
1231120,1600,27.954,28.097,27.904,28.097
1231121,1600,28.063,28.082,27.926,27.996
1231122,1600,27.949,28.114,27.933,28.058
1231123,1600,28.179,28.2,28.088,28.107
1231124,1600,27.897,27.95,27.856,27.944
1231127,1600,27.792,27.857,27.768,27.808
1231128,1600,27.857,27.969,27.838,27.954
1231129,1600,27.889,27.97,27.84,27.867
1231130,1600,27.975,28.082,27.923,28.08
1231201,1600,28.009,28.205,27.966,28.19
1231204,1600,28.19,28.19,28.19,28.19
1231205,1600,28.19,28.19,28.19,28.19
1231206,1600,28.19,28.19,28.19,28.19
1231207,1600,28.053,28.198,28.007,28.13
1231208,1600,28.148,28.252,28.128,28.147
1231211,1600,28.174,28.345,28.11,28.321
1231212,1600,28.326,28.329,28.1,28.175
1231213,1600,28.06,28.12,28.033,28.039
1231214,1600,28.35,28.439,28.261,28.381
1231215,1600,28.461,28.768,28.424,28.593
1231218,1600,28.432,28.488,28.275,28.298
1231219,1600,28.332,28.516,28.33,28.482
1231220,1600,28.486,28.496,28.271,28.301
1231221,1600,28.326,28.394,28.25,28.394
1231222,1600,28.092,28.278,28.067,28.27
1231227,1600,28.463,28.59,28.33,28.367
1231228,1600,28.609,28.781,28.506,28.733
1231229,1600,28.76,28.794,28.672,28.749
1240102,1600,28.742,28.772,28.643,28.729
1240103,1600,28.593,28.655,28.478,28.655
1240104,1600,28.674,28.7,28.501,28.571
1240105,1600,28.561,28.658,28.495,28.626
1240108,1600,28.446,28.528,28.307,28.528
1240109,1600,28.418,28.661,28.225,28.349
1240110,1600,28.287,28.323,28.14,28.15
1240111,1600,28.373,28.401,28.142,28.142
1240112,1600,28.3,28.543,28.289,28.441
1240115,1600,28.378,28.399,28.268,28.299
1240116,1600,28.06,28.194,28.05,28.075
1240117,1600,27.575,27.607,27.475,27.532
1240118,1600,27.672,27.837,27.655,27.8
1240119,1600,27.873,27.967,27.783,27.82
1240122,1600,27.765,27.897,27.72,27.808
1240123,1600,27.85,28.147,27.768,28.058
1240124,1600,28.199,28.449,28.199,28.403
1240125,1600,28.362,28.525,28.307,28.477
1240126,1600,28.368,28.537,28.303,28.488
1240129,1600,28.614,28.694,28.499,28.532
1240130,1600,28.423,28.446,28.216,28.26
1240131,1600,28.264,28.4,28.166,28.355
1240201,1600,28.404,28.5,28.311,28.337
1240202,1600,28.513,28.546,28.344,28.383
1240205,1600,28.52,28.593,28.489,28.558
1240206,1600,29.05,29.202,28.988,29.2
1240207,1600,29.112,29.257,29.037,29.13
1240208,1600,29.119,29.152,29.009,29.037
1240209,1600,29.014,29.1,28.873,28.962
1240212,1600,29.001,29.494,29.001,29.46
1240213,1600,29.339,29.39,28.966,28.98
1240214,1600,29.107,29.325,29.106,29.284
1240215,1600,29.307,29.356,29.268,29.318
1240216,1600,29.519,29.59,29.491,29.54
1240219,1600,29.455,29.538,29.434,29.514
1240220,1600,29.511,29.521,29.381,29.417
1240221,1600,29.565,29.575,29.464,29.482
1240222,1600,29.667,29.785,29.642,29.697
1240223,1600,29.74,29.763,29.664,29.718
1240226,1600,29.574,29.611,29.531,29.531
1240227,1600,29.588,29.668,29.546,29.612
1240228,1600,29.486,29.492,29.236,29.245
1240229,1600,29.383,29.434,29.264,29.333
1240301,1600,29.518,29.682,29.477,29.663
1240304,1600,29.683,29.714,29.529,29.55
1240305,1600,29.396,29.437,29.301,29.327
1240306,1600,29.482,29.657,29.481,29.631
1240307,1600,29.523,29.69,29.479,29.621
1240308,1600,29.7,29.793,29.638,29.638
1240311,1600,29.679,29.788,29.627,29.736
1240312,1600,29.976,30.043,29.863,29.994
1240313,1600,29.867,29.885,29.778,29.794
1240314,1600,29.9,29.944,29.8,29.867
1240315,1600,29.698,29.796,29.666,29.681
1240318,1600,29.831,29.871,29.741,29.764
1240319,1600,29.65,29.678,29.504,29.647
1240320,1600,29.638,29.819,29.616,29.729
1240321,1600,30.069,30.12,30.013,30.083
1240322,1600,29.993,30.072,29.916,29.985
1240325,1600,29.999,30.009,29.881,29.944
1240326,1600,30.024,30.056,29.905,29.951
1240327,1600,29.92,29.978,29.9,29.944
1240328,1600,30.153,30.257,30.08,30.198
1240402,1600,30.606,30.653,30.426,30.449
1240403,1600,30.31,30.343,30.215,30.303
1240404,1600,30.32,30.502,30.304,30.502
1240405,1600,30.151,30.31,30.125,30.217
1240408,1600,30.302,30.48,30.285,30.441
1240409,1600,30.5,30.585,30.465,30.532
1240410,1600,30.729,30.758,30.41,30.434
1240411,1600,30.74,30.747,30.564,30.605
1240412,1600,30.705,30.714,30.341,30.386
1240415,1600,30.433,30.5,30.259,30.295
1240416,1600,29.873,29.877,29.619,29.724
1240417,1600,29.775,29.84,29.658,29.658
1240418,1600,30.007,30.024,29.751,29.886
1240419,1600,29.486,29.679,29.45,29.633
1240422,1600,29.788,29.853,29.701,29.802
1240423,1600,30.023,30.049,29.917,30.01
1240424,1600,30.382,30.4,30.123,30.154
1240425,1600,30.111,30.2,29.945,30.062
1240426,1600,30.4,30.597,30.359,30.556
1240429,1600,30.734,30.809,30.697,30.745
1240430,1600,30.803,30.827,30.612,30.65
1240502,1600,30.881,31.058,30.847,31.046
1240503,1600,31.106,31.214,30.987,31.177
1240506,1600,31.234,31.29,31.177,31.257
1240507,1600,31.099,31.152,31.044,31.128
1240508,1600,31.126,31.169,30.975,31.127
1240509,1600,31.148,31.154,31.0,31.103
1240510,1600,31.236,31.343,31.183,31.183
1240513,1600,31.26,31.413,31.238,31.352
1240514,1600,31.387,31.453,31.27,31.424
1240515,1600,31.474,31.623,31.44,31.622
1240516,1600,31.591,31.793,31.575,31.718
1240517,1600,31.729,31.915,31.703,31.869
1240520,1600,31.797,31.84,31.7,31.829
1240521,1600,31.587,31.673,31.547,31.614
1240522,1600,31.663,31.765,31.612,31.627
1240523,1600,31.654,31.703,31.45,31.512
1240524,1600,31.418,31.477,31.352,31.383
1240527,1600,31.541,31.589,31.485,31.555
1240528,1600,31.469,31.474,31.338,31.341
1240529,1600,31.111,31.167,30.981,31.036
1240530,1600,30.821,30.927,30.798,30.927
1240531,1600,30.617,30.654,30.412,30.421
1240603,1600,31.079,31.118,30.782,30.806
1240604,1600,30.233,30.427,30.192,30.259
1240605,1600,30.59,30.88,30.531,30.88
1240606,1600,30.979,31.074,30.942,31.034
1240607,1600,31.049,31.129,30.97,31.084
1240610,1600,31.176,31.329,31.126,31.325
1240611,1600,31.202,31.265,31.098,31.111
1240612,1600,31.319,31.426,31.239,31.356
1240613,1600,31.365,31.471,31.33,31.397
1240614,1600,31.651,31.709,31.541,31.626
1240617,1600,31.747,31.762,31.634,31.675
1240618,1600,31.788,32.007,31.769,31.976
1240619,1600,32.209,32.255,32.101,32.154
1240620,1600,32.23,32.285,32.019,32.06
1240621,1600,32.07,32.155,32.0,32.02
1240624,1600,31.874,32.07,31.842,32.005
1240625,1600,31.86,31.925,31.791,31.8
1240626,1600,32.014,32.079,31.816,31.847
1240627,1600,31.858,32.04,31.814,31.816
1240628,1600,32.039,32.137,31.98,32.023
1240701,1600,31.918,32.0,31.84,31.961
1240702,1600,31.786,31.886,31.745,31.849
1240703,1600,31.97,32.215,31.959,32.215
1240704,1600,32.33,32.387,32.274,32.288
1240705,1600,32.356,32.38,32.143,32.233
1240708,1600,32.334,32.385,32.318,32.345
1240709,1600,32.406,32.486,32.363,32.414
1240710,1600,32.451,32.581,32.433,32.567
1240711,1600,32.76,32.84,32.7,32.709
1240712,1600,32.691,32.815,32.6,32.739
1240715,1600,32.592,32.6,32.437,32.498
1240716,1600,32.476,32.6,32.418,32.528
1240717,1600,32.36,32.37,32.078,32.084
1240718,1600,32.166,32.204,31.849,31.849
1240719,1600,31.658,31.723,31.543,31.543
1240722,1600,31.568,31.77,31.543,31.657
1240723,1600,31.511,31.733,31.491,31.728
1240724,1600,31.491,31.629,31.412,31.412
1240725,1600,31.172,31.253,31.023,31.192
1240726,1600,31.285,31.41,31.265,31.372
1240729,1600,31.516,31.625,31.333,31.333
1240730,1600,31.481,31.535,31.33,31.35
1240731,1600,31.817,31.989,31.8,31.985
1240801,1600,31.973,31.997,31.683,31.683
1240802,1600,31.178,31.354,30.517,30.602
1240805,1600,29.228,29.587,28.72,29.579
1240806,1600,29.821,29.873,29.52,29.758
1240807,1600,30.324,30.623,30.239,30.468
1240808,1600,30.241,30.748,30.122,30.748
1240809,1600,30.832,31.02,30.729,30.826
1240812,1600,30.943,31.1,30.91,31.0
1240813,1600,31.045,31.12,30.915,31.12
1240814,1600,30.958,31.066,30.75,30.937
1240815,1600,30.959,31.395,30.939,31.351
1240816,1600,31.531,31.618,31.427,31.578
1240819,1600,31.607,31.767,31.576,31.746
1240820,1600,31.661,31.724,31.401,31.436
1240821,1600,31.4,31.572,31.33,31.498
1240822,1600,31.423,31.492,31.276,31.276
1240823,1600,31.413,31.56,31.355,31.498
1240826,1600,31.465,31.52,31.03,31.256
1240827,1600,31.319,31.37,31.266,31.296
1240828,1600,31.376,31.458,31.252,31.27
1240829,1600,31.317,31.569,31.291,31.534
1240830,1600,31.565,31.698,31.477,31.497
1240902,1600,31.443,31.465,31.367,31.452
1240903,1600,31.391,31.446,31.053,31.167
1240904,1600,30.798,31.062,30.776,30.976
1240905,1600,30.875,31.057,30.761,30.891
1240906,1600,30.79,30.9,30.4,30.437
1240909,1600,30.587,30.782,30.564,30.72
1240910,1600,30.632,30.737,30.578,30.618
1240911,1600,30.631,30.7,30.429,30.59
1240912,1600,31.024,31.08,30.864,30.955
1240913,1600,31.088,31.182,31.033,31.179
1240916,1600,31.136,31.168,31.018,31.086
1240917,1600,31.242,31.318,31.213,31.251
1240918,1600,31.243,31.25,31.117,31.117
1240919,1600,31.452,31.565,31.387,31.557
1240920,1600,31.538,31.653,31.466,31.529
1240923,1600,31.612,31.923,31.6,31.872
1240924,1600,32.266,32.608,32.229,32.589
1240925,1600,32.219,32.567,32.217,32.535
1240926,1600,32.925,33.597,32.925,33.369
1240927,1600,33.407,33.618,33.337,33.417
1240930,1600,33.467,33.536,33.066,33.066
1241001,1600,33.153,33.4,33.018,33.233
1241002,1600,33.929,34.11,33.721,33.832
1241003,1600,33.837,33.876,33.357,33.652
1241004,1600,33.934,34.087,33.798,33.921
1241007,1600,34.288,34.342,34.088,34.194
1241008,1600,33.355,33.598,33.043,33.489
1241009,1600,33.266,33.509,33.137,33.5
1241010,1600,33.514,33.583,33.268,33.551
1241011,1600,33.345,33.693,33.31,33.693
1241014,1600,33.648,33.874,33.54,33.703
1241015,1600,33.442,33.5,33.159,33.226
1241016,1600,33.307,33.517,33.278,33.507
1241017,1600,33.426,33.53,33.321,33.495
1241018,1600,33.759,33.908,33.664,33.685
1241021,1600,33.488,33.5,33.292,33.326
1241022,1600,33.41,33.5,33.2,33.394
1241023,1600,33.548,33.6,33.312,33.35
1241024,1600,33.285,33.327,33.08,33.102
1241025,1600,33.115,33.256,33.074,33.214
1241028,1600,33.254,33.315,33.086,33.264
1241029,1600,33.124,33.441,33.077,33.252
1241030,1600,32.998,33.026,32.77,32.778
1241031,1600,32.62,32.704,32.4,32.54
1241101,1600,32.777,32.912,32.735,32.869
1241104,1600,32.733,32.948,32.703,32.901
1241105,1600,33.113,33.159,33.028,33.115
1241106,1600,33.331,33.393,33.023,33.208
1241107,1600,33.573,33.745,33.523,33.705
1241108,1600,33.584,33.584,33.1,33.144
1241111,1600,33.342,33.388,33.178,33.178
1241112,1600,32.824,32.866,32.65,32.708
1241113,1600,32.694,32.777,32.521,32.604
1241114,1600,32.501,32.655,32.483,32.54
1241115,1600,32.542,32.648,32.446,32.471
1241118,1600,32.586,32.705,32.497,32.69
1241119,1600,32.892,32.907,32.552,32.761
1241120,1600,32.82,32.872,32.684,32.715
1241121,1600,32.668,32.832,32.552,32.83
1241122,1600,32.862,33.254,32.853,33.135
1241125,1600,33.132,33.135,32.912,32.976
1241126,1600,32.827,32.989,32.794,32.936
1241127,1600,32.994,33.008,32.609,32.609
1241128,1600,32.589,32.608,32.51,32.527
1241129,1600,32.458,32.798,32.45,32.798
1241202,1600,32.894,33.088,32.863,33.044
1241203,1600,33.235,33.247,32.834,33.077
1241204,1600,33.273,33.329,33.083,33.17
1241205,1600,33.216,33.302,33.17,33.257
1241206,1600,33.27,33.328,33.191,33.213
1241209,1600,33.534,33.99,33.509,33.871
1241210,1600,33.411,33.585,33.379,33.496
1241211,1600,33.486,33.637,33.43,33.615
1241212,1600,33.779,33.823,33.502,33.566
1241213,1600,33.575,33.627,33.448,33.472
1241216,1600,33.366,33.518,33.311,33.355
1241217,1600,33.161,33.199,33.026,33.191
1241218,1600,33.319,33.354,33.2,33.276
1241219,1600,33.093,33.167,33.008,33.131
1241220,1600,32.911,33.057,32.648,33.02
1241223,1600,33.064,33.112,32.98,33.052
1241227,1600,32.975,33.026,32.815,32.92
1241230,1600,32.857,32.866,32.698,32.737
1250102,1600,32.859,33.269,32.802,33.269
1250103,1600,33.251,33.28,33.154,33.24
1250106,1600,33.163,33.427,33.11,33.179
1250107,1600,33.058,33.208,33.002,33.069
1250108,1600,32.939,33.075,32.85,32.941
1250109,1600,32.853,32.969,32.843,32.935
1250110,1600,32.749,32.797,32.443,32.521
1250113,1600,32.366,32.397,32.192,32.304
1250114,1600,32.6,32.702,32.399,32.447
1250115,1600,32.414,32.813,32.387,32.813
1250116,1600,33.122,33.159,32.861,32.861
1250117,1600,32.932,33.2,32.862,33.156
1250120,1600,33.243,33.262,33.0,33.186
1250121,1600,33.073,33.133,32.827,32.906
1250122,1600,32.799,32.962,32.78,32.882
1250123,1600,32.952,33.0,32.815,32.965
1250124,1600,33.044,33.049,32.775,32.911
1250127,1600,32.425,32.474,32.072,32.245
1250128,1600,32.425,32.533,32.336,32.409
1250129,1600,32.996,33.068,32.897,32.901
1250130,1600,32.928,33.28,32.871,33.28
1250131,1600,33.487,33.512,33.335,33.396
1250203,1600,32.95,33.282,32.9,33.282
1250204,1600,33.383,33.535,33.28,33.495
1250205,1600,33.268,33.29,33.131,33.268
1250206,1600,33.402,33.551,33.397,33.494
1250207,1600,33.708,33.801,33.599,33.641
1250210,1600,33.823,34.027,33.8,33.983
1250211,1600,33.703,33.872,33.615,33.821
1250212,1600,33.834,33.87,33.63,33.764
1250213,1600,33.648,33.807,33.552,33.807
1250214,1600,33.855,33.866,33.678,33.75
1250217,1600,33.951,34.072,33.901,34.057
1250218,1600,34.209,34.282,34.112,34.25
1250219,1600,34.401,34.45,34.164,34.316
1250220,1600,34.197,34.618,34.161,34.346
1250221,1600,34.511,34.666,34.476,34.618
1250224,1600,34.217,34.292,33.837,33.903
1250225,1600,33.798,33.82,33.57,33.66
1250226,1600,34.154,34.234,34.045,34.172
1250227,1600,33.926,34.061,33.69,33.973
1250228,1600,33.104,33.231,32.92,33.168
1250303,1600,33.264,33.307,32.974,33.074
1250304,1600,32.849,32.853,32.492,32.564
1250305,1600,32.939,32.985,32.6,32.698
1250306,1600,32.94,33.0,32.754,32.825
1250307,1600,32.831,32.849,32.531,32.531
1250310,1600,32.535,32.541,32.02,32.148
1250311,1600,32.098,32.207,31.795,31.917
1250312,1600,32.068,32.27,31.938,32.172
1250313,1600,32.046,32.234,31.964,32.182
1250314,1600,32.473,32.8,32.47,32.635
1250317,1600,32.684,33.033,32.641,33.021
1250318,1600,33.022,33.103,32.879,32.985
1250319,1600,33.036,33.2,33.004,33.146
1250320,1600,33.076,33.145,32.909,32.985
1250321,1600,32.933,33.036,32.85,32.993
1250324,1600,33.162,33.266,33.09,33.238
1250325,1600,33.091,33.212,33.0,33.124
1250326,1600,33.176,33.211,33.01,33.046
1250327,1600,33.107,33.229,32.987,33.187
1250328,1600,32.837,32.909,32.414,32.433
1250331,1600,32.109,32.269,31.976,32.269
1250401,1600,32.521,32.599,32.26,32.565
1250402,1600,32.553,32.61,32.364,32.411
1250403,1600,31.641,31.71,31.018,31.335
1250404,1600,31.11,31.183,29.408,29.744
1250407,1600,28.03,29.8,27.8,28.785
1250408,1600,28.983,29.532,28.841,29.194
1250409,1600,28.432,28.744,27.8,27.981
1250410,1600,30.222,30.287,28.989,28.989
1250411,1600,29.274,29.498,28.797,29.121
1250414,1600,29.555,30.032,29.516,29.794
1250415,1600,29.94,30.162,29.85,30.114
1250416,1600,29.525,29.828,29.376,29.794
1250417,1600,29.847,29.95,29.725,29.848
1250422,1600,29.706,29.928,29.617,29.861
1250423,1600,30.494,30.88,30.411,30.603
1250424,1600,30.46,30.814,30.36,30.78
1250425,1600,30.737,30.779,30.533,30.607
1250428,1600,30.841,30.908,30.671,30.689
1250429,1600,31.0,31.0,30.773,30.855
1250430,1600,31.047,31.16,30.757,30.978
1250502,1600,31.831,32.145,31.812,31.925
1250505,1600,32.116,32.416,32.084,32.4
1250506,1600,32.019,32.154,31.831,32.149
1250507,1600,31.839,31.876,31.686,31.753
1250508,1600,32.048,32.084,31.769,31.99
1250509,1600,32.11,32.296,32.05,32.163
1250512,1600,33.348,33.481,33.081,33.235
1250513,1600,33.062,33.163,32.904,33.163
1250514,1600,33.233,33.399,33.161,33.399
1250515,1600,33.141,33.34,33.103,33.295
1250516,1600,33.284,33.334,33.202,33.328
1250519,1600,33.04,33.112,32.78,33.112
1250520,1600,33.024,33.125,32.95,33.049
1250521,1600,33.017,33.092,32.901,33.044
1250522,1600,32.786,32.863,32.623,32.852
1250523,1600,32.846,32.934,32.514,32.753
1250526,1600,32.748,32.814,32.674,32.79
1250527,1600,32.715,32.795,32.57,32.735
1250528,1600,32.765,32.851,32.708,32.747
1250529,1600,33.105,33.228,32.691,32.691
1250530,1600,32.631,32.681,32.368,32.385
1250602,1600,32.228,32.381,32.144,32.28
1250603,1600,32.407,32.6,32.348,32.6
1250604,1600,32.802,32.923,32.766,32.876
1250605,1600,33.025,33.137,32.865,33.1
1250606,1600,33.061,33.232,33.005,33.176
1250609,1600,33.391,33.497,33.36,33.457
1250610,1600,33.557,33.616,33.521,33.541
1250611,1600,33.868,33.888,33.69,33.741
1250612,1600,33.581,33.59,33.2,33.41
1250613,1600,32.939,33.095,32.893,33.024
1250616,1600,33.174,33.415,33.141,33.378
1250617,1600,33.178,33.215,33.063,33.175
1250618,1600,33.181,33.186,33.048,33.104
1250619,1600,32.893,32.895,32.669,32.669
1250620,1600,32.953,33.163,32.822,32.86
1250623,1600,32.81,32.987,32.81,32.831
1250624,1600,33.477,33.565,33.361,33.554
1250625,1600,33.73,33.795,33.59,33.625
1250626,1600,33.583,33.695,33.508,33.639
1250627,1600,33.638,33.659,33.454,33.594
1250630,1600,33.511,33.544,33.43,33.475
1250701,1600,33.582,33.6,33.457,33.514
1250702,1600,33.545,33.61,33.45,33.57
1250703,1600,33.7,33.918,33.643,33.895
1250704,1600,33.565,33.581,33.487,33.548
1250707,1600,33.508,33.709,33.464,33.646
1250708,1600,33.684,33.799,33.657,33.743
1250709,1600,33.722,33.816,33.631,33.675
1250710,1600,33.775,33.875,33.728,33.875
1250711,1600,33.909,33.92,33.748,33.761
1250714,1600,33.839,33.868,33.774,33.836
1250715,1600,34.168,34.286,34.145,34.267
1250716,1600,34.274,34.359,34.037,34.037
1250717,1600,34.554,34.69,34.468,34.671
1250718,1600,34.587,34.642,34.547,34.57
1250721,1600,34.587,34.664,34.551,34.612
1250722,1600,34.374,34.462,34.268,34.354
1250723,1600,34.558,34.719,34.531,34.67
1250724,1600,34.702,34.714,34.462,34.501
1250725,1600,34.35,34.448,34.31,34.379
1250728,1600,34.557,34.608,34.487,34.608
1250729,1600,34.745,34.953,34.744,34.827
1250730,1600,34.807,34.972,34.775,34.86
1250731,1600,34.931,35.012,34.769,34.808
1250801,1600,34.496,34.606,33.887,34.073
1250804,1600,34.3,34.427,34.287,34.339
1250805,1600,34.608,34.748,34.461,34.465
1250806,1600,34.524,34.571,34.292,34.324
1250807,1600,34.597,34.824,34.541,34.684
1250808,1600,34.583,34.615,34.535,34.553
1250811,1600,34.615,34.777,34.609,34.738
1250812,1600,34.788,34.85,34.67,34.817
1250813,1600,35.067,35.229,35.015,35.127
1250814,1600,34.998,35.062,34.879,34.892
1250815,1600,34.992,35.01,34.8,34.81
1250818,1600,35.051,35.129,35.019,35.089
1250819,1600,35.057,35.11,34.945,34.959
1250820,1600,34.891,34.911,34.649,34.794
1250821,1600,34.892,35.0,34.776,35.0
1250822,1600,35.065,35.31,35.049,35.267
1250825,1600,35.344,35.398,35.25,35.383
1250826,1600,35.329,35.367,35.227,35.228
1250827,1600,35.163,35.183,34.989,35.074
1250828,1600,35.036,35.079,34.884,35.046
1250829,1600,34.967,34.972,34.695,34.797
1250901,1600,34.8,34.886,34.795,34.864
1250902,1600,34.904,34.954,34.65,34.765
1250903,1600,35.017,35.124,34.98,34.993
1250904,1600,34.873,34.989,34.815,34.892
1250905,1600,35.204,35.264,34.95,35.055
1250908,1600,35.349,35.4,35.258,35.346
1250909,1600,35.473,35.698,35.47,35.642
1250910,1600,36.036,36.054,35.9,36.006
1250911,1600,36.123,36.28,36.026,36.269
1250912,1600,36.3,36.414,36.267,36.322
1250915,1600,36.371,36.488,36.325,36.443
1250916,1600,36.578,36.583,36.319,36.339
1250917,1600,36.538,36.698,36.5,36.664
1250918,1600,36.618,36.772,36.587,36.713
1250919,1600,36.644,36.806,36.634,36.753
1250922,1600,36.814,36.816,36.666,36.73
1250923,1600,36.647,36.913,36.624,36.909
1250924,1600,36.815,36.934,36.79,36.847
1250925,1600,36.792,36.898,36.563,36.789
1250926,1600,36.44,36.504,36.32,36.478
1250929,1600,36.755,36.865,36.704,36.793
1250930,1600,36.751,36.989,36.72,36.828
1251001,1600,36.754,37.2,36.73,37.196
1251002,1600,37.45,37.491,37.3,37.392
1251003,1600,37.478,37.564,37.43,37.511
1251006,1600,37.576,37.78,37.532,37.726
1251007,1600,37.849,38.012,37.677,37.677
1251008,1600,37.68,37.969,37.67,37.964
1251009,1600,38.012,38.142,37.84,37.924
1251010,1600,37.834,37.9,36.686,36.752
1251013,1600,37.196,37.64,37.157,37.582
1251014,1600,36.93,37.143,36.801,37.131
1251015,1600,37.614,37.768,37.552,37.635
1251016,1600,37.868,37.978,37.801,37.92
1251017,1600,37.209,37.71,36.944,37.527
1251020,1600,37.957,38.263,37.871,38.263
1251021,1600,38.228,38.249,38.011,38.133
1251022,1600,38.153,38.3,38.0,38.013
1251023,1600,38.161,38.274,38.037,38.239
1251027,1600,38.784,38.911,38.681,38.791
1251028,1600,38.444,38.7,38.39,38.68
1251029,1600,39.033,39.208,39.005,39.09
1251030,1600,38.924,38.989,38.782,38.937
1251031,1600,38.879,38.95,38.75,38.84
1251103,1600,39.122,39.426,39.03,39.151
1251104,1600,38.702,38.942,38.553,38.845
1251105,1600,38.476,38.903,38.45,38.902
1251106,1600,38.812,38.871,38.394,38.4
1251107,1600,38.41,38.427,37.767,37.832
1251110,1600,38.38,38.38,38.38,38.38
1251111,1600,38.844,38.883,38.664,38.772
1251112,1600,38.961,39.046,38.731,38.949
1251113,1600,38.978,39.032,38.459,38.546
1251114,1600,38.091,38.629,37.862,38.616
1251117,1600,38.404,38.431,38.166,38.356
1251118,1600,37.679,37.85,37.546,37.843
1251119,1600,37.708,38.038,37.656,37.941
1251120,1600,38.29,38.339,37.91,37.91
1251121,1600,37.119,37.293,36.86,37.293
1251124,1600,37.37,37.698,37.184,37.674
1251125,1600,37.668,37.791,37.337,37.559
1251126,1600,37.825,38.011,37.767,37.975
1251127,1600,37.932,37.975,37.876,37.881
1251128,1600,37.899,38.099,37.85,38.069
1251201,1600,37.796,37.97,37.693,37.97
1251202,1600,37.901,37.992,37.836,37.879
1251203,1600,37.791,37.814,37.618,37.751
1251204,1600,37.82,37.9,37.702,37.859
1251205,1600,38.2,38.346,38.141,38.19
1251208,1600,38.104,38.159,37.957,38.025
1251209,1600,38.15,38.15,37.83,38.001
1251210,1600,38.035,38.11,37.985,38.044
1251211,1600,37.669,37.819,37.624,37.787
1251212,1600,37.98,38.01,37.369,37.448
1251215,1600,37.575,37.688,37.41,37.524
1251216,1600,37.063,37.137,36.876,36.99
1251217,1600,37.334,37.409,36.916,36.916
1251218,1600,37.067,37.49,37.067,37.489
1251219,1600,37.444,37.808,37.434,37.808
1251222,1600,37.831,37.876,37.717,37.812
1251223,1600,37.743,37.845,37.702,37.829
1251229,1600,38.38,38.388,37.994,38.142
1251230,1600,38.198,38.348,38.186,38.348
1260102,1600,39.073,39.261,39.022,39.14
1260105,1600,39.668,39.775,39.57,39.763
1260106,1600,39.893,40.284,39.83,40.167
1260107,1600,40.1,40.143,39.889,40.038
1260108,1600,39.848,39.967,39.818,39.892
1260109,1600,39.891,40.19,39.876,40.19
1260112,1600,40.158,40.514,40.061,40.49
1260113,1600,40.351,40.595,40.311,40.564
1260114,1600,40.61,40.682,40.367,40.509
1260115,1600,40.754,41.177,40.727,41.124
1260116,1600,40.996,41.084,40.687,40.762
1260119,1600,40.798,40.942,40.766,40.82
1260120,1600,40.44,40.448,39.959,40.333
1260121,1600,40.388,40.84,40.281,40.764
1260122,1600,40.829,41.09,40.818,41.039
1260123,1600,40.934,40.959,40.75,40.921
1260126,1600,40.796,40.95,40.619,40.901
1260127,1600,41.175,41.21,41.061,41.139
1260128,1600,41.632,41.666,41.359,41.443
1260129,1600,41.613,41.724,40.931,41.18
1260130,1600,41.04,41.313,40.931,41.073
1260202,1600,40.284,41.107,40.067,41.084
1260203,1600,41.614,41.743,41.435,41.534
1260204,1600,41.687,41.754,41.102,41.176
1260205,1600,41.169,41.214,40.589,40.984
1260206,1600,40.745,41.485,40.726,41.485
1260209,1600,41.597,41.85,41.26,41.85
1260210,1600,41.736,41.864,41.608,41.821
1260211,1600,42.0,42.44,41.888,42.26
1260212,1600,42.526,42.718,41.989,42.103
1260213,1600,42.1,42.115,41.573,41.996
1260216,1600,42.407,42.481,42.153,42.2
1260217,1600,42.248,42.311,41.794,42.11
1260218,1600,42.345,42.753,42.274,42.753
1260219,1600,42.652,42.685,42.323,42.558
1260220,1600,42.653,43.194,42.501,43.194
1260223,1600,42.999,43.259,42.81,43.0
1260224,1600,43.194,43.705,43.123,43.661
1260225,1600,43.808,44.076,43.751,43.907
1260226,1600,44.022,44.182,43.199,43.568
1260227,1600,43.574,43.656,43.099,43.394
1260302,1600,42.888,43.093,42.56,42.919
1260303,1600,41.966,42.024,40.35,40.993
1260304,1600,40.541,41.585,40.477,41.585
1260305,1600,41.416,41.691,40.597,40.78
1260309,1600,40.071,40.64,39.903,40.608
1260310,1600,41.391,41.79,41.047,41.729
1260311,1600,41.576,41.707,41.226,41.427
1260312,1600,41.485,41.546,40.398,40.673
1260313,1600,40.526,41.269,40.49,40.743
1260316,1600,41.117,41.523,40.881,41.291
1260317,1600,41.438,41.83,41.316,41.64
1260318,1600,42.188,42.228,41.27,41.316
1260319,1600,40.933,41.011,40.12,40.481
1260320,1600,40.684,40.777,39.694,39.694
1260323,1600,38.839,40.814,38.709,40.084
1260324,1600,40.084,40.152,39.58,39.915
1260325,1600,40.554,40.771,40.364,40.717
1260326,1600,40.106,40.154,39.695,39.695
1260327,1600,39.795,39.811,39.181,39.318
1260330,1600,39.329,39.62,39.176,39.527
1260331,1600,39.005,39.413,38.833,39.288
1260401,1600,40.565,40.68,40.13,40.641
1260402,1600,39.641,40.35,39.42,40.093
1260407,1600,40.431,40.719,39.828,39.972
1260408,1600,42.253,42.547,41.966,42.129
1260409,1600,41.989,42.089,41.702,42.032
1260410,1600,42.294,42.499,42.24,42.303
1260413,1600,42.046,42.316,41.947,42.251
1260414,1600,42.712,43.049,42.68,43.042
1260415,1600,43.087,43.2,42.94,43.121
1260416,1600,43.519,43.549,43.161,43.477
1260417,1600,43.312,44.475,43.297,44.36
1260420,1600,43.763,43.957,43.557,43.86
1260421,1600,44.148,44.233,43.677,43.738
1260422,1600,44.011,44.254,43.846,44.254
1260423,1600,43.918,44.081,43.678,44.056
1260424,1600,44.106,44.433,43.93,44.376
1260427,1600,44.495,44.585,44.3,44.385
1260428,1600,44.325,44.356,43.79,43.819
1260429,1600,44.406,44.438,44.02,44.036
1260430,1600,43.955,44.37,43.913,44.298
1260504,1600,45.22,45.363,44.75,44.937
1260505,1600,45.256,45.842,45.11,45.842
1260506,1600,46.253,46.946,46.16,46.796
1260507,1600,47.1,47.277,46.659,46.765
1260508,1600,46.7,47.075,46.504,47.036
1260511,1600,46.92,47.212,46.789,47.212
1260512,1600,46.159,46.289,45.432,45.516
1260513,1600,46.536,46.824,46.23,46.802
1260514,1600,46.827,47.197,46.66,47.189
1260515,1600,46.147,46.255,45.51,45.897
1260518,1600,45.651,46.15,45.425,45.546
1260519,1600,45.287,45.405,44.64,45.015
1260520,1600,45.129,45.938,45.1,45.877
1260521,1600,45.939,46.221,45.796,45.961
1260522,1600,46.497,46.598,46.255,46.585
1260525,1600,47.129,47.463,47.03,47.401
1260526,1600,47.469,47.983,47.316,47.812
1260527,1600,47.812,48.4,47.691,47.796
1260528,1600,47.386,47.998,47.26,47.975
1260529,1600,48.237,48.393,47.95,48.044
1260601,1600,48.833,49.193,48.487,48.941
1260602,1600,49.0,49.48,48.969,49.48
1260603,1600,49.29,49.391,48.775,48.959
1260604,1600,48.422,48.459,47.664,48.25
1260605,1600,47.317,47.399,46.5,46.55
1260608,1600,45.955,46.71,45.804,46.451
1260609,1600,47.277,47.425,46.076,46.162
1260610,1600,46.28,46.647,45.451,45.935
1260611,1600,46.008,46.582,45.81,46.444
1260612,1600,47.028,47.928,46.955,47.892
1260615,1600,48.672,49.125,48.655,49.107
1260616,1600,48.878,49.172,48.502,48.611
1260617,1600,49.109,49.247,48.8,49.247
1260618,1600,49.708,50.33,49.628,50.154
1260619,1600,49.991,50.056,49.76,49.806
1260622,1600,50.378,51.006,50.222,50.686
1260623,1600,48.445,48.908,48.075,48.504
1260624,1600,48.677,48.797,48.26,48.55
1260625,1600,49.386,49.636,48.309,48.732
1260626,1600,47.913,48.269,47.289,48.164
1260629,1600,48.085,48.269,47.32,47.763
1260630,1600,48.44,48.922,48.333,48.798
1260701,1600,48.236,48.43,47.915,48.238
1260702,1600,47.239,48.032,47.06,47.383
1260703,1600,48.208,48.418,48.043,48.38
1260706,1600,48.232,48.528,48.09,48.493
1260707,1600,47.378,47.506,46.723,46.813
1260708,1600,47.077,47.185,46.036,46.773
1260709,1600,47.113,47.787,47.025,47.763
1260710,1600,47.729,47.937,47.43,47.817
1260713,1600,46.589,46.897,46.534,46.781
1260714,1600,46.415,47.012,46.324,46.904
1260715,1600,47.413,47.422,46.631,46.759
1260716,1600,46.496,46.498,45.854,46.23
1260717,1600,44.744,45.352,44.379,45.323
1260720,1600,45.267,45.939,45.161,45.826
1260721,1600,46.471,46.823,46.376,46.759
1260722,1600,46.33,46.7,46.08,46.645
1260723,1600,46.886,47.025,46.044,46.166
1260724,1600,45.924,46.331,45.558,45.926
1260727,1600,46.268,46.35,45.251,45.34
1260728,1600,44.765,44.973,44.369,44.952
1260729,1600,44.265,44.5,43.817,44.046
1260730,1600,43.652,44.814,43.426,44.737
1260731,1600,46.057,46.257,45.111,45.356
1260803,1600,45.809,45.834,44.975,45.475
1260804,1600,46.011,46.765,45.811,46.765
1260805,1600,46.872,47.009,46.55,46.799
1260806,1600,46.185,46.7,45.9,46.598
1260807,1600,46.309,46.869,46.195,46.554
1260810,1600,46.592,46.653,46.3,46.428
1260811,1600,46.5,46.812,46.415,46.649
1260812,1600,46.884,47.368,46.86,47.19
1260813,1600,47.21,47.63,47.106,47.498
1260814,1600,47.375,47.57,47.142,47.183
1260817,1600,47.676,48.055,47.551,47.988
1260818,1600,47.089,47.118,46.3,46.385
1260819,1600,46.409,46.893,46.314,46.534
1260820,1600,46.805,46.842,46.163,46.621
1260821,1600,47.189,47.332,46.99,47.154
1260824,1600,46.64,46.868,46.242,46.468
1260825,1600,46.922,47.175,46.77,47.145
1260826,1600,47.481,47.535,47.3,47.405
1260827,1600,47.633,47.788,47.376,47.552
1260828,1600,47.682,47.895,47.632,47.845
1260831,1600,47.649,47.707,47.363,47.363
1260901,1600,47.969,48.023,47.407,47.652
1260902,1600,47.226,47.536,46.89,47.53
1260903,1600,47.246,47.534,47.111,47.534
1260904,1600,47.766,48.28,47.7,48.21
1260907,1600,48.618,48.646,48.32,48.423
1260908,1600,48.346,48.629,48.127,48.556
1260909,1600,48.579,48.612,48.135,48.303
1260910,1600,48.202,48.23,47.361,47.515
1260911,1600,47.719,48.107,47.65,48.001
1260914,1600,47.28,47.304,46.729,47.014
1260915,1600,46.894,46.992,46.58,46.686
1260916,1600,47.117,47.273,46.967,47.189
1260917,1600,47.283,47.798,47.23,47.793
1260918,1600,47.964,48.037,47.647,47.702
