1000526,1600,45.5312,45.7188,45.3125,45.7188
1000530,1600,46.375,47.4062,46.375,47.4062
1000531,1600,47.5625,48.1875,47.5625,47.5781
1000601,1600,48.5547,48.6562,48.5547,48.6562
1000602,1600,50.8594,51.1875,50.8594,51.1875
1000605,1600,51.0625,51.5625,50.9375,51.0
1000606,1600,51.8047,52.4062,51.3438,51.5
1000607,1600,51.1875,51.5625,50.7188,51.5625
1000608,1600,52.125,52.125,51.4375,51.4375
1000609,1600,51.9375,52.3438,51.9062,52.3438
1000612,1600,52.5,52.5,50.75,50.7891
1000613,1600,50.6641,51.4375,50.1875,51.4375
1000614,1600,51.8594,51.8594,51.1875,51.1875
1000615,1600,50.875,51.25,50.3828,51.25
1000616,1600,51.4688,51.5,50.9688,50.9688
1000619,1600,51.25,52.25,51.0156,52.25
1000620,1600,52.3281,52.6719,52.125,52.5938
1000621,1600,52.125,52.9375,52.125,52.8438
1000622,1600,53.0,53.0,51.25,51.25
1000623,1600,51.75,51.75,50.5,50.9062
1000626,1600,51.1094,51.5312,50.875,51.5312
1000627,1600,51.6094,52.0625,50.7188,50.7188
1000628,1600,50.9375,52.1875,50.9375,52.0
1000629,1600,51.75,51.8438,51.0312,51.1875
1000630,1600,51.2188,51.6797,50.7969,51.6797
1000703,1600,51.5625,52.4062,51.5,52.4062
1000705,1600,52.1094,52.125,51.6328,51.8125
1000706,1600,51.8281,52.4219,51.3438,52.4219
1000707,1600,52.4297,52.9531,52.4297,52.75
1000710,1600,52.7188,53.2812,52.7188,53.0938
1000711,1600,53.0,53.2969,52.8438,53.0312
1000712,1600,53.3125,54.0938,53.25,54.0938
1000713,1600,54.1406,54.2656,54.0,54.2656
1000714,1600,54.5469,54.5469,53.875,54.3125
1000717,1600,54.3594,54.5938,54.2188,54.5
1000718,1600,54.1406,54.1406,53.5625,53.5625
1000719,1600,53.3906,53.3906,52.625,52.625
1000720,1600,53.125,53.5,53.125,53.5
1000721,1600,53.1875,53.1875,52.0312,52.0312
1000724,1600,52.3125,52.3125,51.1641,51.2734
1000725,1600,51.6797,51.6797,51.0625,51.375
1000726,1600,51.0,51.2812,50.4688,51.2812
1000727,1600,51.1797,51.1797,49.875,49.875
1000728,1600,50.1641,50.1641,48.875,49.0
1000731,1600,49.25,50.25,48.6875,50.25
1000801,1600,49.875,50.0625,49.6406,49.9219
1000802,1600,49.625,50.2812,49.5,50.0
1000803,1600,49.0312,50.0625,49.0312,49.9688
1000804,1600,50.5625,50.5781,49.9219,50.2188
1000807,1600,50.4062,51.1484,50.4062,51.1484
1000808,1600,51.0,51.1562,50.9062,50.9062
1000809,1600,51.2812,51.2812,50.5391,50.5391
1000810,1600,50.5469,50.5938,50.0938,50.25
1000811,1600,49.75,51.125,49.75,51.125
1000814,1600,50.9688,51.6562,50.9375,51.6562
1000815,1600,51.5469,51.625,50.9062,50.9062
1000816,1600,51.125,51.5312,50.9375,51.1562
1000817,1600,51.3438,51.8438,51.2188,51.625
1000818,1600,51.8125,51.9375,51.4375,51.5469
1000821,1600,51.875,51.9219,51.4062,51.7344
1000822,1600,51.7656,52.0938,51.6562,51.6562
1000823,1600,51.5938,51.75,51.375,51.5781
1000824,1600,51.8594,52.625,51.8594,52.3438
1000825,1600,52.375,52.6875,52.2188,52.5625
1000828,1600,52.8125,53.125,52.5625,52.6562
1000829,1600,52.7812,53.1562,52.625,53.1562
1000830,1600,53.1094,53.4062,52.9219,53.2188
1000831,1600,53.4062,54.1562,53.4062,53.75
1000901,1600,54.0,54.2812,53.7422,54.1875
1000905,1600,54.1172,54.2812,53.8125,53.8125
1000906,1600,54.0625,54.0625,53.5,53.5781
1000907,1600,53.8125,54.4062,53.8125,54.375
1000908,1600,54.1016,54.2188,53.4375,53.4375
1000911,1600,53.7109,53.9141,53.3125,53.5
1000912,1600,53.8125,53.8125,53.25,53.3281
1000913,1600,53.0938,53.6875,53.0938,53.5938
1000914,1600,53.8281,54.1094,53.5859,53.9062
1000915,1600,53.625,53.6875,52.8125,52.9062
1000918,1600,53.1406,53.1406,51.5078,51.6562
1000919,1600,51.9844,52.7188,51.6328,52.5
1000920,1600,52.3125,52.3125,51.625,51.9062
1000921,1600,52.0,52.0,50.9375,50.9375
1000922,1600,50.0,51.5938,50.0,51.5938
1000925,1600,52.1797,52.1797,51.625,51.6562
1000926,1600,51.625,51.625,50.6562,50.9219
1000927,1600,51.1562,51.4062,50.5,50.6875
1000928,1600,50.8125,52.1562,50.7812,52.0625
1000929,1600,52.0156,52.1953,51.8125,51.8125
1001002,1600,52.2031,52.2031,50.9688,50.9688
1001003,1600,51.5859,51.5859,50.2266,50.2266
1001004,1600,50.4531,50.5781,49.8125,50.5781
1001005,1600,50.625,50.8125,50.0312,50.0625
1001006,1600,50.1562,50.1562,48.7812,48.8438
1001009,1600,48.875,48.875,48.3125,48.7344
1001010,1600,48.7969,49.0547,47.5625,47.5625
1001011,1600,47.7188,47.8125,47.0,47.4062
1001012,1600,47.8438,47.8438,45.9688,45.9688
1001013,1600,46.0938,48.1406,46.0625,47.75
1001016,1600,48.0,48.5312,47.7188,48.125
1001017,1600,48.125,48.2578,46.5703,46.9141
1001018,1600,45.8203,46.8125,45.625,46.5312
1001019,1600,47.2812,48.0938,47.2812,47.9688
1001020,1600,48.3438,49.0312,48.3203,48.5781
1001023,1600,48.8438,49.125,48.6641,49.0625
1001024,1600,49.2188,49.5312,48.3438,48.3438
1001025,1600,48.25,48.5,47.2656,47.2656
1001026,1600,47.7109,48.0,46.8438,48.0
1001027,1600,47.625,48.25,47.625,48.0312
1001030,1600,47.9375,48.5312,47.5312,48.25
1001031,1600,48.4375,49.6797,48.4375,49.5
1001101,1600,49.3438,49.7188,49.2812,49.5312
1001102,1600,49.8906,50.8125,49.875,50.7188
1001103,1600,50.7969,50.8125,50.375,50.6562
1001106,1600,51.0938,51.0938,50.2188,50.2656
1001107,1600,50.2969,50.6875,50.0625,50.6875
1001108,1600,50.7188,50.75,49.7812,49.7812
1001109,1600,49.375,49.6875,48.5312,49.25
1001110,1600,49.375,49.375,48.0,48.0
1001113,1600,47.5,47.8906,46.3125,47.5156
1001114,1600,48.4375,48.8125,48.375,48.6562
1001115,1600,48.7188,49.4375,48.5625,49.2812
1001116,1600,48.6406,49.2422,47.8516,47.8516
1001117,1600,48.5,48.8984,48.0312,48.1562
1001120,1600,47.6875,47.8438,46.875,46.9062
1001121,1600,47.0625,47.0625,46.4375,46.6328
1001122,1600,46.2812,46.5,45.4688,45.6562
1001124,1600,46.2109,47.0938,46.0938,46.9375
1001127,1600,47.9062,48.0547,47.0625,47.0703
1001128,1600,46.875,47.2188,45.5,45.6562
1001129,1600,46.0,46.0,45.0625,45.5312
1001130,1600,45.0,45.2812,43.9688,44.5625
1001201,1600,45.1875,46.25,45.125,45.5625
1001204,1600,45.7344,45.7344,45.0,45.0625
1001205,1600,45.75,47.25,45.75,47.25
1001206,1600,47.0938,47.5312,46.1562,46.1562
1001207,1600,45.7188,46.4062,45.7188,46.0312
1001208,1600,46.9688,47.875,46.6562,46.6562
1001211,1600,47.9688,48.7812,47.7812,48.7812
1001212,1600,48.7812,48.7812,47.7188,47.7188
1001213,1600,47.8906,47.8906,46.5938,46.6172
1001214,1600,46.5,46.8438,45.875,45.875
1001215,1600,45.3438,45.7031,45.0,45.625
1001218,1600,45.8438,46.4688,45.8125,46.3125
1001219,1600,46.25,46.75,45.5,45.5
1001220,1600,44.7344,45.0,43.9062,44.0625
1001221,1600,44.0625,44.9531,43.75,44.4062
1001222,1600,45.125,46.3438,45.0625,46.25
1001226,1600,46.25,46.6094,46.0156,46.5156
1001227,1600,46.5,47.75,46.1875,47.75
1001228,1600,47.7188,49.375,47.7188,49.2812
1001229,1600,49.4688,49.6094,47.8125,47.875
1010102,1600,47.875,47.875,45.8438,46.2031
1010103,1600,45.75,48.75,45.7188,48.1172
1010104,1600,47.9375,48.2812,47.3125,47.5
1010105,1600,47.4375,47.4375,45.8125,46.0312
1010108,1600,45.875,46.25,45.3438,46.1875
1010109,1600,46.1875,46.5625,45.8438,46.1172
1010110,1600,45.6875,47.5938,45.6875,47.5938
1010111,1600,47.25,48.4375,47.25,48.2422
1010112,1600,48.0625,48.7266,47.8125,48.375
1010116,1600,48.25,49.3438,48.0312,49.3438
1010117,1600,50.0938,50.1875,48.9688,49.3125
1010118,1600,49.4375,49.5,48.7656,49.5
1010119,1600,49.9062,49.9062,48.3906,48.625
1010122,1600,48.5,49.0938,48.2656,48.9688
1010123,1600,49.0,50.1875,48.875,50.1875
1010124,1600,50.25,50.4062,49.8125,50.0
1010125,1600,50.0234,50.1562,49.6094,49.8125
1010126,1600,49.5312,50.0,49.1719,49.8125
1010129,1600,49.695,50.825,49.695,50.825
1010130,1600,51.0,51.155,50.425,51.155
1010131,1600,51.225,51.525,50.45,50.45
1010201,1600,50.475,50.82,50.25,50.82
1010202,1600,50.9,50.9,49.685,49.685
1010205,1600,49.5,49.995,49.455,49.785
1010206,1600,49.875,50.745,49.875,50.575
1010207,1600,50.025,50.8,50.025,50.7
1010208,1600,50.825,50.9,49.875,49.94
1010209,1600,49.875,49.975,49.125,49.3
1010212,1600,49.325,50.45,49.255,50.4
1010213,1600,50.825,51.25,49.925,49.925
1010214,1600,50.2,50.45,49.65,50.45
1010215,1600,51.0,51.075,50.515,50.7
1010216,1600,49.55,50.2,49.45,49.605
1010220,1600,49.85,50.0,48.76,49.03
1010221,1600,48.6,49.075,48.025,48.175
1010222,1600,48.175,48.245,47.125,47.5
1010223,1600,47.4,47.75,46.225,47.6
1010226,1600,48.075,48.745,47.855,48.65
1010227,1600,48.65,48.65,47.625,47.775
1010228,1600,47.9,47.9,46.925,47.075
1010301,1600,47.025,47.4,46.35,47.4
1010302,1600,46.65,48.15,46.625,47.525
1010305,1600,48.0,48.025,47.3,47.35
1010306,1600,48.0,48.2,47.815,48.05
1010307,1600,48.4,48.6,48.125,48.3
1010308,1600,48.295,48.4,47.9,47.9
1010309,1600,47.3,47.775,46.955,46.955
1010312,1600,46.625,46.625,45.33,45.625
1010313,1600,45.9,46.1,45.005,46.1
1010314,1600,44.875,46.15,44.85,45.0
1010315,1600,45.525,45.7,44.75,44.825
1010316,1600,44.925,45.175,43.825,44.0
1010319,1600,44.5,45.2,43.755,45.15
1010320,1600,45.05,45.58,44.1,44.1
1010321,1600,44.125,44.3,43.075,43.425
1010322,1600,43.125,43.375,41.575,43.0
1010323,1600,43.875,44.25,43.5,44.125
1010326,1600,44.5,44.975,44.3,44.725
1010327,1600,44.8,45.3,44.05,45.085
1010328,1600,44.45,44.5,43.775,43.875
1010329,1600,43.875,44.7,43.75,43.95
1010330,1600,44.225,44.925,43.95,44.8
1010402,1600,44.775,45.0,43.675,43.75
1010403,1600,43.65,43.65,42.125,42.265
1010404,1600,42.325,42.925,42.2,42.4
1010405,1600,43.0,44.45,43.0,44.45
1010406,1600,43.75,43.89,43.125,43.2
1010409,1600,43.8,44.3,43.55,44.15
1010410,1600,44.375,45.375,44.35,45.2
1010411,1600,45.9,45.9,44.56,44.9
1010412,1600,44.625,45.5,44.525,45.45
1010416,1600,45.25,45.4,44.63,44.63
1010417,1600,44.375,45.55,44.375,45.35
1010418,1600,46.075,48.0,46.0,46.675
1010419,1600,46.65,47.245,46.35,47.195
1010420,1600,47.0,47.0,46.0,46.645
1010423,1600,46.0,46.225,45.75,45.8
1010424,1600,46.1,46.515,45.75,46.15
1010425,1600,46.25,47.2,45.955,47.15
1010426,1600,47.25,47.95,47.175,47.825
1010427,1600,48.125,48.45,47.95,48.45
1010430,1600,48.825,49.05,48.255,48.5
1010501,1600,48.325,49.1,48.015,49.1
1010502,1600,49.2,49.3,48.5,48.975
1010503,1600,48.575,48.625,48.15,48.37
1010504,1600,48.075,49.25,47.735,49.05
1010507,1600,49.3,49.5,48.7,48.75
1010508,1600,49.05,49.25,48.525,49.0
1010509,1600,48.55,49.2,48.55,48.7
1010510,1600,49.425,49.425,48.75,48.75
1010511,1600,48.825,49.175,48.325,48.46
1010514,1600,48.46,48.66,48.15,48.45
1010515,1600,48.5,49.1,48.425,48.925
1010516,1600,48.55,49.875,48.55,49.865
1010517,1600,49.875,50.425,49.75,50.38
1010518,1600,50.125,50.675,50.125,50.575
1010521,1600,50.425,51.45,50.35,51.45
1010522,1600,51.6,51.9,51.15,51.7
1010523,1600,51.325,51.475,50.5,50.5
1010524,1600,50.8,51.175,50.16,51.025
1010525,1600,51.05,51.1,50.65,50.65
1010529,1600,50.75,50.75,50.0,50.0
1010530,1600,49.95,49.95,49.15,49.35
1010531,1600,49.575,50.1,49.4,49.55
1010601,1600,49.875,50.25,49.25,50.135
1010604,1600,50.375,50.79,50.15,50.79
1010605,1600,50.8,51.725,50.725,51.5
1010606,1600,51.5,51.625,51.075,51.175
1010607,1600,51.0,51.575,51.0,51.39
1010608,1600,51.25,51.3,50.525,50.95
1010611,1600,50.95,50.95,50.25,50.275
1010612,1600,50.0,50.75,49.73,50.4
1010613,1600,50.625,51.0,50.2,50.33
1010614,1600,49.875,50.025,49.075,49.075
1010615,1600,49.0,49.575,48.925,49.375
1010618,1600,49.25,49.5,48.75,49.0
1010619,1600,49.5,49.55,48.59,48.85
1010620,1600,48.5,49.55,48.5,49.425
1010621,1600,49.325,49.8,49.275,49.495
1010622,1600,49.625,49.625,48.5,48.6
1010625,1600,48.85,48.885,48.125,48.26
1010626,1600,48.0,49.05,47.925,49.0
1010627,1600,49.1,49.6,48.95,49.475
1010628,1600,49.75,50.375,49.75,50.1
1010629,1600,50.45,51.2,50.225,50.95
1010702,1600,50.8,50.8,49.655,49.8
1010703,1600,49.625,49.77,49.3,49.5
1010705,1600,49.0,49.495,48.775,48.85
1010706,1600,48.55,48.725,47.775,47.95
1010709,1600,48.125,48.475,47.625,48.4
1010710,1600,48.55,48.55,47.29,47.5
1010711,1600,47.4,47.62,46.745,47.5
1010712,1600,47.9,48.75,47.875,48.665
1010713,1600,48.55,49.075,48.35,48.9
1010716,1600,48.85,48.995,48.075,48.075
1010717,1600,48.05,49.025,47.95,49.025
1010718,1600,48.35,48.945,48.075,48.1
1010719,1600,48.6,49.085,48.25,48.5
1010720,1600,48.25,48.8,48.25,48.5
1010723,1600,48.825,48.825,48.0,48.15
1010724,1600,48.0,48.175,46.9,47.35
1010725,1600,47.45,47.65,46.955,47.625
1010726,1600,47.505,48.55,47.23,48.325
1010727,1600,48.325,48.54,48.085,48.25
1010730,1600,48.45,48.5,47.85,48.175
1010731,1600,48.295,48.835,48.06,48.115
1010801,1600,48.525,48.9,48.225,48.85
1010802,1600,49.225,49.25,48.45,48.7
1010803,1600,48.75,48.895,48.05,48.575
1010806,1600,48.5,48.5,47.8,47.9
1010807,1600,47.9,48.05,47.65,47.95
1010808,1600,47.5,48.16,46.875,46.875
1010809,1600,47.1,47.35,46.725,47.35
1010810,1600,47.175,47.6,46.755,47.3
1010813,1600,47.575,47.81,47.305,47.7
1010814,1600,47.775,48.2,47.71,47.85
1010815,1600,47.875,48.115,47.51,47.79
1010816,1600,47.625,48.25,47.25,48.1
1010817,1600,47.7,48.0,47.3,47.35
1010820,1600,47.3,47.875,47.275,47.875
1010821,1600,47.85,48.0,47.0,47.05
1010822,1600,47.45,47.675,46.89,47.675
1010823,1600,47.6,47.995,47.05,47.05
1010824,1600,47.5,48.05,47.425,48.05
1010827,1600,48.05,48.225,47.675,47.875
1010828,1600,47.825,47.85,47.25,47.35
1010829,1600,47.525,47.525,46.9,47.15
1010830,1600,46.9,47.1,46.305,46.555
1010831,1600,46.7,47.07,46.63,46.945
1010904,1600,46.85,47.245,46.5,46.5
1010905,1600,46.6,46.675,45.7,46.175
1010906,1600,45.75,45.9,45.1,45.1
1010907,1600,44.65,45.05,44.085,44.265
1010910,1600,43.925,44.3,43.55,43.925
1010917,1600,41.0,42.495,41.0,41.75
1010918,1600,41.87,41.925,40.8,41.075
1010919,1600,41.255,41.35,38.8,40.08
1010920,1600,39.55,39.65,38.3,38.555
1010921,1600,37.25,38.025,36.75,37.83
1010924,1600,38.25,39.29,38.25,39.0
1010925,1600,39.12,39.75,38.875,39.475
1010926,1600,39.6,39.8,38.675,38.89
1010927,1600,38.89,39.525,38.315,39.515
1010928,1600,39.8,40.39,39.64,40.1
1011001,1600,40.1,40.145,39.025,39.75
1011002,1600,39.5,40.185,39.5,40.185
1011003,1600,39.5,41.375,39.5,41.1
1011004,1600,41.25,41.97,41.025,41.51
1011005,1600,41.45,41.45,40.505,41.3
1011008,1600,40.75,41.395,40.75,40.925
1011009,1600,40.825,40.975,40.5,40.585
1011010,1600,40.55,42.0,40.55,42.0
1011011,1600,42.5,43.2,42.5,42.675
1011012,1600,42.56,42.89,41.9,42.54
1011015,1600,42.375,42.785,42.15,42.7
1011016,1600,42.95,43.4,42.865,43.275
1011017,1600,43.65,43.725,42.05,42.05
1011018,1600,42.275,42.275,41.65,41.78
1011019,1600,41.725,42.475,41.725,42.3
1011022,1600,42.375,42.875,42.34,42.68
1011023,1600,43.005,43.145,42.4,42.4
1011024,1600,42.5,42.69,42.3,42.675
1011025,1600,42.2,43.625,42.0,43.625
1011026,1600,43.2,43.825,43.2,43.625
1011029,1600,43.505,43.51,42.7,42.75
1011030,1600,42.4,42.4,41.675,41.85
1011031,1600,42.325,42.885,42.205,42.55
1011101,1600,42.67,43.3,42.25,43.3
1011102,1600,43.225,43.35,42.925,43.0
1011105,1600,43.6,43.65,43.31,43.625
1011106,1600,43.375,44.25,43.25,44.25
1011107,1600,43.85,44.325,43.805,43.95
1011108,1600,44.175,44.45,43.475,43.85
1011109,1600,43.53,43.745,43.415,43.7
1011112,1600,43.35,43.89,42.53,43.875
1011113,1600,44.25,44.675,44.125,44.675
1011114,1600,45.0,45.12,44.21,45.12
1011115,1600,44.9,45.2,44.7,44.95
1011116,1600,44.83,45.075,44.64,44.995
1011119,1600,45.075,45.69,45.005,45.5
1011120,1600,45.5,45.825,45.05,45.24
1011121,1600,45.15,45.225,44.68,45.085
1011123,1600,45.025,45.775,45.025,45.74
1011126,1600,45.74,46.075,45.45,45.975
1011127,1600,45.95,46.17,45.555,45.825
1011128,1600,45.6,45.87,45.025,45.025
1011129,1600,45.175,46.35,45.1,46.35
1011130,1600,46.2,46.285,45.7,45.8
1011203,1600,45.45,45.705,45.3,45.5
1011204,1600,45.5,46.675,45.48,46.55
1011205,1600,47.05,47.99,46.9,47.575
1011206,1600,47.8,48.25,47.675,48.25
1011207,1600,48.075,48.24,47.78,47.885
1011210,1600,47.875,48.09,47.0,47.055
1011211,1600,47.425,47.7,47.03,47.325
1011212,1600,47.45,47.565,46.865,47.4
1011213,1600,46.975,47.27,46.55,46.555
1011214,1600,46.65,46.95,46.365,46.95
1011217,1600,46.83,47.85,46.83,47.85
1011218,1600,48.25,48.325,47.815,48.275
1011219,1600,47.875,48.19,47.565,47.9
1011220,1600,47.9,47.915,46.975,47.15
1011221,1600,47.45,48.24,47.205,48.1
1011224,1600,48.225,48.425,48.105,48.325
1011226,1600,48.3,48.87,48.3,48.75
1011227,1600,48.75,49.075,48.73,48.95
1011228,1600,49.15,49.265,48.875,49.0
1011231,1600,49.125,49.2,48.175,48.175
1020102,1600,48.55,48.645,47.64,48.62
1020103,1600,48.5,49.295,48.5,49.295
1020104,1600,49.375,49.92,49.15,49.725
1020107,1600,49.675,49.9,48.925,48.925
1020108,1600,49.125,49.62,48.65,49.5
1020109,1600,49.875,50.065,49.0,49.0
1020110,1600,49.075,49.3,48.98,49.3
1020111,1600,49.375,49.475,48.55,48.7
1020114,1600,48.63,48.63,47.85,47.975
1020115,1600,48.095,48.3,47.73,48.3
1020116,1600,47.75,47.925,47.1,47.32
1020117,1600,47.75,48.0,47.26,47.55
1020118,1600,47.55,47.83,46.9,46.95
1020122,1600,47.375,47.545,46.555,46.65
1020123,1600,46.825,47.425,46.4,47.3
1020124,1600,47.55,47.89,47.55,47.675
1020125,1600,47.675,47.785,47.33,47.64
1020128,1600,47.8,48.0,47.5,47.95
1020129,1600,47.925,48.015,46.825,47.105
1020130,1600,47.2,47.795,46.5,47.695
1020131,1600,47.8,48.1,47.505,48.1
1020201,1600,47.75,48.185,47.615,47.825
1020204,1600,47.625,47.705,46.555,46.7
1020205,1600,46.575,46.85,46.195,46.52
1020206,1600,46.525,46.725,45.775,46.0
1020207,1600,45.95,46.05,45.375,45.4
1020208,1600,45.605,46.6,45.455,46.6
1020211,1600,46.4,47.0,46.375,46.805
1020212,1600,46.65,47.12,46.48,46.905
1020213,1600,47.125,47.395,47.005,47.35
1020214,1600,47.47,47.59,46.75,46.75
1020215,1600,46.87,46.945,46.4,46.68
1020219,1600,46.25,46.4,45.625,45.775
1020220,1600,45.7,46.55,45.44,46.55
1020221,1600,46.45,46.55,45.555,45.555
1020222,1600,45.6,46.375,45.39,46.375
1020225,1600,46.375,46.665,46.175,46.665
1020226,1600,46.645,47.01,46.355,46.885
1020227,1600,47.125,47.295,46.815,47.1
1020228,1600,47.15,47.24,46.48,46.6
1020301,1600,46.825,47.75,46.65,47.75
1020304,1600,47.75,48.74,47.625,48.5
1020305,1600,48.49,48.915,48.35,48.61
1020306,1600,48.61,49.32,48.2,49.2
1020307,1600,49.55,49.65,49.075,49.25
1020308,1600,49.85,49.88,49.345,49.69
1020311,1600,49.69,49.99,49.27,49.7
1020312,1600,49.275,49.75,49.075,49.62
1020313,1600,49.25,49.525,49.025,49.2
1020314,1600,49.375,49.615,48.755,49.425
1020315,1600,49.305,49.8,49.05,49.625
1020318,1600,49.745,50.18,49.55,49.905
1020319,1600,50.15,50.325,49.95,50.225
1020320,1600,49.975,50.025,49.425,49.435
1020321,1600,49.775,50.31,49.5,50.265
1020322,1600,50.275,50.555,49.88,49.9
1020325,1600,50.025,50.07,49.225,49.295
1020326,1600,49.4,49.93,49.4,49.85
1020327,1600,49.85,50.315,49.735,50.315
1020328,1600,50.45,50.715,50.05,50.05
1020401,1600,50.05,50.415,49.53,50.1
1020402,1600,49.695,50.2,49.65,49.78
1020403,1600,49.875,49.955,49.26,49.425
1020404,1600,49.2,49.9,49.175,49.62
1020405,1600,49.8,49.95,49.35,49.55
1020408,1600,49.005,50.17,49.0,50.17
1020409,1600,50.17,50.345,49.965,49.985
1020410,1600,50.25,50.95,50.17,50.95
1020411,1600,50.825,50.975,50.01,50.135
1020412,1600,50.5,51.25,50.125,51.25
1020415,1600,51.5,51.625,50.79,50.875
1020416,1600,51.45,52.15,51.375,52.15
1020417,1600,52.375,52.375,51.625,51.71
1020418,1600,51.775,51.865,51.075,51.49
1020419,1600,51.8,51.82,51.45,51.45
1020422,1600,51.4,51.445,50.755,50.77
1020423,1600,50.8,51.04,50.7,50.95
1020424,1600,51.0,51.325,50.385,50.52
1020425,1600,50.3,50.77,50.105,50.655
1020426,1600,50.81,50.945,49.685,49.685
1020429,1600,50.0,50.09,49.55,49.835
1020430,1600,49.9,50.83,49.81,50.65
1020501,1600,50.75,51.0,49.98,51.0
1020502,1600,50.95,51.3,50.82,51.175
1020503,1600,51.25,51.25,50.65,50.95
1020506,1600,50.995,51.16,49.975,49.975
1020507,1600,50.24,50.27,49.6,49.615
1020508,1600,50.45,50.81,50.24,50.8
1020509,1600,50.8,50.8,49.85,49.875
1020510,1600,49.995,50.02,48.95,49.065
1020513,1600,49.075,49.725,49.0,49.7
1020514,1600,50.35,51.2,50.11,51.2
1020515,1600,50.875,51.41,50.58,51.15
1020516,1600,51.175,51.175,50.375,50.545
1020517,1600,50.6,50.885,50.26,50.7
1020520,1600,50.625,50.625,50.005,50.06
1020521,1600,50.175,50.32,49.135,49.3
1020522,1600,49.15,49.59,48.675,49.0
1020523,1600,49.35,49.995,48.75,49.975
1020524,1600,49.75,49.825,49.185,49.185
1020528,1600,49.4,49.4,48.5,49.06
1020529,1600,48.95,48.95,48.34,48.435
1020530,1600,48.435,48.825,48.02,48.61
1020531,1600,48.775,49.12,48.25,48.25
1020603,1600,48.475,48.475,47.125,47.125
1020604,1600,47.05,47.4,46.505,47.135
1020605,1600,47.275,47.425,46.86,47.3
1020606,1600,47.275,47.3,46.275,46.38
1020607,1600,45.625,47.0,45.605,46.8
1020610,1600,46.9,47.225,46.6,46.75
1020611,1600,47.0,47.095,46.0,46.0
1020612,1600,46.005,46.345,45.475,46.15
1020613,1600,46.1,46.295,45.385,45.5
1020614,1600,44.8,45.8,44.255,45.75
1020617,1600,45.875,46.9,45.875,46.815
1020618,1600,46.765,47.275,46.575,46.945
1020619,1600,46.35,47.185,46.0,46.0
1020620,1600,46.12,46.58,45.66,45.9
1020621,1600,45.9,46.32,45.6,45.8
1020624,1600,45.625,46.195,44.93,45.655
1020625,1600,45.95,46.175,44.725,45.01
1020626,1600,44.0,45.155,43.95,44.985
1020627,1600,45.65,45.85,44.74,45.85
1020628,1600,45.73,46.325,45.325,45.325
1020701,1600,45.45,45.815,44.3,44.4
1020702,1600,44.28,44.3,43.0,43.065
1020703,1600,42.9,43.0,42.0,42.55
1020705,1600,43.075,43.96,42.9,43.96
1020708,1600,43.875,44.12,43.025,43.05
1020709,1600,43.1,43.435,42.65,42.885
1020710,1600,42.945,42.945,41.675,41.705
1020711,1600,41.5,41.62,40.55,41.38
1020712,1600,41.5,42.09,40.95,41.025
1020715,1600,40.95,40.95,39.425,40.77
1020716,1600,40.475,41.25,40.22,40.5
1020717,1600,41.495,41.5,40.06,40.875
1020718,1600,40.65,40.95,39.45,39.45
1020719,1600,39.025,39.335,38.325,38.625
1020722,1600,38.3,38.895,37.3,37.855
1020723,1600,38.075,38.075,35.875,35.875
1020724,1600,35.2,38.0,34.75,38.0
1020725,1600,37.0,38.6,36.7,37.7
1020726,1600,37.975,38.3,37.325,38.3
1020729,1600,39.15,40.15,38.75,39.775
1020730,1600,39.85,40.215,38.76,39.895
1020731,1600,39.895,39.95,39.175,39.275
1020801,1600,39.15,39.375,38.5,38.7
1020802,1600,38.625,38.675,37.43,37.485
1020805,1600,37.485,37.645,36.485,36.485
1020806,1600,37.15,38.075,37.0,38.075
1020807,1600,38.375,38.675,37.405,38.22
1020808,1600,38.22,38.9,37.85,38.835
1020809,1600,38.3,39.095,38.22,38.505
1020812,1600,38.25,38.88,38.105,38.6
1020813,1600,38.55,38.91,37.45,37.5
1020814,1600,37.775,38.955,37.075,38.84
1020815,1600,39.15,39.25,38.695,38.88
1020816,1600,38.825,39.665,38.64,39.475
1020819,1600,39.705,40.14,39.535,40.025
1020820,1600,39.905,39.945,39.525,39.825
1020821,1600,39.945,40.65,39.685,40.64
1020822,1600,40.6,41.125,40.325,40.9
1020823,1600,40.6,40.85,39.825,39.825
1020826,1600,40.0,40.675,39.625,40.55
1020827,1600,40.875,40.895,39.66,39.775
1020828,1600,39.35,39.525,38.835,39.0
1020829,1600,38.425,39.61,38.425,39.29
1020830,1600,39.175,39.59,38.875,39.025
1020903,1600,38.325,38.65,37.58,37.875
1020904,1600,37.85,38.9,37.725,38.675
1020905,1600,38.125,38.555,37.9,37.9
1020906,1600,38.4,39.2,38.4,39.15
1020909,1600,39.05,39.425,38.37,39.03
1020910,1600,39.325,39.445,38.795,39.275
1020911,1600,40.0,40.0,39.125,39.15
1020912,1600,39.0,39.17,38.485,38.5
1020913,1600,38.2,38.86,38.125,38.85
1020916,1600,38.8,38.875,38.31,38.4
1020917,1600,38.7,38.88,37.72,37.875
1020918,1600,37.325,37.85,37.1,37.775
1020919,1600,36.75,37.285,36.3,36.395
1020920,1600,36.875,36.965,36.4,36.55
1020923,1600,36.3,36.445,35.4,35.65
1020924,1600,35.345,35.93,35.25,35.375
1020925,1600,35.625,36.45,35.495,36.45
1020926,1600,36.7,37.065,36.405,36.93
1020927,1600,36.625,37.02,36.02,36.025
1020930,1600,35.65,36.29,35.24,35.775
1021001,1600,36.25,36.925,35.475,36.925
1021002,1600,36.575,36.865,35.9,36.025
1021003,1600,35.97,36.335,35.455,35.635
1021004,1600,35.875,35.875,34.425,34.65
1021007,1600,34.475,34.8,33.55,33.72
1021008,1600,34.255,34.255,33.225,33.975
1021009,1600,33.575,33.745,32.49,32.55
1021010,1600,32.535,33.54,32.3,33.5
1021011,1600,33.885,34.745,33.885,34.35
1021014,1600,34.05,34.615,34.05,34.58
1021015,1600,35.38,36.025,35.215,35.975
1021016,1600,35.5,35.665,34.86,35.075
1021017,1600,35.935,36.195,35.675,36.125
1021018,1600,35.835,36.36,35.78,36.2
1021021,1600,35.9,36.81,35.87,36.675
1021022,1600,36.35,36.615,36.05,36.205
1021023,1600,36.0,36.87,35.8,36.78
1021024,1600,36.95,37.07,36.385,36.425
1021025,1600,36.325,37.22,36.325,37.22
1021028,1600,37.7,37.7,36.675,36.8
1021029,1600,36.775,36.89,36.09,36.695
1021030,1600,37.0,37.365,36.72,37.325
1021031,1600,37.525,37.685,37.165,37.25
1021101,1600,37.135,38.225,36.975,38.125
1021104,1600,38.695,39.15,38.4,38.455
1021105,1600,38.525,38.625,38.165,38.52
1021106,1600,38.85,39.25,38.525,39.175
1021107,1600,38.925,38.925,38.15,38.245
1021108,1600,38.325,38.495,37.67,37.725
1021111,1600,37.725,37.725,36.79,36.81
1021112,1600,39.82,39.89,37.025,37.4
1021113,1600,37.36,38.0,37.025,37.6
1021114,1600,37.9,38.55,37.855,38.415
1021115,1600,38.175,38.75,38.175,38.4
1021118,1600,38.875,38.875,38.035,38.105
1021119,1600,38.015,38.35,37.775,37.97
1021120,1600,37.85,38.975,37.76,38.975
1021121,1600,39.01,39.78,38.88,39.735
1021122,1600,39.4,40.07,39.335,40.01
1021125,1600,40.0,40.445,39.8,40.275
1021126,1600,40.275,40.4,39.6,39.825
1021127,1600,40.2,40.975,40.08,40.91
1021129,1600,40.925,41.115,40.4,40.405
1021202,1600,41.25,41.38,40.46,40.715
1021203,1600,40.45,40.595,39.965,40.0
1021204,1600,39.67,40.075,39.325,39.605
1021205,1600,40.04,40.04,39.225,39.42
1021206,1600,39.0,39.79,38.925,39.58
1021209,1600,39.265,39.42,38.45,38.53
1021210,1600,38.74,39.455,38.735,39.28
1021211,1600,39.1,39.575,39.05,39.325
1021212,1600,39.5,39.68,38.58,39.485
1021213,1600,38.975,39.95,38.48,38.525
1021216,1600,38.65,39.265,38.65,39.215
1021217,1600,39.225,39.27,38.74,38.8
1021218,1600,38.75,38.75,38.01,38.18
1021219,1600,38.125,38.65,37.86,38.085
1021220,1600,38.37,38.625,38.185,38.515
1021223,1600,38.45,38.855,38.355,38.775
1021224,1600,38.665,38.85,38.54,38.7
1021226,1600,38.75,39.245,38.525,38.7
1021227,1600,38.625,38.625,38.07,38.07
1021230,1600,38.15,38.32,37.65,37.95
1021231,1600,38.07,38.575,37.8,37.905
1030102,1600,38.25,39.025,38.035,38.95
1030103,1600,39.0,39.05,38.665,38.885
1030106,1600,38.885,39.61,38.885,39.34
1030107,1600,39.35,39.45,38.82,39.135
1030108,1600,38.95,39.015,38.6,38.745
1030109,1600,38.99,39.53,38.99,39.315
1030110,1600,38.915,39.625,38.855,39.4
1030113,1600,39.66,39.815,39.09,39.49
1030114,1600,39.45,39.725,39.26,39.515
1030115,1600,39.585,39.7,39.075,39.425
1030116,1600,39.5,39.75,39.19,39.37
1030117,1600,38.94,39.485,38.45,38.63
1030121,1600,38.7,38.77,38.04,38.07
1030122,1600,37.885,38.175,37.73,37.74
1030123,1600,37.975,38.27,37.785,37.975
1030124,1600,38.0,38.0,37.19,37.19
1030127,1600,37.0,37.305,36.565,36.625
1030128,1600,36.9,37.225,36.345,36.925
1030129,1600,36.77,37.4,36.24,37.205
1030130,1600,37.335,37.405,36.485,36.6
1030131,1600,36.425,37.12,36.325,37.12
1030203,1600,37.2,37.24,36.625,36.8
1030204,1600,36.525,37.0,36.225,36.8
1030205,1600,36.96,37.0,36.345,36.525
1030206,1600,36.415,36.61,36.135,36.325
1030207,1600,36.52,36.6,35.64,35.66
1030210,1600,35.7,36.06,35.445,36.03
1030211,1600,36.14,36.225,35.52,35.93
1030212,1600,35.81,35.94,35.335,35.425
1030213,1600,35.42,35.445,34.97,35.33
1030214,1600,35.38,35.795,35.255,35.65
1030218,1600,35.925,36.375,35.925,36.365
1030219,1600,36.275,36.275,35.665,35.925
1030220,1600,35.96,35.985,35.7,35.85
1030221,1600,35.85,36.405,35.575,36.16
1030224,1600,36.095,36.095,35.6,35.605
1030225,1600,35.45,36.025,35.175,35.93
1030226,1600,35.895,35.95,35.505,35.75
1030227,1600,35.935,36.15,35.65,35.945
1030228,1600,36.045,36.27,35.835,36.005
1030303,1600,36.25,36.375,35.63,35.895
1030304,1600,35.825,35.825,35.4,35.43
1030305,1600,35.385,35.635,35.29,35.5
1030306,1600,35.25,35.43,35.075,35.21
1030307,1600,34.875,35.42,34.76,35.225
1030310,1600,34.995,35.07,34.525,34.62
1030311,1600,34.665,34.9,34.375,34.375
1030312,1600,34.44,34.54,34.115,34.45
1030313,1600,34.9,35.42,34.62,35.38
1030314,1600,35.55,35.63,35.175,35.425
1030317,1600,35.275,36.34,35.09,36.245
1030318,1600,36.45,36.72,36.115,36.72
1030319,1600,36.725,36.73,36.3,36.63
1030320,1600,36.55,36.995,36.03,36.87
1030321,1600,37.165,37.5,36.89,37.385
1030324,1600,36.85,36.97,36.405,36.585
1030325,1600,36.56,37.125,36.5,36.975
1030326,1600,36.965,37.05,36.52,36.52
1030327,1600,36.35,36.87,36.3,36.765
1030328,1600,36.595,36.945,36.595,36.75
1030331,1600,36.325,36.655,35.975,36.0
1030401,1600,36.35,36.675,36.11,36.625
1030402,1600,37.235,37.6,37.065,37.355
1030403,1600,37.7,37.7,37.3,37.375
1030404,1600,37.54,37.655,37.165,37.265
1030407,1600,38.075,38.22,37.29,37.29
1030408,1600,37.35,37.5,37.18,37.32
1030409,1600,37.365,37.8,36.91,37.115
1030410,1600,37.175,37.28,36.985,37.125
1030411,1600,37.385,37.495,36.885,36.92
1030414,1600,37.01,37.625,37.01,37.59
1030415,1600,37.575,37.995,37.325,37.995
1030416,1600,38.06,38.325,37.53,37.6
1030417,1600,37.685,38.275,37.625,38.175
1030421,1600,38.24,38.435,38.09,38.435
1030422,1600,38.1,39.075,38.1,38.965
1030423,1600,38.975,39.42,38.975,39.375
1030424,1600,39.155,39.35,39.02,39.175
1030425,1600,39.125,39.125,38.615,38.625
1030428,1600,38.9,39.46,38.775,39.31
1030429,1600,39.43,39.775,39.375,39.575
1030430,1600,39.425,39.95,39.3,39.7
1030501,1600,39.75,39.925,39.245,39.65
1030502,1600,39.75,40.675,39.75,40.65
1030505,1600,40.765,40.92,40.63,40.835
1030506,1600,40.93,41.285,40.895,41.225
1030507,1600,41.04,41.195,40.86,40.975
1030508,1600,40.69,40.88,40.535,40.635
1030509,1600,40.86,41.24,40.745,41.22
1030512,1600,41.18,41.725,41.15,41.67
1030513,1600,41.685,41.99,41.375,41.915
1030514,1600,42.045,42.045,41.705,41.89
1030515,1600,42.015,42.2,41.85,42.055
1030516,1600,42.055,42.365,41.525,41.535
1030519,1600,41.3,41.595,40.765,40.815
1030520,1600,40.87,41.055,40.43,40.805
1030521,1600,40.685,41.05,40.585,40.96
1030522,1600,40.975,41.455,40.925,41.375
1030523,1600,41.385,41.825,41.195,41.7
1030527,1600,41.635,42.695,41.635,42.68
1030528,1600,42.8,43.175,42.8,42.97
1030529,1600,43.185,43.485,42.57,43.245
1030530,1600,43.575,44.075,43.435,44.015
1030602,1600,44.375,44.725,44.07,44.245
1030603,1600,44.21,44.385,44.0,44.385
1030604,1600,44.375,45.125,44.345,44.99
1030605,1600,44.825,45.725,44.675,45.725
1030606,1600,46.2,46.54,45.2,45.2
1030609,1600,45.1,45.2,44.34,44.36
1030610,1600,44.49,45.095,44.48,45.025
1030611,1600,45.0,45.525,44.64,45.45
1030612,1600,45.74,45.805,45.4,45.705
1030613,1600,45.675,45.695,44.785,44.82
1030616,1600,45.1,45.62,44.925,45.575
1030617,1600,45.815,45.85,45.32,45.67
1030618,1600,45.49,45.765,45.285,45.64
1030619,1600,45.75,45.92,44.83,45.02
1030620,1600,45.15,45.2,44.625,44.635
1030623,1600,44.675,44.85,43.695,43.84
1030624,1600,43.71,44.115,43.49,43.825
1030625,1600,43.835,44.52,43.835,44.12
1030626,1600,44.275,44.97,44.2,44.875
1030627,1600,45.0,45.445,44.585,44.59
1030630,1600,44.845,45.155,44.05,44.45
1030701,1600,44.405,44.85,43.875,44.755
1030702,1600,44.935,45.875,44.935,45.875
1030703,1600,45.51,45.825,45.405,45.48
1030707,1600,45.925,46.495,45.925,46.425
1030708,1600,46.4,47.38,46.345,47.25
1030709,1600,47.26,47.7,46.87,47.6
1030710,1600,47.35,47.355,46.58,46.67
1030711,1600,46.86,47.35,46.8,47.315
1030714,1600,47.735,48.15,47.3,47.705
1030715,1600,48.15,48.15,47.245,47.575
1030716,1600,47.83,47.87,47.05,47.315
1030717,1600,46.885,46.94,45.79,45.815
1030718,1600,46.1,46.4,45.77,46.125
1030721,1600,46.055,46.175,45.41,45.725
1030722,1600,45.86,46.35,45.56,46.26
1030723,1600,46.275,46.575,45.84,46.575
1030724,1600,46.83,47.22,46.335,46.485
1030725,1600,46.475,46.93,46.145,46.825
1030728,1600,46.82,47.45,46.79,47.4
1030729,1600,47.475,47.625,46.8,47.425
1030730,1600,47.475,47.475,46.92,47.245
1030731,1600,47.5,47.87,47.235,47.34
1030801,1600,47.375,47.475,46.525,46.675
1030804,1600,46.57,46.75,45.835,46.205
1030805,1600,46.22,46.325,45.405,45.405
1030806,1600,45.485,45.73,45.075,45.2
1030807,1600,45.255,45.35,44.815,45.35
1030808,1600,45.43,45.475,45.07,45.25
1030811,1600,45.22,45.875,45.22,45.875
1030812,1600,45.845,46.645,45.755,46.645
1030813,1600,46.65,46.8,46.4,46.8
1030814,1600,46.715,47.14,46.515,47.105
1030815,1600,47.025,47.335,47.02,47.12
1030818,1600,47.33,48.155,47.16,48.055
1030819,1600,48.275,48.955,48.05,48.955
1030820,1600,48.505,48.99,48.375,48.93
1030821,1600,49.2,49.4,49.05,49.33
1030822,1600,49.895,49.895,48.445,48.46
1030825,1600,48.37,48.545,47.96,48.415
1030826,1600,48.16,48.625,47.555,48.6
1030827,1600,48.595,49.1,48.495,49.075
1030828,1600,49.15,49.495,48.645,49.4
1030829,1600,49.445,49.925,49.335,49.605
1030902,1600,49.875,50.75,49.55,50.75
1030903,1600,50.89,51.175,50.74,50.965
1030904,1600,51.075,51.275,50.78,51.175
1030905,1600,50.9,51.49,50.625,50.85
1030908,1600,51.075,51.7,50.985,51.555
1030909,1600,51.525,51.62,51.055,51.175
1030910,1600,50.955,50.955,50.115,50.165
1030911,1600,50.19,50.775,50.095,50.6
1030912,1600,50.355,50.9,49.9,50.705
1030915,1600,50.81,51.15,50.525,50.58
1030916,1600,50.725,51.45,50.71,51.335
1030917,1600,51.285,51.55,51.09,51.32
1030918,1600,51.375,51.87,51.0,51.855
1030919,1600,51.95,51.95,51.545,51.8
1030922,1600,51.1,51.45,50.87,51.09
1030923,1600,51.15,51.785,51.15,51.785
1030924,1600,51.9,51.925,50.505,50.505
1030925,1600,50.665,50.85,49.14,49.14
1030926,1600,49.21,49.305,48.24,48.3
1030929,1600,48.625,49.165,47.88,49.165
1030930,1600,48.94,49.15,48.075,48.525
1031001,1600,48.685,49.97,48.65,49.835
1031002,1600,49.85,50.375,49.755,50.315
1031003,1600,50.83,51.35,50.75,51.11
1031006,1600,51.1,51.6,50.895,51.55
1031007,1600,51.32,51.955,51.1,51.84
1031008,1600,51.93,52.1,51.22,51.435
1031009,1600,52.01,52.595,51.45,51.975
1031010,1600,51.925,52.08,51.26,51.91
1031013,1600,52.06,52.845,51.95,52.725
1031014,1600,52.675,53.125,52.44,53.07
1031015,1600,53.33,53.4,52.385,52.405
1031016,1600,52.405,52.965,52.375,52.875
1031017,1600,52.85,52.955,51.845,51.85
1031020,1600,51.97,52.275,51.755,52.11
1031021,1600,51.99,52.575,51.99,52.345
1031022,1600,51.835,51.945,51.145,51.2
1031023,1600,50.825,51.25,50.435,50.75
1031024,1600,50.425,50.915,50.14,50.625
1031027,1600,50.8,51.555,50.775,51.365
1031028,1600,51.655,52.6,51.53,52.6
1031029,1600,52.385,53.125,52.29,52.95
1031030,1600,53.5,53.625,52.815,53.1
1031031,1600,53.135,53.28,52.03,52.75
1031103,1600,53.095,53.75,53.095,53.645
1031104,1600,53.6,53.995,53.46,53.72
1031105,1600,53.675,53.985,53.03,53.985
1031106,1600,54.02,54.41,53.525,54.41
1031107,1600,54.63,54.695,53.995,53.995
1031110,1600,54.135,54.26,53.11,53.125
1031111,1600,53.155,53.245,52.5,52.76
1031112,1600,52.84,53.98,52.84,53.98
1031113,1600,53.785,54.25,53.625,54.125
1031114,1600,54.115,54.47,53.0,53.1
1031117,1600,52.715,53.6,51.945,52.455
1031118,1600,52.775,53.095,51.85,51.88
1031119,1600,52.05,52.65,51.785,52.425
1031120,1600,52.0,52.87,51.89,52.07
1031121,1600,52.425,52.65,52.15,52.645
1031124,1600,53.025,53.945,52.9,53.85
1031125,1600,53.895,54.42,53.755,54.175
1031126,1600,54.55,54.745,53.775,54.465
1031128,1600,54.335,54.73,54.32,54.725
1031201,1600,54.935,55.43,54.875,55.43
1031202,1600,55.425,55.71,55.175,55.345
1031203,1600,55.54,55.68,54.325,54.35
1031204,1600,54.405,54.505,53.555,54.475
1031205,1600,54.155,54.25,53.575,53.8
1031208,1600,53.7,54.275,53.475,54.2
1031209,1600,54.425,54.475,53.2,53.285
1031210,1600,53.5,53.5,52.445,52.805
1031211,1600,52.9,54.305,52.825,54.28
1031212,1600,54.18,54.48,53.77,54.48
1031215,1600,54.505,55.45,53.175,53.205
1031216,1600,53.32,53.585,52.625,53.56
1031217,1600,53.6,53.655,53.015,53.55
1031218,1600,53.585,54.5,53.46,54.375
1031219,1600,54.4,54.465,53.835,54.2
1031222,1600,54.125,54.805,54.03,54.805
1031223,1600,54.745,55.245,54.62,55.105
1031224,1600,55.05,55.18,54.935,55.04
1031226,1600,55.175,55.375,55.1,55.235
1031229,1600,55.48,56.125,55.455,56.075
1031230,1600,56.0,56.375,55.905,56.22
1031231,1600,56.325,56.495,55.34,55.4
1040102,1600,55.585,56.315,55.58,55.995
1040105,1600,56.375,56.775,56.155,56.65
1040106,1600,56.685,57.065,56.5,56.575
1040107,1600,56.66,57.275,56.48,57.175
1040108,1600,57.64,57.865,57.205,57.61
1040109,1600,57.33,58.005,57.06,57.15
1040112,1600,57.44,58.25,57.25,58.22
1040113,1600,58.155,58.16,57.21,57.975
1040114,1600,58.19,58.39,57.885,58.275
1040115,1600,58.375,58.55,57.64,58.425
1040116,1600,58.85,59.06,58.56,58.75
1040120,1600,59.05,59.565,58.655,59.455
1040121,1600,59.425,59.685,58.75,59.375
1040122,1600,59.755,59.865,58.83,59.04
1040123,1600,59.095,59.41,58.69,59.36
1040126,1600,59.35,60.03,58.955,59.95
1040127,1600,59.91,59.95,59.145,59.2
1040128,1600,59.595,59.67,57.94,58.275
1040129,1600,58.35,58.495,57.08,57.725
1040130,1600,57.805,58.19,57.375,57.8
1040202,1600,57.92,58.375,57.32,57.95
1040203,1600,57.8,57.91,57.555,57.625
1040204,1600,57.395,57.405,56.15,56.2
1040205,1600,56.57,56.935,56.295,56.725
1040206,1600,56.725,58.315,56.725,58.16
1040209,1600,58.395,58.65,58.095,58.275
1040210,1600,58.3,59.025,58.18,58.975
1040211,1600,59.005,59.465,58.75,59.335
1040212,1600,59.365,59.55,58.905,58.93
1040213,1600,59.115,59.37,58.2,58.325
1040217,1600,58.71,59.35,58.68,59.35
1040218,1600,59.4,59.435,58.74,58.915
1040219,1600,59.4,59.47,57.875,57.875
1040220,1600,58.07,58.25,57.28,57.775
1040223,1600,57.955,57.98,56.79,56.905
1040224,1600,56.75,57.495,56.3,56.9
1040225,1600,57.07,57.73,56.84,57.7
1040226,1600,57.59,58.245,57.4,58.05
1040227,1600,58.185,58.55,57.975,58.35
1040301,1600,58.5,59.295,58.4,59.275
1040302,1600,59.2,59.45,57.215,58.805
1040303,1600,58.695,59.16,58.285,58.865
1040304,1600,58.875,59.65,58.685,59.61
1040305,1600,59.18,60.215,59.1,59.745
1040308,1600,59.905,60.165,58.865,58.9
1040309,1600,58.95,59.15,58.19,58.4
1040310,1600,58.535,58.88,57.11,57.175
1040311,1600,56.96,58.0,56.54,56.6
1040312,1600,57.0,58.47,56.91,58.125
1040315,1600,57.91,57.94,56.41,56.625
1040316,1600,57.015,57.265,56.01,56.65
1040317,1600,56.925,57.82,56.9,57.7
1040318,1600,57.47,57.615,56.675,57.35
1040319,1600,57.375,57.56,56.65,56.85
1040322,1600,56.315,56.575,55.55,55.755
1040323,1600,56.16,56.575,55.635,55.85
1040324,1600,56.01,56.18,55.36,55.775
1040325,1600,56.175,57.125,56.0,57.06
1040326,1600,56.83,57.495,56.795,57.1
1040329,1600,57.5,58.25,57.46,58.195
1040330,1600,58.055,58.74,58.0,58.67
1040331,1600,58.675,58.9,58.155,58.8
1040401,1600,58.79,59.47,58.695,59.445
1040402,1600,60.28,60.47,59.805,60.2
1040405,1600,60.235,60.45,59.9,60.375
1040406,1600,60.025,60.24,59.505,59.64
1040407,1600,59.625,60.245,59.175,60.09
1040408,1600,60.545,60.575,59.47,59.555
1040412,1600,59.69,60.15,59.56,59.71
1040413,1600,60.075,60.075,58.1,58.32
1040414,1600,57.965,58.67,57.575,58.14
1040415,1600,58.125,58.475,57.2,57.69
1040416,1600,57.95,58.42,57.28,58.13
1040419,1600,58.015,58.62,57.585,58.56
1040420,1600,58.725,59.115,57.135,57.265
1040421,1600,57.5,58.2,57.02,58.2
1040422,1600,58.06,59.26,58.05,59.0
1040423,1600,59.245,59.28,58.345,58.875
1040426,1600,59.035,59.53,58.595,59.0
1040427,1600,59.0,59.355,58.43,58.85
1040428,1600,58.575,58.65,57.3,57.62
1040429,1600,57.65,57.935,56.125,56.475
1040430,1600,56.8,56.9,55.555,55.555
1040503,1600,55.8,56.685,55.745,56.285
1040504,1600,56.33,57.46,56.225,56.6
1040505,1600,56.8,57.2,56.645,56.85
1040506,1600,56.44,56.44,55.35,56.02
1040507,1600,55.6,56.58,54.425,54.425
1040510,1600,54.0,54.38,53.075,53.46
1040511,1600,53.93,54.8,53.75,54.625
1040512,1600,54.53,55.05,53.15,55.04
1040513,1600,54.7,55.175,54.215,54.285
1040514,1600,54.37,54.9,53.825,54.075
1040517,1600,53.24,53.925,52.755,53.56
1040518,1600,53.785,54.195,53.515,54.165
1040519,1600,54.6,55.21,53.72,53.78
1040520,1600,53.9,54.3,53.49,53.89
1040521,1600,54.075,54.595,53.92,54.395
1040524,1600,54.88,55.21,54.595,55.1
1040525,1600,54.975,56.46,54.81,56.25
1040526,1600,56.22,56.635,56.03,56.635
1040527,1600,56.825,57.13,56.185,56.65
1040528,1600,56.635,56.85,56.39,56.75
1040601,1600,56.5,57.3,56.44,57.29
1040602,1600,57.405,57.46,56.86,57.1
1040603,1600,57.025,57.08,56.0,56.0
1040604,1600,56.57,57.05,56.32,56.7
1040607,1600,56.945,57.77,56.8,57.725
1040608,1600,57.555,57.795,57.415,57.67
1040609,1600,57.525,57.755,56.625,56.625
1040610,1600,56.97,57.075,56.54,56.85
1040614,1600,56.46,56.55,55.615,55.735
1040615,1600,56.11,56.915,56.105,56.75
1040616,1600,56.655,56.955,56.46,56.86
1040617,1600,56.76,57.04,56.33,56.715
1040618,1600,56.53,57.18,56.5,56.91
1040621,1600,56.93,57.195,56.65,56.685
1040622,1600,56.725,57.145,56.205,57.125
1040623,1600,56.985,58.05,56.975,57.985
1040624,1600,57.96,58.3,57.685,57.775
1040625,1600,57.365,58.5,57.365,58.3
1040628,1600,58.35,58.705,58.04,58.18
1040629,1600,58.07,58.865,58.07,58.665
1040630,1600,58.72,58.995,58.52,58.995
1040701,1600,58.91,59.04,57.92,57.92
1040702,1600,58.045,58.225,57.65,58.1
1040706,1600,57.735,57.78,56.875,57.06
1040707,1600,56.98,57.5,56.85,56.99
1040708,1600,56.635,56.99,55.795,55.955
1040709,1600,56.15,56.355,55.925,56.325
1040712,1600,56.1,56.375,55.58,56.0
1040713,1600,56.165,56.39,56.005,56.075
1040714,1600,55.635,56.46,55.54,55.75
1040715,1600,55.955,56.29,55.765,55.875
1040716,1600,56.285,56.31,55.2,55.25
1040719,1600,55.42,55.5,54.825,55.18
1040720,1600,55.335,56.455,55.22,56.275
1040721,1600,56.38,56.445,54.51,54.51
1040722,1600,54.53,54.765,53.605,54.6
1040723,1600,54.335,54.435,53.7,53.82
1040726,1600,53.94,54.12,52.855,53.115
1040727,1600,53.39,54.345,53.34,54.105
1040728,1600,54.01,54.35,53.2,54.06
1040729,1600,54.4,54.84,54.125,54.7
1040730,1600,54.6,55.085,54.5,55.0
1040802,1600,54.6,55.095,54.165,54.8
1040803,1600,54.715,54.775,53.99,54.015
1040804,1600,53.685,54.495,53.35,53.97
1040805,1600,53.99,54.06,52.865,52.975
1040806,1600,52.35,52.505,51.685,51.865
1040809,1600,51.95,52.12,51.55,51.7
1040810,1600,51.76,52.865,51.725,52.51
1040811,1600,52.15,52.705,51.56,52.44
1040812,1600,52.095,52.205,51.5,51.685
1040813,1600,51.785,52.04,51.335,51.675
1040816,1600,51.78,52.685,51.715,52.56
1040817,1600,52.96,53.225,52.67,52.89
1040818,1600,52.575,54.06,52.5,54.02
1040819,1600,53.86,54.04,53.365,53.56
1040820,1600,53.56,54.7,53.455,54.51
1040823,1600,54.735,54.92,54.105,54.31
1040824,1600,54.625,54.75,54.06,54.46
1040825,1600,54.43,54.875,54.0,54.77
1040826,1600,54.675,54.865,54.4,54.45
1040827,1600,54.575,55.125,54.575,54.88
1040830,1600,54.7,54.9,54.2,54.255
1040831,1600,54.4,54.75,53.94,54.17
1040901,1600,54.545,55.545,54.545,55.125
1040902,1600,55.005,56.1,54.97,56.095
1040903,1600,55.825,56.105,55.2,55.475
1040907,1600,55.905,56.325,55.705,56.175
1040908,1600,56.02,56.535,55.56,55.875
1040909,1600,55.86,56.74,55.85,56.34
1040910,1600,56.5,56.96,56.075,56.86
1040913,1600,56.925,57.44,56.88,57.165
1040914,1600,57.135,57.18,56.58,57.05
1040915,1600,56.87,56.89,56.425,56.705
1040916,1600,56.925,57.415,56.835,57.315
1040917,1600,57.3,57.44,56.775,57.215
1040920,1600,56.955,57.34,56.81,56.96
1040921,1600,57.185,57.675,57.105,57.39
1040922,1600,57.015,57.055,56.39,56.42
1040923,1600,56.545,56.71,56.295,56.365
1040924,1600,56.5,56.795,56.325,56.335
1040927,1600,56.185,56.2,55.545,55.735
1040928,1600,55.79,56.4,55.57,56.4
1040929,1600,56.28,56.925,56.235,56.925
1040930,1600,56.67,57.3,56.655,56.925
1041001,1600,57.285,58.375,57.215,58.36
1041004,1600,58.8,59.09,58.6,58.69
1041005,1600,58.615,58.89,58.375,58.635
1041006,1600,58.595,59.13,58.44,59.015
1041007,1600,58.875,58.935,58.0,58.03
1041008,1600,57.825,58.185,57.3,57.3
1041011,1600,57.495,57.61,57.205,57.57
1041012,1600,57.105,57.675,56.79,57.435
1041013,1600,57.865,57.975,56.585,56.6
1041014,1600,56.66,56.865,56.23,56.23
1041015,1600,56.505,57.125,56.145,56.81
1041018,1600,56.66,57.225,56.36,57.05
1041019,1600,57.265,57.54,56.4,56.46
1041020,1600,56.27,56.945,56.035,56.755
1041021,1600,56.87,57.575,56.565,57.475
1041022,1600,57.475,57.65,56.455,56.495
1041025,1600,56.395,57.225,56.28,57.1
1041026,1600,57.125,57.85,56.49,57.85
1041027,1600,57.68,58.59,57.59,58.415
1041028,1600,58.475,58.54,57.925,58.2
1041029,1600,58.245,58.56,57.875,58.095
1041101,1600,58.27,58.625,57.86,58.555
1041102,1600,58.635,59.03,58.07,58.325
1041103,1600,59.21,59.55,58.86,59.265
1041104,1600,59.275,60.035,58.915,59.99
1041105,1600,60.2,60.625,59.82,60.26
1041108,1600,60.24,60.435,59.885,60.05
1041109,1600,60.075,60.575,60.0,60.265
1041110,1600,60.375,61.07,60.3,60.7
1041111,1600,60.805,61.49,60.75,61.3
1041112,1600,61.36,62.025,61.175,61.925
1041115,1600,61.95,62.275,61.675,62.275
1041116,1600,62.02,62.135,61.525,61.725
1041117,1600,62.025,62.67,61.805,62.055
1041118,1600,62.07,62.195,61.63,61.96
1041119,1600,61.94,61.975,61.06,61.3
1041122,1600,61.075,62.025,61.05,61.95
1041123,1600,61.965,62.375,61.395,62.335
1041124,1600,62.4,62.95,62.325,62.71
1041126,1600,62.825,63.2,62.75,62.75
1041129,1600,63.21,63.54,62.475,62.975
1041130,1600,63.23,63.49,63.06,63.44
1041201,1600,63.405,64.325,63.34,64.03
1041202,1600,64.005,64.405,63.775,63.94
1041203,1600,63.955,64.41,63.82,63.82
1041206,1600,63.99,64.075,63.425,63.52
1041207,1600,63.735,63.86,62.355,62.405
1041208,1600,62.5,63.1,62.3,63.1
1041209,1600,62.685,62.965,61.95,62.62
1041210,1600,62.505,63.3,62.415,63.1
1041213,1600,63.425,63.79,62.97,63.79
1041214,1600,63.73,64.315,63.7,64.135
1041215,1600,64.155,64.745,64.105,64.67
1041216,1600,64.625,64.715,63.83,64.165
1041217,1600,63.975,64.275,63.675,63.905
1041220,1600,64.045,64.47,63.51,63.83
1041221,1600,63.95,64.53,63.805,64.505
1041222,1600,64.51,64.925,64.44,64.63
1041223,1600,64.575,64.85,64.535,64.59
1041227,1600,65.0,65.0,63.825,64.175
1041228,1600,64.23,65.1,64.23,65.025
1041229,1600,65.01,65.2,64.805,65.02
1041230,1600,65.105,65.2,64.79,64.79
1041231,1600,64.94,65.33,64.68,64.75
1050103,1600,65.095,65.21,63.57,63.91
1050104,1600,64.035,64.085,62.43,62.54
1050105,1600,62.47,62.64,61.29,61.29
1050106,1600,61.67,62.2,61.225,61.615
1050107,1600,61.755,61.95,60.895,60.93
1050110,1600,61.0,62.1,60.95,61.55
1050111,1600,61.245,61.285,60.625,60.8
1050112,1600,60.89,61.25,60.13,61.05
1050113,1600,61.145,61.435,60.575,60.865
1050114,1600,61.045,61.55,60.915,61.445
1050118,1600,61.3,62.405,61.21,62.175
1050119,1600,62.145,62.375,61.285,61.285
1050120,1600,61.07,61.485,60.815,60.92
1050121,1600,61.025,61.49,60.575,60.78
1050124,1600,60.96,61.25,60.085,60.315
1050125,1600,60.58,61.1,60.23,60.47
1050126,1600,60.71,61.45,60.56,61.275
1050127,1600,61.19,61.865,61.075,61.45
1050128,1600,61.65,61.65,60.685,61.4
1050131,1600,61.76,62.25,61.57,62.12
1050201,1600,62.125,62.685,62.03,62.47
1050202,1600,62.56,62.995,62.46,62.945
1050203,1600,62.78,62.85,62.125,62.6
1050204,1600,62.605,63.53,62.53,63.39
1050207,1600,63.525,63.775,63.09,63.375
1050208,1600,63.355,63.73,63.3,63.53
1050209,1600,63.74,63.75,62.175,62.175
1050210,1600,62.37,62.615,61.905,62.285
1050211,1600,62.325,63.37,61.88,63.3
1050214,1600,63.2,63.5,62.86,63.245
1050215,1600,63.325,63.68,62.915,63.3
1050216,1600,63.2,63.9,62.975,63.49
1050217,1600,63.7,63.835,62.875,62.93
1050218,1600,62.86,63.205,62.5,62.775
1050222,1600,62.45,62.85,61.5,61.55
1050223,1600,61.74,62.285,61.66,61.915
1050224,1600,61.84,62.58,61.385,62.495
1050225,1600,62.4,63.545,62.4,63.535
1050228,1600,63.45,63.635,62.675,63.14
1050301,1600,63.33,63.79,63.14,63.625
1050302,1600,63.355,64.13,63.25,63.51
1050303,1600,63.8,63.97,63.14,63.565
1050304,1600,64.075,64.455,63.76,64.345
1050307,1600,64.45,64.64,64.13,64.185
1050308,1600,64.19,64.335,63.525,63.575
1050309,1600,63.435,63.57,62.855,62.855
1050310,1600,62.945,63.345,62.23,62.585
1050311,1600,62.775,63.05,62.205,62.54
1050314,1600,62.73,63.01,62.435,63.01
1050315,1600,63.265,63.41,62.45,62.585
1050316,1600,62.37,62.64,61.975,62.235
1050317,1600,62.26,62.62,61.92,62.235
1050318,1600,62.28,62.35,61.74,61.9
1050321,1600,62.04,62.135,61.575,61.975
1050322,1600,62.05,62.755,61.55,61.55
1050323,1600,61.5,61.515,61.005,61.1
1050324,1600,61.15,61.625,61.005,61.05
1050328,1600,61.255,61.505,60.97,61.075
1050329,1600,60.98,61.545,59.925,60.2
1050330,1600,60.275,61.12,60.275,61.085
1050331,1600,61.175,61.185,60.75,61.075
1050401,1600,61.365,61.72,60.41,60.82
1050404,1600,60.72,61.19,60.2,61.045
1050405,1600,61.065,61.325,60.875,61.155
1050406,1600,61.315,61.805,61.175,61.345
1050407,1600,61.09,61.755,60.945,61.585
1050408,1600,61.53,61.66,60.57,60.65
1050411,1600,60.675,60.74,60.195,60.35
1050412,1600,60.26,61.055,59.65,60.915
1050413,1600,60.8,60.9,59.725,59.825
1050414,1600,59.865,60.125,58.625,58.625
1050415,1600,58.655,58.975,57.5,57.82
1050418,1600,57.71,58.38,57.31,58.19
1050419,1600,58.555,59.17,58.48,59.15
1050420,1600,59.2,59.3,58.09,58.225
1050421,1600,58.84,59.69,58.025,59.65
1050422,1600,59.465,59.56,58.04,58.685
1050425,1600,58.91,59.325,58.75,59.225
1050426,1600,58.98,59.565,58.025,58.39
1050427,1600,58.125,58.79,57.615,58.365
1050428,1600,58.135,58.15,56.875,56.875
1050429,1600,57.49,57.715,56.495,57.62
1050502,1600,57.78,58.24,57.535,58.21
1050503,1600,58.185,58.65,57.83,58.5
1050504,1600,58.385,59.275,58.215,59.15
1050505,1600,59.2,59.58,58.73,59.14
1050506,1600,59.645,59.725,59.08,59.35
1050509,1600,59.33,60.0,59.035,59.92
1050510,1600,59.575,59.92,59.015,59.205
1050511,1600,59.375,59.42,58.505,59.235
1050512,1600,59.4,59.575,58.185,58.3
1050513,1600,58.5,58.605,57.445,58.09
1050516,1600,58.015,59.0,57.95,58.985
1050517,1600,58.755,59.35,58.42,59.335
1050518,1600,59.62,60.56,59.605,60.525
1050519,1600,60.455,60.87,60.345,60.675
1050520,1600,60.65,60.72,60.185,60.6
1050523,1600,60.675,61.25,60.62,61.0
1050524,1600,60.78,61.125,60.63,60.75
1050525,1600,60.77,60.8,60.15,60.295
1050526,1600,60.545,61.195,60.545,61.135
1050527,1600,61.3,61.54,60.9,61.475
1050531,1600,61.52,61.705,61.14,61.345
1050601,1600,61.34,62.25,61.32,62.04
1050602,1600,62.04,62.34,61.845,62.21
1050603,1600,62.145,62.415,61.555,61.755
1050606,1600,61.73,62.06,61.525,61.985
1050607,1600,62.2,62.875,61.97,62.11
1050608,1600,62.24,62.37,61.625,61.715
1050609,1600,61.67,62.42,61.36,62.32
1050610,1600,62.45,62.55,62.08,62.45
1050613,1600,62.27,62.82,62.13,62.73
1050614,1600,62.7,63.27,62.47,63.27
1050615,1600,63.43,63.48,62.64,63.44
1050616,1600,63.48,64.14,63.33,64.06
1050617,1600,64.32,64.65,63.88,64.02
1050620,1600,63.72,64.01,63.56,63.68
1050621,1600,63.85,63.99,63.53,63.86
1050622,1600,63.97,64.22,63.49,64.01
1050623,1600,63.91,64.11,62.88,62.88
1050624,1600,62.94,63.02,62.07,62.21
1050627,1600,62.28,62.59,62.1,62.37
1050628,1600,62.77,63.86,62.72,63.34
1050629,1600,63.86,64.06,63.63,63.84
1050630,1600,64.07,64.29,63.4,63.7
1050701,1600,63.7,64.05,63.44,63.98
1050705,1600,63.81,65.05,63.76,64.99
1050706,1600,65.01,65.14,64.38,64.4
1050707,1600,63.69,64.69,63.47,64.58
1050708,1600,64.64,66.02,64.55,65.97
1050711,1600,66.01,66.99,65.98,66.78
1050712,1600,66.68,67.14,66.33,66.57
1050713,1600,66.65,66.82,66.15,66.42
1050714,1600,66.9,67.07,65.78,65.94
1050715,1600,65.95,66.2,65.42,66.0
1050718,1600,65.91,66.08,65.37,65.62
1050719,1600,65.89,66.65,65.75,66.54
1050720,1600,66.25,67.55,66.19,67.35
1050721,1600,67.45,67.45,66.22,66.3
1050722,1600,66.45,67.42,66.31,67.32
1050725,1600,67.3,67.68,66.61,66.88
1050726,1600,66.91,67.37,66.59,67.08
1050727,1600,67.25,67.32,66.45,67.27
1050728,1600,67.37,68.0,67.02,67.96
1050729,1600,68.0,68.26,67.44,67.89
1050801,1600,67.94,68.25,67.72,67.86
1050802,1600,68.03,68.52,68.0,68.37
1050803,1600,68.15,68.31,67.87,68.03
1050804,1600,67.56,67.8,66.78,66.89
1050805,1600,66.76,66.82,65.66,65.97
1050808,1600,66.17,66.37,65.52,65.74
1050809,1600,65.89,66.07,65.45,65.84
1050810,1600,66.04,66.6,64.87,65.75
1050811,1600,65.57,66.4,65.55,66.32
1050812,1600,66.04,66.07,65.13,65.52
1050815,1600,65.65,66.49,65.25,66.22
1050816,1600,66.07,66.08,65.06,65.06
1050817,1600,65.0,65.59,64.84,64.98
1050818,1600,64.77,65.15,64.47,64.77
1050819,1600,65.05,65.16,64.71,65.11
1050822,1600,65.24,65.54,64.87,65.48
1050823,1600,65.51,65.63,64.86,65.47
1050824,1600,65.24,66.03,64.91,65.21
1050825,1600,65.34,65.68,65.18,65.57
1050826,1600,65.56,65.57,64.44,64.5
1050829,1600,64.43,65.37,64.2,65.37
1050830,1600,65.12,65.27,64.7,65.08
1050831,1600,65.15,66.53,64.92,66.53
1050901,1600,66.42,66.88,66.21,66.53
1050902,1600,66.76,66.8,65.9,66.17
1050906,1600,66.37,67.19,66.27,67.16
1050907,1600,67.13,67.47,66.88,67.36
1050908,1600,67.19,67.3,66.74,66.98
1050909,1600,67.22,67.58,67.05,67.39
1050912,1600,67.43,68.08,67.28,67.69
1050913,1600,67.55,67.55,66.91,67.17
1050914,1600,67.2,67.3,66.25,66.4
1050915,1600,66.49,66.64,66.06,66.17
1050916,1600,66.57,67.02,66.34,66.94
1050919,1600,66.86,66.98,66.3,66.62
1050920,1600,66.76,66.92,65.56,65.66
1050921,1600,65.53,65.61,64.6,64.6
1050922,1600,64.67,65.12,64.1,64.93
1050923,1600,64.61,65.3,64.24,65.18
1050926,1600,65.62,65.85,65.19,65.62
1050927,1600,65.52,65.85,64.96,65.4
1050928,1600,65.57,65.64,64.74,65.31
1050929,1600,65.25,66.15,64.81,66.03
1050930,1600,66.04,66.44,65.79,66.39
1051003,1600,66.49,67.06,66.44,66.79
1051004,1600,66.88,67.1,65.72,65.78
1051005,1600,65.77,65.77,64.05,64.1
1051006,1600,64.09,64.53,62.86,63.53
1051007,1600,64.0,64.26,63.6,64.1
1051010,1600,64.25,64.28,63.3,63.38
1051011,1600,63.69,63.91,62.5,62.5
1051012,1600,62.44,62.8,61.25,61.62
1051013,1600,61.64,62.14,61.05,61.87
1051014,1600,62.5,63.02,61.32,62.91
1051017,1600,62.86,63.33,62.23,63.02
1051018,1600,62.9,63.03,62.1,62.17
1051019,1600,61.91,63.51,61.38,63.51
1051020,1600,63.4,63.65,61.88,62.33
1051021,1600,62.63,63.39,62.53,63.02
1051024,1600,63.15,64.4,62.92,64.4
1051025,1600,64.21,64.4,63.27,63.85
1051026,1600,63.69,64.59,63.31,63.52
1051027,1600,63.27,63.33,61.94,62.19
1051028,1600,62.44,63.27,62.02,63.06
1051031,1600,63.45,64.55,63.41,63.78
1051101,1600,64.05,64.37,63.6,64.1
1051102,1600,63.92,65.39,63.85,65.39
1051103,1600,65.77,66.16,65.27,65.62
1051104,1600,65.58,65.77,64.94,65.48
1051107,1600,65.73,66.05,65.26,65.72
1051108,1600,65.43,65.57,65.06,65.48
1051109,1600,65.42,66.1,65.11,65.7
1051110,1600,65.64,66.25,64.74,66.05
1051111,1600,66.05,66.49,65.95,66.43
1051114,1600,66.51,66.55,65.75,66.19
1051115,1600,66.09,66.24,65.15,65.23
1051116,1600,65.33,65.5,64.58,65.25
1051117,1600,65.43,66.41,65.42,66.38
1051118,1600,66.63,67.08,66.37,66.89
1051121,1600,67.01,67.69,66.52,67.57
1051122,1600,67.46,68.11,67.29,67.93
1051123,1600,67.8,68.35,67.77,68.01
1051125,1600,68.0,68.13,67.77,67.96
1051128,1600,68.12,68.15,66.81,67.06
1051129,1600,67.1,67.57,66.85,67.16
1051130,1600,67.13,67.78,67.07,67.45
1051201,1600,67.79,68.85,67.43,68.55
1051202,1600,68.6,68.82,68.12,68.82
1051205,1600,68.71,68.76,67.92,68.33
1051206,1600,68.61,69.08,68.35,68.54
1051207,1600,68.42,68.57,67.75,68.12
1051208,1600,68.25,68.81,67.7,68.3
1051209,1600,68.4,68.76,67.92,68.64
1051212,1600,68.88,68.97,68.28,68.85
1051213,1600,68.67,69.03,68.31,68.86
1051214,1600,68.76,69.16,68.42,68.78
1051215,1600,68.82,68.82,67.73,68.08
1051216,1600,68.44,68.55,67.81,67.84
1051219,1600,67.92,67.97,66.81,67.0
1051220,1600,66.92,67.53,66.54,66.98
1051221,1600,67.13,67.98,67.08,67.79
1051222,1600,67.75,68.01,67.39,67.97
1051223,1600,68.1,68.27,67.96,68.13
1051227,1600,68.35,68.43,67.07,67.11
1051228,1600,67.34,67.69,66.96,67.51
1051229,1600,67.5,67.72,67.15,67.15
1051230,1600,66.76,66.99,66.46,66.72
1060103,1600,67.21,68.15,66.05,68.05
1060104,1600,68.11,68.65,67.88,68.42
1060105,1600,68.43,68.79,68.25,68.79
1060106,1600,69.12,69.65,68.68,69.61
1060109,1600,69.61,70.38,69.57,70.07
1060110,1600,69.73,70.7,69.68,70.7
1060111,1600,70.71,70.73,70.04,70.58
1060112,1600,70.45,70.74,70.05,70.33
1060113,1600,70.27,70.47,70.02,70.36
1060117,1600,69.98,70.05,69.54,70.03
1060118,1600,69.39,70.0,69.3,69.88
1060119,1600,70.05,71.17,69.94,71.0
1060120,1600,71.03,71.12,69.83,70.19
1060123,1600,70.25,70.56,69.99,70.41
1060124,1600,70.45,71.43,70.44,71.2
1060125,1600,71.39,71.6,70.77,71.38
1060126,1600,71.62,72.45,71.41,72.41
1060127,1600,72.54,73.24,72.26,72.77
1060130,1600,72.7,72.98,72.47,72.56
1060131,1600,72.48,72.96,72.13,72.35
1060201,1600,72.59,73.21,72.47,73.1
1060202,1600,73.0,73.09,71.66,72.0
1060203,1600,71.81,72.49,71.51,71.78
1060206,1600,71.9,72.45,71.52,72.42
1060207,1600,72.27,72.59,71.15,71.25
1060208,1600,71.44,71.84,70.88,71.7
1060209,1600,71.78,72.34,71.24,71.33
1060210,1600,71.18,71.43,70.37,71.18
1060213,1600,71.04,71.15,70.35,70.71
1060214,1600,70.8,71.78,70.31,71.53
1060215,1600,71.51,72.16,71.18,72.16
1060216,1600,72.37,72.83,72.12,72.8
1060217,1600,72.83,72.9,72.3,72.65
1060221,1600,72.75,72.93,71.85,72.33
1060222,1600,72.47,73.01,71.98,72.82
1060223,1600,72.75,73.27,72.38,72.77
1060224,1600,72.69,73.35,72.45,73.35
1060227,1600,73.41,73.88,73.32,73.55
1060228,1600,73.38,73.47,72.44,72.58
1060301,1600,72.77,73.9,72.62,73.9
1060302,1600,73.66,73.89,73.09,73.59
1060303,1600,73.21,74.14,73.15,73.22
1060306,1600,73.4,73.46,72.44,72.65
1060307,1600,72.35,72.4,71.44,71.6
1060308,1600,71.45,72.0,70.88,71.85
1060309,1600,71.87,72.39,71.22,71.22
1060310,1600,71.4,72.35,70.98,72.32
1060313,1600,72.6,73.08,72.2,72.47
1060314,1600,72.28,73.27,72.01,73.27
1060315,1600,73.3,73.95,73.04,73.94
1060316,1600,74.2,74.5,73.77,73.77
1060317,1600,74.13,74.3,73.7,74.07
1060320,1600,74.19,74.33,73.71,74.03
1060321,1600,74.0,74.6,73.0,73.0
1060322,1600,72.99,74.22,72.89,74.13
1060323,1600,74.03,74.45,73.75,74.45
1060324,1600,74.28,74.94,74.1,74.9
1060327,1600,74.81,74.94,74.42,74.91
1060328,1600,74.81,75.3,74.33,74.52
1060329,1600,74.66,75.96,74.66,75.9
1060330,1600,76.0,76.24,75.27,75.7
1060331,1600,75.93,76.0,75.33,75.97
1060403,1600,76.12,76.41,75.3,75.34
1060404,1600,75.28,75.99,75.07,75.68
1060405,1600,75.83,76.2,75.27,76.07
1060406,1600,75.94,76.23,75.55,76.23
1060407,1600,76.37,76.69,74.86,75.01
1060410,1600,75.03,75.46,74.51,74.93
1060411,1600,75.0,75.06,73.45,73.6
1060412,1600,73.62,74.4,73.55,74.37
1060413,1600,74.2,74.93,73.76,74.56
1060417,1600,74.63,74.93,73.9,74.61
1060418,1600,74.81,76.7,74.8,76.7
1060419,1600,76.69,77.34,76.27,77.26
1060420,1600,77.33,77.33,76.23,76.85
1060421,1600,77.27,77.35,76.26,76.68
1060424,1600,76.54,76.64,75.73,76.07
1060425,1600,76.1,76.21,75.48,76.12
1060426,1600,76.06,76.75,75.78,76.06
1060427,1600,75.52,76.67,74.89,75.43
1060428,1600,75.24,76.35,75.1,76.2
1060501,1600,76.29,76.64,75.26,75.26
1060502,1600,75.71,76.32,75.41,76.29
1060503,1600,76.24,76.51,75.69,76.16
1060504,1600,76.25,77.09,76.25,77.09
1060505,1600,77.52,78.02,77.32,77.52
1060508,1600,77.52,77.81,77.33,77.63
1060509,1600,77.57,77.79,77.35,77.52
1060510,1600,77.38,77.46,76.73,77.05
1060511,1600,77.12,77.16,75.23,75.31
1060512,1600,74.81,74.85,73.5,73.5
1060515,1600,72.94,73.71,72.35,73.17
1060516,1600,73.46,73.87,72.94,73.29
1060517,1600,72.45,73.14,71.85,71.95
1060518,1600,72.42,72.86,71.13,71.27
1060519,1600,71.39,72.18,70.59,71.9
1060522,1600,71.24,71.67,70.09,71.1
1060523,1600,71.88,72.39,70.1,70.18
1060524,1600,70.49,71.37,69.11,70.72
1060525,1600,71.5,72.28,71.04,72.21
1060526,1600,72.65,72.73,72.02,72.64
1060530,1600,72.31,72.35,70.56,70.64
1060531,1600,70.81,71.87,70.67,71.87
1060601,1600,71.88,73.34,71.65,73.27
1060602,1600,73.74,73.84,72.68,73.22
1060605,1600,73.06,73.15,70.86,71.09
1060606,1600,71.04,71.16,69.81,70.79
1060607,1600,70.82,71.82,70.01,70.1
1060608,1600,69.78,70.42,68.0,70.16
1060609,1600,70.55,71.1,69.42,69.54
1060612,1600,69.7,69.75,67.83,67.94
1060613,1600,67.65,68.85,66.6,66.65
1060614,1600,66.76,67.68,66.55,67.45
1060615,1600,68.04,69.97,67.91,69.76
1060616,1600,69.6,69.7,68.57,68.85
1060619,1600,69.1,69.12,67.44,67.5
1060620,1600,67.56,68.33,67.31,67.42
1060621,1600,67.37,69.06,67.25,68.6
1060622,1600,68.39,68.61,67.86,68.24
1060623,1600,68.23,69.05,67.72,68.65
1060626,1600,69.02,69.5,68.95,69.5
1060627,1600,69.54,69.83,68.02,68.3
1060628,1600,68.35,68.6,67.5,68.6
1060629,1600,68.81,71.25,68.81,71.25
1060630,1600,71.46,71.9,70.55,71.73
1060703,1600,72.0,72.63,71.76,72.63
1060705,1600,71.84,71.95,70.99,71.57
1060706,1600,71.71,72.2,71.16,71.55
1060707,1600,71.45,71.64,70.35,70.49
1060710,1600,70.66,71.24,70.18,70.5
1060711,1600,70.11,71.12,69.6,71.12
1060712,1600,70.78,71.08,69.59,69.65
1060713,1600,69.18,69.69,68.02,68.07
1060714,1600,68.08,68.21,66.95,67.53
1060717,1600,67.6,68.2,67.03,67.44
1060718,1600,67.82,68.25,66.62,67.9
1060719,1600,67.84,70.0,67.78,69.5
1060720,1600,70.04,70.37,67.62,67.72
1060721,1600,67.65,67.65,66.35,66.75
1060724,1600,67.26,68.91,67.25,68.88
1060725,1600,68.7,69.78,68.39,69.05
1060726,1600,68.93,69.6,68.12,68.9
1060727,1600,69.41,69.89,67.97,68.24
1060728,1600,68.75,69.7,68.48,69.67
1060731,1600,69.43,69.83,69.06,69.68
1060801,1600,69.17,69.23,68.18,68.59
1060802,1600,69.01,69.72,68.9,69.5
1060803,1600,68.78,70.34,68.54,70.34
1060804,1600,71.13,71.31,68.97,69.62
1060807,1600,69.37,69.48,68.74,69.35
1060808,1600,69.43,69.96,68.18,68.39
1060809,1600,68.99,69.28,67.6,67.7
1060810,1600,67.31,68.61,67.03,68.3
1060811,1600,68.06,68.07,67.23,67.6
1060814,1600,68.09,68.82,67.68,68.0
1060815,1600,69.0,69.45,68.69,69.42
1060816,1600,69.87,70.52,69.49,70.42
1060817,1600,70.22,71.1,70.13,70.53
1060818,1600,70.8,70.94,70.01,70.94
1060821,1600,70.48,70.49,69.85,70.18
1060822,1600,70.1,70.62,69.97,70.41
1060823,1600,70.5,70.8,69.2,69.6
1060824,1600,69.72,69.87,68.91,69.48
1060825,1600,69.38,70.09,69.23,69.6
1060828,1600,69.54,70.47,69.52,70.34
1060829,1600,70.51,71.25,69.88,71.25
1060830,1600,71.31,72.0,71.04,71.8
1060831,1600,71.96,72.24,71.57,71.77
1060901,1600,72.08,72.2,71.46,71.82
1060905,1600,71.93,72.52,71.7,72.47
1060906,1600,71.92,71.93,70.84,70.93
1060907,1600,70.53,71.12,70.06,70.3
1060908,1600,70.53,70.68,70.17,70.57
1060911,1600,70.13,70.84,69.65,70.48
1060912,1600,70.64,72.29,70.58,72.14
1060913,1600,72.16,72.88,72.0,72.75
1060914,1600,72.47,72.59,72.01,72.49
1060915,1600,73.0,73.02,72.17,72.66
1060918,1600,72.35,73.07,72.14,72.64
1060919,1600,72.71,72.74,71.15,72.32
1060920,1600,72.79,73.5,72.73,73.29
1060921,1600,73.35,73.57,72.09,72.5
1060922,1600,72.16,72.18,71.06,71.54
1060925,1600,71.78,72.65,71.11,72.39
1060926,1600,72.14,72.75,71.96,72.39
1060927,1600,72.21,72.99,72.2,72.92
1060928,1600,72.98,73.28,72.25,72.63
1060929,1600,72.71,72.99,71.93,72.0
1061002,1600,71.97,72.21,71.14,71.32
1061003,1600,71.25,71.83,70.68,71.22
1061004,1600,71.19,72.95,71.09,72.95
1061005,1600,72.87,73.9,72.85,73.88
1061006,1600,73.61,73.86,73.0,73.5
1061009,1600,73.36,74.14,73.06,74.06
1061010,1600,74.1,74.36,73.64,74.1
1061011,1600,73.78,74.29,73.11,73.81
1061012,1600,74.08,75.39,74.08,75.3
1061013,1600,75.3,75.91,75.13,75.9
1061016,1600,75.88,76.54,75.69,76.35
1061017,1600,75.94,76.24,75.35,75.97
1061018,1600,76.52,76.8,75.6,75.98
1061019,1600,75.73,76.4,75.58,76.35
1061020,1600,76.37,76.41,75.48,75.6
1061023,1600,75.35,76.28,75.09,75.75
1061024,1600,75.51,75.95,75.34,75.9
1061025,1600,75.73,76.46,75.48,76.4
1061026,1600,76.64,77.15,75.87,77.04
1061027,1600,76.89,77.11,75.94,76.14
1061030,1600,75.78,76.71,75.53,76.47
1061031,1600,76.6,76.79,75.7,76.23
1061101,1600,76.45,76.58,74.58,74.58
1061102,1600,74.11,74.9,74.1,74.47
1061103,1600,74.82,75.24,74.21,74.83
1061106,1600,75.21,76.08,75.0,75.7
1061107,1600,75.83,76.83,75.77,76.2
1061108,1600,75.61,76.8,75.41,76.59
1061109,1600,76.74,76.8,75.33,75.89
1061110,1600,75.77,76.57,75.61,76.52
1061113,1600,76.43,76.99,76.2,76.63
1061114,1600,76.91,78.11,76.43,78.11
1061115,1600,78.15,79.01,77.98,78.7
1061116,1600,79.1,79.11,78.38,78.64
1061117,1600,78.35,78.61,77.84,78.59
1061120,1600,78.35,78.85,78.11,78.7
1061121,1600,78.69,78.87,78.31,78.83
1061122,1600,78.97,79.11,78.56,78.92
1061124,1600,78.37,79.03,78.23,78.56
1061127,1600,78.51,78.54,76.72,76.8
1061128,1600,76.59,77.16,76.29,77.06
1061129,1600,77.52,78.21,77.3,78.06
1061130,1600,77.9,78.6,77.5,78.07
1061201,1600,78.15,78.37,76.85,77.78
1061204,1600,77.96,79.33,77.93,79.32
1061205,1600,79.4,79.76,79.07,79.38
1061206,1600,79.2,79.49,78.79,79.11
1061207,1600,79.29,79.51,78.66,78.77
1061208,1600,78.62,79.34,78.16,78.78
1061211,1600,78.8,79.18,78.54,78.98
1061212,1600,78.94,79.02,77.89,78.55
1061213,1600,78.91,79.0,78.15,78.65
1061214,1600,78.62,79.59,78.56,78.97
1061215,1600,79.3,79.5,78.81,78.9
1061218,1600,79.06,79.21,77.63,77.91
1061219,1600,77.45,78.11,77.1,77.86
1061220,1600,77.62,78.26,77.62,77.98
1061221,1600,77.99,78.35,77.31,77.62
1061222,1600,77.59,77.75,77.05,77.11
1061226,1600,77.33,78.22,77.3,78.21
1061227,1600,78.37,79.17,78.35,79.14
1061228,1600,79.03,79.28,78.65,78.78
1061229,1600,78.66,78.99,77.99,78.03
1070103,1600,78.68,79.12,77.22,78.16
1070104,1600,77.89,78.59,77.28,78.37
1070105,1600,78.02,78.37,76.7,76.73
1070108,1600,76.95,77.3,76.23,76.43
1070109,1600,77.12,77.31,76.19,77.15
1070110,1600,76.76,77.75,76.57,77.75
1070111,1600,77.46,78.54,77.4,78.23
1070112,1600,78.26,79.05,78.13,78.98
1070116,1600,79.21,79.36,78.3,78.45
1070117,1600,78.22,78.78,78.11,78.11
1070118,1600,78.13,78.13,77.02,77.46
1070119,1600,77.04,77.96,76.87,77.76
1070122,1600,77.82,77.83,76.91,77.19
1070123,1600,77.04,78.28,77.0,77.92
1070124,1600,78.01,78.82,77.94,78.77
1070125,1600,78.71,78.95,77.53,77.78
1070126,1600,77.99,78.32,77.16,78.07
1070129,1600,78.12,78.94,78.03,78.75
1070130,1600,78.89,79.35,78.51,79.18
1070131,1600,79.06,79.77,78.63,79.35
1070201,1600,79.67,80.25,79.54,80.2
1070202,1600,80.4,80.45,80.02,80.25
1070205,1600,80.22,80.47,79.87,80.24
1070206,1600,80.26,80.46,79.79,80.44
1070207,1600,80.55,81.21,80.28,81.18
1070208,1600,80.87,81.14,80.58,81.05
1070209,1600,80.98,81.15,79.7,80.31
1070212,1600,80.28,80.3,79.6,80.09
1070213,1600,80.23,80.68,79.59,80.68
1070214,1600,80.73,81.29,80.52,80.8
1070215,1600,80.71,81.19,80.56,80.86
1070216,1600,80.72,81.27,80.34,81.17
1070220,1600,81.0,82.16,80.1,81.95
1070221,1600,81.65,82.49,81.53,82.1
1070222,1600,82.25,82.45,81.63,82.39
1070223,1600,82.26,82.31,81.66,81.95
1070226,1600,82.32,82.41,81.19,81.89
1070227,1600,80.36,80.94,77.47,78.05
1070228,1600,78.37,79.22,77.51,78.83
1070301,1600,77.47,79.1,76.75,78.42
1070302,1600,78.18,78.38,76.75,76.86
1070305,1600,76.09,77.29,75.15,75.17
1070306,1600,76.26,77.71,76.19,77.22
1070307,1600,77.3,77.62,76.8,76.97
1070308,1600,77.73,78.18,77.08,77.55
1070309,1600,78.18,78.28,77.42,78.18
1070312,1600,78.01,78.51,77.75,78.4
1070313,1600,77.84,78.06,76.26,76.39
1070314,1600,76.41,77.28,75.53,77.2
1070315,1600,77.12,77.92,77.12,77.8
1070316,1600,77.81,78.06,76.54,77.27
1070319,1600,77.83,78.48,77.81,78.23
1070320,1600,78.19,78.9,77.96,78.85
1070321,1600,78.96,81.12,78.73,80.27
1070322,1600,80.56,80.6,79.91,80.27
1070323,1600,80.23,80.42,80.05,80.24
1070326,1600,80.32,80.48,79.48,80.07
1070327,1600,80.01,80.07,79.35,79.7
1070328,1600,79.22,79.5,78.61,79.15
1070329,1600,79.69,79.76,78.49,79.25
1070330,1600,79.36,80.06,78.73,79.45
1070402,1600,79.61,79.77,79.15,79.65
1070403,1600,80.07,80.77,80.0,80.5
1070404,1600,80.48,80.59,80.0,80.49
1070405,1600,80.45,80.81,80.35,80.44
1070409,1600,80.78,80.83,80.32,80.55
1070410,1600,80.5,81.06,80.38,80.8
1070411,1600,80.87,80.9,79.8,80.3
1070412,1600,80.09,80.92,79.67,80.84
1070413,1600,80.95,81.4,80.53,81.36
1070416,1600,81.81,82.57,81.8,82.48
1070417,1600,82.61,82.63,81.94,82.23
1070418,1600,81.91,82.22,81.66,81.75
1070419,1600,81.14,81.83,80.8,81.36
1070420,1600,81.96,82.38,81.76,82.31
1070423,1600,82.21,82.51,81.88,82.22
1070424,1600,82.27,82.35,81.37,82.18
1070425,1600,82.54,82.93,81.97,82.41
1070426,1600,82.45,83.17,81.97,82.87
1070427,1600,82.52,82.64,82.02,82.52
1070430,1600,82.47,82.52,80.72,80.74
1070501,1600,80.99,81.16,80.13,81.07
1070502,1600,81.07,82.44,80.92,82.15
1070503,1600,82.21,82.57,81.97,82.3
1070504,1600,82.49,82.87,82.15,82.82
1070507,1600,82.7,83.0,82.47,82.58
1070508,1600,82.19,82.62,81.54,82.29
1070509,1600,82.0,83.23,81.95,82.62
1070510,1600,82.32,82.42,81.25,81.6
1070511,1600,81.75,82.45,81.65,82.34
1070514,1600,82.29,82.59,81.46,81.62
1070515,1600,81.62,82.28,80.78,80.97
1070516,1600,81.1,81.5,80.46,81.41
1070517,1600,81.3,81.41,80.71,80.78
1070518,1600,81.19,82.05,80.78,81.73
1070521,1600,81.73,83.23,81.65,82.76
1070522,1600,82.81,83.64,82.62,83.27
1070523,1600,83.55,84.1,82.97,83.05
1070524,1600,82.98,83.56,81.56,81.96
1070525,1600,82.24,82.71,82.04,82.49
1070529,1600,82.78,83.39,82.72,83.25
1070530,1600,82.64,83.85,82.43,83.81
1070531,1600,83.99,84.45,83.78,84.27
1070601,1600,84.54,85.17,84.19,84.7
1070604,1600,84.49,84.97,84.34,84.79
1070605,1600,84.59,84.72,83.83,84.45
1070606,1600,83.8,83.81,83.0,83.51
1070607,1600,83.26,83.45,81.78,81.78
1070608,1600,81.87,83.14,81.66,82.85
1070611,1600,82.74,83.27,82.33,82.87
1070612,1600,82.33,82.83,81.41,81.5
1070613,1600,81.89,82.97,81.74,82.59
1070614,1600,82.88,83.67,82.88,83.34
1070615,1600,84.29,84.69,84.06,84.33
1070618,1600,84.58,84.62,83.7,84.17
1070619,1600,83.81,84.51,83.49,84.39
1070620,1600,84.58,84.66,82.93,82.93
1070621,1600,82.82,83.59,82.32,83.58
1070622,1600,83.36,83.48,82.3,82.92
1070625,1600,82.68,83.45,82.0,82.49
1070626,1600,82.84,82.93,81.74,81.88
1070627,1600,81.63,83.65,81.5,83.59
1070628,1600,83.41,84.19,83.3,83.42
1070629,1600,83.78,84.19,82.66,82.9
1070702,1600,83.38,84.09,83.25,83.97
1070703,1600,84.12,84.51,84.03,84.37
1070705,1600,84.45,84.67,83.86,84.51
1070706,1600,84.56,84.93,84.06,84.8
1070709,1600,84.96,85.74,84.42,84.72
1070710,1600,84.27,84.88,83.21,83.33
1070711,1600,83.17,83.87,82.9,83.83
1070712,1600,84.16,85.1,84.03,84.82
1070713,1600,84.9,85.2,84.63,84.9
1070716,1600,84.89,85.16,84.22,84.48
1070717,1600,84.62,85.06,84.46,84.54
1070718,1600,84.07,84.33,83.09,84.27
1070719,1600,84.75,84.95,84.47,84.51
1070720,1600,84.38,84.77,82.59,83.25
1070723,1600,83.63,83.85,82.94,82.94
1070724,1600,82.1,82.2,80.49,81.0
1070725,1600,81.46,81.77,79.83,80.7
1070726,1600,79.21,80.86,77.55,78.54
1070727,1600,78.35,79.2,76.43,76.63
1070730,1600,77.31,78.42,76.55,77.96
1070731,1600,78.93,79.15,76.74,77.1
1070801,1600,76.87,77.96,76.11,77.52
1070802,1600,77.94,78.5,77.3,78.13
1070803,1600,78.01,78.21,74.96,75.35
1070806,1600,75.62,76.43,73.92,76.03
1070807,1600,75.88,77.67,75.5,77.2
1070808,1600,77.89,80.1,77.82,79.52
1070809,1600,77.65,79.41,77.6,77.69
1070810,1600,76.91,79.77,76.43,78.06
1070813,1600,79.39,79.96,77.53,77.64
1070814,1600,77.97,78.18,75.94,76.31
1070815,1600,75.97,77.4,74.74,75.2
1070816,1600,74.67,76.93,73.24,76.87
1070817,1600,79.21,80.06,76.59,78.41
1070820,1600,78.67,79.07,77.47,78.47
1070821,1600,78.47,79.09,78.0,78.69
1070822,1600,79.38,79.79,78.93,79.63
1070823,1600,79.95,80.12,78.31,78.61
1070824,1600,78.58,79.7,78.36,79.63
1070827,1600,79.36,79.47,78.49,78.53
1070828,1600,78.08,78.19,76.4,76.55
1070829,1600,76.98,78.56,76.77,78.56
1070830,1600,77.62,78.95,77.5,78.03
1070831,1600,79.14,79.33,78.31,78.74
1070904,1600,78.68,80.32,78.58,79.75
1070905,1600,79.28,79.8,78.46,79.01
1070906,1600,79.07,79.37,78.2,79.03
1070907,1600,77.77,77.93,76.99,77.73
1070910,1600,77.91,77.96,75.62,76.65
1070911,1600,77.18,78.06,77.04,77.99
1070912,1600,77.67,78.16,77.38,77.5
1070913,1600,78.02,78.53,77.17,77.69
1070914,1600,76.9,78.28,76.78,78.09
1070917,1600,77.88,78.12,77.19,77.23
1070918,1600,77.81,80.6,77.24,80.52
1070919,1600,81.27,82.1,77.26,81.6
1070920,1600,81.5,81.54,80.25,80.79
1070921,1600,81.28,81.56,80.86,80.96
1070924,1600,81.1,81.37,80.09,80.34
1070925,1600,79.64,80.07,79.28,79.82
1070926,1600,80.5,80.92,79.82,80.52
1070927,1600,80.93,81.08,80.53,81.0
1070928,1600,80.97,81.25,79.93,80.04
1071001,1600,80.13,82.24,80.13,82.03
1071002,1600,82.3,82.87,82.18,82.56
1071003,1600,82.32,82.76,81.96,82.33
1071004,1600,82.56,82.72,81.99,82.46
1071005,1600,83.47,84.42,82.98,84.13
1071008,1600,83.91,84.18,83.25,83.5
1071009,1600,83.93,84.33,83.3,84.18
1071010,1600,84.04,84.23,83.44,84.11
1071011,1600,84.59,84.89,82.66,83.16
1071012,1600,83.28,84.08,83.21,83.82
1071015,1600,83.8,83.87,82.03,82.85
1071016,1600,82.37,84.18,81.88,81.9
1071017,1600,82.8,82.92,81.06,82.22
1071018,1600,81.68,82.39,81.39,82.02
1071019,1600,81.91,82.12,79.0,79.09
1071022,1600,78.54,80.94,78.35,80.76
1071023,1600,81.41,81.54,80.19,81.38
1071024,1600,80.87,81.17,79.11,80.86
1071025,1600,81.08,81.5,79.59,80.66
1071026,1600,81.37,82.01,80.47,82.01
1071029,1600,82.22,82.44,81.39,81.92
1071030,1600,81.51,81.96,80.96,81.27
1071031,1600,81.63,82.8,80.77,82.32
1071101,1600,81.37,81.4,79.0,79.14
1071102,1600,80.1,80.13,78.35,79.53
1071105,1600,78.44,79.23,78.05,78.48
1071106,1600,78.99,80.0,78.03,79.96
1071107,1600,78.9,79.12,77.17,77.48
1071108,1600,78.13,78.16,75.82,77.71
1071109,1600,76.74,77.75,76.13,76.85
1071112,1600,76.89,78.11,76.03,76.11
1071113,1600,77.18,78.74,77.13,78.5
1071114,1600,79.17,79.23,77.6,78.05
1071115,1600,77.62,77.89,76.24,76.94
1071116,1600,77.32,77.36,75.54,76.29
1071119,1600,75.89,76.04,74.32,74.64
1071120,1600,74.7,75.56,73.35,75.07
1071121,1600,74.56,74.7,73.0,73.5
1071123,1600,74.36,76.0,74.11,75.06
1071126,1600,75.35,75.62,72.99,73.1
1071127,1600,73.55,74.4,73.16,73.95
1071128,1600,74.91,76.89,74.86,76.87
1071129,1600,76.58,76.96,75.91,76.21
1071130,1600,77.43,77.95,76.15,76.65
1071203,1600,76.55,76.75,75.7,75.75
1071204,1600,75.02,75.56,74.56,74.95
1071205,1600,76.19,76.62,75.52,76.44
1071206,1600,76.21,78.44,76.17,78.25
1071207,1600,78.71,78.8,77.88,78.49
1071210,1600,78.5,79.25,78.2,79.11
1071211,1600,79.28,79.58,76.25,76.35
1071212,1600,78.71,78.81,76.09,76.91
1071213,1600,76.27,76.89,75.64,76.49
1071214,1600,75.76,76.87,74.95,75.0
1071217,1600,74.82,75.21,73.75,73.85
1071218,1600,74.67,75.41,73.35,75.17
1071219,1600,75.09,75.73,74.72,75.7
1071220,1600,76.21,77.01,74.82,76.84
1071221,1600,77.88,78.6,77.64,78.6
1071224,1600,78.71,79.33,78.59,79.17
1071226,1600,78.84,79.84,78.71,79.54
1071227,1600,78.86,79.08,76.91,77.39
1071228,1600,77.92,78.01,76.56,76.56
1071231,1600,76.45,76.8,75.58,75.9
1080102,1600,76.15,76.5,74.59,75.16
1080103,1600,75.27,75.62,74.03,74.33
1080104,1600,73.24,73.33,71.61,72.09
1080107,1600,72.28,72.85,71.07,72.25
1080108,1600,72.32,73.27,70.02,70.02
1080109,1600,69.93,71.0,68.62,70.73
1080110,1600,70.11,72.32,69.86,71.7
1080111,1600,71.28,71.5,69.91,70.22
1080114,1600,71.01,71.19,70.26,70.8
1080115,1600,69.88,70.16,69.07,69.5
1080116,1600,69.24,70.71,68.72,69.57
1080117,1600,69.98,70.1,67.68,67.88
1080118,1600,68.12,68.81,66.29,67.22
1080122,1600,64.47,68.13,64.19,66.74
1080123,1600,65.3,69.98,65.09,69.02
1080124,1600,69.48,70.23,68.28,68.97
1080125,1600,69.96,70.22,68.08,68.47
1080128,1600,68.32,69.97,67.71,69.92
1080129,1600,70.39,70.39,69.12,70.1
1080130,1600,69.72,71.4,69.1,69.22
1080131,1600,68.11,71.56,68.0,70.94
1080201,1600,71.33,72.88,71.0,72.61
1080204,1600,72.54,72.6,71.68,71.79
1080205,1600,70.69,71.57,69.8,69.95
1080206,1600,70.42,70.88,68.84,69.02
1080207,1600,68.64,70.52,68.47,70.11
1080208,1600,69.95,70.64,69.0,69.67
1080211,1600,69.66,70.2,68.73,69.7
1080212,1600,70.1,71.05,69.72,70.25
1080213,1600,71.02,71.95,70.7,71.84
1080214,1600,72.1,72.18,70.02,70.18
1080215,1600,69.8,70.13,69.15,69.87
1080219,1600,70.88,71.01,69.62,70.73
1080220,1600,69.54,70.91,69.17,70.77
1080221,1600,71.26,71.75,69.24,69.42
1080222,1600,69.51,69.51,68.04,69.42
1080225,1600,69.38,71.0,69.03,70.77
1080226,1600,70.37,72.2,70.31,71.43
1080227,1600,70.84,72.24,70.71,71.4
1080228,1600,70.77,71.14,69.98,70.32
1080229,1600,69.6,69.7,68.1,68.86
1080303,1600,68.39,68.72,67.21,68.2
1080304,1600,67.57,68.43,66.78,67.8
1080305,1600,68.21,68.7,67.43,68.45
1080306,1600,67.91,68.18,65.93,66.17
1080307,1600,65.36,66.84,65.2,65.96
1080310,1600,66.02,66.06,64.1,64.5
1080311,1600,66.47,67.3,64.22,67.3
1080312,1600,67.2,68.04,66.5,66.52
1080313,1600,65.88,67.98,65.2,67.85
1080314,1600,68.35,68.35,65.35,66.14
1080317,1600,64.23,65.94,64.23,65.06
1080318,1600,66.61,68.18,65.31,68.05
1080319,1600,68.59,68.93,66.25,66.35
1080320,1600,66.45,68.1,66.39,67.48
1080324,1600,68.17,70.35,67.95,69.99
1080325,1600,69.94,70.43,69.28,70.22
1080326,1600,69.93,70.27,69.34,69.64
1080327,1600,70.08,70.08,68.97,69.0
1080328,1600,69.11,69.41,67.97,68.19
1080331,1600,68.21,69.22,67.81,68.29
1080401,1600,69.46,70.82,69.14,70.79
1080402,1600,70.9,71.52,70.37,70.96
1080403,1600,70.43,71.47,70.35,71.18
1080404,1600,71.18,71.89,70.64,71.16
1080407,1600,71.66,71.86,70.78,71.04
1080408,1600,70.48,71.28,70.37,70.97
1080409,1600,71.09,71.35,69.45,69.81
1080410,1600,69.69,70.89,69.43,70.55
1080411,1600,69.72,69.78,68.42,68.74
1080414,1600,68.64,69.27,68.23,68.53
1080415,1600,68.87,69.08,68.27,68.97
1080416,1600,69.68,71.28,69.68,71.2
1080417,1600,70.84,71.14,70.15,70.92
1080418,1600,72.01,72.27,71.47,71.67
1080421,1600,71.35,71.83,71.23,71.68
1080422,1600,71.25,71.26,69.51,70.37
1080423,1600,70.53,71.02,69.95,70.55
1080424,1600,70.5,71.94,69.64,71.23
1080425,1600,71.81,72.27,70.81,71.9
1080428,1600,71.93,72.7,71.59,72.38
1080429,1600,72.21,72.38,71.29,71.74
1080430,1600,71.97,72.66,71.1,71.4
1080501,1600,71.46,72.86,71.23,72.63
1080502,1600,73.41,73.5,72.24,72.55
1080505,1600,72.32,72.7,71.88,72.27
1080506,1600,71.86,73.07,71.67,72.86
1080507,1600,72.9,73.22,71.34,71.56
1080508,1600,71.72,71.97,71.19,71.71
1080509,1600,71.19,72.12,71.04,71.5
1080512,1600,71.95,73.27,71.81,73.07
1080513,1600,73.3,73.64,72.72,73.49
1080514,1600,73.65,74.35,72.6,73.4
1080515,1600,73.47,74.29,73.1,73.55
1080516,1600,74.46,74.52,73.09,73.95
1080519,1600,74.03,74.74,73.47,73.97
1080520,1600,73.44,73.73,72.8,73.7
1080521,1600,73.62,74.23,72.25,72.65
1080522,1600,72.79,73.56,72.69,73.17
1080523,1600,72.85,73.19,71.73,72.21
1080527,1600,72.38,73.42,72.35,73.32
1080528,1600,73.64,73.76,72.92,73.66
1080529,1600,73.51,75.02,73.47,74.41
1080530,1600,74.49,74.81,74.15,74.67
1080602,1600,74.57,74.63,73.22,73.99
1080603,1600,74.25,74.65,73.06,73.84
1080604,1600,73.58,74.95,73.34,74.3
1080605,1600,74.43,76.23,74.25,76.2
1080606,1600,75.75,75.82,73.9,73.92
1080609,1600,74.12,74.39,72.78,73.68
1080610,1600,73.01,73.64,72.25,73.14
1080611,1600,73.05,73.22,71.77,71.87
1080612,1600,72.28,73.1,71.63,72.02
1080613,1600,72.66,73.35,72.31,73.32
1080616,1600,73.05,74.09,72.95,73.78
1080617,1600,74.18,74.26,73.55,73.72
1080618,1600,73.29,73.49,72.49,73.13
1080619,1600,73.11,73.8,72.72,73.74
1080620,1600,73.45,73.45,71.85,72.57
1080623,1600,72.92,72.99,71.86,71.89
1080624,1600,71.45,71.89,70.61,70.7
1080625,1600,70.96,72.1,70.86,71.5
1080626,1600,70.81,70.95,69.61,69.66
1080627,1600,69.71,70.25,69.0,69.73
1080630,1600,69.86,70.21,68.92,69.05
1080701,1600,68.24,69.26,67.62,69.1
1080702,1600,68.92,69.18,66.85,66.89
1080703,1600,66.9,66.99,65.8,66.53
1080707,1600,66.73,67.04,64.94,65.69
1080708,1600,65.79,68.14,65.25,68.07
1080709,1600,68.1,68.55,66.0,66.25
1080710,1600,66.07,67.45,65.96,66.9
1080711,1600,66.25,67.78,65.67,67.27
1080714,1600,67.78,67.9,65.86,66.16
1080715,1600,65.55,67.28,64.52,65.88
1080716,1600,66.31,68.49,65.79,68.3
1080717,1600,68.72,69.54,68.08,68.4
1080718,1600,69.76,69.85,68.53,68.88
1080721,1600,69.37,69.75,68.98,69.72
1080722,1600,69.19,71.59,69.02,71.47
1080723,1600,71.38,72.49,71.18,71.93
1080724,1600,71.87,71.93,69.86,70.11
1080725,1600,70.69,71.41,70.21,70.68
1080728,1600,70.64,70.84,69.22,69.48
1080729,1600,69.68,71.4,69.61,71.18
1080730,1600,71.59,72.07,70.64,71.61
1080731,1600,70.82,72.01,70.74,71.32
1080801,1600,71.44,71.76,70.32,71.41
1080804,1600,71.43,71.49,69.81,70.75
1080805,1600,70.99,71.97,70.75,71.96
1080806,1600,71.7,72.66,71.2,72.32
1080807,1600,71.72,72.34,70.97,71.24
1080808,1600,71.24,73.37,70.98,73.12
1080811,1600,73.27,75.6,73.13,74.87
1080812,1600,74.64,74.89,74.06,74.31
1080813,1600,74.25,74.95,73.53,74.58
1080814,1600,74.17,75.64,74.06,75.3
1080815,1600,75.74,76.27,74.48,75.1
1080818,1600,75.27,75.42,73.56,74.13
1080819,1600,73.63,73.83,72.44,72.9
1080820,1600,73.17,73.82,72.28,73.0
1080821,1600,72.54,72.95,72.05,72.16
1080822,1600,72.75,73.81,72.62,73.68
1080825,1600,73.22,73.68,70.69,72.06
1080826,1600,72.18,72.58,71.46,72.17
1080827,1600,72.2,73.51,72.11,73.03
1080828,1600,73.37,74.65,73.03,74.51
1080829,1600,74.17,74.52,73.53,73.87
1080902,1600,75.01,75.5,73.0,73.85
1080903,1600,73.65,74.7,73.39,74.15
1080904,1600,73.52,73.68,71.48,71.82
1080905,1600,71.54,72.11,70.14,71.64
1080908,1600,74.02,74.35,71.64,72.48
1080909,1600,73.24,73.85,70.56,70.81
1080910,1600,71.57,72.18,70.43,71.47
1080911,1600,70.52,72.0,69.9,71.92
1080912,1600,71.32,72.39,71.04,72.25
1080915,1600,70.15,71.49,68.79,69.01
1080916,1600,67.8,71.0,67.73,71.0
1080917,1600,69.95,70.07,67.45,67.8
1080918,1600,69.4,72.15,67.16,71.8
1080919,1600,78.92,86.05,73.95,75.0
1080922,1600,75.2,75.36,70.22,71.95
1080923,1600,72.0,72.62,70.81,70.99
1080924,1600,70.83,71.03,68.9,69.94
1080925,1600,69.92,71.26,69.89,70.3
1080926,1600,69.01,70.69,68.79,70.63
1080929,1600,69.23,70.33,65.05,65.05
1080930,1600,65.87,68.39,65.05,68.0
1081001,1600,67.19,67.35,66.29,67.02
1081002,1600,66.63,67.03,63.42,63.58
1081003,1600,64.36,65.64,61.73,62.7
1081006,1600,60.56,60.72,56.38,59.72
1081007,1600,60.2,60.43,55.63,55.8
1081008,1600,53.81,56.95,53.51,54.46
1081009,1600,55.65,55.93,49.45,49.99
1081010,1600,47.66,54.67,46.51,52.45
1081013,1600,54.54,57.38,52.45,56.98
1081014,1600,58.75,58.85,53.86,55.38
1081015,1600,54.45,54.85,50.05,50.41
1081016,1600,51.02,53.88,48.29,53.71
1081017,1600,51.55,55.45,50.72,52.2
1081020,1600,53.25,54.71,52.46,54.69
1081021,1600,53.95,54.59,52.82,53.18
1081022,1600,51.76,52.46,49.31,50.49
1081023,1600,50.68,50.94,46.68,48.99
1081024,1600,44.95,48.2,44.89,47.17
1081027,1600,46.12,47.67,44.7,44.86
1081028,1600,45.73,48.7,44.08,48.45
1081029,1600,48.51,50.73,47.82,48.7
1081030,1600,50.41,51.48,49.52,51.43
1081031,1600,51.3,54.09,50.48,53.75
1081103,1600,53.48,54.6,53.38,53.82
1081104,1600,54.93,55.21,53.39,54.44
1081105,1600,53.93,54.44,51.31,51.59
1081106,1600,51.05,51.7,49.54,49.59
1081107,1600,50.07,51.07,49.31,50.62
1081110,1600,51.74,51.84,48.93,49.45
1081111,1600,48.9,49.9,48.01,48.38
1081112,1600,47.61,48.38,45.32,45.56
1081113,1600,45.7,49.45,43.24,49.31
1081114,1600,48.23,49.31,45.5,45.64
1081117,1600,45.35,46.58,44.89,45.25
1081118,1600,45.33,45.99,43.1,45.03
1081119,1600,44.78,45.15,41.24,41.36
1081120,1600,41.0,41.93,38.44,38.53
1081121,1600,39.29,40.85,37.12,40.64
1081124,1600,41.2,44.04,40.73,43.5
1081125,1600,44.22,44.42,42.66,44.22
1081126,1600,43.27,47.03,43.2,46.87
1081128,1600,46.29,48.26,46.16,47.34
1081201,1600,46.12,46.32,41.5,42.02
1081202,1600,42.71,44.33,41.96,44.23
1081203,1600,43.15,45.89,43.02,45.57
1081204,1600,44.82,46.45,43.26,44.06
1081205,1600,43.37,46.27,42.34,46.1
1081208,1600,47.23,48.57,46.97,48.14
1081209,1600,47.69,49.41,46.28,46.65
1081210,1600,47.19,48.44,46.76,47.75
1081211,1600,47.25,47.91,44.79,45.33
1081212,1600,44.16,47.0,44.02,46.89
1081215,1600,47.26,47.46,44.62,45.38
1081216,1600,46.26,48.48,46.1,48.33
1081217,1600,47.94,49.51,47.57,48.77
1081218,1600,48.8,49.66,47.32,48.46
1081219,1600,49.0,50.01,48.21,48.7
1081222,1600,48.92,48.94,46.12,47.76
1081223,1600,47.73,48.0,46.34,46.71
1081224,1600,46.73,47.11,46.16,46.88
1081226,1600,47.35,47.67,46.73,47.55
1081229,1600,47.36,47.58,45.91,46.82
1081230,1600,47.08,48.2,46.77,48.12
1081231,1600,48.22,50.32,48.14,49.24
1090102,1600,49.74,50.72,49.22,50.22
1090105,1600,50.49,50.8,49.39,50.4
1090106,1600,50.82,51.91,50.38,51.25
1090107,1600,50.27,51.35,49.03,49.74
1090108,1600,49.38,50.15,49.17,49.98
1090109,1600,50.11,50.19,47.92,48.13
1090112,1600,47.95,48.11,46.5,46.7
1090113,1600,46.63,47.61,46.41,47.32
1090114,1600,46.32,46.67,45.12,45.24
1090115,1600,45.31,46.52,43.81,45.97
1090116,1600,46.98,47.03,44.97,46.48
1090120,1600,45.88,46.25,43.31,43.33
1090121,1600,44.0,45.69,43.04,45.49
1090122,1600,44.52,45.33,43.37,44.17
1090123,1600,43.04,45.01,42.86,44.39
1090126,1600,44.36,45.87,44.18,44.89
1090127,1600,45.07,45.82,44.72,45.38
1090128,1600,46.25,47.49,45.49,47.25
1090129,1600,46.59,47.23,45.25,45.4
1090130,1600,45.76,46.01,44.11,44.48
1090202,1600,43.66,45.14,43.64,44.84
1090203,1600,45.28,45.58,44.45,45.16
1090204,1600,45.21,46.12,44.53,44.83
1090205,1600,44.44,46.01,44.2,45.35
1090206,1600,45.42,47.17,45.21,46.96
1090209,1600,46.79,47.14,46.22,46.75
1090210,1600,46.39,47.1,44.45,44.59
1090211,1600,44.88,45.19,44.09,44.76
1090212,1600,44.1,45.21,43.47,45.14
1090213,1600,45.08,45.7,44.58,44.67
1090217,1600,43.0,43.62,42.83,42.9
1090218,1600,43.25,43.34,42.13,42.29
1090219,1600,42.78,43.0,41.63,41.7
1090220,1600,40.9,41.64,40.19,41.14
1090223,1600,41.38,41.45,39.47,39.56
1090224,1600,40.04,41.37,39.6,41.02
1090225,1600,40.84,41.25,39.49,40.17
1090226,1600,40.59,40.75,39.21,39.42
1090227,1600,38.72,39.88,38.64,39.15
1090302,1600,38.26,38.42,36.82,36.94
1090303,1600,37.43,37.47,36.02,36.24
1090304,1600,36.79,37.65,36.22,36.99
1090305,1600,36.25,36.69,34.92,35.02
1090306,1600,35.4,35.88,34.32,35.2
1090309,1600,34.73,35.64,34.26,34.39
1090310,1600,35.25,36.81,35.1,36.63
1090311,1600,37.08,37.8,36.36,36.68
1090312,1600,36.53,39.19,36.07,38.96
1090313,1600,39.33,39.66,38.76,39.37
1090316,1600,39.81,40.2,38.56,38.66
1090317,1600,38.73,40.45,38.43,40.45
1090318,1600,40.26,42.18,39.91,41.85
1090319,1600,42.45,42.5,41.15,41.41
1090320,1600,41.8,41.92,39.95,39.98
1090323,1600,41.34,43.52,40.93,43.38
1090324,1600,42.7,43.11,41.51,41.56
1090325,1600,41.95,43.28,40.81,42.73
1090326,1600,43.32,44.47,42.87,44.38
1090327,1600,43.62,44.0,42.83,42.89
1090330,1600,41.65,41.81,40.78,41.66
1090331,1600,42.17,43.31,41.61,42.05
1090401,1600,41.34,43.0,41.11,42.78
1090402,1600,44.12,45.57,43.82,44.92
1090403,1600,44.86,45.64,44.36,45.63
1090406,1600,44.99,45.11,44.03,44.85
1090407,1600,44.08,44.46,43.12,43.26
1090408,1600,43.51,44.23,43.19,44.06
1090409,1600,45.28,46.71,45.1,46.64
1090413,1600,46.26,47.0,45.67,46.66
1090414,1600,45.96,46.53,45.23,45.31
1090415,1600,45.01,46.15,44.89,46.0
1090416,1600,46.53,47.69,45.76,47.33
1090417,1600,47.43,48.27,46.92,47.75
1090420,1600,46.77,47.0,45.2,45.3
1090421,1600,45.06,47.06,44.95,46.87
1090422,1600,46.19,48.16,46.03,46.86
1090423,1600,47.1,47.21,45.93,46.75
1090424,1600,47.12,48.28,46.67,47.62
1090427,1600,46.84,47.79,46.61,47.11
1090428,1600,46.54,47.99,46.38,47.18
1090429,1600,47.81,49.57,47.63,48.97
1090430,1600,49.75,50.24,48.45,48.52
1090501,1600,48.65,49.3,48.41,48.82
1090504,1600,49.28,50.7,49.07,50.6
1090505,1600,50.38,50.61,49.63,50.35
1090506,1600,50.93,51.22,49.5,50.49
1090507,1600,51.25,51.4,48.89,49.3
1090508,1600,50.15,51.16,49.64,51.01
1090511,1600,50.05,50.66,49.79,50.26
1090512,1600,50.54,50.82,48.71,49.55
1090513,1600,48.7,48.81,47.21,47.28
1090514,1600,47.39,48.75,47.06,47.94
1090515,1600,47.88,48.42,47.28,47.76
1090518,1600,48.3,49.57,48.11,49.36
1090519,1600,49.37,49.96,48.8,49.38
1090520,1600,49.83,50.69,48.85,48.92
1090521,1600,48.27,48.7,47.45,48.29
1090522,1600,48.54,48.66,47.35,47.79
1090526,1600,47.37,50.16,47.32,50.07
1090527,1600,49.76,50.37,49.01,49.1
1090528,1600,49.56,49.75,48.1,49.16
1090529,1600,49.39,50.27,49.08,50.17
1090601,1600,51.36,52.37,51.1,52.13
1090602,1600,51.96,53.0,51.68,52.78
1090603,1600,52.31,52.51,51.74,52.43
1090604,1600,52.75,53.26,52.09,53.18
1090605,1600,53.69,53.79,52.68,53.2
1090608,1600,52.8,53.28,52.04,52.57
1090609,1600,52.84,53.27,52.56,52.81
1090610,1600,53.38,53.41,51.61,52.6
1090611,1600,52.65,53.46,52.58,52.62
1090612,1600,52.28,52.82,51.89,52.78
1090615,1600,52.03,52.09,50.8,51.36
1090616,1600,51.75,51.84,50.32,50.5
1090617,1600,50.5,51.37,50.0,50.77
1090618,1600,50.77,51.32,50.3,51.0
1090619,1600,51.72,51.92,51.11,51.31
1090622,1600,50.99,51.03,49.4,49.49
1090623,1600,49.74,49.94,49.02,49.09
1090624,1600,49.57,50.25,49.33,49.62
1090625,1600,49.15,51.08,49.09,51.05
1090626,1600,50.79,51.56,50.57,51.23
1090629,1600,51.33,51.58,50.4,51.23
1090630,1600,51.24,51.61,50.77,51.08
1090701,1600,51.35,52.25,51.31,51.87
1090702,1600,50.88,50.88,49.69,49.91
1090706,1600,49.47,49.74,48.65,49.47
1090707,1600,49.37,49.5,48.35,48.4
1090708,1600,48.62,48.78,47.27,48.07
1090709,1600,48.29,48.42,47.79,47.87
1090710,1600,47.59,48.27,47.33,48.1
1090713,1600,48.29,49.29,47.42,49.26
1090714,1600,49.25,49.72,48.95,49.55
1090715,1600,50.46,51.62,50.26,51.46
1090716,1600,51.28,52.37,51.14,52.1
1090717,1600,52.25,52.27,51.73,51.9
1090720,1600,52.25,52.74,52.03,52.54
1090721,1600,53.04,53.07,51.79,52.45
1090722,1600,52.22,53.21,52.14,52.86
1090723,1600,52.88,54.82,52.77,54.53
1090724,1600,54.17,54.87,53.96,54.81
1090727,1600,54.8,55.22,54.42,55.09
1090728,1600,54.76,55.32,54.34,55.12
1090729,1600,54.82,55.13,54.54,54.84
1090730,1600,55.61,56.44,55.38,55.8
1090731,1600,55.58,56.28,55.54,55.57
1090803,1600,56.24,56.58,55.62,56.54
1090804,1600,56.21,57.32,56.16,57.11
1090805,1600,57.17,57.17,56.0,56.54
1090806,1600,56.78,56.96,55.61,55.75
1090807,1600,56.62,57.84,56.29,57.09
1090810,1600,56.93,57.55,56.71,57.19
1090811,1600,56.97,57.04,55.98,56.27
1090812,1600,56.3,57.84,56.26,57.12
1090813,1600,57.59,57.78,56.73,57.59
1090814,1600,57.5,57.55,55.82,56.41
1090817,1600,55.26,55.37,54.68,54.82
1090818,1600,55.2,55.89,54.92,55.55
1090819,1600,54.93,56.27,54.82,56.23
1090820,1600,56.11,56.97,55.86,56.84
1090821,1600,57.44,58.39,57.37,58.15
1090824,1600,58.4,58.77,57.84,58.13
1090825,1600,58.4,59.07,58.2,58.38
1090826,1600,58.3,58.77,58.03,58.51
1090827,1600,58.44,58.6,57.23,58.42
1090828,1600,59.02,59.18,57.66,58.05
1090831,1600,57.46,57.62,56.93,57.2
1090901,1600,56.86,58.13,55.7,55.92
1090902,1600,55.65,56.06,55.47,55.64
1090903,1600,55.92,56.31,55.21,56.26
1090904,1600,56.19,57.11,55.87,57.05
1090908,1600,57.66,57.72,57.0,57.68
1090909,1600,57.68,59.03,57.52,58.67
1090910,1600,58.67,59.56,58.2,59.4
1090911,1600,59.59,59.99,59.1,59.42
1090914,1600,58.98,60.11,58.87,60.05
1090915,1600,60.01,60.72,59.77,60.54
1090916,1600,60.81,61.8,60.62,61.79
1090917,1600,61.74,62.34,61.35,61.66
1090918,1600,62.09,62.09,61.26,61.91
1090921,1600,61.32,61.96,61.09,61.74
1090922,1600,62.03,62.24,61.59,62.02
1090923,1600,62.13,62.61,61.31,61.43
1090924,1600,61.53,61.76,59.76,60.2
1090925,1600,59.91,60.34,59.51,59.83
1090928,1600,60.22,61.58,60.04,61.26
1090929,1600,61.3,61.78,60.92,60.99
1090930,1600,61.12,61.24,59.56,60.24
1091001,1600,60.13,60.18,58.34,58.44
1091002,1600,57.78,58.52,57.53,58.0
1091005,1600,58.31,59.29,58.08,59.04
1091006,1600,59.52,60.45,59.36,60.14
1091007,1600,59.98,60.41,59.85,60.16
1091008,1600,60.73,61.31,60.37,60.71
1091009,1600,60.85,61.51,60.67,61.42
1091012,1600,61.79,62.03,61.14,61.43
1091013,1600,61.32,61.49,60.6,61.17
1091014,1600,62.07,62.46,61.55,62.34
1091015,1600,61.99,62.45,61.83,62.3
1091016,1600,61.89,62.02,61.14,61.68
1091019,1600,61.88,62.52,61.38,62.19
1091020,1600,62.24,62.32,60.99,61.33
1091021,1600,61.24,62.4,60.41,60.5
1091022,1600,60.48,61.61,59.77,61.34
1091023,1600,61.47,61.68,59.97,60.06
1091026,1600,60.24,61.17,59.22,59.52
1091027,1600,59.57,59.89,58.69,58.79
1091028,1600,58.59,58.8,56.59,56.83
1091029,1600,57.33,58.24,57.12,57.91
1091030,1600,57.67,57.74,55.98,56.33
1091102,1600,56.63,57.14,55.33,56.22
1091103,1600,55.88,57.09,55.69,57.07
1091104,1600,57.46,57.68,56.25,56.25
1091105,1600,56.99,58.17,56.77,58.04
1091106,1600,57.43,58.58,57.27,58.08
1091109,1600,58.59,59.27,58.55,59.22
1091110,1600,59.1,59.51,58.37,58.85
1091111,1600,59.3,59.84,58.8,59.26
1091112,1600,59.28,59.73,58.0,58.17
1091113,1600,58.35,58.96,57.63,58.73
1091116,1600,59.12,60.68,59.12,60.28
1091117,1600,60.08,60.48,59.74,60.28
1091118,1600,60.35,60.38,59.6,60.16
1091119,1600,59.56,59.66,58.19,58.66
1091120,1600,58.22,58.8,58.09,58.59
1091123,1600,59.41,60.32,59.29,59.61
1091124,1600,59.62,59.63,58.62,59.34
1091125,1600,59.69,59.82,59.26,59.33
1091127,1600,57.15,58.67,57.04,57.58
1091130,1600,57.65,58.25,56.86,58.09
1091201,1600,58.64,59.23,58.46,58.99
1091202,1600,59.07,60.21,59.06,59.69
1091203,1600,59.98,60.37,58.93,58.96
1091204,1600,60.2,60.87,59.28,60.42
1091207,1600,60.41,60.84,60.11,60.51
1091208,1600,60.14,60.47,59.38,60.04
1091209,1600,59.94,60.1,59.3,59.85
1091210,1600,60.12,60.44,59.36,59.61
1091211,1600,60.03,60.27,59.48,60.17
1091214,1600,60.65,61.38,59.97,61.08
1091215,1600,60.96,61.52,60.78,60.91
1091216,1600,61.3,61.62,60.9,61.3
1091217,1600,60.93,61.17,60.18,60.62
1091218,1600,61.04,61.19,60.32,61.18
1091221,1600,61.63,62.11,61.62,61.99
1091222,1600,62.05,62.65,61.92,62.57
1091223,1600,62.7,63.16,62.28,63.12
1091224,1600,63.29,63.39,63.13,63.36
1091228,1600,63.59,63.61,62.97,63.26
1091229,1600,63.42,63.53,63.18,63.23
1091230,1600,63.04,63.49,62.65,63.19
1091231,1600,63.23,63.57,62.26,62.44
1100104,1600,63.29,64.04,63.27,63.98
1100105,1600,63.88,64.18,63.49,63.76
1100106,1600,63.76,64.1,63.54,63.7
1100107,1600,63.74,64.22,63.14,64.17
1100108,1600,63.94,64.52,63.8,64.52
1100111,1600,64.78,64.88,64.01,64.26
1100112,1600,63.86,64.16,63.26,63.56
1100113,1600,63.78,64.51,63.23,64.38
1100114,1600,64.14,64.82,64.02,64.62
1100115,1600,64.65,64.8,63.27,63.68
1100119,1600,63.92,64.87,63.92,64.85
1100120,1600,64.39,64.4,63.19,63.91
1100121,1600,63.96,64.48,62.64,62.86
1100122,1600,62.76,63.06,61.18,61.73
1100125,1600,62.08,62.15,61.33,61.8
1100126,1600,61.57,62.03,61.14,61.19
1100127,1600,60.92,61.94,60.71,61.84
1100128,1600,61.96,61.99,60.22,60.78
1100129,1600,61.03,61.69,59.97,60.11
1100201,1600,60.39,60.94,60.16,60.82
1100202,1600,60.93,61.56,60.62,61.49
1100203,1600,61.2,61.63,60.59,61.08
1100204,1600,60.66,60.68,58.99,59.04
1100205,1600,59.17,59.33,58.0,59.27
1100208,1600,59.08,59.6,58.62,58.68
1100209,1600,59.38,59.93,58.75,59.49
1100210,1600,59.31,59.78,58.69,59.63
1100211,1600,59.46,60.62,59.0,60.58
1100212,1600,60.0,61.1,59.81,61.02
1100216,1600,61.66,62.11,61.08,62.05
1100217,1600,62.36,62.61,61.99,62.47
1100218,1600,62.47,63.0,62.25,62.98
1100219,1600,62.74,63.38,62.61,63.06
1100222,1600,63.42,63.45,63.02,63.25
1100223,1600,63.16,63.25,62.33,62.51
1100224,1600,62.74,63.35,62.55,63.04
1100225,1600,62.18,63.12,61.98,63.06
1100226,1600,63.16,63.21,62.46,62.8
1100301,1600,63.26,64.32,63.26,64.26
1100302,1600,64.5,65.15,64.4,64.75
1100303,1600,65.07,65.49,64.78,65.12
1100304,1600,65.14,65.37,64.87,65.29
1100305,1600,65.71,66.72,65.5,66.62
1100308,1600,66.64,66.93,66.52,66.74
1100309,1600,66.55,67.49,66.53,66.98
1100310,1600,67.04,67.9,67.01,67.55
1100311,1600,67.14,67.86,66.9,67.75
1100312,1600,68.1,68.13,67.26,67.72
1100315,1600,67.68,67.81,67.0,67.49
1100316,1600,67.83,68.1,67.34,68.07
1100317,1600,68.22,68.88,68.2,68.47
1100318,1600,68.44,68.78,68.14,68.26
1100319,1600,67.41,68.51,67.16,67.41
1100322,1600,66.93,68.51,66.78,68.36
1100323,1600,68.42,69.25,68.11,69.23
1100324,1600,68.68,68.97,68.25,68.27
1100325,1600,68.87,69.36,67.79,67.84
1100326,1600,68.12,68.57,67.56,67.81
1100329,1600,68.11,68.4,67.81,68.18
1100330,1600,68.29,68.74,67.87,68.39
1100331,1600,68.13,68.81,67.79,67.8
1100401,1600,68.33,68.69,67.39,68.43
1100405,1600,68.61,69.76,68.44,69.71
1100406,1600,69.47,70.29,69.33,70.12
1100407,1600,70.04,70.31,69.45,69.9
1100408,1600,69.7,70.2,69.16,69.83
1100409,1600,69.94,70.26,69.5,70.25
1100412,1600,70.28,70.68,70.12,70.54
1100413,1600,70.39,70.74,69.94,70.7
1100414,1600,71.11,72.21,70.99,72.21
1100415,1600,72.18,72.58,72.09,72.43
1100416,1600,72.24,72.47,70.94,71.46
1100419,1600,71.06,71.77,69.78,71.11
1100420,1600,71.49,72.13,71.18,72.08
1100421,1600,72.2,72.72,71.92,72.58
1100422,1600,71.84,73.49,71.46,73.35
1100423,1600,73.49,74.21,72.64,74.13
1100426,1600,74.17,74.66,73.83,73.85
1100427,1600,73.55,74.24,72.02,72.16
1100428,1600,72.57,72.78,71.92,72.28
1100429,1600,72.82,73.84,72.38,73.81
1100430,1600,73.8,73.93,71.57,71.65
1100503,1600,72.1,73.31,72.06,73.26
1100504,1600,72.19,72.2,70.53,70.96
1100505,1600,70.38,70.95,69.39,69.92
1100506,1600,69.42,70.19,63.36,67.3
1100507,1600,66.71,67.62,64.64,65.36
1100510,1600,68.55,69.06,67.7,69.03
1100511,1600,68.21,70.52,67.98,69.49
1100512,1600,69.85,71.7,69.79,71.62
1100513,1600,71.46,72.1,70.59,70.93
1100514,1600,70.47,70.5,68.62,69.56
1100517,1600,70.0,70.57,67.75,69.69
1100518,1600,70.6,70.8,68.13,68.35
1100519,1600,68.04,68.8,66.58,67.54
1100520,1600,65.77,66.12,64.08,64.12
1100521,1600,63.07,65.64,62.76,65.07
1100524,1600,64.8,65.41,64.14,64.2
1100525,1600,62.8,64.24,61.71,64.19
1100526,1600,64.44,65.95,63.98,64.35
1100527,1600,65.96,67.14,64.35,67.11
1100528,1600,66.91,67.17,65.73,66.25
1100601,1600,65.6,66.47,64.19,64.24
1100602,1600,64.63,66.1,64.02,66.07
1100603,1600,66.2,67.09,65.87,66.92
1100604,1600,65.11,65.7,63.37,63.56
1100607,1600,63.84,64.11,61.86,61.92
1100608,1600,62.11,62.6,60.7,61.89
1100609,1600,62.37,63.42,61.59,61.93
1100610,1600,63.03,64.08,62.8,64.07
1100611,1600,63.29,65.03,63.18,64.94
1100614,1600,65.8,66.5,65.16,65.35
1100615,1600,65.92,67.17,65.36,66.99
1100616,1600,66.4,67.38,66.25,66.68
1100617,1600,67.08,67.2,65.97,66.76
1100618,1600,66.97,67.53,66.45,66.8
1100621,1600,67.87,68.0,65.72,66.11
1100622,1600,66.36,67.1,64.67,64.75
1100623,1600,64.58,65.26,63.81,64.57
1100624,1600,64.03,64.53,63.39,63.54
1100625,1600,63.78,64.92,63.2,64.63
1100628,1600,64.59,65.24,63.91,64.26
1100629,1600,63.22,63.22,61.38,61.83
1100630,1600,61.63,62.62,60.94,61.12
1100701,1600,61.2,61.4,59.12,60.68
1100702,1600,60.75,60.89,59.42,59.82
1100706,1600,60.86,61.5,58.66,59.04
1100707,1600,59.22,61.15,58.99,61.1
1100708,1600,61.77,62.11,61.04,61.98
1100709,1600,61.98,62.94,61.77,62.94
1100712,1600,62.76,63.18,61.62,62.23
1100713,1600,63.08,64.44,62.84,64.2
1100714,1600,64.02,64.39,63.47,63.97
1100715,1600,64.1,64.1,62.61,63.38
1100716,1600,62.91,63.04,60.89,61.07
1100719,1600,61.27,61.48,60.15,61.33
1100720,1600,60.45,62.47,60.21,62.36
1100721,1600,62.85,62.97,61.1,61.24
1100722,1600,62.18,63.66,62.17,63.42
1100723,1600,63.11,65.11,62.94,64.98
1100726,1600,65.26,66.52,64.92,66.46
1100727,1600,67.06,67.27,65.98,66.22
1100728,1600,66.13,66.43,64.78,65.15
1100729,1600,65.71,65.99,63.95,64.98
1100730,1600,64.1,65.61,63.82,65.02
1100802,1600,66.17,66.54,65.59,66.15
1100803,1600,65.93,66.53,65.09,65.62
1100804,1600,65.98,66.48,65.71,66.31
1100805,1600,65.66,66.21,65.46,65.53
1100806,1600,64.45,65.41,63.86,65.14
1100809,1600,65.62,66.11,64.85,65.86
1100810,1600,65.21,65.41,64.13,64.62
1100811,1600,63.33,63.33,61.91,62.08
1100812,1600,60.85,62.15,60.76,61.77
1100813,1600,61.5,61.68,60.97,61.07
1100816,1600,60.64,61.92,60.38,61.56
1100817,1600,62.22,63.15,61.86,62.62
1100818,1600,62.55,63.43,61.94,62.81
1100819,1600,62.59,62.85,60.94,61.09
1100820,1600,60.87,61.19,60.14,61.15
1100823,1600,61.6,61.92,60.28,60.32
1100824,1600,59.36,60.32,58.8,59.63
1100825,1600,59.14,60.68,58.89,60.53
1100826,1600,60.75,61.28,59.86,60.08
1100827,1600,60.77,61.8,59.56,61.65
1100830,1600,61.35,61.66,60.27,60.3
1100831,1600,60.15,60.91,59.68,60.18
1100901,1600,61.23,62.55,61.02,62.51
1100902,1600,62.49,63.38,62.27,63.2
1100903,1600,64.16,64.53,63.61,64.33
1100907,1600,64.13,64.14,62.91,63.11
1100908,1600,63.26,63.99,63.23,63.48
1100909,1600,64.45,64.48,63.04,63.52
1100910,1600,63.76,64.11,63.35,63.72
1100913,1600,64.45,65.48,64.32,65.27
1100914,1600,65.13,65.62,64.76,64.99
1100915,1600,64.81,65.57,64.33,65.36
1100916,1600,65.2,65.41,64.39,64.94
1100917,1600,65.4,65.52,64.28,65.21
1100920,1600,65.42,67.2,64.97,67.02
1100921,1600,67.02,67.43,66.53,66.63
1100922,1600,66.45,66.9,65.33,65.84
1100923,1600,65.15,66.16,64.66,64.88
1100924,1600,65.79,67.06,65.69,66.99
1100927,1600,67.01,67.16,66.51,66.82
1100928,1600,66.97,67.63,65.75,67.48
1100929,1600,67.38,67.95,67.12,67.67
1100930,1600,68.17,68.55,66.95,67.5
1101001,1600,68.14,68.26,67.25,67.86
1101004,1600,67.68,68.1,66.48,66.94
1101005,1600,67.68,69.01,67.25,68.84
1101006,1600,68.78,69.06,68.22,68.61
1101007,1600,69.02,69.08,67.92,68.41
1101008,1600,68.51,69.66,68.14,69.28
1101011,1600,69.34,69.86,69.14,69.34
1101012,1600,69.16,69.82,68.41,69.52
1101013,1600,69.99,71.14,69.77,70.58
1101014,1600,70.63,70.95,69.89,70.53
1101015,1600,71.14,71.25,69.89,70.29
1101018,1600,70.56,71.03,70.26,70.88
1101019,1600,70.04,70.76,68.95,69.5
1101020,1600,69.84,70.63,69.43,70.21
1101021,1600,70.56,71.09,68.96,69.87
1101022,1600,70.04,70.39,69.76,70.32
1101025,1600,70.84,71.56,70.36,70.74
1101026,1600,70.36,71.17,69.99,70.69
1101027,1600,70.21,70.62,69.54,70.51
1101028,1600,71.06,71.12,69.75,70.08
1101029,1600,69.88,70.67,69.83,70.3
1101101,1600,70.66,71.17,69.31,69.82
1101102,1600,70.67,71.31,70.27,71.27
1101103,1600,71.36,71.62,70.5,71.55
1101104,1600,72.86,73.38,72.62,73.36
1101105,1600,73.45,74.0,73.3,73.77
1101108,1600,73.53,73.91,73.12,73.71
1101109,1600,73.91,74.05,72.33,72.73
1101110,1600,72.83,73.55,72.11,73.54
1101111,1600,72.73,73.54,72.46,73.25
1101112,1600,72.53,73.1,71.9,72.03
1101115,1600,72.38,72.85,71.97,72.04
1101116,1600,71.5,71.68,70.15,70.64
1101117,1600,70.8,71.02,70.4,70.83
1101118,1600,71.67,72.58,71.66,72.21
1101119,1600,72.0,72.61,71.53,72.45
1101122,1600,72.17,72.99,71.74,72.8
1101123,1600,71.92,72.24,71.5,72.11
1101124,1600,72.76,73.75,72.75,73.73
1101126,1600,73.28,73.73,73.13,73.22
1101129,1600,72.95,73.51,72.03,73.33
1101130,1600,72.48,73.25,72.18,72.75
1101201,1600,74.12,74.57,72.81,74.38
1101202,1600,74.47,75.29,74.36,75.13
1101203,1600,74.83,75.9,74.76,75.67
1101206,1600,75.64,76.35,75.5,76.14
1101207,1600,77.06,77.24,76.41,76.58
1101208,1600,76.75,77.01,76.37,76.53
1101209,1600,77.08,77.08,76.48,76.79
1101210,1600,77.05,77.94,76.77,77.75
1101213,1600,78.06,78.19,77.32,77.35
1101214,1600,77.71,77.72,77.18,77.31
1101215,1600,77.25,78.06,76.92,77.07
1101216,1600,77.18,77.97,76.86,77.78
1101217,1600,77.86,78.17,77.29,78.02
1101220,1600,78.31,78.81,77.93,78.33
1101221,1600,78.65,79.28,78.59,79.2
1101222,1600,79.03,79.18,78.72,78.82
1101223,1600,78.96,79.12,78.61,78.72
1101227,1600,78.47,79.1,78.31,78.96
1101228,1600,79.11,79.16,78.52,78.74
1101229,1600,78.85,79.02,78.75,78.91
1101230,1600,78.84,79.22,78.76,78.76
1101231,1600,78.67,78.88,78.17,78.24
1110103,1600,78.94,80.02,78.73,79.6
1110104,1600,79.84,79.9,77.57,78.42
1110105,1600,78.4,79.36,78.11,79.34
1110106,1600,79.4,79.53,78.65,78.97
1110107,1600,79.24,79.44,77.44,78.52
1110110,1600,78.24,79.29,77.62,78.97
1110111,1600,79.36,79.68,78.87,79.29
1110112,1600,79.94,80.13,79.51,79.97
1110113,1600,79.99,80.3,79.57,79.94
1110114,1600,79.86,80.68,79.69,80.54
1110118,1600,80.29,80.63,79.87,80.6
1110119,1600,80.57,80.7,78.36,78.53
1110120,1600,78.14,78.54,77.34,77.71
1110121,1600,78.21,78.24,77.12,77.19
1110124,1600,77.2,78.07,77.09,77.76
1110125,1600,77.31,77.9,76.95,77.88
1110126,1600,78.0,79.38,77.75,79.12
1110127,1600,79.12,79.67,78.73,79.35
1110128,1600,79.31,79.45,77.33,77.41
1110131,1600,77.87,78.5,77.25,77.95
1110201,1600,78.58,80.01,78.37,79.75
1110202,1600,79.59,80.13,79.42,79.45
1110203,1600,79.39,79.85,78.5,79.73
1110204,1600,79.6,79.97,79.24,79.87
1110207,1600,79.98,81.25,79.91,80.66
1110208,1600,80.66,81.27,80.34,81.23
1110209,1600,81.01,81.3,80.42,80.87
1110210,1600,80.33,81.29,80.24,81.19
1110211,1600,80.89,82.1,80.79,82.07
1110214,1600,82.11,82.61,82.05,82.49
1110215,1600,82.27,82.49,81.83,82.02
1110216,1600,82.21,82.82,82.18,82.68
1110217,1600,82.6,83.51,82.45,83.26
1110218,1600,83.45,83.77,83.04,83.35
1110222,1600,82.73,83.02,81.09,81.21
1110223,1600,81.37,81.44,79.29,79.81
1110224,1600,79.96,80.72,79.36,80.32
1110225,1600,80.7,82.21,80.64,82.18
1110228,1600,82.65,82.84,81.59,82.27
1110301,1600,82.58,82.64,80.35,80.62
1110302,1600,80.53,81.37,80.24,80.96
1110303,1600,81.77,83.02,81.03,82.8
1110304,1600,82.79,82.84,81.65,82.44
1110307,1600,82.76,82.82,80.41,81.09
1110308,1600,81.16,82.81,80.55,82.41
1110309,1600,82.25,82.58,81.75,82.08
1110310,1600,81.0,81.03,79.7,79.97
1110311,1600,79.34,80.7,79.28,80.18
1110314,1600,79.34,80.33,78.91,79.75
1110315,1600,77.96,79.67,77.57,79.04
1110316,1600,78.68,79.64,77.76,78.25
1110317,1600,79.33,79.44,78.42,78.42
1110318,1600,79.33,79.59,79.07,79.46
1110321,1600,80.48,81.32,80.36,81.3
1110322,1600,81.42,81.6,80.67,80.87
1110323,1600,80.69,81.36,79.85,81.12
1110324,1600,81.49,81.79,80.74,81.51
1110325,1600,81.98,83.06,81.55,82.22
1110328,1600,82.49,82.76,81.97,82.04
1110329,1600,82.09,82.89,81.58,82.81
1110330,1600,83.17,83.99,83.04,83.88
1110331,1600,83.8,84.29,83.7,84.17
1110401,1600,84.77,85.02,84.25,84.54
1110404,1600,84.76,84.97,84.54,84.73
1110405,1600,84.68,85.75,84.52,85.19
1110406,1600,85.63,85.88,84.91,85.38
1110407,1600,85.46,85.78,84.62,84.87
1110408,1600,85.25,85.36,83.6,83.98
1110411,1600,84.02,84.28,82.9,83.23
1110412,1600,82.79,83.05,82.05,82.14
1110413,1600,82.65,82.81,81.67,82.25
1110414,1600,81.59,82.71,81.45,82.63
1110415,1600,82.66,83.51,82.26,83.51
1110418,1600,82.25,82.26,81.43,82.13
1110419,1600,82.41,82.7,81.67,82.15
1110420,1600,83.5,83.9,83.25,83.83
1110421,1600,84.34,84.48,83.73,84.45
1110425,1600,84.37,84.53,83.77,84.34
1110426,1600,84.53,85.67,84.35,85.18
1110427,1600,85.23,85.77,84.89,85.69
1110428,1600,85.6,86.5,85.52,86.08
1110429,1600,86.19,86.68,85.93,86.39
1110502,1600,86.78,86.81,85.28,85.38
1110503,1600,85.29,85.49,83.72,84.3
1110504,1600,84.42,84.46,82.73,83.21
1110505,1600,82.64,84.08,82.41,82.83
1110506,1600,83.76,84.34,82.84,83.27
1110509,1600,83.17,84.33,83.04,84.24
1110510,1600,84.67,85.54,84.56,85.53
1110511,1600,85.24,85.36,83.55,83.95
1110512,1600,83.47,84.94,82.98,84.69
1110513,1600,84.76,84.99,83.27,83.51
1110516,1600,82.96,83.89,82.22,82.29
1110517,1600,81.63,82.32,81.4,82.03
1110518,1600,82.13,83.32,82.0,83.29
1110519,1600,83.86,83.97,82.73,83.47
1110520,1600,83.25,83.45,82.29,82.86
1110523,1600,81.42,81.95,81.23,81.37
1110524,1600,81.59,81.96,80.83,80.98
1110525,1600,80.77,82.29,80.76,82.0
1110526,1600,81.7,83.12,81.65,83.08
1110527,1600,83.46,83.93,83.26,83.65
1110531,1600,84.61,84.86,83.77,84.84
1110601,1600,84.71,84.82,82.03,82.11
1110602,1600,82.32,82.66,81.6,82.08
1110603,1600,80.81,81.73,80.69,80.88
1110606,1600,80.75,81.07,79.49,79.55
1110607,1600,80.04,80.43,79.53,79.74
1110608,1600,79.47,79.72,78.71,78.85
1110609,1600,79.08,79.71,78.73,79.27
1110610,1600,78.78,78.91,77.65,78.0
1110613,1600,78.23,78.64,77.35,77.78
1110614,1600,78.44,79.68,78.39,79.45
1110615,1600,78.6,79.21,77.72,78.03
1110616,1600,78.09,78.88,77.23,78.21
1110617,1600,78.99,79.13,77.83,78.23
1110620,1600,77.96,79.23,77.93,78.95
1110621,1600,79.58,80.77,79.42,80.66
1110622,1600,80.22,81.11,80.01,80.04
1110623,1600,79.13,80.51,78.3,80.35
1110624,1600,80.63,80.76,79.47,79.94
1110627,1600,79.91,80.72,79.46,80.56
1110628,1600,80.83,81.85,80.67,81.81
1110629,1600,82.1,82.4,81.44,82.2
1110630,1600,82.41,83.05,82.28,82.8
1110701,1600,82.88,84.23,82.62,84.09
1110705,1600,83.93,84.14,83.53,84.04
1110706,1600,83.91,84.51,83.61,84.38
1110707,1600,85.21,85.97,84.94,85.65
1110708,1600,84.62,85.21,84.32,85.13
1110711,1600,84.06,84.53,83.09,83.32
1110712,1600,82.88,83.77,82.78,82.85
1110713,1600,83.38,84.47,83.22,83.59
1110714,1600,83.75,84.17,82.05,82.26
1110715,1600,82.61,82.91,82.18,82.81
1110718,1600,82.44,82.63,81.0,81.48
1110719,1600,82.23,83.41,82.18,83.32
1110720,1600,83.35,83.42,82.65,83.18
1110721,1600,83.44,84.3,83.24,83.94
1110722,1600,83.85,84.26,83.4,84.05
1110725,1600,83.02,83.76,82.75,83.06
1110726,1600,82.88,83.09,82.21,82.43
1110727,1600,81.89,81.91,79.85,79.97
1110728,1600,79.96,80.97,79.69,79.84
1110729,1600,78.72,80.18,78.14,79.74
1110801,1600,80.69,80.99,78.47,79.22
1110802,1600,78.92,79.68,76.61,76.75
1110803,1600,76.69,77.35,74.88,77.26
1110804,1600,76.07,76.21,72.59,72.6
1110805,1600,73.52,73.85,69.66,71.33
1110808,1600,69.01,71.41,65.08,65.12
1110809,1600,66.92,69.62,63.76,69.46
1110810,1600,67.35,69.57,65.87,66.06
1110811,1600,66.51,70.44,66.07,69.36
1110812,1600,69.99,70.6,68.8,69.79
1110815,1600,70.58,71.83,70.38,71.76
1110816,1600,70.59,71.41,69.66,70.44
1110817,1600,70.97,71.52,69.76,70.46
1110818,1600,68.06,70.4,65.82,66.45
1110819,1600,65.01,67.41,64.9,65.28
1110822,1600,67.12,67.19,64.57,65.05
1110823,1600,65.46,68.3,64.86,68.19
1110824,1600,68.12,69.63,67.52,69.2
1110825,1600,69.98,70.29,67.25,67.5
1110826,1600,67.26,69.32,66.06,69.11
1110829,1600,70.07,72.45,70.04,72.38
1110830,1600,71.9,73.27,71.12,72.8
1110831,1600,73.2,73.89,71.9,72.65
1110901,1600,72.7,73.63,70.69,71.09
1110902,1600,69.36,70.04,68.1,68.46
1110906,1600,65.93,68.31,65.93,68.27
1110907,1600,69.4,70.95,69.07,70.85
1110908,1600,70.34,71.3,69.18,69.55
1110909,1600,68.7,69.13,66.75,67.5
1110912,1600,66.38,68.25,66.37,68.08
1110913,1600,68.54,69.46,67.83,69.18
1110914,1600,69.84,71.4,68.44,70.42
1110915,1600,71.07,71.44,69.99,71.41
1110916,1600,71.65,72.03,70.88,71.52
1110919,1600,70.1,71.01,69.45,70.24
1110920,1600,70.49,71.29,69.11,69.15
1110921,1600,69.04,69.63,66.54,66.59
1110922,1600,64.3,65.92,63.49,64.73
1110923,1600,64.25,65.53,64.1,65.14
1110926,1600,65.84,66.48,64.28,66.37
1110927,1600,67.85,69.39,67.27,67.8
1110928,1600,67.79,68.12,65.1,65.2
1110929,1600,66.73,67.02,64.37,66.33
1110930,1600,65.15,66.18,64.24,64.3
1111003,1600,63.81,64.96,60.85,60.99
1111004,1600,60.32,64.88,60.09,64.79
1111005,1600,64.78,66.13,63.92,65.68
1111006,1600,65.51,67.31,65.15,67.14
1111007,1600,67.38,67.61,65.2,65.5
1111010,1600,66.97,68.38,65.54,68.37
1111011,1600,67.72,69.12,67.54,68.84
1111012,1600,69.37,70.53,68.82,69.82
1111013,1600,69.42,70.12,68.58,69.76
1111014,1600,70.58,71.34,69.81,71.14
1111017,1600,70.51,70.62,68.63,68.98
1111018,1600,69.21,71.29,67.85,70.81
1111019,1600,70.61,71.15,69.07,69.43
1111020,1600,69.56,69.73,67.75,69.62
1111021,1600,70.57,71.16,70.02,71.13
1111024,1600,71.45,73.58,71.16,73.42
1111025,1600,72.89,72.94,71.16,71.36
1111026,1600,72.6,73.04,70.54,72.59
1111027,1600,75.29,76.97,72.65,76.42
1111028,1600,76.3,76.92,75.76,76.03
1111031,1600,74.85,75.44,73.93,74.01
1111101,1600,71.18,72.97,70.96,71.39
1111102,1600,72.62,73.3,71.83,73.15
1111103,1600,74.27,75.2,72.29,74.97
1111104,1600,74.18,74.82,73.55,74.6
1111107,1600,74.5,74.87,72.9,74.45
1111108,1600,75.14,75.64,73.46,75.54
1111109,1600,73.32,73.92,71.82,71.94
1111110,1600,73.12,73.23,71.63,72.47
1111111,1600,73.34,74.53,72.53,74.38
1111114,1600,74.1,74.27,72.77,73.31
1111115,1600,72.92,74.64,72.43,74.24
1111116,1600,73.47,74.88,72.91,73.04
1111117,1600,72.95,73.44,71.27,72.0
1111118,1600,72.25,72.47,71.45,71.98
1111121,1600,70.54,70.85,69.61,70.26
1111122,1600,70.13,70.63,69.3,69.67
1111123,1600,68.9,69.09,67.37,67.48
1111125,1600,67.05,68.04,66.62,66.62
1111128,1600,69.09,69.92,68.91,69.79
1111129,1600,69.84,70.18,69.12,69.66
1111130,1600,72.56,73.79,69.65,73.73
1111201,1600,73.47,74.14,73.06,73.2
1111202,1600,74.09,74.63,73.31,73.5
1111205,1600,74.94,75.39,74.13,74.76
1111206,1600,74.81,75.29,74.09,74.83
1111207,1600,74.28,75.06,73.13,74.68
1111208,1600,73.9,74.18,72.22,72.36
1111209,1600,72.5,74.97,72.38,74.54
1111212,1600,73.49,74.6,72.5,73.47
1111213,1600,74.23,74.47,71.55,71.94
1111214,1600,71.25,71.89,70.58,71.04
1111215,1600,72.06,72.11,71.04,71.7
1111216,1600,72.28,73.28,71.73,72.26
1111219,1600,72.93,73.2,70.83,71.01
1111220,1600,72.55,73.97,72.51,73.86
1111221,1600,73.53,74.39,72.73,74.16
1111222,1600,74.16,74.67,73.98,74.27
1111223,1600,74.55,74.68,74.08,74.55
1111227,1600,74.26,75.16,74.08,74.77
1111228,1600,74.88,74.9,73.27,73.41
1111229,1600,73.73,74.44,73.6,74.15
1111230,1600,74.12,74.52,73.69,73.75
1120103,1600,75.68,75.87,74.77,74.97
1120104,1600,74.58,74.86,74.07,74.56
1120105,1600,74.03,75.34,73.37,74.98
1120106,1600,75.02,75.38,74.27,74.79
1120109,1600,75.14,75.3,74.41,75.17
1120110,1600,76.16,76.43,75.96,76.27
1120111,1600,75.95,76.67,75.87,76.57
1120112,1600,76.79,76.92,75.94,76.8
1120113,1600,76.18,76.48,75.6,76.39
1120117,1600,77.1,77.27,76.13,76.36
1120118,1600,76.32,77.73,76.15,77.72
1120119,1600,78.13,78.36,77.66,78.2
1120120,1600,78.1,78.51,77.9,78.25
1120123,1600,78.26,78.84,77.55,78.15
1120124,1600,77.68,78.75,77.27,78.6
1120125,1600,78.6,79.57,78.19,79.27
1120126,1600,79.86,79.91,78.75,79.18
1120127,1600,78.8,79.78,78.77,79.72
1120130,1600,79.08,79.43,78.52,79.1
1120131,1600,79.66,79.82,78.58,79.02
1120201,1600,79.76,80.9,79.47,80.72
1120202,1600,81.04,81.53,80.74,81.18
1120203,1600,82.47,83.22,82.24,82.95
1120206,1600,82.57,82.93,82.37,82.68
1120207,1600,82.61,82.99,82.08,82.63
1120208,1600,82.8,83.21,81.93,82.81
1120209,1600,83.02,83.03,81.84,82.4
1120210,1600,81.5,81.67,81.08,81.27
1120213,1600,82.11,82.43,81.61,82.32
1120214,1600,81.91,82.12,81.36,81.95
1120215,1600,82.42,82.43,81.0,81.27
1120216,1600,81.32,82.9,81.28,82.8
1120217,1600,83.29,83.31,82.63,82.79
1120221,1600,82.92,83.04,81.83,82.23
1120222,1600,81.97,82.36,81.5,81.58
1120223,1600,81.71,82.85,81.26,82.8
1120224,1600,82.83,83.03,82.47,82.64
1120227,1600,81.84,82.95,81.25,82.5
1120228,1600,82.55,83.06,81.84,82.28
1120229,1600,82.55,82.96,80.97,81.05
1120301,1600,81.38,82.37,81.36,81.47
1120302,1600,81.42,81.64,79.84,80.25
1120305,1600,79.99,80.4,79.42,80.34
1120306,1600,79.42,79.62,78.41,78.74
1120307,1600,78.91,79.56,78.78,79.48
1120308,1600,80.0,80.69,79.35,80.51
1120309,1600,80.52,82.15,80.46,81.6
1120312,1600,81.74,81.93,81.05,81.44
1120313,1600,82.06,83.09,81.4,83.06
1120314,1600,82.96,83.23,82.01,82.38
1120315,1600,82.25,83.12,82.03,83.07
1120316,1600,83.22,83.27,82.65,83.0
1120319,1600,82.89,84.39,82.75,83.7
1120320,1600,83.12,83.3,82.58,82.95
1120321,1600,83.2,83.43,82.64,82.93
1120322,1600,82.09,82.46,81.62,82.13
1120323,1600,82.0,82.79,81.25,82.68
1120326,1600,83.74,84.46,83.62,84.4
1120327,1600,84.42,84.66,83.75,83.81
1120328,1600,83.8,84.02,82.61,83.32
1120329,1600,82.73,83.22,82.02,83.08
1120330,1600,83.59,83.6,82.53,82.81
1120402,1600,82.54,83.86,82.38,83.83
1120403,1600,83.66,84.0,82.93,83.27
1120404,1600,82.37,82.43,81.45,81.94
1120405,1600,81.6,82.0,81.42,81.58
1120409,1600,80.09,80.57,79.85,80.24
1120410,1600,79.92,80.16,78.14,78.35
1120411,1600,79.01,79.57,78.85,79.46
1120412,1600,79.54,80.91,79.44,80.6
1120413,1600,80.38,80.41,79.43,79.54
1120416,1600,79.89,80.2,78.88,79.67
1120417,1600,80.33,81.55,80.27,80.82
1120418,1600,80.41,80.67,79.83,80.21
1120419,1600,80.32,80.99,79.25,79.75
1120420,1600,80.28,80.97,80.06,80.21
1120423,1600,78.98,79.16,78.31,79.1
1120424,1600,79.13,79.93,78.86,79.7
1120425,1600,80.75,81.37,80.53,80.94
1120426,1600,80.95,81.87,80.82,81.74
1120427,1600,81.98,82.53,81.03,82.38
1120430,1600,82.35,82.36,81.43,81.47
1120501,1600,81.56,82.97,81.29,81.55
1120502,1600,80.91,81.82,80.57,81.77
1120503,1600,81.66,81.76,80.17,80.62
1120504,1600,80.07,80.55,78.94,79.09
1120507,1600,78.76,79.6,78.62,79.3
1120508,1600,78.69,79.3,77.97,79.25
1120509,1600,78.25,79.26,77.97,78.8
1120510,1600,79.32,79.55,78.63,79.1
1120511,1600,78.45,79.56,78.42,78.9
1120514,1600,78.09,78.46,77.61,77.85
1120515,1600,77.83,78.49,77.47,77.71
1120516,1600,77.98,78.39,77.1,77.15
1120517,1600,77.22,77.35,75.36,75.4
1120518,1600,75.39,75.91,74.49,74.69
1120521,1600,74.93,76.45,74.41,76.45
1120522,1600,76.42,77.03,75.47,75.99
1120523,1600,75.25,76.64,74.69,76.48
1120524,1600,76.43,76.74,75.55,76.64
1120525,1600,76.7,76.89,76.27,76.59
1120529,1600,77.33,77.91,76.76,77.7
1120530,1600,76.9,77.04,76.11,76.21
1120531,1600,76.27,76.59,75.07,76.11
1120601,1600,74.4,75.01,73.71,73.82
1120604,1600,74.09,74.35,72.94,73.65
1120605,1600,73.26,74.67,73.21,74.6
1120606,1600,75.19,76.51,75.03,76.44
1120607,1600,77.66,77.72,75.94,75.94
1120608,1600,75.9,77.06,75.35,76.97
1120611,1600,77.79,77.86,75.09,75.27
1120612,1600,75.44,76.26,74.78,76.22
1120613,1600,76.09,76.54,75.0,75.34
1120614,1600,75.38,76.47,75.16,76.2
1120615,1600,76.35,77.32,76.1,77.22
1120618,1600,76.6,77.6,76.35,77.31
1120619,1600,77.65,79.08,77.54,78.65
1120620,1600,78.67,79.08,77.98,78.53
1120621,1600,78.37,78.53,76.49,76.62
1120622,1600,77.07,77.74,76.65,77.49
1120625,1600,76.4,77.6,76.0,76.28
1120626,1600,76.09,76.58,75.42,76.2
1120627,1600,76.43,77.46,76.36,77.44
1120628,1600,76.78,77.37,76.12,77.31
1120629,1600,78.94,79.73,78.56,79.56
1120702,1600,79.92,80.51,79.28,80.48
1120703,1600,80.56,81.6,80.43,81.53
1120705,1600,81.62,81.84,81.03,81.44
1120706,1600,80.77,80.83,80.15,80.53
1120709,1600,80.42,80.53,79.86,80.22
1120710,1600,80.81,80.96,78.98,79.33
1120711,1600,79.39,79.65,78.55,79.06
1120712,1600,78.44,79.1,77.59,78.79
1120713,1600,79.07,80.09,79.02,79.77
1120716,1600,79.62,79.88,79.11,79.45
1120717,1600,79.98,80.15,78.65,79.73
1120718,1600,79.6,80.71,79.55,80.22
1120719,1600,80.55,80.74,79.81,79.95
1120720,1600,79.33,79.46,78.81,78.93
1120723,1600,77.51,78.03,77.18,77.67
1120724,1600,77.95,77.98,76.22,76.65
1120725,1600,77.0,77.38,76.47,76.82
1120726,1600,77.98,78.18,77.0,77.48
1120727,1600,77.83,79.72,77.39,79.32
1120730,1600,79.52,79.91,78.74,79.05
1120731,1600,78.73,79.47,78.35,78.35
1120801,1600,78.91,79.0,77.04,77.06
1120802,1600,76.27,77.31,76.25,76.78
1120803,1600,77.94,79.02,77.65,78.61
1120806,1600,78.7,79.63,78.59,79.22
1120807,1600,79.85,80.57,79.64,79.94
1120808,1600,79.6,80.19,79.54,79.82
1120809,1600,79.76,80.39,79.69,80.2
1120810,1600,79.77,80.05,79.5,79.92
1120813,1600,79.8,80.01,78.89,79.79
1120814,1600,80.3,80.42,79.27,79.6
1120815,1600,79.38,80.3,79.31,80.3
1120816,1600,80.18,81.3,79.83,81.14
1120817,1600,81.22,81.86,80.99,81.71
1120820,1600,81.59,81.66,80.98,81.53
1120821,1600,81.93,82.71,81.19,81.48
1120822,1600,81.27,81.5,80.79,81.09
1120823,1600,81.06,81.06,80.2,80.52
1120824,1600,80.34,81.07,80.11,80.74
1120827,1600,81.23,81.41,80.58,80.98
1120828,1600,80.97,81.51,80.75,81.35
1120829,1600,81.52,81.96,81.14,81.6
1120830,1600,81.18,81.25,80.64,80.79
1120831,1600,81.48,81.53,80.34,81.12
1120904,1600,81.18,82.4,80.55,82.11
1120905,1600,82.2,82.51,81.85,82.13
1120906,1600,82.58,83.94,82.52,83.64
1120907,1600,83.86,84.4,83.7,84.26
1120910,1600,84.18,84.45,83.79,83.88
1120911,1600,83.89,84.56,83.83,84.06
1120912,1600,84.49,84.65,83.9,84.49
1120913,1600,84.64,86.15,84.19,85.6
1120914,1600,85.86,86.96,85.83,86.4
1120917,1600,85.98,86.22,85.57,86.0
1120918,1600,85.74,85.9,85.36,85.72
1120919,1600,85.94,86.03,85.41,85.57
1120920,1600,85.14,85.4,84.61,85.19
1120921,1600,86.04,86.08,85.47,85.5
1120924,1600,84.89,85.43,84.6,84.89
1120925,1600,85.43,85.51,83.58,83.67
1120926,1600,83.85,83.93,82.84,83.14
1120927,1600,83.49,84.35,83.07,84.04
1120928,1600,83.78,84.0,83.26,83.44
1121001,1600,83.96,84.54,83.31,83.72
1121002,1600,84.15,84.24,83.37,83.88
1121003,1600,83.94,84.22,83.17,83.64
1121004,1600,83.96,84.26,83.2,84.21
1121005,1600,84.58,85.25,83.84,84.11
1121008,1600,83.62,83.9,83.39,83.58
1121009,1600,83.62,83.7,82.44,82.6
1121010,1600,82.67,82.83,82.18,82.47
1121011,1600,83.1,83.44,82.6,82.77
1121012,1600,82.74,83.02,81.91,82.1
1121015,1600,82.34,82.64,81.76,82.64
1121016,1600,83.08,83.36,82.88,83.25
1121017,1600,83.42,84.15,83.25,84.0
1121018,1600,83.94,84.15,83.45,83.54
1121019,1600,82.85,82.88,81.47,81.85
1121022,1600,81.64,81.97,81.35,81.83
1121023,1600,81.15,81.53,80.43,81.42
1121024,1600,81.7,81.85,80.91,81.2
1121025,1600,81.88,82.14,80.87,81.53
1121026,1600,81.44,81.9,80.46,81.14
1121031,1600,81.16,81.65,80.88,81.63
1121101,1600,81.82,82.71,81.52,82.49
1121102,1600,82.89,82.95,81.17,81.19
1121105,1600,81.18,81.84,80.92,81.73
1121106,1600,82.03,82.57,81.97,82.34
1121107,1600,81.37,81.37,79.91,80.34
1121108,1600,80.17,80.5,79.15,79.21
1121109,1600,78.87,79.97,78.7,79.38
1121112,1600,79.56,79.66,79.03,79.15
1121113,1600,78.79,79.56,78.58,78.7
1121114,1600,78.88,79.1,77.06,77.24
1121115,1600,77.09,77.49,76.29,76.84
1121116,1600,76.78,77.68,76.13,77.48
1121119,1600,78.32,79.18,78.22,79.12
1121120,1600,78.98,79.35,78.64,79.26
1121121,1600,79.41,79.73,79.13,79.68
1121123,1600,79.9,80.56,79.86,80.47
1121126,1600,80.35,80.79,80.07,80.73
1121127,1600,80.68,81.23,80.57,80.63
1121128,1600,80.32,81.31,79.63,81.31
1121129,1600,81.95,82.41,81.62,82.24
1121130,1600,82.4,82.41,81.73,82.08
1121203,1600,82.71,82.76,81.75,81.99
1121204,1600,82.07,82.32,81.46,82.09
1121205,1600,82.48,82.51,81.4,81.99
1121206,1600,81.98,82.31,81.61,82.12
1121207,1600,82.5,82.55,81.83,82.18
1121210,1600,82.37,82.66,82.21,82.54
1121211,1600,83.11,83.56,82.92,83.41
1121212,1600,83.67,83.8,82.77,82.94
1121213,1600,82.98,83.21,82.11,82.41
1121214,1600,82.22,82.81,82.12,82.36
1121217,1600,82.68,83.53,82.52,83.52
1121218,1600,83.71,84.77,83.49,84.66
1121219,1600,84.08,84.52,83.76,84.12
1121220,1600,84.14,84.61,83.85,84.54
1121221,1600,83.27,84.19,83.08,84.19
1121224,1600,83.89,83.97,83.51,83.78
1121226,1600,83.97,84.01,83.08,83.18
1121227,1600,83.26,83.43,82.05,83.12
1121228,1600,82.69,83.37,82.52,82.53
1121231,1600,82.66,84.43,82.35,84.32
1130102,1600,86.34,86.91,86.04,86.8
1130103,1600,86.85,87.28,86.37,86.6
1130104,1600,87.01,87.44,86.66,87.24
1130107,1600,86.8,87.07,86.62,86.91
1130108,1600,86.88,87.01,86.39,86.85
1130109,1600,87.02,87.35,86.96,87.27
1130110,1600,87.61,87.69,86.95,87.47
1130111,1600,87.4,87.54,87.0,87.34
1130114,1600,87.16,87.52,87.05,87.39
1130115,1600,86.83,87.89,86.77,87.77
1130116,1600,87.57,87.75,87.3,87.51
1130117,1600,87.91,88.51,87.83,88.32
1130118,1600,88.34,88.62,88.11,88.57
1130122,1600,88.64,89.26,88.38,89.21
1130123,1600,89.24,89.29,88.91,89.0
1130124,1600,89.15,89.85,88.93,89.29
1130125,1600,89.73,89.94,89.29,89.94
1130128,1600,90.01,90.23,89.38,90.0
1130129,1600,89.96,90.16,89.65,90.05
1130130,1600,89.97,90.02,88.69,88.97
1130131,1600,88.87,89.68,88.76,89.58
1130201,1600,89.96,90.7,89.85,90.37
1130204,1600,89.82,90.18,89.15,89.28
1130205,1600,89.71,90.38,89.59,90.08
1130206,1600,89.65,90.52,89.57,90.46
1130207,1600,90.39,90.55,89.55,90.16
1130208,1600,90.28,90.86,90.24,90.8
1130211,1600,90.71,90.75,90.26,90.7
1130212,1600,90.74,91.24,90.68,91.1
1130213,1600,91.19,91.55,90.98,91.48
1130214,1600,91.18,91.88,91.16,91.71
1130215,1600,91.67,92.03,91.47,91.74
1130219,1600,91.88,92.56,91.87,92.55
1130220,1600,92.63,92.68,90.74,90.83
1130221,1600,90.77,90.82,89.37,89.95
1130222,1600,90.41,91.03,90.37,91.03
1130225,1600,91.5,91.53,88.97,89.02
1130226,1600,89.41,89.78,88.79,89.37
1130227,1600,89.36,90.85,89.31,90.31
1130228,1600,90.3,91.05,90.18,90.48
1130301,1600,89.88,91.06,89.21,90.89
1130304,1600,90.67,91.17,90.2,91.13
1130305,1600,91.61,92.35,91.6,92.19
1130306,1600,92.47,92.6,92.12,92.43
1130307,1600,92.48,92.94,92.32,92.87
1130308,1600,93.6,93.75,92.92,93.73
1130311,1600,93.42,93.75,93.33,93.7
1130312,1600,93.48,93.75,93.18,93.51
1130313,1600,93.54,94.02,93.25,93.86
1130314,1600,94.03,94.81,93.87,94.8
1130315,1600,94.65,94.96,94.39,94.75
1130318,1600,93.74,94.61,93.67,94.23
1130319,1600,94.41,94.71,93.01,93.83
1130320,1600,94.36,94.74,94.26,94.7
1130321,1600,94.04,94.47,93.54,93.87
1130322,1600,94.25,94.37,93.94,94.16
1130325,1600,94.12,94.72,93.28,93.95
1130326,1600,94.34,94.49,93.75,94.25
1130327,1600,93.65,94.38,93.24,94.31
1130328,1600,94.27,94.66,94.14,94.43
1130401,1600,94.27,94.47,92.71,93.16
1130402,1600,93.78,93.92,92.5,92.58
1130403,1600,92.94,92.98,90.92,91.13
1130404,1600,91.26,91.94,90.96,91.91
1130405,1600,90.52,91.75,90.42,91.73
1130408,1600,91.99,92.52,91.33,92.49
1130409,1600,92.64,92.83,92.04,92.22
1130410,1600,92.51,94.1,92.45,93.89
1130411,1600,93.83,94.57,93.75,94.02
1130412,1600,93.7,93.94,92.92,93.64
1130415,1600,93.06,93.15,89.79,90.11
1130416,1600,90.81,91.8,90.49,91.67
1130417,1600,90.92,91.02,89.23,90.08
1130418,1600,90.15,90.37,89.13,89.58
1130419,1600,89.96,90.69,89.21,90.61
1130422,1600,90.7,91.07,89.2,90.87
1130423,1600,91.6,92.34,90.86,92.31
1130424,1600,92.29,92.86,91.93,92.79
1130425,1600,93.03,93.9,92.89,93.4
1130426,1600,93.09,93.36,92.5,92.9
1130429,1600,93.31,93.78,93.07,93.57
1130430,1600,93.58,94.14,93.17,94.1
1130501,1600,93.81,93.9,91.76,91.82
1130502,1600,92.34,93.47,92.17,93.28
1130503,1600,94.53,95.47,94.35,94.76
1130506,1600,94.83,95.5,94.74,95.37
1130507,1600,95.51,96.17,95.13,96.15
1130508,1600,95.93,96.47,95.68,96.43
1130509,1600,96.3,96.51,95.75,96.1
1130510,1600,96.21,96.93,96.07,96.83
1130513,1600,96.74,97.12,96.43,96.76
1130514,1600,96.94,98.03,96.93,98.0
1130515,1600,97.8,98.67,97.69,98.2
1130516,1600,98.03,98.56,97.7,97.95
1130517,1600,98.4,99.07,97.96,99.05
1130520,1600,98.76,99.6,98.75,99.21
1130521,1600,99.2,99.55,98.88,99.23
1130522,1600,99.41,100.38,97.11,97.78
1130523,1600,96.65,97.93,96.51,97.9
1130524,1600,97.3,97.95,96.71,97.88
1130528,1600,99.2,100.1,98.48,99.15
1130529,1600,98.55,99.18,97.37,98.23
1130530,1600,98.5,99.13,98.31,98.89
1130531,1600,98.38,99.02,97.77,97.8
1130603,1600,98.14,98.84,97.03,98.73
1130604,1600,98.68,99.2,96.92,97.68
1130605,1600,97.56,97.71,96.15,96.43
1130606,1600,96.36,97.45,95.73,97.45
1130607,1600,97.9,98.45,97.27,98.2
1130610,1600,98.64,98.8,97.81,98.8
1130611,1600,97.68,98.47,96.86,97.73
1130612,1600,98.33,98.48,96.63,96.76
1130613,1600,96.73,98.7,96.37,98.47
1130614,1600,98.28,98.64,97.42,97.71
1130617,1600,98.59,98.86,97.76,98.35
1130618,1600,98.52,99.8,98.33,99.51
1130619,1600,99.51,99.7,98.16,98.29
1130620,1600,96.71,98.21,95.29,95.69
1130621,1600,95.64,96.18,94.63,95.97
1130624,1600,94.91,95.52,93.83,94.71
1130625,1600,95.59,95.84,94.87,95.62
1130626,1600,96.52,96.63,95.65,96.07
1130627,1600,96.65,97.74,96.61,97.56
1130628,1600,97.4,97.96,96.85,97.0
1130701,1600,97.65,99.1,97.64,98.58
1130702,1600,98.16,98.85,97.45,98.08
1130703,1600,97.73,98.64,97.59,98.28
1130705,1600,99.38,99.75,98.31,99.67
1130708,1600,100.13,100.44,99.89,100.07
1130709,1600,100.7,101.2,100.3,101.0
1130710,1600,101.04,101.38,100.74,101.28
1130711,1600,102.42,102.59,101.94,102.47
1130712,1600,102.48,103.11,102.47,102.68
1130715,1600,102.95,103.68,102.84,103.58
1130716,1600,103.62,103.67,102.82,103.06
1130717,1600,103.64,103.95,103.24,103.46
1130718,1600,103.73,104.59,103.66,104.15
1130719,1600,104.06,104.31,103.74,104.31
1130722,1600,104.48,104.76,104.13,104.53
1130723,1600,104.91,104.95,104.25,104.46
1130724,1600,104.91,104.98,103.44,103.59
1130725,1600,103.47,104.65,103.33,104.54
1130726,1600,103.96,104.17,103.36,104.12
1130729,1600,103.84,104.27,103.0,103.39
1130730,1600,103.69,103.87,103.11,103.48
1130731,1600,103.89,104.68,103.61,103.66
1130801,1600,104.68,105.35,103.75,105.07
1130802,1600,104.72,105.28,104.56,105.16
1130805,1600,105.05,105.63,104.9,105.52
1130806,1600,105.22,105.32,104.15,104.46
1130807,1600,104.12,104.34,103.47,103.72
1130808,1600,104.3,104.6,103.58,104.15
1130809,1600,103.93,104.57,103.52,104.04
1130812,1600,103.33,104.63,103.33,104.59
1130813,1600,104.68,104.68,103.78,104.45
1130814,1600,104.48,104.64,104.01,104.04
1130815,1600,102.84,102.96,101.89,102.11
1130816,1600,101.81,102.38,101.55,101.68
1130819,1600,101.64,101.88,100.59,100.65
1130820,1600,100.77,102.33,100.71,102.1
1130821,1600,101.69,102.5,101.01,101.48
1130822,1600,101.82,102.99,101.79,102.91
1130823,1600,103.19,103.25,102.45,103.17
1130826,1600,103.36,103.82,102.77,103.18
1130827,1600,101.94,102.39,100.56,100.76
1130828,1600,100.62,101.36,100.5,100.96
1130829,1600,100.89,102.36,100.81,101.97
1130830,1600,101.99,102.05,100.24,100.38
1130903,1600,101.86,102.37,100.13,101.06
1130904,1600,101.16,102.01,100.75,101.95
1130905,1600,102.03,102.53,101.85,102.11
1130906,1600,102.7,102.89,100.74,102.39
1130909,1600,102.74,104.03,102.73,103.94
1130910,1600,104.58,104.98,104.2,104.96
1130911,1600,104.79,105.22,104.53,105.01
1130912,1600,104.91,105.02,104.21,104.24
1130913,1600,104.59,104.83,104.1,104.81
1130916,1600,106.05,106.08,104.85,105.04
1130917,1600,105.06,106.08,105.04,106.08
1130918,1600,106.05,107.61,105.26,107.09
1130919,1600,107.36,107.43,106.62,106.98
1130920,1600,107.24,107.28,106.55,106.59
1130923,1600,106.72,106.87,105.8,106.6
1130924,1600,106.46,107.42,105.79,106.67
1130925,1600,106.77,107.48,106.33,106.47
1130926,1600,106.75,107.47,106.36,107.06
1130927,1600,106.39,107.05,106.21,106.58
1130930,1600,105.43,106.84,105.24,106.61
1131001,1600,106.56,107.93,106.45,107.85
1131002,1600,107.09,107.75,106.85,107.41
1131003,1600,107.21,107.36,105.6,106.31
1131004,1600,106.34,107.32,106.15,107.02
1131007,1600,105.99,106.66,105.72,105.77
1131008,1600,105.84,106.03,103.92,104.06
1131009,1600,104.3,104.36,103.0,103.64
1131010,1600,105.01,106.31,104.92,106.14
1131011,1600,105.84,107.73,105.83,107.68
1131014,1600,107.06,108.35,106.93,108.22
1131015,1600,107.99,108.23,106.92,107.16
1131016,1600,107.91,108.6,107.64,108.49
1131017,1600,108.0,109.46,107.97,109.44
1131018,1600,110.22,110.77,109.83,110.69
1131021,1600,110.85,111.08,110.27,110.47
1131022,1600,110.95,111.49,110.37,110.76
1131023,1600,110.24,110.55,109.77,110.39
1131024,1600,110.47,111.26,110.33,110.98
1131025,1600,111.24,111.45,110.57,111.08
1131028,1600,111.13,111.29,110.46,111.03
1131029,1600,111.33,111.62,110.53,111.35
1131030,1600,111.4,111.48,109.52,109.83
1131031,1600,109.77,110.18,108.89,109.19
1131101,1600,109.41,109.63,107.92,108.72
1131104,1600,109.24,110.15,108.83,109.97
1131105,1600,109.55,109.93,108.86,109.59
1131106,1600,110.35,110.37,108.91,109.12
1131107,1600,109.62,109.81,107.14,107.28
1131108,1600,107.44,109.46,107.39,109.23
1131111,1600,109.04,109.6,108.64,109.38
1131112,1600,109.07,109.51,108.67,109.47
1131113,1600,108.66,110.55,108.62,110.52
1131114,1600,110.47,110.6,109.74,110.41
1131115,1600,110.6,110.99,110.16,110.83
1131118,1600,111.32,111.42,109.75,110.05
1131119,1600,110.11,110.69,108.99,109.37
1131120,1600,109.93,110.2,108.85,109.33
1131121,1600,109.81,111.36,109.68,111.3
1131122,1600,111.29,111.97,111.1,111.85
1131125,1600,112.13,112.28,111.63,111.99
1131126,1600,111.99,113.02,111.9,112.82
1131127,1600,112.84,113.57,112.64,113.45
1131129,1600,113.94,114.16,113.45,113.51
1131202,1600,113.7,113.76,112.06,112.37
1131203,1600,112.13,112.6,111.27,111.83
1131204,1600,111.31,112.42,110.37,111.53
1131205,1600,111.49,112.02,111.15,111.61
1131206,1600,112.62,113.1,112.19,112.48
1131209,1600,112.63,112.89,111.89,112.45
1131210,1600,112.23,112.58,111.24,111.43
1131211,1600,111.53,111.55,109.32,109.6
1131212,1600,109.7,110.25,109.36,109.84
1131213,1600,110.05,110.53,109.42,110.2
1131216,1600,110.62,111.57,110.15,111.51
1131217,1600,111.45,111.54,110.62,111.35
1131218,1600,111.53,112.9,110.36,112.88
1131219,1600,112.72,112.85,111.89,112.04
1131220,1600,112.1,114.22,112.09,113.93
1131223,1600,114.18,114.82,113.95,114.78
1131224,1600,114.91,115.44,114.87,115.22
1131226,1600,115.63,115.97,115.1,115.23
1131227,1600,115.47,115.74,114.78,115.16
1131230,1600,115.11,115.37,114.85,115.09
1131231,1600,115.36,115.71,115.17,115.36
1140102,1600,115.09,115.12,113.64,114.11
1140103,1600,114.53,114.9,114.11,114.69
1140106,1600,115.22,115.27,113.71,113.76
1140107,1600,114.19,115.16,114.11,114.71
1140108,1600,114.78,115.08,114.07,114.86
1140109,1600,115.25,115.39,114.16,114.89
1140110,1600,114.92,115.53,114.4,115.52
1140113,1600,115.3,115.49,113.26,113.94
1140114,1600,114.44,115.51,114.18,115.34
1140115,1600,115.64,116.29,115.56,116.2
1140116,1600,116.05,116.38,115.83,116.34
1140117,1600,116.31,116.43,115.69,115.93
1140121,1600,116.73,116.87,115.78,116.62
1140122,1600,116.69,117.37,116.5,117.21
1140123,1600,116.72,116.78,115.66,116.42
1140124,1600,115.69,115.74,113.22,113.45
1140127,1600,113.78,113.84,111.15,111.79
1140128,1600,111.93,112.99,111.79,112.97
1140129,1600,111.88,112.58,111.02,111.34
1140130,1600,112.33,113.65,112.04,113.0
1140131,1600,111.25,113.0,111.17,112.16
1140203,1600,111.87,112.2,108.15,108.65
1140204,1600,109.19,109.95,108.4,109.47
1140205,1600,108.81,109.15,107.27,108.65
1140206,1600,108.88,109.97,108.85,109.51
1140207,1600,109.97,110.84,109.5,110.75
1140210,1600,110.79,111.09,109.96,111.04
1140211,1600,111.12,112.34,110.87,112.03
1140212,1600,112.2,113.01,111.97,112.47
1140213,1600,111.38,114.07,111.36,113.9
1140214,1600,113.64,114.21,113.14,114.06
1140218,1600,114.4,115.45,114.14,115.25
1140219,1600,114.9,115.64,113.98,114.07
1140220,1600,114.2,115.54,113.91,115.3
1140221,1600,115.62,116.11,115.4,115.66
1140224,1600,115.84,117.31,115.76,116.51
1140225,1600,116.66,117.24,116.18,116.63
1140226,1600,116.71,118.11,116.43,117.35
1140227,1600,116.96,118.06,116.76,117.99
1140228,1600,117.96,118.71,116.8,117.52
1140303,1600,116.52,117.26,115.58,116.89
1140304,1600,118.2,120.58,118.18,119.83
1140305,1600,119.86,119.96,119.47,119.76
1140306,1600,120.12,120.25,119.42,119.74
1140307,1600,120.41,120.47,119.03,119.7
1140310,1600,119.36,119.58,118.49,119.3
1140311,1600,119.41,119.81,117.51,118.06
1140312,1600,117.39,118.44,116.92,118.42
1140313,1600,118.85,118.96,116.38,117.05
1140314,1600,116.63,117.87,116.62,117.54
1140317,1600,118.22,119.1,117.88,118.06
1140318,1600,118.22,119.88,118.1,119.78
1140319,1600,119.68,119.74,118.1,119.0
1140320,1600,118.73,119.54,118.16,119.16
1140321,1600,119.72,120.26,118.56,118.61
1140324,1600,119.07,119.23,116.19,117.26
1140325,1600,117.67,118.31,116.14,116.93
1140326,1600,117.63,117.68,114.65,114.69
1140327,1600,114.71,115.38,113.69,114.4
1140328,1600,114.48,116.0,113.98,114.29
1140331,1600,115.04,116.68,114.63,116.34
1140401,1600,116.63,118.06,116.59,117.87
1140402,1600,118.29,118.48,117.71,118.4
1140403,1600,118.4,118.44,116.68,117.2
1140404,1600,117.96,118.12,114.02,114.49
1140407,1600,113.95,114.24,112.08,112.82
1140408,1600,112.81,114.2,112.2,113.61
1140409,1600,114.0,115.25,113.5,115.25
1140410,1600,115.1,115.11,111.4,111.96
1140411,1600,111.04,112.24,109.86,110.41
1140414,1600,111.55,111.97,109.65,110.72
1140415,1600,111.03,111.72,108.66,111.15
1140416,1600,111.93,112.44,111.23,112.36
1140417,1600,111.99,113.41,111.72,112.92
1140421,1600,113.13,113.53,112.28,113.45
1140422,1600,113.63,115.02,113.47,114.62
1140423,1600,114.48,114.77,113.77,113.9
1140424,1600,114.59,114.67,112.68,113.61
1140425,1600,113.17,113.21,111.21,111.61
1140428,1600,112.01,112.54,109.32,110.96
1140429,1600,111.42,111.98,110.9,111.24
1140430,1600,110.88,112.06,109.95,111.98
1140501,1600,111.75,112.77,110.54,111.94
1140502,1600,112.09,113.12,111.68,112.03
1140505,1600,111.12,112.18,110.53,111.89
1140506,1600,111.41,111.71,109.99,110.07
1140507,1600,110.23,110.45,108.43,110.14
1140508,1600,110.03,111.24,108.69,109.03
1140509,1600,108.69,110.06,108.28,110.03
1140512,1600,110.68,113.04,110.51,112.53
1140513,1600,112.38,112.85,111.34,111.43
1140514,1600,111.1,111.12,109.42,109.62
1140515,1600,109.07,109.21,107.44,108.88
1140516,1600,108.93,109.62,108.03,109.57
1140519,1600,109.27,111.04,108.95,110.75
1140520,1600,110.48,110.51,108.42,109.06
1140521,1600,109.65,110.13,108.55,109.62
1140522,1600,109.96,111.05,109.62,110.76
1140523,1600,110.69,112.02,110.51,111.97
1140527,1600,112.71,113.84,112.65,113.58
1140528,1600,113.33,113.46,112.53,112.99
1140529,1600,113.33,113.59,112.7,113.37
1140530,1600,113.33,113.43,112.34,112.86
1140602,1600,113.07,113.1,111.36,112.25
1140603,1600,111.64,112.36,111.11,111.98
1140604,1600,111.48,112.57,111.16,112.42
1140605,1600,112.72,114.88,112.09,114.78
1140606,1600,115.27,116.24,115.11,115.88
1140609,1600,115.88,117.48,115.66,116.9
1140610,1600,116.63,116.83,115.96,116.67
1140611,1600,116.02,116.33,115.4,116.1
1140612,1600,115.78,115.92,114.91,115.39
1140613,1600,115.67,115.91,114.66,115.59
1140616,1600,115.49,116.15,115.1,116.15
1140617,1600,116.04,117.45,115.78,116.97
1140618,1600,116.9,117.81,116.5,117.76
1140619,1600,118.17,118.23,117.1,117.86
1140620,1600,117.87,118.3,117.56,118.25
1140623,1600,118.5,118.55,117.69,118.02
1140624,1600,117.74,118.91,116.65,116.76
1140625,1600,116.06,117.79,116.05,117.75
1140626,1600,117.79,117.82,116.59,117.55
1140627,1600,117.06,118.51,117.03,118.34
1140630,1600,118.16,118.88,117.83,118.81
1140701,1600,119.26,120.97,119.2,120.02
1140702,1600,119.56,119.96,118.89,119.1
1140703,1600,119.58,119.91,119.25,119.82
1140707,1600,119.44,119.47,117.7,117.77
1140708,1600,117.51,117.7,115.7,116.34
1140709,1600,116.67,117.09,116.02,116.49
1140710,1600,114.13,116.05,113.97,115.25
1140711,1600,115.18,115.38,114.51,115.1
1140714,1600,116.42,116.46,115.4,115.69
1140715,1600,115.56,116.0,113.87,114.55
1140716,1600,115.05,115.09,113.82,114.24
1140717,1600,113.52,114.27,112.2,112.48
1140718,1600,112.69,114.45,112.46,114.23
1140721,1600,113.51,113.99,113.01,113.77
1140722,1600,114.47,115.25,114.19,114.73
1140723,1600,115.01,115.44,114.51,114.87
1140724,1600,115.22,115.65,114.34,114.64
1140725,1600,113.77,114.01,113.21,113.6
1140728,1600,113.86,113.88,112.23,113.03
1140729,1600,113.39,114.11,113.03,113.34
1140730,1600,114.18,114.31,113.31,113.79
1140731,1600,112.63,112.99,111.05,111.19
1140801,1600,111.16,111.7,109.86,110.68
1140804,1600,111.16,111.8,109.89,111.66
1140805,1600,111.11,112.23,110.56,111.38
1140806,1600,110.67,112.47,110.63,111.73
1140807,1600,112.09,112.52,110.77,111.19
1140808,1600,111.33,112.4,110.99,112.27
1140811,1600,112.89,114.22,112.62,113.34
1140812,1600,112.94,113.47,112.04,112.56
1140813,1600,112.92,113.65,112.7,113.44
1140814,1600,113.52,113.73,113.23,113.61
1140815,1600,114.45,114.45,112.26,113.39
1140818,1600,114.5,115.14,114.09,115.04
1140819,1600,115.13,115.73,115.06,115.44
1140820,1600,114.85,115.22,114.41,114.95
1140821,1600,114.88,115.4,113.84,115.2
1140822,1600,115.04,115.63,114.61,115.21
1140825,1600,115.96,116.41,115.32,115.75
1140826,1600,115.88,116.92,115.8,116.8
1140827,1600,116.89,116.94,116.29,116.51
1140828,1600,116.03,116.23,115.51,115.91
1140829,1600,116.16,116.81,115.65,116.56
1140902,1600,116.98,117.5,116.5,117.2
1140903,1600,117.76,117.8,116.27,116.46
1140904,1600,116.78,117.49,115.72,116.01
1140905,1600,115.78,116.42,115.17,116.38
1140908,1600,116.26,116.8,115.83,116.56
1140909,1600,116.36,116.39,115.0,115.18
1140910,1600,115.16,115.93,114.71,115.86
1140911,1600,115.17,116.73,115.14,116.61
1140912,1600,116.55,116.56,114.97,115.37
1140915,1600,115.36,115.4,113.71,114.11
1140916,1600,113.78,114.76,113.4,114.43
1140917,1600,114.49,115.47,114.19,114.73
1140918,1600,115.24,115.53,114.91,115.43
1140919,1600,115.89,115.91,113.61,113.97
1140922,1600,113.44,113.53,112.05,112.37
1140923,1600,111.9,112.62,111.19,111.32
1140924,1600,111.15,112.11,110.6,112.02
1140925,1600,111.73,111.83,109.75,110.13
1140926,1600,110.55,111.22,110.2,111.12
1140929,1600,109.82,111.35,109.72,111.03
1140930,1600,110.92,111.03,109.31,109.35
1141001,1600,109.29,109.39,107.43,107.8
1141002,1600,107.79,109.28,106.94,108.83
1141003,1600,109.75,110.32,109.08,109.65
1141006,1600,109.95,110.07,108.51,108.71
1141007,1600,108.02,108.5,106.85,106.92
1141008,1600,106.68,109.04,105.76,108.97
1141009,1600,108.89,108.9,106.01,106.03
1141010,1600,105.77,106.89,104.59,104.74
1141013,1600,104.84,106.11,103.86,104.32
1141014,1600,105.23,106.99,104.86,105.54
1141015,1600,104.19,107.0,103.54,106.6
1141016,1600,105.15,108.57,104.95,107.8
1141017,1600,109.16,109.22,107.04,107.48
1141020,1600,107.01,108.74,107.0,108.74
1141021,1600,109.33,110.59,109.01,110.53
1141022,1600,110.8,111.06,108.86,108.95
1141023,1600,110.04,111.58,109.77,110.88
1141024,1600,110.92,111.32,110.44,111.07
1141027,1600,110.42,111.09,109.51,111.01
1141028,1600,111.51,114.21,111.3,114.17
1141029,1600,114.36,114.89,112.98,113.9
1141030,1600,113.49,115.38,113.14,114.87
1141031,1600,116.91,116.96,115.88,116.56
1141103,1600,116.75,117.37,115.9,116.36
1141104,1600,115.9,116.5,115.28,115.82
1141105,1600,116.67,116.74,115.55,116.03
1141106,1600,115.98,116.53,115.56,116.53
1141107,1600,116.39,116.71,115.7,116.71
1141110,1600,116.68,117.31,116.46,117.29
1141111,1600,117.12,117.44,116.87,117.37
1141112,1600,116.69,118.08,116.66,117.9
1141113,1600,117.94,118.25,116.62,116.9
1141114,1600,116.94,117.21,116.37,116.69
1141117,1600,116.59,116.93,115.68,115.72
1141118,1600,116.16,117.12,115.75,116.39
1141119,1600,116.25,116.25,114.37,115.15
1141120,1600,114.62,116.46,114.62,116.44
1141121,1600,118.08,118.12,116.16,116.58
1141124,1600,116.74,118.05,116.58,117.97
1141125,1600,118.22,118.78,117.53,118.06
1141126,1600,118.07,118.5,117.84,118.45
1141128,1600,118.48,118.52,116.57,116.69
1141201,1600,116.32,116.47,114.81,114.87
1141202,1600,114.99,116.64,114.98,116.25
1141203,1600,116.28,117.71,116.02,117.37
1141204,1600,117.19,117.3,116.22,116.81
1141205,1600,117.25,117.98,116.96,117.69
1141208,1600,117.27,118.37,115.85,116.22
1141209,1600,114.96,118.27,114.74,118.17
1141210,1600,117.74,118.16,115.56,115.66
1141211,1600,116.21,117.68,115.87,116.12
1141212,1600,114.78,115.99,114.6,114.71
1141215,1600,115.26,115.74,113.16,113.55
1141216,1600,113.32,115.34,113.03,113.39
1141217,1600,113.64,116.99,113.49,116.89
1141218,1600,118.46,118.74,117.47,118.63
1141219,1600,118.65,119.48,118.14,118.9
1141222,1600,119.2,119.71,118.8,119.71
1141223,1600,120.44,120.44,119.45,119.86
1141224,1600,119.63,120.07,119.26,119.76
1141226,1600,120.14,120.83,120.07,120.54
1141229,1600,120.63,121.38,120.61,121.05
1141230,1600,120.79,121.24,120.27,120.34
1141231,1600,120.8,121.41,119.54,119.62
1150102,1600,120.07,120.56,117.89,118.93
1150105,1600,118.23,118.71,116.79,117.34
1150106,1600,117.62,117.77,114.36,115.31
1150107,1600,116.06,116.76,115.48,116.73
1150108,1600,117.66,118.85,117.45,118.71
1150109,1600,118.81,118.84,117.31,117.57
1150112,1600,117.7,118.01,116.23,117.18
1150113,1600,118.09,119.39,115.82,117.27
1150114,1600,115.98,117.1,115.55,116.8
1150115,1600,117.23,117.38,114.48,114.83
1150116,1600,114.41,116.94,114.2,116.7
1150120,1600,116.85,117.08,115.16,116.21
1150121,1600,115.8,116.82,115.29,115.84
1150122,1600,116.56,118.24,115.1,118.2
1150123,1600,118.24,118.77,117.55,118.12
1150126,1600,117.88,119.27,117.07,119.26
1150127,1600,117.86,119.25,117.62,118.69
1150128,1600,119.18,119.45,116.32,116.69
1150129,1600,117.02,118.32,116.09,118.3
1150130,1600,117.48,117.96,115.6,115.7
1150202,1600,116.12,116.84,114.38,116.76
1150203,1600,117.33,119.0,117.27,118.85
1150204,1600,118.42,119.24,118.1,118.41
1150205,1600,118.77,120.25,118.6,119.94
1150206,1600,120.1,120.82,119.35,119.81
1150209,1600,119.4,120.22,118.72,118.86
1150210,1600,119.53,119.84,118.1,119.62
1150211,1600,119.37,119.82,118.62,119.45
1150212,1600,120.16,120.92,119.84,120.81
1150213,1600,120.91,121.69,120.65,121.53
1150217,1600,121.66,122.06,121.26,121.91
1150218,1600,121.56,122.05,121.13,122.04
1150219,1600,121.76,122.38,121.54,122.05
1150220,1600,121.85,122.54,120.9,122.38
1150223,1600,122.1,122.53,121.27,122.5
1150224,1600,122.47,123.05,122.19,122.66
1150225,1600,122.57,123.04,122.23,122.8
1150226,1600,122.69,123.3,122.33,123.25
1150227,1600,123.03,123.36,122.55,122.58
1150302,1600,122.55,123.78,122.53,123.47
1150303,1600,123.19,123.19,122.26,122.74
1150304,1600,122.21,122.61,121.61,122.36
1150305,1600,122.53,122.92,121.91,122.72
1150306,1600,121.98,122.69,120.88,121.17
1150309,1600,121.37,121.92,121.12,121.7
1150310,1600,120.61,120.7,119.83,120.3
1150311,1600,120.47,121.14,119.88,121.04
1150312,1600,121.82,123.15,121.74,123.05
1150313,1600,122.94,123.19,121.21,122.61
1150316,1600,123.11,123.58,122.88,123.33
1150317,1600,122.97,123.78,122.77,123.66
1150318,1600,123.4,125.12,122.85,124.65
1150319,1600,124.36,124.96,124.31,124.89
1150320,1600,125.36,126.16,125.31,125.99
1150323,1600,125.95,126.32,125.79,125.88
1150324,1600,125.77,126.31,125.66,125.85
1150325,1600,125.53,125.6,122.38,122.47
1150326,1600,122.09,122.91,121.54,122.32
1150327,1600,122.38,123.23,121.86,123.1
1150330,1600,123.72,124.99,123.7,124.77
1150331,1600,124.28,124.71,123.9,124.37
1150401,1600,124.23,124.42,122.9,124.42
1150402,1600,124.36,125.26,124.29,124.65
1150406,1600,123.91,125.48,123.88,125.2
1150407,1600,124.97,125.5,124.37,124.4
1150408,1600,124.38,125.66,124.38,125.47
1150409,1600,125.36,125.73,123.77,125.02
1150410,1600,125.44,125.79,125.22,125.62
1150413,1600,125.69,126.39,125.58,125.7
1150414,1600,125.74,126.08,124.78,125.67
1150415,1600,126.16,127.13,125.92,126.55
1150416,1600,126.47,126.75,126.16,126.48
1150417,1600,125.12,125.55,123.82,124.43
1150420,1600,125.05,125.95,124.83,125.65
1150421,1600,126.05,126.25,125.42,125.52
1150422,1600,125.52,125.88,124.47,125.71
1150423,1600,125.48,126.54,125.26,126.28
1150424,1600,126.33,126.46,125.69,125.86
1150427,1600,126.21,126.91,124.04,124.47
1150428,1600,124.54,125.37,123.25,125.16
1150429,1600,124.47,124.9,123.63,123.8
1150430,1600,123.06,123.44,120.66,121.18
1150501,1600,121.52,122.16,120.91,121.97
1150504,1600,122.13,123.35,121.8,122.41
1150505,1600,122.35,122.62,120.28,120.85
1150506,1600,121.11,121.49,120.24,121.27
1150507,1600,121.14,122.23,120.57,121.73
1150508,1600,122.93,123.25,122.4,122.64
1150511,1600,122.6,123.66,122.44,122.71
1150512,1600,122.35,122.92,120.87,122.49
1150513,1600,122.76,123.21,122.0,122.49
1150514,1600,123.08,123.86,122.45,123.79
1150515,1600,123.56,123.72,122.94,123.65
1150518,1600,123.4,125.16,123.17,125.05
1150519,1600,124.8,125.05,124.31,124.88
1150520,1600,125.17,125.46,124.34,125.11
1150521,1600,124.98,125.47,124.48,124.97
1150522,1600,124.76,125.24,124.0,124.43
1150526,1600,123.94,124.04,122.52,123.24
1150527,1600,123.36,124.87,122.79,124.75
1150528,1600,124.45,124.71,123.77,124.64
1150529,1600,124.61,124.73,123.32,123.89
1150601,1600,124.69,124.9,123.03,124.28
1150602,1600,123.8,125.31,123.48,124.52
1150603,1600,124.76,125.93,124.42,125.76
1150604,1600,125.08,125.62,124.08,124.5
1150605,1600,124.23,125.52,123.32,125.4
1150608,1600,125.28,125.62,124.57,124.82
1150609,1600,124.71,124.86,123.5,124.44
1150610,1600,124.93,126.48,124.85,125.99
1150611,1600,126.17,126.54,125.91,126.31
1150612,1600,125.92,126.15,125.43,125.93
1150615,1600,125.11,125.8,123.94,125.53
1150616,1600,125.38,126.65,125.32,126.42
1150617,1600,126.74,126.96,125.97,126.23
1150618,1600,126.82,128.24,126.74,127.92
1150619,1600,127.82,128.16,127.6,127.86
1150622,1600,128.42,128.84,128.15,128.74
1150623,1600,128.68,129.09,128.4,129.01
1150624,1600,128.76,129.1,127.73,127.92
1150625,1600,128.35,128.42,127.25,127.85
1150626,1600,128.1,128.34,126.82,127.5
1150629,1600,126.63,127.07,124.11,124.28
1150630,1600,125.18,125.32,124.29,124.86
1150701,1600,125.77,126.16,124.06,125.23
1150702,1600,124.81,124.96,123.37,123.78
1150706,1600,122.94,124.51,122.82,123.74
1150707,1600,123.88,123.99,121.53,123.88
1150708,1600,122.8,123.35,121.28,121.99
1150709,1600,123.35,123.53,122.27,122.43
1150710,1600,123.84,124.34,123.36,124.13
1150713,1600,124.77,125.64,124.75,125.53
1150714,1600,125.46,126.5,125.4,126.23
1150715,1600,126.31,126.48,125.27,125.56
1150716,1600,126.11,126.74,125.97,126.31
1150717,1600,126.31,126.38,125.36,125.76
1150720,1600,125.78,125.86,124.76,125.08
1150721,1600,125.07,125.8,124.11,124.49
1150722,1600,124.08,125.09,123.88,124.95
1150723,1600,124.99,125.39,123.3,123.57
1150724,1600,123.48,123.71,121.49,121.58
1150727,1600,121.13,121.32,120.27,120.57
1150728,1600,120.92,121.81,119.34,121.6
1150729,1600,121.36,122.33,120.97,121.94
1150730,1600,121.63,122.44,121.01,122.29
1150731,1600,122.45,123.67,122.22,122.96
1150803,1600,123.03,123.16,121.46,122.35
1150804,1600,122.39,122.96,121.61,122.06
1150805,1600,122.59,123.53,121.91,122.34
1150806,1600,122.47,122.66,119.78,120.69
1150807,1600,120.14,120.44,119.07,119.88
1150810,1600,120.33,121.52,120.31,121.26
1150811,1600,120.48,121.09,119.65,120.22
1150812,1600,119.57,120.34,117.97,119.99
1150813,1600,120.1,120.59,119.39,119.59
1150814,1600,119.49,120.49,119.02,120.36
1150817,1600,120.03,121.68,119.6,121.63
1150818,1600,121.46,121.46,120.52,120.66
1150819,1600,119.9,120.5,118.74,119.41
1150820,1600,118.34,118.61,116.39,116.39
1150821,1600,115.13,116.66,114.37,115.03
1150824,1600,109.51,114.92,108.26,110.54
1150825,1600,114.05,114.1,109.56,109.69
1150826,1600,111.83,112.69,109.42,112.48
1150827,1600,113.3,115.12,112.36,114.49
1150828,1600,114.36,115.7,114.21,115.62
1150831,1600,115.1,115.98,114.76,115.2
1150901,1600,113.11,114.12,111.6,111.9
1150902,1600,113.41,113.97,112.08,113.91
1150903,1600,114.08,115.13,113.55,113.73
1150904,1600,112.53,113.7,112.28,112.87
1150908,1600,114.56,115.57,114.11,115.45
1150909,1600,116.17,116.42,114.01,114.12
1150910,1600,113.75,115.28,113.73,114.64
1150911,1600,114.16,115.2,113.66,115.18
1150914,1600,115.52,115.54,114.43,114.65
1150915,1600,114.86,116.19,114.73,115.94
1150916,1600,115.95,117.02,115.79,116.94
1150917,1600,116.92,118.89,116.68,117.34
1150918,1600,115.76,116.84,115.4,115.72
1150921,1600,116.54,117.3,115.08,115.51
1150922,1600,114.45,114.73,113.05,113.76
1150923,1600,114.02,114.42,113.07,113.42
1150924,1600,112.79,113.42,111.87,113.23
1150925,1600,113.82,113.91,110.93,111.42
1150928,1600,111.05,111.15,107.88,108.3
1150929,1600,108.25,109.11,106.99,107.53
1150930,1600,108.48,109.43,107.91,109.2
1151001,1600,109.37,109.68,107.43,109.01
1151002,1600,107.98,110.63,107.12,110.63
1151005,1600,111.66,113.45,111.54,113.27
1151006,1600,113.21,113.67,111.78,112.49
1151007,1600,113.1,114.5,112.63,114.48
1151008,1600,114.38,115.75,113.95,115.51
1151009,1600,115.72,116.14,115.4,115.74
1151012,1600,115.79,115.99,115.07,115.57
1151013,1600,115.11,116.3,113.93,113.99
1151014,1600,114.04,114.75,112.71,112.87
1151015,1600,113.19,115.57,112.66,115.57
1151016,1600,115.8,115.8,114.43,115.42
1151019,1600,114.9,116.21,114.65,115.64
1151020,1600,115.58,116.3,115.03,115.48
1151021,1600,115.92,115.98,113.65,113.72
1151022,1600,114.41,115.42,113.73,114.72
1151023,1600,115.65,116.05,114.73,115.85
1151026,1600,115.6,115.87,114.93,115.06
1151027,1600,114.59,114.87,113.1,113.8
1151028,1600,114.14,117.14,113.92,117.12
1151029,1600,116.74,117.11,115.56,115.87
1151030,1600,115.56,116.03,115.08,115.34
1151102,1600,115.45,118.07,115.42,117.74
1151103,1600,117.59,119.03,117.39,118.35
1151104,1600,118.65,119.0,117.69,118.29
1151105,1600,118.24,118.6,117.09,118.38
1151106,1600,118.01,119.36,117.29,119.22
1151109,1600,119.07,119.29,117.27,117.82
1151110,1600,117.32,118.17,116.96,118.17
1151111,1600,118.31,118.34,117.08,117.14
1151112,1600,116.33,116.49,114.73,114.9
1151113,1600,114.44,115.34,113.66,114.07
1151116,1600,113.96,115.09,113.36,115.05
1151117,1600,115.15,116.15,114.45,114.61
1151118,1600,114.93,116.65,114.52,116.55
1151119,1600,116.44,116.65,115.74,116.06
1151120,1600,116.48,117.36,116.38,116.81
1151123,1600,116.71,117.89,116.68,117.39
1151124,1600,116.88,118.42,116.56,118.25
1151125,1600,118.3,119.32,118.11,119.17
1151127,1600,119.27,119.9,118.88,119.62
1151130,1600,120.02,120.07,119.05,119.1
1151201,1600,119.61,119.91,118.9,119.89
1151202,1600,119.73,120.04,118.45,118.6
1151203,1600,118.93,119.45,116.14,116.6
1151204,1600,116.6,117.93,116.34,117.78
1151207,1600,117.64,117.67,115.51,116.01
1151208,1600,114.96,116.01,114.46,115.37
1151209,1600,115.03,116.17,113.6,114.08
1151210,1600,113.89,115.08,113.65,114.46
1151211,1600,113.27,113.34,111.53,111.91
1151214,1600,111.87,112.38,110.28,111.11
1151215,1600,111.73,112.96,111.6,112.71
1151216,1600,113.49,114.65,112.83,114.43
1151217,1600,114.91,114.94,112.97,113.21
1151218,1600,112.66,112.89,111.44,111.48
1151221,1600,112.17,112.63,111.5,112.32
1151222,1600,112.64,113.52,111.79,113.35
1151223,1600,113.92,114.96,113.73,114.78
1151224,1600,114.44,115.16,114.15,114.5
1151228,1600,113.98,114.07,112.96,113.97
1151229,1600,114.48,115.29,114.07,115.2
1151230,1600,115.05,115.35,114.0,114.04
1151231,1600,113.56,113.97,112.51,112.62
1160104,1600,110.61,110.83,109.08,110.01
1160105,1600,110.41,110.58,109.55,110.25
1160106,1600,108.7,109.6,108.0,108.57
1160107,1600,106.72,107.5,105.49,105.67
1160108,1600,105.87,106.49,103.66,103.85
1160111,1600,104.21,104.78,102.31,103.4
1160112,1600,104.22,104.99,101.94,103.71
1160113,1600,103.91,104.42,99.65,100.38
1160114,1600,100.86,102.71,99.19,101.77
1160115,1600,99.08,100.29,97.51,100.12
1160119,1600,101.07,101.2,97.74,98.77
1160120,1600,97.43,100.33,95.06,99.18
1160121,1600,99.33,100.91,98.38,98.95
1160122,1600,100.65,101.61,100.13,101.37
1160125,1600,100.74,101.08,98.85,99.12
1160126,1600,99.52,101.4,99.18,101.1
1160127,1600,100.59,101.59,99.06,99.71
1160128,1600,100.55,100.95,99.22,99.69
1160129,1600,100.04,102.98,99.96,102.96
1160201,1600,102.14,103.09,101.25,102.49
1160202,1600,101.33,101.47,99.77,100.28
1160203,1600,101.06,101.07,98.14,100.41
1160204,1600,100.0,101.97,99.97,100.8
1160205,1600,100.35,100.44,97.96,98.04
1160208,1600,97.01,97.01,94.94,96.43
1160209,1600,95.13,97.13,95.02,95.78
1160210,1600,96.45,97.92,95.68,95.83
1160211,1600,94.08,95.4,93.64,94.79
1160212,1600,95.66,96.79,95.19,96.59
1160216,1600,97.79,99.1,97.22,98.88
1160217,1600,99.57,101.09,99.53,100.43
1160218,1600,100.51,100.64,99.54,99.95
1160219,1600,99.56,100.56,99.11,100.45
1160222,1600,101.34,102.01,101.24,101.57
1160223,1600,101.24,101.49,100.55,100.64
1160224,1600,99.62,101.82,98.97,101.61
1160225,1600,101.79,102.6,101.39,102.54
1160226,1600,103.06,103.47,102.7,103.19
1160229,1600,103.13,104.03,102.72,102.73
1160301,1600,103.62,104.94,103.07,104.94
1160302,1600,104.79,106.09,104.59,106.02
1160303,1600,106.05,107.15,105.92,107.13
1160304,1600,107.07,108.32,106.67,107.72
1160307,1600,107.21,108.99,107.21,108.89
1160308,1600,108.29,108.29,106.14,106.26
1160309,1600,106.62,107.01,106.07,106.8
1160310,1600,107.1,107.49,104.81,105.93
1160311,1600,106.79,108.33,106.66,108.2
1160314,1600,107.87,108.34,107.4,107.92
1160315,1600,107.21,107.28,106.03,106.24
1160316,1600,105.73,107.33,105.73,106.99
1160317,1600,106.99,109.1,106.33,108.63
1160318,1600,108.77,109.95,108.7,109.61
1160321,1600,109.44,109.94,109.08,109.35
1160322,1600,108.78,109.69,108.47,109.22
1160323,1600,108.54,108.59,106.8,106.88
1160324,1600,106.24,107.22,105.74,107.2
1160328,1600,107.43,107.78,106.55,107.33
1160329,1600,107.04,110.34,106.77,110.31
1160330,1600,110.89,111.12,110.05,110.32
1160331,1600,110.48,111.17,110.34,110.63
1160401,1600,109.61,111.22,109.48,111.12
1160404,1600,110.91,111.32,110.1,110.19
1160405,1600,109.37,109.86,108.84,108.94
1160406,1600,108.93,110.27,108.59,110.17
1160407,1600,109.37,109.88,108.13,108.68
1160408,1600,109.61,110.07,108.63,109.11
1160411,1600,109.74,110.55,108.75,108.77
1160412,1600,108.79,110.18,108.43,109.94
1160413,1600,110.58,112.43,110.51,112.31
1160414,1600,112.26,112.7,111.88,112.17
1160415,1600,111.9,112.63,111.86,112.45
1160418,1600,111.98,113.39,111.87,113.3
1160419,1600,113.51,114.13,112.89,113.39
1160420,1600,113.39,114.21,112.97,113.56
1160421,1600,113.47,113.92,112.66,112.99
1160422,1600,112.98,114.19,112.98,114.11
1160425,1600,113.8,113.91,112.81,113.3
1160426,1600,113.67,114.53,113.17,114.41
1160427,1600,114.48,115.05,113.9,114.81
1160428,1600,114.27,115.0,113.19,113.5
1160429,1600,113.01,113.46,111.72,112.48
1160502,1600,112.83,113.51,112.18,113.48
1160503,1600,112.55,112.56,110.93,111.62
1160504,1600,110.99,111.99,110.37,110.7
1160505,1600,111.15,111.33,110.1,110.26
1160506,1600,109.8,110.93,109.54,110.91
1160509,1600,110.92,111.89,110.63,111.23
1160510,1600,111.66,112.4,111.07,112.35
1160511,1600,112.1,112.27,110.87,110.96
1160512,1600,111.19,111.49,109.5,110.37
1160513,1600,110.06,110.94,109.36,109.64
1160516,1600,109.92,111.52,109.87,111.03
1160517,1600,110.88,111.42,108.77,109.27
1160518,1600,108.81,110.66,108.79,109.84
1160519,1600,109.04,109.77,107.99,108.96
1160520,1600,109.29,110.79,109.23,110.79
1160523,1600,110.77,111.39,110.5,110.66
1160524,1600,111.31,113.22,111.27,112.94
1160525,1600,113.3,113.9,113.08,113.6
1160526,1600,113.77,114.02,113.25,113.47
1160527,1600,113.56,114.6,113.51,114.6
1160531,1600,114.82,115.54,114.5,115.0
1160601,1600,114.61,115.95,114.42,115.78
1160602,1600,115.49,116.67,115.37,116.67
1160603,1600,116.47,116.47,115.0,115.97
1160606,1600,116.08,117.58,116.01,117.22
1160607,1600,117.29,117.98,116.96,117.56
1160608,1600,117.66,118.64,117.65,118.43
1160609,1600,117.94,117.94,117.29,117.67
1160610,1600,116.58,116.88,115.69,116.07
1160613,1600,115.65,116.18,114.59,114.81
1160614,1600,114.39,115.11,113.67,114.48
1160615,1600,114.89,115.56,114.46,114.56
1160616,1600,113.72,114.59,112.89,114.55
1160617,1600,114.41,114.92,113.68,114.06
1160620,1600,115.8,116.45,115.3,115.3
1160621,1600,115.34,115.41,114.33,115.08
1160622,1600,115.3,115.88,114.49,114.63
1160623,1600,115.82,116.91,115.73,116.82
1160624,1600,111.94,114.04,111.5,112.38
1160627,1600,111.07,111.07,108.19,108.69
1160628,1600,109.65,110.88,109.57,110.37
1160629,1600,111.7,113.05,111.53,112.88
1160630,1600,113.12,115.02,112.57,114.98
1160701,1600,115.05,115.95,114.8,115.39
1160705,1600,115.02,115.26,113.07,113.69
1160706,1600,112.54,114.01,112.31,113.89
1160707,1600,114.22,114.99,113.41,114.13
1160708,1600,115.25,117.09,115.15,116.79
1160711,1600,117.56,118.43,117.47,118.14
1160712,1600,119.0,120.42,118.83,119.72
1160713,1600,120.33,120.39,118.95,119.25
1160714,1600,120.3,120.36,119.3,119.37
1160715,1600,119.89,120.04,119.28,119.7
1160718,1600,119.53,120.35,119.33,119.9
1160719,1600,119.76,119.97,118.93,119.3
1160720,1600,119.55,120.44,118.94,120.08
1160721,1600,120.01,120.6,119.25,119.51
1160722,1600,119.58,120.65,119.35,120.4
1160725,1600,120.15,120.46,119.76,120.22
1160726,1600,120.2,120.97,119.92,120.8
1160727,1600,121.0,121.47,120.35,121.14
1160728,1600,120.88,121.24,120.53,120.83
1160729,1600,120.71,121.76,120.05,121.07
1160801,1600,121.2,121.7,120.44,121.17
1160802,1600,121.16,121.21,119.1,119.48
1160803,1600,119.37,120.5,119.1,120.45
1160804,1600,120.45,121.19,120.26,120.56
1160805,1600,121.34,122.58,120.97,122.3
1160808,1600,122.35,122.85,122.03,122.24
1160809,1600,122.27,122.63,122.14,122.37
1160810,1600,122.38,122.6,121.15,121.49
1160811,1600,122.03,122.4,121.57,122.07
1160812,1600,121.83,122.46,121.63,122.19
1160815,1600,122.46,123.69,122.43,123.4
1160816,1600,123.08,123.12,122.26,122.4
1160817,1600,122.44,122.5,121.33,122.04
1160818,1600,122.08,122.97,122.04,122.94
1160819,1600,122.77,123.07,122.28,122.94
1160822,1600,122.68,123.34,122.33,123.22
1160823,1600,123.61,124.46,123.61,124.08
1160824,1600,123.94,124.25,122.77,123.07
1160825,1600,122.62,123.69,122.61,123.31
1160826,1600,123.45,124.41,122.3,123.06
1160829,1600,123.27,124.17,123.24,123.7
1160830,1600,123.83,124.17,123.38,123.93
1160831,1600,123.78,123.89,122.55,123.23
1160901,1600,123.34,123.63,122.02,123.32
1160902,1600,124.01,124.53,123.63,124.51
1160906,1600,124.92,124.97,123.97,124.63
1160907,1600,124.55,125.44,124.48,125.41
1160908,1600,125.31,125.41,124.77,125.16
1160909,1600,124.18,124.21,121.21,121.25
1160912,1600,120.69,122.97,120.58,122.94
1160913,1600,122.06,122.16,119.88,120.58
1160914,1600,120.77,121.47,120.29,120.6
1160915,1600,120.68,122.19,120.51,122.04
1160916,1600,122.04,122.04,121.1,121.86
1160919,1600,122.32,123.55,121.99,122.67
1160920,1600,123.2,123.23,122.15,122.15
1160921,1600,122.58,123.97,122.1,123.92
1160922,1600,124.73,125.8,124.66,125.7
1160923,1600,125.56,125.88,124.81,124.81
1160926,1600,123.8,124.17,123.1,123.23
1160927,1600,123.17,123.88,122.81,123.73
1160928,1600,123.95,124.76,123.07,124.68
1160929,1600,124.62,124.64,122.7,122.86
1160930,1600,123.42,124.78,122.86,124.21
1161003,1600,123.83,124.1,123.13,123.82
1161004,1600,124.02,124.31,122.65,123.21
1161005,1600,123.69,124.68,123.65,123.95
1161006,1600,123.75,124.02,122.82,123.82
1161007,1600,124.04,124.32,122.23,122.83
1161010,1600,122.83,124.74,122.83,124.3
1161011,1600,124.05,124.11,121.34,122.03
1161012,1600,122.09,122.61,121.53,121.93
1161013,1600,120.99,121.41,120.11,120.92
1161014,1600,121.36,121.84,120.4,120.43
1161017,1600,120.58,120.85,120.16,120.29
1161018,1600,121.52,121.58,120.66,120.98
1161019,1600,121.17,121.95,120.5,121.49
1161020,1600,121.14,122.0,120.41,121.13
1161021,1600,120.26,121.37,120.1,121.07
1161024,1600,122.04,122.61,121.45,121.84
1161025,1600,121.81,121.99,120.6,120.93
1161026,1600,120.11,121.0,119.46,119.73
1161027,1600,120.12,120.14,118.09,118.36
1161028,1600,118.31,119.03,117.75,118.03
1161031,1600,118.18,118.64,117.8,118.5
1161101,1600,118.66,118.7,116.28,117.05
1161102,1600,116.87,117.0,115.39,115.56
1161103,1600,115.91,116.24,114.88,115.0
1161104,1600,115.3,116.9,115.05,115.74
1161107,1600,118.0,118.82,117.71,118.57
1161108,1600,118.3,119.46,117.71,118.88
1161109,1600,118.08,122.83,118.05,122.54
1161110,1600,124.26,125.4,122.62,124.5
1161111,1600,125.03,127.72,124.55,127.36
1161114,1600,128.95,130.26,128.39,129.15
1161115,1600,128.85,129.89,128.3,129.55
1161116,1600,129.25,130.0,129.03,129.54
1161117,1600,129.95,130.83,129.75,130.3
1161118,1600,130.69,131.09,130.3,130.99
1161121,1600,131.31,132.0,130.61,131.6
1161122,1600,132.12,132.9,131.67,132.8
1161123,1600,132.48,133.65,132.1,133.63
1161125,1600,133.73,134.1,133.54,134.07
1161128,1600,133.97,134.0,132.15,132.33
1161129,1600,132.51,133.09,132.1,132.26
1161130,1600,132.92,133.09,131.5,131.61
1161201,1600,132.25,132.55,130.29,130.97
1161202,1600,130.94,131.47,130.52,130.9
1161205,1600,131.97,133.33,131.89,133.15
1161206,1600,133.52,134.91,132.74,134.59
1161207,1600,134.59,136.18,134.18,135.9
1161208,1600,136.25,138.21,135.8,138.04
1161209,1600,138.4,138.82,137.75,138.31
1161212,1600,137.95,138.57,136.51,136.85
1161213,1600,137.53,138.05,136.24,136.86
1161214,1600,136.42,137.35,134.81,135.15
1161215,1600,135.37,137.14,134.96,136.16
1161216,1600,136.35,137.53,135.63,135.91
1161219,1600,136.04,137.19,135.91,136.8
1161220,1600,137.28,138.21,136.99,137.96
1161221,1600,137.85,138.15,137.01,137.06
1161222,1600,136.56,136.75,134.81,135.32
1161223,1600,135.46,136.12,135.27,136.04
1161227,1600,136.23,137.3,136.21,136.65
1161228,1600,136.89,136.98,134.83,135.25
1161229,1600,135.29,136.26,134.69,135.37
1161230,1600,135.6,135.63,134.4,134.85
1170103,1600,136.49,136.83,134.5,135.52
1170104,1600,136.05,137.96,136.01,137.78
1170105,1600,137.49,137.76,135.51,136.19
1170106,1600,136.41,136.71,135.68,135.69
1170109,1600,135.54,135.72,134.5,134.8
1170110,1600,135.0,136.38,134.76,136.09
1170111,1600,136.23,136.79,135.42,136.33
1170112,1600,136.16,136.22,133.59,135.28
1170113,1600,135.65,136.97,135.65,136.26
1170117,1600,135.6,135.69,134.13,134.41
1170118,1600,134.76,134.94,133.95,134.85
1170119,1600,135.14,135.44,133.17,133.75
1170120,1600,133.75,134.88,133.75,134.44
1170123,1600,134.03,134.68,133.12,133.88
1170124,1600,134.34,136.28,134.22,135.93
1170125,1600,137.06,137.55,136.95,137.21
1170126,1600,137.34,137.5,136.42,136.66
1170127,1600,136.77,137.04,135.65,136.19
1170130,1600,135.23,135.24,133.24,134.29
1170131,1600,133.87,135.56,133.48,135.23
1170201,1600,136.22,136.87,134.7,135.15
1170202,1600,135.3,135.67,134.49,134.81
1170203,1600,135.99,136.98,135.51,136.87
1170206,1600,136.4,136.78,135.43,135.84
1170207,1600,135.82,136.47,134.77,135.24
1170208,1600,135.24,135.24,133.89,135.0
1170209,1600,135.0,137.25,135.0,136.9
1170210,1600,137.79,138.37,137.2,137.94
1170213,1600,138.77,139.21,138.09,138.3
1170214,1600,137.94,138.95,137.61,138.76
1170215,1600,138.19,139.77,138.07,139.59
1170216,1600,139.46,139.84,138.21,139.2
1170217,1600,138.45,139.16,138.25,139.11
1170221,1600,139.38,140.32,139.38,140.2
1170222,1600,140.0,140.02,139.25,139.58
1170223,1600,139.96,140.01,137.69,138.75
1170224,1600,137.46,138.65,137.3,138.65
1170227,1600,138.34,140.0,138.21,140.0
1170228,1600,139.38,139.48,137.76,137.84
1170301,1600,139.65,140.86,139.52,140.36
1170302,1600,140.33,140.36,138.64,138.75
1170303,1600,138.8,139.42,137.88,138.65
1170306,1600,137.78,137.97,136.99,137.7
1170307,1600,137.4,137.74,136.61,136.8
1170308,1600,137.28,137.62,135.78,135.9
1170309,1600,135.83,136.49,134.89,135.36
1170310,1600,136.29,136.31,134.84,135.96
1170313,1600,135.65,136.79,135.65,136.28
1170314,1600,135.75,135.83,134.56,135.63
1170315,1600,136.29,138.02,135.97,137.73
1170316,1600,138.22,138.51,137.56,137.91
1170317,1600,138.14,138.73,137.31,138.46
1170320,1600,138.28,138.52,137.37,137.86
1170321,1600,138.51,138.6,133.92,133.97
1170322,1600,133.71,134.31,132.78,134.0
1170323,1600,134.0,135.7,133.64,134.78
1170324,1600,134.95,135.47,133.86,134.49
1170327,1600,132.76,135.07,132.4,134.74
1170328,1600,134.28,135.9,134.14,135.79
1170329,1600,135.7,136.49,135.3,136.23
1170330,1600,136.32,137.38,136.26,137.26
1170331,1600,137.42,138.17,136.94,137.48
1170403,1600,137.97,138.1,135.6,136.03
1170404,1600,135.93,136.55,135.35,135.87
1170405,1600,136.83,137.43,134.08,134.33
1170406,1600,134.54,135.63,133.83,135.58
1170407,1600,135.21,136.03,134.75,135.52
1170410,1600,135.47,136.85,135.16,135.82
1170411,1600,135.27,136.92,135.08,136.9
1170412,1600,136.64,136.7,134.92,135.04
1170413,1600,134.88,135.37,133.66,133.72
1170417,1600,134.07,135.32,133.68,135.29
1170418,1600,134.72,135.46,134.16,135.32
1170419,1600,135.69,136.96,135.54,135.79
1170420,1600,136.34,137.67,136.15,137.52
1170421,1600,137.24,137.55,136.71,137.21
1170424,1600,139.08,139.34,138.49,138.92
1170425,1600,140.24,140.88,140.09,140.27
1170426,1600,140.17,141.82,140.13,140.99
1170427,1600,141.34,141.8,140.48,140.95
1170428,1600,141.03,141.17,139.04,139.06
1170501,1600,139.64,140.29,138.78,139.86
1170502,1600,139.98,140.34,138.69,139.15
1170503,1600,138.49,138.76,137.69,138.29
1170504,1600,138.53,138.73,137.11,138.1
1170505,1600,138.69,138.99,137.53,138.99
1170508,1600,138.66,138.98,137.76,138.41
1170509,1600,138.59,138.83,137.78,138.35
1170510,1600,138.04,139.48,137.86,139.21
1170511,1600,138.67,138.83,136.98,138.24
1170512,1600,137.71,137.89,137.16,137.51
1170515,1600,137.98,139.25,137.98,138.58
1170516,1600,138.97,139.04,137.62,138.63
1170517,1600,136.33,137.04,134.75,134.89
1170518,1600,134.57,135.9,134.23,135.38
1170519,1600,135.64,136.76,135.42,136.03
1170522,1600,136.26,137.2,136.16,136.95
1170523,1600,137.29,137.69,136.35,137.4
1170524,1600,137.51,138.03,136.83,137.49
1170525,1600,138.14,138.61,137.2,137.58
1170526,1600,137.38,137.79,136.78,137.54
1170530,1600,137.12,137.44,136.22,136.46
1170531,1600,136.84,136.92,134.64,136.32
1170601,1600,136.72,139.0,136.27,138.95
1170602,1600,139.45,141.02,139.05,139.85
1170605,1600,139.96,140.11,138.95,138.98
1170606,1600,138.11,139.66,137.81,138.85
1170607,1600,138.86,139.53,138.49,138.98
1170608,1600,138.98,141.46,138.74,140.88
1170609,1600,141.46,142.9,140.7,141.61
1170612,1600,141.66,141.99,140.89,141.38
1170613,1600,141.8,142.31,141.47,142.1
1170614,1600,142.03,142.04,140.45,141.26
1170615,1600,139.69,140.98,139.69,140.54
1170616,1600,140.03,140.22,139.28,140.19
1170619,1600,140.56,141.58,140.51,141.23
1170620,1600,140.88,140.97,139.7,139.8
1170621,1600,140.05,140.8,139.22,139.45
1170622,1600,139.37,140.39,139.01,139.98
1170623,1600,140.14,141.08,139.55,140.91
1170626,1600,141.09,141.53,140.2,141.08
1170627,1600,141.1,141.62,139.75,139.84
1170628,1600,140.67,142.26,140.4,141.98
1170629,1600,142.24,142.35,139.65,141.14
1170630,1600,141.25,141.67,140.77,140.92
1170703,1600,141.34,142.5,141.3,142.1
1170705,1600,141.7,141.85,140.7,141.59
1170706,1600,139.93,140.47,138.83,139.14
1170707,1600,139.43,140.68,139.18,140.49
1170710,1600,139.92,140.89,139.37,139.88
1170711,1600,139.78,140.38,138.98,140.29
1170712,1600,141.05,142.22,141.01,141.37
1170713,1600,141.2,141.56,140.38,141.49
1170714,1600,141.1,142.3,141.1,141.73
1170717,1600,141.6,142.46,141.26,142.06
1170718,1600,141.54,141.87,141.04,141.69
1170719,1600,141.88,143.14,141.88,143.1
1170720,1600,143.12,143.52,142.8,143.2
1170721,1600,143.01,143.33,142.25,142.55
1170724,1600,142.31,142.82,141.97,142.75
1170725,1600,143.62,144.25,143.21,144.05
1170726,1600,144.15,144.15,143.05,143.25
1170727,1600,143.48,143.68,141.55,142.34
1170728,1600,142.02,142.36,141.47,141.96
1170731,1600,142.22,142.38,140.97,141.51
1170801,1600,142.17,142.2,140.97,141.78
1170802,1600,141.59,141.82,139.73,140.23
1170803,1600,140.44,140.54,139.16,139.53
1170804,1600,139.91,140.32,139.49,140.21
1170807,1600,140.44,140.85,139.71,140.44
1170808,1600,140.41,141.79,139.69,140.0
1170809,1600,139.12,139.39,138.28,138.79
1170810,1600,138.28,138.28,136.26,136.27
1170811,1600,136.21,136.74,135.77,136.47
1170814,1600,137.26,138.59,137.23,138.54
1170815,1600,138.8,138.82,137.34,137.4
1170816,1600,137.67,138.39,137.21,137.44
1170817,1600,136.98,137.69,134.92,134.93
1170818,1600,134.47,135.46,134.12,134.92
1170821,1600,134.69,135.02,134.14,134.83
1170822,1600,135.26,136.45,135.14,136.29
1170823,1600,135.53,136.57,135.21,136.07
1170824,1600,136.64,136.93,136.02,136.49
1170825,1600,136.88,137.31,136.42,136.88
1170828,1600,137.37,137.61,136.77,137.46
1170829,1600,136.49,137.81,136.23,137.49
1170830,1600,137.36,138.51,137.25,138.37
1170831,1600,138.91,139.94,138.67,139.73
1170901,1600,139.98,140.63,139.73,140.52
1170905,1600,140.63,140.89,138.58,139.17
1170906,1600,139.74,140.0,139.08,139.46
1170907,1600,139.59,139.69,138.59,139.11
1170908,1600,138.93,139.77,138.62,139.22
1170911,1600,140.39,140.92,140.23,140.68
1170912,1600,141.04,141.69,140.82,141.54
1170913,1600,141.41,142.22,141.32,141.96
1170914,1600,141.78,142.16,141.42,141.83
1170915,1600,141.64,142.47,141.55,142.41
1170918,1600,142.62,143.81,142.6,143.38
1170919,1600,143.57,143.69,143.09,143.38
1170920,1600,143.53,144.02,143.26,143.84
1170921,1600,144.02,144.26,143.48,143.69
1170922,1600,143.67,144.67,143.56,144.3
1170925,1600,144.27,144.94,143.69,144.5
1170926,1600,144.29,145.15,144.18,144.61
1170927,1600,145.63,147.86,145.16,147.44
1170928,1600,147.25,148.06,146.78,147.83
1170929,1600,147.92,148.43,147.74,148.18
1171002,1600,148.31,150.0,148.08,150.0
1171003,1600,150.11,150.33,149.33,150.33
1171004,1600,150.09,150.61,149.39,149.85
1171005,1600,150.29,150.63,149.87,150.26
1171006,1600,149.71,150.34,149.57,150.05
1171009,1600,150.19,150.68,149.18,149.43
1171010,1600,149.93,150.29,149.41,149.86
1171011,1600,149.94,150.19,149.46,149.75
1171012,1600,149.46,150.01,149.02,149.64
1171013,1600,149.92,149.99,149.23,149.37
1171016,1600,149.61,150.35,149.03,149.24
1171017,1600,149.27,149.77,148.5,148.81
1171018,1600,149.5,149.91,149.08,149.52
1171019,1600,148.77,149.33,148.17,149.29
1171020,1600,150.31,150.41,149.86,149.98
1171023,1600,150.15,150.15,148.7,148.86
1171024,1600,149.39,149.78,149.04,149.17
1171025,1600,148.94,149.0,147.22,148.45
1171026,1600,148.94,149.34,148.51,148.76
1171027,1600,148.88,149.91,148.3,149.79
1171030,1600,148.88,149.45,147.39,148.21
1171031,1600,148.79,149.83,148.64,149.26
1171101,1600,150.5,150.53,147.44,148.27
1171102,1600,148.24,149.23,147.72,148.71
1171103,1600,148.48,148.96,148.06,148.61
1171106,1600,148.75,149.38,148.39,148.78
1171107,1600,148.8,148.85,146.54,147.0
1171108,1600,146.66,147.45,145.84,147.2
1171109,1600,146.27,147.39,145.28,146.68
1171110,1600,146.71,147.1,146.35,146.57
1171113,1600,145.93,146.82,145.5,146.61
1171114,1600,146.06,146.49,145.59,146.21
1171115,1600,145.35,146.21,144.5,145.63
1171116,1600,146.21,148.4,146.19,147.77
1171117,1600,147.25,149.03,147.17,148.45
1171120,1600,148.76,149.58,148.33,149.53
1171121,1600,150.2,151.29,150.06,151.09
1171122,1600,151.28,151.77,150.86,150.89
1171124,1600,151.21,151.37,150.77,150.95
1171127,1600,151.3,151.62,150.44,150.49
1171128,1600,151.02,152.97,150.66,152.86
1171129,1600,153.34,154.21,152.95,153.37
1171130,1600,154.1,154.55,153.28,153.65
1171201,1600,153.02,153.71,148.75,153.02
1171204,1600,154.9,155.41,152.3,152.45
1171205,1600,151.4,152.96,150.92,150.93
1171206,1600,150.37,151.19,149.95,150.22
1171207,1600,151.31,151.89,150.02,151.27
1171208,1600,152.15,152.28,151.28,151.41
1171211,1600,151.43,152.13,151.02,151.35
1171212,1600,151.7,151.93,150.82,150.88
1171213,1600,150.81,152.71,150.81,151.78
1171214,1600,151.85,152.2,149.64,150.1
1171215,1600,151.05,153.25,150.58,152.24
1171218,1600,153.67,154.72,153.46,154.3
1171219,1600,154.75,154.77,152.82,153.08
1171220,1600,153.75,153.94,152.84,153.38
1171221,1600,153.24,154.02,153.08,153.47
1171222,1600,153.38,153.39,152.8,153.19
1171226,1600,153.0,153.43,152.9,153.28
1171227,1600,153.21,153.95,152.81,153.13
1171228,1600,153.24,153.75,153.01,153.73
1171229,1600,154.15,154.15,152.39,152.46
1180102,1600,153.2,153.97,152.46,153.9
1180103,1600,153.87,154.46,153.52,154.06
1180104,1600,154.97,155.15,154.02,154.47
1180105,1600,154.88,154.98,153.94,154.79
1180108,1600,154.73,155.27,153.5,155.03
1180109,1600,155.24,155.5,154.73,154.82
1180110,1600,154.47,155.17,153.92,154.84
1180111,1600,155.07,157.66,154.98,157.5
1180112,1600,157.68,158.86,157.47,158.16
1180116,1600,158.86,159.41,155.8,156.14
1180117,1600,156.8,157.94,156.28,157.62
1180118,1600,157.22,157.5,156.39,156.54
1180119,1600,156.73,158.69,156.55,158.6
1180122,1600,158.4,159.45,158.31,159.45
1180123,1600,159.24,160.3,158.67,159.96
1180124,1600,160.36,160.63,158.4,158.97
1180125,1600,159.64,159.92,158.21,159.03
1180126,1600,159.53,159.69,158.77,159.6
1180129,1600,159.06,159.86,158.62,158.7
1180130,1600,157.66,158.22,156.73,157.18
1180131,1600,157.74,158.42,155.92,156.36
1180201,1600,155.73,157.21,155.53,156.85
1180202,1600,156.13,156.15,153.51,153.83
1180205,1600,152.67,153.79,147.86,147.92
1180206,1600,145.53,150.37,144.24,149.69
1180207,1600,149.61,150.79,148.61,149.84
1180208,1600,149.99,150.0,145.44,145.44
1180209,1600,146.76,147.94,142.5,146.77
1180212,1600,146.92,148.92,145.48,148.16
1180213,1600,147.38,148.79,146.9,148.48
1180214,1600,147.63,151.52,147.18,151.15
1180215,1600,152.22,152.87,150.56,152.8
1180216,1600,152.61,154.29,152.54,153.34
1180220,1600,152.55,153.77,151.67,152.08
1180221,1600,152.42,154.81,152.01,152.24
1180222,1600,152.81,154.03,151.91,152.0
1180223,1600,152.98,154.02,152.15,153.98
1180226,1600,154.53,155.26,153.47,154.99
1180227,1600,155.18,155.88,152.75,152.76
1180228,1600,153.14,153.6,150.31,150.35
1180301,1600,150.05,151.57,148.38,149.95
1180302,1600,148.71,152.75,148.4,152.35
1180305,1600,151.82,154.26,151.47,153.71
1180306,1600,154.43,155.39,152.8,155.37
1180307,1600,154.46,156.93,154.22,156.74
1180308,1600,156.9,157.47,155.5,156.42
1180309,1600,157.31,159.0,156.87,158.92
1180312,1600,159.25,159.65,158.49,159.2
1180313,1600,160.0,160.3,158.14,158.46
1180314,1600,159.22,159.39,157.41,157.71
1180315,1600,158.1,158.14,156.37,156.92
1180316,1600,156.98,158.27,156.75,157.8
1180319,1600,157.17,157.21,154.45,156.28
1180320,1600,156.67,157.02,155.77,156.24
1180321,1600,156.32,158.26,156.2,157.15
1180322,1600,155.66,156.62,153.31,153.35
1180323,1600,153.56,153.94,150.0,150.05
1180326,1600,152.09,153.38,150.43,153.33
1180327,1600,153.66,153.7,149.71,150.36
1180328,1600,150.74,151.35,149.39,150.31
1180329,1600,151.08,153.1,150.75,151.83
1180402,1600,151.52,152.07,147.18,148.13
1180403,1600,149.02,150.6,148.3,150.25
1180404,1600,148.5,152.58,148.27,152.16
1180405,1600,153.04,153.61,152.32,153.42
1180406,1600,152.37,153.4,149.15,150.36
1180409,1600,151.4,152.6,150.42,150.54
1180410,1600,152.14,153.95,151.67,153.38
1180411,1600,152.78,154.31,152.63,153.71
1180412,1600,154.43,155.41,153.93,154.76
1180413,1600,155.29,155.33,153.51,153.95
1180416,1600,154.84,155.82,154.11,155.37
1180417,1600,156.21,157.49,155.96,157.06
1180418,1600,157.52,158.38,157.16,157.48
1180419,1600,157.14,157.54,155.88,156.39
1180420,1600,156.05,156.72,155.15,155.55
1180423,1600,155.78,156.29,154.57,155.32
1180424,1600,155.9,156.63,153.19,154.43
1180425,1600,154.36,154.8,152.96,154.2
1180426,1600,154.42,155.41,153.94,154.91
1180427,1600,154.88,155.37,153.78,154.69
1180430,1600,155.02,155.65,153.29,153.32
1180501,1600,153.01,154.29,151.71,154.07
1180502,1600,153.78,155.78,153.68,154.65
1180503,1600,154.11,154.5,152.16,153.81
1180504,1600,153.26,156.5,152.8,155.73
1180507,1600,156.19,157.86,156.1,157.05
1180508,1600,156.92,157.83,156.75,157.83
1180509,1600,158.01,159.1,157.38,158.68
1180510,1600,158.9,160.17,158.76,159.53
1180511,1600,159.55,160.13,159.04,159.84
1180514,1600,160.02,160.69,159.05,159.23
1180515,1600,158.71,159.59,158.17,159.26
1180516,1600,159.49,161.32,159.47,160.92
1180517,1600,161.0,162.0,160.75,161.66
1180518,1600,161.95,162.32,161.55,161.87
1180521,1600,162.37,163.24,162.36,162.94
1180522,1600,163.26,163.33,161.63,161.76
1180523,1600,161.33,162.28,161.13,161.97
1180524,1600,161.92,162.35,160.62,162.03
1180525,1600,161.75,162.16,161.47,161.74
1180529,1600,160.88,162.23,160.11,161.52
1180530,1600,162.36,164.39,162.36,164.08
1180531,1600,164.08,164.38,162.34,162.77
1180601,1600,163.83,164.38,163.28,163.84
1180604,1600,164.32,164.71,163.32,164.71
1180605,1600,164.55,165.77,164.34,165.73
1180606,1600,165.71,166.93,165.58,166.93
1180607,1600,167.11,167.23,165.23,166.02
1180608,1600,166.06,166.61,165.76,166.52
1180611,1600,166.64,167.11,166.29,166.77
1180612,1600,166.92,167.94,166.73,167.53
1180613,1600,167.77,167.87,166.62,166.87
1180614,1600,167.49,167.84,166.61,167.76
1180615,1600,167.24,167.87,166.53,167.81
1180618,1600,166.97,168.61,166.73,168.6
1180619,1600,167.55,168.77,166.54,168.61
1180620,1600,169.45,170.2,168.95,169.97
1180621,1600,169.98,170.08,167.77,168.38
1180622,1600,169.01,169.2,167.31,167.82
1180625,1600,167.24,167.37,164.14,165.08
1180626,1600,165.23,166.66,164.85,166.04
1180627,1600,166.21,166.51,163.31,163.38
1180628,1600,163.23,164.22,162.26,163.88
1180629,1600,164.31,165.05,163.61,163.77
1180702,1600,162.76,164.96,162.48,164.9
1180703,1600,164.75,165.7,164.7,164.96
1180705,1600,165.86,166.87,164.83,166.84
1180706,1600,166.97,168.44,166.52,168.25
1180709,1600,169.01,169.33,168.39,169.31
1180710,1600,169.58,169.87,167.57,168.54
1180711,1600,167.62,168.61,167.05,167.11
1180712,1600,168.07,168.25,166.64,167.92
1180713,1600,167.85,168.73,167.42,167.42
1180716,1600,167.76,168.03,165.96,166.77
1180717,1600,166.75,168.0,166.59,167.51
1180718,1600,167.36,168.06,166.57,167.98
1180719,1600,167.77,169.25,167.26,169.17
1180720,1600,168.8,169.31,168.35,168.48
1180723,1600,168.3,169.15,167.81,168.69
1180724,1600,169.45,169.76,166.22,166.89
1180725,1600,166.94,167.5,166.14,167.5
1180726,1600,167.66,169.37,167.51,168.4
1180727,1600,168.5,168.72,164.79,165.26
1180730,1600,165.25,166.02,164.07,164.2
1180731,1600,164.53,166.62,164.39,165.87
1180801,1600,165.7,166.24,164.5,165.76
1180802,1600,164.96,167.21,164.94,166.97
1180803,1600,167.15,167.68,165.61,166.39
1180806,1600,166.27,167.51,165.9,167.32
1180807,1600,167.89,168.49,167.6,167.72
1180808,1600,167.72,167.99,166.49,167.57
1180809,1600,167.65,168.71,167.55,168.0
1180810,1600,167.05,168.67,166.96,167.53
1180813,1600,167.74,168.05,165.88,166.55
1180814,1600,166.91,168.6,166.89,168.2
1180815,1600,167.7,167.82,165.15,166.09
1180816,1600,166.86,168.17,166.69,167.63
1180817,1600,167.47,168.47,166.93,168.35
1180820,1600,168.81,169.18,167.83,168.82
1180821,1600,169.14,171.36,169.12,170.76
1180822,1600,170.59,171.49,170.42,171.18
1180823,1600,171.09,171.52,170.18,170.66
1180824,1600,171.15,171.78,171.02,171.59
1180827,1600,172.11,172.94,171.62,171.84
1180828,1600,172.16,172.48,171.1,172.0
1180829,1600,172.02,172.77,171.46,172.5
1180830,1600,172.17,173.23,171.82,172.36
1180831,1600,171.96,173.39,171.95,173.02
1180904,1600,172.79,173.12,171.12,172.25
1180905,1600,172.18,172.23,170.36,171.79
1180906,1600,172.17,172.48,170.42,170.63
1180907,1600,170.21,171.45,169.66,170.54
1180910,1600,171.25,171.68,170.39,170.75
1180911,1600,170.6,171.6,170.0,171.03
1180912,1600,170.79,171.09,169.33,170.62
1180913,1600,171.28,171.54,170.26,170.66
1180914,1600,170.77,171.93,170.4,171.38
1180917,1600,171.42,171.54,169.35,169.56
1180918,1600,169.8,170.71,169.63,170.27
1180919,1600,170.28,171.07,169.07,169.65
1180920,1600,170.37,171.3,169.81,171.22
1180921,1600,171.75,171.82,170.22,170.4
1180924,1600,170.26,170.5,168.76,169.77
1180925,1600,170.05,170.52,169.85,170.03
1180926,1600,169.93,170.03,167.78,168.03
1180927,1600,168.37,168.7,167.76,168.04
1180928,1600,167.45,169.0,167.45,168.55
1181001,1600,169.29,169.32,165.77,166.33
1181002,1600,166.18,166.53,164.18,164.53
1181003,1600,165.18,166.73,164.51,165.97
1181004,1600,165.44,165.65,163.13,163.64
1181005,1600,163.75,164.16,160.66,162.16
1181008,1600,161.77,162.4,160.55,161.82
1181009,1600,161.62,162.74,160.98,161.19
1181010,1600,160.82,160.99,156.36,156.56
1181011,1600,155.81,157.32,153.51,153.57
1181012,1600,155.56,155.76,151.89,153.6
1181015,1600,153.36,155.29,152.54,154.17
1181016,1600,155.28,158.86,154.04,158.64
1181017,1600,158.18,158.22,155.89,157.96
1181018,1600,157.41,157.63,154.37,155.0
1181019,1600,155.47,156.36,152.74,153.36
1181022,1600,153.92,154.45,152.52,153.03
1181023,1600,150.93,152.89,148.92,151.66
1181024,1600,151.43,151.98,145.82,145.95
1181025,1600,146.73,149.82,146.41,149.11
1181026,1600,147.54,149.42,144.7,147.48
1181029,1600,149.13,150.63,145.07,146.67
1181030,1600,146.85,149.89,146.56,149.73
1181031,1600,151.26,151.86,150.03,150.03
1181101,1600,150.89,153.77,150.81,153.49
1181102,1600,154.06,154.89,152.44,154.0
1181105,1600,154.04,154.66,152.35,153.88
1181106,1600,153.65,155.11,153.52,154.64
1181107,1600,155.36,157.41,154.8,157.41
1181108,1600,156.61,157.9,156.34,156.99
1181109,1600,156.0,156.03,152.95,154.08
1181112,1600,154.02,154.17,150.84,151.03
1181113,1600,151.6,153.09,150.29,150.55
1181114,1600,151.82,152.46,148.48,149.45
1181115,1600,148.49,151.8,148.13,151.58
1181116,1600,150.61,152.29,150.06,151.94
1181119,1600,151.68,152.03,148.37,148.86
1181120,1600,147.25,148.43,145.59,145.99
1181121,1600,146.78,149.37,146.53,148.03
1181123,1600,146.82,149.3,146.81,147.89
1181126,1600,149.32,150.4,148.74,149.81
1181127,1600,149.18,149.73,148.29,148.57
1181128,1600,149.2,152.37,147.7,152.24
1181129,1600,151.61,152.74,150.44,151.83
1181130,1600,151.46,152.86,151.08,152.62
1181203,1600,154.39,154.48,152.02,154.08
1181204,1600,153.75,154.13,147.14,147.52
1181206,1600,145.45,147.2,143.43,147.2
1181207,1600,147.14,148.26,143.27,144.02
1181210,1600,144.27,144.72,141.45,143.6
1181211,1600,145.68,146.19,142.39,143.45
1181212,1600,144.88,146.76,144.76,144.82
1181213,1600,145.24,145.69,142.54,142.77
1181214,1600,141.73,143.23,140.1,140.61
1181217,1600,139.67,140.88,136.16,137.02
1181218,1600,138.26,139.18,136.29,136.85
1181219,1600,136.8,138.68,133.25,134.0
1181220,1600,133.63,134.41,130.23,131.79
1181221,1600,132.38,132.95,127.98,128.37
1181224,1600,127.73,128.47,125.84,125.88
1181226,1600,126.28,132.1,125.81,131.93
1181227,1600,130.27,132.48,127.87,132.48
1181228,1600,132.48,135.01,131.54,132.86
1181231,1600,133.72,134.05,131.8,133.9
1190102,1600,132.17,135.17,131.54,134.66
1190103,1600,133.91,134.64,131.65,132.25
1190104,1600,133.92,137.6,133.71,137.19
1190107,1600,137.26,140.37,136.74,139.59
1190108,1600,140.8,141.79,139.39,141.73
1190109,1600,142.22,143.39,141.62,142.9
1190110,1600,142.06,143.72,141.35,143.64
1190111,1600,143.01,143.99,142.68,143.68
1190114,1600,142.82,143.44,142.09,142.25
1190115,1600,142.65,143.65,142.09,143.45
1190116,1600,143.68,145.25,143.67,144.52
1190117,1600,143.99,146.33,143.97,145.83
1190118,1600,146.6,147.92,146.0,147.33
1190122,1600,146.46,146.76,144.05,145.0
1190123,1600,145.32,146.18,143.46,144.6
1190124,1600,144.43,145.76,144.33,145.47
1190125,1600,146.62,147.64,146.43,147.34
1190128,1600,145.96,146.91,145.37,146.55
1190129,1600,146.71,146.82,145.88,146.2
1190130,1600,146.98,148.34,145.68,147.8
1190131,1600,147.61,149.3,147.53,149.06
1190201,1600,149.35,149.68,148.58,149.18
1190204,1600,149.41,150.97,148.88,150.96
1190205,1600,151.01,151.6,150.24,151.12
1190206,1600,151.04,151.37,150.1,150.93
1190207,1600,149.92,150.7,148.39,149.69
1190208,1600,149.06,149.9,148.5,149.85
1190211,1600,150.29,151.15,149.63,151.1
1190212,1600,151.92,153.19,151.88,152.99
1190213,1600,153.42,153.76,152.7,153.42
1190214,1600,152.58,154.37,152.4,153.77
1190215,1600,154.78,156.24,154.27,156.22
1190219,1600,155.55,157.1,155.55,156.65
1190220,1600,156.66,157.58,156.53,157.39
1190221,1600,157.13,157.37,156.06,156.79
1190222,1600,157.27,158.27,157.1,158.15
1190225,1600,159.08,159.5,158.09,158.19
1190226,1600,158.01,158.19,156.89,157.1
1190227,1600,156.49,157.44,156.12,157.32
1190228,1600,157.09,157.48,156.37,156.78
1190301,1600,157.95,158.34,156.75,158.24
1190304,1600,158.54,158.78,155.59,156.81
1190305,1600,156.94,156.95,155.96,156.08
1190306,1600,156.02,156.08,152.88,153.02
1190307,1600,153.02,153.14,151.37,151.68
1190308,1600,150.84,151.76,150.61,151.64
1190311,1600,152.11,154.31,151.9,154.29
1190312,1600,154.4,154.98,153.8,154.37
1190313,1600,154.92,155.73,154.75,154.98
1190314,1600,154.9,155.02,154.2,154.35
1190315,1600,154.53,155.87,154.33,154.76
1190318,1600,155.06,156.45,154.48,155.75
1190319,1600,156.48,156.53,154.57,154.96
1190320,1600,154.54,155.42,152.41,153.26
1190321,1600,152.73,156.06,152.73,155.27
1190322,1600,154.2,154.54,149.57,149.62
1190325,1600,149.48,151.32,148.41,150.28
1190326,1600,151.47,152.82,150.79,151.86
1190327,1600,151.71,152.21,149.48,151.27
1190328,1600,151.79,152.93,150.93,152.62
1190329,1600,153.68,153.97,152.1,153.09
1190401,1600,154.29,154.92,153.72,154.76
1190402,1600,154.87,154.88,153.51,154.36
1190403,1600,155.74,156.15,154.73,155.16
1190404,1600,155.28,156.01,154.84,155.92
1190405,1600,156.3,157.47,156.19,157.38
1190408,1600,156.85,157.5,156.07,157.12
1190409,1600,156.46,156.7,154.91,155.2
1190410,1600,155.48,157.36,155.33,157.31
1190411,1600,157.52,157.68,156.81,157.11
1190412,1600,158.13,158.16,157.11,157.68
1190415,1600,157.95,158.1,156.5,157.17
1190416,1600,157.71,157.9,156.98,157.54
1190417,1600,158.09,158.11,155.2,156.1
1190418,1600,156.11,156.28,154.66,155.64
1190422,1600,155.31,155.81,154.52,155.23
1190423,1600,155.37,158.05,155.36,157.57
1190424,1600,157.62,158.69,157.37,158.06
1190425,1600,157.33,157.47,155.47,156.75
1190426,1600,156.96,158.49,156.4,158.27
1190429,1600,158.62,159.61,158.49,159.03
1190430,1600,159.15,159.19,156.96,158.29
1190501,1600,158.67,158.73,156.71,156.79
1190502,1600,156.64,158.15,155.68,157.52
1190503,1600,158.31,160.64,158.19,160.53
1190506,1600,158.18,161.11,158.01,160.71
1190507,1600,159.31,159.87,156.25,157.53
1190508,1600,157.26,158.09,156.65,156.76
1190509,1600,155.52,156.65,153.74,156.19
1190510,1600,155.59,156.83,153.67,156.62
1190513,1600,153.69,154.02,151.16,151.63
1190514,1600,151.96,154.17,151.7,153.54
1190515,1600,152.4,154.41,152.07,154.04
1190516,1600,154.51,156.18,154.44,155.0
1190517,1600,153.82,155.27,152.66,152.84
1190520,1600,151.93,152.82,151.41,151.78
1190521,1600,152.63,154.04,152.58,153.82
1190522,1600,153.22,153.59,152.0,152.53
1190523,1600,151.06,151.06,148.58,149.39
1190524,1600,150.38,151.09,149.79,150.79
1190528,1600,151.01,151.65,149.58,149.59
1190529,1600,148.84,148.93,147.36,148.34
1190530,1600,148.75,149.58,147.04,147.93
1190531,1600,146.19,146.84,145.32,145.86
1190603,1600,146.13,147.21,145.33,146.37
1190604,1600,147.92,150.29,146.42,150.16
1190605,1600,150.76,150.89,148.61,150.19
1190606,1600,150.12,150.52,148.31,149.8
1190607,1600,150.35,151.51,150.02,150.86
1190610,1600,151.45,153.14,151.45,151.75
1190611,1600,152.87,153.23,150.58,151.3
1190612,1600,151.18,151.78,150.62,151.47
1190613,1600,152.31,153.18,151.87,153.07
1190614,1600,152.88,152.94,151.72,151.73
1190617,1600,151.87,152.9,151.67,152.24
1190618,1600,153.27,155.15,152.26,154.01
1190619,1600,154.19,154.7,153.4,154.56
1190620,1600,156.05,156.22,154.44,155.29
1190621,1600,155.13,155.17,153.61,153.95
1190624,1600,154.36,154.41,152.0,152.08
1190625,1600,152.31,152.5,151.0,151.15
1190626,1600,151.7,152.22,150.76,150.8
1190627,1600,151.24,153.77,151.24,153.63
1190628,1600,153.95,156.02,153.94,155.5
1190701,1600,157.54,158.03,155.22,156.1
1190702,1600,156.02,156.12,154.26,155.15
1190703,1600,155.6,156.34,155.17,156.26
1190705,1600,155.49,156.74,154.86,156.68
1190708,1600,156.21,156.48,154.89,155.19
1190709,1600,154.54,155.43,154.48,155.4
1190710,1600,156.2,156.56,154.85,155.67
1190711,1600,155.89,155.94,154.22,154.91
1190712,1600,155.14,156.67,154.88,156.11
1190715,1600,156.56,156.59,154.85,155.29
1190716,1600,155.13,156.2,154.67,155.24
1190717,1600,155.24,155.34,153.73,154.13
1190718,1600,154.08,155.01,153.73,154.71
1190719,1600,154.94,155.43,153.82,153.82
1190722,1600,154.24,154.7,153.4,153.68
1190723,1600,154.28,154.72,153.54,154.7
1190724,1600,154.29,157.45,154.12,157.26
1190725,1600,157.18,157.24,155.09,155.36
1190726,1600,155.58,157.42,155.5,157.2
1190729,1600,157.19,157.36,155.6,156.15
1190730,1600,155.06,157.84,154.71,157.84
1190731,1600,157.78,159.23,155.55,156.56
1190801,1600,156.88,158.17,153.59,154.29
1190802,1600,153.35,153.75,151.28,152.58
1190805,1600,149.78,149.92,146.21,148.0
1190806,1600,148.9,149.7,147.38,149.36
1190807,1600,147.92,149.71,146.69,149.32
1190808,1600,150.15,152.63,149.99,152.54
1190809,1600,152.09,152.15,150.03,150.62
1190812,1600,149.81,150.12,148.33,148.67
1190813,1600,148.34,151.79,147.67,150.27
1190814,1600,147.95,147.98,145.72,146.07
1190815,1600,146.62,146.67,144.79,145.49
1190816,1600,146.14,148.91,146.11,148.63
1190819,1600,150.32,150.89,149.95,150.13
1190820,1600,149.92,150.01,148.99,149.15
1190821,1600,150.62,150.65,149.79,150.38
1190822,1600,150.67,151.08,149.14,150.03
1190823,1600,149.22,150.11,144.93,145.43
1190826,1600,146.8,147.05,145.71,147.03
1190827,1600,147.96,148.02,144.68,144.85
1190828,1600,144.56,147.39,144.25,146.54
1190829,1600,148.15,149.29,147.96,149.11
1190830,1600,149.89,149.97,148.04,148.84
1190903,1600,147.45,148.32,146.0,146.66
1190904,1600,148.01,148.36,147.18,147.84
1190905,1600,149.85,151.91,149.37,150.59
1190906,1600,150.7,151.23,149.83,149.9
1190909,1600,150.57,152.24,150.06,151.91
1190910,1600,151.68,153.95,150.89,153.85
1190911,1600,154.52,157.16,153.56,157.0
1190912,1600,157.18,157.9,155.57,157.04
1190913,1600,157.85,158.92,157.13,157.31
1190916,1600,156.97,158.75,156.7,157.9
1190917,1600,157.36,157.57,156.45,157.49
1190918,1600,157.48,157.5,155.07,156.52
1190919,1600,156.8,157.82,155.53,155.76
1190920,1600,155.64,156.65,154.45,155.43
1190923,1600,154.86,155.95,154.56,155.31
1190924,1600,155.15,155.29,151.84,152.43
1190925,1600,152.28,154.36,151.8,154.1
1190926,1600,153.92,153.92,151.95,152.38
1190927,1600,152.82,153.22,150.5,151.16
1190930,1600,151.37,152.26,150.79,151.34
1191001,1600,152.11,153.35,148.05,148.37
1191002,1600,147.63,147.63,145.86,147.25
1191003,1600,146.69,147.94,144.93,147.74
1191004,1600,147.99,149.25,147.12,149.14
1191007,1600,148.78,150.07,148.12,148.88
1191008,1600,147.42,147.93,146.11,146.46
1191009,1600,147.54,147.69,146.64,147.13
1191010,1600,147.34,148.5,147.1,147.72
1191011,1600,149.79,151.96,147.69,150.22
1191014,1600,149.91,150.15,149.1,149.67
1191015,1600,150.17,152.13,149.79,151.39
1191016,1600,151.21,152.27,151.14,151.55
1191017,1600,152.29,153.51,152.05,153.34
1191018,1600,152.93,153.5,151.45,152.61
1191021,1600,154.17,154.98,153.91,154.04
1191022,1600,154.2,155.05,153.74,154.21
1191023,1600,154.34,154.75,153.55,154.4
1191024,1600,154.95,155.06,153.47,154.18
1191025,1600,153.91,155.53,153.9,155.0
1191028,1600,155.66,156.98,155.01,156.34
1191029,1600,156.01,157.34,155.86,156.85
1191030,1600,156.79,156.81,155.28,156.33
1191031,1600,156.1,156.1,154.24,155.45
1191101,1600,156.4,158.19,156.05,158.1
1191104,1600,159.4,159.7,158.47,158.95
1191105,1600,159.4,160.46,158.97,159.15
1191106,1600,158.99,158.99,157.81,158.23
1191107,1600,159.74,160.17,158.17,158.65
1191108,1600,158.28,159.27,157.95,159.08
1191111,1600,158.03,158.9,157.88,158.78
1191112,1600,158.93,159.88,158.49,158.83
1191113,1600,157.74,158.5,157.19,158.15
1191114,1600,157.93,158.91,157.79,158.1
1191115,1600,159.23,159.29,158.35,158.92
1191118,1600,158.72,158.74,157.94,158.52
1191119,1600,159.11,159.7,158.31,159.11
1191120,1600,158.55,159.6,157.26,158.51
1191121,1600,158.82,158.89,157.23,157.73
1191122,1600,158.31,158.54,157.35,158.22
1191125,1600,159.03,161.83,158.89,161.58
1191126,1600,161.75,162.54,161.29,161.69
1191127,1600,162.38,162.93,162.08,162.83
1191129,1600,162.41,162.79,161.67,161.77
1191202,1600,162.15,162.21,159.91,160.19
1191203,1600,158.82,159.76,158.1,159.68
1191204,1600,160.5,161.22,160.3,160.78
1191205,1600,161.47,161.65,160.45,160.94
1191206,1600,162.59,163.41,162.5,162.82
1191209,1600,162.75,163.16,162.39,162.51
1191210,1600,162.41,162.96,161.94,162.61
1191211,1600,162.88,163.08,161.95,162.56
1191212,1600,162.75,165.1,162.25,163.96
1191213,1600,163.73,164.81,162.55,163.33
1191216,1600,164.06,164.85,163.74,163.88
1191217,1600,164.14,164.7,163.7,164.7
1191218,1600,165.06,165.28,164.32,165.02
1191219,1600,165.28,165.73,164.88,165.73
1191220,1600,166.15,166.41,165.72,165.97
1191223,1600,166.24,166.36,165.36,166.3
1191224,1600,166.45,166.7,166.04,166.68
1191226,1600,166.83,166.98,166.36,166.68
1191227,1600,167.12,167.12,165.43,165.86
1191230,1600,165.98,166.21,164.57,165.44
1191231,1600,165.08,166.35,164.71,165.67
1200102,1600,166.74,166.75,164.23,165.78
1200103,1600,163.74,165.41,163.7,165.13
1200106,1600,163.85,165.54,163.54,165.35
1200107,1600,164.85,165.34,164.21,164.8
1200108,1600,164.82,166.03,164.72,165.31
1200109,1600,166.12,166.45,165.26,165.51
1200110,1600,165.55,165.69,164.2,164.89
1200113,1600,164.94,166.04,164.07,165.96
1200114,1600,165.14,167.59,164.98,166.57
1200115,1600,166.15,167.95,166.14,167.37
1200116,1600,168.59,169.87,168.43,169.53
1200117,1600,170.28,170.56,168.67,169.07
1200121,1600,168.36,168.99,167.27,167.67
1200122,1600,168.19,168.62,167.18,167.56
1200123,1600,167.1,167.97,165.45,167.45
1200124,1600,168.01,168.01,164.23,165.39
1200127,1600,162.85,164.49,162.42,163.51
1200128,1600,164.5,165.4,163.49,164.87
1200129,1600,165.1,165.56,163.9,163.93
1200130,1600,162.84,164.14,161.93,163.93
1200131,1600,163.32,163.92,160.03,160.53
1200203,1600,161.6,162.93,161.49,162.32
1200204,1600,164.31,165.31,164.16,164.77
1200205,1600,166.48,167.53,165.69,167.31
1200206,1600,167.89,168.15,166.76,166.93
1200207,1600,166.29,166.36,164.4,164.88
1200210,1600,164.56,165.89,164.46,165.81
1200211,1600,166.79,167.96,166.27,166.96
1200212,1600,168.02,168.29,167.28,168.11
1200213,1600,167.22,168.95,167.11,168.55
1200214,1600,168.7,168.78,167.34,167.9
1200218,1600,167.5,168.06,166.43,167.54
1200219,1600,168.17,169.14,167.53,168.4
1200220,1600,167.9,169.11,166.59,168.81
1200221,1600,168.15,168.63,166.33,167.1
1200224,1600,161.86,167.06,161.1,162.07
1200225,1600,162.52,162.76,155.96,156.31
1200226,1600,157.05,158.49,154.22,154.5
1200227,1600,151.35,155.01,148.82,149.06
1200228,1600,144.85,149.13,143.91,146.33
1200302,1600,147.97,151.23,145.39,151.03
1200303,1600,151.09,154.2,146.31,147.95
1200304,1600,150.28,152.45,148.52,152.16
1200305,1600,148.84,152.48,145.49,147.32
1200306,1600,142.71,145.98,140.99,144.4
1200309,1600,134.13,136.17,130.26,130.36
1200310,1600,134.71,134.8,128.02,134.43
1200311,1600,130.92,132.27,124.17,125.88
1200312,1600,116.77,119.9,111.6,111.97
1200313,1600,118.31,119.96,109.55,119.47
1200316,1600,108.62,111.3,101.43,103.62
1200317,1600,104.96,110.5,100.61,108.37
1200318,1600,103.05,106.78,96.25,99.97
1200319,1600,99.66,106.8,95.69,103.87
1200320,1600,106.12,108.76,100.45,101.4
1200323,1600,101.9,102.18,95.91,99.9
1200324,1600,105.37,109.33,99.93,109.04
1200325,1600,109.48,114.0,106.02,109.97
1200326,1600,111.54,117.6,111.2,116.81
1200327,1600,112.25,116.02,110.87,112.56
1200330,1600,113.24,115.26,110.8,115.04
1200331,1600,114.6,116.17,111.96,114.46
1200401,1600,108.7,110.38,105.53,106.66
1200402,1600,105.72,110.39,104.57,107.67
1200403,1600,106.59,108.0,102.6,104.62
1200406,1600,109.09,113.34,109.02,112.63
1200407,1600,116.88,118.64,112.39,112.92
1200408,1600,114.88,119.24,113.29,118.07
1200409,1600,121.92,124.61,121.33,123.72
1200413,1600,122.85,123.51,119.12,120.37
1200414,1600,123.9,124.88,121.3,122.81
1200415,1600,117.86,119.11,116.66,117.8
1200416,1600,118.09,118.42,114.56,116.91
1200417,1600,121.9,122.72,120.06,122.06
1200420,1600,119.59,122.9,119.04,120.62
1200421,1600,117.42,119.24,116.48,117.74
1200422,1600,120.32,120.99,118.77,119.17
1200423,1600,120.11,122.9,119.68,120.34
1200424,1600,121.53,123.32,120.09,122.41
1200427,1600,123.95,128.44,123.86,127.26
1200428,1600,131.12,131.46,127.28,129.11
1200429,1600,133.49,136.85,131.88,135.46
1200430,1600,131.9,132.94,130.14,130.31
1200501,1600,127.15,127.46,123.29,125.14
1200504,1600,123.6,125.9,122.25,125.68
1200505,1600,128.07,129.92,126.1,126.65
1200506,1600,127.49,128.2,125.0,125.72
1200507,1600,127.39,128.5,126.55,127.44
1200508,1600,130.16,132.75,129.19,132.36
1200511,1600,130.41,132.95,129.33,131.7
1200512,1600,132.26,132.29,126.84,126.97
1200513,1600,125.65,126.08,120.41,122.72
1200514,1600,119.97,123.27,117.18,123.12
1200515,1600,122.01,125.53,121.46,125.08
1200518,1600,131.45,133.39,130.83,132.68
1200519,1600,132.22,133.45,130.06,130.06
1200520,1600,132.73,134.98,132.38,134.0
1200521,1600,134.05,135.06,132.58,134.24
1200522,1600,134.67,135.05,133.02,134.89
1200526,1600,140.09,140.38,134.99,138.78
1200527,1600,141.57,143.5,137.33,143.09
1200528,1600,144.74,144.74,137.58,139.7
1200529,1600,138.3,139.28,136.41,138.9
1200601,1600,139.26,141.67,138.61,140.23
1200602,1600,141.07,141.85,139.56,141.39
1200603,1600,143.67,146.07,143.11,144.8
1200604,1600,143.84,145.6,143.18,144.59
1200605,1600,150.86,152.32,149.55,150.18
1200608,1600,152.35,153.39,151.63,153.09
1200609,1600,150.86,151.77,149.06,150.26
1200610,1600,150.09,150.26,145.9,146.18
1200611,1600,140.15,141.03,134.77,135.03
1200612,1600,140.33,141.02,134.15,138.27
1200615,1600,133.28,142.06,133.28,140.99
1200616,1600,146.69,146.69,141.03,144.38
1200617,1600,144.59,144.99,141.32,141.77
1200618,1600,140.37,143.31,139.81,141.72
1200619,1600,144.42,144.51,139.84,140.99
1200622,1600,140.24,142.56,138.83,142.4
1200623,1600,144.32,144.66,142.65,143.0
1200624,1600,141.1,141.6,136.31,138.36
1200625,1600,137.71,140.58,136.29,140.45
1200626,1600,139.48,139.83,136.49,136.67
1200629,1600,138.71,141.99,137.1,141.14
1200630,1600,140.67,143.62,140.59,143.18
1200701,1600,143.65,144.51,141.24,141.82
1200702,1600,144.56,145.28,141.89,142.4
1200706,1600,145.32,145.7,142.93,143.43
1200707,1600,142.18,143.44,140.48,140.89
1200708,1600,140.76,142.5,139.1,141.94
1200709,1600,142.02,142.35,137.24,139.07
1200710,1600,139.14,141.5,138.46,141.31
1200713,1600,142.8,144.64,139.39,139.52
1200714,1600,139.43,141.98,138.64,141.83
1200715,1600,145.42,147.78,144.79,147.03
1200716,1600,146.11,146.67,144.88,146.16
1200717,1600,146.68,147.59,145.51,146.59
1200720,1600,146.12,146.85,145.15,145.96
1200721,1600,147.47,149.16,147.2,148.03
1200722,1600,147.09,148.67,147.03,148.11
1200723,1600,147.98,150.2,146.7,148.26
1200724,1600,147.29,147.67,145.56,146.08
1200727,1600,146.19,147.69,145.39,147.6
1200728,1600,147.07,148.04,146.06,146.13
1200729,1600,147.0,149.45,146.98,149.35
1200730,1600,147.14,149.12,146.33,148.76
1200731,1600,148.14,148.42,144.67,147.36
1200803,1600,148.29,149.97,147.22,149.76
1200804,1600,149.39,150.93,149.04,150.79
1200805,1600,152.29,153.89,151.78,153.79
1200806,1600,153.8,154.44,152.91,153.73
1200807,1600,153.45,156.25,153.15,156.17
1200810,1600,156.65,158.83,156.65,157.79
1200811,1600,159.27,159.82,156.16,156.88
1200812,1600,158.67,158.89,156.49,157.52
1200813,1600,156.99,158.53,156.65,157.19
1200814,1600,156.28,157.76,155.87,157.09
1200817,1600,157.5,158.03,156.74,157.9
1200818,1600,157.85,157.85,155.71,156.39
1200819,1600,156.93,158.04,156.19,156.4
1200820,1600,154.8,156.49,154.54,155.76
1200821,1600,155.15,155.72,153.6,154.61
1200824,1600,155.86,156.27,154.33,156.23
1200825,1600,156.81,156.82,154.79,156.4
1200826,1600,156.5,156.77,155.18,155.42
1200827,1600,156.12,157.0,154.63,155.8
1200828,1600,156.6,157.2,155.73,157.12
1200831,1600,157.19,157.37,155.3,155.43
1200901,1600,155.22,157.31,154.45,157.21
1200902,1600,157.96,158.98,156.18,158.46
1200903,1600,158.12,158.29,152.96,153.78
1200904,1600,155.71,155.89,149.29,152.8
1200908,1600,151.18,152.48,149.0,149.86
1200909,1600,151.43,152.78,150.57,152.13
1200910,1600,152.83,153.88,150.06,150.15
1200911,1600,150.92,151.05,147.68,149.15
1200914,1600,150.59,153.43,150.37,153.08
1200915,1600,154.38,154.7,152.86,153.37
1200916,1600,154.11,156.85,153.84,154.82
1200917,1600,152.62,154.4,151.75,153.69
1200918,1600,153.98,155.29,151.14,153.29
1200921,1600,149.82,150.26,146.33,147.92
1200922,1600,148.65,149.3,146.56,149.06
1200923,1600,148.41,149.43,143.98,144.07
1200924,1600,144.04,146.53,142.09,144.07
1200925,1600,143.44,146.85,143.35,146.41
1200928,1600,148.37,150.44,146.4,150.02
1200929,1600,149.85,150.28,148.0,149.34
1200930,1600,149.9,151.97,148.49,149.79
1201001,1600,150.81,152.2,149.49,152.18
1201002,1600,149.41,153.58,148.99,152.85
1201005,1600,154.49,157.31,154.48,157.07
1201006,1600,158.5,161.01,156.34,156.62
1201007,1600,158.59,160.56,158.46,160.04
1201008,1600,161.72,162.28,160.58,161.86
1201009,1600,163.35,163.71,161.81,162.7
1201012,1600,163.4,164.24,162.6,163.79
1201013,1600,162.52,163.22,161.48,162.7
1201014,1600,163.01,163.91,160.94,161.09
1201015,1600,159.29,163.18,158.81,162.75
1201016,1600,163.21,163.7,162.31,162.35
1201019,1600,162.88,164.03,160.03,160.41
1201020,1600,161.56,162.45,160.34,160.76
1201021,1600,160.87,161.37,159.29,159.38
1201022,1600,160.14,162.19,159.18,162.13
1201023,1600,163.07,163.33,161.25,163.07
1201026,1600,160.92,161.37,157.38,159.55
1201027,1600,159.45,160.06,157.94,158.18
1201028,1600,154.66,155.44,153.04,153.31
1201029,1600,152.77,155.79,151.67,155.14
1201030,1600,154.32,155.28,151.39,153.09
1201102,1600,154.77,155.89,153.67,155.82
1201103,1600,158.43,161.23,158.06,160.24
1201104,1600,157.75,162.35,157.71,160.42
1201105,1600,162.01,165.58,161.91,164.91
1201106,1600,165.62,165.71,163.3,163.62
1201109,1600,176.95,178.1,169.33,169.55
1201110,1600,171.2,173.33,169.75,172.7
1201111,1600,173.34,173.48,170.86,172.63
1201112,1600,171.4,172.64,168.34,169.98
1201113,1600,171.35,174.13,171.31,173.5
1201116,1600,176.49,177.78,175.4,177.63
1201117,1600,176.04,178.8,174.28,178.46
1201118,1600,178.94,179.72,175.86,175.96
1201119,1600,175.65,177.59,175.07,177.31
1201120,1600,176.67,177.94,175.83,177.5
1201123,1600,179.25,181.99,178.73,180.82
1201124,1600,183.39,185.44,182.36,184.22
1201125,1600,183.5,184.31,181.89,183.59
1201127,1600,183.72,184.49,183.22,184.37
1201130,1600,183.82,184.32,180.32,181.02
1201201,1600,183.6,184.22,181.02,182.7
1201202,1600,181.95,183.48,180.76,182.89
1201203,1600,183.34,185.18,182.94,183.92
1201204,1600,185.02,188.45,183.92,188.2
1201207,1600,188.23,188.95,187.44,188.38
1201208,1600,187.12,190.98,187.08,190.8
1201209,1600,192.02,192.81,187.9,189.41
1201210,1600,187.76,191.65,187.31,191.24
1201211,1600,189.99,191.72,188.3,190.3
1201214,1600,191.96,193.12,189.88,189.93
1201215,1600,191.76,194.9,190.73,194.68
1201216,1600,195.13,195.21,192.96,193.98
1201217,1600,194.73,196.38,194.06,196.29
1201218,1600,196.61,197.83,194.8,195.34
1201221,1600,191.9,195.78,191.48,195.24
1201222,1600,195.99,197.72,195.39,197.46
1201223,1600,198.57,199.65,197.9,199.14
1201224,1600,199.93,199.94,198.06,199.01
1201228,1600,201.16,201.18,198.13,198.27
1201229,1600,198.64,199.0,193.44,194.43
1201230,1600,195.05,197.48,195.03,196.41
1201231,1600,196.62,196.84,194.62,196.06
1210104,1600,197.54,197.89,190.94,193.5
1210105,1600,193.09,197.62,193.07,196.49
1210106,1600,199.48,206.78,199.16,204.53
1210107,1600,205.71,208.52,205.7,208.17
1210108,1600,209.32,209.77,204.66,207.72
1210111,1600,205.09,208.12,204.83,207.54
1210112,1600,208.52,211.39,208.49,211.26
1210113,1600,211.43,211.73,209.19,209.75
1210114,1600,211.24,215.0,211.13,213.94
1210115,1600,210.81,213.96,208.26,210.75
1210119,1600,213.34,213.61,211.72,213.45
1210120,1600,214.36,215.98,213.07,214.39
1210121,1600,214.97,215.16,211.95,212.53
1210122,1600,210.49,215.33,209.55,215.0
1210125,1600,214.93,217.91,211.6,214.79
1210126,1600,216.3,216.69,212.77,213.3
1210127,1600,209.5,212.99,207.29,209.39
1210128,1600,210.84,212.37,207.63,208.72
1210129,1600,209.73,210.99,204.84,205.56
1210201,1600,208.17,211.57,205.76,210.61
1210202,1600,213.15,214.05,210.89,213.61
1210203,1600,213.7,214.74,211.59,214.25
1210204,1600,215.09,218.83,215.08,218.62
1210205,1600,220.94,221.84,218.77,221.65
1210208,1600,223.79,227.33,223.4,227.31
1210209,1600,227.13,229.62,226.31,228.38
1210210,1600,229.92,230.32,224.95,226.88
1210211,1600,228.14,229.0,223.42,226.62
1210212,1600,225.93,227.74,224.64,227.26
1210216,1600,229.47,229.63,224.79,225.83
1210217,1600,223.61,224.74,220.96,224.06
1210218,1600,222.34,222.9,219.39,220.59
1210219,1600,222.46,226.3,222.17,225.19
1210222,1600,223.51,226.39,222.98,223.73
1210223,1600,220.96,222.98,215.56,221.76
1210224,1600,222.62,227.45,221.71,227.0
1210225,1600,226.79,227.59,218.01,218.61
1210226,1600,219.52,222.23,214.81,218.31
1210301,1600,223.48,226.71,222.94,226.07
1210302,1600,225.79,225.96,221.55,221.72
1210303,1600,222.42,224.26,219.21,219.32
1210304,1600,218.51,220.69,209.43,213.19
1210305,1600,216.89,218.15,207.21,217.71
1210308,1600,219.36,222.27,217.67,218.74
1210309,1600,222.41,224.99,220.92,223.34
1210310,1600,225.6,228.97,225.2,227.22
1210311,1600,229.55,232.28,228.79,232.22
1210312,1600,231.99,234.15,231.37,233.59
1210315,1600,233.34,234.53,231.91,234.42
1210316,1600,234.02,234.09,229.12,230.5
1210317,1600,228.97,232.82,227.36,232.31
1210318,1600,230.8,232.93,224.61,225.24
1210319,1600,224.57,228.6,222.95,226.94
1210322,1600,227.68,228.1,224.1,225.23
1210323,1600,223.16,223.86,216.03,217.06
1210324,1600,219.86,221.33,212.04,212.04
1210325,1600,209.34,217.52,208.03,216.66
1210326,1600,218.96,220.68,215.96,220.61
1210329,1600,219.01,220.93,214.08,214.4
1210330,1600,214.39,218.68,213.14,218.01
1210331,1600,219.17,222.4,219.12,220.94
1210401,1600,222.4,223.9,222.02,223.74
1210405,1600,226.4,226.54,223.57,224.97
1210406,1600,225.0,226.69,223.84,224.31
1210407,1600,224.23,224.37,219.94,220.69
1210408,1600,221.84,222.82,219.39,222.56
1210409,1600,222.49,223.09,221.24,222.59
1210412,1600,222.72,222.93,220.4,221.72
1210413,1600,221.48,222.57,218.83,221.14
1210414,1600,221.87,226.0,221.8,223.32
1210415,1600,225.09,225.12,222.26,224.29
1210416,1600,225.4,225.68,223.01,224.65
1210419,1600,223.71,224.66,219.94,221.73
1210420,1600,220.77,221.62,215.24,217.19
1210421,1600,217.02,222.62,215.5,222.5
1210422,1600,223.26,225.33,220.78,221.58
1210423,1600,222.82,226.65,222.02,225.76
1210426,1600,227.0,228.69,226.75,228.11
1210427,1600,228.71,229.39,227.51,228.45
1210428,1600,228.08,229.49,227.1,228.84
1210429,1600,230.85,230.95,225.79,227.99
1210430,1600,225.72,227.8,224.14,224.89
1210503,1600,227.21,227.41,224.92,225.99
1210504,1600,224.6,226.14,220.96,223.29
1210505,1600,224.28,224.54,221.36,222.4
1210506,1600,222.65,222.81,218.64,222.59
1210507,1600,222.66,225.93,222.16,225.39
1210510,1600,225.23,225.67,219.59,219.66
1210511,1600,214.92,220.39,214.42,218.96
1210512,1600,217.1,218.77,211.54,211.85
1210513,1600,213.31,217.44,211.8,215.75
1210514,1600,217.94,221.41,215.68,221.02
1210517,1600,219.78,221.39,217.9,221.32
1210518,1600,221.39,223.24,219.47,219.64
1210519,1600,216.03,218.16,214.05,217.95
1210520,1600,218.27,219.87,216.33,219.4
1210521,1600,221.33,222.37,219.35,219.97
1210524,1600,221.18,222.45,220.0,221.4
1210525,1600,222.23,223.71,219.19,219.26
1210526,1600,220.13,223.69,220.12,223.35
1210527,1600,225.04,226.36,224.18,225.65
1210528,1600,227.08,227.18,225.05,225.5
1210601,1600,227.46,228.56,225.96,228.06
1210602,1600,228.91,228.92,226.83,228.33
1210603,1600,226.82,227.62,224.04,226.42
1210604,1600,227.56,228.06,226.21,227.4
1210607,1600,227.89,230.78,227.25,230.45
1210608,1600,231.21,233.48,229.98,232.89
1210609,1600,233.54,233.64,230.98,231.34
1210610,1600,231.68,232.18,228.71,229.28
1210611,1600,230.3,231.8,230.07,231.7
1210614,1600,232.31,233.35,230.14,231.02
1210615,1600,231.12,231.47,228.48,230.36
1210616,1600,229.7,230.68,227.64,229.87
1210617,1600,229.24,230.2,224.52,227.29
1210618,1600,223.7,225.74,221.13,222.13
1210621,1600,224.05,227.5,223.28,226.88
1210622,1600,226.27,228.41,224.72,227.91
1210623,1600,227.99,229.96,227.99,228.66
1210624,1600,230.12,231.91,228.72,231.89
1210625,1600,232.29,233.41,231.75,232.28
1210628,1600,232.24,232.59,228.77,230.44
1210629,1600,231.23,231.73,228.77,229.34
1210630,1600,228.65,230.32,227.76,229.37
1210701,1600,230.81,231.85,229.71,231.39
1210702,1600,232.0,232.08,228.56,229.19
1210706,1600,229.36,229.46,223.87,225.86
1210707,1600,225.54,226.67,221.8,223.76
1210708,1600,219.31,224.08,217.85,221.7
1210709,1600,224.16,226.45,223.34,226.38
1210712,1600,225.56,226.89,224.55,226.57
1210713,1600,225.23,225.74,222.22,222.3
1210714,1600,223.71,224.36,218.55,218.87
1210715,1600,217.83,219.06,214.94,217.63
1210716,1600,219.83,219.88,214.47,214.95
1210719,1600,210.63,214.45,209.05,211.73
1210720,1600,212.2,219.27,211.26,218.3
1210721,1600,219.45,222.22,219.36,222.06
1210722,1600,221.47,221.93,217.58,218.53
1210723,1600,219.87,219.95,216.91,219.55
1210726,1600,220.39,222.05,219.15,220.19
1210727,1600,219.01,219.08,215.38,217.62
1210728,1600,219.0,222.59,217.4,220.82
1210729,1600,222.79,224.44,222.14,222.52
1210730,1600,221.65,224.05,220.28,221.05
1210802,1600,222.47,224.55,219.64,219.95
1210803,1600,220.62,221.12,217.1,220.86
1210804,1600,219.1,221.2,217.89,218.11
1210805,1600,219.09,222.44,218.68,222.03
1210806,1600,223.75,225.21,222.14,223.39
1210809,1600,222.92,223.19,221.21,222.16
1210810,1600,222.64,223.22,221.19,222.6
1210811,1600,223.02,223.73,220.47,223.69
1210812,1600,223.76,223.84,221.71,223.16
1210813,1600,222.98,223.3,220.7,221.13
1210816,1600,219.77,220.26,217.65,219.07
1210817,1600,216.66,217.44,213.75,216.4
1210818,1600,216.1,218.04,214.37,214.51
1210819,1600,212.43,214.07,210.68,211.94
1210820,1600,212.1,216.02,211.42,215.52
1210823,1600,217.48,219.94,217.44,219.62
1210824,1600,220.32,221.92,219.69,221.78
1210825,1600,221.77,223.97,220.85,222.56
1210826,1600,222.14,223.16,219.74,220.2
1210827,1600,220.65,227.03,220.57,226.41
1210830,1600,227.25,227.35,224.98,225.48
1210831,1600,225.24,226.61,224.33,225.92
1210901,1600,226.83,228.24,224.87,227.44
1210902,1600,228.33,229.84,227.6,229.02
1210903,1600,228.25,228.97,227.19,227.96
1210907,1600,227.72,229.0,226.25,226.39
1210908,1600,225.61,225.97,222.63,223.92
1210909,1600,223.54,226.29,222.96,223.81
1210910,1600,225.16,225.29,221.52,221.62
1210913,1600,223.21,223.38,220.25,222.88
1210914,1600,223.75,223.77,219.07,220.04
1210915,1600,220.02,222.74,219.46,222.03
1210916,1600,222.26,223.34,220.26,222.19
1210917,1600,221.62,223.03,220.64,222.48
1210920,1600,217.45,218.99,214.22,217.19
1210921,1600,218.77,219.29,215.82,217.52
1210922,1600,218.88,222.55,218.87,220.9
1210923,1600,222.18,225.65,221.56,224.81
1210924,1600,223.02,224.36,221.84,223.05
1210927,1600,223.62,227.68,223.53,226.44
1210928,1600,225.41,225.6,220.85,221.29
1210929,1600,222.27,222.66,220.17,220.82
1210930,1600,222.12,222.61,218.6,218.75
1211001,1600,219.95,223.5,217.74,222.28
1211004,1600,222.14,222.32,218.93,220.26
1211005,1600,220.96,223.06,219.88,221.02
1211006,1600,218.76,220.2,216.76,219.87
1211007,1600,221.53,224.95,221.37,223.26
1211008,1600,223.39,224.11,221.5,221.58
1211011,1600,221.83,223.55,220.25,220.31
1211012,1600,220.85,222.47,220.36,221.52
1211013,1600,221.89,222.7,219.83,222.57
1211014,1600,224.75,226.0,224.32,225.87
1211015,1600,227.98,228.41,225.06,225.16
1211018,1600,223.88,225.68,223.73,225.03
1211019,1600,225.98,226.88,224.61,225.87
1211020,1600,225.97,227.98,225.12,227.37
1211021,1600,227.19,229.01,226.62,227.95
1211022,1600,227.8,228.39,225.69,227.41
1211025,1600,227.79,229.98,227.28,229.57
1211026,1600,230.03,230.72,227.8,227.84
1211027,1600,227.18,227.46,223.5,223.65
1211028,1600,224.8,228.26,224.77,228.11
1211029,1600,227.8,228.83,226.96,228.05
1211101,1600,229.25,234.18,228.89,233.96
1211102,1600,234.38,234.85,232.65,234.45
1211103,1600,234.15,239.81,233.92,238.64
1211104,1600,239.48,240.94,237.56,238.55
1211105,1600,241.17,243.4,240.2,241.81
1211108,1600,243.74,244.46,241.93,242.56
1211109,1600,242.0,242.53,239.54,241.15
1211110,1600,240.08,241.56,236.31,237.35
1211111,1600,238.31,240.38,237.66,239.26
1211112,1600,239.92,240.21,238.74,239.5
1211115,1600,240.57,240.76,237.55,238.55
1211116,1600,237.76,239.37,236.95,238.99
1211117,1600,238.06,238.13,235.13,235.86
1211118,1600,236.92,237.07,233.05,234.86
1211119,1600,233.27,234.42,232.39,232.72
1211122,1600,234.22,235.74,231.62,231.73
1211123,1600,231.39,233.0,228.62,231.33
1211124,1600,229.39,231.99,228.54,231.58
1211126,1600,224.96,226.17,219.64,222.85
1211129,1600,226.22,226.75,221.24,222.71
1211130,1600,220.66,221.86,215.88,218.17
1211201,1600,223.17,224.21,213.15,213.26
1211202,1600,214.37,219.94,213.82,219.21
1211203,1600,220.29,220.38,212.71,214.71
1211206,1600,216.54,220.69,213.71,219.02
1211207,1600,222.14,226.04,221.98,224.1
1211208,1600,224.6,226.54,223.06,225.63
1211209,1600,223.95,225.81,220.48,220.52
1211210,1600,222.2,222.85,218.32,219.91
1211213,1600,218.39,219.05,214.75,216.04
1211214,1600,214.58,217.52,213.31,214.18
1211215,1600,214.21,218.16,211.08,217.58
1211216,1600,219.45,219.9,212.25,213.18
1211217,1600,212.2,217.35,210.3,215.14
1211220,1600,212.09,212.94,208.76,212.12
1211221,1600,214.2,218.39,212.06,218.18
1211222,1600,217.87,220.35,217.13,220.28
1211223,1600,221.05,222.8,220.34,222.04
1211227,1600,222.34,224.24,220.6,224.12
1211228,1600,223.79,225.73,222.35,222.75
1211229,1600,222.72,223.49,221.26,222.99
1211230,1600,222.94,225.43,222.7,222.93
1211231,1600,222.49,224.12,222.39,222.45
1220103,1600,223.71,226.69,222.73,225.32
1220104,1600,226.0,227.13,223.38,224.98
1220105,1600,224.87,225.91,217.32,217.36
1220106,1600,217.82,220.42,215.82,218.6
1220107,1600,218.6,220.38,215.93,216.07
1220110,1600,214.77,215.39,211.11,215.32
1220111,1600,215.48,217.83,212.96,217.61
1220112,1600,218.52,219.38,214.64,215.99
1220113,1600,216.81,218.19,213.38,214.01
1220114,1600,211.99,214.4,210.58,214.31
1220118,1600,212.2,212.44,207.53,207.83
1220119,1600,208.81,209.46,204.38,204.45
1220120,1600,205.38,208.99,200.33,200.75
1220121,1600,199.76,203.02,196.99,196.99
1220124,1600,194.07,202.39,191.23,201.53
1220125,1600,198.48,201.7,194.56,198.84
1220126,1600,201.78,203.55,193.72,195.97
1220127,1600,197.63,199.61,190.6,191.52
1220128,1600,191.7,195.31,188.09,195.25
1220131,1600,194.39,201.24,193.85,201.24
1220201,1600,201.66,203.57,197.97,203.36
1220202,1600,203.62,203.9,199.29,201.34
1220203,1600,198.84,201.24,197.05,197.53
1220204,1600,197.04,200.1,194.92,198.38
1220207,1600,198.43,201.16,197.99,199.36
1220208,1600,199.47,203.12,199.36,202.76
1220209,1600,204.57,206.65,204.3,206.61
1220210,1600,202.9,209.05,202.12,203.44
1220211,1600,203.65,206.06,199.69,201.38
1220214,1600,201.63,203.53,199.24,200.68
1220215,1600,202.78,206.31,202.63,206.06
1220216,1600,205.3,207.27,204.08,206.49
1220217,1600,204.55,205.03,200.78,201.2
1220218,1600,201.03,202.72,198.76,199.47
1220222,1600,198.48,200.45,195.35,196.66
1220223,1600,198.24,198.9,192.55,192.98
1220224,1600,188.32,198.48,187.92,198.04
1220225,1600,198.69,202.62,197.0,202.5
1220228,1600,200.47,204.6,200.46,203.32
1220301,1600,202.66,203.79,197.8,199.49
1220302,1600,200.84,205.3,200.69,204.24
1220303,1600,205.09,205.11,200.29,201.82
1220304,1600,199.7,200.86,196.98,198.66
1220307,1600,199.22,199.59,193.68,193.72
1220308,1600,194.34,199.57,193.46,194.79
1220309,1600,198.22,201.0,197.62,200.28
1220310,1600,197.41,200.04,196.56,199.92
1220311,1600,200.78,201.76,196.44,196.73
1220314,1600,197.24,197.44,191.88,192.71
1220315,1600,193.46,195.79,192.88,195.78
1220316,1600,197.54,201.94,196.15,201.94
1220317,1600,200.77,205.21,200.3,205.11
1220318,1600,204.21,207.45,204.0,207.27
1220321,1600,207.2,208.18,203.94,205.44
1220322,1600,206.31,208.79,205.8,207.5
1220323,1600,206.15,207.2,203.75,203.9
1220324,1600,204.38,205.9,202.73,205.84
1220325,1600,206.09,206.62,204.44,206.12
1220328,1600,205.6,206.21,203.03,206.19
1220329,1600,208.0,212.25,207.88,211.71
1220330,1600,211.37,211.74,206.61,207.46
1220331,1600,207.13,208.91,205.15,205.27
1220401,1600,206.18,207.72,205.01,207.57
1220404,1600,207.87,208.43,205.88,207.91
1220405,1600,207.96,209.44,202.51,202.99
1220406,1600,201.27,201.8,198.68,200.11
1220407,1600,200.11,201.23,196.68,199.46
1220408,1600,199.22,200.31,197.5,197.87
1220411,1600,197.12,199.25,195.88,196.54
1220412,1600,198.7,201.68,196.42,197.16
1220413,1600,197.68,201.45,197.61,200.91
1220414,1600,201.11,202.37,198.87,198.96
1220418,1600,198.46,199.18,196.53,197.62
1220419,1600,197.86,202.24,197.69,201.56
1220420,1600,203.05,203.87,201.86,202.33
1220421,1600,204.23,204.8,197.02,197.8
1220422,1600,196.87,197.37,192.29,192.68
1220425,1600,190.99,194.11,189.21,193.85
1220426,1600,192.32,192.71,187.48,187.74
1220427,1600,187.67,189.78,186.26,186.96
1220428,1600,189.17,191.4,184.71,190.45
1220429,1600,189.59,191.73,184.51,184.95
1220502,1600,184.9,187.82,182.38,186.89
1220503,1600,186.92,189.51,185.68,188.49
1220504,1600,189.05,193.93,185.69,193.52
1220505,1600,191.53,191.56,183.38,185.67
1220506,1600,184.96,185.42,180.55,182.58
1220509,1600,179.86,182.65,174.1,174.9
1220510,1600,177.57,178.91,171.2,174.95
1220511,1600,175.13,178.19,170.3,170.6
1220512,1600,169.83,174.34,168.9,172.6
1220513,1600,175.04,179.41,175.01,178.07
1220516,1600,177.5,179.44,176.14,177.22
1220517,1600,180.41,182.84,178.99,182.64
1220518,1600,180.47,181.41,175.1,176.24
1220519,1600,174.89,178.81,174.89,176.53
1220520,1600,178.5,178.97,171.79,176.08
1220523,1600,177.88,178.96,175.5,178.21
1220524,1600,176.57,176.93,172.33,175.57
1220525,1600,174.88,179.78,174.81,178.73
1220526,1600,179.85,183.8,179.7,182.72
1220527,1600,183.76,187.65,183.4,187.64
1220531,1600,186.91,187.68,184.09,185.31
1220601,1600,186.27,186.94,181.77,184.26
1220602,1600,184.59,188.76,184.17,188.76
1220603,1600,187.29,187.96,185.79,187.06
1220606,1600,189.29,189.31,186.83,187.87
1220607,1600,186.41,190.94,185.9,190.9
1220608,1600,189.96,190.7,187.06,187.95
1220609,1600,186.55,187.07,183.53,183.57
1220610,1600,180.51,181.55,177.65,178.59
1220613,1600,173.63,174.96,169.29,170.2
1220614,1600,170.67,171.24,167.74,169.38
1220615,1600,171.21,174.06,168.66,171.86
1220616,1600,167.84,168.42,162.78,163.9
1220617,1600,164.48,167.52,163.7,165.18
1220621,1600,167.98,170.08,166.81,168.14
1220622,1600,165.96,169.26,165.37,167.82
1220623,1600,168.19,170.23,166.55,169.83
1220624,1600,171.22,175.1,170.9,175.09
1220627,1600,175.67,176.99,174.18,175.74
1220628,1600,176.93,178.15,172.35,172.44
1220629,1600,172.55,172.7,168.97,170.69
1220630,1600,168.2,171.31,166.76,169.36
1220701,1600,169.05,171.84,167.66,171.41
1220705,1600,168.68,172.9,166.73,172.83
1220706,1600,172.45,173.71,169.75,171.55
1220707,1600,172.86,175.98,172.85,175.61
1220708,1600,175.07,176.99,173.65,175.59
1220711,1600,174.26,174.97,171.6,172.06
1220712,1600,171.54,173.36,170.56,171.47
1220713,1600,169.15,172.28,168.79,171.32
1220714,1600,168.68,170.0,167.02,169.56
1220715,1600,171.54,173.35,169.31,173.09
1220718,1600,175.13,176.29,172.06,172.6
1220719,1600,174.75,178.89,174.66,178.69
1220720,1600,178.65,181.81,178.4,181.49
1220721,1600,180.45,182.5,178.85,182.42
1220722,1600,182.88,183.25,178.05,179.51
1220725,1600,180.05,180.92,178.43,180.44
1220726,1600,179.78,180.21,178.54,179.33
1220727,1600,180.48,184.25,180.0,183.41
1220728,1600,184.32,186.14,181.76,185.93
1220729,1600,186.04,187.73,185.04,187.25
1220801,1600,185.79,188.32,184.22,187.18
1220802,1600,186.47,189.02,185.48,187.0
1220803,1600,188.3,190.15,187.64,189.75
1220804,1600,189.84,190.04,188.44,189.35
1220805,1600,187.47,191.02,187.17,190.8
1220808,1600,192.15,194.63,191.89,192.82
1220809,1600,192.04,192.17,189.16,190.19
1220810,1600,193.63,195.95,193.11,195.62
1220811,1600,197.42,199.53,196.04,196.35
1220812,1600,197.35,200.43,196.58,200.36
1220815,1600,198.8,201.16,198.22,201.07
1220816,1600,200.5,201.99,199.03,200.99
1220817,1600,198.72,199.33,196.38,197.61
1220818,1600,197.88,199.25,196.9,198.92
1220819,1600,196.83,197.11,194.07,194.65
1220822,1600,191.99,192.35,190.01,190.64
1220823,1600,190.94,192.93,190.39,190.95
1220824,1600,190.79,193.3,190.16,192.41
1220825,1600,193.38,195.45,192.98,195.4
1220826,1600,195.34,195.44,188.66,188.98
1220829,1600,186.95,188.99,186.52,187.24
1220830,1600,187.82,188.01,183.54,184.62
1220831,1600,184.94,185.74,183.19,183.5
1220901,1600,181.78,181.89,178.9,181.5
1220902,1600,183.6,183.95,179.14,180.09
1220906,1600,180.71,181.08,177.5,178.31
1220907,1600,177.97,182.47,177.93,182.19
1220908,1600,180.69,183.79,179.62,183.71
1220909,1600,185.34,187.63,185.1,187.4
1220912,1600,188.6,189.86,187.97,189.67
1220913,1600,184.86,185.91,181.54,182.25
1220914,1600,182.57,183.32,180.57,182.96
1220915,1600,181.92,184.69,180.86,181.63
1220916,1600,179.09,179.68,176.91,178.99
1220919,1600,177.01,180.75,176.96,180.52
1220920,1600,178.77,178.94,176.71,178.06
1220921,1600,179.37,181.1,175.33,175.34
1220922,1600,175.0,175.58,170.74,171.39
1220923,1600,169.0,169.19,165.0,167.31
1220926,1600,165.47,168.97,163.58,164.17
1220927,1600,166.31,167.63,163.28,164.73
1220928,1600,165.76,170.99,165.07,169.94
1220929,1600,167.78,167.93,163.8,166.13
1220930,1600,165.78,169.52,164.87,164.92
1221003,1600,167.34,170.3,165.25,169.29
1221004,1600,172.61,176.08,172.53,176.0
1221005,1600,173.41,175.33,171.42,174.7
1221006,1600,173.85,176.17,172.91,173.72
1221007,1600,171.93,172.47,167.92,168.61
1221010,1600,169.29,169.57,166.59,167.67
1221011,1600,166.96,170.11,164.8,167.72
1221012,1600,167.9,168.46,165.48,167.26
1221013,1600,164.0,172.2,162.5,171.4
1221014,1600,172.74,173.92,166.71,166.81
1221017,1600,170.22,172.62,170.11,172.13
1221018,1600,175.86,177.29,172.69,174.17
1221019,1600,172.49,173.4,169.33,171.21
1221020,1600,171.42,173.55,168.47,169.03
1221021,1600,169.4,173.2,168.19,172.7
1221024,1600,173.32,174.0,171.05,173.44
1221025,1600,173.57,178.9,173.56,178.17
1221026,1600,179.15,182.37,178.33,179.05
1221027,1600,180.59,182.0,178.87,179.09
1221028,1600,179.83,183.41,178.74,183.16
1221031,1600,182.27,184.24,181.55,183.33
1221101,1600,185.24,185.6,182.88,183.58
1221102,1600,182.84,185.0,177.43,177.49
1221103,1600,175.29,177.94,174.11,176.3
1221104,1600,178.92,179.94,175.47,178.68
1221107,1600,179.74,180.59,177.68,179.49
1221108,1600,180.23,181.95,177.36,179.56
1221109,1600,178.0,178.67,174.28,174.63
1221110,1600,181.85,185.45,181.15,185.38
1221111,1600,185.76,188.84,185.69,186.9
1221114,1600,185.79,187.79,184.63,184.81
1221115,1600,187.84,189.56,186.11,187.55
1221116,1600,186.6,186.64,183.71,184.25
1221117,1600,181.62,182.95,180.51,182.54
1221118,1600,184.59,185.31,182.57,183.72
1221121,1600,182.78,183.19,181.43,182.76
1221122,1600,183.74,184.94,182.33,184.71
1221123,1600,184.29,185.78,183.55,185.19
1221125,1600,185.09,186.37,184.66,185.58
1221128,1600,184.13,184.92,181.29,181.84
1221129,1600,181.96,183.61,181.96,182.37
1221130,1600,182.67,187.43,180.8,187.37
1221201,1600,188.15,189.24,186.13,186.96
1221202,1600,184.37,188.86,184.33,188.05
1221205,1600,186.86,187.06,182.18,182.87
1221206,1600,182.88,182.98,179.08,180.07
1221207,1600,179.75,181.5,179.11,179.54
1221208,1600,180.77,182.63,179.51,180.84
1221209,1600,179.77,180.81,178.56,178.62
1221212,1600,178.85,181.09,178.0,180.72
1221213,1600,185.73,186.64,180.14,181.38
1221214,1600,181.31,182.91,178.83,180.19
1221215,1600,178.03,178.6,175.04,175.68
1221216,1600,173.8,175.11,172.67,174.37
1221219,1600,174.61,175.05,171.47,172.01
1221220,1600,171.67,174.02,171.18,172.92
1221221,1600,174.45,176.8,174.2,175.9
1221222,1600,174.33,174.49,170.67,173.6
1221223,1600,173.48,174.45,172.34,174.39
1221227,1600,174.36,174.57,172.58,173.22
1221228,1600,173.18,174.1,170.34,170.53
1221229,1600,171.72,175.25,171.4,174.85
1221230,1600,173.34,174.72,172.61,174.36
1230103,1600,175.93,177.32,171.9,173.4
1230104,1600,174.62,176.67,174.28,175.56
1230105,1600,174.59,174.76,172.39,173.68
1230106,1600,175.3,178.04,173.87,177.58
1230109,1600,179.01,180.12,177.65,177.88
1230110,1600,177.66,180.62,177.3,180.51
1230111,1600,181.26,182.79,180.68,182.76
1230112,1600,183.57,185.95,181.92,185.83
1230113,1600,184.5,187.34,184.33,187.05
1230117,1600,187.0,187.84,186.24,186.82
1230118,1600,187.45,188.96,183.7,183.8
1230119,1600,182.73,183.1,180.78,182.04
1230120,1600,182.71,185.15,181.27,185.04
1230123,1600,185.43,188.12,184.58,187.33
1230124,1600,186.59,187.83,185.88,186.93
1230125,1600,185.41,187.51,183.87,187.45
1230126,1600,188.98,189.85,186.29,188.56
1230127,1600,187.98,190.3,187.79,189.58
1230130,1600,187.84,189.61,186.83,186.94
1230131,1600,187.42,191.58,187.38,191.48
1230201,1600,191.19,196.19,190.13,194.49
1230202,1600,196.01,199.26,194.35,198.32
1230203,1600,196.11,199.13,195.7,196.99
1230206,1600,195.65,196.38,193.37,194.14
1230207,1600,193.41,196.1,191.65,195.58
1230208,1600,194.36,195.37,192.2,192.72
1230209,1600,194.23,195.12,189.43,189.93
1230210,1600,189.28,190.63,188.53,190.31
1230213,1600,190.51,192.86,189.31,192.6
1230214,1600,191.28,193.95,190.08,192.51
1230215,1600,190.98,194.55,190.53,194.46
1230216,1600,191.8,194.87,191.25,192.6
1230217,1600,191.88,193.37,190.97,193.13
1230221,1600,190.75,191.34,187.24,187.43
1230222,1600,187.83,189.15,186.75,187.94
1230223,1600,189.35,190.3,186.7,189.28
1230224,1600,186.65,187.78,185.78,187.51
1230227,1600,189.13,190.2,187.6,188.17
1230228,1600,188.12,190.02,188.07,188.18
1230301,1600,188.19,189.49,187.19,188.42
1230302,1600,186.86,189.3,186.12,188.87
1230303,1600,189.67,191.93,188.42,191.5
1230306,1600,191.56,191.74,187.9,188.7
1230307,1600,188.65,189.07,186.22,186.51
1230308,1600,186.79,187.61,185.12,186.6
1230309,1600,186.73,187.27,181.28,181.41
1230310,1600,180.39,180.39,174.26,176.18
1230313,1600,172.52,176.4,171.07,173.31
1230314,1600,178.6,179.26,174.61,176.52
1230315,1600,171.93,173.91,170.38,173.61
1230316,1600,171.47,177.38,170.5,175.98
1230317,1600,174.04,174.76,170.86,171.23
1230320,1600,173.05,175.37,172.53,173.45
1230321,1600,176.55,178.18,175.96,176.65
1230322,1600,176.52,177.35,171.53,171.64
1230323,1600,172.28,174.39,168.71,170.25
1230324,1600,168.75,172.11,167.46,171.79
1230327,1600,173.84,174.73,172.36,173.7
1230328,1600,173.1,174.51,172.69,173.45
1230329,1600,175.34,175.55,173.57,175.42
1230330,1600,176.88,177.31,174.45,175.18
1230331,1600,176.4,178.64,176.37,178.4
1230403,1600,178.95,179.78,176.49,178.48
1230404,1600,178.92,179.1,174.32,175.35
1230405,1600,174.25,174.83,172.53,173.63
1230406,1600,173.72,174.46,172.68,173.89
1230410,1600,173.07,175.88,173.03,175.75
1230411,1600,176.57,177.97,176.12,177.14
1230412,1600,178.82,178.98,175.58,175.84
1230413,1600,176.54,178.69,175.93,178.17
1230414,1600,178.33,179.22,175.34,176.51
1230417,1600,176.97,178.86,176.75,178.78
1230418,1600,179.59,179.63,176.94,178.02
1230419,1600,177.08,178.79,176.58,178.25
1230420,1600,177.15,178.43,176.52,177.33
1230421,1600,177.81,177.96,175.86,177.56
1230424,1600,177.38,178.45,176.5,177.44
1230425,1600,175.63,175.94,173.01,173.06
1230426,1600,172.23,173.4,171.0,171.39
1230427,1600,172.03,173.86,170.94,173.68
1230428,1600,173.29,175.83,173.18,175.2
1230501,1600,175.0,177.34,174.76,175.3
1230502,1600,174.4,174.45,169.92,171.7
1230503,1600,172.22,175.7,172.19,172.33
1230504,1600,171.32,171.56,168.78,170.4
1230505,1600,173.29,175.1,173.1,174.45
1230508,1600,175.26,175.55,173.13,174.05
1230509,1600,172.98,174.27,172.16,173.53
1230510,1600,175.96,176.02,172.72,174.41
1230511,1600,173.22,173.78,172.11,173.07
1230512,1600,173.65,174.21,171.65,172.72
1230515,1600,173.31,175.71,172.82,174.83
1230516,1600,173.61,174.81,172.23,172.28
1230517,1600,173.43,176.5,172.16,176.12
1230518,1600,175.56,177.57,175.02,177.19
1230519,1600,178.51,178.89,175.25,176.11
1230522,1600,176.62,179.02,176.04,178.26
1230523,1600,177.91,180.53,177.38,177.42
1230524,1600,176.55,176.74,174.67,175.54
1230525,1600,175.25,175.53,172.7,174.17
1230526,1600,174.3,176.38,174.02,176.15
1230530,1600,176.71,177.55,174.76,175.5
1230531,1600,174.69,176.01,172.36,173.77
1230601,1600,173.86,176.24,172.93,175.65
1230602,1600,178.01,182.09,177.45,182.02
1230605,1600,181.26,181.26,178.44,179.58
1230606,1600,178.93,184.96,178.93,184.31
1230607,1600,184.96,187.77,184.96,187.24
1230608,1600,186.75,187.38,184.91,186.54
1230609,1600,186.32,186.61,184.45,185.03
1230612,1600,185.23,186.68,184.22,185.8
1230613,1600,186.44,188.98,186.27,187.93
1230614,1600,188.32,189.24,184.55,185.91
1230615,1600,185.08,187.57,184.91,187.44
1230616,1600,187.95,188.55,185.09,185.94
1230620,1600,185.16,185.57,183.76,185.13
1230621,1600,184.44,185.91,183.59,184.7
1230622,1600,184.2,184.25,182.49,183.33
1230623,1600,180.77,182.41,180.05,180.57
1230626,1600,180.44,182.74,180.37,180.75
1230627,1600,181.2,183.99,180.4,183.36
1230628,1600,182.99,184.42,182.12,184.26
1230629,1600,184.72,187.08,184.43,186.38
1230630,1600,188.26,188.43,186.91,187.27
1230703,1600,186.91,188.84,186.74,187.65
1230705,1600,187.13,187.21,185.44,185.78
1230706,1600,183.63,183.71,180.72,182.78
1230707,1600,182.98,186.49,182.93,184.71
1230710,1600,184.58,188.05,184.16,187.87
1230711,1600,188.48,190.08,187.69,189.8
1230712,1600,192.76,193.05,191.37,191.87
1230713,1600,192.51,193.69,191.8,193.42
1230714,1600,193.34,193.49,190.29,191.53
1230717,1600,191.34,194.36,191.14,193.58
1230718,1600,193.7,196.39,193.49,195.97
1230719,1600,196.7,197.66,195.93,196.8
1230720,1600,196.94,196.94,194.27,195.08
1230721,1600,196.39,196.62,194.09,194.46
1230724,1600,194.56,196.26,193.99,194.94
1230725,1600,194.58,196.21,194.42,194.92
1230726,1600,194.77,197.16,194.71,196.46
1230727,1600,197.63,197.9,193.18,193.92
1230728,1600,196.02,196.95,195.5,196.43
1230731,1600,196.93,198.75,196.92,198.71
1230801,1600,197.43,197.94,195.78,197.8
1230802,1600,195.59,196.09,194.09,195.11
1230803,1600,194.3,195.64,193.06,194.56
1230804,1600,194.82,196.31,193.71,194.17
1230807,1600,194.66,195.06,192.68,194.3
1230808,1600,192.14,193.29,190.52,193.08
1230809,1600,192.87,192.88,190.75,191.57
1230810,1600,192.24,194.12,189.89,190.72
1230811,1600,189.92,191.69,189.74,190.99
1230814,1600,189.94,190.7,188.64,190.66
1230815,1600,189.52,189.64,188.04,188.14
1230816,1600,187.99,189.06,185.81,185.84
1230817,1600,186.34,186.74,183.63,183.65
1230818,1600,182.21,185.25,181.94,184.65
1230821,1600,184.7,185.28,183.07,184.38
1230822,1600,185.04,185.55,183.22,183.83
1230823,1600,184.0,186.11,183.43,185.79
1230824,1600,185.25,186.34,183.2,183.22
1230825,1600,184.06,185.0,181.61,184.0
1230828,1600,184.84,186.75,184.82,185.64
1230829,1600,185.54,188.37,184.57,188.23
1230830,1600,187.73,189.61,187.33,188.94
1230831,1600,189.2,190.26,188.53,188.61
1230901,1600,190.07,191.86,189.85,190.85
1230905,1600,189.65,189.9,186.77,186.83
1230906,1600,187.06,188.09,185.09,186.13
1230907,1600,185.14,185.38,183.59,184.33
1230908,1600,184.56,184.83,183.45,183.92
1230911,1600,185.26,185.72,184.2,184.36
1230912,1600,184.04,185.34,183.74,184.18
1230913,1600,184.5,184.88,182.39,182.97
1230914,1600,184.53,186.07,184.24,185.55
1230915,1600,184.79,185.07,182.79,183.61
1230918,1600,183.7,183.76,182.37,182.39
1230919,1600,182.49,183.3,181.07,181.68
1230920,1600,182.4,183.51,179.82,179.86
1230921,1600,178.5,178.76,177.07,177.07
1230922,1600,177.56,178.37,176.56,176.67
1230925,1600,175.69,177.86,175.54,177.46
1230926,1600,175.5,177.02,174.29,174.36
1230927,1600,175.45,176.93,174.46,175.99
1230928,1600,176.09,178.57,175.97,177.58
1230929,1600,178.97,179.16,176.15,176.74
1231002,1600,176.33,176.73,173.15,174.07
1231003,1600,172.95,173.5,170.37,171.14
1231004,1600,171.01,171.61,169.09,171.22
1231005,1600,170.8,171.9,169.94,171.35
1231006,1600,170.37,173.89,169.51,173.0
1231009,1600,171.84,174.55,171.77,174.0
1231010,1600,174.31,177.04,174.28,175.97
1231011,1600,176.12,177.23,174.38,175.67
1231012,1600,175.88,175.88,170.79,171.7
1231013,1600,172.35,172.7,169.69,170.27
1231016,1600,171.74,173.39,171.02,173.02
1231017,1600,171.94,176.42,171.9,174.95
1231018,1600,173.64,173.66,171.0,171.35
1231019,1600,170.86,172.15,168.36,168.62
1231020,1600,168.66,169.03,166.43,166.44
1231023,1600,165.66,167.46,164.65,165.03
1231024,1600,166.45,167.62,165.41,166.47
1231025,1600,165.01,165.66,163.4,163.72
1231026,1600,164.15,165.77,163.2,164.14
1231027,1600,164.52,164.83,161.67,162.21
1231030,1600,163.79,164.81,161.94,163.11
1231031,1600,163.4,164.99,162.83,164.52
1231101,1600,164.46,165.6,163.1,165.46
1231102,1600,167.75,170.0,167.33,169.87
1231103,1600,172.8,175.65,172.78,174.49
1231106,1600,174.49,174.78,171.39,172.31
1231107,1600,171.56,172.51,170.57,171.7
1231108,1600,171.7,172.13,169.3,169.87
1231109,1600,171.03,171.03,166.98,167.24
1231110,1600,168.22,169.71,166.79,169.11
1231113,1600,168.24,169.77,167.52,169.17
1231114,1600,174.23,178.47,174.22,178.46
1231115,1600,178.35,181.76,178.11,178.77
1231116,1600,178.14,178.63,175.16,175.88
1231117,1600,177.45,178.64,177.11,178.29
1231120,1600,178.52,179.65,177.74,179.33
1231121,1600,178.24,178.51,176.91,177.02
1231122,1600,178.18,179.39,177.42,178.13
1231124,1600,178.05,179.73,177.8,179.33
1231127,1600,178.5,179.11,177.23,178.73
1231128,1600,178.55,179.22,177.2,178.04
1231129,1600,179.55,181.75,178.7,178.98
1231130,1600,180.05,180.64,178.76,179.66
1231201,1600,179.2,185.18,178.21,184.91
1231204,1600,184.23,186.99,184.02,186.89
1231205,1600,186.05,186.05,183.98,184.39
1231206,1600,185.7,187.92,183.79,184.06
1231207,1600,184.33,185.56,183.39,185.39
1231208,1600,185.15,187.75,184.86,186.8
1231211,1600,186.68,187.62,185.89,187.19
1231212,1600,186.97,187.66,185.34,187.0
1231213,1600,187.1,193.64,185.67,193.33
1231214,1600,196.87,200.04,196.48,198.71
1231215,1600,198.95,199.55,195.95,197.04
1231218,1600,197.96,198.77,196.68,197.11
1231219,1600,198.48,201.3,198.02,200.93
1231220,1600,199.86,202.17,196.16,196.28
1231221,1600,198.5,199.82,197.52,199.62
1231222,1600,200.88,202.81,200.19,201.48
1231226,1600,202.21,204.56,201.69,204.1
1231227,1600,204.44,205.49,203.4,204.82
1231228,1600,203.79,205.17,203.28,204.04
1231229,1600,203.48,204.03,200.71,200.71
1240102,1600,199.4,201.62,198.44,199.52
1240103,1600,197.4,197.67,193.78,194.2
1240104,1600,194.06,195.49,193.69,193.82
1240105,1600,192.69,195.46,192.29,193.25
1240108,1600,193.29,196.97,192.26,196.73
1240109,1600,194.35,195.77,193.32,194.97
1240110,1600,194.74,195.38,193.08,195.08
1240111,1600,194.5,194.74,191.3,193.55
1240112,1600,195.89,197.1,192.64,193.23
1240116,1600,191.72,193.26,190.11,190.84
1240117,1600,188.13,189.93,187.53,189.48
1240118,1600,190.71,191.17,188.21,190.6
1240119,1600,191.29,192.85,189.23,192.43
1240122,1600,194.15,196.82,194.09,196.54
1240123,1600,198.22,198.59,194.98,195.97
1240124,1600,198.38,198.46,194.12,194.36
1240125,1600,197.1,197.66,194.41,195.97
1240126,1600,196.89,197.89,195.38,195.98
1240129,1600,196.16,199.41,195.09,199.41
1240130,1600,198.39,198.93,197.1,197.71
1240131,1600,197.21,198.94,192.71,192.88
1240201,1600,194.31,195.74,191.53,195.44
1240202,1600,193.24,195.5,192.39,194.41
1240205,1600,192.47,193.11,190.06,191.94
1240206,1600,191.7,193.8,191.02,193.67
1240207,1600,194.07,194.15,192.04,193.22
1240208,1600,193.36,196.37,192.71,196.15
1240209,1600,196.92,199.55,196.45,199.34
1240212,1600,199.87,203.55,199.84,202.96
1240213,1600,196.22,197.63,193.06,194.61
1240214,1600,197.68,199.79,196.23,199.13
1240215,1600,200.99,204.77,200.72,204.44
1240216,1600,202.12,203.7,201.09,201.66
1240220,1600,199.15,199.72,198.01,198.88
1240221,1600,197.66,198.35,196.39,197.94
1240222,1600,198.65,200.09,197.81,199.44
1240223,1600,199.6,201.14,198.57,199.89
1240226,1600,199.69,201.64,199.15,201.15
1240227,1600,203.08,204.22,202.54,204.0
1240228,1600,202.44,203.86,201.87,202.32
1240229,1600,205.18,206.04,202.52,203.73
1240301,1600,204.53,206.33,203.14,205.89
1240304,1600,207.03,207.77,205.45,205.7
1240305,1600,204.3,205.91,203.01,203.73
1240306,1600,206.03,206.08,204.08,205.25
1240307,1600,206.7,208.1,206.4,206.96
1240308,1600,208.74,210.41,205.8,206.83
1240311,1600,205.96,206.84,204.75,205.19
1240312,1600,205.15,205.92,203.39,204.91
1240313,1600,204.87,206.58,204.77,205.71
1240314,1600,205.05,205.28,200.17,202.03
1240315,1600,201.25,203.08,201.13,202.41
1240318,1600,202.91,203.18,200.91,201.25
1240319,1600,199.78,202.75,199.66,202.1
1240320,1600,201.52,206.99,201.11,206.1
1240321,1600,207.0,208.95,206.84,207.94
1240322,1600,207.85,208.24,205.07,205.07
1240325,1600,205.72,207.01,205.51,205.54
1240326,1600,207.05,207.64,204.99,205.17
1240327,1600,206.8,209.71,206.16,209.64
1240328,1600,210.08,211.88,209.84,210.3
1240401,1600,210.77,210.8,207.96,208.32
1240402,1600,205.75,205.88,203.4,204.49
1240403,1600,203.38,206.4,203.28,205.83
1240404,1600,208.05,208.55,203.21,203.77
1240405,1600,203.14,205.7,202.88,204.45
1240408,1600,205.98,206.42,204.58,205.57
1240409,1600,206.22,206.97,204.47,206.38
1240410,1600,201.18,202.93,199.54,200.93
1240411,1600,201.97,202.91,200.1,202.29
1240412,1600,201.23,201.91,197.68,198.69
1240415,1600,199.37,200.23,194.98,195.78
1240416,1600,194.41,196.24,193.36,195.06
1240417,1600,196.47,196.62,192.99,193.0
1240418,1600,193.7,195.66,192.15,192.84
1240419,1600,191.94,194.39,191.34,193.14
1240422,1600,194.21,196.3,192.9,195.3
1240423,1600,195.26,199.32,195.13,198.57
1240424,1600,198.17,198.91,196.46,197.68
1240425,1600,195.44,196.83,193.77,196.48
1240426,1600,197.0,198.89,196.42,198.36
1240429,1600,199.25,200.41,198.88,199.96
1240430,1600,198.11,198.65,195.75,195.9
1240501,1600,195.88,200.32,195.03,196.31
1240502,1600,198.78,200.12,196.54,199.92
1240503,1600,203.41,204.16,201.12,201.9
1240506,1600,203.47,204.78,203.38,204.51
1240507,1600,204.77,206.15,204.5,204.97
1240508,1600,202.72,203.96,202.56,203.78
1240509,1600,203.97,205.99,203.41,205.86
1240510,1600,206.35,206.62,203.68,204.31
1240513,1600,206.08,206.55,204.6,204.74
1240514,1600,207.13,207.74,205.91,206.86
1240515,1600,209.21,209.77,207.72,209.44
1240516,1600,208.9,209.35,207.93,207.93
1240517,1600,208.01,208.52,207.35,208.08
1240520,1600,208.02,209.48,207.78,208.54
1240521,1600,207.83,208.69,207.59,208.34
1240522,1600,207.53,208.22,205.8,206.58
1240523,1600,207.51,207.62,202.35,203.19
1240524,1600,204.79,205.68,203.96,205.44
1240528,1600,206.97,207.09,203.97,205.16
1240529,1600,202.53,203.01,201.78,202.13
1240530,1600,203.52,204.94,203.08,204.05
1240531,1600,204.95,206.28,203.08,205.77
1240603,1600,207.53,207.56,203.15,204.61
1240604,1600,203.15,204.5,201.65,201.97
1240605,1600,203.3,205.06,201.79,205.06
1240606,1600,204.18,204.81,202.99,203.59
1240607,1600,201.53,203.17,200.68,201.2
1240610,1600,199.52,202.13,199.01,201.89
1240611,1600,199.64,201.02,198.42,200.64
1240612,1600,205.87,207.27,203.1,203.72
1240613,1600,203.27,203.54,200.51,201.94
1240614,1600,199.56,200.04,197.94,198.73
1240617,1600,198.12,200.95,197.41,200.4
1240618,1600,200.46,201.69,200.03,200.75
1240620,1600,200.32,201.86,199.22,199.9
1240621,1600,199.93,200.41,198.46,200.35
1240624,1600,200.69,202.69,200.53,201.22
1240625,1600,201.13,201.16,199.82,200.56
1240626,1600,199.33,200.58,198.81,200.03
1240627,1600,200.63,202.15,199.96,202.06
1240628,1600,203.88,204.64,201.32,202.89
1240701,1600,203.52,203.82,200.48,201.19
1240702,1600,201.52,202.27,200.9,201.88
1240703,1600,202.25,203.28,201.63,201.83
1240705,1600,201.21,201.63,199.88,200.87
1240708,1600,202.51,203.7,201.84,202.28
1240709,1600,201.92,202.52,200.53,201.4
1240710,1600,202.29,203.59,201.49,203.37
1240711,1600,207.9,211.23,206.94,210.68
1240712,1600,212.92,214.94,212.66,213.14
1240715,1600,214.79,218.24,214.3,217.19
1240716,1600,219.14,224.86,219.02,224.6
1240717,1600,222.36,226.64,221.66,222.25
1240718,1600,221.41,224.78,216.98,217.95
1240719,1600,217.63,218.65,215.85,216.84
1240722,1600,217.68,220.65,215.38,220.29
1240723,1600,219.21,223.75,219.04,222.63
1240724,1600,221.07,223.86,217.72,217.85
1240725,1600,218.45,224.02,218.2,220.57
1240726,1600,223.9,225.39,221.7,224.22
1240729,1600,224.71,225.42,220.77,221.73
1240730,1600,222.72,224.46,221.11,222.57
1240731,1600,223.71,228.63,221.98,223.86
1240801,1600,223.77,224.89,215.06,216.58
1240802,1600,208.85,211.19,206.99,208.92
1240805,1600,197.9,204.74,196.7,202.2
1240806,1600,203.01,207.25,201.2,204.4
1240807,1600,207.85,207.96,201.56,201.98
1240808,1600,204.42,207.0,203.17,206.89
1240809,1600,207.05,207.12,204.94,206.46
1240812,1600,206.61,206.98,203.82,204.6
1240813,1600,206.09,208.38,204.86,207.97
1240814,1600,208.63,208.75,205.74,206.68
1240815,1600,211.26,213.1,209.91,212.04
1240816,1600,211.37,213.98,211.28,212.6
1240819,1600,212.96,215.21,212.82,215.2
1240820,1600,214.89,214.95,212.05,212.69
1240821,1600,214.28,215.66,212.82,215.46
1240822,1600,215.57,216.37,213.13,213.56
1240823,1600,215.18,221.08,214.79,220.38
1240826,1600,221.93,222.45,220.08,220.45
1240827,1600,218.91,219.37,217.71,218.74
1240828,1600,217.87,219.12,216.27,217.26
1240829,1600,218.78,220.98,217.15,218.81
1240830,1600,219.71,220.5,217.4,220.08
1240903,1600,218.13,219.37,212.91,213.35
1240904,1600,212.76,215.37,211.7,212.99
1240905,1600,213.54,214.03,210.92,211.93
1240906,1600,211.93,213.19,207.14,207.9
1240909,1600,208.15,210.26,207.52,208.48
1240910,1600,208.72,208.86,205.79,208.31
1240911,1600,207.47,209.25,204.21,208.92
1240912,1600,209.91,212.78,208.41,211.61
1240913,1600,214.03,217.25,213.94,216.83
1240916,1600,217.63,218.29,216.14,217.61
1240917,1600,219.58,221.8,218.47,219.41
1240918,1600,219.23,224.94,218.25,219.45
1240919,1600,224.66,224.68,221.5,223.97
1240920,1600,223.45,223.46,221.29,221.57
1240923,1600,222.69,223.11,220.02,220.76
1240924,1600,221.63,221.93,219.5,221.13
1240925,1600,220.32,220.61,217.54,217.69
1240926,1600,220.49,221.13,218.38,218.85
1240927,1600,220.86,222.6,219.53,220.33
1240930,1600,219.42,221.59,218.58,220.89
1241001,1600,220.17,220.34,216.3,217.89
1241002,1600,216.99,218.75,216.21,217.59
1241003,1600,216.23,217.23,215.08,216.13
1241004,1600,219.29,219.98,217.29,219.15
1241007,1600,218.64,218.66,215.87,217.43
1241008,1600,217.63,218.37,216.7,217.58
1241009,1600,217.53,219.61,216.92,218.06
1241010,1600,215.9,216.88,214.6,216.85
1241011,1600,216.77,221.61,216.71,221.26
1241014,1600,221.45,223.11,220.43,222.89
1241015,1600,222.57,225.5,221.98,223.07
1241016,1600,224.89,227.17,224.39,226.74
1241017,1600,226.91,226.96,224.91,226.12
1241018,1600,226.66,227.03,225.39,225.65
1241021,1600,225.63,225.69,221.53,222.1
1241022,1600,221.47,221.83,220.3,221.26
1241023,1600,220.03,220.8,217.37,219.24
1241024,1600,220.43,221.04,218.53,219.72
1241025,1600,221.31,221.97,218.52,218.89
1241028,1600,220.79,222.97,220.48,222.46
1241029,1600,220.74,221.9,219.97,221.74
1241030,1600,221.07,224.48,220.9,221.44
1241031,1600,221.22,221.77,217.63,217.76
1241101,1600,219.5,220.97,218.34,218.98
1241104,1600,218.5,221.74,217.84,220.09
1241105,1600,219.34,224.29,219.06,224.23
1241106,1600,236.59,237.58,232.75,237.22
1241107,1600,236.89,238.49,235.4,236.38
1241108,1600,235.93,238.47,235.65,238.12
1241111,1600,240.52,242.39,239.85,241.7
1241112,1600,239.96,241.79,236.56,237.46
1241113,1600,238.95,239.88,234.83,235.11
1241114,1600,235.95,236.43,231.21,231.94
1241115,1600,232.22,232.29,227.81,228.48
1241118,1600,229.22,230.6,228.13,228.93
1241119,1600,226.59,230.82,226.4,230.63
1241120,1600,230.23,230.93,228.04,230.93
1241121,1600,232.16,235.57,231.11,234.44
1241122,1600,235.64,239.24,235.33,238.77
1241125,1600,241.49,244.98,241.39,242.4
1241126,1600,241.18,241.61,239.43,240.62
1241127,1600,242.01,243.69,240.44,240.95
1241129,1600,242.37,243.48,241.54,241.87
1241202,1600,242.24,242.66,240.01,241.75
1241203,1600,241.54,242.14,239.37,240.03
1241204,1600,240.28,241.67,239.21,240.89
1241205,1600,240.52,240.86,237.74,238.08
1241206,1600,239.79,239.89,238.38,238.93
1241209,1600,240.55,241.38,237.65,237.73
1241210,1600,237.58,238.82,235.92,236.7
1241211,1600,238.71,239.29,236.83,237.77
1241212,1600,237.16,237.65,234.35,234.68
1241213,1600,234.37,234.86,231.88,233.07
1241216,1600,232.91,235.63,232.35,234.44
1241217,1600,232.67,233.44,230.55,231.07
1241218,1600,232.24,233.08,218.92,220.84
1241219,1600,223.25,224.43,219.33,219.86
1241220,1600,218.6,224.66,218.07,221.92
1241223,1600,221.74,222.4,219.38,221.41
1241224,1600,222.02,223.63,220.48,223.39
1241226,1600,222.42,226.14,221.47,225.68
1241227,1600,224.29,225.44,220.2,222.39
1241230,1600,220.67,221.81,217.85,220.68
1241231,1600,222.12,223.28,220.15,220.96
1250102,1600,222.93,224.37,219.6,221.14
1250103,1600,222.07,224.82,221.38,224.43
1250106,1600,225.76,227.17,224.14,224.52
1250107,1600,225.58,226.52,221.38,222.72
1250108,1600,220.9,222.31,219.01,221.71
1250110,1600,218.31,218.71,215.31,216.83
1250113,1600,214.5,217.52,213.97,217.25
1250114,1600,219.18,220.23,217.22,219.72
1250115,1600,225.44,225.58,223.0,224.04
1250116,1600,224.15,225.23,222.71,224.49
1250117,1600,226.93,226.97,224.67,225.46
1250121,1600,227.52,229.89,226.99,229.79
1250122,1600,229.35,229.85,227.83,228.29
1250123,1600,226.93,229.35,226.55,229.33
1250124,1600,228.82,230.23,228.04,228.69
1250127,1600,226.71,229.62,225.21,226.5
1250128,1600,226.74,227.56,225.18,226.75
1250129,1600,226.68,228.22,224.58,226.23
1250130,1600,228.52,230.05,226.92,228.53
1250131,1600,228.75,230.32,225.54,226.48
1250203,1600,221.51,225.55,220.67,223.83
1250204,1600,223.6,227.13,223.21,226.93
1250205,1600,228.06,229.5,226.89,229.4
1250206,1600,230.51,230.7,227.3,228.65
1250207,1600,228.85,229.25,225.58,226.0
1250210,1600,227.37,227.52,225.86,227.02
1250211,1600,225.05,226.42,224.81,225.7
1250212,1600,222.26,224.48,221.79,223.62
1250213,1600,225.04,226.34,223.75,226.14
1250214,1600,227.27,227.98,225.61,225.97
1250218,1600,226.15,227.67,225.51,227.21
1250219,1600,225.41,227.15,225.08,226.43
1250220,1600,226.01,226.19,223.01,224.26
1250221,1600,226.0,226.36,217.46,217.8
1250224,1600,218.79,218.79,215.15,216.23
1250225,1600,216.37,217.27,213.49,215.41
1250226,1600,216.06,218.41,214.84,215.68
1250227,1600,215.64,216.49,212.22,212.39
1250228,1600,211.64,214.66,210.96,214.65
1250303,1600,215.4,215.96,207.42,208.78
1250304,1600,205.93,209.77,203.19,206.42
1250305,1600,206.45,208.84,204.82,208.47
1250306,1600,205.78,208.12,203.9,205.28
1250307,1600,204.97,207.11,201.73,205.95
1250310,1600,203.44,204.74,198.75,200.77
1250311,1600,201.12,203.22,198.53,200.75
1250312,1600,203.05,203.75,199.55,201.1
1250313,1600,201.27,202.03,197.0,198.1
1250314,1600,200.24,203.07,199.34,202.89
1250317,1600,202.71,206.02,202.6,205.45
1250318,1600,203.85,203.92,202.35,203.21
1250319,1600,203.35,207.68,202.9,206.37
1250320,1600,204.32,207.3,204.2,205.06
1250321,1600,202.72,204.42,201.76,203.79
1250324,1600,206.96,209.23,206.69,208.86
1250325,1600,208.69,209.27,207.09,207.7
1250326,1600,207.96,208.82,204.68,205.59
1250327,1600,205.33,206.35,203.76,204.61
1250328,1600,204.54,204.58,199.38,200.45
1250331,1600,197.48,200.64,195.49,199.49
1250401,1600,198.99,201.23,196.66,199.51
1250402,1600,196.78,203.33,196.54,202.66
1250403,1600,193.11,195.06,189.2,189.65
1250404,1600,182.61,184.05,176.67,181.19
1250407,1600,174.32,190.25,171.73,179.55
1250408,1600,185.69,185.92,172.34,174.82
1250409,1600,172.72,192.11,171.74,189.68
1250410,1600,184.52,185.48,176.98,181.71
1250411,1600,181.14,184.85,178.58,184.36
1250414,1600,187.81,187.97,183.05,186.53
1250415,1600,186.34,189.05,185.84,186.76
1250416,1600,185.7,186.73,182.56,184.97
1250417,1600,184.99,187.43,184.46,186.48
1250421,1600,185.0,185.29,180.77,182.74
1250422,1600,185.15,188.1,184.55,187.47
1250423,1600,192.92,195.51,189.84,190.25
1250424,1600,190.76,194.37,189.89,194.06
1250425,1600,192.72,194.26,191.55,194.12
1250428,1600,194.5,196.15,192.53,194.94
1250429,1600,194.47,196.86,193.01,196.09
1250430,1600,193.14,195.48,190.72,194.86
1250501,1600,195.71,197.67,193.74,196.07
1250502,1600,198.33,201.21,198.18,200.48
1250505,1600,198.57,200.5,198.08,198.94
1250506,1600,196.59,198.59,195.64,196.77
1250507,1600,198.1,198.56,196.04,197.42
1250508,1600,199.77,202.74,198.26,201.18
1250509,1600,201.54,202.28,199.96,200.81
1250512,1600,208.84,209.73,205.82,207.87
1250513,1600,208.93,209.61,207.96,208.63
1250514,1600,208.04,208.54,206.53,206.78
1250515,1600,206.58,208.19,205.39,208.13
1250516,1600,208.42,210.13,207.78,209.85
1250519,1600,206.8,209.09,206.26,208.97
1250520,1600,208.66,209.76,207.96,209.08
1250521,1600,206.63,207.61,202.84,203.21
1250522,1600,202.29,204.37,201.53,203.2
1250523,1600,199.78,203.26,199.65,202.56
1250527,1600,205.64,207.75,204.16,207.7
1250528,1600,207.71,208.03,205.2,205.51
1250529,1600,206.95,207.06,204.47,206.12
1250530,1600,205.14,206.25,203.54,205.07
1250602,1600,205.32,205.84,202.67,205.71
1250603,1600,206.46,209.61,205.55,209.03
1250604,1600,209.18,210.01,208.14,208.44
1250605,1600,208.7,209.83,207.0,208.53
1250606,1600,211.5,212.13,210.6,211.9
1250609,1600,213.87,214.28,212.55,213.36
1250610,1600,214.46,215.43,213.81,214.51
1250611,1600,215.58,215.93,213.3,213.63
1250612,1600,212.17,213.27,211.63,212.78
1250613,1600,209.84,211.44,208.22,208.89
1250616,1600,210.48,211.95,209.64,210.77
1250617,1600,209.06,210.45,208.37,208.55
1250618,1600,208.44,211.39,207.78,209.65
1250620,1600,211.11,211.25,208.46,209.21
1250623,1600,208.48,211.78,206.81,211.77
1250624,1600,213.29,214.93,212.36,214.47
1250625,1600,214.66,214.73,211.89,211.97
1250626,1600,212.83,215.55,212.7,215.41
1250627,1600,216.05,217.41,214.13,215.48
1250630,1600,216.68,216.71,215.39,215.79
1250701,1600,214.62,220.53,214.15,218.01
1250702,1600,218.37,221.1,217.36,221.03
1250703,1600,222.01,223.33,221.77,223.08
1250707,1600,221.57,222.82,218.41,219.73
1250708,1600,220.58,222.29,220.33,221.25
1250709,1600,222.57,223.69,221.12,223.65
1250710,1600,223.39,226.05,222.86,224.8
1250711,1600,223.17,223.54,221.57,221.7
1250714,1600,221.37,223.34,221.06,223.19
1250715,1600,224.07,224.23,218.79,218.82
1250716,1600,220.22,221.37,216.91,221.02
1250717,1600,221.08,224.2,220.71,223.92
1250718,1600,225.29,225.36,221.98,222.33
1250721,1600,223.54,224.41,221.25,221.43
1250722,1600,221.62,223.81,220.66,223.27
1250723,1600,224.82,226.71,224.07,226.68
1250724,1600,225.52,225.85,223.48,223.55
1250725,1600,224.42,224.6,222.54,224.38
1250728,1600,225.32,225.44,223.43,224.12
1250729,1600,225.61,225.69,222.06,222.69
1250730,1600,223.66,224.93,220.12,221.56
1250731,1600,220.46,222.02,218.88,219.39
1250801,1600,216.22,216.56,212.34,214.92
1250804,1600,216.55,219.74,216.08,219.73
1250805,1600,220.56,221.26,218.24,220.85
1250806,1600,220.95,220.99,219.38,220.56
1250807,1600,222.76,222.84,218.51,219.84
1250808,1600,221.07,221.57,219.74,220.32
1250811,1600,220.77,221.68,219.81,220.27
1250812,1600,221.85,226.98,221.15,226.81
1250813,1600,228.26,231.46,227.83,231.22
1250814,1600,228.44,228.8,226.17,228.24
1250815,1600,228.64,228.78,226.04,227.13
1250818,1600,227.21,228.46,226.94,227.96
1250819,1600,228.02,228.98,225.69,226.21
1250820,1600,225.93,226.38,223.69,225.41
1250821,1600,224.41,226.32,223.78,225.97
1250822,1600,227.37,235.42,227.18,234.83
1250825,1600,234.14,234.3,232.36,232.36
1250826,1600,232.83,234.87,232.59,234.28
1250827,1600,233.74,236.12,233.56,235.94
1250828,1600,236.96,236.97,235.35,236.22
1250829,1600,236.74,237.02,234.37,235.17
1250902,1600,231.99,234.4,231.47,233.9
1250903,1600,233.27,235.26,232.46,233.67
1250904,1600,234.23,236.67,233.58,236.59
1250905,1600,237.72,239.68,234.95,237.77
1250908,1600,238.51,238.56,236.39,238.25
1250909,1600,237.9,237.96,235.42,236.85
1250910,1600,237.31,238.27,235.46,236.43
1250911,1600,236.85,240.93,236.24,240.8
1250912,1600,240.2,240.32,238.2,238.34
1250915,1600,239.23,240.04,238.55,239.35
1250916,1600,238.45,238.93,236.76,238.28
1250917,1600,238.82,244.28,237.02,238.89
1250918,1600,240.8,245.15,240.13,244.84
1250919,1600,245.57,245.57,242.51,242.98
1250922,1600,242.24,244.79,241.11,244.39
1250923,1600,245.01,247.18,243.44,243.84
1250924,1600,243.9,244.61,241.56,241.6
1250925,1600,238.98,239.99,237.55,239.29
1250926,1600,239.62,241.68,239.33,241.34
1250929,1600,242.84,242.93,240.81,241.62
1250930,1600,241.11,242.13,239.4,241.96
1251001,1600,240.57,243.04,240.55,242.49
1251002,1600,243.0,244.09,241.47,244.02
1251003,1600,245.35,248.09,245.03,245.83
1251006,1600,247.73,248.48,246.07,246.81
1251007,1600,247.36,247.64,243.19,244.16
1251008,1600,245.28,246.96,243.8,246.72
1251009,1600,246.31,247.25,244.01,245.13
1251010,1600,245.75,246.89,237.56,237.79
1251013,1600,241.83,244.63,241.4,244.41
1251014,1600,241.23,249.6,240.36,247.9
1251015,1600,250.36,252.77,247.06,250.33
1251016,1600,250.97,251.26,244.0,245.06
1251017,1600,243.32,245.16,241.47,243.41
1251020,1600,246.62,248.33,246.14,248.16
1251021,1600,247.43,248.37,245.51,246.99
1251022,1600,246.03,246.86,240.77,243.34
1251023,1600,244.29,247.12,243.68,246.42
1251024,1600,249.8,251.11,248.97,249.43
1251027,1600,251.78,252.21,249.5,250.3
1251028,1600,249.55,250.9,248.11,248.96
1251029,1600,248.84,251.14,244.69,246.84
1251030,1600,245.27,248.14,244.63,244.85
1251031,1600,244.99,246.79,243.69,246.23
1251103,1600,246.17,246.26,242.49,245.44
1251104,1600,241.79,244.06,241.0,241.2
1251105,1600,241.96,245.73,241.64,244.68
1251106,1600,244.26,244.79,240.0,240.35
1251107,1600,238.41,241.66,236.27,241.61
1251110,1600,245.01,245.24,242.25,244.03
1251111,1600,243.37,244.74,242.52,244.24
1251112,1600,244.84,246.38,243.33,243.64
1251113,1600,241.84,242.68,235.84,236.79
1251114,1600,233.34,238.73,233.27,237.48
1251117,1600,236.46,237.84,231.76,232.76
1251118,1600,231.31,235.08,230.96,233.47
1251119,1600,233.8,236.37,232.43,233.43
1251120,1600,237.24,239.1,228.9,229.11
1251121,1600,229.96,237.11,229.58,235.6
1251124,1600,235.96,240.39,235.48,239.9
1251125,1600,240.74,245.55,240.04,245.13
1251126,1600,245.05,248.83,244.77,247.3
1251128,1600,248.01,248.81,247.07,248.75
1251201,1600,245.57,247.69,245.34,245.62
1251202,1600,247.37,247.37,245.12,245.17
1251203,1600,245.97,249.84,245.48,249.63
1251204,1600,248.97,252.66,248.54,251.82
1251205,1600,251.49,252.66,250.28,250.77
1251208,1600,252.7,252.77,250.18,250.87
1251209,1600,250.25,252.95,250.1,251.39
1251210,1600,250.9,256.57,250.54,254.81
1251211,1600,254.64,258.01,254.32,257.8
1251212,1600,257.95,258.2,253.44,253.85
1251215,1600,255.55,255.69,251.74,251.93
1251216,1600,250.34,252.16,248.47,249.9
1251217,1600,250.37,252.16,246.7,247.24
1251218,1600,250.18,251.36,248.21,248.71
1251219,1600,249.28,251.4,249.06,250.79
1251222,1600,252.28,255.12,252.2,253.58
1251223,1600,252.42,253.22,251.46,252.08
1251224,1600,251.97,252.86,251.12,252.71
1251226,1600,252.58,252.75,250.4,251.42
1251229,1600,250.26,251.5,249.35,249.88
1251230,1600,249.97,250.15,247.95,248.03
1251231,1600,248.18,248.28,246.01,246.16
1260102,1600,247.63,249.09,245.86,248.78
1260105,1600,249.79,253.55,249.57,252.73
1260106,1600,252.24,256.25,251.52,256.08
1260107,1600,256.4,256.8,253.97,255.48
1260108,1600,254.7,258.93,254.36,258.27
1260109,1600,259.58,261.56,258.09,260.23
1260112,1600,259.28,261.66,258.24,261.5
1260113,1600,262.41,262.89,260.46,261.35
1260114,1600,261.13,263.46,260.19,263.19
1260115,1600,264.06,267.05,263.73,265.51
1260116,1600,265.87,267.22,264.71,265.76
1260120,1600,261.14,265.08,261.06,262.58
1260121,1600,264.64,268.59,262.92,267.79
1260122,1600,269.83,271.6,269.42,269.79
1260123,1600,269.04,269.05,264.46,264.81
1260126,1600,265.07,266.69,263.49,263.98
1260127,1600,264.05,264.86,262.66,264.73
1260128,1600,265.98,266.68,262.56,263.3
1260129,1600,264.07,265.06,259.41,263.37
1260130,1600,261.07,262.98,257.94,259.65
1260202,1600,258.48,263.77,258.35,262.18
1260203,1600,263.06,265.06,258.55,262.78
1260204,1600,264.16,264.65,257.14,260.52
1260205,1600,258.5,261.62,255.05,255.83
1260206,1600,259.74,265.72,259.58,265.02
1260209,1600,264.84,267.67,263.34,266.88
1260210,1600,267.23,268.52,265.88,266.16
1260211,1600,268.47,268.96,262.1,264.95
1260212,1600,267.02,267.46,258.39,259.54
1260213,1600,260.6,265.17,258.51,262.96
1260217,1600,262.38,264.36,259.06,263.04
1260218,1600,263.03,266.91,261.85,263.99
1260219,1600,262.57,264.64,261.08,264.6
1260220,1600,262.85,267.33,262.14,264.61
1260223,1600,263.4,264.37,258.1,260.49
1260224,1600,260.4,264.14,259.86,263.33
1260225,1600,265.25,265.28,262.43,264.58
1260226,1600,265.01,266.24,262.12,265.99
1260227,1600,262.1,262.76,259.77,261.41
1260302,1600,257.81,264.28,257.79,263.81
1260303,1600,256.8,261.12,253.31,259.24
1260304,1600,261.2,262.96,258.82,261.76
1260305,1600,258.99,260.76,254.16,256.76
1260306,1600,251.49,253.3,249.94,250.89
1260309,1600,247.59,254.65,244.39,253.62
1260310,1600,252.96,257.65,252.4,253.36
1260311,1600,252.34,254.38,250.58,252.85
1260312,1600,248.94,249.81,246.58,247.41
1260313,1600,249.26,250.61,245.54,246.59
1260316,1600,249.76,251.47,248.31,248.92
1260317,1600,249.87,251.71,248.96,250.05
1260318,1600,248.41,249.23,245.88,246.02
1260319,1600,243.03,250.09,242.52,247.63
1260320,1600,246.97,247.5,240.33,242.22
1260323,1600,247.17,251.36,246.11,247.45
1260324,1600,245.51,250.16,244.6,248.78
1260325,1600,251.74,253.07,249.52,251.82
1260326,1600,248.89,251.86,247.16,247.44
1260327,1600,246.01,246.74,242.41,243.1
1260330,1600,245.35,245.37,238.69,239.61
1260331,1600,243.04,248.92,242.24,248.0
1260401,1600,249.92,252.44,249.11,249.56
1260402,1600,244.94,252.37,244.87,251.29
1260406,1600,250.99,253.05,250.25,252.36
1260407,1600,251.21,253.48,249.52,252.91
1260408,1600,261.52,262.27,258.41,260.47
1260409,1600,258.78,262.9,258.78,261.96
1260410,1600,262.4,262.75,260.34,261.3
1260413,1600,260.24,265.36,260.02,265.07
1260414,1600,267.09,269.42,266.28,268.72
1260415,1600,268.78,269.59,267.59,269.39
1260416,1600,269.45,270.35,268.05,269.95
1260417,1600,273.74,277.63,273.12,275.78
1260420,1600,274.65,277.67,274.53,277.35
1260421,1600,278.18,279.79,273.76,274.51
1260422,1600,277.59,278.01,274.9,276.48
1260423,1600,276.73,277.87,271.95,275.52
1260424,1600,276.67,278.13,274.23,276.65
1260427,1600,276.82,278.24,276.25,277.14
1260428,1600,276.05,276.97,272.92,273.91
1260429,1600,273.92,274.38,270.36,272.08
1260430,1600,273.13,278.22,272.44,277.97
1260501,1600,278.66,279.81,276.57,279.28
1260504,1600,278.7,280.79,276.1,277.88
1260505,1600,280.13,282.95,280.0,282.56
1260506,1600,285.36,287.05,283.36,286.8
1260507,1600,287.53,287.58,281.15,282.26
1260508,1600,284.04,284.97,282.61,284.17
1260511,1600,284.92,287.05,284.59,285.33
1260512,1600,284.04,284.06,278.28,282.57
1260513,1600,282.92,283.56,279.93,282.67
1260514,1600,283.84,285.66,281.96,284.45
1260515,1600,280.3,280.33,277.24,277.6
1260518,1600,278.74,279.08,273.94,275.97
1260519,1600,273.81,275.08,270.63,273.0
1260520,1600,274.91,280.09,273.41,279.87
1260521,1600,278.66,283.68,277.15,282.49
1260522,1600,284.1,286.61,283.67,285.12
1260526,1600,288.39,290.55,287.74,290.51
1260527,1600,291.16,291.72,289.31,290.37
1260528,1600,289.64,292.74,287.98,292.03
1260529,1600,291.38,291.41,288.33,290.43
1260601,1600,288.37,290.61,286.27,288.98
1260602,1600,288.46,291.87,288.4,291.66
1260603,1600,289.99,290.01,286.78,287.67
1260604,1600,287.56,292.88,286.66,292.01
1260605,1600,289.1,289.4,280.15,281.65
1260608,1600,285.51,286.84,283.58,284.11
1260609,1600,287.18,290.87,277.62,285.02
1260610,1600,284.59,289.0,281.76,282.05
1260611,1600,284.44,291.06,284.07,290.41
1260612,1600,291.63,295.72,290.31,292.95
1260615,1600,296.56,297.91,293.92,294.64
1260616,1600,295.5,296.8,291.58,292.08
1260617,1600,292.47,295.82,288.93,289.88
1260618,1600,294.55,295.97,291.42,295.59
1260622,1600,297.13,299.49,296.16,298.18
1260623,1600,293.26,297.75,292.4,295.32
1260624,1600,295.88,299.69,294.69,296.69
1260625,1600,299.52,301.5,296.73,298.91
1260626,1600,296.6,300.03,295.73,299.83
1260629,1600,298.11,299.16,294.68,298.97
1260630,1600,298.56,300.98,297.44,300.45
1260701,1600,299.93,302.72,298.92,299.32
1260702,1600,300.54,302.23,294.98,297.58
1260706,1600,297.75,300.41,297.62,298.9
1260707,1600,299.17,299.97,295.18,296.19
1260708,1600,294.03,295.1,290.68,293.48
1260709,1600,295.27,297.88,294.9,297.24
1260710,1600,297.69,298.21,293.62,295.99
1260713,1600,295.06,295.78,292.6,293.48
1260714,1600,295.49,296.07,293.75,294.51
1260715,1600,295.25,297.14,294.15,295.77
1260716,1600,294.65,297.81,294.35,295.59
1260717,1600,292.03,296.13,291.64,294.04
1260720,1600,295.01,295.99,292.18,292.31
1260721,1600,293.43,296.75,292.68,296.54
1260722,1600,295.7,296.44,293.41,293.79
1260723,1600,290.87,293.01,290.17,292.09
1260724,1600,293.41,293.97,290.48,291.17
1260727,1600,293.98,295.52,291.11,292.91
1260728,1600,293.16,293.77,290.38,293.37
1260729,1600,292.49,293.67,288.26,288.57
1260730,1600,291.15,292.84,288.96,292.59
1260731,1600,293.56,293.95,287.83,291.2
1260803,1600,292.9,296.66,292.4,296.22
1260804,1600,297.59,302.39,297.22,301.71
1260805,1600,302.43,303.06,299.75,299.77
1260806,1600,299.6,301.38,297.95,298.25
1260807,1600,300.46,302.03,299.8,301.56
1260810,1600,300.51,301.39,299.08,299.98
1260811,1600,300.93,301.99,300.6,300.99
1260812,1600,303.02,303.41,301.0,302.71
1260813,1600,304.04,305.05,302.72,303.5
1260814,1600,303.28,305.18,302.74,305.09
1260817,1600,303.96,304.33,303.23,304.06
1260818,1600,302.45,303.15,300.11,300.23
1260819,1600,302.88,303.41,301.23,301.72
1260820,1600,299.27,300.04,297.04,297.67
1260821,1600,299.85,300.33,298.17,299.96
1260824,1600,299.55,299.74,297.4,297.97
1260825,1600,299.6,299.78,297.97,299.23
1260826,1600,298.64,299.95,298.13,298.93
1260827,1600,298.77,300.32,298.14,299.81
1260828,1600,299.7,300.39,295.67,295.75
1260831,1600,295.09,295.35,292.71,293.93
1260901,1600,291.98,292.94,289.97,290.57
1260902,1600,291.54,294.35,291.19,294.01
1260903,1600,295.79,296.18,293.43,295.19
1260904,1600,293.7,296.18,293.56,296.01
1260908,1600,295.34,296.1,294.26,294.67
1260909,1600,293.46,294.16,290.31,290.64
1260910,1600,288.48,289.83,287.18,287.7
1260911,1600,290.71,291.44,288.77,288.89
1260914,1600,287.49,289.84,287.06,287.91
1260915,1600,286.62,286.93,284.08,285.14
1260916,1600,285.63,287.04,281.03,283.92
1260917,1600,287.95,288.29,285.21,285.43
1260918,1600,284.92,285.27,282.54,284.1
1260921,1600,286.27,286.45,284.9,285.58
1260922,1600,287.68,288.94,286.05,287.21
1260923,1600,285.99,286.18,281.84,281.92
