990310,1600,51.125,51.1562,50.2812,51.0625
990311,1600,51.4375,51.7344,50.3125,51.3125
990312,1600,51.125,51.1562,49.6562,50.0625
990315,1600,50.4375,51.5625,49.9062,51.5
990316,1600,51.7188,52.1562,51.1562,51.9375
990317,1600,51.9375,52.0,51.4062,51.5625
990318,1600,51.5,52.5938,51.4844,52.5625
990319,1600,53.25,53.25,51.1875,51.2188
990322,1600,51.4375,51.5625,50.5,50.5938
990323,1600,50.3125,50.5,48.7188,48.8125
990324,1600,49.25,50.5,48.5,50.4688
990325,1600,51.25,52.3125,50.9141,52.3125
990326,1600,51.875,52.4688,51.5312,51.75
990329,1600,52.375,53.6562,52.0625,53.625
990330,1600,53.5625,54.0,53.0312,53.25
990331,1600,54.125,54.1875,52.3125,52.4688
990401,1600,54.0,54.0625,52.6875,53.5625
990405,1600,54.4297,55.5781,54.0938,55.5
990406,1600,55.4375,56.2188,54.9688,55.6094
990407,1600,56.125,56.25,53.8438,55.0312
990408,1600,54.9375,55.7344,53.8125,55.4688
990409,1600,55.375,55.9375,55.2188,55.8125
990412,1600,54.5,55.8125,54.4375,55.4375
990413,1600,55.7812,55.9062,54.25,54.6875
990414,1600,55.375,55.4375,52.5078,52.8125
990415,1600,53.0,53.6172,51.125,53.5312
990416,1600,53.4062,53.4062,51.6875,51.9688
990419,1600,52.3125,52.75,49.0078,49.5312
990420,1600,49.3125,51.0625,48.8438,50.6562
990421,1600,51.125,53.1875,50.4375,53.1562
990422,1600,53.6562,54.75,53.3047,54.5938
990423,1600,54.3125,55.7188,53.75,55.3125
990426,1600,55.6875,57.0,55.5078,56.5859
990427,1600,57.0,57.2812,55.0078,55.7188
990428,1600,55.25,55.4375,53.5703,53.8125
990429,1600,53.5625,53.875,52.25,53.375
990430,1600,54.125,54.4062,51.8125,53.7188
990503,1600,53.5625,53.7812,52.5391,53.4375
990504,1600,53.5312,54.375,52.2812,52.5938
990505,1600,52.625,54.1875,51.0312,54.1875
990506,1600,53.6875,54.1562,51.7188,52.2188
990507,1600,52.6875,53.125,51.5625,52.9688
990510,1600,53.3125,53.8594,52.6875,53.5
990511,1600,53.9375,54.625,53.625,54.3438
990512,1600,54.5938,55.6562,53.0,55.4688
990513,1600,55.9062,56.0,54.1875,54.4375
990514,1600,53.375,54.0,53.0,53.4062
990517,1600,52.9375,54.5312,52.4141,54.3672
990518,1600,54.3125,54.625,53.5,54.125
990519,1600,54.3438,54.9062,53.5,54.875
990520,1600,54.9922,54.9922,53.2812,53.3672
990521,1600,53.5312,53.6875,52.5938,52.875
990524,1600,52.9688,53.0625,51.1875,51.5312
990525,1600,51.4688,52.2188,49.625,49.8438
990526,1600,50.5,51.4375,48.9375,51.2344
990527,1600,51.0312,51.9297,50.375,51.1875
990528,1600,51.5,52.3125,50.8438,52.0312
990601,1600,51.9375,52.1875,50.5938,50.875
990602,1600,50.8438,52.0,49.5703,51.7344
990603,1600,52.125,52.125,50.6875,51.0
990604,1600,51.375,52.7422,51.375,52.5625
990607,1600,52.9297,53.9922,52.8125,53.6562
990608,1600,53.7812,54.0312,52.0391,52.3125
990609,1600,52.5,53.3359,52.4688,53.1875
990610,1600,52.625,52.9375,51.9453,52.5781
990611,1600,52.9375,52.9922,51.3125,51.7812
990614,1600,51.9688,51.9688,50.6875,50.8047
990615,1600,50.9297,51.8672,50.7812,51.5625
990616,1600,52.8438,54.2109,52.7812,54.2109
990617,1600,53.5,55.0625,53.5,54.8125
990618,1600,54.3125,55.2188,54.2188,55.0625
990621,1600,55.4375,56.7422,55.3438,56.7109
990622,1600,56.375,57.0938,55.0,55.0
990623,1600,55.0078,56.0,54.6562,55.8672
990624,1600,55.8438,55.875,54.5,54.7578
990625,1600,55.125,55.5625,54.1875,54.6875
990628,1600,55.1562,56.0625,54.7031,55.9844
990629,1600,55.9375,56.9688,55.6562,56.75
990630,1600,56.8047,59.9375,56.1328,57.625
990701,1600,57.8125,58.3438,56.8125,58.0156
990702,1600,58.0,58.8125,58.0,58.75
990706,1600,59.0625,59.6562,58.0625,58.375
990707,1600,58.3438,58.7188,57.9375,58.4688
990708,1600,58.4688,59.4922,58.1875,59.25
990709,1600,59.4688,59.9062,59.0312,59.8438
990712,1600,60.0625,60.375,59.1875,59.5312
990713,1600,59.25,59.4688,58.7812,59.25
990714,1600,59.8438,60.375,59.0,60.2578
990715,1600,60.4688,60.8125,60.1328,60.8125
990716,1600,60.8438,61.7188,60.8203,61.375
990719,1600,61.625,61.625,60.5078,60.75
990720,1600,60.0078,60.0938,58.25,58.4062
990721,1600,58.5312,59.1953,58.0625,58.6875
990722,1600,58.6875,58.6875,57.0312,57.1953
990723,1600,57.625,57.8672,56.6875,57.2812
990726,1600,56.5,57.125,55.7812,55.875
990727,1600,57.0,57.875,56.5156,57.0
990728,1600,57.6875,58.4375,56.9453,58.1172
990729,1600,57.0312,57.5,56.3125,56.875
990730,1600,57.125,57.75,56.5078,56.5938
990802,1600,56.6875,57.8125,56.2188,56.4375
990803,1600,57.2109,57.2188,55.25,56.0703
990804,1600,56.0703,56.4922,55.0078,55.0547
990805,1600,55.0625,55.9297,53.75,55.9297
990806,1600,55.5312,56.5625,54.9375,55.3281
990809,1600,55.5312,55.6875,54.5078,54.6172
990810,1600,54.4688,54.8672,52.9375,54.125
990811,1600,55.0938,56.0,54.2656,55.9062
990812,1600,56.125,56.5,55.125,55.25
990813,1600,56.4062,57.7188,56.3125,57.6562
990816,1600,57.625,58.3125,57.25,58.1172
990817,1600,58.625,58.6875,57.3438,58.4062
990818,1600,58.125,58.8438,57.5312,57.75
990819,1600,57.2188,57.625,56.6953,57.0625
990820,1600,57.125,57.9688,56.8125,57.9688
990823,1600,58.5,59.8125,58.3672,59.8125
990824,1600,59.375,60.875,59.2578,60.2188
990825,1600,60.5938,61.75,59.9375,61.5
990826,1600,61.5,61.7188,60.3828,60.4766
990827,1600,60.9297,60.9375,59.7188,59.875
990830,1600,60.125,60.3125,58.875,59.0312
990831,1600,59.4375,60.0625,58.125,59.6875
990901,1600,60.0625,60.625,59.6875,60.1172
990902,1600,59.0,60.2188,58.875,59.9062
990903,1600,61.625,62.6797,61.4062,62.6562
990907,1600,62.5312,63.1562,62.2812,62.375
990908,1600,62.0,62.625,61.0312,61.5312
990909,1600,61.5625,62.5625,61.25,62.4062
990910,1600,63.25,63.7422,62.5312,63.125
990913,1600,63.0625,63.1875,62.0312,62.3672
990914,1600,62.125,63.1484,62.0,62.7109
990915,1600,63.4922,63.4922,61.4375,61.5
990916,1600,61.4688,62.0312,60.1953,61.4688
990917,1600,62.0312,63.4375,61.9375,63.3125
990920,1600,63.5,63.75,63.0312,63.4609
990921,1600,62.9062,63.0312,61.7578,61.9375
990922,1600,62.0312,62.9219,61.2812,62.5938
990923,1600,63.25,63.375,59.6328,60.0
990924,1600,59.625,60.3125,58.625,60.0781
990927,1600,60.9375,61.375,60.3125,60.5
990928,1600,60.1953,61.0,58.9062,60.7812
990929,1600,60.7812,61.2188,59.5625,59.5625
990930,1600,60.125,60.8125,59.375,60.1875
991001,1600,59.375,60.2109,58.75,60.2109
991004,1600,60.5312,61.7812,60.1875,61.5625
991005,1600,61.7812,62.75,60.6875,62.0
991006,1600,62.375,63.3359,61.4297,63.2422
991007,1600,63.5938,63.8984,62.625,63.0938
991008,1600,62.8438,63.9375,62.0,63.7578
991011,1600,63.9375,64.6875,63.7812,64.6562
991012,1600,64.4375,64.9531,63.0,63.1875
991013,1600,62.4688,63.2188,61.0625,61.3125
991014,1600,61.5312,62.125,60.5312,61.6953
991015,1600,60.125,61.0,59.5078,59.875
991018,1600,59.9375,60.1562,57.4141,59.1172
991019,1600,59.7578,60.0625,58.4375,59.4375
991020,1600,60.3438,61.7422,59.75,61.25
991021,1600,60.25,62.25,59.8125,62.25
991022,1600,62.6172,63.25,61.75,61.9688
991025,1600,61.6875,62.6797,61.4375,62.0
991026,1600,62.75,63.0938,61.375,61.5
991027,1600,61.3438,61.625,60.4453,61.4062
991028,1600,62.375,63.75,61.8125,63.5312
991029,1600,65.0,66.25,64.7812,65.75
991101,1600,65.75,66.5312,65.3203,65.4062
991102,1600,65.75,66.5625,65.1953,65.4453
991103,1600,66.375,67.125,66.1875,66.75
991104,1600,67.6797,67.8125,66.7812,67.5
991105,1600,68.875,69.2188,68.1875,68.1875
991108,1600,68.4375,69.8047,68.2188,69.5625
991109,1600,70.125,70.25,68.5,69.0938
991110,1600,69.125,70.5938,68.8125,70.0
991111,1600,70.75,71.3438,70.125,71.25
991112,1600,71.625,72.25,69.375,72.1875
991115,1600,72.25,72.5,71.6875,72.0469
991116,1600,72.3125,74.2188,72.0,73.875
991117,1600,73.875,74.1953,72.5,72.875
991118,1600,73.375,75.1094,72.9375,75.1094
991119,1600,74.7812,75.9062,74.5,75.7812
991122,1600,75.9375,77.5,74.625,74.625
991123,1600,76.4375,76.5,74.25,74.9688
991124,1600,75.1875,77.7422,74.4062,77.4375
991126,1600,78.4062,78.7812,77.375,77.6875
991129,1600,77.5312,78.1875,76.3125,76.4062
991130,1600,76.5625,76.6875,73.5,73.5
991201,1600,74.3125,75.4688,73.75,75.0938
991202,1600,75.375,77.625,75.3281,77.4766
991203,1600,79.3125,80.1875,78.9062,79.125
991206,1600,79.4297,80.5,78.6875,79.8438
991207,1600,80.0938,80.4062,78.8359,79.8438
991208,1600,79.8672,80.4922,78.6875,78.875
991209,1600,80.0,80.4375,77.25,79.25
991210,1600,79.9062,80.1875,78.125,79.9062
991213,1600,79.6328,81.3359,79.2812,80.9922
991214,1600,80.75,81.2188,79.0,79.5312
991215,1600,78.625,81.0625,77.9375,81.0625
991216,1600,82.125,83.25,81.75,83.0625
991217,1600,84.5,84.875,83.4297,83.7812
991220,1600,84.4062,85.25,83.6875,84.875
991221,1600,85.125,89.4375,84.6406,89.4375
991222,1600,89.1875,89.3125,87.4375,89.1562
991223,1600,89.8672,90.75,89.0,90.2188
991227,1600,90.3125,90.3438,87.9062,89.6875
991228,1600,89.75,90.5,88.5625,89.125
991229,1600,90.0,92.5,89.875,92.5
991230,1600,93.625,93.75,91.5,91.5
991231,1600,92.625,93.1875,91.375,91.375
1000103,1600,96.1875,96.1875,90.75,94.75
1000104,1600,92.0,93.5,87.9375,88.25
1000105,1600,87.5,89.625,84.25,86.0
1000106,1600,86.875,88.0,79.75,80.0938
1000107,1600,82.9375,90.0,82.5,90.0
1000110,1600,91.0,93.9375,89.9375,92.5
1000111,1600,91.75,92.875,87.0,88.0
1000112,1600,89.0,89.2422,86.0,86.0625
1000113,1600,88.5,91.5,87.0781,91.25
1000114,1600,93.0,93.625,92.0,93.375
1000118,1600,92.0625,94.4375,91.4375,93.875
1000119,1600,93.4922,96.0,92.4297,96.0
1000120,1600,95.5,96.875,94.0078,95.0625
1000121,1600,96.5,96.5625,95.0625,96.25
1000124,1600,97.4375,97.625,90.9688,91.625
1000125,1600,91.875,94.1172,89.4062,93.0
1000126,1600,93.25,93.3125,89.0,89.25
1000127,1600,91.75,92.5,87.625,90.5625
1000128,1600,90.0,90.4688,84.75,86.0
1000131,1600,85.875,90.0,83.5,89.6875
1000201,1600,89.5312,92.5,88.4375,92.0938
1000202,1600,92.25,94.7188,92.0938,92.875
1000203,1600,94.3125,96.625,92.2812,96.5
1000204,1600,97.0,98.2422,96.2188,97.1562
1000207,1600,97.25,98.625,96.25,98.5
1000208,1600,99.375,102.875,99.375,102.625
1000209,1600,102.0625,102.1953,98.75,99.0
1000210,1600,99.8125,102.25,98.5547,102.25
1000211,1600,102.0625,102.0625,98.0,99.875
1000214,1600,99.9922,100.0,97.75,99.75
1000215,1600,98.9375,100.625,95.875,100.4688
1000216,1600,99.9062,101.6875,99.3125,100.0
1000217,1600,101.1875,103.25,99.625,102.125
1000218,1600,102.625,103.0,98.4375,98.4375
1000222,1600,99.0,99.9375,96.25,98.75
1000223,1600,99.6797,105.0,99.1562,104.25
1000224,1600,104.875,106.8047,102.0,106.5
1000225,1600,106.1875,107.5,103.875,104.0625
1000228,1600,103.25,105.6875,100.5,104.0
1000229,1600,105.75,107.0938,104.9375,106.75
1000301,1600,107.25,108.5625,106.5,107.625
1000302,1600,108.0625,108.1875,104.75,105.1328
1000303,1600,108.0,111.125,107.0,111.0625
1000306,1600,111.75,113.2188,110.25,111.9375
1000307,1600,113.8125,113.875,108.75,110.25
1000308,1600,111.0,112.0,106.2812,111.25
1000309,1600,111.2188,115.5,109.0938,115.0
1000310,1600,114.875,116.4375,113.5078,114.5
1000313,1600,110.0,114.125,109.5312,111.5
1000314,1600,112.75,113.375,105.0,107.375
1000315,1600,106.5,107.0,101.875,102.875
1000316,1600,105.375,109.25,101.0,108.75
1000317,1600,108.0,111.0625,107.9375,110.8125
1000320,1600,111.0,111.5,106.25,107.6875
1000321,1600,106.125,111.9375,103.5625,111.75
1000322,1600,113.5,115.9688,111.125,114.0
1000323,1600,114.4844,117.75,113.5625,116.0
1000324,1600,117.4844,120.5,115.0156,117.5625
1000327,1600,118.0,119.5,117.125,117.75
1000328,1600,116.9844,117.8125,113.125,114.75
1000329,1600,115.375,115.4375,110.0,110.0
1000330,1600,107.25,112.75,103.5,107.25
1000331,1600,108.1406,110.625,104.0,109.5
1000403,1600,107.7656,109.125,100.75,102.9375
1000404,1600,103.625,103.9375,88.3125,101.9375
1000405,1600,97.5,103.9375,96.25,100.125
1000406,1600,102.375,103.875,99.75,102.5
1000407,1600,104.125,107.375,102.625,106.625
1000410,1600,107.625,107.6875,99.25,100.125
1000411,1600,97.125,101.5,95.0625,97.75
1000412,1600,97.625,98.75,90.25,92.0
1000413,1600,92.8125,96.0,88.0,88.0
1000414,1600,86.0625,88.5,78.0,80.375
1000417,1600,78.0156,90.0,78.0,89.625
1000418,1600,89.4844,93.0,87.375,92.0
1000419,1600,92.5,93.625,89.0625,89.1875
1000420,1600,90.375,90.9688,86.0625,87.25
1000424,1600,83.4375,85.25,79.875,84.75
1000425,1600,86.5,90.5,86.0,90.4688
1000426,1600,90.625,92.4219,87.125,87.375
1000427,1600,84.0,92.4844,82.25,91.25
1000428,1600,93.5625,94.75,92.125,94.75
1000501,1600,95.75,96.875,94.25,95.625
1000502,1600,94.875,95.625,89.75,90.125
1000503,1600,89.5,90.25,85.5156,89.125
1000504,1600,89.0,90.75,87.625,89.3125
1000505,1600,88.125,92.3125,88.0312,91.4375
1000508,1600,90.5,90.75,87.75,87.875
1000509,1600,88.5,89.125,84.3125,86.0
1000510,1600,84.375,84.9844,79.5,79.75
1000511,1600,82.75,85.25,80.875,84.625
1000512,1600,85.375,87.5625,84.0,84.625
1000515,1600,84.8125,88.625,82.625,88.3125
1000516,1600,90.0,91.5,88.0625,90.8125
1000517,1600,89.25,90.5,87.75,88.9375
1000518,1600,89.0,89.3594,85.375,85.75
1000519,1600,83.75,85.0,81.3125,81.6875
1000522,1600,81.625,82.25,75.5781,81.625
1000523,1600,81.375,82.625,74.25,74.8125
1000524,1600,75.0,79.875,72.25,79.5
1000525,1600,80.25,82.25,76.5,77.75
1000526,1600,77.75,79.25,75.75,77.75
1000530,1600,80.0,85.9375,80.0,85.5625
1000531,1600,84.4688,86.6719,82.75,83.125
1000601,1600,85.1875,88.375,84.0,87.375
1000602,1600,92.625,93.9375,82.5,93.625
1000605,1600,92.25,95.3125,91.875,93.8594
1000606,1600,93.1875,95.0,90.875,91.25
1000607,1600,91.5625,94.0,89.5625,93.6875
1000608,1600,94.625,94.875,91.625,93.25
1000609,1600,94.75,94.75,93.0,93.75
1000612,1600,94.3125,94.3125,90.0,90.75
1000613,1600,90.5,94.625,89.3594,94.25
1000614,1600,94.875,94.875,91.5,92.125
1000615,1600,91.875,93.875,90.875,93.75
1000616,1600,94.75,95.3125,93.0625,94.25
1000619,1600,94.0156,98.25,92.6875,98.0
1000620,1600,98.25,99.6875,97.1875,97.625
1000621,1600,96.8125,99.7188,96.6875,98.875
1000622,1600,98.625,99.0,94.5,95.25
1000623,1600,95.0,95.5,91.375,91.5
1000626,1600,93.0625,94.4219,92.0,94.0
1000627,1600,93.7656,95.0625,92.375,92.875
1000628,1600,92.9844,95.5,92.5,94.0
1000629,1600,92.9375,93.375,90.625,91.6406
1000630,1600,91.8125,93.9531,91.3125,93.4375
1000703,1600,93.5,95.25,93.25,95.25
1000705,1600,93.625,93.9688,90.875,91.5625
1000706,1600,91.5625,94.75,90.0625,94.0
1000707,1600,95.0,97.0,94.4375,95.9375
1000710,1600,94.6875,95.875,94.0,94.4844
1000711,1600,94.0625,95.75,92.8125,95.0
1000712,1600,95.4375,97.75,94.625,97.25
1000713,1600,97.9375,99.75,97.125,98.5
1000714,1600,100.25,101.125,98.8125,100.625
1000717,1600,100.9375,102.0625,99.875,101.75
1000718,1600,100.375,100.7812,98.3594,99.5
1000719,1600,98.3125,98.9375,95.6562,97.25
1000720,1600,97.875,100.5,97.2656,100.375
1000721,1600,98.4375,99.5156,97.0,97.0
1000724,1600,97.9375,99.0,94.25,95.0
1000725,1600,95.625,97.0,93.8125,95.75
1000726,1600,95.5,96.125,93.25,95.625
1000727,1600,93.9375,95.0625,91.5625,91.875
1000728,1600,92.1875,92.875,86.0,86.875
1000731,1600,87.625,90.125,85.7188,89.4375
1000801,1600,89.8125,89.9844,87.6875,88.25
1000802,1600,87.875,90.3906,86.5,86.6875
1000803,1600,84.25,91.25,83.3125,90.4375
1000804,1600,92.0,92.7656,89.125,90.125
1000807,1600,90.875,93.0312,90.25,92.25
1000808,1600,92.0625,94.25,91.5,94.125
1000809,1600,93.6875,94.4375,91.375,91.625
1000810,1600,91.8125,92.2344,89.5,89.8125
1000811,1600,89.25,91.1094,87.875,91.0625
1000814,1600,91.375,93.0,90.2031,93.0
1000815,1600,92.75,93.9844,92.0,93.0
1000816,1600,93.4375,94.6875,92.0,93.9375
1000817,1600,92.9375,95.875,92.875,95.75
1000818,1600,95.9375,96.625,94.6875,95.25
1000821,1600,96.0,96.8594,94.375,95.5
1000822,1600,96.0,97.3594,95.2656,95.5
1000823,1600,94.6875,97.4375,93.8281,97.0625
1000824,1600,97.4375,98.6875,96.0625,98.5625
1000825,1600,98.4844,99.9531,97.0,98.0312
1000828,1600,98.25,99.8438,97.9375,98.5
1000829,1600,98.625,99.1719,97.8594,99.0
1000830,1600,98.3125,99.5,97.7656,98.875
1000831,1600,99.625,102.0,98.875,101.625
1000901,1600,103.0,103.5156,101.1875,102.625
1000905,1600,101.625,101.75,99.4219,99.5
1000906,1600,99.25,99.4844,95.5,96.0
1000907,1600,96.8125,99.4219,96.5625,98.125
1000908,1600,97.7656,98.0,94.7656,95.125
1000911,1600,94.5,96.125,92.0,92.8125
1000912,1600,93.5,94.6875,90.8438,91.375
1000913,1600,90.25,93.875,90.0,93.5
1000914,1600,95.25,95.9375,92.6406,93.0
1000915,1600,93.125,93.625,90.6875,91.3125
1000918,1600,91.8125,93.0,88.0,89.875
1000919,1600,90.75,93.7812,89.875,93.1875
1000920,1600,93.375,95.2344,91.3125,94.625
1000921,1600,93.75,94.4844,87.0,87.75
1000922,1600,87.625,93.25,87.5,92.9375
1000925,1600,93.625,94.25,90.0,90.4688
1000926,1600,90.7656,92.5,88.9219,89.4375
1000927,1600,90.625,91.1875,88.0,89.5625
1000928,1600,88.7188,93.0,88.7188,91.5625
1000929,1600,92.0,92.4531,88.6875,88.75
1001002,1600,90.25,90.25,86.0,86.75
1001003,1600,88.0625,88.8125,83.2656,84.0
1001004,1600,83.5,86.8594,82.125,85.625
1001005,1600,85.25,87.1875,84.5625,85.875
1001006,1600,85.5625,86.5625,81.25,83.0
1001009,1600,82.5625,83.8125,79.375,82.625
1001010,1600,81.8125,83.3125,77.875,78.3125
1001011,1600,76.875,80.4531,76.0625,77.0625
1001012,1600,79.25,79.5625,74.4062,75.125
1001013,1600,74.6875,81.625,74.625,81.25
1001016,1600,81.125,82.3125,79.75,82.0
1001017,1600,83.125,83.1719,78.0,78.25
1001018,1600,76.75,81.1875,74.5625,78.0
1001019,1600,82.3906,85.1094,81.4375,85.0625
1001020,1600,84.5,87.875,84.3906,86.3125
1001023,1600,86.1875,87.5,84.125,86.1875
1001024,1600,86.4375,87.0,82.375,82.5
1001025,1600,81.25,82.0,76.8906,77.875
1001026,1600,78.1875,80.0,73.625,79.875
1001027,1600,80.8594,81.8594,77.4844,79.7188
1001030,1600,78.1875,79.875,75.7031,76.7656
1001031,1600,78.0,82.5625,77.875,81.7031
1001101,1600,80.3125,82.8125,79.1875,81.0
1001102,1600,82.1875,83.25,81.0625,82.0
1001103,1600,82.875,83.9375,81.6406,83.0625
1001106,1600,83.625,84.125,82.0,82.4375
1001107,1600,81.4375,82.4688,80.25,82.125
1001108,1600,82.125,82.25,75.625,75.7031
1001109,1600,74.75,76.9375,73.0,75.6875
1001110,1600,74.25,75.6875,71.75,71.75
1001113,1600,70.9531,74.1875,68.2656,71.8594
1001114,1600,73.0,76.0,72.75,75.8438
1001115,1600,75.5625,78.0625,74.7969,77.375
1001116,1600,75.375,77.0,72.875,72.875
1001117,1600,73.1875,75.1875,71.0,72.8281
1001120,1600,70.9375,72.0625,69.25,69.8594
1001121,1600,70.1875,71.125,68.4375,69.75
1001122,1600,68.4375,70.125,66.5,66.625
1001124,1600,68.375,70.625,68.1719,70.4375
1001127,1600,72.5625,72.9375,68.75,69.5625
1001128,1600,68.9375,69.9375,65.3125,65.4531
1001129,1600,65.8125,66.75,62.5,62.9375
1001130,1600,61.75,64.25,60.5,62.9844
1001201,1600,64.0625,66.7656,62.125,64.0
1001204,1600,64.125,65.3594,61.75,65.0
1001205,1600,66.0625,71.0,65.5,70.6875
1001206,1600,70.5938,72.2969,67.75,68.0
1001207,1600,67.0,68.9844,65.5,66.5
1001208,1600,71.0938,73.5,67.625,68.0
1001211,1600,72.0625,74.7812,70.9531,74.375
1001212,1600,73.5,73.875,71.3125,71.6562
1001213,1600,73.4375,73.5,68.3125,68.7344
1001214,1600,68.5156,69.6875,65.25,65.375
1001215,1600,64.25,65.625,62.5625,63.875
1001218,1600,65.1562,65.9688,62.5625,64.0
1001219,1600,63.4531,65.8594,58.75,59.125
1001220,1600,57.3125,58.375,54.75,55.7344
1001221,1600,55.0156,58.75,54.25,56.0625
1001222,1600,57.625,60.75,57.5,60.5
1001226,1600,60.5938,61.9219,58.0,60.875
1001227,1600,59.6875,62.1875,58.9375,61.5625
1001228,1600,60.7812,62.4844,60.25,61.4375
1001229,1600,61.5625,62.2344,58.0,58.375
1010102,1600,58.5625,58.6875,52.4375,53.4375
1010103,1600,52.1875,65.25,52.1562,62.4375
1010104,1600,61.625,63.625,60.2344,61.3125
1010105,1600,61.3125,61.3125,56.0,56.625
1010108,1600,56.3125,57.5,53.5156,57.25
1010109,1600,57.75,59.125,56.625,57.25
1010110,1600,56.125,60.375,55.75,60.1875
1010111,1600,59.2656,63.6875,59.1875,61.9375
1010112,1600,62.75,64.625,61.5,62.7344
1010116,1600,62.5625,62.9219,60.5625,61.9844
1010117,1600,64.5,65.6094,63.1406,63.875
1010118,1600,64.125,66.75,62.6875,66.5625
1010119,1600,68.1406,68.3125,65.5625,66.3125
1010122,1600,65.875,67.0,64.75,66.375
1010123,1600,65.9062,68.4062,65.3125,67.7656
1010124,1600,68.0625,69.125,66.75,67.125
1010125,1600,66.875,67.6719,64.3906,64.5
1010126,1600,63.5625,65.9375,63.0,65.5469
1010129,1600,64.75,67.25,64.25,67.0
1010130,1600,67.15,67.74,66.0,66.75
1010131,1600,67.25,67.99,64.3,64.3
1010201,1600,64.55,65.61,63.6,65.15
1010202,1600,64.94,65.3,60.0,61.55
1010205,1600,61.19,61.9,60.12,61.5
1010206,1600,61.49,63.12,61.16,61.6
1010207,1600,60.51,61.2,58.58,60.6
1010208,1600,60.9,61.5,58.58,58.79
1010209,1600,58.25,58.6,56.0,56.4
1010212,1600,56.25,57.94,55.62,57.08
1010213,1600,57.65,59.18,54.98,55.25
1010214,1600,55.4,57.75,54.12,57.45
1010215,1600,58.8,60.49,58.3,58.4
1010216,1600,55.96,56.87,54.53,55.13
1010220,1600,55.74,55.84,52.3,52.99
1010221,1600,51.55,54.07,50.92,51.5
1010222,1600,51.45,52.16,48.89,51.0
1010223,1600,50.09,51.6,48.23,51.18
1010226,1600,52.08,52.6,50.25,52.15
1010227,1600,51.54,52.08,48.9,49.0
1010228,1600,49.45,50.21,46.86,47.45
1010301,1600,46.97,49.2,45.75,48.8
1010302,1600,47.2,49.63,45.65,46.7
1010305,1600,47.5,48.36,47.09,47.55
1010306,1600,49.3,50.66,49.1,49.4
1010307,1600,50.4,50.43,48.97,49.42
1010308,1600,49.35,49.81,48.1,48.5
1010309,1600,47.25,47.37,44.95,45.1
1010312,1600,44.0,44.95,41.8,42.3
1010313,1600,42.78,44.74,42.13,44.45
1010314,1600,42.7,45.19,42.31,43.75
1010315,1600,45.2,45.31,42.05,42.15
1010316,1600,41.88,42.8,40.56,41.2
1010319,1600,41.44,43.26,40.75,43.26
1010320,1600,43.44,43.81,40.2,40.35
1010321,1600,40.52,41.8,39.71,40.35
1010322,1600,40.6,42.8,39.49,42.8
1010323,1600,43.55,43.83,41.5,42.8
1010326,1600,43.47,43.5,41.55,41.81
1010327,1600,41.8,43.72,41.42,43.25
1010328,1600,41.9,42.2,39.68,39.7
1010329,1600,39.38,40.61,38.4,38.95
1010330,1600,39.3,39.98,38.0,39.15
1010402,1600,39.17,39.85,37.3,37.4
1010403,1600,37.2,37.75,34.62,34.66
1010404,1600,34.71,35.81,33.6,34.05
1010405,1600,36.0,37.96,35.71,37.31
1010406,1600,36.9,37.1,35.5,35.95
1010409,1600,36.79,37.39,35.85,37.05
1010410,1600,37.9,40.46,37.78,39.8
1010411,1600,42.16,42.5,40.45,41.0
1010412,1600,40.3,42.8,40.0,42.8
1010416,1600,41.94,42.43,40.06,40.25
1010417,1600,39.95,42.7,39.9,41.25
1010418,1600,43.72,48.0,43.2,45.55
1010419,1600,46.1,48.75,45.58,48.3
1010420,1600,48.18,49.44,43.05,48.4
1010423,1600,46.99,47.72,44.89,45.15
1010424,1600,45.1,46.42,43.75,44.3
1010425,1600,43.9,45.58,43.1,45.1
1010426,1600,45.9,46.25,43.87,43.95
1010427,1600,45.15,45.47,44.24,45.15
1010430,1600,46.25,47.57,45.3,46.15
1010501,1600,46.2,48.08,45.4,48.05
1010502,1600,48.8,49.4,47.5,48.98
1010503,1600,47.9,47.9,46.2,46.8
1010504,1600,45.3,48.2,45.11,48.2
1010507,1600,48.0,48.6,47.1,47.2
1010508,1600,48.3,48.35,46.99,48.2
1010509,1600,47.05,47.95,46.44,46.55
1010510,1600,47.92,48.05,45.72,45.77
1010511,1600,45.84,46.42,45.09,45.55
1010514,1600,45.3,45.36,43.35,44.82
1010515,1600,44.9,46.3,44.58,45.15
1010516,1600,44.31,47.52,44.06,47.15
1010517,1600,47.45,48.79,47.26,47.9
1010518,1600,47.64,48.38,47.09,48.04
1010521,1600,48.17,51.15,47.65,51.05
1010522,1600,51.31,51.95,50.18,50.9
1010523,1600,50.44,50.45,48.64,48.65
1010524,1600,48.97,49.99,48.27,49.9
1010525,1600,49.96,50.02,48.02,48.99
1010529,1600,48.5,48.5,46.1,46.12
1010530,1600,45.43,45.85,44.08,44.43
1010531,1600,44.54,45.85,44.3,44.73
1010601,1600,45.54,46.23,44.33,46.05
1010604,1600,46.33,46.66,45.29,45.83
1010605,1600,46.3,48.36,46.2,47.85
1010606,1600,48.08,48.89,47.07,47.48
1010607,1600,47.13,49.49,47.07,48.7
1010608,1600,48.72,48.77,46.95,47.35
1010611,1600,46.9,47.0,45.49,46.05
1010612,1600,44.87,46.8,44.23,45.8
1010613,1600,46.27,46.75,44.52,44.55
1010614,1600,44.02,44.4,42.0,42.25
1010615,1600,41.8,43.07,41.28,42.6
1010618,1600,42.64,43.17,41.4,42.03
1010619,1600,43.32,43.56,41.26,41.82
1010620,1600,41.3,42.97,41.28,42.77
1010621,1600,42.67,44.23,42.3,43.35
1010622,1600,43.62,44.2,42.59,43.25
1010625,1600,43.61,43.8,42.65,43.36
1010626,1600,42.54,43.89,42.48,43.51
1010627,1600,43.68,44.15,43.0,43.79
1010628,1600,44.4,46.36,44.35,44.35
1010629,1600,45.09,46.52,44.7,45.7
1010702,1600,45.65,46.48,45.19,45.45
1010703,1600,45.25,45.69,44.8,45.64
1010705,1600,44.87,45.18,43.45,43.45
1010706,1600,43.01,43.11,41.49,41.65
1010709,1600,41.89,42.69,41.5,42.01
1010710,1600,42.76,42.88,40.4,40.5
1010711,1600,40.42,41.1,39.87,41.0
1010712,1600,42.63,43.83,42.3,43.6
1010713,1600,43.38,44.43,42.9,43.15
1010716,1600,43.37,43.86,41.9,42.35
1010717,1600,41.82,43.4,41.54,43.3
1010718,1600,42.27,42.85,41.14,41.65
1010719,1600,42.46,43.35,41.75,42.64
1010720,1600,41.49,42.14,41.36,41.65
1010723,1600,42.24,42.4,40.55,40.61
1010724,1600,40.38,40.9,39.31,40.15
1010725,1600,40.14,40.72,39.4,40.5
1010726,1600,40.45,41.89,39.98,41.1
1010727,1600,41.64,42.26,41.3,41.95
1010730,1600,42.13,42.3,41.4,41.7
1010731,1600,41.84,42.78,41.5,41.76
1010801,1600,42.63,43.5,42.41,43.1
1010802,1600,43.79,44.0,42.82,43.91
1010803,1600,43.53,43.53,42.56,43.18
1010806,1600,42.53,42.85,42.35,42.5
1010807,1600,42.1,42.82,41.94,42.28
1010808,1600,41.85,42.65,40.3,40.5
1010809,1600,40.41,40.88,39.98,40.67
1010810,1600,40.42,40.75,39.23,40.28
1010813,1600,40.59,41.34,40.2,41.1
1010814,1600,41.49,41.7,40.54,40.6
1010815,1600,40.62,40.93,39.07,39.1
1010816,1600,38.64,39.59,38.04,39.56
1010817,1600,38.44,38.8,37.71,37.76
1010820,1600,37.85,38.65,37.52,38.28
1010821,1600,38.29,38.65,36.65,36.69
1010822,1600,37.45,37.84,36.54,37.69
1010823,1600,37.67,38.46,37.3,37.32
1010824,1600,37.86,39.39,37.75,39.3
1010827,1600,39.28,39.9,38.83,39.35
1010828,1600,39.32,39.44,38.01,38.12
1010829,1600,38.37,38.45,37.13,37.56
1010830,1600,36.8,37.31,35.75,36.17
1010831,1600,36.03,37.03,35.94,36.63
1010904,1600,36.51,37.5,35.35,35.47
1010905,1600,35.49,35.91,34.15,35.33
1010906,1600,34.74,35.52,33.78,33.9
1010907,1600,33.62,35.1,33.35,33.7
1010910,1600,33.49,34.32,33.34,34.1
1010917,1600,31.25,32.8,31.09,31.2
1010918,1600,31.53,32.5,30.37,30.5
1010919,1600,30.64,31.0,28.26,29.97
1010920,1600,29.3,30.09,28.8,28.97
1010921,1600,27.41,28.97,27.2,28.19
1010924,1600,29.08,30.0,28.59,29.61
1010925,1600,29.71,30.43,28.95,29.7
1010926,1600,29.95,30.0,28.41,28.67
1010927,1600,28.4,28.79,27.42,28.48
1010928,1600,28.84,29.92,28.31,28.98
1011001,1600,28.85,28.98,27.85,28.73
1011002,1600,28.65,29.41,28.4,28.82
1011003,1600,28.42,31.61,28.33,31.0
1011004,1600,31.65,33.2,30.94,31.3
1011005,1600,31.0,31.9,30.26,31.76
1011008,1600,31.13,32.35,30.96,31.86
1011009,1600,31.86,32.02,30.87,31.09
1011010,1600,30.87,32.54,30.75,32.5
1011011,1600,33.19,35.25,33.14,34.7
1011012,1600,34.33,34.8,33.14,34.55
1011015,1600,34.12,34.55,33.66,34.4
1011016,1600,34.66,35.1,34.07,34.96
1011017,1600,35.87,36.0,32.3,32.45
1011018,1600,32.7,33.54,32.4,33.33
1011019,1600,32.86,33.75,32.0,33.55
1011022,1600,33.44,34.5,33.22,34.45
1011023,1600,34.82,35.4,34.0,34.63
1011024,1600,34.6,35.68,34.32,35.38
1011025,1600,34.7,36.82,34.23,36.8
1011026,1600,36.5,37.06,36.01,36.01
1011029,1600,36.0,36.15,34.04,34.04
1011030,1600,33.71,34.09,32.84,33.38
1011031,1600,34.04,34.96,33.68,33.9
1011101,1600,34.44,35.56,33.78,35.34
1011102,1600,35.27,35.85,34.89,35.6
1011105,1600,36.26,37.16,36.16,36.76
1011106,1600,36.6,38.2,36.39,38.19
1011107,1600,37.61,38.84,37.5,38.14
1011108,1600,38.55,39.4,37.25,37.75
1011109,1600,37.59,38.08,37.12,37.73
1011112,1600,37.0,38.35,36.3,38.0
1011113,1600,39.03,39.5,38.63,39.36
1011114,1600,39.96,40.24,38.74,39.64
1011115,1600,39.16,40.11,38.95,39.48
1011116,1600,39.48,39.68,38.92,39.37
1011119,1600,39.79,40.49,39.49,40.49
1011120,1600,40.08,40.23,38.48,38.62
1011121,1600,38.47,38.95,37.98,38.42
1011123,1600,38.76,39.43,38.57,39.28
1011126,1600,39.58,40.36,39.01,40.25
1011127,1600,40.05,40.97,39.2,40.2
1011128,1600,39.73,40.37,38.69,38.75
1011129,1600,39.03,40.0,38.79,39.95
1011130,1600,39.73,40.04,39.36,39.65
1011203,1600,39.29,39.6,38.87,38.97
1011204,1600,39.34,40.84,38.44,40.83
1011205,1600,41.2,43.15,41.12,42.85
1011206,1600,42.7,43.24,42.36,42.91
1011207,1600,42.48,42.6,41.14,41.73
1011210,1600,41.32,42.23,40.88,41.0
1011211,1600,41.46,42.26,41.13,41.23
1011212,1600,41.5,41.94,40.6,41.56
1011213,1600,40.71,41.0,39.76,39.76
1011214,1600,39.87,40.46,39.57,40.11
1011217,1600,40.02,41.24,40.02,40.8
1011218,1600,41.16,41.5,40.16,41.26
1011219,1600,40.56,41.32,40.32,40.51
1011220,1600,40.1,40.3,38.68,38.79
1011221,1600,39.42,39.71,39.15,39.48
1011224,1600,39.54,39.63,39.15,39.32
1011226,1600,39.37,40.3,39.16,39.69
1011227,1600,39.85,40.2,39.6,40.01
1011228,1600,40.29,40.8,40.23,40.33
1011231,1600,40.31,40.45,38.91,38.91
1020102,1600,39.57,40.15,38.93,40.11
1020103,1600,40.31,41.55,40.26,41.5
1020104,1600,41.95,42.29,40.93,41.67
1020107,1600,42.11,42.22,40.11,41.21
1020108,1600,41.1,41.77,40.84,41.49
1020109,1600,42.04,42.6,40.9,41.11
1020110,1600,41.17,41.54,40.68,41.38
1020111,1600,41.35,41.6,40.47,40.85
1020114,1600,40.49,40.68,39.7,39.96
1020115,1600,40.03,40.75,39.56,40.34
1020116,1600,39.53,39.94,38.77,38.78
1020117,1600,39.48,39.97,39.01,39.65
1020118,1600,38.83,39.45,38.22,38.59
1020122,1600,39.0,39.02,37.33,37.4
1020123,1600,37.65,38.69,37.35,38.43
1020124,1600,38.94,39.51,38.77,38.94
1020125,1600,38.47,39.15,38.36,38.83
1020128,1600,39.15,39.39,38.42,39.05
1020129,1600,39.13,39.4,37.51,37.98
1020130,1600,38.0,38.85,36.85,38.27
1020131,1600,38.57,38.75,38.02,38.51
1020201,1600,38.4,38.88,37.7,38.14
1020204,1600,37.96,38.07,36.61,36.92
1020205,1600,36.59,37.33,36.19,36.31
1020206,1600,36.84,36.89,35.7,36.06
1020207,1600,35.99,36.55,35.0,35.19
1020208,1600,35.46,36.24,34.97,36.17
1020211,1600,36.14,36.8,35.98,36.63
1020212,1600,36.31,36.98,36.04,36.33
1020213,1600,36.72,37.15,36.61,36.95
1020214,1600,37.15,37.57,36.0,36.88
1020215,1600,36.83,36.91,35.64,35.78
1020219,1600,35.37,35.46,34.32,34.68
1020220,1600,34.9,35.17,33.93,35.15
1020221,1600,34.79,34.95,33.48,33.48
1020222,1600,33.61,34.2,33.09,33.65
1020225,1600,34.0,35.25,33.95,35.01
1020226,1600,35.23,35.43,34.37,34.88
1020227,1600,35.39,35.51,34.06,34.4
1020228,1600,34.51,34.97,33.75,33.78
1020301,1600,34.15,35.75,34.09,35.74
1020304,1600,35.7,37.23,35.4,37.15
1020305,1600,36.93,37.87,36.81,37.42
1020306,1600,37.08,37.95,36.6,37.6
1020307,1600,38.12,38.33,37.01,37.68
1020308,1600,38.23,39.03,38.13,38.67
1020311,1600,38.35,39.19,38.06,38.53
1020312,1600,37.57,38.0,37.32,38.0
1020313,1600,37.41,37.66,36.87,37.08
1020314,1600,37.06,37.4,36.73,36.86
1020315,1600,36.89,37.33,36.59,37.23
1020318,1600,37.63,37.94,37.05,37.44
1020319,1600,37.6,37.88,37.22,37.38
1020320,1600,36.87,37.08,36.04,36.06
1020321,1600,36.15,37.14,35.9,37.02
1020322,1600,36.94,37.14,36.47,36.68
1020325,1600,36.69,36.9,35.52,35.56
1020326,1600,35.42,36.42,35.4,35.89
1020327,1600,35.63,36.0,35.4,35.61
1020328,1600,36.02,36.37,35.9,36.06
1020401,1600,35.8,36.9,35.3,36.75
1020402,1600,35.98,36.15,35.0,35.09
1020403,1600,35.3,35.45,34.3,35.03
1020404,1600,34.5,35.16,34.28,34.76
1020405,1600,35.01,35.17,34.18,34.37
1020408,1600,33.47,34.8,33.42,34.8
1020409,1600,34.78,34.98,33.49,33.59
1020410,1600,33.76,34.25,33.13,33.84
1020411,1600,33.66,33.85,32.88,33.0
1020412,1600,33.32,33.8,32.95,33.52
1020415,1600,33.8,33.96,33.2,33.79
1020416,1600,34.43,35.22,34.41,35.2
1020417,1600,35.4,35.5,34.65,35.02
1020418,1600,34.78,35.15,34.0,34.35
1020419,1600,35.05,35.06,34.38,34.46
1020422,1600,34.01,34.01,33.25,33.59
1020423,1600,33.59,33.94,32.7,33.01
1020424,1600,33.21,33.31,32.2,32.5
1020425,1600,32.3,32.73,32.0,32.42
1020426,1600,32.66,32.78,31.01,31.04
1020429,1600,31.24,31.55,30.56,31.12
1020430,1600,31.03,32.19,30.94,31.73
1020501,1600,31.67,31.84,30.58,31.56
1020502,1600,31.39,31.99,30.46,30.51
1020503,1600,30.47,30.51,29.48,29.74
1020506,1600,29.63,29.98,28.85,28.97
1020507,1600,29.27,29.35,28.42,28.7
1020508,1600,30.13,31.88,30.0,31.77
1020509,1600,31.57,31.89,30.8,30.95
1020510,1600,31.01,31.09,29.5,29.56
1020513,1600,29.87,30.98,29.67,30.76
1020514,1600,32.05,32.65,31.87,32.57
1020515,1600,32.08,33.63,31.85,32.81
1020516,1600,32.54,33.05,32.22,32.86
1020517,1600,33.29,33.41,32.47,32.93
1020520,1600,32.6,32.7,31.94,32.21
1020521,1600,32.36,32.59,31.0,31.33
1020522,1600,30.97,31.59,30.41,31.4
1020523,1600,31.63,32.1,30.8,32.03
1020524,1600,31.59,31.69,31.01,31.24
1020528,1600,31.47,31.52,30.49,31.1
1020529,1600,30.66,30.9,30.24,30.28
1020530,1600,30.01,30.72,29.9,30.54
1020531,1600,30.76,31.04,30.0,30.04
1020603,1600,30.0,30.25,28.79,28.98
1020604,1600,28.75,29.68,28.61,29.36
1020605,1600,29.42,29.8,28.97,29.66
1020606,1600,29.51,29.51,27.9,28.88
1020607,1600,27.63,28.79,27.52,28.3
1020610,1600,28.36,28.75,28.14,28.25
1020611,1600,28.6,28.69,27.36,27.46
1020612,1600,27.24,27.96,26.83,27.86
1020613,1600,27.76,28.21,27.35,27.68
1020614,1600,26.86,27.72,26.2,27.62
1020617,1600,28.0,28.75,27.91,28.56
1020618,1600,28.31,29.15,28.28,29.02
1020619,1600,28.1,28.32,27.25,27.34
1020620,1600,27.27,27.45,25.67,26.46
1020621,1600,26.36,26.78,25.65,25.82
1020624,1600,25.45,26.8,25.21,26.33
1020625,1600,26.58,26.72,25.3,25.46
1020626,1600,24.43,25.78,24.39,25.65
1020627,1600,26.0,26.25,25.02,26.21
1020628,1600,26.05,26.75,25.85,26.1
1020701,1600,25.97,26.14,24.78,24.85
1020702,1600,24.6,24.75,23.09,23.95
1020703,1600,23.85,24.75,23.62,24.75
1020705,1600,25.26,26.39,25.05,26.34
1020708,1600,26.2,26.55,25.08,25.38
1020709,1600,25.25,25.48,24.59,24.66
1020710,1600,24.99,25.03,23.83,23.9
1020711,1600,23.76,24.89,23.53,24.8
1020712,1600,25.25,25.52,24.55,24.8
1020715,1600,24.68,25.64,23.75,25.57
1020716,1600,25.25,26.02,24.9,25.19
1020717,1600,26.07,26.44,24.89,25.65
1020718,1600,25.38,25.57,24.52,24.73
1020719,1600,24.33,24.71,23.8,23.99
1020722,1600,23.85,24.5,23.09,23.4
1020723,1600,23.45,23.75,22.28,22.4
1020724,1600,21.81,23.66,21.64,23.62
1020725,1600,23.25,23.4,21.8,22.25
1020726,1600,22.56,22.84,22.01,22.67
1020729,1600,23.27,24.12,23.08,23.83
1020730,1600,23.73,24.69,23.59,24.31
1020731,1600,24.0,24.19,23.36,23.85
1020801,1600,23.74,23.9,22.66,22.73
1020802,1600,22.78,22.84,21.82,22.25
1020805,1600,22.11,22.32,21.3,21.44
1020806,1600,21.8,23.01,21.79,22.5
1020807,1600,23.2,23.37,21.96,22.8
1020808,1600,22.75,23.6,22.3,23.57
1020809,1600,23.2,23.71,22.88,23.33
1020812,1600,23.05,23.48,22.9,23.4
1020813,1600,23.23,23.87,22.55,22.6
1020814,1600,22.67,24.2,22.47,24.04
1020815,1600,24.24,24.55,23.72,24.53
1020816,1600,24.13,25.0,23.73,24.7
1020819,1600,24.77,25.59,24.68,25.3
1020820,1600,25.18,25.43,24.85,25.19
1020821,1600,25.39,25.85,25.0,25.75
1020822,1600,25.74,26.21,25.42,26.16
1020823,1600,25.8,25.81,24.95,25.15
1020826,1600,25.3,25.39,24.61,25.25
1020827,1600,25.43,25.51,24.15,24.37
1020828,1600,24.02,24.09,23.39,23.48
1020829,1600,23.2,24.22,23.02,23.79
1020830,1600,23.62,24.0,23.38,23.49
1020903,1600,23.06,23.43,22.34,22.64
1020904,1600,22.5,23.02,22.24,22.73
1020905,1600,22.4,22.5,21.93,22.17
1020906,1600,22.66,23.22,22.6,22.85
1020909,1600,22.67,23.37,22.39,23.08
1020910,1600,23.23,23.67,23.03,23.65
1020911,1600,24.12,24.35,23.42,23.45
1020912,1600,23.23,23.26,22.71,22.81
1020913,1600,22.6,23.08,22.52,22.99
1020916,1600,22.86,23.0,22.37,22.66
1020917,1600,23.05,23.21,22.18,22.18
1020918,1600,22.01,22.55,21.78,21.93
1020919,1600,21.7,22.13,21.55,21.58
1020920,1600,21.83,21.9,21.48,21.67
1020923,1600,21.45,21.52,20.81,21.02
1020924,1600,20.68,21.45,20.65,21.03
1020925,1600,21.35,22.04,21.1,21.87
1020926,1600,22.16,22.33,21.37,21.6
1020927,1600,21.55,22.21,21.31,21.31
1020930,1600,21.07,21.24,20.49,20.72
1021001,1600,20.91,21.99,20.47,21.98
1021002,1600,21.51,21.97,20.97,21.25
1021003,1600,21.06,21.4,20.68,20.74
1021004,1600,20.94,21.02,20.11,20.35
1021007,1600,20.26,20.59,19.85,20.16
1021008,1600,20.28,20.61,19.76,20.2
1021009,1600,19.94,20.53,19.84,20.06
1021010,1600,20.1,21.21,19.91,21.08
1021011,1600,21.55,22.38,21.42,22.22
1021014,1600,21.87,22.5,21.78,22.48
1021015,1600,23.44,23.63,23.18,23.56
1021016,1600,22.71,23.16,22.07,22.78
1021017,1600,23.6,23.81,22.58,23.55
1021018,1600,23.28,23.85,22.93,23.81
1021021,1600,23.52,24.45,23.3,24.29
1021022,1600,23.73,24.34,23.65,24.14
1021023,1600,23.85,24.63,23.67,24.6
1021024,1600,24.68,24.86,23.92,23.98
1021025,1600,23.99,24.75,23.99,24.7
1021028,1600,25.0,25.04,24.17,24.49
1021029,1600,24.31,24.47,23.37,23.92
1021030,1600,24.06,24.79,23.85,24.56
1021031,1600,24.66,25.04,24.36,24.55
1021101,1600,24.37,25.4,24.14,25.25
1021104,1600,26.05,26.82,25.8,25.9
1021105,1600,25.71,26.17,25.56,26.1
1021106,1600,26.29,26.61,25.64,26.47
1021107,1600,25.99,26.1,25.31,25.54
1021108,1600,25.49,25.87,24.96,25.07
1021111,1600,24.95,25.02,24.15,24.31
1021112,1600,24.4,25.4,24.4,24.93
1021113,1600,24.7,25.7,24.49,25.23
1021114,1600,25.58,26.42,25.52,26.1
1021115,1600,25.9,26.45,25.75,26.44
1021118,1600,26.71,26.77,25.99,26.05
1021119,1600,25.8,26.05,25.3,25.65
1021120,1600,25.56,26.75,25.54,26.74
1021121,1600,26.93,27.84,26.75,27.73
1021122,1600,27.37,27.94,27.32,27.72
1021125,1600,27.76,28.2,27.54,27.99
1021126,1600,27.78,27.87,26.9,27.05
1021127,1600,27.53,28.2,27.48,27.91
1021129,1600,28.21,28.29,27.22,27.72
1021202,1600,28.42,28.79,27.57,28.0
1021203,1600,27.55,27.58,26.93,27.17
1021204,1600,26.56,26.95,26.21,26.57
1021205,1600,26.95,27.0,26.13,26.2
1021206,1600,25.81,26.72,25.74,26.47
1021209,1600,26.22,26.55,25.2,25.22
1021210,1600,25.42,25.95,25.35,25.6
1021211,1600,25.44,26.07,25.32,25.72
1021212,1600,26.0,26.69,25.56,25.86
1021213,1600,25.52,25.57,25.01,25.04
1021216,1600,25.22,25.96,25.07,25.85
1021217,1600,25.81,26.2,25.66,25.93
1021218,1600,25.55,25.6,25.05,25.38
1021219,1600,25.17,25.78,24.81,25.06
1021220,1600,25.33,25.45,25.07,25.32
1021223,1600,25.18,25.76,25.13,25.67
1021224,1600,25.5,25.73,25.32,25.35
1021226,1600,25.53,25.91,25.17,25.28
1021227,1600,25.18,25.85,24.75,24.82
1021230,1600,24.84,24.97,24.36,24.63
1021231,1600,24.54,24.71,24.28,24.37
1030102,1600,24.72,25.55,24.45,25.4
1030103,1600,25.46,25.71,25.28,25.68
1030106,1600,25.71,26.59,25.2,26.32
1030107,1600,26.41,26.93,26.25,26.65
1030108,1600,26.39,26.97,25.84,25.9
1030109,1600,26.24,26.98,26.22,26.7
1030110,1600,26.35,27.26,26.22,27.1
1030113,1600,27.33,27.47,26.73,26.94
1030114,1600,26.91,27.32,26.85,27.08
1030115,1600,27.24,27.35,26.58,26.74
1030116,1600,26.79,26.98,26.25,26.44
1030117,1600,25.9,25.94,25.27,25.31
1030121,1600,25.41,25.55,25.02,25.03
1030122,1600,24.96,25.53,24.87,24.93
1030123,1600,25.4,25.84,25.11,25.51
1030124,1600,25.53,25.53,24.64,24.82
1030127,1600,24.45,25.03,24.37,24.53
1030128,1600,24.77,25.05,24.42,24.78
1030129,1600,24.76,25.45,24.34,25.15
1030130,1600,25.32,25.42,24.49,24.5
1030131,1600,24.06,24.76,24.01,24.44
1030203,1600,24.52,24.79,24.38,24.49
1030204,1600,24.18,24.3,23.82,24.19
1030205,1600,24.33,24.86,24.01,24.08
1030206,1600,24.04,24.35,23.86,24.21
1030207,1600,24.36,24.45,23.65,23.81
1030210,1600,23.89,24.25,23.62,24.02
1030211,1600,24.25,24.61,23.92,24.15
1030212,1600,24.07,24.33,23.78,23.82
1030213,1600,23.85,23.98,23.32,23.94
1030214,1600,23.83,24.5,23.62,24.49
1030218,1600,24.7,25.34,24.68,25.25
1030219,1600,25.2,25.24,24.71,25.08
1030220,1600,25.15,25.27,24.84,24.98
1030221,1600,24.93,25.37,24.51,25.17
1030224,1600,25.13,25.21,24.71,24.74
1030225,1600,24.45,24.95,24.08,24.77
1030226,1600,24.68,24.94,24.2,24.22
1030227,1600,24.42,24.92,24.27,24.77
1030228,1600,24.81,25.22,24.72,25.16
1030303,1600,25.27,25.48,24.56,24.65
1030304,1600,24.66,24.77,24.42,24.5
1030305,1600,24.4,24.78,24.32,24.55
1030306,1600,24.43,24.68,24.23,24.49
1030307,1600,24.08,24.69,23.96,24.54
1030310,1600,24.33,24.45,23.91,24.01
1030311,1600,24.06,24.24,23.78,23.8
1030312,1600,23.76,24.24,23.54,24.23
1030313,1600,24.64,25.65,24.4,25.62
1030314,1600,25.73,25.98,25.36,25.72
1030317,1600,25.43,26.8,25.35,26.6
1030318,1600,26.8,26.97,26.42,26.93
1030319,1600,26.85,26.95,26.33,26.7
1030320,1600,26.54,27.14,26.17,26.8
1030321,1600,27.21,27.38,26.2,27.17
1030324,1600,26.47,26.6,25.97,26.04
1030325,1600,26.15,26.76,26.01,26.41
1030326,1600,26.5,26.77,26.36,26.56
1030327,1600,26.27,26.65,26.1,26.37
1030328,1600,26.14,26.43,25.95,26.08
1030331,1600,25.6,25.73,25.21,25.25
1030401,1600,25.44,25.67,25.25,25.45
1030402,1600,26.06,26.56,26.03,26.15
1030403,1600,26.64,26.85,26.31,26.48
1030404,1600,26.57,26.6,25.97,26.05
1030407,1600,27.11,27.2,26.07,26.09
1030408,1600,26.15,26.29,25.88,26.06
1030409,1600,26.1,26.28,25.41,25.46
1030410,1600,25.46,25.77,25.3,25.77
1030411,1600,26.02,26.16,25.36,25.51
1030414,1600,25.6,26.14,25.49,26.03
1030415,1600,25.97,26.46,25.85,26.28
1030416,1600,26.65,26.83,26.12,26.22
1030417,1600,26.16,26.98,26.15,26.82
1030421,1600,26.94,27.1,26.62,26.92
1030422,1600,26.73,27.46,26.65,27.43
1030423,1600,27.5,27.75,27.26,27.63
1030424,1600,27.36,27.75,27.27,27.48
1030425,1600,27.32,27.42,26.86,26.95
1030428,1600,27.05,27.63,26.95,27.48
1030429,1600,27.64,28.06,27.41,27.73
1030430,1600,27.65,27.79,27.43,27.45
1030501,1600,27.44,27.87,27.19,27.69
1030502,1600,27.61,28.29,27.57,28.28
1030505,1600,28.33,28.71,28.17,28.25
1030506,1600,28.22,28.9,28.21,28.61
1030507,1600,28.41,28.69,28.12,28.29
1030508,1600,27.85,28.19,27.76,27.77
1030509,1600,28.04,28.48,28.0,28.41
1030512,1600,28.36,28.96,28.17,28.84
1030513,1600,28.63,28.99,28.54,28.66
1030514,1600,28.87,28.97,28.36,28.6
1030515,1600,28.75,28.98,28.56,28.92
1030516,1600,28.73,28.94,28.48,28.7
1030519,1600,28.52,28.68,27.61,27.69
1030520,1600,27.76,27.96,27.41,27.77
1030521,1600,27.65,27.75,27.44,27.69
1030522,1600,27.76,28.32,27.62,28.09
1030523,1600,28.04,28.25,27.95,28.1
1030527,1600,27.93,29.22,27.9,29.1
1030528,1600,29.16,29.4,28.96,29.19
1030529,1600,29.23,29.8,29.16,29.31
1030530,1600,29.53,29.87,29.45,29.79
1030602,1600,30.08,30.2,29.31,29.58
1030603,1600,29.44,29.88,29.33,29.86
1030604,1600,29.81,30.58,29.72,30.42
1030605,1600,30.13,30.68,29.97,30.64
1030606,1600,31.21,31.47,30.04,30.13
1030609,1600,30.0,30.22,29.53,29.73
1030610,1600,29.86,30.2,29.68,30.18
1030611,1600,30.07,30.64,29.8,30.52
1030612,1600,30.64,30.75,30.26,30.65
1030613,1600,30.66,30.73,29.86,29.96
1030616,1600,30.17,30.9,30.0,30.88
1030617,1600,31.02,31.11,30.56,30.76
1030618,1600,30.66,31.23,30.45,30.92
1030619,1600,30.98,31.24,30.38,30.42
1030620,1600,30.69,30.78,30.25,30.38
1030623,1600,30.33,30.37,29.56,29.91
1030624,1600,29.73,30.13,29.53,29.68
1030625,1600,29.67,30.18,29.47,29.52
1030626,1600,29.71,30.28,29.61,30.22
1030627,1600,30.25,30.57,29.77,29.83
1030630,1600,30.16,30.34,29.8,29.95
1030701,1600,29.7,30.38,29.26,30.35
1030702,1600,30.41,30.99,30.38,30.97
1030703,1600,30.7,31.1,30.47,30.58
1030707,1600,30.97,31.9,30.96,31.89
1030708,1600,31.78,32.31,31.62,32.28
1030709,1600,32.18,32.49,31.93,32.2
1030710,1600,31.85,31.99,31.33,31.6
1030711,1600,31.65,31.99,31.61,31.84
1030714,1600,32.34,32.75,32.07,32.22
1030715,1600,32.53,32.65,31.94,32.26
1030716,1600,32.46,32.5,31.73,32.16
1030717,1600,31.68,31.84,31.04,31.18
1030718,1600,31.4,31.55,30.92,31.28
1030721,1600,31.24,31.3,30.61,30.88
1030722,1600,31.11,31.5,30.86,31.34
1030723,1600,31.39,31.64,30.99,31.6
1030724,1600,31.85,32.02,31.08,31.18
1030725,1600,31.13,31.84,30.77,31.8
1030728,1600,31.86,31.99,31.6,31.89
1030729,1600,31.93,32.02,31.24,31.65
1030730,1600,31.71,31.74,31.33,31.42
1030731,1600,31.79,32.33,31.52,31.8
1030801,1600,31.69,31.79,31.3,31.46
1030804,1600,31.42,31.8,30.84,31.45
1030805,1600,31.41,31.48,30.1,30.21
1030806,1600,30.36,30.77,30.1,30.19
1030807,1600,30.22,30.51,30.02,30.31
1030808,1600,30.43,30.55,29.93,30.07
1030811,1600,30.08,30.6,30.03,30.4
1030812,1600,30.51,30.9,30.33,30.86
1030813,1600,30.98,31.07,30.65,30.87
1030814,1600,30.88,31.19,30.67,30.9
1030815,1600,31.0,31.29,30.93,31.17
1030818,1600,31.31,32.01,31.23,31.97
1030819,1600,32.11,32.38,31.85,32.37
1030820,1600,32.1,32.52,32.02,32.29
1030821,1600,32.59,32.82,32.27,32.64
1030822,1600,33.26,33.37,32.38,32.44
1030825,1600,32.36,32.54,32.21,32.51
1030826,1600,32.28,32.59,31.81,32.54
1030827,1600,32.49,32.83,32.37,32.8
1030828,1600,32.94,33.12,32.52,33.09
1030829,1600,33.04,33.46,32.98,33.39
1030902,1600,33.49,33.89,33.13,33.87
1030903,1600,34.1,34.2,33.65,33.85
1030904,1600,33.83,34.22,33.7,34.16
1030905,1600,33.97,34.34,33.67,33.94
1030908,1600,34.0,34.53,33.95,34.5
1030909,1600,34.32,34.39,33.92,34.09
1030910,1600,33.75,33.89,33.11,33.27
1030911,1600,33.28,33.78,33.01,33.64
1030912,1600,33.34,33.84,33.05,33.82
1030915,1600,33.84,33.91,33.44,33.49
1030916,1600,33.52,34.43,33.52,34.4
1030917,1600,34.33,34.5,34.03,34.26
1030918,1600,34.17,34.86,34.0,34.78
1030919,1600,34.79,34.86,34.36,34.58
1030922,1600,34.13,34.2,33.77,33.92
1030923,1600,33.97,34.56,33.91,34.52
1030924,1600,34.51,34.52,33.17,33.22
1030925,1600,33.38,33.74,32.76,32.79
1030926,1600,32.89,33.17,32.52,32.58
1030929,1600,32.76,33.17,32.45,33.14
1030930,1600,32.92,32.96,32.36,32.42
1031001,1600,32.61,33.23,32.42,33.15
1031002,1600,33.1,33.43,32.93,33.26
1031003,1600,33.85,34.47,33.82,34.19
1031006,1600,34.28,34.45,34.06,34.44
1031007,1600,34.16,34.65,34.01,34.65
1031008,1600,34.81,34.84,34.22,34.43
1031009,1600,34.91,35.27,34.43,34.69
1031010,1600,34.77,35.03,34.64,35.01
1031013,1600,35.14,35.37,34.92,35.24
1031014,1600,35.1,35.43,34.96,35.33
1031015,1600,35.8,35.85,35.03,35.18
1031016,1600,35.1,35.53,35.06,35.46
1031017,1600,35.41,35.49,34.6,34.61
1031020,1600,34.65,35.08,34.5,35.04
1031021,1600,35.14,35.45,34.94,35.25
1031022,1600,34.89,34.93,34.44,34.57
1031023,1600,34.15,34.51,34.05,34.17
1031024,1600,33.79,34.23,33.49,34.2
1031027,1600,34.28,34.45,34.04,34.21
1031028,1600,34.43,35.41,34.37,35.36
1031029,1600,35.2,35.41,35.07,35.32
1031030,1600,35.81,36.0,35.14,35.39
1031031,1600,35.44,35.49,35.06,35.18
1031103,1600,35.43,35.98,35.36,35.76
1031104,1600,35.69,35.87,35.45,35.52
1031105,1600,35.52,35.89,35.15,35.84
1031106,1600,35.79,35.97,35.34,35.94
1031107,1600,36.08,36.18,35.6,35.63
1031110,1600,35.7,35.74,35.09,35.19
1031111,1600,35.15,35.3,34.85,35.06
1031112,1600,35.17,35.96,35.14,35.81
1031113,1600,35.71,35.9,35.55,35.77
1031114,1600,35.81,36.02,34.95,35.04
1031117,1600,34.84,34.91,34.26,34.68
1031118,1600,34.87,34.97,33.82,33.88
1031119,1600,34.01,34.4,33.88,34.21
1031120,1600,33.92,34.68,33.81,33.88
1031121,1600,34.08,34.26,33.73,34.23
1031124,1600,34.52,35.25,34.47,35.18
1031125,1600,35.29,35.45,35.09,35.18
1031126,1600,35.4,35.52,34.81,35.34
1031128,1600,35.26,35.5,35.21,35.38
1031201,1600,35.71,36.01,35.47,35.9
1031202,1600,35.82,36.05,35.58,35.7
1031203,1600,35.84,36.12,35.25,35.25
1031204,1600,35.38,35.71,35.08,35.63
1031205,1600,35.27,35.5,34.96,35.04
1031208,1600,35.02,35.33,34.78,35.24
1031209,1600,35.44,35.46,34.35,34.43
1031210,1600,34.5,34.7,34.13,34.56
1031211,1600,34.5,35.39,34.49,35.3
1031212,1600,35.31,35.34,34.9,35.24
1031215,1600,35.93,35.99,34.65,34.78
1031216,1600,34.79,35.02,34.42,34.85
1031217,1600,34.81,35.0,34.57,34.91
1031218,1600,34.95,35.64,34.95,35.56
1031219,1600,35.61,35.65,35.2,35.46
1031222,1600,35.35,35.68,35.29,35.57
1031223,1600,35.6,36.02,35.53,35.84
1031224,1600,35.84,36.02,35.8,35.9
1031226,1600,35.96,36.09,35.82,35.85
1031229,1600,36.03,36.53,36.02,36.44
1031230,1600,36.53,36.58,36.3,36.56
1031231,1600,36.62,36.64,36.25,36.46
1040102,1600,36.66,36.79,36.22,36.36
1040105,1600,36.58,37.16,36.56,37.09
1040106,1600,37.08,37.42,36.95,37.34
1040107,1600,37.28,37.68,37.07,37.68
1040108,1600,37.85,38.0,37.6,37.98
1040109,1600,37.71,38.35,37.59,37.73
1040112,1600,37.85,38.35,37.68,38.33
1040113,1600,38.27,38.36,37.6,37.95
1040114,1600,38.08,38.25,37.75,38.08
1040115,1600,37.93,38.46,37.63,38.18
1040116,1600,38.38,38.63,38.17,38.57
1040120,1600,38.73,39.0,38.31,38.54
1040121,1600,38.39,38.66,38.0,38.38
1040122,1600,38.55,38.69,38.06,38.15
1040123,1600,38.21,38.46,37.78,38.01
1040126,1600,37.98,38.65,37.84,38.59
1040127,1600,38.51,38.63,37.69,37.74
1040128,1600,37.94,38.06,37.0,37.1
1040129,1600,37.24,37.31,36.66,37.24
1040130,1600,37.2,37.44,36.97,37.07
1040202,1600,37.2,37.48,36.82,36.97
1040203,1600,36.91,37.24,36.84,36.93
1040204,1600,36.62,36.86,36.33,36.33
1040205,1600,36.51,36.71,36.33,36.47
1040206,1600,36.6,37.28,36.53,37.13
1040209,1600,37.34,37.38,37.05,37.12
1040210,1600,37.06,37.41,37.03,37.18
1040211,1600,37.24,37.67,37.07,37.58
1040212,1600,37.52,37.7,37.24,37.25
1040213,1600,37.39,37.97,36.76,36.94
1040217,1600,37.28,37.62,37.22,37.44
1040218,1600,37.51,37.67,37.32,37.55
1040219,1600,37.87,37.9,36.82,36.98
1040220,1600,37.0,37.14,36.55,36.86
1040223,1600,37.0,37.03,36.11,36.45
1040224,1600,36.3,36.65,36.1,36.36
1040225,1600,36.43,36.67,36.33,36.58
1040226,1600,36.47,36.84,36.31,36.67
1040227,1600,36.76,36.94,36.27,36.57
1040301,1600,36.68,37.07,36.47,37.05
1040302,1600,36.98,37.18,36.61,36.62
1040303,1600,36.51,36.63,36.21,36.42
1040304,1600,36.44,36.83,36.39,36.76
1040305,1600,36.42,37.15,36.36,36.63
1040308,1600,36.69,36.82,35.73,35.77
1040309,1600,35.81,35.98,35.52,35.66
1040310,1600,35.75,36.0,35.13,35.19
1040311,1600,35.07,35.53,34.8,34.87
1040312,1600,35.18,35.59,35.15,35.51
1040315,1600,35.36,35.4,34.81,34.89
1040316,1600,35.11,35.25,34.63,34.95
1040317,1600,35.21,35.62,35.18,35.5
1040318,1600,35.37,35.46,34.97,35.34
1040319,1600,35.28,35.46,34.72,34.75
1040322,1600,34.53,34.55,34.03,34.31
1040323,1600,34.59,34.65,34.01,34.03
1040324,1600,34.15,34.63,34.01,34.42
1040325,1600,34.65,35.46,34.62,35.34
1040326,1600,35.3,35.58,35.2,35.22
1040329,1600,35.51,35.96,35.49,35.79
1040330,1600,35.67,35.94,35.52,35.91
1040331,1600,35.92,36.0,35.61,35.84
1040401,1600,35.81,36.25,35.78,36.16
1040402,1600,36.89,37.16,36.52,37.1
1040405,1600,37.01,37.5,36.97,37.45
1040406,1600,37.16,37.25,36.92,36.98
1040407,1600,36.99,37.11,36.66,36.94
1040408,1600,37.35,37.39,36.74,36.94
1040412,1600,37.02,37.24,36.98,37.17
1040413,1600,37.34,37.36,36.46,36.63
1040414,1600,36.41,36.95,36.36,36.81
1040415,1600,36.75,36.86,36.02,36.15
1040416,1600,36.2,36.32,35.79,36.09
1040419,1600,36.01,36.59,35.98,36.53
1040420,1600,36.61,36.79,35.64,35.68
1040421,1600,35.9,36.11,35.65,35.99
1040422,1600,36.0,37.01,35.98,36.92
1040423,1600,37.08,37.26,36.9,37.21
1040426,1600,37.18,37.29,36.65,36.94
1040427,1600,36.95,37.19,36.69,36.87
1040428,1600,36.71,36.72,36.02,36.2
1040429,1600,36.09,36.34,35.3,35.64
1040430,1600,35.66,35.8,34.72,34.77
1040503,1600,35.0,35.52,34.89,35.1
1040504,1600,35.21,35.75,35.03,35.25
1040505,1600,35.42,35.7,35.2,35.53
1040506,1600,35.23,35.44,34.85,35.26
1040507,1600,35.09,35.64,34.91,34.97
1040510,1600,34.67,34.9,34.42,34.67
1040511,1600,34.97,35.38,34.92,35.19
1040512,1600,35.12,35.29,34.27,35.26
1040513,1600,35.06,35.45,34.92,35.01
1040514,1600,35.2,35.31,34.64,34.75
1040517,1600,34.38,34.66,34.11,34.42
1040518,1600,34.66,34.9,34.6,34.73
1040519,1600,35.16,35.51,34.63,34.69
1040520,1600,34.78,35.02,34.56,34.85
1040521,1600,35.01,35.17,34.74,35.02
1040524,1600,35.3,35.46,35.0,35.26
1040525,1600,35.15,36.08,34.95,35.96
1040526,1600,35.86,36.19,35.81,36.19
1040527,1600,36.29,36.5,36.06,36.42
1040528,1600,36.38,36.55,36.21,36.55
1040601,1600,36.27,36.55,36.11,36.5
1040602,1600,36.56,36.66,36.17,36.42
1040603,1600,36.3,36.36,35.82,35.98
1040604,1600,36.34,36.62,36.17,36.19
1040607,1600,36.44,37.1,36.34,37.05
1040608,1600,36.9,37.19,36.85,37.1
1040609,1600,36.98,37.05,36.5,36.58
1040610,1600,36.69,36.84,36.55,36.84
1040614,1600,36.61,36.61,36.1,36.32
1040615,1600,36.56,36.99,36.56,36.79
1040616,1600,36.77,36.9,36.65,36.73
1040617,1600,36.65,36.66,36.25,36.39
1040618,1600,36.3,36.84,36.26,36.44
1040621,1600,36.52,36.63,36.06,36.15
1040622,1600,36.16,36.7,36.02,36.68
1040623,1600,36.57,37.19,36.51,37.12
1040624,1600,37.02,37.35,36.92,37.05
1040625,1600,37.0,37.39,36.98,37.33
1040628,1600,37.49,37.52,36.9,37.02
1040629,1600,37.1,37.59,37.08,37.37
1040630,1600,37.45,37.9,37.35,37.74
1040701,1600,37.66,37.66,36.77,37.04
1040702,1600,37.04,37.05,36.63,36.82
1040706,1600,36.6,36.6,35.83,36.03
1040707,1600,35.96,36.29,35.92,36.1
1040708,1600,35.81,36.13,35.55,35.7
1040709,1600,35.84,36.04,35.63,35.75
1040712,1600,35.57,35.69,35.24,35.6
1040713,1600,35.68,35.81,35.41,35.55
1040714,1600,35.2,35.65,35.05,35.19
1040715,1600,35.32,35.49,35.06,35.07
1040716,1600,35.43,35.45,34.62,34.67
1040719,1600,34.78,34.97,34.47,34.6
1040720,1600,34.74,35.59,34.71,35.43
1040721,1600,35.57,35.65,34.34,34.4
1040722,1600,34.48,35.11,34.25,34.87
1040723,1600,34.62,34.66,34.03,34.21
1040726,1600,34.24,34.41,33.7,34.06
1040727,1600,34.19,34.71,34.04,34.53
1040728,1600,34.41,34.63,33.81,34.38
1040729,1600,34.71,34.92,34.5,34.78
1040730,1600,34.76,35.1,34.65,34.89
1040802,1600,34.61,35.02,34.46,34.96
1040803,1600,34.84,34.93,34.19,34.23
1040804,1600,34.15,34.46,34.01,34.24
1040805,1600,34.35,34.4,33.6,33.6
1040806,1600,33.4,33.41,32.66,32.72
1040809,1600,32.81,32.96,32.65,32.8
1040810,1600,32.96,33.48,32.92,33.21
1040811,1600,32.85,33.04,32.55,32.92
1040812,1600,32.69,32.86,32.37,32.47
1040813,1600,32.65,32.74,32.35,32.52
1040816,1600,32.61,33.19,32.59,32.89
1040817,1600,33.12,33.44,32.99,33.26
1040818,1600,33.06,33.91,33.01,33.85
1040819,1600,33.73,33.85,33.41,33.67
1040820,1600,33.57,34.14,33.51,34.01
1040823,1600,34.05,34.27,33.91,34.09
1040824,1600,34.25,34.31,33.81,34.08
1040825,1600,34.07,34.6,33.9,34.55
1040826,1600,34.46,34.55,34.31,34.4
1040827,1600,34.47,34.68,34.44,34.56
1040830,1600,34.41,34.43,33.94,33.98
1040831,1600,34.02,34.12,33.65,34.02
1040901,1600,33.93,34.47,33.8,34.27
1040902,1600,34.18,34.88,34.16,34.78
1040903,1600,34.44,34.67,34.05,34.14
1040907,1600,34.4,34.61,34.12,34.43
1040908,1600,34.31,34.68,34.18,34.3
1040909,1600,34.45,34.75,34.14,34.59
1040910,1600,34.61,35.19,34.47,35.12
1040913,1600,35.25,35.72,35.14,35.58
1040914,1600,35.45,35.72,35.36,35.63
1040915,1600,35.42,35.45,35.12,35.25
1040916,1600,35.26,35.57,35.13,35.32
1040917,1600,35.23,35.52,35.16,35.43
1040920,1600,35.29,35.77,35.18,35.43
1040921,1600,35.54,35.85,35.42,35.57
1040922,1600,35.44,35.46,34.87,34.95
1040923,1600,34.98,35.15,34.88,34.92
1040924,1600,34.99,35.19,34.75,34.8
1040927,1600,34.62,34.74,34.38,34.5
1040928,1600,34.55,34.69,34.23,34.57
1040929,1600,34.54,35.12,34.53,35.08
1040930,1600,35.02,35.27,34.89,35.14
1041001,1600,35.45,36.15,35.36,36.1
1041004,1600,36.36,36.62,36.25,36.31
1041005,1600,36.23,36.49,36.16,36.36
1041006,1600,36.31,36.69,36.11,36.65
1041007,1600,36.54,36.67,36.17,36.24
1041008,1600,36.08,36.24,35.5,35.58
1041011,1600,35.72,35.86,35.6,35.75
1041012,1600,35.43,35.84,35.2,35.69
1041013,1600,36.05,36.14,35.43,35.61
1041014,1600,35.69,35.78,35.33,35.45
1041015,1600,35.49,35.86,35.28,35.63
1041018,1600,35.51,36.25,35.4,36.14
1041019,1600,36.38,36.57,35.79,35.88
1041020,1600,35.83,36.23,35.65,36.05
1041021,1600,36.24,36.79,36.1,36.6
1041022,1600,36.61,36.68,35.74,35.8
1041025,1600,35.73,35.81,35.49,35.63
1041026,1600,35.65,35.84,35.41,35.82
1041027,1600,35.84,36.89,35.71,36.73
1041028,1600,36.68,37.12,36.57,36.96
1041029,1600,36.91,37.24,36.67,36.9
1041101,1600,36.98,37.18,36.8,37.04
1041102,1600,37.09,37.55,37.02,37.16
1041103,1600,37.76,37.9,37.15,37.41
1041104,1600,37.26,37.78,37.11,37.62
1041105,1600,38.02,38.16,37.61,37.96
1041108,1600,37.95,38.1,37.85,38.0
1041109,1600,37.93,38.15,37.81,37.92
1041110,1600,37.93,38.06,37.65,37.79
1041111,1600,37.91,38.38,37.86,38.29
1041112,1600,38.34,38.76,38.17,38.66
1041115,1600,38.64,38.86,38.5,38.83
1041116,1600,38.66,38.68,38.32,38.59
1041117,1600,38.83,39.32,38.83,39.11
1041118,1600,38.98,39.36,38.89,39.29
1041119,1600,39.24,39.29,38.59,38.68
1041122,1600,38.61,39.07,38.48,39.05
1041123,1600,39.01,39.15,38.61,38.99
1041124,1600,39.09,39.39,39.07,39.33
1041126,1600,39.37,39.48,39.17,39.21
1041129,1600,39.46,39.64,38.97,39.2
1041130,1600,39.3,39.39,39.06,39.12
1041201,1600,39.27,39.96,39.27,39.92
1041202,1600,39.82,40.39,39.76,40.07
1041203,1600,40.35,40.59,40.08,40.13
1041206,1600,40.12,40.43,39.91,40.27
1041207,1600,40.35,40.5,39.53,39.58
1041208,1600,39.6,39.98,39.5,39.81
1041209,1600,39.49,40.19,39.24,40.05
1041210,1600,39.84,40.07,39.74,39.93
1041213,1600,40.23,40.34,39.98,40.28
1041214,1600,40.28,40.59,40.25,40.48
1041215,1600,40.49,40.68,40.15,40.33
1041216,1600,40.34,40.45,39.82,39.95
1041217,1600,39.64,39.81,39.43,39.47
1041220,1600,39.57,39.77,39.09,39.2
1041221,1600,39.39,39.71,39.28,39.68
1041222,1600,39.54,39.93,39.49,39.73
1041223,1600,39.61,39.91,39.54,39.76
1041227,1600,39.98,40.02,39.4,39.59
1041228,1600,39.67,40.0,39.61,39.97
1041229,1600,39.92,40.16,39.9,40.02
1041230,1600,40.07,40.12,39.93,39.99
1041231,1600,40.03,40.12,39.78,39.92
1050103,1600,40.09,40.29,39.37,39.5
1050104,1600,39.67,39.74,38.55,38.78
1050105,1600,38.68,38.96,38.47,38.54
1050106,1600,38.63,38.71,38.34,38.35
1050107,1600,38.56,38.87,38.21,38.55
1050110,1600,38.44,38.87,38.39,38.53
1050111,1600,38.37,38.5,38.07,38.26
1050112,1600,38.43,38.6,38.01,38.58
1050113,1600,38.58,38.85,38.01,38.07
1050114,1600,38.2,38.52,38.19,38.43
1050118,1600,38.28,38.79,38.22,38.72
1050119,1600,38.73,38.75,38.06,38.08
1050120,1600,37.65,37.81,37.32,37.35
1050121,1600,37.48,37.55,36.99,37.05
1050124,1600,37.12,37.2,36.46,36.53
1050125,1600,36.77,37.09,36.66,36.71
1050126,1600,36.96,37.29,36.82,37.15
1050127,1600,37.09,37.27,36.87,37.1
1050128,1600,37.22,37.27,36.62,36.92
1050131,1600,37.36,37.53,37.26,37.4
1050201,1600,37.49,37.65,37.37,37.52
1050202,1600,37.64,37.73,37.31,37.58
1050203,1600,37.38,37.41,37.0,37.15
1050204,1600,37.15,37.82,37.15,37.75
1050207,1600,37.8,37.91,37.52,37.67
1050208,1600,37.66,38.01,37.62,37.74
1050209,1600,37.77,37.8,37.06,37.11
1050210,1600,37.26,37.32,36.88,37.15
1050211,1600,37.03,37.85,36.93,37.7
1050214,1600,37.7,37.94,37.69,37.87
1050215,1600,37.9,38.48,37.82,38.12
1050216,1600,38.03,38.16,37.83,37.98
1050217,1600,38.05,38.14,37.43,37.47
1050218,1600,37.48,37.57,37.26,37.35
1050222,1600,37.03,37.55,36.79,36.89
1050223,1600,37.04,37.07,36.7,36.94
1050224,1600,36.85,37.44,36.76,37.41
1050225,1600,37.38,37.7,37.29,37.62
1050228,1600,37.46,37.6,36.92,37.22
1050301,1600,37.37,37.7,37.33,37.63
1050302,1600,37.41,38.02,37.36,37.61
1050303,1600,37.71,37.73,37.02,37.3
1050304,1600,37.6,37.75,37.4,37.52
1050307,1600,37.6,38.29,37.56,38.06
1050308,1600,38.01,38.21,37.65,37.68
1050309,1600,37.67,37.93,37.47,37.57
1050310,1600,37.61,37.67,37.08,37.52
1050311,1600,37.69,37.82,37.02,37.17
1050314,1600,37.24,37.36,37.03,37.34
1050315,1600,37.42,37.48,36.99,37.04
1050316,1600,36.91,37.18,36.53,36.62
1050317,1600,36.61,36.89,36.54,36.71
1050318,1600,36.75,36.79,36.35,36.51
1050321,1600,36.6,36.75,36.25,36.58
1050322,1600,36.61,36.75,36.11,36.13
1050323,1600,36.09,36.49,36.07,36.26
1050324,1600,36.39,36.65,36.27,36.27
1050328,1600,36.41,36.61,36.31,36.34
1050329,1600,36.27,36.58,35.94,36.05
1050330,1600,36.23,36.78,36.22,36.73
1050331,1600,36.73,36.75,36.44,36.57
1050401,1600,36.82,36.88,36.13,36.2
1050404,1600,36.25,36.6,36.03,36.46
1050405,1600,36.49,36.67,36.42,36.56
1050406,1600,36.66,36.91,36.42,36.5
1050407,1600,36.53,36.95,36.51,36.94
1050408,1600,37.0,37.07,36.6,36.64
1050411,1600,36.75,36.78,36.4,36.48
1050412,1600,36.44,36.74,35.91,36.66
1050413,1600,36.56,36.6,35.98,36.06
1050414,1600,36.06,36.1,35.5,35.55
1050415,1600,35.24,35.37,34.68,34.74
1050418,1600,34.71,35.0,34.64,34.75
1050419,1600,35.02,35.1,34.75,34.99
1050420,1600,35.21,35.29,34.59,34.7
1050421,1600,35.12,35.71,34.96,35.62
1050422,1600,35.46,35.47,34.82,35.09
1050425,1600,35.3,35.46,35.15,35.38
1050426,1600,35.29,35.7,35.04,35.05
1050427,1600,34.87,35.25,34.73,35.1
1050428,1600,34.92,35.15,34.72,34.75
1050429,1600,35.0,35.06,34.35,34.98
1050502,1600,35.1,35.26,34.89,35.12
1050503,1600,35.05,35.43,35.03,35.3
1050504,1600,35.29,35.83,35.24,35.73
1050505,1600,35.75,35.92,35.53,35.76
1050506,1600,35.97,36.02,35.72,35.86
1050509,1600,35.87,36.06,35.66,36.03
1050510,1600,35.86,35.96,35.62,35.77
1050511,1600,35.82,36.03,35.3,35.95
1050512,1600,36.03,36.2,35.66,35.85
1050513,1600,35.99,36.47,35.89,36.24
1050516,1600,36.24,36.54,36.13,36.48
1050517,1600,36.35,36.74,36.21,36.7
1050518,1600,36.8,37.36,36.71,37.2
1050519,1600,37.29,37.52,37.2,37.51
1050520,1600,37.45,37.69,37.35,37.66
1050523,1600,37.66,37.99,37.6,37.85
1050524,1600,37.76,38.0,37.7,37.97
1050525,1600,37.84,37.88,37.59,37.81
1050526,1600,37.98,38.27,37.98,38.19
1050527,1600,38.14,38.25,38.02,38.21
1050531,1600,38.19,38.24,37.92,38.08
1050601,1600,38.03,38.68,38.02,38.39
1050602,1600,38.33,38.66,38.3,38.66
1050603,1600,38.63,38.64,38.02,38.1
1050606,1600,38.12,38.19,37.96,38.11
1050607,1600,38.15,38.47,37.74,37.79
1050608,1600,37.88,37.95,37.56,37.71
1050609,1600,37.66,38.06,37.5,37.95
1050610,1600,37.9,37.9,37.38,37.55
1050613,1600,37.48,37.95,37.46,37.73
1050614,1600,37.69,37.84,37.5,37.58
1050615,1600,37.83,37.87,37.25,37.7
1050616,1600,37.74,38.0,37.66,37.9
1050617,1600,38.11,38.21,37.75,37.87
1050620,1600,37.72,38.08,37.58,37.87
1050621,1600,37.84,38.01,37.7,37.85
1050622,1600,38.0,38.1,37.63,37.81
1050623,1600,37.87,38.18,37.33,37.39
1050624,1600,37.38,37.41,36.96,36.97
1050627,1600,36.95,37.06,36.7,36.8
1050628,1600,36.95,37.26,36.9,37.15
1050629,1600,37.25,37.26,36.97,37.07
1050630,1600,37.14,37.21,36.75,36.78
1050701,1600,36.86,37.0,36.68,36.73
1050705,1600,36.6,37.19,36.6,37.11
1050706,1600,37.03,37.28,36.86,36.93
1050707,1600,36.58,37.09,36.55,37.06
1050708,1600,37.08,37.81,36.99,37.77
1050711,1600,37.87,38.16,37.8,38.12
1050712,1600,38.12,38.46,38.01,38.3
1050713,1600,38.32,38.43,38.17,38.39
1050714,1600,38.67,38.88,38.52,38.77
1050715,1600,38.83,39.0,38.65,38.89
1050718,1600,38.79,38.89,38.69,38.73
1050719,1600,38.91,39.2,38.84,39.18
1050720,1600,38.94,39.57,38.9,39.46
1050721,1600,39.56,39.69,39.21,39.47
1050722,1600,39.48,39.59,39.22,39.42
1050725,1600,39.46,39.63,39.2,39.27
1050726,1600,39.39,39.53,39.19,39.42
1050727,1600,39.45,39.76,39.23,39.72
1050728,1600,39.75,39.92,39.64,39.91
1050729,1600,39.87,39.92,39.52,39.58
1050801,1600,39.64,39.83,39.52,39.65
1050802,1600,39.7,40.14,39.65,40.08
1050803,1600,39.91,40.13,39.88,40.06
1050804,1600,39.88,39.94,39.57,39.67
1050805,1600,39.61,39.79,39.43,39.48
1050808,1600,39.52,39.61,39.14,39.19
1050809,1600,39.37,39.59,39.31,39.45
1050810,1600,39.55,39.69,38.97,39.11
1050811,1600,39.13,39.54,39.1,39.43
1050812,1600,39.12,39.32,38.97,39.21
1050815,1600,39.14,39.63,39.08,39.45
1050816,1600,39.3,39.33,38.74,38.81
1050817,1600,38.92,39.17,38.79,39.04
1050818,1600,38.87,39.1,38.77,38.84
1050819,1600,38.89,39.0,38.79,38.82
1050822,1600,38.88,39.18,38.6,38.84
1050823,1600,38.84,38.92,38.61,38.73
1050824,1600,38.65,39.18,38.46,38.5
1050825,1600,38.57,38.69,38.49,38.59
1050826,1600,38.53,38.6,38.27,38.46
1050829,1600,38.26,38.85,38.26,38.76
1050830,1600,38.56,38.66,38.32,38.62
1050831,1600,38.64,39.01,38.48,38.98
1050901,1600,39.0,39.15,38.78,38.92
1050902,1600,39.0,39.03,38.74,38.77
1050906,1600,38.95,39.41,38.9,39.34
1050907,1600,39.3,39.48,39.21,39.41
1050908,1600,39.29,39.57,39.27,39.4
1050909,1600,39.41,39.69,39.31,39.62
1050912,1600,39.63,39.86,39.58,39.73
1050913,1600,39.68,39.91,39.54,39.63
1050914,1600,39.65,39.68,39.15,39.18
1050915,1600,39.26,39.34,39.05,39.16
1050916,1600,39.25,39.46,39.11,39.4
1050919,1600,39.32,39.38,38.91,39.09
1050920,1600,39.16,39.54,38.81,38.93
1050921,1600,38.82,38.87,38.47,38.5
1050922,1600,38.44,38.73,38.24,38.64
1050923,1600,38.5,38.88,38.41,38.75
1050926,1600,38.97,39.03,38.55,38.76
1050927,1600,38.79,38.9,38.51,38.67
1050928,1600,38.76,38.95,38.56,38.68
1050929,1600,38.63,39.21,38.45,39.2
1050930,1600,39.17,39.48,39.13,39.46
1051003,1600,39.54,39.75,39.51,39.56
1051004,1600,39.62,39.88,39.29,39.3
1051005,1600,39.31,39.34,38.73,38.76
1051006,1600,38.73,38.86,37.92,38.25
1051007,1600,38.4,38.57,38.18,38.34
1051010,1600,38.27,38.46,38.06,38.13
1051011,1600,38.24,38.24,37.8,37.94
1051012,1600,37.72,38.06,37.43,37.49
1051013,1600,37.47,37.91,37.33,37.78
1051014,1600,37.88,38.07,37.64,38.06
1051017,1600,38.07,38.19,37.82,38.18
1051018,1600,38.14,38.18,37.91,37.91
1051019,1600,37.72,38.67,37.61,38.67
1051020,1600,38.71,38.85,38.1,38.31
1051021,1600,38.67,38.75,38.33,38.55
1051024,1600,38.73,39.18,38.47,39.16
1051025,1600,39.09,39.19,38.77,39.01
1051026,1600,38.98,39.27,38.76,38.81
1051027,1600,38.78,38.8,38.03,38.03
1051028,1600,38.16,38.39,37.92,38.32
1051031,1600,38.45,39.05,38.42,38.87
1051101,1600,38.78,39.01,38.71,38.84
1051102,1600,38.73,39.46,38.71,39.35
1051103,1600,39.74,40.09,39.68,39.94
1051104,1600,40.0,40.23,39.84,40.08
1051107,1600,40.21,40.29,39.95,40.13
1051108,1600,40.08,40.35,39.99,40.14
1051109,1600,40.12,40.33,40.03,40.16
1051110,1600,40.18,40.69,39.92,40.6
1051111,1600,40.77,40.92,40.68,40.71
1051114,1600,40.77,40.86,40.6,40.71
1051115,1600,40.73,40.9,40.38,40.52
1051116,1600,40.63,40.78,40.46,40.77
1051117,1600,40.91,41.32,40.85,41.31
1051118,1600,41.52,41.65,41.27,41.45
1051121,1600,41.4,41.58,41.24,41.55
1051122,1600,41.47,41.87,41.36,41.7
1051123,1600,41.73,42.02,41.71,41.8
1051125,1600,41.84,41.94,41.73,41.89
1051128,1600,42.0,42.0,41.5,41.54
1051129,1600,41.77,41.85,41.34,41.34
1051130,1600,41.28,41.49,41.19,41.24
1051201,1600,41.51,42.05,41.5,42.01
1051202,1600,41.94,42.13,41.87,42.11
1051205,1600,42.06,42.06,41.63,41.8
1051206,1600,42.03,42.31,41.9,41.94
1051207,1600,42.0,42.03,41.63,41.86
1051208,1600,41.96,42.0,41.27,41.56
1051209,1600,41.56,41.77,41.38,41.72
1051212,1600,41.87,41.94,41.68,41.87
1051213,1600,41.82,42.21,41.76,42.04
1051214,1600,41.95,42.1,41.71,41.9
1051215,1600,42.0,42.07,41.61,41.97
1051216,1600,41.86,41.94,41.55,41.58
1051219,1600,41.67,41.71,40.9,40.92
1051220,1600,40.95,41.15,40.75,40.95
1051221,1600,41.02,41.41,40.95,41.13
1051222,1600,41.11,41.46,41.1,41.4
1051223,1600,41.51,41.59,41.3,41.4
1051227,1600,41.52,41.68,40.97,41.04
1051228,1600,41.06,41.23,40.87,40.99
1051229,1600,41.03,41.12,40.65,40.72
1051230,1600,40.54,40.58,40.36,40.41
1060103,1600,40.65,41.49,40.16,41.31
1060104,1600,41.41,41.74,41.32,41.74
1060105,1600,41.75,42.0,41.71,41.92
1060106,1600,42.26,42.7,42.06,42.68
1060109,1600,42.68,42.92,42.52,42.85
1060110,1600,42.66,42.92,42.55,42.88
1060111,1600,43.0,43.31,42.87,43.21
1060112,1600,43.16,43.29,42.85,43.0
1060113,1600,42.94,43.05,42.73,42.98
1060117,1600,42.65,42.79,42.5,42.7
1060118,1600,42.03,42.46,42.02,42.21
1060119,1600,42.42,42.82,42.29,42.52
1060120,1600,42.46,42.49,41.15,41.25
1060123,1600,41.36,41.45,41.08,41.26
1060124,1600,41.36,41.7,41.31,41.44
1060125,1600,41.64,41.67,41.08,41.26
1060126,1600,41.5,41.69,41.23,41.55
1060127,1600,41.8,42.39,41.74,42.11
1060130,1600,42.18,42.32,42.07,42.19
1060131,1600,42.17,42.27,41.81,42.0
1060201,1600,41.74,42.17,41.7,42.15
1060202,1600,42.01,42.08,41.41,41.43
1060203,1600,41.12,41.23,40.78,40.92
1060206,1600,40.72,41.01,40.59,40.81
1060207,1600,40.74,40.93,40.44,40.63
1060208,1600,40.92,41.15,40.69,41.1
1060209,1600,41.21,41.37,40.63,40.71
1060210,1600,40.68,41.06,40.26,40.96
1060213,1600,40.7,40.74,40.3,40.49
1060214,1600,40.57,41.02,40.41,40.9
1060215,1600,40.79,41.26,40.73,41.16
1060216,1600,41.31,41.55,41.15,41.54
1060217,1600,41.46,41.46,41.2,41.21
1060221,1600,41.21,41.27,40.61,40.75
1060222,1600,40.78,41.54,40.68,41.26
1060223,1600,41.19,41.54,41.08,41.15
1060224,1600,41.19,41.29,41.01,41.26
1060227,1600,41.36,41.87,41.33,41.72
1060228,1600,41.61,41.72,40.97,41.1
1060301,1600,41.23,41.77,41.15,41.66
1060302,1600,41.55,41.84,41.41,41.69
1060303,1600,41.45,42.01,41.39,41.45
1060306,1600,41.54,41.63,40.96,41.09
1060307,1600,41.02,41.07,40.65,40.85
1060308,1600,40.76,41.09,40.5,40.87
1060309,1600,41.0,41.15,40.47,40.52
1060310,1600,40.48,40.79,40.19,40.56
1060313,1600,40.74,40.94,40.62,40.68
1060314,1600,40.64,41.42,40.64,41.37
1060315,1600,41.53,41.72,41.32,41.72
1060316,1600,41.85,41.92,41.33,41.37
1060317,1600,41.34,41.59,41.23,41.45
1060320,1600,41.57,41.68,41.4,41.55
1060321,1600,41.11,42.01,41.08,41.11
1060322,1600,40.88,41.28,40.86,41.21
1060323,1600,41.09,41.22,40.82,41.09
1060324,1600,41.23,41.5,41.02,41.3
1060327,1600,41.28,41.51,41.24,41.31
1060328,1600,41.39,41.67,40.99,41.14
1060329,1600,41.2,42.1,41.17,41.92
1060330,1600,42.01,42.3,41.79,42.05
1060331,1600,42.13,42.19,41.84,41.93
1060403,1600,42.15,42.37,41.9,41.98
1060404,1600,42.05,42.31,41.93,42.21
1060405,1600,42.3,42.67,42.21,42.61
1060406,1600,42.59,42.94,42.44,42.73
1060407,1600,42.88,43.05,42.3,42.32
1060410,1600,42.4,42.5,42.09,42.26
1060411,1600,42.39,42.43,41.71,41.92
1060412,1600,41.94,42.08,41.8,41.93
1060413,1600,41.9,42.33,41.79,42.1
1060417,1600,42.04,42.21,41.39,41.66
1060418,1600,41.77,42.56,41.77,42.46
1060419,1600,42.54,42.65,42.3,42.65
1060420,1600,42.64,42.82,42.38,42.5
1060421,1600,42.66,42.72,41.82,42.0
1060424,1600,41.95,42.07,41.72,41.96
1060425,1600,42.07,42.1,41.65,41.87
1060426,1600,41.86,42.06,41.7,41.86
1060427,1600,41.67,42.49,41.5,42.26
1060428,1600,42.0,42.22,41.78,41.85
1060501,1600,41.92,42.05,41.31,41.44
1060502,1600,41.62,41.73,41.4,41.55
1060503,1600,41.57,41.64,41.28,41.49
1060504,1600,41.53,41.99,41.53,41.83
1060505,1600,42.1,42.21,41.94,42.16
1060508,1600,42.08,42.28,42.07,42.2
1060509,1600,42.1,42.18,41.97,42.04
1060510,1600,41.93,41.98,41.55,41.67
1060511,1600,41.63,41.65,40.63,40.74
1060512,1600,40.56,40.62,40.18,40.19
1060515,1600,40.02,40.34,39.79,40.16
1060516,1600,40.17,40.26,39.77,39.86
1060517,1600,39.68,39.81,39.23,39.32
1060518,1600,39.49,39.66,39.0,39.05
1060519,1600,39.2,39.47,38.75,39.35
1060522,1600,39.01,39.24,38.62,38.97
1060523,1600,39.26,39.38,38.57,38.59
1060524,1600,38.53,39.04,38.23,38.85
1060525,1600,39.11,39.38,38.82,39.36
1060526,1600,39.45,39.58,39.23,39.49
1060530,1600,39.3,39.33,38.61,38.64
1060531,1600,38.71,39.06,38.54,38.82
1060601,1600,38.93,39.74,38.84,39.74
1060602,1600,39.96,40.0,39.31,39.64
1060605,1600,39.56,39.56,38.78,38.78
1060606,1600,38.85,38.95,38.35,38.75
1060607,1600,38.8,39.17,38.45,38.46
1060608,1600,38.27,38.56,37.49,38.4
1060609,1600,38.56,38.74,38.11,38.15
1060612,1600,38.2,38.26,37.39,37.4
1060613,1600,37.49,37.8,37.16,37.25
1060614,1600,37.36,37.71,37.2,37.63
1060615,1600,37.85,38.79,37.8,38.65
1060616,1600,38.55,38.68,38.2,38.34
1060619,1600,38.5,38.54,37.91,38.03
1060620,1600,38.09,38.48,37.94,38.08
1060621,1600,38.14,38.99,38.13,38.68
1060622,1600,38.59,38.68,37.99,38.19
1060623,1600,38.16,38.53,37.93,38.15
1060626,1600,38.17,38.39,38.07,38.25
1060627,1600,38.27,38.33,37.49,37.53
1060628,1600,37.62,37.84,37.38,37.81
1060629,1600,37.98,38.96,37.9,38.96
1060630,1600,39.12,39.14,38.68,38.77
1060703,1600,38.89,39.0,38.81,39.0
1060705,1600,38.64,38.68,38.09,38.15
1060706,1600,38.27,38.48,38.01,38.11
1060707,1600,37.9,38.17,37.57,37.69
1060710,1600,37.79,37.93,37.17,37.36
1060711,1600,37.28,37.74,37.08,37.64
1060712,1600,37.56,37.64,36.84,36.93
1060713,1600,36.64,37.04,36.31,36.31
1060714,1600,36.3,36.38,35.79,35.94
1060717,1600,35.95,36.25,35.87,36.03
1060718,1600,36.22,36.33,35.54,36.15
1060719,1600,36.12,36.83,36.09,36.62
1060720,1600,36.75,36.8,36.04,36.08
1060721,1600,35.88,35.96,35.62,35.7
1060724,1600,35.84,36.43,35.8,36.41
1060725,1600,36.49,36.74,36.24,36.62
1060726,1600,36.51,36.87,36.23,36.59
1060727,1600,36.74,37.04,36.25,36.35
1060728,1600,36.53,37.14,36.5,37.11
1060731,1600,37.08,37.32,36.89,37.1
1060801,1600,36.77,36.8,36.26,36.48
1060802,1600,36.61,37.13,36.61,36.89
1060803,1600,36.52,37.34,36.48,37.12
1060804,1600,37.45,37.63,36.62,36.95
1060807,1600,36.91,36.94,36.53,36.71
1060808,1600,36.81,36.9,36.26,36.48
1060809,1600,36.99,37.31,36.43,36.53
1060810,1600,36.43,36.88,36.31,36.79
1060811,1600,36.65,36.69,36.37,36.53
1060814,1600,36.84,37.27,36.7,36.77
1060815,1600,37.2,37.75,37.09,37.7
1060816,1600,37.98,38.61,37.84,38.59
1060817,1600,38.46,38.98,38.44,38.73
1060818,1600,38.63,38.83,38.28,38.79
1060821,1600,38.5,38.56,38.26,38.42
1060822,1600,38.36,38.81,38.2,38.43
1060823,1600,38.46,38.67,37.92,38.14
1060824,1600,38.25,38.35,37.92,38.25
1060825,1600,38.17,38.64,38.06,38.32
1060828,1600,38.29,38.79,38.24,38.61
1060829,1600,38.58,38.76,38.18,38.73
1060830,1600,38.72,39.03,38.6,38.91
1060831,1600,38.96,39.03,38.76,38.87
1060901,1600,39.08,39.21,38.9,39.08
1060905,1600,39.1,39.48,38.85,39.46
1060906,1600,39.1,39.19,38.61,38.67
1060907,1600,38.55,38.9,38.36,38.49
1060908,1600,38.54,38.82,38.46,38.72
1060911,1600,38.41,39.15,38.32,38.96
1060912,1600,38.95,39.8,38.95,39.68
1060913,1600,39.71,39.98,39.63,39.95
1060914,1600,39.85,40.22,39.76,39.99
1060915,1600,40.3,40.46,40.0,40.11
1060918,1600,40.12,40.4,39.94,40.12
1060919,1600,40.22,40.25,39.52,39.85
1060920,1600,40.2,40.54,40.19,40.43
1060921,1600,40.53,40.67,40.08,40.18
1060922,1600,40.15,40.16,39.7,39.87
1060925,1600,40.04,40.66,39.68,40.57
1060926,1600,40.52,40.8,40.4,40.77
1060927,1600,40.67,40.95,40.5,40.72
1060928,1600,40.77,40.89,40.43,40.83
1060929,1600,40.9,40.93,40.62,40.65
1061002,1600,40.6,40.7,40.08,40.14
1061003,1600,40.02,40.48,39.88,40.31
1061004,1600,40.24,41.31,40.14,41.3
1061005,1600,41.3,41.56,41.18,41.5
1061006,1600,41.36,41.56,41.24,41.41
1061009,1600,41.36,41.74,41.32,41.55
1061010,1600,41.6,41.75,41.31,41.62
1061011,1600,41.43,41.83,41.17,41.54
1061012,1600,41.76,42.25,41.7,42.2
1061013,1600,42.23,42.52,42.14,42.43
1061016,1600,42.43,42.62,42.4,42.47
1061017,1600,42.17,42.2,41.76,42.0
1061018,1600,42.22,42.31,41.65,41.8
1061019,1600,41.69,42.11,41.59,41.9
1061020,1600,42.04,42.08,41.64,42.0
1061023,1600,41.92,42.58,41.82,42.43
1061024,1600,42.28,42.45,41.92,42.14
1061025,1600,42.16,42.52,42.05,42.43
1061026,1600,42.58,42.92,42.22,42.82
1061027,1600,42.72,42.82,42.08,42.21
1061030,1600,42.16,42.65,42.06,42.48
1061031,1600,42.56,42.76,42.31,42.58
1061101,1600,42.73,42.77,41.82,42.0
1061102,1600,41.81,42.14,41.74,42.04
1061103,1600,42.1,42.19,41.61,41.93
1061106,1600,42.07,42.71,42.06,42.54
1061107,1600,42.54,43.09,42.47,42.83
1061108,1600,42.59,43.2,42.47,43.03
1061109,1600,43.26,43.35,42.67,42.83
1061110,1600,42.84,43.04,42.67,43.03
1061113,1600,43.05,43.54,43.0,43.47
1061114,1600,43.5,43.97,43.24,43.93
1061115,1600,43.99,44.4,43.92,44.11
1061116,1600,44.26,44.42,44.02,44.3
1061117,1600,44.06,44.3,43.95,44.3
1061120,1600,44.16,44.48,44.01,44.39
1061121,1600,44.42,44.51,44.25,44.45
1061122,1600,44.58,44.75,44.26,44.73
1061124,1600,44.4,44.86,44.38,44.65
1061127,1600,44.51,44.61,43.64,43.64
1061128,1600,43.51,43.84,43.34,43.77
1061129,1600,44.0,44.18,43.66,44.07
1061130,1600,44.05,44.28,43.79,44.04
1061201,1600,44.0,44.35,43.26,43.66
1061204,1600,43.79,44.48,43.79,44.26
1061205,1600,44.39,44.55,44.19,44.42
1061206,1600,44.28,44.4,44.07,44.26
1061207,1600,44.34,44.48,43.7,43.7
1061208,1600,43.56,44.26,43.47,43.9
1061211,1600,43.83,44.37,43.75,44.06
1061212,1600,44.05,44.13,43.56,43.8
1061213,1600,44.1,44.11,43.62,43.88
1061214,1600,43.97,44.57,43.94,44.37
1061215,1600,44.68,44.76,44.35,44.43
1061218,1600,44.58,44.75,43.8,43.99
1061219,1600,43.65,44.06,43.38,43.85
1061220,1600,43.9,44.11,43.67,43.69
1061221,1600,43.74,43.79,43.21,43.38
1061222,1600,43.4,43.41,42.93,42.93
1061226,1600,42.93,43.12,42.88,43.11
1061227,1600,43.21,43.4,43.1,43.33
1061228,1600,43.2,43.38,43.05,43.12
1061229,1600,43.19,43.61,43.12,43.16
1070103,1600,43.46,44.06,42.52,43.24
1070104,1600,43.3,44.21,43.15,44.06
1070105,1600,43.95,43.95,43.48,43.85
1070108,1600,43.89,44.12,43.64,43.88
1070109,1600,44.01,44.29,43.63,44.1
1070110,1600,43.96,44.66,43.82,44.62
1070111,1600,44.71,45.24,44.65,45.08
1070112,1600,45.02,45.35,44.97,45.31
1070116,1600,45.35,45.4,45.13,45.28
1070117,1600,45.09,45.29,44.83,44.91
1070118,1600,44.79,44.84,43.95,44.08
1070119,1600,43.97,44.28,43.91,44.17
1070122,1600,44.21,44.23,43.51,43.69
1070123,1600,43.66,43.98,43.5,43.58
1070124,1600,43.86,44.32,43.77,44.3
1070125,1600,44.36,44.47,43.58,43.73
1070126,1600,43.81,43.83,43.29,43.57
1070129,1600,43.46,43.91,43.4,43.61
1070130,1600,43.68,43.79,43.52,43.63
1070131,1600,43.58,44.19,43.33,44.07
1070201,1600,44.27,44.4,43.85,44.0
1070202,1600,44.12,44.25,43.94,44.16
1070205,1600,44.14,44.36,43.96,44.12
1070206,1600,44.2,44.23,43.64,44.06
1070207,1600,44.28,44.65,44.12,44.46
1070208,1600,44.4,44.6,44.23,44.45
1070209,1600,44.57,44.72,43.73,43.88
1070212,1600,43.87,43.89,43.59,43.71
1070213,1600,43.78,44.0,43.7,43.86
1070214,1600,44.04,44.71,44.04,44.6
1070215,1600,44.63,44.86,44.55,44.86
1070216,1600,44.66,44.83,44.57,44.71
1070220,1600,44.64,45.12,44.43,45.05
1070221,1600,44.92,45.21,44.83,45.19
1070222,1600,45.36,45.55,45.07,45.42
1070223,1600,45.42,45.46,45.06,45.26
1070226,1600,45.48,45.5,44.76,45.04
1070227,1600,44.37,44.48,43.06,43.19
1070228,1600,43.15,43.76,42.93,43.33
1070301,1600,42.55,43.54,42.24,43.13
1070302,1600,42.78,43.14,42.47,42.48
1070305,1600,42.15,42.8,42.06,42.15
1070306,1600,42.53,42.99,42.5,42.85
1070307,1600,42.86,42.98,42.65,42.68
1070308,1600,43.13,43.24,42.84,42.97
1070309,1600,43.33,43.34,42.65,42.93
1070312,1600,42.87,43.28,42.83,43.21
1070313,1600,43.0,43.24,42.36,42.37
1070314,1600,42.43,43.0,42.1,42.99
1070315,1600,42.9,43.06,42.72,42.89
1070316,1600,42.94,43.04,42.61,42.83
1070319,1600,43.06,43.39,42.95,43.27
1070320,1600,43.26,43.59,43.21,43.58
1070321,1600,43.64,44.44,43.35,44.42
1070322,1600,44.44,44.45,44.09,44.26
1070323,1600,44.26,44.37,44.07,44.12
1070326,1600,44.14,44.32,43.63,44.3
1070327,1600,44.23,44.24,43.95,43.99
1070328,1600,43.8,44.03,43.51,43.52
1070329,1600,43.82,43.85,43.1,43.57
1070330,1600,43.56,43.87,43.22,43.53
1070402,1600,43.67,43.76,43.3,43.59
1070403,1600,43.82,44.31,43.79,44.16
1070404,1600,44.19,44.38,44.13,44.34
1070405,1600,44.29,44.58,44.23,44.56
1070409,1600,44.71,44.75,44.38,44.45
1070410,1600,44.44,44.68,44.41,44.68
1070411,1600,44.64,44.66,44.07,44.21
1070412,1600,44.14,44.62,43.95,44.56
1070413,1600,44.57,44.72,44.29,44.65
1070416,1600,44.83,45.15,44.83,45.06
1070417,1600,45.15,45.2,44.96,45.16
1070418,1600,44.93,45.23,44.83,45.01
1070419,1600,44.81,45.25,44.72,45.15
1070420,1600,45.52,45.67,45.2,45.4
1070423,1600,45.46,45.6,45.34,45.47
1070424,1600,45.63,45.83,45.33,45.7
1070425,1600,45.85,46.32,45.7,46.31
1070426,1600,46.42,46.65,46.33,46.55
1070427,1600,46.37,46.7,46.29,46.57
1070430,1600,46.49,46.53,45.92,45.96
1070501,1600,45.97,46.14,45.66,45.92
1070502,1600,46.09,46.58,46.05,46.42
1070503,1600,46.51,46.72,46.43,46.59
1070504,1600,46.77,46.89,46.42,46.63
1070507,1600,46.66,46.78,46.57,46.63
1070508,1600,46.47,46.77,46.3,46.73
1070509,1600,46.49,46.97,46.46,46.83
1070510,1600,46.67,46.78,46.07,46.19
1070511,1600,46.24,46.78,46.18,46.78
1070514,1600,46.77,46.88,46.19,46.46
1070515,1600,46.42,46.7,45.99,46.1
1070516,1600,46.2,46.56,45.91,46.55
1070517,1600,46.49,46.57,46.29,46.33
1070518,1600,46.48,46.71,46.38,46.71
1070521,1600,46.74,47.24,46.67,47.01
1070522,1600,47.04,47.28,46.87,47.05
1070523,1600,47.19,47.37,46.8,46.83
1070524,1600,46.86,47.04,45.97,46.16
1070525,1600,46.26,46.56,46.18,46.45
1070529,1600,46.5,46.86,46.41,46.81
1070530,1600,46.48,47.2,46.35,47.19
1070531,1600,47.32,47.52,47.21,47.41
1070601,1600,47.58,47.77,47.37,47.44
1070604,1600,47.27,47.64,47.24,47.58
1070605,1600,47.45,47.58,47.0,47.58
1070606,1600,47.37,47.38,46.96,47.07
1070607,1600,46.91,47.21,46.32,46.34
1070608,1600,46.32,46.93,46.16,46.91
1070611,1600,46.88,47.19,46.76,46.82
1070612,1600,46.57,47.04,46.45,46.54
1070613,1600,46.74,47.09,46.54,47.05
1070614,1600,47.1,47.49,47.09,47.36
1070615,1600,47.76,47.87,47.65,47.76
1070618,1600,47.85,47.87,47.67,47.77
1070619,1600,47.63,47.86,47.51,47.76
1070620,1600,47.83,47.92,47.24,47.31
1070621,1600,47.29,47.79,47.08,47.74
1070622,1600,47.64,47.71,47.14,47.29
1070625,1600,47.3,47.58,46.82,47.09
1070626,1600,47.31,47.32,46.74,46.82
1070627,1600,46.77,47.56,46.7,47.54
1070628,1600,47.52,47.85,47.47,47.52
1070629,1600,47.78,47.88,47.21,47.6
1070702,1600,47.71,48.05,47.68,48.03
1070703,1600,48.09,48.32,48.04,48.31
1070705,1600,48.34,48.77,48.29,48.66
1070706,1600,48.71,48.91,48.5,48.86
1070709,1600,48.9,48.98,48.72,48.89
1070710,1600,48.62,48.9,48.43,48.48
1070711,1600,48.37,48.81,48.32,48.81
1070712,1600,48.97,49.67,48.92,49.56
1070713,1600,49.63,49.97,49.57,49.9
1070716,1600,49.89,50.08,49.76,49.85
1070717,1600,49.96,50.3,49.92,50.23
1070718,1600,49.95,50.17,49.64,50.17
1070719,1600,50.41,50.66,50.31,50.32
1070720,1600,50.29,50.36,49.74,50.05
1070723,1600,50.22,50.31,49.92,50.07
1070724,1600,49.7,50.1,49.05,49.33
1070725,1600,49.58,49.67,49.06,49.4
1070726,1600,49.06,49.47,48.05,48.98
1070727,1600,48.89,49.12,47.99,47.99
1070730,1600,48.22,48.73,47.95,48.55
1070731,1600,48.97,48.99,47.43,47.53
1070801,1600,47.39,47.93,46.98,47.9
1070802,1600,47.93,48.43,47.79,48.34
1070803,1600,48.25,48.31,47.15,47.42
1070806,1600,47.47,48.02,47.03,47.97
1070807,1600,47.88,48.62,47.48,48.31
1070808,1600,48.51,49.06,48.4,48.84
1070809,1600,48.19,48.97,47.69,47.71
1070810,1600,47.2,47.83,46.63,47.28
1070813,1600,47.68,47.88,47.48,47.6
1070814,1600,47.7,47.74,46.73,46.79
1070815,1600,46.68,47.09,45.81,45.9
1070816,1600,45.53,45.91,44.39,45.45
1070817,1600,46.31,46.59,45.59,46.31
1070820,1600,46.49,46.72,46.08,46.53
1070821,1600,46.48,47.13,46.39,47.02
1070822,1600,47.38,47.7,47.27,47.66
1070823,1600,47.79,47.85,47.23,47.53
1070824,1600,47.38,48.23,47.32,48.2
1070827,1600,48.06,48.2,47.84,47.88
1070828,1600,47.6,47.7,46.71,46.74
1070829,1600,47.05,48.12,47.05,48.08
1070830,1600,47.83,48.74,47.75,48.33
1070831,1600,48.86,49.06,48.61,48.87
1070904,1600,48.93,50.0,48.91,49.68
1070905,1600,49.56,49.65,48.87,49.18
1070906,1600,49.23,49.36,48.81,49.14
1070907,1600,48.53,48.6,47.95,48.23
1070910,1600,48.62,48.75,47.81,48.2
1070911,1600,48.51,48.99,48.43,48.93
1070912,1600,48.84,49.37,48.78,48.94
1070913,1600,49.29,49.35,48.94,49.18
1070914,1600,48.8,49.31,48.73,49.22
1070917,1600,49.0,49.1,48.59,48.81
1070918,1600,49.09,50.08,48.83,50.04
1070919,1600,50.29,50.59,49.98,50.17
1070920,1600,50.06,50.26,49.92,50.03
1070921,1600,50.28,50.52,50.01,50.36
1070924,1600,50.49,50.96,50.33,50.59
1070925,1600,50.42,51.07,50.36,51.07
1070926,1600,51.36,51.51,51.12,51.32
1070927,1600,51.62,51.65,51.36,51.58
1070928,1600,51.54,51.68,51.18,51.41
1071001,1600,51.45,52.16,51.38,52.0
1071002,1600,52.04,52.06,51.72,52.01
1071003,1600,51.84,52.07,51.5,51.65
1071004,1600,51.75,51.83,51.34,51.77
1071005,1600,52.17,52.9,52.06,52.82
1071008,1600,52.8,53.16,52.71,53.15
1071009,1600,53.27,53.45,53.03,53.38
1071010,1600,53.39,53.57,53.21,53.51
1071011,1600,53.79,53.94,52.28,52.66
1071012,1600,52.9,53.54,52.8,53.53
1071015,1600,53.61,53.71,52.7,53.12
1071016,1600,52.79,53.28,52.68,52.87
1071017,1600,53.62,53.66,52.68,53.55
1071018,1600,53.33,53.89,53.12,53.78
1071019,1600,53.77,53.77,52.39,52.44
1071022,1600,52.16,53.12,52.02,53.07
1071023,1600,53.61,54.21,53.34,54.18
1071024,1600,53.74,53.94,52.6,53.77
1071025,1600,53.89,53.98,52.75,53.05
1071026,1600,54.08,54.2,53.44,53.93
1071029,1600,54.19,54.33,53.84,54.15
1071030,1600,53.94,54.56,53.9,54.26
1071031,1600,54.47,55.07,54.04,55.03
1071101,1600,54.68,54.77,53.97,54.0
1071102,1600,54.42,54.55,53.6,54.42
1071105,1600,53.86,54.4,53.59,54.07
1071106,1600,54.33,54.69,53.78,54.68
1071107,1600,54.22,54.58,53.31,53.35
1071108,1600,53.14,53.33,50.8,51.73
1071109,1600,50.73,51.12,50.0,50.0
1071112,1600,49.92,50.24,48.65,48.73
1071113,1600,49.39,50.79,49.35,50.74
1071114,1600,51.39,51.44,49.9,50.09
1071115,1600,50.0,50.54,49.37,49.82
1071116,1600,50.16,50.49,49.34,50.28
1071119,1600,50.16,50.45,49.41,49.7
1071120,1600,49.96,50.78,48.93,49.9
1071121,1600,49.45,50.17,48.85,49.31
1071123,1600,49.63,49.97,49.37,49.84
1071126,1600,49.97,50.37,48.9,48.98
1071127,1600,49.4,50.05,49.1,49.96
1071128,1600,50.63,51.7,50.6,51.48
1071129,1600,51.28,51.89,51.2,51.7
1071130,1600,52.21,52.25,50.95,51.31
1071203,1600,51.09,51.53,50.82,50.88
1071204,1600,50.49,50.94,50.38,50.67
1071205,1600,51.2,52.0,51.16,51.58
1071206,1600,51.63,52.37,51.61,52.32
1071207,1600,52.29,52.54,52.08,52.33
1071210,1600,52.46,52.69,52.32,52.54
1071211,1600,52.62,52.84,51.21,51.32
1071212,1600,52.25,52.43,50.89,51.78
1071213,1600,51.33,51.63,50.98,51.5
1071214,1600,51.09,51.6,50.92,50.97
1071217,1600,50.78,50.99,49.71,49.73
1071218,1600,50.24,50.27,49.18,49.89
1071219,1600,49.89,50.2,49.61,49.88
1071220,1600,50.62,50.96,50.2,50.9
1071221,1600,51.68,51.9,51.48,51.85
1071224,1600,52.01,52.4,51.95,52.24
1071226,1600,52.13,52.63,52.0,52.5
1071227,1600,52.33,52.5,51.71,51.87
1071228,1600,52.04,52.16,51.43,51.82
1071231,1600,51.57,51.68,51.21,51.22
1080102,1600,51.27,51.47,50.13,50.41
1080103,1600,50.41,50.76,50.15,50.62
1080104,1600,49.81,49.83,48.21,48.4
1080107,1600,48.4,48.6,47.43,48.17
1080108,1600,48.27,48.76,46.92,46.92
1080109,1600,47.11,47.96,46.46,47.92
1080110,1600,47.43,48.41,47.29,47.99
1080111,1600,47.73,47.77,46.7,47.05
1080114,1600,47.69,48.01,47.31,47.87
1080115,1600,47.37,47.52,46.35,46.55
1080116,1600,46.19,46.91,45.46,46.05
1080117,1600,46.24,46.58,45.2,45.41
1080118,1600,45.64,46.14,44.98,45.35
1080122,1600,42.83,44.77,42.73,44.18
1080123,1600,42.54,44.15,41.61,44.01
1080124,1600,44.19,44.93,44.06,44.91
1080125,1600,45.87,45.87,43.94,43.99
1080128,1600,44.02,44.44,43.57,44.33
1080129,1600,44.56,44.68,44.04,44.41
1080130,1600,44.25,45.32,44.18,44.37
1080131,1600,43.87,45.59,43.82,45.13
1080201,1600,45.5,45.88,44.88,45.59
1080204,1600,45.58,45.61,44.94,44.95
1080205,1600,44.17,44.6,43.64,43.67
1080206,1600,43.92,44.17,42.77,42.81
1080207,1600,42.33,43.79,42.15,43.11
1080208,1600,43.2,43.77,42.94,43.6
1080211,1600,43.77,44.22,43.54,44.07
1080212,1600,44.34,44.68,43.51,43.82
1080213,1600,44.39,44.88,44.16,44.78
1080214,1600,44.85,44.85,43.89,43.97
1080215,1600,43.73,43.98,43.45,43.82
1080219,1600,44.4,44.5,43.27,43.74
1080220,1600,43.26,44.09,43.24,43.94
1080221,1600,44.36,44.47,43.34,43.52
1080222,1600,43.67,43.69,42.6,43.68
1080225,1600,43.63,44.07,43.34,43.9
1080226,1600,43.65,44.48,43.37,44.07
1080227,1600,43.77,44.46,43.67,44.29
1080228,1600,44.12,44.53,43.95,44.12
1080229,1600,43.65,43.77,42.85,42.95
1080303,1600,42.92,42.99,42.24,42.67
1080304,1600,42.4,43.04,42.02,42.91
1080305,1600,42.99,43.54,42.75,43.12
1080306,1600,43.09,43.27,42.1,42.17
1080307,1600,41.92,42.64,41.38,42.07
1080310,1600,42.01,42.14,41.17,41.26
1080311,1600,41.86,42.85,41.51,42.83
1080312,1600,43.0,43.44,42.6,42.71
1080313,1600,42.23,43.33,41.81,43.04
1080314,1600,43.33,43.38,41.74,42.25
1080317,1600,41.29,42.01,41.05,41.48
1080318,1600,42.24,43.34,42.11,43.33
1080319,1600,43.51,43.6,42.23,42.26
1080320,1600,42.35,43.1,42.1,43.09
1080324,1600,43.28,44.76,43.28,44.58
1080325,1600,44.7,45.07,44.28,44.83
1080326,1600,44.67,44.85,44.28,44.7
1080327,1600,44.44,44.51,43.71,43.71
1080328,1600,44.02,44.34,43.33,43.49
1080331,1600,43.65,44.02,43.45,43.72
1080401,1600,44.42,45.61,44.41,45.59
1080402,1600,45.7,46.02,45.17,45.49
1080403,1600,45.29,45.91,45.14,45.59
1080404,1600,45.77,46.35,45.4,45.86
1080407,1600,46.14,46.41,45.65,45.76
1080408,1600,45.41,45.72,45.18,45.41
1080409,1600,45.47,45.49,44.63,44.9
1080410,1600,44.93,45.84,44.93,45.54
1080411,1600,45.02,45.1,44.12,44.28
1080414,1600,44.21,44.48,43.95,44.08
1080415,1600,44.24,44.35,43.68,44.14
1080416,1600,44.69,45.48,44.65,45.37
1080417,1600,45.42,45.47,44.98,45.27
1080418,1600,46.47,46.93,46.22,46.71
1080421,1600,46.62,47.08,46.49,47.04
1080422,1600,46.75,46.77,45.93,46.34
1080423,1600,46.68,47.06,46.27,46.85
1080424,1600,46.87,47.79,46.39,47.27
1080425,1600,47.32,47.35,46.57,47.15
1080428,1600,47.26,47.62,47.13,47.24
1080429,1600,47.15,47.76,47.06,47.6
1080430,1600,47.7,48.06,47.03,47.21
1080501,1600,47.23,48.72,47.22,48.7
1080502,1600,49.16,49.19,48.34,48.77
1080505,1600,48.77,49.03,48.4,48.63
1080506,1600,48.49,49.13,48.14,48.93
1080507,1600,48.94,49.23,47.87,48.04
1080508,1600,48.24,48.7,48.06,48.4
1080509,1600,48.04,48.46,47.9,48.21
1080512,1600,48.28,49.19,48.2,49.09
1080513,1600,49.11,49.33,48.76,49.22
1080514,1600,49.41,49.93,49.04,49.11
1080515,1600,49.12,50.02,48.98,49.97
1080516,1600,50.07,50.11,49.45,50.01
1080519,1600,50.05,50.47,49.34,49.65
1080520,1600,49.47,49.47,48.89,49.27
1080521,1600,49.33,49.6,48.02,48.18
1080522,1600,48.3,48.69,48.11,48.35
1080523,1600,48.18,48.35,47.82,48.2
1080527,1600,48.3,49.11,48.29,49.05
1080528,1600,49.28,49.36,48.75,49.25
1080529,1600,49.28,49.97,49.25,49.69
1080530,1600,49.88,50.24,49.75,50.01
1080602,1600,49.92,49.92,48.96,49.4
1080603,1600,49.59,49.9,48.67,49.13
1080604,1600,48.98,50.1,48.94,49.76
1080605,1600,49.89,50.61,49.7,50.55
1080606,1600,50.11,50.21,49.02,49.03
1080609,1600,49.13,49.19,47.95,48.77
1080610,1600,48.27,48.94,48.16,48.54
1080611,1600,48.44,48.52,47.35,47.37
1080612,1600,47.71,48.11,47.0,47.42
1080613,1600,47.71,48.47,47.46,48.37
1080616,1600,48.12,49.02,48.07,48.8
1080617,1600,48.95,49.06,48.47,48.54
1080618,1600,48.26,48.45,47.83,48.02
1080619,1600,47.93,49.01,47.61,48.77
1080620,1600,48.33,48.35,47.21,47.42
1080623,1600,47.61,47.74,46.98,47.05
1080624,1600,46.83,47.37,46.41,46.81
1080625,1600,47.01,48.0,46.94,47.57
1080626,1600,46.69,46.7,45.64,45.65
1080627,1600,45.6,45.9,44.97,45.65
1080630,1600,45.51,45.83,45.15,45.17
1080701,1600,44.81,45.86,44.68,45.81
1080702,1600,45.95,46.13,44.64,44.71
1080703,1600,44.98,45.08,44.28,44.63
1080707,1600,45.04,45.46,44.24,44.9
1080708,1600,44.95,46.01,44.77,45.97
1080709,1600,45.96,46.03,44.73,44.75
1080710,1600,44.82,45.42,44.38,45.28
1080711,1600,44.81,45.27,43.85,44.56
1080714,1600,45.14,45.18,44.07,44.23
1080715,1600,44.01,44.93,43.3,44.24
1080716,1600,44.36,45.38,43.92,45.34
1080717,1600,45.61,45.82,44.98,45.64
1080718,1600,45.14,45.17,44.59,44.59
1080721,1600,45.0,45.19,44.49,44.78
1080722,1600,44.03,44.81,43.86,44.78
1080723,1600,44.85,45.89,44.72,45.37
1080724,1600,45.58,45.61,44.65,44.69
1080725,1600,44.98,45.48,44.76,45.27
1080728,1600,45.26,45.52,44.21,44.42
1080729,1600,44.61,45.54,44.57,45.34
1080730,1600,45.47,45.82,44.88,45.57
1080731,1600,45.12,46.15,45.02,45.46
1080801,1600,45.51,45.55,44.4,44.88
1080804,1600,44.87,44.92,44.3,44.43
1080805,1600,44.89,45.97,44.84,45.93
1080806,1600,45.95,46.81,45.58,46.63
1080807,1600,46.35,46.85,46.08,46.27
1080808,1600,46.24,47.44,46.15,47.32
1080811,1600,47.3,48.28,47.14,47.75
1080812,1600,47.74,48.16,47.51,47.8
1080813,1600,47.72,48.12,47.25,47.7
1080814,1600,47.54,48.46,47.49,48.25
1080815,1600,48.33,48.57,47.96,48.16
1080818,1600,48.3,48.31,47.26,47.6
1080819,1600,47.36,47.59,46.75,47.01
1080820,1600,47.34,47.56,46.74,47.09
1080821,1600,46.74,47.08,46.38,46.87
1080822,1600,47.12,47.68,47.08,47.49
1080825,1600,47.16,47.21,46.37,46.49
1080826,1600,46.52,46.77,46.12,46.43
1080827,1600,46.45,47.09,46.29,46.73
1080828,1600,46.92,47.28,46.83,47.11
1080829,1600,46.61,47.12,45.92,46.12
1080902,1600,46.87,47.08,45.34,45.55
1080903,1600,45.45,45.64,44.79,45.12
1080904,1600,44.86,44.91,43.66,43.66
1080905,1600,43.28,43.78,42.81,43.45
1080908,1600,44.02,44.22,42.68,43.37
1080909,1600,43.35,43.79,42.35,42.45
1080910,1600,42.86,43.18,42.45,42.8
1080911,1600,42.2,43.69,42.17,43.6
1080912,1600,43.23,43.71,42.9,43.43
1080915,1600,42.4,43.29,42.03,42.08
1080916,1600,41.48,42.84,41.43,42.41
1080917,1600,41.87,42.42,40.19,40.21
1080918,1600,41.1,41.97,39.5,41.57
1080919,1600,43.77,43.83,42.1,42.9
1080922,1600,42.74,42.84,40.8,40.88
1080923,1600,41.2,41.75,40.44,40.57
1080924,1600,40.81,41.26,40.52,40.85
1080925,1600,41.23,42.02,41.03,41.5
1080926,1600,40.31,41.49,40.22,41.08
1080929,1600,40.26,40.38,37.18,37.82
1080930,1600,37.72,39.3,37.6,38.91
1081001,1600,38.84,38.97,38.03,38.5
1081002,1600,38.25,38.25,36.64,36.75
1081003,1600,37.26,38.18,36.1,36.18
1081006,1600,35.26,35.53,32.91,34.86
1081007,1600,35.14,35.2,32.27,32.65
1081008,1600,31.95,34.12,31.84,32.39
1081009,1600,33.15,33.68,30.97,31.52
1081010,1600,30.52,32.48,29.38,31.32
1081013,1600,32.86,35.25,32.4,35.13
1081014,1600,36.15,36.15,33.19,33.61
1081015,1600,33.23,33.35,30.54,30.6
1081016,1600,30.81,32.27,29.25,32.26
1081017,1600,31.67,33.65,31.41,32.3
1081020,1600,32.76,33.26,31.7,33.2
1081021,1600,32.66,33.26,31.48,31.48
1081022,1600,31.37,31.6,29.71,30.61
1081023,1600,30.49,31.09,28.9,30.49
1081024,1600,28.23,30.25,28.09,29.51
1081027,1600,29.17,30.2,28.66,28.69
1081028,1600,29.68,31.88,28.85,31.86
1081029,1600,31.91,33.08,31.25,31.78
1081030,1600,32.67,33.06,31.98,32.84
1081031,1600,32.37,33.43,32.09,32.89
1081103,1600,32.81,33.29,32.51,32.82
1081104,1600,33.46,34.01,32.98,33.75
1081105,1600,33.53,33.6,31.92,31.99
1081106,1600,31.49,31.87,30.4,30.56
1081107,1600,30.92,31.48,30.59,31.19
1081110,1600,31.97,31.97,30.4,30.77
1081111,1600,30.48,30.76,29.72,30.1
1081112,1600,29.65,29.8,28.65,28.71
1081113,1600,28.61,30.53,27.28,30.46
1081114,1600,29.78,30.42,28.87,28.98
1081117,1600,28.49,29.23,28.26,28.37
1081118,1600,28.56,28.75,27.39,28.34
1081119,1600,28.4,28.78,26.79,26.86
1081120,1600,26.53,27.45,25.47,25.56
1081121,1600,26.01,26.68,25.05,26.67
1081124,1600,27.22,28.64,26.98,28.3
1081125,1600,28.61,28.64,27.52,28.17
1081126,1600,27.88,29.36,27.81,29.35
1081128,1600,29.02,29.19,28.83,29.12
1081201,1600,28.5,28.51,26.89,26.93
1081202,1600,27.3,27.89,26.84,27.83
1081203,1600,27.13,28.71,27.07,28.62
1081204,1600,28.17,28.78,27.32,27.81
1081205,1600,27.5,29.07,26.95,28.94
1081208,1600,29.59,30.46,29.44,30.08
1081209,1600,29.68,30.83,29.57,30.01
1081210,1600,30.1,30.46,29.62,29.91
1081211,1600,29.81,30.27,28.94,29.09
1081212,1600,28.69,29.86,28.47,29.68
1081215,1600,29.73,29.76,28.74,29.16
1081216,1600,29.42,30.66,29.1,30.56
1081217,1600,30.25,30.6,29.82,30.19
1081218,1600,30.19,30.4,29.36,29.66
1081219,1600,29.93,30.37,29.66,29.86
1081222,1600,29.86,29.92,28.74,29.21
1081223,1600,29.33,29.62,28.89,29.06
1081224,1600,29.2,29.21,28.98,29.14
1081226,1600,29.2,29.23,28.97,29.13
1081229,1600,29.21,29.24,28.46,28.89
1081230,1600,28.97,29.59,28.94,29.49
1081231,1600,29.46,30.08,29.45,29.74
1090102,1600,29.75,31.13,29.69,31.03
1090105,1600,30.83,31.33,30.59,31.02
1090106,1600,31.25,31.63,31.11,31.33
1090107,1600,30.73,30.9,30.19,30.44
1090108,1600,30.38,30.8,30.08,30.76
1090109,1600,30.77,30.79,29.92,30.07
1090112,1600,30.11,30.15,29.2,29.52
1090113,1600,29.51,29.98,29.18,29.53
1090114,1600,29.19,29.28,28.47,28.63
1090115,1600,28.57,29.34,28.07,29.1
1090116,1600,29.5,29.6,28.7,29.42
1090120,1600,29.3,29.43,27.96,27.96
1090121,1600,28.43,29.19,28.1,29.15
1090122,1600,28.52,29.23,28.26,28.76
1090123,1600,28.29,29.35,28.14,28.9
1090126,1600,28.94,29.59,28.75,29.11
1090127,1600,29.12,29.57,29.12,29.32
1090128,1600,29.81,30.65,29.81,30.35
1090129,1600,29.98,30.4,29.48,29.58
1090130,1600,29.8,29.93,28.94,29.06
1090202,1600,28.78,29.61,28.74,29.41
1090203,1600,29.47,30.43,29.03,29.87
1090204,1600,29.94,30.87,29.79,29.91
1090205,1600,29.48,30.77,29.46,30.57
1090206,1600,30.68,31.51,30.58,31.37
1090209,1600,31.39,31.67,31.19,31.5
1090210,1600,31.3,31.68,30.1,30.34
1090211,1600,30.38,30.53,29.73,30.2
1090212,1600,29.85,30.61,29.64,30.57
1090213,1600,30.48,30.78,30.29,30.43
1090217,1600,29.49,29.67,29.06,29.22
1090218,1600,29.41,29.67,28.87,29.24
1090219,1600,29.42,29.61,28.72,28.79
1090220,1600,28.47,29.15,28.39,28.87
1090223,1600,29.03,29.05,27.73,27.86
1090224,1600,28.01,28.98,27.96,28.78
1090225,1600,28.61,29.17,28.14,28.59
1090226,1600,28.78,28.95,27.7,27.79
1090227,1600,27.5,27.98,27.39,27.53
1090302,1600,27.12,27.51,26.47,26.64
1090303,1600,26.86,27.16,26.42,26.62
1090304,1600,27.01,27.71,26.92,27.33
1090305,1600,27.03,27.24,26.42,26.51
1090306,1600,26.65,26.81,25.71,26.3
1090309,1600,26.09,26.81,25.63,25.74
1090310,1600,26.25,27.39,26.16,27.33
1090311,1600,27.61,27.99,27.26,27.75
1090312,1600,27.73,28.76,27.44,28.67
1090313,1600,28.66,28.84,28.32,28.74
1090316,1600,28.93,28.98,28.19,28.26
1090317,1600,28.4,29.33,28.3,29.33
1090318,1600,29.21,30.2,29.08,29.7
1090319,1600,30.11,30.13,29.46,29.68
1090320,1600,29.69,30.03,28.98,29.18
1090323,1600,29.9,30.94,29.2,30.9
1090324,1600,30.64,30.88,30.31,30.33
1090325,1600,30.59,31.05,29.66,30.47
1090326,1600,30.8,31.46,30.42,31.41
1090327,1600,31.0,31.18,30.71,30.82
1090330,1600,30.3,30.32,29.62,30.06
1090331,1600,30.29,30.95,30.27,30.32
1090401,1600,29.94,30.88,29.79,30.77
1090402,1600,31.32,32.27,31.23,31.76
1090403,1600,32.09,32.4,31.83,32.35
1090406,1600,31.99,32.33,31.65,32.27
1090407,1600,31.92,31.92,31.21,31.42
1090408,1600,31.73,32.15,31.49,31.95
1090409,1600,32.55,33.01,32.43,32.94
1090413,1600,32.84,33.07,32.53,32.89
1090414,1600,32.69,32.88,32.27,32.49
1090415,1600,32.26,32.43,31.85,32.4
1090416,1600,32.85,33.43,32.51,33.24
1090417,1600,33.17,33.5,32.93,33.31
1090420,1600,32.71,32.82,32.06,32.24
1090421,1600,32.12,32.74,32.08,32.69
1090422,1600,32.5,33.53,32.39,32.79
1090423,1600,33.0,33.14,32.49,33.11
1090424,1600,33.34,33.93,33.07,33.69
1090427,1600,33.42,34.06,33.35,33.73
1090428,1600,33.52,33.91,33.36,33.48
1090429,1600,33.75,34.4,33.7,33.94
1090430,1600,34.39,34.9,34.04,34.28
1090501,1600,34.27,34.54,34.01,34.37
1090504,1600,34.68,35.09,34.52,35.05
1090505,1600,34.99,35.06,34.63,35.02
1090506,1600,35.29,35.34,34.46,35.03
1090507,1600,35.27,35.27,33.88,34.21
1090508,1600,34.47,34.74,33.88,34.23
1090511,1600,33.79,34.72,33.68,34.35
1090512,1600,34.42,34.48,33.52,33.93
1090513,1600,33.63,33.65,32.96,33.02
1090514,1600,33.1,33.7,33.08,33.39
1090515,1600,33.34,33.82,33.23,33.37
1090518,1600,33.6,34.28,33.39,34.24
1090519,1600,34.16,34.74,33.95,34.4
1090520,1600,34.53,35.04,34.18,34.28
1090521,1600,34.02,34.26,33.31,33.65
1090522,1600,33.78,33.97,33.32,33.54
1090526,1600,33.25,34.83,33.18,34.79
1090527,1600,34.69,35.19,34.43,34.55
1090528,1600,34.76,35.07,34.21,34.95
1090529,1600,34.97,35.5,34.76,35.38
1090601,1600,35.76,36.5,35.61,36.39
1090602,1600,36.19,36.79,36.11,36.44
1090603,1600,36.33,36.37,35.93,36.33
1090604,1600,36.41,36.79,36.34,36.74
1090605,1600,36.96,37.08,36.42,36.78
1090608,1600,36.55,36.95,36.12,36.67
1090609,1600,36.84,37.17,36.67,36.95
1090610,1600,37.16,37.17,36.29,36.82
1090611,1600,36.77,37.23,36.75,36.82
1090612,1600,36.67,36.72,36.2,36.65
1090615,1600,36.3,36.33,35.58,35.9
1090616,1600,36.04,36.19,35.52,35.55
1090617,1600,35.7,36.21,35.45,35.89
1090618,1600,35.83,36.06,35.57,35.82
1090619,1600,36.05,36.36,35.91,36.16
1090622,1600,35.83,35.89,35.02,35.08
1090623,1600,35.18,35.26,34.77,35.0
1090624,1600,35.3,35.87,35.28,35.59
1090625,1600,35.36,36.36,35.28,36.29
1090626,1600,36.12,36.5,36.05,36.37
1090629,1600,36.47,36.75,36.12,36.45
1090630,1600,36.55,36.73,36.11,36.38
1090701,1600,36.56,36.84,36.39,36.4
1090702,1600,36.09,36.1,35.5,35.6
1090706,1600,35.38,35.54,35.04,35.41
1090707,1600,35.42,35.49,34.51,34.53
1090708,1600,34.74,34.87,34.3,34.71
1090709,1600,34.84,35.01,34.65,34.77
1090710,1600,34.67,35.14,34.56,34.92
1090713,1600,34.95,35.6,34.48,35.59
1090714,1600,35.55,35.79,35.4,35.72
1090715,1600,36.32,36.93,36.14,36.92
1090716,1600,36.75,37.44,36.72,37.36
1090717,1600,37.35,37.57,37.17,37.56
1090720,1600,37.76,38.0,37.61,37.92
1090721,1600,38.07,38.18,37.64,38.18
1090722,1600,38.21,38.69,38.13,38.5
1090723,1600,38.46,39.49,38.39,39.35
1090724,1600,38.93,39.37,38.78,39.05
1090727,1600,39.33,39.41,38.87,39.35
1090728,1600,39.18,39.59,38.93,39.08
1090729,1600,39.32,39.43,39.0,39.34
1090730,1600,39.75,40.18,39.51,39.57
1090731,1600,39.57,39.85,39.41,39.45
1090803,1600,39.87,40.06,39.64,40.04
1090804,1600,39.85,40.19,39.77,40.04
1090805,1600,40.13,40.14,39.46,39.73
1090806,1600,39.82,39.93,39.24,39.38
1090807,1600,39.92,40.07,39.59,39.88
1090810,1600,39.74,39.85,39.34,39.6
1090811,1600,39.47,39.5,39.05,39.26
1090812,1600,39.23,40.22,39.2,39.87
1090813,1600,40.11,40.16,39.64,40.09
1090814,1600,39.87,39.96,39.28,39.63
1090817,1600,38.96,39.01,38.46,38.48
1090818,1600,38.72,39.11,38.61,39.03
1090819,1600,38.57,39.4,38.54,39.3
1090820,1600,39.28,39.84,39.2,39.76
1090821,1600,39.99,40.36,39.74,40.29
1090824,1600,40.36,40.57,40.1,40.25
1090825,1600,40.34,40.76,40.25,40.37
1090826,1600,40.28,40.6,40.08,40.3
1090827,1600,40.29,40.47,39.67,40.4
1090828,1600,40.9,41.08,40.16,40.44
1090831,1600,40.14,40.2,39.79,40.03
1090901,1600,39.89,40.59,39.16,39.28
1090902,1600,39.07,39.47,39.04,39.25
1090903,1600,39.44,39.57,39.02,39.51
1090904,1600,39.58,40.38,39.52,40.36
1090908,1600,40.68,40.78,40.46,40.74
1090909,1600,40.77,41.29,40.59,41.09
1090910,1600,41.11,41.53,41.0,41.48
1090911,1600,41.51,41.62,41.22,41.52
1090914,1600,41.25,41.71,41.21,41.68
1090915,1600,41.65,41.95,41.57,41.81
1090916,1600,42.0,42.48,41.84,42.42
1090917,1600,42.31,42.66,42.21,42.41
1090918,1600,42.54,42.62,42.21,42.44
1090921,1600,42.2,42.7,42.16,42.57
1090922,1600,42.81,42.83,42.44,42.65
1090923,1600,42.83,43.17,42.38,42.45
1090924,1600,42.62,42.69,41.77,42.07
1090925,1600,41.76,42.09,41.58,41.7
1090928,1600,41.93,42.66,41.89,42.41
1090929,1600,42.41,42.62,42.03,42.22
1090930,1600,42.39,42.6,41.6,42.25
1091001,1600,42.1,42.13,41.0,41.0
1091002,1600,40.72,41.25,40.72,40.88
1091005,1600,41.09,41.4,40.83,41.21
1091006,1600,41.44,42.14,41.42,41.94
1091007,1600,41.89,42.08,41.77,42.06
1091008,1600,42.31,42.62,42.14,42.24
1091009,1600,42.15,42.55,42.06,42.48
1091012,1600,42.65,42.87,42.28,42.57
1091013,1600,42.53,42.75,42.37,42.58
1091014,1600,43.11,43.21,42.85,43.16
1091015,1600,42.93,43.12,42.87,43.06
1091016,1600,42.9,42.99,42.48,42.78
1091019,1600,42.81,43.27,42.59,43.21
1091020,1600,43.46,43.46,42.94,43.22
1091021,1600,43.21,43.82,43.06,43.14
1091022,1600,43.06,43.49,42.79,43.31
1091023,1600,43.73,43.73,43.02,43.13
1091026,1600,43.2,43.76,42.79,42.99
1091027,1600,42.93,43.11,42.18,42.34
1091028,1600,42.19,42.32,41.3,41.39
1091029,1600,41.63,42.19,41.54,42.09
1091030,1600,42.06,42.15,40.92,40.96
1091102,1600,41.0,41.57,40.64,41.13
1091103,1600,40.91,41.32,40.84,41.26
1091104,1600,41.53,41.87,41.28,41.33
1091105,1600,41.81,42.4,41.78,42.35
1091106,1600,42.12,42.65,42.08,42.6
1091109,1600,42.93,43.52,42.88,43.51
1091110,1600,43.46,43.77,43.4,43.62
1091111,1600,43.95,44.14,43.61,43.9
1091112,1600,43.93,44.16,43.55,43.65
1091113,1600,43.78,44.14,43.63,44.01
1091116,1600,44.2,44.65,44.12,44.46
1091117,1600,44.34,44.6,44.25,44.6
1091118,1600,44.46,44.49,44.05,44.35
1091119,1600,44.05,44.08,43.35,43.66
1091120,1600,43.43,43.55,43.28,43.44
1091123,1600,43.89,44.4,43.86,44.14
1091124,1600,44.12,44.15,43.73,43.99
1091125,1600,44.14,44.22,44.01,44.18
1091127,1600,42.97,43.83,42.9,43.51
1091130,1600,43.41,43.62,43.11,43.56
1091201,1600,43.89,44.3,43.88,44.01
1091202,1600,44.16,44.49,43.98,44.07
1091203,1600,44.23,44.5,43.88,43.89
1091204,1600,44.45,44.73,43.66,44.12
1091207,1600,44.09,44.29,43.82,43.91
1091208,1600,43.66,44.0,43.36,43.64
1091209,1600,43.6,44.12,43.32,44.08
1091210,1600,44.27,44.54,44.24,44.3
1091211,1600,44.54,44.59,43.95,44.13
1091214,1600,44.43,44.6,44.19,44.55
1091215,1600,44.41,44.67,44.17,44.3
1091216,1600,44.47,44.7,44.29,44.36
1091217,1600,44.16,44.21,43.76,43.82
1091218,1600,44.16,44.48,44.0,44.46
1091221,1600,44.69,45.13,44.67,44.96
1091222,1600,45.11,45.29,45.03,45.23
1091223,1600,45.32,45.57,45.21,45.56
1091224,1600,45.61,45.98,45.6,45.98
1091228,1600,46.09,46.3,45.94,46.22
1091229,1600,46.23,46.25,45.99,46.03
1091230,1600,45.98,46.26,45.96,46.17
1091231,1600,46.26,46.28,45.75,45.75
1100104,1600,46.33,46.49,46.27,46.42
1100105,1600,46.39,46.5,46.16,46.42
1100106,1600,46.4,46.55,46.07,46.14
1100107,1600,46.21,46.27,45.92,46.17
1100108,1600,46.07,46.55,45.93,46.55
1100111,1600,46.61,46.64,46.12,46.36
1100112,1600,46.08,46.14,45.53,45.78
1100113,1600,45.92,46.49,45.61,46.35
1100114,1600,46.26,46.52,46.22,46.39
1100115,1600,46.47,46.55,45.65,45.85
1100119,1600,45.96,46.64,45.95,46.59
1100120,1600,46.26,46.6,45.43,45.92
1100121,1600,46.05,46.35,45.3,45.49
1100122,1600,45.34,45.48,44.04,44.16
1100125,1600,44.43,44.6,44.12,44.31
1100126,1600,44.26,44.89,44.05,44.35
1100127,1600,44.27,44.85,44.01,44.7
1100128,1600,44.4,44.43,43.32,43.55
1100129,1600,43.91,44.02,42.63,42.79
1100201,1600,42.9,43.28,42.88,43.26
1100202,1600,43.33,43.78,43.03,43.65
1100203,1600,43.44,43.97,43.42,43.89
1100204,1600,43.57,43.66,42.62,42.62
1100205,1600,42.73,43.02,42.12,42.98
1100208,1600,42.91,43.18,42.64,42.67
1100209,1600,43.18,43.51,42.76,43.11
1100210,1600,43.11,43.31,42.75,43.02
1100211,1600,43.03,43.79,42.76,43.67
1100212,1600,43.28,43.88,43.16,43.76
1100216,1600,44.08,44.35,43.85,44.32
1100217,1600,44.52,44.57,44.26,44.57
1100218,1600,44.54,44.93,44.45,44.85
1100219,1600,44.73,45.05,44.62,44.83
1100222,1600,45.01,45.03,44.56,44.74
1100223,1600,44.71,44.74,43.95,44.16
1100224,1600,44.39,44.79,44.32,44.61
1100225,1600,44.14,44.7,43.83,44.6
1100226,1600,44.59,44.86,44.4,44.76
1100301,1600,44.96,45.49,44.95,45.41
1100302,1600,45.57,45.85,45.45,45.55
1100303,1600,45.66,45.82,45.43,45.6
1100304,1600,45.63,45.81,45.4,45.75
1100305,1600,46.09,46.54,45.99,46.44
1100308,1600,46.46,46.64,46.44,46.53
1100309,1600,46.43,47.05,46.4,46.79
1100310,1600,46.82,47.28,46.8,47.17
1100311,1600,47.06,47.35,46.98,47.35
1100312,1600,47.5,47.53,47.1,47.36
1100315,1600,47.26,47.38,46.91,47.24
1100316,1600,47.39,47.61,47.23,47.54
1100317,1600,47.61,47.9,47.53,47.67
1100318,1600,47.71,47.88,47.6,47.83
1100319,1600,47.92,47.95,47.32,47.49
1100322,1600,47.3,48.11,47.25,47.92
1100323,1600,47.99,48.3,47.77,48.25
1100324,1600,48.17,48.17,47.91,48.02
1100325,1600,48.42,48.6,47.9,47.95
1100326,1600,48.15,48.33,47.74,48.0
1100329,1600,48.24,48.4,48.1,48.23
1100330,1600,48.38,48.55,48.06,48.39
1100331,1600,48.24,48.45,48.07,48.16
1100401,1600,48.36,48.7,47.79,48.16
1100405,1600,48.27,48.72,48.14,48.61
1100406,1600,48.5,48.9,48.39,48.75
1100407,1600,48.68,48.87,48.37,48.63
1100408,1600,48.49,48.82,48.24,48.74
1100409,1600,48.75,49.05,48.63,49.03
1100412,1600,49.05,49.2,48.94,49.07
1100413,1600,49.02,49.35,48.86,49.32
1100414,1600,49.58,49.92,49.5,49.91
1100415,1600,49.87,50.19,49.87,50.13
1100416,1600,49.95,50.12,49.2,49.53
1100419,1600,49.35,49.66,48.9,49.5
1100420,1600,49.77,49.88,49.43,49.75
1100421,1600,50.09,50.19,49.72,50.03
1100422,1600,49.55,50.36,49.26,50.31
1100423,1600,50.3,50.57,50.09,50.52
1100426,1600,50.57,50.65,50.3,50.41
1100427,1600,50.21,50.43,49.21,49.34
1100428,1600,49.6,49.63,48.98,49.37
1100429,1600,49.65,50.33,49.61,50.23
1100430,1600,50.21,50.29,49.2,49.24
1100503,1600,49.45,50.17,49.43,49.93
1100504,1600,49.32,49.32,48.08,48.43
1100505,1600,47.92,48.5,47.64,48.18
1100506,1600,47.85,48.32,42.64,46.57
1100507,1600,46.22,46.8,44.28,45.41
1100510,1600,47.43,47.8,47.31,47.77
1100511,1600,47.29,48.39,47.2,47.72
1100512,1600,47.98,48.66,47.9,48.62
1100513,1600,48.41,48.79,47.73,47.85
1100514,1600,47.49,47.52,46.38,46.93
1100517,1600,47.02,47.27,46.07,47.08
1100518,1600,47.48,47.58,46.22,46.43
1100519,1600,46.26,46.63,45.55,46.06
1100520,1600,45.16,45.28,44.25,44.35
1100521,1600,43.66,45.64,43.49,44.84
1100524,1600,44.82,45.33,44.64,44.66
1100525,1600,43.68,44.76,43.23,44.7
1100526,1600,45.01,45.57,44.12,44.2
1100527,1600,45.2,45.89,45.09,45.87
1100528,1600,45.95,45.99,45.2,45.6
1100601,1600,45.43,46.25,45.13,45.18
1100602,1600,45.44,46.28,45.13,46.25
1100603,1600,46.38,46.77,46.08,46.69
1100604,1600,45.7,46.29,44.94,45.09
1100607,1600,45.32,45.46,44.22,44.27
1100608,1600,44.35,44.48,43.59,44.19
1100609,1600,44.5,44.91,43.69,43.82
1100610,1600,44.36,45.12,44.24,45.07
1100611,1600,44.61,45.54,44.61,45.5
1100614,1600,45.92,46.24,45.41,45.49
1100615,1600,45.73,46.77,45.45,46.71
1100616,1600,46.58,47.14,46.5,46.9
1100617,1600,47.16,47.18,46.64,47.05
1100618,1600,47.05,47.34,46.86,47.0
1100621,1600,47.6,47.68,46.33,46.6
1100622,1600,46.8,47.14,46.15,46.24
1100623,1600,46.29,46.47,45.69,46.05
1100624,1600,45.85,45.99,45.2,45.35
1100625,1600,45.51,45.66,44.95,45.27
1100628,1600,45.27,45.55,44.81,45.11
1100629,1600,44.42,44.46,43.07,43.37
1100630,1600,43.23,43.67,42.64,42.71
1100701,1600,42.84,42.96,41.77,42.59
1100702,1600,42.66,42.82,42.09,42.47
1100706,1600,43.1,43.37,42.25,42.6
1100707,1600,42.74,44.01,42.7,43.96
1100708,1600,44.31,44.38,43.68,44.2
1100709,1600,44.18,44.63,44.08,44.62
1100712,1600,44.58,45.03,44.46,44.75
1100713,1600,45.14,45.5,44.8,45.33
1100714,1600,45.42,45.81,45.24,45.56
1100715,1600,45.47,45.74,44.99,45.6
1100716,1600,45.44,45.63,44.3,44.34
1100719,1600,44.47,44.81,44.1,44.72
1100720,1600,44.0,45.26,43.86,45.26
1100721,1600,45.74,45.76,44.56,44.64
1100722,1600,45.27,45.98,45.24,45.77
1100723,1600,45.46,46.1,45.38,46.06
1100726,1600,46.12,46.46,45.91,46.44
1100727,1600,46.64,46.72,46.21,46.42
1100728,1600,46.37,46.58,45.88,46.05
1100729,1600,46.32,46.41,45.25,45.71
1100730,1600,45.33,46.09,45.07,45.81
1100802,1600,46.39,46.79,46.21,46.67
1100803,1600,46.64,46.7,46.25,46.47
1100804,1600,46.68,46.99,46.5,46.94
1100805,1600,46.71,46.92,46.52,46.83
1100806,1600,46.32,46.85,46.05,46.76
1100809,1600,47.0,47.19,46.79,47.08
1100810,1600,46.7,46.95,46.28,46.67
1100811,1600,45.9,45.92,45.21,45.4
1100812,1600,44.53,45.24,44.45,45.04
1100813,1600,44.87,45.06,44.71,44.72
1100816,1600,44.5,45.11,44.3,44.8
1100817,1600,45.12,45.78,45.03,45.37
1100818,1600,45.28,45.82,45.11,45.55
1100819,1600,45.28,45.46,44.56,44.86
1100820,1600,44.79,45.03,44.54,44.92
1100823,1600,45.2,45.34,44.46,44.48
1100824,1600,43.97,44.12,43.47,43.65
1100825,1600,43.34,44.26,43.27,44.07
1100826,1600,44.22,44.32,43.5,43.54
1100827,1600,43.86,44.16,42.97,44.07
1100830,1600,43.86,44.25,43.6,43.61
1100831,1600,43.38,43.85,43.18,43.46
1100901,1600,44.1,44.91,44.07,44.76
1100902,1600,44.84,45.28,44.73,45.26
1100903,1600,45.76,46.02,45.55,46.01
1100907,1600,45.82,46.03,45.63,45.7
1100908,1600,45.83,46.45,45.82,46.25
1100909,1600,46.66,46.7,46.32,46.43
1100910,1600,46.48,46.67,46.25,46.6
1100913,1600,46.96,47.37,46.94,47.25
1100914,1600,47.19,47.7,47.08,47.45
1100915,1600,47.33,47.8,47.19,47.75
1100916,1600,47.66,47.98,47.54,47.94
1100917,1600,48.14,48.14,47.75,47.99
1100920,1600,48.17,48.93,48.11,48.83
1100921,1600,48.86,49.17,48.61,48.82
1100922,1600,48.62,49.02,48.42,48.69
1100923,1600,48.37,49.16,48.32,48.67
1100924,1600,49.22,49.69,49.15,49.66
1100927,1600,49.63,49.75,49.35,49.39
1100928,1600,49.51,49.54,48.59,49.37
1100929,1600,49.3,49.53,49.11,49.29
1100930,1600,49.54,49.84,48.75,49.07
1101001,1600,49.48,49.53,48.78,49.01
1101004,1600,48.87,49.05,48.2,48.48
1101005,1600,49.03,49.76,49.0,49.66
1101006,1600,49.6,49.71,48.91,49.23
1101007,1600,49.51,49.54,49.0,49.41
1101008,1600,49.43,49.87,49.08,49.75
1101011,1600,49.78,50.02,49.62,49.77
1101012,1600,49.69,50.21,49.26,50.11
1101013,1600,50.43,50.75,50.28,50.52
1101014,1600,50.55,50.64,50.17,50.42
1101015,1600,51.04,51.5,50.63,51.49
1101018,1600,51.5,51.72,51.3,51.3
1101019,1600,50.82,51.3,50.42,50.82
1101020,1600,50.96,51.57,50.87,51.19
1101021,1600,51.51,51.71,50.79,51.29
1101022,1600,51.3,51.69,51.21,51.64
1101025,1600,51.85,52.23,51.85,51.89
1101026,1600,51.63,52.15,51.42,52.03
1101027,1600,51.76,52.23,51.66,52.19
1101028,1600,52.41,52.45,51.84,52.3
1101029,1600,52.3,52.49,52.17,52.18
1101101,1600,52.37,52.75,51.98,52.22
1101102,1600,52.65,52.93,52.58,52.78
1101103,1600,52.83,53.04,52.36,53.02
1101104,1600,53.6,53.86,53.5,53.67
1101105,1600,53.7,53.81,53.51,53.67
1101108,1600,53.58,53.83,53.45,53.74
1101109,1600,53.95,54.04,53.21,53.45
1101110,1600,53.52,53.77,53.1,53.72
1101111,1600,52.91,53.48,52.66,53.38
1101112,1600,53.1,53.37,52.11,52.51
1101115,1600,52.78,52.88,52.29,52.31
1101116,1600,51.94,52.25,50.85,51.45
1101117,1600,51.48,51.87,51.35,51.6
1101118,1600,52.16,52.79,52.13,52.43
1101119,1600,52.36,52.59,52.14,52.47
1101122,1600,52.26,52.91,52.17,52.91
1101123,1600,52.37,52.45,51.77,52.07
1101124,1600,52.58,53.25,52.56,53.12
1101126,1600,52.78,53.13,52.67,52.77
1101129,1600,52.7,52.9,52.1,52.73
1101130,1600,52.18,52.74,51.88,52.09
1101201,1600,52.86,53.46,52.84,53.19
1101202,1600,53.27,53.81,53.21,53.73
1101203,1600,53.5,53.94,53.5,53.87
1101206,1600,53.88,53.95,53.68,53.85
1101207,1600,54.5,54.52,53.82,53.88
1101208,1600,54.02,54.15,53.69,54.08
1101209,1600,54.41,54.44,53.95,54.13
1101210,1600,54.29,54.55,54.09,54.49
1101213,1600,54.7,54.74,54.27,54.3
1101214,1600,54.44,54.62,54.23,54.4
1101215,1600,54.37,54.7,54.03,54.16
1101216,1600,54.21,54.66,54.06,54.58
1101217,1600,54.54,54.68,54.41,54.52
1101220,1600,54.62,54.76,54.16,54.56
1101221,1600,54.77,54.89,54.62,54.89
1101222,1600,54.87,54.96,54.79,54.88
1101223,1600,54.78,54.87,54.61,54.74
1101227,1600,54.58,54.86,54.21,54.77
1101228,1600,54.88,54.92,54.55,54.67
1101229,1600,54.82,54.9,54.73,54.79
1101230,1600,54.79,54.8,54.55,54.66
1101231,1600,54.59,54.62,54.21,54.46
1110103,1600,54.97,55.69,54.95,55.31
1110104,1600,55.51,55.55,54.92,55.27
1110105,1600,55.1,55.76,55.07,55.74
1110106,1600,55.8,55.96,55.68,55.92
1110107,1600,56.02,56.05,55.32,55.87
1110110,1600,55.75,56.18,55.58,56.08
1110111,1600,56.31,56.36,55.95,56.16
1110112,1600,56.43,56.56,56.2,56.56
1110113,1600,56.6,56.73,56.41,56.58
1110114,1600,56.6,57.02,56.46,57.0
1110118,1600,56.57,57.23,56.49,57.16
1110119,1600,57.26,57.26,56.32,56.51
1110120,1600,56.27,56.35,55.68,56.11
1110121,1600,56.39,56.49,55.65,55.68
1110124,1600,55.79,56.46,55.68,56.45
1110125,1600,56.17,56.55,56.05,56.53
1110126,1600,56.61,56.98,56.45,56.83
1110127,1600,57.01,57.35,56.92,57.18
1110128,1600,57.17,57.22,55.47,55.73
1110131,1600,55.81,56.16,55.39,56.0
1110201,1600,56.42,57.18,56.36,57.05
1110202,1600,56.93,57.17,56.84,56.96
1110203,1600,56.85,57.14,56.4,57.06
1110204,1600,57.05,57.42,56.9,57.38
1110207,1600,57.49,57.97,57.4,57.65
1110208,1600,57.67,58.07,57.56,58.03
1110209,1600,57.94,58.12,57.75,57.93
1110210,1600,57.55,58.1,57.49,58.02
1110211,1600,57.85,58.48,57.77,58.44
1110214,1600,58.44,58.66,58.38,58.58
1110215,1600,58.44,58.57,58.23,58.5
1110216,1600,58.65,59.04,58.63,58.88
1110217,1600,58.59,58.97,58.55,58.86
1110218,1600,58.86,58.97,58.51,58.73
1110222,1600,57.93,58.13,56.94,57.03
1110223,1600,57.03,57.23,56.13,56.56
1110224,1600,56.68,57.03,56.14,56.86
1110225,1600,57.18,57.72,57.12,57.65
1110228,1600,57.88,58.05,57.43,57.77
1110301,1600,58.02,58.02,56.7,56.84
1110302,1600,56.81,57.51,56.79,57.14
1110303,1600,57.67,58.37,57.67,58.27
1110304,1600,58.25,58.26,57.59,57.97
1110307,1600,58.21,58.26,56.67,57.19
1110308,1600,57.12,57.68,56.77,57.42
1110309,1600,57.21,57.27,56.72,57.03
1110310,1600,56.39,56.52,55.91,56.14
1110311,1600,55.82,56.66,55.82,56.49
1110314,1600,56.18,56.59,55.86,56.29
1110315,1600,54.64,55.82,54.47,55.49
1110316,1600,55.03,55.34,53.77,54.15
1110317,1600,55.01,55.24,54.13,54.65
1110318,1600,55.22,55.22,54.41,54.45
1110321,1600,55.28,55.78,54.5,55.5
1110322,1600,55.58,55.61,55.28,55.4
1110323,1600,55.2,55.87,54.82,55.71
1110324,1600,56.13,56.82,55.82,56.7
1110325,1600,56.88,57.22,56.73,56.84
1110328,1600,57.09,57.1,56.5,56.53
1110329,1600,56.4,57.08,56.23,57.08
1110330,1600,57.36,57.43,57.08,57.35
1110331,1600,57.25,57.48,57.15,57.43
1110401,1600,57.72,57.9,57.29,57.46
1110404,1600,57.62,57.68,57.02,57.27
1110405,1600,57.16,57.49,57.0,57.12
1110406,1600,57.56,57.73,56.93,57.26
1110407,1600,57.24,57.6,56.81,57.22
1110408,1600,57.48,57.57,56.65,56.95
1110411,1600,57.17,57.29,56.56,56.76
1110412,1600,56.5,56.64,56.15,56.37
1110413,1600,56.79,57.0,56.4,56.85
1110414,1600,56.46,56.83,56.23,56.75
1110415,1600,56.53,56.87,56.28,56.65
1110418,1600,56.08,56.27,55.32,56.25
1110419,1600,56.4,56.6,56.1,56.6
1110420,1600,57.6,57.94,57.53,57.88
1110421,1600,58.44,58.47,58.16,58.34
1110425,1600,58.39,58.52,58.28,58.49
1110426,1600,58.64,59.03,58.51,58.82
1110427,1600,58.93,59.29,58.66,59.22
1110428,1600,59.04,59.23,58.88,59.13
1110429,1600,59.02,59.29,58.98,59.08
1110502,1600,59.17,59.34,58.82,58.97
1110503,1600,58.94,59.0,58.33,58.69
1110504,1600,58.72,58.87,58.11,58.6
1110505,1600,58.31,58.97,58.08,58.28
1110506,1600,58.86,59.2,58.31,58.47
1110509,1600,58.57,58.92,58.34,58.69
1110510,1600,58.86,59.28,58.78,59.19
1110511,1600,59.1,59.31,58.36,58.76
1110512,1600,58.58,59.19,58.24,59.11
1110513,1600,58.97,59.07,58.39,58.41
1110516,1600,58.14,58.32,57.27,57.4
1110517,1600,57.1,57.57,56.98,57.56
1110518,1600,57.48,58.14,57.41,58.04
1110519,1600,58.22,58.34,57.85,58.21
1110520,1600,58.15,58.21,57.69,57.77
1110523,1600,56.98,57.15,56.65,56.92
1110524,1600,57.06,57.07,56.56,56.57
1110525,1600,56.5,57.06,56.47,56.79
1110526,1600,56.62,57.3,56.61,57.14
1110527,1600,57.24,57.49,57.19,57.43
1110531,1600,57.97,58.36,57.67,58.36
1110601,1600,58.22,58.36,57.04,57.09
1110602,1600,57.2,57.41,56.89,57.21
1110603,1600,56.55,56.99,56.27,56.35
1110606,1600,56.22,56.53,55.86,55.89
1110607,1600,56.04,56.26,55.75,55.79
1110608,1600,55.67,55.77,55.23,55.39
1110609,1600,55.41,55.76,55.23,55.49
1110610,1600,55.23,55.34,54.59,54.64
1110613,1600,54.67,54.93,54.45,54.64
1110614,1600,55.06,55.47,55.03,55.34
1110615,1600,54.81,55.15,54.18,54.29
1110616,1600,54.32,54.5,53.62,54.08
1110617,1600,54.4,54.6,53.63,53.79
1110620,1600,53.64,54.23,53.64,54.07
1110621,1600,54.26,55.29,54.03,55.23
1110622,1600,55.0,55.32,54.82,54.83
1110623,1600,54.24,55.37,54.06,55.34
1110624,1600,55.08,55.13,54.27,54.38
1110627,1600,54.44,55.53,54.32,55.25
1110628,1600,55.37,56.08,55.29,56.07
1110629,1600,56.2,56.41,55.9,56.3
1110630,1600,56.5,57.09,56.47,57.05
1110701,1600,57.08,57.99,56.92,57.91
1110705,1600,57.97,58.26,57.83,58.2
1110706,1600,58.13,58.49,57.94,58.39
1110707,1600,58.83,59.36,58.74,59.19
1110708,1600,58.68,59.04,58.37,59.03
1110711,1600,58.41,58.71,57.76,57.96
1110712,1600,57.95,58.07,57.46,57.52
1110713,1600,57.94,58.34,57.55,57.76
1110714,1600,57.91,58.18,56.87,57.09
1110715,1600,57.73,57.85,57.31,57.85
1110718,1600,57.53,57.79,56.98,57.54
1110719,1600,58.09,58.9,58.09,58.85
1110720,1600,59.18,59.19,58.5,58.6
1110721,1600,58.66,59.32,58.34,58.99
1110722,1600,58.96,59.7,58.92,59.6
1110725,1600,59.13,59.81,59.02,59.48
1110726,1600,59.44,59.83,59.32,59.63
1110727,1600,59.24,59.29,57.94,58.09
1110728,1600,58.12,58.93,57.89,58.19
1110729,1600,57.72,58.61,57.44,58.0
1110801,1600,58.7,58.82,57.03,57.73
1110802,1600,57.46,57.72,56.21,56.27
1110803,1600,56.34,56.88,55.35,56.81
1110804,1600,56.0,56.09,54.17,54.17
1110805,1600,54.72,55.03,52.32,53.83
1110808,1600,52.18,53.12,50.59,50.59
1110809,1600,51.35,53.08,49.93,53.03
1110810,1600,51.83,53.04,50.8,50.86
1110811,1600,51.59,53.69,51.34,53.1
1110812,1600,53.43,53.9,52.88,53.57
1110815,1600,53.79,54.36,53.53,54.36
1110816,1600,53.83,54.35,53.18,53.9
1110817,1600,53.97,54.42,53.02,53.58
1110818,1600,52.13,52.14,50.48,50.95
1110819,1600,50.42,51.67,49.99,50.03
1110822,1600,51.23,51.24,50.06,50.21
1110823,1600,50.55,52.28,50.34,52.28
1110824,1600,52.13,52.79,51.71,52.69
1110825,1600,52.66,52.9,51.65,51.83
1110826,1600,51.66,53.31,51.15,53.13
1110829,1600,53.66,54.67,53.64,54.61
1110830,1600,54.41,55.3,54.11,54.97
1110831,1600,55.3,55.74,54.6,55.06
1110901,1600,55.2,55.64,54.46,54.56
1110902,1600,53.58,54.61,52.99,53.28
1110906,1600,52.04,53.37,51.91,53.29
1110907,1600,54.05,54.65,53.9,54.64
1110908,1600,54.36,55.17,54.21,54.39
1110909,1600,54.01,54.24,52.85,53.18
1110912,1600,52.59,53.9,52.57,53.86
1110913,1600,54.06,54.69,53.8,54.58
1110914,1600,54.86,55.98,54.32,55.36
1110915,1600,55.96,56.28,55.39,56.18
1110916,1600,56.2,56.65,56.09,56.59
1110919,1600,55.89,56.91,55.43,56.61
1110920,1600,56.9,57.35,56.23,56.36
1110921,1600,56.65,56.93,55.37,55.38
1110922,1600,53.97,54.46,52.75,53.58
1110923,1600,53.13,54.38,53.09,54.15
1110926,1600,54.42,54.88,53.21,54.78
1110927,1600,55.71,56.2,54.98,55.35
1110928,1600,55.59,55.97,54.4,54.53
1110929,1600,55.36,55.43,52.97,53.88
1110930,1600,53.16,53.61,52.46,52.49
1111003,1600,52.02,52.85,51.11,51.14
1111004,1600,50.62,52.29,50.1,52.19
1111005,1600,52.06,53.68,51.66,53.53
1111006,1600,53.46,54.44,53.21,54.43
1111007,1600,54.4,54.66,53.72,54.07
1111010,1600,54.99,55.94,54.89,55.94
1111011,1600,55.79,56.46,55.7,56.32
1111012,1600,56.86,57.23,56.56,56.6
1111013,1600,56.49,57.19,56.43,57.12
1111014,1600,57.82,58.19,57.51,58.18
1111017,1600,57.91,58.09,56.97,57.28
1111018,1600,57.19,58.29,56.66,57.99
1111019,1600,57.67,57.85,56.68,56.87
1111020,1600,56.86,56.92,55.79,56.59
1111021,1600,57.19,57.66,56.78,57.3
1111024,1600,57.51,58.65,57.31,58.49
1111025,1600,58.3,58.32,57.22,57.34
1111026,1600,57.66,57.78,56.21,57.27
1111027,1600,58.64,59.2,58.03,58.85
1111028,1600,58.52,59.01,58.5,58.94
1111031,1600,58.43,58.64,57.91,57.95
1111101,1600,56.52,57.91,56.12,56.44
1111102,1600,57.03,57.16,56.38,56.92
1111103,1600,57.37,58.18,56.71,58.1
1111104,1600,57.82,58.05,57.22,57.8
1111107,1600,57.76,58.25,57.17,58.21
1111108,1600,58.63,58.98,57.97,58.88
1111109,1600,57.74,57.83,56.63,56.81
1111110,1600,57.37,57.42,56.23,56.78
1111111,1600,57.27,58.02,57.2,57.85
1111114,1600,57.69,58.01,57.28,57.49
1111115,1600,57.32,58.36,57.26,58.13
1111116,1600,57.71,58.16,57.06,57.17
1111117,1600,57.02,57.04,55.48,55.83
1111118,1600,55.84,55.9,55.3,55.4
1111121,1600,54.65,54.73,53.78,54.34
1111122,1600,54.2,54.68,53.87,54.52
1111123,1600,54.11,54.17,53.26,53.29
1111125,1600,53.06,53.67,52.87,52.88
1111128,1600,54.17,54.79,54.14,54.72
1111129,1600,54.69,55.1,54.22,54.38
1111130,1600,55.86,56.44,55.67,56.39
1111201,1600,56.38,56.93,56.35,56.78
1111202,1600,57.34,57.34,56.57,56.62
1111205,1600,57.47,57.62,56.92,57.24
1111206,1600,57.29,57.45,56.89,57.08
1111207,1600,56.92,57.34,56.35,57.08
1111208,1600,56.71,57.15,56.01,56.12
1111209,1600,56.26,57.19,56.24,57.02
1111212,1600,56.42,57.01,55.9,56.38
1111213,1600,56.75,56.98,55.53,55.76
1111214,1600,55.55,55.59,54.58,54.89
1111215,1600,55.36,55.42,54.66,54.74
1111216,1600,54.87,55.61,54.77,54.86
1111219,1600,55.07,55.2,54.17,54.32
1111220,1600,55.2,56.0,55.17,55.93
1111221,1600,55.6,55.64,54.49,55.13
1111222,1600,55.25,55.63,55.17,55.6
1111223,1600,55.71,56.08,55.58,56.08
1111227,1600,55.99,56.42,55.93,56.24
1111228,1600,56.17,56.26,55.44,55.59
1111229,1600,55.68,56.03,55.5,55.99
1111230,1600,55.87,56.12,55.82,55.83
1120103,1600,56.91,57.19,56.75,56.9
1120104,1600,56.81,57.22,56.56,57.14
1120105,1600,57.02,57.66,56.8,57.61
1120106,1600,57.62,57.94,57.4,57.81
1120109,1600,57.96,57.98,57.43,57.62
1120110,1600,58.23,58.4,57.64,58.04
1120111,1600,58.03,58.29,57.81,58.16
1120112,1600,58.29,58.47,57.86,58.39
1120113,1600,58.08,58.2,57.68,58.18
1120117,1600,58.69,58.96,58.49,58.71
1120118,1600,58.82,59.49,58.68,59.49
1120119,1600,59.76,59.97,59.65,59.86
1120120,1600,59.6,59.8,59.56,59.77
1120123,1600,59.78,60.21,59.44,59.79
1120124,1600,59.52,59.84,59.41,59.68
1120125,1600,60.26,60.58,59.83,60.43
1120126,1600,60.69,60.8,59.93,60.22
1120127,1600,60.09,60.51,60.06,60.4
1120130,1600,59.89,60.54,59.66,60.45
1120131,1600,60.75,60.86,60.14,60.53
1120201,1600,60.88,61.24,60.66,61.02
1120202,1600,61.22,61.41,60.97,61.21
1120203,1600,61.78,62.12,61.68,62.05
1120206,1600,61.82,62.02,61.66,62.0
1120207,1600,61.95,62.25,61.67,62.13
1120208,1600,62.14,62.46,61.91,62.46
1120209,1600,62.7,62.98,62.32,62.91
1120210,1600,62.46,62.64,62.25,62.47
1120213,1600,62.94,63.13,62.65,63.05
1120214,1600,62.91,63.22,62.69,63.21
1120215,1600,63.51,63.86,62.67,62.77
1120216,1600,62.79,63.7,62.63,63.63
1120217,1600,63.64,63.69,63.15,63.43
1120221,1600,63.5,63.89,63.21,63.61
1120222,1600,63.49,63.68,63.23,63.32
1120223,1600,63.4,63.81,63.09,63.74
1120224,1600,63.92,64.07,63.8,63.96
1120227,1600,63.61,64.26,63.33,64.05
1120228,1600,64.11,64.7,64.03,64.7
1120229,1600,64.75,64.96,64.2,64.41
1120301,1600,64.65,64.98,64.46,64.92
1120302,1600,64.83,65.08,64.66,64.87
1120305,1600,64.83,64.91,63.99,64.2
1120306,1600,63.57,63.72,63.23,63.57
1120307,1600,63.87,64.21,63.77,64.06
1120308,1600,64.44,64.94,64.3,64.75
1120309,1600,64.86,65.14,64.82,65.02
1120312,1600,65.0,65.11,64.72,65.05
1120313,1600,65.4,66.26,65.27,66.26
1120314,1600,66.33,66.74,66.08,66.49
1120315,1600,66.69,66.82,66.35,66.68
1120316,1600,66.67,66.67,66.36,66.52
1120319,1600,66.63,67.15,66.45,66.99
1120320,1600,66.64,67.18,66.46,67.11
1120321,1600,67.12,67.49,67.03,67.12
1120322,1600,66.72,67.14,66.68,66.98
1120323,1600,67.06,67.08,66.56,66.94
1120326,1600,67.39,68.11,67.33,68.11
1120327,1600,68.16,68.49,68.13,68.21
1120328,1600,68.25,68.51,67.54,67.94
1120329,1600,67.6,67.93,67.2,67.68
1120330,1600,67.98,68.02,67.28,67.55
1120402,1600,67.48,68.34,67.36,68.25
1120403,1600,68.31,68.55,67.85,68.23
1120404,1600,67.72,67.76,66.91,67.3
1120405,1600,67.18,67.78,67.13,67.72
1120409,1600,66.88,67.48,66.76,67.21
1120410,1600,67.18,67.44,65.92,66.13
1120411,1600,66.71,66.89,66.28,66.45
1120412,1600,66.58,67.28,66.48,67.21
1120413,1600,66.98,67.2,66.16,66.19
1120416,1600,66.52,66.56,65.24,65.45
1120417,1600,65.73,66.99,65.63,66.78
1120418,1600,66.59,67.0,66.41,66.61
1120419,1600,66.37,67.17,65.62,65.86
1120420,1600,66.22,66.51,65.58,65.68
1120423,1600,65.06,65.18,64.49,65.08
1120424,1600,64.96,65.23,64.45,64.73
1120425,1600,66.07,66.49,65.97,66.45
1120426,1600,66.44,66.99,66.35,66.84
1120427,1600,67.12,67.45,66.77,67.24
1120430,1600,67.04,67.17,66.71,66.76
1120501,1600,66.69,67.63,66.59,66.87
1120502,1600,66.54,67.11,66.38,67.06
1120503,1600,67.1,67.15,66.18,66.35
1120504,1600,65.74,66.35,64.69,64.7
1120507,1600,64.31,65.07,64.29,64.76
1120508,1600,64.35,64.74,63.48,64.52
1120509,1600,63.77,64.68,63.51,64.32
1120510,1600,64.61,64.63,63.95,64.19
1120511,1600,63.97,64.86,63.91,64.18
1120514,1600,63.63,64.08,63.48,63.58
1120515,1600,63.75,64.27,63.26,63.37
1120516,1600,63.59,63.78,62.81,62.94
1120517,1600,62.96,63.06,61.6,61.61
1120518,1600,61.8,61.96,60.76,60.81
1120521,1600,60.93,62.57,60.85,62.51
1120522,1600,62.69,62.95,61.99,62.44
1120523,1600,61.91,62.71,61.37,62.56
1120524,1600,62.65,62.71,61.69,62.15
1120525,1600,62.21,62.32,61.89,62.07
1120529,1600,62.65,63.15,62.28,62.86
1120530,1600,62.29,62.55,61.68,62.33
1120531,1600,62.25,62.41,61.59,62.06
1120601,1600,60.94,61.32,60.39,60.41
1120604,1600,60.58,60.96,60.04,60.87
1120605,1600,60.66,61.24,60.63,61.12
1120606,1600,61.58,62.57,61.52,62.52
1120607,1600,63.18,63.18,62.22,62.27
1120608,1600,62.17,62.95,61.96,62.87
1120611,1600,63.35,63.38,61.77,61.81
1120612,1600,62.1,62.59,61.68,62.56
1120613,1600,62.38,62.85,61.92,62.13
1120614,1600,62.12,62.61,61.8,62.36
1120615,1600,62.39,63.08,62.36,62.99
1120618,1600,62.73,63.74,62.63,63.58
1120619,1600,63.9,64.51,63.85,64.24
1120620,1600,64.38,64.57,63.81,64.29
1120621,1600,64.24,64.31,62.62,62.69
1120622,1600,62.9,63.43,62.73,63.35
1120625,1600,62.83,62.85,61.95,62.13
1120626,1600,62.34,62.7,62.06,62.52
1120627,1600,62.76,63.18,62.69,62.9
1120628,1600,62.43,62.47,61.54,62.2
1120629,1600,63.4,64.16,63.21,64.16
1120702,1600,64.25,64.38,63.87,64.35
1120703,1600,64.39,64.89,64.29,64.89
1120705,1600,64.83,65.25,64.48,64.93
1120706,1600,64.63,64.69,63.65,64.12
1120709,1600,64.05,64.26,63.68,64.0
1120710,1600,64.35,64.51,63.12,63.37
1120711,1600,63.29,63.46,62.5,63.02
1120712,1600,62.52,62.69,61.86,62.43
1120713,1600,62.6,63.52,62.56,63.38
1120716,1600,63.24,63.52,62.95,63.2
1120717,1600,63.6,63.74,62.63,63.53
1120718,1600,63.41,64.58,63.39,64.39
1120719,1600,64.84,65.31,64.72,65.1
1120720,1600,65.08,65.1,64.21,64.24
1120723,1600,62.99,63.68,62.51,63.46
1120724,1600,63.57,63.66,62.55,62.96
1120725,1600,62.47,62.95,62.15,62.54
1120726,1600,63.44,63.73,62.97,63.37
1120727,1600,63.83,64.99,63.64,64.87
1120730,1600,65.03,65.31,64.6,64.82
1120731,1600,64.92,65.18,64.74,64.8
1120801,1600,65.26,65.28,64.35,64.61
1120802,1600,64.12,65.02,63.91,64.38
1120803,1600,65.42,65.88,65.19,65.6
1120806,1600,65.94,66.39,65.8,66.1
1120807,1600,66.38,66.92,66.28,66.65
1120808,1600,66.48,66.76,66.37,66.62
1120809,1600,66.61,66.91,66.49,66.82
1120810,1600,66.58,66.88,66.41,66.86
1120813,1600,66.84,67.03,66.5,67.02
1120814,1600,67.27,67.41,66.86,67.05
1120815,1600,67.0,67.32,66.99,67.22
1120816,1600,67.47,68.17,67.39,68.02
1120817,1600,68.17,68.33,68.01,68.32
1120820,1600,68.27,68.43,68.0,68.42
1120821,1600,68.6,68.88,67.88,68.15
1120822,1600,68.0,68.56,67.81,68.43
1120823,1600,68.12,68.34,67.69,67.87
1120824,1600,67.71,68.45,67.6,68.29
1120827,1600,68.58,68.67,68.25,68.4
1120828,1600,68.34,68.59,68.11,68.4
1120829,1600,68.4,68.57,68.11,68.4
1120830,1600,68.1,68.13,67.6,67.71
1120831,1600,68.2,68.45,67.47,68.16
1120904,1600,68.03,68.35,67.42,68.09
1120905,1600,68.06,68.35,67.84,68.02
1120906,1600,68.44,69.55,68.42,69.53
1120907,1600,69.37,69.55,69.23,69.43
1120910,1600,69.25,69.4,68.49,68.54
1120911,1600,68.55,68.82,68.32,68.43
1120912,1600,68.68,68.81,68.21,68.63
1120913,1600,68.69,69.86,68.62,69.56
1120914,1600,69.81,70.43,69.79,70.18
1120917,1600,70.22,70.24,69.96,70.21
1120918,1600,70.03,70.3,70.02,70.27
1120919,1600,70.26,70.58,70.06,70.4
1120920,1600,70.06,70.4,69.87,70.33
1120921,1600,70.48,70.54,70.08,70.15
1120924,1600,69.57,69.86,69.42,69.74
1120925,1600,69.92,70.08,68.73,68.76
1120926,1600,68.67,68.71,67.85,68.2
1120927,1600,68.37,69.3,68.25,69.14
1120928,1600,68.91,69.12,68.51,68.57
1121001,1600,68.9,69.33,68.25,68.47
1121002,1600,68.77,68.98,68.13,68.67
1121003,1600,68.86,69.24,68.59,69.11
1121004,1600,69.22,69.54,69.0,69.35
1121005,1600,69.7,69.8,68.8,68.98
1121008,1600,68.58,68.72,68.19,68.35
1121009,1600,68.17,68.34,67.1,67.26
1121010,1600,67.24,67.43,66.8,66.92
1121011,1600,67.42,67.47,66.67,66.71
1121012,1600,66.7,67.06,66.55,66.68
1121015,1600,66.93,67.26,66.53,67.17
1121016,1600,67.27,68.2,67.25,68.12
1121017,1600,67.77,68.3,67.68,68.08
1121018,1600,67.86,68.08,67.04,67.29
1121019,1600,67.21,67.27,65.6,65.68
1121022,1600,65.65,66.19,65.5,66.02
1121023,1600,65.48,65.95,65.19,65.39
1121024,1600,65.76,65.87,65.06,65.16
1121025,1600,65.61,65.72,64.97,65.16
1121026,1600,65.16,65.62,64.65,65.35
1121031,1600,65.27,65.39,64.73,64.95
1121101,1600,65.36,66.0,65.17,65.87
1121102,1600,66.17,66.21,65.11,65.17
1121105,1600,65.18,65.73,65.04,65.6
1121106,1600,65.71,66.17,65.46,65.72
1121107,1600,65.02,65.1,63.9,64.17
1121108,1600,64.35,64.5,63.16,63.16
1121109,1600,63.2,64.11,63.16,63.43
1121112,1600,63.8,63.87,63.25,63.42
1121113,1600,62.93,63.58,62.78,62.98
1121114,1600,63.29,63.36,62.14,62.24
1121115,1600,62.28,62.49,61.8,62.03
1121116,1600,62.08,62.48,61.31,62.3
1121119,1600,62.98,63.83,62.96,63.78
1121120,1600,63.76,63.89,63.19,63.8
1121121,1600,63.87,64.02,63.6,63.93
1121123,1600,64.29,64.92,64.25,64.9
1121126,1600,64.74,65.22,64.54,65.18
1121127,1600,65.17,65.4,64.85,64.96
1121128,1600,64.65,65.57,64.25,65.52
1121129,1600,65.87,66.14,65.58,65.91
1121130,1600,65.92,65.97,65.61,65.8
1121203,1600,66.31,66.37,65.64,65.67
1121204,1600,65.7,65.77,65.2,65.63
1121205,1600,65.53,65.54,64.55,64.9
1121206,1600,64.7,65.48,64.53,65.32
1121207,1600,65.64,65.71,64.71,64.93
1121210,1600,64.75,65.46,64.75,65.12
1121211,1600,65.57,66.34,65.52,65.97
1121212,1600,66.32,66.32,65.65,65.83
1121213,1600,65.7,66.16,65.03,65.31
1121214,1600,64.87,65.08,64.47,64.69
1121217,1600,64.75,65.57,64.66,65.55
1121218,1600,65.88,66.65,65.7,66.55
1121219,1600,66.74,66.76,66.22,66.26
1121220,1600,66.38,66.41,65.93,66.26
1121221,1600,64.88,65.28,64.6,65.2
1121224,1600,65.03,65.14,64.92,65.07
1121226,1600,65.12,65.18,64.29,64.5
1121227,1600,64.56,64.64,63.6,64.4
1121228,1600,63.91,64.43,63.75,63.78
1121231,1600,63.71,65.25,63.58,65.13
1130102,1600,66.73,67.23,66.48,67.2
1130103,1600,67.2,67.34,66.65,66.85
1130104,1600,66.88,66.88,66.47,66.63
1130107,1600,66.46,66.76,66.25,66.65
1130108,1600,66.64,66.82,66.17,66.52
1130109,1600,66.62,66.95,66.55,66.77
1130110,1600,67.23,67.27,66.55,67.17
1130111,1600,67.14,67.29,67.0,67.26
1130114,1600,66.92,67.15,66.67,66.96
1130115,1600,66.63,66.73,66.33,66.63
1130116,1600,66.72,67.13,66.6,66.9
1130117,1600,67.17,67.48,67.06,67.22
1130118,1600,67.02,67.14,66.77,67.07
1130122,1600,67.14,67.23,66.73,67.18
1130123,1600,67.56,67.79,67.46,67.59
1130124,1600,66.66,67.28,66.56,66.66
1130125,1600,66.87,67.19,66.74,67.0
1130128,1600,67.01,67.38,66.93,67.15
1130129,1600,67.07,67.31,66.63,67.16
1130130,1600,67.28,67.48,66.87,67.02
1130131,1600,66.99,67.35,66.81,66.87
1130201,1600,67.34,67.78,67.07,67.66
1130204,1600,67.27,67.46,66.46,66.48
1130205,1600,66.77,67.67,66.61,67.46
1130206,1600,67.24,67.55,67.04,67.24
1130207,1600,67.32,67.37,66.56,67.3
1130208,1600,67.64,68.13,67.63,67.99
1130211,1600,68.03,68.06,67.78,68.01
1130212,1600,67.92,68.05,67.66,67.73
1130213,1600,67.93,68.23,67.77,67.97
1130214,1600,67.66,68.05,67.62,67.95
1130215,1600,67.94,68.11,67.56,67.75
1130219,1600,67.88,68.26,67.86,68.24
1130220,1600,68.22,68.25,67.18,67.19
1130221,1600,66.94,67.01,66.23,66.47
1130222,1600,66.85,67.15,66.59,67.14
1130225,1600,67.57,67.81,66.25,66.31
1130226,1600,66.4,66.68,65.96,66.56
1130227,1600,66.56,67.65,66.47,67.24
1130228,1600,67.25,67.74,67.09,67.1
1130301,1600,66.87,67.5,66.54,67.38
1130304,1600,67.16,67.69,67.07,67.68
1130305,1600,68.08,68.77,68.08,68.68
1130306,1600,68.89,68.91,68.42,68.51
1130307,1600,68.59,68.8,68.45,68.69
1130308,1600,68.92,69.02,68.5,68.77
1130311,1600,68.68,68.99,68.47,68.97
1130312,1600,68.77,68.93,68.39,68.72
1130313,1600,68.81,68.89,68.39,68.63
1130314,1600,68.87,69.01,68.71,68.86
1130315,1600,68.75,68.79,68.34,68.51
1130318,1600,67.88,68.64,67.73,68.36
1130319,1600,68.57,68.7,67.62,68.23
1130320,1600,68.71,68.86,68.39,68.71
1130321,1600,68.08,68.25,67.77,67.93
1130322,1600,68.21,68.64,68.13,68.59
1130325,1600,68.81,68.96,68.01,68.34
1130326,1600,68.6,68.73,68.45,68.71
1130327,1600,68.24,68.85,68.14,68.8
1130328,1600,68.8,69.06,68.64,68.97
1130401,1600,69.02,69.09,68.31,68.5
1130402,1600,68.83,69.27,68.77,69.04
1130403,1600,69.08,69.18,68.24,68.41
1130404,1600,68.38,68.6,68.06,68.43
1130405,1600,67.35,67.96,67.19,67.86
1130408,1600,67.89,68.24,67.69,68.22
1130409,1600,68.4,68.96,68.09,68.68
1130410,1600,68.92,70.17,68.88,70.02
1130411,1600,69.85,70.15,69.77,69.99
1130412,1600,69.82,69.99,69.41,69.94
1130415,1600,69.68,69.79,68.48,68.56
1130416,1600,68.95,69.55,68.81,69.47
1130417,1600,68.87,68.89,67.71,68.11
1130418,1600,68.29,68.33,66.88,67.17
1130419,1600,67.3,68.23,67.2,68.09
1130422,1600,68.33,69.04,68.08,68.79
1130423,1600,69.18,69.7,68.82,69.45
1130424,1600,69.28,69.67,69.12,69.42
1130425,1600,69.6,70.05,69.59,69.79
1130426,1600,69.62,69.77,69.27,69.57
1130429,1600,69.79,70.48,69.76,70.21
1130430,1600,70.3,70.73,70.04,70.72
1130501,1600,70.74,70.85,70.25,70.39
1130502,1600,70.51,71.43,70.45,71.28
1130503,1600,71.97,72.34,71.91,72.12
1130506,1600,72.25,72.51,72.19,72.4
1130507,1600,72.52,72.57,72.09,72.36
1130508,1600,72.32,72.77,72.2,72.71
1130509,1600,72.57,73.1,72.47,72.61
1130510,1600,72.76,73.08,72.63,73.05
1130513,1600,72.93,73.32,72.86,73.14
1130514,1600,73.16,73.74,73.13,73.52
1130515,1600,73.38,73.74,73.2,73.67
1130516,1600,73.73,74.1,73.55,73.59
1130517,1600,73.97,74.33,73.73,74.3
1130520,1600,74.16,74.43,73.89,74.19
1130521,1600,74.15,74.54,73.89,74.27
1130522,1600,74.36,74.95,73.24,73.62
1130523,1600,72.97,73.7,72.83,73.45
1130524,1600,72.96,73.43,72.76,73.41
1130528,1600,74.27,74.54,73.66,73.89
1130529,1600,73.6,73.8,73.12,73.54
1130530,1600,73.57,74.28,73.55,73.93
1130531,1600,73.65,74.21,73.17,73.25
1130603,1600,73.26,73.4,72.43,73.38
1130604,1600,73.53,73.82,72.7,73.0
1130605,1600,72.76,73.04,71.99,72.05
1130606,1600,72.15,72.41,71.47,72.4
1130607,1600,72.7,73.47,72.52,73.39
1130610,1600,73.53,73.76,73.26,73.42
1130611,1600,72.69,73.34,72.44,72.69
1130612,1600,73.11,73.14,71.74,71.85
1130613,1600,71.75,72.92,71.55,72.76
1130614,1600,72.76,72.84,72.17,72.28
1130617,1600,72.85,73.4,72.6,72.98
1130618,1600,73.08,73.72,73.06,73.58
1130619,1600,73.6,73.68,72.68,72.76
1130620,1600,71.92,72.16,70.79,71.03
1130621,1600,70.78,70.97,69.84,70.43
1130624,1600,69.85,70.27,69.15,69.73
1130625,1600,70.4,70.52,69.81,70.24
1130626,1600,70.84,71.0,70.59,70.87
1130627,1600,71.24,71.62,71.13,71.17
1130628,1600,70.95,71.69,70.79,71.27
1130701,1600,71.75,72.3,71.64,71.71
1130702,1600,71.68,72.18,71.35,71.74
1130703,1600,71.48,72.37,71.42,72.03
1130705,1600,72.44,72.61,71.86,72.58
1130708,1600,72.96,72.99,72.38,72.65
1130709,1600,72.99,73.25,72.65,73.09
1130710,1600,73.02,73.62,72.98,73.51
1130711,1600,74.3,75.03,74.25,74.97
1130712,1600,75.02,75.35,74.82,75.3
1130715,1600,75.38,75.52,75.17,75.47
1130716,1600,75.53,75.59,75.18,75.37
1130717,1600,75.6,75.74,75.35,75.56
1130718,1600,75.55,75.74,75.25,75.37
1130719,1600,74.72,74.74,74.37,74.59
1130722,1600,74.87,74.98,74.58,74.81
1130723,1600,74.95,74.96,74.2,74.26
1130724,1600,74.99,75.02,74.33,74.5
1130725,1600,74.85,75.06,74.46,74.97
1130726,1600,74.67,75.38,74.55,75.37
1130729,1600,75.22,75.54,75.03,75.23
1130730,1600,75.5,75.95,75.35,75.63
1130731,1600,75.78,76.21,75.63,75.77
1130801,1600,76.29,76.65,76.21,76.54
1130802,1600,76.55,76.99,76.38,76.97
1130805,1600,76.93,77.08,76.78,77.02
1130806,1600,76.92,76.99,76.25,76.56
1130807,1600,76.34,76.57,75.87,76.42
1130808,1600,76.84,76.98,76.3,76.8
1130809,1600,76.67,76.94,76.27,76.49
1130812,1600,76.2,76.81,76.19,76.67
1130813,1600,76.77,77.27,76.22,77.1
1130814,1600,77.07,77.18,76.7,76.81
1130815,1600,75.95,75.99,75.29,75.51
1130816,1600,75.52,75.87,75.35,75.48
1130819,1600,75.49,76.13,75.33,75.35
1130820,1600,75.49,76.03,75.43,75.68
1130821,1600,75.44,76.09,75.14,75.42
1130822,1600,75.75,76.21,75.71,76.16
1130823,1600,76.7,76.77,76.4,76.67
1130826,1600,76.73,77.28,76.55,76.71
1130827,1600,75.8,76.18,74.96,75.14
1130828,1600,75.05,75.75,75.05,75.43
1130829,1600,75.41,76.34,75.3,75.96
1130830,1600,76.04,76.04,75.2,75.47
1130903,1600,76.09,76.44,75.54,75.9
1130904,1600,76.16,76.84,75.93,76.71
1130905,1600,76.76,77.06,76.73,76.84
1130906,1600,77.1,77.34,76.05,76.93
1130909,1600,77.26,77.96,77.23,77.83
1130910,1600,78.28,78.32,77.92,78.21
1130911,1600,77.69,78.11,77.59,78.06
1130912,1600,78.08,78.25,77.85,78.01
1130913,1600,78.09,78.14,77.64,78.06
1130916,1600,78.72,78.72,77.67,77.85
1130917,1600,78.02,78.47,77.98,78.37
1130918,1600,78.49,79.47,78.33,79.31
1130919,1600,79.56,79.69,79.36,79.5
1130920,1600,79.45,79.54,78.95,78.99
1130923,1600,79.32,79.41,78.46,78.83
1130924,1600,79.0,79.25,78.57,78.83
1130925,1600,78.89,79.0,78.4,78.56
1130926,1600,78.88,79.36,78.85,79.17
1130927,1600,78.71,79.21,78.59,79.07
1130930,1600,78.25,79.09,78.0,78.88
1131001,1600,78.89,79.72,78.85,79.68
1131002,1600,79.14,79.76,79.06,79.65
1131003,1600,79.55,79.72,78.3,78.72
1131004,1600,78.72,79.51,78.65,79.4
1131007,1600,78.7,79.35,78.67,78.74
1131008,1600,78.74,78.81,77.19,77.22
1131009,1600,77.4,77.44,76.35,76.98
1131010,1600,77.81,78.79,77.79,78.61
1131011,1600,78.41,79.29,78.4,79.23
1131014,1600,78.74,79.79,78.68,79.79
1131015,1600,79.73,80.11,79.38,79.48
1131016,1600,79.85,80.42,79.79,80.38
1131017,1600,80.02,80.87,79.95,80.84
1131018,1600,81.58,82.18,81.35,82.15
1131021,1600,82.34,82.54,82.07,82.33
1131022,1600,82.65,82.9,81.93,82.45
1131023,1600,82.05,82.2,81.55,81.95
1131024,1600,82.0,82.48,81.88,82.31
1131025,1600,83.08,83.28,82.5,82.9
1131028,1600,82.91,83.05,82.55,82.92
1131029,1600,83.2,83.26,82.7,83.06
1131030,1600,83.35,83.49,82.58,82.98
1131031,1600,82.77,83.3,82.48,82.79
1131101,1600,83.07,83.17,82.4,82.81
1131104,1600,83.06,83.07,82.64,82.93
1131105,1600,82.61,83.22,82.37,83.02
1131106,1600,83.37,83.4,82.73,83.0
1131107,1600,83.01,83.13,81.37,81.44
1131108,1600,81.74,82.56,81.51,82.54
1131111,1600,82.42,82.64,82.14,82.41
1131112,1600,82.16,82.66,82.12,82.54
1131113,1600,82.0,83.55,82.0,83.54
1131114,1600,83.32,83.86,83.14,83.8
1131115,1600,83.82,83.96,83.61,83.96
1131118,1600,83.94,84.11,82.98,83.14
1131119,1600,83.09,83.49,82.76,82.9
1131120,1600,83.12,83.43,82.46,82.7
1131121,1600,83.05,83.61,82.98,83.54
1131122,1600,83.68,84.02,83.62,83.99
1131125,1600,84.29,84.38,83.98,84.19
1131126,1600,84.21,84.84,84.03,84.63
1131127,1600,84.8,85.24,84.73,85.22
1131129,1600,85.56,85.84,85.47,85.73
1131202,1600,85.83,85.96,85.35,85.48
1131203,1600,85.42,85.64,85.08,85.41
1131204,1600,85.05,85.77,84.78,85.49
1131205,1600,85.56,85.66,85.17,85.38
1131206,1600,86.1,86.18,85.59,86.0
1131209,1600,86.35,86.53,86.2,86.35
1131210,1600,86.21,86.45,86.12,86.29
1131211,1600,86.28,86.4,85.06,85.18
1131212,1600,85.21,85.42,84.9,84.96
1131213,1600,85.36,85.4,84.71,84.85
1131216,1600,85.27,85.81,85.21,85.32
1131217,1600,85.32,85.53,84.99,85.15
1131218,1600,85.25,86.22,84.05,86.14
1131219,1600,86.0,86.01,85.52,85.9
1131220,1600,85.79,86.68,85.73,86.5
1131223,1600,87.21,87.41,86.95,87.41
1131224,1600,87.43,87.51,87.27,87.45
1131226,1600,87.61,87.81,87.44,87.74
1131227,1600,87.85,87.9,87.41,87.52
1131230,1600,87.39,87.51,87.14,87.39
1131231,1600,87.55,87.96,87.52,87.96
1140102,1600,87.55,87.58,87.02,87.27
1140103,1600,87.27,87.35,86.62,86.64
1140106,1600,86.66,86.76,86.0,86.32
1140107,1600,86.72,87.25,86.56,87.12
1140108,1600,87.14,87.55,86.95,87.31
1140109,1600,87.63,87.64,86.72,87.02
1140110,1600,87.23,87.4,86.58,87.3
1140113,1600,87.18,87.48,85.68,86.01
1140114,1600,86.3,87.72,86.3,87.65
1140115,1600,88.03,88.54,87.94,88.37
1140116,1600,88.3,88.51,88.16,88.38
1140117,1600,88.11,88.37,87.67,87.88
1140121,1600,88.44,88.59,87.81,88.55
1140122,1600,88.78,89.0,88.52,88.78
1140123,1600,88.51,88.52,87.86,88.48
1140124,1600,88.05,88.18,86.71,86.74
1140127,1600,86.74,86.89,85.25,85.9
1140128,1600,85.5,85.94,85.31,85.85
1140129,1600,85.11,85.74,84.76,84.93
1140130,1600,85.97,86.8,85.88,86.5
1140131,1600,85.54,86.68,85.45,86.27
1140203,1600,86.11,86.5,84.07,84.29
1140204,1600,84.72,85.25,84.46,84.91
1140205,1600,84.63,84.99,83.74,84.69
1140206,1600,84.94,85.88,84.92,85.77
1140207,1600,86.25,87.36,86.0,87.3
1140210,1600,87.27,87.84,87.21,87.8
1140211,1600,87.99,88.97,87.89,88.8
1140212,1600,88.98,89.17,88.7,88.97
1140213,1600,88.32,89.7,88.3,89.63
1140214,1600,89.6,90.01,89.33,89.81
1140218,1600,89.96,90.42,89.74,90.25
1140219,1600,90.08,90.29,89.45,89.63
1140220,1600,89.69,90.22,89.31,90.05
1140221,1600,90.34,90.47,89.82,89.93
1140224,1600,90.14,90.82,90.04,90.41
1140225,1600,90.54,90.72,90.02,90.31
1140226,1600,90.55,90.84,89.87,90.23
1140227,1600,89.87,90.53,89.73,90.44
1140228,1600,90.42,90.96,89.54,90.34
1140303,1600,89.49,89.91,88.87,89.67
1140304,1600,90.65,90.98,90.56,90.81
1140305,1600,90.96,91.22,90.77,91.06
1140306,1600,91.27,91.34,90.65,90.98
1140307,1600,91.27,91.36,90.07,90.53
1140310,1600,90.48,90.66,90.03,90.61
1140311,1600,90.83,91.06,89.95,90.22
1140312,1600,89.81,90.61,89.48,90.56
1140313,1600,90.9,90.93,88.87,89.28
1140314,1600,88.99,89.38,88.63,88.67
1140317,1600,89.24,89.91,89.19,89.45
1140318,1600,89.56,90.64,89.53,90.53
1140319,1600,90.56,90.66,89.45,90.04
1140320,1600,89.76,90.56,89.58,90.29
1140321,1600,90.6,90.65,88.83,89.0
1140324,1600,89.32,89.39,87.41,88.22
1140325,1600,88.68,89.25,87.77,88.51
1140326,1600,88.95,89.15,87.36,87.37
1140327,1600,87.25,87.64,86.4,86.88
1140328,1600,87.16,88.01,86.81,87.05
1140331,1600,87.73,88.26,87.62,87.67
1140401,1600,88.1,89.27,87.71,89.21
1140402,1600,89.59,89.68,89.04,89.44
1140403,1600,89.53,89.68,88.22,88.73
1140404,1600,89.32,89.41,86.14,86.37
1140407,1600,85.83,86.63,84.95,85.55
1140408,1600,85.65,86.46,85.35,86.34
1140409,1600,86.66,87.87,86.43,87.82
1140410,1600,87.88,87.88,84.86,85.1
1140411,1600,84.34,85.44,83.91,84.11
1140414,1600,84.85,85.22,83.99,84.77
1140415,1600,85.08,85.54,83.28,85.05
1140416,1600,85.79,86.18,85.09,86.18
1140417,1600,85.85,86.63,85.63,86.2
1140421,1600,86.4,86.84,86.0,86.84
1140422,1600,87.14,87.75,86.99,87.53
1140423,1600,87.53,87.56,86.71,86.76
1140424,1600,88.19,88.21,86.65,87.59
1140425,1600,87.07,87.17,85.98,86.19
1140428,1600,86.6,87.11,85.11,86.47
1140429,1600,86.73,87.32,86.31,87.16
1140430,1600,86.76,87.48,86.54,87.39
1140501,1600,87.53,88.15,87.31,87.65
1140502,1600,87.95,88.11,87.28,87.49
1140505,1600,86.97,87.97,86.76,87.95
1140506,1600,87.81,87.86,86.77,86.81
1140507,1600,86.99,87.08,85.53,86.56
1140508,1600,86.25,87.53,86.05,86.48
1140509,1600,86.43,86.86,85.85,86.8
1140512,1600,87.32,88.26,87.24,88.23
1140513,1600,88.31,88.61,88.12,88.29
1140514,1600,88.02,88.35,87.62,87.83
1140515,1600,87.81,87.96,86.58,87.14
1140516,1600,87.24,87.76,86.64,87.71
1140519,1600,87.45,88.46,87.3,88.32
1140520,1600,88.28,88.6,87.64,88.0
1140521,1600,88.16,88.89,88.11,88.84
1140522,1600,88.94,89.48,88.8,89.23
1140523,1600,89.32,89.9,89.12,89.88
1140527,1600,90.28,91.02,90.2,91.0
1140528,1600,90.97,91.1,90.65,90.72
1140529,1600,91.04,91.31,90.86,91.3
1140530,1600,91.32,91.45,90.83,91.31
1140602,1600,91.42,91.44,90.64,91.22
1140603,1600,90.92,91.33,90.8,91.18
1140604,1600,90.95,91.67,90.81,91.52
1140605,1600,91.6,92.46,91.29,92.29
1140606,1600,92.63,92.82,92.45,92.82
1140609,1600,92.84,92.98,92.5,92.75
1140610,1600,92.67,92.96,92.56,92.91
1140611,1600,92.59,93.02,92.5,92.89
1140612,1600,92.69,92.79,91.73,92.05
1140613,1600,92.45,92.55,91.92,92.32
1140616,1600,92.16,92.67,91.96,92.4
1140617,1600,92.33,92.7,92.18,92.45
1140618,1600,92.54,93.1,91.98,92.97
1140619,1600,93.11,93.17,92.49,92.91
1140620,1600,92.7,92.87,92.53,92.77
1140623,1600,92.76,92.82,92.51,92.79
1140624,1600,92.78,93.57,92.43,92.7
1140625,1600,92.49,93.45,92.48,93.29
1140626,1600,93.35,93.36,92.62,93.34
1140627,1600,93.22,93.77,93.19,93.75
1140630,1600,93.73,94.14,93.67,93.91
1140701,1600,94.24,95.19,94.2,94.94
1140702,1600,95.0,95.24,94.91,95.1
1140703,1600,95.41,95.7,95.15,95.7
1140707,1600,95.59,95.71,95.23,95.41
1140708,1600,95.23,95.3,93.87,94.26
1140709,1600,94.51,95.07,94.24,94.96
1140710,1600,93.74,95.05,93.63,94.66
1140711,1600,94.9,95.27,94.61,95.27
1140714,1600,95.7,96.06,95.54,95.84
1140715,1600,95.99,96.13,94.83,95.51
1140716,1600,96.2,96.3,95.79,95.89
1140717,1600,95.63,95.97,94.32,94.62
1140718,1600,95.11,96.17,95.0,96.12
1140721,1600,95.92,96.16,95.55,96.0
1140722,1600,96.45,96.76,96.35,96.61
1140723,1600,96.95,97.34,96.77,97.23
1140724,1600,97.4,97.51,96.98,97.12
1140725,1600,96.62,96.87,96.23,96.74
1140728,1600,96.84,97.02,96.02,96.77
1140729,1600,96.98,97.2,96.52,96.6
1140730,1600,97.14,97.32,96.6,96.98
1140731,1600,96.18,96.34,94.88,95.02
1140801,1600,94.82,95.34,94.04,94.67
1140804,1600,94.87,95.69,94.52,95.32
1140805,1600,94.94,95.21,94.15,94.59
1140806,1600,94.0,95.11,93.92,94.52
1140807,1600,94.96,95.14,93.89,94.22
1140808,1600,94.37,95.01,93.97,94.9
1140811,1600,95.27,95.76,95.2,95.46
1140812,1600,95.36,95.67,94.93,95.42
1140813,1600,95.81,96.47,95.76,96.43
1140814,1600,96.56,96.95,96.43,96.93
1140815,1600,97.49,97.63,96.48,97.4
1140818,1600,97.91,98.24,97.77,98.15
1140819,1600,98.38,98.76,98.32,98.7
1140820,1600,98.62,98.9,98.53,98.7
1140821,1600,98.75,98.95,98.6,98.9
1140822,1600,98.94,99.25,98.72,99.05
1140825,1600,99.52,99.68,99.16,99.4
1140826,1600,99.55,99.61,99.27,99.5
1140827,1600,99.53,99.64,99.31,99.52
1140828,1600,99.18,99.53,99.08,99.41
1140829,1600,99.63,99.91,99.27,99.78
1140902,1600,100.02,100.1,99.66,100.07
1140903,1600,100.34,100.34,99.3,99.48
1140904,1600,99.71,100.22,99.14,99.39
1140905,1600,99.54,99.95,99.03,99.89
1140908,1600,99.92,100.33,99.62,100.08
1140909,1600,100.09,100.46,99.06,99.25
1140910,1600,99.38,100.11,99.1,100.07
1140911,1600,99.64,100.04,99.24,99.99
1140912,1600,99.9,99.93,99.17,99.48
1140915,1600,99.59,99.6,98.22,98.52
1140916,1600,98.15,99.57,98.05,99.38
1140917,1600,99.36,100.0,98.93,99.53
1140918,1600,99.84,100.29,99.73,100.28
1140919,1600,100.46,100.56,99.58,99.98
1140922,1600,99.74,99.75,98.62,99.05
1140923,1600,98.65,99.22,98.58,98.78
1140924,1600,98.88,99.89,98.54,99.84
1140925,1600,99.52,99.65,97.7,97.74
1140926,1600,98.06,98.96,97.89,98.78
1140929,1600,97.8,98.92,97.75,98.65
1140930,1600,98.92,99.3,98.32,98.79
1141001,1600,98.51,98.61,96.9,97.21
1141002,1600,97.17,97.51,95.97,97.21
1141003,1600,97.78,98.57,97.44,98.17
1141006,1600,98.48,98.72,97.66,97.96
1141007,1600,97.5,97.78,96.56,96.57
1141008,1600,96.62,98.76,96.06,98.45
1141009,1600,98.32,98.57,96.71,96.86
1141010,1600,96.29,96.83,94.42,94.44
1141013,1600,94.27,94.99,92.88,92.96
1141014,1600,93.54,94.17,92.71,92.97
1141015,1600,91.57,92.76,90.24,92.37
1141016,1600,90.42,92.58,90.39,91.79
1141017,1600,93.0,93.89,92.46,93.0
1141020,1600,92.99,94.47,92.8,94.39
1141021,1600,95.56,96.87,95.32,96.87
1141022,1600,97.17,97.3,96.31,96.37
1141023,1600,97.34,98.36,97.17,97.82
1141024,1600,98.03,98.69,97.64,98.62
1141027,1600,98.43,98.87,98.02,98.69
1141028,1600,99.15,100.2,99.08,100.18
1141029,1600,99.85,100.12,99.1,99.81
1141030,1600,99.36,100.26,99.14,100.02
1141031,1600,101.68,101.75,101.07,101.4
1141103,1600,101.58,101.97,101.43,101.7
1141104,1600,101.38,101.62,100.67,101.36
1141105,1600,102.03,102.03,101.02,101.37
1141106,1600,101.36,101.72,100.92,101.69
1141107,1600,101.87,101.91,101.07,101.6
1141110,1600,101.65,102.09,101.38,101.96
1141111,1600,101.98,102.28,101.7,102.28
1141112,1600,101.87,102.57,101.87,102.46
1141113,1600,102.65,103.28,102.42,102.9
1141114,1600,102.87,103.22,102.53,103.22
1141117,1600,102.98,103.21,102.42,102.91
1141118,1600,103.0,103.82,102.99,103.68
1141119,1600,103.57,103.57,102.73,103.21
1141120,1600,102.77,103.76,102.69,103.67
1141121,1600,104.59,104.69,103.54,103.87
1141124,1600,104.15,104.73,104.06,104.68
1141125,1600,104.84,105.15,104.57,104.84
1141126,1600,104.94,105.58,104.83,105.52
1141128,1600,105.8,106.25,105.73,106.01
1141201,1600,105.72,105.92,104.42,104.81
1141202,1600,104.92,105.42,104.7,105.23
1141203,1600,105.39,105.57,104.76,105.42
1141204,1600,105.32,105.78,104.93,105.37
1141205,1600,105.54,105.7,105.15,105.38
1141208,1600,105.11,105.57,104.08,104.63
1141209,1600,103.41,105.04,103.04,104.96
1141210,1600,104.77,105.03,103.12,103.31
1141211,1600,103.61,105.04,103.59,103.8
1141212,1600,102.81,103.99,102.66,102.67
1141215,1600,103.2,103.58,101.32,101.61
1141216,1600,100.97,102.47,99.96,99.98
1141217,1600,100.05,102.09,99.92,101.8
1141218,1600,103.26,104.26,102.98,104.25
1141219,1600,103.97,104.74,103.71,104.32
1141222,1600,104.15,104.61,104.1,104.58
1141223,1600,104.96,104.97,104.09,104.21
1141224,1600,104.34,104.7,104.27,104.3
1141226,1600,104.6,105.26,104.57,105.04
1141229,1600,104.94,105.25,104.88,105.02
1141230,1600,104.72,104.96,104.18,104.32
1141231,1600,104.5,104.91,103.1,103.25
1150102,1600,103.76,104.2,102.44,102.94
1150105,1600,102.49,102.61,101.14,101.43
1150106,1600,101.58,101.75,99.62,100.07
1150107,1600,100.73,101.6,100.49,101.36
1150108,1600,102.22,103.5,102.11,103.3
1150109,1600,103.62,103.65,102.02,102.62
1150112,1600,102.82,102.93,101.29,101.55
1150113,1600,102.54,103.62,100.7,101.52
1150114,1600,100.5,101.48,100.07,100.96
1150115,1600,101.43,101.59,99.53,99.65
1150116,1600,99.52,100.95,99.36,100.82
1150120,1600,101.43,101.88,100.29,101.62
1150121,1600,101.32,102.62,100.96,102.14
1150122,1600,102.54,104.14,101.64,104.03
1150123,1600,104.02,104.58,103.72,104.26
1150126,1600,104.14,104.33,103.61,104.14
1150127,1600,102.5,102.56,101.1,101.44
1150128,1600,103.07,103.18,100.9,100.92
1150129,1600,100.84,102.08,99.96,101.89
1150130,1600,101.8,102.58,100.96,101.1
1150202,1600,101.33,102.07,99.75,101.98
1150203,1600,102.35,103.03,101.68,102.96
1150204,1600,102.54,103.55,102.31,102.87
1150205,1600,103.13,103.83,102.87,103.76
1150206,1600,103.92,104.17,102.76,103.13
1150209,1600,102.73,103.29,102.55,102.8
1150210,1600,103.37,104.54,103.21,104.4
1150211,1600,104.52,105.02,104.32,104.78
1150212,1600,105.46,106.04,105.3,106.0
1150213,1600,106.3,106.93,106.1,106.91
1150217,1600,106.91,107.08,106.64,107.01
1150218,1600,106.88,107.22,106.74,107.16
1150219,1600,107.09,107.76,107.06,107.69
1150220,1600,107.62,108.47,107.28,108.41
1150223,1600,108.35,108.55,108.11,108.52
1150224,1600,108.38,108.73,108.05,108.6
1150225,1600,108.44,108.86,108.09,108.33
1150226,1600,108.44,108.94,108.14,108.88
1150227,1600,108.84,108.91,108.23,108.4
1150302,1600,108.61,109.42,108.59,109.38
1150303,1600,109.05,109.16,108.18,108.87
1150304,1600,108.51,108.67,107.86,108.45
1150305,1600,108.73,108.97,108.19,108.64
1150306,1600,108.5,108.71,107.14,107.41
1150309,1600,107.63,107.99,107.19,107.72
1150310,1600,106.95,106.98,105.72,105.72
1150311,1600,105.88,106.01,105.07,105.11
1150312,1600,105.03,105.92,104.96,105.8
1150313,1600,105.7,106.12,104.68,105.34
1150316,1600,105.73,106.74,105.62,106.7
1150317,1600,106.41,107.04,106.16,106.87
1150318,1600,106.58,108.41,106.03,107.92
1150319,1600,108.03,108.38,107.87,108.08
1150320,1600,108.72,109.07,108.51,108.53
1150323,1600,108.47,108.77,108.28,108.32
1150324,1600,108.31,108.81,107.91,107.93
1150325,1600,108.1,108.2,105.42,105.46
1150326,1600,104.59,105.7,104.24,105.1
1150327,1600,105.08,105.77,104.92,105.52
1150330,1600,106.16,106.82,106.16,106.73
1150331,1600,106.43,106.65,105.57,105.6
1150401,1600,105.6,105.62,104.37,105.05
1150402,1600,105.15,105.46,104.78,105.12
1150406,1600,104.5,106.27,104.34,105.98
1150407,1600,105.92,106.7,105.8,105.8
1150408,1600,105.84,106.79,105.83,106.64
1150409,1600,106.59,107.35,106.23,107.31
1150410,1600,107.27,107.76,107.03,107.75
1150413,1600,107.83,108.38,107.36,107.48
1150414,1600,107.37,107.68,106.56,107.17
1150415,1600,107.45,108.07,107.32,107.84
1150416,1600,107.55,107.88,107.4,107.69
1150417,1600,106.66,106.95,105.55,106.01
1150420,1600,106.54,107.79,106.5,107.6
1150421,1600,108.22,108.41,107.93,108.06
1150422,1600,108.34,108.83,107.64,108.65
1150423,1600,108.28,109.55,108.26,109.06
1150424,1600,110.21,110.69,110.03,110.54
1150427,1600,110.95,111.16,110.02,110.26
1150428,1600,110.34,110.55,109.11,110.04
1150429,1600,109.43,110.07,108.75,109.35
1150430,1600,108.73,109.17,107.06,107.63
1150501,1600,108.05,109.12,108.03,109.05
1150504,1600,109.4,109.91,109.17,109.23
1150505,1600,108.8,109.0,107.4,107.45
1150506,1600,107.64,107.95,106.0,106.71
1150507,1600,106.68,107.65,106.6,107.35
1150508,1600,108.46,108.92,108.3,108.69
1150511,1600,108.76,108.98,108.19,108.27
1150512,1600,107.63,108.33,106.8,107.78
1150513,1600,108.25,108.81,107.84,108.0
1150514,1600,108.88,109.67,108.48,109.58
1150515,1600,109.86,110.01,109.31,109.58
1150518,1600,109.4,110.28,109.32,110.06
1150519,1600,110.18,110.35,109.76,109.94
1150520,1600,110.02,110.67,109.43,110.01
1150521,1600,109.82,110.73,109.66,110.58
1150522,1600,110.45,110.87,110.38,110.47
1150526,1600,110.23,110.38,108.76,109.2
1150527,1600,109.53,111.08,109.29,110.96
1150528,1600,110.75,111.01,110.37,110.71
1150529,1600,110.64,110.79,109.79,110.05
1150601,1600,110.64,110.72,109.52,110.42
1150602,1600,110.01,110.61,109.47,110.07
1150603,1600,110.57,110.81,110.13,110.4
1150604,1600,109.78,110.48,109.21,109.56
1150605,1600,109.43,109.69,108.63,109.3
1150608,1600,109.25,109.33,107.97,108.19
1150609,1600,107.93,108.4,107.2,108.01
1150610,1600,108.38,109.81,108.26,109.49
1150611,1600,109.86,110.15,109.46,109.65
1150612,1600,109.07,109.3,108.6,108.75
1150615,1600,107.94,108.38,107.31,108.21
1150616,1600,108.1,108.98,108.05,108.8
1150617,1600,108.98,109.45,108.43,109.1
1150618,1600,109.5,110.88,109.44,110.69
1150619,1600,110.49,110.58,109.81,109.89
1150622,1600,110.7,111.03,110.45,110.7
1150623,1600,110.82,110.89,110.33,110.79
1150624,1600,110.66,111.13,110.19,110.22
1150625,1600,110.65,110.76,109.82,110.0
1150626,1600,109.98,110.23,108.86,109.27
1150629,1600,108.06,108.66,106.64,106.69
1150630,1600,107.49,107.72,106.74,107.07
1150701,1600,108.13,108.35,107.42,107.92
1150702,1600,108.23,108.32,107.62,107.95
1150706,1600,107.27,108.32,107.04,107.7
1150707,1600,107.82,108.07,105.83,107.97
1150708,1600,107.2,107.33,105.89,106.09
1150709,1600,107.5,107.6,106.02,106.03
1150710,1600,107.44,108.05,107.05,107.65
1150713,1600,108.58,109.63,108.57,109.54
1150714,1600,109.69,110.56,109.63,110.26
1150715,1600,110.47,110.81,110.07,110.38
1150716,1600,111.29,111.96,111.07,111.94
1150717,1600,112.84,113.59,112.65,113.59
1150720,1600,113.83,114.39,113.48,113.98
1150721,1600,114.02,114.2,113.58,113.91
1150722,1600,112.17,113.17,112.17,112.62
1150723,1600,112.73,113.1,111.91,112.2
1150724,1600,112.8,113.0,110.93,111.1
1150727,1600,110.47,110.95,109.94,110.18
1150728,1600,110.67,111.35,109.79,111.13
1150729,1600,111.37,111.79,110.94,111.55
1150730,1600,111.29,112.27,110.62,112.08
1150731,1600,112.43,112.49,111.72,111.95
1150803,1600,111.97,112.28,110.86,111.6
1150804,1600,111.55,111.75,110.93,111.39
1150805,1600,112.01,113.0,111.88,112.25
1150806,1600,112.35,112.5,109.95,110.45
1150807,1600,110.18,110.57,109.4,110.31
1150810,1600,111.01,111.81,111.0,111.57
1150811,1600,110.98,111.41,109.53,110.14
1150812,1600,109.38,110.74,108.22,110.52
1150813,1600,110.63,111.16,110.1,110.34
1150814,1600,110.08,110.67,109.86,110.51
1150817,1600,110.24,111.46,109.96,111.43
1150818,1600,111.28,111.37,110.71,110.86
1150819,1600,110.52,111.11,109.49,110.13
1150820,1600,109.11,109.46,107.07,107.08
1150821,1600,105.57,106.47,102.4,102.4
1150824,1600,94.23,102.53,84.74,98.46
1150825,1600,102.07,102.74,98.01,98.09
1150826,1600,100.96,103.23,98.93,103.03
1150827,1600,104.52,105.71,103.28,105.64
1150828,1600,105.08,106.0,104.85,105.62
1150831,1600,105.03,105.61,104.05,104.31
1150901,1600,101.71,103.29,100.63,101.05
1150902,1600,102.88,103.92,101.7,103.9
1150903,1600,104.31,105.02,103.1,103.39
1150904,1600,101.97,102.85,101.59,102.16
1150908,1600,104.12,105.17,103.69,105.04
1150909,1600,106.28,106.31,103.59,103.86
1150910,1600,103.74,105.68,103.62,104.99
1150911,1600,104.51,105.57,104.21,105.57
1150914,1600,105.96,105.98,104.85,105.25
1150915,1600,105.5,106.82,105.11,106.49
1150916,1600,106.51,107.19,106.14,107.09
1150917,1600,106.98,108.73,106.64,107.13
1150918,1600,105.23,106.6,105.17,105.35
1150921,1600,105.93,106.55,104.73,105.68
1150922,1600,104.06,104.42,103.13,104.1
1150923,1600,104.38,104.66,103.64,104.18
1150924,1600,103.17,104.19,102.27,103.8
1150925,1600,104.91,105.01,102.28,102.92
1150928,1600,102.48,102.55,99.69,99.99
1150929,1600,100.24,101.26,98.75,99.47
1150930,1600,100.89,101.87,100.5,101.76
1151001,1600,101.94,102.23,100.59,102.22
1151002,1600,100.8,104.01,100.48,104.01
1151005,1600,104.78,105.78,104.55,105.5
1151006,1600,105.25,105.6,104.18,105.0
1151007,1600,105.66,105.86,104.29,105.63
1151008,1600,105.23,106.23,104.21,106.05
1151009,1600,106.1,106.73,105.81,106.53
1151012,1600,106.73,106.99,106.35,106.79
1151013,1600,106.18,107.26,106.0,106.1
1151014,1600,106.1,106.63,105.49,105.93
1151015,1600,106.32,107.68,106.18,107.67
1151016,1600,107.9,108.18,107.38,108.12
1151019,1600,107.98,108.81,107.74,108.74
1151020,1600,108.55,108.78,107.81,108.18
1151021,1600,108.73,108.84,107.48,107.52
1151022,1600,108.48,109.8,108.17,109.71
1151023,1600,112.66,113.24,112.07,112.78
1151026,1600,112.7,113.07,112.27,112.85
1151027,1600,112.55,113.24,112.52,113.08
1151028,1600,113.25,114.02,112.34,114.02
1151029,1600,113.5,114.03,113.38,113.84
1151030,1600,113.89,114.08,113.3,113.33
1151102,1600,113.63,114.75,113.39,114.61
1151103,1600,114.38,115.42,114.21,115.01
1151104,1600,115.39,115.47,114.54,115.02
1151105,1600,115.12,115.4,114.11,114.71
1151106,1600,114.49,114.92,113.76,114.79
1151109,1600,114.36,114.51,112.87,113.57
1151110,1600,112.97,113.39,112.63,113.28
1151111,1600,113.59,114.14,112.95,113.14
1151112,1600,112.68,113.23,111.96,112.04
1151113,1600,111.57,111.69,109.78,109.84
1151116,1600,109.73,111.44,109.48,111.42
1151117,1600,111.61,112.29,111.21,111.49
1151118,1600,111.94,113.74,111.83,113.63
1151119,1600,113.69,114.23,113.49,113.71
1151120,1600,114.25,114.57,114.14,114.48
1151123,1600,114.52,114.94,113.66,114.15
1151124,1600,113.41,114.32,112.84,114.05
1151125,1600,114.22,114.36,113.91,114.15
1151127,1600,114.4,114.54,113.92,114.31
1151130,1600,114.65,114.65,113.65,114.02
1151201,1600,114.48,115.16,114.34,115.16
1151202,1600,115.25,115.75,114.28,114.45
1151203,1600,114.76,114.96,111.84,112.51
1151204,1600,112.85,115.33,112.62,115.14
1151207,1600,115.22,115.29,114.07,114.62
1151208,1600,113.42,115.0,113.38,114.63
1151209,1600,114.13,114.76,112.2,112.89
1151210,1600,113.15,114.16,112.81,113.4
1151211,1600,112.09,112.39,110.72,110.79
1151214,1600,110.94,111.68,109.38,111.63
1151215,1600,112.66,113.28,112.17,112.31
1151216,1600,113.07,114.17,111.89,113.98
1151217,1600,114.48,114.48,112.3,112.32
1151218,1600,111.63,111.88,109.83,109.83
1151221,1600,110.87,111.07,110.05,111.05
1151222,1600,111.64,111.94,111.05,111.78
1151223,1600,112.36,112.69,112.16,112.61
1151224,1600,112.61,112.9,112.54,112.59
1151228,1600,112.32,112.55,111.51,112.53
1151229,1600,113.2,114.55,113.13,114.3
1151230,1600,114.2,114.24,113.25,113.27
1151231,1600,112.87,113.08,111.84,111.86
1160104,1600,109.45,109.6,108.12,109.5
1160105,1600,110.04,110.18,108.8,109.31
1160106,1600,107.41,108.89,107.41,108.26
1160107,1600,105.95,107.29,104.81,104.87
1160108,1600,105.63,106.29,103.9,104.01
1160111,1600,104.75,105.06,102.73,104.33
1160112,1600,105.33,106.08,104.08,105.54
1160113,1600,105.97,106.23,101.74,101.9
1160114,1600,102.3,104.98,100.67,104.07
1160115,1600,100.62,101.94,99.51,100.84
1160119,1600,102.21,102.37,99.88,101.06
1160120,1600,99.47,101.83,97.25,100.75
1160121,1600,101.18,102.35,99.82,100.85
1160122,1600,102.88,103.81,102.53,103.77
1160125,1600,103.4,103.99,102.14,102.23
1160126,1600,102.66,103.59,101.76,103.15
1160127,1600,102.55,102.99,100.15,100.58
1160128,1600,102.25,102.29,100.26,102.0
1160129,1600,101.97,104.17,101.94,104.13
1160201,1600,103.63,104.8,103.23,104.41
1160202,1600,103.93,103.97,101.84,102.15
1160203,1600,102.83,102.83,99.88,101.66
1160204,1600,101.39,102.46,100.44,101.65
1160205,1600,101.29,101.33,97.72,98.12
1160208,1600,96.29,97.05,94.84,96.62
1160209,1600,95.33,97.78,95.18,96.32
1160210,1600,97.43,98.69,96.62,96.69
1160211,1600,95.46,97.32,95.19,96.55
1160212,1600,97.64,98.12,96.73,98.02
1160216,1600,99.47,100.23,98.85,100.23
1160217,1600,100.96,102.64,100.7,102.5
1160218,1600,102.82,102.84,101.2,101.33
1160219,1600,100.84,101.94,100.62,101.63
1160222,1600,102.58,103.38,102.48,103.28
1160223,1600,102.68,102.96,101.51,101.58
1160224,1600,100.39,102.68,99.77,102.55
1160225,1600,102.76,103.56,101.84,103.56
1160226,1600,104.35,104.37,103.18,103.43
1160229,1600,103.33,104.1,102.5,102.5
1160301,1600,103.48,105.79,103.16,105.79
1160302,1600,105.66,105.85,105.01,105.83
1160303,1600,105.72,105.75,104.87,105.63
1160304,1600,105.75,106.35,104.97,105.67
1160307,1600,105.13,105.74,104.27,105.02
1160308,1600,104.3,105.21,103.97,104.15
1160309,1600,104.54,104.84,103.96,104.82
1160310,1600,105.26,105.86,103.31,104.66
1160311,1600,105.79,106.49,105.46,106.49
1160314,1600,106.09,106.92,106.06,106.67
1160315,1600,106.29,106.75,105.95,106.63
1160316,1600,106.37,107.86,106.34,107.58
1160317,1600,107.27,107.77,106.87,107.52
1160318,1600,107.46,107.64,106.8,107.37
1160321,1600,107.18,107.89,107.12,107.79
1160322,1600,107.18,108.37,107.16,108.12
1160323,1600,107.91,107.99,106.99,107.23
1160324,1600,106.71,107.29,106.53,107.26
1160328,1600,107.56,107.58,106.92,107.11
1160329,1600,106.91,108.9,106.73,108.83
1160330,1600,109.48,110.04,109.13,109.36
1160331,1600,109.28,109.69,109.03,109.2
1160401,1600,108.54,110.4,108.39,110.36
1160404,1600,110.36,110.44,109.68,109.94
1160405,1600,109.09,109.5,108.74,108.88
1160406,1600,108.99,110.71,108.99,110.67
1160407,1600,110.03,110.23,108.61,109.08
1160408,1600,109.76,110.02,108.62,109.0
1160411,1600,109.47,110.02,108.59,108.6
1160412,1600,108.68,109.72,108.02,109.51
1160413,1600,110.35,111.08,110.21,110.91
1160414,1600,110.93,111.33,110.0,110.92
1160415,1600,110.83,111.06,110.36,110.64
1160418,1600,110.32,111.27,110.25,111.23
1160419,1600,111.44,111.44,109.88,110.55
1160420,1600,110.55,111.15,110.17,110.64
1160421,1600,110.58,111.05,110.15,110.65
1160422,1600,109.21,109.72,108.12,108.98
1160425,1600,108.65,108.99,108.45,108.98
1160426,1600,109.21,109.39,108.12,108.45
1160427,1600,107.34,107.83,106.69,107.58
1160428,1600,107.7,108.33,106.07,106.28
1160429,1600,106.28,106.5,104.88,105.72
1160502,1600,105.99,106.87,105.55,106.72
1160503,1600,105.96,106.44,105.45,105.73
1160504,1600,105.09,105.48,104.79,105.05
1160505,1600,105.43,105.66,104.81,105.02
1160506,1600,104.5,105.6,104.4,105.58
1160509,1600,105.59,106.37,105.54,105.88
1160510,1600,106.26,107.38,106.07,107.33
1160511,1600,107.17,107.49,106.33,106.36
1160512,1600,106.61,106.74,105.14,105.89
1160513,1600,105.8,106.45,105.29,105.5
1160516,1600,105.66,107.21,105.56,106.82
1160517,1600,106.73,107.04,105.2,105.48
1160518,1600,105.24,106.43,105.04,105.86
1160519,1600,105.45,105.71,104.54,105.31
1160520,1600,105.73,106.9,105.67,106.47
1160523,1600,106.59,106.97,106.23,106.33
1160524,1600,106.92,108.59,106.89,108.46
1160525,1600,108.87,109.57,108.68,109.24
1160526,1600,109.35,109.7,109.09,109.56
1160527,1600,109.63,110.14,109.61,110.13
1160531,1600,110.28,110.51,109.78,110.34
1160601,1600,110.0,110.6,109.91,110.35
1160602,1600,110.13,110.59,109.53,110.58
1160603,1600,110.37,110.42,109.34,110.06
1160606,1600,110.26,110.75,110.07,110.46
1160607,1600,110.52,110.63,110.13,110.18
1160608,1600,110.37,110.6,109.96,110.37
1160609,1600,109.92,110.31,109.71,110.19
1160610,1600,109.19,109.4,108.56,108.94
1160613,1600,108.32,108.93,107.89,108.03
1160614,1600,107.74,108.42,107.24,108.03
1160615,1600,108.29,108.44,107.54,107.72
1160616,1600,107.19,108.14,106.5,108.04
1160617,1600,107.53,107.68,106.24,106.49
1160620,1600,107.73,108.24,107.08,107.16
1160621,1600,107.3,107.72,107.1,107.5
1160622,1600,107.56,108.19,107.15,107.24
1160623,1600,108.07,108.79,107.62,108.77
1160624,1600,104.9,106.5,104.06,104.29
1160627,1600,103.6,103.6,101.75,102.22
1160628,1600,103.35,104.51,103.3,104.46
1160629,1600,105.28,106.53,105.23,106.31
1160630,1600,106.49,107.61,106.13,107.54
1160701,1600,107.49,108.48,107.45,108.08
1160705,1600,107.51,107.66,106.84,107.42
1160706,1600,106.91,108.35,106.57,108.3
1160707,1600,108.4,108.86,108.11,108.62
1160708,1600,109.2,110.36,109.02,110.3
1160711,1600,110.67,111.34,110.66,110.93
1160712,1600,111.61,111.79,111.34,111.49
1160713,1600,111.75,111.82,111.21,111.22
1160714,1600,111.96,112.19,111.7,111.98
1160715,1600,112.24,112.3,111.55,111.8
1160718,1600,111.87,112.74,111.85,112.54
1160719,1600,112.15,112.48,111.93,112.13
1160720,1600,112.74,113.65,112.6,113.44
1160721,1600,113.52,113.74,112.87,113.18
1160722,1600,113.26,113.78,112.91,113.65
1160725,1600,113.56,113.69,113.28,113.66
1160726,1600,113.62,114.2,113.22,113.79
1160727,1600,114.75,114.88,114.1,114.58
1160728,1600,114.76,115.11,114.4,114.98
1160729,1600,115.24,115.54,114.87,115.23
1160801,1600,115.31,116.13,115.17,115.84
1160802,1600,115.67,115.77,114.22,114.96
1160803,1600,114.87,115.35,114.8,115.34
1160804,1600,115.3,115.78,115.03,115.67
1160805,1600,116.26,117.04,116.13,116.78
1160808,1600,116.84,116.87,116.28,116.65
1160809,1600,116.74,117.29,116.67,116.92
1160810,1600,116.99,117.02,116.31,116.62
1160811,1600,117.02,117.37,116.78,117.12
1160812,1600,116.92,117.21,116.79,117.2
1160815,1600,117.35,117.97,117.31,117.7
1160816,1600,117.48,117.49,117.03,117.05
1160817,1600,117.08,117.3,116.43,117.26
1160818,1600,117.15,117.46,116.95,117.29
1160819,1600,117.08,117.52,116.76,117.26
1160822,1600,117.09,117.55,116.87,117.35
1160823,1600,117.81,118.01,117.51,117.56
1160824,1600,117.48,117.64,116.41,116.8
1160825,1600,116.5,116.97,116.36,116.61
1160826,1600,116.65,117.54,116.08,116.78
1160829,1600,116.81,117.25,116.79,116.94
1160830,1600,116.75,117.09,116.16,116.56
1160831,1600,116.38,116.56,115.95,116.44
1160901,1600,116.48,116.88,115.91,116.74
1160902,1600,117.32,117.56,116.68,117.12
1160906,1600,117.32,117.85,117.06,117.85
1160907,1600,117.96,118.12,117.47,117.92
1160908,1600,117.57,117.6,116.92,117.23
1160909,1600,116.25,116.51,114.26,114.28
1160912,1600,113.64,116.49,113.63,116.33
1160913,1600,115.75,116.09,114.73,115.29
1160914,1600,115.41,116.47,115.38,115.84
1160915,1600,115.87,117.82,115.86,117.64
1160916,1600,117.22,117.41,116.71,117.29
1160919,1600,117.59,117.95,116.55,116.78
1160920,1600,117.2,117.48,116.8,117.0
1160921,1600,117.5,118.32,116.81,118.15
1160922,1600,118.84,119.22,118.72,119.09
1160923,1600,119.0,119.0,118.16,118.33
1160926,1600,117.66,117.8,117.17,117.34
1160927,1600,117.26,118.56,117.15,118.5
1160928,1600,118.65,118.77,118.09,118.7
1160929,1600,118.5,118.72,117.33,117.84
1160930,1600,118.15,119.07,118.03,118.72
1161003,1600,118.57,118.7,118.09,118.55
1161004,1600,118.9,119.16,117.92,118.37
1161005,1600,118.72,119.17,118.67,118.79
1161006,1600,118.64,118.98,118.15,118.73
1161007,1600,118.84,119.01,117.89,118.47
1161010,1600,119.08,119.48,119.03,119.22
1161011,1600,119.12,119.14,117.0,117.52
1161012,1600,117.63,117.82,117.06,117.42
1161013,1600,116.62,117.32,115.94,117.0
1161014,1600,117.58,118.05,117.07,117.14
1161017,1600,117.04,117.3,116.67,116.82
1161018,1600,118.21,118.41,117.8,117.86
1161019,1600,117.77,118.02,117.64,117.85
1161020,1600,117.73,117.97,117.03,117.71
1161021,1600,117.8,118.22,117.41,118.15
1161024,1600,118.91,119.65,118.89,119.57
1161025,1600,119.64,119.66,119.01,119.19
1161026,1600,118.42,119.03,118.03,118.38
1161027,1600,118.89,118.99,117.67,117.84
1161028,1600,117.5,118.11,116.74,117.1
1161031,1600,117.53,117.53,116.93,116.99
1161101,1600,117.19,117.21,115.1,116.11
1161102,1600,116.03,116.3,114.89,115.18
1161103,1600,114.99,115.37,113.92,114.05
1161104,1600,113.77,114.54,113.45,113.65
1161107,1600,115.49,116.47,115.3,116.35
1161108,1600,116.23,117.64,115.96,117.11
1161109,1600,115.74,117.84,115.6,117.65
1161110,1600,118.22,118.38,114.2,115.75
1161111,1600,115.25,116.05,114.84,115.8
1161114,1600,115.83,115.94,114.03,114.63
1161115,1600,115.5,116.62,115.33,116.22
1161116,1600,115.67,116.99,115.67,116.91
1161117,1600,116.85,117.78,116.61,117.76
1161118,1600,117.9,118.1,117.21,117.32
1161121,1600,117.61,118.65,117.57,118.54
1161122,1600,119.01,119.19,118.61,118.9
1161123,1600,118.51,118.64,117.9,118.42
1161125,1600,118.56,118.85,118.42,118.8
1161128,1600,118.65,119.08,118.41,118.53
1161129,1600,118.64,119.51,118.3,118.94
1161130,1600,119.09,119.13,117.46,117.5
1161201,1600,117.46,117.47,115.29,115.47
1161202,1600,115.54,116.16,115.22,115.7
1161205,1600,116.3,117.06,115.77,116.6
1161206,1600,116.93,117.08,116.39,116.88
1161207,1600,116.64,118.51,116.29,118.36
1161208,1600,118.41,118.87,118.18,118.57
1161209,1600,119.01,119.54,119.0,119.5
1161212,1600,118.97,119.21,118.47,118.96
1161213,1600,119.32,121.11,119.32,120.46
1161214,1600,120.61,121.0,119.86,120.21
1161215,1600,120.37,121.11,120.08,120.4
1161216,1600,120.34,120.58,119.36,119.6
1161219,1600,119.72,120.83,119.55,120.09
1161220,1600,120.47,120.77,120.33,120.55
1161221,1600,120.6,120.68,120.19,120.46
1161222,1600,120.47,120.5,119.65,120.12
1161223,1600,119.92,120.25,119.81,120.2
1161227,1600,120.46,121.52,120.41,120.82
1161228,1600,121.08,121.19,119.8,119.88
1161229,1600,119.85,120.13,119.33,119.71
1161230,1600,119.94,119.95,118.14,118.48
1170103,1600,119.27,119.99,118.89,119.54
1170104,1600,119.67,120.41,119.66,120.19
1170105,1600,120.1,120.95,120.1,120.87
1170106,1600,121.0,122.25,120.69,121.93
1170109,1600,122.03,122.55,121.95,122.33
1170110,1600,122.38,122.97,122.1,122.6
1170111,1600,122.65,122.93,122.02,122.93
1170112,1600,122.49,122.82,121.6,122.74
1170113,1600,122.8,123.37,122.8,123.16
1170117,1600,122.84,123.03,122.43,122.79
1170118,1600,122.97,123.16,122.66,123.04
1170119,1600,123.22,123.65,122.72,122.98
1170120,1600,123.52,123.83,122.92,123.25
1170123,1600,123.17,123.53,122.57,123.35
1170124,1600,123.59,124.37,123.38,124.18
1170125,1600,124.96,125.46,124.85,125.43
1170126,1600,125.6,125.82,125.34,125.56
1170127,1600,125.83,125.92,125.39,125.8
1170130,1600,125.38,125.38,124.13,124.82
1170131,1600,124.38,124.6,123.85,124.57
1170201,1600,125.45,125.68,124.86,125.43
1170202,1600,125.21,125.7,124.86,125.32
1170203,1600,125.45,125.81,125.33,125.68
1170206,1600,125.47,125.85,125.35,125.83
1170207,1600,126.09,126.55,125.97,126.29
1170208,1600,126.12,126.68,125.88,126.5
1170209,1600,126.63,127.24,126.56,126.96
1170210,1600,127.24,127.56,127.02,127.38
1170213,1600,127.77,128.26,127.72,128.1
1170214,1600,128.15,128.54,127.74,128.53
1170215,1600,128.44,129.35,128.37,129.29
1170216,1600,129.37,129.63,128.92,129.25
1170217,1600,129.06,129.82,129.04,129.81
1170221,1600,130.06,130.53,129.99,130.45
1170222,1600,130.33,130.59,130.11,130.5
1170223,1600,130.7,130.7,129.49,130.01
1170224,1600,129.42,130.26,129.38,130.26
1170227,1600,130.02,130.43,129.8,130.42
1170228,1600,130.39,130.45,129.66,130.02
1170301,1600,130.85,131.68,130.6,131.44
1170302,1600,131.41,131.43,130.62,130.78
1170303,1600,130.69,131.06,130.34,131.02
1170306,1600,130.59,130.95,130.21,130.73
1170307,1600,130.47,131.08,130.28,130.51
1170308,1600,130.59,131.15,130.46,130.74
1170309,1600,130.71,131.02,130.14,130.84
1170310,1600,131.44,131.6,130.82,131.39
1170313,1600,131.34,131.64,131.27,131.61
1170314,1600,131.31,131.36,130.76,131.29
1170315,1600,131.56,132.41,131.14,132.1
1170316,1600,132.35,132.35,131.71,132.01
1170317,1600,131.9,132.04,131.62,131.69
1170320,1600,131.65,132.11,131.46,131.81
1170321,1600,132.31,132.43,129.73,129.81
1170322,1600,129.85,130.82,129.68,130.69
1170323,1600,130.52,130.88,130.14,130.36
1170324,1600,130.78,131.29,130.13,130.63
1170327,1600,129.7,131.07,129.4,130.84
1170328,1600,130.84,132.03,130.55,131.64
1170329,1600,131.73,132.3,131.59,132.25
1170330,1600,132.2,132.61,132.08,132.47
1170331,1600,132.28,132.74,132.13,132.38
1170403,1600,132.49,132.81,131.56,132.3
1170404,1600,131.92,132.53,131.87,132.51
1170405,1600,132.7,133.48,131.72,131.97
1170406,1600,132.1,132.39,131.7,132.04
1170407,1600,132.0,132.37,131.5,131.97
1170410,1600,132.1,132.57,131.66,132.02
1170411,1600,131.9,132.1,130.5,131.45
1170412,1600,131.43,131.54,130.78,130.92
1170413,1600,130.74,131.51,130.38,130.4
1170417,1600,130.77,131.5,130.72,131.48
1170418,1600,131.04,131.66,130.95,131.28
1170419,1600,131.85,132.29,131.31,131.49
1170420,1600,132.02,132.88,131.82,132.59
1170421,1600,132.71,132.76,132.22,132.56
1170424,1600,134.03,134.29,133.8,134.16
1170425,1600,134.6,135.37,134.48,135.13
1170426,1600,135.18,135.51,134.86,134.94
1170427,1600,135.27,135.75,135.19,135.75
1170428,1600,136.29,136.34,135.77,135.99
1170501,1600,136.44,137.38,136.38,137.2
1170502,1600,137.37,137.49,137.02,137.43
1170503,1600,137.12,137.17,136.62,136.99
1170504,1600,136.97,137.43,136.56,137.04
1170505,1600,137.39,137.54,136.88,137.54
1170508,1600,137.61,137.84,137.33,137.84
1170509,1600,138.05,138.63,137.93,138.32
1170510,1600,138.4,138.45,137.91,138.4
1170511,1600,138.02,138.33,137.38,138.29
1170512,1600,138.35,138.63,138.23,138.6
1170515,1600,138.66,139.12,138.53,139.04
1170516,1600,139.4,139.64,138.99,139.62
1170517,1600,138.51,138.77,136.05,136.07
1170518,1600,136.02,137.72,135.87,137.26
1170519,1600,137.75,138.42,137.66,137.84
1170522,1600,138.15,139.07,138.1,139.0
1170523,1600,139.41,139.42,138.78,139.14
1170524,1600,139.56,139.85,139.17,139.78
1170525,1600,140.31,141.33,140.01,140.97
1170526,1600,141.0,141.28,140.81,141.22
1170530,1600,141.15,141.51,141.06,141.34
1170531,1600,141.84,141.84,140.57,141.29
1170601,1600,141.58,141.9,140.98,141.84
1170602,1600,142.34,143.49,142.11,143.46
1170605,1600,143.45,143.68,143.23,143.43
1170606,1600,143.26,143.73,142.65,142.86
1170607,1600,143.26,143.54,142.6,143.42
1170608,1600,143.74,143.8,142.79,143.57
1170609,1600,143.74,143.9,138.11,139.98
1170612,1600,138.8,139.48,137.47,139.23
1170613,1600,140.01,140.56,139.28,140.36
1170614,1600,140.93,140.93,138.62,139.75
1170615,1600,138.34,139.28,137.49,139.13
1170616,1600,138.68,138.78,137.64,138.15
1170619,1600,139.49,140.59,139.28,140.46
1170620,1600,140.32,140.5,139.31,139.36
1170621,1600,139.68,140.81,139.59,140.74
1170622,1600,140.96,141.22,140.34,140.7
1170623,1600,140.54,141.42,140.15,141.24
1170626,1600,142.05,142.29,140.27,140.58
1170627,1600,140.05,140.22,138.02,138.03
1170628,1600,138.54,140.14,137.74,140.02
1170629,1600,139.44,139.44,136.25,137.59
1170630,1600,137.98,138.67,137.19,137.64
1170703,1600,138.27,138.43,136.1,136.19
1170705,1600,136.62,137.9,136.16,137.53
1170706,1600,136.48,137.06,135.8,136.29
1170707,1600,136.75,138.13,136.74,137.76
1170710,1600,137.85,138.99,137.5,138.66
1170711,1600,138.46,139.22,137.94,139.05
1170712,1600,140.24,140.86,139.96,140.7
1170713,1600,140.87,141.35,140.6,141.01
1170714,1600,141.64,142.3,141.19,142.12
1170717,1600,142.27,142.69,141.92,142.19
1170718,1600,142.09,143.17,141.64,143.14
1170719,1600,143.56,144.19,143.5,143.98
1170720,1600,144.35,144.44,143.52,144.17
1170721,1600,143.64,144.11,143.35,144.11
1170724,1600,144.09,144.87,143.92,144.77
1170725,1600,144.29,144.74,144.01,144.4
1170726,1600,144.76,144.95,144.53,144.87
1170727,1600,145.82,145.96,142.3,143.96
1170728,1600,143.1,144.08,142.87,143.84
1170731,1600,144.25,144.43,142.92,143.23
1170801,1600,143.72,143.76,143.12,143.56
1170802,1600,144.49,144.52,142.61,143.95
1170803,1600,144.09,144.17,143.13,143.39
1170804,1600,143.71,143.97,143.06,143.65
1170807,1600,143.91,144.56,143.71,144.56
1170808,1600,144.28,145.47,143.9,144.31
1170809,1600,143.12,144.19,142.79,144.12
1170810,1600,143.3,143.4,140.89,141.03
1170811,1600,141.22,142.41,140.9,142.1
1170814,1600,143.23,144.15,143.19,143.93
1170815,1600,144.29,144.3,143.64,144.03
1170816,1600,144.39,144.96,143.8,144.28
1170817,1600,143.72,143.94,141.33,141.33
1170818,1600,141.41,142.2,140.65,141.23
1170821,1600,141.22,141.53,140.18,141.05
1170822,1600,141.81,143.35,141.76,143.2
1170823,1600,142.48,143.01,142.38,142.69
1170824,1600,143.01,143.17,141.47,142.27
1170825,1600,142.82,143.18,141.78,141.97
1170828,1600,142.4,142.74,141.95,142.41
1170829,1600,141.19,143.21,141.06,142.97
1170830,1600,143.09,144.89,143.0,144.65
1170831,1600,145.06,146.21,144.98,146.2
1170901,1600,146.39,146.59,145.61,146.0
1170905,1600,145.57,145.88,143.6,144.69
1170906,1600,145.06,145.46,144.08,145.13
1170907,1600,145.4,145.84,144.94,145.47
1170908,1600,145.28,145.35,144.06,144.21
1170911,1600,145.34,146.12,145.3,145.87
1170912,1600,146.28,146.41,145.53,146.22
1170913,1600,145.97,146.44,145.73,146.42
1170914,1600,145.85,146.29,145.47,145.56
1170915,1600,145.53,146.59,145.29,146.06
1170918,1600,145.91,146.37,145.11,145.55
1170919,1600,145.81,146.01,145.31,145.8
1170920,1600,145.75,145.91,144.23,145.35
1170921,1600,145.25,145.26,143.95,144.46
1170922,1600,144.0,144.53,143.85,144.32
1170925,1600,143.75,143.83,142.1,142.8
1170926,1600,143.53,143.8,142.67,143.17
1170927,1600,143.93,145.0,143.57,144.46
1170928,1600,144.11,144.56,143.78,144.41
1170929,1600,144.7,145.56,144.32,145.45
1171002,1600,145.67,146.17,144.93,145.58
1171003,1600,145.77,146.06,145.45,145.89
1171004,1600,145.61,146.34,145.47,146.03
1171005,1600,146.56,147.54,146.41,147.46
1171006,1600,146.96,147.66,146.96,147.66
1171009,1600,147.85,148.01,147.3,147.49
1171010,1600,147.99,148.14,146.95,147.6
1171011,1600,147.53,148.07,147.34,148.04
1171012,1600,147.82,148.35,147.62,147.77
1171013,1600,148.37,148.51,147.78,148.34
1171016,1600,148.71,148.89,148.39,148.85
1171017,1600,148.8,149.06,148.57,149.04
1171018,1600,149.19,149.21,148.64,148.86
1171019,1600,147.99,148.33,147.27,148.31
1171020,1600,148.91,149.04,148.53,148.71
1171023,1600,149.02,149.03,147.53,147.74
1171024,1600,148.03,148.3,147.44,147.99
1171025,1600,147.7,148.18,146.33,147.43
1171026,1600,147.34,147.71,146.92,146.96
1171027,1600,149.43,151.52,149.2,151.24
1171030,1600,151.13,152.19,150.99,151.58
1171031,1600,152.07,152.37,151.63,152.15
1171101,1600,152.76,152.83,151.5,152.1
1171102,1600,151.93,151.99,150.77,151.81
1171103,1600,152.36,153.29,151.84,153.27
1171106,1600,153.15,153.85,153.1,153.79
1171107,1600,153.67,154.08,153.34,153.88
1171108,1600,153.8,154.54,153.62,154.5
1171109,1600,153.23,153.77,152.11,153.69
1171110,1600,153.33,153.8,153.06,153.68
1171113,1600,153.1,154.07,153.1,153.87
1171114,1600,153.33,153.5,152.57,153.31
1171115,1600,152.65,153.0,151.78,152.59
1171116,1600,153.36,154.89,153.33,154.54
1171117,1600,154.58,154.69,153.8,153.95
1171120,1600,154.06,154.2,153.61,153.83
1171121,1600,154.56,155.57,154.49,155.5
1171122,1600,155.64,155.84,155.34,155.69
1171124,1600,155.85,156.31,155.76,156.26
1171127,1600,156.21,156.56,155.83,156.19
1171128,1600,156.54,156.69,155.7,156.59
1171129,1600,156.41,156.45,153.12,153.86
1171130,1600,154.51,155.45,154.15,155.15
1171201,1600,154.2,155.24,152.26,154.49
1171204,1600,155.46,155.63,152.56,152.71
1171205,1600,152.68,154.55,152.1,152.81
1171206,1600,152.24,153.74,152.06,153.5
1171207,1600,153.49,154.46,153.33,154.02
1171208,1600,155.15,155.53,154.46,154.7
1171211,1600,154.77,155.95,154.76,155.9
1171212,1600,155.83,156.15,155.36,155.69
1171213,1600,156.32,156.49,155.76,155.99
1171214,1600,156.26,156.66,155.71,155.88
1171215,1600,156.49,157.82,156.23,157.65
1171218,1600,158.36,158.77,158.07,158.64
1171219,1600,158.34,158.5,157.26,157.7
1171220,1600,158.25,158.28,156.91,157.53
1171221,1600,157.75,158.25,157.37,157.55
1171222,1600,157.31,157.43,156.95,157.37
1171226,1600,156.49,156.72,155.95,156.52
1171227,1600,156.53,156.96,156.39,156.54
1171228,1600,157.04,157.07,156.54,156.73
1171229,1600,156.87,156.9,155.7,155.76
1180102,1600,156.56,158.53,156.17,158.49
1180103,1600,158.64,160.17,158.61,160.03
1180104,1600,160.58,160.79,160.08,160.31
1180105,1600,161.07,162.03,160.77,161.92
1180108,1600,161.92,162.63,161.86,162.55
1180109,1600,162.87,163.04,162.07,162.56
1180110,1600,161.84,162.21,161.12,162.18
1180111,1600,162.46,163.3,162.21,163.29
1180112,1600,163.15,164.66,162.94,164.49
1180116,1600,165.58,166.42,163.53,164.02
1180117,1600,164.8,166.04,164.0,165.79
1180118,1600,165.53,166.2,165.14,165.82
1180119,1600,166.31,166.61,165.54,166.34
1180122,1600,166.28,168.12,166.09,168.12
1180123,1600,168.64,169.66,168.56,169.51
1180124,1600,169.87,170.24,167.44,168.41
1180125,1600,169.57,169.63,167.81,168.35
1180126,1600,169.29,170.95,168.96,170.93
1180129,1600,170.57,170.91,169.74,170.1
1180130,1600,168.55,169.42,167.82,168.7
1180131,1600,169.65,169.99,168.34,169.4
1180201,1600,168.1,169.73,167.42,167.96
1180202,1600,167.3,167.7,164.47,164.61
1180205,1600,163.07,165.75,158.0,158.12
1180206,1600,155.81,162.51,155.1,162.31
1180207,1600,161.79,163.55,160.2,160.21
1180208,1600,160.62,160.8,153.45,153.45
1180209,1600,155.62,157.24,150.13,156.1
1180212,1600,157.7,159.95,156.46,158.87
1180213,1600,157.96,160.01,157.72,159.69
1180214,1600,158.75,162.93,158.0,162.68
1180215,1600,164.14,165.7,162.44,165.7
1180216,1600,165.16,166.76,164.68,164.96
1180220,1600,164.38,166.68,164.31,165.29
1180221,1600,166.1,167.72,164.72,164.82
1180222,1600,165.54,166.42,164.38,164.8
1180223,1600,166.13,168.17,165.45,168.17
1180226,1600,168.96,170.4,168.82,170.4
1180227,1600,170.45,170.73,168.21,168.29
1180228,1600,169.25,169.8,167.1,167.21
1180301,1600,167.3,168.07,163.0,164.48
1180302,1600,162.5,166.28,161.96,165.99
1180305,1600,165.21,168.26,164.59,167.83
1180306,1600,168.65,169.11,167.48,168.54
1180307,1600,167.25,169.07,166.96,168.93
1180308,1600,169.63,169.98,168.95,169.86
1180309,1600,171.07,173.16,170.82,173.16
1180312,1600,173.67,174.48,173.28,174.08
1180313,1600,174.48,175.21,171.27,171.71
1180314,1600,172.61,172.74,170.93,171.68
1180315,1600,171.8,172.53,170.9,171.53
1180316,1600,171.82,172.2,170.94,171.02
1180319,1600,169.1,169.22,165.64,167.1
1180320,1600,167.17,168.04,166.61,167.65
1180321,1600,167.21,168.76,166.19,166.92
1180322,1600,164.61,165.77,162.59,162.8
1180323,1600,162.61,163.3,158.43,158.51
1180326,1600,161.72,164.6,159.16,164.4
1180327,1600,165.62,165.62,157.68,159.08
1180328,1600,158.17,159.78,156.04,157.25
1180329,1600,158.1,161.71,156.63,160.13
1180402,1600,158.99,159.74,153.88,155.51
1180403,1600,156.87,157.92,154.44,157.26
1180404,1600,154.22,160.23,154.04,159.74
1180405,1600,161.33,161.58,159.48,160.65
1180406,1600,158.88,160.46,155.88,156.63
1180409,1600,157.98,160.88,157.46,157.73
1180410,1600,160.21,161.73,159.07,161.21
1180411,1600,160.2,162.0,160.1,160.28
1180412,1600,161.25,162.77,161.16,162.21
1180413,1600,163.02,163.26,160.67,161.37
1180416,1600,162.5,163.19,161.48,162.6
1180417,1600,164.24,166.46,163.91,166.1
1180418,1600,166.1,167.0,165.31,166.44
1180419,1600,165.6,165.99,164.34,164.91
1180420,1600,164.49,164.61,161.73,162.3
1180423,1600,163.09,163.73,161.02,161.89
1180424,1600,162.66,162.91,157.39,158.46
1180425,1600,158.74,159.31,156.47,158.65
1180426,1600,160.7,162.53,160.18,161.99
1180427,1600,164.37,164.41,161.17,162.09
1180430,1600,162.47,163.48,160.54,160.94
1180501,1600,160.52,162.8,160.14,162.78
1180502,1600,163.06,163.57,161.63,161.82
1180503,1600,161.0,162.4,159.22,161.8
1180504,1600,161.1,165.25,160.98,164.87
1180507,1600,165.64,166.78,165.51,166.24
1180508,1600,165.89,166.43,164.86,166.07
1180509,1600,166.37,168.0,165.78,167.88
1180510,1600,168.42,169.74,168.29,169.62
1180511,1600,169.42,169.86,168.72,169.46
1180514,1600,169.85,170.82,169.47,169.75
1180515,1600,168.41,168.5,166.98,167.87
1180516,1600,168.09,169.37,168.01,168.98
1180517,1600,168.39,169.61,167.51,168.33
1180518,1600,167.68,168.26,167.21,167.46
1180521,1600,168.76,169.5,167.68,168.4
1180522,1600,169.17,169.45,167.88,168.18
1180523,1600,166.9,169.62,166.88,169.6
1180524,1600,169.55,169.85,167.84,169.55
1180525,1600,169.53,170.33,169.21,169.72
1180529,1600,168.95,169.92,167.96,168.97
1180530,1600,169.58,170.48,169.22,170.18
1180531,1600,170.18,171.2,169.63,170.07
1180601,1600,170.92,172.84,170.87,172.74
1180604,1600,173.18,174.34,173.07,174.3
1180605,1600,174.71,175.13,174.07,174.84
1180606,1600,175.02,175.89,174.14,175.86
1180607,1600,175.89,175.93,173.55,174.43
1180608,1600,173.61,174.88,173.18,174.44
1180611,1600,174.31,175.34,174.28,174.91
1180612,1600,175.15,176.0,174.96,175.83
1180613,1600,176.1,177.14,175.43,175.82
1180614,1600,176.63,177.89,176.5,177.6
1180615,1600,176.93,177.33,176.11,176.98
1180618,1600,175.49,176.65,174.94,176.5
1180619,1600,174.27,176.04,173.71,176.0
1180620,1600,176.81,177.98,176.65,177.25
1180621,1600,177.7,177.88,175.37,175.71
1180622,1600,176.3,176.37,174.69,175.32
1180625,1600,173.73,173.99,169.81,171.37
1180626,1600,172.0,173.06,171.37,172.07
1180627,1600,172.8,173.58,169.61,169.73
1180628,1600,169.52,171.77,169.17,171.19
1180629,1600,172.01,172.92,171.4,171.65
1180702,1600,170.04,172.85,169.67,172.8
1180703,1600,173.45,173.45,170.63,170.8
1180705,1600,171.91,173.06,171.03,172.92
1180706,1600,173.32,175.74,173.0,175.61
1180709,1600,176.52,177.23,175.82,177.19
1180710,1600,177.52,177.72,176.71,177.32
1180711,1600,175.93,177.07,175.8,176.42
1180712,1600,177.2,179.46,177.08,179.46
1180713,1600,179.45,179.9,178.95,179.61
1180716,1600,179.65,179.95,178.88,179.18
1180717,1600,177.28,180.65,177.28,180.27
1180718,1600,180.29,180.44,179.38,179.93
1180719,1600,179.28,179.88,178.82,179.03
1180720,1600,179.57,180.17,178.79,178.99
1180723,1600,178.46,179.64,177.74,179.56
1180724,1600,181.41,182.05,179.56,180.3
1180725,1600,180.38,182.93,180.29,182.82
1180726,1600,180.34,180.92,179.81,180.05
1180727,1600,181.19,181.31,176.6,177.62
1180730,1600,177.63,177.73,174.27,175.11
1180731,1600,175.8,177.13,174.82,176.45
1180801,1600,176.86,177.65,176.1,177.12
1180802,1600,175.87,179.74,175.79,179.53
1180803,1600,179.87,180.09,179.08,180.08
1180806,1600,179.96,181.19,179.74,181.14
1180807,1600,181.65,182.14,181.26,181.8
1180808,1600,181.55,182.35,181.06,182.02
1180809,1600,181.91,182.63,181.64,181.91
1180810,1600,180.68,181.22,179.84,180.52
1180813,1600,180.85,182.01,180.24,180.32
1180814,1600,181.01,181.66,180.04,181.45
1180815,1600,180.01,180.58,178.12,179.23
1180816,1600,180.61,180.99,179.47,179.82
1180817,1600,179.35,180.31,178.27,179.86
1180820,1600,180.26,180.33,179.0,179.7
1180821,1600,180.24,181.44,180.13,180.36
1180822,1600,179.98,181.27,179.75,181.06
1180823,1600,180.74,182.05,180.5,180.8
1180824,1600,181.4,182.63,181.36,182.48
1180827,1600,183.4,184.34,183.11,184.34
1180828,1600,184.83,185.02,184.22,184.61
1180829,1600,184.93,186.84,184.86,186.74
1180830,1600,186.38,187.52,185.79,186.41
1180831,1600,186.18,187.18,185.98,186.65
1180904,1600,186.08,186.4,184.85,185.85
1180905,1600,185.52,185.55,182.82,183.45
1180906,1600,183.53,183.75,180.58,181.81
1180907,1600,180.5,182.67,180.44,181.11
1180910,1600,182.15,182.25,180.73,181.72
1180911,1600,180.99,183.42,180.52,183.12
1180912,1600,182.85,182.98,181.01,182.58
1180913,1600,183.72,184.88,183.64,184.53
1180914,1600,184.66,184.95,183.26,183.99
1180917,1600,183.68,183.81,181.17,181.34
1180918,1600,181.49,183.73,181.4,182.84
1180919,1600,182.87,183.3,181.51,182.7
1180920,1600,183.96,184.97,183.52,184.72
1180921,1600,185.22,185.48,183.48,183.71
1180924,1600,182.05,183.96,181.3,183.89
1180925,1600,183.81,184.28,183.18,184.14
1180926,1600,184.3,185.99,183.91,184.27
1180927,1600,185.02,186.49,184.92,185.83
1180928,1600,185.31,186.28,184.97,185.79
1181001,1600,186.87,187.53,185.7,186.17
1181002,1600,186.01,187.18,185.32,185.75
1181003,1600,186.53,186.97,185.66,185.95
1181004,1600,185.2,185.32,181.06,182.38
1181005,1600,182.36,182.97,178.43,180.15
1181008,1600,179.52,180.64,176.93,179.05
1181009,1600,179.18,181.02,178.75,179.63
1181010,1600,178.51,178.62,171.5,171.73
1181011,1600,171.02,173.4,167.81,169.6
1181012,1600,174.17,174.86,170.93,174.32
1181015,1600,173.71,174.04,171.56,172.21
1181016,1600,174.02,177.65,173.7,177.22
1181017,1600,178.08,178.26,175.47,177.29
1181018,1600,176.62,176.68,172.44,173.18
1181019,1600,174.58,176.07,172.39,173.02
1181022,1600,174.06,175.25,172.59,173.91
1181023,1600,170.64,174.13,168.82,173.27
1181024,1600,173.07,173.36,165.04,165.34
1181025,1600,167.91,172.08,167.16,171.06
1181026,1600,165.2,169.96,164.23,166.66
1181029,1600,169.21,169.86,160.09,163.23
1181030,1600,162.75,166.04,162.01,165.92
1181031,1600,168.62,171.25,168.54,169.82
1181101,1600,170.07,172.24,168.78,172.06
1181102,1600,171.53,172.55,168.22,169.38
1181105,1600,169.6,169.66,167.08,168.96
1181106,1600,168.97,171.19,168.72,170.24
1181107,1600,172.28,175.58,171.87,175.58
1181108,1600,174.76,175.3,173.63,174.46
1181109,1600,172.83,173.25,170.16,171.52
1181112,1600,170.32,170.64,166.18,166.33
1181113,1600,167.11,169.48,166.0,166.47
1181114,1600,168.12,168.7,164.25,165.2
1181115,1600,164.9,168.54,163.46,168.09
1181116,1600,166.45,168.31,165.78,167.5
1181119,1600,166.7,166.9,161.54,162.06
1181120,1600,158.37,161.38,157.13,159.16
1181121,1600,161.35,161.97,159.23,160.37
1181123,1600,159.09,160.84,159.09,159.21
1181126,1600,161.44,162.97,160.76,162.89
1181127,1600,162.0,163.85,161.18,163.44
1181128,1600,164.62,168.7,163.47,168.7
1181129,1600,167.99,169.26,166.82,168.15
1181130,1600,168.38,169.47,167.54,169.37
1181203,1600,173.11,173.31,169.51,172.33
1181204,1600,171.43,171.91,165.52,165.72
1181206,1600,162.38,166.91,161.77,166.89
1181207,1600,166.16,167.12,160.86,161.38
1181210,1600,161.08,163.78,159.41,163.07
1181211,1600,165.73,165.77,162.23,163.61
1181212,1600,166.0,167.6,164.96,165.05
1181213,1600,166.13,166.82,164.03,165.1
1181214,1600,163.21,163.81,160.7,161.08
1181217,1600,160.39,161.67,156.17,157.43
1181218,1600,158.65,159.95,157.04,158.42
1181219,1600,158.18,160.72,153.34,154.53
1181220,1600,154.15,155.87,150.39,152.29
1181221,1600,153.05,154.09,146.72,147.57
1181224,1600,146.08,147.98,143.46,143.5
1181226,1600,145.08,152.54,144.09,152.46
1181227,1600,150.37,153.18,147.08,153.05
1181228,1600,154.15,155.59,151.72,152.97
1181231,1600,154.47,154.98,152.71,154.26
1190102,1600,150.99,155.75,150.88,154.88
1190103,1600,152.6,153.26,149.49,149.82
1190104,1600,152.34,157.0,151.74,156.23
1190107,1600,156.62,158.86,156.11,158.09
1190108,1600,159.54,160.11,157.2,159.52
1190109,1600,160.14,161.52,159.47,160.82
1190110,1600,159.6,161.37,158.7,161.28
1190111,1600,160.33,160.86,159.79,160.69
1190114,1600,159.33,159.96,158.59,159.27
1190115,1600,160.0,162.6,159.91,162.38
1190116,1600,162.65,163.78,162.29,162.35
1190117,1600,161.83,164.36,161.57,163.63
1190118,1600,164.78,166.02,163.82,165.25
1190122,1600,164.06,164.14,160.76,161.94
1190123,1600,162.77,163.51,160.32,162.15
1190124,1600,162.68,163.44,162.06,163.2
1190125,1600,164.51,165.65,163.95,165.15
1190128,1600,163.02,163.12,161.75,163.11
1190129,1600,163.2,163.24,160.99,161.57
1190130,1600,163.4,166.28,162.89,165.68
1190131,1600,166.7,168.99,166.47,168.16
1190201,1600,167.33,168.6,166.99,167.45
1190204,1600,167.48,169.53,167.33,169.53
1190205,1600,169.76,171.23,169.69,171.03
1190206,1600,171.07,171.37,169.75,170.52
1190207,1600,169.03,169.45,166.95,168.23
1190208,1600,166.76,168.59,166.57,168.56
1190211,1600,169.17,169.58,167.98,168.4
1190212,1600,169.63,171.14,169.33,170.89
1190213,1600,171.65,172.16,170.82,171.01
1190214,1600,170.4,171.83,169.83,171.22
1190215,1600,172.52,172.56,171.14,171.94
1190219,1600,171.41,172.8,171.38,172.28
1190220,1600,172.4,173.08,171.32,172.25
1190221,1600,171.79,172.26,170.71,171.62
1190222,1600,171.99,173.01,171.9,172.89
1190225,1600,174.21,174.66,173.4,173.52
1190226,1600,173.1,174.25,172.81,173.7
1190227,1600,172.9,173.8,171.76,173.59
1190228,1600,173.05,173.81,172.7,173.19
1190301,1600,174.44,174.65,173.18,174.39
1190304,1600,175.54,175.79,172.47,174.42
1190305,1600,174.55,175.09,173.69,174.55
1190306,1600,174.72,174.75,173.28,173.56
1190307,1600,173.12,173.18,170.79,171.43
1190308,1600,169.51,171.26,169.34,171.17
1190311,1600,171.88,174.85,171.85,174.73
1190312,1600,175.19,176.14,174.77,175.69
1190313,1600,176.6,177.93,176.35,177.01
1190314,1600,177.13,177.34,176.66,176.71
1190315,1600,177.4,178.88,177.28,178.35
1190318,1600,177.95,178.99,177.59,178.45
1190319,1600,179.18,180.0,178.29,179.05
1190320,1600,179.06,180.86,178.24,179.76
1190321,1600,179.22,182.83,179.2,182.57
1190322,1600,181.78,182.27,178.37,178.56
1190325,1600,177.91,178.84,176.93,178.22
1190326,1600,179.6,180.69,178.14,179.05
1190327,1600,179.32,179.72,176.6,177.9
1190328,1600,178.36,178.98,177.24,178.31
1190329,1600,179.69,179.83,178.59,179.66
1190401,1600,181.51,182.26,180.77,182.04
1190402,1600,182.24,182.91,181.78,182.73
1190403,1600,183.76,184.92,183.21,183.78
1190404,1600,183.83,184.5,182.65,183.71
1190405,1600,184.24,184.77,184.02,184.66
1190408,1600,184.36,185.28,183.63,185.13
1190409,1600,184.5,185.11,184.09,184.48
1190410,1600,184.72,185.53,184.52,185.47
1190411,1600,185.78,185.78,184.69,185.03
1190412,1600,185.85,185.95,185.06,185.83
1190415,1600,185.84,186.07,184.62,185.86
1190416,1600,186.54,186.91,185.93,186.5
1190417,1600,187.75,187.93,186.6,187.15
1190418,1600,187.46,187.79,186.29,187.39
1190422,1600,186.57,187.99,186.43,187.92
1190423,1600,188.4,190.54,188.13,190.31
1190424,1600,190.47,190.71,189.65,189.71
1190425,1600,191.13,191.22,189.45,190.48
1190426,1600,190.18,190.69,188.59,190.65
1190429,1600,190.65,191.32,190.34,191.02
1190430,1600,189.48,189.85,188.21,189.54
1190501,1600,190.78,191.32,188.8,188.93
1190502,1600,188.87,189.85,186.87,188.11
1190503,1600,189.67,191.25,189.33,191.11
1190506,1600,187.05,190.2,186.76,189.94
1190507,1600,187.87,188.67,184.51,186.24
1190508,1600,185.63,187.17,184.96,185.77
1190509,1600,183.7,185.41,182.09,184.77
1190510,1600,184.11,185.89,181.03,185.0
1190513,1600,180.29,181.26,178.06,178.58
1190514,1600,179.52,181.63,178.86,180.54
1190515,1600,179.35,183.55,179.31,183.09
1190516,1600,183.17,186.07,182.95,184.93
1190517,1600,183.1,185.58,182.88,183.04
1190520,1600,180.49,181.18,179.34,179.95
1190521,1600,181.5,182.33,180.92,181.83
1190522,1600,180.82,182.07,180.75,181.02
1190523,1600,178.94,179.02,177.14,178.25
1190524,1600,179.21,179.85,177.94,178.16
1190528,1600,178.66,179.66,177.47,177.49
1190529,1600,176.39,177.0,175.09,176.03
1190530,1600,176.5,177.27,175.77,176.77
1190531,1600,174.69,175.29,173.87,173.95
1190603,1600,173.48,173.95,169.27,170.12
1190604,1600,172.03,174.97,171.37,174.91
1190605,1600,176.58,176.61,174.38,176.21
1190606,1600,176.51,178.04,175.73,177.61
1190607,1600,178.56,181.77,178.33,181.04
1190610,1600,182.25,184.85,182.21,183.15
1190611,1600,185.06,185.4,182.78,183.4
1190612,1600,182.9,183.28,182.0,182.34
1190613,1600,183.1,183.87,182.74,183.42
1190614,1600,182.48,183.11,181.94,182.64
1190617,1600,183.04,184.25,182.84,183.74
1190618,1600,185.91,187.72,185.43,186.41
1190619,1600,186.66,187.53,185.57,187.11
1190620,1600,189.72,189.76,187.16,188.85
1190621,1600,188.63,189.77,188.17,188.57
1190624,1600,188.53,188.72,188.06,188.16
1190625,1600,188.03,188.14,184.65,184.93
1190626,1600,186.16,187.33,185.49,185.79
1190627,1600,186.46,186.94,185.99,186.5
1190628,1600,186.95,187.15,186.07,186.74
1190701,1600,190.32,190.57,188.38,189.26
1190702,1600,189.2,190.03,188.66,190.01
1190703,1600,190.49,191.44,190.29,191.44
1190705,1600,190.13,191.4,189.39,191.05
1190708,1600,189.81,189.87,188.93,189.71
1190709,1600,188.81,190.9,188.65,190.66
1190710,1600,191.82,193.09,191.47,192.56
1190711,1600,192.85,193.34,191.81,192.42
1190712,1600,192.63,193.54,192.45,193.53
1190715,1600,193.98,194.19,193.44,194.15
1190716,1600,193.91,194.09,192.56,193.15
1190717,1600,193.15,193.49,192.18,192.2
1190718,1600,191.29,192.79,190.69,192.42
1190719,1600,193.74,193.83,190.81,191.01
1190722,1600,191.44,192.94,191.44,192.53
1190723,1600,193.58,193.81,192.29,193.79
1190724,1600,193.05,195.16,193.03,195.15
1190725,1600,194.49,194.52,192.93,193.3
1190726,1600,194.53,195.55,194.43,195.29
1190729,1600,195.11,195.18,193.39,194.62
1190730,1600,193.13,194.54,192.99,193.78
1190731,1600,194.3,194.43,189.32,191.1
1190801,1600,191.43,194.98,189.23,190.15
1190802,1600,188.72,188.99,186.21,187.35
1190805,1600,183.43,183.51,179.2,180.73
1190806,1600,182.4,183.8,181.07,183.26
1190807,1600,181.27,184.51,179.89,184.25
1190808,1600,185.08,188.32,184.57,188.26
1190809,1600,187.36,188.0,185.03,186.49
1190812,1600,185.34,185.9,183.5,184.35
1190813,1600,184.19,189.68,184.02,188.39
1190814,1600,185.36,185.95,182.42,182.76
1190815,1600,183.0,183.59,181.16,182.55
1190816,1600,184.21,185.95,184.1,185.48
1190819,1600,188.16,188.83,187.5,188.43
1190820,1600,187.96,188.64,186.92,186.97
1190821,1600,188.61,189.23,187.96,188.63
1190822,1600,188.98,189.46,186.54,188.02
1190823,1600,186.74,188.45,181.56,182.07
1190826,1600,184.14,184.87,183.08,184.82
1190827,1600,186.11,186.42,183.71,184.43
1190828,1600,183.83,185.4,182.91,185.09
1190829,1600,187.39,188.46,186.68,187.92
1190830,1600,188.93,188.97,186.41,187.47
1190903,1600,186.22,187.18,185.03,185.65
1190904,1600,187.44,188.49,186.9,188.33
1190905,1600,190.41,192.33,190.34,191.78
1190906,1600,192.1,192.17,191.17,191.59
1190909,1600,192.19,192.27,190.22,191.19
1190910,1600,190.16,190.74,188.91,190.64
1190911,1600,191.0,192.53,190.56,192.43
1190912,1600,193.61,194.71,192.97,193.23
1190913,1600,192.95,193.4,192.29,192.54
1190916,1600,191.3,192.08,191.11,191.68
1190917,1600,191.7,192.6,191.29,192.6
1190918,1600,192.2,192.6,190.11,192.52
1190919,1600,192.86,194.04,192.47,192.84
1190920,1600,193.11,193.31,190.16,190.8
1190923,1600,190.36,191.07,189.72,190.5
1190924,1600,191.37,191.79,187.15,187.97
1190925,1600,187.78,190.58,186.21,190.08
1190926,1600,189.83,190.0,187.98,189.38
1190927,1600,189.73,189.83,185.75,187.03
1190930,1600,187.79,189.11,187.4,188.81
1191001,1600,189.5,190.59,186.96,187.27
1191002,1600,186.0,186.03,183.02,184.05
1191003,1600,184.03,186.21,181.82,186.07
1191004,1600,187.08,189.08,186.88,188.81
1191007,1600,188.27,189.74,187.91,188.24
1191008,1600,187.06,187.86,185.27,185.42
1191009,1600,186.99,188.08,186.43,187.23
1191010,1600,187.28,189.43,187.12,188.68
1191011,1600,190.83,192.63,190.72,191.11
1191014,1600,190.84,191.7,190.65,191.09
1191015,1600,191.68,193.97,191.56,193.52
1191016,1600,192.86,193.53,192.43,193.04
1191017,1600,194.2,194.5,192.81,193.55
1191018,1600,193.2,193.67,190.71,191.69
1191021,1600,192.71,193.52,192.14,193.39
1191022,1600,194.15,194.42,191.79,191.85
1191023,1600,191.46,192.26,191.15,192.22
1191024,1600,193.59,194.21,192.74,194.09
1191025,1600,193.09,195.74,193.05,195.64
1191028,1600,196.55,197.83,196.55,197.57
1191029,1600,197.24,197.54,196.01,196.04
1191030,1600,196.42,197.32,195.29,196.99
1191031,1600,197.56,197.65,195.94,197.08
1191101,1600,197.93,198.88,197.63,198.87
1191104,1600,200.19,200.53,198.87,200.1
1191105,1600,200.35,200.55,199.55,200.21
1191106,1600,199.98,200.0,198.79,199.76
1191107,1600,200.76,201.72,199.85,200.43
1191108,1600,200.07,201.25,199.54,201.23
1191111,1600,200.21,201.04,199.94,200.96
1191112,1600,201.13,202.21,200.82,201.54
1191113,1600,200.84,201.78,200.71,201.59
1191114,1600,200.83,201.56,200.22,201.43
1191115,1600,202.65,202.91,202.0,202.91
1191118,1600,202.59,203.39,201.77,203.07
1191119,1600,203.84,203.84,202.59,203.37
1191120,1600,202.84,203.45,200.62,202.15
1191121,1600,201.93,202.07,201.07,201.7
1191122,1600,202.2,202.32,200.74,201.83
1191125,1600,202.7,204.26,202.67,204.22
1191126,1600,204.35,204.87,204.05,204.61
1191127,1600,205.14,206.05,204.89,206.04
1191129,1600,205.52,205.83,205.0,205.1
1191202,1600,205.11,205.18,201.78,203.0
1191203,1600,200.21,201.49,199.23,201.41
1191204,1600,202.44,202.91,202.14,202.43
1191205,1600,203.15,203.15,201.84,202.83
1191206,1600,204.31,205.15,204.15,205.0
1191209,1600,204.63,205.59,203.98,204.07
1191210,1600,204.17,204.88,203.44,203.9
1191211,1600,204.36,205.19,204.04,204.98
1191212,1600,204.77,207.32,204.49,206.51
1191213,1600,206.4,207.91,205.96,207.19
1191216,1600,208.55,209.53,208.48,209.27
1191217,1600,209.54,209.71,209.04,209.39
1191218,1600,209.57,210.13,209.33,209.55
1191219,1600,209.64,210.93,209.62,210.86
1191220,1600,211.86,212.52,211.27,211.71
1191223,1600,212.0,212.15,211.63,211.81
1191224,1600,212.0,212.09,211.44,211.92
1191226,1600,212.26,213.81,212.23,213.79
1191227,1600,214.54,214.56,213.04,213.61
1191230,1600,213.5,213.63,211.16,212.21
1191231,1600,211.53,212.76,211.2,212.61
1200102,1600,214.4,216.16,213.98,216.16
1200103,1600,213.3,215.47,213.28,214.18
1200106,1600,212.5,215.59,212.24,215.56
1200107,1600,215.64,216.14,214.85,215.53
1200108,1600,215.5,218.14,215.16,217.15
1200109,1600,218.94,219.41,217.71,218.99
1200110,1600,219.85,219.87,218.04,218.43
1200113,1600,219.33,220.98,218.98,220.95
1200114,1600,220.84,221.21,219.74,220.08
1200115,1600,220.2,221.2,219.45,220.17
1200116,1600,221.27,222.32,220.8,222.28
1200117,1600,223.28,223.56,222.12,223.38
1200121,1600,222.76,223.84,222.66,223.28
1200122,1600,224.41,225.15,223.59,223.87
1200123,1600,223.74,224.69,222.7,224.59
1200124,1600,225.64,225.88,221.67,222.7
1200127,1600,217.67,219.28,217.18,218.1
1200128,1600,219.64,221.96,219.06,221.45
1200129,1600,222.68,222.93,220.83,221.81
1200130,1600,220.38,222.7,219.69,222.6
1200131,1600,223.53,223.56,218.29,219.07
1200203,1600,220.14,222.89,219.99,222.38
1200204,1600,225.42,227.86,224.65,227.47
1200205,1600,230.21,230.25,226.85,228.22
1200206,1600,228.79,230.25,227.98,230.19
1200207,1600,229.16,230.44,228.54,229.2
1200210,1600,228.44,231.98,228.38,231.97
1200211,1600,233.25,234.02,231.4,232.01
1200212,1600,233.38,234.38,232.8,234.27
1200213,1600,232.64,234.93,232.36,233.97
1200214,1600,234.34,234.86,233.55,234.64
1200218,1600,233.5,235.17,233.25,234.73
1200219,1600,236.13,237.47,235.85,236.98
1200220,1600,236.46,236.95,231.88,234.78
1200221,1600,233.61,234.01,229.32,230.27
1200224,1600,221.68,224.25,220.26,221.39
1200225,1600,223.25,223.99,214.74,215.37
1200226,1600,216.71,220.28,214.9,216.48
1200227,1600,210.9,216.42,205.5,205.64
1200228,1600,198.64,207.17,198.17,205.8
1200302,1600,208.88,216.57,205.94,216.42
1200303,1600,217.11,219.61,207.62,209.48
1200304,1600,213.32,218.33,211.37,218.22
1200305,1600,212.69,216.36,210.1,211.59
1200306,1600,204.67,209.15,202.91,208.02
1200309,1600,193.48,201.16,192.11,193.57
1200310,1600,201.11,204.3,193.68,204.11
1200311,1600,199.35,200.75,192.73,195.22
1200312,1600,182.09,190.78,176.94,177.32
1200313,1600,187.07,194.48,178.13,192.34
1200316,1600,174.15,184.68,169.16,169.3
1200317,1600,175.47,184.39,169.78,182.14
1200318,1600,171.61,179.22,166.8,176.6
1200319,1600,175.69,183.49,171.63,177.66
1200320,1600,181.74,182.87,170.1,170.7
1200323,1600,170.92,174.21,164.93,170.46
1200324,1600,179.91,183.83,177.95,183.66
1200325,1600,184.42,189.51,179.98,182.3
1200326,1600,183.87,192.72,183.61,191.9
1200327,1600,186.93,190.51,184.66,185.3
1200330,1600,187.06,192.49,186.34,192.04
1200331,1600,191.72,195.25,189.2,190.4
1200401,1600,184.77,187.66,180.86,182.31
1200402,1600,181.24,190.1,180.97,186.01
1200403,1600,185.55,187.07,181.29,183.37
1200406,1600,190.48,197.65,189.19,196.48
1200407,1600,202.37,202.66,196.0,196.4
1200408,1600,198.15,201.17,196.17,200.57
1200409,1600,202.35,203.22,199.03,200.86
1200413,1600,200.0,203.42,198.75,203.03
1200414,1600,207.23,212.5,206.42,211.86
1200415,1600,208.48,211.83,207.12,209.43
1200416,1600,211.69,214.37,209.69,213.25
1200417,1600,216.17,216.51,212.08,215.29
1200420,1600,213.36,215.88,212.57,212.74
1200421,1600,210.6,211.16,203.63,204.89
1200422,1600,209.1,212.35,208.33,210.97
1200423,1600,211.79,214.44,210.1,210.52
1200424,1600,210.97,214.3,209.5,213.84
1200427,1600,216.19,216.63,214.5,215.56
1200428,1600,217.32,217.32,211.21,211.5
1200429,1600,216.19,219.97,215.14,219.0
1200430,1600,219.95,220.04,217.35,218.91
1200501,1600,214.5,216.67,211.68,212.74
1200504,1600,211.46,215.45,211.12,215.22
1200505,1600,217.44,220.14,216.85,217.66
1200506,1600,219.4,221.04,218.11,219.0
1200507,1600,221.82,222.73,220.42,221.82
1200508,1600,223.55,225.0,222.48,224.86
1200511,1600,223.49,227.93,223.25,226.87
1200512,1600,227.49,228.1,222.09,222.12
1200513,1600,222.66,224.61,216.71,219.34
1200514,1600,217.97,221.87,215.99,221.83
1200515,1600,218.78,223.33,218.33,223.27
1200518,1600,226.28,228.68,225.47,227.43
1200519,1600,227.7,229.85,226.71,226.86
1200520,1600,229.5,231.76,229.48,231.39
1200521,1600,231.44,232.14,228.34,228.87
1200522,1600,228.45,229.87,227.5,229.66
1200526,1600,233.36,233.57,228.79,229.04
1200527,1600,228.69,230.41,223.94,230.29
1200528,1600,229.11,233.47,229.05,229.99
1200529,1600,230.38,233.6,228.76,233.36
1200601,1600,232.46,234.45,232.0,234.06
1200602,1600,234.5,235.69,232.01,235.63
1200603,1600,236.26,237.47,235.35,236.69
1200604,1600,236.33,237.79,233.68,235.03
1200605,1600,236.22,240.3,235.63,239.69
1200608,1600,239.54,241.68,237.91,241.55
1200609,1600,240.66,244.18,240.47,243.3
1200610,1600,245.05,247.82,244.51,246.22
1200611,1600,242.16,243.59,233.96,234.02
1200612,1600,239.09,240.4,231.74,235.88
1200615,1600,232.44,239.45,231.47,238.75
1200616,1600,243.78,244.39,239.1,242.85
1200617,1600,244.4,245.5,242.73,243.62
1200618,1600,243.29,244.53,242.49,244.28
1200619,1600,246.73,247.0,242.45,244.24
1200622,1600,243.68,246.87,243.38,246.74
1200623,1600,248.39,251.15,247.82,248.84
1200624,1600,248.06,249.33,242.16,243.71
1200625,1600,243.8,246.34,241.14,246.03
1200626,1600,245.78,245.96,239.68,240.22
1200629,1600,239.97,242.85,237.35,242.84
1200630,1600,242.77,248.16,242.58,247.6
1200701,1600,247.64,251.52,247.08,250.49
1200702,1600,253.02,254.27,251.71,252.19
1200706,1600,255.45,258.93,255.43,258.39
1200707,1600,258.13,260.88,256.3,256.61
1200708,1600,257.98,260.02,256.5,259.99
1200709,1600,261.97,262.87,257.63,262.18
1200710,1600,262.03,264.23,259.26,263.97
1200713,1600,266.91,269.79,257.69,258.54
1200714,1600,255.93,260.79,252.76,260.37
1200715,1600,261.83,262.69,257.49,260.9
1200716,1600,258.02,259.78,255.62,259.12
1200717,1600,259.59,260.31,257.17,259.42
1200720,1600,260.08,267.43,258.79,266.78
1200721,1600,268.4,268.41,263.13,264.0
1200722,1600,264.51,265.89,262.55,264.93
1200723,1600,264.51,265.24,256.55,258.01
1200724,1600,254.04,256.93,251.32,255.56
1200727,1600,257.26,260.52,256.45,260.12
1200728,1600,259.31,259.85,256.51,256.81
1200729,1600,258.4,260.66,257.91,259.77
1200730,1600,257.74,261.71,256.55,261.13
1200731,1600,265.91,265.95,260.85,265.79
1200803,1600,268.0,270.15,267.87,269.38
1200804,1600,268.86,270.48,268.09,270.38
1200805,1600,270.88,271.52,269.96,271.05
1200806,1600,270.85,274.98,270.19,274.64
1200807,1600,274.08,274.88,269.25,271.47
1200810,1600,271.77,271.98,266.67,270.31
1200811,1600,269.11,270.44,264.63,265.19
1200812,1600,267.42,272.84,267.37,271.86
1200813,1600,272.66,274.83,271.51,272.48
1200814,1600,273.12,273.4,270.72,272.16
1200817,1600,273.93,275.84,272.2,275.32
1200818,1600,276.42,278.46,274.91,277.97
1200819,1600,277.93,279.02,275.57,276.1
1200820,1600,275.28,280.43,274.86,279.93
1200821,1600,280.13,282.34,279.46,281.87
1200824,1600,285.25,286.0,281.27,283.63
1200825,1600,282.83,286.06,282.37,285.86
1200826,1600,287.15,292.22,285.83,291.96
1200827,1600,292.97,293.85,288.71,291.05
1200828,1600,292.33,293.18,290.93,292.53
1200831,1600,293.07,296.75,292.62,294.88
1200901,1600,297.62,300.04,295.79,299.92
1200902,1600,303.28,303.5,296.89,302.76
1200903,1600,298.1,298.62,284.41,287.41
1200904,1600,285.56,288.93,271.8,283.58
1200908,1600,272.22,278.22,269.66,269.95
1200909,1600,275.64,280.05,273.0,277.88
1200910,1600,280.94,282.2,270.56,272.34
1200911,1600,274.15,275.22,266.9,270.45
1200914,1600,274.36,277.22,272.96,275.16
1200915,1600,279.03,280.45,275.13,279.06
1200916,1600,279.88,280.36,274.25,274.61
1200917,1600,267.55,274.4,266.68,270.32
1200918,1600,271.79,272.09,262.63,266.87
1200921,1600,262.47,267.65,260.11,267.51
1200922,1600,269.99,273.08,266.54,272.48
1200923,1600,272.15,272.34,263.25,264.16
1200924,1600,261.39,268.7,261.22,265.39
1200925,1600,265.91,272.4,264.3,271.56
1200928,1600,276.58,277.2,271.67,277.2
1200929,1600,276.62,277.71,275.37,275.95
1200930,1600,276.15,281.09,275.87,277.84
1201001,1600,281.79,282.88,279.84,282.25
1201002,1600,276.02,282.24,273.44,274.31
1201005,1600,276.34,280.49,276.23,280.16
1201006,1600,279.45,281.19,274.25,275.16
1201007,1600,277.89,280.74,277.28,279.92
1201008,1600,282.4,282.47,280.31,281.41
1201009,1600,283.11,285.79,282.71,285.71
1201012,1600,290.55,297.46,289.47,294.53
1201013,1600,296.39,297.05,293.11,294.52
1201014,1600,295.35,296.35,290.26,292.06
1201015,1600,287.2,290.71,286.54,290.1
1201016,1600,291.8,293.27,288.15,288.51
1201019,1600,290.49,291.48,282.79,283.8
1201020,1600,284.56,287.62,282.95,284.41
1201021,1600,284.67,287.32,283.69,284.19
1201022,1600,285.05,285.98,280.82,284.18
1201023,1600,284.77,284.91,281.78,284.74
1201026,1600,282.38,285.3,276.76,280.47
1201027,1600,281.5,283.51,280.2,282.66
1201028,1600,278.01,278.64,271.38,271.64
1201029,1600,273.0,279.49,272.52,276.39
1201030,1600,274.34,275.24,267.07,269.38
1201102,1600,271.85,273.52,266.97,269.98
1201103,1600,271.96,276.82,270.84,274.65
1201104,1600,283.59,288.77,281.87,286.91
1201105,1600,293.53,295.39,292.0,294.39
1201106,1600,293.71,295.36,289.83,294.61
1201109,1600,297.65,299.14,288.12,288.59
1201110,1600,285.17,286.66,280.62,283.42
1201111,1600,286.03,290.25,283.38,289.76
1201112,1600,290.76,292.07,287.25,288.4
1201113,1600,290.17,291.57,287.87,290.93
1201116,1600,290.62,293.51,289.99,293.2
1201117,1600,293.4,293.74,291.61,292.27
1201118,1600,291.7,293.37,290.02,290.11
1201119,1600,289.54,292.7,288.85,292.38
1201120,1600,292.3,293.07,290.29,290.38
1201123,1600,291.41,292.75,288.07,290.39
1201124,1600,291.49,294.98,289.63,294.47
1201125,1600,295.57,296.94,294.59,296.28
1201127,1600,298.31,300.17,297.9,299.01
1201130,1600,299.34,299.97,294.78,299.62
1201201,1600,301.97,305.14,300.83,303.46
1201202,1600,302.25,304.2,300.35,303.85
1201203,1600,304.17,305.88,303.53,304.28
1201204,1600,304.33,305.67,303.63,305.52
1201207,1600,305.71,307.63,305.52,307.25
1201208,1600,306.76,308.6,304.95,308.29
1201209,1600,308.07,308.36,300.21,301.31
1201210,1600,299.21,303.68,298.09,302.52
1201211,1600,300.81,301.98,298.47,301.85
1201214,1600,303.08,306.05,303.01,304.04
1201215,1600,306.37,307.29,304.11,307.29
1201216,1600,307.7,309.79,306.62,308.98
1201217,1600,310.63,311.24,309.39,311.0
1201218,1600,311.66,311.98,307.61,310.06
1201221,1600,306.46,309.47,303.6,308.92
1201222,1600,309.85,310.71,306.85,309.76
1201223,1600,309.81,310.18,308.04,308.2
1201224,1600,308.47,310.02,308.39,309.56
1201228,1600,312.25,313.17,310.36,312.68
1201229,1600,314.05,314.69,312.03,312.96
1201230,1600,314.16,314.49,312.33,312.97
1201231,1600,312.87,314.24,311.76,313.74
1210104,1600,315.11,315.29,305.18,309.31
1210105,1600,308.29,312.14,308.29,311.86
1210106,1600,307.0,311.88,305.98,307.54
1210107,1600,310.28,315.84,310.25,314.98
1210108,1600,317.34,319.39,315.08,319.03
1210111,1600,315.98,317.19,313.75,314.42
1210112,1600,314.46,315.58,311.2,313.92
1210113,1600,314.19,316.86,313.57,316.04
1210114,1600,316.5,317.53,313.86,314.35
1210115,1600,314.13,315.12,310.58,311.86
1210119,1600,314.25,316.93,313.12,316.41
1210120,1600,320.14,324.74,316.51,323.77
1210121,1600,325.15,327.13,323.73,326.36
1210122,1600,325.29,326.46,324.71,325.42
1210125,1600,328.91,330.32,321.41,328.11
1210126,1600,328.85,329.76,327.22,328.59
1210127,1600,326.26,326.27,317.36,319.43
1210128,1600,320.67,326.42,320.03,321.32
1210129,1600,319.58,320.72,312.76,314.56
1210201,1600,318.11,323.54,316.02,322.42
1210202,1600,325.48,328.87,325.31,327.68
1210203,1600,329.82,330.2,326.32,326.38
1210204,1600,327.82,330.33,326.46,330.24
1210205,1600,331.22,332.4,329.53,331.36
1210208,1600,333.1,333.74,331.41,333.58
1210209,1600,332.62,334.81,332.61,333.51
1210210,1600,334.99,335.46,329.5,332.75
1210211,1600,334.33,335.0,332.12,334.58
1210212,1600,333.71,336.62,332.63,336.45
1210216,1600,337.27,338.19,334.34,335.54
1210217,1600,332.47,335.66,330.17,333.93
1210218,1600,330.23,333.87,328.36,332.47
1210219,1600,333.86,333.99,329.97,331.02
1210222,1600,326.5,327.8,322.23,322.44
1210223,1600,317.0,323.2,311.0,321.48
1210224,1600,318.74,324.45,315.96,324.13
1210225,1600,321.39,324.03,311.24,312.83
1210226,1600,315.85,319.11,310.88,314.14
1210301,1600,319.27,323.94,317.94,323.59
1210302,1600,324.25,324.33,318.14,318.4
1210303,1600,317.27,318.24,309.1,309.16
1210304,1600,308.78,312.04,300.11,304.1
1210305,1600,306.8,309.61,297.45,308.68
1210308,1600,308.12,310.06,299.51,299.94
1210309,1600,307.47,313.73,306.92,311.77
1210310,1600,316.16,316.47,310.17,310.88
1210311,1600,315.77,319.86,314.85,318.04
1210312,1600,313.86,318.23,311.39,315.46
1210315,1600,315.79,319.0,314.1,318.83
1210316,1600,321.09,324.2,319.1,320.58
1210317,1600,317.45,323.85,315.68,321.9
1210318,1600,316.87,317.88,311.57,312.04
1210319,1600,311.87,314.73,309.66,313.14
1210322,1600,315.21,320.74,315.21,318.61
1210323,1600,319.73,321.09,316.38,317.22
1210324,1600,318.63,318.67,311.72,311.87
1210325,1600,309.97,312.89,307.39,311.33
1210326,1600,311.11,316.33,309.67,316.0
1210329,1600,315.45,316.99,312.47,315.91
1210330,1600,313.89,314.91,311.54,314.32
1210331,1600,316.16,320.74,315.81,319.13
1210401,1600,323.07,324.71,322.81,324.57
1210405,1600,327.13,331.84,326.88,331.05
1210406,1600,330.73,332.83,330.02,330.82
1210407,1600,330.33,332.48,329.37,331.62
1210408,1600,334.56,335.27,333.74,335.08
1210409,1600,333.68,337.32,332.92,337.11
1210412,1600,336.04,337.1,334.73,336.67
1210413,1600,338.24,341.08,338.02,340.6
1210414,1600,340.85,340.98,335.67,336.51
1210415,1600,339.47,342.01,336.22,341.61
1210416,1600,342.15,342.23,340.08,342.01
1210419,1600,340.39,341.58,336.9,338.88
1210420,1600,338.2,339.52,334.38,336.41
1210421,1600,335.09,339.48,333.97,339.29
1210422,1600,338.89,339.9,334.01,335.2
1210423,1600,335.85,340.77,335.85,339.42
1210426,1600,339.67,341.92,338.9,341.63
1210427,1600,341.93,342.15,339.17,340.15
1210428,1600,339.81,340.85,338.33,339.0
1210429,1600,342.37,342.8,336.9,340.22
1210430,1600,337.7,340.26,337.05,337.99
1210503,1600,339.23,340.0,335.73,336.19
1210504,1600,333.56,333.89,326.21,330.14
1210505,1600,332.25,333.14,328.23,329.03
1210506,1600,328.76,331.67,326.45,331.51
1210507,1600,334.37,336.65,331.69,334.2
1210510,1600,332.78,332.96,325.55,325.76
1210511,1600,319.7,326.13,319.02,325.31
1210512,1600,320.23,322.62,316.0,316.89
1210513,1600,319.92,322.4,316.9,319.34
1210514,1600,322.6,327.33,322.08,326.39
1210517,1600,324.63,326.37,321.45,324.41
1210518,1600,325.39,326.65,321.94,322.22
1210519,1600,316.66,322.9,316.3,322.59
1210520,1600,324.12,329.71,323.89,328.83
1210521,1600,330.43,330.86,326.64,327.01
1210524,1600,329.37,333.67,326.9,332.51
1210525,1600,334.07,334.81,331.76,332.97
1210526,1600,333.66,334.61,332.95,334.13
1210527,1600,333.67,334.54,332.67,332.88
1210528,1600,334.12,335.57,333.6,333.93
1210601,1600,335.3,335.79,331.43,332.82
1210602,1600,333.25,334.34,331.7,333.47
1210603,1600,330.55,331.86,328.28,330.0
1210604,1600,331.85,336.06,331.78,335.6
1210607,1600,335.05,336.66,334.34,336.6
1210608,1600,338.4,339.29,335.03,336.76
1210609,1600,338.17,338.97,336.65,336.84
1210610,1600,337.19,340.46,336.73,340.35
1210611,1600,340.36,341.25,339.69,341.24
1210614,1600,341.68,344.52,340.46,344.51
1210615,1600,344.15,344.47,341.52,342.26
1210616,1600,342.74,343.84,337.45,341.01
1210617,1600,339.97,346.38,339.92,345.34
1210618,1600,343.63,344.81,341.86,342.63
1210621,1600,342.43,344.69,340.15,344.36
1210622,1600,344.15,348.03,343.84,347.57
1210623,1600,347.51,348.92,346.88,347.74
1210624,1600,349.73,351.46,349.17,349.89
1210625,1600,350.47,350.72,348.84,349.46
1210628,1600,350.78,353.85,350.72,353.71
1210629,1600,353.53,355.02,352.67,354.99
1210630,1600,354.83,355.23,353.83,354.43
1210701,1600,354.07,355.09,352.68,354.57
1210702,1600,356.52,358.97,356.28,358.64
1210706,1600,359.26,360.48,356.49,360.19
1210707,1600,362.45,362.76,358.94,360.95
1210708,1600,355.74,359.65,354.42,358.77
1210709,1600,358.17,361.5,357.57,361.01
1210712,1600,362.45,362.89,360.83,362.42
1210713,1600,362.03,365.47,361.54,362.42
1210714,1600,364.83,365.49,362.22,363.07
1210715,1600,362.98,363.19,358.46,360.52
1210716,1600,361.4,362.41,357.24,357.6
1210719,1600,354.05,355.18,352.04,354.67
1210720,1600,355.63,360.28,353.8,358.79
1210721,1600,358.35,361.56,358.12,361.56
1210722,1600,361.77,363.96,361.77,363.95
1210723,1600,365.31,368.49,363.92,368.2
1210726,1600,367.49,368.89,366.6,368.49
1210727,1600,368.22,368.22,360.16,364.43
1210728,1600,365.6,367.45,363.24,365.83
1210729,1600,365.25,367.68,365.25,366.48
1210730,1600,362.44,365.17,362.41,364.57
1210802,1600,366.28,366.88,363.87,364.6
1210803,1600,365.28,366.93,362.0,366.81
1210804,1600,366.77,368.32,365.63,367.34
1210805,1600,368.18,369.91,367.45,369.67
1210806,1600,368.37,369.37,366.91,368.05
1210809,1600,368.52,369.27,367.39,368.73
1210810,1600,369.26,369.56,365.62,366.84
1210811,1600,368.14,368.65,364.84,366.21
1210812,1600,365.69,367.9,364.3,367.53
1210813,1600,367.89,369.16,367.38,368.82
1210816,1600,367.67,369.02,363.7,368.98
1210817,1600,366.15,367.15,363.23,365.73
1210818,1600,365.18,366.62,361.87,362.21
1210819,1600,360.22,365.68,359.96,363.96
1210820,1600,365.06,368.14,364.74,367.73
1210823,1600,368.8,373.94,368.79,373.23
1210824,1600,373.84,374.99,373.36,374.37
1210825,1600,374.63,375.39,373.86,374.8
1210826,1600,373.92,374.62,371.97,372.42
1210827,1600,373.07,376.56,372.57,376.04
1210830,1600,376.85,380.76,376.83,380.26
1210831,1600,380.51,380.58,378.36,379.95
1210901,1600,381.04,382.71,380.37,380.58
1210902,1600,381.97,382.31,379.15,380.4
1210903,1600,379.22,381.98,379.2,381.57
1210907,1600,381.68,382.78,380.49,382.11
1210908,1600,381.93,381.93,378.45,380.78
1210909,1600,381.01,382.15,379.22,379.47
1210910,1600,381.23,381.97,376.25,376.59
1210913,1600,378.99,379.43,374.22,376.33
1210914,1600,377.86,378.61,374.28,375.26
1210915,1600,375.73,378.41,373.37,378.05
1210916,1600,376.68,378.9,374.7,378.31
1210917,1600,377.82,377.87,372.76,373.83
1210920,1600,367.46,369.25,360.93,365.7
1210921,1600,367.58,368.81,364.99,366.15
1210922,1600,367.09,371.07,365.96,369.57
1210923,1600,370.76,374.04,370.1,372.98
1210924,1600,370.65,373.76,370.27,373.33
1210927,1600,370.2,371.25,367.73,370.35
1210928,1600,365.67,370.3,359.35,359.87
1210929,1600,361.17,363.37,358.64,359.28
1210930,1600,360.97,362.68,357.1,357.96
1211001,1600,358.6,361.25,354.38,360.18
1211004,1600,358.52,358.86,350.32,352.62
1211005,1600,353.71,359.69,353.48,357.38
1211006,1600,354.08,359.95,353.15,359.67
1211007,1600,362.8,365.69,362.25,362.97
1211008,1600,364.08,364.32,360.61,361.16
1211011,1600,359.58,363.2,358.3,358.39
1211012,1600,359.88,360.33,356.48,357.14
1211013,1600,359.51,360.69,357.43,360.0
1211014,1600,363.69,366.85,363.01,366.63
1211015,1600,367.88,369.06,366.82,368.94
1211018,1600,367.61,372.87,366.99,372.65
1211019,1600,373.75,375.52,372.7,375.47
1211020,1600,375.94,376.57,373.46,374.98
1211021,1600,374.16,377.47,373.85,377.27
1211022,1600,375.98,376.97,372.39,374.1
1211025,1600,375.56,378.87,373.56,377.93
1211026,1600,380.23,382.71,377.91,379.12
1211027,1600,379.58,383.15,379.31,380.0
1211028,1600,381.95,384.48,381.16,384.22
1211029,1600,381.06,386.28,380.7,386.11
1211101,1600,386.56,387.56,384.42,387.43
1211102,1600,386.8,389.54,386.75,389.05
1211103,1600,389.55,393.61,388.48,393.18
1211104,1600,394.48,399.2,393.92,398.22
1211105,1600,400.04,400.99,397.16,398.6
1211108,1600,398.57,399.62,397.4,398.06
1211109,1600,399.16,399.57,393.92,395.32
1211110,1600,392.47,395.36,387.53,389.51
1211111,1600,392.57,392.75,390.24,390.59
1211112,1600,391.77,395.25,390.13,394.7
1211115,1600,395.91,396.24,392.1,394.61
1211116,1600,393.86,397.93,393.66,397.42
1211117,1600,397.75,399.72,396.64,397.63
1211118,1600,399.73,402.27,397.45,401.75
1211119,1600,403.43,405.3,402.58,403.99
1211122,1600,405.57,408.71,399.19,399.3
1211123,1600,398.11,400.23,392.92,397.48
1211124,1600,394.93,399.05,392.54,398.76
1211126,1600,396.11,397.54,389.77,391.2
1211129,1600,395.89,400.73,395.14,399.69
1211130,1600,398.78,401.19,391.75,393.82
1211201,1600,398.28,400.48,386.64,387.12
1211202,1600,385.8,391.74,384.34,389.91
1211203,1600,391.31,392.34,378.9,383.13
1211206,1600,383.63,387.6,379.3,386.2
1211207,1600,393.03,398.46,392.99,397.83
1211208,1600,398.17,399.82,396.22,399.61
1211209,1600,398.35,400.2,393.53,393.73
1211210,1600,396.62,398.28,393.36,398.01
1211213,1600,398.0,398.33,391.88,392.26
1211214,1600,387.3,390.09,383.63,388.2
1211215,1600,387.94,397.42,383.88,397.05
1211216,1600,398.04,398.48,385.21,386.84
1211217,1600,383.33,389.19,381.77,384.91
1211220,1600,379.57,381.5,377.47,380.69
1211221,1600,384.05,389.53,380.2,389.21
1211222,1600,388.91,394.16,388.23,393.95
1211223,1600,394.31,398.43,394.14,396.92
1211227,1600,398.25,403.48,398.22,403.48
1211228,1600,404.4,404.58,400.71,401.61
1211229,1600,401.75,403.05,399.11,401.55
1211230,1600,401.33,403.57,399.75,400.35
1211231,1600,399.66,401.06,397.34,397.85
1220103,1600,399.05,401.94,396.88,401.68
1220104,1600,402.24,402.28,393.29,396.47
1220105,1600,394.74,395.89,384.03,384.29
1220106,1600,382.42,387.35,380.13,384.02
1220107,1600,384.03,385.76,378.04,379.86
1220110,1600,374.82,380.64,369.31,380.11
1220111,1600,379.36,385.99,377.22,385.82
1220112,1600,388.46,390.2,385.01,387.35
1220113,1600,388.77,389.47,376.7,377.66
1220114,1600,375.07,380.35,374.86,380.01
1220118,1600,374.04,376.22,369.77,370.55
1220119,1600,372.15,374.69,366.21,366.48
1220120,1600,369.79,373.87,361.17,361.72
1220121,1600,359.47,362.18,351.4,351.69
1220124,1600,345.91,353.98,334.15,353.3
1220125,1600,346.67,351.03,341.68,345.11
1220126,1600,352.91,356.88,340.78,344.57
1220127,1600,349.4,351.27,340.05,341.1
1220128,1600,343.03,352.02,337.95,351.8
1220131,1600,353.2,363.65,351.52,363.05
1220201,1600,364.43,366.19,359.14,365.52
1220202,1600,369.76,370.1,364.29,368.49
1220203,1600,358.53,361.93,352.46,353.55
1220204,1600,354.08,361.4,351.97,358.01
1220207,1600,358.62,361.05,353.84,355.13
1220208,1600,353.96,360.24,352.8,359.12
1220209,1600,363.76,366.81,362.12,366.73
1220210,1600,359.52,366.49,356.54,358.43
1220211,1600,358.43,360.07,345.8,347.06
1220214,1600,346.49,350.98,343.89,347.49
1220215,1600,352.91,356.37,351.82,356.13
1220216,1600,353.82,357.09,350.71,356.04
1220217,1600,352.74,353.46,345.02,345.45
1220218,1600,346.41,346.81,339.14,341.51
1220222,1600,338.49,344.04,334.35,338.08
1220223,1600,341.32,342.18,329.1,329.42
1220224,1600,318.84,341.04,318.26,340.49
1220225,1600,341.31,345.98,337.39,345.77
1220228,1600,342.51,348.54,341.32,346.8
1220301,1600,345.75,348.08,338.9,341.49
1220302,1600,343.08,348.59,340.24,347.22
1220303,1600,349.93,350.04,340.35,342.26
1220304,1600,339.84,341.31,334.92,337.3
1220307,1600,337.29,338.48,324.65,324.86
1220308,1600,324.05,333.21,319.94,323.35
1220309,1600,331.75,336.38,329.09,334.99
1220310,1600,330.82,332.51,326.71,331.27
1220311,1600,334.32,334.64,323.9,324.4
1220314,1600,323.13,326.59,317.45,318.17
1220315,1600,320.88,328.95,319.23,328.15
1220316,1600,332.17,340.44,328.4,340.32
1220317,1600,338.37,344.5,337.04,344.44
1220318,1600,342.74,351.79,341.55,351.49
1220321,1600,350.2,352.48,345.58,350.08
1220322,1600,350.59,357.85,350.2,356.96
1220323,1600,354.01,357.66,351.77,351.83
1220324,1600,353.8,359.7,351.59,359.65
1220325,1600,359.59,360.67,354.94,359.35
1220328,1600,359.34,365.01,358.07,364.91
1220329,1600,368.9,371.83,366.06,371.19
1220330,1600,369.28,370.98,365.57,367.09
1220331,1600,367.24,367.6,361.68,362.54
1220401,1600,362.81,363.61,358.59,361.85
1220404,1600,362.71,369.31,362.44,369.3
1220405,1600,367.81,368.54,359.93,361.1
1220406,1600,355.65,356.78,350.56,353.26
1220407,1600,352.24,356.35,348.69,354.1
1220408,1600,352.32,353.09,348.5,349.15
1220411,1600,344.81,345.75,340.54,340.89
1220412,1600,345.76,347.69,338.04,339.45
1220413,1600,339.8,347.43,339.06,346.35
1220414,1600,346.44,346.97,338.21,338.43
1220418,1600,337.35,341.04,335.79,338.69
1220419,1600,338.03,346.85,336.98,346.26
1220420,1600,347.09,347.56,339.96,341.21
1220421,1600,345.19,347.87,333.2,334.15
1220422,1600,334.31,335.56,324.96,325.4
1220425,1600,323.73,329.9,322.43,329.58
1220426,1600,327.47,327.66,316.86,317.14
1220427,1600,317.24,322.88,315.0,316.76
1220428,1600,321.85,329.89,317.52,328.01
1220429,1600,323.7,327.23,312.6,313.25
1220502,1600,312.83,318.72,309.65,318.48
1220503,1600,318.5,321.17,315.98,318.82
1220504,1600,319.31,330.29,313.89,329.6
1220505,1600,325.17,325.25,309.62,313.0
1220506,1600,310.95,315.09,305.11,309.25
1220509,1600,303.48,309.35,295.72,297.15
1220510,1600,304.51,305.76,296.57,300.76
1220511,1600,298.44,304.09,290.95,291.84
1220512,1600,287.45,295.75,284.94,291.15
1220513,1600,295.72,303.0,294.08,301.94
1220516,1600,300.15,302.26,297.13,298.44
1220517,1600,304.45,306.56,300.55,306.17
1220518,1600,301.54,302.25,289.85,291.14
1220519,1600,289.29,294.39,287.58,289.58
1220520,1600,293.13,293.8,280.21,288.68
1220523,1600,289.75,293.87,287.29,293.48
1220524,1600,288.13,288.86,282.25,287.24
1220525,1600,285.71,293.39,285.5,291.26
1220526,1600,290.44,300.92,290.15,299.33
1220527,1600,302.54,309.25,302.42,309.1
1220531,1600,309.07,311.33,304.33,308.28
1220601,1600,310.47,312.65,303.73,306.0
1220602,1600,304.85,314.56,303.4,314.38
1220603,1600,309.03,310.47,304.92,306.2
1220606,1600,310.75,312.35,305.62,307.22
1220607,1600,303.81,310.67,302.69,309.87
1220608,1600,309.05,311.72,306.77,307.64
1220609,1600,305.91,309.05,299.23,299.4
1220610,1600,293.65,294.87,288.38,288.84
1220613,1600,279.75,282.34,274.53,275.41
1220614,1600,277.66,278.66,273.34,275.91
1220615,1600,279.42,286.83,276.61,282.8
1220616,1600,275.59,276.06,269.28,271.39
1220617,1600,272.18,277.19,270.51,274.69
1220621,1600,278.75,283.45,278.64,281.08
1220622,1600,278.52,285.18,277.91,280.67
1220623,1600,283.21,285.72,280.31,284.85
1220624,1600,287.74,295.04,287.5,294.61
1220627,1600,296.0,296.58,291.29,292.45
1220628,1600,293.0,295.65,283.35,283.54
1220629,1600,283.4,285.34,280.84,283.8
1220630,1600,280.75,283.94,275.78,280.28
1220701,1600,278.95,282.53,277.03,282.13
1220705,1600,278.31,287.08,276.75,286.96
1220706,1600,287.35,290.95,285.59,288.8
1220707,1600,289.63,295.7,289.63,294.98
1220708,1600,292.08,296.75,291.12,295.35
1220711,1600,292.88,293.11,288.14,289.04
1220712,1600,290.32,292.28,284.61,286.24
1220713,1600,280.6,288.05,280.02,285.65
1220714,1600,282.99,287.56,279.8,286.67
1220715,1600,289.73,291.98,288.08,291.87
1220718,1600,294.72,296.16,288.2,289.4
1220719,1600,293.11,298.6,291.47,298.3
1220720,1600,298.73,304.24,297.93,303.03
1220721,1600,303.5,307.44,300.78,307.38
1220722,1600,306.43,308.55,300.12,301.99
1220725,1600,302.02,302.5,298.22,300.27
1220726,1600,298.53,298.79,293.54,294.37
1220727,1600,299.04,308.54,298.46,306.81
1220728,1600,306.59,310.4,302.75,309.81
1220729,1600,311.39,316.39,309.93,315.46
1220801,1600,313.65,318.81,312.53,315.27
1220802,1600,312.92,318.55,311.84,314.33
1220803,1600,316.05,323.73,315.99,322.89
1220804,1600,322.97,324.72,320.77,324.4
1220805,1600,319.19,323.83,318.39,321.75
1220808,1600,322.69,326.47,319.21,320.71
1220809,1600,318.77,319.03,315.42,317.08
1220810,1600,324.59,326.23,322.06,325.93
1220811,1600,328.31,330.36,323.36,324.08
1220812,1600,326.18,330.59,325.1,330.39
1220815,1600,329.42,333.57,329.4,333.06
1220816,1600,332.06,334.42,329.16,332.28
1220817,1600,329.07,331.43,326.36,328.49
1220818,1600,328.44,330.49,326.79,329.28
1220819,1600,326.17,326.84,322.08,322.86
1220822,1600,318.5,318.74,313.53,314.36
1220823,1600,314.12,317.0,313.33,314.1
1220824,1600,313.61,316.87,312.99,315.01
1220825,1600,316.83,320.6,315.76,320.58
1220826,1600,320.28,321.51,307.35,307.44
1220829,1600,304.62,307.22,303.28,304.41
1220830,1600,306.1,306.73,298.44,301.02
1220831,1600,303.99,304.91,299.16,299.27
1220901,1600,296.72,299.78,292.95,299.4
1220902,1600,302.34,303.75,293.52,295.17
1220906,1600,295.66,296.6,290.87,293.05
1220907,1600,293.54,299.99,293.27,298.97
1220908,1600,296.85,301.87,295.45,300.52
1220909,1600,302.83,307.6,300.52,307.09
1220912,1600,308.5,311.08,308.18,310.74
1220913,1600,301.8,303.02,292.79,293.7
1220914,1600,294.87,296.93,293.06,296.03
1220915,1600,294.07,296.53,289.46,291.1
1220916,1600,287.72,289.72,285.62,289.32
1220919,1600,286.1,291.21,286.04,291.05
1220920,1600,288.49,291.07,286.38,288.73
1220921,1600,289.59,293.95,283.42,283.56
1220922,1600,282.0,283.03,278.82,280.07
1220923,1600,277.55,277.85,272.02,275.51
1220926,1600,275.03,279.49,273.56,274.37
1220927,1600,277.81,280.21,272.11,274.48
1220928,1600,274.46,281.25,272.95,279.94
1220929,1600,275.86,276.25,268.84,271.87
1220930,1600,271.03,275.19,267.1,267.26
1221003,1600,269.07,275.16,267.53,273.53
1221004,1600,278.99,282.85,278.99,282.13
1221005,1600,278.28,283.81,275.42,281.98
1221006,1600,280.96,284.18,279.43,279.76
1221007,1600,275.02,275.15,267.74,269.1
1221010,1600,269.3,269.7,263.64,266.41
1221011,1600,264.7,267.63,261.03,262.75
1221012,1600,263.4,265.36,261.95,262.66
1221013,1600,255.16,270.17,254.26,268.82
1221014,1600,271.2,271.81,260.14,260.74
1221017,1600,266.84,270.24,266.74,269.35
1221018,1600,276.53,277.21,268.74,271.48
1221019,1600,269.93,273.68,268.07,270.49
1221020,1600,269.58,274.84,267.92,269.11
1221021,1600,267.98,275.97,266.82,275.42
1221024,1600,275.69,279.4,271.97,278.45
1221025,1600,279.41,284.6,277.9,284.21
1221026,1600,278.46,283.98,277.43,277.93
1221027,1600,276.79,278.28,272.34,272.87
1221028,1600,272.23,281.7,272.06,281.22
1221031,1600,278.92,279.76,275.99,277.95
1221101,1600,281.5,282.07,274.74,275.11
1221102,1600,275.08,278.21,265.61,265.68
1221103,1600,263.01,264.5,260.1,260.49
1221104,1600,265.53,266.61,259.08,264.68
1221107,1600,265.75,268.14,263.57,267.59
1221108,1600,269.14,272.85,265.52,269.54
1221109,1600,267.76,268.56,263.03,263.32
1221110,1600,276.01,283.05,273.85,282.75
1221111,1600,282.56,288.64,281.19,287.96
1221114,1600,285.86,289.21,284.44,285.44
1221115,1600,292.21,293.26,285.97,289.39
1221116,1600,287.39,289.48,284.6,285.44
1221117,1600,280.88,286.32,280.72,284.81
1221118,1600,287.89,287.99,282.32,284.82
1221121,1600,283.4,284.58,281.04,281.89
1221122,1600,282.64,286.11,280.46,285.95
1221123,1600,285.97,289.46,285.79,288.82
1221125,1600,287.19,287.91,286.42,286.92
1221128,1600,284.9,286.96,281.76,282.71
1221129,1600,282.94,283.35,279.17,280.57
1221130,1600,280.84,293.47,279.97,293.36
1221201,1600,293.69,295.75,290.88,293.72
1221202,1600,288.54,293.45,288.36,292.55
1221205,1600,290.38,291.68,286.15,287.64
1221206,1600,287.48,287.62,280.26,281.68
1221207,1600,280.47,282.57,278.78,280.53
1221208,1600,281.91,284.84,279.79,283.85
1221209,1600,282.81,285.64,281.59,282.04
1221212,1600,282.22,285.64,281.16,285.58
1221213,1600,296.65,296.88,285.91,288.65
1221214,1600,288.05,291.41,283.19,286.51
1221215,1600,282.33,283.01,275.67,276.89
1221216,1600,276.2,277.77,272.61,274.25
1221219,1600,273.87,273.96,268.49,269.75
1221220,1600,268.56,271.32,266.95,269.54
1221221,1600,270.6,274.78,269.74,273.45
1221222,1600,270.38,270.51,262.46,266.76
1221223,1600,265.47,268.04,263.53,267.36
1221227,1600,266.74,266.85,263.03,263.58
1221228,1600,263.17,265.47,259.73,260.1
1221229,1600,262.96,267.4,262.25,266.44
1221230,1600,263.62,266.41,262.29,266.28
1230103,1600,268.65,270.15,262.13,264.48
1230104,1600,266.64,267.45,262.53,265.74
1230105,1600,264.04,264.21,261.26,261.58
1230106,1600,263.35,269.94,260.34,268.8
1230109,1600,270.83,275.29,269.92,270.54
1230110,1600,269.49,272.94,268.97,272.83
1230111,1600,273.92,277.66,273.12,277.55
1230112,1600,278.12,280.1,273.74,279.05
1230113,1600,276.5,281.22,276.16,280.97
1230117,1600,280.77,282.85,279.58,281.54
1230118,1600,283.11,284.69,277.67,277.88
1230119,1600,276.22,277.38,273.89,275.15
1230120,1600,276.79,283.02,275.71,282.68
1230123,1600,283.54,290.21,282.73,288.96
1230124,1600,287.31,289.55,286.78,288.37
1230125,1600,283.77,288.36,281.18,287.73
1230126,1600,291.22,293.52,288.52,293.34
1230127,1600,292.0,298.26,291.88,296.26
1230130,1600,292.93,294.38,289.89,290.27
1230131,1600,290.31,294.72,290.2,294.62
1230201,1600,294.41,303.43,292.3,300.92
1230202,1600,307.57,313.68,306.73,311.72
1230203,1600,304.94,312.39,304.54,306.18
1230206,1600,303.51,305.91,302.22,303.59
1230207,1600,303.46,311.03,302.32,309.88
1230208,1600,308.54,309.5,303.67,304.37
1230209,1600,308.84,308.99,300.2,301.68
1230210,1600,299.48,301.57,297.25,299.7
1230213,1600,301.13,305.1,299.93,304.5
1230214,1600,302.89,307.72,300.91,306.75
1230215,1600,304.9,309.27,304.2,309.1
1230216,1600,304.38,308.43,303.15,303.3
1230217,1600,301.07,301.93,298.1,301.16
1230221,1600,297.26,298.73,293.89,294.03
1230222,1600,294.62,296.36,292.56,294.25
1230223,1600,297.97,298.13,292.55,296.82
1230224,1600,291.76,292.97,290.05,291.85
1230227,1600,295.07,296.49,293.34,293.94
1230228,1600,293.3,296.12,292.96,293.56
1230301,1600,293.26,293.93,290.2,291.2
1230302,1600,288.66,294.43,288.37,293.61
1230303,1600,295.39,299.92,294.87,299.68
1230306,1600,300.94,304.0,299.82,300.02
1230307,1600,300.07,301.01,295.72,296.34
1230308,1600,296.77,298.43,294.88,297.82
1230309,1600,298.33,300.98,291.83,292.66
1230310,1600,292.83,294.35,287.38,288.55
1230313,1600,286.73,294.47,285.19,290.69
1230314,1600,294.31,297.93,293.45,297.37
1230315,1600,294.71,299.27,293.24,298.93
1230316,1600,298.0,307.18,297.19,306.81
1230317,1600,306.72,309.15,303.37,305.36
1230320,1600,304.26,306.3,302.01,305.97
1230321,1600,307.94,310.8,306.4,310.34
1230322,1600,310.27,315.25,305.95,306.12
1230323,1600,309.92,314.15,307.01,309.75
1230324,1600,309.32,310.99,306.95,310.89
1230327,1600,311.6,312.7,307.89,308.76
1230328,1600,308.17,308.2,304.77,307.12
1230329,1600,310.88,313.35,310.05,312.72
1230330,1600,315.24,316.32,312.81,315.68
1230331,1600,315.91,321.17,315.6,320.93
1230403,1600,318.77,320.42,317.42,320.15
1230404,1600,320.6,321.63,317.83,319.07
1230405,1600,318.1,319.06,314.07,315.92
1230406,1600,314.24,318.55,312.82,318.05
1230410,1600,315.07,317.92,313.25,317.87
1230411,1600,317.83,317.89,315.31,315.83
1230412,1600,317.82,318.42,312.57,313.04
1230413,1600,314.83,319.65,313.63,319.17
1230414,1600,317.59,320.36,315.61,318.57
1230417,1600,318.15,319.2,316.04,318.84
1230418,1600,320.99,321.42,317.64,318.86
1230419,1600,316.41,319.79,316.28,318.71
1230420,1600,315.69,319.27,314.97,316.28
1230421,1600,315.91,317.4,314.1,316.61
1230424,1600,316.38,317.74,313.74,315.95
1230425,1600,314.29,314.97,309.89,309.99
1230426,1600,313.44,314.94,311.34,311.87
1230427,1600,315.7,320.86,315.05,320.35
1230428,1600,320.11,322.65,318.96,322.56
1230501,1600,322.09,323.63,321.09,322.19
1230502,1600,322.12,322.45,317.61,319.38
1230503,1600,319.75,322.47,317.18,317.29
1230504,1600,317.06,318.23,315.12,316.17
1230505,1600,318.47,323.76,316.21,322.89
1230508,1600,322.42,324.04,321.32,323.69
1230509,1600,322.0,322.88,321.32,321.64
1230510,1600,324.12,326.01,321.6,325.14
1230511,1600,325.7,326.75,324.12,326.2
1230512,1600,326.74,327.17,322.94,325.03
1230515,1600,325.51,327.03,323.96,326.79
1230516,1600,326.06,328.9,326.02,327.16
1230517,1600,328.24,331.71,327.04,331.12
1230518,1600,331.52,337.49,331.5,337.27
1230519,1600,337.49,338.21,335.43,336.51
1230522,1600,336.25,338.67,336.24,337.64
1230523,1600,335.89,337.06,333.0,333.36
1230524,1600,331.37,332.91,329.56,331.65
1230525,1600,339.14,341.01,336.67,339.72
1230526,1600,340.76,349.25,340.66,348.4
1230530,1600,352.71,353.93,348.53,349.98
1230531,1600,348.37,350.6,346.51,347.99
1230601,1600,347.73,353.36,346.66,352.01
1230602,1600,353.8,355.83,352.01,354.65
1230605,1600,354.43,357.5,353.85,354.9
1230606,1600,354.28,355.82,352.93,354.84
1230607,1600,355.13,357.12,348.18,348.82
1230608,1600,349.12,353.62,348.89,353.15
1230609,1600,354.63,357.66,353.03,354.5
1230612,1600,356.19,360.59,355.2,360.49
1230613,1600,363.29,364.11,360.03,363.26
1230614,1600,363.27,366.19,360.42,365.9
1230615,1600,364.61,371.77,363.98,370.26
1230616,1600,372.72,372.85,367.48,367.93
1230620,1600,365.95,368.32,363.89,366.9
1230621,1600,365.74,366.18,360.96,361.9
1230622,1600,360.63,366.33,360.22,366.17
1230623,1600,362.21,364.88,360.82,362.54
1230626,1600,362.0,364.84,357.59,357.68
1230627,1600,359.25,364.57,358.51,363.83
1230628,1600,361.98,366.52,361.9,364.54
1230629,1600,364.24,364.89,362.14,363.81
1230630,1600,367.55,370.49,367.23,369.42
1230703,1600,370.07,370.93,368.97,370.29
1230705,1600,368.7,372.01,368.66,370.28
1230706,1600,366.51,367.91,364.52,367.46
1230707,1600,367.23,370.48,366.01,366.24
1230710,1600,365.96,367.05,363.41,366.36
1230711,1600,366.79,368.63,364.62,368.17
1230712,1600,372.34,374.19,370.3,372.82
1230713,1600,376.05,379.99,375.46,379.15
1230714,1600,379.59,382.86,378.18,379.07
1230717,1600,379.8,383.5,379.31,382.61
1230718,1600,381.96,387.13,380.0,385.74
1230719,1600,386.82,387.98,384.3,385.65
1230720,1600,382.61,384.1,375.72,376.76
1230721,1600,379.18,379.92,375.19,375.63
1230724,1600,376.62,377.58,374.34,376.23
1230725,1600,376.95,380.47,376.93,378.78
1230726,1600,377.72,379.24,375.18,377.52
1230727,1600,383.07,384.71,375.31,376.62
1230728,1600,380.74,384.52,380.22,383.48
1230731,1600,383.79,384.88,382.34,383.68
1230801,1600,382.31,383.56,380.69,382.79
1230802,1600,379.26,379.26,373.13,374.39
1230803,1600,371.94,375.95,371.77,373.79
1230804,1600,375.75,378.1,371.53,372.04
1230807,1600,373.88,375.29,371.51,375.19
1230808,1600,372.64,372.66,368.82,372.0
1230809,1600,372.29,372.45,367.14,367.91
1230810,1600,370.97,374.36,367.04,368.59
1230811,1600,365.99,368.0,364.69,366.24
1230814,1600,365.43,370.47,364.7,370.35
1230815,1600,369.36,370.17,365.74,366.42
1230816,1600,365.87,367.43,362.44,362.54
1230817,1600,363.96,364.31,358.16,358.58
1230818,1600,355.26,359.41,354.71,358.13
1230821,1600,359.62,364.59,359.15,363.9
1230822,1600,366.55,366.56,362.68,363.38
1230823,1600,364.58,370.22,364.36,369.11
1230824,1600,372.64,372.74,361.01,361.22
1230825,1600,362.07,365.74,358.58,364.02
1230828,1600,366.99,367.71,364.25,366.76
1230829,1600,366.56,375.13,366.23,374.77
1230830,1600,374.88,377.45,373.86,376.86
1230831,1600,376.94,379.72,376.87,377.99
1230901,1600,380.4,380.83,376.08,377.59
1230905,1600,376.77,379.31,375.83,378.07
1230906,1600,377.28,377.63,372.7,374.74
1230907,1600,370.21,372.85,369.15,372.06
1230908,1600,372.01,374.85,371.6,372.58
1230911,1600,375.66,377.49,373.66,376.97
1230912,1600,375.27,376.95,372.5,372.79
1230913,1600,373.03,375.84,371.88,374.21
1230914,1600,375.99,378.27,373.89,377.27
1230915,1600,375.91,376.32,369.86,370.81
1230918,1600,369.32,371.79,369.03,370.66
1230919,1600,369.32,370.68,366.8,369.87
1230920,1600,370.95,371.31,364.46,364.54
1230921,1600,360.8,361.6,357.69,357.86
1230922,1600,359.63,361.8,357.59,357.91
1230925,1600,356.93,359.7,355.93,359.61
1230926,1600,356.99,357.54,353.21,354.21
1230927,1600,355.38,356.98,351.36,355.04
1230928,1600,354.11,360.17,353.24,358.01
1230929,1600,361.54,362.95,357.02,358.27
1231002,1600,358.54,362.68,357.92,361.26
1231003,1600,358.78,361.01,353.28,354.92
1231004,1600,355.77,360.61,355.3,359.75
1231005,1600,359.74,360.15,355.14,358.69
1231006,1600,355.65,365.91,354.85,364.7
1231009,1600,362.3,367.11,360.78,366.56
1231010,1600,366.9,371.28,366.39,368.59
1231011,1600,369.94,371.41,368.19,371.22
1231012,1600,371.73,373.74,367.5,369.93
1231013,1600,370.57,371.16,363.86,365.28
1231016,1600,366.62,370.48,366.47,369.41
1231017,1600,365.81,369.92,363.66,368.2
1231018,1600,365.67,367.91,362.02,363.37
1231019,1600,364.81,366.02,359.16,359.97
1231020,1600,359.46,360.04,354.37,354.6
1231023,1600,353.26,359.26,351.12,355.67
1231024,1600,357.51,359.91,355.79,359.13
1231025,1600,356.7,356.88,349.75,350.34
1231026,1600,349.12,350.07,342.35,343.66
1231027,1600,346.43,348.84,344.08,345.31
1231030,1600,347.83,350.54,346.45,349.2
1231031,1600,349.23,351.25,346.62,350.87
1231101,1600,351.72,357.53,351.62,356.96
1231102,1600,361.54,363.68,360.3,363.44
1231103,1600,364.75,369.02,364.52,367.71
1231106,1600,368.49,369.78,366.91,369.21
1231107,1600,370.27,373.58,369.05,372.7
1231108,1600,373.08,373.79,370.62,372.94
1231109,1600,373.64,374.8,369.57,370.07
1231110,1600,371.82,378.54,371.28,378.39
1231113,1600,376.79,378.28,375.24,377.21
1231114,1600,383.71,386.26,383.18,385.33
1231115,1600,387.25,387.75,384.24,385.62
1231116,1600,384.84,386.19,383.56,385.95
1231117,1600,385.21,387.07,384.29,386.04
1231120,1600,386.05,391.41,386.05,390.74
1231121,1600,389.01,389.23,386.7,388.47
1231122,1600,390.57,393.07,389.04,390.06
1231124,1600,389.65,390.25,388.5,389.51
1231127,1600,389.01,391.15,388.28,389.17
1231128,1600,388.41,390.78,388.05,390.19
1231129,1600,392.69,394.14,389.46,389.81
1231130,1600,390.08,390.55,385.82,388.83
1231201,1600,387.75,390.54,386.07,389.94
1231204,1600,386.09,386.6,382.66,386.32
1231205,1600,384.39,388.5,384.21,387.29
1231206,1600,390.27,390.37,384.7,385.05
1231207,1600,388.07,391.27,386.96,390.43
1231208,1600,388.67,392.62,388.48,392.17
1231211,1600,391.74,395.79,391.53,395.52
1231212,1600,395.56,398.79,394.41,398.67
1231213,1600,399.62,404.36,398.84,403.74
1231214,1600,404.98,406.3,400.34,403.39
1231215,1600,404.18,406.54,403.57,405.34
1231218,1600,404.93,407.99,404.6,407.08
1231219,1600,407.54,409.28,407.35,409.16
1231220,1600,408.35,410.47,402.9,403.08
1231221,1600,407.06,408.14,404.47,407.77
1231222,1600,409.0,409.97,406.48,408.38
1231226,1600,409.25,411.56,409.15,410.88
1231227,1600,410.95,411.79,410.08,411.5
1231228,1600,412.67,412.92,410.94,411.3
1231229,1600,411.28,411.64,407.58,409.52
1240102,1600,405.84,406.09,400.24,402.59
1240103,1600,399.93,401.0,397.89,398.33
1240104,1600,396.44,399.59,396.06,396.28
1240105,1600,396.45,399.56,395.34,396.75
1240108,1600,397.99,405.24,397.84,404.95
1240109,1600,401.91,406.69,401.71,405.75
1240110,1600,406.07,409.52,405.17,408.5
1240111,1600,409.79,411.2,404.24,409.35
1240112,1600,410.4,411.25,408.15,409.56
1240116,1600,408.31,411.12,406.83,409.52
1240117,1600,406.17,407.59,402.92,407.21
1240118,1600,410.52,413.58,409.16,412.99
1240119,1600,415.22,421.34,414.63,421.18
1240122,1600,423.41,424.73,421.12,421.73
1240123,1600,422.43,423.7,420.57,423.48
1240124,1600,427.44,429.85,425.33,425.83
1240125,1600,428.36,429.04,423.98,426.35
1240126,1600,424.44,426.21,423.15,423.81
1240129,1600,424.27,428.35,423.61,428.15
1240130,1600,427.1,427.68,424.38,425.3
1240131,1600,420.85,422.87,416.79,416.97
1240201,1600,418.79,422.38,417.81,421.88
1240202,1600,423.8,430.24,422.79,429.01
1240205,1600,429.07,429.61,425.0,428.45
1240206,1600,429.61,430.22,425.22,427.59
1240207,1600,430.41,432.83,429.09,431.99
1240208,1600,432.11,433.56,431.42,432.79
1240209,1600,433.94,437.85,433.14,437.05
1240212,1600,436.94,439.14,434.65,435.34
1240213,1600,427.28,431.27,425.33,428.55
1240214,1600,431.26,433.65,428.88,433.22
1240215,1600,433.92,434.98,431.33,434.51
1240216,1600,434.89,434.99,429.85,430.57
1240220,1600,428.55,430.08,423.5,427.32
1240221,1600,424.55,425.7,421.63,425.61
1240222,1600,434.49,439.12,433.71,438.07
1240223,1600,439.65,440.59,435.79,436.78
1240226,1600,437.6,438.6,436.36,436.55
1240227,1600,437.67,437.99,435.03,437.6
1240228,1600,435.43,436.67,434.3,435.27
1240229,1600,438.23,440.09,435.02,439.0
1240301,1600,439.9,446.58,439.84,445.61
1240304,1600,445.61,446.04,443.77,444.02
1240305,1600,440.94,440.95,433.65,436.05
1240306,1600,440.32,441.99,436.89,438.79
1240307,1600,442.42,446.72,440.86,445.45
1240308,1600,445.81,448.64,438.34,439.02
1240311,1600,437.51,438.66,435.44,437.39
1240312,1600,439.73,444.02,436.46,443.66
1240313,1600,442.65,442.67,439.12,440.25
1240314,1600,441.5,442.03,436.39,439.14
1240315,1600,436.07,438.87,432.74,433.92
1240318,1600,438.73,441.04,437.24,437.48
1240319,1600,435.45,438.98,433.33,438.57
1240320,1600,439.78,444.11,438.06,443.77
1240321,1600,448.88,449.34,445.67,445.87
1240322,1600,445.35,447.49,444.49,446.38
1240325,1600,443.55,446.26,442.54,444.76
1240326,1600,446.3,447.23,443.09,443.32
1240327,1600,446.44,446.54,441.93,444.83
1240328,1600,444.78,445.64,443.65,444.01
1240401,1600,444.97,447.53,443.02,444.95
1240402,1600,440.08,441.43,438.03,441.11
1240403,1600,438.96,444.0,438.95,442.1
1240404,1600,446.33,446.95,435.11,435.34
1240405,1600,436.78,443.17,435.96,440.47
1240408,1600,441.41,442.5,439.2,440.6
1240409,1600,442.96,443.24,437.44,442.23
1240410,1600,437.0,439.24,436.28,438.37
1240411,1600,440.26,446.33,437.96,445.37
1240412,1600,441.1,442.24,436.88,438.27
1240415,1600,442.06,442.15,430.21,431.06
1240416,1600,430.9,433.76,429.7,431.1
1240417,1600,433.1,433.12,424.9,425.84
1240418,1600,426.49,428.24,422.83,423.41
1240419,1600,422.22,422.75,413.07,414.65
1240422,1600,417.31,421.18,413.94,418.82
1240423,1600,420.77,426.28,418.87,425.07
1240424,1600,428.2,429.73,424.2,426.51
1240425,1600,419.24,425.32,418.14,424.45
1240426,1600,427.62,432.55,426.92,431.0
1240429,1600,433.13,433.76,429.98,432.75
1240430,1600,431.15,432.56,424.51,424.59
1240501,1600,423.15,430.14,420.66,421.52
1240502,1600,425.3,427.81,420.63,426.9
1240503,1600,434.44,436.48,432.62,435.48
1240506,1600,437.3,440.34,436.52,440.25
1240507,1600,440.7,441.97,439.58,440.32
1240508,1600,437.67,441.48,437.55,440.06
1240509,1600,440.33,441.6,438.46,441.02
1240510,1600,442.54,444.31,440.5,442.06
1240513,1600,443.99,444.09,441.65,443.08
1240514,1600,442.65,446.47,442.46,445.93
1240515,1600,448.43,453.15,446.9,452.9
1240516,1600,452.71,454.69,451.81,451.98
1240517,1600,452.11,452.72,449.54,451.76
1240520,1600,451.98,455.58,451.79,454.91
1240521,1600,453.04,455.99,452.84,455.8
1240522,1600,456.06,456.82,453.08,455.71
1240523,1600,460.55,460.58,451.85,453.66
1240524,1600,455.29,459.23,453.57,457.95
1240528,1600,459.18,459.74,456.69,459.68
1240529,1600,455.48,458.24,455.34,456.44
1240530,1600,455.5,455.64,450.21,451.55
1240531,1600,451.78,452.48,443.06,450.71
1240603,1600,454.57,455.58,447.9,453.13
1240604,1600,452.87,455.58,451.13,454.37
1240605,1600,457.98,463.61,454.41,463.53
1240606,1600,464.22,464.54,462.19,463.37
1240607,1600,463.0,465.74,461.84,462.96
1240610,1600,461.82,465.19,461.53,464.83
1240611,1600,463.54,468.14,462.03,468.02
1240612,1600,471.99,476.5,471.29,474.15
1240613,1600,477.72,478.39,474.42,476.72
1240614,1600,476.52,479.26,476.05,479.19
1240617,1600,479.46,486.86,478.14,485.06
1240618,1600,485.01,485.9,483.43,485.21
1240620,1600,486.42,486.84,479.62,481.47
1240621,1600,481.19,482.54,478.67,480.18
1240624,1600,478.18,479.93,473.82,473.96
1240625,1600,476.07,479.68,475.12,479.38
1240626,1600,478.55,480.92,478.13,480.37
1240627,1600,480.12,483.1,479.3,481.61
1240628,1600,482.41,487.2,478.46,479.11
1240701,1600,480.04,482.49,476.26,481.92
1240702,1600,480.41,487.04,480.28,486.98
1240703,1600,486.22,491.17,486.22,491.04
1240705,1600,491.89,496.6,491.59,496.16
1240708,1600,496.53,497.9,495.5,497.34
1240709,1600,498.87,500.0,496.24,497.77
1240710,1600,499.71,503.52,498.39,502.96
1240711,1600,503.07,503.28,490.73,491.93
1240712,1600,492.51,499.62,492.04,494.82
1240715,1600,496.61,501.01,494.09,496.15
1240716,1600,497.62,498.44,493.15,496.34
1240717,1600,488.28,488.8,481.7,481.77
1240718,1600,485.53,485.71,476.27,479.49
1240719,1600,479.15,481.69,473.94,475.24
1240722,1600,481.16,483.35,477.71,482.32
1240723,1600,481.41,484.43,480.14,480.62
1240724,1600,473.82,474.19,462.51,463.38
1240725,1600,463.72,467.94,455.63,458.27
1240726,1600,462.65,465.93,459.77,462.97
1240729,1600,465.71,467.91,461.62,463.9
1240730,1600,465.85,466.56,454.15,457.53
1240731,1600,467.87,472.79,466.41,471.07
1240801,1600,471.76,475.55,455.98,459.66
1240802,1600,450.89,453.57,444.47,448.75
1240805,1600,424.71,442.29,423.45,435.37
1240806,1600,437.23,447.07,434.56,439.53
1240807,1600,446.49,449.0,434.37,434.77
1240808,1600,441.06,448.99,437.15,448.07
1240809,1600,446.74,452.06,445.61,450.41
1240812,1600,451.39,454.37,448.55,451.38
1240813,1600,455.82,462.85,455.68,462.58
1240814,1600,463.51,465.11,458.4,462.73
1240815,1600,468.76,474.82,468.38,474.42
1240816,1600,472.62,476.41,471.65,475.03
1240819,1600,475.17,481.31,473.37,481.27
1240820,1600,480.35,482.94,478.55,480.26
1240821,1600,481.05,484.37,479.32,482.5
1240822,1600,484.84,485.54,473.81,474.85
1240823,1600,479.24,482.74,475.28,480.0
1240826,1600,479.45,480.38,473.24,475.34
1240827,1600,473.69,477.84,471.71,476.76
1240828,1600,476.29,477.02,467.89,471.35
1240829,1600,473.28,477.93,469.37,470.66
1240830,1600,475.04,476.9,470.51,476.27
1240903,1600,473.2,473.33,459.41,461.81
1240904,1600,458.67,464.45,457.73,460.61
1240905,1600,458.97,465.36,457.94,461.04
1240906,1600,460.33,461.22,448.19,448.69
1240909,1600,453.06,455.46,449.82,454.46
1240910,1600,456.24,459.17,452.23,458.66
1240911,1600,459.91,469.37,451.28,468.62
1240912,1600,468.65,474.04,466.85,473.22
1240913,1600,472.48,476.53,472.25,475.34
1240916,1600,473.19,473.86,469.89,473.24
1240917,1600,476.29,477.6,470.97,473.49
1240918,1600,474.7,478.83,470.83,471.44
1240919,1600,482.61,486.23,480.49,483.36
1240920,1600,482.49,483.69,478.3,482.44
1240923,1600,482.95,484.14,481.6,483.04
1240924,1600,484.46,486.33,480.17,485.37
1240925,1600,484.74,487.79,484.56,485.82
1240926,1600,493.37,493.7,485.8,489.47
1240927,1600,490.5,490.64,485.56,486.75
1240930,1600,485.78,488.41,482.92,488.07
1241001,1600,487.7,488.0,477.4,481.27
1241002,1600,480.36,483.88,477.72,481.95
1241003,1600,479.74,484.55,478.99,481.59
1241004,1600,487.45,487.88,482.39,487.32
1241007,1600,485.39,486.57,480.87,482.1
1241008,1600,484.66,489.99,483.85,489.3
1241009,1600,489.0,493.73,487.95,493.15
1241010,1600,490.85,494.47,489.53,492.59
1241011,1600,490.74,494.39,490.17,493.36
1241014,1600,495.77,498.83,495.26,497.5
1241015,1600,497.83,498.5,488.68,490.85
1241016,1600,491.18,491.69,487.57,490.91
1241017,1600,496.44,496.49,491.19,491.25
1241018,1600,494.06,495.57,493.3,494.47
1241021,1600,493.25,496.23,491.31,495.42
1241022,1600,492.73,497.45,491.97,495.96
1241023,1600,493.59,494.25,485.05,488.36
1241024,1600,492.11,493.0,489.44,492.32
1241025,1600,495.14,500.28,494.43,495.32
1241028,1600,498.46,498.52,495.1,495.4
1241029,1600,495.72,501.35,493.85,500.16
1241030,1600,499.39,500.35,495.89,496.38
1241031,1600,492.38,492.43,483.75,483.85
1241101,1600,485.5,490.75,485.2,487.43
1241104,1600,486.82,489.38,484.25,486.01
1241105,1600,487.61,492.88,487.52,492.21
1241106,1600,500.56,506.41,499.6,505.58
1241107,1600,508.4,514.33,508.34,513.54
1241108,1600,513.04,514.92,512.41,514.14
1241111,1600,515.37,515.58,510.92,513.84
1241112,1600,513.77,514.66,509.83,512.91
1241113,1600,512.4,514.98,509.95,512.25
1241114,1600,511.91,512.79,507.77,508.69
1241115,1600,502.94,503.33,494.49,496.57
1241118,1600,498.13,502.14,496.73,500.02
1241119,1600,497.42,503.95,497.08,503.46
1241120,1600,503.16,503.48,496.56,503.17
1241121,1600,506.24,506.96,497.56,504.98
1241122,1600,504.42,506.53,502.78,505.79
1241125,1600,509.9,511.45,504.26,506.59
1241126,1600,508.08,510.14,507.23,509.31
1241127,1600,508.17,508.24,501.93,505.3
1241129,1600,505.93,510.34,505.31,509.74
1241202,1600,511.01,516.26,510.62,515.29
1241203,1600,513.95,517.15,513.37,516.87
1241204,1600,520.32,523.52,519.6,523.26
1241205,1600,523.31,524.04,521.42,521.81
1241206,1600,522.48,526.72,522.35,526.48
1241209,1600,525.55,526.35,521.22,522.38
1241210,1600,523.62,525.38,519.16,520.6
1241211,1600,525.0,530.61,524.59,529.92
1241212,1600,527.68,528.96,526.02,526.5
1241213,1600,530.46,533.17,527.3,530.53
1241216,1600,533.08,539.15,533.0,538.17
1241217,1600,536.36,537.48,534.13,535.8
1241218,1600,535.15,536.88,515.01,516.47
1241219,1600,521.19,521.76,513.83,514.17
1241220,1600,510.44,524.82,509.29,518.66
1241223,1600,519.55,523.25,516.13,522.87
1241224,1600,524.83,530.05,524.19,529.96
1241226,1600,528.32,531.24,526.31,529.6
1241227,1600,526.01,526.45,517.86,522.56
1241230,1600,515.51,519.36,511.83,515.61
1241231,1600,516.9,517.66,510.26,511.23
1250102,1600,514.3,516.64,505.71,510.23
1250103,1600,513.35,519.65,512.53,518.58
1250106,1600,524.02,527.92,522.03,524.54
1250107,1600,525.59,525.99,513.28,515.18
1250108,1600,515.08,516.92,510.57,515.27
1250110,1600,511.48,511.58,503.92,507.19
1250113,1600,501.2,506.02,499.7,505.56
1250114,1600,508.74,510.16,501.59,505.08
1250115,1600,513.03,517.85,511.46,516.7
1250116,1600,518.98,519.06,512.95,513.08
1250117,1600,522.85,524.07,513.11,521.74
1250121,1600,524.48,525.97,520.06,524.8
1250122,1600,529.57,533.82,529.26,531.51
1250123,1600,529.04,532.76,528.45,532.64
1250124,1600,533.02,533.79,528.15,529.63
1250127,1600,511.0,517.99,510.15,514.21
1250128,1600,515.22,523.0,511.78,521.81
1250129,1600,522.46,522.59,516.9,520.83
1250130,1600,523.71,526.1,518.21,523.05
1250131,1600,526.92,531.52,521.19,522.29
1250203,1600,513.47,520.85,511.05,518.11
1250204,1600,518.63,525.11,518.23,524.47
1250205,1600,521.82,527.01,520.62,526.85
1250206,1600,527.36,529.81,525.74,529.6
1250207,1600,530.14,532.1,522.19,522.92
1250210,1600,527.22,530.36,526.75,529.25
1250211,1600,525.96,529.92,525.83,527.99
1250212,1600,522.3,529.19,521.95,528.3
1250213,1600,529.98,536.22,529.19,535.9
1250214,1600,536.01,538.84,535.67,538.15
1250218,1600,539.73,540.0,536.04,539.37
1250219,1600,538.57,540.81,536.46,539.52
1250220,1600,538.73,539.1,532.46,537.23
1250221,1600,538.38,538.4,525.71,526.08
1250224,1600,527.88,529.07,519.53,519.87
1250225,1600,519.24,519.32,509.44,513.32
1250226,1600,515.53,519.66,511.37,514.56
1250227,1600,518.13,519.07,500.05,500.27
1250228,1600,500.13,508.78,496.93,508.17
1250303,1600,511.52,513.04,493.58,497.05
1250304,1600,494.18,503.74,487.74,495.55
1250305,1600,496.2,503.63,491.26,502.01
1250306,1600,493.69,498.58,486.2,488.2
1250307,1600,487.16,493.28,480.53,491.79
1250310,1600,483.45,483.97,468.66,472.73
1250311,1600,472.35,478.81,467.01,471.6
1250312,1600,479.16,481.06,471.79,476.92
1250313,1600,476.25,476.28,466.43,468.34
1250314,1600,473.73,480.56,473.12,479.66
1250317,1600,479.61,485.84,477.8,482.77
1250318,1600,479.41,479.61,472.41,474.54
1250319,1600,476.81,485.33,474.87,480.89
1250320,1600,476.88,484.55,476.18,479.26
1250321,1600,474.08,481.61,472.91,480.84
1250324,1600,487.74,491.51,484.4,490.66
1250325,1600,491.39,493.62,490.42,493.46
1250326,1600,492.3,493.16,482.82,484.38
1250327,1600,482.41,486.58,480.25,481.62
1250328,1600,479.81,480.52,468.05,468.94
1250331,1600,461.92,469.86,457.33,468.92
1250401,1600,467.3,473.63,464.42,472.7
1250402,1600,466.12,479.56,465.86,476.15
1250403,1600,456.44,460.07,450.14,450.66
1250404,1600,438.14,440.37,422.67,422.67
1250407,1600,408.66,443.14,402.39,423.69
1250408,1600,438.16,443.14,409.79,416.06
1250409,1600,415.57,467.83,415.43,466.0
1250410,1600,453.56,455.59,432.63,446.18
1250411,1600,444.65,455.79,441.33,454.4
1250414,1600,464.46,465.05,452.63,457.48
1250415,1600,458.54,462.38,456.15,457.99
1250416,1600,449.03,452.62,437.76,444.18
1250417,1600,447.17,447.75,441.36,444.1
1250421,1600,438.23,439.08,427.93,433.11
1250422,1600,438.82,447.58,437.62,444.48
1250423,1600,458.17,463.38,452.88,454.56
1250424,1600,456.48,467.66,455.83,467.35
1250425,1600,466.97,473.09,465.39,472.56
1250428,1600,473.03,474.81,466.03,472.41
1250429,1600,470.17,476.42,469.59,475.53
1250430,1600,467.13,477.2,462.43,475.47
1250501,1600,483.41,487.18,480.74,481.68
1250502,1600,486.54,490.91,484.83,488.83
1250505,1600,484.6,489.03,484.1,485.93
1250506,1600,479.56,485.05,478.19,481.41
1250507,1600,482.08,485.8,476.78,483.3
1250508,1600,488.53,492.7,484.17,488.29
1250509,1600,490.21,491.54,486.2,487.97
1250512,1600,506.99,507.89,501.48,507.85
1250513,1600,509.16,517.39,508.42,515.59
1250514,1600,516.77,519.23,515.75,518.68
1250515,1600,516.52,521.93,515.17,519.25
1250516,1600,520.66,521.7,517.1,521.51
1250519,1600,514.24,522.53,514.24,522.01
1250520,1600,519.47,520.93,516.66,520.27
1250521,1600,516.27,523.0,511.24,513.04
1250522,1600,513.66,517.71,512.3,514.0
1250523,1600,506.18,511.84,505.58,509.24
1250527,1600,516.15,521.71,514.59,521.22
1250528,1600,522.18,523.68,518.39,518.91
1250529,1600,526.33,526.48,517.32,519.93
1250530,1600,519.44,520.68,511.93,519.11
1250602,1600,517.24,523.45,515.97,523.21
1250603,1600,523.56,528.74,522.69,527.3
1250604,1600,528.01,529.84,525.97,528.77
1250605,1600,530.18,533.05,522.66,524.79
1250606,1600,530.0,531.8,528.21,529.92
1250609,1600,530.14,532.35,529.01,530.7
1250610,1600,531.17,534.9,528.89,534.21
1250611,1600,535.62,536.78,530.11,532.41
1250612,1600,531.09,534.64,530.84,533.66
1250613,1600,527.68,531.87,525.73,526.96
1250616,1600,530.5,535.37,530.45,534.29
1250617,1600,531.71,533.33,527.91,529.08
1250618,1600,530.1,532.55,527.4,528.99
1250620,1600,532.26,533.56,524.88,526.83
1250623,1600,526.81,532.17,523.65,531.65
1250624,1600,536.89,540.7,536.27,539.78
1250625,1600,542.06,543.31,539.38,541.16
1250626,1600,543.35,546.67,541.52,546.22
1250627,1600,547.26,549.99,544.54,548.09
1250630,1600,551.26,552.8,549.01,551.64
1250701,1600,549.73,550.71,544.66,546.99
1250702,1600,546.16,551.0,546.12,550.8
1250703,1600,553.18,557.2,553.18,556.22
1250707,1600,553.52,554.34,549.58,552.03
1250708,1600,553.38,554.01,551.1,552.34
1250709,1600,554.48,557.63,553.1,556.25
1250710,1600,556.89,557.3,552.75,555.45
1250711,1600,553.3,555.79,552.05,554.2
1250714,1600,553.99,556.95,551.63,556.21
1250715,1600,560.25,560.8,556.66,556.72
1250716,1600,557.28,560.21,551.56,557.29
1250717,1600,558.02,562.31,557.21,561.8
1250718,1600,563.12,564.73,559.98,561.26
1250721,1600,562.09,566.06,562.06,564.17
1250722,1600,564.3,564.35,558.61,561.25
1250723,1600,562.34,563.85,559.58,563.81
1250724,1600,565.13,566.24,563.29,565.01
1250725,1600,564.93,567.7,564.27,566.37
1250728,1600,567.74,569.04,566.87,568.14
1250729,1600,570.76,572.11,566.53,567.26
1250730,1600,568.18,570.62,565.05,568.02
1250731,1600,574.54,574.63,563.87,565.01
1250801,1600,558.83,559.02,551.68,553.88
1250804,1600,559.05,564.32,558.95,564.1
1250805,1600,565.39,566.56,559.73,560.27
1250806,1600,561.11,567.76,560.63,567.32
1250807,1600,571.67,573.32,565.11,569.24
1250808,1600,570.45,574.77,570.15,574.55
1250811,1600,574.69,576.8,571.57,572.85
1250812,1600,575.16,580.35,572.49,580.05
1250813,1600,582.76,583.32,578.94,580.34
1250814,1600,578.28,581.88,577.91,579.89
1250815,1600,579.8,579.84,575.57,577.34
1250818,1600,576.44,577.77,575.24,577.11
1250819,1600,576.39,576.56,568.25,569.28
1250820,1600,568.33,568.45,558.84,565.9
1250821,1600,564.35,566.49,560.98,563.28
1250822,1600,564.67,573.99,563.27,571.97
1250825,1600,570.4,573.29,569.16,570.32
1250826,1600,569.83,572.92,568.8,572.61
1250827,1600,571.59,574.41,570.37,573.49
1250828,1600,574.11,578.0,572.46,577.08
1250829,1600,574.66,575.03,568.54,570.4
1250902,1600,561.31,565.97,559.54,565.62
1250903,1600,569.23,571.7,566.73,570.07
1250904,1600,570.74,575.6,569.03,575.23
1250905,1600,580.49,581.12,571.53,576.06
1250908,1600,578.37,580.84,577.77,578.87
1250909,1600,579.67,580.94,577.04,580.51
1250910,1600,583.74,583.77,578.55,580.7
1250911,1600,583.24,584.88,581.62,584.08
1250912,1600,585.04,587.86,584.1,586.66
1250915,1600,588.44,591.79,588.29,591.68
1250916,1600,592.61,592.86,590.49,591.18
1250917,1600,591.1,591.75,584.37,590.0
1250918,1600,594.91,598.14,592.96,595.32
1250919,1600,597.33,600.05,595.85,599.35
1250922,1600,597.74,602.87,597.72,602.2
1250923,1600,602.37,602.57,596.98,598.2
1250924,1600,599.58,599.9,593.36,596.1
1250925,1600,592.2,595.12,588.5,593.53
1250926,1600,594.35,596.3,591.06,595.97
1250929,1600,599.11,602.05,597.41,598.73
1250930,1600,598.43,600.71,596.1,600.37
1251001,1600,597.17,603.79,596.34,603.25
1251002,1600,607.06,607.16,602.93,605.73
1251003,1600,606.51,607.33,601.39,603.18
1251006,1600,608.45,609.36,605.97,607.71
1251007,1600,609.02,609.71,603.03,604.51
1251008,1600,605.41,611.75,605.26,611.44
1251009,1600,611.48,611.61,607.48,610.7
1251010,1600,611.4,613.18,589.05,589.5
1251013,1600,599.68,602.95,597.23,602.01
1251014,1600,595.31,602.69,590.13,598.0
1251015,1600,604.01,606.7,595.93,602.22
1251016,1600,605.11,608.31,595.5,599.99
1251017,1600,597.95,605.51,596.37,603.93
1251020,1600,607.14,612.8,607.07,611.54
1251021,1600,611.64,612.72,609.32,611.38
1251022,1600,610.82,611.41,599.74,605.49
1251023,1600,604.91,611.37,604.52,610.58
1251024,1600,615.99,618.42,615.13,617.1
1251027,1600,624.52,628.55,624.03,628.09
1251028,1600,630.36,634.68,629.25,632.92
1251029,1600,635.59,637.01,630.25,635.77
1251030,1600,632.17,633.5,625.94,626.05
1251031,1600,634.17,634.2,626.69,629.07
1251103,1600,635.11,635.82,629.85,632.08
1251104,1600,623.28,626.95,618.46,619.25
1251105,1600,618.49,626.6,617.21,623.28
1251106,1600,621.79,622.04,610.3,611.67
1251107,1600,608.31,609.95,598.67,609.74
1251110,1600,618.92,624.31,616.89,623.23
1251111,1600,620.57,622.72,617.52,621.57
1251112,1600,624.84,624.86,617.81,621.08
1251113,1600,617.54,618.12,606.08,608.4
1251114,1600,599.55,613.35,597.17,608.86
1251117,1600,606.3,612.48,599.87,603.66
1251118,1600,599.62,602.31,591.34,596.31
1251119,1600,597.07,606.16,594.59,599.87
1251120,1600,611.62,614.03,584.75,585.67
1251121,1600,587.47,596.98,580.74,590.07
1251124,1600,595.28,606.68,595.16,605.16
1251125,1600,603.51,610.26,597.32,608.89
1251126,1600,612.51,616.19,610.39,614.27
1251128,1600,616.11,619.32,615.42,619.25
1251201,1600,613.63,619.44,612.52,617.17
1251202,1600,619.46,623.75,617.59,622.0
1251203,1600,619.62,624.22,618.03,623.52
1251204,1600,624.93,624.94,619.54,622.94
1251205,1600,624.38,628.92,623.71,625.48
1251208,1600,627.21,628.84,621.69,624.28
1251209,1600,623.01,625.87,621.0,625.05
1251210,1600,623.85,629.21,620.99,627.61
1251211,1600,623.82,625.78,617.72,625.58
1251212,1600,622.08,623.54,611.36,613.62
1251215,1600,618.37,618.42,609.32,610.54
1251216,1600,608.26,613.51,606.91,611.75
1251217,1600,613.06,613.65,600.28,600.41
1251218,1600,609.8,612.93,606.92,609.11
1251219,1600,611.95,617.62,611.87,617.05
1251222,1600,621.35,621.65,617.77,619.21
1251223,1600,618.2,622.41,617.78,622.11
1251224,1600,621.99,624.28,621.72,623.93
1251226,1600,624.66,625.52,623.14,623.89
1251229,1600,620.1,622.78,618.73,620.87
1251230,1600,619.84,622.18,619.22,619.43
1251231,1600,619.65,619.96,614.05,614.31
1260102,1600,620.06,622.85,610.15,613.12
1260105,1600,619.32,620.81,616.72,617.99
1260106,1600,619.23,624.02,618.54,623.42
1260107,1600,623.04,627.94,622.56,624.02
1260108,1600,623.03,623.42,617.8,620.47
1260109,1600,621.41,627.89,619.06,626.65
1260112,1600,622.31,628.85,622.26,627.17
1260113,1600,627.27,629.47,623.7,626.24
1260114,1600,622.24,623.45,614.56,619.55
1260115,1600,626.6,630.0,620.75,621.78
1260116,1600,625.5,626.08,618.88,621.26
1260120,1600,610.53,615.06,607.05,608.06
1260121,1600,609.47,620.42,607.86,616.28
1260122,1600,622.35,622.46,617.78,620.76
1260123,1600,619.73,625.4,618.65,622.72
1260126,1600,623.21,627.61,622.12,625.46
1260127,1600,628.91,632.04,627.34,631.13
1260128,1600,635.46,636.6,631.81,633.22
1260129,1600,632.65,633.67,618.27,629.43
1260130,1600,625.71,628.26,619.3,621.87
1260202,1600,618.7,628.49,618.66,626.14
1260203,1600,628.3,629.98,610.96,616.52
1260204,1600,615.02,615.1,600.47,605.75
1260205,1600,600.21,604.81,594.76,597.03
1260206,1600,600.19,611.41,598.77,609.65
1260209,1600,607.54,616.46,605.07,614.32
1260210,1600,615.31,617.02,611.01,611.47
1260211,1600,616.38,617.52,607.69,613.11
1260212,1600,614.71,615.81,599.57,600.64
1260213,1600,600.43,606.48,596.42,601.92
1260217,1600,598.38,603.95,593.34,601.3
1260218,1600,602.11,609.77,600.72,605.79
1260219,1600,602.81,605.82,600.75,603.47
1260220,1600,600.12,610.35,599.23,608.81
1260223,1600,606.61,608.01,599.05,601.41
1260224,1600,602.4,608.99,599.73,607.87
1260225,1600,611.07,616.83,611.0,616.68
1260226,1600,615.59,615.59,603.98,609.24
1260227,1600,602.98,608.32,602.19,607.29
1260302,1600,598.86,609.92,597.99,608.09
1260303,1600,596.33,603.96,591.87,601.58
1260304,1600,604.16,612.88,603.43,610.75
1260305,1600,607.4,612.76,602.26,608.91
1260306,1600,600.31,606.0,598.33,599.75
1260309,1600,594.23,609.27,591.33,607.76
1260310,1600,607.78,613.29,605.42,607.77
1260311,1600,608.95,612.43,605.03,607.69
1260312,1600,602.76,604.14,597.05,597.26
1260313,1600,599.73,603.6,592.57,593.72
1260316,1600,600.04,603.86,599.11,600.38
1260317,1600,603.14,605.9,601.87,603.31
1260318,1600,601.49,603.16,594.56,594.9
1260319,1600,589.51,595.8,587.08,593.02
1260320,1600,591.06,591.17,578.54,582.06
1260323,1600,590.52,595.08,585.96,588.0
1260324,1600,584.81,587.93,581.93,583.98
1260325,1600,589.14,591.37,585.69,587.82
1260326,1600,582.6,584.63,573.43,573.79
1260327,1600,570.81,571.02,561.57,562.58
1260330,1600,567.38,568.05,555.6,558.28
1260331,1600,564.29,578.64,564.21,577.18
1260401,1600,581.48,587.74,580.42,584.31
1260402,1600,573.97,586.05,571.92,584.98
1260406,1600,586.23,590.61,584.69,588.5
1260407,1600,585.64,588.98,578.4,588.59
1260408,1600,608.71,609.9,602.12,606.09
1260409,1600,605.93,610.5,603.03,610.19
1260410,1600,611.84,613.67,609.58,611.07
1260413,1600,609.48,626.74,608.11,617.39
1260414,1600,620.22,628.6,620.1,628.6
1260415,1600,629.08,637.83,628.2,637.4
1260416,1600,639.21,642.18,635.26,640.47
1260417,1600,645.59,650.0,644.07,648.85
1260420,1600,648.04,648.76,642.52,646.79
1260421,1600,648.41,650.2,642.21,644.33
1260422,1600,650.15,655.33,648.52,655.11
1260423,1600,653.55,656.92,645.52,651.42
1260424,1600,658.51,664.51,656.53,663.88
1260427,1600,663.4,664.43,660.69,664.23
1260428,1600,657.41,659.64,653.81,657.55
1260429,1600,658.63,661.72,656.59,661.57
1260430,1600,665.35,668.9,657.56,667.74
1260501,1600,669.16,675.97,668.8,674.15
1260504,1600,674.66,676.73,668.9,672.88
1260505,1600,677.96,682.77,677.51,681.61
1260506,1600,687.78,695.93,686.48,695.77
1260507,1600,696.58,701.24,691.77,694.94
1260508,1600,699.92,711.23,699.5,711.23
1260511,1600,710.36,714.59,708.91,713.29
1260512,1600,708.22,710.18,696.64,707.24
1260513,1600,709.96,716.65,704.83,714.71
1260514,1600,714.62,722.03,714.22,719.79
1260515,1600,710.14,715.13,705.55,708.93
1260518,1600,711.54,712.07,698.85,705.88
1260519,1600,699.81,706.49,695.25,701.53
1260520,1600,705.29,713.15,703.79,713.15
1260521,1600,708.99,717.12,706.77,714.51
1260522,1600,718.07,722.12,715.95,717.54
1260526,1600,725.96,731.17,724.16,730.28
1260527,1600,732.96,733.32,725.44,729.45
1260528,1600,729.73,736.6,726.41,735.6
1260529,1600,737.84,741.63,735.25,738.31
1260601,1600,737.04,745.65,735.99,742.74
1260602,1600,742.4,746.44,739.23,746.16
1260603,1600,747.31,748.65,741.01,744.21
1260604,1600,735.48,743.5,732.62,740.61
1260605,1600,730.06,731.69,704.32,705.06
1260608,1600,717.81,723.03,713.07,716.07
1260609,1600,722.98,725.66,686.37,707.83
1260610,1600,701.66,711.28,692.93,693.69
1260611,1600,699.29,718.37,695.0,717.12
1260612,1600,717.61,724.01,711.28,721.34
1260615,1600,738.1,744.76,737.38,744.0
1260616,1600,742.25,744.22,729.64,729.86
1260617,1600,735.19,735.68,720.85,722.51
1260618,1600,737.2,741.82,732.51,740.62
1260622,1600,742.02,745.45,734.39,737.95
1260623,1600,715.74,723.61,712.11,713.65
1260624,1600,715.37,719.93,704.45,710.62
1260625,1600,725.9,726.83,705.3,716.38
1260626,1600,707.13,715.56,702.81,706.52
1260629,1600,713.99,724.58,705.17,724.08
1260630,1600,724.18,737.62,723.91,736.4
1260701,1600,729.19,731.92,724.6,725.17
1260702,1600,725.58,730.83,707.56,712.6
1260706,1600,719.93,726.08,718.45,722.82
1260707,1600,714.17,716.35,704.9,709.43
1260708,1600,704.95,712.26,700.91,711.44
1260709,1600,718.33,724.23,715.13,723.28
1260710,1600,720.7,726.39,717.0,725.51
1260713,1600,717.72,718.74,710.08,711.74
1260714,1600,720.22,722.29,714.34,719.69
1260715,1600,723.85,724.36,710.23,717.74
1260716,1600,712.01,713.6,702.61,705.94
1260717,1600,691.65,702.3,686.76,695.33
1260720,1600,702.16,705.8,695.51,696.06
1260721,1600,706.57,710.05,702.8,708.97
1260722,1600,703.62,709.65,703.62,705.35
1260723,1600,694.67,698.66,687.79,691.96
1260724,1600,690.41,692.63,682.48,684.23
1260727,1600,691.68,692.3,675.95,682.12
1260728,1600,676.23,679.4,667.88,675.49
1260729,1600,675.51,680.05,661.14,661.73
1260730,1600,674.76,685.12,673.3,683.55
1260731,1600,692.11,695.77,680.05,687.99
1260803,1600,688.3,701.59,685.82,700.07
1260804,1600,708.16,725.66,707.53,723.85
1260805,1600,726.25,728.54,716.92,717.3
1260806,1600,710.82,719.32,708.5,714.65
1260807,1600,720.15,723.63,716.51,723.03
1260810,1600,722.39,724.67,720.33,720.87
1260811,1600,723.29,723.35,715.5,718.45
1260812,1600,727.08,727.25,722.92,723.7
1260813,1600,725.15,733.96,724.03,732.07
1260814,1600,733.41,734.39,728.32,731.07
1260817,1600,732.95,734.58,729.27,729.87
1260818,1600,720.21,722.13,715.92,717.51
1260819,1600,720.39,721.5,712.61,716.08
1260820,1600,712.09,714.94,708.52,710.93
1260821,1600,715.23,715.67,709.2,713.44
1260824,1600,709.66,709.79,702.7,706.32
1260825,1600,711.22,714.04,707.45,710.72
1260826,1600,708.41,713.02,707.97,711.37
1260827,1600,716.93,721.35,714.53,721.11
1260828,1600,719.74,724.13,715.09,716.43
1260831,1600,715.17,717.58,713.16,716.76
1260901,1600,707.39,712.3,704.66,707.64
1260902,1600,707.1,709.8,705.1,709.24
1260903,1600,710.85,718.92,709.69,717.67
1260904,1600,719.35,721.86,716.56,718.96
1260908,1600,720.91,721.89,715.57,718.36
1260909,1600,716.4,719.7,714.02,716.31
1260910,1600,707.55,712.06,706.86,708.69
1260911,1600,715.68,717.63,713.63,714.88
1260914,1600,703.33,712.95,702.74,709.18
1260915,1600,708.8,709.53,703.64,704.54
1260916,1600,708.0,711.88,700.0,704.72
1260917,1600,715.95,718.04,713.32,716.92
1260918,1600,718.83,721.73,715.08,721.45
1260921,1600,727.89,743.22,727.81,741.47
