930129,1600,43.9688,43.9688,43.75,43.9375
930201,1600,43.9688,44.25,43.9688,44.25
930202,1600,44.2188,44.375,44.125,44.3438
930203,1600,44.4062,44.8438,44.375,44.8125
930204,1600,44.9688,45.0938,44.4688,45.0
930205,1600,44.9688,45.0625,44.7188,44.9688
930208,1600,44.9688,45.125,44.9062,44.9688
930209,1600,44.8125,44.8125,44.5625,44.6562
930210,1600,44.6562,44.75,44.5312,44.7188
930211,1600,44.7812,45.125,44.7812,44.9375
930212,1600,44.875,44.875,44.5938,44.5938
930216,1600,44.4688,44.4688,43.4062,43.4688
930217,1600,43.4688,43.5312,43.2812,43.4375
930218,1600,43.9375,43.9375,42.8125,43.4062
930219,1600,43.4062,43.5625,43.3438,43.5625
930222,1600,43.6875,43.7812,43.5625,43.7188
930223,1600,43.8438,43.875,43.4688,43.6875
930224,1600,43.7188,44.25,43.7188,44.25
930225,1600,44.2188,44.375,44.125,44.3438
930226,1600,44.4375,44.4375,44.1875,44.4062
930301,1600,44.5625,44.5625,44.2188,44.2812
930302,1600,44.3125,44.9375,44.25,44.9375
930303,1600,45.0,45.1562,44.9375,45.125
930304,1600,45.1875,45.1875,44.875,44.875
930305,1600,44.9375,45.125,44.7188,44.75
930308,1600,44.8438,45.75,44.8438,45.75
930309,1600,45.6562,45.6875,45.5,45.5938
930310,1600,45.5938,45.6875,45.4062,45.6875
930311,1600,45.7188,45.8438,45.5,45.5625
930312,1600,45.1875,45.2188,44.8125,45.0938
930315,1600,45.0625,45.3125,45.0625,45.3125
930316,1600,45.3125,45.4375,45.3125,45.3125
930317,1600,45.25,45.25,44.9688,45.0312
930318,1600,45.2188,45.5,45.2188,45.3125
930319,1600,45.2812,45.2812,45.0312,45.0312
930322,1600,44.5938,44.875,44.5625,44.7812
930323,1600,44.9062,44.9375,44.8125,44.875
930324,1600,44.8125,45.0625,44.5938,44.875
930325,1600,44.9062,45.25,44.8438,45.1562
930326,1600,45.125,45.1562,44.875,44.9062
930329,1600,44.9375,45.3125,44.9375,45.0938
930330,1600,45.1562,45.2188,45.0938,45.2188
930331,1600,45.3438,45.4688,45.1875,45.1875
930401,1600,45.25,45.25,44.9375,45.0312
930402,1600,44.6562,44.6562,44.0938,44.0938
930405,1600,44.4375,44.4375,44.1875,44.3125
930406,1600,44.4062,44.4062,44.0625,44.1875
930407,1600,44.25,44.3438,44.1562,44.3438
930408,1600,44.5312,44.5312,44.0938,44.2812
930412,1600,44.7188,44.9375,44.6562,44.9062
930413,1600,44.875,45.1562,44.8438,45.0
930414,1600,45.0312,45.0625,44.9062,44.9375
930415,1600,44.9062,45.0312,44.75,44.9375
930416,1600,44.9688,45.0312,44.875,44.9375
930419,1600,44.9375,45.0625,44.7188,44.75
930420,1600,44.6875,44.75,44.25,44.5312
930421,1600,44.625,44.625,44.375,44.5
930422,1600,44.3125,44.6875,43.9375,43.9375
930423,1600,43.8438,43.9688,43.6875,43.75
930426,1600,43.7812,43.9375,43.2812,43.4062
930427,1600,43.3438,43.875,43.3438,43.875
930428,1600,43.8125,43.9062,43.7188,43.7812
930429,1600,43.875,43.9688,43.625,43.9688
930430,1600,44.125,44.2812,44.0312,44.0312
930503,1600,44.0938,44.3125,43.9062,44.3125
930504,1600,44.4062,44.625,44.3438,44.4688
930505,1600,44.4688,44.75,44.4688,44.5938
930506,1600,44.5312,44.5625,44.4062,44.4375
930507,1600,44.4688,44.4688,44.2812,44.3438
930510,1600,44.4062,44.6875,44.4062,44.4375
930511,1600,44.4375,44.625,44.3125,44.625
930512,1600,44.4375,44.5938,44.4375,44.5625
930513,1600,44.375,44.375,44.0,44.0312
930514,1600,44.0312,44.1562,43.9688,44.0
930517,1600,44.125,44.1562,43.9375,44.1562
930518,1600,44.1875,44.2188,43.9688,44.125
930519,1600,44.125,45.0312,43.8438,45.0312
930520,1600,45.0312,45.1562,44.9375,45.1562
930521,1600,45.1875,45.25,44.7188,44.75
930524,1600,44.8438,45.0938,44.8438,44.9375
930525,1600,45.125,45.125,45.0312,45.0312
930526,1600,45.1562,45.625,45.125,45.5938
930527,1600,45.6562,45.6562,45.375,45.4375
930528,1600,45.4062,45.4062,45.0,45.2188
930601,1600,45.375,45.8125,45.3125,45.6562
930602,1600,45.5312,45.75,45.3438,45.5938
930603,1600,45.5,45.5,45.3438,45.4375
930604,1600,45.3125,45.3125,45.0938,45.2812
930607,1600,45.375,45.375,45.125,45.125
930608,1600,45.0,45.0,44.7188,44.7188
930609,1600,44.875,45.0625,44.8125,44.875
930610,1600,44.8438,44.9375,44.75,44.9062
930611,1600,45.0625,45.1562,44.9062,45.0938
930614,1600,45.1562,45.1875,45.0312,45.0312
930615,1600,45.0938,45.125,44.9375,44.9375
930616,1600,44.9375,45.0312,44.8125,45.0312
930617,1600,45.125,45.1875,45.0312,45.1875
930618,1600,44.8438,44.8438,44.5,44.5
930621,1600,44.625,44.625,44.5312,44.5938
930622,1600,44.6562,44.6562,44.5625,44.625
930623,1600,44.625,44.625,44.2188,44.2188
930624,1600,44.3438,44.8125,44.3438,44.8125
930625,1600,44.7812,44.9062,44.75,44.7812
930628,1600,45.0,45.2812,44.9375,45.2812
930629,1600,45.2188,45.2188,45.0,45.0625
930630,1600,45.125,45.2188,45.0,45.0625
930701,1600,45.125,45.125,44.875,44.9375
930702,1600,44.7812,44.8125,44.5312,44.6875
930706,1600,44.625,44.75,44.1562,44.2188
930707,1600,44.1875,44.4062,44.1875,44.3438
930708,1600,44.375,44.9375,44.3125,44.8438
930709,1600,44.8438,44.9688,44.75,44.9688
930712,1600,44.9062,44.9688,44.8438,44.9375
930713,1600,44.9688,45.0938,44.6562,44.9062
930714,1600,44.9375,45.1875,44.9062,45.0625
930715,1600,45.0312,45.0312,44.7812,44.875
930716,1600,44.9062,44.9375,44.6875,44.75
930719,1600,44.75,44.75,44.5938,44.7188
930720,1600,44.6875,44.8438,44.4688,44.8438
930721,1600,44.7812,44.8125,44.6562,44.8125
930722,1600,44.75,44.8125,44.5,44.5
930723,1600,44.5938,44.7188,44.5625,44.7188
930726,1600,44.8438,45.0625,44.8438,44.9688
930727,1600,45.0,45.0312,44.7812,44.9375
930728,1600,44.8438,44.9375,44.7812,44.8438
930729,1600,44.9375,45.2188,44.875,45.0938
930730,1600,45.0938,45.0938,44.7812,44.8438
930802,1600,44.9062,45.125,44.9062,44.9688
930803,1600,45.0625,45.1875,44.8438,45.0
930804,1600,45.0,45.0938,44.875,45.0
930805,1600,45.0,45.0,44.8438,44.9062
930806,1600,45.0312,45.0625,44.9062,44.9688
930809,1600,45.0938,45.3438,45.0,45.2188
930810,1600,45.1875,45.2188,45.125,45.1875
930811,1600,45.1562,45.3125,45.1562,45.1875
930812,1600,45.3125,45.3125,44.9062,45.0625
930813,1600,45.0938,45.1562,45.0938,45.125
930816,1600,45.1562,45.5,45.1562,45.375
930817,1600,45.3438,45.5312,45.3438,45.5312
930818,1600,45.6875,45.875,45.6562,45.7812
930819,1600,45.8125,45.8125,45.7188,45.7812
930820,1600,45.6875,45.8125,45.6562,45.8125
930823,1600,45.625,45.75,45.625,45.7188
930824,1600,45.7188,46.2188,45.7188,46.2188
930825,1600,46.2188,46.4375,46.1562,46.25
930826,1600,46.2812,46.5312,46.0938,46.2812
930827,1600,46.1562,46.25,46.1562,46.25
930830,1600,46.2812,46.5,46.2812,46.4375
930831,1600,46.4062,46.5625,46.3438,46.5625
930901,1600,46.4062,46.5938,46.4062,46.5
930902,1600,46.5312,46.5938,46.3125,46.3438
930903,1600,46.3125,46.4375,46.25,46.375
930907,1600,46.375,46.4375,46.0,46.0625
930908,1600,46.0625,46.0625,45.5938,45.9062
930909,1600,45.7188,46.0312,45.7188,46.0
930910,1600,46.125,46.4375,46.0625,46.4062
930913,1600,46.5625,46.5625,46.4375,46.4375
930914,1600,46.3125,46.3125,46.0938,46.25
930915,1600,46.0625,46.4062,45.9062,46.375
930916,1600,46.3125,46.3438,46.1562,46.1875
930917,1600,45.875,45.9062,45.75,45.8125
930920,1600,45.875,45.9688,45.4375,45.4375
930921,1600,45.5,45.5625,44.8125,45.2812
930922,1600,45.4375,45.7188,45.375,45.6562
930923,1600,45.7812,45.9375,45.7188,45.9062
930924,1600,45.8438,45.875,45.7188,45.7812
930927,1600,46.125,46.2812,46.125,46.2812
930928,1600,46.3125,46.3125,46.1562,46.1875
930929,1600,46.1875,46.3125,45.9688,46.0312
930930,1600,46.0312,46.125,45.8438,45.9375
931001,1600,45.875,46.2188,45.8125,46.1562
931004,1600,46.2188,46.2188,46.0938,46.2188
931005,1600,46.3125,46.3125,46.0,46.1562
931006,1600,46.1875,46.375,46.125,46.125
931007,1600,46.1875,46.1875,45.9688,46.0
931008,1600,46.125,46.1562,45.7188,46.0625
931011,1600,46.1562,46.25,46.1562,46.1562
931012,1600,46.2188,46.25,46.1875,46.2188
931013,1600,46.25,46.25,46.1562,46.2188
931014,1600,46.4062,46.8125,46.2812,46.8125
931015,1600,47.0312,47.1562,46.9062,47.0625
931018,1600,47.0312,47.0312,46.875,46.9375
931019,1600,46.875,46.9688,46.5938,46.5938
931020,1600,46.75,46.75,46.5625,46.6562
931021,1600,46.6875,46.6875,46.5312,46.5938
931022,1600,46.6562,46.8438,46.375,46.375
931025,1600,46.4062,46.5625,46.2812,46.5
931026,1600,46.4688,46.5,46.3125,46.4688
931027,1600,46.4062,46.5312,46.4062,46.5
931028,1600,46.5625,46.9688,46.5625,46.8438
931029,1600,46.8125,46.875,46.7812,46.8438
931101,1600,46.7812,47.0,46.7812,46.9688
931102,1600,46.9062,47.0,46.6562,46.9375
931103,1600,46.9062,46.9062,46.125,46.3438
931104,1600,46.3438,46.3438,45.8125,45.8438
931105,1600,45.7188,46.0625,45.5312,46.0625
931108,1600,46.0938,46.25,45.9688,46.125
931109,1600,46.4375,46.4688,46.125,46.1562
931110,1600,46.1562,46.5,46.0312,46.5
931111,1600,46.5,46.625,46.3438,46.375
931112,1600,46.4688,46.75,46.4375,46.5938
931115,1600,46.6875,46.6875,46.4375,46.5625
931116,1600,46.6562,46.8125,46.4688,46.7812
931117,1600,46.8125,46.8125,46.4062,46.5312
931118,1600,46.4688,46.5625,46.2812,46.4062
931119,1600,46.25,46.375,46.2188,46.3125
931122,1600,46.1875,46.2188,45.875,46.0312
931123,1600,46.2812,46.3125,46.0312,46.2812
931124,1600,46.4062,46.5,46.3438,46.4688
931126,1600,46.5938,46.5938,46.4688,46.5
931129,1600,46.625,46.7188,46.3125,46.3125
931130,1600,46.2812,46.5625,46.25,46.3438
931201,1600,46.5938,46.625,46.4062,46.4062
931202,1600,46.5,46.5625,46.4062,46.5312
931203,1600,46.5,46.7188,46.5,46.7188
931206,1600,46.7812,46.9375,46.7812,46.875
931207,1600,46.875,46.9062,46.7812,46.8438
931208,1600,46.8438,46.8438,46.7812,46.8438
931209,1600,46.8438,46.9062,46.625,46.6875
931210,1600,46.7188,46.7188,46.5,46.5938
931213,1600,46.5938,46.875,46.5312,46.875
931214,1600,46.9062,46.9062,46.5312,46.5312
931215,1600,46.5938,46.625,46.4688,46.4688
931216,1600,46.6562,46.6562,46.5625,46.625
931217,1600,46.4062,46.5938,46.375,46.5625
931220,1600,46.5312,46.6562,46.5,46.625
931221,1600,46.5625,46.5625,46.4062,46.4688
931222,1600,46.5938,46.8125,46.5,46.7812
931223,1600,46.75,46.8438,46.6875,46.75
931227,1600,46.75,47.0,46.75,47.0
931228,1600,46.9688,47.125,46.9375,47.0938
931229,1600,47.125,47.1562,47.0,47.0312
931230,1600,47.0,47.0,46.75,46.8438
931231,1600,46.9375,47.0,46.5625,46.5938
940103,1600,46.5938,46.6562,46.4062,46.4688
940104,1600,46.5312,46.6562,46.4688,46.6562
940105,1600,46.7188,46.7812,46.5312,46.75
940106,1600,46.8125,46.8438,46.6875,46.75
940107,1600,46.8438,47.0625,46.7188,47.0312
940110,1600,47.0938,47.5938,46.9688,47.5938
940111,1600,47.5625,47.5625,47.3438,47.5
940112,1600,47.5312,47.5312,47.1875,47.3438
940113,1600,47.2188,47.3125,47.1562,47.2188
940114,1600,47.375,47.5,47.375,47.4062
940117,1600,47.4062,47.4688,47.3125,47.4062
940118,1600,47.4688,47.5312,47.375,47.4688
940119,1600,47.4062,47.4688,47.25,47.3438
940120,1600,47.4062,47.5,47.375,47.4688
940121,1600,47.5312,47.5312,47.3438,47.375
940124,1600,47.3438,47.5625,47.1875,47.1875
940125,1600,47.2188,47.25,47.0938,47.1875
940126,1600,47.1875,47.3438,47.125,47.3125
940127,1600,47.4062,47.8125,47.3438,47.75
940128,1600,47.9375,48.0312,47.875,47.875
940131,1600,48.0625,48.3125,48.0,48.2188
940201,1600,48.1562,48.1562,47.9062,47.9688
940202,1600,48.125,48.2812,48.0938,48.2812
940203,1600,48.1875,48.1875,47.9062,48.0625
940204,1600,48.0625,48.125,46.9688,46.9688
940207,1600,46.8438,47.3125,46.8438,47.1875
940208,1600,47.2812,47.2812,47.0312,47.2188
940209,1600,47.25,47.4375,47.1875,47.4062
940210,1600,47.375,47.4062,47.0,47.0
940211,1600,47.0312,47.2812,46.8125,47.1562
940214,1600,47.0625,47.375,47.0,47.2188
940215,1600,47.3125,47.5,47.25,47.4688
940216,1600,47.5312,47.5312,47.3438,47.4375
940217,1600,47.6562,47.6875,47.0312,47.1562
940218,1600,47.1875,47.2188,46.75,46.875
940222,1600,47.0,47.3438,47.0,47.3438
940223,1600,47.4062,47.4375,47.0625,47.2188
940224,1600,47.0625,47.0625,46.5625,46.5938
940225,1600,46.6562,46.8125,46.5625,46.8125
940228,1600,46.9375,47.0625,46.8125,46.8125
940301,1600,46.8125,46.9062,46.375,46.625
940302,1600,46.0312,46.6875,45.9062,46.6875
940303,1600,46.625,46.625,46.4375,46.5625
940304,1600,46.5625,46.8125,46.4062,46.6875
940307,1600,46.8438,47.0,46.8438,46.9375
940308,1600,46.9688,46.9688,46.6875,46.75
940309,1600,46.8125,47.0,46.5938,46.9688
940310,1600,46.9375,46.9375,46.4375,46.5938
940311,1600,46.6562,46.9062,46.4062,46.8438
940314,1600,47.0312,47.0312,46.8438,46.9062
940315,1600,47.0,47.0938,46.8438,46.875
940316,1600,46.9375,47.25,46.7812,47.25
940317,1600,47.0938,47.3125,47.0938,47.25
940318,1600,46.75,47.0312,46.7188,46.9688
940321,1600,46.8125,46.9375,46.7188,46.8438
940322,1600,46.8438,47.0625,46.75,46.9688
940323,1600,46.9375,47.0625,46.9062,46.9375
940324,1600,46.75,46.8438,46.1562,46.375
940325,1600,46.4062,46.5312,45.9375,45.9375
940328,1600,46.0,46.0625,45.5938,46.0
940329,1600,46.0,46.0312,45.0938,45.0938
940330,1600,45.125,45.25,44.4688,44.4688
940331,1600,44.4688,44.6875,43.5312,44.5938
940404,1600,43.3438,44.0312,43.3438,43.9062
940405,1600,44.3438,44.8125,44.3438,44.8125
940406,1600,44.875,44.9062,44.5,44.8125
940407,1600,44.7812,45.125,44.5312,45.0312
940408,1600,44.9375,44.9375,44.4688,44.6875
940411,1600,44.8125,45.0625,44.7031,44.875
940412,1600,44.9219,45.0,44.7188,44.8125
940413,1600,44.7969,44.9062,44.25,44.5781
940414,1600,44.5,44.8281,44.4062,44.5938
940415,1600,44.5781,44.7812,44.5156,44.5938
940418,1600,44.6406,44.7656,44.1562,44.2969
940419,1600,44.25,44.5312,43.9844,44.3594
940420,1600,44.4062,44.5156,44.0781,44.3125
940421,1600,44.5,44.9688,44.3438,44.9062
940422,1600,45.0156,45.0469,44.7344,44.8594
940425,1600,44.8438,45.3594,44.8438,45.3281
940426,1600,45.2656,45.3438,45.1875,45.2812
940428,1600,45.1875,45.25,44.8125,44.9531
940429,1600,44.875,45.1562,44.8125,45.0938
940502,1600,45.0938,45.7188,44.9375,45.375
940503,1600,45.3906,45.4062,45.0625,45.3281
940504,1600,45.4219,45.4219,45.0781,45.25
940505,1600,45.2969,45.375,45.1875,45.1875
940506,1600,44.9688,44.9688,44.5938,44.75
940509,1600,44.625,44.75,44.2812,44.3594
940510,1600,44.5781,44.8438,44.5469,44.7031
940511,1600,44.6562,44.7188,44.1719,44.2969
940512,1600,44.5781,44.625,44.4062,44.5156
940513,1600,44.6406,44.6406,44.2969,44.5156
940516,1600,44.6094,44.75,44.5156,44.5312
940517,1600,44.5625,45.1875,44.5,45.1875
940518,1600,45.2188,45.6875,45.0156,45.5156
940519,1600,45.4219,45.8594,45.4219,45.7344
940520,1600,45.6562,45.6875,45.5,45.5625
940523,1600,45.5156,45.5312,45.3438,45.4844
940524,1600,45.6094,45.8438,45.6094,45.6719
940525,1600,45.5,45.8281,45.3438,45.7969
940526,1600,45.7812,45.9375,45.7344,45.8281
940527,1600,45.75,45.875,45.6719,45.875
940531,1600,45.7344,45.9062,45.6562,45.8125
940601,1600,45.7031,46.0156,45.5625,46.0156
940602,1600,46.0469,46.0469,45.8906,45.9688
940603,1600,46.0,46.3906,45.8594,46.2344
940606,1600,46.3281,46.4688,46.1875,46.2188
940607,1600,46.1406,46.2188,46.0312,46.1562
940608,1600,46.2656,46.2656,45.7812,45.7812
940609,1600,45.9844,46.0312,45.8906,46.0312
940610,1600,46.0781,46.2031,46.0781,46.1094
940613,1600,46.0469,46.1875,46.0312,46.1719
940614,1600,46.3125,46.5469,46.3125,46.5312
940615,1600,46.5469,46.5625,46.3125,46.3438
940616,1600,46.3438,46.4688,46.2969,46.4375
940617,1600,46.1562,46.2031,45.8125,45.875
940620,1600,45.5469,45.625,45.4375,45.4844
940621,1600,45.4531,45.4531,44.9062,45.0938
940622,1600,45.2188,45.4219,45.1719,45.2656
940623,1600,45.3438,45.4062,44.9375,45.0
940624,1600,44.7812,44.7812,44.0,44.0625
940627,1600,44.2344,44.8281,44.0156,44.8281
940628,1600,44.8438,44.8438,44.25,44.6094
940629,1600,44.6719,45.0156,44.625,44.75
940630,1600,44.8281,44.8438,44.3125,44.4688
940701,1600,44.6875,44.6875,44.375,44.5625
940705,1600,44.6562,44.8594,44.5156,44.7969
940706,1600,44.625,44.8125,44.4688,44.7344
940707,1600,44.7344,44.9219,44.6875,44.9219
940708,1600,44.6406,44.9844,44.625,44.9062
940711,1600,44.9375,45.0156,44.5312,44.75
940712,1600,44.7656,44.8281,44.5156,44.8125
940713,1600,44.8281,45.0312,44.8281,44.8906
940714,1600,45.1094,45.4688,45.0781,45.375
940715,1600,45.3438,45.4844,45.3281,45.3906
940718,1600,45.3906,45.5781,45.3906,45.4688
940719,1600,45.5469,45.5625,45.375,45.375
940720,1600,45.4062,45.4062,45.0625,45.1719
940721,1600,45.1719,45.2969,45.0781,45.2656
940722,1600,45.375,45.4062,45.25,45.3438
940725,1600,45.3594,45.4531,45.3125,45.4062
940726,1600,45.3906,45.4219,45.3125,45.3594
940727,1600,45.3594,45.3594,45.1719,45.3594
940728,1600,45.3594,45.5781,45.3594,45.4531
940729,1600,45.7656,46.0469,45.75,45.9062
940801,1600,45.9375,46.1562,45.8906,46.125
940802,1600,46.2812,46.375,46.0312,46.1875
940803,1600,46.1719,46.2344,46.0938,46.2031
940804,1600,46.1719,46.2188,45.9219,45.9375
940805,1600,45.7031,45.8438,45.6562,45.7812
940808,1600,45.8281,45.9375,45.7812,45.8906
940809,1600,45.7188,45.9688,45.7188,45.9688
940810,1600,46.0,46.1875,45.9375,46.1406
940811,1600,46.0312,46.2344,45.7344,45.9688
940812,1600,46.0469,46.3438,46.0469,46.3281
940815,1600,46.375,46.4844,46.3125,46.3125
940816,1600,46.3438,46.6875,46.1562,46.6406
940817,1600,46.7031,46.7344,46.5781,46.6094
940818,1600,46.4531,46.5625,46.4062,46.4531
940819,1600,46.4688,46.5156,46.3125,46.4219
940822,1600,46.4375,46.4375,46.2812,46.375
940823,1600,46.5781,46.8594,46.5156,46.6406
940824,1600,46.6875,47.1406,46.6719,47.1406
940825,1600,47.0938,47.2031,46.8906,47.0156
940826,1600,47.125,47.7812,47.125,47.6875
940829,1600,47.8125,47.9844,47.6406,47.6562
940830,1600,47.6406,47.8594,47.5781,47.7812
940831,1600,47.7031,47.8906,47.5938,47.6562
940901,1600,47.5,47.5312,47.3281,47.5
940902,1600,47.7188,47.7188,47.2188,47.2969
940906,1600,47.2656,47.3594,47.125,47.3125
940907,1600,47.4219,47.4219,47.2188,47.2656
940908,1600,47.3594,47.5625,47.3438,47.5
940909,1600,47.0312,47.125,46.8125,47.0
940912,1600,47.0,47.0625,46.7812,46.8594
940913,1600,46.9531,47.125,46.8594,47.0
940914,1600,46.8438,47.1094,46.8438,47.0469
940915,1600,47.1719,47.6406,47.1719,47.6406
940916,1600,47.0,47.1406,46.8438,47.0156
940919,1600,47.125,47.3281,47.0156,47.0625
940920,1600,46.8125,46.8594,46.1719,46.1719
940921,1600,46.3125,46.3125,45.7344,46.1719
940922,1600,46.2812,46.2812,46.0156,46.0625
940923,1600,46.0781,46.1719,45.8281,45.9062
940926,1600,46.0781,46.1719,45.9844,46.1406
940927,1600,46.1406,46.2656,46.0,46.1094
940928,1600,46.3594,46.5312,46.3281,46.4688
940929,1600,46.4688,46.4688,46.0938,46.2344
940930,1600,46.2188,46.4375,46.1719,46.1719
941003,1600,46.2031,46.25,45.9844,46.0625
941004,1600,46.2969,46.2969,45.3438,45.375
941005,1600,45.2969,45.3906,45.0,45.3906
941006,1600,45.4219,45.4531,45.1719,45.25
941007,1600,45.25,45.5781,45.2031,45.4531
941010,1600,45.6562,46.0156,45.6406,45.9375
941011,1600,46.1406,46.75,46.1406,46.625
941012,1600,46.6875,46.75,46.5781,46.6875
941013,1600,47.2188,47.3281,46.7969,46.8438
941014,1600,47.0,47.0625,46.6875,47.0469
941017,1600,47.0,47.0625,46.9062,46.9531
941018,1600,46.9062,46.9062,46.6875,46.8438
941019,1600,46.6719,47.2344,46.6562,47.0625
941020,1600,47.0625,47.0625,46.6094,46.75
941021,1600,46.625,46.6875,46.3594,46.5625
941024,1600,46.5781,46.7656,46.1562,46.1719
941025,1600,46.0156,46.3125,46.0,46.2188
941026,1600,46.3906,46.4375,46.1719,46.3906
941027,1600,46.5625,46.6719,46.4531,46.6719
941028,1600,46.7656,47.7031,46.7656,47.6562
941031,1600,47.5469,47.5938,47.4688,47.4844
941101,1600,47.2812,47.2812,46.9375,46.9531
941102,1600,46.8125,47.2344,46.6875,46.6875
941103,1600,46.8438,47.0156,46.7812,46.9375
941104,1600,47.1562,47.1562,46.3281,46.3281
941107,1600,46.4375,46.5938,46.3125,46.4688
941108,1600,46.625,46.9844,46.5469,46.8281
941109,1600,47.3281,47.3281,46.5,46.9062
941110,1600,46.9375,47.0312,46.5469,46.5781
941111,1600,46.5156,46.5625,46.2812,46.4062
941114,1600,46.6094,46.8594,46.6094,46.8438
941115,1600,46.7969,47.0938,46.3281,46.6875
941116,1600,46.7656,46.8438,46.6094,46.8438
941117,1600,46.875,46.875,46.3438,46.5312
941118,1600,46.5469,46.625,46.2656,46.4688
941121,1600,46.4375,46.5781,46.0,46.0
941122,1600,45.8281,46.0,45.0,45.0
941123,1600,45.0312,45.2656,44.6094,45.25
941125,1600,45.2812,45.5312,45.2812,45.4688
941128,1600,45.4531,45.6875,45.3438,45.6719
941129,1600,45.6562,45.75,45.5,45.6562
941130,1600,45.8906,45.9531,45.5938,45.5938
941201,1600,45.6406,45.6406,45.0469,45.1406
941202,1600,45.0469,45.5625,45.0469,45.5625
941205,1600,45.6562,45.8125,45.5,45.6094
941206,1600,45.4375,45.6562,45.3594,45.6406
941207,1600,45.3594,45.5,45.2656,45.3125
941208,1600,45.5,45.5625,44.75,44.875
941209,1600,44.875,45.0781,44.6875,45.0469
941212,1600,44.9531,45.3438,44.9531,45.3438
941213,1600,45.3125,45.5312,45.3125,45.5156
941214,1600,45.4531,45.9531,45.4531,45.75
941215,1600,45.8125,46.0312,45.8125,45.8906
941216,1600,45.6719,45.8438,45.625,45.75
941219,1600,45.75,45.8438,45.6094,45.8125
941220,1600,45.8594,45.8906,45.6719,45.6719
941221,1600,45.7031,46.2656,45.7031,46.1562
941222,1600,46.1562,46.2031,45.9688,46.0156
941223,1600,45.9844,46.1719,45.9844,46.0625
941227,1600,46.2188,46.4062,46.1875,46.3125
941228,1600,46.3594,46.3594,45.9688,46.0781
941229,1600,46.25,46.25,46.0625,46.1094
941230,1600,46.2031,46.25,45.5625,45.5625
950103,1600,45.7031,45.8438,45.6875,45.7812
950104,1600,45.9844,46.0,45.75,46.0
950105,1600,46.0312,46.1094,45.9531,46.0
950106,1600,46.0938,46.25,45.9062,46.0469
950109,1600,46.0312,46.0938,46.0,46.0938
950110,1600,46.2031,46.3906,46.1406,46.1406
950111,1600,46.2969,46.2969,45.8125,46.1719
950112,1600,46.125,46.2188,46.0312,46.1875
950113,1600,46.4375,46.7344,46.375,46.7344
950116,1600,46.7188,47.0312,46.7188,47.0156
950117,1600,46.9219,47.0625,46.8594,47.0312
950118,1600,47.0,47.0781,46.875,46.9844
950119,1600,46.8281,46.875,46.6875,46.7188
950120,1600,46.6562,46.6719,46.4531,46.5469
950123,1600,46.2344,46.6875,46.2031,46.6875
950124,1600,46.6719,46.75,46.6406,46.75
950125,1600,46.5156,47.0469,46.5156,46.875
950126,1600,46.8438,46.9844,46.75,46.9219
950127,1600,47.2344,47.2344,46.9219,47.1094
950130,1600,47.0156,47.0469,46.8438,46.9062
950131,1600,47.0,47.1719,46.9219,47.0938
950201,1600,47.1562,47.3281,47.0,47.0781
950202,1600,47.0625,47.3594,47.0625,47.3594
950203,1600,47.6562,48.1094,47.5781,48.0312
950206,1600,48.0156,48.375,47.9688,48.2344
950207,1600,48.3125,48.3125,48.1406,48.2969
950208,1600,48.2344,48.4688,48.2031,48.2969
950209,1600,48.2188,48.2969,48.125,48.2969
950210,1600,48.2344,48.3594,48.0938,48.3594
950213,1600,48.3281,48.4688,48.3281,48.375
950214,1600,48.5312,48.5312,48.25,48.4375
950215,1600,48.4375,48.7656,48.3906,48.7031
950216,1600,48.6406,48.6875,48.5,48.6406
950217,1600,48.5938,48.625,48.4375,48.4531
950221,1600,48.4531,48.5312,48.4219,48.4375
950222,1600,48.4844,48.7969,48.4531,48.7969
950223,1600,48.9844,49.1562,48.8594,48.875
950224,1600,48.9375,49.0156,48.8125,49.0
950227,1600,48.8594,49.0,48.5312,48.6094
950228,1600,48.5625,49.0156,48.5625,49.0156
950301,1600,48.9688,49.0312,48.6562,48.7031
950302,1600,48.6875,48.7656,48.5469,48.7656
950303,1600,48.6094,48.7812,48.4844,48.7812
950306,1600,48.4531,48.8125,48.3906,48.8125
950307,1600,48.6406,48.75,48.2188,48.4375
950308,1600,48.5156,48.625,48.3438,48.5625
950309,1600,48.5469,48.5938,48.4219,48.5469
950310,1600,48.5938,49.3906,48.5312,49.2656
950313,1600,49.2344,49.3906,49.1719,49.2188
950314,1600,49.3594,49.6406,49.3594,49.5781
950315,1600,49.5,49.5781,49.2969,49.4844
950316,1600,49.4375,49.8125,49.4375,49.7812
950317,1600,49.4375,49.625,49.4062,49.5625
950320,1600,49.625,49.625,49.4688,49.5625
950321,1600,49.5625,49.875,49.3594,49.4375
950322,1600,49.5312,49.5312,49.3281,49.4844
950323,1600,49.4219,49.6562,49.3594,49.5156
950324,1600,49.6719,50.2188,49.6719,50.2188
950327,1600,50.2969,50.4219,50.1719,50.4219
950328,1600,50.2969,50.4219,50.2344,50.4219
950329,1600,50.375,50.8906,50.125,50.4062
950330,1600,50.5156,50.5156,50.1094,50.3125
950331,1600,49.9219,50.1719,49.5469,50.1094
950403,1600,50.0938,50.2344,50.0625,50.2344
950404,1600,50.25,50.5625,50.25,50.5625
950405,1600,50.4531,50.6094,50.4219,50.5625
950406,1600,50.6875,50.7969,50.5938,50.75
950407,1600,50.8594,50.8594,50.4688,50.7031
950410,1600,50.625,50.7969,50.5938,50.7969
950411,1600,50.9219,50.9375,50.5938,50.625
950412,1600,50.7031,50.7969,50.6094,50.7969
950413,1600,50.8906,51.0938,50.8594,51.0781
950417,1600,51.2656,51.3125,50.625,50.7812
950418,1600,50.8281,50.8281,50.4844,50.6094
950419,1600,50.6094,50.7188,50.2969,50.5625
950420,1600,50.7031,50.7812,50.4375,50.6406
950421,1600,50.6562,50.9062,50.6562,50.8906
950424,1600,50.8594,51.4844,50.8594,51.4844
950425,1600,51.4062,51.4844,51.3125,51.3438
950426,1600,51.25,51.4219,51.125,51.3906
950427,1600,51.3125,51.5469,51.2812,51.5156
950428,1600,51.5,51.6719,51.1719,51.5938
950501,1600,51.5469,51.6562,51.4531,51.4531
950502,1600,51.5,51.6406,51.3906,51.5625
950503,1600,51.7344,52.2812,51.7344,52.2812
950504,1600,52.3438,52.6875,52.125,52.25
950505,1600,52.4688,52.4688,52.0781,52.1875
950508,1600,52.1406,52.7344,52.0938,52.5625
950509,1600,52.7812,52.8438,52.4375,52.5156
950510,1600,52.6562,52.6719,52.3281,52.5781
950511,1600,52.6562,52.7188,52.4844,52.7188
950512,1600,52.5156,52.875,52.5,52.75
950515,1600,52.8906,53.0,52.7812,53.0
950516,1600,52.9844,53.1562,52.8906,53.0312
950517,1600,53.0312,53.0469,52.7812,52.8281
950518,1600,52.7344,52.7656,52.0625,52.0625
950519,1600,51.9844,52.1875,51.9062,52.0938
950522,1600,52.2656,52.75,52.2344,52.6719
950523,1600,52.7656,53.1562,52.6094,53.1562
950524,1600,53.25,53.4219,52.7969,53.125
950525,1600,52.9688,53.2188,52.7188,53.1719
950526,1600,52.9688,52.9844,52.3594,52.5625
950530,1600,52.6875,52.8281,52.375,52.5469
950531,1600,52.4531,53.6406,52.4531,53.6406
950601,1600,53.4062,53.9062,53.25,53.5
950602,1600,53.2812,53.9219,53.0938,53.5469
950605,1600,53.5469,54.0469,53.5,53.875
950606,1600,53.8281,54.0156,53.7812,53.7812
950607,1600,53.6719,53.7031,53.4375,53.5
950608,1600,53.4844,53.6406,53.375,53.375
950609,1600,53.2656,53.3281,52.75,53.0625
950612,1600,53.2344,53.5781,53.2031,53.3594
950613,1600,53.6094,53.9688,53.5625,53.9375
950614,1600,53.8594,53.9531,53.6875,53.8906
950615,1600,53.9688,54.2344,53.875,54.125
950616,1600,53.7031,53.9688,53.7031,53.9688
950619,1600,54.125,54.6094,54.0938,54.5781
950620,1600,54.4219,54.6094,54.3906,54.4375
950621,1600,54.6094,54.6562,54.4062,54.4062
950622,1600,54.6406,55.1562,54.6406,55.125
950623,1600,55.0,55.0312,54.8438,55.0156
950626,1600,54.8594,54.9531,54.3594,54.3594
950627,1600,54.3438,54.7031,54.2188,54.25
950628,1600,54.25,54.75,54.0781,54.5312
950629,1600,54.5312,54.6719,54.0625,54.4375
950630,1600,54.5469,54.7344,54.2969,54.4062
950703,1600,54.4688,54.6094,54.4688,54.6094
950705,1600,54.7656,55.0625,54.6406,54.8125
950706,1600,54.8281,55.5156,54.7188,55.5156
950707,1600,55.4062,55.7812,55.375,55.7656
950710,1600,55.8125,55.9531,55.7031,55.7969
950711,1600,55.75,55.7969,55.4531,55.5312
950712,1600,55.6406,56.3125,55.5312,56.2188
950713,1600,56.1406,56.2656,56.0312,56.0938
950714,1600,55.7969,56.0938,55.75,56.0469
950717,1600,56.125,56.4219,56.0781,56.3594
950718,1600,56.2656,56.2656,55.8281,55.875
950719,1600,55.6562,55.7188,54.2031,55.2656
950720,1600,55.3281,55.5781,55.0312,55.4688
950721,1600,55.4219,55.625,55.1875,55.4062
950724,1600,55.4844,55.875,55.4844,55.8125
950725,1600,55.875,56.3125,55.7031,56.2344
950726,1600,56.2031,56.4688,56.1719,56.1875
950727,1600,56.4531,56.7031,56.4531,56.6562
950728,1600,56.7031,56.7031,56.25,56.2969
950731,1600,56.3438,56.3906,56.0312,56.1562
950801,1600,56.2344,56.2344,55.75,56.0625
950802,1600,56.3906,56.7969,55.8438,55.9375
950803,1600,55.5469,55.9531,55.4531,55.9219
950804,1600,56.0312,56.0781,55.9219,55.9844
950807,1600,56.1094,56.2812,56.0781,56.1094
950808,1600,56.1406,56.3125,55.9375,56.1094
950809,1600,56.2969,56.2969,56.0469,56.0938
950810,1600,56.1562,56.2812,55.7344,55.9688
950811,1600,55.9219,55.9844,55.4219,55.6562
950814,1600,55.7969,56.1562,55.6719,56.1562
950815,1600,56.1406,56.1406,55.6562,56.0469
950816,1600,56.0,56.2031,55.9375,56.2031
950817,1600,56.2344,56.2344,55.9062,56.1094
950818,1600,56.3906,56.4062,56.125,56.1719
950821,1600,56.4062,56.6406,56.0,56.0156
950822,1600,56.0938,56.2188,55.8125,56.125
950823,1600,56.1719,56.2031,55.9219,55.9219
950824,1600,55.9375,56.0938,55.75,55.9844
950825,1600,56.0781,56.3906,56.0781,56.2969
950828,1600,56.4531,56.4531,56.0,56.0938
950829,1600,56.1562,56.25,55.7656,56.2344
950830,1600,56.2812,56.4219,56.2188,56.3594
950831,1600,56.3438,56.5,56.2969,56.4062
950901,1600,56.3906,56.75,56.3438,56.6562
950905,1600,56.8281,57.2188,56.7344,57.1875
950906,1600,57.2344,57.3594,57.2188,57.2969
950907,1600,57.3594,57.3906,57.25,57.3281
950908,1600,57.5469,57.5469,57.1719,57.5469
950911,1600,57.6406,57.8125,57.6406,57.7031
950912,1600,57.7188,57.9688,57.5781,57.9688
950913,1600,57.9062,58.3125,57.8906,58.2344
950914,1600,58.4375,58.8125,58.2812,58.7656
950915,1600,58.4062,58.5781,58.2031,58.4375
950918,1600,58.2344,58.2656,57.9375,58.2188
950919,1600,58.3281,58.5312,58.125,58.5
950920,1600,58.5938,58.7812,58.5469,58.7812
950921,1600,58.7031,58.75,58.0625,58.2969
950922,1600,57.8281,58.375,57.7812,58.3125
950925,1600,58.375,58.375,58.0156,58.2188
950926,1600,58.3906,58.5312,58.0625,58.2031
950927,1600,57.9531,58.1875,57.5938,58.1562
950928,1600,58.2031,58.5938,58.1562,58.5938
950929,1600,58.5469,58.9062,58.4062,58.4844
951002,1600,58.4844,58.625,58.0469,58.1875
951003,1600,58.1875,58.3438,57.9531,58.25
951004,1600,58.2812,58.2812,58.1094,58.1875
951005,1600,58.25,58.3594,58.0938,58.3594
951006,1600,58.3906,58.5781,58.3906,58.4062
951009,1600,58.1875,58.2188,57.8125,57.9219
951010,1600,57.3281,57.8906,57.2656,57.8906
951011,1600,58.0938,58.0938,57.875,58.0781
951012,1600,58.125,58.4688,58.125,58.4375
951013,1600,58.7031,58.8594,58.625,58.625
951016,1600,58.4531,58.5625,58.3438,58.3438
951017,1600,58.4062,58.7969,58.2969,58.7344
951018,1600,59.0156,59.0938,58.7188,58.9062
951019,1600,58.875,59.1875,58.7969,59.1875
951020,1600,59.1406,59.1875,58.8281,58.8281
951023,1600,58.5469,58.8125,58.5469,58.7031
951024,1600,58.7812,58.8438,58.625,58.7656
951025,1600,58.8125,58.8906,58.2812,58.2812
951026,1600,58.375,58.4219,57.2812,57.75
951027,1600,57.6875,58.1875,57.4219,58.1875
951030,1600,58.3281,58.5938,58.3281,58.5625
951031,1600,58.7188,58.8438,58.3125,58.3125
951101,1600,58.2812,58.7812,58.2344,58.7812
951102,1600,58.6875,59.1562,58.6875,59.1562
951103,1600,59.2344,59.25,59.0625,59.2344
951106,1600,59.2188,59.2188,59.0156,59.0312
951107,1600,59.0,59.0,58.625,58.8125
951108,1600,58.8906,59.375,58.8906,59.3438
951109,1600,59.5781,59.5781,59.2812,59.5625
951110,1600,59.2344,59.6094,59.2188,59.5312
951113,1600,59.4219,59.6562,59.3125,59.4688
951114,1600,59.3594,59.4844,59.0781,59.0781
951115,1600,59.1406,59.6875,59.1094,59.6719
951116,1600,59.6719,60.0625,59.6562,60.0
951117,1600,60.0938,60.2031,60.0156,60.1875
951120,1600,60.2812,60.2969,59.8594,59.875
951121,1600,59.9375,60.3594,59.9219,60.3594
951122,1600,60.3125,60.375,60.1719,60.1719
951124,1600,60.2344,60.3281,60.1875,60.3281
951127,1600,60.4531,60.6406,60.3438,60.3438
951128,1600,60.2969,60.9844,60.1562,60.9844
951129,1600,61.0938,61.0938,60.8438,61.0469
951130,1600,61.0469,61.2031,60.8438,60.9062
951201,1600,60.9844,61.0781,60.8438,60.9844
951204,1600,61.125,61.7344,61.0469,61.7344
951205,1600,61.6719,62.2031,61.625,62.1406
951206,1600,62.2969,62.5312,62.0,62.2812
951207,1600,62.2031,62.2812,61.9062,61.9531
951208,1600,62.2188,62.2344,61.7656,62.1562
951211,1600,62.2812,62.5469,62.1562,62.4219
951212,1600,62.1406,62.3594,62.1406,62.2344
951213,1600,62.3125,62.7031,62.3125,62.625
951214,1600,62.6875,62.7969,62.0156,62.1719
951215,1600,61.875,61.875,61.5938,61.8125
951218,1600,61.2656,61.2656,60.6094,60.625
951219,1600,60.6562,61.3438,60.5781,61.2656
951220,1600,61.4531,61.5156,60.6719,60.6719
951221,1600,61.0312,61.1719,60.75,60.9844
951222,1600,61.3125,61.375,61.1406,61.2031
951226,1600,61.4531,61.5312,61.3281,61.5
951227,1600,61.6562,61.6562,61.3594,61.4688
951228,1600,61.3438,61.6562,61.25,61.4062
951229,1600,61.4688,61.5312,61.25,61.4844
960102,1600,61.4062,62.1406,61.3438,62.1406
960103,1600,62.3438,62.5,62.0,62.3125
960104,1600,62.3906,62.625,61.2188,61.7188
960105,1600,61.3125,61.75,61.1719,61.5938
960108,1600,61.8125,61.9062,61.7344,61.8281
960109,1600,62.0156,62.0625,60.625,60.7656
960110,1600,60.6875,60.8125,59.6406,59.9688
960111,1600,60.0625,60.3281,59.7812,60.3281
960112,1600,60.4844,60.5,59.6719,60.2344
960115,1600,60.25,60.4531,59.8594,60.1094
960116,1600,60.4062,60.8906,59.8906,60.8438
960117,1600,60.7031,61.125,60.4531,60.6562
960118,1600,60.8906,60.9062,60.375,60.8594
960119,1600,60.8594,61.4219,60.7969,61.2656
960122,1600,61.2188,61.4219,61.1094,61.2812
960123,1600,61.25,61.4219,61.125,61.4219
960124,1600,61.5156,62.0469,61.4844,61.9219
960125,1600,61.9688,62.0,61.625,61.7031
960126,1600,61.6562,62.2656,61.5781,62.2344
960129,1600,62.1875,62.4844,62.1406,62.4844
960130,1600,62.6094,63.1406,62.5312,63.0156
960131,1600,63.0,63.6875,62.9688,63.6719
960201,1600,63.6094,63.9062,63.5625,63.9062
960202,1600,63.875,64.0156,63.5,63.6406
960205,1600,63.5312,64.25,63.4375,64.1562
960206,1600,64.1875,64.8281,64.0938,64.7656
960207,1600,64.75,65.1406,64.6875,65.1406
960208,1600,65.0469,65.9062,64.9219,65.8438
960209,1600,65.8125,66.375,65.5156,65.8281
960212,1600,65.9531,66.625,65.8906,66.3281
960213,1600,66.0469,66.6875,66.0,66.1875
960214,1600,66.1406,66.3594,65.5781,65.6094
960215,1600,65.4688,65.9062,65.125,65.2031
960216,1600,65.0781,65.2344,64.7344,64.9375
960220,1600,64.4375,64.625,63.875,64.2969
960221,1600,64.4219,65.1406,64.4219,65.0938
960222,1600,65.4531,66.3281,65.4062,66.125
960223,1600,66.5,66.6094,65.3281,65.9375
960226,1600,65.75,65.8906,64.9688,65.0
960227,1600,65.1562,65.1719,64.5,64.7969
960228,1600,65.3125,65.7344,64.5,64.5
960229,1600,64.125,64.9531,63.875,63.875
960301,1600,64.6406,64.8906,63.6094,64.8906
960304,1600,65.0312,65.6562,64.8125,65.2656
960305,1600,65.1094,65.875,65.0781,65.875
960306,1600,65.7812,65.9688,65.2969,65.2969
960307,1600,65.4219,65.6562,65.2344,65.625
960308,1600,64.1875,64.875,62.0,63.5
960311,1600,63.25,64.3281,63.0625,64.2344
960312,1600,63.8125,64.0469,62.9062,63.7344
960313,1600,64.1562,64.4375,63.7969,64.1719
960314,1600,64.2656,64.8125,64.2344,64.4531
960315,1600,64.0625,64.3281,63.75,64.125
960318,1600,64.7188,65.3594,64.5781,65.3594
960319,1600,65.9375,65.9375,65.0,65.2188
960320,1600,65.5312,65.5312,64.6406,65.1406
960321,1600,65.2188,65.25,64.7656,64.9844
960322,1600,65.0156,65.3281,64.9375,65.1562
960325,1600,65.75,65.8125,64.8594,65.0312
960326,1600,64.9219,65.5156,64.8594,65.3438
960327,1600,65.4375,65.4844,64.6875,64.75
960328,1600,64.5156,65.0312,64.5,65.0
960329,1600,65.1875,65.1875,64.375,64.6875
960401,1600,65.0,65.4531,64.7969,65.4375
960402,1600,65.5156,65.5625,65.2969,65.5625
960403,1600,65.3281,65.6094,65.1719,65.5625
960404,1600,65.5625,65.7188,65.5,65.5156
960408,1600,63.875,64.3906,63.5938,64.3906
960409,1600,64.6406,64.6406,64.0156,64.1406
960410,1600,64.0312,64.3125,62.75,63.0
960411,1600,63.1562,63.4688,62.125,62.9219
960412,1600,63.3594,63.8125,63.1719,63.7188
960415,1600,64.0469,64.3281,63.8438,64.25
960416,1600,64.375,64.6562,64.2344,64.4375
960417,1600,64.375,64.5625,63.8438,64.2812
960418,1600,64.4375,64.5781,64.0938,64.375
960419,1600,64.6875,64.8594,64.4219,64.5312
960422,1600,65.125,65.2812,64.5938,65.0312
960423,1600,64.9219,65.2812,64.7812,65.2344
960424,1600,65.5625,65.5625,64.8594,65.0
960425,1600,65.1406,65.5625,64.75,65.2969
960426,1600,65.4688,65.8125,65.2344,65.4375
960429,1600,65.1562,65.5625,65.1562,65.4375
960430,1600,65.4375,65.5625,65.125,65.3906
960501,1600,65.375,65.7969,65.2812,65.5312
960502,1600,65.0156,65.375,64.0938,64.4062
960503,1600,64.7812,64.9844,63.75,64.3125
960506,1600,64.5625,64.5625,63.6875,64.25
960507,1600,64.25,64.25,63.7656,63.9844
960508,1600,63.6719,64.7812,63.0781,64.7812
960509,1600,64.5625,65.0625,64.5,64.7344
960510,1600,65.375,65.5938,65.0625,65.375
960513,1600,65.5312,66.6406,65.4688,66.3594
960514,1600,66.625,66.9375,66.5625,66.7656
960515,1600,66.7812,67.3125,66.6406,66.6875
960516,1600,66.3125,66.9375,66.2812,66.8281
960517,1600,67.0,67.2969,67.0,67.1875
960520,1600,67.6562,67.75,66.9844,67.6406
960521,1600,67.75,67.875,67.5,67.5469
960522,1600,67.625,68.1875,67.3906,68.1875
960523,1600,68.2812,68.4375,67.5312,67.9062
960524,1600,67.9688,68.3281,67.9375,68.1719
960528,1600,68.375,68.375,67.3125,67.4844
960529,1600,67.625,67.6875,66.8125,67.0312
960530,1600,66.9375,67.7188,66.75,67.375
960531,1600,67.3594,67.6406,66.875,66.875
960603,1600,66.8906,67.1094,66.7031,67.0625
960604,1600,67.375,67.5938,67.25,67.5312
960605,1600,67.5625,68.2031,67.4219,68.125
960606,1600,68.5,68.5,67.5,67.625
960607,1600,66.1875,67.6406,66.1875,67.625
960610,1600,67.5312,67.7344,67.2969,67.4062
960611,1600,67.6562,68.0312,67.3438,67.3438
960612,1600,67.5625,67.7344,67.1094,67.2188
960613,1600,67.375,67.4688,66.8281,67.2188
960614,1600,67.25,67.25,66.7188,66.9375
960617,1600,66.9688,67.2188,66.7188,66.8906
960618,1600,66.8438,67.0312,66.3281,66.3438
960619,1600,66.6562,67.0,66.4219,66.6406
960620,1600,66.7031,66.9219,66.1875,66.5938
960621,1600,66.5625,66.8125,66.375,66.8125
960624,1600,66.9688,67.2188,66.8438,66.9375
960625,1600,67.125,67.1719,66.7812,66.8594
960626,1600,66.7812,66.9219,66.3906,66.4062
960627,1600,66.4062,67.0469,66.1562,66.875
960628,1600,67.1562,67.5,66.9688,67.1094
960701,1600,67.2812,67.7031,67.1875,67.6875
960702,1600,67.625,67.6406,67.3281,67.4375
960703,1600,67.4062,67.5,67.0625,67.2969
960705,1600,66.125,66.4375,65.375,65.5781
960708,1600,65.625,65.9844,65.125,65.3125
960709,1600,65.6094,65.8125,65.375,65.5781
960710,1600,65.5625,65.8438,64.9219,65.8438
960711,1600,65.5625,65.6875,63.875,64.5156
960712,1600,64.625,64.9062,64.0781,64.5625
960715,1600,64.7188,64.7188,62.6562,62.6562
960716,1600,62.8438,63.5,60.375,62.8125
960717,1600,63.75,64.0,63.0,63.5625
960718,1600,63.75,64.5469,63.3281,64.4375
960719,1600,64.2812,64.375,63.625,63.9688
960722,1600,63.5312,63.75,63.0156,63.5
960723,1600,63.5938,63.9375,62.5781,62.6875
960724,1600,61.9375,63.1875,61.625,62.8125
960725,1600,63.4375,63.5625,63.125,63.375
960726,1600,63.5625,63.8125,63.3906,63.7188
960729,1600,63.625,63.7188,62.9375,63.0156
960730,1600,63.4375,63.6875,62.9375,63.625
960731,1600,63.6719,64.2656,63.5156,64.0938
960801,1600,64.1562,65.3906,64.0625,65.1562
960802,1600,66.0,66.5938,65.75,66.5625
960805,1600,66.5781,66.5938,65.9688,66.1719
960806,1600,66.1562,66.5156,65.7969,66.375
960807,1600,66.625,66.75,66.125,66.5469
960808,1600,66.5625,66.5625,66.1875,66.4375
960809,1600,66.6719,66.7656,66.0625,66.2188
960812,1600,66.25,66.8594,66.0,66.7031
960813,1600,66.5781,66.625,66.0,66.1719
960814,1600,66.1875,66.4688,66.0,66.4062
960815,1600,66.2344,66.625,66.2031,66.2812
960816,1600,66.4688,66.875,66.4688,66.8438
960819,1600,66.8594,66.9219,66.625,66.875
960820,1600,66.8906,66.9062,66.6719,66.8281
960821,1600,66.6562,66.8125,66.375,66.5938
960822,1600,66.75,67.3438,66.7188,67.2188
960823,1600,67.0938,67.2031,66.6406,66.8594
960826,1600,66.7031,66.7812,66.4219,66.5312
960827,1600,66.7188,66.8438,66.5,66.7812
960828,1600,66.9375,67.0,66.6562,66.6719
960829,1600,66.5938,66.5938,65.625,66.0156
960830,1600,66.0,66.0156,65.125,65.3281
960903,1600,64.4688,65.8438,64.375,65.75
960904,1600,65.75,66.75,65.4844,65.8125
960905,1600,65.5,65.7656,65.0156,65.0156
960906,1600,65.25,66.1719,65.1406,65.9375
960909,1600,66.1875,66.7344,66.0781,66.7188
960910,1600,66.625,66.9062,66.375,66.6875
960911,1600,66.5625,67.125,66.4062,67.0625
960912,1600,67.25,67.7344,67.1562,67.5312
960913,1600,68.3125,68.625,68.125,68.5625
960916,1600,68.6562,69.1562,68.5625,68.8125
960917,1600,68.875,68.9844,68.2344,68.6562
960918,1600,68.5625,68.75,68.2188,68.4844
960919,1600,68.375,68.7969,68.2812,68.75
960920,1600,68.5938,68.7812,68.375,68.6406
960923,1600,68.4688,68.75,68.1562,68.625
960924,1600,68.5625,69.25,68.3125,68.6094
960925,1600,68.9375,68.9375,68.5,68.6562
960926,1600,68.75,69.1875,68.3906,68.625
960927,1600,68.7188,68.7188,68.375,68.6875
960930,1600,68.7812,69.0625,68.5781,68.625
961001,1600,68.7031,69.0469,68.4375,69.0
961002,1600,69.25,69.5938,69.1562,69.4688
961003,1600,69.5,69.5312,69.2031,69.4062
961004,1600,69.6875,70.3438,69.5,70.3438
961007,1600,70.3125,70.625,70.25,70.4219
961008,1600,70.4531,70.6875,70.0156,70.1406
961009,1600,70.25,70.375,69.5156,69.5938
961010,1600,69.5938,69.8594,69.375,69.4531
961011,1600,69.7188,70.3125,69.7188,70.3125
961014,1600,70.3125,70.6875,70.2969,70.4062
961015,1600,71.125,71.125,69.9531,70.3125
961016,1600,70.5,70.6562,69.9375,70.6562
961017,1600,70.875,71.0312,70.5469,70.8438
961018,1600,70.875,71.3125,70.7188,71.2188
961021,1600,71.2812,71.625,70.9375,71.125
961022,1600,71.0625,71.0781,70.5938,70.625
961023,1600,70.4688,70.8906,70.1875,70.8594
961024,1600,70.8594,70.9844,70.2188,70.25
961025,1600,70.2344,70.5625,70.125,70.3125
961028,1600,70.375,70.7344,69.8125,69.8438
961029,1600,70.0625,70.5781,69.7031,70.4062
961030,1600,70.625,70.625,70.0938,70.1719
961031,1600,70.2656,70.875,70.1875,70.8438
961101,1600,70.9844,71.1562,70.2656,70.5938
961104,1600,70.6875,71.0625,70.5312,71.0625
961105,1600,71.2969,71.7969,71.2812,71.4688
961106,1600,71.5938,72.875,71.5312,72.8438
961107,1600,72.625,73.2969,72.5312,73.0156
961108,1600,73.0312,73.4375,72.75,73.4219
961111,1600,73.25,73.5156,73.2188,73.3438
961112,1600,73.5469,73.5938,73.0156,73.125
961113,1600,73.2031,73.5625,73.0156,73.4531
961114,1600,73.1875,73.9375,73.1562,73.9375
961115,1600,74.125,74.5,73.7188,74.0312
961118,1600,74.1719,74.25,73.7344,74.0469
961119,1600,74.1406,74.5938,74.0312,74.5781
961120,1600,74.5625,75.0156,74.3125,74.7031
961121,1600,74.7969,74.8438,74.375,74.5938
961122,1600,74.7031,75.25,74.7031,75.1719
961125,1600,75.25,76.1562,75.0781,76.125
961126,1600,76.2812,76.6875,75.4688,75.875
961127,1600,76.0625,76.1875,75.6406,75.7344
961129,1600,76.0,76.2188,75.8594,76.0156
961202,1600,75.9219,76.125,75.3906,76.0469
961203,1600,76.0625,76.5781,74.75,74.75
961204,1600,74.875,75.0625,74.0938,74.9531
961205,1600,74.8438,75.1406,74.5312,74.75
961206,1600,73.25,74.75,72.6562,74.3125
961209,1600,74.6875,75.4219,74.5781,75.4062
961210,1600,75.5625,75.6719,74.9688,75.0469
961211,1600,73.625,74.625,73.3125,74.3594
961212,1600,74.7812,74.875,72.9375,73.125
961213,1600,73.0625,73.5781,72.4062,73.3125
961216,1600,73.5,73.6875,72.0625,72.375
961217,1600,72.1562,73.2812,71.875,72.9531
961218,1600,73.375,73.7656,73.2656,73.5312
961219,1600,74.1875,75.125,73.8906,75.0469
961220,1600,75.125,75.7188,74.75,74.8438
961223,1600,75.0938,75.2031,74.3281,74.6562
961224,1600,74.8438,75.2031,74.7969,75.2031
961226,1600,75.4375,75.8281,75.375,75.7812
961227,1600,75.7812,76.0312,75.5,75.875
961230,1600,76.125,76.125,75.1562,75.2188
961231,1600,75.2812,75.375,73.8438,73.8438
970102,1600,74.375,74.375,72.75,74.0312
970103,1600,74.375,75.125,74.0781,75.0938
970106,1600,75.0938,75.4375,74.3125,74.4375
970107,1600,74.4375,75.4688,74.125,75.3438
970108,1600,75.75,75.7812,74.6875,74.6875
970109,1600,75.0625,75.875,74.9375,75.3125
970110,1600,74.25,76.25,74.25,76.125
970113,1600,76.5,76.5,75.6406,76.0156
970114,1600,76.6875,77.3906,76.5,76.9688
970115,1600,76.7188,77.2031,76.375,76.7812
970116,1600,77.0312,77.2969,76.5,77.0938
970117,1600,77.2031,77.75,77.1094,77.5625
970120,1600,77.75,78.0938,77.4688,77.6562
970121,1600,77.375,78.5469,77.1094,78.2812
970122,1600,78.3125,78.8438,77.875,78.8438
970123,1600,79.0625,79.6875,76.9062,77.75
970124,1600,77.875,77.9062,76.75,76.75
970127,1600,76.875,77.2344,76.375,76.5312
970128,1600,77.625,77.8438,76.0,76.75
970129,1600,76.875,77.5,76.5938,77.5
970130,1600,77.875,78.5312,77.4062,78.5
970131,1600,78.9375,79.4062,78.375,78.4062
970203,1600,78.7188,78.8906,78.3594,78.6406
970204,1600,78.75,79.2031,78.4375,79.125
970205,1600,79.2344,79.4688,77.125,77.6406
970206,1600,77.7812,78.2031,77.4062,78.1562
970207,1600,78.8125,79.25,77.7812,79.2188
970210,1600,79.25,79.5312,78.4219,78.4688
970211,1600,78.7812,79.375,78.125,79.375
970212,1600,79.375,80.6406,79.2656,80.5
970213,1600,80.8125,81.5625,80.6875,81.375
970214,1600,81.1875,81.4688,80.9062,81.1875
970218,1600,81.3438,81.9375,80.75,81.875
970219,1600,81.6562,82.0,81.1562,81.3281
970220,1600,81.0312,81.3594,80.1562,80.3438
970221,1600,80.4062,80.7656,80.1406,80.375
970224,1600,79.9688,81.375,79.9688,81.3281
970225,1600,81.4062,81.5312,80.875,81.3906
970226,1600,81.3125,81.4375,79.625,80.5938
970227,1600,80.8125,80.8125,79.375,79.3906
970228,1600,79.25,79.875,79.0625,79.1562
970303,1600,78.75,79.75,78.6875,79.6875
970304,1600,79.9062,80.125,79.0938,79.25
970305,1600,79.7188,80.5938,79.4531,80.5938
970306,1600,80.625,80.9062,79.875,80.125
970307,1600,80.4375,81.1562,80.25,80.8438
970310,1600,80.9375,81.6875,80.5469,81.6875
970311,1600,81.75,81.7969,81.25,81.25
970312,1600,81.3125,81.3438,80.2969,80.5312
970313,1600,80.25,80.4688,79.0625,79.2812
970314,1600,79.6406,80.0312,79.25,79.6875
970317,1600,79.25,80.0312,78.4375,79.9062
970318,1600,80.0,80.1094,78.7188,79.0469
970319,1600,78.8438,79.5,78.0625,78.7812
970320,1600,78.75,79.0,77.875,78.375
970321,1600,78.6875,78.75,78.3438,78.4375
970324,1600,78.5,79.5781,78.0938,79.5312
970325,1600,79.3438,79.9688,78.5312,78.75
970326,1600,79.0625,79.6562,78.6875,79.0938
970327,1600,79.375,79.375,76.1562,77.0
970331,1600,76.9062,77.125,75.25,75.375
970401,1600,75.25,76.1875,75.0469,75.8594
970402,1600,75.625,75.9375,74.4375,74.5
970403,1600,74.4375,75.125,74.1875,74.9062
970404,1600,74.5,75.8594,74.1562,75.8438
970407,1600,76.1875,76.625,76.1406,76.1406
970408,1600,76.125,76.7812,75.8438,76.6875
970409,1600,77.0,77.0469,75.8438,76.0625
970410,1600,76.0938,76.5469,75.6875,75.7812
970411,1600,75.0625,75.3125,73.375,73.375
970414,1600,73.7344,74.4531,73.3125,74.3594
970415,1600,75.25,75.6406,74.5,75.625
970416,1600,75.375,76.6094,75.25,76.5
970417,1600,76.5,77.0,76.0,76.1875
970418,1600,76.8125,76.9844,76.25,76.5625
970421,1600,76.75,76.9062,75.4688,76.0625
970422,1600,76.1094,77.7344,76.0,77.7344
970423,1600,77.6562,78.0312,77.1875,77.8125
970424,1600,78.0469,78.2812,76.875,77.4219
970425,1600,77.0625,77.2031,76.4219,76.5312
970428,1600,76.5,77.8125,76.375,77.2812
970429,1600,78.5938,79.7812,78.2969,79.7188
970430,1600,79.25,80.6875,79.2188,80.0938
970501,1600,80.2188,80.5312,79.3125,80.0
970502,1600,80.2812,81.6719,80.0625,81.4375
970505,1600,81.6562,83.5625,81.2969,83.375
970506,1600,82.9688,83.4688,82.5,83.3125
970507,1600,83.0,83.0,81.4062,81.5
970508,1600,81.3125,83.2188,81.1875,82.0625
970509,1600,82.9688,83.125,81.6562,82.625
970512,1600,82.9375,84.25,82.875,84.0
970513,1600,83.9375,84.0938,83.0156,83.6562
970514,1600,84.2344,84.5,83.4375,83.8125
970515,1600,83.8125,84.5938,83.5156,84.375
970516,1600,84.125,84.3125,83.0,83.2188
970519,1600,83.3125,83.9062,83.0625,83.4688
970520,1600,83.2812,84.6875,82.75,84.4688
970521,1600,84.6875,84.9844,83.6562,84.2812
970522,1600,84.375,84.4688,83.5625,84.0
970523,1600,84.375,85.2188,84.1562,84.7812
970527,1600,84.375,85.5312,84.2656,85.125
970528,1600,85.125,85.4531,84.5156,85.1094
970529,1600,85.0938,85.25,84.5,84.6094
970530,1600,83.2188,85.5625,83.125,85.1562
970602,1600,85.3438,85.5,84.7188,84.7812
970603,1600,84.4062,85.4375,84.3438,84.5
970604,1600,84.5312,84.75,84.0781,84.4062
970605,1600,84.5938,85.3125,84.4219,84.7188
970606,1600,84.5938,86.4375,84.5938,86.375
970609,1600,86.4375,86.875,86.3438,86.8125
970610,1600,86.8438,87.4062,86.5,87.0781
970611,1600,87.0,87.4062,86.8281,87.2812
970612,1600,87.875,89.0,87.5625,88.9688
970613,1600,89.0625,90.0,88.9062,89.7188
970616,1600,89.75,90.0,89.4688,89.75
970617,1600,89.4375,90.2344,88.9375,89.625
970618,1600,89.125,89.625,88.9688,89.3125
970619,1600,89.6094,90.5,89.375,90.2344
970620,1600,89.9375,90.3438,89.5,89.5781
970623,1600,89.4062,89.9062,87.3438,87.4062
970624,1600,88.25,89.875,88.0,89.625
970625,1600,89.4844,90.25,87.9375,89.0
970626,1600,88.8438,89.625,87.6875,88.5625
970627,1600,88.9688,89.7188,88.6875,88.9062
970630,1600,88.9062,89.4688,87.875,88.3125
970701,1600,88.5,89.5625,88.3906,89.3438
970702,1600,89.5625,90.8125,89.2188,90.8125
970703,1600,91.875,92.1562,91.4688,92.0625
970707,1600,92.375,92.5,90.9062,91.125
970708,1600,91.25,92.1875,91.1875,92.0781
970709,1600,92.3125,92.375,90.0312,91.0625
970710,1600,91.125,91.8438,90.4844,91.4688
970711,1600,91.5938,92.1875,91.375,91.7812
970714,1600,91.8906,92.3125,91.2188,92.0625
970715,1600,92.3125,92.7656,91.4688,92.5312
970716,1600,93.125,94.0938,92.8906,93.75
970717,1600,93.625,93.8125,92.7812,93.2812
970718,1600,93.0156,93.2188,91.0625,91.2969
970721,1600,91.2812,91.5938,90.6875,91.3125
970722,1600,91.6875,93.7969,91.625,93.7344
970723,1600,93.9375,94.4844,93.5312,93.6562
970724,1600,93.9375,94.2656,92.6875,94.0938
970725,1600,94.5625,94.8125,93.625,94.0312
970728,1600,94.25,94.5625,93.5,93.9688
970729,1600,93.625,94.4688,93.4219,94.2812
970730,1600,94.5,95.625,94.4062,95.4062
970731,1600,95.4062,96.0312,95.0312,95.3125
970801,1600,95.5,95.7188,93.8125,94.9375
970804,1600,94.7812,95.5469,94.4062,95.1875
970805,1600,95.0938,95.6875,94.9062,95.25
970806,1600,95.4375,96.5312,95.0625,96.0312
970807,1600,96.5,96.625,95.125,95.3125
970808,1600,94.3125,94.75,92.4062,93.375
970811,1600,93.75,94.2812,92.625,94.0625
970812,1600,94.2188,94.5469,92.4688,92.5625
970813,1600,93.6875,93.8438,91.4688,92.2812
970814,1600,93.0938,93.3125,91.7188,92.625
970815,1600,92.125,92.125,89.625,89.7812
970818,1600,90.375,91.7812,89.3438,91.7812
970819,1600,92.2188,92.9062,91.5312,92.8438
970820,1600,92.9375,94.3125,92.6094,94.25
970821,1600,94.125,94.25,92.0938,92.5938
970822,1600,91.0,92.7344,90.5625,92.5625
970825,1600,92.7812,93.4062,91.8438,92.2188
970826,1600,92.0,92.5625,90.7031,90.8594
970827,1600,91.0,91.9688,90.4062,91.4062
970828,1600,91.1875,91.9375,90.0,90.0156
970829,1600,90.125,91.1094,89.7188,90.375
970902,1600,90.6875,93.3594,90.5938,93.3125
970903,1600,93.2969,94.0,92.75,92.8125
970904,1600,93.0625,93.7188,92.75,93.4062
970905,1600,93.9688,94.4375,92.5938,93.1406
970908,1600,93.7188,94.0,93.3125,93.5469
970909,1600,93.2188,94.2812,92.9062,93.5938
970910,1600,93.125,93.5,91.6562,91.6562
970911,1600,91.7812,91.9062,90.25,91.1875
970912,1600,92.0,92.9688,90.9375,92.6562
970915,1600,92.6562,93.3125,92.1875,92.5
970916,1600,93.3125,95.2812,93.0312,94.8125
970917,1600,95.375,95.5,94.5,94.8125
970918,1600,95.0,96.375,94.9688,95.2188
970919,1600,94.6562,95.3594,94.4062,95.0312
970922,1600,95.5,96.2031,95.2188,95.5625
970923,1600,95.5625,95.7031,94.75,95.125
970924,1600,95.375,96.1094,94.2812,94.3438
970925,1600,94.25,94.75,93.625,93.6875
970926,1600,94.4375,94.8125,94.1875,94.4688
970929,1600,94.5,95.5625,94.1562,95.375
970930,1600,95.0,95.6875,94.375,94.375
971001,1600,95.25,95.8125,94.7812,95.625
971002,1600,95.5312,96.1875,95.3125,96.1562
971003,1600,97.4688,97.75,95.3438,96.6406
971006,1600,97.3125,97.6094,96.9062,97.2812
971007,1600,97.5312,98.5,97.2031,98.1875
971008,1600,98.3594,98.375,96.7344,97.5
971009,1600,96.7812,97.6094,96.2188,97.1562
971010,1600,96.3125,96.9844,96.25,96.875
971013,1600,97.3438,97.5469,96.7188,96.9688
971014,1600,97.4688,97.5,96.1875,97.0
971015,1600,96.3125,97.0625,96.2812,96.7812
971016,1600,97.3125,97.5,95.0,95.25
971017,1600,95.0156,95.375,93.0,94.2812
971020,1600,94.8438,95.75,94.1562,95.625
971021,1600,96.2188,97.5,96.0312,97.4844
971022,1600,97.3438,97.3906,96.5312,96.8438
971023,1600,94.9375,95.75,94.2812,94.9375
971024,1600,96.1562,96.1562,93.6719,94.0
971027,1600,93.0156,93.9375,86.8438,87.1875
971028,1600,84.375,92.875,84.375,92.2188
971029,1600,92.5,93.75,91.2812,91.9688
971030,1600,90.625,92.5625,89.75,89.9375
971031,1600,91.8125,92.5,90.4375,92.0625
971103,1600,93.1875,94.375,92.875,94.0
971104,1600,93.875,94.4375,93.2812,94.0
971105,1600,94.1875,95.2812,93.8438,94.3125
971106,1600,94.0312,94.3438,93.5,93.9531
971107,1600,92.375,93.25,91.4375,92.9375
971110,1600,93.625,93.8438,92.0,92.375
971111,1600,92.6875,93.0625,92.0312,92.4062
971112,1600,91.625,92.7188,90.375,90.5
971113,1600,91.4688,92.1562,90.0938,91.8125
971114,1600,92.3125,93.3906,91.6094,93.0625
971117,1600,94.375,95.3125,94.0312,94.7812
971118,1600,94.8125,95.0938,93.8906,94.1875
971119,1600,93.6875,95.0625,92.75,94.6562
971120,1600,95.3125,96.5312,95.2812,96.0938
971121,1600,96.625,96.8125,95.6562,96.75
971124,1600,96.0,96.3438,94.625,95.0
971125,1600,95.625,95.8125,94.6562,95.25
971126,1600,95.875,95.9844,95.3125,95.5312
971128,1600,95.75,96.25,95.5938,95.625
971201,1600,96.2188,98.0938,96.0312,98.0938
971202,1600,97.6875,97.9844,97.25,97.5
971203,1600,97.625,98.5312,96.875,97.7812
971204,1600,98.5,98.7188,97.375,97.6875
971205,1600,97.375,99.0,97.125,98.9375
971208,1600,98.9688,99.0,98.25,98.6562
971209,1600,98.2188,98.5938,97.625,98.0625
971210,1600,97.5625,97.8438,96.4688,97.2188
971211,1600,96.3125,96.5938,95.3125,95.5625
971212,1600,96.4375,96.5,94.9062,95.75
971215,1600,96.25,97.1094,95.875,96.7188
971216,1600,97.2188,97.8125,96.875,97.3125
971217,1600,97.8438,97.875,96.7031,96.8125
971218,1600,96.9375,96.9375,95.2188,95.875
971219,1600,94.5312,95.875,92.375,94.7812
971222,1600,95.4375,95.9062,94.5625,95.3906
971223,1600,95.4375,95.625,93.5312,93.6875
971224,1600,94.4375,94.4375,93.25,93.4062
971226,1600,94.125,94.125,93.4062,93.7812
971229,1600,94.5938,95.7188,94.4375,95.625
971230,1600,95.9375,97.25,95.8438,97.125
971231,1600,96.875,97.625,96.6875,97.0625
980102,1600,97.3125,97.6562,96.5312,97.5625
980105,1600,97.8438,98.4375,96.7812,97.7812
980106,1600,97.25,97.2812,96.1875,96.2188
980107,1600,96.0938,96.7188,95.2188,96.4688
980108,1600,96.3125,96.3125,95.375,95.625
980109,1600,95.25,95.5,91.9062,92.3125
980112,1600,91.125,94.1875,90.9062,94.0
980113,1600,94.625,95.375,94.2188,95.3125
980114,1600,95.6875,95.9688,94.7188,95.75
980115,1600,95.5,95.75,94.8125,94.9531
980116,1600,96.25,96.6875,95.6562,96.3125
980120,1600,96.6875,98.0156,96.5,97.875
980121,1600,97.2188,97.6875,96.1562,96.9375
980122,1600,96.1562,96.875,95.875,96.0781
980123,1600,96.5,96.7812,95.0,95.9375
980126,1600,96.375,96.7344,95.4062,95.875
980127,1600,95.8125,97.5,95.6562,96.8438
980128,1600,97.4062,98.1094,97.1875,97.7188
980129,1600,97.8438,99.5625,97.5625,98.25
980130,1600,98.7812,98.9688,98.0,98.3125
980202,1600,99.9062,100.5,99.75,99.9375
980203,1600,100.0,100.8125,99.7188,100.6875
980204,1600,100.2812,101.1562,99.9375,100.5625
980205,1600,101.3125,101.5938,100.0312,100.5
980206,1600,101.0,101.625,100.6875,101.625
980209,1600,101.7188,101.75,100.7188,101.2812
980210,1600,101.4375,102.4688,101.1875,102.25
980211,1600,102.0938,102.3438,101.7031,102.1562
980212,1600,101.7188,102.9375,100.875,102.5938
980213,1600,102.1875,102.5156,101.875,102.0
980217,1600,102.8125,103.0938,102.1562,102.5
980218,1600,102.3125,103.4844,102.2812,103.4375
980219,1600,103.25,103.4062,102.75,102.8906
980220,1600,103.1562,103.7188,102.375,103.6562
980223,1600,104.25,104.25,103.3438,104.0625
980224,1600,103.9062,104.0938,102.9375,103.25
980225,1600,103.75,104.875,103.625,104.5312
980226,1600,104.4375,105.2188,104.1875,105.125
980227,1600,104.9688,105.5312,104.5312,105.125
980302,1600,105.25,105.75,104.625,104.9062
980303,1600,104.5312,105.625,104.5312,105.5
980304,1600,105.0938,105.4062,104.4375,104.8125
980305,1600,103.5,104.4375,103.1562,103.8438
980306,1600,104.5625,105.9375,104.4375,105.9375
980309,1600,105.5312,106.2188,105.25,105.5625
980310,1600,106.2188,106.8438,105.9375,106.5625
980311,1600,106.9688,107.3125,106.7812,107.0625
980312,1600,107.0938,107.5938,106.5,107.5
980313,1600,107.8438,108.0,106.875,107.0938
980316,1600,107.8438,108.375,107.5312,108.25
980317,1600,108.3125,108.5625,107.6562,108.5625
980318,1600,108.25,108.9688,108.0312,108.9688
980319,1600,108.9688,109.375,108.6562,109.25
980320,1600,109.5625,110.1875,108.875,109.875
980323,1600,109.7188,110.3125,109.4062,109.625
980324,1600,110.0625,110.8125,109.9375,110.5625
980325,1600,111.4062,111.5312,109.1875,110.1562
980326,1600,109.875,110.75,109.625,110.0938
980327,1600,110.75,110.7812,109.0,109.625
980330,1600,109.625,110.0938,108.9688,109.5625
980331,1600,110.1562,111.1875,109.75,109.9375
980401,1600,110.3125,111.0781,109.4062,110.8281
980402,1600,110.9375,112.25,110.75,112.0312
980403,1600,112.3438,112.8125,111.8438,112.5938
980406,1600,113.25,113.375,111.6875,111.6875
980407,1600,111.75,111.9375,110.1562,110.9375
980408,1600,111.2188,111.2812,109.75,110.3125
980409,1600,110.5625,111.2812,110.5312,111.1875
980413,1600,111.375,111.375,110.0,110.875
980414,1600,111.125,111.8125,110.9062,111.8125
980415,1600,111.9688,112.125,111.1562,112.125
980416,1600,111.3125,111.5,110.5,110.8125
980417,1600,110.7188,112.4375,110.4375,112.2812
980420,1600,112.0,112.5625,111.875,112.25
980421,1600,112.4375,113.1562,111.9062,112.7812
980422,1600,112.875,113.4375,112.8125,113.0938
980423,1600,112.625,113.0,111.75,112.0
980424,1600,111.75,112.4688,110.3438,110.8125
980427,1600,109.375,109.6875,107.625,108.7188
980428,1600,109.7812,109.8125,108.125,108.5625
980429,1600,109.0312,109.9688,108.4375,109.3125
980430,1600,110.5625,111.9219,110.4062,111.3438
980501,1600,111.75,112.5938,111.3125,112.5938
980504,1600,112.7188,113.3125,112.1562,112.3125
980505,1600,112.0,112.1562,111.125,111.5312
980506,1600,112.125,112.125,110.1875,110.2188
980507,1600,110.5,110.5625,109.3438,109.3438
980508,1600,110.0,111.375,110.0,111.125
980511,1600,111.5625,112.2188,110.375,110.75
980512,1600,110.8125,111.9688,110.3438,111.9375
980513,1600,112.0625,112.5625,111.5938,112.2188
980514,1600,111.5312,112.6875,111.3438,111.6562
980515,1600,112.0,112.2188,110.8125,111.0312
980518,1600,110.7188,111.5938,109.8281,110.5938
980519,1600,111.0,111.6875,110.7812,111.3438
980520,1600,112.0938,112.5,110.875,112.4062
980521,1600,112.375,112.7812,111.3125,111.6875
980522,1600,111.75,112.0625,110.9375,111.25
980526,1600,112.0938,112.0938,109.1875,109.4688
980527,1600,108.5312,109.9062,107.5781,109.625
980528,1600,109.875,110.375,109.0625,110.125
980529,1600,110.625,110.8125,109.0312,109.0312
980601,1600,108.9688,110.2188,108.5625,109.5312
980602,1600,110.0,110.3438,109.1562,109.625
980603,1600,109.875,110.1875,107.875,107.875
980604,1600,108.25,110.0625,108.0625,109.875
980605,1600,110.375,112.0,109.875,112.0
980608,1600,111.9375,112.4688,111.6562,111.875
980609,1600,111.7188,112.4219,111.4062,112.2188
980610,1600,111.625,113.0625,111.25,111.5
980611,1600,111.4375,111.875,109.375,109.4062
980612,1600,109.875,110.4375,108.25,110.4375
980615,1600,108.8125,109.9062,107.5,107.5312
980616,1600,108.4062,109.2188,107.75,109.1875
980617,1600,110.1562,111.7812,109.9375,111.4688
980618,1600,111.1875,111.4375,110.75,110.9688
980619,1600,111.0625,111.2344,109.625,110.0625
980622,1600,110.25,111.0625,110.0625,110.5938
980623,1600,111.0938,112.0625,111.0,111.9062
980624,1600,112.1562,113.6875,111.6094,113.4062
980625,1600,113.9062,114.4375,112.8125,113.2188
980626,1600,113.3125,113.8438,113.125,113.6875
980629,1600,114.25,114.6875,113.7969,114.0938
980630,1600,113.9062,114.1875,113.0625,113.3125
980701,1600,114.0625,114.9375,113.625,114.625
980702,1600,114.7188,114.875,114.25,114.8438
980706,1600,114.7812,116.0,114.5625,116.0
980707,1600,115.9844,116.125,115.2812,115.7812
980708,1600,115.875,116.9375,115.75,116.625
980709,1600,116.2812,116.7188,115.625,115.8438
980710,1600,116.0312,116.9375,115.0625,116.4688
980713,1600,116.5625,116.8438,116.0625,116.5
980714,1600,116.9375,118.1562,116.9375,117.8125
980715,1600,118.0625,118.2812,117.5312,117.5938
980716,1600,117.6875,118.5938,117.0625,118.4062
980717,1600,118.625,119.0,118.3125,118.5625
980720,1600,118.75,119.2344,117.9375,118.5625
980721,1600,119.0,119.0,116.2812,116.5
980722,1600,116.3438,116.9844,115.5312,116.5
980723,1600,116.3125,116.5938,113.9062,114.1875
980724,1600,114.9688,115.0938,112.875,114.0938
980727,1600,113.625,115.0,112.8438,114.9062
980728,1600,114.4375,114.6562,111.875,112.9688
980729,1600,113.7188,114.125,112.25,112.5312
980730,1600,113.625,114.5938,113.4062,114.2188
980731,1600,114.3438,114.5,111.3125,111.7812
980803,1600,111.7812,112.4219,111.0312,111.3125
980804,1600,112.2188,112.2188,107.0,107.0
980805,1600,107.9375,108.875,105.5938,108.4688
980806,1600,108.125,109.5,107.5625,108.9375
980807,1600,109.6875,110.5938,108.4688,109.125
980810,1600,108.75,109.6562,108.1875,108.5
980811,1600,106.7812,107.4375,105.5,106.875
980812,1600,107.75,108.875,107.5,108.6875
980813,1600,108.8125,109.6562,107.375,107.375
980814,1600,108.3438,108.7188,105.7812,106.125
980817,1600,106.0,108.9375,105.5,108.375
980818,1600,109.0,110.5938,108.7812,110.375
980819,1600,111.0938,111.0938,109.625,110.0938
980820,1600,109.6875,110.4062,109.1562,109.4375
980821,1600,108.1875,108.7188,105.5,108.5625
980824,1600,109.25,109.9375,108.3125,109.25
980825,1600,110.375,111.25,108.6406,109.5
980826,1600,108.2812,109.625,107.75,108.875
980827,1600,107.0,107.5625,103.4688,103.75
980828,1600,104.9688,105.7188,102.1562,103.375
980831,1600,103.75,104.0156,95.0,96.0
980901,1600,96.0625,100.5625,93.625,100.0625
980902,1600,99.8125,101.75,98.7812,99.3438
980903,1600,97.625,99.375,96.75,98.5625
980904,1600,99.4375,99.8125,95.75,97.75
980908,1600,100.875,103.0,99.8125,103.0
980909,1600,102.75,103.125,100.4375,100.5
980910,1600,98.4375,99.3438,96.8125,98.5
980911,1600,98.1875,101.6875,97.0,101.6875
980914,1600,102.875,104.4531,102.0938,103.4375
980915,1600,102.875,104.3125,102.2812,104.0625
980916,1600,104.75,105.25,103.1562,105.0
980917,1600,102.25,103.0312,101.7812,102.0
980918,1600,102.375,102.4062,101.0938,102.0938
980921,1600,99.625,103.4062,98.9375,102.0312
980922,1600,103.5,103.6562,102.1562,102.875
980923,1600,103.875,107.0,103.7812,107.0
980924,1600,106.3125,106.8125,103.25,104.375
980925,1600,103.125,105.4219,102.625,104.25
980928,1600,105.3125,106.3125,104.25,105.1875
980929,1600,105.375,105.9375,103.375,104.9375
980930,1600,103.5,104.3125,101.375,101.75
981001,1600,100.0312,101.5469,98.0938,98.8125
981002,1600,98.875,100.875,97.2188,100.7188
981005,1600,99.5938,99.9688,96.3438,98.6875
981006,1600,100.75,101.2812,97.5312,98.5938
981007,1600,98.625,100.0312,95.75,97.125
981008,1600,94.5625,96.75,92.2188,96.5938
981009,1600,97.0,98.7812,94.0625,98.5312
981012,1600,100.625,101.4375,99.6875,99.9688
981013,1600,99.5625,100.4062,98.75,99.625
981014,1600,98.9375,101.8125,98.8438,100.5625
981015,1600,100.125,107.25,99.9375,105.9688
981016,1600,106.125,106.75,105.0,106.0
981019,1600,105.6875,106.8125,105.5,106.375
981020,1600,107.5625,108.7969,106.0938,107.0
981021,1600,106.875,107.625,105.875,106.625
981022,1600,106.7812,108.4688,106.1562,108.2188
981023,1600,107.9688,108.0,106.7812,106.8438
981026,1600,107.7188,108.4688,106.7812,107.625
981027,1600,108.4375,108.9688,106.2812,107.0
981028,1600,106.5625,107.5312,106.0312,106.8125
981029,1600,107.0938,109.4375,106.625,109.4062
981030,1600,110.125,110.9062,109.5,110.0
981102,1600,110.8125,111.875,110.1875,111.875
981103,1600,111.5938,111.8125,110.75,111.0625
981104,1600,112.4688,113.0938,111.0938,112.25
981105,1600,111.5312,113.9375,111.125,113.7812
981106,1600,113.4688,114.5625,113.3125,114.125
981109,1600,113.9375,114.25,112.5,113.3125
981110,1600,113.0,113.9375,112.25,113.0
981111,1600,113.8125,114.0,111.8906,112.25
981112,1600,112.3125,113.125,111.6875,112.125
981113,1600,112.2188,113.2188,112.125,113.2188
981116,1600,114.2188,114.3594,112.8906,114.0625
981117,1600,113.6562,115.625,113.0,114.0625
981118,1600,114.3125,115.0,113.5,114.75
981119,1600,115.2812,115.9062,114.625,115.75
981120,1600,116.3594,116.75,115.8438,116.625
981123,1600,117.4688,119.625,117.1562,119.375
981124,1600,119.0,119.6562,118.4531,118.625
981125,1600,118.9375,119.1875,118.2188,118.625
981127,1600,119.4688,119.7188,119.0156,119.5
981130,1600,119.0156,119.375,116.125,116.125
981201,1600,116.125,118.0312,115.2188,117.625
981202,1600,117.2188,117.9062,116.0,117.2812
981203,1600,117.25,118.3125,115.0938,115.3438
981204,1600,116.625,118.5,116.5,118.375
981207,1600,118.0625,119.4688,118.0,118.9375
981208,1600,118.5312,119.75,117.5,118.4062
981209,1600,118.6875,118.9688,117.875,118.625
981210,1600,118.8438,118.8438,116.7188,116.8906
981211,1600,116.4375,117.3438,115.5625,117.125
981214,1600,116.1562,116.4062,113.75,113.75
981215,1600,114.6875,116.75,114.5312,116.6875
981216,1600,117.125,117.125,115.75,116.5312
981217,1600,117.2188,118.5938,117.0312,118.3906
981218,1600,118.3125,119.125,117.875,118.5
981221,1600,119.25,121.3438,119.0,120.1562
981222,1600,120.4062,121.2188,119.1875,120.6875
981223,1600,121.1875,123.2188,120.8125,123.2188
981224,1600,123.1562,123.25,122.5,122.6875
981228,1600,123.25,123.3125,122.0,122.375
981229,1600,122.7188,124.4844,122.125,124.3125
981230,1600,123.9375,124.75,123.0312,123.3125
981231,1600,123.3125,123.9375,122.4688,123.3125
990104,1600,123.375,125.2188,121.7188,123.0312
990105,1600,122.9375,124.875,122.9375,124.4375
990106,1600,125.8125,127.75,125.75,127.4375
990107,1600,126.375,127.2188,125.7812,126.8125
990108,1600,128.1875,128.5,125.9688,127.75
990111,1600,127.6875,127.6875,125.2188,126.5312
990112,1600,126.2188,126.2188,123.75,124.25
990113,1600,120.4062,125.125,120.375,123.375
990114,1600,123.625,123.9062,120.9062,121.2188
990115,1600,122.375,124.7812,122.0625,124.375
990119,1600,125.2969,125.625,123.5,125.1875
990120,1600,126.0938,127.9375,125.0312,126.1875
990121,1600,125.5781,125.8438,122.5938,122.8438
990122,1600,122.125,123.8438,121.7812,122.5625
990125,1600,123.2812,124.0,121.9062,123.8125
990126,1600,124.125,126.0625,123.625,126.0625
990127,1600,126.375,126.625,124.1562,124.5938
990128,1600,125.25,126.9688,125.1875,126.6875
990129,1600,127.3438,128.2969,125.4062,127.6562
990201,1600,128.6875,128.6875,126.9062,126.9062
990202,1600,127.0781,127.2188,124.7656,126.125
990203,1600,125.6875,127.9375,125.6562,127.4062
990204,1600,127.375,127.5,124.7812,125.5
990205,1600,125.6562,125.6562,123.2188,124.0625
990208,1600,125.0938,125.0938,123.3438,124.3125
990209,1600,124.375,124.5,121.5156,121.5312
990210,1600,122.125,123.0,121.3281,122.3125
990211,1600,123.0625,126.0938,122.5,125.125
990212,1600,124.8125,125.5,122.625,123.625
990216,1600,124.75,125.625,122.875,122.875
990217,1600,123.1875,125.3594,122.25,122.75
990218,1600,123.1875,124.375,122.2188,123.7188
990219,1600,124.0,125.75,123.375,124.25
990222,1600,124.4375,127.7188,124.2812,127.5625
990223,1600,127.5938,128.5,126.5938,127.5
990224,1600,127.8438,128.8438,125.0,125.25
990225,1600,124.5312,125.2812,122.6875,124.0625
990226,1600,124.75,124.8438,122.8125,123.5625
990301,1600,123.6562,124.3125,122.375,123.9062
990302,1600,124.5,125.3125,122.3125,122.8125
990303,1600,123.0938,123.5625,121.7812,123.4688
990304,1600,124.0625,125.4844,123.2656,125.0312
990305,1600,127.5,128.125,126.5625,127.5469
990308,1600,128.2812,128.7969,127.25,128.375
990309,1600,128.125,129.9375,127.75,128.0625
990310,1600,128.4688,129.25,127.7812,129.1875
990311,1600,129.6875,131.1875,128.875,130.625
990312,1600,131.0,131.0312,129.2188,129.375
990315,1600,129.9375,131.25,129.5,131.2188
990316,1600,131.125,131.6562,130.4688,130.7188
990317,1600,130.6875,130.9375,129.625,130.1562
990318,1600,129.7812,132.375,129.75,132.25
990319,1600,132.3125,132.625,129.6875,129.6875
990322,1600,130.0625,130.5938,129.4219,129.9375
990323,1600,129.3125,129.5312,125.7031,126.1875
990324,1600,126.8438,127.1719,125.625,126.9062
990325,1600,128.0625,129.5,127.75,129.5
990326,1600,128.625,129.125,127.7188,128.5625
990329,1600,129.1562,131.4375,129.1562,131.1562
990330,1600,129.9375,131.2188,129.5625,130.4688
990331,1600,131.1562,131.6094,128.3125,128.375
990401,1600,129.6875,129.6875,128.125,129.3438
990405,1600,130.9375,132.5938,130.25,132.4062
990406,1600,132.1875,132.9844,131.1562,132.0938
990407,1600,132.6875,133.375,131.375,133.1562
990408,1600,133.1875,134.9375,132.2812,134.8438
990409,1600,134.4375,135.5,133.5938,134.875
990412,1600,133.4688,136.4062,133.2188,136.3125
990413,1600,136.25,136.4688,134.5,135.4375
990414,1600,136.0625,136.0625,132.6875,133.1562
990415,1600,133.4375,133.5625,131.0,132.6562
990416,1600,132.9062,132.9062,131.1875,131.5312
990419,1600,132.6875,134.5312,128.375,129.5
990420,1600,129.8125,131.1875,129.0,131.125
990421,1600,131.0625,135.625,130.4062,134.875
990422,1600,135.125,136.375,134.3906,136.1562
990423,1600,135.875,136.75,135.0,135.8125
990426,1600,136.5,136.8125,135.4688,136.5938
990427,1600,137.125,137.5,135.8438,137.25
990428,1600,136.4375,137.25,135.0,135.375
990429,1600,135.5625,136.0625,133.8125,134.3438
990430,1600,135.0938,135.625,131.5,133.25
990503,1600,133.4375,135.8438,133.0938,135.6875
990504,1600,135.125,135.8125,133.125,133.75
990505,1600,133.9375,135.0625,131.8438,134.8125
990506,1600,134.4375,135.125,132.375,133.9844
990507,1600,134.5,135.125,133.4375,135.0
990510,1600,134.8438,135.7188,133.5312,134.3281
990511,1600,135.3125,136.875,134.7188,135.6875
990512,1600,135.75,137.2188,131.5,136.75
990513,1600,137.25,138.0,136.8125,137.3438
990514,1600,134.5625,135.875,133.5,133.7812
990517,1600,133.625,134.4844,132.375,134.1875
990518,1600,134.5312,134.9844,132.625,133.9375
990519,1600,134.4688,135.0,133.25,134.9062
990520,1600,135.125,135.5938,134.0625,134.0938
990521,1600,134.125,134.6875,132.5938,133.3438
990524,1600,133.8438,133.8438,130.3906,131.125
990525,1600,131.375,132.3438,128.4375,129.0
990526,1600,129.3125,131.0,128.0938,130.4375
990527,1600,129.8438,130.2812,128.0,128.5625
990528,1600,129.0,130.75,128.5938,130.2031
990601,1600,130.125,130.1562,128.375,129.75
990602,1600,129.75,130.1875,128.0156,129.875
990603,1600,130.6875,130.875,129.7812,130.5938
990604,1600,131.4688,133.3594,130.9375,133.2188
990607,1600,133.4375,134.1875,132.9062,133.5625
990608,1600,133.375,133.7969,131.5938,132.25
990609,1600,132.4062,133.0938,131.8125,132.125
990610,1600,131.4375,131.4688,129.5938,130.9062
990611,1600,131.2188,132.2188,129.0938,129.8125
990614,1600,130.6875,130.75,129.5469,129.9375
990615,1600,130.4688,131.6562,130.0781,130.8125
990616,1600,132.375,133.875,132.375,133.3125
990617,1600,132.875,135.5625,132.625,134.5625
990618,1600,134.0625,134.6875,133.375,134.3125
990621,1600,134.4688,135.25,133.6562,134.625
990622,1600,134.0,135.1875,133.5,133.6875
990623,1600,133.0,133.625,132.125,133.0312
990624,1600,132.875,132.9375,130.6562,132.0312
990625,1600,132.5938,133.0156,131.25,131.7031
990628,1600,132.6875,133.625,132.5,133.3125
990629,1600,133.0,135.1875,132.7812,134.5625
990630,1600,134.625,137.5,133.8438,137.0
990701,1600,137.0,138.5,136.0625,138.0312
990702,1600,138.125,139.5,137.9062,139.4062
990706,1600,139.25,140.75,138.5938,139.375
990707,1600,139.0625,139.7188,138.5156,139.5625
990708,1600,139.0625,140.625,138.75,139.6719
990709,1600,140.0,140.5938,139.5625,140.5
990712,1600,140.9375,140.9375,139.5,139.875
990713,1600,139.375,139.9219,138.6562,139.375
990714,1600,140.0,140.2188,138.75,140.1562
990715,1600,140.7812,141.375,140.3125,141.0469
990716,1600,141.25,142.1562,140.75,141.8125
990719,1600,142.1875,142.25,140.5625,140.875
990720,1600,140.125,140.4062,137.5312,137.9844
990721,1600,138.0938,138.9062,137.3125,137.8281
990722,1600,137.4375,138.0,135.4688,136.0156
990723,1600,136.6562,137.0,135.125,135.75
990726,1600,134.875,136.125,134.625,134.75
990727,1600,136.0,137.2031,135.375,135.875
990728,1600,136.25,137.3125,135.5938,136.3125
990729,1600,134.9375,135.25,133.3125,134.4062
990730,1600,134.8125,135.3438,132.5625,132.75
990802,1600,132.75,134.75,132.5,133.0625
990803,1600,133.7188,133.8438,131.375,132.4375
990804,1600,132.7188,133.875,130.4375,130.625
990805,1600,130.875,131.9375,128.8438,131.8125
990806,1600,131.2188,132.0,129.5,130.375
990809,1600,130.5938,131.7969,129.75,130.0938
990810,1600,129.875,130.1562,127.0,128.6562
990811,1600,129.6875,130.5312,128.625,130.2188
990812,1600,130.6875,131.8125,129.9062,130.1406
990813,1600,131.625,133.25,131.125,133.1562
990816,1600,133.125,133.9688,132.25,133.75
990817,1600,134.4375,134.8438,133.125,134.625
990818,1600,134.2031,134.375,133.25,133.6562
990819,1600,132.375,133.2344,131.6875,132.5625
990820,1600,133.0625,134.125,132.6875,133.9062
990823,1600,134.8125,136.5469,134.6562,136.4688
990824,1600,136.0625,137.9688,135.375,136.9688
990825,1600,137.1875,138.7812,136.1562,138.375
990826,1600,138.2812,138.4219,136.5,136.7188
990827,1600,136.875,137.0625,135.0625,135.0625
990830,1600,135.3438,135.5,132.0,132.5625
990831,1600,132.9375,133.75,130.875,132.0625
990901,1600,132.9375,133.7344,132.3125,133.6875
990902,1600,132.125,132.6719,130.6562,132.1094
990903,1600,134.875,136.5,134.6875,135.9688
990907,1600,136.0625,136.625,135.2188,135.4688
990908,1600,134.8438,136.0625,134.0312,134.8125
990909,1600,134.75,135.25,133.6875,134.75
990910,1600,136.25,136.3594,134.9375,135.875
990913,1600,135.125,135.4688,134.5,134.9531
990914,1600,134.0625,134.5625,133.375,134.0625
990915,1600,135.4375,135.4375,131.875,131.9375
990916,1600,132.5,132.8125,130.3125,132.4531
990917,1600,132.625,133.9375,132.1562,133.75
990920,1600,133.9375,134.0,133.0938,133.5625
990921,1600,132.25,132.4688,130.1562,130.75
990922,1600,131.25,131.8438,129.75,130.6094
990923,1600,131.8125,131.8125,127.625,127.875
990924,1600,127.75,128.375,126.3125,127.75
990927,1600,128.75,129.75,128.2812,128.5938
990928,1600,127.9375,128.8125,125.5625,128.3438
990929,1600,128.4375,129.125,126.75,126.8125
990930,1600,127.4375,129.4375,126.9688,128.75
991001,1600,127.9375,128.5625,126.625,128.4688
991004,1600,129.1875,130.875,128.75,130.75
991005,1600,130.7188,131.9688,128.6875,130.625
991006,1600,130.75,132.8125,130.6875,132.625
991007,1600,132.8594,133.0,131.5,131.875
991008,1600,131.75,133.875,131.2344,133.875
991011,1600,133.5938,134.125,133.3125,133.6562
991012,1600,133.125,133.3125,131.1875,131.5938
991013,1600,130.6875,131.3125,128.1875,128.1875
991014,1600,128.4844,129.1875,126.75,128.1562
991015,1600,126.0,126.75,124.5,124.875
991018,1600,124.9375,125.9375,123.4375,125.7812
991019,1600,127.1875,128.25,125.9375,127.0
991020,1600,127.75,129.4688,127.125,128.25
991021,1600,127.2188,129.0,126.625,129.0
991022,1600,129.75,131.2188,129.5625,130.0938
991025,1600,129.3125,130.4688,128.75,129.4375
991026,1600,130.1875,130.6875,127.8125,127.8125
991027,1600,128.375,130.3125,128.25,130.125
991028,1600,132.4375,134.8594,132.1875,134.5625
991029,1600,135.8438,137.6875,135.7188,137.0
991101,1600,136.5,137.0,135.5625,135.5625
991102,1600,135.9688,137.25,134.5938,134.5938
991103,1600,136.0,136.375,135.125,135.5
991104,1600,136.75,137.3594,135.7656,136.5312
991105,1600,138.625,139.1094,136.7812,137.875
991108,1600,137.0,138.375,136.75,138.0
991109,1600,138.5,138.6875,136.2812,136.7031
991110,1600,136.25,138.3906,136.0781,137.7188
991111,1600,138.1875,138.5,137.4688,138.5
991112,1600,139.25,139.9844,137.125,139.75
991115,1600,139.8438,140.25,139.4062,140.0781
991116,1600,140.5625,143.0,140.0938,141.25
991117,1600,142.25,142.9375,141.3125,141.625
991118,1600,142.4375,143.0,141.625,142.625
991119,1600,142.4062,142.9688,142.0,142.5
991122,1600,142.4375,143.0,141.5,142.4688
991123,1600,142.8438,142.8438,140.375,141.2188
991124,1600,140.75,142.4375,140.0,141.9688
991126,1600,142.4688,142.875,141.25,141.4375
991129,1600,140.875,141.9219,140.4375,140.9375
991130,1600,140.75,142.3125,139.0,139.2812
991201,1600,139.3125,140.5,139.0,140.4062
991202,1600,140.625,141.375,140.375,141.25
991203,1600,143.0312,145.3438,143.0312,143.8438
991206,1600,143.5312,143.7188,142.25,142.7812
991207,1600,143.2812,143.3125,141.375,141.625
991208,1600,141.3438,142.0625,140.5,140.7188
991209,1600,141.8125,142.2188,139.375,141.4062
991210,1600,142.2812,142.8125,140.875,141.875
991213,1600,141.4375,142.7188,141.2812,142.125
991214,1600,141.625,142.4844,140.625,140.75
991215,1600,140.375,142.2031,140.0312,141.5
991216,1600,142.1875,142.6562,141.1562,142.125
991217,1600,143.0,143.3125,142.0625,142.6875
991220,1600,142.5625,143.1875,141.0938,141.6562
991221,1600,141.5938,144.0625,141.3438,143.8125
991222,1600,143.625,144.1875,142.9688,144.1875
991223,1600,145.0156,146.4844,145.0,146.4844
991227,1600,146.5,146.7812,145.0625,146.2812
991228,1600,145.875,146.5,145.4844,146.1875
991229,1600,146.3125,146.8125,145.3125,146.8125
991230,1600,147.125,147.5625,146.1875,146.6406
991231,1600,146.8438,147.5,146.25,146.875
1000103,1600,148.25,148.25,143.875,145.4375
1000104,1600,143.5312,144.0625,139.6406,139.75
1000105,1600,139.9375,141.5312,137.25,140.0
1000106,1600,139.625,141.5,137.75,137.75
1000107,1600,140.3125,145.75,140.0625,145.75
1000110,1600,146.25,146.9062,145.0312,146.25
1000111,1600,145.8125,146.0938,143.5,144.5
1000112,1600,144.5938,144.5938,142.875,143.0625
1000113,1600,144.4688,145.75,143.2812,145.0
1000114,1600,146.5312,147.4688,145.9688,146.9688
1000118,1600,145.3438,146.625,145.1875,145.8125
1000119,1600,145.3125,147.0,145.0,147.0
1000120,1600,146.9688,146.9688,143.8125,144.75
1000121,1600,145.5,145.5,144.0625,144.4375
1000124,1600,145.6562,145.8438,139.4062,140.3438
1000125,1600,140.5156,141.9375,139.0,141.9375
1000126,1600,141.0,141.5469,140.0938,140.8125
1000127,1600,141.8438,142.2188,138.125,140.25
1000128,1600,139.4375,140.0625,135.5312,135.875
1000131,1600,135.8125,139.6719,135.0,139.5625
1000201,1600,139.75,141.6875,138.5312,140.9375
1000202,1600,141.2812,142.25,140.375,141.0625
1000203,1600,140.875,143.25,140.0,143.1875
1000204,1600,143.1875,144.0,142.125,142.5938
1000207,1600,142.5625,142.7812,141.4375,142.375
1000208,1600,143.9688,144.5625,143.625,144.3125
1000209,1600,144.4688,144.4688,141.2656,141.2812
1000210,1600,141.625,142.5625,140.875,141.5625
1000211,1600,141.8438,141.9375,138.0312,138.6875
1000214,1600,139.7812,139.7812,138.3125,139.5
1000215,1600,139.25,141.2188,137.7969,141.0781
1000216,1600,140.375,140.9375,138.7969,139.0
1000217,1600,140.4375,140.4375,138.2188,138.2812
1000218,1600,138.875,138.875,134.625,135.3125
1000222,1600,135.1875,136.3438,133.5312,134.9688
1000223,1600,135.625,137.4688,134.5,136.5625
1000224,1600,136.6875,137.0312,133.0938,133.8125
1000225,1600,135.1875,136.7188,133.125,133.3281
1000228,1600,133.375,136.6875,132.7188,136.125
1000229,1600,136.0625,137.4375,135.75,137.4375
1000301,1600,137.625,139.0,137.2188,138.4375
1000302,1600,138.6875,139.125,137.3438,138.5312
1000303,1600,140.4375,141.7188,139.7188,141.125
1000306,1600,140.8125,141.3438,138.75,139.75
1000307,1600,140.0,140.1562,135.2188,137.0469
1000308,1600,136.4688,137.8438,135.0312,136.875
1000309,1600,137.25,140.875,136.125,140.875
1000310,1600,140.1875,142.0,139.5312,140.125
1000313,1600,136.6875,140.4688,135.6875,138.5938
1000314,1600,139.2812,140.0938,136.1562,136.625
1000315,1600,136.875,140.4375,136.0625,139.8125
1000316,1600,141.625,146.8438,140.875,146.3438
1000317,1600,145.8125,148.0,145.4375,146.9375
1000320,1600,146.875,147.3438,144.7812,146.1875
1000321,1600,145.5312,149.75,144.5,149.1875
1000322,1600,149.5625,150.8438,148.6875,150.0938
1000323,1600,149.1562,153.4688,149.1562,152.6562
1000324,1600,152.875,155.75,151.7188,153.5625
1000327,1600,153.375,153.7812,151.8125,151.9375
1000328,1600,151.25,152.9844,150.5938,151.0625
1000329,1600,151.5625,152.4844,149.6562,151.2188
1000330,1600,150.1562,151.9219,147.125,148.6875
1000331,1600,149.625,152.3125,148.4375,150.375
1000403,1600,150.125,151.25,148.6875,151.25
1000404,1600,151.75,153.0,141.3906,150.125
1000405,1600,147.875,150.8125,147.625,149.1875
1000406,1600,150.25,151.6875,149.0,150.4844
1000407,1600,151.5625,152.125,150.5,151.4375
1000410,1600,151.75,153.1094,150.3125,150.8438
1000411,1600,150.0,151.625,148.375,150.4062
1000412,1600,150.375,151.1562,146.1562,146.2812
1000413,1600,147.4688,148.1562,143.7812,144.25
1000414,1600,142.625,142.8125,133.5,136.0
1000417,1600,135.1875,140.75,134.6875,140.75
1000418,1600,140.5625,144.4688,139.7812,144.4688
1000419,1600,144.5,145.125,142.5312,143.125
1000420,1600,143.5625,143.9375,142.375,143.8125
1000424,1600,141.5,143.3125,140.5,142.25
1000425,1600,144.625,148.1562,144.4375,148.1562
1000426,1600,147.9688,148.75,146.0,146.4844
1000427,1600,143.0,147.3438,143.0,146.0
1000428,1600,147.0,147.8594,145.0625,145.0938
1000501,1600,146.5625,148.4844,145.8438,147.0625
1000502,1600,145.5,147.125,144.125,144.125
1000503,1600,144.0,144.0,139.7812,140.75
1000504,1600,142.0,142.3594,140.75,141.8125
1000505,1600,141.0625,144.0,140.9375,143.5312
1000508,1600,142.75,143.375,141.8438,142.4531
1000509,1600,143.0625,143.4062,140.2656,141.3125
1000510,1600,140.5,140.9688,137.75,138.125
1000511,1600,140.125,141.5,139.125,141.2812
1000512,1600,141.8125,143.4688,141.625,142.8125
1000515,1600,142.75,145.6094,142.0,145.2812
1000516,1600,146.5625,147.7188,145.3125,146.6875
1000517,1600,145.6875,146.1875,144.4688,145.1562
1000518,1600,145.625,146.3125,143.375,143.375
1000519,1600,142.5625,143.2344,140.4062,141.125
1000522,1600,141.25,141.4688,137.0,140.0625
1000523,1600,140.4375,140.8125,137.5625,138.0
1000524,1600,138.0,140.6875,136.5,140.25
1000525,1600,140.6875,141.8125,137.7188,137.8438
1000526,1600,138.8125,139.6875,137.3281,138.0
1000530,1600,140.0,142.9375,139.4688,142.5
1000531,1600,142.5625,144.0,142.0938,142.8125
1000601,1600,143.6875,145.4375,143.0,145.3125
1000602,1600,148.9375,149.0938,147.4844,147.8438
1000605,1600,147.4688,148.2188,146.875,147.125
1000606,1600,146.625,147.7812,145.9062,146.4688
1000607,1600,146.625,148.0,146.0,147.4844
1000608,1600,147.5,147.75,146.0625,146.9062
1000609,1600,147.5,147.9688,145.625,146.5938
1000612,1600,146.9688,146.9688,144.875,144.875
1000613,1600,144.8125,147.75,144.625,147.5938
1000614,1600,148.25,148.875,147.1875,147.8438
1000615,1600,148.125,148.75,146.8438,148.1562
1000616,1600,148.3125,148.3125,145.875,146.5938
1000619,1600,146.4688,149.1562,146.25,148.4688
1000620,1600,148.1875,148.875,147.0,147.9375
1000621,1600,146.9375,148.4375,146.8906,147.875
1000622,1600,147.5625,147.6875,145.0,145.625
1000623,1600,145.8125,146.125,143.875,144.375
1000626,1600,145.375,146.25,144.875,146.2344
1000627,1600,145.9844,146.7188,145.0156,145.1562
1000628,1600,145.625,146.9844,145.3125,145.5625
1000629,1600,144.75,145.75,143.5156,144.1875
1000630,1600,143.9375,145.5938,143.8906,145.2812
1000703,1600,145.4375,147.4375,145.1875,147.2812
1000705,1600,146.375,146.6562,144.375,144.625
1000706,1600,144.9375,146.4688,144.2188,145.75
1000707,1600,146.6875,148.7812,146.25,148.0938
1000710,1600,147.875,148.9062,147.5312,147.8438
1000711,1600,147.4688,149.125,147.1562,148.1562
1000712,1600,149.2812,150.125,148.6875,149.125
1000713,1600,149.9844,150.375,149.1875,149.7812
1000714,1600,150.4375,151.25,149.6719,151.25
1000717,1600,150.9844,151.9844,150.6875,151.0
1000718,1600,150.625,150.625,149.3438,149.7656
1000719,1600,149.4688,149.9062,148.25,148.5625
1000720,1600,149.0,150.625,148.8125,150.625
1000721,1600,149.75,149.75,147.6875,147.6875
1000724,1600,148.125,148.8594,146.5625,146.8438
1000725,1600,147.75,147.8438,146.7812,147.3125
1000726,1600,146.9688,147.1562,145.6406,145.875
1000727,1600,145.9375,146.625,144.6875,145.375
1000728,1600,145.7188,145.9062,141.5156,142.0938
1000731,1600,142.9375,144.125,142.0625,143.0
1000801,1600,143.625,144.7188,143.125,143.875
1000802,1600,143.875,145.4062,143.625,144.5938
1000803,1600,142.875,145.8125,142.625,145.5938
1000804,1600,146.3125,146.7188,145.4062,146.375
1000807,1600,146.7188,148.4375,146.375,148.125
1000808,1600,147.5,148.8125,147.5,148.6875
1000809,1600,149.1406,149.2188,147.375,147.4375
1000810,1600,147.5312,147.8594,146.2812,146.7188
1000811,1600,146.625,148.0,145.5625,147.4062
1000814,1600,147.7812,149.5625,147.0625,149.2812
1000815,1600,149.3438,149.8125,148.5625,149.1562
1000816,1600,149.3125,149.9375,147.8438,148.625
1000817,1600,148.6875,150.4375,148.3438,150.1875
1000818,1600,150.375,150.375,149.2188,149.6875
1000821,1600,150.0312,150.7188,149.4062,150.5
1000822,1600,150.5625,151.3125,150.0938,150.25
1000823,1600,149.8125,151.2812,149.2812,150.8438
1000824,1600,151.1562,151.5,150.5,151.3125
1000825,1600,151.1562,151.625,150.9375,151.25
1000828,1600,151.25,152.9062,151.25,151.7656
1000829,1600,151.4375,151.875,150.9062,151.7969
1000830,1600,151.3125,151.5,150.3438,150.3438
1000831,1600,151.0625,153.0938,150.9062,152.3438
1000901,1600,153.25,153.5938,152.0,152.5
1000905,1600,151.875,152.2031,150.8125,151.2812
1000906,1600,151.1875,151.9531,149.5312,149.5625
1000907,1600,150.25,151.0781,149.8281,150.8438
1000908,1600,150.2812,150.5,149.3281,149.8125
1000911,1600,149.75,151.1875,148.6875,149.5938
1000912,1600,149.75,150.25,148.4375,148.5
1000913,1600,148.0,149.3438,147.6562,148.8906
1000914,1600,149.875,149.9375,148.1562,149.6406
1000915,1600,148.1875,148.25,146.0,146.0
1000918,1600,146.375,146.9688,144.2031,144.6562
1000919,1600,145.125,146.3125,144.7031,145.9688
1000920,1600,145.6875,146.0312,143.1562,144.8906
1000921,1600,144.4688,145.5625,142.625,142.6875
1000922,1600,142.625,145.3125,142.4219,145.2812
1000925,1600,145.9375,146.0625,143.7188,144.25
1000926,1600,144.375,145.0,142.4062,142.4062
1000927,1600,143.5625,143.9688,142.125,143.1562
1000928,1600,143.1875,146.3281,142.8906,145.0
1000929,1600,145.4688,145.9688,143.625,143.625
1001002,1600,144.2812,144.9062,143.1406,143.8438
1001003,1600,144.5312,145.75,142.2812,142.5
1001004,1600,142.875,144.25,141.75,143.6875
1001005,1600,143.4062,144.8438,143.3125,144.1875
1001006,1600,143.875,144.6406,139.75,141.0625
1001009,1600,141.3125,141.3125,139.375,140.0
1001010,1600,140.0938,141.25,137.6875,137.6875
1001011,1600,137.625,138.625,135.125,136.5312
1001012,1600,137.2812,137.5938,132.7812,133.125
1001013,1600,132.9375,137.6562,132.875,137.5625
1001016,1600,137.4062,138.2344,136.6875,138.1875
1001017,1600,138.4375,138.5625,134.4062,134.75
1001018,1600,132.625,136.125,130.1562,134.25
1001019,1600,136.8438,139.4531,136.4375,139.3125
1001020,1600,138.375,141.1875,138.375,139.9062
1001023,1600,139.9375,141.0312,138.9375,140.5312
1001024,1600,140.9688,141.9375,139.0,139.5938
1001025,1600,138.75,139.5625,136.125,136.3125
1001026,1600,137.125,137.6562,134.0312,136.6875
1001027,1600,137.875,139.2812,136.625,139.2812
1001030,1600,138.4375,141.0938,138.1562,140.5312
1001031,1600,141.0156,143.6875,140.0625,142.9531
1001101,1600,142.25,143.25,141.2188,142.4688
1001102,1600,143.1562,143.9062,142.5156,142.7031
1001103,1600,143.4688,143.75,142.375,142.7812
1001106,1600,143.1562,144.2969,143.0312,143.7812
1001107,1600,143.1406,144.0,142.5625,143.75
1001108,1600,144.0625,144.0625,140.5625,140.5625
1001109,1600,140.0,141.2188,137.25,140.0312
1001110,1600,139.0,139.4688,136.5312,136.625
1001113,1600,135.625,136.9844,133.0156,135.5625
1001114,1600,137.4688,139.625,137.0,139.125
1001115,1600,139.0625,140.1094,137.75,139.5625
1001116,1600,138.5781,139.875,137.3125,137.375
1001117,1600,137.3125,139.0,135.75,136.6406
1001120,1600,135.75,136.375,134.3125,134.6875
1001121,1600,134.875,136.1875,133.5156,135.375
1001122,1600,134.3438,134.875,132.125,132.1406
1001124,1600,133.625,134.9688,133.625,134.8438
1001127,1600,136.4688,136.6875,135.3125,136.0312
1001128,1600,135.125,136.5938,133.6406,133.6875
1001129,1600,134.375,135.9062,133.2656,133.4375
1001130,1600,132.5,133.5,129.75,132.2812
1001201,1600,133.1875,134.0625,131.0,132.2188
1001204,1600,131.875,133.875,131.5,133.3438
1001205,1600,134.875,138.25,134.4062,137.7188
1001206,1600,137.7812,138.3438,135.0312,135.5156
1001207,1600,134.875,135.875,133.6562,133.6562
1001208,1600,137.0625,139.4688,133.875,133.9688
1001211,1600,137.375,139.5625,136.7188,138.625
1001212,1600,138.1875,138.8125,137.375,138.0312
1001213,1600,139.25,139.4062,136.0312,136.1406
1001214,1600,135.875,136.5,134.0312,134.4062
1001215,1600,133.125,133.125,130.5625,130.9688
1001218,1600,132.0625,133.4688,131.7656,132.7188
1001219,1600,132.4688,134.9688,130.0156,130.0156
1001220,1600,128.625,128.9375,126.0938,126.25
1001221,1600,126.0,128.8594,125.5312,127.125
1001222,1600,129.0,131.1094,128.8438,130.9375
1001226,1600,130.8438,132.3438,130.2812,132.3438
1001227,1600,131.75,133.7344,131.25,133.3125
1001228,1600,132.8125,133.875,132.5938,133.7188
1001229,1600,134.0625,134.2812,131.1875,131.1875
1010102,1600,132.0,132.1562,127.5625,128.8125
1010103,1600,128.3125,136.0,127.6562,135.0
1010104,1600,134.9375,135.4688,133.0,133.5469
1010105,1600,133.4688,133.625,129.1875,129.1875
1010108,1600,129.875,130.1875,127.6875,130.1875
1010109,1600,131.0469,131.5,129.4219,129.8438
1010110,1600,129.0,132.125,128.8125,132.125
1010111,1600,131.0938,133.4844,131.0938,132.25
1010112,1600,132.6875,133.7188,131.2812,132.0
1010116,1600,132.0,133.1875,131.5156,132.8438
1010117,1600,134.8438,135.0469,132.6406,133.4531
1010118,1600,133.4375,135.7031,132.9375,134.7812
1010119,1600,136.1875,136.1875,133.875,134.0156
1010122,1600,134.25,135.7812,133.5625,134.9062
1010123,1600,134.4688,136.6562,134.1562,135.9688
1010124,1600,136.25,137.3125,135.8438,136.375
1010125,1600,136.25,137.25,135.6562,136.0312
1010126,1600,135.1562,136.125,134.4531,135.875
1010129,1600,135.5,136.9,135.37,136.6
1010130,1600,136.3,137.92,135.79,137.8
1010131,1600,137.4,138.7,136.6,137.02
1010201,1600,137.1,137.95,136.25,137.93
1010202,1600,137.4,137.99,134.75,134.8
1010205,1600,134.8,135.94,134.75,135.79
1010206,1600,135.3,136.7,135.22,135.39
1010207,1600,134.72,135.4,133.68,134.69
1010208,1600,134.8,135.4,133.1,133.12
1010209,1600,133.35,133.35,131.26,131.84
1010212,1600,131.7,133.5,131.7,133.35
1010213,1600,133.7,134.17,132.0,132.26
1010214,1600,132.65,132.65,130.66,132.06
1010215,1600,132.84,133.52,131.99,133.34
1010216,1600,131.0,131.29,129.3,130.4
1010220,1600,131.04,131.14,128.1,128.39
1010221,1600,127.9,128.84,125.5,125.62
1010222,1600,126.35,126.54,123.02,125.81
1010223,1600,125.08,125.54,121.8,124.96
1010226,1600,125.8,127.62,124.5,127.62
1010227,1600,126.8,127.84,125.51,126.44
1010228,1600,126.75,126.84,123.27,123.95
1010301,1600,124.05,124.6,121.75,124.6
1010302,1600,122.5,125.65,122.3,123.61
1010305,1600,124.15,124.78,123.81,124.74
1010306,1600,126.35,127.75,125.49,126.08
1010307,1600,126.9,127.04,125.76,126.98
1010308,1600,126.6,127.24,126.14,127.12
1010309,1600,126.1,126.1,123.11,123.36
1010312,1600,122.34,122.5,117.75,118.08
1010313,1600,119.4,120.44,117.53,120.02
1010314,1600,117.05,119.29,115.75,117.65
1010315,1600,118.45,118.86,117.36,117.68
1010316,1600,117.13,117.4,114.81,115.01
1010319,1600,115.76,117.69,114.82,117.35
1010320,1600,117.9,118.46,114.11,114.2
1010321,1600,114.18,115.26,111.9,112.26
1010322,1600,112.02,112.6,108.04,111.12
1010323,1600,113.25,114.66,111.5,114.48
1010326,1600,115.7,116.27,114.77,115.94
1010327,1600,115.62,118.65,115.28,118.31
1010328,1600,116.9,116.95,114.9,115.04
1010329,1600,114.7,116.5,112.14,115.48
1010330,1600,115.55,116.69,114.5,116.69
1010402,1600,116.3,117.38,113.8,114.2
1010403,1600,113.98,114.15,110.06,110.39
1010404,1600,110.57,112.1,109.3,110.85
1010405,1600,113.3,115.49,112.5,115.05
1010406,1600,113.99,114.4,112.06,113.3
1010409,1600,114.0,114.99,112.78,114.56
1010410,1600,115.45,117.75,115.17,116.65
1010411,1600,118.78,118.99,116.14,116.73
1010412,1600,116.3,118.94,115.96,118.85
1010416,1600,118.29,118.89,116.91,117.6
1010417,1600,117.31,119.66,117.02,119.26
1010418,1600,121.06,126.0,120.69,124.0
1010419,1600,124.25,125.84,123.58,125.65
1010420,1600,124.9,125.4,123.66,124.5
1010423,1600,123.65,123.89,121.91,122.24
1010424,1600,122.52,123.65,121.1,121.58
1010425,1600,121.42,123.67,120.95,123.17
1010426,1600,123.73,125.22,123.5,123.72
1010427,1600,124.92,125.84,124.2,125.78
1010430,1600,126.45,127.27,124.67,126.66
1010501,1600,125.07,127.15,124.6,127.05
1010502,1600,127.41,127.69,126.0,126.82
1010503,1600,126.13,126.15,124.22,125.21
1010504,1600,123.65,127.35,123.44,127.34
1010507,1600,126.86,127.38,126.23,126.24
1010508,1600,126.86,127.1,125.56,126.18
1010509,1600,125.25,126.55,125.06,125.65
1010510,1600,127.26,127.5,125.77,126.02
1010511,1600,126.0,126.49,124.4,125.15
1010514,1600,124.9,125.44,124.46,125.4
1010515,1600,125.55,126.5,124.85,125.98
1010516,1600,124.84,129.2,124.62,128.95
1010517,1600,129.0,130.08,128.56,129.15
1010518,1600,129.09,129.74,128.1,129.74
1010521,1600,129.84,131.84,129.15,131.65
1010522,1600,131.83,132.09,131.07,131.48
1010523,1600,131.05,131.05,129.25,129.25
1010524,1600,129.47,130.0,128.55,129.63
1010525,1600,129.65,129.7,127.9,128.1
1010529,1600,128.22,128.35,126.9,127.08
1010530,1600,126.59,127.09,125.0,125.3
1010531,1600,125.43,126.76,125.26,125.95
1010601,1600,126.2,127.1,125.12,126.73
1010604,1600,126.8,127.43,126.08,127.34
1010605,1600,127.49,129.23,127.27,128.8
1010606,1600,128.83,128.83,127.36,127.73
1010607,1600,127.05,128.35,127.0,128.19
1010608,1600,127.7,127.87,126.14,127.0
1010611,1600,126.71,126.99,125.41,126.1
1010612,1600,124.86,126.74,124.04,125.88
1010613,1600,126.17,126.58,124.65,124.8
1010614,1600,124.18,124.3,121.75,122.0
1010615,1600,120.91,122.4,120.4,121.85
1010618,1600,121.65,122.44,120.91,121.26
1010619,1600,122.38,122.89,120.89,121.79
1010620,1600,121.19,122.86,121.1,122.43
1010621,1600,122.22,124.31,122.15,123.82
1010622,1600,123.49,123.59,122.16,122.85
1010625,1600,123.28,123.44,121.5,121.72
1010626,1600,120.9,122.39,120.57,121.55
1010627,1600,121.6,122.24,120.91,121.48
1010628,1600,122.0,123.94,121.93,122.15
1010629,1600,122.8,124.01,122.26,122.6
1010702,1600,122.8,124.32,122.62,124.13
1010703,1600,123.98,124.1,123.05,124.1
1010705,1600,123.07,123.65,121.66,121.68
1010706,1600,121.31,121.49,119.05,119.05
1010709,1600,119.49,120.54,119.2,119.7
1010710,1600,120.29,120.64,118.21,118.26
1010711,1600,118.1,118.89,117.09,118.38
1010712,1600,119.5,121.47,119.31,121.19
1010713,1600,120.84,122.32,120.62,122.24
1010716,1600,121.77,122.28,120.29,120.71
1010717,1600,120.2,121.95,119.83,121.84
1010718,1600,120.56,121.64,120.06,121.01
1010719,1600,122.18,122.98,120.76,122.07
1010720,1600,121.15,121.94,120.92,121.34
1010723,1600,121.8,121.88,118.95,118.95
1010724,1600,119.0,119.2,116.75,117.8
1010725,1600,117.92,119.48,117.46,119.1
1010726,1600,119.06,120.85,118.56,120.35
1010727,1600,120.83,121.35,119.91,120.81
1010730,1600,121.19,121.35,120.3,120.85
1010731,1600,121.0,122.68,120.8,121.35
1010801,1600,121.97,122.7,121.55,122.11
1010802,1600,123.23,123.25,121.89,122.61
1010803,1600,122.36,122.36,120.9,121.94
1010806,1600,121.35,121.51,120.1,120.3
1010807,1600,120.27,121.2,119.91,120.77
1010808,1600,120.12,121.16,118.43,118.53
1010809,1600,118.7,118.97,117.86,118.88
1010810,1600,118.8,119.84,117.34,119.29
1010813,1600,119.6,119.85,118.81,119.32
1010814,1600,120.14,120.35,118.8,119.27
1010815,1600,119.23,119.61,118.08,118.24
1010816,1600,117.8,118.75,117.0,118.65
1010817,1600,117.65,117.87,116.01,116.75
1010820,1600,116.8,117.9,116.55,117.83
1010821,1600,117.8,118.54,115.8,115.82
1010822,1600,116.75,117.43,115.78,117.02
1010823,1600,116.96,117.52,116.49,116.6
1010824,1600,117.21,119.13,116.74,119.02
1010827,1600,118.97,119.2,118.26,118.31
1010828,1600,118.28,118.49,116.58,116.58
1010829,1600,117.13,117.18,115.17,115.54
1010830,1600,114.85,115.74,112.04,113.32
1010831,1600,113.4,114.77,113.13,114.15
1010904,1600,113.85,116.17,113.37,113.42
1010905,1600,113.7,114.19,111.95,113.7
1010906,1600,112.65,113.3,110.77,110.77
1010907,1600,110.02,111.25,108.63,108.72
1010910,1600,107.7,110.35,107.7,110.05
1010917,1600,101.0,106.4,100.0,104.3
1010918,1600,104.33,105.3,103.36,104.05
1010919,1600,104.1,104.5,98.56,101.95
1010920,1600,100.4,101.81,98.56,98.71
1010921,1600,94.28,98.99,93.8,97.28
1010924,1600,99.72,101.16,99.06,100.7
1010925,1600,100.75,102.0,99.9,101.75
1010926,1600,102.35,102.4,100.43,101.39
1010927,1600,101.25,102.29,100.0,102.27
1010928,1600,102.98,109.62,102.5,104.44
1011001,1600,103.9,104.32,102.83,104.27
1011002,1600,104.0,105.58,103.65,105.58
1011003,1600,104.6,107.88,104.35,107.35
1011004,1600,108.29,108.97,106.75,107.44
1011005,1600,107.25,107.62,105.52,107.23
1011008,1600,106.27,107.3,105.87,106.53
1011009,1600,106.61,106.75,105.6,105.96
1011010,1600,105.8,108.55,105.52,108.32
1011011,1600,108.95,110.3,108.95,110.0
1011012,1600,109.15,109.89,107.3,109.5
1011015,1600,108.63,109.45,108.06,109.3
1011016,1600,109.8,110.61,108.95,109.99
1011017,1600,111.07,111.15,107.65,107.65
1011018,1600,107.82,108.16,106.75,107.42
1011019,1600,107.0,107.91,106.01,107.35
1011022,1600,107.3,109.57,107.21,109.47
1011023,1600,109.96,110.28,108.38,108.91
1011024,1600,108.98,109.45,108.22,108.62
1011025,1600,107.45,110.6,106.74,110.57
1011026,1600,109.95,111.79,109.67,110.32
1011029,1600,110.16,110.55,107.45,107.45
1011030,1600,107.35,107.7,105.56,106.16
1011031,1600,106.9,107.86,105.8,105.8
1011101,1600,106.6,109.01,105.7,108.51
1011102,1600,108.44,109.38,107.87,109.25
1011105,1600,110.12,111.09,109.95,110.68
1011106,1600,110.35,112.48,109.85,112.4
1011107,1600,111.77,113.12,111.64,112.25
1011108,1600,112.87,114.08,111.9,112.6
1011109,1600,112.25,112.96,111.44,112.72
1011112,1600,111.0,112.65,110.0,112.03
1011113,1600,113.44,114.55,113.18,114.55
1011114,1600,115.17,115.4,113.71,114.66
1011115,1600,114.37,115.18,113.93,114.87
1011116,1600,115.08,115.1,113.4,114.36
1011119,1600,114.92,115.85,114.45,115.77
1011120,1600,115.37,115.8,114.64,114.8
1011121,1600,114.5,114.67,113.51,114.04
1011123,1600,114.04,115.75,114.0,115.68
1011126,1600,115.75,116.34,115.07,115.93
1011127,1600,115.62,116.9,114.09,115.43
1011128,1600,114.74,115.17,113.25,113.34
1011129,1600,113.66,114.92,113.0,114.87
1011130,1600,114.4,114.91,114.02,114.05
1011203,1600,113.65,114.08,113.01,113.37
1011204,1600,113.92,115.3,113.35,115.29
1011205,1600,115.61,118.0,115.56,117.4
1011206,1600,117.34,117.94,116.93,117.34
1011207,1600,116.9,117.09,115.7,116.56
1011210,1600,115.85,116.39,114.35,114.38
1011211,1600,114.9,115.72,113.9,114.15
1011212,1600,114.55,114.78,113.11,114.28
1011213,1600,113.45,113.7,112.04,112.06
1011214,1600,112.33,113.49,112.0,113.13
1011217,1600,112.99,114.36,112.9,114.3
1011218,1600,114.63,115.15,114.34,114.98
1011219,1600,114.09,115.92,114.0,115.79
1011220,1600,115.5,115.8,114.55,114.65
1011221,1600,115.03,115.07,114.2,114.95
1011224,1600,114.83,115.04,114.61,114.73
1011226,1600,114.65,116.21,114.65,115.36
1011227,1600,115.3,116.08,115.25,116.06
1011228,1600,116.29,116.75,115.92,116.0
1011231,1600,116.15,116.39,114.23,114.3
1020102,1600,115.11,115.75,113.81,115.53
1020103,1600,115.65,116.95,115.54,116.84
1020104,1600,117.17,117.98,116.55,117.62
1020107,1600,117.7,117.99,116.56,116.79
1020108,1600,116.79,117.06,115.97,116.52
1020109,1600,116.68,117.78,115.34,115.57
1020110,1600,115.69,116.35,115.3,116.08
1020111,1600,116.21,116.28,114.7,114.94
1020114,1600,114.65,114.84,113.96,114.22
1020115,1600,114.55,115.39,113.9,115.15
1020116,1600,114.3,114.4,112.69,112.82
1020117,1600,113.76,114.24,113.4,113.67
1020118,1600,113.0,113.85,112.67,113.15
1020122,1600,113.75,113.93,112.02,112.37
1020123,1600,112.63,113.55,112.02,113.23
1020124,1600,113.64,114.25,113.32,113.58
1020125,1600,113.12,114.18,113.04,113.55
1020128,1600,113.9,114.19,112.92,113.86
1020129,1600,113.85,114.13,110.05,110.28
1020130,1600,110.39,113.39,108.4,111.87
1020131,1600,112.15,113.3,111.62,113.18
1020201,1600,113.09,113.3,112.17,112.65
1020204,1600,112.23,112.23,109.44,109.85
1020205,1600,109.4,110.49,108.53,109.17
1020206,1600,109.65,109.74,108.06,108.7
1020207,1600,108.72,109.86,108.0,108.02
1020208,1600,108.63,110.75,108.3,110.09
1020211,1600,110.05,111.64,109.82,111.44
1020212,1600,110.96,111.71,110.03,111.09
1020213,1600,111.48,112.54,111.35,112.27
1020214,1600,112.51,112.97,111.59,112.06
1020215,1600,112.15,112.24,110.71,110.89
1020219,1600,110.15,110.29,108.61,108.76
1020220,1600,109.05,110.59,107.82,110.59
1020221,1600,109.93,110.63,108.26,108.3
1020222,1600,108.35,109.94,107.87,109.64
1020225,1600,109.74,111.81,109.7,111.45
1020226,1600,111.6,112.04,110.57,111.22
1020227,1600,111.96,112.86,110.65,111.65
1020228,1600,111.83,112.75,111.03,111.15
1020301,1600,111.72,113.85,111.51,113.74
1020304,1600,113.9,115.99,113.65,115.75
1020305,1600,115.33,116.4,114.97,115.38
1020306,1600,115.1,117.15,115.07,116.75
1020307,1600,117.36,117.5,115.57,116.5
1020308,1600,117.38,117.9,116.48,116.99
1020311,1600,116.89,117.9,116.43,117.24
1020312,1600,116.1,117.25,115.94,117.17
1020313,1600,116.63,116.75,115.64,116.04
1020314,1600,116.04,116.43,115.63,115.88
1020315,1600,115.97,116.95,115.9,116.65
1020318,1600,117.1,117.56,116.1,116.67
1020319,1600,117.3,117.74,116.82,117.45
1020320,1600,116.5,116.58,115.19,115.24
1020321,1600,115.3,115.9,114.12,115.29
1020322,1600,115.5,115.94,114.7,115.04
1020325,1600,115.09,115.36,113.3,113.61
1020326,1600,113.52,115.02,113.47,114.27
1020327,1600,114.03,115.01,113.76,114.57
1020328,1600,114.97,115.77,114.5,114.52
1020401,1600,114.23,115.1,113.5,114.57
1020402,1600,113.98,114.95,113.77,113.94
1020403,1600,114.01,114.21,112.16,113.14
1020404,1600,112.6,113.4,112.23,112.67
1020405,1600,113.19,113.63,112.18,112.69
1020408,1600,111.32,113.03,111.23,112.93
1020409,1600,113.18,113.18,111.93,112.14
1020410,1600,112.1,113.54,112.09,113.41
1020411,1600,112.89,113.05,110.5,110.59
1020412,1600,111.02,111.65,110.04,111.42
1020415,1600,111.62,111.86,110.2,110.57
1020416,1600,111.7,113.32,111.67,113.2
1020417,1600,113.39,113.67,112.6,112.96
1020418,1600,112.9,113.46,111.15,112.47
1020419,1600,113.2,113.24,112.56,112.88
1020422,1600,112.38,112.43,110.84,111.0
1020423,1600,111.09,111.48,110.17,110.52
1020424,1600,110.56,111.81,109.4,109.41
1020425,1600,109.21,109.74,108.72,109.47
1020426,1600,109.79,110.01,107.29,107.39
1020429,1600,107.93,108.26,106.63,106.86
1020430,1600,107.02,108.64,106.64,107.86
1020501,1600,107.97,109.25,106.8,109.18
1020502,1600,109.1,109.91,107.78,108.76
1020503,1600,108.6,108.76,107.2,107.58
1020506,1600,107.64,107.99,105.31,105.47
1020507,1600,106.1,106.32,104.9,105.1
1020508,1600,107.05,109.36,106.79,109.01
1020509,1600,108.65,109.1,107.58,107.75
1020510,1600,107.97,108.05,105.6,105.72
1020513,1600,106.22,107.95,105.79,107.87
1020514,1600,109.62,110.37,109.0,110.22
1020515,1600,109.5,110.91,109.29,109.79
1020516,1600,109.7,110.48,109.33,110.36
1020517,1600,110.66,111.25,110.1,110.9
1020520,1600,110.64,110.69,109.49,109.7
1020521,1600,110.11,110.48,108.32,108.7
1020522,1600,108.22,109.12,108.0,108.94
1020523,1600,109.26,110.36,108.48,110.1
1020524,1600,109.98,110.2,108.61,108.69
1020528,1600,109.05,109.13,107.45,108.1
1020529,1600,107.62,108.02,107.13,107.3
1020530,1600,106.55,107.51,105.9,107.0
1020531,1600,107.4,108.56,106.85,107.22
1020603,1600,107.09,107.6,104.13,104.37
1020604,1600,104.15,105.2,103.55,104.63
1020605,1600,104.95,105.67,104.35,105.61
1020606,1600,105.54,105.6,103.15,103.46
1020607,1600,101.78,103.92,101.72,103.34
1020610,1600,103.24,104.46,103.02,103.74
1020611,1600,104.13,104.54,101.73,101.96
1020612,1600,101.71,102.81,100.78,102.58
1020613,1600,102.13,103.0,101.34,101.55
1020614,1600,100.31,101.56,98.5,101.4
1020617,1600,101.92,104.34,101.85,104.12
1020618,1600,103.74,105.03,103.63,104.97
1020619,1600,103.5,104.43,102.24,102.52
1020620,1600,102.26,103.05,100.96,101.21
1020621,1600,100.47,100.93,98.68,99.28
1020624,1600,98.61,100.69,97.25,99.8
1020625,1600,100.3,100.89,97.54,97.56
1020626,1600,95.2,98.15,95.19,97.72
1020627,1600,98.5,99.49,96.57,99.43
1020628,1600,99.24,100.5,98.88,98.96
1020701,1600,99.18,99.8,96.89,97.03
1020702,1600,96.86,97.2,94.77,94.97
1020703,1600,94.62,95.84,93.72,95.51
1020705,1600,96.78,99.53,96.66,99.31
1020708,1600,98.98,99.7,97.56,98.07
1020709,1600,97.73,98.34,95.01,95.6
1020710,1600,96.0,96.07,92.04,92.12
1020711,1600,91.76,93.35,90.32,92.87
1020712,1600,93.33,93.89,91.52,91.85
1020715,1600,91.64,92.4,87.89,92.34
1020716,1600,91.12,92.38,89.87,90.56
1020717,1600,92.46,93.3,89.75,90.74
1020718,1600,90.7,91.1,87.75,87.8
1020719,1600,86.76,87.55,84.3,84.71
1020722,1600,84.1,85.91,81.45,82.2
1020723,1600,82.55,83.24,79.75,79.95
1020724,1600,78.13,85.12,77.68,84.72
1020725,1600,84.27,85.85,81.6,84.0
1020726,1600,84.65,85.93,83.8,85.6
1020729,1600,87.5,90.34,87.3,89.77
1020730,1600,89.32,91.4,88.72,90.94
1020731,1600,90.49,91.55,89.25,91.16
1020801,1600,90.88,91.35,88.33,88.78
1020802,1600,88.5,88.91,85.62,86.79
1020805,1600,86.49,86.93,83.55,83.77
1020806,1600,85.23,87.9,85.11,86.59
1020807,1600,87.87,88.5,85.77,88.1
1020808,1600,88.42,91.1,87.8,90.95
1020809,1600,90.1,91.94,89.35,91.29
1020812,1600,89.99,91.27,89.55,90.62
1020813,1600,90.15,91.66,88.65,88.97
1020814,1600,89.02,92.63,88.02,92.22
1020815,1600,92.84,93.99,92.2,93.5
1020816,1600,92.82,94.08,92.0,93.22
1020819,1600,93.46,95.75,93.1,95.4
1020820,1600,94.82,95.4,93.62,94.39
1020821,1600,95.06,95.78,93.57,95.75
1020822,1600,95.49,97.15,95.07,96.68
1020823,1600,96.01,96.15,94.15,94.6
1020826,1600,94.91,95.64,93.5,95.26
1020827,1600,95.7,96.25,93.5,94.16
1020828,1600,93.28,93.49,91.8,92.1
1020829,1600,91.27,93.05,90.81,92.14
1020830,1600,91.68,93.39,91.4,91.78
1020903,1600,90.73,91.0,88.15,88.28
1020904,1600,88.61,90.25,88.06,89.54
1020905,1600,88.49,89.43,87.5,88.78
1020906,1600,89.75,90.57,89.34,90.0
1020909,1600,89.1,91.35,88.8,90.66
1020910,1600,91.14,91.78,90.56,91.7
1020911,1600,92.47,93.33,91.1,91.13
1020912,1600,90.75,90.84,88.99,89.45
1020913,1600,88.69,89.9,88.25,89.67
1020916,1600,89.31,89.89,88.46,89.89
1020917,1600,90.89,91.19,87.75,87.83
1020918,1600,87.01,88.5,86.28,86.95
1020919,1600,85.99,86.8,84.7,84.7
1020920,1600,84.92,85.2,84.05,84.35
1020923,1600,83.65,84.06,82.69,83.66
1020924,1600,82.44,83.65,81.85,82.31
1020925,1600,83.37,84.77,82.04,84.35
1020926,1600,85.02,85.97,84.45,85.73
1020927,1600,85.0,85.63,82.75,82.75
1020930,1600,82.0,82.8,80.9,81.79
1021001,1600,82.43,85.77,81.47,85.72
1021002,1600,84.69,85.53,82.6,83.15
1021003,1600,83.14,84.6,81.95,82.31
1021004,1600,82.8,82.92,79.58,80.8
1021007,1600,80.06,81.2,78.55,79.13
1021008,1600,79.81,81.31,78.2,80.37
1021009,1600,79.09,79.7,77.78,78.1
1021010,1600,77.94,81.07,77.07,80.63
1021011,1600,82.1,84.73,81.82,84.16
1021014,1600,83.2,84.85,83.04,84.63
1021015,1600,86.99,88.72,86.85,88.7
1021016,1600,87.41,87.8,85.92,86.55
1021017,1600,88.87,89.3,87.85,88.27
1021018,1600,87.65,89.11,86.93,88.64
1021021,1600,88.12,90.5,87.57,90.17
1021022,1600,89.05,90.01,88.52,89.52
1021023,1600,88.77,90.27,87.68,90.2
1021024,1600,90.75,90.9,88.1,88.36
1021025,1600,88.21,90.39,87.94,90.2
1021028,1600,91.15,91.29,88.85,89.61
1021029,1600,89.08,89.49,87.0,88.57
1021030,1600,88.68,89.96,88.23,89.43
1021031,1600,89.66,90.3,88.19,88.52
1021101,1600,88.35,90.82,88.05,90.27
1021104,1600,91.8,92.94,90.9,91.13
1021105,1600,90.84,92.07,90.84,91.85
1021106,1600,92.48,93.07,90.79,93.04
1021107,1600,92.02,92.22,90.22,90.76
1021108,1600,90.53,91.57,89.52,89.65
1021111,1600,89.51,89.56,87.8,88.26
1021112,1600,88.66,89.93,88.37,88.96
1021113,1600,88.32,89.74,87.45,89.05
1021114,1600,90.07,91.0,89.75,90.73
1021115,1600,90.0,91.55,89.95,91.4
1021118,1600,92.15,92.15,90.35,90.48
1021119,1600,90.02,91.1,89.76,90.36
1021120,1600,89.98,92.42,89.95,92.37
1021121,1600,92.6,94.19,92.43,94.09
1021122,1600,93.48,94.27,93.27,93.42
1021125,1600,93.43,94.26,92.77,93.48
1021126,1600,93.07,93.45,91.62,91.7
1021127,1600,92.52,94.65,92.43,94.28
1021129,1600,94.8,94.95,93.77,93.98
1021202,1600,95.47,96.05,93.22,94.13
1021203,1600,93.25,93.4,92.35,92.87
1021204,1600,91.77,93.14,91.43,92.45
1021205,1600,92.73,92.8,91.1,91.43
1021206,1600,90.12,92.17,89.98,92.03
1021209,1600,91.07,91.46,89.48,89.5
1021210,1600,90.02,91.1,89.76,90.7
1021211,1600,90.42,91.62,90.16,90.78
1021212,1600,91.2,91.49,90.2,90.77
1021213,1600,89.91,90.48,89.27,89.34
1021216,1600,89.82,91.79,89.66,91.65
1021217,1600,91.37,91.74,90.74,90.85
1021218,1600,90.32,90.4,89.33,89.8
1021219,1600,89.35,90.7,88.6,89.16
1021220,1600,89.2,90.02,89.1,89.99
1021223,1600,89.59,90.47,89.31,90.02
1021224,1600,89.59,89.86,89.25,89.35
1021226,1600,89.7,90.61,88.84,89.39
1021227,1600,88.96,89.29,87.38,87.38
1021230,1600,87.79,88.47,87.22,88.11
1021231,1600,87.99,88.43,87.11,88.23
1030102,1600,88.85,91.3,88.54,91.07
1030103,1600,90.91,91.38,90.5,91.35
1030106,1600,91.24,93.49,91.17,92.96
1030107,1600,92.9,93.37,92.2,92.73
1030108,1600,92.2,92.4,91.05,91.39
1030109,1600,91.82,93.18,91.41,92.81
1030110,1600,91.95,93.64,91.8,93.06
1030113,1600,93.54,93.86,92.44,93.03
1030114,1600,92.69,93.83,92.41,93.33
1030115,1600,93.54,93.57,91.91,92.4
1030116,1600,92.5,92.93,91.45,92.02
1030117,1600,90.99,92.3,90.15,90.66
1030121,1600,90.87,90.92,88.95,89.25
1030122,1600,88.77,89.8,88.0,88.17
1030123,1600,88.75,89.38,87.95,88.71
1030124,1600,88.59,88.68,86.17,86.38
1030127,1600,85.73,86.8,84.5,85.2
1030128,1600,85.63,86.4,85.13,85.83
1030129,1600,85.42,87.18,84.77,86.48
1030130,1600,86.79,86.88,84.4,84.43
1030131,1600,84.15,86.21,84.15,86.06
1030203,1600,86.14,86.81,85.92,86.23
1030204,1600,85.31,85.75,84.3,85.38
1030205,1600,85.75,86.54,84.48,84.85
1030206,1600,84.37,84.89,83.65,84.45
1030207,1600,84.91,84.99,82.97,83.42
1030210,1600,83.46,84.13,82.65,84.01
1030211,1600,84.37,84.88,82.83,83.43
1030212,1600,83.16,83.62,82.09,82.1
1030213,1600,82.15,82.66,81.0,82.35
1030214,1600,82.37,84.2,81.82,84.15
1030218,1600,84.53,85.8,84.39,85.63
1030219,1600,85.32,85.47,84.28,85.18
1030220,1600,85.21,85.42,84.05,84.33
1030221,1600,84.38,85.74,83.46,85.18
1030224,1600,84.93,85.0,83.59,83.8
1030225,1600,82.95,84.49,82.22,84.47
1030226,1600,84.02,84.53,83.08,83.24
1030227,1600,83.7,84.75,83.16,84.34
1030228,1600,84.47,85.23,84.16,84.9
1030303,1600,85.26,85.78,83.72,84.09
1030304,1600,83.95,84.01,82.65,82.75
1030305,1600,82.61,83.54,82.36,83.45
1030306,1600,82.87,83.52,82.47,82.75
1030307,1600,81.61,83.99,81.43,83.32
1030310,1600,82.6,82.86,81.1,81.32
1030311,1600,81.48,82.0,80.48,80.52
1030312,1600,80.38,81.1,79.38,81.06
1030313,1600,82.18,83.91,81.53,83.86
1030314,1600,84.2,84.77,83.35,84.13
1030317,1600,83.46,86.95,83.22,86.78
1030318,1600,87.15,87.35,86.28,87.29
1030319,1600,87.28,88.16,86.68,87.96
1030320,1600,87.33,88.59,86.35,88.15
1030321,1600,88.8,89.88,87.93,89.67
1030324,1600,88.02,88.14,86.35,86.69
1030325,1600,86.74,88.26,86.44,87.52
1030326,1600,87.56,87.85,86.8,87.08
1030327,1600,86.4,87.66,85.99,87.15
1030328,1600,86.47,87.28,86.25,86.71
1030331,1600,85.35,86.59,84.4,84.74
1030401,1600,85.25,86.39,84.91,86.04
1030402,1600,87.54,88.77,87.5,88.12
1030403,1600,88.87,88.99,87.65,87.7
1030404,1600,88.43,88.59,87.62,88.22
1030407,1600,90.34,90.85,87.97,88.05
1030408,1600,88.3,88.65,87.71,88.19
1030409,1600,88.36,89.1,86.77,87.03
1030410,1600,87.09,87.63,85.71,87.51
1030411,1600,88.16,88.7,86.86,87.15
1030414,1600,87.47,89.0,87.0,88.95
1030415,1600,88.84,89.78,88.42,89.78
1030416,1600,89.91,90.06,88.03,88.25
1030417,1600,88.3,89.72,88.19,89.56
1030421,1600,89.86,90.16,89.06,89.65
1030422,1600,89.1,91.56,88.89,91.34
1030423,1600,91.62,92.35,91.24,92.18
1030424,1600,91.53,92.08,90.96,91.36
1030425,1600,91.3,91.47,90.02,90.23
1030428,1600,90.44,92.19,90.3,91.79
1030429,1600,92.14,92.8,91.4,92.11
1030430,1600,91.91,92.57,91.41,91.91
1030501,1600,91.92,92.73,90.5,91.9
1030502,1600,91.56,93.47,91.49,93.21
1030505,1600,93.47,93.78,92.5,93.03
1030506,1600,93.04,94.38,93.0,93.91
1030507,1600,93.42,94.14,92.97,93.39
1030508,1600,92.52,93.33,92.28,92.45
1030509,1600,92.83,93.8,92.61,93.73
1030512,1600,93.5,95.12,93.28,94.88
1030513,1600,94.53,95.18,94.26,94.71
1030514,1600,95.09,95.24,93.91,94.51
1030515,1600,94.89,95.33,94.25,95.11
1030516,1600,94.89,95.45,94.26,94.87
1030519,1600,94.15,94.42,92.33,92.65
1030520,1600,92.82,93.03,91.59,92.46
1030521,1600,92.11,92.88,91.91,92.65
1030522,1600,92.95,94.05,92.68,93.57
1030523,1600,93.53,93.98,93.14,93.76
1030527,1600,93.3,95.84,93.07,95.4
1030528,1600,95.85,96.47,95.43,95.67
1030529,1600,95.88,96.82,95.08,95.42
1030530,1600,95.9,97.09,95.56,96.95
1030602,1600,97.53,98.45,96.67,97.35
1030603,1600,97.15,97.84,96.85,97.75
1030604,1600,97.66,99.35,97.57,99.16
1030605,1600,98.58,99.65,98.27,99.65
1030606,1600,100.4,101.4,99.13,99.26
1030609,1600,98.77,99.1,97.77,98.25
1030610,1600,98.46,99.26,98.19,99.25
1030611,1600,99.16,100.39,98.71,100.3
1030612,1600,100.75,100.9,99.62,100.61
1030613,1600,100.61,100.75,98.95,99.56
1030616,1600,99.96,101.7,99.8,101.66
1030617,1600,102.07,102.18,101.23,101.66
1030618,1600,101.29,102.14,101.0,101.57
1030619,1600,101.64,101.73,99.84,100.02
1030620,1600,100.39,100.5,99.42,99.44
1030623,1600,99.45,99.66,97.92,98.42
1030624,1600,98.22,99.09,98.02,98.52
1030625,1600,98.53,99.44,97.53,97.53
1030626,1600,97.78,98.98,96.96,98.8
1030627,1600,98.75,99.19,97.58,97.66
1030630,1600,98.22,98.67,97.47,97.63
1030701,1600,97.25,98.85,96.43,98.53
1030702,1600,98.77,99.79,98.57,99.77
1030703,1600,99.07,99.85,97.9,98.74
1030707,1600,99.65,100.9,99.65,100.7
1030708,1600,100.5,101.29,100.17,101.15
1030709,1600,100.92,101.4,100.03,100.58
1030710,1600,99.84,100.04,98.63,99.3
1030711,1600,99.39,100.45,99.39,100.24
1030714,1600,101.2,101.9,100.45,100.73
1030715,1600,101.38,101.46,99.95,100.51
1030716,1600,100.81,100.87,99.23,99.92
1030717,1600,99.15,99.88,98.16,98.5
1030718,1600,99.02,99.8,98.46,99.51
1030721,1600,99.45,99.49,97.85,98.28
1030722,1600,98.69,99.41,97.92,99.17
1030723,1600,99.21,99.45,98.28,99.24
1030724,1600,99.99,100.34,98.37,98.49
1030725,1600,98.66,100.29,98.04,100.23
1030728,1600,100.37,100.98,99.67,99.86
1030729,1600,100.14,100.26,98.68,99.4
1030730,1600,99.6,99.75,98.93,99.16
1030731,1600,99.98,100.91,99.17,99.39
1030801,1600,99.19,99.53,98.24,98.51
1030804,1600,98.31,99.0,97.0,98.51
1030805,1600,98.41,98.76,96.34,96.42
1030806,1600,96.69,98.06,96.42,96.98
1030807,1600,97.17,98.07,96.76,98.0
1030808,1600,98.32,98.55,97.76,98.28
1030811,1600,98.26,99.04,97.84,98.65
1030812,1600,98.71,99.59,98.42,99.55
1030813,1600,99.82,99.85,98.53,99.04
1030814,1600,99.1,99.75,98.45,99.31
1030815,1600,99.36,99.79,99.12,99.62
1030818,1600,99.93,100.6,99.74,100.48
1030819,1600,100.69,100.94,100.0,100.86
1030820,1600,100.29,100.89,100.16,100.45
1030821,1600,101.05,101.52,100.4,100.77
1030822,1600,101.75,101.82,99.73,99.77
1030825,1600,99.71,100.83,99.28,99.93
1030826,1600,99.5,100.39,98.83,100.11
1030827,1600,100.05,100.36,99.57,100.14
1030828,1600,100.4,101.0,99.66,100.76
1030829,1600,100.61,101.48,100.48,101.44
1030902,1600,101.64,102.88,101.05,102.8
1030903,1600,103.03,103.7,102.78,103.36
1030904,1600,103.1,103.55,102.76,103.41
1030905,1600,102.94,103.55,102.4,102.83
1030908,1600,103.04,103.88,102.93,103.68
1030909,1600,103.37,103.46,102.68,103.0
1030910,1600,102.53,102.8,101.55,101.96
1030911,1600,102.1,102.76,101.84,102.26
1030912,1600,101.91,102.64,101.35,102.45
1030915,1600,102.52,102.63,101.95,102.09
1030916,1600,102.23,103.64,102.17,103.58
1030917,1600,103.48,103.79,103.05,103.38
1030918,1600,103.4,104.7,103.17,104.6
1030919,1600,104.27,104.6,103.4,103.67
1030922,1600,102.85,102.96,102.03,102.55
1030923,1600,102.59,103.29,102.36,102.94
1030924,1600,103.12,103.22,101.07,101.11
1030925,1600,101.41,101.88,100.2,100.28
1030926,1600,100.44,100.66,99.85,99.95
1030929,1600,100.3,100.99,99.79,100.93
1030930,1600,100.48,100.76,99.25,99.95
1031001,1600,100.24,102.18,100.2,102.08
1031002,1600,101.93,102.56,101.63,102.45
1031003,1600,103.67,104.28,103.08,103.39
1031006,1600,103.48,103.99,103.2,103.86
1031007,1600,103.26,104.31,102.91,104.26
1031008,1600,104.33,104.39,103.41,104.0
1031009,1600,104.88,105.22,103.83,104.28
1031010,1600,104.27,104.6,103.91,104.57
1031013,1600,104.71,105.29,104.51,104.9
1031014,1600,104.8,105.43,104.36,105.27
1031015,1600,105.86,105.89,104.64,104.99
1031016,1600,104.68,105.73,104.65,105.41
1031017,1600,105.47,105.63,103.98,104.26
1031020,1600,104.45,105.04,103.94,105.04
1031021,1600,104.82,105.28,104.32,104.86
1031022,1600,104.03,104.19,103.19,103.54
1031023,1600,102.89,103.95,102.84,103.35
1031024,1600,102.83,103.58,102.18,103.58
1031027,1600,103.74,104.18,103.27,103.63
1031028,1600,103.98,105.15,103.82,105.04
1031029,1600,104.77,105.43,103.87,105.18
1031030,1600,105.79,105.97,104.8,105.4
1031031,1600,105.4,105.74,105.22,105.3
1031103,1600,105.75,106.61,105.71,105.99
1031104,1600,105.99,106.27,105.58,105.76
1031105,1600,105.49,105.97,104.9,105.84
1031106,1600,105.6,106.44,105.1,106.4
1031107,1600,106.64,106.72,105.57,105.61
1031110,1600,105.74,105.84,105.01,105.18
1031111,1600,105.09,105.33,104.8,105.15
1031112,1600,105.23,106.47,105.16,106.33
1031113,1600,106.01,106.54,105.78,106.36
1031114,1600,106.4,106.95,105.29,105.46
1031117,1600,104.91,105.14,104.04,104.93
1031118,1600,105.24,105.45,103.7,103.84
1031119,1600,104.03,105.01,103.92,104.72
1031120,1600,104.0,105.24,103.75,103.78
1031121,1600,104.24,104.33,103.62,104.21
1031124,1600,104.69,105.78,104.68,105.59
1031125,1600,105.73,106.42,105.45,105.99
1031126,1600,106.42,106.45,105.39,106.37
1031128,1600,106.28,106.66,106.2,106.45
1031201,1600,106.85,107.68,106.8,107.6
1031202,1600,107.38,107.77,107.07,107.33
1031203,1600,107.65,108.08,107.07,107.16
1031204,1600,107.17,107.72,106.94,107.6
1031205,1600,107.12,107.8,106.62,106.85
1031208,1600,106.74,107.64,106.68,107.57
1031209,1600,107.9,107.93,106.54,106.74
1031210,1600,106.77,106.98,105.96,106.73
1031211,1600,106.68,108.1,106.67,107.93
1031212,1600,107.97,108.2,107.39,108.14
1031215,1600,109.17,109.23,107.48,107.6
1031216,1600,107.68,108.5,107.52,108.16
1031217,1600,108.06,108.5,107.8,108.5
1031218,1600,108.55,109.73,108.39,109.72
1031219,1600,109.3,109.37,108.58,108.9
1031222,1600,108.79,109.66,108.78,109.66
1031223,1600,109.48,109.95,109.38,109.73
1031224,1600,109.52,109.88,109.43,109.62
1031226,1600,109.71,110.08,109.63,109.7
1031229,1600,110.1,111.27,109.78,111.16
1031230,1600,111.09,111.27,110.85,111.18
1031231,1600,111.22,111.52,110.84,111.28
1040102,1600,111.74,112.19,110.73,111.23
1040105,1600,111.69,112.52,111.59,112.44
1040106,1600,112.16,112.73,112.0,112.55
1040107,1600,112.39,113.06,111.89,112.93
1040108,1600,113.25,113.41,112.77,113.38
1040109,1600,112.83,113.5,112.27,112.39
1040112,1600,112.55,113.25,112.36,113.22
1040113,1600,113.09,113.23,111.76,112.56
1040114,1600,112.76,113.66,112.67,113.5
1040115,1600,113.57,114.06,112.58,113.78
1040116,1600,114.04,114.31,113.63,114.23
1040120,1600,114.53,114.65,113.82,114.2
1040121,1600,114.13,115.3,113.72,115.1
1040122,1600,115.14,115.38,114.58,114.8
1040123,1600,115.0,115.37,113.95,114.43
1040126,1600,114.39,115.93,114.38,115.87
1040127,1600,115.75,116.5,114.65,114.68
1040128,1600,114.98,115.28,112.94,113.37
1040129,1600,113.56,113.85,112.56,113.48
1040130,1600,113.52,113.72,113.09,113.48
1040202,1600,113.7,114.68,113.12,113.97
1040203,1600,113.74,114.14,113.44,113.78
1040204,1600,113.19,113.73,112.79,112.85
1040205,1600,113.17,113.54,112.78,113.18
1040206,1600,113.42,114.7,113.2,114.45
1040209,1600,114.67,114.87,114.29,114.48
1040210,1600,114.28,115.14,114.26,114.85
1040211,1600,114.85,116.39,114.17,116.07
1040212,1600,115.97,116.27,115.58,115.65
1040213,1600,115.82,116.2,114.75,115.13
1040217,1600,115.85,116.43,115.77,116.17
1040218,1600,116.2,116.6,115.35,115.66
1040219,1600,116.33,116.39,115.06,115.23
1040220,1600,115.48,115.56,114.32,114.88
1040223,1600,115.22,115.26,114.17,114.59
1040224,1600,114.27,114.99,113.03,114.39
1040225,1600,114.46,115.06,114.32,114.87
1040226,1600,114.61,115.29,114.34,114.94
1040227,1600,115.19,115.74,114.63,115.02
1040301,1600,115.43,116.34,115.25,116.16
1040302,1600,115.94,116.97,115.23,115.48
1040303,1600,115.25,115.87,114.92,115.69
1040304,1600,115.72,116.1,115.52,115.99
1040305,1600,115.42,116.95,115.28,116.38
1040308,1600,116.34,116.62,114.91,114.96
1040309,1600,115.1,115.21,114.24,114.5
1040310,1600,114.72,114.77,112.56,112.58
1040311,1600,112.4,113.27,111.1,111.12
1040312,1600,111.73,112.71,111.58,112.58
1040315,1600,112.27,112.35,110.9,111.2
1040316,1600,111.78,112.06,110.84,111.79
1040317,1600,112.18,113.26,112.1,113.04
1040318,1600,112.7,113.27,111.93,113.07
1040319,1600,112.41,112.57,111.04,111.06
1040322,1600,110.54,110.57,109.1,109.65
1040323,1600,110.25,110.4,109.36,109.46
1040324,1600,109.58,110.14,108.85,109.55
1040325,1600,110.08,111.3,109.79,111.0
1040326,1600,110.96,111.79,110.8,111.03
1040329,1600,111.63,112.74,111.58,112.59
1040330,1600,112.3,113.07,112.22,112.97
1040331,1600,112.99,113.4,112.38,113.1
1040401,1600,113.07,113.87,113.05,113.78
1040402,1600,114.81,114.84,113.9,114.64
1040405,1600,114.46,115.38,114.44,115.27
1040406,1600,114.83,115.18,114.62,114.9
1040407,1600,114.95,114.98,114.11,114.63
1040408,1600,115.41,115.41,113.74,114.37
1040412,1600,114.58,115.08,114.57,114.82
1040413,1600,115.26,115.3,113.02,113.21
1040414,1600,112.61,113.64,112.55,113.39
1040415,1600,113.45,113.78,112.36,112.96
1040416,1600,113.38,114.05,112.98,113.83
1040419,1600,113.55,113.99,113.27,113.83
1040420,1600,114.08,114.32,111.78,111.92
1040421,1600,112.2,112.95,111.87,112.67
1040422,1600,112.48,114.67,112.44,114.25
1040423,1600,114.42,114.57,113.79,114.36
1040426,1600,114.5,114.94,113.6,114.2
1040427,1600,114.23,115.12,113.96,114.3
1040428,1600,113.89,114.01,112.5,112.82
1040429,1600,112.72,113.32,111.16,111.83
1040430,1600,112.17,112.38,110.9,110.96
1040503,1600,111.37,112.29,111.35,112.15
1040504,1600,112.25,113.26,111.66,112.06
1040505,1600,112.41,112.96,112.16,112.78
1040506,1600,112.02,112.59,111.0,111.81
1040507,1600,111.22,112.23,109.96,109.96
1040510,1600,109.44,109.75,108.36,108.83
1040511,1600,109.46,110.05,109.33,109.75
1040512,1600,109.57,110.54,108.06,110.45
1040513,1600,109.76,110.81,109.63,109.99
1040514,1600,109.95,110.74,109.27,110.04
1040517,1600,108.89,109.5,108.41,109.1
1040518,1600,109.49,109.94,109.33,109.65
1040519,1600,110.5,111.18,109.15,109.27
1040520,1600,109.45,109.87,109.04,109.62
1040521,1600,109.97,110.55,109.47,109.81
1040524,1600,110.53,110.76,109.68,110.27
1040525,1600,109.9,111.98,109.6,111.85
1040526,1600,111.66,112.29,111.51,112.24
1040527,1600,112.54,113.03,112.06,112.87
1040528,1600,112.73,112.88,112.36,112.86
1040601,1600,112.46,112.86,111.87,112.71
1040602,1600,113.03,113.48,112.46,113.13
1040603,1600,112.81,113.19,112.07,112.09
1040604,1600,112.98,113.58,112.71,112.98
1040607,1600,113.43,114.81,113.42,114.7
1040608,1600,114.37,114.92,114.17,114.86
1040609,1600,114.51,114.7,113.72,113.79
1040610,1600,114.04,114.35,113.93,114.35
1040614,1600,113.82,113.85,112.87,113.22
1040615,1600,113.9,114.45,113.51,114.02
1040616,1600,114.0,114.2,113.7,114.0
1040617,1600,113.85,114.07,113.33,113.83
1040618,1600,113.27,114.22,113.18,113.63
1040621,1600,113.75,114.14,113.13,113.2
1040622,1600,113.13,113.88,112.67,113.77
1040623,1600,113.61,114.84,113.42,114.75
1040624,1600,114.56,114.93,114.26,114.39
1040625,1600,114.41,114.94,113.68,113.84
1040628,1600,114.52,114.61,113.41,113.45
1040629,1600,113.53,114.17,113.42,113.92
1040630,1600,114.07,114.79,113.65,114.53
1040701,1600,114.25,114.4,112.58,112.94
1040702,1600,113.16,113.29,112.6,112.88
1040706,1600,112.37,112.45,111.63,111.89
1040707,1600,111.81,112.57,111.75,112.22
1040708,1600,111.81,112.32,111.2,111.44
1040709,1600,111.72,111.94,111.38,111.73
1040712,1600,111.52,112.04,111.0,111.78
1040713,1600,111.92,112.02,111.6,111.86
1040714,1600,111.26,112.39,111.12,111.52
1040715,1600,111.74,111.91,110.7,110.8
1040716,1600,111.57,111.67,110.44,110.71
1040719,1600,110.75,110.96,109.99,110.24
1040720,1600,110.53,111.9,110.25,111.64
1040721,1600,111.82,112.06,109.45,109.58
1040722,1600,109.36,110.39,108.77,109.88
1040723,1600,109.62,109.71,108.69,108.96
1040726,1600,109.19,109.43,108.21,108.75
1040727,1600,109.05,110.11,108.97,109.77
1040728,1600,109.55,110.37,108.59,110.1
1040729,1600,110.54,110.87,110.0,110.57
1040730,1600,110.32,110.9,110.1,110.84
1040802,1600,110.19,111.36,110.05,111.07
1040803,1600,110.93,111.06,110.16,110.21
1040804,1600,109.89,110.75,109.64,110.2
1040805,1600,110.29,110.38,108.27,108.4
1040806,1600,107.63,107.96,106.62,106.85
1040809,1600,107.02,107.48,106.87,107.0
1040810,1600,107.31,108.41,107.26,108.38
1040811,1600,107.68,108.33,107.1,108.16
1040812,1600,107.68,107.95,106.63,106.98
1040813,1600,107.1,107.35,106.59,107.19
1040816,1600,107.14,108.64,107.1,108.3
1040817,1600,108.75,109.28,108.53,108.91
1040818,1600,108.52,110.17,108.49,110.03
1040819,1600,109.81,110.02,109.18,109.71
1040820,1600,109.61,110.63,109.51,110.48
1040823,1600,110.55,110.77,110.05,110.2
1040824,1600,110.64,110.73,109.85,110.35
1040825,1600,110.33,111.27,109.9,111.1
1040826,1600,110.96,111.31,110.85,111.1
1040827,1600,111.2,111.63,111.05,111.45
1040830,1600,111.22,111.34,110.45,110.53
1040831,1600,110.66,111.16,110.1,111.11
1040901,1600,110.95,111.64,110.48,111.32
1040902,1600,111.24,112.7,111.24,112.58
1040903,1600,112.33,112.82,112.01,112.12
1040907,1600,112.54,113.13,112.32,112.86
1040908,1600,112.62,113.06,112.31,112.58
1040909,1600,112.57,112.88,112.03,112.48
1040910,1600,112.52,113.27,112.08,113.06
1040913,1600,113.31,113.74,113.01,113.43
1040914,1600,113.3,113.69,113.19,113.66
1040915,1600,113.3,113.36,112.68,112.8
1040916,1600,112.85,113.37,112.8,113.14
1040917,1600,112.95,113.36,112.69,113.15
1040920,1600,112.67,112.99,112.28,112.47
1040921,1600,112.75,113.47,112.54,112.96
1040922,1600,112.5,112.52,111.47,111.55
1040923,1600,111.6,111.7,110.95,110.95
1040924,1600,111.17,111.73,111.13,111.46
1040927,1600,111.1,111.2,110.58,110.75
1040928,1600,110.91,111.51,110.41,111.28
1040929,1600,111.21,111.85,111.0,111.84
1040930,1600,111.55,111.98,111.26,111.76
1041001,1600,112.26,113.65,112.21,113.65
1041004,1600,114.1,114.44,113.8,113.84
1041005,1600,113.85,114.16,113.54,113.9
1041006,1600,113.77,114.68,113.68,114.68
1041007,1600,114.38,114.4,113.36,113.45
1041008,1600,113.15,113.77,112.35,112.51
1041011,1600,112.78,113.02,112.64,112.97
1041012,1600,112.2,112.83,111.94,112.53
1041013,1600,113.0,113.07,111.32,111.54
1041014,1600,111.68,111.93,110.58,110.64
1041015,1600,111.02,111.74,110.57,111.26
1041018,1600,110.89,111.9,110.7,111.68
1041019,1600,112.02,112.23,110.59,110.74
1041020,1600,110.38,110.82,109.75,110.52
1041021,1600,110.79,111.32,110.21,111.24
1041022,1600,111.19,111.25,109.86,109.99
1041025,1600,109.75,110.12,109.35,109.86
1041026,1600,110.13,111.6,109.88,111.54
1041027,1600,111.38,113.1,111.12,112.88
1041028,1600,112.78,113.56,112.49,113.22
1041029,1600,113.12,113.64,112.9,113.2
1041101,1600,113.56,113.84,113.2,113.51
1041102,1600,113.67,114.57,113.22,113.55
1041103,1600,115.03,115.36,114.24,114.98
1041104,1600,114.78,116.67,114.68,116.55
1041105,1600,117.05,117.64,116.49,117.28
1041108,1600,116.98,117.23,116.72,117.11
1041109,1600,117.08,117.5,116.76,116.88
1041110,1600,117.06,117.55,116.76,116.97
1041111,1600,117.18,118.12,117.1,117.86
1041112,1600,117.97,119.0,117.68,118.79
1041115,1600,118.5,118.77,118.23,118.73
1041116,1600,118.36,118.41,117.73,117.88
1041117,1600,118.37,119.14,118.07,118.58
1041118,1600,118.53,118.8,118.23,118.74
1041119,1600,118.7,118.72,117.14,117.42
1041122,1600,117.17,118.12,117.03,117.98
1041123,1600,117.93,118.26,117.37,118.16
1041124,1600,118.27,118.59,118.05,118.44
1041126,1600,118.51,118.98,118.3,118.35
1041129,1600,118.79,119.01,117.48,117.81
1041130,1600,118.0,118.24,117.64,117.89
1041201,1600,118.16,119.5,118.1,119.23
1041202,1600,119.1,119.87,119.01,119.33
1041203,1600,119.31,120.14,119.09,119.25
1041206,1600,119.21,119.64,118.84,119.21
1041207,1600,119.49,119.62,118.04,118.1
1041208,1600,118.21,118.82,118.01,118.79
1041209,1600,118.14,119.46,117.73,119.21
1041210,1600,118.92,119.56,118.85,119.33
1041213,1600,119.76,120.4,119.35,120.37
1041214,1600,120.18,120.96,120.18,120.79
1041215,1600,120.7,121.11,120.31,120.88
1041216,1600,120.72,121.24,120.04,120.81
1041217,1600,119.46,119.97,119.16,119.44
1041220,1600,119.75,120.29,119.17,119.47
1041221,1600,119.6,120.48,119.46,120.39
1041222,1600,120.38,121.08,120.3,120.68
1041223,1600,120.87,121.28,120.66,120.77
1041227,1600,121.2,121.36,120.39,120.52
1041228,1600,120.64,121.33,120.6,121.18
1041229,1600,121.08,121.4,120.95,121.36
1041230,1600,121.4,121.57,121.04,121.13
1041231,1600,121.3,121.66,120.8,120.87
1050103,1600,121.56,121.76,119.9,120.3
1050104,1600,120.46,120.54,118.44,118.83
1050105,1600,118.74,119.25,118.0,118.01
1050106,1600,118.44,119.15,118.26,118.61
1050107,1600,118.97,119.23,118.13,118.44
1050110,1600,118.34,119.46,118.34,119.0
1050111,1600,118.64,118.74,117.99,118.18
1050112,1600,118.4,118.84,117.52,118.57
1050113,1600,118.64,118.73,117.5,117.62
1050114,1600,117.97,118.53,117.76,118.24
1050118,1600,118.05,119.62,117.95,119.47
1050119,1600,119.43,119.52,118.21,118.22
1050120,1600,117.89,118.2,117.29,117.5
1050121,1600,117.79,118.0,116.65,116.78
1050124,1600,117.09,117.34,116.37,116.55
1050125,1600,116.91,117.47,116.72,116.88
1050126,1600,117.32,117.6,117.04,117.23
1050127,1600,117.19,117.75,116.98,117.43
1050128,1600,117.49,117.55,116.61,117.43
1050131,1600,117.95,118.25,117.71,118.16
1050201,1600,118.25,119.08,118.1,118.91
1050202,1600,119.06,119.59,118.9,119.27
1050203,1600,119.06,119.16,118.57,118.96
1050204,1600,119.0,120.43,118.98,120.23
1050207,1600,120.25,120.52,119.96,120.07
1050208,1600,120.17,120.65,120.07,120.21
1050209,1600,120.42,120.49,119.25,119.31
1050210,1600,119.66,120.02,119.26,119.74
1050211,1600,119.7,121.04,119.46,120.77
1050214,1600,120.69,120.86,120.48,120.68
1050215,1600,120.8,121.43,120.68,121.13
1050216,1600,120.93,121.46,120.67,121.21
1050217,1600,121.23,121.33,120.22,120.23
1050218,1600,120.24,120.48,119.9,120.39
1050222,1600,119.9,120.47,118.58,118.6
1050223,1600,118.93,119.57,118.62,119.45
1050224,1600,119.24,120.32,118.98,120.24
1050225,1600,120.27,121.67,120.18,121.43
1050228,1600,121.15,121.3,120.04,120.63
1050301,1600,120.82,121.52,120.78,121.23
1050302,1600,120.76,121.93,120.65,121.17
1050303,1600,121.66,121.9,120.7,121.22
1050304,1600,122.05,122.83,121.79,122.73
1050307,1600,122.66,123.25,122.4,122.79
1050308,1600,122.67,123.0,122.11,122.33
1050309,1600,121.97,122.29,120.96,120.97
1050310,1600,121.2,121.5,120.4,121.24
1050311,1600,121.31,121.72,120.16,120.39
1050314,1600,120.61,121.16,120.28,121.14
1050315,1600,121.42,121.46,120.08,120.14
1050316,1600,119.7,120.16,118.9,119.12
1050317,1600,119.31,119.74,118.98,119.36
1050318,1600,119.11,119.53,118.15,118.54
1050321,1600,118.71,118.78,117.76,118.1
1050322,1600,118.37,118.93,116.9,116.9
1050323,1600,116.95,117.72,116.75,117.0
1050324,1600,117.46,117.99,117.06,117.14
1050328,1600,117.42,117.94,117.31,117.31
1050329,1600,117.14,117.9,116.25,116.53
1050330,1600,116.78,118.2,116.77,118.18
1050331,1600,118.19,118.46,117.87,117.96
1050401,1600,118.63,118.99,116.91,117.43
1050404,1600,117.36,117.86,116.74,117.63
1050405,1600,117.78,118.38,117.67,118.19
1050406,1600,118.45,118.95,118.18,118.6
1050407,1600,118.41,119.26,118.32,119.24
1050408,1600,119.17,119.21,118.0,118.0
1050411,1600,118.29,118.42,117.83,118.09
1050412,1600,117.89,119.06,117.07,118.7
1050413,1600,118.56,118.8,117.13,117.3
1050414,1600,117.4,117.5,115.77,115.77
1050415,1600,115.74,116.2,114.1,114.15
1050418,1600,114.12,114.96,113.96,114.5
1050419,1600,115.1,115.53,114.83,115.41
1050420,1600,115.38,115.63,113.55,113.8
1050421,1600,114.79,116.21,114.38,116.01
1050422,1600,115.74,116.5,114.27,115.57
1050425,1600,115.86,116.5,115.72,116.33
1050426,1600,115.96,116.77,115.15,115.2
1050427,1600,114.86,116.07,114.44,115.65
1050428,1600,115.27,115.68,114.2,114.2
1050429,1600,115.07,115.87,113.97,115.75
1050502,1600,116.07,116.41,115.52,116.4
1050503,1600,116.07,116.85,115.69,116.6
1050504,1600,116.65,117.75,116.28,117.5
1050505,1600,117.67,118.0,116.74,117.46
1050506,1600,117.93,117.99,117.06,117.09
1050509,1600,117.21,118.08,117.05,117.82
1050510,1600,117.36,117.5,116.39,116.6
1050511,1600,116.93,117.4,115.85,117.24
1050512,1600,117.32,117.59,115.95,115.95
1050513,1600,116.3,116.62,114.8,115.72
1050516,1600,115.7,116.84,115.66,116.8
1050517,1600,116.41,117.7,116.16,117.58
1050518,1600,118.09,119.08,118.01,118.79
1050519,1600,119.02,119.41,118.7,119.29
1050520,1600,119.34,119.39,118.74,119.12
1050523,1600,119.21,120.04,119.19,119.78
1050524,1600,119.44,119.83,119.2,119.5
1050525,1600,119.35,119.87,118.83,119.41
1050526,1600,119.79,120.21,119.62,120.05
1050527,1600,120.06,120.25,119.8,120.25
1050531,1600,120.08,120.17,119.4,119.48
1050601,1600,119.52,120.92,119.45,120.5
1050602,1600,120.23,120.84,120.1,120.76
1050603,1600,120.55,120.89,119.73,120.15
1050606,1600,119.95,120.2,119.55,120.04
1050607,1600,120.39,121.25,120.01,120.13
1050608,1600,120.43,120.59,119.67,119.91
1050609,1600,119.74,120.58,119.44,120.48
1050610,1600,120.56,120.65,119.6,120.2
1050613,1600,119.94,121.08,119.81,120.58
1050614,1600,120.45,121.2,120.38,120.86
1050615,1600,121.16,121.24,120.23,121.09
1050616,1600,121.06,121.64,120.92,121.4
1050617,1600,121.54,121.9,121.22,121.36
1050620,1600,121.08,121.84,120.94,121.4
1050621,1600,121.5,121.65,121.03,121.47
1050622,1600,121.68,121.94,121.07,121.57
1050623,1600,121.32,121.6,119.83,119.86
1050624,1600,119.88,120.01,118.84,118.98
1050627,1600,118.97,119.41,118.75,119.15
1050628,1600,119.4,120.24,119.37,120.15
1050629,1600,120.37,120.4,119.76,119.83
1050630,1600,120.22,120.32,118.95,119.18
1050701,1600,119.45,119.8,119.21,119.53
1050705,1600,119.25,120.65,119.19,120.49
1050706,1600,120.39,120.65,119.41,119.48
1050707,1600,118.29,119.95,118.26,119.95
1050708,1600,119.97,121.32,119.72,121.32
1050711,1600,121.33,122.1,121.31,121.94
1050712,1600,121.99,122.63,121.64,122.26
1050713,1600,122.27,122.52,121.99,122.43
1050714,1600,122.98,123.44,122.49,122.91
1050715,1600,122.79,123.04,122.36,122.84
1050718,1600,122.5,122.63,122.05,122.35
1050719,1600,122.71,123.11,122.41,123.02
1050720,1600,122.59,123.73,122.3,123.44
1050721,1600,123.55,123.61,122.47,122.72
1050722,1600,122.88,123.56,122.63,123.54
1050725,1600,123.41,123.95,122.85,123.19
1050726,1600,123.23,123.53,122.95,123.34
1050727,1600,123.5,123.89,123.05,123.79
1050728,1600,123.96,124.64,123.64,124.57
1050729,1600,124.41,124.63,123.5,123.74
1050801,1600,123.83,124.04,123.45,123.65
1050802,1600,123.87,124.6,123.74,124.39
1050803,1600,124.25,124.74,124.12,124.72
1050804,1600,124.23,124.31,123.57,123.72
1050805,1600,123.45,123.98,122.67,122.88
1050808,1600,123.15,123.41,122.38,122.65
1050809,1600,123.06,123.59,122.87,123.39
1050810,1600,123.82,124.5,122.82,123.33
1050811,1600,123.27,124.03,123.01,123.82
1050812,1600,123.57,123.69,122.75,123.06
1050815,1600,123.22,123.87,122.83,123.82
1050816,1600,123.44,123.52,122.09,122.21
1050817,1600,122.19,122.87,122.03,122.2
1050818,1600,122.05,122.56,121.84,122.19
1050819,1600,122.63,122.82,122.2,122.47
1050822,1600,122.58,123.23,121.88,122.47
1050823,1600,122.5,122.61,121.15,122.24
1050824,1600,121.94,122.73,121.09,121.15
1050825,1600,121.35,121.67,121.21,121.59
1050826,1600,121.48,121.49,120.68,120.76
1050829,1600,120.41,121.78,120.38,121.69
1050830,1600,121.25,121.3,120.39,121.05
1050831,1600,121.19,122.66,120.74,122.58
1050901,1600,122.52,123.15,121.14,122.49
1050902,1600,122.85,122.88,122.04,122.27
1050906,1600,122.66,123.8,122.65,123.7
1050907,1600,123.63,124.13,123.46,123.91
1050908,1600,123.66,124.0,123.31,123.5
1050909,1600,123.83,124.74,123.8,124.6
1050912,1600,124.45,124.67,124.27,124.35
1050913,1600,124.13,124.42,123.52,123.66
1050914,1600,123.74,123.92,123.02,123.21
1050915,1600,123.59,123.65,122.9,123.15
1050916,1600,123.3,123.74,122.87,123.5
1050919,1600,123.47,123.55,122.64,123.09
1050920,1600,123.2,123.61,121.87,122.05
1050921,1600,121.79,121.87,120.78,120.91
1050922,1600,120.95,121.66,120.44,121.34
1050923,1600,121.24,121.89,120.9,121.44
1050926,1600,122.02,122.24,121.08,121.58
1050927,1600,121.52,121.99,121.02,121.55
1050928,1600,121.93,122.12,121.2,121.67
1050929,1600,121.55,122.86,121.08,122.66
1050930,1600,122.62,123.04,121.74,123.04
1051003,1600,122.96,123.34,122.45,122.6
1051004,1600,122.79,123.03,121.16,121.22
1051005,1600,121.25,121.31,119.57,119.63
1051006,1600,119.78,120.26,118.17,119.2
1051007,1600,119.7,120.05,119.13,119.61
1051010,1600,119.68,119.71,118.3,118.6
1051011,1600,118.99,119.39,118.32,118.43
1051012,1600,118.39,119.13,117.41,117.5
1051013,1600,117.46,118.08,116.88,117.43
1051014,1600,118.12,118.81,117.56,118.67
1051017,1600,118.8,119.27,118.45,119.11
1051018,1600,118.94,118.96,117.8,117.82
1051019,1600,117.5,119.8,117.12,119.78
1051020,1600,119.49,119.81,117.3,117.67
1051021,1600,118.29,118.78,117.51,118.13
1051024,1600,118.44,120.09,118.41,119.96
1051025,1600,119.72,120.24,118.94,119.72
1051026,1600,119.51,120.54,119.19,119.37
1051027,1600,119.2,119.37,117.93,118.1
1051028,1600,118.43,119.95,118.1,119.8
1051031,1600,120.29,121.3,120.13,120.13
1051101,1600,120.58,120.9,120.22,120.49
1051102,1600,120.17,121.75,120.13,121.75
1051103,1600,122.15,122.66,121.75,122.27
1051104,1600,122.4,122.46,121.55,122.11
1051107,1600,122.37,122.62,121.85,122.23
1051108,1600,121.93,122.42,121.79,122.23
1051109,1600,122.08,122.95,121.86,122.39
1051110,1600,122.34,123.52,121.75,123.34
1051111,1600,123.35,123.84,122.43,123.76
1051114,1600,123.79,124.02,123.38,123.69
1051115,1600,123.55,124.09,122.86,123.24
1051116,1600,123.37,123.55,122.98,123.49
1051117,1600,123.68,124.65,123.14,124.64
1051118,1600,125.06,125.28,124.33,125.13
1051121,1600,125.15,125.91,124.98,125.76
1051122,1600,125.56,126.52,125.42,126.3
1051123,1600,126.25,127.41,126.21,127.03
1051125,1600,126.98,127.22,126.81,127.13
1051128,1600,127.25,127.27,126.04,126.23
1051129,1600,126.65,126.98,126.09,126.09
1051130,1600,126.16,126.52,125.29,125.41
1051201,1600,126.02,127.03,125.98,126.69
1051202,1600,126.77,127.08,126.5,126.85
1051205,1600,126.7,126.73,126.18,126.58
1051206,1600,127.05,127.74,126.63,126.82
1051207,1600,126.77,126.87,125.68,126.08
1051208,1600,126.22,126.82,125.48,126.0
1051209,1600,126.16,126.78,125.82,126.33
1051212,1600,126.71,126.86,125.96,126.45
1051213,1600,126.42,127.7,126.29,127.31
1051214,1600,127.19,128.09,127.14,127.81
1051215,1600,127.84,128.0,127.18,127.44
1051216,1600,127.28,127.36,126.36,126.36
1051219,1600,126.73,126.87,125.69,125.71
1051220,1600,125.86,126.59,125.48,125.83
1051221,1600,126.22,126.76,125.8,126.03
1051222,1600,126.31,126.69,126.08,126.69
1051223,1600,126.78,126.86,126.42,126.76
1051227,1600,126.96,127.05,125.38,125.47
1051228,1600,125.74,125.99,125.5,125.75
1051229,1600,125.72,125.96,125.06,125.19
1051230,1600,124.8,125.06,124.36,124.51
1060103,1600,125.19,127.0,124.39,126.7
1060104,1600,126.86,127.49,126.7,127.3
1060105,1600,127.15,127.59,126.88,127.38
1060106,1600,128.02,128.58,127.36,128.44
1060109,1600,128.42,129.06,128.38,128.77
1060110,1600,128.39,128.98,128.26,128.9
1060111,1600,129.02,129.44,128.73,129.31
1060112,1600,129.08,129.28,128.44,128.8
1060113,1600,128.57,128.9,128.2,128.68
1060117,1600,128.2,128.42,127.81,128.33
1060118,1600,127.58,128.9,127.16,127.82
1060119,1600,128.13,128.77,127.81,128.31
1060120,1600,128.28,128.31,125.97,125.97
1060123,1600,126.21,126.82,126.13,126.42
1060124,1600,126.63,127.15,126.42,126.55
1060125,1600,127.04,127.18,125.84,126.66
1060126,1600,127.25,127.67,126.76,127.36
1060127,1600,127.66,128.66,127.45,128.54
1060130,1600,128.44,128.81,128.35,128.44
1060131,1600,128.32,128.54,127.49,127.5
1060201,1600,127.82,128.43,127.72,128.39
1060202,1600,128.1,128.14,126.8,126.9
1060203,1600,126.58,128.39,126.14,126.27
1060206,1600,126.44,126.8,126.17,126.6
1060207,1600,126.38,126.66,125.4,125.48
1060208,1600,125.85,128.1,125.6,126.62
1060209,1600,126.92,127.6,126.37,126.41
1060210,1600,126.43,127.13,125.45,126.64
1060213,1600,126.6,126.79,125.95,126.41
1060214,1600,126.46,128.03,126.21,127.75
1060215,1600,127.68,128.32,127.24,128.2
1060216,1600,128.34,129.21,128.18,129.16
1060217,1600,129.05,129.16,128.58,128.81
1060221,1600,129.11,129.4,128.29,128.49
1060222,1600,128.77,129.65,128.65,129.27
1060223,1600,129.27,129.64,128.28,129.08
1060224,1600,129.11,129.48,128.76,129.41
1060227,1600,129.4,130.04,129.28,129.46
1060228,1600,129.2,129.91,128.13,128.23
1060301,1600,128.6,129.49,128.5,129.37
1060302,1600,128.9,129.42,128.61,129.36
1060303,1600,128.67,130.07,128.65,128.76
1060306,1600,129.14,129.18,127.85,128.17
1060307,1600,127.86,128.06,127.4,127.97
1060308,1600,127.7,128.44,127.18,128.24
1060309,1600,128.28,128.68,127.38,127.38
1060310,1600,127.71,128.84,127.44,128.59
1060313,1600,128.84,129.16,128.53,128.83
1060314,1600,128.71,130.23,128.61,130.18
1060315,1600,130.15,130.86,129.85,130.76
1060316,1600,131.01,131.47,130.84,131.03
1060317,1600,130.68,130.9,130.38,130.62
1060320,1600,130.64,130.9,130.21,130.41
1060321,1600,130.37,130.99,129.45,129.59
1060322,1600,129.51,130.51,129.45,130.38
1060323,1600,130.26,130.39,129.66,130.11
1060324,1600,129.99,130.57,129.74,130.21
1060327,1600,130.03,130.28,129.74,130.02
1060328,1600,129.93,130.53,129.05,129.22
1060329,1600,129.41,130.5,129.29,130.03
1060330,1600,130.11,130.98,129.55,129.8
1060331,1600,130.02,130.24,129.37,129.83
1060403,1600,130.07,130.87,129.49,129.73
1060404,1600,129.73,130.73,129.36,130.56
1060405,1600,130.61,131.28,130.38,131.01
1060406,1600,130.85,131.21,130.19,130.87
1060407,1600,131.06,131.4,129.35,129.54
1060410,1600,129.74,130.08,129.26,129.74
1060411,1600,129.85,130.06,128.25,128.64
1060412,1600,128.77,129.13,128.61,128.88
1060413,1600,128.59,129.25,128.31,128.71
1060417,1600,128.83,129.31,128.02,128.66
1060418,1600,128.93,130.94,128.93,130.7
1060419,1600,130.75,131.07,130.24,130.95
1060420,1600,131.0,131.86,130.6,131.13
1060421,1600,131.69,131.79,130.62,131.15
1060424,1600,130.89,131.07,130.38,130.91
1060425,1600,131.04,131.12,129.92,130.37
1060426,1600,130.5,131.14,130.3,130.4
1060427,1600,129.9,131.63,129.59,131.03
1060428,1600,130.79,131.75,130.71,131.47
1060501,1600,131.47,131.8,130.32,130.4
1060502,1600,131.01,131.46,130.74,131.38
1060503,1600,131.15,131.32,130.45,130.89
1060504,1600,131.08,131.62,130.97,131.36
1060505,1600,132.05,132.8,131.85,132.52
1060508,1600,132.51,132.77,132.36,132.36
1060509,1600,132.42,132.77,132.31,132.62
1060510,1600,132.41,132.75,131.89,132.55
1060511,1600,132.51,132.55,130.52,130.95
1060512,1600,130.36,130.72,129.19,129.24
1060515,1600,128.79,129.74,128.61,129.5
1060516,1600,129.76,130.0,129.01,129.31
1060517,1600,128.67,129.1,126.77,126.85
1060518,1600,127.35,127.75,126.11,126.21
1060519,1600,126.87,127.49,125.8,127.1
1060522,1600,126.28,127.17,125.5,126.13
1060523,1600,127.18,127.63,125.17,125.17
1060524,1600,125.68,126.89,124.76,126.17
1060525,1600,126.92,127.73,126.43,127.73
1060526,1600,128.01,128.38,127.51,128.38
1060530,1600,127.97,128.0,126.05,126.1
1060531,1600,126.62,127.51,126.2,127.51
1060601,1600,127.38,128.94,127.27,128.73
1060602,1600,129.25,129.43,128.32,129.0
1060605,1600,128.85,128.86,126.77,127.12
1060606,1600,127.21,127.38,125.76,126.81
1060607,1600,126.91,127.65,125.79,125.86
1060608,1600,125.58,126.5,123.87,125.75
1060609,1600,126.36,126.96,125.29,125.35
1060612,1600,125.88,125.93,123.82,123.99
1060613,1600,123.74,124.84,122.55,122.55
1060614,1600,122.84,123.63,122.34,123.5
1060615,1600,123.95,126.36,123.86,126.12
1060616,1600,125.29,125.56,124.46,124.65
1060619,1600,125.4,125.48,123.55,123.67
1060620,1600,124.01,124.81,123.72,124.09
1060621,1600,124.0,125.7,123.96,125.01
1060622,1600,124.95,125.06,124.04,124.46
1060623,1600,124.33,125.3,124.03,124.44
1060626,1600,124.54,125.06,124.25,124.99
1060627,1600,125.01,125.29,123.77,123.91
1060628,1600,124.19,124.77,123.65,124.75
1060629,1600,125.2,127.35,125.17,127.27
1060630,1600,127.54,127.66,126.96,127.28
1060703,1600,127.43,128.01,127.31,127.8
1060705,1600,127.29,127.45,126.52,127.07
1060706,1600,127.2,127.85,127.08,127.44
1060707,1600,127.19,127.56,126.29,126.61
1060710,1600,126.94,127.43,126.41,126.85
1060711,1600,126.61,127.41,125.94,127.41
1060712,1600,127.15,127.4,125.72,126.05
1060713,1600,125.45,125.68,124.0,124.0
1060714,1600,124.13,124.26,122.83,123.52
1060717,1600,123.52,124.1,123.15,123.34
1060718,1600,123.71,124.05,122.39,123.97
1060719,1600,124.18,126.26,123.72,125.69
1060720,1600,126.12,126.3,124.66,124.83
1060721,1600,125.15,125.19,123.82,123.95
1060724,1600,124.44,126.32,124.44,126.21
1060725,1600,125.98,127.3,125.72,126.66
1060726,1600,126.59,127.45,126.18,126.83
1060727,1600,127.38,127.69,126.2,126.71
1060728,1600,127.04,128.14,126.86,127.98
1060731,1600,127.66,127.96,127.45,127.85
1060801,1600,127.34,127.38,126.6,127.22
1060802,1600,127.58,128.46,127.55,128.08
1060803,1600,127.34,128.55,127.15,128.42
1060804,1600,129.08,129.43,127.48,128.2
1060807,1600,127.9,128.08,127.4,127.9
1060808,1600,128.09,128.46,126.95,127.41
1060809,1600,128.18,128.6,126.61,126.98
1060810,1600,126.58,127.5,126.28,127.37
1060811,1600,127.17,127.2,126.39,127.01
1060814,1600,127.63,128.16,126.92,127.11
1060815,1600,128.25,128.87,127.9,128.63
1060816,1600,129.32,129.89,129.04,129.7
1060817,1600,129.58,130.37,129.49,130.03
1060818,1600,130.19,130.69,129.59,130.69
1060821,1600,130.18,130.28,129.8,130.13
1060822,1600,129.99,130.52,129.68,130.12
1060823,1600,130.18,130.44,129.19,129.76
1060824,1600,129.99,130.1,129.4,129.65
1060825,1600,129.64,130.25,129.55,129.81
1060828,1600,129.65,130.82,129.64,130.43
1060829,1600,130.49,130.83,129.81,130.58
1060830,1600,130.87,131.04,130.55,130.66
1060831,1600,130.85,130.99,130.58,130.64
1060901,1600,131.14,131.58,130.84,131.42
1060905,1600,131.51,131.85,131.2,131.67
1060906,1600,131.11,131.16,130.33,130.51
1060907,1600,130.06,130.57,129.35,129.91
1060908,1600,130.08,130.46,129.83,130.28
1060911,1600,129.86,130.69,129.48,130.41
1060912,1600,130.56,131.84,130.37,131.69
1060913,1600,131.64,132.45,131.52,132.22
1060914,1600,131.96,132.24,131.75,132.23
1060915,1600,132.31,132.39,131.68,131.96
1060918,1600,131.79,132.39,131.65,132.14
1060919,1600,132.12,132.13,131.07,131.81
1060920,1600,132.25,132.77,132.06,132.51
1060921,1600,132.61,132.75,131.42,131.87
1060922,1600,131.67,131.68,131.0,131.47
1060925,1600,131.73,132.85,131.05,132.48
1060926,1600,132.5,133.6,132.4,133.58
1060927,1600,133.49,133.97,133.27,133.74
1060928,1600,133.74,133.99,133.28,133.69
1060929,1600,133.8,133.94,133.48,133.58
1061002,1600,133.54,133.83,132.95,133.08
1061003,1600,132.89,133.87,132.65,133.36
1061004,1600,133.23,135.0,133.08,134.92
1061005,1600,134.92,135.41,134.75,135.18
1061006,1600,134.95,135.1,134.4,135.01
1061009,1600,134.85,135.3,134.64,135.09
1061010,1600,135.1,135.45,134.84,135.27
1061011,1600,134.84,135.43,134.3,135.11
1061012,1600,135.45,136.39,135.4,136.28
1061013,1600,136.16,136.71,136.04,136.63
1061016,1600,136.52,137.05,136.42,136.84
1061017,1600,136.47,136.7,135.67,136.41
1061018,1600,137.04,137.37,136.1,136.59
1061019,1600,136.39,136.88,136.23,136.81
1061020,1600,136.84,136.95,136.33,136.84
1061023,1600,136.56,137.8,136.39,137.47
1061024,1600,137.28,137.93,137.22,137.88
1061025,1600,137.74,138.41,137.51,138.35
1061026,1600,138.66,139.0,137.98,138.78
1061027,1600,138.61,138.75,137.63,137.91
1061030,1600,137.66,138.2,137.4,137.81
1061031,1600,138.07,138.26,137.25,137.79
1061101,1600,138.22,138.31,136.72,136.86
1061102,1600,136.51,137.01,136.36,136.78
1061103,1600,137.27,137.39,135.62,136.54
1061106,1600,136.96,138.28,136.95,138.08
1061107,1600,138.2,138.98,138.0,138.61
1061108,1600,138.0,139.05,136.86,138.91
1061109,1600,139.01,139.14,137.9,138.18
1061110,1600,138.14,138.34,137.72,138.24
1061113,1600,138.18,139.04,138.07,138.58
1061114,1600,138.97,139.74,138.12,139.62
1061115,1600,139.57,140.45,139.53,140.02
1061116,1600,140.44,140.68,139.49,140.38
1061117,1600,139.93,140.43,139.73,140.42
1061120,1600,140.3,140.74,139.94,140.5
1061121,1600,140.49,140.67,140.29,140.64
1061122,1600,140.75,141.16,140.5,140.92
1061124,1600,140.24,140.84,140.2,140.35
1061127,1600,140.28,140.35,138.38,138.42
1061128,1600,138.24,139.16,138.11,139.02
1061129,1600,139.47,140.53,139.08,140.47
1061130,1600,140.44,141.05,139.76,140.53
1061201,1600,140.53,140.66,138.97,140.22
1061204,1600,140.25,141.55,140.23,141.29
1061205,1600,141.56,141.96,141.26,141.9
1061206,1600,141.87,142.07,141.5,141.78
1061207,1600,142.03,142.3,141.11,141.16
1061208,1600,141.13,141.9,140.78,141.42
1061211,1600,141.42,142.09,141.34,141.83
1061212,1600,141.69,141.87,140.89,141.72
1061213,1600,142.23,142.34,141.56,141.87
1061214,1600,141.86,143.24,141.84,143.12
1061215,1600,142.64,142.89,142.24,142.34
1061218,1600,142.54,142.88,141.75,141.95
1061219,1600,141.55,142.56,141.19,142.22
1061220,1600,142.28,142.66,142.01,142.14
1061221,1600,142.27,142.43,141.32,141.62
1061222,1600,141.64,141.65,140.67,140.75
1061226,1600,140.81,141.61,140.78,141.58
1061227,1600,141.87,142.6,141.83,142.51
1061228,1600,142.41,142.7,141.99,142.21
1061229,1600,142.06,142.54,141.43,141.62
1070103,1600,142.25,142.86,140.57,141.37
1070104,1600,141.23,142.05,140.61,141.67
1070105,1600,141.33,141.4,140.38,140.54
1070108,1600,140.82,141.41,140.25,141.19
1070109,1600,141.31,141.6,140.4,141.07
1070110,1600,140.58,141.57,140.3,141.54
1070111,1600,141.58,142.62,141.5,142.16
1070112,1600,142.15,143.24,142.11,143.24
1070116,1600,143.07,143.44,142.73,142.96
1070117,1600,142.85,143.46,142.73,143.02
1070118,1600,143.17,143.26,142.31,142.54
1070119,1600,142.54,143.1,142.46,142.82
1070122,1600,143.07,143.1,141.93,142.38
1070123,1600,142.26,143.08,142.06,142.8
1070124,1600,142.97,143.98,142.91,143.95
1070125,1600,143.86,143.92,142.01,142.26
1070126,1600,142.57,142.65,141.58,142.13
1070129,1600,142.19,142.8,141.74,142.05
1070130,1600,142.35,142.86,142.06,142.79
1070131,1600,142.63,144.13,142.4,143.75
1070201,1600,144.15,144.66,143.91,144.61
1070202,1600,144.73,144.95,144.38,144.81
1070205,1600,144.7,144.94,144.34,144.85
1070206,1600,144.97,145.03,144.33,144.89
1070207,1600,145.12,145.36,144.57,145.21
1070208,1600,144.78,145.12,144.27,145.02
1070209,1600,145.06,145.33,143.39,143.94
1070212,1600,143.94,144.04,143.19,143.45
1070213,1600,143.77,144.9,143.76,144.66
1070214,1600,144.8,145.9,144.78,145.61
1070215,1600,145.67,145.95,145.43,145.8
1070216,1600,145.44,145.76,145.23,145.73
1070220,1600,145.56,146.2,145.0,146.04
1070221,1600,145.61,146.07,145.35,145.98
1070222,1600,146.05,146.42,145.17,145.87
1070223,1600,145.74,145.79,145.03,145.3
1070226,1600,145.83,145.95,144.75,145.17
1070227,1600,143.88,144.2,139.0,139.5
1070228,1600,140.39,141.98,139.8,140.93
1070301,1600,139.34,141.25,138.05,140.51
1070302,1600,140.05,140.66,138.66,138.67
1070305,1600,137.93,139.58,137.33,137.35
1070306,1600,138.78,140.12,137.72,139.7
1070307,1600,139.59,140.46,139.4,139.56
1070308,1600,140.54,141.16,140.07,140.74
1070309,1600,141.31,141.42,140.08,140.78
1070312,1600,140.42,141.34,140.16,140.99
1070313,1600,140.18,140.77,138.04,138.25
1070314,1600,138.43,139.36,136.75,139.28
1070315,1600,138.97,139.99,138.8,139.47
1070316,1600,139.31,139.63,138.12,138.53
1070319,1600,139.26,140.33,139.15,140.2
1070320,1600,140.08,141.05,139.96,140.97
1070321,1600,141.1,143.65,140.82,143.29
1070322,1600,143.48,143.68,142.79,143.18
1070323,1600,143.28,143.81,143.15,143.39
1070326,1600,143.5,143.65,142.09,143.2
1070327,1600,143.12,143.16,142.39,142.86
1070328,1600,142.14,142.47,141.26,141.82
1070329,1600,142.54,142.61,141.19,141.97
1070330,1600,142.24,142.84,140.56,142.0
1070402,1600,142.16,142.46,141.48,142.16
1070403,1600,142.97,143.98,142.91,143.69
1070404,1600,143.69,143.95,143.16,143.85
1070405,1600,143.67,144.44,143.61,144.24
1070409,1600,144.65,144.8,144.15,144.44
1070410,1600,144.33,144.85,144.27,144.61
1070411,1600,144.82,144.86,143.54,144.02
1070412,1600,143.74,144.92,143.34,144.66
1070413,1600,144.9,145.32,144.36,145.32
1070416,1600,145.83,146.86,145.82,146.7
1070417,1600,146.97,147.4,146.65,147.09
1070418,1600,146.6,147.7,146.57,147.27
1070419,1600,146.55,147.4,146.36,147.23
1070420,1600,148.22,148.62,147.04,148.62
1070423,1600,148.37,148.73,147.97,148.06
1070424,1600,148.23,148.4,147.32,148.12
1070425,1600,148.73,149.66,148.02,149.48
1070426,1600,149.49,149.8,149.1,149.65
1070427,1600,149.09,149.74,148.84,149.53
1070430,1600,149.64,149.74,148.21,148.29
1070501,1600,148.42,149.47,147.67,148.67
1070502,1600,148.9,149.95,148.75,149.54
1070503,1600,149.97,150.4,149.73,150.35
1070504,1600,150.75,151.12,150.22,150.92
1070507,1600,150.88,151.2,150.81,150.95
1070508,1600,150.58,150.92,150.13,150.75
1070509,1600,150.64,152.82,150.37,151.16
1070510,1600,150.73,151.02,149.27,149.58
1070511,1600,149.75,150.93,149.72,150.86
1070514,1600,150.86,151.3,149.79,150.53
1070515,1600,150.7,151.66,150.19,150.57
1070516,1600,150.8,151.63,150.38,151.6
1070517,1600,151.38,151.96,151.11,151.3
1070518,1600,152.01,152.62,151.81,152.62
1070521,1600,152.58,153.23,152.5,152.54
1070522,1600,152.7,153.16,152.38,152.42
1070523,1600,152.95,153.5,152.36,152.44
1070524,1600,152.53,153.21,150.74,151.06
1070525,1600,151.5,152.02,151.18,151.69
1070529,1600,151.94,152.5,151.45,152.24
1070530,1600,151.46,153.54,151.34,153.48
1070531,1600,153.67,153.89,153.12,153.32
1070601,1600,153.88,154.4,153.51,154.08
1070604,1600,153.54,154.39,153.48,154.1
1070605,1600,153.74,153.9,152.86,153.49
1070606,1600,152.86,152.95,151.75,151.84
1070607,1600,151.56,152.5,149.06,149.1
1070608,1600,149.58,151.19,149.09,151.04
1070611,1600,150.93,151.95,150.7,151.3
1070612,1600,150.67,151.54,149.55,149.65
1070613,1600,150.5,152.07,149.72,151.89
1070614,1600,152.06,153.12,152.03,152.86
1070615,1600,153.14,153.66,152.93,153.07
1070618,1600,153.38,153.39,152.66,152.89
1070619,1600,152.55,153.38,152.36,153.27
1070620,1600,153.58,153.58,150.96,151.14
1070621,1600,151.08,152.11,150.25,151.98
1070622,1600,151.52,151.77,149.85,150.55
1070625,1600,150.24,151.25,149.02,149.83
1070626,1600,150.21,150.46,148.28,148.29
1070627,1600,148.13,150.57,148.06,150.4
1070628,1600,150.38,151.41,149.67,150.38
1070629,1600,150.9,151.65,149.15,150.43
1070702,1600,150.87,151.92,150.77,151.79
1070703,1600,152.18,152.5,151.99,152.34
1070705,1600,152.4,152.56,151.63,152.18
1070706,1600,152.38,153.17,151.93,152.98
1070709,1600,153.16,153.36,152.62,153.1
1070710,1600,152.29,152.61,150.77,150.92
1070711,1600,150.75,152.05,150.52,151.99
1070712,1600,152.37,154.75,152.34,154.39
1070713,1600,154.57,155.46,154.39,154.85
1070716,1600,154.99,155.53,154.58,154.83
1070717,1600,154.93,155.48,154.68,154.75
1070718,1600,154.23,154.8,153.3,154.47
1070719,1600,155.2,155.53,154.75,155.07
1070720,1600,154.89,154.99,152.83,153.5
1070723,1600,154.18,154.72,153.3,153.97
1070724,1600,153.12,154.28,150.76,151.3
1070725,1600,152.02,152.39,150.25,151.61
1070726,1600,150.19,150.8,146.39,148.02
1070727,1600,148.21,148.87,145.05,145.11
1070730,1600,145.93,147.81,145.29,147.38
1070731,1600,148.33,149.46,145.04,145.72
1070801,1600,145.18,147.01,143.95,146.43
1070802,1600,146.76,147.76,145.26,147.6
1070803,1600,147.28,147.58,143.2,143.8
1070806,1600,144.21,146.83,142.53,146.21
1070807,1600,145.94,149.0,145.23,147.77
1070808,1600,148.41,150.59,147.34,149.83
1070809,1600,147.43,148.95,145.29,145.39
1070810,1600,144.39,146.5,143.12,144.71
1070813,1600,146.5,146.89,145.02,145.23
1070814,1600,145.7,146.06,142.72,143.01
1070815,1600,142.72,144.46,140.62,141.04
1070816,1600,139.79,142.94,137.0,142.1
1070817,1600,145.5,145.81,141.39,144.71
1070820,1600,145.17,145.47,143.29,144.64
1070821,1600,144.6,145.97,144.14,144.93
1070822,1600,146.01,146.8,145.33,146.65
1070823,1600,147.34,147.65,145.61,146.52
1070824,1600,146.48,148.33,146.28,148.33
1070827,1600,147.85,148.33,146.73,146.95
1070828,1600,146.16,146.25,143.46,143.72
1070829,1600,144.37,146.74,143.96,146.54
1070830,1600,145.45,147.19,145.31,146.15
1070831,1600,147.65,148.5,146.83,147.59
1070904,1600,147.45,149.98,147.4,149.08
1070905,1600,148.2,148.36,147.0,147.79
1070906,1600,147.95,148.61,147.12,148.13
1070907,1600,146.48,146.89,145.26,146.07
1070910,1600,146.52,146.72,144.33,145.79
1070911,1600,146.24,147.7,146.13,147.49
1070912,1600,147.29,148.44,146.98,147.87
1070913,1600,148.55,149.45,148.2,148.91
1070914,1600,147.96,149.09,147.74,148.9
1070917,1600,148.31,148.65,147.63,148.1
1070918,1600,148.83,152.5,148.13,152.46
1070919,1600,153.41,154.39,152.71,153.36
1070920,1600,153.34,153.43,152.11,152.28
1070921,1600,152.71,153.12,151.74,151.97
1070924,1600,152.42,152.82,151.36,151.69
1070925,1600,150.81,151.66,150.47,151.39
1070926,1600,152.25,152.77,151.39,152.19
1070927,1600,152.91,153.1,152.19,153.09
1070928,1600,152.85,153.19,151.98,152.58
1071001,1600,152.6,154.75,152.5,154.3
1071002,1600,154.61,154.65,153.81,154.09
1071003,1600,153.81,154.41,153.01,153.78
1071004,1600,154.11,154.26,153.59,154.02
1071005,1600,155.03,156.1,154.63,155.85
1071008,1600,155.39,155.49,154.77,155.02
1071009,1600,155.6,156.5,155.03,156.48
1071010,1600,156.04,156.44,155.41,156.22
1071011,1600,156.93,157.52,154.54,155.47
1071012,1600,155.46,156.35,155.27,156.33
1071015,1600,156.27,156.36,153.94,155.01
1071016,1600,154.41,154.52,153.47,153.78
1071017,1600,154.98,155.09,152.47,154.25
1071018,1600,153.45,154.19,153.08,153.69
1071019,1600,153.09,156.48,149.66,149.67
1071022,1600,148.86,150.76,148.66,150.54
1071023,1600,151.46,151.95,150.25,151.76
1071024,1600,151.21,151.74,148.84,151.48
1071025,1600,151.65,152.29,149.88,151.84
1071026,1600,153.06,153.62,151.9,153.62
1071029,1600,153.93,154.44,153.55,154.13
1071030,1600,153.45,153.75,152.87,153.06
1071031,1600,153.98,155.27,152.84,154.65
1071101,1600,153.29,153.41,150.59,151.03
1071102,1600,151.53,152.0,149.21,151.2
1071105,1600,149.64,151.16,148.97,150.05
1071106,1600,150.86,152.11,149.9,152.07
1071107,1600,150.44,151.13,147.55,147.91
1071108,1600,147.99,148.4,145.07,147.16
1071109,1600,145.69,147.54,144.89,145.14
1071112,1600,145.21,146.61,143.7,143.7
1071113,1600,145.37,148.31,145.22,148.08
1071114,1600,149.22,149.4,146.78,147.67
1071115,1600,146.57,147.49,144.52,145.54
1071116,1600,146.31,146.47,144.57,145.79
1071119,1600,145.28,145.36,143.19,143.76
1071120,1600,144.02,145.53,142.11,144.64
1071121,1600,143.08,143.91,141.67,141.68
1071123,1600,143.07,144.34,142.7,144.13
1071126,1600,144.43,144.88,140.66,140.95
1071127,1600,141.74,143.23,140.95,142.57
1071128,1600,144.19,147.47,144.14,147.13
1071129,1600,146.62,147.72,146.1,147.18
1071130,1600,149.04,149.87,147.33,148.66
1071203,1600,148.19,148.45,147.29,147.68
1071204,1600,146.66,147.54,146.31,146.36
1071205,1600,147.93,149.2,147.83,148.81
1071206,1600,148.63,151.21,148.57,150.94
1071207,1600,151.42,151.5,150.55,150.91
1071210,1600,151.28,152.25,150.86,152.08
1071211,1600,152.14,152.89,147.83,147.91
1071212,1600,151.06,151.77,147.2,149.37
1071213,1600,148.32,149.39,147.3,149.06
1071214,1600,147.93,149.1,147.1,147.17
1071217,1600,146.61,146.87,144.86,145.07
1071218,1600,146.1,146.48,143.96,145.88
1071219,1600,145.94,146.89,144.94,145.88
1071220,1600,146.84,146.86,145.18,146.8
1071221,1600,147.37,148.42,147.09,148.13
1071224,1600,148.82,149.48,148.48,149.23
1071226,1600,148.65,149.68,148.5,149.55
1071227,1600,149.02,149.03,147.32,147.67
1071228,1600,148.54,148.61,146.9,147.3
1071231,1600,147.1,147.61,146.06,146.21
1080102,1600,146.53,146.99,143.88,144.93
1080103,1600,144.91,145.49,144.07,144.86
1080104,1600,143.34,143.44,140.91,141.31
1080107,1600,141.81,142.23,140.1,141.19
1080108,1600,142.08,142.9,138.44,138.91
1080109,1600,139.09,140.79,137.7,140.37
1080110,1600,139.68,142.8,139.37,141.29
1080111,1600,140.78,141.9,139.0,140.15
1080114,1600,141.16,141.86,140.4,141.28
1080115,1600,139.79,141.49,137.9,138.17
1080116,1600,137.36,139.12,136.28,136.98
1080117,1600,137.81,137.88,132.93,133.43
1080118,1600,134.74,135.02,131.1,132.06
1080122,1600,127.21,132.43,126.0,130.72
1080123,1600,127.09,134.19,126.84,133.86
1080124,1600,134.48,135.46,133.31,134.99
1080125,1600,136.51,136.76,132.6,133.04
1080128,1600,133.26,135.52,132.06,135.24
1080129,1600,136.1,136.45,134.88,135.91
1080130,1600,135.58,138.54,134.6,134.91
1080131,1600,133.4,138.54,133.2,137.37
1080201,1600,137.94,139.61,137.52,139.58
1080204,1600,139.21,139.3,137.64,137.82
1080205,1600,135.94,136.25,133.67,134.13
1080206,1600,134.58,135.25,132.41,133.05
1080207,1600,131.8,134.79,131.73,133.93
1080208,1600,133.09,134.22,132.1,133.07
1080211,1600,133.1,134.23,132.04,133.75
1080212,1600,134.91,136.31,133.98,134.99
1080213,1600,136.01,137.06,135.14,136.37
1080214,1600,136.95,137.0,134.79,135.17
1080215,1600,134.5,135.22,133.91,135.14
1080219,1600,136.72,136.89,134.61,135.52
1080220,1600,133.99,136.55,133.76,135.92
1080221,1600,136.66,137.01,134.07,134.79
1080222,1600,134.97,135.85,132.86,135.62
1080225,1600,135.54,137.65,134.78,137.33
1080226,1600,136.75,138.95,136.5,138.36
1080227,1600,137.56,139.14,137.41,138.22
1080228,1600,137.24,137.96,136.55,136.87
1080229,1600,135.6,135.68,132.78,133.82
1080303,1600,133.14,133.81,132.24,133.5
1080304,1600,132.23,133.4,130.99,132.99
1080305,1600,133.42,134.77,132.34,133.83
1080306,1600,132.98,133.22,130.55,131.06
1080307,1600,129.77,131.74,128.58,129.71
1080310,1600,129.84,129.93,127.59,128.0
1080311,1600,130.72,132.72,128.95,132.6
1080312,1600,132.74,133.77,131.16,131.36
1080313,1600,129.61,132.64,128.6,131.65
1080314,1600,132.77,132.81,127.78,129.61
1080317,1600,126.57,129.26,126.07,128.3
1080318,1600,130.62,133.69,129.98,133.63
1080319,1600,134.14,134.65,130.04,130.32
1080320,1600,130.05,132.91,129.26,132.08
1080324,1600,133.31,135.81,133.24,134.72
1080325,1600,134.86,135.55,133.77,134.85
1080326,1600,134.46,135.09,133.11,133.2
1080327,1600,134.2,134.44,132.36,132.78
1080328,1600,132.99,133.36,131.06,131.51
1080331,1600,131.29,132.73,131.09,131.97
1080401,1600,133.61,136.84,133.51,136.61
1080402,1600,137.05,137.67,135.98,136.7
1080403,1600,135.96,137.44,135.71,137.04
1080404,1600,137.12,137.96,136.12,136.89
1080407,1600,137.87,138.57,136.74,136.96
1080408,1600,136.19,136.92,135.95,136.82
1080409,1600,136.61,136.8,134.89,135.83
1080410,1600,135.42,136.67,134.9,136.02
1080411,1600,134.49,135.12,133.01,133.38
1080414,1600,133.19,133.54,132.55,132.93
1080415,1600,133.58,133.69,132.33,133.24
1080416,1600,134.54,136.91,134.52,136.85
1080417,1600,136.02,137.25,135.66,137.05
1080418,1600,138.94,139.56,138.26,138.48
1080421,1600,138.23,138.98,137.85,138.55
1080422,1600,138.19,138.31,136.9,137.94
1080423,1600,138.09,138.78,137.12,137.72
1080424,1600,138.08,139.74,137.04,138.32
1080425,1600,139.4,139.89,137.91,139.6
1080428,1600,139.88,140.25,139.38,139.63
1080429,1600,139.39,139.73,138.61,139.08
1080430,1600,139.29,140.59,138.26,138.26
1080501,1600,138.38,141.12,138.27,141.12
1080502,1600,142.34,142.37,140.56,141.51
1080505,1600,141.05,141.61,140.41,140.83
1080506,1600,140.02,142.2,139.69,142.05
1080507,1600,141.89,142.04,139.13,139.52
1080508,1600,139.74,140.32,138.98,139.16
1080509,1600,138.6,139.39,138.45,138.9
1080512,1600,139.25,140.56,138.73,140.46
1080513,1600,140.8,140.89,139.73,140.48
1080514,1600,141.07,142.2,140.46,140.77
1080515,1600,141.04,142.63,140.83,142.53
1080516,1600,142.86,142.87,141.61,142.66
1080519,1600,142.81,144.3,142.3,143.05
1080520,1600,142.27,142.34,141.0,141.89
1080521,1600,141.81,142.12,139.0,139.49
1080522,1600,139.43,140.17,139.0,139.51
1080523,1600,139.05,139.66,137.52,137.64
1080527,1600,137.8,139.0,137.53,138.66
1080528,1600,139.17,140.0,138.0,139.3
1080529,1600,139.13,140.93,139.08,140.0
1080530,1600,140.47,140.74,139.94,140.35
1080602,1600,139.83,139.86,138.0,138.9
1080603,1600,139.3,139.62,137.23,138.09
1080604,1600,137.7,139.16,137.46,138.02
1080605,1600,138.58,140.89,138.32,140.78
1080606,1600,139.55,139.8,136.22,136.29
1080609,1600,136.86,137.5,135.41,136.62
1080610,1600,135.67,137.1,135.35,135.94
1080611,1600,135.97,136.26,133.93,133.94
1080612,1600,134.6,135.87,133.52,134.45
1080613,1600,135.17,136.52,134.42,136.15
1080616,1600,135.55,136.93,135.46,136.23
1080617,1600,137.07,137.12,135.37,135.57
1080618,1600,134.69,135.52,133.71,134.25
1080619,1600,134.15,135.24,133.5,134.42
1080620,1600,132.84,133.09,131.22,131.58
1080623,1600,132.09,132.23,131.32,131.45
1080624,1600,131.05,132.44,130.19,131.19
1080625,1600,131.72,133.4,131.24,131.81
1080626,1600,130.57,131.42,128.08,128.23
1080627,1600,128.28,128.86,127.04,127.53
1080630,1600,127.89,128.91,127.3,127.98
1080701,1600,126.52,128.47,125.93,128.38
1080702,1600,128.79,129.16,125.95,126.18
1080703,1600,127.11,127.11,124.99,126.31
1080707,1600,126.79,127.34,123.92,125.02
1080708,1600,124.99,127.39,124.2,127.24
1080709,1600,127.5,127.74,124.39,124.79
1080710,1600,124.43,125.79,123.58,125.3
1080711,1600,123.97,125.9,122.49,123.84
1080714,1600,125.26,125.5,122.4,122.72
1080715,1600,121.8,123.49,120.02,120.99
1080716,1600,121.45,124.57,121.1,123.96
1080717,1600,125.14,126.26,124.09,125.2
1080718,1600,126.17,126.42,125.15,125.98
1080721,1600,126.51,126.8,125.19,126.05
1080722,1600,125.15,127.8,124.85,127.48
1080723,1600,127.89,129.15,127.55,128.17
1080724,1600,128.34,128.41,125.16,125.51
1080725,1600,125.89,126.49,125.17,125.48
1080728,1600,125.51,126.06,123.42,123.64
1080729,1600,123.98,126.38,123.64,126.28
1080730,1600,127.11,128.6,126.28,128.53
1080731,1600,127.4,128.57,126.63,126.83
1080801,1600,127.12,127.28,125.46,126.16
1080804,1600,126.04,126.14,124.76,124.99
1080805,1600,126.02,128.56,124.97,128.36
1080806,1600,128.02,129.3,127.48,128.93
1080807,1600,127.96,128.44,126.54,127.01
1080808,1600,126.58,129.93,126.38,129.37
1080811,1600,129.47,131.51,129.23,130.71
1080812,1600,130.28,130.7,128.73,129.35
1080813,1600,128.79,129.65,127.67,128.57
1080814,1600,127.84,130.28,127.75,129.54
1080815,1600,129.93,130.5,129.3,130.17
1080818,1600,130.43,130.48,127.66,128.39
1080819,1600,127.42,127.69,126.53,126.99
1080820,1600,127.39,127.95,126.34,127.58
1080821,1600,126.75,128.44,126.6,127.8
1080822,1600,128.67,129.65,127.8,129.65
1080825,1600,128.8,129.65,126.75,127.02
1080826,1600,127.02,127.87,126.58,127.39
1080827,1600,127.55,128.83,127.3,128.63
1080828,1600,129.28,130.34,129.11,130.19
1080829,1600,129.73,130.14,128.51,128.79
1080902,1600,130.03,130.71,127.52,127.99
1080903,1600,127.88,128.5,126.93,127.88
1080904,1600,126.97,127.23,123.96,124.03
1080905,1600,123.29,124.95,122.0,124.42
1080908,1600,128.04,128.24,124.42,126.99
1080909,1600,127.1,127.36,122.8,123.22
1080910,1600,123.89,124.9,122.55,123.72
1080911,1600,122.12,125.74,121.6,125.51
1080912,1600,124.29,126.21,123.83,126.09
1080915,1600,121.63,125.65,119.89,120.09
1080916,1600,117.2,122.32,117.0,122.1
1080917,1600,119.64,121.85,116.0,116.61
1080918,1600,118.05,121.79,113.8,120.07
1080919,1600,126.7,128.0,123.33,124.12
1080922,1600,124.45,124.75,120.36,121.31
1080923,1600,120.85,122.02,118.28,118.55
1080924,1600,119.35,120.0,117.79,118.93
1080925,1600,119.4,121.91,118.44,120.79
1080926,1600,118.83,121.5,118.51,120.85
1080929,1600,119.14,119.34,110.97,111.38
1080930,1600,113.51,116.8,110.53,115.99
1081001,1600,115.27,116.69,113.95,116.06
1081002,1600,114.95,115.11,111.06,111.85
1081003,1600,112.86,115.45,109.68,110.34
1081006,1600,107.15,107.62,100.64,104.72
1081007,1600,106.84,107.33,99.65,100.03
1081008,1600,97.52,102.18,96.81,97.51
1081009,1600,99.66,100.62,90.25,90.7
1081010,1600,86.76,93.94,83.58,88.5
1081013,1600,93.87,101.35,89.95,101.35
1081014,1600,104.7,105.53,97.11,99.85
1081015,1600,97.46,97.8,89.71,90.02
1081016,1600,91.29,94.77,86.54,93.77
1081017,1600,91.99,98.59,91.65,93.21
1081020,1600,95.35,99.1,94.09,98.81
1081021,1600,96.97,98.64,95.22,95.86
1081022,1600,93.2,95.86,87.53,90.64
1081023,1600,90.29,92.45,85.81,91.69
1081024,1600,84.06,89.92,84.0,87.04
1081027,1600,85.97,89.51,83.7,83.95
1081028,1600,87.34,94.24,84.53,93.76
1081029,1600,93.77,97.17,92.1,93.08
1081030,1600,95.78,96.54,92.9,96.3
1081031,1600,95.08,98.57,94.48,96.83
1081103,1600,96.78,97.69,95.95,97.11
1081104,1600,99.06,100.86,96.71,100.41
1081105,1600,99.2,100.71,95.0,96.19
1081106,1600,94.46,95.44,90.06,90.86
1081107,1600,91.65,94.0,90.5,93.86
1081110,1600,95.21,95.53,90.92,92.63
1081111,1600,90.76,92.14,88.65,89.77
1081112,1600,88.23,88.95,85.12,85.82
1081113,1600,86.13,91.73,82.09,91.17
1081114,1600,89.41,92.06,86.52,86.62
1081117,1600,86.38,88.56,85.16,85.47
1081118,1600,85.15,87.22,82.91,87.08
1081119,1600,85.91,86.87,80.92,81.5
1081120,1600,80.13,82.51,75.05,75.45
1081121,1600,77.46,80.9,74.34,79.52
1081124,1600,81.92,86.99,80.36,85.03
1081125,1600,87.3,87.51,83.82,85.66
1081126,1600,84.3,89.19,84.24,88.97
1081128,1600,88.63,90.13,88.48,90.09
1081201,1600,87.51,87.55,81.86,82.11
1081202,1600,83.47,85.49,82.04,85.27
1081203,1600,83.4,87.83,83.14,87.32
1081204,1600,86.06,88.05,83.74,85.3
1081205,1600,83.65,88.42,82.24,87.93
1081208,1600,90.34,92.38,88.08,91.0
1081209,1600,90.37,92.13,88.98,89.5
1081210,1600,90.32,91.36,89.0,90.11
1081211,1600,89.54,91.0,87.37,87.94
1081212,1600,85.55,89.07,85.2,88.99
1081215,1600,89.02,89.15,86.29,87.75
1081216,1600,91.88,92.02,88.18,91.88
1081217,1600,90.84,92.43,90.06,90.99
1081218,1600,91.4,91.67,88.21,89.29
1081219,1600,89.1,90.62,88.09,88.19
1081222,1600,88.58,88.67,85.49,87.06
1081223,1600,87.53,87.93,85.8,86.16
1081224,1600,86.45,86.87,86.0,86.66
1081226,1600,87.24,87.3,86.5,87.16
1081229,1600,87.24,87.33,85.6,86.91
1081230,1600,87.51,89.05,86.88,88.97
1081231,1600,89.08,90.97,88.87,90.24
1090102,1600,90.44,93.44,89.85,92.96
1090105,1600,92.63,93.66,91.89,92.85
1090106,1600,93.64,94.45,92.68,93.47
1090107,1600,92.0,92.26,90.2,90.67
1090108,1600,90.16,91.09,89.67,91.04
1090109,1600,91.16,91.32,85.36,89.09
1090112,1600,88.84,88.91,86.41,86.95
1090113,1600,86.73,87.88,86.2,87.11
1090114,1600,85.54,85.75,83.16,84.37
1090115,1600,84.12,85.25,81.72,84.4
1090116,1600,85.86,85.99,83.05,85.06
1090120,1600,84.23,85.06,80.05,80.57
1090121,1600,81.94,84.24,80.47,84.05
1090122,1600,82.42,84.04,81.17,82.75
1090123,1600,80.9,83.99,80.57,83.11
1090126,1600,83.59,85.36,82.81,83.68
1090127,1600,84.13,85.15,83.3,84.53
1090128,1600,86.4,87.95,86.07,87.39
1090129,1600,86.11,87.49,84.47,84.55
1090130,1600,84.98,85.4,82.21,82.83
1090202,1600,81.57,83.18,81.31,82.58
1090203,1600,83.1,84.36,82.22,83.74
1090204,1600,84.3,85.37,83.04,83.33
1090205,1600,82.7,85.29,77.73,84.57
1090206,1600,84.86,87.34,84.68,86.98
1090209,1600,86.96,87.74,86.32,87.1
1090210,1600,86.27,87.03,82.45,83.11
1090211,1600,83.45,84.05,82.4,83.6
1090212,1600,82.17,83.82,81.05,83.66
1090213,1600,83.55,84.24,82.74,82.76
1090217,1600,80.16,82.96,79.17,79.22
1090218,1600,79.79,79.94,78.28,79.03
1090219,1600,79.84,80.15,78.02,78.18
1090220,1600,76.73,78.34,75.77,77.42
1090223,1600,78.27,78.27,74.59,74.65
1090224,1600,75.29,77.95,74.7,77.48
1090225,1600,77.14,78.42,75.63,76.87
1090226,1600,77.82,79.67,75.53,75.62
1090227,1600,74.01,75.69,73.81,73.93
1090302,1600,72.52,73.92,70.37,70.6
1090303,1600,71.61,71.7,69.64,70.07
1090304,1600,71.23,72.87,70.07,71.73
1090305,1600,70.1,71.73,68.17,68.8
1090306,1600,69.4,70.45,67.1,68.92
1090309,1600,67.95,70.0,67.73,68.11
1090310,1600,69.51,72.37,69.37,72.17
1090311,1600,73.0,73.75,71.83,72.64
1090312,1600,72.62,75.75,71.97,75.5
1090313,1600,76.01,76.98,74.73,76.09
1090316,1600,76.96,77.97,75.81,75.86
1090317,1600,76.07,78.36,75.45,78.18
1090318,1600,77.81,80.9,77.07,79.93
1090319,1600,80.93,81.0,78.69,78.94
1090320,1600,78.76,78.91,76.53,76.71
1090323,1600,78.74,82.29,78.31,82.22
1090324,1600,81.24,82.36,80.51,80.6
1090325,1600,81.23,82.7,79.06,81.45
1090326,1600,82.25,83.3,81.32,83.11
1090327,1600,82.05,82.53,81.31,81.61
1090330,1600,79.8,79.87,77.96,78.79
1090331,1600,79.56,81.08,79.05,79.52
1090401,1600,78.53,81.42,78.33,81.06
1090402,1600,83.08,84.61,81.13,83.43
1090403,1600,83.49,84.28,82.67,84.26
1090406,1600,83.34,84.28,82.29,83.6
1090407,1600,82.25,82.65,81.51,81.65
1090408,1600,82.06,82.94,81.54,82.53
1090409,1600,84.67,85.82,84.33,85.81
1090413,1600,84.92,86.54,84.58,85.83
1090414,1600,85.03,85.76,84.08,84.35
1090415,1600,83.84,85.42,83.61,85.25
1090416,1600,85.93,87.15,84.77,86.5
1090417,1600,86.83,87.65,86.14,87.08
1090420,1600,85.54,87.05,83.34,83.43
1090421,1600,82.82,85.13,82.75,85.06
1090422,1600,84.29,86.34,84.07,84.54
1090423,1600,84.71,85.42,83.63,85.37
1090424,1600,86.03,87.31,85.69,86.66
1090427,1600,85.68,87.01,85.54,85.84
1090428,1600,84.97,86.59,84.76,85.57
1090429,1600,86.52,88.36,86.3,87.39
1090430,1600,88.55,89.02,86.92,87.42
1090501,1600,87.44,88.21,86.72,87.89
1090504,1600,88.55,90.94,88.38,90.88
1090505,1600,90.57,90.93,89.84,90.57
1090506,1600,91.68,92.2,90.61,92.14
1090507,1600,93.01,93.15,90.28,90.86
1090508,1600,92.03,93.22,91.44,92.98
1090511,1600,91.7,92.11,91.04,91.24
1090512,1600,91.63,91.83,89.85,90.97
1090513,1600,89.74,90.01,88.5,88.68
1090514,1600,88.72,90.12,88.5,89.44
1090515,1600,89.37,90.0,88.15,88.71
1090518,1600,89.55,91.34,88.57,91.23
1090519,1600,91.18,91.97,90.81,91.12
1090520,1600,91.95,92.8,90.41,90.51
1090521,1600,89.46,89.8,88.26,89.21
1090522,1600,89.46,90.0,88.68,89.02
1090526,1600,88.36,91.56,88.32,91.3
1090527,1600,91.44,91.75,89.53,89.67
1090528,1600,90.46,91.34,89.1,90.92
1090529,1600,91.42,93.7,90.68,92.53
1090601,1600,93.67,95.17,93.43,94.77
1090602,1600,94.4,95.37,94.23,94.85
1090603,1600,94.04,94.13,92.76,93.65
1090604,1600,94.0,94.67,93.3,94.53
1090605,1600,95.49,95.67,93.8,94.55
1090608,1600,93.84,95.1,93.04,94.16
1090609,1600,94.69,95.14,94.02,94.64
1090610,1600,95.48,95.49,93.19,94.4
1090611,1600,94.58,96.11,94.56,94.82
1090612,1600,94.4,95.14,94.0,95.08
1090615,1600,93.96,94.02,92.4,92.9
1090616,1600,93.23,93.29,91.58,91.64
1090617,1600,91.6,92.33,90.83,91.55
1090618,1600,91.69,92.67,91.25,92.22
1090619,1600,92.58,92.7,91.52,92.04
1090622,1600,91.14,91.19,89.25,89.28
1090623,1600,89.47,89.88,88.85,89.35
1090624,1600,90.16,91.08,89.6,90.12
1090625,1600,89.67,92.17,89.57,92.08
1090626,1600,91.77,92.24,91.27,91.84
1090629,1600,92.11,92.82,91.6,92.7
1090630,1600,92.72,93.06,91.27,91.95
1090701,1600,92.34,93.23,92.21,92.33
1090702,1600,91.13,92.36,89.76,89.81
1090706,1600,88.94,89.93,88.66,89.8
1090707,1600,89.71,89.82,88.0,88.06
1090708,1600,88.59,88.8,87.0,88.0
1090709,1600,88.61,88.9,87.91,88.17
1090710,1600,87.7,88.49,87.35,87.96
1090713,1600,88.31,90.17,87.59,90.1
1090714,1600,90.38,90.69,89.73,90.61
1090715,1600,91.81,93.51,90.68,93.26
1090716,1600,93.0,94.51,92.82,93.11
1090717,1600,94.06,94.32,93.54,94.13
1090720,1600,94.68,95.29,94.19,95.13
1090721,1600,95.87,95.9,94.42,95.57
1090722,1600,94.96,96.13,94.89,95.55
1090723,1600,95.61,98.08,95.53,97.66
1090724,1600,97.2,98.14,96.69,98.06
1090727,1600,97.88,98.4,97.34,98.35
1090728,1600,97.66,98.37,97.06,97.89
1090729,1600,97.44,98.09,96.98,97.65
1090730,1600,98.83,99.83,98.6,98.67
1090731,1600,98.65,99.47,98.38,98.81
1090803,1600,99.85,100.53,99.31,100.44
1090804,1600,99.99,100.84,99.78,100.7
1090805,1600,100.77,100.86,99.58,100.41
1090806,1600,100.87,101.02,99.42,99.89
1090807,1600,100.94,102.03,100.39,101.2
1090810,1600,100.74,101.22,100.27,100.99
1090811,1600,100.54,100.61,99.46,99.73
1090812,1600,99.56,101.56,99.51,100.8
1090813,1600,101.26,101.61,100.26,101.57
1090814,1600,101.52,101.6,99.7,100.79
1090817,1600,98.85,98.95,98.11,98.31
1090818,1600,98.53,99.44,98.35,99.09
1090819,1600,98.31,100.3,98.21,99.96
1090820,1600,100.09,101.22,99.87,100.99
1090821,1600,101.82,103.13,101.62,102.97
1090824,1600,103.39,103.95,102.59,102.96
1090825,1600,103.37,104.26,102.94,103.16
1090826,1600,102.84,103.64,102.49,103.17
1090827,1600,103.11,103.72,101.94,103.4
1090828,1600,104.23,104.35,102.67,103.38
1090831,1600,102.37,102.58,101.79,102.46
1090901,1600,101.95,103.24,99.99,100.2
1090902,1600,99.78,100.44,99.57,99.82
1090903,1600,100.4,100.77,99.59,100.65
1090904,1600,100.85,102.09,100.55,102.06
1090908,1600,103.0,103.05,102.39,102.94
1090909,1600,103.12,104.08,102.8,103.73
1090910,1600,103.8,104.86,103.22,104.79
1090911,1600,104.99,105.3,104.28,104.77
1090914,1600,103.88,105.46,103.15,105.28
1090915,1600,105.45,106.11,104.76,105.72
1090916,1600,106.1,107.34,105.73,107.32
1090917,1600,107.17,108.06,106.57,107.16
1090918,1600,107.15,107.16,106.36,106.72
1090921,1600,105.89,107.0,105.66,106.45
1090922,1600,107.08,107.37,106.6,107.07
1090923,1600,107.32,108.03,105.99,106.18
1090924,1600,106.41,106.64,104.55,105.01
1090925,1600,104.78,105.36,104.09,104.45
1090928,1600,104.85,106.55,104.83,106.32
1090929,1600,106.51,107.02,105.78,106.0
1090930,1600,106.36,106.46,104.62,105.59
1091001,1600,103.0,105.73,102.95,102.97
1091002,1600,102.02,103.1,101.99,102.49
1091005,1600,102.9,104.32,102.6,104.02
1091006,1600,104.77,106.11,104.71,105.51
1091007,1600,105.27,105.91,105.07,105.8
1091008,1600,106.55,107.17,105.85,106.61
1091009,1600,106.64,107.26,106.36,107.26
1091012,1600,107.76,108.09,107.28,107.68
1091013,1600,107.39,107.71,106.76,107.46
1091014,1600,108.72,109.42,107.42,109.31
1091015,1600,108.78,109.71,108.73,109.71
1091016,1600,108.8,109.27,108.23,108.89
1091019,1600,109.07,110.13,108.73,109.79
1091020,1600,109.95,109.99,108.68,109.21
1091021,1600,109.04,110.31,108.15,108.23
1091022,1600,108.19,109.68,107.5,109.33
1091023,1600,109.69,109.76,107.63,108.08
1091026,1600,108.2,109.31,106.61,106.91
1091027,1600,107.03,107.39,106.16,106.42
1091028,1600,106.15,106.48,104.35,104.41
1091029,1600,105.19,106.86,104.94,106.65
1091030,1600,106.3,106.62,103.44,103.56
1091102,1600,104.13,105.41,103.08,104.32
1091103,1600,103.74,104.8,103.54,104.65
1091104,1600,105.51,106.33,104.65,104.92
1091105,1600,105.66,106.88,105.44,106.85
1091106,1600,106.26,107.4,106.05,107.13
1091109,1600,107.95,109.63,107.87,109.57
1091110,1600,109.31,109.93,108.97,109.59
1091111,1600,110.31,110.82,109.62,110.15
1091112,1600,110.0,110.57,108.75,109.03
1091113,1600,109.31,110.09,108.75,109.62
1091116,1600,110.38,111.69,110.32,111.21
1091117,1600,110.92,111.39,110.5,111.34
1091118,1600,111.26,111.43,110.57,111.27
1091119,1600,110.51,111.31,109.13,109.82
1091120,1600,109.25,109.76,109.01,109.43
1091123,1600,110.72,111.74,110.6,110.82
1091124,1600,111.0,111.2,110.01,110.99
1091125,1600,111.17,111.5,110.82,111.38
1091127,1600,108.4,110.32,108.29,109.57
1091130,1600,109.48,110.2,108.12,109.94
1091201,1600,110.92,111.66,110.73,111.3
1091202,1600,111.28,112.01,110.92,111.25
1091203,1600,111.55,112.18,110.29,110.38
1091204,1600,111.84,112.38,110.04,111.01
1091207,1600,110.91,111.53,110.49,110.84
1091208,1600,110.04,110.77,109.27,109.61
1091209,1600,109.58,110.18,109.02,110.02
1091210,1600,110.7,111.12,110.45,110.64
1091211,1600,111.11,111.36,110.61,111.11
1091214,1600,111.87,112.0,111.13,111.87
1091215,1600,111.46,111.92,111.0,111.35
1091216,1600,111.8,112.13,111.27,111.52
1091217,1600,110.72,110.93,110.08,110.18
1091218,1600,110.2,110.3,109.28,110.21
1091221,1600,110.76,111.7,110.76,111.33
1091222,1600,111.57,111.97,111.43,111.73
1091223,1600,112.0,112.11,111.5,111.95
1091224,1600,112.19,112.6,112.0,112.48
1091228,1600,112.9,112.99,112.32,112.72
1091229,1600,113.01,113.03,112.55,112.56
1091230,1600,112.23,112.65,112.17,112.52
1091231,1600,112.77,112.8,111.39,111.44
1100104,1600,112.37,113.39,111.51,113.33
1100105,1600,113.26,113.68,112.85,113.63
1100106,1600,113.52,113.99,113.43,113.71
1100107,1600,113.5,114.33,113.18,114.19
1100108,1600,113.89,114.62,113.66,114.57
1100111,1600,115.08,115.13,114.24,114.73
1100112,1600,113.97,114.21,113.22,113.66
1100113,1600,113.95,114.94,113.37,114.62
1100114,1600,114.49,115.14,114.42,114.93
1100115,1600,114.73,114.84,113.2,113.64
1100119,1600,113.62,115.13,113.59,115.06
1100120,1600,114.28,114.45,112.98,113.89
1100121,1600,113.92,114.27,111.56,111.7
1100122,1600,111.2,111.74,109.09,109.21
1100125,1600,110.21,110.41,109.41,109.77
1100126,1600,109.34,110.47,109.04,109.31
1100127,1600,109.17,110.08,108.33,109.83
1100128,1600,110.19,110.25,107.91,108.57
1100129,1600,109.04,109.8,107.22,107.39
1100201,1600,108.15,109.07,107.5,109.06
1100202,1600,109.26,110.59,108.88,110.38
1100203,1600,109.88,110.48,109.51,109.83
1100204,1600,108.98,109.03,106.42,106.44
1100205,1600,106.56,106.88,104.58,106.66
1100208,1600,106.74,107.33,105.81,105.89
1100209,1600,107.13,108.15,106.27,107.22
1100210,1600,107.05,107.6,106.11,107.01
1100211,1600,106.87,108.25,106.25,108.13
1100212,1600,106.99,108.1,106.51,108.04
1100216,1600,108.86,109.85,107.82,109.74
1100217,1600,110.27,110.41,109.74,110.26
1100218,1600,110.08,111.14,110.04,110.91
1100219,1600,110.62,111.57,110.36,111.14
1100222,1600,111.55,111.58,110.83,111.16
1100223,1600,110.86,111.2,109.52,109.81
1100224,1600,110.14,111.0,109.86,110.82
1100225,1600,109.24,110.75,108.94,110.67
1100226,1600,110.77,111.12,110.11,110.74
1100301,1600,111.2,112.0,111.17,111.89
1100302,1600,112.37,112.74,112.0,112.2
1100303,1600,112.49,112.97,112.02,112.3
1100304,1600,112.45,112.8,112.03,112.64
1100305,1600,113.37,114.34,113.1,114.25
1100308,1600,114.26,114.52,114.07,114.27
1100309,1600,113.93,114.99,113.87,114.46
1100310,1600,114.51,115.28,114.41,114.97
1100311,1600,114.7,115.48,114.35,115.45
1100312,1600,115.95,115.97,115.14,115.46
1100315,1600,115.26,115.57,114.6,115.49
1100316,1600,115.81,116.52,115.49,116.41
1100317,1600,116.76,117.48,116.42,117.1
1100318,1600,117.11,117.27,116.57,117.04
1100319,1600,115.97,117.29,115.52,115.97
1100322,1600,115.31,116.8,115.24,116.59
1100323,1600,116.76,117.51,116.38,117.41
1100324,1600,116.97,117.43,115.58,116.84
1100325,1600,117.63,118.17,116.51,116.65
1100326,1600,116.87,117.42,116.12,116.58
1100329,1600,117.17,117.53,116.69,117.32
1100330,1600,117.46,117.83,116.91,117.4
1100331,1600,116.95,117.52,116.61,117.0
1100401,1600,117.8,118.25,117.1,117.8
1100405,1600,118.25,118.84,117.92,118.76
1100406,1600,118.42,119.25,118.29,119.04
1100407,1600,118.8,119.36,117.81,118.36
1100408,1600,117.95,118.97,117.6,118.77
1100409,1600,119.02,119.6,118.8,119.55
1100412,1600,119.7,120.05,119.56,119.74
1100413,1600,119.62,120.04,119.0,119.83
1100414,1600,120.27,121.19,120.08,121.19
1100415,1600,120.99,121.57,120.95,121.29
1100416,1600,120.86,121.29,118.75,119.36
1100419,1600,119.01,119.93,118.47,119.81
1100420,1600,120.56,120.98,119.87,120.88
1100421,1600,120.95,121.23,119.99,120.66
1100422,1600,119.81,121.17,119.12,121.02
1100423,1600,120.94,121.86,120.63,121.81
1100426,1600,121.85,122.12,121.23,121.35
1100427,1600,120.65,121.34,118.25,118.48
1100428,1600,119.05,119.68,118.27,119.38
1100429,1600,120.1,121.11,120.07,120.86
1100430,1600,120.88,121.01,118.78,118.81
1100503,1600,119.38,120.68,119.2,120.35
1100504,1600,119.01,119.03,116.92,117.52
1100505,1600,116.56,117.8,115.97,116.82
1100506,1600,116.26,117.0,105.0,112.94
1100507,1600,112.64,113.77,109.41,111.26
1100510,1600,115.81,116.65,114.91,116.16
1100511,1600,115.07,117.36,114.91,115.83
1100512,1600,116.29,117.62,116.09,117.45
1100513,1600,117.13,117.68,115.89,115.99
1100514,1600,115.12,115.33,112.87,113.89
1100517,1600,114.2,114.52,111.77,113.95
1100518,1600,114.88,115.22,112.03,112.4
1100519,1600,111.77,112.77,110.36,111.76
1100520,1600,109.38,109.89,107.47,107.54
1100521,1600,105.91,109.38,105.36,109.11
1100524,1600,108.52,109.39,107.61,107.71
1100525,1600,105.11,107.87,104.38,107.82
1100526,1600,108.48,109.47,106.85,107.17
1100527,1600,109.19,110.8,108.78,110.76
1100528,1600,110.64,110.72,108.85,109.37
1100601,1600,108.35,109.95,107.37,107.53
1100602,1600,108.08,110.34,107.51,110.33
1100603,1600,110.65,111.06,109.58,110.71
1100604,1600,108.61,109.33,106.46,106.82
1100607,1600,107.2,107.61,105.41,105.49
1100608,1600,105.57,106.83,104.65,106.62
1100609,1600,107.24,108.28,105.6,106.05
1100610,1600,107.86,109.28,106.04,109.15
1100611,1600,108.19,109.75,108.12,109.68
1100614,1600,110.52,111.12,109.4,109.51
1100615,1600,110.28,112.1,110.09,112.0
1100616,1600,111.42,112.42,111.2,111.96
1100617,1600,112.28,112.33,111.05,112.14
1100618,1600,111.83,112.13,111.37,111.73
1100621,1600,113.12,113.2,110.79,111.41
1100622,1600,111.41,111.9,109.41,109.57
1100623,1600,109.64,110.03,108.48,109.23
1100624,1600,108.69,108.83,107.14,107.42
1100625,1600,107.74,108.42,106.77,107.87
1100628,1600,108.03,108.32,107.14,107.53
1100629,1600,106.02,107.51,103.55,104.21
1100630,1600,103.92,104.88,102.88,103.22
1100701,1600,103.15,103.49,101.13,102.76
1100702,1600,103.11,103.42,101.62,102.2
1100706,1600,103.64,104.37,101.88,102.87
1100707,1600,103.13,106.24,103.02,106.11
1100708,1600,107.0,107.28,105.91,107.16
1100709,1600,107.13,107.97,106.93,107.96
1100712,1600,107.6,108.24,107.15,108.03
1100713,1600,109.15,110.09,108.93,109.66
1100714,1600,109.31,110.08,108.86,109.65
1100715,1600,109.61,110.06,108.17,109.68
1100716,1600,109.09,109.21,106.45,106.66
1100719,1600,107.05,107.63,106.22,107.29
1100720,1600,105.87,108.56,105.82,108.48
1100721,1600,109.04,109.07,106.63,107.07
1100722,1600,108.34,109.94,108.33,109.46
1100723,1600,109.24,110.57,108.93,110.41
1100726,1600,110.6,111.67,110.29,111.56
1100727,1600,112.17,112.29,111.11,111.55
1100728,1600,111.32,111.66,110.46,110.83
1100729,1600,111.52,111.82,109.41,110.29
1100730,1600,109.17,110.86,108.98,110.27
1100802,1600,111.99,112.94,111.54,112.76
1100803,1600,112.48,112.77,111.85,112.22
1100804,1600,112.53,113.11,112.16,112.97
1100805,1600,112.25,112.91,112.08,112.85
1100806,1600,111.74,112.57,110.92,112.39
1100809,1600,112.92,113.18,112.32,112.99
1100810,1600,112.03,112.98,111.37,112.38
1100811,1600,110.65,110.69,109.12,109.3
1100812,1600,107.65,109.02,107.6,108.63
1100813,1600,108.29,108.96,108.18,108.31
1100816,1600,107.57,108.61,107.18,108.26
1100817,1600,109.19,110.39,108.88,109.59
1100818,1600,109.54,110.38,108.91,109.79
1100819,1600,109.22,109.49,107.43,107.88
1100820,1600,107.56,107.94,106.75,107.53
1100823,1600,108.04,108.57,107.07,107.12
1100824,1600,105.95,106.39,104.97,105.53
1100825,1600,104.95,106.34,104.29,105.94
1100826,1600,106.44,106.58,104.88,105.23
1100827,1600,105.89,106.97,104.31,106.86
1100830,1600,106.58,106.91,105.3,105.31
1100831,1600,104.92,105.98,104.49,105.31
1100901,1600,106.73,108.61,106.66,108.46
1100902,1600,108.72,109.49,108.49,109.47
1100903,1600,110.54,110.99,109.95,110.89
1100907,1600,110.37,110.51,109.55,109.64
1100908,1600,109.86,110.85,109.81,110.41
1100909,1600,111.65,111.68,110.62,110.92
1100910,1600,111.12,111.61,110.87,111.48
1100913,1600,112.58,112.95,112.13,112.72
1100914,1600,112.5,113.29,112.08,112.65
1100915,1600,112.32,113.21,111.98,113.08
1100916,1600,112.73,113.12,112.35,113.05
1100917,1600,113.04,113.15,112.18,112.49
1100920,1600,112.88,114.46,112.52,114.21
1100921,1600,114.3,114.84,113.51,113.98
1100922,1600,113.8,114.44,113.1,113.42
1100923,1600,112.49,113.67,112.18,112.5
1100924,1600,113.75,114.9,113.65,114.82
1100927,1600,114.86,114.99,114.16,114.27
1100928,1600,114.42,115.04,113.18,114.67
1100929,1600,114.38,114.91,114.02,114.47
1100930,1600,115.05,115.79,113.59,114.13
1101001,1600,114.99,115.12,113.93,114.61
1101004,1600,114.37,114.85,113.18,113.75
1101005,1600,114.8,116.32,114.67,116.04
1101006,1600,116.02,116.33,115.56,116.03
1101007,1600,116.5,116.53,115.19,115.89
1101008,1600,116.05,116.86,115.61,116.54
1101011,1600,116.72,116.97,116.25,116.65
1101012,1600,116.27,117.35,115.65,117.01
1101013,1600,117.66,118.55,117.38,117.92
1101014,1600,117.81,118.01,116.72,117.46
1101015,1600,118.28,118.35,116.76,117.7
1101018,1600,117.74,118.67,117.31,118.28
1101019,1600,117.19,117.85,116.02,116.73
1101020,1600,116.94,118.44,116.87,117.87
1101021,1600,118.4,119.09,117.21,118.13
1101022,1600,118.31,118.53,118.0,118.35
1101025,1600,119.14,119.76,118.61,118.7
1101026,1600,118.1,118.84,117.87,118.72
1101027,1600,117.89,118.51,117.26,118.38
1101028,1600,119.06,119.11,117.83,118.4
1101029,1600,118.28,118.72,118.07,118.49
1101101,1600,119.07,119.75,117.85,118.53
1101102,1600,119.42,119.75,119.1,119.47
1101103,1600,119.68,120.02,118.45,119.95
1101104,1600,121.28,122.32,119.97,122.26
1101105,1600,122.34,122.92,122.18,122.72
1101108,1600,122.34,122.69,121.94,122.49
1101109,1600,122.82,122.95,121.12,121.61
1101110,1600,121.58,122.16,120.66,122.1
1101111,1600,121.05,121.82,120.68,121.64
1101112,1600,120.82,121.35,119.65,120.2
1101115,1600,120.58,121.05,119.98,120.03
1101116,1600,119.29,119.49,117.59,118.16
1101117,1600,118.21,118.71,117.86,118.22
1101118,1600,119.36,120.39,119.35,119.96
1101119,1600,119.9,120.34,119.25,120.29
1101122,1600,119.69,120.24,118.77,120.19
1101123,1600,118.77,119.02,117.99,118.45
1101124,1600,119.2,120.23,119.18,120.2
1101126,1600,119.16,119.81,118.8,118.8
1101129,1600,118.5,119.48,117.74,119.16
1101130,1600,117.98,119.17,117.81,118.49
1101201,1600,120.2,121.24,120.19,121.01
1101202,1600,121.2,122.65,121.13,122.56
1101203,1600,122.14,123.03,122.11,122.89
1101206,1600,122.63,123.04,122.5,122.76
1101207,1600,123.94,124.01,122.76,122.83
1101208,1600,122.98,123.38,122.41,123.28
1101209,1600,123.97,124.02,123.15,123.76
1101210,1600,124.14,124.6,123.73,124.48
1101213,1600,125.05,125.2,124.52,124.56
1101214,1600,124.75,125.23,124.29,124.67
1101215,1600,124.44,124.93,123.89,124.1
1101216,1600,124.18,124.91,123.75,124.82
1101217,1600,124.08,124.46,123.82,124.3
1101220,1600,124.64,124.9,123.98,124.6
1101221,1600,124.99,125.47,124.87,125.39
1101222,1600,125.48,125.82,125.41,125.78
1101223,1600,125.64,125.78,125.29,125.6
1101227,1600,125.13,125.77,125.04,125.65
1101228,1600,125.9,125.95,125.5,125.83
1101229,1600,125.98,126.2,125.9,125.92
1101230,1600,125.8,126.13,125.53,125.72
1101231,1600,125.53,125.87,125.33,125.75
1110103,1600,126.71,127.6,125.7,127.05
1110104,1600,127.33,127.37,126.19,126.98
1110105,1600,126.58,127.72,126.46,127.64
1110106,1600,127.69,127.83,127.01,127.39
1110107,1600,127.56,127.77,126.15,127.14
1110110,1600,126.58,127.16,126.2,126.98
1110111,1600,127.44,127.74,126.95,127.43
1110112,1600,128.21,128.72,127.46,128.58
1110113,1600,128.63,128.69,128.05,128.37
1110114,1600,128.19,129.33,128.1,129.3
1110118,1600,129.18,129.64,129.03,129.52
1110119,1600,129.41,129.54,127.91,128.25
1110120,1600,127.96,128.4,127.13,128.08
1110121,1600,128.88,129.17,128.23,128.37
1110124,1600,128.29,129.25,128.26,129.1
1110125,1600,128.76,129.28,128.11,129.17
1110126,1600,129.49,130.05,129.23,129.67
1110127,1600,129.7,130.21,129.47,129.99
1110128,1600,130.14,130.35,127.51,127.72
1110131,1600,128.07,128.78,127.75,128.68
1110201,1600,129.46,130.97,129.38,130.74
1110202,1600,130.4,130.84,130.33,130.49
1110203,1600,130.26,130.98,129.57,130.78
1110204,1600,130.83,131.2,130.23,131.15
1110207,1600,131.44,132.4,131.43,131.97
1110208,1600,132.09,132.64,131.73,132.57
1110209,1600,132.21,132.63,131.61,132.27
1110210,1600,131.6,132.47,131.3,132.32
1110211,1600,131.8,133.28,131.77,133.11
1110214,1600,133.03,133.54,132.88,133.43
1110215,1600,133.02,133.22,132.32,133.01
1110216,1600,133.46,134.01,133.19,133.85
1110217,1600,133.46,134.43,133.34,134.25
1110218,1600,134.37,134.69,134.06,134.53
1110222,1600,133.12,134.56,131.47,131.83
1110223,1600,131.75,132.07,130.21,131.02
1110224,1600,130.88,131.44,129.7,130.93
1110225,1600,131.48,132.41,131.4,132.33
1110228,1600,132.82,133.32,132.38,133.15
1110301,1600,133.57,133.69,130.89,130.93
1110302,1600,130.75,131.82,130.35,131.21
1110303,1600,132.4,133.62,132.39,133.47
1110304,1600,133.37,133.63,131.6,132.47
1110307,1600,132.86,133.16,130.74,131.43
1110308,1600,131.64,133.0,131.07,132.58
1110309,1600,132.32,132.8,131.6,132.39
1110310,1600,131.0,131.18,129.81,129.94
1110311,1600,129.52,131.31,129.49,130.84
1110314,1600,129.99,130.48,129.06,130.05
1110315,1600,126.59,129.33,126.5,128.56
1110316,1600,128.15,128.57,125.28,126.18
1110317,1600,128.0,128.39,127.1,127.85
1110318,1600,128.84,128.88,127.51,127.76
1110321,1600,129.35,130.01,129.2,129.74
1110322,1600,129.72,129.89,129.17,129.29
1110323,1600,128.93,130.0,128.32,129.66
1110324,1600,130.4,131.09,129.67,130.9
1110325,1600,131.24,131.87,130.89,131.3
1110328,1600,131.58,131.92,130.94,130.98
1110329,1600,130.87,131.9,130.44,131.86
1110330,1600,132.55,133.16,132.36,132.77
1110331,1600,132.6,132.96,132.45,132.59
1110401,1600,133.41,133.77,132.83,133.15
1110404,1600,133.43,133.67,132.88,133.26
1110405,1600,133.0,133.83,132.94,133.24
1110406,1600,133.88,134.0,133.12,133.66
1110407,1600,133.42,133.98,132.66,133.32
1110408,1600,133.91,133.99,132.31,132.86
1110411,1600,133.0,133.45,132.14,132.46
1110412,1600,131.72,131.98,130.99,131.47
1110413,1600,132.08,132.18,130.96,131.46
1110414,1600,130.7,131.76,130.27,131.56
1110415,1600,131.8,132.37,131.41,132.04
1110418,1600,130.59,132.03,129.51,130.56
1110419,1600,130.76,131.35,130.44,131.31
1110420,1600,132.88,133.39,132.79,133.1
1110421,1600,133.79,133.84,133.1,133.78
1110425,1600,133.68,133.86,133.2,133.64
1110426,1600,134.05,135.06,133.91,134.79
1110427,1600,135.05,135.87,134.5,135.67
1110428,1600,135.43,136.29,135.41,136.11
1110429,1600,136.16,136.57,135.98,136.43
1110502,1600,137.07,137.18,135.95,136.22
1110503,1600,135.96,136.19,135.04,135.73
1110504,1600,135.67,135.73,134.23,134.83
1110505,1600,134.08,134.95,133.02,133.61
1110506,1600,134.94,135.63,133.68,134.2
1110509,1600,134.19,135.11,133.98,134.72
1110510,1600,135.17,136.11,135.0,135.87
1110511,1600,135.67,135.69,133.82,134.44
1110512,1600,134.08,135.36,133.39,135.08
1110513,1600,135.15,135.34,133.56,134.04
1110516,1600,133.56,134.61,132.97,133.19
1110517,1600,132.69,133.35,132.12,133.17
1110518,1600,133.24,134.5,132.95,134.36
1110519,1600,134.8,135.03,133.94,134.68
1110520,1600,134.33,134.68,133.36,133.61
1110523,1600,131.98,132.72,131.59,132.06
1110524,1600,132.44,132.73,131.7,131.95
1110525,1600,131.42,132.94,131.38,132.39
1110526,1600,132.03,133.24,131.78,133.0
1110527,1600,133.37,133.87,132.96,133.51
1110531,1600,134.77,134.92,133.84,134.9
1110601,1600,134.51,134.92,131.76,131.87
1110602,1600,131.96,132.24,130.96,131.73
1110603,1600,130.15,131.42,130.08,130.42
1110606,1600,130.09,130.36,128.87,129.04
1110607,1600,129.7,130.07,128.85,128.96
1110608,1600,128.76,129.19,128.18,128.42
1110609,1600,128.77,129.93,128.46,129.4
1110610,1600,128.85,128.93,127.26,127.6
1110613,1600,127.89,128.24,127.05,127.7
1110614,1600,128.87,129.77,128.82,129.32
1110615,1600,128.24,129.3,126.68,127.02
1110616,1600,127.06,127.97,126.32,127.3
1110617,1600,127.93,127.94,126.62,127.05
1110620,1600,126.62,127.97,126.58,127.7
1110621,1600,128.36,129.7,127.75,129.45
1110622,1600,129.05,129.81,128.59,128.67
1110623,1600,127.16,128.64,126.19,128.3
1110624,1600,128.27,128.37,126.62,126.81
1110627,1600,126.89,128.43,126.64,127.94
1110628,1600,128.45,129.63,128.27,129.61
1110629,1600,130.2,130.93,129.63,130.72
1110630,1600,131.14,132.18,130.71,131.97
1110701,1600,132.09,134.1,131.78,133.92
1110705,1600,133.78,134.08,133.39,133.81
1110706,1600,133.49,134.14,133.11,133.97
1110707,1600,135.16,135.7,134.88,135.36
1110708,1600,133.83,135.36,133.39,134.4
1110711,1600,132.75,133.18,131.66,131.97
1110712,1600,131.69,132.78,131.36,131.4
1110713,1600,132.09,133.22,131.52,131.84
1110714,1600,132.17,132.78,130.68,130.93
1110715,1600,131.66,131.87,130.77,131.69
1110718,1600,131.08,131.28,129.63,130.61
1110719,1600,131.34,132.89,131.31,132.73
1110720,1600,133.07,133.15,132.42,132.65
1110721,1600,133.4,134.82,132.67,134.49
1110722,1600,134.52,134.72,133.76,134.58
1110725,1600,133.3,134.49,133.16,133.83
1110726,1600,133.74,133.96,133.03,133.33
1110727,1600,132.59,132.63,130.43,130.6
1110728,1600,130.6,131.77,130.01,130.22
1110729,1600,128.91,130.55,127.97,129.33
1110801,1600,130.84,130.96,127.53,128.78
1110802,1600,127.81,128.5,125.49,125.49
1110803,1600,125.66,126.31,123.53,126.17
1110804,1600,124.42,124.62,120.06,120.26
1110805,1600,121.76,122.07,116.86,120.08
1110808,1600,116.91,120.12,112.02,112.26
1110809,1600,114.07,117.64,110.27,117.48
1110810,1600,115.26,116.28,111.95,112.29
1110811,1600,113.26,118.92,112.32,117.33
1110812,1600,118.4,119.21,117.28,118.12
1110815,1600,119.19,120.74,119.0,120.62
1110816,1600,119.47,120.69,118.31,119.59
1110817,1600,120.25,121.2,118.72,119.67
1110818,1600,116.5,119.71,113.39,114.51
1110819,1600,112.96,115.88,112.5,112.64
1110822,1600,115.17,115.23,112.41,112.73
1110823,1600,113.15,116.57,112.58,116.44
1110824,1600,116.19,118.24,115.92,118.08
1110825,1600,118.73,119.4,115.87,116.28
1110826,1600,115.69,118.51,113.85,117.97
1110829,1600,119.56,121.43,118.06,121.36
1110830,1600,120.83,122.43,119.26,121.68
1110831,1600,122.46,123.51,121.3,122.22
1110901,1600,122.29,123.4,120.78,120.94
1110902,1600,118.42,120.87,117.43,117.85
1110906,1600,114.39,117.16,114.38,116.99
1110907,1600,118.76,120.34,118.36,120.29
1110908,1600,119.57,120.94,118.77,119.04
1110909,1600,117.68,119.06,115.28,115.92
1110912,1600,114.47,116.76,114.05,116.67
1110913,1600,117.05,118.18,116.22,117.74
1110914,1600,118.34,120.8,116.72,119.37
1110915,1600,120.65,121.47,119.4,121.43
1110916,1600,121.29,121.97,120.32,121.52
1110919,1600,119.53,120.93,118.72,120.31
1110920,1600,120.82,121.99,120.01,120.17
1110921,1600,120.23,120.6,116.44,116.63
1110922,1600,113.25,114.21,111.3,112.86
1110923,1600,112.11,114.16,112.02,113.54
1110926,1600,114.61,116.4,112.98,116.24
1110927,1600,118.53,119.56,116.84,117.54
1110928,1600,117.78,118.49,114.97,115.14
1110929,1600,117.05,117.63,113.93,116.05
1110930,1600,114.45,115.45,113.07,113.15
1111003,1600,112.49,113.95,109.81,109.93
1111004,1600,108.35,112.58,107.43,112.34
1111005,1600,112.62,114.72,111.58,114.42
1111006,1600,114.36,116.66,113.51,116.49
1111007,1600,117.17,117.25,115.06,115.71
1111010,1600,117.68,119.63,117.67,119.58
1111011,1600,118.87,120.04,118.75,119.7
1111012,1600,120.6,122.14,120.33,120.75
1111013,1600,120.04,120.87,119.12,120.51
1111014,1600,121.91,122.6,121.23,122.57
1111017,1600,121.99,122.55,119.93,120.23
1111018,1600,120.14,123.5,119.2,122.58
1111019,1600,122.38,123.08,120.71,121.13
1111020,1600,121.43,122.1,119.82,121.66
1111021,1600,123.09,124.12,122.72,123.97
1111024,1600,124.17,125.8,124.06,125.49
1111025,1600,124.89,124.95,122.78,123.05
1111026,1600,124.35,124.77,122.21,124.3
1111027,1600,127.63,129.42,126.61,128.63
1111028,1600,128.0,128.85,127.8,128.6
1111031,1600,127.16,128.62,125.32,125.5
1111101,1600,122.03,123.51,121.52,122.0
1111102,1600,123.83,124.4,122.79,123.99
1111103,1600,125.27,126.5,123.6,126.25
1111104,1600,125.23,125.7,124.01,125.48
1111107,1600,125.39,126.39,124.2,126.26
1111108,1600,126.92,128.02,125.71,127.88
1111109,1600,124.89,125.8,122.86,123.16
1111110,1600,124.79,124.94,123.02,124.32
1111111,1600,125.83,126.99,125.79,126.66
1111114,1600,126.19,127.45,124.92,125.46
1111115,1600,125.17,126.75,124.72,126.08
1111116,1600,124.81,126.34,123.9,124.08
1111117,1600,123.85,124.16,121.23,122.11
1111118,1600,122.5,122.75,121.47,121.98
1111121,1600,120.2,120.35,118.65,119.66
1111122,1600,119.4,120.1,118.52,119.19
1111123,1600,118.07,119.19,116.56,116.56
1111125,1600,116.38,117.7,116.2,116.34
1111128,1600,119.54,120.18,118.82,119.71
1111129,1600,120.05,121.0,119.61,120.05
1111130,1600,123.49,125.22,120.0,124.99
1111201,1600,124.85,125.64,124.43,124.97
1111202,1600,126.12,126.5,124.78,124.86
1111205,1600,126.84,127.18,125.44,126.22
1111206,1600,126.21,127.11,125.76,126.26
1111207,1600,125.84,127.26,124.97,126.73
1111208,1600,125.9,126.18,123.65,123.95
1111209,1600,124.51,126.37,124.4,126.05
1111212,1600,124.95,124.97,123.16,124.21
1111213,1600,124.86,125.57,122.45,123.05
1111214,1600,122.56,123.03,121.47,121.74
1111215,1600,123.03,123.2,121.99,122.18
1111216,1600,122.23,122.95,121.3,121.59
1111219,1600,122.06,122.32,120.03,120.29
1111220,1600,122.18,124.14,120.37,123.93
1111221,1600,123.93,124.36,122.75,124.17
1111222,1600,124.63,125.4,124.23,125.27
1111223,1600,125.67,126.43,125.41,126.39
1111227,1600,126.17,126.82,126.06,126.49
1111228,1600,126.51,126.53,124.73,124.83
1111229,1600,125.24,126.25,124.86,126.12
1111230,1600,126.02,126.33,125.5,125.5
1120103,1600,127.76,128.38,127.43,127.5
1120104,1600,127.2,127.81,126.71,127.7
1120105,1600,127.01,128.23,126.43,128.04
1120106,1600,128.2,128.22,127.29,127.71
1120109,1600,128.0,128.18,127.41,128.02
1120110,1600,129.39,129.65,128.95,129.13
1120111,1600,128.73,129.37,128.52,129.2
1120112,1600,129.57,129.7,128.54,129.51
1120113,1600,128.64,129.05,127.72,128.84
1120117,1600,130.08,130.32,128.9,129.34
1120118,1600,129.31,130.84,129.08,130.77
1120119,1600,131.22,131.57,130.8,131.46
1120120,1600,131.24,131.95,130.92,131.95
1120123,1600,131.51,132.25,130.98,131.61
1120124,1600,130.8,131.5,130.6,131.46
1120125,1600,131.26,132.87,130.75,132.56
1120126,1600,133.15,133.4,131.36,131.88
1120127,1600,131.24,132.05,131.15,131.82
1120130,1600,130.51,131.44,130.06,131.37
1120131,1600,132.02,132.18,130.68,131.32
1120201,1600,132.29,133.14,132.13,132.47
1120202,1600,132.73,133.02,132.21,132.68
1120203,1600,134.0,134.62,133.77,134.54
1120206,1600,133.98,134.51,133.83,134.45
1120207,1600,134.17,135.02,133.64,134.79
1120208,1600,134.86,135.22,134.31,135.19
1120209,1600,135.41,135.59,134.56,135.36
1120210,1600,134.16,134.47,133.84,134.36
1120213,1600,135.32,135.52,134.74,135.36
1120214,1600,135.0,135.27,134.25,135.19
1120215,1600,135.63,135.83,134.29,134.56
1120216,1600,134.57,136.17,134.33,136.05
1120217,1600,136.52,136.63,135.96,136.41
1120221,1600,136.73,137.05,136.05,136.47
1120222,1600,136.26,136.55,135.79,136.03
1120223,1600,135.96,136.73,135.5,136.63
1120224,1600,136.93,137.2,136.63,136.93
1120227,1600,136.02,137.53,135.8,137.16
1120228,1600,137.2,137.72,136.93,137.56
1120229,1600,137.76,138.19,136.54,137.02
1120301,1600,137.31,137.99,136.93,137.73
1120302,1600,137.64,137.82,137.0,137.31
1120305,1600,137.1,137.2,136.28,136.75
1120306,1600,135.35,135.43,134.36,134.75
1120307,1600,135.06,135.91,134.93,135.69
1120308,1600,136.52,137.32,136.24,137.04
1120309,1600,137.3,137.93,137.13,137.57
1120312,1600,137.55,137.76,137.09,137.58
1120313,1600,138.32,140.13,138.09,140.06
1120314,1600,140.1,140.45,139.48,139.91
1120315,1600,140.12,140.78,139.76,140.72
1120316,1600,140.36,140.48,140.0,140.3
1120319,1600,140.21,141.28,140.11,140.85
1120320,1600,140.05,140.61,139.64,140.44
1120321,1600,140.52,140.65,139.92,140.21
1120322,1600,139.18,139.55,138.74,139.2
1120323,1600,139.32,139.81,138.55,139.65
1120326,1600,140.65,141.61,140.6,141.61
1120327,1600,141.74,141.83,141.08,141.17
1120328,1600,141.1,141.32,139.64,140.47
1120329,1600,139.64,140.49,139.09,140.23
1120330,1600,140.92,141.05,140.05,140.81
1120402,1600,140.64,142.21,140.36,141.84
1120403,1600,141.64,141.88,140.43,141.26
1120404,1600,140.22,140.34,139.34,139.86
1120405,1600,139.38,140.2,139.26,139.79
1120409,1600,138.03,139.84,137.84,138.22
1120410,1600,137.95,138.34,135.76,135.9
1120411,1600,137.29,137.54,136.75,137.0
1120412,1600,137.13,138.9,137.03,138.79
1120413,1600,138.47,138.82,137.01,137.14
1120416,1600,137.84,138.04,136.58,137.05
1120417,1600,137.84,139.36,137.7,139.08
1120418,1600,138.46,139.08,138.38,138.61
1120419,1600,138.63,139.15,137.07,137.72
1120420,1600,138.33,138.83,137.87,137.95
1120423,1600,136.54,136.91,135.94,136.79
1120424,1600,136.91,137.66,136.8,137.31
1120425,1600,138.65,139.25,138.53,139.19
1120426,1600,138.89,140.32,138.81,140.16
1120427,1600,140.58,140.79,139.8,140.39
1120430,1600,140.11,140.21,139.49,139.87
1120501,1600,139.79,141.66,139.63,140.74
1120502,1600,139.92,140.46,139.46,140.32
1120503,1600,140.34,140.45,138.99,139.25
1120504,1600,138.52,139.3,136.92,137.0
1120507,1600,136.51,137.56,136.46,137.1
1120508,1600,136.28,136.77,134.92,136.55
1120509,1600,135.1,136.61,134.49,135.74
1120510,1600,136.68,136.85,135.71,136.02
1120511,1600,135.17,136.87,135.11,135.61
1120514,1600,134.31,135.61,133.91,134.11
1120515,1600,134.02,134.81,133.13,133.34
1120516,1600,133.94,134.55,132.8,132.83
1120517,1600,132.86,133.02,130.79,130.86
1120518,1600,131.37,131.6,129.55,129.74
1120521,1600,130.16,132.02,129.95,131.97
1120522,1600,132.31,133.23,131.34,132.2
1120523,1600,131.25,132.46,129.99,132.27
1120524,1600,132.63,132.84,131.42,132.53
1120525,1600,132.48,132.85,131.78,132.1
1120529,1600,133.16,133.93,131.17,133.7
1120530,1600,132.56,133.69,131.49,131.76
1120531,1600,131.71,132.45,130.34,131.47
1120601,1600,129.41,131.5,128.16,128.16
1120604,1600,128.39,128.74,127.14,128.1
1120605,1600,127.85,129.26,127.78,129.07
1120606,1600,129.97,132.03,129.93,131.97
1120607,1600,133.47,133.53,131.78,132.05
1120608,1600,131.71,133.13,131.29,133.1
1120611,1600,134.17,134.25,131.28,131.41
1120612,1600,131.79,133.01,131.16,132.92
1120613,1600,132.53,133.36,131.62,132.07
1120614,1600,132.34,134.0,131.98,133.47
1120615,1600,133.38,134.26,133.1,134.14
1120618,1600,133.58,134.73,133.28,134.4
1120619,1600,135.08,136.25,134.37,135.7
1120620,1600,135.71,136.1,134.27,135.48
1120621,1600,135.64,135.78,132.33,132.44
1120622,1600,133.13,133.71,132.62,133.46
1120625,1600,132.05,132.1,130.85,131.32
1120626,1600,131.7,132.38,130.93,131.98
1120627,1600,132.42,133.43,131.97,133.17
1120628,1600,132.29,132.99,131.28,132.79
1120629,1600,135.2,136.27,134.85,136.1
1120702,1600,136.48,136.65,135.52,136.51
1120703,1600,136.48,137.51,136.34,137.41
1120705,1600,136.9,137.8,136.29,136.79
1120706,1600,135.47,135.77,134.85,135.49
1120709,1600,135.38,135.57,134.7,135.32
1120710,1600,136.01,136.23,133.68,134.14
1120711,1600,134.21,134.6,133.38,134.16
1120712,1600,133.38,134.23,132.6,133.51
1120713,1600,133.86,135.89,133.84,135.75
1120716,1600,135.44,135.83,134.9,135.43
1120717,1600,135.97,136.64,134.55,136.36
1120718,1600,136.04,137.64,135.96,137.37
1120719,1600,137.65,138.18,137.21,137.73
1120720,1600,136.95,137.16,136.32,136.47
1120723,1600,134.47,136.38,133.84,135.09
1120724,1600,135.19,135.25,133.03,133.93
1120725,1600,134.21,134.56,133.25,133.96
1120726,1600,135.89,136.46,135.26,136.17
1120727,1600,136.89,139.07,136.14,138.68
1120730,1600,138.52,139.34,138.27,138.68
1120731,1600,138.49,138.87,137.71,137.71
1120801,1600,138.7,138.73,137.4,137.59
1120802,1600,136.55,137.57,135.58,136.64
1120803,1600,138.56,139.64,136.68,139.35
1120806,1600,139.72,140.17,139.56,139.62
1120807,1600,140.18,140.92,140.03,140.32
1120808,1600,139.85,140.65,139.81,140.49
1120809,1600,140.29,140.89,140.15,140.61
1120810,1600,140.04,140.89,139.81,140.84
1120813,1600,140.6,140.84,140.04,140.77
1120814,1600,141.29,141.38,140.37,140.79
1120815,1600,140.64,141.19,140.55,140.95
1120816,1600,141.15,142.16,140.8,141.99
1120817,1600,142.23,142.3,141.86,142.18
1120820,1600,141.98,142.22,141.59,142.19
1120821,1600,142.54,143.09,141.45,141.76
1120822,1600,141.4,142.05,141.07,141.82
1120823,1600,141.47,141.48,140.44,140.66
1120824,1600,140.31,141.83,140.22,141.51
1120827,1600,141.89,142.08,141.34,141.54
1120828,1600,141.18,141.84,140.97,141.4
1120829,1600,141.52,141.89,141.12,141.51
1120830,1600,140.9,140.94,140.19,140.49
1120831,1600,141.29,141.82,140.36,141.16
1120904,1600,141.04,141.46,140.13,141.03
1120905,1600,141.09,141.47,140.63,140.91
1120906,1600,141.76,143.78,141.75,143.77
1120907,1600,144.01,144.39,143.88,144.33
1120910,1600,144.19,144.44,143.46,143.51
1120911,1600,143.6,144.37,143.56,143.91
1120912,1600,144.39,144.55,143.9,144.39
1120913,1600,144.37,147.04,143.99,146.59
1120914,1600,146.88,148.11,146.76,147.24
1120917,1600,146.94,147.19,146.37,146.74
1120918,1600,146.49,146.81,146.25,146.62
1120919,1600,146.79,147.17,146.41,146.7
1120920,1600,146.03,146.79,145.63,146.71
1120921,1600,146.64,146.67,145.81,145.87
1120924,1600,145.15,145.98,145.04,145.65
1120925,1600,145.96,146.24,144.06,144.1
1120926,1600,144.07,144.11,142.95,143.29
1120927,1600,143.89,144.97,143.51,144.64
1120928,1600,144.09,144.56,143.46,143.97
1121001,1600,144.52,145.69,144.01,144.35
1121002,1600,144.92,145.15,143.83,144.5
1121003,1600,144.89,145.43,144.13,145.09
1121004,1600,145.64,146.34,145.44,146.13
1121005,1600,146.91,147.16,145.7,146.14
1121008,1600,145.6,146.12,145.31,145.64
1121009,1600,145.53,145.65,144.15,144.2
1121010,1600,144.18,144.32,143.09,143.28
1121011,1600,144.28,144.49,143.33,143.36
1121012,1600,143.46,143.95,142.58,142.89
1121015,1600,143.23,144.23,142.77,144.08
1121016,1600,144.76,145.64,144.66,145.54
1121017,1600,145.64,146.32,145.42,146.2
1121018,1600,145.82,146.52,145.33,145.82
1121019,1600,145.55,145.56,143.05,143.39
1121022,1600,143.15,143.67,142.28,143.41
1121023,1600,141.86,142.06,140.83,141.42
1121024,1600,141.93,142.1,140.8,141.02
1121025,1600,142.02,142.28,140.57,141.43
1121026,1600,141.3,141.84,140.39,141.35
1121031,1600,141.85,142.03,140.68,141.35
1121101,1600,141.65,143.01,141.52,142.83
1121102,1600,143.68,143.72,141.41,141.56
1121105,1600,141.35,142.17,140.93,141.85
1121106,1600,142.28,143.52,142.13,142.96
1121107,1600,141.66,141.68,139.06,139.72
1121108,1600,139.7,140.41,137.93,138.04
1121109,1600,137.62,139.44,137.55,138.16
1121112,1600,138.59,138.81,137.96,138.27
1121113,1600,137.54,139.25,137.36,137.79
1121114,1600,138.21,138.43,135.62,135.93
1121115,1600,135.98,136.49,135.18,135.7
1121116,1600,135.9,136.64,134.7,136.37
1121119,1600,137.9,139.15,136.41,139.13
1121120,1600,138.91,139.42,138.08,139.19
1121121,1600,139.31,139.57,139.03,139.45
1121123,1600,140.13,141.4,140.04,141.35
1121126,1600,140.65,141.36,140.19,141.05
1121127,1600,140.91,141.39,140.24,140.33
1121128,1600,139.76,141.54,139.0,141.46
1121129,1600,141.99,142.51,141.37,142.12
1121130,1600,142.14,142.42,141.66,142.15
1121203,1600,142.8,142.92,141.34,141.45
1121204,1600,141.44,141.87,140.87,141.25
1121205,1600,141.37,142.16,140.37,141.5
1121206,1600,141.37,142.04,141.16,141.98
1121207,1600,142.53,142.69,141.67,142.41
1121210,1600,142.21,142.81,142.15,142.47
1121211,1600,143.06,144.11,142.99,143.44
1121212,1600,144.0,144.55,143.31,143.51
1121213,1600,143.42,143.83,142.27,142.63
1121214,1600,142.32,142.58,141.88,142.1
1121217,1600,142.47,143.85,142.43,143.77
1121218,1600,144.0,145.5,143.79,145.37
1121219,1600,145.53,145.58,144.24,144.29
1121220,1600,144.38,145.14,143.98,145.12
1121221,1600,142.17,144.09,141.94,142.79
1121224,1600,142.48,142.56,142.19,142.35
1121226,1600,142.64,142.71,141.35,141.75
1121227,1600,141.79,142.08,139.92,141.56
1121228,1600,140.64,141.42,139.87,140.03
1121231,1600,139.66,142.56,139.54,142.41
1130102,1600,145.11,146.15,144.73,146.06
1130103,1600,145.99,146.37,145.34,145.73
1130104,1600,145.97,146.61,145.67,146.37
1130107,1600,145.85,146.11,145.43,145.97
1130108,1600,145.71,145.91,144.98,145.55
1130109,1600,145.87,146.32,145.64,145.92
1130110,1600,146.73,147.09,145.97,147.08
1130111,1600,147.04,147.15,146.61,147.07
1130114,1600,146.89,147.07,146.43,146.97
1130115,1600,146.29,147.21,146.2,147.07
1130116,1600,146.77,147.28,146.61,147.05
1130117,1600,147.7,148.42,147.15,148.0
1130118,1600,147.97,148.49,147.43,148.33
1130122,1600,148.33,149.13,147.98,149.13
1130123,1600,149.13,149.5,148.86,149.37
1130124,1600,149.15,150.14,149.01,149.41
1130125,1600,149.88,150.25,149.37,150.25
1130128,1600,150.29,150.33,149.51,150.07
1130129,1600,149.77,150.85,149.67,150.66
1130130,1600,150.64,150.94,149.93,150.07
1130131,1600,149.89,150.38,149.6,149.7
1130201,1600,150.65,151.42,150.39,151.24
1130204,1600,150.32,151.27,149.43,149.54
1130205,1600,150.35,151.48,150.29,151.05
1130206,1600,150.52,151.26,150.41,151.16
1130207,1600,151.21,151.35,149.86,150.96
1130208,1600,151.22,151.89,151.22,151.8
1130211,1600,151.74,151.9,151.39,151.77
1130212,1600,151.78,152.3,151.61,152.02
1130213,1600,152.33,152.61,151.72,152.15
1130214,1600,151.69,152.47,151.52,152.29
1130215,1600,152.43,152.59,151.55,152.11
1130219,1600,152.37,153.28,152.16,153.25
1130220,1600,153.14,153.19,151.26,151.34
1130221,1600,150.96,151.42,149.94,150.42
1130222,1600,151.15,151.89,150.49,151.89
1130225,1600,152.63,152.86,149.0,149.0
1130226,1600,149.72,150.2,148.73,150.02
1130227,1600,149.89,152.33,149.76,151.91
1130228,1600,151.9,152.87,151.41,151.61
1130301,1600,151.09,152.34,150.41,152.11
1130304,1600,151.76,152.92,151.52,152.92
1130305,1600,153.66,154.7,153.64,154.29
1130306,1600,154.84,154.92,154.16,154.5
1130307,1600,154.7,154.98,154.52,154.78
1130308,1600,155.46,155.65,154.66,155.44
1130311,1600,155.32,156.04,155.13,156.03
1130312,1600,155.92,156.1,155.21,155.68
1130313,1600,155.76,156.12,155.23,155.9
1130314,1600,156.31,156.8,155.91,156.73
1130315,1600,155.85,156.04,155.31,155.83
1130318,1600,154.34,155.64,154.2,154.97
1130319,1600,155.3,155.51,153.59,154.61
1130320,1600,155.52,155.95,155.26,155.69
1130321,1600,154.76,155.64,154.1,154.36
1130322,1600,154.85,155.6,154.73,155.6
1130325,1600,156.01,156.27,154.35,154.95
1130326,1600,155.59,156.23,155.42,156.19
1130327,1600,155.26,156.24,155.0,156.19
1130328,1600,156.09,156.85,155.75,156.67
1130401,1600,156.59,156.91,155.67,156.05
1130402,1600,156.61,157.21,156.37,156.82
1130403,1600,156.91,157.03,154.82,155.23
1130404,1600,155.43,156.17,155.09,155.86
1130405,1600,153.95,155.35,153.77,155.16
1130408,1600,155.27,156.22,154.75,156.21
1130409,1600,156.5,157.32,155.98,156.75
1130410,1600,157.17,158.87,157.13,158.67
1130411,1600,158.7,159.71,158.54,159.19
1130412,1600,158.68,159.04,157.92,158.8
1130415,1600,158.0,158.13,155.1,155.12
1130416,1600,156.29,157.49,155.91,157.41
1130417,1600,156.29,156.32,154.28,155.11
1130418,1600,155.37,155.41,153.55,154.14
1130419,1600,154.5,155.55,154.12,155.48
1130422,1600,155.78,156.54,154.75,156.17
1130423,1600,156.95,157.93,156.17,157.78
1130424,1600,157.83,158.3,157.54,157.88
1130425,1600,158.34,159.27,158.1,158.52
1130426,1600,158.33,158.6,157.73,158.24
1130429,1600,158.67,159.65,158.42,159.3
1130430,1600,159.27,159.72,158.61,159.68
1130501,1600,159.33,159.41,158.1,158.28
1130502,1600,158.68,159.89,158.53,159.75
1130503,1600,161.14,161.88,159.78,161.37
1130506,1600,161.49,162.01,161.42,161.78
1130507,1600,162.13,162.65,161.67,162.6
1130508,1600,162.42,163.39,162.33,163.34
1130509,1600,163.27,163.7,162.47,162.88
1130510,1600,162.99,163.55,162.51,163.41
1130513,1600,163.2,163.81,162.82,163.54
1130514,1600,163.67,165.35,163.67,165.23
1130515,1600,164.96,166.45,164.91,166.12
1130516,1600,165.78,166.36,165.09,165.34
1130517,1600,165.95,167.04,165.73,166.94
1130520,1600,166.78,167.58,166.61,166.93
1130521,1600,167.08,167.8,166.5,167.17
1130522,1600,167.34,169.07,165.17,165.93
1130523,1600,164.16,165.91,163.94,165.45
1130524,1600,164.47,165.38,163.98,165.31
1130528,1600,167.04,167.78,165.81,166.3
1130529,1600,165.42,165.8,164.34,165.22
1130530,1600,165.35,166.59,165.22,165.83
1130531,1600,165.37,166.31,163.13,163.45
1130603,1600,163.83,164.46,162.66,164.35
1130604,1600,164.44,165.1,162.73,163.56
1130605,1600,163.09,163.42,161.13,161.27
1130606,1600,161.2,162.74,160.25,162.73
1130607,1600,163.85,164.95,163.14,164.8
1130610,1600,165.31,165.4,164.37,164.8
1130611,1600,163.3,164.54,162.74,163.1
1130612,1600,164.22,164.39,161.6,161.75
1130613,1600,161.66,164.5,161.3,164.21
1130614,1600,164.03,164.67,162.91,163.18
1130617,1600,164.29,165.22,163.22,164.44
1130618,1600,164.53,165.99,164.52,165.74
1130619,1600,165.6,165.89,163.38,163.45
1130620,1600,161.86,163.47,158.98,159.4
1130621,1600,159.64,159.76,157.47,159.07
1130624,1600,157.41,158.43,155.73,157.06
1130625,1600,158.48,160.1,157.42,158.57
1130626,1600,159.87,160.5,159.25,160.14
1130627,1600,161.1,161.82,160.95,161.08
1130628,1600,160.63,161.4,159.86,160.42
1130701,1600,161.26,162.48,161.08,161.36
1130702,1600,161.12,162.3,160.5,161.21
1130703,1600,160.48,161.77,160.22,161.28
1130705,1600,162.47,163.08,161.3,163.02
1130708,1600,163.86,164.39,163.08,163.95
1130709,1600,164.98,165.33,164.27,165.13
1130710,1600,164.97,165.75,164.63,165.19
1130711,1600,167.11,167.61,165.18,167.44
1130712,1600,167.39,167.93,167.13,167.51
1130715,1600,167.97,168.39,167.68,168.15
1130716,1600,168.26,168.36,167.07,167.52
1130717,1600,168.16,168.48,167.73,167.95
1130718,1600,168.31,169.27,168.2,168.87
1130719,1600,168.52,169.23,168.31,169.17
1130722,1600,169.41,169.74,169.01,169.5
1130723,1600,169.8,169.83,169.05,169.14
1130724,1600,169.79,169.86,168.18,168.52
1130725,1600,168.22,169.08,167.94,168.93
1130726,1600,168.22,169.16,167.52,169.11
1130729,1600,168.68,169.06,168.11,168.59
1130730,1600,169.1,169.28,168.19,168.59
1130731,1600,168.94,169.85,168.49,168.71
1130801,1600,169.99,170.81,169.9,170.66
1130802,1600,170.28,170.97,170.05,170.95
1130805,1600,170.57,170.96,170.35,170.7
1130806,1600,170.37,170.74,169.35,169.73
1130807,1600,169.19,169.43,168.55,169.18
1130808,1600,169.98,170.18,168.93,169.8
1130809,1600,169.58,170.1,168.72,169.31
1130812,1600,168.46,169.31,168.38,169.11
1130813,1600,169.41,169.9,168.41,169.61
1130814,1600,169.53,169.8,168.7,168.74
1130815,1600,167.41,167.43,166.09,166.38
1130816,1600,166.06,166.63,165.5,165.83
1130819,1600,165.64,166.21,164.76,164.77
1130820,1600,165.04,166.2,164.86,165.58
1130821,1600,165.12,166.03,164.19,164.56
1130822,1600,164.9,166.3,164.89,166.06
1130823,1600,166.55,166.83,165.77,166.62
1130826,1600,166.79,167.3,165.89,166.0
1130827,1600,164.36,166.0,163.21,163.33
1130828,1600,163.26,164.49,163.05,163.91
1130829,1600,163.55,165.04,163.4,164.17
1130830,1600,164.51,164.53,163.17,163.65
1130903,1600,165.23,165.58,163.7,164.39
1130904,1600,164.43,166.03,164.13,165.75
1130905,1600,165.85,166.4,165.73,165.96
1130906,1600,166.51,166.98,164.48,166.04
1130909,1600,166.45,167.73,166.45,167.63
1130910,1600,168.64,168.9,168.26,168.87
1130911,1600,168.64,169.4,168.35,169.4
1130912,1600,169.34,169.56,168.72,168.95
1130913,1600,169.13,169.46,168.74,169.33
1130916,1600,171.16,171.24,170.04,170.31
1130917,1600,170.46,171.11,170.46,171.07
1130918,1600,171.01,173.52,170.58,173.05
1130919,1600,173.52,173.6,172.59,172.76
1130920,1600,172.33,172.33,170.58,170.72
1130923,1600,170.49,170.65,169.39,169.93
1130924,1600,169.9,170.53,169.21,169.53
1130925,1600,169.64,169.98,168.89,169.04
1130926,1600,169.32,170.17,169.05,169.69
1130927,1600,168.84,169.14,168.47,168.91
1130930,1600,167.48,168.54,167.15,168.01
1131001,1600,168.14,169.5,167.97,169.34
1131002,1600,168.35,169.34,167.83,169.18
1131003,1600,168.79,168.94,166.84,167.62
1131004,1600,167.75,169.06,167.53,168.89
1131007,1600,167.42,168.45,167.25,167.43
1131008,1600,167.4,167.62,165.36,165.48
1131009,1600,165.8,166.2,164.53,165.6
1131010,1600,167.29,169.26,167.23,169.17
1131011,1600,168.91,170.32,168.77,170.26
1131014,1600,169.21,171.08,169.08,170.94
1131015,1600,170.51,171.15,169.47,169.7
1131016,1600,170.72,172.16,170.64,172.07
1131017,1600,171.37,173.32,171.34,173.22
1131018,1600,173.86,174.51,173.51,174.39
1131021,1600,174.45,174.75,174.01,174.4
1131022,1600,174.91,175.93,174.43,175.41
1131023,1600,174.81,174.89,173.96,174.57
1131024,1600,174.92,175.37,174.51,175.15
1131025,1600,175.51,176.0,175.17,175.95
1131028,1600,175.89,176.47,175.7,176.23
1131029,1600,176.63,177.24,176.38,177.17
1131030,1600,177.38,177.51,175.66,176.29
1131031,1600,176.15,176.89,175.53,175.79
1131101,1600,176.02,176.61,175.22,176.21
1131104,1600,176.69,176.9,175.98,176.83
1131105,1600,176.14,176.75,175.57,176.27
1131106,1600,177.03,177.5,176.54,177.17
1131107,1600,177.5,177.64,174.76,174.93
1131108,1600,174.87,177.31,174.85,177.29
1131111,1600,177.12,177.53,176.91,177.32
1131112,1600,176.94,177.36,176.37,176.96
1131113,1600,176.09,178.43,176.09,178.38
1131114,1600,178.54,179.42,178.25,179.27
1131115,1600,179.56,180.12,179.33,180.05
1131118,1600,180.35,180.5,179.02,179.42
1131119,1600,179.33,179.87,178.72,179.03
1131120,1600,179.39,179.93,177.98,178.47
1131121,1600,178.97,180.05,178.86,179.91
1131122,1600,179.98,180.83,179.77,180.81
1131125,1600,181.13,181.17,180.37,180.63
1131126,1600,180.72,181.22,180.41,180.68
1131127,1600,180.87,181.24,180.65,181.12
1131129,1600,181.32,181.75,180.8,181.0
1131202,1600,181.09,181.43,180.25,180.53
1131203,1600,179.94,180.39,179.17,179.75
1131204,1600,179.1,180.48,178.35,179.73
1131205,1600,179.41,179.74,178.77,178.94
1131206,1600,180.67,181.11,180.15,180.94
1131209,1600,181.47,181.67,181.16,181.4
1131210,1600,180.98,181.36,180.64,180.75
1131211,1600,180.82,180.85,178.5,178.72
1131212,1600,178.64,178.86,177.76,178.13
1131213,1600,178.5,178.66,177.77,178.11
1131216,1600,178.95,179.81,178.9,179.22
1131217,1600,179.38,179.41,178.25,178.65
1131218,1600,178.92,181.73,177.32,181.7
1131219,1600,181.18,181.7,180.71,181.49
1131220,1600,180.69,181.99,180.57,181.56
1131223,1600,182.45,182.64,182.07,182.53
1131224,1600,182.54,183.01,182.53,182.93
1131226,1600,183.34,183.96,183.32,183.86
1131227,1600,184.1,184.18,183.66,183.85
1131230,1600,183.87,184.02,183.58,183.82
1131231,1600,184.07,184.69,183.93,184.69
1140102,1600,183.98,184.07,182.48,182.92
1140103,1600,183.23,183.6,182.63,182.89
1140106,1600,183.49,183.56,182.08,182.36
1140107,1600,183.09,183.79,182.95,183.48
1140108,1600,183.45,183.83,182.89,183.52
1140109,1600,184.11,184.13,182.8,183.64
1140110,1600,183.95,184.22,183.01,184.14
1140113,1600,183.67,184.18,181.34,181.69
1140114,1600,182.29,183.77,181.95,183.67
1140115,1600,184.1,184.94,183.71,184.66
1140116,1600,184.28,184.66,183.83,184.42
1140117,1600,184.1,184.45,183.32,183.64
1140121,1600,184.7,184.77,183.05,184.18
1140122,1600,184.49,184.57,183.91,184.3
1140123,1600,183.37,183.4,181.82,182.79
1140124,1600,181.6,181.66,178.83,178.89
1140127,1600,179.06,179.52,177.12,178.01
1140128,1600,178.14,179.3,178.12,179.07
1140129,1600,177.58,178.55,176.88,177.35
1140130,1600,178.83,179.81,178.26,179.23
1140131,1600,177.01,179.29,176.92,178.18
1140203,1600,177.97,178.37,173.83,174.17
1140204,1600,174.95,175.84,174.11,175.39
1140205,1600,174.78,175.56,173.71,175.17
1140206,1600,175.58,177.48,175.22,177.48
1140207,1600,178.31,179.87,177.73,179.68
1140210,1600,179.7,180.07,179.21,180.01
1140211,1600,180.16,182.44,180.04,181.98
1140212,1600,182.25,182.83,181.71,182.07
1140213,1600,180.84,183.2,180.83,183.01
1140214,1600,182.84,184.36,182.67,184.02
1140218,1600,184.18,184.49,183.65,184.24
1140219,1600,183.76,184.95,182.87,183.02
1140220,1600,183.27,184.52,182.6,184.1
1140221,1600,184.45,184.89,183.8,183.89
1140224,1600,184.28,186.15,184.2,184.91
1140225,1600,185.06,185.59,184.23,184.84
1140226,1600,185.11,185.6,184.33,184.85
1140227,1600,184.58,185.87,184.37,185.82
1140228,1600,185.79,187.15,185.05,186.29
1140303,1600,184.65,185.45,183.75,184.98
1140304,1600,186.79,187.98,186.75,187.58
1140305,1600,187.74,188.07,187.45,187.75
1140306,1600,188.21,188.61,187.78,188.18
1140307,1600,188.96,188.96,187.43,188.26
1140310,1600,187.97,188.23,187.08,188.16
1140311,1600,188.44,188.71,186.8,187.23
1140312,1600,186.32,187.35,185.9,187.28
1140313,1600,187.84,187.99,184.66,185.18
1140314,1600,184.85,185.8,184.44,184.66
1140317,1600,185.59,186.77,185.51,186.33
1140318,1600,186.71,187.91,186.51,187.66
1140319,1600,187.68,187.94,185.47,186.66
1140320,1600,186.25,187.89,185.92,187.75
1140321,1600,187.71,189.02,186.03,186.2
1140324,1600,186.84,187.07,184.62,185.43
1140325,1600,186.37,186.94,185.27,186.31
1140326,1600,187.04,187.34,184.92,184.97
1140327,1600,184.75,185.34,183.9,184.58
1140328,1600,185.11,186.42,185.0,185.49
1140331,1600,186.67,187.3,185.52,187.01
1140401,1600,187.62,188.36,187.0,188.25
1140402,1600,188.49,189.13,188.14,188.88
1140403,1600,189.17,189.22,188.05,188.63
1140404,1600,189.66,189.7,186.1,186.4
1140407,1600,185.95,186.26,183.96,184.34
1140408,1600,184.26,185.4,183.59,185.1
1140409,1600,185.6,187.15,185.06,187.09
1140410,1600,187.08,187.17,182.93,183.16
1140411,1600,182.14,183.42,181.31,181.51
1140414,1600,182.93,183.37,181.44,182.94
1140415,1600,183.32,184.33,181.51,184.2
1140416,1600,185.47,186.14,184.65,186.13
1140417,1600,185.88,186.91,185.56,186.39
1140421,1600,186.44,187.1,186.21,187.04
1140422,1600,187.23,188.4,187.13,187.89
1140423,1600,187.82,187.92,187.3,187.45
1140424,1600,188.37,188.39,186.93,187.83
1140425,1600,187.22,187.33,185.87,186.29
1140428,1600,187.05,187.69,184.96,186.88
1140429,1600,187.48,188.04,187.08,187.75
1140430,1600,187.44,188.5,187.18,188.31
1140501,1600,188.22,188.84,187.73,188.33
1140502,1600,188.31,189.14,187.78,188.06
1140505,1600,187.14,188.55,186.62,188.42
1140506,1600,188.0,188.13,186.74,186.78
1140507,1600,187.41,187.97,186.01,187.88
1140508,1600,187.71,189.05,187.08,187.68
1140509,1600,187.71,188.04,186.83,187.96
1140512,1600,188.8,189.88,188.0,189.79
1140513,1600,190.04,190.42,189.77,189.96
1140514,1600,189.79,189.88,188.79,189.06
1140515,1600,188.68,188.72,186.48,187.4
1140516,1600,187.51,188.13,186.72,188.05
1140519,1600,187.69,188.89,187.52,188.74
1140520,1600,188.65,188.67,187.07,187.55
1140521,1600,188.09,189.22,188.06,189.13
1140522,1600,189.18,189.98,188.86,189.59
1140523,1600,189.76,190.48,189.59,190.35
1140527,1600,191.06,191.58,190.95,191.52
1140528,1600,191.52,191.82,191.06,191.38
1140529,1600,191.82,192.4,191.33,192.37
1140530,1600,192.19,192.8,192.03,192.68
1140602,1600,192.95,192.99,191.97,192.9
1140603,1600,192.43,192.9,192.25,192.8
1140604,1600,192.47,193.3,192.27,193.19
1140605,1600,193.41,194.65,192.7,194.45
1140606,1600,194.87,195.43,194.78,195.38
1140609,1600,195.35,196.05,195.17,195.58
1140610,1600,195.34,195.64,194.92,195.6
1140611,1600,194.9,195.12,194.48,194.92
1140612,1600,194.69,194.8,193.11,193.54
1140613,1600,193.92,194.32,193.3,194.13
1140616,1600,193.89,194.7,193.66,194.29
1140617,1600,194.02,194.97,193.81,194.83
1140618,1600,194.83,196.37,194.4,196.26
1140619,1600,196.43,196.6,195.8,196.48
1140620,1600,196.03,196.1,195.7,195.94
1140623,1600,195.99,196.05,195.52,195.88
1140624,1600,195.53,196.5,194.48,194.7
1140625,1600,194.29,195.78,194.25,195.58
1140626,1600,195.61,195.63,194.13,195.44
1140627,1600,194.98,195.88,194.89,195.82
1140630,1600,195.7,196.17,195.53,195.72
1140701,1600,196.2,197.63,196.13,197.03
1140702,1600,197.05,197.48,196.96,197.23
1140703,1600,197.79,198.29,197.64,198.2
1140707,1600,197.82,197.98,197.22,197.51
1140708,1600,197.15,197.22,195.76,196.24
1140709,1600,196.73,197.3,196.31,197.12
1140710,1600,195.22,196.86,195.06,196.34
1140711,1600,196.22,196.75,195.78,196.61
1140714,1600,197.61,197.86,197.44,197.6
1140715,1600,197.72,198.1,196.36,197.23
1140716,1600,198.11,198.26,197.42,197.96
1140717,1600,197.35,198.1,195.43,195.71
1140718,1600,196.35,197.91,196.24,197.71
1140721,1600,197.09,197.5,196.43,197.34
1140722,1600,198.01,198.56,197.87,198.2
1140723,1600,198.5,198.85,198.1,198.64
1140724,1600,198.83,199.06,198.45,198.65
1140725,1600,198.09,198.26,197.33,197.72
1140728,1600,197.76,198.09,196.62,197.8
1140729,1600,198.17,198.45,196.92,196.95
1140730,1600,197.65,197.91,196.16,196.98
1140731,1600,195.61,195.78,192.97,193.09
1140801,1600,192.56,193.76,191.57,192.5
1140804,1600,192.87,194.3,192.05,193.89
1140805,1600,193.1,193.6,191.31,192.01
1140806,1600,191.11,192.89,191.08,192.07
1140807,1600,192.94,193.13,190.55,191.03
1140808,1600,191.46,193.37,190.95,193.24
1140811,1600,193.97,194.66,193.71,193.8
1140812,1600,193.61,194.15,192.94,193.53
1140813,1600,194.29,195.06,193.96,194.84
1140814,1600,195.16,195.76,194.98,195.76
1140815,1600,196.47,196.65,194.31,195.72
1140818,1600,196.8,197.45,196.69,197.36
1140819,1600,197.84,198.54,197.44,198.39
1140820,1600,198.12,199.16,198.08,198.92
1140821,1600,199.09,199.76,198.93,199.5
1140822,1600,199.34,199.69,198.74,199.19
1140825,1600,200.14,200.59,199.15,200.2
1140826,1600,200.33,200.82,200.28,200.33
1140827,1600,200.43,200.57,199.94,200.25
1140828,1600,199.59,200.27,199.39,200.14
1140829,1600,200.45,200.73,199.82,200.71
1140902,1600,200.97,201.0,199.86,200.61
1140903,1600,201.38,201.41,200.22,200.5
1140904,1600,200.84,201.58,199.66,200.21
1140905,1600,200.17,201.19,199.41,201.11
1140908,1600,200.92,201.21,200.0,200.59
1140909,1600,200.41,200.55,198.91,199.32
1140910,1600,199.43,200.2,198.77,200.07
1140911,1600,199.27,200.33,199.12,200.3
1140912,1600,200.1,200.12,198.56,199.13
1140915,1600,199.16,199.32,198.38,198.98
1140916,1600,198.61,200.84,198.5,200.48
1140917,1600,200.77,201.68,199.75,200.75
1140918,1600,201.36,201.85,201.1,201.82
1140919,1600,201.52,201.9,200.29,200.7
1140922,1600,200.35,200.38,198.73,199.15
1140923,1600,198.43,199.26,197.95,198.01
1140924,1600,198.04,199.69,197.52,199.56
1140925,1600,199.04,199.05,196.27,196.34
1140926,1600,196.7,198.39,196.42,197.9
1140929,1600,196.2,197.89,196.05,197.54
1140930,1600,197.69,198.3,196.61,197.02
1141001,1600,196.7,196.77,193.91,194.35
1141002,1600,194.18,195.06,192.35,194.38
1141003,1600,195.68,196.94,195.08,196.52
1141006,1600,197.34,197.6,195.58,196.29
1141007,1600,195.28,195.72,193.22,193.26
1141008,1600,193.37,196.92,192.36,196.64
1141009,1600,196.33,196.6,192.58,192.74
1141010,1600,192.69,193.65,190.49,190.54
1141013,1600,190.46,191.15,187.3,187.41
1141014,1600,188.42,189.82,187.04,187.7
1141015,1600,185.16,187.69,181.92,186.43
1141016,1600,183.06,187.58,182.89,186.27
1141017,1600,188.42,189.75,187.62,188.47
1141020,1600,188.13,190.45,188.07,190.3
1141021,1600,191.68,194.2,191.48,194.07
1141022,1600,194.41,194.91,192.61,192.69
1141023,1600,194.62,196.2,194.26,194.93
1141024,1600,195.25,196.49,194.49,196.43
1141027,1600,195.73,196.45,195.03,196.16
1141028,1600,196.82,198.42,196.73,198.41
1141029,1600,198.55,199.12,196.8,198.11
1141030,1600,197.58,199.95,197.4,199.38
1141031,1600,201.78,201.82,200.77,201.66
1141103,1600,201.92,202.45,201.31,201.77
1141104,1600,201.23,201.6,200.06,201.07
1141105,1600,202.54,202.59,201.45,202.34
1141106,1600,202.39,203.26,201.64,203.15
1141107,1600,203.17,203.6,202.61,203.34
1141110,1600,203.38,204.04,203.13,203.98
1141111,1600,204.06,204.31,203.65,204.18
1141112,1600,203.35,204.24,203.31,203.96
1141113,1600,204.16,204.83,203.21,204.19
1141114,1600,204.1,204.49,203.72,204.24
1141117,1600,203.85,204.58,203.65,204.37
1141118,1600,204.44,205.92,204.44,205.55
1141119,1600,205.31,205.55,204.3,205.22
1141120,1600,204.26,205.71,204.18,205.58
1141121,1600,207.64,207.84,205.98,206.68
1141124,1600,207.17,207.39,206.91,207.26
1141125,1600,207.54,207.79,206.8,207.11
1141126,1600,207.29,207.76,207.03,207.64
1141128,1600,207.49,207.87,206.91,207.2
1141201,1600,206.4,206.54,205.38,205.76
1141202,1600,205.81,207.34,205.78,207.09
1141203,1600,207.3,208.15,207.1,207.89
1141204,1600,207.54,208.27,206.7,207.66
1141205,1600,207.87,208.47,207.55,208.0
1141208,1600,207.52,208.12,205.93,206.61
1141209,1600,204.37,206.6,203.91,206.47
1141210,1600,205.91,205.98,202.93,203.16
1141211,1600,203.88,206.19,203.71,204.19
1141212,1600,202.64,203.82,200.85,200.89
1141215,1600,201.98,202.53,198.78,199.51
1141216,1600,198.58,202.4,197.86,197.91
1141217,1600,198.44,202.34,198.29,201.79
1141218,1600,204.74,212.97,203.92,206.78
1141219,1600,206.43,207.33,205.61,206.52
1141222,1600,206.75,207.47,206.46,207.47
1141223,1600,208.17,208.23,207.4,207.75
1141224,1600,208.02,208.34,207.72,207.77
1141226,1600,208.31,208.85,208.25,208.44
1141229,1600,208.22,208.97,208.14,208.72
1141230,1600,208.21,208.37,207.51,207.6
1141231,1600,207.99,208.19,205.39,205.54
1150102,1600,206.38,206.88,204.18,205.43
1150105,1600,204.17,204.37,201.35,201.72
1150106,1600,202.09,202.72,198.86,199.82
1150107,1600,201.42,202.72,200.88,202.31
1150108,1600,204.01,206.16,203.99,205.9
1150109,1600,206.4,206.42,203.51,204.25
1150112,1600,204.41,204.6,201.92,202.65
1150113,1600,204.12,205.48,200.51,202.08
1150114,1600,199.65,201.1,198.57,200.86
1150115,1600,201.63,202.01,198.88,199.02
1150116,1600,198.77,201.82,198.55,201.63
1150120,1600,202.4,202.72,200.17,202.06
1150121,1600,201.5,203.66,200.94,203.08
1150122,1600,203.99,206.26,202.33,206.1
1150123,1600,205.79,206.1,204.81,204.97
1150126,1600,204.71,205.56,203.85,205.45
1150127,1600,202.97,204.12,201.74,202.74
1150128,1600,204.17,204.29,199.91,200.14
1150129,1600,200.38,202.3,198.68,201.99
1150130,1600,200.57,202.17,199.13,199.45
1150202,1600,200.05,202.03,197.86,201.92
1150203,1600,203.0,204.85,202.55,204.84
1150204,1600,203.92,205.38,203.51,204.06
1150205,1600,204.86,206.3,204.77,206.12
1150206,1600,206.56,207.24,204.92,205.55
1150209,1600,204.77,205.64,204.14,204.63
1150210,1600,205.88,207.12,204.68,206.81
1150211,1600,206.61,207.45,205.83,206.93
1150212,1600,207.89,208.99,206.97,208.92
1150213,1600,209.07,209.84,208.76,209.78
1150217,1600,209.4,210.32,209.1,210.11
1150218,1600,209.66,210.22,209.34,210.13
1150219,1600,209.41,210.42,209.24,209.98
1150220,1600,209.48,211.33,208.73,211.24
1150223,1600,210.94,211.21,210.48,211.21
1150224,1600,211.12,212.05,210.76,211.81
1150225,1600,211.66,212.24,211.22,211.63
1150226,1600,211.52,211.71,210.65,211.38
1150227,1600,211.26,211.58,210.6,210.66
1150302,1600,210.78,212.06,210.72,211.99
1150303,1600,211.47,212.05,210.08,211.12
1150304,1600,210.4,210.49,209.06,210.23
1150305,1600,210.62,210.8,209.85,210.46
1150306,1600,209.42,209.94,207.1,207.5
1150309,1600,207.74,208.79,207.55,208.36
1150310,1600,206.71,206.81,204.93,204.98
1150311,1600,205.29,205.5,204.4,204.5
1150312,1600,205.26,207.18,205.2,207.1
1150313,1600,206.77,207.93,204.58,205.83
1150316,1600,206.71,208.69,205.86,208.58
1150317,1600,207.69,208.42,206.98,207.96
1150318,1600,207.39,211.27,206.62,210.46
1150319,1600,209.96,210.47,209.03,209.5
1150320,1600,209.71,211.02,209.49,210.41
1150323,1600,210.42,211.11,210.0,210.0
1150324,1600,209.85,210.4,208.74,208.82
1150325,1600,209.07,209.35,205.71,205.76
1150326,1600,204.96,206.37,204.12,205.27
1150327,1600,205.13,205.95,204.9,205.74
1150330,1600,206.98,208.61,206.96,208.25
1150331,1600,207.26,208.1,206.36,206.43
1150401,1600,206.39,206.42,204.51,205.7
1150402,1600,205.62,206.98,205.4,206.44
1150406,1600,205.37,208.45,205.21,207.83
1150407,1600,207.86,208.76,207.24,207.28
1150408,1600,207.55,208.51,207.08,207.98
1150409,1600,207.78,209.18,207.19,208.9
1150410,1600,209.2,210.09,208.96,210.04
1150413,1600,209.87,210.63,209.03,209.09
1150414,1600,208.85,209.71,208.1,209.49
1150415,1600,210.05,211.04,209.95,210.43
1150416,1600,210.03,210.98,209.79,210.37
1150417,1600,208.94,209.23,207.01,207.95
1150420,1600,209.06,210.25,208.96,209.85
1150421,1600,210.67,210.86,209.24,209.6
1150422,1600,210.01,210.85,208.9,210.63
1150423,1600,210.15,211.94,210.01,211.16
1150424,1600,211.66,211.97,211.11,211.65
1150427,1600,212.33,212.48,210.54,210.77
1150428,1600,210.74,211.5,209.33,211.44
1150429,1600,210.37,211.29,209.6,210.57
1150430,1600,209.88,210.35,207.62,208.46
1150501,1600,209.4,210.77,209.28,210.72
1150504,1600,211.23,212.02,211.1,211.32
1150505,1600,211.03,211.46,208.73,208.9
1150506,1600,209.56,209.93,206.76,208.04
1150507,1600,207.92,209.38,207.52,208.87
1150508,1600,210.88,211.86,210.78,211.62
1150511,1600,211.57,211.89,210.52,210.61
1150512,1600,209.61,210.63,208.62,209.98
1150513,1600,210.47,211.22,209.74,210.02
1150514,1600,211.24,212.32,210.91,212.21
1150515,1600,212.44,212.61,211.86,212.44
1150518,1600,212.24,213.4,212.16,213.1
1150519,1600,213.24,213.57,212.69,213.03
1150520,1600,213.15,213.78,212.5,212.88
1150521,1600,212.71,213.75,212.51,213.5
1150522,1600,213.04,213.54,212.91,212.99
1150526,1600,212.4,212.91,210.2,210.7
1150527,1600,211.25,212.98,210.76,212.7
1150528,1600,212.33,212.59,211.63,212.46
1150529,1600,212.38,212.43,210.82,211.14
1150601,1600,211.94,212.34,210.62,211.57
1150602,1600,211.02,212.19,210.27,211.36
1150603,1600,212.0,212.67,211.33,211.92
1150604,1600,211.07,211.86,209.75,210.13
1150605,1600,209.95,210.58,208.98,209.77
1150608,1600,209.64,209.82,208.39,208.48
1150609,1600,208.45,209.1,207.69,208.45
1150610,1600,209.37,211.41,209.3,210.95
1150611,1600,211.48,212.09,211.2,211.63
1150612,1600,210.64,211.48,209.68,210.01
1150615,1600,208.64,209.45,207.79,209.11
1150616,1600,208.93,210.35,208.72,210.25
1150617,1600,210.59,211.32,209.36,210.59
1150618,1600,211.31,213.34,210.63,212.78
1150619,1600,211.46,211.55,210.36,210.81
1150622,1600,211.91,212.59,211.64,211.89
1150623,1600,212.14,212.44,211.57,212.04
1150624,1600,211.72,212.17,210.47,210.5
1150625,1600,211.1,211.25,209.77,209.86
1150626,1600,210.29,210.58,209.16,209.82
1150629,1600,208.05,209.83,205.33,205.42
1150630,1600,207.26,207.32,205.28,205.85
1150701,1600,207.73,208.03,206.56,207.5
1150702,1600,208.07,208.27,206.81,207.31
1150706,1600,205.77,207.65,205.53,206.72
1150707,1600,206.96,208.17,204.11,208.02
1150708,1600,206.42,206.76,204.25,204.53
1150709,1600,207.04,207.35,204.77,204.9
1150710,1600,207.29,207.98,204.95,207.48
1150713,1600,208.99,209.9,208.94,209.77
1150714,1600,209.72,211.05,209.65,210.68
1150715,1600,210.73,211.28,210.04,210.61
1150716,1600,211.87,212.3,211.58,212.3
1150717,1600,212.29,212.55,211.8,212.48
1150720,1600,212.75,213.18,212.21,212.59
1150721,1600,212.43,212.74,211.39,211.75
1150722,1600,210.93,211.77,210.89,211.37
1150723,1600,211.53,211.65,209.75,210.18
1150724,1600,210.3,210.37,207.6,208.0
1150727,1600,206.94,207.55,206.26,206.79
1150728,1600,207.79,209.5,206.8,209.33
1150729,1600,209.48,211.04,209.31,210.77
1150730,1600,210.16,211.02,209.42,210.82
1150731,1600,211.42,211.45,210.16,210.5
1150803,1600,210.46,210.53,208.65,209.79
1150804,1600,209.7,210.25,208.8,209.38
1150805,1600,210.45,211.31,209.73,210.07
1150806,1600,210.29,210.42,207.65,208.35
1150807,1600,208.16,208.34,206.87,207.95
1150810,1600,209.28,210.67,209.28,210.57
1150811,1600,208.97,209.47,207.76,208.67
1150812,1600,207.11,209.14,205.36,208.92
1150813,1600,208.73,209.55,208.01,208.66
1150814,1600,208.43,209.51,208.26,209.42
1150817,1600,208.71,210.59,208.16,210.59
1150818,1600,210.26,210.68,209.7,209.98
1150819,1600,209.09,210.01,207.35,208.32
1150820,1600,206.51,208.29,203.9,203.97
1150821,1600,201.73,203.94,197.52,197.83
1150824,1600,187.49,197.48,182.4,189.5
1150825,1600,195.43,195.45,186.92,187.27
1150826,1600,192.08,194.79,188.37,194.46
1150827,1600,197.02,199.42,195.21,199.27
1150828,1600,198.5,199.84,197.92,199.28
1150831,1600,198.11,199.13,197.01,197.67
1150901,1600,193.12,194.77,190.73,191.77
1150902,1600,194.62,195.46,192.42,195.41
1150903,1600,196.26,198.05,194.96,195.55
1150904,1600,192.85,193.86,191.61,192.59
1150908,1600,195.94,197.61,195.17,197.43
1150909,1600,199.32,199.47,194.35,194.79
1150910,1600,194.56,197.22,194.25,195.85
1150911,1600,195.38,196.82,194.53,196.74
1150914,1600,196.95,197.01,195.43,196.01
1150915,1600,196.61,198.99,195.96,198.46
1150916,1600,198.82,200.41,198.41,200.18
1150917,1600,200.02,202.89,199.28,199.73
1150918,1600,195.71,198.68,194.96,195.45
1150921,1600,196.44,197.68,195.21,196.46
1150922,1600,193.88,194.46,192.56,193.91
1150923,1600,194.11,194.67,192.91,193.6
1150924,1600,192.15,193.45,190.56,192.9
1150925,1600,194.64,195.0,191.81,192.85
1150928,1600,191.78,191.91,187.64,188.01
1150929,1600,188.27,189.74,186.93,188.12
1150930,1600,190.37,191.83,189.44,191.63
1151001,1600,192.08,192.49,189.82,192.13
1151002,1600,189.77,195.03,189.12,195.0
1151005,1600,196.46,198.74,196.33,198.47
1151006,1600,198.31,198.98,197.0,197.79
1151007,1600,198.9,199.83,197.48,199.41
1151008,1600,198.95,201.55,198.59,201.21
1151009,1600,201.38,201.9,200.58,201.33
1151012,1600,201.42,201.76,200.91,201.52
1151013,1600,200.65,202.16,200.05,200.25
1151014,1600,200.18,200.87,198.94,199.29
1151015,1600,200.08,202.36,199.64,202.35
1151016,1600,202.83,203.29,201.92,203.27
1151019,1600,202.5,203.37,202.13,203.37
1151020,1600,202.85,203.84,202.55,203.11
1151021,1600,203.61,203.79,201.65,201.85
1151022,1600,202.98,205.51,201.85,205.26
1151023,1600,207.25,207.95,206.3,207.51
1151026,1600,207.3,207.37,206.56,207.0
1151027,1600,206.2,207.0,205.79,206.6
1151028,1600,207.0,208.98,206.21,208.95
1151029,1600,208.35,209.27,208.21,208.83
1151030,1600,209.06,209.44,207.74,207.93
1151102,1600,208.32,210.62,208.17,210.39
1151103,1600,209.97,211.66,209.7,211.0
1151104,1600,211.35,211.5,209.72,210.36
1151105,1600,210.43,210.98,209.09,210.15
1151106,1600,209.74,210.32,208.46,210.04
1151109,1600,209.31,209.49,206.95,208.08
1151110,1600,207.51,208.6,207.19,208.56
1151111,1600,208.88,208.94,207.66,207.74
1151112,1600,206.5,207.06,204.82,204.84
1151113,1600,204.35,204.67,202.44,202.54
1151116,1600,202.32,205.69,202.18,205.62
1151117,1600,205.99,207.04,204.88,205.47
1151118,1600,206.04,208.9,205.99,208.73
1151119,1600,208.59,209.05,208.2,208.55
1151120,1600,209.45,210.12,208.86,209.31
1151123,1600,209.38,209.98,208.52,209.07
1151124,1600,207.87,209.83,207.41,209.35
1151125,1600,209.5,209.74,209.01,209.32
1151127,1600,209.43,209.8,208.86,209.56
1151130,1600,209.75,209.89,208.56,208.69
1151201,1600,209.44,210.82,209.11,210.68
1151202,1600,210.62,211.0,208.23,208.53
1151203,1600,208.83,209.15,204.75,205.61
1151204,1600,205.61,209.97,205.61,209.62
1151207,1600,209.23,209.73,207.2,208.35
1151208,1600,206.49,208.29,205.78,206.95
1151209,1600,206.19,208.68,204.18,205.34
1151210,1600,205.42,207.43,205.14,205.87
1151211,1600,203.35,204.14,201.51,201.88
1151214,1600,202.07,203.05,199.95,202.9
1151215,1600,204.7,206.11,202.87,205.03
1151216,1600,206.37,208.39,204.8,208.03
1151217,1600,208.4,208.48,204.84,204.86
1151218,1600,202.77,202.93,199.83,200.02
1151221,1600,201.41,201.88,200.09,201.67
1151222,1600,202.72,203.85,201.55,203.5
1151223,1600,204.69,206.07,204.58,206.02
1151224,1600,205.72,206.33,205.42,205.68
1151228,1600,204.86,205.26,203.94,205.21
1151229,1600,206.51,207.79,206.47,207.4
1151230,1600,207.11,207.21,205.76,205.93
1151231,1600,205.13,205.89,203.87,203.87
1160104,1600,200.49,201.03,198.59,201.02
1160105,1600,201.4,201.9,200.05,201.36
1160106,1600,198.34,200.06,197.6,198.82
1160107,1600,195.33,197.44,193.59,194.05
1160108,1600,195.19,195.85,191.58,191.92
1160111,1600,193.01,193.41,189.82,192.11
1160112,1600,193.82,194.55,191.14,193.66
1160113,1600,194.45,194.86,188.38,188.83
1160114,1600,189.55,193.26,187.66,191.93
1160115,1600,186.77,188.76,185.52,187.81
1160119,1600,189.96,190.11,186.2,188.06
1160120,1600,185.03,187.5,181.02,185.65
1160121,1600,186.21,188.87,184.64,186.69
1160122,1600,189.78,190.76,188.88,190.52
1160125,1600,189.92,190.15,187.41,187.64
1160126,1600,188.42,190.53,188.02,190.2
1160127,1600,189.58,191.56,187.06,188.13
1160128,1600,189.96,190.2,187.16,189.11
1160129,1600,190.02,193.88,189.88,193.72
1160201,1600,192.53,194.58,191.84,193.65
1160202,1600,191.96,191.97,189.54,190.16
1160203,1600,191.41,191.78,187.1,191.3
1160204,1600,190.71,192.75,189.96,191.6
1160205,1600,190.99,191.67,187.2,187.95
1160208,1600,185.77,186.12,182.8,185.42
1160209,1600,183.36,186.94,183.2,185.43
1160210,1600,186.41,188.34,185.12,185.27
1160211,1600,182.34,184.1,181.09,182.86
1160212,1600,184.96,186.65,183.96,186.63
1160216,1600,188.77,189.81,187.63,189.78
1160217,1600,191.16,193.32,191.01,192.88
1160218,1600,193.2,193.27,191.72,192.09
1160219,1600,191.17,192.18,190.45,192.0
1160222,1600,193.87,194.95,193.79,194.78
1160223,1600,194.0,194.32,192.18,192.32
1160224,1600,190.63,193.53,189.32,193.2
1160225,1600,193.73,195.55,192.83,195.54
1160226,1600,196.57,196.68,194.9,195.09
1160229,1600,195.11,196.23,193.33,193.56
1160301,1600,195.01,198.21,194.45,198.11
1160302,1600,197.74,199.06,197.25,199.0
1160303,1600,198.79,199.8,198.11,199.78
1160304,1600,200.01,201.35,199.03,200.43
1160307,1600,199.34,201.07,199.25,200.59
1160308,1600,199.32,199.92,198.21,198.4
1160309,1600,199.36,199.79,198.43,199.38
1160310,1600,199.96,201.07,197.38,199.54
1160311,1600,201.26,202.81,199.52,202.76
1160314,1600,202.16,203.04,201.77,202.5
1160315,1600,201.36,202.53,201.05,202.17
1160316,1600,201.6,203.82,201.55,203.34
1160317,1600,203.24,205.23,202.77,204.63
1160318,1600,204.17,204.78,203.8,204.38
1160321,1600,204.07,204.94,203.8,204.67
1160322,1600,203.76,205.23,203.57,204.56
1160323,1600,204.11,204.33,203.01,203.21
1160324,1600,202.0,203.16,201.74,203.12
1160328,1600,203.61,203.86,202.71,203.24
1160329,1600,202.76,205.25,202.4,205.12
1160330,1600,206.3,206.87,205.59,206.02
1160331,1600,205.91,206.41,205.33,205.52
1160401,1600,204.35,207.14,203.98,206.92
1160404,1600,206.83,207.07,205.89,206.25
1160405,1600,204.67,206.26,203.89,204.19
1160406,1600,204.19,206.49,203.98,206.42
1160407,1600,205.14,205.56,203.09,203.95
1160408,1600,205.34,205.85,203.87,204.5
1160411,1600,205.25,206.07,203.91,204.02
1160412,1600,204.22,206.25,203.7,205.92
1160413,1600,207.0,208.1,206.84,208.0
1160414,1600,208.07,208.6,207.6,208.01
1160415,1600,208.01,208.17,207.4,207.78
1160418,1600,207.78,209.28,207.0,209.24
1160419,1600,209.74,210.2,208.94,209.9
1160420,1600,209.95,210.92,209.39,210.1
1160421,1600,210.12,210.25,208.65,208.97
1160422,1600,208.55,209.29,207.91,208.97
1160425,1600,208.26,208.66,207.54,208.61
1160426,1600,209.04,209.52,208.36,208.92
1160427,1600,208.47,209.81,208.05,209.35
1160428,1600,208.46,209.76,206.96,207.45
1160429,1600,206.72,207.13,205.03,206.33
1160502,1600,206.92,208.18,206.41,207.97
1160503,1600,206.52,206.8,205.28,206.16
1160504,1600,204.99,205.85,204.42,205.01
1160505,1600,205.56,205.98,204.47,204.97
1160506,1600,204.06,205.77,203.88,205.72
1160509,1600,205.57,206.4,205.36,205.89
1160510,1600,206.72,208.47,206.64,208.45
1160511,1600,207.91,208.54,206.5,206.5
1160512,1600,207.29,207.49,205.37,206.56
1160513,1600,206.21,206.86,204.38,204.76
1160516,1600,204.96,207.34,204.89,206.78
1160517,1600,206.46,206.8,204.23,204.85
1160518,1600,204.44,206.3,203.63,204.91
1160519,1600,204.06,204.54,202.78,204.2
1160520,1600,204.92,206.1,204.86,205.49
1160523,1600,205.51,205.84,204.99,205.21
1160524,1600,206.17,208.24,206.14,207.87
1160525,1600,208.67,209.77,207.87,209.28
1160526,1600,209.44,209.71,208.97,209.34
1160527,1600,209.53,210.25,209.47,210.24
1160531,1600,210.56,210.69,209.18,209.84
1160601,1600,209.12,210.48,208.89,210.27
1160602,1600,209.8,210.93,209.24,210.91
1160603,1600,210.25,210.69,208.86,210.28
1160606,1600,210.7,211.77,210.51,211.35
1160607,1600,211.53,212.34,211.5,211.68
1160608,1600,211.84,212.52,211.69,212.37
1160609,1600,211.51,212.22,211.19,212.08
1160610,1600,210.46,210.86,209.43,210.07
1160613,1600,209.36,210.37,208.35,208.45
1160614,1600,208.0,208.74,206.92,208.04
1160615,1600,208.04,209.36,207.53,207.75
1160616,1600,207.75,208.57,205.59,208.37
1160617,1600,207.17,207.2,205.75,206.52
1160620,1600,208.82,209.61,207.75,207.85
1160621,1600,208.3,208.92,207.78,208.44
1160622,1600,208.65,209.5,207.93,208.1
1160623,1600,209.81,210.87,209.27,210.81
1160624,1600,203.63,210.85,202.72,203.24
1160627,1600,201.59,201.6,198.65,199.6
1160628,1600,201.48,203.23,201.12,203.2
1160629,1600,204.84,206.93,204.72,206.66
1160630,1600,207.21,209.54,206.56,209.48
1160701,1600,209.48,210.49,209.29,209.92
1160705,1600,208.95,209.08,207.71,208.41
1160706,1600,207.83,209.8,207.06,209.66
1160707,1600,209.87,210.65,208.63,209.53
1160708,1600,211.05,212.94,210.78,212.65
1160711,1600,213.19,214.07,212.95,213.4
1160712,1600,214.53,215.3,213.43,214.95
1160713,1600,215.44,215.45,214.35,214.92
1160714,1600,216.4,216.67,215.66,216.12
1160715,1600,216.78,217.01,215.31,215.83
1160718,1600,215.97,216.6,215.67,216.41
1160719,1600,215.92,216.23,215.63,216.19
1160720,1600,216.19,217.37,216.19,217.09
1160721,1600,216.96,217.22,215.75,216.27
1160722,1600,216.41,217.3,216.1,217.24
1160725,1600,217.0,217.06,215.97,216.65
1160726,1600,216.53,217.17,215.76,216.75
1160727,1600,217.19,217.27,215.62,216.52
1160728,1600,216.29,217.11,215.75,216.77
1160729,1600,216.46,217.54,216.13,217.12
1160801,1600,217.19,217.65,216.41,216.94
1160802,1600,216.65,216.83,214.57,215.55
1160803,1600,215.48,216.25,215.13,216.18
1160804,1600,216.31,216.78,214.25,216.41
1160805,1600,216.41,218.23,216.41,218.18
1160808,1600,218.4,218.52,217.74,218.05
1160809,1600,218.13,218.76,217.8,218.18
1160810,1600,218.31,218.4,217.23,217.64
1160811,1600,218.26,218.94,217.95,218.65
1160812,1600,218.29,218.71,217.99,218.46
1160815,1600,218.89,219.5,218.88,219.09
1160816,1600,218.6,218.68,217.96,217.96
1160817,1600,218.0,218.53,217.02,218.37
1160818,1600,218.34,218.9,218.21,218.86
1160819,1600,218.31,218.75,217.74,218.54
1160822,1600,218.26,218.8,217.83,218.53
1160823,1600,219.25,219.6,218.9,218.97
1160824,1600,218.8,218.91,217.36,217.85
1160825,1600,217.4,218.19,217.22,217.7
1160826,1600,217.92,219.12,216.25,217.29
1160829,1600,217.44,218.67,217.4,218.36
1160830,1600,218.26,218.59,217.35,218.0
1160831,1600,217.61,217.75,216.47,217.38
1160901,1600,217.37,217.73,216.03,217.39
1160902,1600,218.39,218.87,217.7,218.37
1160906,1600,218.7,219.12,217.86,219.03
1160907,1600,218.84,219.22,218.3,219.01
1160908,1600,218.62,218.94,218.15,218.51
1160909,1600,216.97,217.03,213.25,213.28
1160912,1600,212.39,216.81,212.31,216.34
1160913,1600,214.84,215.15,212.5,213.23
1160914,1600,213.29,214.7,212.5,213.15
1160915,1600,212.96,215.73,212.75,215.28
1160916,1600,213.48,213.69,212.57,213.37
1160919,1600,214.13,214.88,213.03,213.41
1160920,1600,214.41,214.59,213.38,213.42
1160921,1600,214.24,216.03,213.44,215.82
1160922,1600,217.0,217.53,216.71,217.18
1160923,1600,216.72,216.88,215.88,215.99
1160926,1600,215.02,215.23,214.01,214.24
1160927,1600,214.05,215.68,213.62,215.57
1160928,1600,215.83,216.82,214.71,216.64
1160929,1600,216.4,216.87,214.04,214.68
1160930,1600,215.65,217.12,215.36,216.3
1161003,1600,215.82,216.04,215.04,215.78
1161004,1600,215.91,216.17,213.99,214.68
1161005,1600,215.41,216.13,215.33,215.63
1161006,1600,215.37,216.04,214.74,215.78
1161007,1600,216.1,216.3,214.19,215.04
1161010,1600,216.16,216.7,215.99,216.16
1161011,1600,215.66,215.74,212.58,213.43
1161012,1600,213.59,214.32,213.01,213.71
1161013,1600,212.16,213.59,211.21,213.01
1161014,1600,214.15,214.69,213.03,213.12
1161017,1600,213.09,213.39,212.17,212.38
1161018,1600,214.24,214.31,213.27,213.71
1161019,1600,214.02,214.64,213.6,214.28
1161020,1600,213.87,214.53,213.11,213.88
1161021,1600,213.88,214.08,212.76,213.98
1161024,1600,215.0,215.32,214.48,214.89
1161025,1600,214.68,214.98,213.98,214.17
1161026,1600,213.21,214.42,212.93,213.74
1161027,1600,214.58,214.62,213.08,213.17
1161028,1600,213.14,213.93,211.71,212.54
1161031,1600,212.93,213.19,212.36,212.55
1161101,1600,212.93,212.99,209.6,211.01
1161102,1600,210.65,211.1,209.23,209.74
1161103,1600,209.99,210.24,208.46,208.78
1161104,1600,208.91,209.89,208.38,208.55
1161107,1600,208.55,213.19,208.55,213.15
1161108,1600,212.69,214.77,212.38,214.11
1161109,1600,212.37,217.1,212.34,216.38
1161110,1600,217.3,218.31,215.22,216.92
1161111,1600,216.08,216.7,215.32,216.42
1161114,1600,217.03,217.27,215.72,216.59
1161115,1600,217.04,218.28,216.8,218.28
1161116,1600,217.56,218.14,217.42,217.87
1161117,1600,218.05,219.06,217.92,218.99
1161118,1600,219.07,219.27,218.29,218.5
1161121,1600,219.17,220.18,219.0,220.15
1161122,1600,220.51,220.79,219.73,220.58
1161123,1600,219.98,220.76,219.75,220.7
1161125,1600,221.1,221.56,221.01,221.52
1161128,1600,221.16,221.48,220.36,220.48
1161129,1600,220.52,221.44,220.17,220.91
1161130,1600,221.63,221.82,220.31,220.38
1161201,1600,220.73,220.73,219.15,219.57
1161202,1600,219.67,220.25,219.26,219.68
1161205,1600,220.65,221.4,220.42,221.0
1161206,1600,221.22,221.74,220.66,221.7
1161207,1600,221.52,224.67,221.38,224.6
1161208,1600,224.57,225.7,224.26,225.15
1161209,1600,225.41,226.53,225.37,226.51
1161212,1600,226.4,226.96,225.76,226.25
1161213,1600,227.02,228.34,227.0,227.76
1161214,1600,227.41,228.23,225.37,225.88
1161215,1600,226.16,227.81,225.89,226.81
1161216,1600,226.01,226.08,224.67,225.04
1161219,1600,225.25,226.02,225.08,225.53
1161220,1600,226.15,226.57,225.88,226.4
1161221,1600,226.25,226.45,225.77,225.77
1161222,1600,225.6,225.74,224.92,225.38
1161223,1600,225.43,225.72,225.21,225.71
1161227,1600,226.02,226.73,226.0,226.27
1161228,1600,226.57,226.59,224.27,224.4
1161229,1600,224.48,224.89,223.84,224.35
1161230,1600,224.73,224.83,222.73,223.53
1170103,1600,225.04,225.83,223.88,225.24
1170104,1600,225.62,226.75,225.61,226.58
1170105,1600,226.27,226.58,225.48,226.4
1170106,1600,226.53,227.75,225.9,227.21
1170109,1600,226.91,227.07,226.42,226.46
1170110,1600,226.48,227.45,226.01,226.46
1170111,1600,226.36,227.1,225.59,227.1
1170112,1600,226.5,226.75,224.96,226.53
1170113,1600,226.73,227.4,226.69,227.05
1170117,1600,226.31,226.78,225.8,226.25
1170118,1600,226.54,226.8,225.9,226.75
1170119,1600,226.84,227.0,225.41,225.91
1170120,1600,226.7,227.31,225.97,226.74
1170123,1600,226.74,226.81,225.27,226.15
1170124,1600,226.4,228.08,226.27,227.6
1170125,1600,228.7,229.57,228.51,229.57
1170126,1600,229.4,229.71,229.01,229.33
1170127,1600,229.42,229.59,228.76,228.97
1170130,1600,228.17,228.2,226.41,227.55
1170131,1600,226.98,227.6,226.32,227.53
1170201,1600,227.53,228.59,226.94,227.62
1170202,1600,227.62,228.1,226.82,227.77
1170203,1600,228.82,229.55,228.46,229.34
1170206,1600,228.87,229.33,228.54,228.93
1170207,1600,229.38,229.66,228.72,228.94
1170208,1600,228.94,229.39,228.31,229.24
1170209,1600,229.24,230.95,229.24,230.6
1170210,1600,231.0,231.77,230.62,231.51
1170213,1600,232.08,233.07,232.05,232.77
1170214,1600,232.56,233.71,232.16,233.7
1170215,1600,233.45,235.14,233.39,234.92
1170216,1600,234.95,235.16,233.85,234.72
1170217,1600,233.95,235.09,233.93,235.09
1170221,1600,235.52,236.69,235.51,236.49
1170222,1600,236.02,236.54,235.83,236.28
1170223,1600,236.88,236.9,235.56,236.44
1170224,1600,235.46,236.79,235.41,236.74
1170227,1600,236.64,237.31,236.35,237.11
1170228,1600,236.67,236.95,236.02,236.47
1170301,1600,238.39,240.32,238.37,239.78
1170302,1600,239.56,239.57,238.21,238.27
1170303,1600,238.17,238.61,237.73,238.42
1170306,1600,237.5,238.12,237.01,237.71
1170307,1600,237.36,237.77,236.76,237.0
1170308,1600,237.34,237.64,236.4,236.56
1170309,1600,236.7,237.24,235.74,236.86
1170310,1600,237.97,238.02,236.59,237.69
1170313,1600,237.62,237.86,237.24,237.81
1170314,1600,237.18,237.24,236.19,236.9
1170315,1600,237.56,239.44,237.29,238.95
1170316,1600,239.11,239.2,238.1,238.48
1170317,1600,237.75,237.97,237.03,237.03
1170320,1600,237.03,237.36,236.32,236.77
1170321,1600,237.47,237.61,233.58,233.73
1170322,1600,233.77,234.61,233.05,234.28
1170323,1600,234.28,235.34,233.6,234.03
1170324,1600,234.38,235.04,232.96,233.86
1170327,1600,231.93,233.92,231.61,233.62
1170328,1600,233.27,235.81,233.14,235.32
1170329,1600,234.99,235.81,234.73,235.54
1170330,1600,235.47,236.52,235.27,236.29
1170331,1600,235.9,236.51,235.68,235.74
1170403,1600,235.8,236.03,233.91,235.33
1170404,1600,235.0,235.58,234.56,235.48
1170405,1600,236.26,237.39,234.54,234.78
1170406,1600,234.94,236.04,234.43,235.44
1170407,1600,235.15,236.0,234.64,235.2
1170410,1600,235.36,236.26,234.73,235.34
1170411,1600,234.9,235.18,233.34,235.06
1170412,1600,234.74,234.96,233.77,234.03
1170413,1600,233.64,234.49,232.51,232.51
1170417,1600,233.11,234.57,232.88,234.57
1170418,1600,233.72,234.49,233.08,233.87
1170419,1600,234.52,234.95,233.18,233.44
1170420,1600,234.15,235.85,233.78,235.34
1170421,1600,235.25,235.31,234.13,234.59
1170424,1600,237.18,237.41,234.56,237.17
1170425,1600,237.91,238.95,237.81,238.55
1170426,1600,238.51,239.53,238.35,238.4
1170427,1600,238.77,238.95,237.98,238.6
1170428,1600,238.9,238.93,237.93,238.08
1170501,1600,238.68,239.17,238.2,238.68
1170502,1600,238.84,238.98,238.3,238.77
1170503,1600,238.77,238.88,237.7,238.48
1170504,1600,238.83,238.92,237.78,238.76
1170505,1600,239.19,239.72,238.68,239.7
1170508,1600,239.75,239.92,239.17,239.66
1170509,1600,239.96,240.19,239.04,239.44
1170510,1600,239.39,239.87,239.15,239.87
1170511,1600,239.35,239.57,238.13,239.38
1170512,1600,239.09,239.43,238.67,238.98
1170515,1600,239.47,240.44,239.45,240.3
1170516,1600,240.64,240.67,239.63,240.08
1170517,1600,240.08,240.08,235.75,235.82
1170518,1600,235.73,237.75,235.43,236.77
1170519,1600,237.33,239.08,237.27,238.31
1170522,1600,238.9,239.71,238.82,239.52
1170523,1600,239.95,240.24,239.51,240.05
1170524,1600,240.32,240.73,239.93,240.61
1170525,1600,241.2,242.08,240.96,241.76
1170526,1600,241.54,241.9,241.45,241.71
1170530,1600,241.34,241.79,241.16,241.5
1170531,1600,241.84,241.88,240.64,241.44
1170601,1600,241.97,243.38,241.64,243.36
1170602,1600,243.42,244.35,243.08,244.17
1170605,1600,243.97,244.3,243.76,243.99
1170606,1600,243.34,243.98,243.12,243.21
1170607,1600,243.6,243.92,242.83,243.66
1170608,1600,243.77,244.33,243.17,243.78
1170609,1600,244.09,245.01,241.95,243.41
1170612,1600,243.13,243.42,242.38,243.36
1170613,1600,243.98,244.61,243.58,244.55
1170614,1600,244.86,244.87,243.29,244.24
1170615,1600,242.68,243.91,242.36,243.77
1170616,1600,242.77,242.83,241.63,242.64
1170619,1600,243.59,244.73,243.48,244.66
1170620,1600,244.25,244.26,242.99,243.01
1170621,1600,243.46,243.59,242.41,242.95
1170622,1600,242.96,243.53,242.64,242.84
1170623,1600,242.91,243.51,242.47,243.13
1170626,1600,243.9,244.38,243.05,243.29
1170627,1600,243.04,243.38,241.31,241.33
1170628,1600,242.5,243.72,242.23,243.49
1170629,1600,243.66,243.72,239.96,241.35
1170630,1600,242.28,242.71,241.58,241.8
1170703,1600,242.88,243.38,242.21,242.21
1170705,1600,242.63,243.01,241.7,242.77
1170706,1600,241.89,242.03,240.34,240.55
1170707,1600,241.21,242.28,240.56,242.11
1170710,1600,242.11,242.8,241.76,242.37
1170711,1600,242.37,242.55,240.85,242.19
1170712,1600,243.3,244.2,243.3,244.01
1170713,1600,244.02,244.55,243.76,244.42
1170714,1600,244.42,245.97,244.31,245.56
1170717,1600,245.47,245.91,245.33,245.53
1170718,1600,245.06,245.72,244.67,245.66
1170719,1600,246.02,247.0,246.01,246.99
1170720,1600,247.28,247.42,246.47,247.1
1170721,1600,246.44,246.91,246.18,246.88
1170724,1600,246.79,246.98,246.28,246.82
1170725,1600,247.68,247.8,247.16,247.42
1170726,1600,247.75,247.79,247.13,247.43
1170727,1600,247.96,248.0,245.68,247.2
1170728,1600,246.65,247.06,246.13,246.91
1170731,1600,247.37,247.48,246.53,246.77
1170801,1600,247.46,247.5,246.72,247.32
1170802,1600,247.47,247.6,246.37,247.44
1170803,1600,247.31,247.34,246.64,246.96
1170804,1600,247.52,247.79,246.97,247.41
1170807,1600,247.49,247.87,247.37,247.87
1170808,1600,247.51,248.91,246.83,247.26
1170809,1600,246.47,247.31,246.06,247.25
1170810,1600,246.29,246.44,243.7,243.76
1170811,1600,244.02,244.8,243.75,244.12
1170814,1600,245.59,246.79,245.55,246.54
1170815,1600,246.98,247.0,246.16,246.51
1170816,1600,247.11,247.57,246.45,246.94
1170817,1600,246.24,246.6,243.09,243.09
1170818,1600,242.9,244.19,242.2,242.71
1170821,1600,242.64,243.2,241.83,242.9
1170822,1600,243.57,245.62,243.55,245.44
1170823,1600,244.33,245.05,244.16,244.56
1170824,1600,245.0,245.18,243.75,243.99
1170825,1600,244.9,245.61,244.39,244.56
1170828,1600,245.17,245.2,244.09,244.57
1170829,1600,243.06,245.15,242.93,244.85
1170830,1600,244.83,246.32,244.62,246.01
1170831,1600,246.72,247.77,246.05,247.49
1170901,1600,247.92,248.33,247.67,247.84
1170905,1600,247.26,247.52,244.95,246.06
1170906,1600,246.84,247.28,246.23,246.9
1170907,1600,247.25,247.27,246.4,246.87
1170908,1600,246.54,247.11,246.3,246.58
1170911,1600,248.04,249.3,248.02,249.21
1170912,1600,249.63,250.09,249.42,250.05
1170913,1600,249.72,250.21,249.59,250.17
1170914,1600,249.8,250.32,249.6,250.09
1170915,1600,248.69,249.29,248.57,249.19
1170918,1600,249.61,250.12,249.28,249.72
1170919,1600,250.0,250.07,249.6,249.97
1170920,1600,250.07,250.19,248.92,250.06
1170921,1600,249.88,249.98,249.19,249.39
1170922,1600,249.05,249.63,249.02,249.44
1170925,1600,249.15,249.55,248.08,248.93
1170926,1600,249.42,249.7,248.81,249.08
1170927,1600,249.88,250.49,248.87,250.05
1170928,1600,249.73,250.44,249.63,250.35
1170929,1600,250.34,251.32,250.13,251.23
1171002,1600,251.49,252.32,251.29,252.32
1171003,1600,252.32,252.89,252.23,252.86
1171004,1600,252.69,253.44,252.56,253.16
1171005,1600,253.54,254.68,253.2,254.66
1171006,1600,254.15,254.7,253.85,254.37
1171009,1600,254.63,254.7,253.65,253.95
1171010,1600,254.6,255.05,253.98,254.62
1171011,1600,254.51,255.02,254.32,255.02
1171012,1600,254.66,255.06,254.37,254.64
1171013,1600,255.14,255.27,254.64,254.95
1171016,1600,255.21,255.51,254.82,255.29
1171017,1600,255.23,255.52,254.98,255.47
1171018,1600,255.9,255.95,255.5,255.72
1171019,1600,254.83,255.83,254.35,255.79
1171020,1600,256.7,257.14,255.77,257.11
1171023,1600,257.48,257.51,256.02,256.11
1171024,1600,256.6,256.83,256.15,256.56
1171025,1600,256.18,256.31,254.0,255.29
1171026,1600,255.99,256.3,255.48,255.62
1171027,1600,256.47,257.89,255.63,257.71
1171030,1600,256.47,257.6,256.41,256.75
1171031,1600,257.18,257.44,256.81,257.15
1171101,1600,258.04,258.43,257.07,257.49
1171102,1600,257.41,257.75,256.19,257.59
1171103,1600,257.77,258.5,257.3,258.45
1171106,1600,258.3,259.0,258.22,258.85
1171107,1600,258.97,259.35,258.09,258.67
1171108,1600,258.47,259.22,258.15,259.11
1171109,1600,257.73,258.39,256.36,258.17
1171110,1600,257.73,258.29,257.37,258.09
1171113,1600,257.31,258.59,257.27,258.33
1171114,1600,257.41,257.85,256.52,257.73
1171115,1600,256.62,257.22,255.63,256.44
1171116,1600,257.52,259.04,257.47,258.62
1171117,1600,258.22,258.59,257.77,257.86
1171120,1600,258.14,258.52,257.86,258.3
1171121,1600,259.18,260.2,258.26,259.99
1171122,1600,260.0,260.15,259.57,259.76
1171124,1600,260.32,260.48,260.16,260.36
1171127,1600,260.41,260.75,260.0,260.23
1171128,1600,260.76,262.9,260.65,262.87
1171129,1600,263.02,263.63,262.2,262.71
1171130,1600,263.76,266.05,263.67,265.01
1171201,1600,264.76,265.31,260.76,264.46
1171204,1600,266.31,266.8,264.08,264.14
1171205,1600,263.19,265.15,263.04,263.19
1171206,1600,263.3,263.73,262.71,263.24
1171207,1600,264.07,264.43,262.94,264.07
1171208,1600,265.16,265.52,264.03,265.51
1171211,1600,266.31,266.38,265.48,266.31
1171212,1600,267.21,267.32,266.35,266.78
1171213,1600,267.06,267.56,266.65,266.75
1171214,1600,267.09,267.22,265.6,265.66
1171215,1600,265.45,267.04,265.39,266.51
1171218,1600,268.1,268.6,267.98,268.2
1171219,1600,268.48,268.53,267.09,267.17
1171220,1600,268.27,268.33,266.69,267.03
1171221,1600,267.74,268.39,267.3,267.58
1171222,1600,267.6,267.64,266.9,267.51
1171226,1600,267.05,267.44,266.89,267.19
1171227,1600,267.38,267.73,267.01,267.32
1171228,1600,267.89,267.92,267.45,267.87
1171229,1600,268.53,268.55,266.64,266.86
1180102,1600,267.84,268.81,267.4,268.77
1180103,1600,268.96,270.64,268.96,270.47
1180104,1600,271.2,272.16,270.54,271.61
1180105,1600,272.51,273.56,271.95,273.42
1180108,1600,273.31,274.1,272.98,273.92
1180109,1600,274.4,275.25,274.08,274.54
1180110,1600,273.68,274.42,272.92,274.12
1180111,1600,274.75,276.12,274.56,276.12
1180112,1600,276.42,278.11,276.08,277.92
1180116,1600,279.35,280.09,276.18,276.97
1180117,1600,278.03,280.05,276.97,279.61
1180118,1600,279.48,279.96,278.58,279.14
1180119,1600,279.8,280.41,279.14,280.41
1180122,1600,280.17,282.69,280.11,282.69
1180123,1600,282.74,283.62,282.37,283.29
1180124,1600,284.02,284.7,281.84,283.18
1180125,1600,284.16,284.27,282.4,283.3
1180126,1600,284.25,286.63,283.96,286.58
1180129,1600,285.93,286.43,284.5,284.68
1180130,1600,282.6,284.74,281.22,281.76
1180131,1600,282.73,283.3,280.68,281.9
1180201,1600,281.07,283.06,280.68,281.58
1180202,1600,280.08,280.23,275.41,275.45
1180205,1600,273.45,275.85,263.31,263.93
1180206,1600,259.94,269.7,258.7,269.13
1180207,1600,268.5,272.36,267.58,267.67
1180208,1600,268.01,268.17,257.59,257.63
1180209,1600,260.8,263.61,252.92,261.5
1180212,1600,263.83,267.01,261.66,265.34
1180213,1600,263.97,266.62,263.31,266.0
1180214,1600,264.31,270.0,264.3,269.59
1180215,1600,271.57,273.04,268.77,273.03
1180216,1600,272.32,275.32,272.27,273.11
1180220,1600,272.03,273.67,270.5,271.4
1180221,1600,271.9,274.72,269.94,270.05
1180222,1600,271.1,273.05,269.64,270.4
1180223,1600,271.79,274.71,271.25,274.71
1180226,1600,275.93,278.01,275.26,277.9
1180227,1600,278.11,278.92,274.36,274.43
1180228,1600,275.68,276.19,271.29,271.65
1180301,1600,271.41,273.17,266.0,267.7
1180302,1600,265.8,269.72,264.82,269.08
1180305,1600,267.73,272.89,267.61,272.19
1180306,1600,273.3,273.39,271.18,272.88
1180307,1600,270.42,273.18,270.2,272.78
1180308,1600,273.55,274.24,272.42,274.1
1180309,1600,275.7,278.87,275.34,278.87
1180312,1600,279.2,279.91,278.08,278.52
1180313,1600,279.84,280.41,276.03,276.72
1180314,1600,277.81,278.02,274.67,275.3
1180315,1600,275.88,276.61,274.43,275.0
1180316,1600,274.5,275.39,274.14,274.2
1180319,1600,273.35,274.4,268.62,270.49
1180320,1600,270.94,271.67,270.18,270.95
1180321,1600,270.9,273.27,270.19,270.43
1180322,1600,267.91,268.87,263.36,263.67
1180323,1600,264.17,264.54,257.83,258.05
1180326,1600,262.13,265.43,259.41,265.11
1180327,1600,266.17,266.77,258.84,260.6
1180328,1600,260.75,262.64,258.58,259.83
1180329,1600,261.12,265.26,259.84,263.15
1180402,1600,262.55,263.13,254.67,257.47
1180403,1600,258.87,261.31,256.84,260.77
1180404,1600,256.75,264.36,256.6,263.56
1180405,1600,265.55,266.64,264.32,265.64
1180406,1600,263.42,265.11,258.0,259.72
1180409,1600,261.37,264.84,259.94,261.0
1180410,1600,264.27,266.04,262.98,265.15
1180411,1600,263.47,265.64,263.39,263.76
1180412,1600,265.26,267.0,265.06,265.93
1180413,1600,267.41,267.54,264.01,265.15
1180416,1600,267.0,268.2,266.07,267.33
1180417,1600,269.33,270.87,268.75,270.19
1180418,1600,270.69,271.3,269.87,270.39
1180419,1600,269.65,269.88,267.72,268.89
1180420,1600,268.81,269.06,265.61,266.61
1180423,1600,267.26,267.89,265.35,266.57
1180424,1600,267.73,267.98,261.28,262.98
1180425,1600,262.91,264.13,260.85,263.63
1180426,1600,264.79,267.25,264.29,266.31
1180427,1600,267.0,267.34,265.5,266.56
1180430,1600,267.26,267.89,264.43,264.51
1180501,1600,263.87,265.1,262.11,264.98
1180502,1600,264.76,265.68,262.76,263.2
1180503,1600,262.26,263.36,259.05,262.62
1180504,1600,261.52,266.79,261.15,266.02
1180507,1600,266.89,268.02,266.11,266.92
1180508,1600,266.5,267.33,265.15,266.92
1180509,1600,267.68,269.87,267.09,269.5
1180510,1600,270.34,272.39,270.22,272.02
1180511,1600,272.16,273.15,271.58,272.85
1180514,1600,273.34,274.08,272.36,272.98
1180515,1600,271.59,271.61,270.03,271.1
1180516,1600,271.14,272.76,271.11,272.24
1180517,1600,271.94,273.23,271.13,272.01
1180518,1600,271.62,272.03,270.93,271.33
1180521,1600,273.01,273.98,272.57,273.37
1180522,1600,273.96,274.25,272.24,272.61
1180523,1600,271.17,273.39,270.99,273.36
1180524,1600,272.91,273.22,270.78,272.8
1180525,1600,272.15,272.86,271.58,272.15
1180529,1600,270.31,271.17,267.76,269.02
1180530,1600,270.5,273.11,270.42,272.61
1180531,1600,272.15,272.49,270.26,270.94
1180601,1600,272.41,273.94,272.33,273.6
1180604,1600,274.53,275.19,274.26,274.9
1180605,1600,275.05,275.53,274.18,275.1
1180606,1600,275.79,277.52,275.09,277.4
1180607,1600,277.95,278.28,276.34,277.37
1180608,1600,276.85,278.25,276.66,278.19
1180611,1600,278.44,279.37,278.31,278.56
1180612,1600,279.03,279.33,278.19,278.92
1180613,1600,279.19,279.48,277.8,278.03
1180614,1600,279.01,279.33,278.06,278.73
1180615,1600,276.6,277.51,275.35,277.13
1180618,1600,275.49,276.7,274.95,276.56
1180619,1600,274.0,275.75,273.53,275.5
1180620,1600,276.27,276.72,275.59,275.97
1180621,1600,275.96,275.98,273.68,274.24
1180622,1600,275.66,275.79,274.49,274.74
1180625,1600,273.44,273.62,269.1,271.0
1180626,1600,271.64,272.56,270.79,271.6
1180627,1600,272.26,273.87,269.18,269.35
1180628,1600,269.29,271.75,268.49,270.89
1180629,1600,272.12,273.66,271.15,271.28
1180702,1600,269.51,272.04,269.24,271.86
1180703,1600,272.87,272.98,270.42,270.9
1180705,1600,272.17,273.18,270.96,273.11
1180706,1600,273.14,275.84,272.71,275.42
1180709,1600,276.55,277.96,276.5,277.9
1180710,1600,278.41,279.01,278.08,278.9
1180711,1600,277.15,278.04,276.52,276.86
1180712,1600,278.28,279.43,277.6,279.37
1180713,1600,279.17,279.93,278.66,279.59
1180716,1600,279.64,279.8,278.84,279.34
1180717,1600,278.47,280.91,278.41,280.47
1180718,1600,280.56,281.18,280.06,281.06
1180719,1600,280.31,280.74,279.46,280.0
1180720,1600,279.77,280.48,279.5,279.68
1180723,1600,279.45,280.43,279.06,280.2
1180724,1600,281.79,282.56,280.63,281.61
1180725,1600,281.33,284.37,281.28,284.01
1180726,1600,283.2,284.11,283.09,283.34
1180727,1600,283.71,283.82,280.38,281.42
1180730,1600,281.51,281.69,279.36,279.95
1180731,1600,280.81,282.02,280.38,281.33
1180801,1600,281.56,282.13,280.13,280.86
1180802,1600,279.39,282.58,279.16,282.39
1180803,1600,282.53,283.66,282.33,283.6
1180806,1600,283.64,284.99,283.2,284.64
1180807,1600,285.39,286.01,285.24,285.58
1180808,1600,285.39,285.91,284.94,285.46
1180809,1600,285.53,285.97,284.92,285.07
1180810,1600,283.45,284.06,282.36,283.16
1180813,1600,283.47,284.16,281.77,282.1
1180814,1600,282.92,284.17,282.48,283.9
1180815,1600,282.38,282.54,280.16,281.78
1180816,1600,283.4,285.04,283.36,284.06
1180817,1600,283.83,285.56,283.37,285.06
1180820,1600,285.57,285.97,285.06,285.67
1180821,1600,286.25,287.31,285.71,286.34
1180822,1600,285.88,286.76,285.58,286.17
1180823,1600,285.97,286.94,285.43,285.79
1180824,1600,286.44,287.67,286.38,287.51
1180827,1600,288.86,289.9,288.68,289.78
1180828,1600,290.3,290.42,289.4,289.92
1180829,1600,290.16,291.74,289.89,291.48
1180830,1600,290.94,291.36,289.63,290.3
1180831,1600,289.84,290.81,289.29,290.31
1180904,1600,289.84,290.21,288.68,289.81
1180905,1600,289.41,289.64,287.89,289.03
1180906,1600,289.15,289.49,287.0,288.16
1180907,1600,286.98,288.7,286.71,287.6
1180910,1600,288.74,289.04,287.88,288.1
1180911,1600,287.37,289.55,286.98,289.05
1180912,1600,289.06,289.8,288.23,289.12
1180913,1600,290.32,291.04,290.0,290.83
1180914,1600,291.06,291.27,290.0,290.88
1180917,1600,290.82,290.86,289.03,289.34
1180918,1600,289.58,291.58,289.55,290.91
1180919,1600,290.97,291.69,290.83,291.22
1180920,1600,292.64,293.94,291.24,293.58
1180921,1600,293.09,293.22,291.81,291.99
1180924,1600,291.34,291.5,290.37,291.02
1180925,1600,291.53,291.65,290.48,290.75
1180926,1600,290.91,292.24,289.41,289.88
1180927,1600,290.41,291.91,290.1,290.69
1180928,1600,289.99,291.28,289.95,290.72
1181001,1600,292.11,292.93,290.98,291.73
1181002,1600,291.56,292.36,291.14,291.56
1181003,1600,292.74,293.21,291.32,291.72
1181004,1600,291.18,291.24,287.66,289.44
1181005,1600,289.69,290.27,286.22,287.82
1181008,1600,287.05,288.22,285.5,287.82
1181009,1600,287.39,288.86,286.77,287.4
1181010,1600,286.83,286.91,277.88,278.3
1181011,1600,277.08,278.9,270.36,272.17
1181012,1600,276.77,277.09,272.37,275.95
1181015,1600,275.55,277.04,274.3,274.4
1181016,1600,276.6,280.82,276.07,280.4
1181017,1600,280.44,281.15,277.56,280.45
1181018,1600,279.4,280.07,274.97,276.4
1181019,1600,277.13,279.3,275.47,276.25
1181022,1600,277.0,277.36,274.41,275.01
1181023,1600,270.95,274.87,268.61,273.61
1181024,1600,273.33,273.76,264.7,265.32
1181025,1600,267.38,271.81,266.23,270.08
1181026,1600,265.92,271.0,262.29,265.33
1181029,1600,268.8,270.25,259.85,263.86
1181030,1600,263.67,268.12,263.12,267.77
1181031,1600,270.65,273.23,270.12,270.63
1181101,1600,271.6,273.73,270.38,273.51
1181102,1600,274.75,275.23,269.59,271.89
1181105,1600,272.44,274.01,271.35,273.39
1181106,1600,273.32,275.3,273.25,275.12
1181107,1600,277.56,281.1,277.08,281.01
1181108,1600,280.11,281.22,279.22,280.5
1181109,1600,279.03,279.24,276.18,277.76
1181112,1600,277.19,277.46,271.99,272.57
1181113,1600,273.09,275.33,271.25,272.06
1181114,1600,274.16,274.61,268.45,270.2
1181115,1600,268.78,273.54,267.01,273.02
1181116,1600,271.79,274.75,271.21,273.73
1181119,1600,273.05,273.38,268.07,269.1
1181120,1600,265.36,267.0,263.15,264.12
1181121,1600,265.86,267.15,265.01,265.02
1181123,1600,263.18,264.82,263.07,263.25
1181126,1600,265.78,267.75,265.34,267.5
1181127,1600,266.34,268.4,265.66,268.4
1181128,1600,269.6,274.58,268.33,274.58
1181129,1600,273.71,275.55,272.43,273.98
1181130,1600,273.81,276.28,273.45,275.65
1181203,1600,280.28,280.4,277.51,279.3
1181204,1600,278.37,278.85,269.9,270.25
1181206,1600,265.92,269.97,262.44,269.84
1181207,1600,269.46,271.22,262.63,263.57
1181210,1600,263.37,265.16,258.62,264.07
1181211,1600,267.66,267.87,262.48,264.13
1181212,1600,267.47,269.0,265.37,265.46
1181213,1600,266.52,267.49,264.12,265.37
1181214,1600,262.96,264.03,259.85,260.47
1181217,1600,259.4,260.65,253.53,255.36
1181218,1600,257.2,257.95,253.28,255.08
1181219,1600,255.17,259.4,249.35,251.26
1181220,1600,249.86,251.62,244.65,247.17
1181221,1600,246.74,249.71,239.98,240.7
1181224,1600,239.04,240.84,234.27,234.34
1181226,1600,235.97,246.18,233.76,246.18
1181227,1600,242.57,248.29,238.96,248.07
1181228,1600,249.58,251.4,246.45,247.75
1181231,1600,249.56,250.19,247.47,249.92
1190102,1600,245.98,251.21,245.95,250.18
1190103,1600,248.23,248.57,243.67,244.21
1190104,1600,247.59,253.11,247.17,252.39
1190107,1600,252.69,255.95,251.69,254.38
1190108,1600,256.82,257.31,254.0,256.77
1190109,1600,257.56,258.91,256.19,257.97
1190110,1600,256.26,259.16,255.5,258.88
1190111,1600,257.68,259.01,257.03,258.98
1190114,1600,256.86,258.3,256.41,257.4
1190115,1600,257.82,260.7,257.81,260.35
1190116,1600,260.83,261.97,260.6,260.98
1190117,1600,260.01,263.92,259.96,262.96
1190118,1600,264.98,266.98,263.0,266.46
1190122,1600,264.82,265.06,261.06,262.86
1190123,1600,264.01,264.79,260.66,263.41
1190124,1600,263.21,264.2,262.08,263.55
1190125,1600,265.61,266.7,263.66,265.78
1190128,1600,263.39,263.83,261.79,263.76
1190129,1600,263.92,264.55,262.48,263.41
1190130,1600,265.1,268.52,264.25,267.58
1190131,1600,267.51,270.47,267.27,269.93
1190201,1600,270.15,271.2,269.18,270.06
1190204,1600,270.11,272.03,269.36,271.96
1190205,1600,272.44,273.44,271.88,273.1
1190206,1600,272.79,273.34,271.92,272.74
1190207,1600,270.94,271.55,268.29,270.14
1190208,1600,268.75,270.58,267.83,270.47
1190211,1600,271.2,271.49,270.03,270.62
1190212,1600,272.42,274.52,272.34,274.1
1190213,1600,275.03,275.93,274.56,274.99
1190214,1600,273.78,275.64,272.87,274.38
1190215,1600,276.36,277.41,276.13,277.37
1190219,1600,276.48,278.58,276.47,277.85
1190220,1600,277.81,278.92,277.25,278.41
1190221,1600,277.7,278.1,276.35,277.42
1190222,1600,278.11,279.36,277.4,279.14
1190225,1600,280.73,281.31,279.43,279.52
1190226,1600,279.13,280.3,278.9,279.32
1190227,1600,278.52,279.59,277.48,279.2
1190228,1600,278.96,279.45,278.32,278.68
1190301,1600,280.44,280.88,278.82,280.42
1190304,1600,281.6,281.87,276.84,279.4
1190305,1600,279.54,279.76,278.41,279.02
1190306,1600,279.15,279.16,276.97,277.33
1190307,1600,276.83,276.99,274.07,275.01
1190308,1600,272.94,274.65,272.42,274.46
1190311,1600,275.26,278.62,275.23,278.44
1190312,1600,279.06,280.07,278.85,279.49
1190313,1600,280.48,282.38,280.3,281.34
1190314,1600,281.37,281.84,280.67,281.16
1190315,1600,280.54,282.21,280.33,281.31
1190318,1600,281.55,282.66,281.3,282.33
1190319,1600,283.51,284.36,281.41,282.4
1190320,1600,282.16,283.5,280.32,281.55
1190321,1600,280.64,285.18,280.59,284.73
1190322,1600,283.22,283.8,279.18,279.25
1190325,1600,278.87,280.19,277.64,279.04
1190326,1600,280.99,282.18,279.56,281.12
1190327,1600,281.11,281.76,277.93,279.65
1190328,1600,280.35,281.21,279.07,280.71
1190329,1600,282.39,282.84,281.14,282.48
1190401,1600,284.7,286.16,284.4,285.83
1190402,1600,286.04,286.23,285.09,285.97
1190403,1600,287.32,287.76,285.75,286.42
1190404,1600,286.78,287.46,286.01,287.18
1190405,1600,287.92,288.63,287.6,288.57
1190408,1600,288.1,288.91,287.37,288.79
1190409,1600,287.72,288.08,286.7,287.31
1190410,1600,287.77,288.39,287.31,288.29
1190411,1600,288.83,288.84,287.58,288.21
1190412,1600,290.0,290.47,288.26,290.16
1190415,1600,290.24,290.35,289.08,289.97
1190416,1600,290.95,291.01,289.5,290.16
1190417,1600,291.4,291.43,288.99,289.45
1190418,1600,290.1,290.32,288.66,290.02
1190422,1600,289.17,290.44,289.07,290.27
1190423,1600,290.68,293.14,290.42,292.88
1190424,1600,292.79,293.16,292.07,292.23
1190425,1600,292.12,292.78,290.73,292.05
1190426,1600,292.1,293.49,291.24,293.41
1190429,1600,293.51,294.45,293.41,293.87
1190430,1600,293.49,294.34,291.92,294.02
1190501,1600,294.72,294.95,291.8,291.81
1190502,1600,291.68,292.7,289.52,291.18
1190503,1600,292.82,294.34,291.3,294.03
1190506,1600,289.25,293.31,288.9,292.82
1190507,1600,290.15,290.81,285.81,287.93
1190508,1600,287.53,289.43,286.87,287.53
1190509,1600,285.23,287.33,283.3,286.66
1190510,1600,285.62,288.94,282.3,288.1
1190513,1600,282.42,283.49,279.93,280.86
1190514,1600,281.99,285.1,281.85,283.4
1190515,1600,281.59,285.77,281.36,285.06
1190516,1600,285.84,289.21,285.76,287.7
1190517,1600,285.14,288.6,285.12,285.84
1190520,1600,284.06,285.96,283.12,283.95
1190521,1600,285.83,286.93,285.55,286.51
1190522,1600,285.45,286.69,285.1,285.63
1190523,1600,283.16,283.21,280.57,282.14
1190524,1600,283.74,284.2,282.09,282.78
1190528,1600,283.09,284.15,280.13,280.15
1190529,1600,278.91,279.36,276.71,278.27
1190530,1600,279.11,280.04,277.81,279.03
1190531,1600,276.2,277.12,275.24,275.27
1190603,1600,275.31,276.55,273.09,274.57
1190604,1600,277.12,280.68,276.62,280.53
1190605,1600,282.33,282.99,280.32,282.96
1190606,1600,283.29,285.55,282.57,284.8
1190607,1600,285.93,288.85,285.74,287.65
1190610,1600,289.37,290.82,288.87,288.97
1190611,1600,290.99,291.4,288.18,288.9
1190612,1600,288.64,289.26,287.82,288.39
1190613,1600,289.4,289.98,288.62,289.58
1190614,1600,289.26,289.93,288.41,289.26
1190617,1600,289.52,290.22,289.18,289.37
1190618,1600,291.39,293.57,290.99,292.4
1190619,1600,292.55,293.65,291.47,293.06
1190620,1600,296.04,296.31,293.13,295.86
1190621,1600,294.13,295.52,293.76,294.0
1190624,1600,294.23,294.58,293.47,293.64
1190625,1600,293.7,293.73,290.64,290.76
1190626,1600,291.75,292.31,290.35,290.47
1190627,1600,291.31,292.06,290.89,291.5
1190628,1600,292.58,293.55,292.01,293.0
1190701,1600,296.68,296.92,294.33,295.66
1190702,1600,295.61,296.49,294.68,296.43
1190703,1600,297.18,298.82,297.02,298.8
1190705,1600,297.44,298.64,296.01,298.46
1190708,1600,297.01,298.26,296.22,296.82
1190709,1600,295.54,297.52,295.48,297.19
1190710,1600,298.37,299.66,297.78,298.61
1190711,1600,299.32,299.58,298.2,299.31
1190712,1600,299.85,300.73,299.51,300.65
1190715,1600,301.13,301.13,300.19,300.75
1190716,1600,300.65,300.88,299.44,299.78
1190717,1600,299.75,299.93,297.74,297.74
1190718,1600,297.19,299.25,296.7,298.83
1190719,1600,300.04,300.07,296.98,297.17
1190722,1600,297.61,298.5,297.04,297.9
1190723,1600,299.14,300.03,298.22,300.03
1190724,1600,299.19,301.44,299.09,301.44
1190725,1600,300.94,301.0,299.11,300.0
1190726,1600,300.76,302.23,300.62,302.01
1190729,1600,301.88,302.01,300.85,301.46
1190730,1600,299.91,301.17,299.49,300.72
1190731,1600,300.99,301.2,295.2,297.43
1190801,1600,297.6,300.87,293.96,294.84
1190802,1600,293.85,294.12,290.9,292.62
1190805,1600,288.09,288.21,281.72,283.82
1190806,1600,285.91,288.04,284.28,287.8
1190807,1600,284.4,288.82,282.04,287.97
1190808,1600,289.62,293.62,289.01,293.62
1190809,1600,292.58,293.24,289.65,291.62
1190812,1600,289.96,291.61,287.02,288.07
1190813,1600,287.74,294.15,287.36,292.55
1190814,1600,288.07,288.74,283.76,283.9
1190815,1600,284.88,285.64,282.39,284.65
1190816,1600,286.48,289.33,284.71,288.85
1190819,1600,292.19,293.08,291.44,292.33
1190820,1600,291.77,292.36,289.95,290.09
1190821,1600,292.48,292.86,291.72,292.45
1190822,1600,293.23,293.93,290.4,292.36
1190823,1600,290.92,292.76,283.47,284.85
1190826,1600,287.27,288.0,285.58,288.0
1190827,1600,289.54,289.95,286.03,286.87
1190828,1600,286.14,289.07,285.25,288.89
1190829,1600,291.72,293.16,290.61,292.58
1190830,1600,294.22,294.24,291.42,292.45
1190903,1600,290.57,291.58,289.27,290.74
1190904,1600,293.14,294.06,292.31,294.04
1190905,1600,296.79,298.83,294.0,297.82
1190906,1600,298.17,298.76,297.42,298.05
1190909,1600,299.14,299.24,297.16,298.2
1190910,1600,297.36,298.2,295.97,298.13
1190911,1600,298.47,300.34,297.75,300.25
1190912,1600,301.25,302.46,300.41,301.29
1190913,1600,301.78,302.17,300.68,301.09
1190916,1600,299.84,301.14,299.45,300.16
1190917,1600,299.94,301.02,299.75,300.92
1190918,1600,300.49,301.22,298.24,301.1
1190919,1600,301.53,302.63,300.71,301.08
1190920,1600,300.36,300.67,297.41,298.28
1190923,1600,297.55,299.0,297.27,298.21
1190924,1600,299.41,299.84,294.81,295.87
1190925,1600,295.96,298.11,294.33,297.62
1190926,1600,297.63,297.86,295.45,297.0
1190927,1600,297.83,297.95,293.69,295.4
1190930,1600,295.97,297.55,295.92,296.77
1191001,1600,297.74,298.46,293.0,293.24
1191002,1600,291.5,291.51,286.64,288.06
1191003,1600,287.81,290.45,284.82,290.42
1191004,1600,291.14,294.63,291.08,294.35
1191007,1600,293.47,295.26,292.77,293.08
1191008,1600,291.04,291.85,288.49,288.53
1191009,1600,290.75,292.3,290.06,291.27
1191010,1600,291.18,294.21,291.0,293.24
1191011,1600,296.27,298.74,296.14,296.28
1191014,1600,295.93,296.67,295.57,295.95
1191015,1600,297.1,299.7,296.97,298.88
1191016,1600,298.37,299.16,297.92,298.4
1191017,1600,299.68,300.24,298.52,299.28
1191018,1600,298.69,299.4,297.03,297.97
1191021,1600,299.42,300.21,298.94,299.99
1191022,1600,300.58,300.9,298.91,299.01
1191023,1600,298.73,299.94,298.5,299.88
1191024,1600,300.91,301.07,299.46,300.37
1191025,1600,299.74,302.2,299.68,301.6
1191028,1600,302.94,303.85,302.91,303.3
1191029,1600,303.0,304.23,302.86,303.21
1191030,1600,303.43,304.55,301.99,304.14
1191031,1600,304.13,304.13,301.73,303.33
1191101,1600,304.92,306.19,304.74,306.14
1191104,1600,307.85,308.0,306.96,307.37
1191105,1600,307.59,307.92,306.71,307.03
1191106,1600,307.03,307.4,306.06,307.1
1191107,1600,308.57,309.65,307.66,308.18
1191108,1600,307.8,309.0,307.03,308.94
1191111,1600,307.42,308.54,307.27,308.35
1191112,1600,308.75,309.99,308.15,309.0
1191113,1600,307.91,309.54,307.66,309.1
1191114,1600,308.79,309.64,308.09,309.55
1191115,1600,311.02,311.84,310.26,311.79
1191118,1600,311.53,312.28,311.03,312.02
1191119,1600,312.68,312.69,311.22,311.93
1191120,1600,311.28,311.85,309.06,310.77
1191121,1600,310.89,311.01,309.39,310.27
1191122,1600,311.09,311.24,309.85,310.96
1191125,1600,311.98,313.37,311.98,313.37
1191126,1600,313.41,314.28,313.06,314.08
1191127,1600,314.61,315.48,314.37,315.48
1191129,1600,314.86,315.13,314.06,314.31
1191202,1600,314.59,314.66,311.17,311.64
1191203,1600,308.65,309.64,307.13,309.55
1191204,1600,310.7,312.12,310.32,311.46
1191205,1600,312.23,312.25,310.58,312.02
1191206,1600,314.12,315.31,314.11,314.87
1191209,1600,314.44,315.18,313.8,313.88
1191210,1600,313.82,314.55,312.81,313.53
1191211,1600,314.03,314.7,313.44,314.42
1191212,1600,314.43,317.99,314.17,317.13
1191213,1600,316.87,318.67,316.02,317.32
1191216,1600,319.22,320.15,317.25,319.5
1191217,1600,319.92,320.25,319.48,319.57
1191218,1600,320.0,320.25,319.53,319.59
1191219,1600,319.8,320.98,319.52,320.9
1191220,1600,320.46,321.97,319.39,320.73
1191223,1600,321.59,321.65,321.06,321.22
1191224,1600,321.47,321.52,320.9,321.23
1191226,1600,321.65,322.95,321.64,322.94
1191227,1600,323.74,323.8,322.28,322.86
1191230,1600,322.95,323.1,320.55,321.08
1191231,1600,320.53,322.13,320.15,321.86
1200102,1600,323.54,324.89,322.53,324.87
1200103,1600,321.16,323.64,321.1,322.41
1200106,1600,320.49,323.73,320.36,323.64
1200107,1600,323.02,323.54,322.24,322.73
1200108,1600,322.94,325.78,322.67,324.45
1200109,1600,326.16,326.73,325.52,326.65
1200110,1600,327.29,327.46,325.2,325.71
1200113,1600,326.39,327.96,325.92,327.95
1200114,1600,327.47,328.62,326.84,327.45
1200115,1600,327.35,329.02,327.26,328.19
1200116,1600,329.7,330.92,329.45,330.92
1200117,1600,331.7,332.18,330.85,331.95
1200121,1600,330.9,332.18,330.82,331.3
1200122,1600,332.24,332.95,331.17,331.34
1200123,1600,330.63,332.17,329.41,331.72
1200124,1600,332.44,332.53,327.36,328.77
1200127,1600,323.03,325.12,322.66,323.5
1200128,1600,325.06,327.85,323.6,326.89
1200129,1600,328.38,328.63,326.4,326.62
1200130,1600,324.36,327.91,323.54,327.68
1200131,1600,327.0,327.17,320.73,321.73
1200203,1600,323.35,326.16,323.22,324.12
1200204,1600,328.07,330.01,327.72,329.06
1200205,1600,332.27,333.09,330.67,332.86
1200206,1600,333.91,334.19,332.8,333.98
1200207,1600,332.82,333.99,331.6,332.2
1200210,1600,331.23,334.75,331.19,334.68
1200211,1600,336.16,337.02,334.68,335.26
1200212,1600,336.83,337.65,336.43,337.42
1200213,1600,335.86,338.12,335.56,337.06
1200214,1600,337.51,337.73,336.2,337.6
1200218,1600,336.51,337.67,335.21,336.73
1200219,1600,337.79,339.08,337.48,338.34
1200220,1600,337.74,338.64,333.68,336.95
1200221,1600,335.47,335.81,332.58,333.48
1200224,1600,323.14,333.56,321.24,322.42
1200225,1600,323.94,324.61,311.69,312.65
1200226,1600,314.18,318.11,310.7,311.5
1200227,1600,305.46,311.56,297.51,297.51
1200228,1600,288.7,297.89,285.54,296.26
1200302,1600,298.21,309.16,294.46,309.09
1200303,1600,309.5,313.84,297.57,300.24
1200304,1600,306.12,313.1,303.33,312.86
1200305,1600,304.98,308.47,300.01,302.46
1200306,1600,293.15,298.78,290.23,297.46
1200309,1600,275.3,284.19,273.45,274.23
1200310,1600,284.64,288.52,273.5,288.42
1200311,1600,280.7,281.94,270.88,274.36
1200312,1600,256.0,266.66,247.68,248.11
1200313,1600,263.09,271.48,248.52,269.32
1200316,1600,241.18,256.9,237.36,239.85
1200317,1600,245.04,256.17,237.07,252.8
1200318,1600,236.25,248.37,228.02,240.0
1200319,1600,239.25,247.38,232.22,240.51
1200320,1600,242.53,244.47,228.5,228.8
1200323,1600,228.19,229.68,218.26,222.95
1200324,1600,234.42,244.1,233.8,243.15
1200325,1600,244.87,256.35,239.75,246.79
1200326,1600,249.52,262.8,249.05,261.2
1200327,1600,253.27,260.81,251.05,253.42
1200330,1600,255.7,262.43,253.53,261.65
1200331,1600,260.56,263.33,256.22,257.75
1200401,1600,247.98,257.66,243.9,246.15
1200402,1600,245.19,252.68,244.59,251.83
1200403,1600,250.76,253.32,245.22,248.19
1200406,1600,257.84,267.0,248.17,264.86
1200407,1600,274.21,275.03,264.89,265.13
1200408,1600,267.96,276.0,265.25,274.03
1200409,1600,277.58,281.2,275.47,278.2
1200413,1600,277.14,277.51,271.41,275.66
1200414,1600,280.98,284.9,275.51,283.79
1200415,1600,277.57,283.94,275.46,277.76
1200416,1600,279.15,280.03,275.76,279.1
1200417,1600,285.38,287.3,282.4,286.64
1200420,1600,282.61,286.79,281.35,281.59
1200421,1600,276.73,278.04,272.02,273.04
1200422,1600,278.35,281.0,276.91,279.1
1200423,1600,280.49,283.94,278.75,279.08
1200424,1600,280.73,283.7,278.5,282.97
1200427,1600,285.12,288.27,284.62,287.05
1200428,1600,291.02,291.4,285.4,285.73
1200429,1600,291.53,294.88,290.41,293.21
1200430,1600,291.71,293.32,288.59,290.48
1200501,1600,285.31,290.66,281.52,282.79
1200504,1600,280.74,283.9,279.13,283.57
1200505,1600,286.64,289.25,283.71,286.19
1200506,1600,288.04,288.46,283.78,284.25
1200507,1600,287.75,289.78,287.13,287.68
1200508,1600,291.09,292.95,289.86,292.44
1200511,1600,290.34,294.0,289.88,292.5
1200512,1600,293.79,294.24,286.52,286.67
1200513,1600,286.06,287.19,278.96,281.6
1200514,1600,278.95,285.11,272.99,284.97
1200515,1600,282.37,286.33,281.34,286.28
1200518,1600,293.05,296.75,292.7,295.0
1200519,1600,294.35,296.21,291.95,291.97
1200520,1600,295.82,297.87,295.57,296.93
1200521,1600,296.79,297.67,293.69,294.88
1200522,1600,294.57,295.63,293.22,295.44
1200526,1600,301.93,302.19,295.46,299.08
1200527,1600,302.12,303.57,296.87,303.53
1200528,1600,304.65,306.84,302.24,302.97
1200529,1600,302.46,304.96,299.47,304.32
1200601,1600,303.62,306.21,303.06,305.55
1200602,1600,306.55,308.13,305.1,308.08
1200603,1600,310.24,313.22,309.94,312.18
1200604,1600,311.11,313.0,309.08,311.36
1200605,1600,317.23,321.27,317.16,319.34
1200608,1600,320.22,323.41,319.63,323.2
1200609,1600,320.3,323.28,319.36,320.79
1200610,1600,321.42,322.39,318.22,319.0
1200611,1600,311.46,312.15,300.01,300.61
1200612,1600,308.24,309.08,298.6,304.21
1200615,1600,298.02,308.28,296.74,307.05
1200616,1600,315.48,315.64,307.67,312.96
1200617,1600,314.07,314.39,310.86,311.66
1200618,1600,310.01,312.3,309.51,311.78
1200619,1600,314.17,314.38,306.53,308.64
1200622,1600,307.99,311.05,306.75,310.62
1200623,1600,313.49,314.5,311.61,312.05
1200624,1600,309.84,310.51,302.1,304.09
1200625,1600,303.47,307.64,301.28,307.35
1200626,1600,306.16,306.39,299.42,300.05
1200629,1600,301.41,304.61,298.93,304.46
1200630,1600,303.99,310.2,303.82,308.36
1200701,1600,309.57,311.89,309.07,310.52
1200702,1600,314.24,315.7,311.51,312.23
1200706,1600,316.37,317.68,315.56,317.05
1200707,1600,315.38,317.52,313.37,313.78
1200708,1600,314.61,316.3,312.7,316.18
1200709,1600,316.84,317.1,310.68,314.38
1200710,1600,314.31,317.88,312.76,317.59
1200713,1600,320.13,322.71,314.13,314.84
1200714,1600,313.3,319.76,312.0,318.92
1200715,1600,322.41,323.04,319.27,321.85
1200716,1600,319.79,321.28,319.09,320.79
1200717,1600,321.88,322.57,319.74,321.72
1200720,1600,321.43,325.13,320.62,324.32
1200721,1600,326.45,326.93,323.94,325.01
1200722,1600,324.62,327.2,324.5,326.86
1200723,1600,326.47,327.23,321.48,322.96
1200724,1600,320.95,321.99,319.25,320.88
1200727,1600,321.63,323.41,320.77,323.22
1200728,1600,322.43,323.64,320.85,321.17
1200729,1600,322.12,325.73,322.08,325.12
1200730,1600,321.9,324.41,319.64,323.96
1200731,1600,325.9,326.63,321.33,326.52
1200803,1600,328.32,329.62,327.73,328.79
1200804,1600,327.86,330.06,327.86,330.06
1200805,1600,331.47,332.39,331.18,332.11
1200806,1600,331.48,334.46,331.13,334.33
1200807,1600,333.28,334.88,332.3,334.57
1200810,1600,335.06,335.77,332.96,335.57
1200811,1600,336.85,337.54,332.01,332.8
1200812,1600,335.44,338.28,335.41,337.44
1200813,1600,336.61,338.25,335.83,336.83
1200814,1600,336.41,337.42,335.62,336.84
1200817,1600,337.94,338.34,336.85,337.91
1200818,1600,338.34,339.1,336.61,338.64
1200819,1600,339.05,339.61,336.62,337.23
1200820,1600,335.36,338.8,335.22,338.28
1200821,1600,337.92,339.72,337.55,339.48
1200824,1600,342.12,343.0,339.45,342.92
1200825,1600,343.53,344.21,342.27,344.12
1200826,1600,344.76,347.86,344.17,347.57
1200827,1600,348.51,349.9,346.53,348.33
1200828,1600,349.44,350.72,348.15,350.58
1200831,1600,350.35,351.3,349.06,349.31
1200901,1600,350.21,352.71,349.24,352.6
1200902,1600,354.67,358.75,353.43,357.7
1200903,1600,355.87,356.38,342.59,345.39
1200904,1600,346.13,347.83,334.87,342.57
1200908,1600,336.71,342.64,332.88,333.21
1200909,1600,337.55,342.46,336.61,339.79
1200910,1600,341.82,342.53,332.85,333.89
1200911,1600,335.82,336.97,331.0,334.06
1200914,1600,337.49,340.38,334.22,338.46
1200915,1600,341.12,342.02,338.47,340.17
1200916,1600,341.51,343.06,338.52,338.82
1200917,1600,333.56,337.7,332.99,335.84
1200918,1600,335.37,335.49,327.97,330.65
1200921,1600,325.7,327.13,321.73,326.97
1200922,1600,328.57,330.9,325.86,330.3
1200923,1600,330.9,331.2,322.1,322.64
1200924,1600,321.22,326.8,319.8,323.5
1200925,1600,322.58,329.58,321.64,328.73
1200928,1600,333.22,334.96,332.15,334.19
1200929,1600,333.97,334.77,331.62,332.37
1200930,1600,333.09,338.29,332.88,334.89
1201001,1600,337.69,338.74,335.01,337.04
1201002,1600,331.7,337.01,331.19,333.84
1201005,1600,336.06,339.96,336.01,339.76
1201006,1600,339.91,342.17,334.38,334.93
1201007,1600,338.12,341.63,338.09,340.76
1201008,1600,342.85,343.85,341.86,343.78
1201009,1600,345.56,347.35,344.89,346.85
1201012,1600,349.59,354.02,349.06,352.43
1201013,1600,352.28,352.47,349.09,350.13
1201014,1600,350.75,351.93,347.14,347.93
1201015,1600,343.71,348.02,343.13,347.5
1201016,1600,348.96,350.75,347.1,347.29
1201019,1600,348.65,349.33,341.04,342.01
1201020,1600,343.46,346.88,342.64,343.38
1201021,1600,343.33,345.67,342.4,342.73
1201022,1600,342.96,345.24,340.65,344.61
1201023,1600,345.93,345.99,343.13,345.78
1201026,1600,342.13,342.98,335.62,339.39
1201027,1600,339.76,340.12,337.99,338.22
1201028,1600,332.1,338.25,326.13,326.66
1201029,1600,326.91,333.4,325.09,329.98
1201030,1600,328.28,329.69,322.6,326.54
1201102,1600,330.2,332.36,327.24,330.2
1201103,1600,333.69,338.25,330.29,336.03
1201104,1600,340.86,347.94,339.59,343.54
1201105,1600,349.24,352.19,348.86,350.24
1201106,1600,349.93,351.51,347.65,350.16
1201109,1600,363.97,364.38,354.06,354.56
1201110,1600,353.49,355.18,350.51,354.04
1201111,1600,356.4,357.56,355.06,356.67
1201112,1600,355.58,356.72,351.26,353.21
1201113,1600,355.27,358.9,354.71,358.1
1201116,1600,360.98,362.78,359.59,362.57
1201117,1600,359.97,361.92,358.34,360.62
1201118,1600,360.91,361.5,356.24,356.28
1201119,1600,355.6,358.18,354.15,357.78
1201120,1600,357.5,357.72,355.25,355.33
1201123,1600,357.28,358.82,354.87,357.46
1201124,1600,360.21,363.81,359.29,363.22
1201125,1600,363.13,363.16,361.48,362.66
1201127,1600,363.84,364.18,362.58,363.67
1201130,1600,362.83,363.12,359.17,362.06
1201201,1600,365.57,367.68,364.93,366.02
1201202,1600,364.82,366.96,364.2,366.79
1201203,1600,366.68,368.19,365.5,366.69
1201204,1600,367.32,369.85,367.22,369.85
1201207,1600,369.02,369.62,367.72,369.09
1201208,1600,367.72,370.78,367.67,370.17
1201209,1600,370.88,371.05,365.95,366.85
1201210,1600,365.37,367.86,364.43,366.73
1201211,1600,364.9,366.74,363.26,366.3
1201214,1600,368.64,369.8,364.47,364.66
1201215,1600,367.4,369.59,365.92,369.59
1201216,1600,369.82,371.16,368.87,370.17
1201217,1600,371.94,372.46,371.05,372.24
1201218,1600,370.97,371.15,367.02,369.18
1201221,1600,364.97,378.46,362.03,367.86
1201222,1600,368.21,368.33,366.03,367.24
1201223,1600,368.28,369.62,367.22,367.57
1201224,1600,368.08,369.03,367.45,369.0
1201228,1600,371.74,372.59,371.07,372.17
1201229,1600,373.81,374.0,370.83,371.46
1201230,1600,372.34,373.1,371.57,371.99
1201231,1600,371.78,374.66,371.23,373.88
1210104,1600,375.31,375.45,364.82,368.79
1210105,1600,368.1,372.5,368.05,371.33
1210106,1600,369.71,376.98,369.12,373.55
1210107,1600,376.1,379.9,375.91,379.1
1210108,1600,380.59,381.49,377.1,381.26
1210111,1600,377.85,380.58,377.72,378.69
1210112,1600,378.89,379.86,376.36,378.77
1210113,1600,378.69,380.86,377.85,379.79
1210114,1600,380.59,381.13,378.1,378.46
1210115,1600,376.72,377.58,373.7,375.7
1210119,1600,378.34,379.23,376.75,378.65
1210120,1600,381.11,384.79,380.69,383.89
1210121,1600,384.49,384.95,383.25,384.24
1210122,1600,382.25,384.13,381.84,382.88
1210125,1600,383.67,384.77,378.46,384.39
1210126,1600,385.41,385.85,383.54,383.79
1210127,1600,380.22,380.32,372.01,374.41
1210128,1600,376.36,381.93,375.89,377.63
1210129,1600,375.63,376.67,368.27,370.07
1210201,1600,373.72,377.34,370.38,376.23
1210202,1600,379.65,383.22,376.32,381.55
1210203,1600,382.44,383.7,380.48,381.85
1210204,1600,382.96,386.24,381.97,386.19
1210205,1600,388.2,388.47,386.14,387.71
1210208,1600,389.27,390.56,388.35,390.51
1210209,1600,389.61,390.89,389.17,390.25
1210210,1600,392.12,392.28,387.5,390.08
1210211,1600,391.24,391.69,388.1,390.71
1210212,1600,389.85,392.9,389.77,392.64
1210216,1600,393.96,394.17,391.53,392.3
1210217,1600,390.42,392.66,389.33,392.39
1210218,1600,389.59,391.52,387.74,390.72
1210219,1600,392.07,392.38,389.55,390.03
1210222,1600,387.06,389.62,386.74,387.03
1210223,1600,384.66,388.95,380.2,387.5
1210224,1600,386.33,392.23,385.27,391.77
1210225,1600,390.41,391.88,380.78,382.33
1210226,1600,384.35,385.58,378.23,380.36
1210301,1600,385.59,390.92,380.57,389.58
1210302,1600,389.82,390.07,386.0,386.54
1210303,1600,385.79,386.83,381.31,381.42
1210304,1600,381.22,384.0,371.88,376.7
1210305,1600,380.46,384.76,372.64,383.63
1210308,1600,384.66,387.68,381.42,381.72
1210309,1600,385.85,389.91,385.31,387.17
1210310,1600,389.69,391.4,388.17,389.58
1210311,1600,392.23,395.65,391.74,393.53
1210312,1600,392.07,394.21,391.2,394.06
1210315,1600,394.33,396.69,392.03,396.41
1210316,1600,397.07,397.83,395.08,395.91
1210317,1600,394.53,398.12,393.3,397.26
1210318,1600,394.48,396.72,390.75,391.48
1210319,1600,389.88,391.57,387.15,389.48
1210322,1600,390.03,394.07,389.97,392.59
1210323,1600,391.91,393.46,388.66,389.5
1210324,1600,391.0,392.75,387.47,387.52
1210325,1600,385.98,390.55,383.9,389.7
1210326,1600,390.93,396.41,390.29,395.98
1210329,1600,394.4,396.75,392.81,395.78
1210330,1600,394.42,395.45,393.02,394.73
1210331,1600,395.34,398.0,395.31,396.33
1210401,1600,398.4,400.67,398.18,400.61
1210405,1600,403.46,406.94,403.38,406.36
1210406,1600,405.76,407.24,405.4,406.12
1210407,1600,405.94,406.96,405.45,406.59
1210408,1600,407.93,408.58,406.93,408.52
1210409,1600,408.39,411.67,408.26,411.49
1210412,1600,410.85,411.93,410.2,411.64
1210413,1600,411.53,413.53,411.12,412.86
1210414,1600,412.83,413.96,410.87,411.45
1210415,1600,413.74,416.16,413.69,415.87
1210416,1600,417.25,417.91,415.73,417.26
1210419,1600,416.26,416.74,413.79,415.21
1210420,1600,413.91,415.09,410.59,412.17
1210421,1600,411.51,416.29,411.36,416.07
1210422,1600,415.89,416.78,411.13,412.27
1210423,1600,412.87,418.25,412.79,416.74
1210426,1600,417.44,418.22,416.81,417.61
1210427,1600,417.93,418.14,416.3,417.52
1210428,1600,417.81,419.01,416.9,417.4
1210429,1600,420.32,420.72,416.44,420.06
1210430,1600,417.63,418.54,416.34,417.3
1210503,1600,419.43,419.84,417.67,418.2
1210504,1600,416.07,416.6,411.67,415.62
1210505,1600,417.38,417.63,415.15,415.75
1210506,1600,415.83,419.21,413.68,419.07
1210507,1600,419.89,422.82,419.16,422.12
1210510,1600,422.5,422.74,417.81,417.94
1210511,1600,413.1,415.27,410.06,414.21
1210512,1600,411.23,412.59,404.0,405.41
1210513,1600,407.07,412.35,407.02,410.28
1210514,1600,413.21,417.49,413.18,416.58
1210517,1600,415.39,416.39,413.36,415.52
1210518,1600,415.8,416.06,411.77,411.94
1210519,1600,406.92,411.05,405.33,410.86
1210520,1600,411.8,416.63,411.67,415.28
1210521,1600,416.87,418.2,414.45,414.94
1210524,1600,417.34,420.32,417.08,419.17
1210525,1600,420.33,420.71,417.62,418.24
1210526,1600,418.87,419.61,417.76,419.07
1210527,1600,420.17,420.72,418.99,419.29
1210528,1600,420.97,421.25,419.79,420.04
1210601,1600,422.57,422.72,419.2,419.67
1210602,1600,420.37,421.23,419.29,420.33
1210603,1600,417.85,419.99,416.28,418.77
1210604,1600,420.75,422.92,418.84,422.6
1210607,1600,422.59,422.78,421.19,422.19
1210608,1600,423.11,423.21,420.32,422.28
1210609,1600,423.18,423.26,421.41,421.65
1210610,1600,422.96,424.63,421.55,423.61
1210611,1600,424.2,424.43,422.82,424.31
1210614,1600,424.43,425.37,423.1,425.26
1210615,1600,425.42,425.46,423.54,424.48
1210616,1600,424.63,424.87,419.92,422.11
1210617,1600,421.67,423.02,419.32,421.97
1210618,1600,417.09,417.83,414.7,414.92
1210621,1600,416.8,421.06,415.93,420.86
1210622,1600,420.85,424.0,420.08,423.11
1210623,1600,423.19,424.05,422.51,422.6
1210624,1600,424.89,425.55,424.62,425.1
1210625,1600,425.9,427.09,425.55,426.61
1210628,1600,427.17,427.65,425.89,427.47
1210629,1600,427.88,428.56,427.13,427.7
1210630,1600,427.21,428.78,427.18,428.06
1210701,1600,428.87,430.6,428.8,430.43
1210702,1600,431.67,434.1,430.52,433.72
1210706,1600,433.78,434.01,430.01,432.93
1210707,1600,433.66,434.76,431.51,434.46
1210708,1600,428.78,431.73,427.52,430.92
1210709,1600,432.53,435.84,430.71,435.52
1210712,1600,435.43,437.35,434.97,437.08
1210713,1600,436.24,437.84,435.31,435.59
1210714,1600,437.4,437.92,434.91,436.24
1210715,1600,434.81,435.53,432.72,434.75
1210716,1600,436.01,436.06,430.92,431.34
1210719,1600,426.19,431.41,421.97,424.97
1210720,1600,425.68,432.42,424.83,431.06
1210721,1600,432.34,434.7,431.01,434.55
1210722,1600,434.74,435.72,433.69,435.46
1210723,1600,437.52,440.3,436.79,439.94
1210726,1600,439.31,441.03,439.26,441.02
1210727,1600,439.91,439.94,435.99,439.01
1210728,1600,439.68,440.3,437.31,438.83
1210729,1600,439.82,441.8,439.81,440.65
1210730,1600,437.91,440.06,437.77,438.51
1210802,1600,440.34,440.93,437.21,437.59
1210803,1600,438.44,441.28,436.1,441.15
1210804,1600,439.78,441.12,438.73,438.98
1210805,1600,440.22,441.85,439.88,441.76
1210806,1600,442.1,442.94,441.8,442.49
1210809,1600,442.46,442.8,441.31,442.13
1210810,1600,442.61,443.44,441.88,442.68
1210811,1600,443.82,443.88,442.62,443.78
1210812,1600,443.62,445.26,442.66,445.11
1210813,1600,445.59,445.94,445.07,445.92
1210816,1600,444.53,447.11,442.87,446.97
1210817,1600,444.24,444.96,440.85,444.04
1210818,1600,442.96,444.63,438.92,439.18
1210819,1600,436.27,441.14,436.12,439.86
1210820,1600,440.23,443.71,439.71,443.36
1210823,1600,445.16,448.23,443.44,447.26
1210824,1600,447.97,448.54,447.42,447.97
1210825,1600,448.17,449.46,447.77,448.91
1210826,1600,448.61,448.86,446.16,446.26
1210827,1600,447.12,450.65,447.06,450.25
1210830,1600,450.97,453.07,450.71,452.23
1210831,1600,452.13,452.49,450.92,451.56
1210901,1600,452.56,453.11,451.55,451.8
1210902,1600,453.32,454.05,451.91,453.19
1210903,1600,451.98,453.63,451.55,453.08
1210907,1600,452.71,452.81,450.74,451.46
1210908,1600,450.89,451.67,448.86,450.91
1210909,1600,450.7,452.57,448.72,448.98
1210910,1600,451.04,451.49,445.31,445.44
1210913,1600,448.64,448.92,444.11,446.58
1210914,1600,448.12,448.34,443.22,444.17
1210915,1600,444.62,448.41,443.44,447.88
1210916,1600,447.32,448.36,444.02,447.17
1210917,1600,444.92,445.37,441.02,441.4
1210920,1600,434.88,436.56,428.86,434.04
1210921,1600,436.53,437.91,433.07,433.63
1210922,1600,436.05,440.03,433.75,437.86
1210923,1600,439.85,444.89,439.6,443.18
1210924,1600,441.44,444.67,441.21,443.91
1210927,1600,442.81,444.05,441.9,442.64
1210928,1600,439.69,440.04,432.94,433.72
1210929,1600,435.19,437.04,433.85,434.45
1210930,1600,436.02,436.77,428.78,429.14
1211001,1600,430.98,436.03,427.23,434.24
1211004,1600,433.0,433.96,426.36,428.64
1211005,1600,430.24,435.49,429.39,433.1
1211006,1600,429.27,435.12,427.54,434.9
1211007,1600,438.39,441.68,438.2,438.66
1211008,1600,439.48,439.89,437.19,437.86
1211011,1600,437.16,440.26,434.62,434.69
1211012,1600,435.67,436.1,432.78,433.62
1211013,1600,434.71,436.05,431.54,435.18
1211014,1600,439.08,442.66,438.58,442.5
1211015,1600,444.75,446.26,444.09,445.87
1211018,1600,443.97,447.55,443.27,447.19
1211019,1600,448.92,450.71,448.27,450.64
1211020,1600,451.13,452.73,451.01,452.41
1211021,1600,451.77,453.83,451.31,453.59
1211022,1600,453.13,454.67,451.05,453.12
1211025,1600,454.28,455.9,452.39,455.55
1211026,1600,457.2,458.49,455.56,455.96
1211027,1600,456.45,457.16,453.86,453.94
1211028,1600,455.46,458.4,455.45,458.32
1211029,1600,455.87,459.56,455.56,459.25
1211101,1600,460.3,460.7,458.2,460.04
1211102,1600,460.22,462.23,460.08,461.9
1211103,1600,461.3,465.15,460.83,464.72
1211104,1600,465.36,467.0,464.99,466.91
1211105,1600,469.28,470.65,466.92,468.53
1211108,1600,469.7,470.23,468.2,468.93
1211109,1600,469.32,469.57,465.88,467.38
1211110,1600,465.58,467.38,462.04,463.62
1211111,1600,465.21,465.29,463.75,463.77
1211112,1600,465.12,467.86,464.11,467.27
1211115,1600,468.64,468.81,466.23,467.43
1211116,1600,467.15,470.49,467.07,469.28
1211117,1600,469.0,469.19,467.48,468.14
1211118,1600,469.24,470.01,466.34,469.73
1211119,1600,469.61,470.94,468.5,468.89
1211122,1600,470.89,473.54,467.35,467.57
1211123,1600,467.22,469.1,464.45,468.19
1211124,1600,466.06,469.57,465.19,469.44
1211126,1600,462.34,463.9,457.77,458.97
1211129,1600,464.07,466.56,461.73,464.6
1211130,1600,462.0,464.03,455.3,455.56
1211201,1600,461.64,464.67,450.29,450.5
1211202,1600,450.73,459.07,450.31,457.4
1211203,1600,459.17,460.3,448.92,453.42
1211206,1600,456.13,460.79,453.56,458.79
1211207,1600,464.41,468.88,458.65,468.28
1211208,1600,468.7,470.0,466.83,469.52
1211209,1600,468.15,469.63,466.14,466.35
1211210,1600,469.23,470.9,466.51,470.74
1211213,1600,470.19,470.56,466.27,466.57
1211214,1600,463.09,465.74,460.25,463.36
1211215,1600,463.42,470.86,460.74,470.6
1211216,1600,472.57,472.87,464.8,466.45
1211217,1600,461.55,464.74,458.06,459.87
1211220,1600,454.48,455.4,451.14,454.98
1211221,1600,458.61,463.21,456.31,463.06
1211222,1600,462.79,467.81,462.58,467.69
1211223,1600,468.75,472.19,468.64,470.6
1211227,1600,472.06,477.31,472.01,477.26
1211228,1600,477.72,478.81,476.06,476.87
1211229,1600,476.98,478.56,475.92,477.48
1211230,1600,477.93,479.0,475.67,476.16
1211231,1600,475.64,476.86,474.67,474.96
1220103,1600,476.3,477.85,473.85,477.71
1220104,1600,479.22,479.98,475.58,477.55
1220105,1600,477.16,477.98,468.28,468.38
1220106,1600,467.89,470.82,465.43,467.94
1220107,1600,467.95,469.2,464.65,466.09
1220110,1600,462.7,465.74,456.6,465.51
1220111,1600,465.23,469.85,462.05,469.75
1220112,1600,471.59,473.2,468.94,471.02
1220113,1600,472.19,472.88,463.44,464.53
1220114,1600,461.19,465.09,459.9,464.72
1220118,1600,459.74,459.96,455.31,456.49
1220119,1600,458.13,459.61,451.46,451.75
1220120,1600,453.75,458.74,444.5,446.75
1220121,1600,445.56,448.06,437.95,437.98
1220124,1600,432.03,440.38,420.76,439.84
1220125,1600,433.06,439.72,427.15,434.47
1220126,1600,440.72,444.04,428.86,433.38
1220127,1600,438.26,441.59,429.45,431.24
1220128,1600,432.68,442.0,427.82,441.95
1220131,1600,441.24,450.28,439.81,449.91
1220201,1600,450.68,453.63,446.94,452.95
1220202,1600,455.5,458.12,453.05,457.35
1220203,1600,450.95,452.97,445.71,446.6
1220204,1600,446.35,452.78,443.83,448.7
1220207,1600,449.51,450.99,445.85,447.26
1220208,1600,446.73,451.92,445.22,450.94
1220209,1600,455.22,457.88,455.01,457.54
1220210,1600,451.34,457.71,447.2,449.32
1220211,1600,449.41,451.61,438.94,440.46
1220214,1600,439.92,441.6,435.34,439.02
1220215,1600,443.73,446.28,443.18,446.1
1220216,1600,443.93,448.06,441.94,446.6
1220217,1600,443.22,446.57,436.42,437.06
1220218,1600,437.33,438.66,431.82,434.23
1220222,1600,431.89,435.5,425.86,429.57
1220223,1600,432.66,433.26,421.35,421.95
1220224,1600,411.02,428.76,410.64,428.3
1220225,1600,429.61,437.84,427.86,437.75
1220228,1600,432.03,438.2,430.7,436.63
1220301,1600,435.04,437.17,427.11,429.98
1220302,1600,432.37,439.72,431.57,437.89
1220303,1600,440.47,441.11,433.8,435.71
1220304,1600,431.75,433.37,427.88,432.17
1220307,1600,431.55,432.3,419.36,419.43
1220308,1600,419.62,427.21,415.12,416.25
1220309,1600,425.14,429.51,422.82,427.41
1220310,1600,422.52,426.43,420.44,425.48
1220311,1600,428.12,428.77,419.53,420.07
1220314,1600,420.89,424.55,415.79,417.0
1220315,1600,419.77,426.84,418.42,426.17
1220316,1600,429.89,435.68,424.8,435.62
1220317,1600,433.59,441.07,433.19,441.07
1220318,1600,438.0,444.86,437.22,444.52
1220321,1600,444.34,446.46,440.68,444.39
1220322,1600,445.86,450.58,445.86,449.59
1220323,1600,446.91,448.49,443.71,443.8
1220324,1600,445.94,450.5,444.76,450.49
1220325,1600,451.16,452.98,448.43,452.69
1220328,1600,452.06,455.91,450.06,455.91
1220329,1600,460.02,462.07,457.18,461.55
1220330,1600,460.34,461.2,456.47,458.7
1220331,1600,457.89,458.76,451.16,451.64
1220401,1600,453.31,453.46,449.14,452.92
1220404,1600,453.13,456.91,452.26,456.8
1220405,1600,455.22,457.83,449.82,451.03
1220406,1600,446.89,448.93,443.47,446.52
1220407,1600,445.59,450.69,443.53,448.77
1220408,1600,447.97,450.63,445.94,447.57
1220411,1600,444.11,445.0,439.39,439.92
1220412,1600,443.08,445.75,436.65,438.29
1220413,1600,438.03,444.11,437.84,443.31
1220414,1600,443.55,444.73,437.68,437.79
1220418,1600,436.81,439.75,435.61,437.97
1220419,1600,437.86,445.8,437.68,445.04
1220420,1600,446.92,447.57,443.48,444.71
1220421,1600,448.54,450.01,437.1,438.06
1220422,1600,436.91,438.08,425.44,426.04
1220425,1600,423.67,428.69,418.84,428.51
1220426,1600,425.83,426.04,416.07,416.1
1220427,1600,417.24,422.92,415.01,417.27
1220428,1600,422.29,429.64,417.6,427.81
1220429,1600,423.59,425.87,411.21,412.0
1220502,1600,412.07,415.92,405.02,414.48
1220503,1600,415.01,418.93,413.36,416.38
1220504,1600,417.08,429.66,413.71,429.06
1220505,1600,424.55,425.0,409.44,413.81
1220506,1600,411.1,414.8,405.73,411.34
1220509,1600,405.1,406.41,396.5,398.17
1220510,1600,404.49,406.08,394.82,399.09
1220511,1600,398.07,404.04,391.96,392.75
1220512,1600,389.37,395.8,385.15,392.34
1220513,1600,396.71,403.18,395.61,401.72
1220516,1600,399.98,403.97,397.6,400.09
1220517,1600,406.53,408.57,402.58,408.32
1220518,1600,403.5,403.8,390.55,391.86
1220519,1600,388.62,394.14,387.11,389.46
1220520,1600,393.25,397.03,380.54,389.63
1220523,1600,392.83,397.73,390.38,396.92
1220524,1600,392.56,395.15,386.96,393.89
1220525,1600,392.31,399.45,391.89,397.37
1220526,1600,398.67,407.04,398.45,405.31
1220527,1600,407.91,415.38,407.7,415.26
1220531,1600,413.55,416.46,410.03,412.93
1220601,1600,415.17,416.24,406.93,409.59
1220602,1600,409.42,417.44,407.04,417.39
1220603,1600,412.4,414.04,409.51,410.54
1220606,1600,414.78,416.61,410.55,411.79
1220607,1600,408.1,416.22,407.61,415.74
1220608,1600,413.93,415.82,410.38,411.22
1220609,1600,409.34,411.74,401.44,401.44
1220610,1600,394.88,395.78,389.75,389.8
1220613,1600,379.85,381.81,373.3,375.0
1220614,1600,376.85,377.94,370.59,373.87
1220615,1600,377.36,383.9,372.12,379.2
1220616,1600,370.51,370.94,364.08,366.65
1220617,1600,365.51,369.38,362.17,365.86
1220621,1600,371.89,376.53,371.81,375.07
1220622,1600,370.62,378.72,370.18,374.39
1220623,1600,376.64,378.83,372.89,378.06
1220624,1600,381.4,390.09,381.37,390.08
1220627,1600,391.05,391.36,387.44,388.59
1220628,1600,390.23,393.16,380.53,380.65
1220629,1600,381.23,382.27,378.42,380.34
1220630,1600,376.24,380.66,372.56,377.25
1220701,1600,376.56,381.7,373.8,381.24
1220705,1600,375.88,381.98,372.9,381.96
1220706,1600,382.11,385.87,379.6,383.25
1220707,1600,385.12,389.83,383.27,388.99
1220708,1600,387.27,390.64,385.66,388.67
1220711,1600,385.85,386.87,383.5,384.23
1220712,1600,383.65,386.16,378.99,380.83
1220713,1600,375.1,381.92,374.66,378.83
1220714,1600,373.61,379.05,371.04,377.91
1220715,1600,382.55,385.25,380.54,385.13
1220718,1600,388.38,389.09,380.66,381.95
1220719,1600,386.08,392.87,385.39,392.27
1220720,1600,392.47,396.26,391.03,394.77
1220721,1600,394.16,398.84,391.63,398.79
1220722,1600,398.92,400.18,392.75,395.09
1220725,1600,395.75,396.47,393.21,395.57
1220726,1600,393.84,394.06,389.95,390.89
1220727,1600,394.36,402.88,394.05,401.04
1220728,1600,401.89,406.8,398.15,406.07
1220729,1600,407.58,413.03,406.77,411.99
1220801,1600,409.15,413.41,408.4,410.77
1220802,1600,409.12,413.0,406.82,408.06
1220803,1600,410.3,415.68,410.0,414.45
1220804,1600,414.37,415.09,412.44,414.17
1220805,1600,409.66,414.15,409.6,413.47
1220808,1600,415.25,417.62,411.83,412.99
1220809,1600,412.22,412.75,410.22,411.35
1220810,1600,418.78,420.14,416.72,419.99
1220811,1600,422.99,424.95,419.21,419.99
1220812,1600,422.03,427.21,421.03,427.1
1220815,1600,424.77,429.41,424.71,428.86
1220816,1600,427.73,431.73,426.88,429.7
1220817,1600,425.91,429.5,424.54,426.65
1220818,1600,426.86,428.61,425.5,427.89
1220819,1600,424.98,425.26,421.22,422.14
1220822,1600,417.05,417.23,412.4,413.35
1220823,1600,412.9,415.42,411.77,412.35
1220824,1600,412.11,415.11,411.39,413.67
1220825,1600,415.24,419.56,414.09,419.51
1220826,1600,419.39,419.96,405.25,405.31
1220829,1600,402.2,405.84,401.2,402.63
1220830,1600,403.85,404.1,396.0,398.21
1220831,1600,399.93,401.24,395.04,395.18
1220901,1600,392.89,396.78,390.04,396.42
1220902,1600,400.28,401.56,390.33,392.24
1220906,1600,393.13,394.12,388.42,390.76
1220907,1600,390.43,398.59,390.2,397.78
1220908,1600,395.39,400.86,394.12,400.38
1220909,1600,402.74,407.51,402.46,406.6
1220912,1600,408.78,411.73,408.46,410.97
1220913,1600,401.83,403.1,391.92,393.1
1220914,1600,394.47,396.2,391.12,394.6
1220915,1600,392.96,395.96,388.78,390.12
1220916,1600,384.14,386.25,382.11,385.56
1220919,1600,382.26,388.55,382.18,388.55
1220920,1600,385.06,386.12,381.2,384.09
1220921,1600,386.11,389.31,377.38,377.39
1220922,1600,376.58,378.3,373.44,374.22
1220923,1600,370.58,370.62,363.29,367.95
1220926,1600,366.41,370.21,363.03,364.31
1220927,1600,368.02,370.4,360.87,363.38
1220928,1600,364.38,372.3,362.6,370.53
1220929,1600,366.81,367.11,359.7,362.79
1220930,1600,361.8,365.91,357.04,357.18
1221003,1600,361.08,368.55,359.21,366.61
1221004,1600,372.4,378.0,366.57,377.97
1221005,1600,373.39,379.46,370.95,377.09
1221006,1600,375.62,378.72,372.68,373.2
1221007,1600,368.97,373.29,360.94,362.79
1221010,1600,363.96,364.21,357.67,360.02
1221011,1600,358.24,363.03,355.71,357.74
1221012,1600,358.17,359.82,356.3,356.56
1221013,1600,349.21,367.51,348.11,365.97
1221014,1600,368.55,370.26,356.96,357.63
1221017,1600,364.01,367.98,357.28,366.82
1221018,1600,375.13,375.45,367.52,371.13
1221019,1600,368.99,371.85,365.55,368.5
1221020,1600,368.03,372.67,364.61,365.41
1221021,1600,365.12,374.8,363.54,374.29
1221024,1600,375.89,380.06,373.11,378.87
1221025,1600,378.79,385.25,378.67,384.92
1221026,1600,381.62,387.58,381.35,382.02
1221027,1600,383.07,385.0,379.33,379.98
1221028,1600,379.87,389.52,379.68,389.02
1221031,1600,386.44,388.4,385.26,386.21
1221101,1600,390.14,390.39,383.29,384.52
1221102,1600,383.9,388.63,374.76,374.87
1221103,1600,371.47,374.2,368.79,371.01
1221104,1600,377.0,378.87,370.0,376.35
1221107,1600,377.71,380.57,375.53,379.95
1221108,1600,381.11,385.12,377.72,382.0
1221109,1600,379.93,381.14,373.61,374.13
1221110,1600,388.05,395.04,385.64,394.69
1221111,1600,395.59,399.35,393.61,398.51
1221114,1600,396.66,400.18,394.83,395.12
1221115,1600,401.15,402.31,394.49,398.49
1221116,1600,396.78,397.78,394.79,395.45
1221117,1600,390.46,394.95,390.14,394.24
1221118,1600,397.74,397.81,393.04,396.03
1221121,1600,394.64,395.82,392.66,394.59
1221122,1600,396.63,400.07,395.15,399.9
1221123,1600,399.55,402.93,399.31,402.42
1221125,1600,401.83,402.91,401.54,402.33
1221128,1600,399.09,400.81,395.11,395.91
1221129,1600,396.05,397.3,393.3,395.23
1221130,1600,395.49,407.68,393.48,407.68
1221201,1600,408.77,410.0,404.75,407.38
1221202,1600,402.25,407.86,402.14,406.91
1221205,1600,403.95,404.93,398.17,399.59
1221206,1600,399.42,399.99,391.64,393.83
1221207,1600,392.94,395.64,391.97,393.16
1221208,1600,395.14,397.36,393.27,396.24
1221209,1600,394.94,397.62,393.15,393.28
1221212,1600,394.11,398.95,393.41,398.95
1221213,1600,410.22,410.49,399.07,401.97
1221214,1600,401.61,405.5,396.31,399.4
1221215,1600,394.3,395.25,387.89,389.63
1221216,1600,385.18,386.58,381.04,383.27
1221219,1600,383.47,383.82,378.28,380.02
1221220,1600,379.23,382.23,377.85,380.54
1221221,1600,383.25,387.41,382.69,386.23
1221222,1600,383.05,386.21,374.77,380.72
1221223,1600,379.65,383.06,378.03,382.91
1221227,1600,382.79,383.15,379.65,381.4
1221228,1600,381.33,383.39,376.42,376.66
1221229,1600,379.63,384.35,379.08,383.44
1221230,1600,380.64,382.58,378.43,382.43
1230103,1600,384.37,386.43,377.83,380.82
1230104,1600,383.18,385.88,380.0,383.76
1230105,1600,381.72,381.84,378.76,379.38
1230106,1600,382.61,389.25,379.41,388.08
1230109,1600,390.37,393.7,387.67,387.86
1230110,1600,387.25,390.65,386.27,390.58
1230111,1600,392.23,395.6,391.38,395.52
1230112,1600,396.67,398.49,392.42,396.96
1230113,1600,393.62,399.1,393.34,398.5
1230117,1600,398.48,400.23,397.06,397.77
1230118,1600,399.01,400.12,391.28,391.49
1230119,1600,389.36,391.08,387.26,388.64
1230120,1600,390.1,396.04,388.38,395.88
1230123,1600,396.72,402.65,395.72,400.63
1230124,1600,398.88,401.15,397.64,400.2
1230125,1600,395.95,400.7,393.56,400.35
1230126,1600,403.13,404.92,400.03,404.75
1230127,1600,403.66,408.16,403.44,405.68
1230130,1600,402.8,405.13,400.28,400.59
1230131,1600,401.13,406.53,400.77,406.48
1230201,1600,405.21,413.67,402.35,410.8
1230202,1600,414.86,418.31,412.88,416.78
1230203,1600,411.59,416.97,411.09,412.35
1230206,1600,409.79,411.29,408.1,409.83
1230207,1600,408.87,416.49,407.57,415.19
1230208,1600,413.13,414.53,409.93,410.65
1230209,1600,414.41,414.57,405.81,407.09
1230210,1600,405.86,408.44,405.01,408.04
1230213,1600,408.72,412.97,408.24,412.83
1230214,1600,411.24,415.05,408.51,412.64
1230215,1600,410.35,414.06,409.47,413.98
1230216,1600,408.79,412.91,408.14,408.28
1230217,1600,406.06,407.51,404.05,407.26
1230221,1600,403.06,404.16,398.82,399.09
1230222,1600,399.52,401.13,397.02,398.54
1230223,1600,401.56,402.2,396.25,400.66
1230224,1600,395.42,397.25,393.64,396.38
1230227,1600,399.87,401.29,396.75,397.73
1230228,1600,397.23,399.28,396.15,396.26
1230301,1600,395.41,396.69,393.38,394.74
1230302,1600,392.68,398.69,392.33,397.81
1230303,1600,399.71,404.45,399.03,404.19
1230306,1600,405.05,407.45,404.01,404.47
1230307,1600,404.42,404.67,397.63,398.27
1230308,1600,398.39,399.71,396.59,398.92
1230309,1600,399.74,401.48,390.53,391.56
1230310,1600,390.99,393.16,384.32,385.91
1230313,1600,381.81,390.39,380.65,385.36
1230314,1600,390.5,393.45,387.05,391.73
1230315,1600,385.89,389.49,383.71,389.28
1230316,1600,386.82,396.47,386.29,396.11
1230317,1600,393.22,394.4,388.55,389.99
1230320,1600,390.8,394.17,390.07,393.74
1230321,1600,397.24,399.41,395.58,398.91
1230322,1600,398.73,402.49,392.07,392.11
1230323,1600,395.09,399.29,390.35,393.17
1230324,1600,391.84,395.84,389.4,395.75
1230327,1600,398.12,398.92,395.56,396.49
1230328,1600,395.77,396.49,393.69,395.6
1230329,1600,399.93,401.6,398.68,401.35
1230330,1600,404.09,404.35,401.76,403.7
1230331,1600,404.66,409.7,404.55,409.39
1230403,1600,408.85,411.37,408.44,410.95
1230404,1600,411.62,411.92,407.24,408.67
1230405,1600,407.91,408.7,405.88,407.6
1230406,1600,406.77,409.48,405.68,409.19
1230410,1600,406.61,409.69,405.97,409.61
1230411,1600,410.26,411.18,408.92,409.72
1230412,1600,411.87,412.17,407.44,408.05
1230413,1600,409.18,413.84,407.99,413.47
1230414,1600,412.81,415.09,410.06,412.46
1230417,1600,412.37,413.96,411.09,413.94
1230418,1600,415.58,415.72,412.78,414.21
1230419,1600,412.22,415.08,412.16,414.14
1230420,1600,411.21,413.7,410.27,411.88
1230421,1600,412.19,412.68,410.17,412.2
1230424,1600,411.99,413.07,410.6,412.63
1230425,1600,410.58,411.16,406.02,406.08
1230426,1600,406.72,407.84,403.78,404.36
1230427,1600,407.0,412.69,406.74,412.41
1230428,1600,411.49,415.94,411.43,415.93
1230501,1600,415.47,417.62,415.27,415.51
1230502,1600,414.77,414.82,407.82,410.84
1230503,1600,411.36,413.87,407.77,408.02
1230504,1600,406.93,407.27,403.74,405.13
1230505,1600,408.91,413.72,408.64,412.63
1230508,1600,412.97,413.24,411.28,412.74
1230509,1600,411.13,412.09,410.69,410.93
1230510,1600,413.88,414.54,408.87,412.85
1230511,1600,411.95,412.43,409.97,412.13
1230512,1600,413.42,413.64,409.07,411.59
1230515,1600,412.22,413.43,410.23,413.01
1230516,1600,411.86,412.82,410.24,410.25
1230517,1600,412.35,415.86,410.64,415.23
1230518,1600,414.9,419.67,414.67,419.23
1230519,1600,420.17,420.72,417.35,418.62
1230522,1600,418.64,420.39,417.35,418.79
1230523,1600,417.08,418.72,413.68,414.09
1230524,1600,412.42,412.82,409.88,411.09
1230525,1600,414.74,416.16,412.41,414.65
1230526,1600,415.33,420.77,415.25,420.02
1230530,1600,422.03,422.58,418.74,420.18
1230531,1600,418.28,419.22,416.22,417.85
1230601,1600,418.09,422.92,416.79,421.82
1230602,1600,424.5,428.74,423.95,427.92
1230605,1600,428.28,429.62,426.37,427.1
1230606,1600,426.67,428.58,425.99,428.03
1230607,1600,428.44,429.62,426.11,426.55
1230608,1600,426.62,429.6,425.82,429.13
1230609,1600,429.96,431.99,428.87,429.9
1230612,1600,430.92,433.88,430.17,433.8
1230613,1600,435.32,437.33,434.63,436.66
1230614,1600,437.01,439.06,433.59,437.18
1230615,1600,436.33,443.9,436.23,442.6
1230616,1600,443.02,443.61,438.97,439.46
1230620,1600,437.45,438.37,435.03,437.18
1230621,1600,436.16,436.99,434.33,434.94
1230622,1600,433.95,436.62,433.6,436.51
1230623,1600,432.93,435.06,432.47,433.21
1230626,1600,432.62,434.61,431.19,431.44
1230627,1600,432.35,436.81,431.88,436.17
1230628,1600,435.05,437.44,434.41,436.39
1230629,1600,435.96,438.28,435.54,438.11
1230630,1600,441.44,444.3,441.11,443.28
1230703,1600,442.92,444.08,442.63,443.79
1230705,1600,441.91,443.89,441.9,443.13
1230706,1600,439.42,440.1,437.06,439.66
1230707,1600,438.63,442.64,438.3,438.55
1230710,1600,438.18,439.84,437.59,439.66
1230711,1600,440.45,442.97,439.44,442.46
1230712,1600,446.39,447.48,444.91,446.02
1230713,1600,447.9,450.38,447.45,449.56
1230714,1600,450.48,451.36,448.49,449.28
1230717,1600,449.13,451.93,449.08,450.84
1230718,1600,450.5,454.86,450.05,454.19
1230719,1600,455.01,456.43,454.11,455.2
1230720,1600,454.17,455.1,451.44,452.18
1230721,1600,453.96,454.17,452.17,452.18
1230724,1600,453.37,455.04,452.3,454.2
1230725,1600,453.92,456.74,453.87,455.44
1230726,1600,454.47,456.99,453.38,455.51
1230727,1600,459.02,459.44,451.55,452.49
1230728,1600,455.88,457.78,452.49,456.92
1230731,1600,457.41,458.16,456.05,457.79
1230801,1600,456.27,457.25,455.49,456.48
1230802,1600,453.25,453.52,449.35,450.13
1230803,1600,448.04,450.79,447.37,448.84
1230804,1600,450.72,452.9,446.27,446.81
1230807,1600,448.71,450.87,447.99,450.71
1230808,1600,448.08,450.7,445.27,448.75
1230809,1600,449.03,449.2,444.96,445.75
1230810,1600,448.19,451.7,444.7,445.91
1230811,1600,443.97,446.7,443.35,445.65
1230814,1600,444.7,448.11,444.38,448.11
1230815,1600,446.27,446.64,442.3,442.89
1230816,1600,442.46,444.18,439.53,439.64
1230817,1600,441.16,441.43,435.75,436.29
1230818,1600,433.37,437.57,433.01,436.5
1230821,1600,437.55,440.11,435.32,439.34
1230822,1600,441.18,441.18,437.57,438.15
1230823,1600,439.25,443.67,439.1,443.03
1230824,1600,444.69,445.22,436.86,436.89
1230825,1600,438.68,441.3,435.0,439.97
1230828,1600,442.24,443.4,439.97,442.76
1230829,1600,442.65,449.45,442.46,449.16
1230830,1600,449.51,451.67,448.78,451.01
1230831,1600,451.65,452.83,450.16,450.35
1230901,1600,453.17,453.67,449.68,451.19
1230905,1600,450.73,451.06,449.17,449.24
1230906,1600,448.4,448.51,443.81,446.22
1230907,1600,443.11,445.55,442.75,444.85
1230908,1600,444.9,447.11,444.53,445.52
1230911,1600,448.24,448.77,446.47,448.45
1230912,1600,446.95,448.53,445.39,445.99
1230913,1600,446.22,447.71,445.08,446.51
1230914,1600,449.07,451.08,447.72,450.36
1230915,1600,447.14,447.48,442.92,443.37
1230918,1600,443.05,444.97,442.56,443.63
1230919,1600,442.68,443.29,439.94,442.71
1230920,1600,444.01,444.44,438.43,438.64
1230921,1600,435.7,435.97,431.23,431.39
1230922,1600,432.45,434.1,429.99,430.42
1230925,1600,429.17,432.27,428.72,432.23
1230926,1600,429.09,429.82,425.02,425.88
1230927,1600,427.09,427.67,422.29,426.05
1230928,1600,425.48,430.25,424.87,428.52
1230929,1600,431.67,431.85,425.91,427.48
1231002,1600,426.62,428.6,424.46,427.31
1231003,1600,425.06,427.37,420.18,421.59
1231004,1600,422.07,425.43,420.56,424.66
1231005,1600,424.36,425.37,421.17,424.5
1231006,1600,421.97,431.13,420.6,429.54
1231009,1600,427.58,432.88,427.01,432.29
1231010,1600,432.94,437.22,432.53,434.54
1231011,1600,435.64,436.58,433.18,436.32
1231012,1600,436.95,437.34,431.23,433.66
1231013,1600,435.21,436.45,429.88,431.5
1231016,1600,433.82,437.14,433.57,436.04
1231017,1600,432.81,438.14,432.45,436.02
1231018,1600,434.19,435.18,429.09,430.21
1231019,1600,430.95,432.82,425.73,426.43
1231020,1600,425.98,426.54,421.08,421.19
1231023,1600,419.61,424.45,417.8,420.46
1231024,1600,422.65,424.82,420.74,423.63
1231025,1600,421.89,421.92,417.02,417.55
1231026,1600,416.45,417.33,411.6,412.55
1231027,1600,414.19,414.6,409.21,410.68
1231030,1600,413.56,416.68,412.22,415.59
1231031,1600,416.18,418.53,414.21,418.2
1231101,1600,419.2,423.5,418.65,422.66
1231102,1600,426.58,430.92,426.56,430.76
1231103,1600,433.14,436.29,433.01,434.69
1231106,1600,435.47,436.15,433.68,435.69
1231107,1600,435.69,437.59,434.51,436.93
1231108,1600,437.55,438.09,434.87,437.25
1231109,1600,438.43,438.47,433.4,433.84
1231110,1600,435.98,440.93,433.83,440.61
1231113,1600,439.23,441.33,438.42,440.19
1231114,1600,446.32,450.06,446.09,448.73
1231115,1600,450.11,451.38,448.8,449.68
1231116,1600,449.22,450.56,448.12,450.23
1231117,1600,450.24,451.42,449.29,450.79
1231120,1600,450.53,455.13,450.52,454.26
1231121,1600,453.18,454.13,451.96,453.27
1231122,1600,454.98,456.38,453.89,455.02
1231124,1600,455.07,455.5,454.73,455.3
1231127,1600,454.65,455.49,454.08,454.48
1231128,1600,454.08,456.27,453.5,454.93
1231129,1600,457.15,458.32,454.2,454.61
1231130,1600,455.48,456.76,453.34,456.4
1231201,1600,455.77,459.65,455.16,459.1
1231204,1600,455.6,459.12,454.34,456.69
1231205,1600,455.26,457.59,454.87,456.6
1231206,1600,458.81,458.84,454.31,454.76
1231207,1600,456.91,458.9,456.29,458.23
1231208,1600,457.46,460.75,457.21,460.2
1231211,1600,459.69,462.17,459.47,461.99
1231212,1600,461.63,464.2,460.6,464.1
1231213,1600,464.49,470.76,464.12,470.5
1231214,1600,472.5,473.73,469.25,472.01
1231215,1600,469.49,470.7,467.43,469.33
1231218,1600,470.98,472.98,469.89,471.97
1231219,1600,472.53,474.92,472.45,474.84
1231220,1600,473.96,475.9,467.82,468.26
1231221,1600,471.33,472.98,468.84,472.7
1231222,1600,473.86,475.38,471.7,473.65
1231226,1600,474.07,476.58,473.99,475.65
1231227,1600,475.44,476.66,474.89,476.51
1231228,1600,476.88,477.55,476.26,476.69
1231229,1600,476.49,477.03,473.3,475.31
1240102,1600,472.16,473.67,470.49,472.65
1240103,1600,470.43,471.19,468.17,468.79
1240104,1600,468.3,470.96,467.05,467.28
1240105,1600,467.49,470.44,466.43,467.92
1240108,1600,468.43,474.75,468.3,474.6
1240109,1600,471.87,474.93,471.35,473.88
1240110,1600,474.16,477.45,473.87,476.56
1240111,1600,477.59,478.12,472.26,476.35
1240112,1600,477.84,478.6,475.23,476.68
1240116,1600,475.26,476.61,473.06,474.93
1240117,1600,471.82,472.79,469.87,472.29
1240118,1600,474.01,477.06,472.42,476.49
1240119,1600,477.65,482.72,476.54,482.43
1240122,1600,484.01,485.22,482.78,483.45
1240123,1600,484.01,485.11,482.89,484.86
1240124,1600,487.81,488.77,484.88,485.39
1240125,1600,487.58,488.31,485.39,488.03
1240126,1600,487.59,489.12,486.54,487.41
1240129,1600,487.73,491.42,487.17,491.27
1240130,1600,490.56,491.62,490.11,490.89
1240131,1600,488.62,489.08,482.86,482.88
1240201,1600,484.63,489.23,483.8,489.2
1240202,1600,489.65,496.05,489.3,494.35
1240205,1600,493.7,494.38,490.23,492.55
1240206,1600,493.52,494.32,492.05,493.98
1240207,1600,496.29,498.53,495.36,498.1
1240208,1600,498.1,498.71,497.26,498.32
1240209,1600,498.84,501.65,498.49,501.2
1240212,1600,501.17,503.5,500.24,500.98
1240213,1600,494.53,497.09,490.72,494.08
1240214,1600,496.79,499.07,494.4,498.57
1240215,1600,499.29,502.2,498.8,502.01
1240216,1600,501.7,502.87,498.75,499.51
1240220,1600,497.72,498.41,494.45,496.76
1240221,1600,495.42,497.37,493.56,497.21
1240222,1600,504.01,508.49,503.02,507.5
1240223,1600,509.27,510.13,507.1,507.85
1240226,1600,508.3,508.75,505.86,505.99
1240227,1600,506.7,507.16,504.75,506.93
1240228,1600,505.33,506.86,504.96,506.26
1240229,1600,508.07,509.74,505.35,508.08
1240301,1600,508.98,513.29,508.56,512.85
1240304,1600,512.03,514.2,512.0,512.3
1240305,1600,510.24,510.7,504.91,507.18
1240306,1600,510.55,512.07,508.42,509.75
1240307,1600,513.14,515.89,509.81,514.81
1240308,1600,515.46,518.22,511.13,511.72
1240311,1600,510.48,511.88,508.5,511.28
1240312,1600,513.45,517.38,510.86,516.78
1240313,1600,517.11,517.29,514.49,515.97
1240314,1600,516.97,517.13,511.82,514.95
1240315,1600,510.21,511.7,508.12,509.83
1240318,1600,514.0,515.48,512.44,512.86
1240319,1600,512.15,516.0,511.12,515.71
1240320,1600,515.77,520.62,515.08,520.48
1240321,1600,523.39,524.11,521.91,522.2
1240322,1600,522.11,522.61,520.97,521.21
1240325,1600,519.8,520.95,519.61,519.77
1240326,1600,521.23,521.58,518.4,518.81
1240327,1600,521.71,523.21,519.49,523.17
1240328,1600,523.21,524.61,522.78,523.07
1240401,1600,523.83,524.38,520.97,522.16
1240402,1600,518.24,518.98,516.48,518.84
1240403,1600,517.72,520.95,517.67,519.41
1240404,1600,523.52,523.87,512.76,513.07
1240405,1600,514.46,520.44,514.01,518.43
1240408,1600,519.15,520.18,517.89,518.72
1240409,1600,520.5,520.75,514.35,519.32
1240410,1600,513.48,516.16,512.09,514.12
1240411,1600,515.68,519.48,512.08,518.0
1240412,1600,514.37,515.82,509.08,510.85
1240415,1600,515.13,515.3,503.58,504.45
1240416,1600,504.94,506.5,502.21,503.53
1240417,1600,506.05,506.22,499.12,500.55
1240418,1600,501.98,504.13,498.56,499.52
1240419,1600,499.44,500.46,493.86,495.16
1240422,1600,497.83,502.38,495.43,499.72
1240423,1600,501.78,506.09,499.53,505.65
1240424,1600,506.56,507.37,503.13,505.41
1240425,1600,499.18,504.27,497.49,503.49
1240426,1600,506.35,509.88,505.7,508.26
1240429,1600,510.09,510.75,507.25,510.06
1240430,1600,508.56,509.56,501.98,501.98
1240501,1600,501.38,508.19,499.87,500.35
1240502,1600,504.15,505.89,499.55,505.03
1240503,1600,511.16,512.55,508.56,511.29
1240506,1600,513.75,516.61,513.3,516.57
1240507,1600,517.56,518.57,516.45,517.14
1240508,1600,515.26,517.74,515.14,517.19
1240509,1600,517.38,520.21,516.71,520.17
1240510,1600,521.81,522.64,519.59,520.84
1240513,1600,522.56,522.67,519.74,520.91
1240514,1600,521.11,523.83,520.56,523.3
1240515,1600,525.83,530.08,525.18,529.78
1240516,1600,529.88,531.52,528.54,528.69
1240517,1600,528.81,529.52,527.32,529.45
1240520,1600,529.57,531.56,529.17,530.06
1240521,1600,529.28,531.52,529.07,531.36
1240522,1600,530.65,531.38,527.6,529.83
1240523,1600,532.96,533.07,524.72,525.96
1240524,1600,527.85,530.27,526.88,529.44
1240528,1600,530.27,530.51,527.11,529.81
1240529,1600,525.68,527.31,525.37,526.1
1240530,1600,524.52,525.2,521.33,522.61
1240531,1600,523.59,527.5,518.36,527.37
1240603,1600,529.02,529.31,522.6,527.8
1240604,1600,526.46,529.15,524.96,528.39
1240605,1600,530.77,534.69,528.73,534.67
1240606,1600,534.98,535.42,532.68,534.66
1240607,1600,533.66,536.89,532.54,534.01
1240610,1600,533.18,535.99,532.57,535.66
1240611,1600,534.07,537.01,532.05,536.95
1240612,1600,541.63,544.12,540.3,541.36
1240613,1600,543.15,543.33,539.59,542.45
1240614,1600,540.88,542.81,539.85,542.78
1240617,1600,542.08,548.53,541.61,547.1
1240618,1600,547.16,548.62,546.73,548.49
1240620,1600,549.44,550.12,545.18,547.0
1240621,1600,544.4,545.65,543.02,544.51
1240624,1600,544.33,546.95,542.62,542.74
1240625,1600,543.99,545.2,542.44,544.83
1240626,1600,543.69,546.24,543.03,545.51
1240627,1600,545.37,546.96,544.61,546.37
1240628,1600,547.16,550.28,542.95,544.22
1240701,1600,545.63,545.88,542.52,545.34
1240702,1600,543.7,549.01,543.65,549.01
1240703,1600,548.69,551.83,548.65,551.46
1240705,1600,551.77,555.05,551.12,554.64
1240708,1600,555.44,556.25,554.19,555.28
1240709,1600,556.26,557.18,555.52,555.82
1240710,1600,557.07,561.67,556.77,561.32
1240711,1600,561.44,562.33,555.83,556.48
1240712,1600,557.63,563.67,557.15,559.99
1240715,1600,562.03,564.84,559.63,561.53
1240716,1600,562.87,565.16,562.1,564.86
1240717,1600,558.8,560.51,556.61,556.94
1240718,1600,558.51,559.52,550.43,552.66
1240719,1600,552.42,554.08,547.91,548.99
1240722,1600,553.0,555.27,551.02,554.65
1240723,1600,554.54,556.74,553.28,553.78
1240724,1600,548.86,549.17,540.29,541.23
1240725,1600,541.35,547.46,537.45,538.41
1240726,1600,542.28,547.19,541.49,544.44
1240729,1600,546.02,547.05,542.72,544.76
1240730,1600,546.26,547.34,538.52,542.0
1240731,1600,548.98,553.5,547.58,550.81
1240801,1600,552.57,554.87,539.43,543.01
1240802,1600,535.75,536.99,528.6,532.9
1240805,1600,511.64,523.58,510.27,517.38
1240806,1600,519.22,529.75,517.87,522.15
1240807,1600,528.47,531.59,518.05,518.66
1240808,1600,523.91,531.29,521.84,530.65
1240809,1600,529.81,534.51,528.56,532.99
1240812,1600,534.21,535.73,530.95,533.27
1240813,1600,536.53,542.28,536.28,542.04
1240814,1600,542.85,544.96,540.12,543.75
1240815,1600,549.5,553.36,548.88,553.07
1240816,1600,551.42,555.02,551.26,554.31
1240819,1600,554.73,559.61,553.86,559.61
1240820,1600,559.15,560.84,557.33,558.7
1240821,1600,559.77,562.11,554.73,560.62
1240822,1600,562.56,563.18,554.98,556.22
1240823,1600,559.53,563.09,557.29,562.13
1240826,1600,563.18,563.91,559.05,560.79
1240827,1600,559.49,562.06,558.32,561.56
1240828,1600,561.21,561.65,555.04,558.3
1240829,1600,560.31,563.68,557.18,558.35
1240830,1600,560.77,564.2,557.14,563.68
1240903,1600,560.47,560.81,549.51,552.08
1240904,1600,550.2,554.43,549.46,550.95
1240905,1600,550.89,553.8,547.1,549.61
1240906,1600,549.94,551.6,539.44,540.36
1240909,1600,544.65,547.71,542.68,546.41
1240910,1600,548.36,549.15,543.38,548.79
1240911,1600,548.7,555.36,539.96,554.42
1240912,1600,555.01,559.4,552.74,559.09
1240913,1600,559.71,563.03,559.45,562.01
1240916,1600,561.74,563.11,559.9,562.84
1240917,1600,565.1,566.58,560.79,563.07
1240918,1600,563.74,568.69,560.83,561.4
1240919,1600,571.01,572.88,568.08,570.98
1240920,1600,567.84,569.31,565.17,568.25
1240923,1600,569.34,570.33,568.1,569.67
1240924,1600,570.48,571.36,567.6,571.3
1240925,1600,571.14,571.89,568.91,570.04
1240926,1600,574.38,574.71,569.9,572.3
1240927,1600,573.39,574.22,570.42,571.47
1240930,1600,570.42,574.38,568.08,573.76
1241001,1600,573.4,574.06,566.0,568.62
1241002,1600,567.71,569.9,565.27,568.86
1241003,1600,567.36,569.8,565.49,567.82
1241004,1600,572.35,573.36,568.1,572.98
1241007,1600,571.3,571.96,566.63,567.8
1241008,1600,570.42,573.78,569.53,573.17
1241009,1600,573.16,577.71,572.55,577.14
1241010,1600,575.77,577.58,574.49,576.13
1241011,1600,576.05,580.33,575.91,579.58
1241014,1600,581.22,585.27,580.73,584.32
1241015,1600,584.59,584.9,578.54,579.78
1241016,1600,579.78,582.83,578.96,582.3
1241017,1600,585.91,586.12,582.16,582.35
1241018,1600,584.07,585.39,582.58,584.59
1241021,1600,583.85,584.85,580.6,583.63
1241022,1600,581.05,584.5,580.38,583.32
1241023,1600,581.26,581.71,574.42,577.99
1241024,1600,579.98,580.06,576.57,579.24
1241025,1600,581.51,584.46,578.08,579.04
1241028,1600,582.58,582.71,580.52,580.83
1241029,1600,579.85,582.91,578.43,581.77
1241030,1600,581.29,583.32,579.29,580.01
1241031,1600,575.56,575.63,568.44,568.64
1241101,1600,571.32,575.55,570.62,571.04
1241104,1600,571.18,572.5,567.89,569.81
1241105,1600,570.74,576.74,570.52,576.7
1241106,1600,589.2,591.93,585.39,591.04
1241107,1600,593.08,596.65,593.0,595.61
1241108,1600,596.17,599.64,596.17,598.19
1241111,1600,599.81,600.17,597.0,598.76
1241112,1600,598.68,599.29,594.37,596.9
1241113,1600,597.37,599.23,594.96,597.19
1241114,1600,597.32,597.81,592.65,593.35
1241115,1600,589.72,590.2,583.86,585.75
1241118,1600,586.22,589.49,585.34,588.15
1241119,1600,584.71,591.04,584.03,590.3
1241120,1600,590.38,590.79,584.63,590.5
1241121,1600,593.4,595.12,587.45,593.67
1241122,1600,593.66,596.15,593.15,595.51
1241125,1600,599.52,600.86,595.2,597.53
1241126,1600,598.8,601.33,598.07,600.65
1241127,1600,600.46,600.85,597.28,598.83
1241129,1600,599.66,603.35,599.38,602.55
1241202,1600,602.97,604.32,602.47,603.63
1241203,1600,603.39,604.16,602.34,603.91
1241204,1600,605.63,607.91,604.95,607.66
1241205,1600,607.66,608.48,606.3,606.66
1241206,1600,607.44,609.07,607.02,607.81
1241209,1600,607.69,607.86,604.08,604.68
1241210,1600,605.37,605.8,602.13,602.8
1241211,1600,605.78,608.43,605.5,607.46
1241212,1600,606.58,607.16,604.33,604.33
1241213,1600,606.4,607.13,602.81,604.21
1241216,1600,606.0,607.78,605.21,606.79
1241217,1600,604.19,605.17,602.89,604.29
1241218,1600,603.98,606.41,585.89,586.28
1241219,1600,591.36,593.0,585.85,586.1
1241220,1600,581.77,595.75,580.91,591.15
1241223,1600,590.89,595.3,587.66,594.69
1241224,1600,596.06,601.34,595.47,601.3
1241226,1600,599.5,602.48,598.08,601.34
1241227,1600,597.54,597.78,590.76,595.01
1241230,1600,587.89,591.74,584.41,588.22
1241231,1600,589.91,590.64,584.42,586.08
1250102,1600,589.39,591.13,580.5,584.64
1250103,1600,587.53,592.6,586.43,591.95
1250106,1600,596.27,599.7,593.6,595.36
1250107,1600,597.42,597.75,586.78,588.63
1250108,1600,588.7,590.58,585.2,589.49
1250110,1600,585.88,585.95,578.55,580.49
1250113,1600,575.77,581.75,575.35,581.39
1250114,1600,584.36,585.0,578.35,582.19
1250115,1600,590.33,593.94,589.2,592.78
1250116,1600,594.17,594.35,590.93,591.64
1250117,1600,596.96,599.36,595.61,597.58
1250121,1600,600.67,603.06,598.67,603.05
1250122,1600,605.92,607.82,605.36,606.44
1250123,1600,605.8,609.75,605.52,609.75
1250124,1600,609.81,610.78,606.8,607.97
1250127,1600,594.81,599.69,594.64,599.37
1250128,1600,600.62,605.37,597.25,604.52
1250129,1600,603.72,604.13,599.22,601.81
1250130,1600,603.96,606.6,600.72,605.04
1250131,1600,607.5,609.96,601.05,601.82
1250203,1600,592.67,600.29,590.49,597.77
1250204,1600,597.83,602.3,597.28,601.78
1250205,1600,600.64,604.37,598.58,604.22
1250206,1600,605.99,606.45,602.63,606.32
1250207,1600,606.89,608.13,600.05,600.77
1250210,1600,604.03,605.5,602.74,604.85
1250211,1600,602.55,605.86,602.43,605.31
1250212,1600,599.2,604.55,598.51,603.36
1250213,1600,604.48,609.94,603.2,609.73
1250214,1600,609.94,610.99,609.07,609.7
1250218,1600,610.88,611.49,608.38,611.49
1250219,1600,610.08,613.23,609.56,612.93
1250220,1600,611.54,611.68,607.02,610.38
1250221,1600,610.16,610.3,599.47,599.94
1250224,1600,602.02,603.03,596.49,597.21
1250225,1600,597.15,597.89,589.56,594.24
1250226,1600,595.93,599.58,591.86,594.54
1250227,1600,596.85,598.02,584.65,585.05
1250228,1600,585.56,594.72,582.44,594.18
1250303,1600,596.18,597.34,579.9,583.77
1250304,1600,579.71,585.39,572.25,576.86
1250305,1600,576.69,584.88,573.08,583.06
1250306,1600,575.48,580.17,570.12,572.71
1250307,1600,570.9,577.39,565.63,575.92
1250310,1600,567.59,569.54,555.59,560.58
1250311,1600,559.4,564.02,552.02,555.92
1250312,1600,562.17,563.11,553.69,558.87
1250313,1600,558.49,559.11,549.68,551.42
1250314,1600,556.11,563.83,551.49,562.81
1250317,1600,562.79,569.71,562.35,567.15
1250318,1600,564.8,565.02,559.06,561.02
1250319,1600,562.83,570.95,561.63,567.13
1250320,1600,563.33,570.57,562.6,565.49
1250321,1600,559.28,564.89,558.03,563.98
1250324,1600,570.8,575.15,570.2,574.08
1250325,1600,575.3,576.41,573.69,575.46
1250326,1600,575.19,576.33,567.19,568.59
1250327,1600,567.18,570.9,564.94,567.08
1250328,1600,565.53,566.27,555.07,555.66
1250331,1600,549.83,560.71,546.87,559.39
1250401,1600,557.45,562.94,553.68,560.97
1250402,1600,555.05,567.42,554.81,564.52
1250403,1600,545.11,547.97,536.7,536.7
1250404,1600,523.67,525.87,505.06,505.28
1250407,1600,489.19,523.17,481.8,504.38
1250408,1600,521.86,524.98,489.16,496.48
1250409,1600,493.44,548.62,493.05,548.62
1250410,1600,532.17,533.5,509.32,524.58
1250411,1600,523.01,536.43,520.07,533.94
1250414,1600,544.05,544.28,533.86,539.12
1250415,1600,539.67,543.23,536.81,537.61
1250416,1600,531.68,537.89,520.29,525.66
1250417,1600,527.64,531.17,523.91,526.41
1250421,1600,521.16,521.7,508.46,513.88
1250422,1600,520.14,529.3,519.19,527.25
1250423,1600,540.43,545.43,533.88,535.42
1250424,1600,536.72,547.43,535.45,546.69
1250425,1600,546.65,551.05,543.69,550.64
1250428,1600,551.39,553.55,545.02,550.85
1250429,1600,548.91,555.45,548.55,554.32
1250430,1600,547.57,556.52,541.52,554.54
1250501,1600,560.37,564.07,557.86,558.47
1250502,1600,564.73,568.38,562.38,566.76
1250505,1600,562.57,566.65,561.7,563.51
1250506,1600,557.93,563.35,556.96,558.8
1250507,1600,560.15,563.82,556.04,561.15
1250508,1600,565.24,570.31,561.7,565.06
1250509,1600,566.48,567.5,562.76,564.34
1250512,1600,581.47,583.0,577.04,582.99
1250513,1600,583.41,589.08,582.84,586.84
1250514,1600,587.81,588.98,585.54,587.59
1250515,1600,585.56,590.97,585.1,590.46
1250516,1600,591.25,594.5,589.28,594.2
1250519,1600,588.1,595.54,588.1,594.85
1250520,1600,593.09,594.05,589.6,592.85
1250521,1600,588.44,592.58,581.82,582.86
1250522,1600,582.66,586.62,581.41,583.09
1250523,1600,575.98,581.81,575.6,579.11
1250527,1600,586.07,591.31,578.43,591.15
1250528,1600,591.56,592.77,586.99,587.73
1250529,1600,593.06,593.2,586.07,590.05
1250530,1600,588.93,591.13,583.24,589.39
1250602,1600,587.76,592.79,585.06,592.71
1250603,1600,592.34,597.08,591.85,596.09
1250604,1600,596.96,597.95,595.49,595.93
1250605,1600,597.63,599.0,591.05,593.05
1250606,1600,598.66,600.83,596.86,599.14
1250609,1600,599.72,601.25,598.49,599.68
1250610,1600,600.22,603.47,599.09,603.08
1250611,1600,604.19,605.06,599.27,601.36
1250612,1600,600.01,603.75,599.52,603.75
1250613,1600,598.5,601.85,595.48,597.0
1250616,1600,600.4,604.45,600.22,602.68
1250617,1600,600.21,601.75,596.76,597.53
1250618,1600,598.44,601.22,596.47,597.44
1250620,1600,598.38,599.46,592.86,594.28
1250623,1600,595.04,600.54,591.89,600.15
1250624,1600,604.33,607.85,603.41,606.78
1250625,1600,607.91,608.61,605.54,607.12
1250626,1600,608.99,612.31,608.37,611.87
1250627,1600,612.88,616.39,610.83,614.91
1250630,1600,617.38,619.22,615.04,617.85
1250701,1600,616.36,618.83,615.52,617.65
1250702,1600,617.24,620.49,616.61,620.45
1250703,1600,622.45,626.28,622.43,625.34
1250707,1600,623.36,624.03,617.87,620.68
1250708,1600,621.35,622.11,619.52,620.34
1250709,1600,622.77,624.72,620.91,624.06
1250710,1600,624.2,626.87,623.01,625.82
1250711,1600,622.74,624.86,621.53,623.62
1250714,1600,623.16,625.16,621.8,624.81
1250715,1600,627.52,627.86,622.06,622.14
1250716,1600,623.74,624.73,618.05,624.22
1250717,1600,624.4,628.4,624.18,628.04
1250718,1600,629.3,629.47,626.46,627.58
1250721,1600,628.77,631.54,628.34,628.77
1250722,1600,629.1,629.73,626.19,628.86
1250723,1600,631.55,634.21,629.73,634.21
1250724,1600,634.6,636.15,633.99,634.42
1250725,1600,635.09,637.58,634.84,637.1
1250728,1600,637.48,638.04,635.54,636.94
1250729,1600,638.35,638.67,634.34,635.26
1250730,1600,635.92,637.68,631.54,634.46
1250731,1600,639.46,639.85,630.77,632.08
1250801,1600,626.3,626.34,619.29,621.72
1250804,1600,625.67,631.22,625.58,631.17
1250805,1600,631.79,632.61,627.04,627.97
1250806,1600,629.05,633.44,628.13,632.78
1250807,1600,636.24,636.98,629.11,632.25
1250808,1600,634.06,637.65,633.74,637.18
1250811,1600,637.46,638.95,634.66,635.92
1250812,1600,638.29,642.85,636.79,642.69
1250813,1600,644.91,646.19,642.68,644.89
1250814,1600,642.79,645.62,642.34,644.95
1250815,1600,645.99,646.09,642.52,643.44
1250818,1600,642.86,644.0,642.18,643.3
1250819,1600,643.12,644.11,638.48,639.81
1250820,1600,639.4,639.66,632.95,638.11
1250821,1600,636.28,637.97,633.81,635.55
1250822,1600,637.76,646.5,637.25,645.31
1250825,1600,644.04,645.29,642.35,642.47
1250826,1600,642.2,645.51,641.57,645.16
1250827,1600,644.57,647.37,644.42,646.63
1250828,1600,647.24,649.48,645.34,648.92
1250829,1600,647.47,647.84,643.14,645.05
1250902,1600,637.5,640.49,634.92,640.27
1250903,1600,642.67,644.21,640.46,643.74
1250904,1600,644.42,649.15,643.51,649.12
1250905,1600,651.48,652.21,643.33,647.24
1250908,1600,648.62,649.84,647.23,648.83
1250909,1600,648.97,650.86,647.22,650.33
1250910,1600,653.62,654.55,650.63,652.21
1250911,1600,654.18,658.33,653.59,657.63
1250912,1600,657.6,659.11,656.9,657.41
1250915,1600,659.64,661.04,659.34,660.91
1250916,1600,661.47,661.78,659.21,660.0
1250917,1600,660.01,661.72,654.3,659.18
1250918,1600,661.89,664.89,660.27,662.26
1250919,1600,662.33,664.55,660.37,663.7
1250922,1600,662.2,667.29,662.17,666.84
1250923,1600,666.72,667.34,661.98,663.21
1250924,1600,664.51,664.61,659.67,661.1
1250925,1600,657.94,659.41,654.41,658.05
1250926,1600,659.51,662.37,657.88,661.82
1250929,1600,664.36,665.28,661.86,663.68
1250930,1600,662.93,666.65,661.61,666.18
1251001,1600,663.17,669.37,663.06,668.45
1251002,1600,670.45,670.57,666.78,669.22
1251003,1600,669.99,672.68,668.16,669.21
1251006,1600,671.62,672.51,669.46,671.61
1251007,1600,672.54,672.99,667.67,669.12
1251008,1600,670.25,673.21,669.42,673.11
1251009,1600,673.53,673.94,669.21,671.16
1251010,1600,672.13,673.95,652.84,653.02
1251013,1600,660.65,665.13,659.77,663.04
1251014,1600,657.17,665.83,653.17,662.23
1251015,1600,666.82,670.23,658.93,665.17
1251016,1600,666.82,668.71,657.11,660.64
1251017,1600,659.5,665.76,658.14,664.39
1251020,1600,667.32,672.21,667.27,671.3
1251021,1600,671.44,672.99,669.98,671.29
1251022,1600,672.0,672.0,663.3,667.8
1251023,1600,668.12,672.71,667.8,671.76
1251024,1600,676.46,678.47,675.65,677.25
1251027,1600,682.73,685.54,682.12,685.24
1251028,1600,687.05,688.91,684.83,687.06
1251029,1600,688.72,689.7,682.87,687.39
1251030,1600,683.9,685.94,679.83,679.83
1251031,1600,685.04,685.08,679.24,682.06
1251103,1600,685.67,685.8,679.94,683.34
1251104,1600,676.11,679.96,674.58,675.24
1251105,1600,674.98,680.86,674.17,677.58
1251106,1600,676.47,677.38,668.72,670.31
1251107,1600,667.91,671.08,661.21,670.97
1251110,1600,677.24,682.18,675.03,681.44
1251111,1600,679.95,683.57,678.73,683.0
1251112,1600,684.79,684.96,680.95,683.38
1251113,1600,680.5,680.86,670.52,672.04
1251114,1600,665.38,675.66,663.27,671.93
1251117,1600,669.7,673.71,662.17,665.67
1251118,1600,662.1,665.12,655.86,660.08
1251119,1600,660.78,667.34,658.75,662.63
1251120,1600,672.91,675.56,651.89,652.53
1251121,1600,655.05,664.55,650.85,659.03
1251124,1600,662.69,670.06,661.59,668.73
1251125,1600,668.63,676.21,664.48,675.02
1251126,1600,677.63,681.7,676.72,679.68
1251128,1600,680.86,683.67,680.5,683.39
1251201,1600,678.81,682.99,678.74,680.27
1251202,1600,681.92,683.82,679.33,681.53
1251203,1600,680.57,684.91,679.69,683.89
1251204,1600,685.3,685.37,681.34,684.39
1251205,1600,685.47,688.39,684.58,685.69
1251208,1600,686.59,686.64,681.57,683.63
1251209,1600,683.15,685.39,682.59,683.04
1251210,1600,682.56,688.97,681.31,687.57
1251211,1600,685.14,689.25,682.17,689.17
1251212,1600,688.17,688.88,679.17,681.76
1251215,1600,685.74,685.76,679.25,680.73
1251216,1600,679.23,681.08,674.98,678.87
1251217,1600,679.89,680.44,671.2,671.4
1251218,1600,677.6,680.74,674.9,676.47
1251219,1600,676.59,681.09,676.47,680.59
1251222,1600,683.94,685.36,680.59,684.83
1251223,1600,683.92,688.2,683.87,687.96
1251224,1600,687.95,690.83,687.8,690.38
1251226,1600,690.64,691.66,689.27,690.31
1251229,1600,687.54,689.2,686.07,687.85
1251230,1600,687.45,688.56,686.58,687.01
1251231,1600,687.14,687.36,681.71,681.92
1260102,1600,685.71,686.87,679.82,683.17
1260105,1600,686.54,689.43,686.38,687.72
1260106,1600,687.93,692.32,687.78,691.81
1260107,1600,692.19,693.96,689.32,689.58
1260108,1600,688.82,690.62,687.49,689.51
1260109,1600,690.63,695.31,689.18,694.07
1260112,1600,690.68,696.09,690.63,695.16
1260113,1600,695.49,696.09,691.35,693.77
1260114,1600,691.0,691.72,686.04,690.36
1260115,1600,694.57,695.45,691.25,692.24
1260116,1600,693.66,694.25,690.1,691.66
1260120,1600,681.49,684.77,676.57,677.58
1260121,1600,679.65,688.74,678.13,685.4
1260122,1600,689.85,691.13,686.92,688.98
1260123,1600,688.15,690.96,687.16,689.23
1260126,1600,690.49,694.13,689.92,692.73
1260127,1600,694.18,696.53,693.57,695.49
1260128,1600,697.05,697.84,693.94,695.42
1260129,1600,696.39,697.06,684.83,694.04
1260130,1600,691.79,694.21,687.12,691.97
1260202,1600,689.58,696.93,689.42,695.41
1260203,1600,696.21,696.96,684.03,689.53
1260204,1600,690.35,691.45,681.76,686.19
1260205,1600,680.94,683.69,675.79,677.62
1260206,1600,681.46,692.31,680.85,690.62
1260209,1600,689.42,695.87,688.34,693.95
1260210,1600,694.95,696.54,691.66,692.12
1260211,1600,696.39,697.14,689.18,691.96
1260212,1600,694.24,695.35,680.37,681.27
1260213,1600,681.69,686.28,677.52,681.75
1260217,1600,680.14,684.94,675.78,682.85
1260218,1600,684.02,689.15,682.83,686.29
1260219,1600,683.84,686.18,681.55,684.48
1260220,1600,682.32,690.06,681.73,689.43
1260223,1600,687.83,690.0,680.37,682.39
1260224,1600,681.9,688.35,680.0,687.35
1260225,1600,690.18,693.68,690.1,693.15
1260226,1600,693.28,693.3,684.35,689.3
1260227,1600,683.09,686.86,681.64,685.99
1260302,1600,678.7,688.62,678.02,686.38
1260303,1600,675.06,682.61,669.66,680.33
1260304,1600,681.63,687.09,679.62,685.13
1260305,1600,682.08,685.53,675.61,681.31
1260306,1600,673.41,676.11,669.76,672.38
1260309,1600,666.39,679.92,662.39,678.27
1260310,1600,677.72,683.36,674.76,677.18
1260311,1600,677.58,680.08,673.34,676.33
1260312,1600,671.16,671.65,665.87,666.06
1260313,1600,669.27,672.34,661.36,662.29
1260316,1600,668.38,672.07,667.12,669.03
1260317,1600,672.39,674.44,669.7,670.79
1260318,1600,668.36,669.72,661.19,661.43
1260319,1600,656.97,662.98,655.17,659.8
1260320,1600,656.51,656.69,644.72,648.57
1260323,1600,658.07,662.62,653.94,655.38
1260324,1600,651.32,657.03,649.88,653.18
1260325,1600,658.67,660.89,654.24,656.82
1260326,1600,652.06,654.85,644.82,645.09
1260327,1600,642.5,642.66,633.11,634.09
1260330,1600,640.11,640.37,629.28,631.97
1260331,1600,638.94,651.54,637.98,650.34
1260401,1600,653.9,658.52,653.0,655.24
1260402,1600,646.42,658.2,645.11,655.83
1260406,1600,655.86,659.72,655.52,658.93
1260407,1600,656.65,659.61,651.06,659.22
1260408,1600,676.39,677.08,671.46,676.01
1260409,1600,674.84,681.16,673.77,679.91
1260410,1600,681.32,682.03,678.45,679.46
1260413,1600,677.41,686.3,676.58,686.1
1260414,1600,687.69,694.58,687.66,694.46
1260415,1600,695.26,700.28,694.2,699.94
1260416,1600,701.06,702.78,698.53,701.66
1260417,1600,706.14,712.39,705.76,710.14
1260420,1600,708.78,709.91,706.14,708.72
1260421,1600,710.28,711.28,702.64,704.08
1260422,1600,709.15,711.45,708.22,711.21
1260423,1600,709.5,712.36,702.28,708.45
1260424,1600,710.75,714.47,709.01,713.94
1260427,1600,713.17,715.63,712.3,715.17
1260428,1600,711.82,712.88,709.25,711.69
1260429,1600,711.0,712.2,708.37,711.58
1260430,1600,714.63,719.79,710.45,718.66
1260501,1600,721.25,724.87,720.47,720.65
1260504,1600,720.07,722.12,714.99,718.01
1260505,1600,721.77,725.04,721.49,723.77
1260506,1600,728.16,734.59,727.82,733.83
1260507,1600,735.05,736.13,729.75,731.58
1260508,1600,734.93,738.08,734.57,737.62
1260511,1600,736.45,740.79,736.45,739.3
1260512,1600,736.89,738.84,731.83,738.18
1260513,1600,738.47,743.91,735.47,742.31
1260514,1600,743.65,749.53,743.56,748.17
1260515,1600,741.79,743.46,737.96,739.17
1260518,1600,739.83,741.42,733.39,738.65
1260519,1600,734.78,737.65,731.53,733.73
1260520,1600,735.71,741.87,733.89,741.25
1260521,1600,738.64,744.87,737.03,742.72
1260522,1600,746.24,748.94,744.48,745.64
1260526,1600,750.01,752.13,748.37,750.59
1260527,1600,750.88,751.38,748.22,750.46
1260528,1600,750.25,755.15,749.23,754.6
1260529,1600,755.9,758.08,754.69,756.48
1260601,1600,755.36,760.28,754.69,758.54
1260602,1600,757.03,760.4,756.75,759.57
1260603,1600,758.15,758.8,753.57,754.24
1260604,1600,752.1,758.31,751.47,757.09
1260605,1600,752.31,752.82,735.53,737.55
1260608,1600,743.36,745.34,738.19,739.22
1260609,1600,743.63,746.9,722.59,737.05
1260610,1600,733.39,738.38,725.33,725.43
1260611,1600,728.76,740.0,724.41,737.76
1260612,1600,740.71,744.44,735.03,741.75
1260615,1600,751.85,756.68,751.76,754.83
1260616,1600,754.55,755.44,749.88,750.33
1260617,1600,751.29,752.15,739.22,740.96
1260618,1600,747.76,748.23,743.86,746.74
1260622,1600,747.7,750.18,743.13,744.39
1260623,1600,733.81,739.63,732.3,733.58
1260624,1600,735.17,739.95,730.84,733.24
1260625,1600,738.91,739.37,729.6,734.3
1260626,1600,728.95,736.53,716.58,728.99
1260629,1600,736.53,741.56,732.09,741.0
1260630,1600,741.29,748.02,740.89,746.77
1260701,1600,745.0,749.44,742.38,745.76
1260702,1600,747.4,751.31,740.03,744.78
1260706,1600,748.74,752.41,747.41,751.28
1260707,1600,750.22,750.96,745.21,747.71
1260708,1600,743.16,746.15,739.51,745.4
1260709,1600,747.35,751.97,745.59,751.71
1260710,1600,752.05,755.42,748.1,754.95
1260713,1600,752.47,753.91,748.0,749.17
1260714,1600,750.91,753.34,748.66,751.83
1260715,1600,754.24,755.58,750.2,754.81
1260716,1600,752.76,754.57,747.88,750.72
1260717,1600,742.08,747.29,740.8,743.29
1260720,1600,747.06,748.73,741.51,742.09
1260721,1600,746.29,749.04,744.18,748.28
1260722,1600,746.62,750.02,746.37,747.41
1260723,1600,739.37,742.56,735.21,738.18
1260724,1600,738.51,743.72,737.29,738.93
1260727,1600,744.91,745.53,735.87,739.09
1260728,1600,739.19,742.79,735.98,740.86
1260729,1600,739.97,742.68,729.1,729.46
1260730,1600,736.05,742.45,734.59,741.69
1260731,1600,744.68,748.9,737.68,747.03
1260803,1600,749.44,758.58,748.8,757.67
1260804,1600,760.63,773.41,760.52,771.33
1260805,1600,775.85,776.85,769.51,769.79
1260806,1600,770.21,771.82,767.46,768.56
1260807,1600,771.02,773.92,769.61,773.26
1260810,1600,772.6,775.05,771.62,773.03
1260811,1600,774.53,774.61,769.2,770.56
1260812,1600,774.71,774.9,771.28,772.49
1260813,1600,774.87,779.37,774.11,777.88
1260814,1600,778.54,778.8,775.43,776.34
1260817,1600,776.18,776.78,772.51,772.67
1260818,1600,768.7,769.5,766.92,767.45
1260819,1600,770.36,772.47,768.1,769.06
1260820,1600,765.96,768.15,762.04,762.6
1260821,1600,766.05,767.85,764.17,765.72
1260824,1600,764.78,765.22,762.08,763.47
1260825,1600,766.16,766.78,763.05,765.91
1260826,1600,764.73,767.35,763.93,766.08
1260827,1600,768.5,772.36,767.16,771.1
1260828,1600,771.76,775.3,768.31,769.35
1260831,1600,767.33,768.0,764.72,767.05
1260901,1600,762.01,764.67,759.48,761.78
1260902,1600,762.45,766.43,761.73,765.16
1260903,1600,767.9,774.03,767.45,773.17
1260904,1600,772.01,772.87,769.0,770.19
1260908,1600,769.07,769.7,765.14,765.96
1260909,1600,764.08,764.47,760.94,762.4
1260910,1600,758.03,760.11,756.64,757.83
1260911,1600,764.72,766.38,763.6,764.29
1260914,1600,759.0,763.52,757.93,760.88
1260915,1600,760.12,760.35,756.15,757.39
1260916,1600,759.5,761.67,749.6,754.05
1260917,1600,763.15,763.57,759.96,762.6
1260918,1600,761.31,762.0,757.97,761.69
1260921,1600,766.25,774.89,766.03,773.5
1260922,1600,774.03,775.14,772.57,773.38
1260923,1600,772.79,773.05,766.5,767.81
