1100519,1600,92.67,92.67,92.67,92.67
1100520,1600,92.67,92.67,92.67,92.67
1100521,1600,92.67,92.67,92.67,92.67
1100524,1600,92.67,92.67,92.67,92.67
1100525,1600,92.67,92.67,92.67,92.67
1100526,1600,92.67,92.67,92.67,92.67
1100527,1600,92.67,92.67,92.67,92.67
1100528,1600,92.8,92.8,92.8,92.8
1100531,1600,93.3,93.3,92.79,92.79
1100601,1600,92.32,92.32,92.32,92.32
1100602,1600,91.78,91.78,91.78,91.78
1100603,1600,91.78,91.78,91.78,91.78
1100604,1600,91.56,91.56,91.56,91.56
1100607,1600,90.47,90.47,90.16,90.16
1100608,1600,89.05,89.38,89.05,89.38
1100609,1600,89.38,89.38,89.38,89.38
1100610,1600,89.38,89.38,89.38,89.38
1100611,1600,89.38,89.38,89.38,89.38
1100614,1600,89.38,89.38,89.38,89.38
1100615,1600,89.38,89.38,89.38,89.38
1100616,1600,89.38,89.38,89.38,89.38
1100617,1600,89.38,89.38,89.38,89.38
1100618,1600,89.38,89.38,89.38,89.38
1100621,1600,89.38,89.38,89.38,89.38
1100622,1600,89.38,89.38,89.38,89.38
1100623,1600,89.38,89.38,89.38,89.38
1100624,1600,89.38,89.38,89.38,89.38
1100625,1600,89.38,89.38,89.38,89.38
1100628,1600,89.38,89.38,89.38,89.38
1100629,1600,90.23,90.23,90.23,90.23
1100630,1600,90.23,90.23,90.23,90.23
1100701,1600,90.23,90.23,90.23,90.23
1100702,1600,90.23,90.23,90.23,90.23
1100705,1600,90.23,90.23,90.23,90.23
1100706,1600,86.99,86.99,86.99,86.99
1100707,1600,86.99,86.99,86.99,86.99
1100708,1600,86.99,86.99,86.99,86.99
1100709,1600,86.99,86.99,86.99,86.99
1100712,1600,91.87,91.87,91.21,91.21
1100713,1600,91.21,91.21,91.21,91.21
1100714,1600,91.21,91.21,91.21,91.21
1100715,1600,91.21,91.21,91.21,91.21
1100716,1600,91.3,91.3,91.3,91.3
1100719,1600,90.52,90.52,90.52,90.52
1100720,1600,90.71,90.71,90.71,90.71
1100721,1600,92.83,92.83,92.83,92.83
1100722,1600,93.03,93.03,93.03,93.03
1100723,1600,93.03,93.03,93.03,93.03
1100726,1600,93.03,93.03,93.03,93.03
1100727,1600,93.03,93.03,93.03,93.03
1100728,1600,93.03,93.03,93.03,93.03
1100729,1600,93.29,93.29,93.29,93.29
1100730,1600,92.71,93.41,92.71,93.41
1100802,1600,93.41,93.41,93.41,93.41
1100803,1600,93.41,93.41,93.41,93.41
1100804,1600,93.41,93.41,93.41,93.41
1100805,1600,93.41,93.41,93.41,93.41
1100806,1600,93.41,93.41,93.41,93.41
1100809,1600,93.41,93.41,93.41,93.41
1100810,1600,93.41,93.41,93.41,93.41
1100811,1600,93.01,93.01,93.01,93.01
1100812,1600,92.33,92.33,92.33,92.33
1100813,1600,91.86,91.86,91.86,91.86
1100816,1600,91.87,91.87,91.87,91.87
1100817,1600,91.87,91.87,91.87,91.87
1100818,1600,91.87,91.87,91.87,91.87
1100819,1600,91.49,91.49,91.49,91.49
1100820,1600,91.59,91.59,90.7,90.7
1100823,1600,91.14,91.14,91.14,91.14
1100824,1600,91.14,91.14,91.14,91.14
1100825,1600,91.14,91.14,91.14,91.14
1100826,1600,91.14,91.14,91.14,91.14
1100827,1600,89.48,90.14,89.48,90.14
1100830,1600,90.22,90.22,90.22,90.22
1100831,1600,89.75,89.75,89.75,89.75
1100901,1600,89.75,89.75,89.75,89.75
1100902,1600,89.75,89.75,89.75,89.75
1100903,1600,89.75,89.75,89.75,89.75
1100906,1600,89.75,89.75,89.75,89.75
1100907,1600,89.75,89.75,89.75,89.75
1100908,1600,89.75,89.75,89.75,89.75
1100909,1600,94.62,94.62,94.53,94.53
1100910,1600,94.48,94.48,94.48,94.48
1100913,1600,94.48,94.48,94.48,94.48
1100914,1600,94.48,94.48,94.48,94.48
1100915,1600,94.48,94.48,94.48,94.48
1100916,1600,94.48,94.48,94.48,94.48
1100917,1600,94.48,94.48,94.48,94.48
1100920,1600,94.48,94.48,94.48,94.48
1100921,1600,94.48,94.48,94.48,94.48
1100922,1600,94.48,94.48,94.48,94.48
1100923,1600,94.48,94.48,94.48,94.48
1100924,1600,94.48,94.48,94.48,94.48
1100927,1600,94.48,94.48,94.48,94.48
1100928,1600,94.48,94.48,94.48,94.48
1100929,1600,97.83,97.83,97.37,97.66
1100930,1600,98.26,98.26,98.26,98.26
1101001,1600,97.46,97.46,97.46,97.46
1101004,1600,96.95,96.95,96.95,96.95
1101005,1600,96.95,96.95,96.95,96.95
1101006,1600,96.95,96.95,96.95,96.95
1101007,1600,96.95,96.95,96.95,96.95
1101008,1600,96.95,96.95,96.95,96.95
1101011,1600,96.95,96.95,96.95,96.95
1101012,1600,96.95,96.95,96.95,96.95
1101013,1600,96.95,96.95,96.95,96.95
1101014,1600,96.95,96.95,96.95,96.95
1101015,1600,96.95,96.95,96.95,96.95
1101018,1600,96.95,96.95,96.95,96.95
1101019,1600,96.95,96.95,96.95,96.95
1101020,1600,96.95,96.95,96.95,96.95
1101021,1600,96.95,96.95,96.95,96.95
1101022,1600,96.95,96.95,96.95,96.95
1101025,1600,96.95,96.95,96.95,96.95
1101026,1600,96.95,96.95,96.95,96.95
1101027,1600,96.95,96.95,96.95,96.95
1101028,1600,96.95,96.95,96.95,96.95
1101029,1600,96.95,96.95,96.95,96.95
1101101,1600,72.92,73.06,72.58,73.06
1101102,1600,72.54,72.54,72.54,72.54
1101103,1600,72.78,72.78,72.44,72.44
1101104,1600,72.99,72.99,72.99,72.99
1101105,1600,72.99,72.99,72.99,72.99
1101108,1600,72.99,72.99,72.99,72.99
1101109,1600,75.26,75.26,75.26,75.26
1101110,1600,75.36,75.36,75.36,75.36
1101111,1600,75.52,75.52,75.52,75.52
1101112,1600,74.9,74.9,74.9,74.9
1101115,1600,75.27,75.59,75.27,75.59
1101116,1600,75.59,75.59,75.59,75.59
1101117,1600,74.52,74.61,74.52,74.61
1101118,1600,75.26,75.26,75.26,75.26
1101119,1600,74.89,74.89,74.89,74.89
1101122,1600,74.89,74.89,74.89,74.89
1101123,1600,75.18,75.18,75.18,75.18
1101124,1600,75.18,75.18,75.18,75.18
1101125,1600,76.77,76.81,76.77,76.81
1101126,1600,76.9,76.9,76.9,76.9
1101129,1600,76.99,76.99,76.87,76.87
1101130,1600,77.38,77.64,77.38,77.39
1101201,1600,77.68,77.68,77.68,77.68
1101202,1600,77.68,77.68,77.68,77.68
1101203,1600,78.61,78.61,77.86,77.86
1101206,1600,77.86,77.86,77.86,77.86
1101207,1600,78.86,78.86,78.86,78.86
1101208,1600,79.09,79.09,79.09,79.09
1101209,1600,79.83,79.83,79.66,79.66
1101210,1600,79.88,79.88,79.88,79.88
1101213,1600,79.52,79.52,79.52,79.52
1101214,1600,78.9,79.58,78.9,79.58
1101215,1600,79.74,79.74,79.74,79.74
1101216,1600,80.42,80.42,80.42,80.42
1101217,1600,79.68,79.68,79.68,79.68
1101220,1600,79.68,79.68,79.68,79.68
1101221,1600,81.29,81.63,81.29,81.63
1101222,1600,81.73,82.13,81.73,82.13
1101223,1600,82.2,82.2,81.96,82.03
1101227,1600,81.58,81.58,81.58,81.58
1101228,1600,81.43,82.04,81.43,82.04
1101229,1600,82.07,82.07,81.98,81.98
1101230,1600,81.1,81.1,81.1,81.1
1110103,1600,81.58,81.58,81.51,81.55
1110104,1600,81.35,81.46,81.35,81.46
1110105,1600,81.46,81.46,81.46,81.46
1110106,1600,81.46,81.46,81.46,81.46
1110107,1600,83.9,83.99,83.73,83.73
1110110,1600,83.89,83.89,83.7,83.7
1110111,1600,84.21,84.21,84.21,84.21
1110112,1600,84.28,84.28,84.28,84.28
1110113,1600,83.62,83.62,82.35,82.35
1110114,1600,82.27,82.61,82.27,82.61
1110117,1600,82.93,82.93,82.93,82.93
1110118,1600,82.76,82.76,82.57,82.57
1110119,1600,81.62,81.62,81.62,81.62
1110120,1600,81.61,81.61,81.13,81.13
1110121,1600,81.05,81.05,81.05,81.05
1110124,1600,80.68,80.68,80.68,80.68
1110125,1600,80.67,80.67,80.67,80.67
1110126,1600,80.99,81.22,80.99,81.07
1110127,1600,80.89,80.89,80.89,80.89
1110128,1600,80.68,80.68,80.68,80.68
1110131,1600,80.2,80.2,80.2,80.2
1110201,1600,80.41,80.88,80.41,80.88
1110202,1600,80.97,81.06,80.92,81.06
1110203,1600,81.7,81.7,81.65,81.65
1110204,1600,82.37,82.37,82.37,82.37
1110207,1600,82.37,82.37,82.37,82.37
1110208,1600,83.11,83.11,82.69,82.73
1110209,1600,82.56,82.56,82.56,82.56
1110210,1600,82.67,83.07,82.67,83.07
1110211,1600,83.91,83.91,83.91,83.91
1110214,1600,84.6,84.6,84.6,84.6
1110215,1600,84.28,84.35,84.28,84.35
1110216,1600,84.78,84.78,84.47,84.47
1110217,1600,84.24,84.3,84.06,84.3
1110218,1600,84.31,84.31,84.31,84.31
1110221,1600,83.48,83.48,83.48,83.48
1110222,1600,83.55,83.57,83.29,83.29
1110223,1600,82.56,82.56,82.56,82.56
1110224,1600,82.56,82.56,82.56,82.56
1110225,1600,81.83,82.25,81.83,82.08
1110228,1600,82.38,82.38,82.38,82.38
1110301,1600,81.95,81.95,81.95,81.95
1110302,1600,81.95,81.95,81.95,81.95
1110303,1600,81.4,81.59,81.4,81.59
1110304,1600,81.24,81.24,81.24,81.24
1110307,1600,81.0,81.0,80.49,80.49
1110308,1600,80.49,80.49,80.49,80.49
1110309,1600,81.24,81.24,81.24,81.24
1110310,1600,80.93,80.93,80.93,80.93
1110311,1600,80.34,80.44,80.34,80.44
1110314,1600,80.44,80.44,80.44,80.44
1110315,1600,80.44,80.44,80.44,80.44
1110316,1600,78.37,78.37,78.05,78.05
1110317,1600,78.04,78.71,78.04,78.11
1110318,1600,77.8,77.8,77.8,77.8
1110321,1600,78.35,78.56,78.35,78.56
1110322,1600,78.32,78.32,78.32,78.32
1110323,1600,78.6,78.6,78.6,78.6
1110324,1600,79.07,79.2,79.07,79.08
1110325,1600,79.08,79.08,79.08,79.08
1110328,1600,80.11,80.11,80.11,80.11
1110329,1600,80.19,80.19,80.19,80.19
1110330,1600,80.87,80.87,80.87,80.87
1110331,1600,80.24,80.24,80.24,80.24
1110401,1600,81.0,81.0,81.0,81.0
1110404,1600,80.56,80.56,80.56,80.56
1110405,1600,80.66,80.66,80.61,80.61
1110406,1600,79.86,79.86,79.83,79.83
1110407,1600,79.81,79.81,79.81,79.81
1110408,1600,79.41,79.41,79.35,79.35
1110411,1600,79.13,79.13,79.13,79.13
1110412,1600,78.2,78.2,77.95,77.95
1110413,1600,77.97,78.33,77.97,78.01
1110414,1600,77.72,77.76,77.72,77.74
1110415,1600,78.46,78.46,78.46,78.46
1110418,1600,78.84,78.85,78.25,78.53
1110419,1600,78.34,78.34,78.34,78.34
1110420,1600,78.78,78.78,78.78,78.78
1110421,1600,78.72,78.72,78.72,78.72
1110426,1600,79.12,79.23,79.12,79.23
1110427,1600,78.9,78.9,78.9,78.9
1110428,1600,78.46,78.8,78.46,78.8
1110429,1600,78.89,78.89,78.89,78.89
1110502,1600,79.58,79.58,78.91,78.91
1110503,1600,78.9,78.9,78.55,78.55
1110504,1600,78.28,78.28,77.74,77.74
1110505,1600,77.68,77.76,77.68,77.76
1110506,1600,77.76,77.76,77.76,77.76
1110509,1600,80.69,80.77,80.69,80.77
1110510,1600,80.73,80.9,80.73,80.9
1110511,1600,81.2,81.2,81.2,81.2
1110512,1600,80.92,80.94,80.92,80.94
1110513,1600,81.39,81.39,81.39,81.39
1110516,1600,81.1,81.1,81.07,81.07
1110517,1600,80.29,80.29,80.29,80.29
1110518,1600,80.37,80.49,80.37,80.49
1110519,1600,81.07,81.07,80.74,80.74
1110520,1600,81.04,81.04,81.04,81.04
1110523,1600,81.0,81.0,80.68,80.68
1110524,1600,80.36,80.36,80.36,80.36
1110525,1600,80.31,80.66,80.31,80.53
1110526,1600,80.16,80.45,80.16,80.45
1110527,1600,80.38,80.38,80.38,80.38
1110530,1600,80.34,80.34,80.27,80.27
1110531,1600,80.14,80.14,80.14,80.14
1110601,1600,80.14,80.14,80.14,80.14
1110602,1600,78.68,78.68,78.17,78.17
1110603,1600,77.88,77.88,77.73,77.73
1110606,1600,77.73,77.73,77.73,77.73
1110607,1600,76.01,76.01,75.8,75.8
1110608,1600,75.35,75.8,75.35,75.8
1110609,1600,75.65,75.65,75.57,75.57
1110610,1600,76.42,76.42,76.26,76.26
1110613,1600,76.28,76.28,76.28,76.28
1110614,1600,76.62,76.62,76.62,76.62
1110615,1600,77.07,77.07,77.07,77.07
1110616,1600,77.24,77.44,77.06,77.44
1110617,1600,77.02,77.02,76.81,76.81
1110620,1600,76.65,76.9,76.59,76.9
1110621,1600,76.99,77.52,76.98,77.52
1110622,1600,77.47,77.47,77.47,77.47
1110623,1600,77.11,77.26,77.11,77.26
1110624,1600,77.48,77.48,77.37,77.37
1110627,1600,77.1,77.1,77.1,77.1
1110628,1600,77.45,77.46,77.45,77.46
1110629,1600,78.02,78.14,78.02,78.04
1110630,1600,77.9,78.37,77.9,78.37
1110701,1600,79.09,79.09,79.09,79.09
1110704,1600,79.42,79.42,79.42,79.42
1110705,1600,79.67,79.67,79.65,79.65
1110706,1600,80.4,80.4,80.4,80.4
1110707,1600,81.15,81.15,81.15,81.15
1110708,1600,80.93,80.93,80.93,80.93
1110711,1600,81.21,81.35,81.21,81.28
1110712,1600,81.14,81.4,81.14,81.4
1110713,1600,81.04,81.04,80.96,80.96
1110714,1600,80.2,80.2,80.2,80.2
1110715,1600,80.05,80.05,80.05,80.05
1110718,1600,79.81,79.81,79.81,79.81
1110719,1600,80.14,80.14,80.14,80.14
1110720,1600,80.84,80.84,80.6,80.6
1110721,1600,80.32,80.66,80.32,80.43
1110722,1600,80.86,80.86,80.56,80.56
1110725,1600,80.07,80.5,80.07,80.5
1110726,1600,80.5,80.5,80.5,80.5
1110727,1600,79.06,79.06,79.06,79.06
1110728,1600,78.46,79.24,78.46,79.24
1110729,1600,78.04,78.3,77.9,77.9
1110801,1600,78.47,78.47,77.67,77.67
1110802,1600,77.45,77.45,77.28,77.28
1110803,1600,77.28,77.28,77.28,77.28
1110804,1600,76.19,76.19,76.19,76.19
1110805,1600,73.03,73.03,72.3,72.3
1110808,1600,71.31,71.36,71.31,71.36
1110809,1600,71.36,71.36,71.36,71.36
1110810,1600,70.43,70.43,68.51,68.72
1110811,1600,69.64,69.64,68.93,69.64
1110812,1600,69.64,69.64,69.64,69.64
1110815,1600,71.54,71.54,71.05,71.05
1110816,1600,71.67,71.67,71.67,71.67
1110817,1600,71.67,71.75,71.67,71.67
1110818,1600,70.91,70.91,69.0,69.08
1110819,1600,68.18,68.18,68.18,68.18
1110822,1600,67.67,67.67,67.67,67.67
1110823,1600,68.57,68.57,68.19,68.28
1110824,1600,68.28,68.28,68.28,68.28
1110825,1600,70.13,70.13,70.13,70.13
1110826,1600,68.35,69.98,68.35,69.97
1110829,1600,70.9,71.28,70.8,71.28
1110830,1600,72.41,72.41,72.41,72.41
1110831,1600,72.79,73.46,72.79,73.21
1110901,1600,73.41,73.89,73.41,73.89
1110902,1600,73.89,73.89,73.89,73.89
1110905,1600,73.89,73.89,73.89,73.89
1110906,1600,70.42,71.03,70.09,71.03
1110907,1600,71.03,71.03,71.03,71.03
1110908,1600,71.03,71.03,71.03,71.03
1110909,1600,71.03,71.03,71.03,71.03
1110912,1600,72.65,72.81,72.25,72.81
1110913,1600,73.63,73.63,73.63,73.63
1110914,1600,74.2,74.2,73.9,74.2
1110915,1600,74.75,74.75,74.7,74.75
1110916,1600,75.12,75.79,75.12,75.79
1110919,1600,75.67,75.67,75.67,75.67
1110920,1600,77.02,77.02,77.02,77.02
1110921,1600,75.52,75.52,75.52,75.52
1110922,1600,75.52,75.52,75.52,75.52
1110923,1600,72.61,72.61,72.61,72.61
1110926,1600,73.21,73.21,73.21,73.21
1110927,1600,73.21,73.21,73.21,73.21
1110928,1600,75.13,75.13,74.47,74.47
1110929,1600,73.8,73.8,73.8,73.8
1110930,1600,74.17,74.17,74.17,74.17
1111004,1600,71.4,71.5,71.0,71.11
1111005,1600,73.11,73.63,73.11,73.63
1111006,1600,74.45,74.45,74.45,74.45
1111007,1600,74.54,74.54,74.54,74.54
1111010,1600,75.24,75.24,75.24,75.24
1111011,1600,75.9,75.94,75.88,75.94
1111012,1600,75.5,76.14,75.5,76.14
1111013,1600,75.62,75.62,75.33,75.33
1111014,1600,75.99,75.99,75.82,75.82
1111017,1600,76.26,76.26,76.26,76.26
1111018,1600,76.28,76.28,76.28,76.28
1111019,1600,77.09,77.09,77.09,77.09
1111020,1600,76.3,76.3,76.3,76.3
1111021,1600,76.63,77.09,76.63,77.09
1111024,1600,77.68,77.85,77.68,77.85
1111025,1600,77.9,77.9,77.24,77.24
1111026,1600,76.85,76.85,76.85,76.85
1111027,1600,77.67,77.67,77.67,77.67
1111028,1600,78.33,78.58,78.33,78.58
1111031,1600,78.7,78.7,78.64,78.64
1111101,1600,77.21,77.21,77.21,77.21
1111102,1600,77.8,77.8,77.8,77.8
1111103,1600,78.73,78.73,78.73,78.73
1111104,1600,78.4,78.4,78.4,78.4
1111107,1600,78.55,78.55,78.55,78.55
1111108,1600,78.96,78.96,78.96,78.96
1111109,1600,79.1,79.59,79.1,79.59
1111110,1600,79.27,79.27,78.86,78.86
1111111,1600,79.86,79.86,79.63,79.63
1111114,1600,80.17,80.18,79.95,79.95
1111115,1600,79.94,79.94,79.94,79.94
1111116,1600,80.5,80.5,80.5,80.5
1111117,1600,78.9,79.12,78.87,79.12
1111118,1600,78.23,78.38,78.13,78.13
1111121,1600,76.11,76.11,76.11,76.11
1111122,1600,76.05,76.05,76.05,76.05
1111123,1600,75.75,75.75,75.75,75.75
1111124,1600,75.9,75.9,75.67,75.67
1111125,1600,76.52,76.52,76.52,76.52
1111128,1600,76.93,77.82,76.93,77.82
1111129,1600,78.22,78.22,78.22,78.22
1111130,1600,77.72,79.87,77.72,79.87
1111201,1600,79.93,80.21,79.93,80.12
1111202,1600,81.3,81.3,81.3,81.3
1111205,1600,81.5,81.5,81.5,81.5
1111206,1600,81.63,81.63,81.38,81.38
1111207,1600,81.17,81.34,81.17,81.34
1111208,1600,81.18,81.18,81.18,81.18
1111209,1600,80.09,81.31,80.09,81.31
1111212,1600,81.03,81.7,81.03,81.03
1111213,1600,81.73,82.36,81.73,82.36
1111214,1600,81.01,81.01,81.01,81.01
1111215,1600,81.37,81.37,81.37,81.37
1111216,1600,81.63,81.63,81.63,81.63
1111219,1600,80.98,80.98,80.98,80.98
1111220,1600,80.91,82.15,80.91,82.15
1111221,1600,82.44,82.44,82.25,82.25
1111222,1600,83.24,83.24,83.24,83.24
1111223,1600,84.15,84.15,84.15,84.15
1111227,1600,84.23,84.23,84.23,84.23
1111228,1600,84.16,84.16,84.16,84.16
1111229,1600,84.74,84.74,84.74,84.74
1111230,1600,85.03,85.03,85.03,85.03
1120102,1600,85.03,85.03,85.03,85.03
1120103,1600,85.88,85.88,85.4,85.55
1120104,1600,85.36,85.69,85.36,85.69
1120105,1600,86.62,86.62,86.62,86.62
1120106,1600,86.83,87.75,86.83,87.75
1120109,1600,87.17,87.17,87.17,87.17
1120110,1600,88.18,88.18,88.18,88.18
1120111,1600,88.47,88.47,88.47,88.47
1120112,1600,88.82,88.82,87.62,87.62
1120113,1600,88.2,88.29,88.12,88.29
1120116,1600,88.66,88.91,88.66,88.91
1120117,1600,88.76,88.87,88.76,88.84
1120118,1600,88.28,88.31,88.28,88.31
1120119,1600,88.62,88.62,88.62,88.62
1120120,1600,88.3,88.49,88.11,88.11
1120123,1600,87.83,87.83,87.83,87.83
1120124,1600,87.86,87.86,87.86,87.86
1120125,1600,88.23,88.23,88.07,88.07
1120126,1600,87.72,88.09,87.64,87.64
1120127,1600,87.14,87.14,86.88,86.88
1120130,1600,86.86,86.86,86.85,86.85
1120131,1600,86.9,87.09,86.9,87.09
1120201,1600,87.66,87.66,87.35,87.51
1120202,1600,87.75,87.8,87.7,87.7
1120203,1600,89.13,89.13,89.13,89.13
1120206,1600,89.09,89.09,89.09,89.09
1120207,1600,88.86,88.86,88.51,88.51
1120208,1600,88.41,88.41,88.41,88.41
1120209,1600,88.46,88.46,88.46,88.46
1120210,1600,88.31,88.58,88.31,88.58
1120213,1600,88.91,88.94,88.86,88.94
1120214,1600,89.24,89.33,89.24,89.33
1120215,1600,89.99,90.19,89.99,90.19
1120216,1600,90.05,90.05,90.05,90.05
1120217,1600,90.05,90.05,90.05,90.05
1120220,1600,90.22,90.22,89.99,89.99
1120221,1600,89.72,89.77,89.72,89.77
1120222,1600,89.74,89.74,89.38,89.38
1120223,1600,89.15,89.15,89.15,89.15
1120224,1600,89.03,89.03,88.55,88.55
1120227,1600,88.37,88.94,88.37,88.94
1120228,1600,88.86,88.86,88.86,88.86
1120229,1600,89.06,89.46,89.06,89.22
1120301,1600,89.47,89.78,89.47,89.78
1120302,1600,90.38,90.59,90.28,90.59
1120305,1600,89.68,89.68,89.68,89.68
1120306,1600,89.78,89.78,89.43,89.43
1120307,1600,89.67,89.67,89.62,89.66
1120308,1600,90.0,90.0,89.68,89.68
1120309,1600,91.37,91.37,91.37,91.37
1120312,1600,91.23,91.25,90.8,90.8
1120313,1600,91.6,92.03,91.6,92.03
1120314,1600,93.37,93.38,93.24,93.38
1120315,1600,93.28,93.5,93.28,93.5
1120316,1600,92.98,93.06,92.98,93.06
1120319,1600,92.69,92.94,92.69,92.94
1120320,1600,92.84,92.84,92.39,92.54
1120321,1600,92.64,92.89,92.64,92.89
1120322,1600,92.15,92.15,92.15,92.15
1120323,1600,91.99,91.99,91.75,91.76
1120326,1600,92.57,92.57,92.42,92.42
1120327,1600,92.96,92.96,92.69,92.69
1120328,1600,92.4,92.4,92.23,92.23
1120329,1600,92.0,92.15,91.69,91.69
1120330,1600,92.3,92.3,92.17,92.17
1120402,1600,92.2,92.89,92.2,92.89
1120403,1600,92.68,92.78,92.58,92.58
1120404,1600,93.02,93.02,92.83,92.83
1120405,1600,92.99,93.55,92.85,93.55
1120410,1600,92.33,92.33,91.6,91.6
1120411,1600,91.16,91.4,91.16,91.4
1120412,1600,91.38,91.65,91.38,91.65
1120413,1600,91.88,91.88,91.88,91.88
1120416,1600,91.39,91.39,91.39,91.39
1120417,1600,92.22,92.22,92.22,92.22
1120418,1600,92.21,92.21,92.21,92.21
1120419,1600,92.31,92.33,92.03,92.05
1120420,1600,91.56,91.63,91.56,91.63
1120423,1600,90.62,90.62,90.62,90.62
1120424,1600,90.87,90.89,90.87,90.89
1120425,1600,91.5,91.75,91.5,91.75
1120426,1600,91.94,91.94,91.94,91.94
1120427,1600,92.45,92.45,92.45,92.45
1120430,1600,92.65,92.69,92.14,92.14
1120502,1600,93.23,93.23,92.92,92.92
1120503,1600,93.2,93.2,92.95,92.95
1120504,1600,91.55,91.55,91.55,91.55
1120507,1600,91.38,91.59,91.38,91.59
1120508,1600,90.88,90.88,90.88,90.88
1120509,1600,91.58,91.6,91.58,91.6
1120510,1600,91.82,91.82,91.82,91.82
1120511,1600,91.61,92.31,91.6,92.31
1120514,1600,91.48,91.55,91.48,91.55
1120515,1600,91.67,91.75,91.67,91.75
1120516,1600,91.7,91.7,91.67,91.67
1120517,1600,91.4,91.4,90.67,90.67
1120518,1600,89.96,89.96,89.62,89.62
1120521,1600,89.59,89.59,89.59,89.59
1120522,1600,91.14,91.14,91.14,91.14
1120523,1600,90.7,90.7,90.51,90.51
1120524,1600,91.89,91.98,91.75,91.75
1120525,1600,92.39,92.42,92.33,92.33
1120528,1600,92.34,92.34,92.34,92.34
1120529,1600,92.56,93.06,92.56,93.06
1120530,1600,92.94,92.94,92.94,92.94
1120531,1600,92.58,92.58,92.45,92.45
1120601,1600,90.9,90.9,90.9,90.9
1120604,1600,89.78,89.78,89.17,89.17
1120605,1600,89.6,90.11,89.6,90.11
1120606,1600,90.71,91.49,90.71,91.49
1120607,1600,92.22,92.22,92.09,92.09
1120608,1600,92.31,92.31,92.31,92.31
1120611,1600,92.7,92.7,92.31,92.7
1120612,1600,92.56,92.56,92.31,92.56
1120613,1600,92.11,92.11,92.11,92.11
1120614,1600,92.15,92.15,92.15,92.15
1120615,1600,92.68,92.68,92.68,92.68
1120618,1600,93.06,93.58,93.06,93.58
1120619,1600,93.71,93.71,93.71,93.71
1120620,1600,93.79,93.79,93.47,93.52
1120621,1600,93.51,93.55,93.51,93.55
1120622,1600,92.95,92.95,92.95,92.95
1120625,1600,92.03,92.03,92.03,92.03
1120626,1600,92.47,92.47,92.39,92.39
1120627,1600,93.63,93.63,93.63,93.63
1120628,1600,93.34,93.34,93.0,93.0
1120629,1600,93.8,93.8,93.8,93.8
1120702,1600,94.48,95.21,94.48,94.76
1120703,1600,95.03,95.49,95.03,95.49
1120704,1600,95.64,96.15,95.64,96.15
1120705,1600,96.39,97.08,96.39,97.08
1120706,1600,96.26,96.26,96.26,96.26
1120709,1600,96.14,96.14,96.14,96.14
1120710,1600,96.68,96.68,96.68,96.68
1120711,1600,96.17,96.17,96.17,96.17
1120712,1600,95.93,95.93,95.68,95.68
1120713,1600,96.27,96.98,96.27,96.98
1120716,1600,96.86,96.88,96.86,96.88
1120717,1600,96.95,97.07,96.95,97.05
1120718,1600,97.07,98.13,97.07,98.13
1120719,1600,98.57,98.57,98.57,98.57
1120720,1600,98.52,98.52,98.52,98.52
1120723,1600,97.68,97.68,97.33,97.33
1120724,1600,97.41,97.41,97.41,97.41
1120725,1600,96.93,96.94,96.6,96.6
1120726,1600,96.68,96.68,96.68,96.68
1120727,1600,97.5,97.57,97.17,97.57
1120730,1600,99.04,99.04,99.04,99.04
1120731,1600,99.41,99.41,98.74,98.74
1120801,1600,98.5,98.66,98.48,98.58
1120802,1600,98.4,98.4,98.21,98.38
1120803,1600,98.81,98.81,98.81,98.81
1120806,1600,99.07,99.07,98.74,98.74
1120807,1600,99.19,99.19,99.19,99.19
1120808,1600,99.59,99.59,99.59,99.59
1120809,1600,100.33,100.33,100.33,100.33
1120810,1600,99.96,99.96,99.96,99.96
1120813,1600,99.54,99.54,99.54,99.54
1120814,1600,100.15,100.37,100.15,100.37
1120815,1600,99.98,100.42,99.98,100.42
1120816,1600,100.31,100.31,100.31,100.31
1120817,1600,100.74,101.1,100.74,101.1
1120820,1600,100.65,100.65,100.65,100.65
1120821,1600,100.09,100.09,100.09,100.09
1120822,1600,99.3,99.3,99.3,99.3
1120823,1600,98.33,98.33,98.33,98.33
1120824,1600,98.72,98.72,98.69,98.69
1120827,1600,99.26,99.39,99.26,99.39
1120828,1600,98.98,98.98,98.64,98.64
1120829,1600,98.78,98.78,98.71,98.71
1120830,1600,98.45,98.45,98.45,98.45
1120831,1600,98.53,98.53,98.53,98.53
1120903,1600,98.41,98.41,98.37,98.37
1120904,1600,97.93,97.93,97.93,97.93
1120905,1600,98.13,98.13,98.13,98.13
1120906,1600,98.49,99.51,98.3,99.51
1120907,1600,98.75,98.75,98.75,98.75
1120910,1600,98.64,98.92,98.64,98.79
1120911,1600,98.6,98.6,98.27,98.27
1120912,1600,98.0,98.0,97.99,97.99
1120913,1600,97.9,98.18,97.9,98.09
1120914,1600,98.3,98.3,98.3,98.3
1120917,1600,98.25,98.28,98.02,98.12
1120918,1600,98.33,98.33,98.33,98.33
1120919,1600,98.52,98.52,98.52,98.52
1120920,1600,99.0,99.0,99.0,99.0
1120921,1600,99.19,99.19,99.19,99.19
1120924,1600,99.25,99.25,99.25,99.25
1120925,1600,99.52,99.52,99.28,99.28
1120926,1600,98.39,98.39,98.03,98.16
1120927,1600,98.58,98.58,98.51,98.51
1120928,1600,98.39,98.39,98.39,98.39
1121001,1600,98.63,99.23,98.45,99.18
1121002,1600,98.58,98.58,98.08,98.08
1121004,1600,98.9,98.9,98.76,98.76
1121005,1600,99.02,99.02,99.02,99.02
1121008,1600,98.71,98.71,98.71,98.71
1121009,1600,98.73,98.73,98.73,98.73
1121010,1600,98.19,98.19,98.19,98.19
1121011,1600,98.11,98.11,98.1,98.1
1121012,1600,97.47,97.47,97.12,97.12
1121015,1600,97.46,97.56,97.46,97.56
1121016,1600,98.19,98.19,98.19,98.19
1121017,1600,98.07,98.07,97.95,97.95
1121018,1600,98.27,98.27,98.27,98.27
1121019,1600,97.59,97.59,97.58,97.58
1121022,1600,96.72,96.87,96.36,96.36
1121023,1600,96.35,96.39,95.87,95.87
1121024,1600,96.11,96.11,96.11,96.11
1121025,1600,96.11,96.11,95.84,95.84
1121026,1600,96.54,96.54,95.96,95.96
1121029,1600,96.0,96.21,96.0,96.21
1121030,1600,96.12,96.23,96.12,96.23
1121031,1600,96.12,96.12,95.62,95.62
1121101,1600,95.97,97.16,95.97,97.16
1121102,1600,97.84,97.84,97.84,97.84
1121105,1600,97.25,97.35,97.23,97.35
1121106,1600,97.94,97.99,97.94,97.99
1121107,1600,96.12,96.12,96.12,96.12
1121108,1600,96.58,96.58,96.18,96.18
1121109,1600,96.04,96.04,96.04,96.04
1121112,1600,95.68,95.68,95.68,95.68
1121113,1600,95.52,96.17,95.52,96.17
1121114,1600,95.63,95.63,94.72,94.72
1121115,1600,93.83,93.83,93.34,93.34
1121116,1600,93.46,93.46,93.46,93.46
1121119,1600,94.94,95.14,94.94,95.14
1121120,1600,95.5,95.59,95.5,95.59
1121121,1600,95.56,95.56,95.56,95.56
1121122,1600,95.78,95.78,95.57,95.57
1121123,1600,95.33,95.6,95.33,95.6
1121126,1600,95.34,95.34,95.34,95.34
1121127,1600,95.89,95.89,95.89,95.89
1121128,1600,95.58,95.6,95.5,95.6
1121129,1600,96.53,96.53,96.43,96.43
1121130,1600,96.33,96.4,95.92,95.92
1121203,1600,95.73,95.73,95.73,95.73
1121204,1600,95.12,95.12,94.98,94.98
1121205,1600,95.13,95.13,95.13,95.13
1121206,1600,95.68,96.29,95.68,96.29
1121207,1600,96.61,96.61,96.61,96.61
1121210,1600,96.85,97.19,96.85,97.13
1121211,1600,97.53,97.53,97.53,97.53
1121212,1600,97.38,97.48,97.03,97.03
1121213,1600,96.65,96.65,96.35,96.35
1121214,1600,95.24,95.24,95.24,95.24
1121217,1600,95.66,95.66,95.66,95.66
1121218,1600,96.5,96.5,96.39,96.39
1121219,1600,96.41,96.41,96.41,96.41
1121220,1600,95.95,96.05,95.95,96.05
1121221,1600,95.7,95.95,95.61,95.61
1121227,1600,94.82,94.82,94.04,94.28
1121228,1600,94.76,94.76,94.43,94.43
1130102,1600,96.66,97.34,96.39,97.34
1130103,1600,97.95,98.83,97.95,98.83
1130104,1600,99.21,99.21,99.21,99.21
1130107,1600,99.38,99.38,98.61,98.61
1130108,1600,98.38,98.38,98.38,98.38
1130109,1600,99.17,99.17,99.17,99.17
1130110,1600,99.19,99.19,97.95,97.95
1130111,1600,98.0,98.0,97.31,97.31
1130114,1600,97.29,97.29,97.24,97.24
1130115,1600,97.15,97.38,97.05,97.38
1130116,1600,97.9,97.9,97.9,97.9
1130117,1600,98.08,98.08,98.08,98.08
1130118,1600,98.35,98.35,98.35,98.35
1130121,1600,98.7,98.97,98.59,98.97
1130122,1600,98.37,98.75,98.37,98.75
1130123,1600,99.15,99.26,99.15,99.26
1130124,1600,99.14,99.34,99.07,99.34
1130125,1600,98.86,98.86,98.6,98.6
1130128,1600,99.02,99.02,98.74,98.74
1130129,1600,98.81,98.89,98.81,98.89
1130130,1600,98.26,98.26,98.26,98.26
1130131,1600,97.63,97.63,97.63,97.63
1130201,1600,97.67,97.67,97.67,97.67
1130204,1600,98.32,98.57,98.12,98.12
1130205,1600,98.33,98.47,98.33,98.47
1130206,1600,99.11,99.11,98.85,98.87
1130207,1600,99.21,99.21,99.21,99.21
1130208,1600,100.46,100.46,100.39,100.39
1130211,1600,100.37,100.37,100.16,100.16
1130212,1600,99.99,100.0,99.99,100.0
1130213,1600,100.17,100.17,100.0,100.15
1130214,1600,100.67,101.11,100.67,101.06
1130215,1600,100.98,100.98,100.98,100.98
1130218,1600,101.15,101.15,100.94,100.99
1130219,1600,101.2,101.23,101.2,101.23
1130220,1600,101.25,101.42,101.25,101.25
1130221,1600,101.22,101.22,100.85,100.85
1130222,1600,101.12,101.68,101.12,101.64
1130225,1600,101.83,102.01,101.63,101.85
1130226,1600,101.08,101.08,101.03,101.03
1130227,1600,102.1,102.1,102.1,102.1
1130228,1600,102.48,103.01,102.41,103.01
1130301,1600,103.46,103.46,103.46,103.46
1130304,1600,103.13,103.58,103.13,103.58
1130305,1600,103.99,105.05,103.99,105.05
1130306,1600,105.41,105.41,105.22,105.22
1130307,1600,105.1,105.1,104.7,104.7
1130308,1600,105.81,105.81,105.81,105.81
1130311,1600,105.9,105.93,105.9,105.93
1130312,1600,106.19,106.19,105.72,105.72
1130313,1600,105.6,106.59,105.6,106.59
1130314,1600,106.77,106.77,106.77,106.77
1130315,1600,106.14,106.24,105.86,106.24
1130318,1600,106.05,106.53,106.05,106.53
1130319,1600,106.67,107.06,106.49,106.49
1130320,1600,106.8,106.8,106.77,106.77
1130321,1600,106.95,106.95,106.79,106.79
1130322,1600,106.36,106.36,106.35,106.35
1130325,1600,106.92,107.46,106.92,107.15
1130326,1600,107.37,107.74,107.37,107.74
1130327,1600,108.27,108.48,108.27,108.48
1130328,1600,108.55,108.55,108.26,108.5
1130402,1600,108.35,108.9,108.35,108.9
1130403,1600,107.92,107.92,107.92,107.92
1130404,1600,107.92,107.92,107.66,107.66
1130405,1600,107.18,107.18,105.39,105.47
1130408,1600,106.3,106.3,106.04,106.04
1130409,1600,106.16,106.16,106.16,106.16
1130410,1600,107.71,107.71,107.71,107.71
1130411,1600,107.97,108.08,107.97,108.08
1130412,1600,108.08,108.08,107.51,107.51
1130415,1600,107.5,107.5,107.2,107.2
1130416,1600,105.88,105.98,105.88,105.98
1130417,1600,105.68,105.68,105.57,105.57
1130418,1600,105.96,105.96,105.19,105.19
1130419,1600,105.24,105.57,105.24,105.57
1130422,1600,106.27,106.27,105.88,105.88
1130423,1600,107.15,107.82,107.15,107.82
1130424,1600,108.3,108.3,108.03,108.03
1130425,1600,108.6,108.6,108.6,108.6
1130426,1600,107.99,108.0,107.79,107.86
1130429,1600,107.65,107.93,107.65,107.93
1130430,1600,107.52,107.52,107.52,107.52
1130502,1600,107.08,108.72,107.08,108.72
1130503,1600,109.62,109.64,109.56,109.56
1130506,1600,109.48,109.83,109.41,109.83
1130507,1600,109.99,110.21,109.99,110.21
1130508,1600,110.15,110.15,109.64,110.03
1130509,1600,110.66,110.66,110.66,110.66
1130510,1600,111.47,111.95,111.34,111.95
1130513,1600,112.02,112.02,112.02,112.02
1130514,1600,111.83,112.99,111.83,112.99
1130515,1600,114.59,114.59,114.59,114.59
1130516,1600,114.5,114.6,114.09,114.6
1130517,1600,114.91,115.32,114.91,115.19
1130520,1600,115.56,115.56,115.56,115.56
1130521,1600,115.32,115.32,115.11,115.11
1130522,1600,116.1,116.1,116.1,116.1
1130523,1600,113.75,113.78,113.26,113.78
1130524,1600,113.76,113.76,112.98,113.17
1130527,1600,113.41,113.94,113.41,113.94
1130528,1600,115.39,115.39,115.39,115.39
1130529,1600,114.37,114.37,113.1,113.1
1130530,1600,113.18,113.18,113.18,113.18
1130531,1600,112.94,113.78,112.94,113.78
1130603,1600,111.36,111.9,110.58,110.58
1130604,1600,111.99,111.99,111.74,111.74
1130605,1600,111.03,111.03,110.17,110.17
1130606,1600,109.73,109.73,108.81,108.81
1130607,1600,109.27,110.69,109.27,110.69
1130610,1600,110.98,111.09,110.7,110.86
1130611,1600,110.08,110.08,110.08,110.08
1130612,1600,109.95,109.95,108.76,108.76
1130613,1600,107.63,108.17,107.63,108.17
1130614,1600,109.36,109.36,109.08,109.08
1130617,1600,109.61,109.95,109.52,109.95
1130618,1600,109.59,109.79,109.33,109.79
1130619,1600,110.1,110.21,109.79,109.84
1130620,1600,109.39,109.39,108.28,108.28
1130621,1600,108.23,108.23,107.31,107.31
1130624,1600,107.72,107.72,106.35,106.35
1130625,1600,107.59,108.14,107.59,108.14
1130626,1600,108.81,109.63,108.8,109.63
1130627,1600,110.03,110.64,110.03,110.64
1130628,1600,110.0,110.55,110.0,110.55
1130701,1600,110.48,110.99,110.48,110.99
1130702,1600,111.06,111.06,111.06,111.06
1130703,1600,110.45,110.46,110.45,110.46
1130704,1600,112.6,112.67,112.42,112.42
1130705,1600,113.02,113.02,112.39,112.39
1130708,1600,113.71,113.71,113.71,113.71
1130709,1600,115.29,115.29,115.29,115.29
1130710,1600,114.65,114.65,114.65,114.65
1130711,1600,114.23,114.39,114.2,114.2
1130712,1600,114.29,114.57,114.29,114.43
1130715,1600,114.7,115.07,114.7,115.07
1130716,1600,114.63,114.63,113.69,113.69
1130717,1600,113.89,114.43,113.86,114.43
1130718,1600,115.3,115.44,115.3,115.44
1130719,1600,114.48,114.72,114.48,114.72
1130722,1600,114.78,114.78,114.78,114.78
1130723,1600,114.31,114.31,114.31,114.31
1130724,1600,114.35,114.35,114.04,114.04
1130725,1600,113.63,113.63,113.38,113.38
1130726,1600,112.96,112.96,112.96,112.96
1130729,1600,113.36,113.36,113.36,113.36
1130730,1600,113.69,113.76,113.69,113.76
1130731,1600,113.96,114.0,113.96,113.96
1130801,1600,114.17,114.96,114.17,114.96
1130802,1600,115.27,115.45,114.53,114.53
1130805,1600,114.95,115.0,114.88,114.99
1130806,1600,113.84,113.84,113.84,113.84
1130807,1600,113.06,113.06,113.06,113.06
1130808,1600,113.4,113.4,112.89,112.89
1130809,1600,113.37,113.37,112.95,113.06
1130812,1600,112.82,113.5,112.82,113.5
1130813,1600,113.67,113.92,113.67,113.92
1130814,1600,113.9,113.9,113.9,113.9
1130815,1600,112.31,112.31,112.31,112.31
1130816,1600,111.42,111.42,111.42,111.42
1130819,1600,110.78,110.78,110.78,110.78
1130820,1600,110.24,110.24,109.95,110.23
1130821,1600,110.1,110.12,110.1,110.12
1130822,1600,109.95,110.55,109.95,110.55
1130823,1600,110.92,110.92,110.7,110.7
1130826,1600,111.49,111.49,111.49,111.49
1130827,1600,110.45,110.45,109.55,109.55
1130828,1600,109.21,109.7,109.21,109.69
1130829,1600,110.36,111.17,110.36,111.17
1130830,1600,110.52,110.52,110.52,110.52
1130902,1600,111.73,111.73,111.73,111.73
1130903,1600,111.56,111.56,111.56,111.56
1130904,1600,111.43,111.64,111.43,111.64
1130905,1600,112.95,112.95,112.95,112.95
1130906,1600,112.81,112.81,112.7,112.78
1130909,1600,112.37,112.4,112.21,112.21
1130910,1600,113.44,113.44,113.44,113.44
1130911,1600,113.5,113.5,113.25,113.25
1130912,1600,113.62,113.64,113.3,113.3
1130913,1600,113.55,113.72,113.55,113.72
1130916,1600,114.17,114.17,113.97,114.15
1130917,1600,113.72,114.06,113.72,114.06
1130918,1600,114.36,114.36,114.12,114.12
1130919,1600,114.42,114.42,113.94,113.94
1130920,1600,113.88,113.88,113.71,113.71
1130923,1600,113.25,113.25,112.76,112.76
1130924,1600,112.6,113.04,112.6,113.04
1130925,1600,112.52,112.64,112.48,112.48
1130926,1600,112.55,112.55,112.55,112.55
1130927,1600,112.7,112.7,111.76,111.76
1130930,1600,111.41,111.41,111.3,111.3
1131001,1600,111.69,112.06,111.42,112.06
1131002,1600,111.79,111.79,111.07,111.17
1131004,1600,110.39,110.88,110.39,110.88
1131007,1600,110.42,111.02,110.39,111.02
1131008,1600,110.6,110.61,109.76,109.76
1131009,1600,110.04,110.04,109.32,109.32
1131010,1600,110.19,111.38,110.19,111.38
1131011,1600,111.76,112.07,111.76,112.07
1131014,1600,111.8,111.95,111.8,111.95
1131015,1600,112.89,113.54,112.89,113.54
1131016,1600,112.92,114.24,112.52,114.15
1131017,1600,112.91,113.13,112.91,113.13
1131018,1600,113.56,113.89,113.56,113.89
1131021,1600,114.23,114.3,114.18,114.24
1131022,1600,114.31,114.33,113.92,113.92
1131023,1600,113.72,113.89,113.58,113.58
1131024,1600,113.87,113.87,113.7,113.71
1131025,1600,113.89,114.08,113.89,114.08
1131028,1600,114.49,114.49,114.49,114.49
1131029,1600,114.71,115.38,114.7,115.38
1131030,1600,115.13,115.13,115.13,115.13
1131031,1600,116.32,116.32,116.32,116.32
1131101,1600,116.57,116.72,116.49,116.72
1131104,1600,117.05,117.43,116.88,116.88
1131105,1600,117.51,117.51,117.28,117.31
1131106,1600,117.59,117.59,117.2,117.2
1131107,1600,117.32,118.28,117.31,117.93
1131108,1600,118.31,118.31,118.31,118.31
1131111,1600,118.53,118.69,118.43,118.43
1131112,1600,118.65,118.65,118.18,118.18
1131113,1600,118.11,118.11,117.9,117.9
1131114,1600,119.06,119.06,119.06,119.06
1131115,1600,119.5,119.83,119.38,119.38
1131118,1600,119.32,119.49,119.32,119.38
1131119,1600,119.0,119.0,118.83,118.83
1131120,1600,119.61,119.61,119.61,119.61
1131121,1600,119.13,119.41,119.13,119.41
1131122,1600,119.12,119.3,119.12,119.3
1131125,1600,119.76,120.21,119.76,120.15
1131126,1600,119.46,119.84,119.43,119.43
1131127,1600,119.06,119.58,119.06,119.58
1131128,1600,119.31,119.61,119.31,119.34
1131129,1600,119.41,119.56,119.41,119.56
1131202,1600,119.18,119.67,119.18,119.67
1131203,1600,118.63,118.86,118.38,118.38
1131204,1600,118.69,119.1,118.43,118.87
1131205,1600,118.05,118.47,117.35,117.35
1131206,1600,117.69,118.42,117.69,118.2
1131209,1600,118.48,118.54,118.32,118.54
1131210,1600,118.31,118.31,117.61,117.71
1131211,1600,117.74,117.74,116.61,116.61
1131212,1600,116.14,116.32,116.12,116.13
1131213,1600,116.18,116.18,116.11,116.13
1131216,1600,115.78,116.77,115.78,116.77
1131217,1600,116.4,116.75,116.1,116.1
1131218,1600,116.46,116.66,116.22,116.22
1131219,1600,118.17,118.94,118.17,118.9
1131220,1600,119.29,119.61,119.1,119.61
1131223,1600,119.91,120.0,119.89,119.99
1131227,1600,120.11,120.15,119.31,120.09
1131230,1600,120.54,120.54,120.32,120.35
1140102,1600,121.5,121.52,120.13,120.82
1140103,1600,120.86,121.31,120.71,121.05
1140106,1600,121.16,121.28,120.3,120.3
1140107,1600,121.7,121.7,121.44,121.44
1140108,1600,121.52,121.68,121.36,121.68
1140109,1600,121.3,122.29,121.3,121.31
1140110,1600,121.83,122.12,120.66,120.66
1140113,1600,121.07,121.42,121.04,121.32
1140114,1600,119.67,120.53,119.67,120.53
1140115,1600,121.69,122.2,121.53,122.2
1140116,1600,121.91,121.97,121.66,121.85
1140117,1600,121.95,122.33,121.95,122.33
1140120,1600,122.14,122.14,121.96,122.11
1140121,1600,122.63,122.9,121.82,121.82
1140122,1600,122.53,122.53,122.19,122.2
1140123,1600,121.6,121.6,120.21,120.21
1140124,1600,120.27,120.27,118.52,118.52
1140127,1600,117.42,118.05,117.35,117.35
1140128,1600,117.75,118.1,117.47,117.73
1140129,1600,118.57,118.57,116.99,117.6
1140130,1600,117.5,118.97,117.5,118.97
1140131,1600,118.61,118.99,117.9,118.99
1140203,1600,118.99,119.09,116.97,116.97
1140204,1600,116.28,116.9,115.95,116.9
1140205,1600,116.2,116.48,116.03,116.2
1140206,1600,117.06,117.06,116.08,117.04
1140207,1600,117.85,118.02,117.15,118.02
1140210,1600,118.57,118.62,118.19,118.39
1140211,1600,118.76,119.33,118.76,119.33
1140212,1600,120.12,120.83,120.12,120.48
1140213,1600,119.53,120.15,119.53,120.15
1140214,1600,120.01,120.81,120.01,120.72
1140217,1600,121.0,121.04,120.88,121.02
1140218,1600,120.96,120.96,120.44,120.6
1140219,1600,120.28,120.75,120.24,120.75
1140220,1600,120.0,120.73,120.0,120.73
1140221,1600,121.12,121.12,120.99,121.11
1140224,1600,120.28,121.67,120.28,121.67
1140225,1600,120.88,121.38,120.88,121.38
1140226,1600,121.6,122.08,121.6,122.08
1140227,1600,122.03,122.03,121.32,121.54
1140228,1600,121.96,121.96,121.04,121.85
1140303,1600,120.56,121.01,120.23,120.58
1140304,1600,121.68,122.74,121.68,122.74
1140305,1600,123.05,123.21,122.95,122.95
1140306,1600,123.3,123.46,122.46,122.47
1140307,1600,122.22,122.56,121.95,121.95
1140310,1600,122.08,122.08,121.45,121.73
1140311,1600,122.19,122.25,121.76,121.76
1140312,1600,121.48,121.48,120.9,120.9
1140313,1600,121.07,121.16,120.28,120.28
1140314,1600,120.22,120.22,119.62,119.62
1140317,1600,120.24,120.47,120.03,120.47
1140318,1600,120.45,121.37,120.45,121.25
1140319,1600,121.37,121.53,121.3,121.31
1140320,1600,121.46,122.39,121.46,122.39
1140321,1600,122.99,123.06,122.66,122.92
1140324,1600,122.33,122.54,121.07,121.07
1140325,1600,121.03,121.8,121.03,121.8
1140326,1600,122.63,122.63,122.37,122.37
1140327,1600,121.67,121.67,120.76,121.42
1140328,1600,122.09,122.45,122.09,122.35
1140331,1600,122.23,122.36,122.03,122.36
1140401,1600,122.77,122.97,122.59,122.96
1140402,1600,123.57,123.86,123.43,123.86
1140403,1600,123.91,124.3,123.91,124.3
1140404,1600,124.78,124.78,124.3,124.3
1140407,1600,122.4,122.45,121.91,121.91
1140408,1600,121.18,121.18,120.46,121.04
1140409,1600,121.34,121.4,121.32,121.32
1140410,1600,121.91,121.91,120.72,120.72
1140411,1600,119.4,119.4,118.43,119.02
1140414,1600,118.59,119.79,118.44,119.79
1140415,1600,119.83,120.49,119.67,119.67
1140416,1600,120.91,121.2,120.91,121.2
1140417,1600,121.08,121.7,120.99,121.63
1140422,1600,122.63,123.2,122.01,123.2
1140423,1600,122.58,122.75,122.52,122.75
1140424,1600,123.25,123.26,122.93,122.93
1140425,1600,122.47,122.58,121.58,121.82
1140428,1600,121.89,121.98,121.88,121.88
1140429,1600,122.27,122.76,122.27,122.76
1140430,1600,122.5,122.75,122.22,122.31
1140502,1600,122.88,123.52,122.68,122.68
1140505,1600,121.96,122.45,121.96,122.45
1140506,1600,122.59,122.59,121.69,121.71
1140507,1600,121.57,121.57,120.75,121.48
1140508,1600,121.93,123.1,121.86,123.1
1140509,1600,122.61,123.09,122.54,122.96
1140512,1600,123.83,124.45,123.83,124.45
1140513,1600,125.2,125.2,125.2,125.2
1140514,1600,125.12,125.13,124.84,124.9
1140515,1600,124.58,124.89,123.11,123.11
1140516,1600,123.23,123.6,123.23,123.6
1140519,1600,123.69,124.28,123.32,124.21
1140520,1600,124.41,124.47,124.23,124.23
1140521,1600,123.62,124.74,123.62,124.67
1140522,1600,125.2,125.6,124.81,125.6
1140523,1600,125.86,126.05,125.8,126.0
1140526,1600,126.26,126.39,126.26,126.37
1140527,1600,126.31,126.85,126.31,126.85
1140528,1600,127.01,127.32,127.01,127.27
1140529,1600,127.42,127.42,127.16,127.3
1140530,1600,127.57,127.64,127.4,127.5
1140602,1600,127.96,128.13,127.65,127.99
1140603,1600,127.96,127.96,127.5,127.66
1140604,1600,127.91,128.12,127.43,128.12
1140605,1600,128.27,129.14,127.81,128.66
1140606,1600,128.73,129.36,128.73,129.31
1140609,1600,129.14,130.21,129.14,130.21
1140610,1600,129.64,130.32,129.64,130.29
1140611,1600,130.49,130.49,129.86,130.12
1140612,1600,130.17,130.39,129.52,129.56
1140613,1600,128.9,129.45,128.9,129.44
1140616,1600,129.15,129.54,128.93,128.93
1140617,1600,129.31,129.69,129.31,129.69
1140618,1600,129.84,129.88,129.53,129.61
1140619,1600,130.19,130.23,130.05,130.07
1140620,1600,130.45,131.12,130.43,130.92
1140623,1600,130.93,131.01,130.57,130.57
1140624,1600,130.26,131.2,130.25,131.17
1140625,1600,129.9,130.15,129.13,129.89
1140626,1600,130.11,130.37,129.79,130.06
1140627,1600,130.09,130.09,129.97,130.01
1140630,1600,130.15,130.15,129.87,129.87
1140701,1600,129.94,130.78,129.92,130.78
1140702,1600,130.77,131.12,130.77,131.11
1140703,1600,131.11,132.04,131.03,132.04
1140704,1600,132.22,132.3,132.16,132.16
1140707,1600,132.24,132.24,131.69,131.69
1140708,1600,131.72,131.88,130.67,130.67
1140709,1600,131.01,131.35,130.88,130.88
1140710,1600,130.29,130.86,130.01,130.86
1140711,1600,130.9,131.1,130.73,130.91
1140714,1600,131.39,131.7,131.23,131.7
1140715,1600,131.68,132.0,131.68,131.73
1140716,1600,132.2,132.86,132.15,132.5
1140717,1600,132.49,132.81,132.04,132.34
1140718,1600,131.44,132.41,131.44,132.41
1140721,1600,132.42,132.53,131.95,132.21
1140722,1600,132.8,133.75,132.8,133.64
1140723,1600,133.56,133.95,133.56,133.95
1140724,1600,133.96,134.1,133.95,134.1
1140725,1600,133.84,134.01,133.52,133.52
1140728,1600,133.33,133.67,132.8,133.4
1140729,1600,133.5,133.97,133.26,133.51
1140730,1600,133.5,134.07,133.45,133.48
1140731,1600,133.16,133.16,131.73,131.73
1140801,1600,131.15,131.15,129.79,130.01
1140804,1600,130.54,130.61,129.88,130.3
1140805,1600,131.29,131.29,130.8,131.18
1140806,1600,130.48,130.89,129.83,130.89
1140807,1600,130.38,131.13,130.36,130.48
1140808,1600,128.68,129.89,128.56,129.81
1140811,1600,130.99,131.9,130.89,131.83
1140812,1600,131.79,132.2,131.2,131.31
1140813,1600,132.03,132.41,131.51,132.41
1140814,1600,132.36,132.6,132.04,132.48
1140815,1600,132.9,133.27,131.91,132.22
1140818,1600,133.26,134.04,133.25,134.04
1140819,1600,134.39,135.03,134.3,135.03
1140820,1600,135.12,135.65,134.99,135.65
1140821,1600,136.1,136.36,135.9,136.21
1140822,1600,136.29,136.6,136.13,136.6
1140825,1600,137.62,137.78,137.4,137.76
1140826,1600,137.46,138.01,137.35,138.01
1140827,1600,138.07,138.07,137.59,137.7
1140828,1600,137.38,137.72,137.32,137.67
1140829,1600,138.32,138.45,137.56,138.45
1140901,1600,138.63,138.64,138.29,138.59
1140902,1600,139.0,139.3,138.6,138.67
1140903,1600,138.69,139.15,138.6,138.6
1140904,1600,138.43,140.97,138.21,140.7
1140905,1600,140.46,140.46,139.63,140.02
1140908,1600,140.9,140.92,140.62,140.9
1140909,1600,141.24,141.47,140.5,140.54
1140910,1600,139.82,140.14,139.53,140.14
1140911,1600,140.46,140.46,139.55,140.2
1140912,1600,140.65,140.67,139.8,139.82
1140915,1600,139.08,139.79,139.0,139.26
1140916,1600,139.43,140.03,139.07,140.03
1140917,1600,140.43,140.7,140.26,140.42
1140918,1600,141.47,142.02,141.39,141.73
1140919,1600,142.34,142.86,142.34,142.54
1140922,1600,141.55,142.14,141.55,141.61
1140923,1600,141.12,141.12,140.2,140.82
1140924,1600,140.18,141.77,140.18,141.77
1140925,1600,142.44,143.06,140.7,141.19
1140926,1600,140.34,141.54,140.34,141.09
1140929,1600,141.94,141.94,140.62,141.62
1140930,1600,142.11,143.6,142.11,143.1
1141001,1600,142.09,142.5,140.94,141.46
1141002,1600,140.52,140.59,139.02,139.02
1141006,1600,143.37,143.5,142.45,142.48
1141007,1600,141.28,141.62,140.48,140.48
1141008,1600,139.58,139.71,138.34,138.97
1141009,1600,140.92,140.92,139.76,140.25
1141010,1600,138.72,139.48,137.88,138.35
1141013,1600,137.63,137.63,135.9,136.5
1141014,1600,134.91,136.05,134.59,135.99
1141015,1600,135.5,135.55,130.48,131.84
1141016,1600,132.44,132.78,129.92,132.52
1141017,1600,132.86,135.31,132.52,135.31
1141020,1600,135.28,135.36,134.11,134.89
1141021,1600,134.53,138.25,134.36,138.25
1141022,1600,138.95,140.27,138.95,140.27
1141023,1600,139.46,141.06,139.31,140.79
1141024,1600,140.15,140.7,139.73,140.67
1141027,1600,141.42,141.42,140.09,140.39
1141028,1600,141.14,141.72,140.6,140.98
1141029,1600,142.03,142.28,141.57,141.57
1141030,1600,143.91,143.91,142.3,143.56
1141031,1600,145.32,148.09,145.32,146.42
1141103,1600,146.89,147.35,146.77,147.24
1141104,1600,146.7,147.03,145.18,145.43
1141105,1600,146.84,147.79,146.6,147.39
1141106,1600,147.15,149.12,147.02,148.73
1141107,1600,149.65,149.77,148.45,149.25
1141110,1600,148.19,149.41,148.05,149.41
1141111,1600,149.94,150.0,149.33,149.33
1141112,1600,148.82,149.2,148.45,149.2
1141113,1600,149.62,149.69,148.98,148.98
1141114,1600,149.49,149.8,149.0,149.04
1141117,1600,148.04,149.39,148.04,149.02
1141118,1600,149.16,149.4,148.5,149.17
1141119,1600,149.07,149.25,148.61,148.61
1141120,1600,148.7,149.52,148.08,149.52
1141121,1600,149.61,152.33,149.61,151.91
1141124,1600,151.97,152.46,151.59,151.59
1141125,1600,152.0,152.36,151.0,151.25
1141126,1600,151.64,151.81,150.8,150.95
1141127,1600,151.44,151.78,151.35,151.77
1141128,1600,152.01,152.17,151.36,152.17
1141201,1600,151.16,151.16,149.89,150.24
1141202,1600,150.74,151.87,150.62,151.87
1141203,1600,152.54,153.66,152.46,153.5
1141204,1600,153.75,154.44,151.5,151.57
1141205,1600,152.9,154.18,152.9,153.99
1141208,1600,154.26,154.29,153.9,153.91
1141209,1600,151.8,151.97,149.29,150.26
1141210,1600,151.79,151.93,150.08,150.08
1141211,1600,148.68,151.49,148.67,151.31
1141212,1600,149.42,149.43,147.5,147.7
1141215,1600,147.28,148.29,145.67,145.67
1141216,1600,146.63,147.54,143.36,147.32
1141217,1600,145.01,146.48,144.84,146.46
1141218,1600,149.86,152.26,149.86,151.46
1141219,1600,154.1,154.45,153.23,154.45
1141222,1600,154.47,154.7,154.2,154.42
1141223,1600,155.1,156.59,154.94,156.34
1141229,1600,156.64,157.19,155.85,157.19
1141230,1600,156.6,156.91,156.4,156.91
1150102,1600,157.0,157.71,155.79,156.18
1150105,1600,156.48,157.53,155.27,155.45
1150106,1600,155.13,155.85,153.71,153.71
1150107,1600,155.21,156.7,154.34,156.05
1150108,1600,157.68,159.66,157.68,159.41
1150109,1600,159.5,160.29,157.54,157.93
1150112,1600,157.78,159.27,156.39,157.53
1150113,1600,156.66,159.87,156.66,159.02
1150114,1600,156.04,157.47,154.1,154.89
1150115,1600,157.51,158.96,155.88,158.07
1150116,1600,156.54,159.62,155.86,158.95
1150119,1600,159.51,159.51,158.09,158.57
1150120,1600,160.0,160.41,158.57,159.1
1150121,1600,160.23,160.76,158.25,160.61
1150122,1600,161.01,164.29,160.04,163.95
1150123,1600,166.15,169.53,166.1,167.16
1150126,1600,166.6,166.78,165.85,166.16
1150127,1600,167.39,167.39,161.89,163.23
1150128,1600,164.98,165.13,163.17,163.71
1150129,1600,163.18,163.18,160.29,161.58
1150130,1600,162.87,163.34,161.91,162.46
1150202,1600,161.7,161.93,159.6,161.93
1150203,1600,163.19,163.92,161.84,161.84
1150204,1600,163.22,164.33,162.88,164.33
1150205,1600,163.93,164.97,163.47,164.97
1150206,1600,164.81,167.17,164.53,166.91
1150209,1600,165.47,166.38,164.91,166.03
1150210,1600,165.64,166.95,165.49,166.4
1150211,1600,166.66,167.72,166.66,167.45
1150212,1600,167.28,168.23,166.93,167.15
1150213,1600,167.23,168.21,167.23,167.91
1150216,1600,167.87,168.56,167.74,168.56
1150217,1600,168.45,168.56,167.74,168.39
1150218,1600,168.91,169.12,168.49,169.08
1150219,1600,167.99,169.05,167.51,168.89
1150220,1600,169.07,170.0,168.85,169.0
1150223,1600,170.41,170.77,169.97,170.46
1150224,1600,170.81,171.11,170.5,171.06
1150225,1600,170.48,170.85,170.19,170.67
1150226,1600,170.51,172.74,170.38,172.74
1150227,1600,172.65,173.06,171.8,172.41
1150302,1600,172.83,173.32,171.67,173.32
1150303,1600,173.11,173.61,172.01,172.01
1150304,1600,173.47,173.63,172.38,173.63
1150305,1600,173.9,175.0,173.16,174.78
1150306,1600,174.75,177.22,174.75,175.71
1150309,1600,174.51,175.49,173.85,175.44
1150310,1600,176.15,176.63,174.9,175.56
1150311,1600,175.86,178.0,175.86,177.21
1150312,1600,176.5,178.09,176.33,178.09
1150313,1600,178.83,179.5,178.0,178.61
1150316,1600,178.71,179.96,178.61,179.53
1150317,1600,179.65,179.98,178.33,179.18
1150318,1600,179.38,179.58,178.02,178.2
1150319,1600,180.36,180.85,179.5,179.98
1150320,1600,180.06,180.18,178.4,180.18
1150323,1600,179.33,179.33,176.6,177.19
1150324,1600,176.01,177.3,175.73,176.59
1150325,1600,175.36,175.43,173.16,173.17
1150326,1600,170.7,173.17,169.78,173.0
1150327,1600,174.76,174.89,172.68,173.28
1150330,1600,175.48,176.6,175.06,176.6
1150331,1600,176.91,177.99,176.49,177.56
1150401,1600,175.27,176.73,174.77,175.3
1150402,1600,174.45,174.9,173.72,174.71
1150407,1600,175.0,176.56,174.72,176.56
1150408,1600,176.69,176.78,175.21,176.61
1150409,1600,177.29,178.78,177.15,178.62
1150410,1600,180.45,181.88,180.45,181.88
1150413,1600,181.73,183.08,181.68,182.53
1150414,1600,182.74,182.79,178.93,180.05
1150415,1600,181.62,182.5,180.21,182.01
1150416,1600,182.08,182.08,179.19,180.12
1150417,1600,179.53,179.53,177.0,177.28
1150420,1600,178.09,179.56,178.09,179.56
1150421,1600,181.18,181.73,179.28,179.28
1150422,1600,179.49,180.13,177.71,179.88
1150423,1600,181.14,181.14,179.01,179.23
1150424,1600,178.75,179.68,178.15,179.09
1150427,1600,179.66,180.03,178.79,178.79
1150428,1600,178.25,178.25,175.5,176.77
1150429,1600,177.04,177.08,173.33,173.48
1150430,1600,173.89,173.89,171.26,172.33
1150504,1600,173.89,174.48,173.25,174.24
1150505,1600,174.96,175.59,172.06,172.06
1150506,1600,170.91,171.84,167.93,168.93
1150507,1600,168.0,170.05,166.45,170.05
1150508,1600,171.95,173.25,170.89,173.18
1150511,1600,173.38,174.42,173.38,174.21
1150512,1600,172.69,172.69,170.0,171.69
1150513,1600,172.2,172.67,169.78,170.14
1150514,1600,169.33,171.13,169.13,171.13
1150515,1600,171.22,172.38,170.49,170.49
1150518,1600,170.4,172.37,170.4,172.37
1150519,1600,175.11,175.91,174.72,175.81
1150520,1600,176.9,176.9,175.5,176.28
1150521,1600,175.62,176.32,174.63,176.32
1150522,1600,175.97,177.82,174.96,177.29
1150526,1600,179.66,179.71,177.65,178.11
1150527,1600,177.79,179.36,177.2,178.95
1150528,1600,178.96,179.52,178.13,178.69
1150529,1600,178.34,178.34,174.82,176.72
1150601,1600,177.64,178.4,176.75,177.76
1150602,1600,177.43,177.43,173.19,174.4
1150603,1600,174.58,175.48,172.88,173.14
1150604,1600,172.99,173.14,170.46,171.55
1150605,1600,171.53,174.36,171.4,173.45
1150608,1600,172.53,173.1,171.23,171.23
1150609,1600,169.83,170.44,169.17,170.1
1150610,1600,169.53,171.38,168.82,171.38
1150611,1600,171.64,173.49,171.64,172.84
1150612,1600,172.8,173.77,170.92,171.24
1150615,1600,171.37,171.38,169.84,170.31
1150616,1600,169.08,171.35,168.85,171.35
1150617,1600,171.13,172.19,171.13,171.74
1150618,1600,170.41,171.33,169.38,171.33
1150619,1600,173.14,173.19,171.94,172.15
1150622,1600,171.73,172.87,171.64,172.18
1150623,1600,173.9,175.77,173.73,174.67
1150624,1600,174.75,175.04,174.09,174.56
1150625,1600,173.66,174.61,173.34,173.85
1150626,1600,172.82,173.86,172.61,173.86
1150629,1600,172.88,173.48,171.21,171.21
1150630,1600,170.31,171.37,169.63,170.66
1150701,1600,171.73,173.33,171.7,172.65
1150702,1600,173.22,173.71,172.46,172.46
1150703,1600,172.46,172.79,172.07,172.32
1150706,1600,171.95,172.87,171.54,172.54
1150707,1600,174.1,175.37,172.02,172.02
1150708,1600,173.18,173.23,170.95,171.47
1150709,1600,171.36,172.81,171.36,172.39
1150710,1600,172.09,172.09,170.71,171.66
1150713,1600,171.81,175.28,171.81,175.28
1150714,1600,176.25,176.59,175.0,176.47
1150715,1600,176.9,177.73,176.25,177.73
1150716,1600,178.25,180.05,178.25,179.58
1150717,1600,179.99,180.42,179.58,180.27
1150720,1600,180.88,181.19,180.36,180.83
1150721,1600,181.53,181.53,178.66,178.78
1150722,1600,177.8,179.33,177.8,178.61
1150723,1600,178.88,178.88,177.21,177.25
1150724,1600,176.94,177.77,175.85,175.9
1150727,1600,174.53,174.53,171.4,171.52
1150728,1600,173.57,174.21,172.75,173.74
1150729,1600,175.24,176.03,174.69,176.03
1150730,1600,177.4,177.64,176.78,177.64
1150731,1600,177.79,178.08,175.35,176.42
1150803,1600,176.71,177.34,176.09,177.07
1150804,1600,176.52,176.84,175.85,176.38
1150805,1600,177.5,179.4,177.5,179.08
1150806,1600,177.41,178.19,176.01,176.01
1150807,1600,175.92,176.82,174.43,174.43
1150810,1600,175.56,176.77,174.93,176.41
1150811,1600,176.32,176.32,173.69,173.76
1150812,1600,172.4,172.4,169.37,169.79
1150813,1600,173.78,174.04,172.5,172.57
1150814,1600,172.74,173.0,171.67,173.0
1150817,1600,174.55,175.0,172.9,174.72
1150818,1600,175.11,175.82,174.68,175.79
1150819,1600,174.7,175.19,172.86,172.96
1150820,1600,172.2,172.24,169.0,169.41
1150821,1600,166.11,166.69,162.5,162.5
1150824,1600,155.5,156.55,136.0,152.24
1150825,1600,152.61,157.52,152.24,157.25
1150826,1600,151.87,156.47,151.45,153.16
1150827,1600,158.99,162.26,158.75,162.26
1150828,1600,162.8,164.27,160.35,164.27
1150831,1600,162.91,163.09,162.0,163.05
1150901,1600,159.53,159.53,156.87,158.77
1150902,1600,158.67,159.96,157.47,158.46
1150903,1600,160.21,164.5,160.21,163.68
1150904,1600,161.22,161.22,159.0,159.76
1150907,1600,161.5,161.5,160.0,160.3
1150908,1600,161.09,162.54,160.79,161.27
1150909,1600,164.91,165.14,163.12,163.48
1150910,1600,161.08,162.41,159.34,159.87
1150911,1600,160.01,160.01,158.62,158.73
1150914,1600,159.74,161.19,159.41,159.41
1150915,1600,160.0,161.64,159.4,161.64
1150916,1600,162.31,163.22,162.16,162.74
1150917,1600,163.36,163.39,162.48,163.39
1150918,1600,161.48,161.48,158.58,160.17
1150921,1600,160.58,163.54,159.88,162.93
1150922,1600,162.8,162.8,160.45,160.5
1150923,1600,160.74,162.25,160.6,160.7
1150924,1600,159.69,160.67,156.47,156.89
1150925,1600,161.0,162.77,160.39,160.96
1150928,1600,160.64,160.64,156.33,156.33
1150929,1600,153.85,156.52,153.85,154.91
1150930,1600,156.91,158.85,156.25,158.57
1151001,1600,160.91,161.0,157.68,158.02
1151002,1600,160.08,160.47,155.08,157.55
1151005,1600,161.03,163.3,160.62,163.01
1151006,1600,163.76,164.28,162.71,162.78
1151007,1600,163.52,164.92,162.5,162.93
1151008,1600,163.59,164.08,162.47,163.71
1151009,1600,165.41,165.41,164.0,164.18
1151012,1600,164.52,164.57,163.66,164.57
1151013,1600,164.25,164.57,163.01,164.2
1151014,1600,162.45,162.96,161.3,161.46
1151015,1600,161.79,163.34,161.7,162.76
1151016,1600,164.76,165.57,164.68,165.4
1151019,1600,165.62,166.37,165.33,166.17
1151020,1600,166.32,166.32,165.0,165.8
1151021,1600,165.8,166.43,165.54,166.2
1151022,1600,165.3,169.68,165.0,169.68
1151023,1600,171.33,174.5,171.33,173.67
1151026,1600,173.64,174.51,172.99,173.54
1151027,1600,172.89,173.73,172.66,172.85
1151028,1600,173.68,174.32,172.9,174.01
1151029,1600,177.47,177.47,175.61,176.47
1151030,1600,176.86,176.86,174.5,175.49
1151102,1600,173.97,176.03,173.6,176.03
1151103,1600,176.55,178.09,176.41,178.06
1151104,1600,178.84,180.09,178.75,179.18
1151105,1600,179.5,179.83,178.3,178.59
1151106,1600,178.95,181.5,178.59,180.33
1151109,1600,180.62,180.8,178.02,178.53
1151110,1600,178.64,180.55,178.64,179.82
1151111,1600,179.77,180.9,179.4,179.42
1151112,1600,179.4,180.4,177.23,177.34
1151113,1600,176.3,176.65,174.92,175.68
1151116,1600,174.38,176.0,173.96,175.66
1151117,1600,178.73,179.9,178.08,179.9
1151118,1600,178.68,180.43,177.82,180.43
1151119,1600,181.7,181.8,179.79,179.79
1151120,1600,181.24,182.4,180.69,182.4
1151123,1600,182.34,183.16,181.93,183.12
1151124,1600,181.95,181.95,179.39,181.65
1151125,1600,181.63,183.6,181.12,182.83
1151126,1600,183.1,183.69,183.07,183.53
1151127,1600,182.62,183.58,182.47,183.54
1151130,1600,182.8,184.1,182.68,182.97
1151201,1600,183.73,183.73,182.48,182.83
1151202,1600,183.94,184.82,183.54,184.03
1151203,1600,183.29,185.25,176.43,176.43
1151204,1600,176.13,177.12,173.93,176.98
1151207,1600,178.57,180.18,176.98,177.21
1151208,1600,177.21,177.56,175.02,175.91
1151209,1600,175.73,176.1,173.46,174.59
1151210,1600,173.31,176.02,173.31,174.48
1151211,1600,174.11,174.11,170.38,170.81
1151214,1600,172.34,172.34,167.63,167.87
1151215,1600,170.29,174.16,170.29,173.87
1151216,1600,174.68,175.16,173.69,174.02
1151217,1600,177.13,178.25,175.98,176.21
1151218,1600,173.5,174.78,172.74,173.35
1151221,1600,171.83,173.23,170.61,170.61
1151222,1600,172.8,172.97,171.2,171.76
1151223,1600,173.98,175.94,173.93,175.94
1151225,1600,175.94,175.94,175.94,175.94
1151228,1600,173.94,174.39,173.13,173.13
1151229,1600,174.67,176.94,174.64,176.94
1151230,1600,176.73,176.89,176.33,176.56
1160104,1600,171.89,172.35,170.76,172.05
1160105,1600,173.64,175.13,172.61,174.65
1160106,1600,173.53,173.53,171.39,172.91
1160107,1600,169.38,169.48,166.14,168.57
1160108,1600,167.92,168.93,164.92,164.92
1160111,1600,164.17,165.67,163.74,163.87
1160112,1600,163.49,166.86,163.49,164.92
1160113,1600,167.61,167.94,165.44,166.27
1160114,1600,162.99,164.17,160.28,163.07
1160115,1600,163.31,163.35,158.82,159.5
1160118,1600,161.31,162.3,160.03,160.64
1160119,1600,163.77,163.85,160.64,161.85
1160120,1600,157.55,158.19,155.79,156.71
1160121,1600,158.0,163.29,157.6,161.22
1160122,1600,161.81,164.03,161.51,163.1
1160125,1600,163.8,163.9,162.32,162.76
1160126,1600,159.54,162.93,159.34,162.93
1160127,1600,162.14,163.02,161.47,163.02
1160128,1600,162.28,162.73,159.6,160.08
1160129,1600,162.62,165.0,161.98,165.0
1160201,1600,165.8,165.8,163.7,165.72
1160202,1600,165.01,165.01,163.01,163.62
1160203,1600,162.59,163.27,157.8,158.76
1160204,1600,160.94,161.32,157.62,159.13
1160205,1600,158.47,160.4,157.0,157.5
1160208,1600,157.49,157.8,152.89,153.1
1160209,1600,154.22,155.23,151.1,152.09
1160210,1600,153.14,156.96,152.9,154.48
1160211,1600,152.19,152.19,148.5,148.67
1160212,1600,151.7,154.27,151.66,154.27
1160215,1600,156.36,158.0,156.3,157.76
1160216,1600,158.21,158.21,156.8,157.42
1160217,1600,157.4,161.11,157.4,160.95
1160218,1600,161.6,162.56,160.84,161.28
1160219,1600,160.93,161.6,159.9,160.63
1160222,1600,162.74,164.63,162.74,164.25
1160223,1600,163.21,164.36,162.74,162.74
1160224,1600,163.38,163.38,159.89,160.28
1160225,1600,163.25,164.3,162.79,163.34
1160226,1600,165.52,167.39,165.52,166.59
1160229,1600,164.34,168.0,164.3,168.0
1160301,1600,166.21,168.67,166.0,168.67
1160302,1600,169.89,170.52,169.48,170.27
1160303,1600,170.29,170.55,168.55,168.66
1160304,1600,169.75,170.98,168.65,169.66
1160307,1600,169.46,169.96,169.2,169.7
1160308,1600,168.09,168.92,167.02,167.84
1160309,1600,168.8,169.64,167.75,168.52
1160310,1600,169.41,173.2,164.92,164.92
1160311,1600,168.1,169.35,167.95,168.45
1160314,1600,169.19,169.69,169.0,169.69
1160315,1600,169.0,169.33,168.59,168.93
1160316,1600,169.93,170.37,169.08,169.9
1160317,1600,168.62,168.62,165.94,168.18
1160318,1600,168.77,169.61,168.56,169.61
1160321,1600,169.46,170.25,169.31,170.01
1160322,1600,169.82,170.87,169.73,170.87
1160323,1600,171.26,171.43,170.29,170.92
1160324,1600,169.95,170.0,169.21,169.29
1160329,1600,170.57,170.57,168.98,169.78
1160330,1600,170.13,170.95,170.03,170.28
1160331,1600,169.77,169.77,168.95,169.32
1160401,1600,168.46,169.53,167.59,169.51
1160404,1600,170.24,170.82,169.45,169.79
1160405,1600,168.97,169.0,168.01,168.01
1160406,1600,168.75,169.13,167.63,168.73
1160407,1600,168.64,169.73,167.73,168.06
1160408,1600,168.89,169.28,167.86,167.86
1160411,1600,167.41,168.87,167.2,167.66
1160412,1600,167.48,168.79,166.69,168.76
1160413,1600,170.09,172.33,169.95,172.33
1160414,1600,172.55,173.2,172.25,173.2
1160415,1600,172.91,172.95,171.59,172.26
1160418,1600,171.01,172.57,171.01,172.36
1160419,1600,172.99,173.59,172.36,172.6
1160420,1600,172.59,173.74,172.2,173.74
1160421,1600,174.38,174.44,172.64,173.66
1160422,1600,173.32,174.0,172.92,173.45
1160425,1600,173.97,173.97,172.28,172.55
1160426,1600,173.56,173.79,172.4,172.63
1160427,1600,172.65,172.87,171.91,172.65
1160428,1600,171.33,173.32,170.92,173.32
1160429,1600,170.39,170.9,167.73,167.73
1160502,1600,168.88,168.88,167.61,168.32
1160503,1600,167.19,167.4,166.57,166.99
1160504,1600,167.23,167.91,166.22,166.73
1160505,1600,167.77,168.7,167.77,168.63
1160506,1600,167.42,167.91,166.2,167.45
1160509,1600,168.85,169.52,168.49,168.64
1160510,1600,169.93,170.54,169.75,170.54
1160511,1600,170.58,170.7,169.85,169.95
1160512,1600,169.2,170.6,168.77,169.02
1160513,1600,169.27,171.27,169.22,171.1
1160517,1600,171.08,171.22,169.74,170.12
1160518,1600,169.89,170.46,169.19,170.46
1160519,1600,170.32,170.89,169.35,169.35
1160520,1600,170.91,171.96,170.5,171.96
1160523,1600,170.96,171.95,170.96,171.36
1160524,1600,170.88,174.07,170.82,174.07
1160525,1600,174.76,176.1,174.76,175.45
1160526,1600,175.32,175.46,174.57,175.12
1160527,1600,175.16,176.48,175.16,176.48
1160530,1600,177.3,177.3,176.72,176.98
1160531,1600,177.0,177.0,176.27,176.45
1160601,1600,176.41,176.41,174.91,175.54
1160602,1600,175.44,175.95,175.07,175.93
1160603,1600,176.81,177.16,172.3,172.91
1160606,1600,173.52,174.06,173.3,173.93
1160607,1600,174.14,174.8,174.02,174.8
1160608,1600,173.95,174.26,173.68,173.99
1160609,1600,173.91,174.83,173.74,174.49
1160610,1600,174.92,174.92,174.11,174.64
1160613,1600,174.07,174.25,173.54,173.54
1160614,1600,172.92,174.0,172.66,173.0
1160615,1600,173.33,173.87,173.33,173.47
1160616,1600,171.35,173.41,171.35,173.41
1160617,1600,173.2,173.41,171.91,171.91
1160620,1600,173.03,173.78,172.83,173.78
1160621,1600,172.64,174.0,172.64,173.73
1160622,1600,174.05,174.38,173.13,174.14
1160623,1600,173.38,173.98,173.03,173.65
1160624,1600,171.95,175.4,171.16,173.33
1160627,1600,172.0,172.5,170.11,170.25
1160628,1600,170.63,171.94,170.25,171.39
1160629,1600,173.18,174.62,172.62,174.31
1160630,1600,174.83,176.15,174.64,176.12
1160701,1600,177.27,177.73,176.21,177.07
1160704,1600,177.94,178.26,177.14,177.14
1160705,1600,176.9,176.9,175.65,176.52
1160706,1600,176.65,177.27,175.89,176.88
1160707,1600,177.96,178.68,177.67,178.23
1160708,1600,177.95,180.58,177.91,180.45
1160711,1600,181.6,182.0,181.0,181.93
1160712,1600,181.08,182.63,180.84,182.63
1160713,1600,182.74,182.97,181.5,181.5
1160714,1600,182.82,183.4,182.48,182.96
1160715,1600,182.12,183.61,181.92,183.34
1160718,1600,183.88,184.17,183.34,183.47
1160719,1600,183.47,184.53,183.09,184.36
1160720,1600,185.26,185.59,184.8,185.59
1160721,1600,185.15,185.59,184.24,185.27
1160722,1600,184.42,185.6,184.27,185.6
1160725,1600,185.93,186.27,185.07,185.17
1160726,1600,185.1,185.55,184.58,185.01
1160727,1600,185.72,185.75,184.81,185.02
1160728,1600,183.72,183.72,182.86,183.01
1160729,1600,183.36,183.5,181.86,182.84
1160801,1600,183.43,183.55,182.56,182.82
1160802,1600,182.5,182.5,180.02,180.14
1160803,1600,180.66,181.69,180.22,181.37
1160804,1600,182.45,183.12,181.99,182.72
1160805,1600,182.83,185.28,182.49,185.08
1160808,1600,184.94,185.32,184.87,185.1
1160809,1600,184.96,185.19,184.59,184.89
1160810,1600,183.89,184.14,183.0,183.0
1160811,1600,183.52,184.11,183.4,184.11
1160812,1600,184.41,184.43,182.86,183.81
1160815,1600,184.01,184.17,183.93,184.12
1160816,1600,182.88,182.89,181.5,181.9
1160817,1600,182.23,182.23,181.05,181.05
1160818,1600,181.38,181.51,180.91,181.35
1160819,1600,181.21,181.38,180.76,181.24
1160822,1600,181.8,182.05,181.0,181.02
1160823,1600,181.28,182.08,180.99,181.97
1160824,1600,181.94,182.88,181.94,182.48
1160825,1600,181.6,181.66,180.95,181.66
1160826,1600,181.33,182.57,180.99,182.57
1160829,1600,182.37,183.6,182.3,183.58
1160830,1600,183.58,183.96,183.42,183.52
1160831,1600,183.79,183.96,182.95,182.95
1160901,1600,183.79,184.1,181.44,181.76
1160902,1600,182.47,184.07,181.76,183.81
1160905,1600,183.89,184.08,183.71,183.88
1160906,1600,184.15,184.15,182.11,182.66
1160907,1600,182.96,183.08,182.66,182.76
1160908,1600,182.76,183.07,181.29,182.36
1160909,1600,181.77,181.81,180.86,180.96
1160912,1600,176.32,179.24,176.32,179.24
1160913,1600,180.29,180.29,178.03,178.03
1160914,1600,179.02,179.15,178.21,178.21
1160915,1600,177.87,179.67,177.64,179.67
1160916,1600,179.5,180.58,179.08,180.24
1160919,1600,181.32,181.63,180.8,181.27
1160920,1600,180.41,181.16,180.24,180.84
1160921,1600,181.74,181.84,181.23,181.27
1160922,1600,181.31,182.48,181.2,182.37
1160923,1600,182.86,182.86,182.12,182.3
1160926,1600,181.37,181.37,179.66,179.66
1160927,1600,180.95,181.26,179.94,181.26
1160928,1600,182.28,182.28,181.24,181.32
1160929,1600,182.3,182.55,181.45,181.63
1160930,1600,180.53,182.13,180.53,181.97
1161004,1600,182.4,182.93,181.97,182.6
1161005,1600,180.48,182.09,180.38,181.73
1161006,1600,181.98,182.11,181.48,181.78
1161007,1600,182.99,183.26,181.53,181.85
1161010,1600,182.08,183.36,181.9,183.25
1161011,1600,183.22,184.08,182.48,182.48
1161012,1600,182.65,183.29,182.39,183.29
1161013,1600,181.88,182.34,180.7,181.55
1161014,1600,182.6,183.9,182.6,183.41
1161017,1600,182.58,183.08,182.26,182.62
1161018,1600,182.98,184.05,182.98,183.74
1161019,1600,183.67,184.77,183.04,184.51
1161020,1600,184.55,185.01,183.0,184.5
1161021,1600,185.07,185.47,184.72,185.47
1161024,1600,186.11,186.57,186.02,186.41
1161025,1600,186.67,186.81,185.66,185.85
1161026,1600,185.05,185.36,183.79,185.26
1161027,1600,185.01,185.68,184.11,184.59
1161028,1600,183.78,184.65,183.37,184.48
1161031,1600,183.62,183.9,183.26,183.46
1161101,1600,183.19,183.19,180.34,180.42
1161102,1600,179.15,179.63,178.51,178.53
1161103,1600,177.67,179.34,177.59,178.05
1161104,1600,177.67,178.1,177.23,177.97
1161107,1600,180.35,181.75,180.05,181.74
1161108,1600,182.04,182.78,181.5,182.78
1161109,1600,177.08,186.01,176.82,186.01
1161110,1600,187.84,189.46,186.44,187.45
1161111,1600,188.23,188.3,187.06,187.92
1161114,1600,190.57,191.32,189.48,190.51
1161115,1600,190.11,191.19,189.44,191.09
1161116,1600,192.39,192.57,191.58,192.56
1161117,1600,191.9,193.56,191.61,193.56
1161118,1600,194.85,195.03,194.0,194.66
1161121,1600,194.41,195.36,193.89,195.36
1161122,1600,196.18,196.34,195.28,195.28
1161123,1600,195.97,197.41,195.64,196.6
1161124,1600,197.7,197.91,196.85,197.44
1161125,1600,196.97,197.1,196.32,197.06
1161128,1600,195.68,197.47,195.27,196.84
1161129,1600,196.27,197.05,195.96,196.71
1161130,1600,196.33,197.88,195.78,197.57
1161201,1600,195.61,196.38,195.38,195.46
1161202,1600,194.01,194.94,193.76,194.58
1161205,1600,195.88,195.98,194.04,194.62
1161206,1600,193.62,194.62,193.07,194.17
1161207,1600,195.29,195.29,194.31,194.79
1161208,1600,196.63,200.0,194.79,199.76
1161209,1600,200.16,202.25,199.95,202.0
1161212,1600,202.42,202.45,201.09,201.69
1161213,1600,200.83,202.22,200.82,201.61
1161214,1600,201.83,202.47,201.21,201.21
1161215,1600,203.78,206.65,203.26,206.39
1161216,1600,205.03,206.04,204.29,204.91
1161219,1600,204.64,205.42,204.53,204.99
1161220,1600,206.41,207.48,206.41,206.66
1161221,1600,206.47,206.66,205.42,205.86
1161222,1600,204.94,205.32,203.77,204.53
1161223,1600,205.32,205.32,204.43,204.73
1161227,1600,205.04,205.9,204.79,205.47
1161228,1600,205.34,206.95,205.31,206.0
1161229,1600,203.81,204.14,202.99,203.06
1161230,1600,203.06,203.06,201.72,202.74
1170102,1600,201.0,204.47,201.0,204.1
1170103,1600,203.94,207.0,203.9,204.55
1170104,1600,205.39,205.47,204.55,204.92
1170105,1600,203.23,204.8,201.91,202.22
1170106,1600,202.85,204.01,202.22,204.01
1170109,1600,204.88,205.01,203.67,203.67
1170110,1600,202.98,203.74,202.38,203.74
1170111,1600,203.55,205.8,203.22,203.87
1170112,1600,201.99,202.31,200.26,200.7
1170113,1600,202.21,203.41,201.59,203.16
1170116,1600,202.71,203.37,202.71,202.97
1170117,1600,201.71,201.71,200.0,200.65
1170118,1600,201.45,201.85,200.7,201.17
1170119,1600,202.24,203.08,201.38,202.06
1170120,1600,201.22,202.46,201.21,201.73
1170123,1600,199.61,200.92,199.35,199.5
1170124,1600,199.79,200.27,199.41,200.27
1170125,1600,201.7,202.64,201.15,202.22
1170126,1600,203.27,204.21,202.9,204.13
1170127,1600,204.06,204.19,202.78,203.21
1170130,1600,202.76,203.82,201.07,201.28
1170131,1600,201.16,201.79,199.01,199.01
1170201,1600,200.65,201.69,200.26,200.58
1170202,1600,199.28,200.2,198.88,200.09
1170203,1600,200.92,202.0,200.92,201.69
1170206,1600,202.29,202.91,202.19,202.61
1170207,1600,203.31,204.19,203.31,203.46
1170208,1600,204.21,204.4,202.52,203.1
1170209,1600,203.74,205.27,203.16,205.25
1170210,1600,205.97,206.62,205.52,205.99
1170213,1600,206.59,208.22,206.33,208.07
1170214,1600,208.05,208.74,207.63,208.71
1170215,1600,209.89,210.49,209.61,209.85
1170216,1600,210.02,210.02,207.84,208.3
1170217,1600,208.88,209.19,208.17,209.11
1170220,1600,210.56,210.56,210.03,210.36
1170221,1600,211.1,213.01,210.93,212.23
1170222,1600,213.51,213.58,212.5,212.58
1170223,1600,212.28,212.97,211.35,211.79
1170224,1600,211.5,211.92,210.22,211.49
1170227,1600,212.44,212.79,211.47,211.47
1170228,1600,212.33,212.56,211.43,211.63
1170301,1600,213.7,215.31,213.52,215.13
1170302,1600,215.5,216.5,215.23,215.23
1170303,1600,214.53,214.59,213.69,213.92
1170306,1600,212.49,213.24,211.72,212.55
1170307,1600,212.72,213.37,212.54,212.68
1170308,1600,212.53,213.53,212.5,213.32
1170309,1600,213.01,213.07,211.67,212.51
1170310,1600,212.63,212.77,210.96,211.1
1170313,1600,210.73,211.46,210.73,211.17
1170314,1600,211.88,211.96,210.65,210.91
1170315,1600,211.74,212.29,211.74,212.28
1170316,1600,211.86,212.06,210.44,210.81
1170317,1600,210.15,210.98,209.94,210.58
1170320,1600,209.61,210.23,209.59,210.15
1170321,1600,209.53,209.57,206.81,206.9
1170322,1600,205.79,206.59,205.1,206.46
1170323,1600,206.72,207.87,206.46,207.87
1170324,1600,206.96,207.38,206.17,206.71
1170327,1600,203.54,204.2,202.63,204.2
1170328,1600,205.33,205.74,204.48,205.74
1170329,1600,207.55,208.62,207.36,208.42
1170330,1600,208.79,209.95,208.5,209.95
1170331,1600,210.24,210.89,209.81,210.51
1170403,1600,210.72,210.89,209.6,209.65
1170404,1600,210.05,210.5,209.61,210.19
1170405,1600,209.81,212.08,209.62,211.52
1170406,1600,209.31,210.76,209.2,210.76
1170407,1600,209.94,211.1,209.94,211.1
1170410,1600,211.88,212.33,211.31,211.31
1170411,1600,211.41,211.64,209.41,209.71
1170412,1600,210.77,211.25,209.95,209.95
1170413,1600,209.36,210.39,208.85,210.08
1170418,1600,209.69,209.75,207.85,207.85
1170419,1600,208.03,208.95,207.75,208.73
1170420,1600,207.26,207.56,206.9,207.38
1170421,1600,209.13,209.79,208.84,209.13
1170424,1600,208.44,208.58,207.54,207.62
1170425,1600,207.77,208.38,207.48,207.61
1170426,1600,207.9,209.81,207.84,209.81
1170427,1600,208.1,209.5,207.97,208.88
1170428,1600,208.74,208.88,207.89,208.12
1170502,1600,208.58,208.7,208.1,208.37
1170503,1600,207.99,208.13,207.75,207.83
1170504,1600,208.92,208.92,207.63,207.85
1170505,1600,206.85,207.85,206.78,207.01
1170508,1600,207.88,208.75,207.88,208.71
1170509,1600,209.2,210.09,208.99,209.75
1170510,1600,209.17,210.0,208.91,210.0
1170511,1600,209.72,210.05,208.65,209.2
1170512,1600,209.43,209.43,208.14,208.46
1170515,1600,208.54,208.54,207.69,208.35
1170516,1600,207.54,207.54,205.96,206.33
1170517,1600,204.4,205.03,202.5,202.82
1170518,1600,202.38,202.82,200.85,202.58
1170519,1600,202.45,202.84,201.76,202.81
1170522,1600,203.15,203.37,201.95,202.8
1170523,1600,202.8,203.6,202.65,203.31
1170524,1600,204.36,204.71,204.2,204.71
1170525,1600,204.6,205.36,204.02,205.03
1170526,1600,205.14,206.0,204.86,205.9
1170529,1600,206.16,206.25,205.85,206.05
1170530,1600,206.41,206.5,205.21,205.55
1170531,1600,205.69,205.82,204.05,204.12
1170601,1600,204.63,205.55,204.63,205.55
1170602,1600,206.92,207.23,205.35,205.83
1170605,1600,205.83,205.83,205.83,205.83
1170606,1600,205.69,206.23,205.44,205.85
1170607,1600,205.71,207.0,205.35,206.06
1170608,1600,206.35,207.2,206.07,206.88
1170609,1600,207.56,208.53,207.4,208.33
1170612,1600,206.55,206.7,205.93,206.63
1170613,1600,207.3,207.54,206.78,207.27
1170614,1600,207.39,208.05,206.1,206.1
1170615,1600,206.93,207.77,206.82,207.77
1170616,1600,208.53,208.59,206.85,206.92
1170619,1600,207.97,209.31,207.79,209.23
1170620,1600,209.79,209.89,209.34,209.6
1170621,1600,208.76,209.02,208.19,208.61
1170622,1600,207.92,208.8,207.57,208.7
1170623,1600,208.04,208.41,207.58,207.8
1170626,1600,208.13,208.73,207.71,207.71
1170627,1600,207.71,207.78,205.48,206.05
1170628,1600,203.51,205.17,202.77,204.87
1170629,1600,204.45,204.87,202.4,202.4
1170630,1600,202.38,203.33,202.29,202.82
1170703,1600,203.39,204.78,203.36,204.71
1170704,1600,203.79,204.81,203.79,204.36
1170705,1600,204.1,204.93,203.99,204.75
1170706,1600,204.43,204.43,202.35,202.48
1170707,1600,201.89,203.1,201.55,203.1
1170710,1600,203.4,203.69,203.1,203.5
1170711,1600,203.61,203.75,202.0,202.13
1170712,1600,202.26,204.64,202.18,204.32
1170713,1600,203.9,205.2,203.9,205.2
1170714,1600,204.48,204.85,204.0,204.38
1170717,1600,205.1,205.41,204.59,204.96
1170718,1600,203.87,204.02,202.3,202.79
1170719,1600,204.0,204.67,203.78,204.67
1170720,1600,205.18,206.06,202.68,202.68
1170721,1600,202.68,203.17,201.96,202.49
1170724,1600,202.52,202.82,202.25,202.44
1170725,1600,202.44,203.31,202.27,203.28
1170726,1600,203.37,203.82,203.28,203.55
1170727,1600,202.19,203.35,201.99,203.35
1170728,1600,201.51,201.78,200.61,200.65
1170731,1600,201.43,201.8,200.11,200.36
1170801,1600,200.38,200.55,199.71,200.29
1170802,1600,200.02,200.25,198.79,199.06
1170803,1600,199.4,199.89,198.88,198.88
1170804,1600,198.93,201.4,198.88,201.4
1170807,1600,201.18,201.18,200.5,200.79
1170808,1600,200.67,202.45,200.3,202.44
1170809,1600,200.82,201.58,200.5,200.94
1170810,1600,201.31,201.5,199.7,199.77
1170811,1600,198.27,198.48,197.25,198.03
1170814,1600,198.02,200.2,197.97,200.2
1170815,1600,201.28,202.08,200.76,201.18
1170816,1600,201.32,202.24,201.0,202.06
1170817,1600,200.61,202.01,199.93,200.03
1170818,1600,197.68,198.35,197.2,198.23
1170821,1600,197.55,197.7,195.97,196.46
1170822,1600,197.84,199.0,197.62,199.0
1170823,1600,199.34,199.67,197.93,198.34
1170824,1600,198.27,198.72,197.52,197.52
1170825,1600,198.37,198.94,196.96,196.96
1170828,1600,195.59,196.5,195.34,195.34
1170829,1600,193.44,194.41,192.28,194.02
1170830,1600,196.16,197.12,195.97,196.96
1170831,1600,198.02,199.35,197.83,198.78
1170901,1600,199.26,199.81,198.77,199.6
1170904,1600,198.3,198.58,197.87,198.29
1170905,1600,198.58,199.2,197.81,198.0
1170906,1600,197.56,198.03,197.02,197.35
1170907,1600,197.62,197.62,195.91,196.07
1170908,1600,195.31,196.5,195.0,196.15
1170911,1600,197.39,198.65,197.22,198.65
1170912,1600,199.21,200.18,199.02,199.55
1170913,1600,199.44,200.95,199.08,200.95
1170914,1600,201.01,201.52,200.48,201.31
1170915,1600,200.39,200.51,199.53,200.09
1170918,1600,201.06,201.37,200.48,200.97
1170919,1600,199.86,200.79,199.85,200.53
1170920,1600,200.11,200.35,199.88,200.26
1170921,1600,201.92,202.0,200.96,200.97
1170922,1600,200.01,200.17,199.44,200.02
1170925,1600,201.11,201.96,200.88,201.51
1170926,1600,202.0,203.54,202.0,203.22
1170927,1600,203.78,204.89,203.72,203.89
1170928,1600,204.49,204.63,203.33,203.89
1170929,1600,203.84,204.01,203.2,204.01
1171002,1600,205.34,206.25,205.34,206.14
1171003,1600,206.14,206.14,206.14,206.14
1171004,1600,206.73,206.84,206.0,206.84
1171005,1600,206.79,208.35,206.67,208.35
1171006,1600,209.16,209.36,207.85,208.15
1171009,1600,208.61,208.63,208.04,208.16
1171010,1600,207.55,207.73,206.84,206.93
1171011,1600,206.92,206.92,206.16,206.57
1171012,1600,206.44,206.89,206.16,206.8
1171013,1600,206.81,207.52,206.18,207.01
1171016,1600,207.91,207.93,207.45,207.57
1171017,1600,208.65,208.98,208.27,208.49
1171018,1600,208.95,209.22,208.54,208.69
1171019,1600,207.77,207.77,206.3,206.96
1171020,1600,208.49,209.36,208.38,209.36
1171023,1600,210.13,210.79,209.97,210.28
1171024,1600,209.57,209.74,209.17,209.52
1171025,1600,209.18,209.45,207.02,207.43
1171026,1600,207.61,210.27,207.52,210.27
1171027,1600,211.82,213.6,211.69,213.6
1171030,1600,212.67,213.18,212.01,212.01
1171031,1600,212.01,212.01,212.01,212.01
1171101,1600,212.62,213.76,212.59,213.02
1171102,1600,212.26,212.51,210.71,212.12
1171103,1600,212.58,213.71,212.12,213.71
1171106,1600,213.47,214.52,213.4,214.39
1171107,1600,214.77,215.2,214.43,214.86
1171108,1600,214.27,214.48,213.82,214.2
1171109,1600,214.31,214.35,212.79,212.79
1171110,1600,213.24,213.24,211.89,212.34
1171113,1600,213.09,213.09,211.79,212.62
1171114,1600,212.02,212.18,209.67,210.18
1171115,1600,208.82,209.29,207.83,209.29
1171116,1600,209.77,210.84,209.57,210.83
1171117,1600,210.56,210.76,209.99,210.16
1171120,1600,210.13,211.24,209.39,211.24
1171121,1600,211.22,212.95,211.05,212.66
1171122,1600,212.29,212.8,211.54,211.55
1171123,1600,210.24,210.8,210.24,210.69
1171124,1600,210.85,210.92,209.41,209.41
1171127,1600,209.44,210.04,209.14,209.61
1171128,1600,210.31,211.35,209.92,211.35
1171129,1600,212.62,213.9,212.53,212.89
1171130,1600,212.9,213.94,212.53,213.15
1171201,1600,213.21,214.84,210.72,210.86
1171204,1600,215.4,216.38,215.12,215.25
1171205,1600,214.25,215.26,213.54,215.24
1171206,1600,213.18,214.79,213.13,214.61
1171207,1600,214.62,215.055,214.1,215.055
1171208,1600,216.21,216.9,216.14,216.38
1171211,1600,216.78,216.78,216.14,216.395
1171212,1600,217.4,218.97,217.09,218.97
1171213,1600,217.9,218.61,217.9,218.265
1171214,1600,217.19,217.96,216.29,217.595
1171215,1600,216.81,218.68,216.43,218.68
1171218,1600,219.52,219.52,218.86,219.38
1171219,1600,219.54,219.83,218.44,218.79
1171220,1600,218.52,218.62,216.83,217.21
1171221,1600,217.16,218.14,216.96,217.9
1171222,1600,218.27,218.27,217.72,217.72
1171227,1600,217.55,217.57,216.64,217.17
1171228,1600,216.45,216.79,216.13,216.17
1171229,1600,216.34,216.52,215.91,216.27
1180102,1600,214.3,215.36,213.31,214.79
1180103,1600,215.67,217.0,215.63,216.64
1180104,1600,217.14,217.43,216.57,217.17
1180105,1600,217.68,218.7,217.58,218.7
1180108,1600,220.32,220.59,219.89,220.48
1180109,1600,221.37,222.59,221.31,222.56
1180110,1600,221.38,221.53,219.47,220.94
1180111,1600,222.16,222.16,220.12,220.44
1180112,1600,221.34,221.34,219.68,220.72
1180115,1600,220.2,220.2,218.9,219.38
1180116,1600,219.87,221.34,219.87,220.23
1180117,1600,219.4,220.23,218.87,219.71
1180118,1600,221.0,221.1,219.71,220.07
1180119,1600,219.42,220.75,219.27,220.73
1180122,1600,220.77,221.77,220.2,221.41
1180123,1600,223.14,223.53,221.9,222.66
1180124,1600,222.11,222.2,220.59,220.59
1180125,1600,220.05,221.18,217.96,219.16
1180126,1600,219.57,221.27,219.49,221.27
1180129,1600,222.85,223.75,222.0,223.13
1180130,1600,221.74,221.75,218.32,219.9
1180131,1600,219.23,219.5,218.52,219.03
1180201,1600,219.93,219.95,217.55,218.25
1180202,1600,216.79,217.38,215.5,216.13
1180205,1600,212.68,214.27,211.84,213.47
1180206,1600,204.36,209.21,200.5,204.07
1180207,1600,207.83,213.73,207.5,212.97
1180208,1600,210.26,210.94,207.83,208.41
1180209,1600,205.34,205.58,202.0,203.85
1180212,1600,206.78,208.92,206.52,207.29
1180213,1600,207.05,207.15,205.8,206.26
1180214,1600,208.36,208.96,204.82,207.56
1180215,1600,209.26,210.13,208.25,208.79
1180216,1600,211.01,212.58,210.95,212.48
1180219,1600,212.99,213.3,211.75,212.21
1180220,1600,212.83,213.6,211.75,213.53
1180221,1600,212.78,214.52,211.88,214.52
1180222,1600,211.57,213.26,211.2,213.26
1180223,1600,213.61,213.78,212.67,213.78
1180226,1600,215.47,216.96,215.47,216.5
1180227,1600,217.65,219.36,217.2,218.2
1180228,1600,217.17,218.52,216.64,216.77
1180301,1600,215.2,215.96,213.86,214.38
1180302,1600,210.8,211.14,207.6,208.54
1180305,1600,209.6,211.72,209.32,211.72
1180306,1600,213.29,213.3,211.17,211.21
1180307,1600,210.28,211.85,209.27,211.56
1180308,1600,211.94,213.99,211.84,213.79
1180309,1600,214.49,216.93,214.49,216.86
1180312,1600,218.9,219.34,217.83,218.12
1180313,1600,218.42,219.12,215.89,216.38
1180314,1600,216.09,216.87,214.72,214.97
1180315,1600,215.25,216.04,214.77,215.94
1180316,1600,215.71,217.39,215.46,216.61
1180319,1600,216.19,216.19,212.26,212.26
1180320,1600,212.65,214.3,212.45,214.1
1180321,1600,214.06,215.0,213.14,214.83
1180322,1600,210.8,211.67,209.0,210.5
1180323,1600,207.07,207.95,205.16,205.79
1180326,1600,204.73,205.17,202.05,202.86
1180327,1600,207.38,208.5,206.6,207.39
1180328,1600,203.75,205.05,202.58,203.99
1180329,1600,204.98,207.51,204.6,206.64
1180403,1600,202.94,205.0,202.65,204.28
1180404,1600,205.1,205.1,201.37,204.76
1180405,1600,209.66,211.18,208.72,211.18
1180406,1600,208.64,209.31,206.97,207.37
1180409,1600,206.68,207.36,205.26,207.36
1180410,1600,208.15,208.36,206.45,208.36
1180411,1600,206.4,207.16,204.91,206.71
1180412,1600,206.7,209.68,206.62,209.16
1180413,1600,209.1,210.29,208.04,208.87
1180416,1600,208.94,209.17,208.17,208.85
1180417,1600,209.83,212.0,209.59,211.88
1180418,1600,212.0,212.36,211.22,212.08
1180419,1600,211.44,211.71,210.41,210.9
1180420,1600,210.72,212.05,210.25,210.71
1180423,1600,210.48,212.08,210.2,212.08
1180424,1600,212.1,212.91,210.9,211.1
1180425,1600,208.34,209.01,207.18,208.66
1180426,1600,209.63,212.68,209.63,212.21
1180427,1600,213.66,214.25,212.52,213.28
1180430,1600,213.62,214.77,213.56,214.21
1180502,1600,213.75,214.36,213.42,213.94
1180503,1600,212.53,213.03,209.95,210.38
1180504,1600,212.54,215.19,211.94,215.19
1180507,1600,216.49,217.75,216.39,217.18
1180508,1600,216.84,218.01,216.6,217.75
1180509,1600,218.6,219.24,218.03,218.48
1180510,1600,220.4,221.02,219.26,220.95
1180511,1600,221.18,221.32,219.78,221.09
1180514,1600,221.6,221.64,220.61,221.23
1180515,1600,220.96,222.11,220.95,221.08
1180516,1600,221.76,223.24,221.57,223.0
1180517,1600,222.92,224.2,222.52,223.79
1180518,1600,223.2,224.0,222.97,223.53
1180521,1600,223.53,223.53,223.53,223.53
1180522,1600,225.15,225.33,224.08,224.91
1180523,1600,224.28,224.91,223.4,224.7
1180524,1600,225.62,225.76,223.72,224.37
1180525,1600,226.02,226.54,225.49,226.21
1180528,1600,225.97,227.03,225.9,226.75
1180529,1600,226.62,226.87,225.83,226.27
1180530,1600,225.95,226.53,225.0,225.99
1180531,1600,225.88,226.23,224.66,225.54
1180601,1600,225.18,227.06,224.86,226.75
1180604,1600,227.27,227.47,226.24,227.47
1180605,1600,227.08,228.81,226.91,227.63
1180606,1600,227.77,227.77,226.0,227.36
1180607,1600,227.77,228.05,226.95,227.1
1180608,1600,227.81,228.27,226.8,228.03
1180611,1600,228.12,228.73,228.03,228.56
1180612,1600,229.33,229.34,228.04,228.97
1180613,1600,230.0,230.11,229.38,229.7
1180614,1600,227.3,232.16,227.18,231.75
1180615,1600,233.33,233.51,230.55,230.78
1180618,1600,231.82,232.19,230.34,231.325
1180619,1600,229.48,231.13,228.91,230.67
1180620,1600,232.15,232.57,231.57,231.61
1180621,1600,233.0,233.02,228.93,230.34
1180622,1600,229.41,230.27,229.41,230.11
1180625,1600,228.52,228.52,224.65,224.65
1180626,1600,225.99,226.82,225.2,225.99
1180627,1600,226.0,229.29,225.16,228.59
1180628,1600,227.66,227.88,225.51,226.86
1180629,1600,227.41,228.15,226.66,227.62
1180702,1600,225.07,227.0,224.88,226.34
1180703,1600,227.17,227.93,226.83,227.3
1180704,1600,225.87,226.8,225.87,226.69
1180705,1600,225.28,226.5,225.23,226.01
1180706,1600,226.94,227.65,225.6,227.65
1180709,1600,228.57,229.61,228.14,229.55
1180710,1600,230.22,231.54,230.16,230.91
1180711,1600,229.27,230.48,229.04,230.04
1180712,1600,231.09,232.2,230.81,231.6
1180713,1600,233.55,233.95,232.87,233.21
1180716,1600,232.57,232.97,231.49,231.92
1180717,1600,231.05,232.81,230.79,232.72
1180718,1600,234.45,234.87,233.95,234.55
1180719,1600,234.63,235.18,234.28,234.92
1180720,1600,233.54,233.7,231.7,232.86
1180723,1600,231.67,232.47,231.18,232.47
1180724,1600,234.03,234.74,233.38,234.35
1180725,1600,233.92,234.99,233.54,234.99
1180726,1600,234.65,236.76,234.48,236.5
1180727,1600,236.95,237.59,235.86,235.99
1180730,1600,234.15,234.2,232.71,232.72
1180731,1600,232.49,233.77,232.26,233.68
1180801,1600,234.34,234.82,233.71,234.39
1180802,1600,233.86,235.31,233.35,235.31
1180803,1600,236.82,237.68,236.66,237.06
1180806,1600,238.82,239.35,238.2,238.98
1180807,1600,239.54,239.81,238.98,239.53
1180808,1600,239.0,239.72,238.75,239.36
1180809,1600,239.16,240.2,239.15,240.13
1180810,1600,240.71,241.81,240.39,241.79
1180813,1600,241.03,241.79,240.85,241.16
1180814,1600,241.15,242.84,241.15,242.84
1180815,1600,243.11,243.43,240.79,241.6
1180816,1600,241.7,242.79,241.21,242.79
1180817,1600,242.87,242.97,241.36,242.1
1180820,1600,243.2,243.5,242.31,242.54
1180821,1600,241.32,242.0,241.04,241.88
1180822,1600,239.93,240.32,238.78,240.23
1180823,1600,240.32,241.13,239.8,239.92
1180824,1600,240.32,240.88,239.53,240.43
1180827,1600,241.56,241.59,240.87,241.05
1180828,1600,241.21,241.23,240.36,240.36
1180829,1600,241.78,242.1,241.05,242.1
1180830,1600,241.76,242.89,241.53,242.51
1180831,1600,241.6,242.91,241.14,242.8
1180903,1600,243.46,243.94,243.01,243.47
1180904,1600,244.52,244.7,243.06,243.6
1180905,1600,242.99,243.15,241.1,241.11
1180906,1600,241.37,242.0,239.95,240.6
1180907,1600,240.5,242.18,240.1,242.18
1180910,1600,242.59,242.67,241.29,241.58
1180911,1600,241.3,242.2,240.7,242.15
1180912,1600,242.76,243.16,241.27,241.82
1180913,1600,241.66,242.59,241.28,241.63
1180914,1600,241.97,242.74,241.59,242.56
1180917,1600,242.72,242.78,241.0,241.28
1180918,1600,240.8,242.1,240.22,242.1
1180919,1600,242.26,242.8,241.34,242.45
1180920,1600,242.37,242.65,241.41,242.65
1180921,1600,242.49,243.95,242.46,243.35
1180924,1600,242.34,242.34,240.58,241.22
1180925,1600,242.01,242.37,240.98,241.71
1180926,1600,241.75,242.39,241.5,242.19
1180927,1600,241.94,243.85,241.45,243.82
1180928,1600,244.0,244.91,243.82,244.57
1181001,1600,246.11,246.84,245.35,246.84
1181002,1600,246.27,246.99,246.21,246.47
1181004,1600,247.16,247.28,245.01,245.52
1181005,1600,245.81,246.02,244.27,244.27
1181008,1600,244.32,245.29,243.94,243.94
1181009,1600,244.82,245.5,244.34,245.07
1181010,1600,244.18,244.4,239.68,239.68
1181011,1600,234.1,235.09,231.5,232.26
1181012,1600,233.05,234.12,232.26,232.61
1181015,1600,232.02,232.92,231.04,232.88
1181016,1600,231.85,234.66,231.66,234.59
1181017,1600,237.57,237.61,235.02,236.05
1181018,1600,237.66,237.83,235.22,235.22
1181019,1600,236.32,237.22,235.7,235.87
1181022,1600,234.39,235.75,233.62,234.73
1181023,1600,231.25,231.86,228.93,229.93
1181024,1600,231.67,234.83,231.15,231.15
1181025,1600,227.92,231.83,227.71,231.5
1181026,1600,228.87,229.08,225.15,227.78
1181029,1600,227.76,231.9,227.76,228.94
1181030,1600,227.85,229.07,225.7,228.01
1181031,1600,231.68,235.1,231.5,233.99
1181101,1600,232.68,233.69,231.73,233.5
1181102,1600,235.43,235.5,232.2,232.44
1181105,1600,232.66,233.96,232.42,233.13
1181106,1600,233.95,234.88,233.1,234.38
1181107,1600,235.38,237.43,235.35,237.33
1181108,1600,239.88,240.13,239.1,239.98
1181109,1600,240.75,240.75,238.63,239.37
1181112,1600,241.35,241.35,237.42,237.42
1181113,1600,238.09,238.57,235.59,237.23
1181114,1600,235.09,237.11,233.83,233.83
1181115,1600,233.33,233.71,230.5,232.97
1181116,1600,234.52,234.6,232.19,233.2
1181119,1600,234.32,234.67,230.44,230.44
1181120,1600,228.48,228.99,225.66,227.44
1181121,1600,227.22,228.52,226.81,228.31
1181122,1600,226.88,226.88,224.92,225.2
1181123,1600,225.92,227.62,225.64,227.62
1181126,1600,227.87,229.81,227.82,228.8
1181127,1600,230.31,231.26,228.8,231.02
1181128,1600,232.53,233.33,232.23,232.92
1181129,1600,234.69,235.0,233.58,234.54
1181130,1600,234.96,236.76,234.3,236.15
1181203,1600,241.54,241.93,238.98,239.18
1181204,1600,238.53,238.91,237.23,237.95
1181205,1600,233.36,234.4,233.23,233.23
1181206,1600,230.85,230.88,225.17,226.32
1181207,1600,229.43,232.0,227.62,227.74
1181210,1600,224.88,226.19,221.8,222.81
1181211,1600,226.57,230.45,225.95,228.68
1181212,1600,228.33,230.07,228.29,229.77
1181213,1600,229.14,229.55,227.48,228.4
1181214,1600,226.03,228.0,225.84,226.78
1181217,1600,224.83,224.95,221.26,223.3
1181218,1600,219.97,221.08,219.54,220.26
1181219,1600,218.65,219.84,217.91,219.2
1181220,1600,213.13,214.78,211.96,212.43
1181221,1600,211.49,214.75,210.67,212.2
1181227,1600,210.95,211.26,206.59,208.71
1181228,1600,212.15,214.88,212.15,214.0
1190102,1600,211.46,216.18,209.6,215.53
1190103,1600,213.11,214.34,210.0,212.16
1190104,1600,212.31,216.25,211.7,215.64
1190107,1600,216.99,217.81,215.2,217.81
1190108,1600,218.49,220.61,217.8,218.12
1190109,1600,219.75,220.69,218.13,219.32
1190110,1600,217.31,219.96,216.94,219.96
1190111,1600,220.01,220.7,219.18,220.7
1190114,1600,219.39,220.58,219.27,220.2
1190115,1600,221.34,223.26,220.84,223.25
1190116,1600,224.25,225.2,223.78,225.01
1190117,1600,223.4,225.26,223.19,225.23
1190118,1600,226.94,229.9,226.52,229.74
1190121,1600,229.1,229.42,228.77,229.16
1190122,1600,228.61,229.06,227.72,228.05
1190123,1600,226.56,228.42,225.72,226.06
1190124,1600,226.88,228.3,226.68,227.55
1190125,1600,228.79,229.36,228.57,228.73
1190128,1600,227.77,227.82,224.93,225.32
1190129,1600,225.34,227.07,225.26,225.83
1190130,1600,226.29,227.91,226.06,227.91
1190131,1600,228.79,230.71,228.22,230.63
1190201,1600,231.59,232.08,230.25,231.19
1190204,1600,231.48,232.35,231.05,232.35
1190205,1600,233.05,234.96,233.05,234.54
1190206,1600,234.66,235.35,234.25,234.91
1190207,1600,234.97,235.39,231.87,231.87
1190208,1600,232.76,233.48,231.99,232.16
1190211,1600,234.08,235.72,234.08,235.1
1190212,1600,236.55,237.42,236.48,237.29
1190213,1600,238.31,239.64,237.76,238.7
1190214,1600,239.81,240.21,236.81,237.94
1190215,1600,237.37,241.22,237.24,240.6
1190218,1600,240.75,241.0,240.0,240.56
1190219,1600,240.68,240.82,239.78,240.04
1190220,1600,240.06,240.57,239.56,240.02
1190221,1600,241.28,241.47,239.36,240.0
1190222,1600,239.97,241.44,239.88,241.44
1190225,1600,241.98,243.17,241.67,242.69
1190226,1600,241.06,241.77,240.4,241.45
1190227,1600,239.91,240.31,239.28,240.28
1190228,1600,239.74,240.67,239.41,240.4
1190301,1600,241.25,241.9,240.63,240.63
1190304,1600,243.22,244.0,242.0,242.07
1190305,1600,241.84,242.51,241.0,242.51
1190306,1600,241.94,242.15,240.63,240.9
1190307,1600,239.7,241.66,239.5,240.98
1190308,1600,239.66,240.11,237.75,238.45
1190311,1600,240.0,242.68,239.65,242.42
1190312,1600,243.05,243.6,242.31,242.8
1190313,1600,242.76,244.55,242.61,244.2
1190314,1600,243.93,244.61,243.46,244.26
1190315,1600,243.82,245.22,243.47,245.22
1190318,1600,244.64,245.3,244.2,244.8
1190319,1600,245.45,246.69,245.3,246.18
1190320,1600,245.08,245.55,243.39,243.39
1190321,1600,242.39,246.37,242.16,245.91
1190322,1600,246.19,247.34,243.99,244.35
1190325,1600,242.77,243.61,241.78,242.52
1190326,1600,243.7,246.12,243.53,244.91
1190327,1600,246.31,246.31,243.26,244.18
1190328,1600,244.71,246.51,244.7,245.37
1190329,1600,246.92,247.59,244.21,247.39
1190401,1600,249.27,250.3,249.09,250.26
1190402,1600,250.99,251.68,250.88,251.32
1190403,1600,251.75,252.22,250.82,252.02
1190404,1600,251.15,252.26,250.99,251.62
1190405,1600,252.31,253.28,251.8,253.0
1190408,1600,252.73,252.81,251.04,252.05
1190409,1600,252.21,252.24,250.49,251.14
1190410,1600,251.3,252.16,251.0,251.66
1190411,1600,251.81,252.54,251.33,252.1
1190412,1600,251.68,252.79,251.57,252.04
1190415,1600,252.45,252.8,251.89,252.26
1190416,1600,252.84,253.85,252.78,253.23
1190417,1600,252.96,253.92,252.32,252.32
1190418,1600,251.58,254.14,251.56,253.51
1190423,1600,254.23,256.85,253.73,256.85
1190424,1600,257.19,257.8,256.75,257.74
1190425,1600,258.11,259.12,256.78,258.58
1190426,1600,257.69,258.7,257.09,258.16
1190429,1600,258.96,259.55,258.74,259.14
1190430,1600,258.23,258.27,256.57,257.25
1190502,1600,257.03,257.7,255.83,256.07
1190503,1600,257.25,258.41,257.19,258.06
1190506,1600,253.86,256.63,253.82,256.38
1190507,1600,256.65,256.79,253.42,254.07
1190508,1600,253.7,254.21,251.8,253.11
1190509,1600,251.64,252.14,247.97,248.94
1190510,1600,251.41,251.61,247.25,247.79
1190513,1600,249.96,249.97,245.8,246.29
1190514,1600,246.8,249.92,246.44,249.92
1190515,1600,249.72,250.59,246.73,250.34
1190516,1600,250.01,254.33,249.44,254.33
1190517,1600,252.57,254.47,251.11,253.85
1190520,1600,252.84,252.98,249.78,250.46
1190521,1600,251.87,253.0,251.17,252.52
1190522,1600,252.44,252.58,250.9,252.11
1190523,1600,250.89,250.91,248.5,248.55
1190524,1600,249.11,249.96,247.82,248.33
1190527,1600,249.15,249.4,248.67,248.8
1190528,1600,249.58,249.83,248.3,248.94
1190529,1600,246.12,246.59,245.5,245.7
1190530,1600,246.72,247.69,246.31,246.35
1190531,1600,244.39,244.5,242.78,244.44
1190603,1600,241.55,242.95,240.85,242.16
1190604,1600,240.24,244.37,240.07,244.37
1190605,1600,245.56,246.93,245.0,246.39
1190606,1600,248.0,248.8,246.4,247.31
1190607,1600,249.26,250.71,247.79,249.93
1190611,1600,252.08,253.37,251.71,251.71
1190612,1600,250.26,251.43,250.1,250.77
1190613,1600,251.09,252.84,250.9,252.25
1190614,1600,252.2,253.55,252.0,253.55
1190617,1600,254.44,254.59,253.2,253.83
1190618,1600,253.51,258.26,253.12,257.46
1190619,1600,257.3,257.46,256.27,256.45
1190620,1600,257.61,258.21,257.0,257.23
1190621,1600,257.68,258.11,256.54,257.73
1190624,1600,255.99,256.14,255.16,255.39
1190625,1600,254.4,255.1,253.77,254.1
1190626,1600,253.42,254.61,252.98,253.04
1190627,1600,254.08,254.11,252.51,253.2
1190628,1600,253.84,254.43,253.61,254.15
1190701,1600,259.23,259.24,258.04,258.47
1190702,1600,258.86,259.28,258.05,258.51
1190703,1600,259.99,261.4,259.98,261.4
1190704,1600,261.79,262.39,261.68,262.2
1190705,1600,262.28,262.48,261.28,261.96
1190708,1600,261.94,262.26,261.41,261.64
1190709,1600,260.68,261.88,260.5,261.59
1190710,1600,261.46,263.55,261.0,262.1
1190711,1600,262.51,263.17,262.37,262.9
1190712,1600,262.98,264.0,262.95,263.58
1190715,1600,263.94,264.42,263.62,263.95
1190716,1600,264.21,265.33,264.17,264.91
1190717,1600,264.77,264.84,262.96,263.19
1190718,1600,261.11,262.5,261.07,261.51
1190719,1600,263.05,264.1,263.05,263.58
1190722,1600,261.88,262.75,261.81,262.18
1190723,1600,263.74,265.0,263.65,264.64
1190724,1600,265.76,266.46,265.29,266.19
1190725,1600,267.81,268.65,265.0,265.93
1190726,1600,266.63,268.16,266.63,268.16
1190729,1600,267.95,268.66,267.34,267.64
1190730,1600,267.74,267.95,265.86,266.79
1190731,1600,266.64,267.44,266.64,267.23
1190801,1600,266.12,268.77,266.03,268.69
1190802,1600,262.25,262.85,259.13,259.48
1190805,1600,257.76,257.99,252.3,253.06
1190806,1600,250.29,253.9,249.68,251.24
1190807,1600,253.1,255.01,248.24,251.32
1190808,1600,254.86,257.35,253.71,257.35
1190809,1600,258.46,258.86,255.63,255.89
1190812,1600,258.38,259.1,254.38,254.53
1190813,1600,253.82,259.6,252.65,257.74
1190814,1600,258.56,258.56,253.28,254.09
1190815,1600,253.74,254.2,249.86,253.45
1190816,1600,254.73,257.38,254.7,257.16
1190819,1600,259.92,260.69,259.05,260.69
1190820,1600,261.01,261.43,259.26,260.05
1190821,1600,259.5,260.72,259.39,260.72
1190822,1600,260.78,262.06,259.44,260.14
1190823,1600,261.99,262.16,255.19,255.19
1190826,1600,254.26,256.82,253.45,255.48
1190827,1600,255.81,258.68,255.44,256.65
1190828,1600,255.89,257.37,254.55,257.37
1190829,1600,257.17,261.39,257.12,261.39
1190830,1600,262.0,263.83,262.0,262.92
1190902,1600,262.52,263.82,262.35,262.86
1190903,1600,262.52,263.61,260.62,262.08
1190904,1600,263.68,264.38,262.08,262.95
1190905,1600,265.35,266.95,264.49,266.91
1190906,1600,266.89,267.88,266.16,267.13
1190909,1600,268.12,268.19,266.67,266.99
1190910,1600,266.36,266.83,265.0,265.13
1190911,1600,266.91,269.11,266.75,269.11
1190912,1600,270.15,272.48,267.98,269.77
1190913,1600,268.93,269.68,268.64,269.24
1190916,1600,267.66,270.0,267.11,269.71
1190917,1600,269.23,269.54,268.34,268.5
1190918,1600,268.63,269.15,268.06,268.06
1190919,1600,268.18,270.67,268.06,270.67
1190920,1600,269.34,271.0,269.02,270.76
1190923,1600,269.71,269.97,268.8,269.56
1190924,1600,270.26,270.77,268.88,268.88
1190925,1600,267.43,268.88,265.97,268.66
1190926,1600,269.44,271.02,268.36,268.8
1190927,1600,270.45,271.2,269.01,269.83
1190930,1600,268.92,270.53,268.75,270.53
1191001,1600,272.16,272.16,268.0,268.23
1191002,1600,266.47,267.48,260.53,260.53
1191004,1600,262.47,264.97,261.39,264.97
1191007,1600,265.1,266.07,264.65,266.07
1191008,1600,265.59,265.69,261.74,262.19
1191009,1600,261.46,264.52,261.39,262.88
1191010,1600,262.48,265.27,261.56,264.91
1191011,1600,265.55,268.46,265.55,268.46
1191014,1600,267.23,267.28,265.24,267.01
1191015,1600,267.72,269.42,267.36,268.89
1191016,1600,268.54,269.0,267.68,267.89
1191017,1600,267.48,268.0,266.89,266.89
1191018,1600,266.95,267.03,265.76,265.92
1191021,1600,265.71,267.06,265.53,266.97
1191022,1600,267.51,268.34,267.11,267.76
1191023,1600,266.62,267.52,266.11,267.52
1191024,1600,267.78,268.97,267.33,268.97
1191025,1600,268.44,270.37,267.86,270.37
1191028,1600,270.53,271.86,270.3,271.32
1191029,1600,271.69,271.83,270.9,271.64
1191030,1600,270.71,271.38,270.0,270.57
1191031,1600,270.85,271.1,268.97,269.17
1191101,1600,270.33,272.24,270.04,271.6
1191104,1600,272.86,274.26,272.63,274.14
1191105,1600,274.32,276.0,274.32,275.65
1191106,1600,275.03,275.46,274.45,275.35
1191107,1600,276.71,278.0,276.31,277.86
1191108,1600,276.66,277.65,276.6,277.49
1191111,1600,276.97,277.4,276.5,276.84
1191112,1600,278.02,279.6,277.6,279.19
1191113,1600,278.39,278.96,277.02,278.63
1191114,1600,278.63,279.34,278.13,278.45
1191115,1600,279.78,279.85,278.87,279.81
1191118,1600,280.4,280.44,278.94,279.39
1191119,1600,280.15,280.86,278.87,279.41
1191120,1600,278.8,279.62,278.5,279.41
1191121,1600,278.05,281.65,277.56,277.86
1191122,1600,278.88,279.57,278.82,279.26
1191125,1600,280.71,282.17,280.62,282.16
1191126,1600,282.36,282.86,281.94,282.79
1191127,1600,283.9,284.19,283.6,284.05
1191128,1600,283.58,284.21,283.34,284.19
1191129,1600,283.59,284.61,283.43,283.45
1191202,1600,284.07,284.66,278.43,278.68
1191203,1600,279.48,279.67,275.02,275.64
1191204,1600,276.59,279.26,276.37,279.15
1191205,1600,279.48,279.74,277.8,278.04
1191206,1600,279.22,283.14,279.22,283.14
1191209,1600,282.36,282.54,281.75,282.18
1191210,1600,281.24,281.78,279.45,280.91
1191211,1600,281.18,281.59,280.68,280.81
1191212,1600,280.65,283.59,279.78,282.57
1191213,1600,282.87,283.68,281.26,282.4
1191216,1600,283.73,285.25,283.61,285.04
1191217,1600,284.88,285.01,283.96,284.58
1191218,1600,284.89,285.71,284.69,285.71
1191219,1600,285.3,286.1,285.02,286.05
1191220,1600,286.62,289.41,286.39,289.41
1191223,1600,289.11,290.0,288.83,289.12
1191227,1600,289.91,290.39,288.19,288.69
1191230,1600,287.78,288.51,287.2,287.81
1200102,1600,287.52,289.19,287.01,287.68
1200103,1600,287.59,288.73,286.43,288.06
1200106,1600,287.06,287.57,285.3,287.44
1200107,1600,288.76,289.72,288.1,289.39
1200108,1600,288.43,290.76,288.09,290.76
1200109,1600,292.6,293.4,292.3,293.13
1200110,1600,295.0,295.0,293.09,293.09
1200113,1600,292.64,293.33,292.25,292.63
1200114,1600,293.19,294.44,292.56,293.74
1200115,1600,293.76,294.15,292.47,293.99
1200116,1600,294.49,295.44,294.2,295.26
1200117,1600,296.69,298.26,296.65,297.91
1200120,1600,297.79,298.37,297.69,298.29
1200121,1600,297.11,298.27,296.5,298.27
1200122,1600,299.18,299.69,298.42,298.8
1200123,1600,297.81,298.62,296.84,298.17
1200124,1600,299.96,300.76,298.84,299.11
1200127,1600,294.11,294.69,291.98,293.21
1200128,1600,294.47,296.36,293.0,296.15
1200129,1600,296.83,297.92,295.85,297.19
1200130,1600,293.28,294.87,292.5,293.75
1200131,1600,296.32,296.38,290.69,290.95
1200203,1600,291.7,294.3,290.7,292.55
1200204,1600,294.56,297.9,294.56,297.9
1200205,1600,296.95,301.11,296.95,300.45
1200206,1600,303.28,303.56,301.79,303.07
1200207,1600,303.14,303.79,301.84,303.42
1200210,1600,302.68,304.7,301.89,304.7
1200211,1600,306.69,307.8,306.22,306.81
1200212,1600,307.21,308.55,306.87,308.55
1200213,1600,307.77,310.3,306.55,310.3
1200214,1600,310.85,311.15,309.45,310.41
1200217,1600,311.4,311.66,311.0,311.56
1200218,1600,309.56,311.34,309.01,309.54
1200219,1600,311.58,312.96,311.1,312.96
1200220,1600,312.71,312.77,309.28,309.28
1200221,1600,309.0,310.04,305.65,307.08
1200224,1600,301.72,301.72,297.09,297.56
1200225,1600,298.78,298.97,290.91,292.12
1200226,1600,288.61,291.72,282.76,289.75
1200227,1600,281.58,283.0,272.4,277.18
1200228,1600,264.59,267.93,259.46,264.5
1200302,1600,271.25,272.78,260.56,269.56
1200303,1600,275.49,281.0,270.21,271.98
1200304,1600,271.5,275.88,270.65,274.24
1200305,1600,276.54,276.54,270.28,273.33
1200306,1600,265.61,265.95,255.68,260.2
1200309,1600,240.27,248.66,233.84,242.96
1200310,1600,246.61,253.37,239.52,243.01
1200311,1600,246.95,250.21,243.48,245.35
1200312,1600,232.52,233.93,220.35,225.64
1200313,1600,230.66,239.3,224.1,228.61
1200316,1600,228.45,229.76,211.74,225.7
1200317,1600,224.0,232.26,213.67,227.44
1200318,1600,218.64,224.26,212.51,218.34
1200319,1600,219.1,228.0,214.0,223.35
1200320,1600,230.27,233.8,219.35,221.45
1200323,1600,207.37,221.45,203.44,207.23
1200324,1600,215.5,225.26,213.46,224.95
1200325,1600,228.24,231.42,221.43,230.84
1200326,1600,223.1,235.74,220.4,235.1
1200327,1600,233.49,234.5,228.3,229.87
1200330,1600,229.78,235.93,226.07,235.51
1200331,1600,238.83,240.62,235.56,239.62
1200401,1600,228.1,230.25,226.5,228.79
1200402,1600,228.4,232.26,224.1,230.83
1200403,1600,230.8,235.0,230.1,230.6
1200406,1600,238.86,241.8,238.14,240.76
1200407,1600,248.64,252.52,246.39,249.91
1200408,1600,244.91,249.78,242.7,249.78
1200409,1600,253.99,256.86,249.1,255.18
1200414,1600,256.87,258.92,255.0,257.14
1200415,1600,258.5,258.57,253.0,253.86
1200416,1600,257.64,258.33,253.73,257.56
1200417,1600,264.53,266.4,259.87,260.67
1200420,1600,263.38,263.46,259.3,263.3
1200421,1600,259.56,260.25,251.22,251.31
1200422,1600,254.44,257.56,253.78,257.44
1200423,1600,259.07,262.55,257.93,261.33
1200424,1600,258.61,260.95,258.08,258.8
1200427,1600,262.84,265.08,262.69,265.08
1200428,1600,265.39,268.6,264.0,265.74
1200429,1600,266.89,270.42,265.92,269.97
1200430,1600,271.36,272.12,265.87,265.96
1200504,1600,257.11,258.56,255.32,258.11
1200505,1600,262.16,266.61,261.86,266.61
1200506,1600,266.54,268.21,264.39,265.34
1200507,1600,265.38,268.2,265.34,268.0
1200508,1600,269.2,269.6,267.69,268.84
1200511,1600,271.1,272.1,267.79,270.18
1200512,1600,269.1,271.25,268.63,269.38
1200513,1600,264.43,265.54,261.5,261.83
1200514,1600,260.39,261.46,256.4,260.13
1200515,1600,265.13,265.48,259.89,261.77
1200518,1600,267.44,271.97,267.15,271.71
1200519,1600,271.54,271.69,268.2,270.85
1200520,1600,268.62,272.0,268.17,271.16
1200521,1600,269.03,271.12,268.79,269.37
1200522,1600,267.55,270.82,266.83,269.91
1200525,1600,273.12,275.0,272.73,275.0
1200526,1600,276.12,276.57,273.92,274.16
1200527,1600,275.38,277.14,270.46,272.71
1200528,1600,276.57,277.55,275.31,276.37
1200529,1600,273.08,273.25,270.62,271.24
1200602,1600,274.65,275.97,273.24,274.2
1200603,1600,275.98,278.12,275.76,277.92
1200604,1600,277.87,278.39,275.0,275.53
1200605,1600,276.16,284.11,276.01,284.11
1200608,1600,282.59,285.05,282.35,284.57
1200609,1600,286.46,286.57,281.9,282.91
1200610,1600,284.16,284.63,280.79,281.43
1200611,1600,276.72,276.93,271.15,271.15
1200612,1600,268.76,273.4,267.81,270.57
1200615,1600,262.92,268.84,262.2,268.18
1200616,1600,273.92,280.7,273.52,277.95
1200617,1600,278.27,281.0,277.91,279.24
1200618,1600,277.15,278.6,275.58,278.0
1200619,1600,279.26,281.48,279.04,280.46
1200622,1600,276.12,277.43,274.83,276.06
1200623,1600,277.68,279.47,277.05,278.57
1200624,1600,277.05,277.75,271.53,271.53
1200625,1600,270.61,273.28,269.33,271.75
1200626,1600,275.05,275.75,269.9,270.76
1200629,1600,268.99,271.05,267.0,270.95
1200630,1600,273.27,274.61,271.85,274.05
1200701,1600,276.55,278.41,275.32,276.5
1200702,1600,277.88,281.61,277.5,280.27
1200703,1600,280.5,280.53,278.0,278.55
1200706,1600,281.57,282.41,280.21,282.01
1200707,1600,281.04,282.54,279.87,281.87
1200708,1600,279.77,280.59,277.92,278.47
1200709,1600,279.75,281.08,276.5,277.61
1200710,1600,278.2,280.37,277.9,280.23
1200713,1600,283.5,285.24,282.89,285.07
1200714,1600,280.42,280.53,275.8,278.7
1200715,1600,282.62,284.35,281.57,282.95
1200716,1600,282.2,282.58,280.79,281.27
1200717,1600,282.76,283.25,281.15,282.53
1200720,1600,280.59,283.98,280.22,283.68
1200721,1600,286.21,287.45,285.0,285.74
1200722,1600,283.51,283.87,281.28,282.45
1200723,1600,284.22,284.97,282.66,283.03
1200724,1600,277.75,279.71,276.85,277.56
1200727,1600,276.28,277.07,274.74,274.74
1200728,1600,277.06,277.69,275.25,276.92
1200729,1600,275.55,276.54,275.11,276.49
1200730,1600,276.87,276.87,272.64,275.17
1200731,1600,275.18,277.28,273.69,275.22
1200803,1600,279.1,282.29,278.0,281.77
1200804,1600,281.44,282.11,279.29,281.47
1200805,1600,281.82,282.35,280.23,280.66
1200806,1600,281.02,282.85,280.24,281.61
1200807,1600,283.14,285.54,282.66,284.95
1200810,1600,285.99,286.78,284.57,285.94
1200811,1600,288.04,288.64,286.59,287.67
1200812,1600,286.88,287.6,285.92,287.57
1200813,1600,286.45,287.3,285.7,287.02
1200814,1600,287.05,287.37,285.16,286.54
1200817,1600,286.04,286.67,285.5,286.29
1200818,1600,285.38,286.29,283.84,285.2
1200819,1600,285.33,286.8,285.12,286.8
1200820,1600,284.85,286.37,284.54,286.23
1200821,1600,286.72,289.58,286.61,288.71
1200824,1600,290.45,291.14,290.0,291.06
1200825,1600,293.38,293.52,290.96,291.76
1200826,1600,292.74,294.1,292.71,293.78
1200827,1600,295.39,298.13,294.09,297.51
1200828,1600,296.32,296.32,294.22,294.91
1200831,1600,297.27,297.99,293.78,294.28
1200901,1600,294.52,295.63,293.0,295.23
1200902,1600,298.99,301.59,298.9,301.01
1200903,1600,304.87,305.98,293.84,294.85
1200904,1600,291.91,295.93,285.59,287.63
1200907,1600,289.2,292.26,288.79,292.08
1200908,1600,292.65,293.01,285.0,286.1
1200909,1600,285.08,289.6,285.08,289.43
1200910,1600,289.09,289.4,286.52,288.04
1200911,1600,285.79,286.32,283.44,284.54
1200914,1600,287.0,287.9,285.21,287.9
1200915,1600,286.89,289.99,286.63,289.99
1200916,1600,289.48,290.51,289.14,290.42
1200917,1600,284.98,287.11,283.56,285.96
1200918,1600,284.91,286.26,282.68,282.68
1200921,1600,280.77,280.78,276.81,276.9
1200922,1600,280.57,282.8,280.0,281.35
1200923,1600,284.95,286.09,283.76,283.76
1200924,1600,278.62,280.9,277.57,280.28
1200925,1600,280.55,282.84,278.39,282.72
1200928,1600,287.17,289.26,286.95,289.04
1200929,1600,289.06,289.06,286.06,286.24
1200930,1600,284.32,289.75,284.18,289.26
1201001,1600,290.02,290.87,288.59,289.68
1201002,1600,286.3,288.68,284.64,287.83
1201005,1600,289.33,290.05,288.0,289.65
1201006,1600,290.57,291.4,289.65,290.61
1201007,1600,289.07,291.3,288.8,291.11
1201008,1600,294.14,295.15,292.91,293.72
1201009,1600,295.56,295.78,294.48,295.14
1201012,1600,296.46,300.69,296.46,300.69
1201013,1600,301.09,302.35,300.51,302.21
1201014,1600,301.81,302.78,300.12,300.4
1201015,1600,297.52,298.36,296.0,297.88
1201016,1600,299.75,301.81,299.0,300.7
1201019,1600,300.72,301.04,296.0,296.87
1201020,1600,294.58,295.1,289.73,292.95
1201021,1600,293.45,293.86,291.16,292.25
1201022,1600,290.65,293.1,290.08,292.22
1201023,1600,294.24,295.0,293.34,293.46
1201026,1600,291.25,292.77,288.36,288.36
1201027,1600,290.23,291.19,288.41,288.95
1201028,1600,287.68,287.82,281.64,282.55
1201029,1600,283.6,285.22,280.5,285.08
1201030,1600,280.82,284.59,279.5,281.99
1201102,1600,283.81,288.01,283.58,286.53
1201103,1600,287.13,291.02,286.83,290.76
1201104,1600,289.74,298.48,288.86,298.16
1201105,1600,298.51,300.53,297.23,299.73
1201106,1600,297.61,298.56,294.47,297.25
1201109,1600,301.02,311.25,300.82,307.96
1201110,1600,303.14,304.06,299.58,301.46
1201111,1600,303.11,306.49,302.95,305.91
1201112,1600,303.75,304.5,303.0,303.47
1201113,1600,302.9,304.31,302.43,303.44
1201116,1600,307.1,309.75,306.54,308.39
1201117,1600,307.56,307.68,304.7,306.71
1201118,1600,305.28,307.95,305.14,307.08
1201119,1600,303.61,303.86,302.19,302.91
1201120,1600,302.87,304.53,302.67,304.19
1201123,1600,303.32,304.84,302.15,303.26
1201124,1600,306.34,307.74,305.49,307.73
1201125,1600,308.32,308.5,306.2,306.97
1201126,1600,307.25,307.79,307.0,307.18
1201127,1600,306.76,307.76,306.73,306.73
1201130,1600,304.41,305.72,302.62,303.94
1201201,1600,307.68,308.93,306.93,307.3
1201202,1600,305.03,306.11,304.29,305.4
1201203,1600,304.88,305.4,304.05,305.15
1201204,1600,305.02,306.72,304.49,306.72
1201207,1600,307.03,307.33,306.15,307.03
1201208,1600,306.7,308.04,305.3,308.04
1201209,1600,308.37,309.15,308.2,308.48
1201210,1600,306.42,306.99,303.5,305.93
1201211,1600,304.76,304.8,302.09,303.4
1201214,1600,305.72,307.4,305.4,305.43
1201215,1600,304.12,305.3,303.65,304.33
1201216,1600,307.04,307.04,304.91,306.84
1201217,1600,306.97,307.22,305.7,305.99
1201218,1600,306.0,307.0,304.8,305.08
1201221,1600,305.96,306.23,299.5,302.43
1201222,1600,304.25,306.11,304.24,305.2
1201223,1600,305.66,306.62,305.52,306.33
1201228,1600,307.54,308.87,307.08,308.33
1201229,1600,309.44,309.82,307.38,308.13
1201230,1600,307.93,308.64,307.19,307.39
1210104,1600,310.36,310.72,303.51,304.35
1210105,1600,304.39,306.4,303.29,305.07
1210106,1600,304.34,310.32,302.75,309.77
1210107,1600,309.63,313.67,309.0,312.8
1210108,1600,315.47,315.48,313.82,314.01
1210111,1600,315.53,316.84,314.7,316.31
1210112,1600,316.22,316.84,315.15,315.75
1210113,1600,315.11,316.45,313.82,316.2
1210114,1600,317.24,318.68,316.56,317.25
1210115,1600,315.23,315.74,313.26,315.2
1210118,1600,314.69,315.75,314.4,315.55
1210119,1600,316.59,317.0,314.75,315.2
1210120,1600,316.06,320.47,315.94,320.2
1210121,1600,321.8,321.89,319.69,320.25
1210122,1600,318.63,318.76,316.73,318.36
1210125,1600,319.98,321.5,316.34,318.31
1210126,1600,319.8,321.28,319.49,319.94
1210127,1600,319.28,320.56,315.39,316.07
1210128,1600,312.03,318.21,309.71,317.6
1210129,1600,311.94,314.3,310.56,310.56
1210201,1600,311.47,314.3,311.1,314.3
1210202,1600,317.3,322.21,317.24,322.17
1210203,1600,322.93,323.2,320.9,321.74
1210204,1600,322.19,325.33,322.12,325.22
1210205,1600,327.29,328.42,325.64,326.45
1210208,1600,327.16,327.91,326.87,327.02
1210209,1600,327.29,327.67,325.99,326.69
1210210,1600,326.99,327.53,323.7,325.23
1210211,1600,326.36,326.96,325.91,326.38
1210212,1600,325.96,327.5,325.36,327.02
1210215,1600,329.07,329.73,328.54,329.58
1210216,1600,329.66,329.87,328.19,328.68
1210217,1600,328.9,329.79,327.59,327.95
1210218,1600,328.96,329.04,325.25,326.3
1210219,1600,326.39,327.88,325.77,327.26
1210222,1600,323.44,323.89,322.43,323.53
1210223,1600,323.57,323.58,317.43,320.97
1210224,1600,322.18,325.14,321.78,325.14
1210225,1600,325.95,325.97,321.32,321.61
1210226,1600,318.33,321.28,316.39,321.12
1210301,1600,322.93,327.03,322.84,326.97
1210302,1600,326.99,327.9,324.75,324.75
1210303,1600,325.87,326.65,322.0,323.69
1210304,1600,320.48,322.3,318.47,321.52
1210305,1600,317.94,323.13,317.0,318.12
1210308,1600,324.34,330.61,323.75,329.77
1210309,1600,327.76,331.3,327.49,331.01
1210310,1600,329.33,332.18,329.09,331.73
1210311,1600,332.57,334.38,331.7,334.36
1210312,1600,332.41,333.46,331.8,332.36
1210315,1600,334.52,335.83,333.24,334.2
1210316,1600,336.99,338.53,336.1,337.52
1210317,1600,337.34,337.46,334.64,335.35
1210318,1600,335.58,336.57,334.16,335.93
1210319,1600,333.15,334.37,331.25,333.4
1210322,1600,332.25,334.49,332.0,334.36
1210323,1600,334.3,336.63,333.76,336.18
1210324,1600,334.86,337.1,334.72,336.46
1210325,1600,333.75,334.75,330.77,334.52
1210326,1600,337.38,338.19,336.32,338.06
1210329,1600,339.81,341.09,339.08,340.21
1210330,1600,342.43,342.63,340.56,341.95
1210331,1600,341.69,343.51,340.8,343.51
1210401,1600,344.01,345.41,343.6,344.69
1210406,1600,348.98,349.49,348.08,348.84
1210407,1600,347.44,348.11,346.46,347.01
1210408,1600,349.2,349.52,347.25,348.17
1210409,1600,349.0,349.78,348.87,349.58
1210412,1600,350.83,351.35,349.95,350.31
1210413,1600,351.6,352.07,349.74,350.76
1210414,1600,350.71,351.55,350.3,350.52
1210415,1600,350.03,352.42,350.01,352.33
1210416,1600,352.44,353.81,352.07,353.19
1210419,1600,353.1,353.41,350.0,350.68
1210420,1600,349.96,350.31,346.87,346.87
1210421,1600,348.29,349.98,347.83,349.74
1210422,1600,350.58,352.09,349.95,352.09
1210423,1600,348.52,350.78,347.13,350.65
1210426,1600,350.02,351.97,349.35,351.44
1210427,1600,351.98,352.24,349.92,350.91
1210428,1600,352.27,352.29,350.79,350.95
1210429,1600,351.89,352.57,350.29,350.58
1210430,1600,351.48,352.5,350.6,352.3
1210503,1600,353.34,353.97,352.0,352.69
1210504,1600,352.78,353.75,348.27,349.46
1210505,1600,352.34,353.7,351.45,353.06
1210506,1600,352.13,352.4,348.6,350.95
1210507,1600,353.18,354.42,351.82,353.24
1210510,1600,352.99,353.4,351.68,352.55
1210511,1600,348.53,348.53,342.78,345.55
1210512,1600,346.35,346.69,343.8,343.8
1210513,1600,340.37,346.5,338.95,345.12
1210514,1600,346.26,347.88,345.2,347.88
1210517,1600,348.26,348.66,346.21,346.32
1210518,1600,347.84,347.84,344.9,345.55
1210519,1600,340.14,340.7,336.9,338.86
1210520,1600,342.2,345.29,340.29,345.29
1210521,1600,345.51,348.59,345.21,347.1
1210525,1600,348.74,348.99,347.19,347.19
1210526,1600,348.18,348.69,347.0,348.52
1210527,1600,348.09,350.52,347.72,349.89
1210528,1600,350.71,352.11,350.33,350.5
1210531,1600,350.13,350.3,348.0,348.16
1210601,1600,349.3,351.05,348.0,349.06
1210602,1600,349.11,350.48,348.45,350.18
1210603,1600,350.13,351.47,347.03,351.2
1210604,1600,351.19,352.32,350.68,351.91
1210607,1600,352.65,353.11,350.89,350.89
1210608,1600,352.16,352.97,350.57,351.16
1210609,1600,352.08,352.65,351.42,352.26
1210610,1600,352.06,354.34,351.1,353.31
1210611,1600,352.92,355.75,352.81,355.54
1210614,1600,356.65,356.98,354.47,354.74
1210615,1600,356.69,357.13,354.96,354.96
1210616,1600,355.64,356.18,355.0,355.65
1210617,1600,356.49,360.1,356.34,359.91
1210618,1600,360.45,360.6,357.21,357.68
1210621,1600,355.52,359.47,355.45,359.32
1210622,1600,360.51,361.68,359.67,361.47
1210623,1600,362.27,362.36,360.34,360.79
1210624,1600,361.66,363.48,361.5,363.0
1210625,1600,362.77,363.68,362.21,363.68
1210628,1600,364.29,365.32,363.8,364.0
1210629,1600,365.23,367.15,365.04,366.19
1210630,1600,366.54,368.18,365.32,368.0
1210701,1600,368.85,369.87,367.55,369.08
1210702,1600,370.75,371.97,370.69,371.6
1210705,1600,372.0,372.83,371.43,372.69
1210706,1600,371.42,373.61,370.9,371.65
1210707,1600,373.2,374.77,372.93,374.44
1210708,1600,373.14,373.73,367.38,369.86
1210709,1600,371.64,373.67,370.83,373.67
1210712,1600,373.79,375.0,371.97,374.77
1210713,1600,375.02,377.49,374.9,377.45
1210714,1600,375.8,377.57,375.5,375.61
1210715,1600,375.1,375.48,374.25,375.38
1210716,1600,374.99,376.51,373.61,374.0
1210719,1600,371.42,371.92,364.44,367.23
1210720,1600,369.23,372.92,367.79,372.38
1210721,1600,373.82,375.27,373.2,374.43
1210722,1600,375.98,376.41,374.0,376.11
1210723,1600,378.12,380.5,377.85,380.5
1210726,1600,379.57,380.09,378.0,380.09
1210727,1600,380.18,380.67,376.44,376.44
1210728,1600,378.37,379.81,378.07,378.81
1210729,1600,377.67,378.51,376.8,378.15
1210730,1600,374.45,377.26,373.96,376.59
1210802,1600,378.24,378.92,376.71,377.39
1210803,1600,376.3,377.11,374.3,376.56
1210804,1600,378.15,379.07,376.32,378.18
1210805,1600,378.14,379.7,377.94,379.33
1210806,1600,380.45,383.3,380.16,382.94
1210809,1600,382.71,383.54,382.21,383.34
1210810,1600,383.67,385.62,383.6,384.72
1210811,1600,384.92,385.38,384.15,384.52
1210812,1600,384.84,385.43,384.37,385.37
1210813,1600,386.56,386.63,384.6,384.8
1210816,1600,384.09,385.0,382.81,384.13
1210817,1600,385.39,386.69,384.66,386.18
1210818,1600,386.23,386.59,385.01,385.92
1210819,1600,379.89,383.27,378.63,382.6
1210820,1600,382.66,386.43,380.92,386.09
1210823,1600,386.9,388.68,385.87,388.58
1210824,1600,389.02,389.34,387.83,388.48
1210825,1600,388.98,389.18,388.2,388.97
1210826,1600,388.12,388.98,386.79,387.28
1210827,1600,387.25,388.75,387.0,388.54
1210830,1600,388.79,391.14,388.69,391.14
1210831,1600,390.61,390.74,388.35,390.51
1210901,1600,391.09,391.57,388.6,388.95
1210902,1600,388.76,389.8,388.65,389.66
1210903,1600,389.08,389.61,386.89,388.46
1210906,1600,389.2,390.2,389.08,390.0
1210907,1600,389.26,389.51,387.63,388.17
1210908,1600,388.35,389.31,386.79,387.83
1210909,1600,387.07,390.27,386.03,388.59
1210910,1600,387.47,388.9,385.1,385.68
1210913,1600,386.88,387.75,383.75,384.35
1210914,1600,384.99,386.4,383.0,383.83
1210915,1600,383.74,384.0,382.08,383.7
1210916,1600,386.51,388.0,384.48,385.2
1210917,1600,387.41,387.45,384.5,384.92
1210920,1600,381.33,381.76,377.78,377.94
1210921,1600,380.67,382.31,377.46,380.11
1210922,1600,380.1,381.86,378.9,381.86
1210923,1600,383.34,386.1,382.66,386.02
1210924,1600,384.91,387.19,383.98,385.94
1210927,1600,389.13,389.53,386.2,386.96
1210928,1600,385.98,386.44,379.77,380.28
1210929,1600,381.51,384.13,381.26,383.14
1210930,1600,385.6,385.78,382.13,382.94
1211001,1600,375.45,380.16,375.27,379.93
1211004,1600,380.32,381.11,375.3,375.38
1211005,1600,378.03,383.27,377.47,382.74
1211006,1600,379.95,381.69,377.86,380.24
1211007,1600,386.43,390.15,385.88,389.58
1211008,1600,388.58,388.94,386.78,387.1
1211011,1600,384.93,388.4,384.56,388.08
1211012,1600,381.46,385.8,381.35,384.75
1211013,1600,382.75,384.51,381.35,381.94
1211014,1600,385.11,389.07,384.45,388.94
1211015,1600,390.4,392.85,390.06,392.3
1211018,1600,392.32,393.55,390.19,393.1
1211019,1600,392.92,395.24,392.69,395.02
1211020,1600,395.16,397.09,395.13,396.56
1211021,1600,395.62,397.21,395.5,396.22
1211022,1600,397.77,399.13,397.0,397.01
1211025,1600,397.96,400.0,397.27,399.93
1211026,1600,402.38,404.0,401.75,403.21
1211027,1600,402.05,402.33,400.61,401.8
1211028,1600,400.29,401.8,399.15,400.23
1211029,1600,399.2,405.41,398.81,405.04
1211101,1600,406.44,407.49,404.32,405.19
1211102,1600,404.84,407.52,404.72,407.52
1211103,1600,407.27,407.5,406.6,406.95
1211104,1600,411.32,413.25,410.74,412.22
1211105,1600,412.53,417.27,412.47,414.97
1211108,1600,413.61,415.0,413.14,413.6
1211109,1600,412.43,414.35,410.65,411.97
1211110,1600,412.67,414.41,411.0,413.96
1211111,1600,413.92,414.97,413.36,414.19
1211112,1600,414.34,416.9,414.11,416.77
1211115,1600,417.15,418.99,417.07,418.38
1211116,1600,419.74,423.4,419.18,423.4
1211117,1600,424.02,424.12,422.0,422.92
1211118,1600,422.77,423.71,419.77,421.77
1211119,1600,424.41,425.81,423.23,424.32
1211122,1600,426.37,430.08,425.54,428.32
1211123,1600,423.55,425.83,421.0,422.5
1211124,1600,425.21,427.56,423.92,427.05
1211125,1600,428.76,429.26,427.5,428.18
1211126,1600,418.49,419.92,413.59,414.24
1211129,1600,419.8,421.31,417.8,420.32
1211130,1600,414.94,417.82,412.17,415.02
1211201,1600,414.26,419.0,414.13,418.41
1211202,1600,408.45,412.24,405.35,410.65
1211203,1600,413.75,416.08,408.32,409.72
1211206,1600,412.9,415.38,409.31,414.53
1211207,1600,418.44,425.83,418.08,425.56
1211208,1600,424.61,426.23,420.69,421.4
1211209,1600,423.15,424.21,421.85,424.2
1211210,1600,422.43,425.53,421.5,422.18
1211213,1600,426.63,428.49,422.18,422.63
1211214,1600,424.19,424.68,417.64,418.09
1211215,1600,420.59,420.87,418.23,418.23
1211216,1600,426.99,429.32,423.58,424.74
1211217,1600,421.06,422.6,415.39,420.35
1211220,1600,413.27,414.34,409.5,409.69
1211221,1600,415.52,417.77,414.47,417.15
1211222,1600,420.58,422.15,418.37,422.15
1211223,1600,423.57,427.02,423.31,426.82
1211227,1600,425.94,430.23,425.72,429.75
1211228,1600,431.72,434.29,431.5,432.4
1211229,1600,433.17,434.41,429.34,430.59
1211230,1600,432.57,433.67,431.93,432.63
1220103,1600,430.79,432.59,429.32,431.08
1220104,1600,434.47,436.0,431.95,433.35
1220105,1600,432.74,433.22,430.67,431.42
1220106,1600,425.4,426.32,421.68,424.68
1220107,1600,424.2,425.44,419.8,421.35
1220110,1600,422.46,423.05,413.28,415.51
1220111,1600,421.04,423.26,417.8,420.89
1220112,1600,424.2,425.64,420.81,422.37
1220113,1600,419.94,422.58,419.66,420.82
1220114,1600,415.42,416.67,412.0,414.62
1220117,1600,416.44,418.8,416.12,417.99
1220118,1600,415.39,415.46,412.13,413.16
1220119,1600,409.56,415.46,409.43,410.72
1220120,1600,409.19,414.1,407.96,414.08
1220121,1600,403.57,404.61,397.79,403.74
1220124,1600,398.88,400.0,386.1,387.01
1220125,1600,393.03,397.3,388.63,391.2
1220126,1600,395.87,402.44,395.79,400.31
1220127,1600,393.17,405.83,392.75,403.89
1220128,1600,399.09,399.72,392.37,399.21
1220131,1600,405.02,408.0,402.79,407.0
1220201,1600,409.21,410.79,406.85,410.04
1220202,1600,413.51,414.92,411.1,411.7
1220203,1600,411.47,412.0,404.0,404.3
1220204,1600,403.91,404.48,397.03,400.02
1220207,1600,402.4,403.79,400.0,401.73
1220208,1600,401.96,403.69,399.9,403.69
1220209,1600,406.07,409.69,405.38,408.71
1220210,1600,409.96,410.46,405.45,405.5
1220211,1600,402.9,406.0,401.18,402.08
1220214,1600,398.1,399.54,394.29,398.54
1220215,1600,397.9,403.18,397.8,401.92
1220216,1600,400.83,402.89,398.78,399.47
1220217,1600,401.46,401.87,396.61,397.82
1220218,1600,396.02,396.74,392.0,392.98
1220221,1600,393.83,394.3,388.37,388.59
1220222,1600,386.75,393.36,385.6,389.72
1220223,1600,390.66,392.18,386.42,387.21
1220224,1600,376.46,385.59,375.37,383.76
1220225,1600,388.53,396.35,387.22,396.35
1220228,1600,395.5,399.22,393.5,399.22
1220301,1600,400.25,401.76,396.0,397.46
1220302,1600,396.47,404.25,395.8,402.9
1220303,1600,404.56,408.09,402.59,403.85
1220304,1600,403.94,406.53,400.67,401.86
1220307,1600,401.25,405.9,399.28,401.12
1220308,1600,393.37,397.12,390.92,391.83
1220309,1600,394.12,396.56,392.33,394.3
1220310,1600,395.34,397.15,389.36,391.36
1220311,1600,396.95,402.24,395.98,397.36
1220314,1600,395.84,396.75,390.39,390.76
1220315,1600,386.64,396.77,385.1,396.77
1220316,1600,401.43,403.87,400.18,402.7
1220317,1600,404.19,404.65,401.22,403.34
1220318,1600,406.13,410.36,405.29,409.99
1220321,1600,412.42,415.99,412.0,412.74
1220322,1600,416.21,418.93,414.71,418.35
1220323,1600,419.06,419.43,417.0,417.38
1220324,1600,417.42,419.12,416.26,417.65
1220325,1600,420.25,422.71,418.66,420.95
1220328,1600,423.7,425.38,422.75,422.95
1220329,1600,426.45,428.24,422.59,425.13
1220330,1600,425.66,425.99,422.36,423.02
1220331,1600,422.84,425.49,422.5,423.48
1220401,1600,421.22,422.97,419.82,419.92
1220404,1600,422.26,425.54,420.85,425.22
1220405,1600,427.41,428.64,426.0,427.61
1220406,1600,425.87,426.35,418.57,419.25
1220407,1600,420.23,423.1,418.5,418.8
1220408,1600,425.46,426.4,422.54,424.32
1220411,1600,420.94,421.27,416.7,417.7
1220412,1600,414.91,421.25,413.64,420.0
1220413,1600,418.45,418.83,415.54,417.82
1220414,1600,417.83,422.37,416.94,420.45
1220419,1600,418.42,422.71,415.09,422.3
1220420,1600,420.93,424.35,420.42,422.35
1220421,1600,421.07,424.86,420.22,422.42
1220422,1600,416.39,417.16,411.29,411.7
1220425,1600,405.18,406.76,402.45,404.49
1220426,1600,410.21,411.69,404.88,404.88
1220427,1600,404.89,410.68,403.34,409.63
1220428,1600,411.79,415.26,408.99,411.12
1220429,1600,414.92,415.3,408.84,410.92
1220502,1600,403.81,405.32,399.85,402.1
1220503,1600,405.56,407.87,402.58,407.68
1220504,1600,407.44,408.32,402.8,402.94
1220505,1600,414.65,415.2,404.49,405.64
1220506,1600,404.27,404.3,394.0,399.55
1220509,1600,399.11,399.79,389.64,390.56
1220510,1600,391.36,395.05,386.14,386.86
1220511,1600,390.02,393.93,385.31,391.19
1220512,1600,382.61,390.33,382.01,386.59
1220513,1600,390.35,397.97,390.0,396.16
1220516,1600,394.09,396.0,392.4,393.54
1220517,1600,395.49,399.88,392.87,395.49
1220518,1600,397.3,397.86,387.94,388.62
1220519,1600,383.45,384.06,376.55,379.07
1220520,1600,380.38,383.31,375.42,376.69
1220523,1600,381.8,382.33,376.32,381.26
1220524,1600,375.92,377.46,370.52,371.43
1220525,1600,380.74,381.94,377.08,379.68
1220526,1600,381.53,387.76,381.22,386.89
1220527,1600,387.63,395.27,386.7,395.23
1220530,1600,400.18,401.39,397.15,398.23
1220531,1600,396.33,398.08,393.24,394.52
1220601,1600,396.38,398.86,393.4,394.05
1220602,1600,394.99,395.9,390.72,393.69
1220603,1600,398.52,398.52,392.48,393.4
1220606,1600,395.49,399.62,395.33,397.51
1220607,1600,393.52,396.83,392.39,395.47
1220608,1600,397.84,398.69,394.84,397.36
1220609,1600,394.06,397.4,391.16,394.18
1220610,1600,388.55,390.54,380.86,381.03
1220613,1600,375.58,376.12,369.3,371.99
1220614,1600,373.51,373.81,367.87,369.26
1220615,1600,368.23,373.68,366.76,371.85
1220616,1600,370.41,370.8,357.74,359.23
1220617,1600,360.48,363.17,357.17,360.26
1220620,1600,360.28,361.9,359.18,361.9
1220621,1600,362.94,367.4,362.1,366.32
1220622,1600,363.39,368.37,360.58,367.07
1220623,1600,364.43,370.92,363.97,368.31
1220624,1600,372.04,378.26,371.94,377.91
1220627,1600,380.48,382.83,377.42,379.25
1220628,1600,380.47,384.54,377.84,377.84
1220629,1600,372.74,376.43,371.65,374.95
1220630,1600,370.93,373.4,368.63,371.19
1220701,1600,368.1,376.02,367.82,373.7
1220704,1600,375.1,375.78,373.52,375.67
1220705,1600,377.82,380.29,374.8,376.31
1220706,1600,383.49,388.4,382.44,385.55
1220707,1600,388.39,393.21,387.27,393.12
1220708,1600,393.28,396.75,392.03,395.0
1220711,1600,392.16,396.0,392.05,393.66
1220712,1600,392.96,395.94,391.63,394.08
1220713,1600,392.06,394.0,384.57,387.13
1220714,1600,388.66,388.69,383.0,384.62
1220715,1600,388.05,393.47,387.0,393.0
1220718,1600,394.66,396.47,391.63,393.44
1220719,1600,388.4,392.5,384.87,392.5
1220720,1600,395.84,399.62,394.84,399.55
1220721,1600,398.9,400.19,394.9,400.19
1220722,1600,401.29,404.51,399.4,399.4
1220725,1600,399.44,400.47,396.61,399.48
1220726,1600,398.3,401.51,397.23,398.64
1220727,1600,400.75,404.0,399.33,403.19
1220728,1600,404.24,409.63,403.14,409.28
1220729,1600,411.23,416.6,411.23,413.1
1220801,1600,413.79,415.07,410.92,413.76
1220802,1600,411.45,415.36,409.84,414.23
1220803,1600,414.13,419.74,413.32,419.67
1220804,1600,419.44,421.01,416.46,417.22
1220805,1600,417.7,419.47,415.41,416.79
1220808,1600,420.29,422.07,418.56,419.35
1220809,1600,418.06,418.38,413.6,415.24
1220810,1600,414.45,418.78,414.25,417.8
1220811,1600,421.19,423.16,419.46,421.08
1220812,1600,420.78,426.12,420.47,426.0
1220815,1600,428.91,431.88,427.71,431.48
1220816,1600,434.56,436.29,432.13,435.07
1220817,1600,435.55,435.92,431.2,431.64
1220818,1600,431.6,435.18,431.09,435.18
1220819,1600,435.1,435.88,433.05,433.23
1220822,1600,432.26,432.6,428.42,430.84
1220823,1600,428.75,430.49,425.27,426.53
1220824,1600,426.63,429.08,424.78,428.25
1220825,1600,430.0,431.25,428.19,429.76
1220826,1600,433.38,433.68,422.2,424.0
1220829,1600,417.99,418.32,413.33,415.3
1220830,1600,416.59,418.18,408.62,410.06
1220831,1600,412.02,413.0,406.82,407.73
1220901,1600,404.49,406.67,402.31,406.6
1220902,1600,409.37,413.2,407.85,412.16
1220905,1600,409.82,410.0,406.79,408.46
1220906,1600,407.91,410.94,404.98,408.64
1220907,1600,405.87,408.64,405.34,408.05
1220908,1600,410.92,414.52,407.5,414.46
1220909,1600,411.19,417.0,410.47,416.49
1220912,1600,413.4,418.99,412.17,418.17
1220913,1600,418.89,422.0,409.65,410.29
1220914,1600,407.92,408.2,404.67,406.61
1220915,1600,408.79,408.99,402.7,404.06
1220916,1600,399.22,400.62,395.49,396.22
1220919,1600,397.91,400.41,395.61,397.87
1220920,1600,401.62,402.59,396.97,398.26
1220921,1600,399.97,404.66,399.56,404.22
1220922,1600,395.28,397.91,393.5,394.4
1220923,1600,393.95,395.0,390.69,391.44
1220926,1600,392.07,396.35,390.01,393.96
1220927,1600,394.67,397.44,393.0,393.0
1220928,1600,391.74,394.89,388.85,394.11
1220929,1600,393.36,393.36,383.31,383.84
1220930,1600,384.37,387.89,382.0,385.46
1221003,1600,378.12,384.66,376.0,383.7
1221004,1600,388.18,392.29,387.24,391.27
1221005,1600,389.55,392.68,389.5,391.23
1221006,1600,393.86,398.0,391.3,395.96
1221007,1600,393.24,395.14,386.54,387.17
1221010,1600,384.66,388.27,383.3,384.56
1221011,1600,380.74,383.22,379.49,382.58
1221012,1600,382.58,384.82,380.17,381.93
1221013,1600,380.28,384.21,372.9,382.09
1221014,1600,389.54,392.49,382.9,383.56
1221017,1600,383.62,388.7,382.08,386.39
1221018,1600,390.47,394.51,387.72,387.72
1221019,1600,391.17,393.17,389.5,390.08
1221020,1600,388.73,392.0,387.07,390.49
1221021,1600,386.28,390.55,384.3,389.05
1221024,1600,394.07,397.64,391.14,394.19
1221025,1600,397.52,398.2,394.65,397.85
1221026,1600,395.57,398.23,393.66,397.66
1221027,1600,393.94,397.91,392.8,395.96
1221028,1600,390.9,401.61,390.73,400.75
1221031,1600,404.08,406.52,402.55,404.46
1221101,1600,405.14,406.75,401.29,403.12
1221102,1600,403.49,403.5,399.86,400.29
1221103,1600,396.74,397.54,391.73,395.31
1221104,1600,393.71,395.53,387.09,388.38
1221107,1600,390.2,392.67,389.0,390.94
1221108,1600,391.81,394.86,391.68,394.86
1221109,1600,392.54,393.2,389.56,390.1
1221110,1600,387.44,400.0,387.28,398.0
1221111,1600,401.24,401.75,395.31,395.77
1221114,1600,398.21,399.99,396.9,398.11
1221115,1600,395.49,400.01,394.26,399.72
1221116,1600,397.65,397.87,393.13,394.25
1221117,1600,395.34,395.53,390.5,392.26
1221118,1600,392.76,397.25,392.66,395.26
1221121,1600,397.43,399.27,396.95,397.53
1221122,1600,397.37,400.1,396.43,399.69
1221123,1600,400.49,402.31,399.78,400.98
1221124,1600,400.38,402.11,399.95,400.68
1221125,1600,400.6,401.74,399.8,400.2
1221128,1600,398.7,398.76,393.37,397.11
1221129,1600,396.45,397.25,393.62,393.87
1221130,1600,395.65,396.44,392.98,396.38
1221201,1600,404.94,405.06,399.25,401.0
1221202,1600,399.95,400.94,395.7,398.72
1221205,1600,397.69,398.23,394.85,395.52
1221206,1600,394.24,395.22,387.82,389.1
1221207,1600,390.02,390.04,384.3,387.21
1221208,1600,387.19,389.5,386.75,387.86
1221209,1600,388.94,391.0,386.45,389.25
1221212,1600,386.27,388.6,385.17,387.8
1221213,1600,391.46,403.78,390.91,393.84
1221214,1600,391.53,393.29,389.39,392.72
1221215,1600,386.41,386.77,377.59,378.58
1221216,1600,378.15,378.17,373.76,375.33
1221219,1600,375.55,376.98,373.04,373.04
1221220,1600,369.32,372.87,368.69,371.2
1221221,1600,373.49,379.0,372.81,378.62
1221222,1600,377.75,378.49,371.0,372.24
1221223,1600,372.71,374.18,370.2,373.06
1221227,1600,376.47,376.8,371.2,372.58
1221228,1600,373.53,373.65,370.31,370.51
1221229,1600,369.28,373.39,368.4,373.22
1221230,1600,372.34,372.34,370.56,370.73
1230102,1600,375.8,379.98,374.97,379.36
1230103,1600,376.41,381.11,373.63,373.63
1230104,1600,374.75,377.11,372.99,377.11
1230105,1600,374.66,376.82,373.24,374.61
1230106,1600,374.88,378.63,374.5,377.57
1230109,1600,377.47,380.48,377.15,380.01
1230110,1600,374.89,376.86,373.6,375.29
1230111,1600,377.68,379.3,377.3,379.07
1230112,1600,381.87,383.47,378.47,379.64
1230113,1600,379.71,380.7,377.34,380.16
1230116,1600,382.09,382.88,380.59,382.26
1230117,1600,380.97,384.36,380.16,382.84
1230118,1600,382.02,383.06,379.01,379.01
1230119,1600,375.75,375.84,372.63,372.97
1230120,1600,373.65,376.11,372.15,375.79
1230123,1600,377.09,383.97,376.36,383.34
1230124,1600,382.24,382.85,380.5,381.99
1230125,1600,380.96,381.27,375.17,377.91
1230126,1600,382.03,384.8,382.0,383.77
1230127,1600,385.28,388.26,384.6,387.76
1230130,1600,385.31,386.13,382.64,385.49
1230131,1600,384.64,386.0,382.08,385.49
1230201,1600,387.23,387.46,384.24,385.56
1230202,1600,389.12,396.67,388.79,396.67
1230203,1600,394.01,399.53,392.4,399.53
1230206,1600,395.58,397.87,394.05,397.87
1230207,1600,397.66,398.67,396.87,398.67
1230208,1600,400.8,401.3,397.62,397.76
1230209,1600,399.87,400.23,397.27,397.58
1230210,1600,393.32,396.33,392.46,395.84
1230213,1600,396.0,399.16,395.91,398.7
1230214,1600,399.34,400.89,396.41,396.58
1230215,1600,397.92,401.0,397.64,400.67
1230216,1600,402.31,402.44,397.57,399.8
1230217,1600,396.3,397.3,393.8,393.93
1230220,1600,394.96,395.85,394.34,394.63
1230221,1600,394.16,394.58,389.89,390.27
1230222,1600,389.78,390.74,388.1,390.17
1230223,1600,391.61,393.67,389.93,390.16
1230224,1600,392.2,392.31,387.45,388.87
1230227,1600,391.37,393.06,390.4,390.4
1230228,1600,388.65,390.69,387.48,389.13
1230301,1600,387.88,388.1,383.0,384.13
1230302,1600,382.7,386.17,382.6,385.68
1230303,1600,388.85,393.07,388.38,392.95
1230306,1600,394.6,395.98,393.77,395.47
1230307,1600,393.64,395.0,392.5,393.07
1230308,1600,392.58,393.57,391.3,391.48
1230309,1600,392.01,393.82,390.82,391.91
1230310,1600,382.21,384.8,377.12,382.76
1230313,1600,378.83,379.12,369.23,374.48
1230314,1600,375.46,380.91,374.0,380.03
1230315,1600,378.7,381.68,374.93,379.28
1230316,1600,381.72,385.88,378.34,384.43
1230317,1600,386.1,387.19,380.76,381.82
1230320,1600,379.38,383.11,377.44,380.86
1230321,1600,383.26,385.04,382.81,383.82
1230322,1600,384.86,386.42,384.4,384.55
1230323,1600,377.85,381.81,376.86,380.18
1230324,1600,379.61,381.36,377.68,380.35
1230327,1600,385.11,385.7,382.8,383.35
1230328,1600,383.35,383.65,379.61,380.5
1230329,1600,383.85,384.76,382.6,383.99
1230330,1600,386.52,387.06,384.53,385.5
1230331,1600,386.34,390.37,386.17,390.24
1230403,1600,393.75,393.75,391.14,391.64
1230404,1600,392.85,394.3,388.15,388.89
1230405,1600,389.13,389.42,387.6,388.56
1230406,1600,389.14,389.9,387.5,388.69
1230411,1600,392.66,392.76,390.5,391.14
1230412,1600,390.61,392.5,387.72,388.69
1230413,1600,387.97,388.07,384.99,387.09
1230414,1600,389.05,392.4,388.46,390.66
1230417,1600,392.06,394.08,391.57,393.26
1230418,1600,394.22,395.67,392.5,393.34
1230419,1600,392.73,393.72,391.6,392.86
1230420,1600,392.44,392.81,390.38,391.35
1230421,1600,391.64,392.04,389.8,390.49
1230424,1600,389.78,390.5,388.54,388.88
1230425,1600,388.11,389.46,387.13,388.38
1230426,1600,386.24,386.34,381.5,383.77
1230427,1600,383.29,386.52,382.83,386.51
1230428,1600,389.31,392.5,389.02,390.89
1230502,1600,394.13,395.0,387.23,387.53
1230503,1600,389.01,389.43,386.83,387.54
1230504,1600,384.58,385.77,381.49,383.57
1230505,1600,383.94,389.69,383.48,388.88
1230508,1600,388.89,390.5,388.87,389.79
1230509,1600,390.61,391.63,390.06,391.63
1230510,1600,390.97,393.14,389.7,391.29
1230511,1600,394.73,395.31,391.48,393.2
1230512,1600,393.91,396.0,393.5,394.03
1230515,1600,395.83,396.55,392.91,394.78
1230516,1600,394.52,395.14,393.87,394.81
1230517,1600,394.18,397.0,394.18,396.47
1230518,1600,399.36,404.22,399.35,403.56
1230519,1600,405.15,406.21,402.82,402.82
1230522,1600,403.0,404.76,401.88,404.37
1230523,1600,403.63,404.87,402.69,403.76
1230524,1600,399.81,400.32,396.99,397.93
1230525,1600,401.36,403.63,400.59,401.59
1230526,1600,402.65,408.52,401.17,407.5
1230529,1600,409.34,409.89,409.06,409.82
1230530,1600,410.38,411.46,407.8,408.38
1230531,1600,408.24,410.0,406.08,406.91
1230601,1600,408.11,409.23,404.72,407.62
1230602,1600,409.07,415.56,408.86,414.99
1230605,1600,416.55,418.38,415.52,417.21
1230606,1600,414.92,417.65,414.71,416.62
1230607,1600,417.36,417.83,415.67,416.36
1230608,1600,414.63,415.19,412.2,413.92
1230609,1600,414.42,418.13,413.77,416.47
1230612,1600,417.82,417.92,415.94,417.59
1230613,1600,419.66,421.7,418.39,421.53
1230614,1600,421.73,422.62,419.76,421.18
1230615,1600,420.71,420.91,416.61,419.96
1230616,1600,420.67,422.9,420.44,421.86
1230619,1600,420.12,421.14,419.41,419.71
1230620,1600,419.23,420.2,417.3,418.17
1230621,1600,418.17,418.99,414.63,415.69
1230622,1600,413.19,415.28,411.62,415.27
1230623,1600,416.16,418.86,415.21,416.14
1230626,1600,415.77,416.43,414.3,414.68
1230627,1600,413.85,414.16,411.92,414.14
1230628,1600,416.12,418.6,415.12,418.2
1230629,1600,418.4,420.44,417.65,420.26
1230630,1600,421.8,424.49,421.76,423.88
1230703,1600,425.77,426.57,424.01,425.12
1230704,1600,425.35,426.12,425.25,425.94
1230705,1600,425.21,426.93,423.61,426.5
1230706,1600,425.01,425.55,420.4,420.98
1230707,1600,421.56,422.7,419.44,420.15
1230710,1600,417.07,419.25,416.55,417.92
1230711,1600,417.81,419.8,417.16,418.96
1230712,1600,419.93,421.69,419.72,419.72
1230713,1600,419.19,419.9,418.45,418.5
1230714,1600,418.84,420.29,417.9,419.12
1230717,1600,417.6,419.42,416.95,419.1
1230718,1600,418.51,421.34,417.8,421.34
1230719,1600,423.51,426.5,422.7,425.75
1230720,1600,423.51,426.01,423.36,426.01
1230721,1600,425.06,427.09,425.06,426.72
1230724,1600,424.69,429.22,424.5,428.54
1230725,1600,429.3,431.4,428.5,430.83
1230726,1600,430.8,430.92,428.79,429.09
1230727,1600,430.56,436.76,429.74,435.25
1230728,1600,432.53,434.09,431.65,433.54
1230731,1600,433.34,434.38,432.42,433.51
1230801,1600,435.62,435.9,434.2,434.95
1230802,1600,431.9,433.1,429.89,431.41
1230803,1600,430.11,430.69,427.48,429.0
1230804,1600,430.13,431.1,426.3,427.66
1230807,1600,426.76,427.53,425.87,426.29
1230808,1600,427.29,428.49,425.32,425.77
1230809,1600,428.87,429.12,424.5,424.94
1230810,1600,425.49,427.96,423.9,426.38
1230811,1600,424.63,425.39,422.74,424.25
1230814,1600,425.58,429.01,425.25,427.94
1230815,1600,428.97,429.0,423.86,425.74
1230816,1600,424.35,425.5,423.7,425.1
1230817,1600,423.38,423.98,421.79,422.2
1230818,1600,419.71,419.99,416.85,418.7
1230821,1600,419.31,421.32,418.5,418.88
1230822,1600,420.9,424.78,420.54,423.42
1230823,1600,423.26,426.11,423.25,425.75
1230824,1600,429.82,430.27,424.71,424.77
1230825,1600,423.75,425.47,422.1,424.87
1230828,1600,425.73,428.92,425.5,427.27
1230829,1600,428.81,431.21,427.58,431.06
1230830,1600,432.08,432.68,429.0,431.17
1230831,1600,432.83,436.41,432.74,435.42
1230901,1600,434.39,437.45,434.29,436.64
1230904,1600,437.47,437.79,436.63,436.75
1230905,1600,436.88,440.12,436.52,439.24
1230906,1600,437.01,437.09,434.63,434.95
1230907,1600,434.22,434.9,432.7,434.36
1230908,1600,434.86,435.88,433.19,435.88
1230911,1600,435.47,436.92,434.4,434.89
1230912,1600,436.44,436.82,434.87,435.6
1230913,1600,434.08,435.54,433.21,435.54
1230914,1600,435.61,440.91,435.34,440.38
1230915,1600,442.73,442.98,436.87,437.14
1230918,1600,436.87,437.0,435.01,436.05
1230919,1600,435.57,436.41,432.16,432.89
1230920,1600,434.87,435.67,433.85,434.07
1230921,1600,431.49,431.59,426.7,427.31
1230922,1600,425.31,427.21,424.83,426.97
1230925,1600,425.14,427.43,423.15,427.13
1230926,1600,426.38,426.5,423.0,423.49
1230927,1600,423.89,426.32,423.89,424.54
1230928,1600,425.82,425.93,422.8,425.47
1230929,1600,425.39,428.29,425.1,426.27
1231002,1600,425.82,427.73,424.28,427.33
1231003,1600,428.08,428.54,422.2,422.38
1231004,1600,420.38,422.34,419.47,421.47
1231005,1600,423.27,423.92,419.87,420.45
1231006,1600,421.99,423.03,419.5,422.71
1231009,1600,424.26,426.53,423.56,426.53
1231010,1600,429.56,431.91,428.0,431.68
1231011,1600,429.98,431.52,428.93,429.15
1231012,1600,432.01,434.13,431.91,433.47
1231013,1600,432.41,434.8,430.69,431.86
1231016,1600,431.11,434.52,429.57,433.97
1231017,1600,433.38,433.66,429.94,432.68
1231018,1600,431.14,432.28,430.17,431.01
1231019,1600,427.59,428.4,425.12,426.13
1231020,1600,421.62,422.59,417.9,418.19
1231023,1600,418.07,418.52,413.63,416.58
1231024,1600,414.56,420.39,414.29,418.92
1231025,1600,417.82,419.48,415.61,416.09
1231026,1600,412.39,414.67,411.95,412.99
1231027,1600,411.66,412.5,408.83,409.31
1231030,1600,410.51,410.96,407.19,409.2
1231031,1600,409.54,413.18,409.2,413.18
1231101,1600,414.56,418.88,413.86,418.17
1231102,1600,419.59,423.98,418.96,423.98
1231103,1600,424.51,425.84,423.38,425.58
1231106,1600,425.16,425.74,424.46,425.04
1231107,1600,425.86,429.22,425.72,429.12
1231108,1600,428.58,430.08,427.34,427.67
1231109,1600,428.47,430.28,426.89,428.49
1231110,1600,427.57,429.46,425.43,429.13
1231113,1600,430.77,433.3,430.61,431.89
1231114,1600,431.81,435.1,430.5,434.07
1231115,1600,433.94,436.36,433.8,435.17
1231116,1600,434.89,434.95,432.42,433.26
1231117,1600,436.27,437.45,433.0,433.55
1231120,1600,432.58,434.07,432.19,434.04
1231121,1600,434.54,435.09,433.25,434.28
1231122,1600,435.36,439.66,435.36,438.83
1231123,1600,437.56,438.55,437.0,438.09
1231124,1600,437.6,438.26,435.5,436.51
1231127,1600,435.32,436.57,434.8,436.28
1231128,1600,435.19,435.35,433.05,435.05
1231129,1600,434.92,437.6,434.54,435.5
1231130,1600,436.02,438.29,435.78,436.81
1231201,1600,439.2,441.7,438.62,441.24
1231204,1600,441.24,441.24,441.24,441.24
1231205,1600,441.24,441.24,441.24,441.24
1231206,1600,441.24,441.24,441.24,441.24
1231207,1600,442.5,445.34,441.92,444.78
1231208,1600,445.03,448.1,444.43,447.37
1231211,1600,448.35,450.08,447.3,448.94
1231212,1600,449.78,450.1,448.34,449.75
1231213,1600,451.88,452.4,450.97,451.97
1231214,1600,454.85,454.97,449.56,449.86
1231215,1600,451.36,454.06,450.97,453.45
1231218,1600,453.46,455.26,453.09,454.84
1231219,1600,454.9,455.19,453.67,454.66
1231220,1600,455.75,456.9,454.78,456.34
1231221,1600,452.85,453.37,450.8,451.66
1231222,1600,452.27,453.99,451.19,453.23
1231227,1600,453.58,453.91,449.48,450.57
1231228,1600,452.12,453.33,450.9,452.95
1231229,1600,454.03,454.99,453.06,454.04
1240102,1600,454.88,455.04,453.0,454.19
1240103,1600,453.95,454.75,452.46,453.03
1240104,1600,452.22,452.47,450.44,452.04
1240105,1600,450.01,451.19,448.94,450.54
1240108,1600,450.24,451.72,449.04,451.37
1240109,1600,455.27,456.16,453.48,456.15
1240110,1600,456.46,457.54,455.48,456.16
1240111,1600,458.5,459.17,454.37,454.67
1240112,1600,456.28,458.89,456.0,457.29
1240115,1600,458.04,458.58,457.3,458.06
1240116,1600,457.29,460.93,456.99,460.46
1240117,1600,457.69,458.58,456.78,458.51
1240118,1600,457.05,460.37,456.78,460.09
1240119,1600,462.1,463.72,461.79,462.87
1240122,1600,467.22,469.71,466.98,468.03
1240123,1600,467.06,470.18,466.63,469.3
1240124,1600,471.02,471.9,469.39,471.06
1240125,1600,469.67,473.92,469.1,473.83
1240126,1600,472.78,473.92,471.67,473.31
1240129,1600,473.66,475.87,473.41,475.15
1240130,1600,477.2,478.03,475.73,476.97
1240131,1600,476.46,476.73,471.43,472.53
1240201,1600,472.84,473.36,469.86,470.58
1240202,1600,475.62,481.21,474.39,481.21
1240205,1600,481.7,483.84,481.23,482.5
1240206,1600,483.09,484.5,482.19,483.03
1240207,1600,482.67,486.9,482.54,486.01
1240208,1600,486.41,487.77,485.96,486.68
1240209,1600,487.12,488.72,486.87,487.58
1240212,1600,488.56,491.7,488.5,491.7
1240213,1600,489.28,489.49,484.62,486.66
1240214,1600,486.98,488.8,486.1,486.94
1240215,1600,490.38,490.73,487.76,488.82
1240216,1600,491.2,492.12,488.42,490.18
1240219,1600,487.91,489.29,487.35,488.62
1240220,1600,487.19,487.27,482.2,482.9
1240221,1600,483.03,483.51,481.82,482.52
1240222,1600,487.21,492.26,486.67,492.26
1240223,1600,493.53,496.12,493.17,494.27
1240226,1600,493.27,493.63,491.9,492.2
1240227,1600,490.91,492.11,489.91,490.64
1240228,1600,492.43,492.92,490.8,492.07
1240229,1600,491.18,494.33,489.55,493.42
1240301,1600,496.15,497.0,494.12,496.25
1240304,1600,496.99,497.88,496.32,496.5
1240305,1600,496.17,496.24,491.36,492.29
1240306,1600,492.29,493.92,491.8,493.56
1240307,1600,491.46,496.09,490.65,494.83
1240308,1600,496.17,498.0,494.4,495.25
1240311,1600,491.62,492.22,490.02,492.08
1240312,1600,494.4,498.19,492.41,496.58
1240313,1600,498.11,498.19,496.12,496.49
1240314,1600,497.96,498.55,495.37,497.46
1240315,1600,497.88,498.9,493.5,493.72
1240318,1600,495.64,499.69,494.93,499.16
1240319,1600,498.67,499.86,496.69,499.84
1240320,1600,501.06,502.78,500.98,501.5
1240321,1600,505.64,509.52,504.72,509.1
1240322,1600,509.48,510.66,508.24,509.06
1240325,1600,508.72,509.22,506.24,507.22
1240326,1600,507.38,508.46,506.4,507.92
1240327,1600,507.72,509.46,506.82,507.5
1240328,1600,511.3,512.24,510.72,511.5
1240402,1600,513.68,514.12,506.12,507.76
1240403,1600,508.3,508.62,506.44,507.8
1240404,1600,507.34,508.7,506.54,508.06
1240405,1600,501.02,505.62,500.3,504.86
1240408,1600,504.88,506.58,504.1,504.96
1240409,1600,504.7,505.2,500.1,501.84
1240410,1600,505.58,506.6,500.72,504.96
1240411,1600,505.84,507.1,503.54,506.64
1240412,1600,512.28,512.8,508.6,509.64
1240415,1600,508.82,511.2,507.18,508.12
1240416,1600,501.06,502.16,498.56,500.66
1240417,1600,499.74,502.2,497.24,497.24
1240418,1600,496.75,499.0,495.2,498.08
1240419,1600,492.61,495.07,492.04,492.59
1240422,1600,492.72,494.8,491.48,492.44
1240423,1600,495.77,498.7,493.71,497.96
1240424,1600,500.58,501.0,497.83,498.69
1240425,1600,495.2,495.47,490.9,492.02
1240426,1600,499.24,503.26,497.78,502.22
1240429,1600,502.22,504.26,501.4,501.68
1240430,1600,502.56,502.98,500.08,500.58
1240502,1600,495.23,497.65,493.95,495.12
1240503,1600,498.05,501.36,497.25,499.97
1240506,1600,502.28,503.92,501.88,503.82
1240507,1600,506.66,507.6,506.08,507.38
1240508,1600,508.42,508.86,505.9,507.8
1240509,1600,507.96,508.8,506.86,508.6
1240510,1600,510.42,511.44,509.84,509.92
1240513,1600,511.02,511.16,509.1,509.42
1240514,1600,509.72,510.46,507.8,508.82
1240515,1600,510.48,512.92,509.58,512.66
1240516,1600,514.68,516.12,514.46,515.5
1240517,1600,513.84,515.32,512.8,513.22
1240520,1600,514.26,516.44,514.16,516.44
1240521,1600,515.2,516.0,514.3,515.7
1240522,1600,516.24,517.62,516.1,517.06
1240523,1600,519.4,520.54,515.78,517.58
1240524,1600,513.8,515.7,512.84,514.66
1240527,1600,514.9,515.54,514.06,515.54
1240528,1600,515.18,516.0,513.82,514.16
1240529,1600,513.62,514.48,511.6,514.08
1240530,1600,511.52,512.1,509.5,510.2
1240531,1600,509.44,509.66,505.58,506.28
1240603,1600,514.34,514.9,510.0,510.46
1240604,1600,510.38,512.06,508.82,509.74
1240605,1600,513.22,516.96,513.12,516.82
1240606,1600,518.76,520.0,518.0,518.54
1240607,1600,518.94,523.52,517.7,522.7
1240610,1600,523.6,525.24,522.46,525.1
1240611,1600,525.06,526.42,523.8,525.7
1240612,1600,528.06,529.8,526.82,528.58
1240613,1600,530.5,531.56,529.1,531.2
1240614,1600,533.96,535.78,531.82,534.28
1240617,1600,535.96,536.2,533.56,535.2
1240618,1600,538.16,539.3,536.84,537.82
1240619,1600,539.6,539.94,538.52,539.18
1240620,1600,541.24,542.66,539.94,540.82
1240621,1600,539.46,540.8,538.38,539.66
1240624,1600,538.94,539.46,536.24,538.96
1240625,1600,536.12,538.96,535.52,538.14
1240626,1600,540.2,541.28,538.64,539.34
1240627,1600,539.8,540.66,538.74,539.06
1240628,1600,542.2,544.58,540.96,541.5
1240701,1600,537.14,537.88,534.76,537.56
1240702,1600,536.94,538.9,535.78,538.9
1240703,1600,540.38,540.84,537.9,539.5
1240704,1600,541.1,541.58,539.78,539.78
1240705,1600,540.6,541.24,539.08,540.8
1240708,1600,542.0,543.42,541.46,542.66
1240709,1600,543.82,545.12,543.7,544.74
1240710,1600,543.98,545.58,543.98,545.58
1240711,1600,548.58,548.72,543.0,543.06
1240712,1600,543.2,545.36,540.7,545.14
1240715,1600,545.88,547.92,544.74,546.92
1240716,1600,546.06,549.16,544.58,547.78
1240717,1600,546.12,546.12,540.26,541.08
1240718,1600,541.78,543.34,537.76,537.8
1240719,1600,537.2,538.86,534.56,534.56
1240722,1600,535.42,539.46,535.02,536.78
1240723,1600,538.58,543.04,538.02,542.66
1240724,1600,537.02,538.34,530.84,531.52
1240725,1600,529.96,530.98,525.2,529.9
1240726,1600,527.94,531.08,527.5,529.76
1240729,1600,533.44,536.34,531.3,531.3
1240730,1600,533.52,536.0,530.56,530.76
1240731,1600,534.8,539.32,534.32,539.04
1240801,1600,541.3,543.96,535.84,535.84
1240802,1600,527.18,528.06,512.56,514.1
1240805,1600,501.56,504.98,489.53,502.5
1240806,1600,506.44,510.16,502.0,507.44
1240807,1600,509.22,515.56,507.8,513.2
1240808,1600,502.38,513.44,499.72,512.5
1240809,1600,513.88,517.32,512.4,514.78
1240812,1600,516.96,518.82,514.5,515.88
1240813,1600,518.28,521.02,516.86,520.98
1240814,1600,522.06,522.3,517.98,522.26
1240815,1600,523.82,532.02,522.72,531.58
1240816,1600,534.46,534.56,529.9,532.1
1240819,1600,531.08,533.0,530.2,532.58
1240820,1600,535.16,535.96,531.66,532.3
1240821,1600,532.28,535.04,531.5,532.4
1240822,1600,532.84,536.28,531.9,533.14
1240823,1600,531.12,534.64,528.78,531.48
1240826,1600,532.06,535.2,530.88,531.34
1240827,1600,531.92,532.94,529.72,531.62
1240828,1600,533.34,535.14,530.5,531.04
1240829,1600,531.06,538.48,531.0,537.5
1240830,1600,534.92,537.5,534.56,534.98
1240902,1600,538.42,539.98,537.34,539.48
1240903,1600,539.68,540.26,532.0,533.9
1240904,1600,526.14,529.44,525.6,527.56
1240905,1600,526.0,528.78,522.16,523.72
1240906,1600,521.44,526.52,515.8,517.12
1240909,1600,519.7,523.84,519.6,522.74
1240910,1600,522.86,526.92,522.7,525.4
1240911,1600,524.78,527.68,519.34,521.84
1240912,1600,534.36,535.0,530.3,532.82
1240913,1600,534.76,536.92,533.72,536.92
1240916,1600,535.04,535.86,532.64,533.84
1240917,1600,536.0,539.2,535.62,538.14
1240918,1600,537.0,537.0,534.82,535.52
1240919,1600,539.34,544.14,538.7,542.06
1240920,1600,540.34,541.38,538.5,539.72
1240923,1600,541.04,544.54,541.0,543.44
1240924,1600,545.0,545.26,540.5,542.84
1240925,1600,540.56,543.48,540.3,543.38
1240926,1600,546.6,548.52,542.58,542.66
1240927,1600,545.38,546.0,543.5,544.86
1240930,1600,542.98,544.5,540.16,544.2
1241001,1600,547.34,550.14,543.0,545.68
1241002,1600,544.82,547.88,543.04,547.72
1241003,1600,546.62,548.58,544.54,547.54
1241004,1600,546.7,555.28,546.4,551.0
1241007,1600,554.0,554.0,551.5,553.06
1241008,1600,548.46,554.2,548.1,553.84
1241009,1600,553.98,558.84,553.42,558.84
1241010,1600,560.18,561.0,557.9,560.2
1241011,1600,559.28,562.7,557.7,561.74
1241014,1600,563.08,568.3,562.82,567.08
1241015,1600,569.92,570.26,566.12,567.14
1241016,1600,566.12,567.38,564.4,566.82
1241017,1600,570.6,575.58,570.3,572.38
1241018,1600,571.0,572.08,569.72,571.14
1241021,1600,571.72,572.54,569.5,569.82
1241022,1600,571.32,572.14,569.4,571.68
1241023,1600,573.78,574.54,570.02,570.34
1241024,1600,570.78,572.18,568.78,568.98
1241025,1600,568.96,572.88,568.42,571.68
1241028,1600,572.12,572.48,569.9,570.1
1241029,1600,570.56,572.2,569.5,571.26
1241030,1600,572.0,572.1,568.04,569.42
1241031,1600,562.92,563.74,557.86,558.66
1241101,1600,557.42,562.68,556.4,561.74
1241104,1600,557.48,557.96,554.52,556.38
1241105,1600,556.56,560.0,555.32,559.4
1241106,1600,581.04,586.72,579.58,582.46
1241107,1600,584.58,585.58,582.48,585.46
1241108,1600,588.06,591.94,585.24,591.94
1241111,1600,595.42,599.12,595.22,597.6
1241112,1600,597.54,599.24,596.96,597.96
1241113,1600,596.28,600.66,593.98,600.66
1241114,1600,600.94,604.76,597.88,599.08
1241115,1600,594.06,594.66,590.18,590.18
1241118,1600,590.22,591.78,587.98,591.78
1241119,1600,591.3,592.26,584.28,591.42
1241120,1600,594.08,595.32,589.76,591.74
1241121,1600,594.22,600.18,592.32,599.36
1241122,1600,601.14,609.0,600.84,606.76
1241125,1600,607.46,607.9,603.46,605.14
1241126,1600,605.2,608.24,602.82,607.64
1241127,1600,607.04,607.18,600.8,601.3
1241128,1600,604.36,604.72,603.02,604.06
1241129,1600,603.1,606.04,602.64,605.88
1241202,1600,608.1,612.14,606.58,611.0
1241203,1600,610.46,610.62,607.96,609.34
1241204,1600,611.06,614.26,609.8,611.36
1241205,1600,611.64,612.92,609.18,610.34
1241206,1600,608.64,612.8,606.74,610.74
1241209,1600,611.46,611.78,606.0,608.02
1241210,1600,608.46,612.06,608.06,611.1
1241211,1600,610.0,614.82,609.0,614.72
1241212,1600,613.22,615.6,611.5,613.5
1241213,1600,614.7,615.08,609.66,611.44
1241216,1600,610.78,614.24,610.08,613.18
1241217,1600,611.94,613.16,609.28,611.6
1241218,1600,612.34,614.7,610.64,613.74
1241219,1600,600.48,605.24,599.26,603.76
1241220,1600,598.02,606.42,591.64,606.42
1241223,1600,606.52,607.18,602.62,604.8
1241227,1600,612.62,613.24,605.0,607.08
1241230,1600,605.88,607.3,600.14,600.78
1250102,1600,605.68,611.0,604.82,610.76
1250103,1600,607.08,610.42,605.4,610.42
1250106,1600,611.04,614.5,608.4,613.68
1250107,1600,608.26,612.24,606.76,607.56
1250108,1600,607.84,609.98,605.64,608.38
1250109,1600,607.48,608.94,606.48,608.88
1250110,1600,608.18,609.52,601.44,602.92
1250113,1600,602.52,604.58,599.02,602.6
1250114,1600,606.16,607.58,600.2,601.28
1250115,1600,601.26,612.26,601.18,611.78
1250116,1600,615.72,616.08,611.92,612.7
1250117,1600,613.56,619.74,612.96,618.68
1250120,1600,617.72,618.14,612.66,614.56
1250121,1600,614.98,618.44,613.76,614.38
1250122,1600,618.34,621.0,616.4,620.92
1250123,1600,620.24,622.94,618.82,621.28
1250124,1600,620.02,620.44,616.76,617.64
1250127,1600,608.96,609.18,597.62,604.94
1250128,1600,612.58,616.3,609.74,614.06
1250129,1600,618.86,619.98,615.28,615.92
1250130,1600,617.72,619.48,613.36,615.5
1250131,1600,621.5,625.6,621.42,623.82
1250203,1600,616.84,618.62,612.92,617.86
1250204,1600,616.3,617.62,613.34,617.48
1250205,1600,612.96,614.66,611.06,614.66
1250206,1600,620.54,623.12,620.54,621.58
1250207,1600,621.22,623.7,619.0,620.2
1250210,1600,622.14,624.9,621.3,624.04
1250211,1600,622.86,623.3,620.7,622.16
1250212,1600,621.04,622.16,616.08,617.42
1250213,1600,617.14,620.44,615.28,619.56
1250214,1600,621.0,621.24,617.74,618.24
1250217,1600,620.36,621.54,619.88,620.66
1250218,1600,622.44,624.18,620.42,621.06
1250219,1600,623.22,625.3,621.96,625.12
1250220,1600,623.68,624.64,617.34,618.16
1250221,1600,618.88,621.84,616.8,618.42
1250224,1600,611.5,613.78,607.0,610.36
1250225,1600,606.78,607.84,597.84,598.56
1250226,1600,604.94,608.6,603.9,606.64
1250227,1600,606.6,610.76,603.28,608.3
1250228,1600,600.12,602.94,596.5,601.12
1250303,1600,609.06,609.48,599.86,601.0
1250304,1600,592.56,593.24,578.72,580.42
1250305,1600,579.18,579.42,566.82,567.38
1250306,1600,572.22,572.76,563.58,568.46
1250307,1600,564.68,566.12,556.5,556.94
1250310,1600,562.88,563.1,552.32,553.88
1250311,1600,549.02,550.4,540.06,542.34
1250312,1600,544.9,552.0,540.2,547.16
1250313,1600,544.46,549.42,541.22,542.52
1250314,1600,544.48,550.5,542.28,549.0
1250317,1600,547.88,552.92,546.94,549.72
1250318,1600,550.5,552.44,544.4,546.32
1250319,1600,547.26,553.94,547.1,552.92
1250320,1600,556.8,561.14,552.0,556.2
1250321,1600,554.82,555.42,549.96,554.52
1250324,1600,560.96,567.72,560.54,567.14
1250325,1600,567.56,568.86,566.2,567.34
1250326,1600,569.0,570.76,564.2,565.0
1250327,1600,563.74,565.0,558.96,562.28
1250328,1600,558.98,561.84,548.58,549.04
1250331,1600,543.14,547.02,539.88,547.02
1250401,1600,552.16,554.96,546.82,553.82
1250402,1600,554.02,554.5,547.22,553.66
1250403,1600,531.9,535.0,518.3,523.3
1250404,1600,516.68,519.4,496.11,501.08
1250407,1600,467.71,509.86,465.0,487.44
1250408,1600,497.37,513.9,497.21,505.0
1250409,1600,479.79,486.89,467.75,479.34
1250410,1600,525.32,525.94,498.35,498.35
1250411,1600,499.65,499.78,485.33,492.63
1250414,1600,505.08,514.24,504.6,506.46
1250415,1600,508.6,513.62,504.92,510.5
1250416,1600,498.97,505.92,496.41,502.0
1250417,1600,498.12,500.28,491.77,494.92
1250422,1600,482.57,489.1,480.14,488.08
1250423,1600,501.78,513.6,501.0,504.72
1250424,1600,502.02,511.34,498.36,510.38
1250425,1600,517.54,517.74,510.5,512.68
1250428,1600,517.5,519.82,513.12,513.46
1250429,1600,516.5,518.8,512.8,516.3
1250430,1600,518.86,520.48,508.28,517.7
1250502,1600,529.3,533.44,526.98,532.36
1250505,1600,530.82,532.48,527.88,531.94
1250506,1600,529.54,529.7,523.38,528.42
1250507,1600,527.46,528.9,524.48,526.14
1250508,1600,535.6,537.38,530.8,536.88
1250509,1600,536.78,539.46,532.5,535.48
1250512,1600,554.64,561.64,553.78,556.52
1250513,1600,557.78,563.78,556.9,561.46
1250514,1600,560.5,561.48,555.9,560.48
1250515,1600,557.54,562.0,555.5,562.0
1250516,1600,561.54,566.2,561.24,566.18
1250519,1600,559.84,562.94,555.0,562.2
1250520,1600,562.02,564.76,561.22,562.54
1250521,1600,556.02,557.52,552.1,556.74
1250522,1600,550.9,553.28,547.52,552.16
1250523,1600,549.9,550.56,540.3,544.86
1250526,1600,548.04,550.58,548.04,549.52
1250527,1600,550.18,554.54,548.64,554.48
1250528,1600,556.98,559.64,554.74,556.74
1250529,1600,564.24,566.52,553.14,553.66
1250530,1600,554.12,555.92,550.62,553.32
1250602,1600,549.28,551.72,546.0,549.76
1250603,1600,551.92,558.4,550.16,558.4
1250604,1600,559.14,560.44,556.3,557.8
1250605,1600,557.52,559.3,552.34,558.16
1250606,1600,556.3,563.1,555.62,560.14
1250609,1600,559.58,562.34,559.0,560.34
1250610,1600,561.34,562.38,559.62,560.98
1250611,1600,562.54,564.98,560.92,561.36
1250612,1600,556.7,557.04,549.1,555.56
1250613,1600,550.64,556.68,549.88,553.92
1250616,1600,553.34,556.5,552.08,555.94
1250617,1600,553.94,557.0,552.02,555.84
1250618,1600,554.74,557.68,554.4,555.6
1250619,1600,554.64,554.78,549.7,550.84
1250620,1600,552.32,557.32,551.28,553.42
1250623,1600,552.28,556.6,552.24,552.76
1250624,1600,558.86,559.56,556.14,558.02
1250625,1600,560.0,561.48,558.68,558.68
1250626,1600,557.12,559.18,555.38,558.36
1250627,1600,560.34,562.68,558.68,562.48
1250630,1600,562.9,564.24,560.8,561.64
1250701,1600,561.5,561.58,557.76,561.0
1250702,1600,563.22,563.86,560.32,562.5
1250703,1600,563.48,569.8,562.86,569.18
1250704,1600,566.56,566.56,564.2,565.06
1250707,1600,567.12,570.28,566.7,567.18
1250708,1600,565.94,569.0,565.56,567.08
1250709,1600,566.4,571.34,566.0,568.8
1250710,1600,567.86,573.54,567.5,573.54
1250711,1600,571.86,571.96,568.28,570.66
1250714,1600,569.28,571.48,568.02,571.26
1250715,1600,574.6,576.32,573.42,576.14
1250716,1600,571.24,576.8,566.16,566.16
1250717,1600,577.0,578.94,575.98,578.72
1250718,1600,579.56,579.58,575.9,576.48
1250721,1600,578.06,579.0,576.34,577.14
1250722,1600,575.44,576.52,572.08,572.34
1250723,1600,574.96,577.0,574.44,575.84
1250724,1600,577.02,578.9,576.0,577.66
1250725,1600,578.66,580.88,577.98,580.08
1250728,1600,584.28,586.9,583.88,586.9
1250729,1600,591.18,593.16,589.28,589.44
1250730,1600,588.84,593.96,588.18,592.76
1250731,1600,598.32,600.74,594.0,595.82
1250801,1600,590.02,590.14,572.78,576.04
1250804,1600,577.1,582.62,577.1,582.2
1250805,1600,586.22,587.16,579.78,579.78
1250806,1600,582.84,583.74,577.92,581.38
1250807,1600,581.38,585.74,581.2,581.24
1250808,1600,581.78,584.9,581.5,583.18
1250811,1600,586.18,588.26,584.86,587.58
1250812,1600,586.6,589.0,584.78,587.0
1250813,1600,588.56,590.94,587.4,587.68
1250814,1600,589.72,592.42,588.16,591.24
1250815,1600,593.14,593.16,587.78,588.28
1250818,1600,588.68,590.38,587.52,589.06
1250819,1600,589.04,590.6,587.4,588.26
1250820,1600,587.22,587.68,580.6,584.26
1250821,1600,587.46,587.58,583.68,587.06
1250822,1600,586.16,591.0,585.94,590.3
1250825,1600,588.74,590.82,588.32,590.78
1250826,1600,590.8,591.5,588.92,589.94
1250827,1600,594.68,596.98,594.36,595.98
1250828,1600,594.98,596.18,591.68,593.42
1250829,1600,594.8,595.0,588.32,589.2
1250901,1600,588.56,590.64,588.4,590.64
1250902,1600,589.54,590.86,583.66,583.66
1250903,1600,590.16,591.6,588.26,588.7
1250904,1600,591.42,594.38,591.32,593.84
1250905,1600,596.46,596.6,586.32,588.72
1250908,1600,591.48,592.34,589.86,591.74
1250909,1600,590.96,592.68,590.38,592.12
1250910,1600,596.78,598.12,595.14,595.6
1250911,1600,597.84,599.64,595.96,599.46
1250912,1600,599.02,601.2,598.7,600.54
1250915,1600,600.88,601.7,598.8,600.7
1250916,1600,600.32,601.28,595.54,596.1
1250917,1600,596.08,596.78,594.8,595.22
1250918,1600,600.44,604.1,599.0,602.96
1250919,1600,601.94,605.62,601.34,603.96
1250922,1600,605.36,606.38,602.18,605.78
1250923,1600,606.76,607.44,605.72,606.24
1250924,1600,604.42,607.66,603.76,605.3
1250925,1600,603.8,605.72,601.12,605.16
1250926,1600,605.24,608.02,603.5,605.08
1250929,1600,607.8,609.6,606.1,606.56
1250930,1600,605.84,607.76,604.22,605.76
1251001,1600,602.6,609.92,601.82,609.92
1251002,1600,611.54,613.34,610.9,612.36
1251003,1600,614.28,614.58,611.62,613.92
1251006,1600,615.62,618.38,613.7,615.28
1251007,1600,615.96,619.04,614.88,614.94
1251008,1600,618.34,621.3,617.24,621.16
1251009,1600,621.94,623.24,620.94,622.46
1251010,1600,622.72,625.08,609.56,609.56
1251013,1600,611.48,614.8,610.24,614.62
1251014,1600,610.22,611.76,605.08,611.46
1251015,1600,613.32,618.48,612.38,614.5
1251016,1600,613.98,615.58,611.78,612.4
1251017,1600,599.22,610.76,596.66,605.84
1251020,1600,613.8,618.04,612.28,617.4
1251021,1600,618.44,621.86,618.28,620.88
1251022,1600,621.0,622.78,616.86,616.88
1251023,1600,619.34,620.02,616.38,619.62
1251027,1600,630.2,630.6,628.56,630.26
1251028,1600,630.56,634.08,629.94,631.5
1251029,1600,635.66,636.12,632.5,633.44
1251030,1600,634.64,635.98,631.96,634.52
1251031,1600,635.9,637.5,633.26,634.5
1251103,1600,635.04,639.36,633.5,635.4
1251104,1600,629.68,635.08,628.18,632.98
1251105,1600,629.18,634.08,628.14,634.08
1251106,1600,629.88,632.42,623.16,623.32
1251107,1600,625.56,625.8,613.62,614.14
1251110,1600,626.52,630.22,625.9,627.48
1251111,1600,631.54,631.76,627.8,628.76
1251112,1600,634.24,635.76,630.18,631.64
1251113,1600,631.96,632.4,622.14,622.5
1251114,1600,618.56,623.16,611.6,622.42
1251117,1600,624.34,625.28,617.52,620.48
1251118,1600,612.82,615.5,607.2,612.9
1251119,1600,611.84,619.5,611.44,614.76
1251120,1600,625.18,629.04,619.96,619.96
1251121,1600,608.0,612.08,604.82,612.08
1251124,1600,616.26,622.16,613.08,621.48
1251125,1600,622.74,622.8,616.24,622.18
1251126,1600,627.88,629.88,626.28,629.78
1251127,1600,629.22,630.36,628.74,629.02
1251128,1600,630.28,632.98,630.28,631.4
1251201,1600,627.46,629.08,624.46,628.82
1251202,1600,627.44,632.0,627.08,628.72
1251203,1600,629.38,629.58,624.82,628.5
1251204,1600,629.1,630.92,627.16,628.92
1251205,1600,631.1,633.7,629.4,632.28
1251208,1600,631.98,632.66,630.16,630.8
1251209,1600,630.96,632.08,629.0,631.52
1251210,1600,629.76,630.62,627.92,629.86
1251211,1600,625.44,628.28,623.62,625.86
1251212,1600,629.98,630.74,621.02,621.9
1251215,1600,624.84,626.28,619.58,621.8
1251216,1600,618.24,620.82,615.94,617.7
1251217,1600,622.48,624.2,614.58,614.94
1251218,1600,615.2,622.88,614.98,622.14
1251219,1600,621.22,624.78,619.0,624.48
1251222,1600,626.24,626.58,624.26,626.36
1251223,1600,625.42,627.7,623.8,627.44
1251229,1600,629.5,630.28,626.92,628.7
1251230,1600,628.48,629.24,627.88,629.22
1260102,1600,628.32,630.5,623.16,624.74
1260105,1600,629.62,633.64,629.38,632.16
1260106,1600,630.96,635.64,629.62,634.24
1260107,1600,636.8,637.7,635.52,637.4
1260108,1600,634.38,636.5,633.6,635.98
1260109,1600,637.02,641.46,636.48,640.58
1260112,1600,635.78,640.0,633.6,639.64
1260113,1600,640.7,642.7,639.22,641.32
1260114,1600,639.66,640.2,633.62,635.1
1260115,1600,639.02,644.54,639.02,643.82
1260116,1600,643.5,643.6,639.96,642.46
1260119,1600,633.82,635.32,631.16,632.1
1260120,1600,627.44,627.84,622.04,627.12
1260121,1600,623.92,629.66,619.74,627.8
1260122,1600,632.9,634.96,630.26,631.84
1260123,1600,632.38,632.6,629.4,630.68
1260126,1600,625.72,628.18,622.7,627.22
1260127,1600,629.88,630.34,624.3,625.12
1260128,1600,626.54,628.52,625.1,626.98
1260129,1600,626.08,628.18,617.22,620.48
1260130,1600,620.42,627.8,619.72,626.26
1260202,1600,621.82,634.0,621.56,633.66
1260203,1600,634.82,636.1,628.94,629.36
1260204,1600,627.94,630.0,625.1,626.64
1260205,1600,626.0,627.36,616.58,620.48
1260206,1600,616.72,626.18,616.6,626.18
1260209,1600,627.26,628.08,621.32,627.96
1260210,1600,626.86,629.56,625.7,627.78
1260211,1600,625.86,631.98,623.88,626.9
1260212,1600,629.06,629.4,619.78,620.74
1260213,1600,617.86,620.6,614.26,619.36
1260216,1600,619.46,621.06,617.64,618.28
1260217,1600,618.74,621.18,615.4,619.9
1260218,1600,622.38,626.66,621.24,626.58
1260219,1600,626.4,627.5,623.22,625.76
1260220,1600,628.1,629.0,623.22,627.44
1260223,1600,623.76,628.8,620.5,622.02
1260224,1600,623.66,627.18,621.0,625.46
1260225,1600,627.18,631.24,627.08,630.04
1260226,1600,630.84,632.48,624.46,627.88
1260227,1600,626.36,627.58,620.48,624.02
1260302,1600,620.46,631.36,619.48,629.62
1260303,1600,627.24,628.64,622.82,627.5
1260304,1600,628.12,634.06,627.68,633.44
1260305,1600,633.62,635.34,631.0,632.34
1260309,1600,616.32,622.74,615.88,622.4
1260310,1600,627.6,629.18,623.98,628.8
1260311,1600,627.66,630.6,626.18,628.04
1260312,1600,627.14,627.8,623.14,624.7
1260313,1600,622.98,629.22,622.94,624.6
1260316,1600,626.26,627.9,623.7,625.36
1260317,1600,623.88,628.66,622.1,626.18
1260318,1600,628.8,629.44,621.8,622.36
1260319,1600,619.52,620.62,613.08,613.34
1260320,1600,614.0,614.64,608.5,608.52
1260323,1600,601.54,621.86,600.8,610.16
1260324,1600,610.32,611.36,605.7,609.3
1260325,1600,612.74,615.14,609.98,613.26
1260326,1600,611.02,611.68,607.12,607.2
1260327,1600,605.98,606.04,597.08,597.92
1260330,1600,595.8,601.26,595.6,600.44
1260331,1600,598.5,601.34,597.42,600.12
1260401,1600,609.86,610.48,606.38,610.3
1260402,1600,604.74,614.0,602.66,611.58
1260407,1600,613.38,615.34,606.96,608.66
1260408,1600,623.7,625.3,619.46,621.66
1260409,1600,623.3,624.24,621.42,624.24
1260410,1600,626.8,627.7,625.0,625.72
1260413,1600,623.12,626.56,621.94,625.66
1260414,1600,628.1,632.8,627.64,632.8
1260415,1600,635.02,637.1,634.54,636.98
1260416,1600,640.74,642.5,639.9,642.18
1260417,1600,643.1,649.4,642.4,649.4
1260420,1600,647.78,649.9,646.4,647.4
1260421,1600,649.98,652.68,647.82,648.46
1260422,1600,649.94,653.54,648.96,652.96
1260423,1600,652.9,655.82,651.7,655.76
1260424,1600,655.14,656.4,653.12,655.72
1260427,1600,655.62,656.04,654.14,655.14
1260428,1600,658.42,658.66,653.38,653.38
1260429,1600,656.86,657.24,654.84,655.38
1260430,1600,656.18,660.0,654.9,656.58
1260504,1600,663.36,664.82,660.4,661.44
1260505,1600,664.16,666.54,663.62,666.0
1260506,1600,667.22,671.9,666.28,671.46
1260507,1600,674.1,674.5,672.0,673.66
1260508,1600,673.64,675.08,672.4,674.76
1260511,1600,675.08,677.24,673.68,677.06
1260512,1600,675.56,677.14,672.98,673.5
1260513,1600,679.94,682.24,677.26,680.66
1260514,1600,684.62,691.6,684.4,691.2
1260515,1600,689.18,689.38,684.48,687.7
1260518,1600,681.82,685.92,680.56,682.0
1260519,1600,683.18,684.9,679.88,680.94
1260520,1600,683.12,687.0,682.94,686.26
1260521,1600,686.44,688.8,685.6,687.28
1260522,1600,692.06,694.86,690.98,694.82
1260525,1600,696.86,697.64,696.02,696.54
1260526,1600,695.36,697.38,694.08,695.74
1260527,1600,695.2,697.76,693.6,694.5
1260528,1600,696.2,697.76,694.28,697.68
1260529,1600,699.4,701.48,698.22,698.9
1260601,1600,701.68,702.82,699.64,702.42
1260602,1600,701.14,704.2,699.76,703.94
1260603,1600,704.6,705.16,701.5,701.76
1260604,1600,699.3,701.02,694.66,700.74
1260605,1600,698.14,700.42,697.06,698.3
1260608,1600,690.88,696.0,690.66,693.26
1260609,1600,693.06,695.56,681.04,682.52
1260610,1600,685.54,688.36,680.5,681.7
1260611,1600,681.54,684.12,678.38,681.24
1260612,1600,686.1,692.94,684.54,691.86
1260615,1600,697.52,701.6,696.66,701.6
1260616,1600,701.66,702.24,698.9,699.68
1260617,1600,698.96,699.32,696.34,698.02
1260618,1600,699.88,704.86,699.46,701.66
1260619,1600,702.92,703.96,701.14,703.54
1260622,1600,704.24,709.08,701.74,703.6
1260623,1600,695.2,702.0,694.28,698.06
1260624,1600,699.28,704.8,699.12,703.98
1260625,1600,702.8,704.18,694.32,697.56
1260626,1600,694.32,696.42,687.8,696.42
1260629,1600,696.06,700.8,693.96,697.76
1260630,1600,703.2,705.8,701.84,704.98
1260701,1600,705.02,710.82,704.0,710.42
1260702,1600,706.42,708.94,702.8,704.54
1260703,1600,705.66,706.48,704.44,706.12
1260706,1600,707.42,710.6,707.1,710.36
1260707,1600,709.0,710.0,704.58,705.44
1260708,1600,705.62,706.54,700.68,702.24
1260709,1600,706.48,709.0,704.6,708.8
1260710,1600,708.74,712.96,708.22,711.48
1260713,1600,712.16,713.48,710.48,712.88
1260714,1600,710.96,711.14,706.72,710.0
1260715,1600,712.68,714.38,710.86,711.62
1260716,1600,711.16,712.4,708.48,711.96
1260717,1600,703.1,705.64,700.44,703.46
1260720,1600,702.56,708.48,702.22,706.24
1260721,1600,705.78,708.38,704.64,707.96
1260722,1600,706.26,709.72,705.44,709.42
1260723,1600,705.32,707.0,699.26,700.42
1260724,1600,701.12,705.02,700.42,704.6
1260727,1600,706.38,707.84,700.0,700.18
1260728,1600,700.92,704.28,699.5,703.06
1260729,1600,703.7,704.9,696.0,697.7
1260730,1600,691.22,693.78,689.5,690.52
1260731,1600,698.6,702.38,694.68,696.24
1260803,1600,703.7,709.62,702.26,709.52
1260804,1600,713.04,720.36,711.64,719.96
1260805,1600,724.84,727.0,721.58,722.42
1260806,1600,721.64,723.06,720.46,721.0
1260807,1600,721.28,723.48,719.7,723.04
1260810,1600,723.88,724.76,722.34,723.82
1260811,1600,723.82,725.6,722.94,722.94
1260812,1600,722.64,724.68,721.9,722.78
1260813,1600,725.28,729.84,724.86,727.18
1260814,1600,728.16,728.3,724.02,724.18
1260817,1600,724.9,725.06,722.02,723.0
1260818,1600,718.72,719.0,715.9,716.4
1260819,1600,714.92,716.76,712.1,714.0
1260820,1600,712.12,712.44,706.94,708.64
1260821,1600,705.6,709.22,705.48,709.16
1260824,1600,706.9,708.7,705.92,707.24
1260825,1600,709.72,710.98,706.86,708.24
1260826,1600,708.88,711.28,707.98,709.68
1260827,1600,712.66,715.14,711.22,714.26
1260828,1600,715.32,721.46,714.94,721.06
1260831,1600,716.16,716.34,712.0,712.1
1260901,1600,714.9,715.14,709.1,711.72
1260902,1600,711.5,714.32,708.9,713.8
1260903,1600,712.24,718.68,711.6,718.6
1260904,1600,718.46,720.0,715.0,715.3
1260907,1600,716.6,716.94,713.56,714.02
1260908,1600,714.34,715.8,712.18,713.04
1260909,1600,711.68,712.04,707.0,708.08
1260910,1600,709.66,709.84,703.86,705.82
1260911,1600,708.68,713.66,708.18,712.94
1260914,1600,710.22,713.08,709.24,711.62
1260915,1600,710.5,712.22,707.5,708.78
1260916,1600,710.56,712.36,709.44,711.84
1260917,1600,715.34,718.62,714.46,717.1
