1100507,1600,97.84,97.84,97.84,97.84
1100510,1600,102.02,102.02,102.02,102.02
1100511,1600,102.66,102.66,102.66,102.66
1100512,1600,103.5,103.5,103.5,103.5
1100514,1600,99.96,99.96,99.96,99.96
1100517,1600,99.95,99.95,99.95,99.95
1100518,1600,100.74,100.74,100.74,100.74
1100519,1600,98.21,98.21,98.21,98.21
1100520,1600,96.37,96.37,96.37,96.37
1100521,1600,96.29,96.29,96.29,96.29
1100525,1600,93.8,93.8,93.8,93.8
1100526,1600,96.61,96.61,96.61,96.61
1100527,1600,97.3,97.3,97.3,97.3
1100528,1600,97.68,97.68,97.68,97.68
1100531,1600,98.22,98.22,98.22,98.22
1100601,1600,98.36,98.36,98.36,98.36
1100602,1600,97.82,97.82,97.82,97.82
1100603,1600,99.5,99.5,99.5,99.5
1100604,1600,98.19,98.19,98.19,98.19
1100607,1600,95.9,95.9,95.9,95.9
1100608,1600,94.57,94.57,94.57,94.57
1100609,1600,96.1,96.1,96.1,96.1
1100610,1600,95.62,95.62,95.62,95.62
1100611,1600,96.45,96.45,96.45,96.45
1100614,1600,98.81,98.81,98.81,98.81
1100615,1600,98.69,98.69,98.69,98.69
1100616,1600,100.36,100.36,100.36,100.36
1100617,1600,100.53,100.53,100.53,100.53
1100618,1600,101.22,101.22,101.22,101.22
1100621,1600,101.54,101.54,101.54,101.54
1100622,1600,100.91,100.91,100.91,100.91
1100623,1600,98.48,98.48,98.48,98.48
1100624,1600,97.55,97.55,97.55,97.55
1100625,1600,96.92,96.92,96.92,96.92
1100628,1600,97.62,97.62,97.62,97.62
1100629,1600,93.96,93.96,93.96,93.96
1100630,1600,93.61,93.61,93.61,93.61
1100701,1600,91.79,91.79,91.03,91.03
1100702,1600,91.04,91.04,91.04,91.04
1100705,1600,91.0,91.0,91.0,91.0
1100706,1600,92.62,92.62,92.62,92.62
1100707,1600,92.9,92.9,92.9,92.9
1100708,1600,94.46,94.46,94.46,94.46
1100709,1600,95.14,95.14,95.14,95.14
1100712,1600,95.58,95.58,95.58,95.58
1100713,1600,97.18,97.18,97.18,97.18
1100714,1600,98.12,98.12,98.12,98.12
1100715,1600,97.05,97.05,97.05,97.05
1100716,1600,96.08,96.08,96.08,96.08
1100719,1600,95.33,95.33,95.33,95.33
1100720,1600,95.25,95.25,95.25,95.25
1100721,1600,96.61,96.61,96.61,96.61
1100722,1600,98.34,98.34,98.34,98.34
1100723,1600,97.99,97.99,97.99,97.99
1100726,1600,99.37,99.37,99.37,99.37
1100727,1600,99.39,99.39,99.39,99.39
1100728,1600,99.29,99.29,99.29,99.29
1100729,1600,97.61,97.61,97.61,97.61
1100730,1600,97.94,97.94,97.94,97.94
1100802,1600,100.18,100.18,100.18,100.18
1100803,1600,99.98,99.98,99.98,99.98
1100804,1600,100.38,100.38,100.38,100.38
1100805,1600,100.21,100.21,100.21,100.21
1100806,1600,99.24,99.24,99.24,99.24
1100809,1600,100.9,100.9,100.9,100.9
1100810,1600,99.93,99.93,99.93,99.93
1100811,1600,97.39,97.39,97.39,97.39
1100812,1600,96.87,96.87,96.87,96.87
1100813,1600,96.01,96.01,96.01,96.01
1100816,1600,96.42,96.42,96.42,96.42
1100817,1600,97.83,97.83,97.83,97.83
1100818,1600,97.44,97.44,97.44,97.44
1100819,1600,96.04,96.04,96.04,96.04
1100820,1600,95.64,95.64,95.64,95.64
1100823,1600,95.75,95.75,95.75,95.75
1100824,1600,94.53,94.53,94.53,94.53
1100825,1600,93.84,93.84,93.84,93.84
1100826,1600,94.38,94.38,94.38,94.38
1100827,1600,94.17,94.17,94.17,94.17
1100830,1600,94.44,94.44,94.44,94.44
1100831,1600,93.73,93.73,93.73,93.73
1100901,1600,96.27,96.27,96.27,96.27
1100902,1600,96.57,96.57,96.57,96.57
1100903,1600,97.37,97.99,97.37,97.99
1100906,1600,98.71,98.71,98.71,98.71
1100907,1600,98.03,98.03,98.03,98.03
1100908,1600,99.36,99.36,99.36,99.36
1100909,1600,99.67,100.22,99.67,100.22
1100910,1600,99.75,99.75,99.75,99.75
1100913,1600,101.29,101.29,101.29,101.29
1100914,1600,101.21,101.27,101.21,101.27
1100915,1600,101.9,101.9,101.9,101.9
1100916,1600,102.19,102.19,102.19,102.19
1100920,1600,0.0,0.0,0.0,102.19
1100930,1600,105.67,105.67,104.89,104.89
1101001,1600,105.33,105.33,105.33,105.33
1101004,1600,104.09,104.09,104.09,104.09
1101008,1600,105.57,107.0,105.15,107.0
1101011,1600,107.27,107.27,107.27,107.27
1101012,1600,107.33,107.33,107.33,107.33
1101013,1600,108.84,108.84,108.84,108.84
1101014,1600,108.49,108.49,108.49,108.49
1101015,1600,110.06,110.06,110.06,110.06
1101018,1600,110.49,110.49,110.49,110.49
1101019,1600,109.7,109.7,109.7,109.7
1101020,1600,110.5,110.5,110.5,110.5
1101021,1600,110.74,110.74,110.74,110.74
1101022,1600,110.68,110.84,110.68,110.84
1101025,1600,111.86,111.86,111.86,111.86
1101026,1600,111.47,111.66,111.47,111.66
1101027,1600,111.29,111.29,111.29,111.29
1101028,1600,112.01,112.01,112.01,112.01
1101029,1600,112.19,112.19,112.19,112.19
1101101,1600,81.42,81.45,81.01,81.01
1101102,1600,80.73,80.73,80.73,80.73
1101103,1600,80.58,80.58,80.58,80.58
1101104,1600,80.63,81.16,80.63,81.16
1101105,1600,82.04,82.04,82.04,82.04
1101108,1600,82.99,82.99,82.99,82.99
1101109,1600,83.25,83.25,83.25,83.25
1101110,1600,83.67,83.67,83.67,83.67
1101111,1600,83.04,83.45,83.04,83.45
1101112,1600,82.71,82.71,82.71,82.71
1101115,1600,82.95,82.95,82.95,82.95
1101116,1600,82.05,82.14,81.85,81.85
1101117,1600,82.23,82.23,82.23,82.23
1101118,1600,82.25,83.06,82.25,83.06
1101119,1600,82.5,82.5,82.5,82.5
1101122,1600,83.0,83.0,83.0,83.0
1101123,1600,83.18,83.18,83.18,83.18
1101125,1600,85.62,85.62,85.44,85.44
1101126,1600,86.08,86.08,86.08,86.08
1101129,1600,85.93,85.93,85.63,85.63
1101130,1600,85.81,85.83,85.81,85.83
1101201,1600,86.12,86.12,86.12,86.12
1101202,1600,86.99,86.99,86.99,86.99
1101203,1600,86.19,86.19,86.19,86.19
1101206,1600,86.98,86.98,86.98,86.98
1101207,1600,87.28,87.28,87.28,87.28
1101208,1600,87.53,87.53,87.53,87.53
1101209,1600,88.07,88.07,88.07,88.07
1101210,1600,88.13,88.13,88.13,88.13
1101213,1600,87.68,87.68,87.68,87.68
1101214,1600,87.54,87.54,87.54,87.54
1101215,1600,87.9,87.9,87.9,87.9
1101216,1600,88.05,88.83,88.02,88.83
1101217,1600,87.87,87.87,87.87,87.87
1101222,1600,90.21,90.21,90.21,90.21
1101223,1600,89.86,89.86,89.84,89.84
1101227,1600,88.95,88.95,88.95,88.95
1101228,1600,89.75,89.75,89.75,89.75
1101229,1600,89.63,89.63,89.63,89.63
1101230,1600,88.69,88.69,88.69,88.69
1110103,1600,89.5,89.5,89.5,89.5
1110104,1600,89.11,89.11,89.11,89.11
1110110,1600,92.75,92.75,92.73,92.73
1110111,1600,93.29,93.29,93.29,93.29
1110112,1600,93.1,93.1,93.1,93.1
1110113,1600,92.7,92.7,92.7,92.7
1110117,1600,91.03,91.03,90.93,90.93
1110118,1600,91.1,91.37,91.1,91.37
1110119,1600,90.66,90.66,90.66,90.66
1110121,1600,89.73,89.73,88.91,88.91
1110124,1600,88.43,88.43,88.43,88.43
1110125,1600,88.8,88.8,88.8,88.8
1110126,1600,89.22,89.26,88.94,89.26
1110127,1600,89.41,89.41,89.41,89.41
1110128,1600,88.58,88.58,88.58,88.58
1110131,1600,87.78,87.78,87.78,87.78
1110201,1600,88.14,88.8,88.14,88.8
1110202,1600,88.57,89.0,88.57,89.0
1110203,1600,89.54,89.74,89.54,89.74
1110204,1600,90.5,90.5,90.5,90.5
1110208,1600,90.91,90.91,90.91,90.91
1110209,1600,91.03,91.03,91.03,91.03
1110210,1600,91.71,91.71,91.71,91.71
1110211,1600,92.43,92.43,92.43,92.43
1110215,1600,93.2,93.2,93.2,93.2
1110216,1600,93.18,93.6,93.18,93.6
1110217,1600,93.1,93.1,93.1,93.1
1110218,1600,92.84,92.84,92.84,92.84
1110222,1600,91.86,91.86,91.86,91.86
1110228,1600,89.58,90.16,89.58,90.07
1110301,1600,89.45,89.45,89.45,89.45
1110302,1600,88.7,88.81,88.7,88.81
1110304,1600,89.43,89.43,89.43,89.43
1110308,1600,88.63,89.03,88.63,89.03
1110309,1600,88.08,88.08,88.08,88.08
1110310,1600,87.66,87.66,87.66,87.66
1110311,1600,87.3,87.3,87.3,87.3
1110315,1600,84.93,85.27,84.54,85.27
1110316,1600,85.06,85.25,84.27,84.27
1110317,1600,84.23,84.48,84.23,84.48
1110321,1600,83.82,84.36,83.82,84.36
1110322,1600,83.92,84.18,83.91,84.15
1110323,1600,84.68,84.68,84.68,84.68
1110324,1600,85.39,85.74,85.39,85.74
1110328,1600,86.85,86.85,86.85,86.85
1110329,1600,87.08,87.08,87.08,87.08
1110330,1600,87.48,87.48,87.48,87.48
1110331,1600,86.86,86.86,86.86,86.86
1110404,1600,86.91,86.91,86.91,86.91
1110405,1600,86.89,86.89,86.89,86.89
1110406,1600,86.62,86.74,85.82,85.82
1110407,1600,85.89,85.89,85.89,85.89
1110408,1600,85.42,85.42,85.42,85.42
1110411,1600,84.88,84.88,84.88,84.88
1110413,1600,84.51,84.51,84.51,84.51
1110414,1600,84.08,84.08,84.08,84.08
1110415,1600,84.56,84.56,84.56,84.56
1110418,1600,84.51,84.51,84.21,84.21
1110419,1600,84.57,84.57,84.57,84.57
1110427,1600,86.31,86.31,86.31,86.31
1110428,1600,85.9,85.9,85.9,85.9
1110429,1600,85.75,85.75,85.75,85.75
1110502,1600,85.5,85.5,85.5,85.5
1110503,1600,85.21,85.21,85.21,85.21
1110504,1600,84.41,84.41,84.41,84.41
1110510,1600,88.33,88.33,88.33,88.33
1110511,1600,89.03,89.03,89.03,89.03
1110512,1600,89.01,89.01,88.9,88.9
1110513,1600,89.06,89.06,89.06,89.06
1110517,1600,87.19,87.19,86.84,86.84
1110518,1600,87.06,87.06,87.06,87.06
1110519,1600,87.48,87.48,87.48,87.48
1110520,1600,87.72,87.72,87.72,87.72
1110523,1600,87.1,87.1,87.1,87.1
1110524,1600,86.58,86.58,86.58,86.58
1110525,1600,86.74,86.74,86.63,86.63
1110526,1600,86.87,86.87,86.87,86.87
1110527,1600,86.61,86.61,86.61,86.61
1110530,1600,86.51,86.51,86.51,86.51
1110531,1600,86.64,86.64,86.58,86.58
1110601,1600,86.19,86.19,86.19,86.19
1110606,1600,83.13,83.13,83.13,83.13
1110608,1600,81.98,81.98,81.98,81.98
1110609,1600,81.72,82.27,81.72,82.27
1110610,1600,82.08,82.08,82.08,82.08
1110613,1600,81.9,81.9,81.9,81.9
1110614,1600,82.27,82.27,82.27,82.27
1110615,1600,82.68,82.68,82.68,82.68
1110616,1600,82.77,82.77,82.77,82.77
1110620,1600,81.22,81.22,81.22,81.22
1110621,1600,81.81,82.48,81.81,82.48
1110622,1600,82.47,82.47,82.47,82.47
1110623,1600,82.85,82.85,82.85,82.85
1110624,1600,83.65,83.65,83.19,83.19
1110627,1600,82.66,83.14,82.66,83.14
1110628,1600,83.74,83.74,83.74,83.74
1110629,1600,84.38,84.42,84.11,84.11
1110630,1600,84.69,84.69,84.69,84.69
1110701,1600,85.58,85.58,85.58,85.58
1110704,1600,86.42,86.42,86.31,86.31
1110705,1600,86.59,86.59,86.59,86.59
1110706,1600,87.22,87.61,87.22,87.61
1110707,1600,88.67,88.68,88.62,88.68
1110708,1600,88.59,88.59,88.59,88.59
1110711,1600,89.29,89.29,89.29,89.29
1110712,1600,89.39,89.39,89.11,89.11
1110713,1600,88.69,88.69,88.69,88.69
1110714,1600,87.6,87.6,87.6,87.6
1110715,1600,87.81,87.81,87.81,87.81
1110718,1600,87.95,87.95,87.79,87.83
1110721,1600,88.51,88.51,88.51,88.51
1110722,1600,88.78,88.78,88.78,88.78
1110725,1600,89.45,89.45,89.45,89.45
1110726,1600,88.74,88.74,88.74,88.74
1110727,1600,88.14,88.14,88.14,88.14
1110728,1600,88.63,88.63,88.63,88.63
1110729,1600,87.45,87.48,86.89,87.48
1110801,1600,88.05,88.05,87.18,87.18
1110802,1600,86.91,86.91,86.91,86.91
1110803,1600,85.43,85.43,84.89,84.89
1110804,1600,85.62,85.62,85.34,85.34
1110808,1600,79.02,79.02,79.02,79.02
1110809,1600,78.81,78.81,78.81,78.81
1110810,1600,79.43,79.43,79.43,79.43
1110811,1600,79.48,79.48,79.48,79.48
1110812,1600,79.48,79.48,79.48,79.48
1110815,1600,79.97,79.97,79.97,79.97
1110816,1600,80.28,80.85,80.28,80.85
1110817,1600,80.5,80.6,80.2,80.2
1110818,1600,79.27,79.27,78.31,78.31
1110822,1600,75.39,75.39,75.39,75.39
1110823,1600,76.22,76.48,76.22,76.48
1110825,1600,78.41,78.41,78.41,78.41
1110826,1600,77.89,77.89,77.01,77.01
1110901,1600,83.42,83.42,83.42,83.42
1110902,1600,82.48,82.48,81.41,81.41
1110906,1600,80.84,80.84,80.84,80.84
1110908,1600,83.94,84.7,83.94,84.7
1110909,1600,84.62,84.62,84.62,84.62
1110912,1600,83.59,84.28,83.59,84.28
1110913,1600,85.12,85.12,85.12,85.12
1110914,1600,86.0,86.47,86.0,86.47
1110915,1600,87.03,87.03,86.82,86.82
1110916,1600,87.61,88.26,87.61,88.26
1110919,1600,88.73,88.73,88.73,88.73
1110920,1600,90.14,90.14,90.14,90.14
1110921,1600,88.99,89.12,88.99,89.12
1110922,1600,87.61,87.61,86.64,86.64
1110923,1600,85.87,86.14,85.87,86.14
1110926,1600,86.29,86.29,86.29,86.29
1110927,1600,88.13,88.6,88.13,88.6
1110928,1600,88.3,88.3,87.74,87.74
1110929,1600,86.25,86.25,86.25,86.25
1110930,1600,85.37,86.08,85.37,86.08
1111006,1600,87.01,87.01,87.01,87.01
1111007,1600,86.49,86.49,86.49,86.49
1111010,1600,88.03,88.03,88.03,88.03
1111011,1600,88.92,89.24,88.88,89.24
1111012,1600,89.33,89.33,89.33,89.33
1111013,1600,89.16,89.16,89.16,89.16
1111014,1600,89.74,89.74,89.74,89.74
1111017,1600,90.7,90.7,90.7,90.7
1111018,1600,90.37,90.37,90.37,90.37
1111019,1600,90.13,90.41,90.13,90.41
1111020,1600,88.76,88.76,88.76,88.76
1111021,1600,89.17,89.34,89.17,89.34
1111024,1600,90.6,90.6,90.6,90.6
1111025,1600,89.87,89.87,89.87,89.87
1111026,1600,88.43,88.43,88.43,88.43
1111027,1600,89.73,89.73,88.73,88.73
1111028,1600,89.63,89.63,89.63,89.63
1111031,1600,90.33,90.33,90.23,90.23
1111101,1600,89.03,89.03,89.03,89.03
1111102,1600,89.14,89.14,89.14,89.14
1111103,1600,90.28,90.28,90.28,90.28
1111104,1600,90.41,90.41,90.41,90.41
1111107,1600,90.16,90.16,90.16,90.16
1111108,1600,91.04,91.04,91.04,91.04
1111109,1600,91.39,91.61,91.39,91.61
1111110,1600,91.15,91.15,90.23,90.23
1111111,1600,90.63,90.63,90.63,90.63
1111114,1600,91.56,91.56,91.56,91.56
1111115,1600,91.7,91.7,91.7,91.7
1111116,1600,92.67,92.67,92.67,92.67
1111117,1600,90.66,90.66,90.24,90.24
1111118,1600,88.85,88.85,88.85,88.85
1111122,1600,86.39,86.39,86.39,86.39
1111123,1600,86.6,86.6,86.54,86.54
1111124,1600,85.84,85.84,85.84,85.84
1111125,1600,86.88,86.88,86.88,86.88
1111128,1600,88.63,88.63,88.63,88.63
1111129,1600,88.76,88.76,88.76,88.76
1111130,1600,90.32,90.32,90.32,90.32
1111201,1600,90.61,90.61,90.61,90.61
1111202,1600,91.93,91.93,91.93,91.93
1111205,1600,92.19,92.19,92.19,92.19
1111206,1600,92.44,92.44,92.0,92.0
1111207,1600,92.63,92.63,91.17,91.83
1111208,1600,91.98,91.98,91.98,91.98
1111209,1600,91.86,91.86,91.86,91.86
1111212,1600,92.62,92.62,91.7,91.9
1111213,1600,93.05,93.05,93.05,93.05
1111214,1600,91.47,91.47,90.98,90.98
1111215,1600,91.08,91.08,91.08,91.08
1111216,1600,91.81,91.81,91.81,91.81
1111219,1600,90.98,90.98,90.98,90.98
1111220,1600,91.8,92.16,91.8,92.16
1111221,1600,91.42,91.42,90.98,90.98
1111222,1600,91.85,91.95,91.85,91.95
1111223,1600,92.75,92.75,92.75,92.75
1111227,1600,93.02,93.02,93.02,93.02
1111228,1600,93.19,93.19,93.19,93.19
1111229,1600,93.45,93.45,93.45,93.45
1111230,1600,93.77,93.77,93.77,93.77
1120102,1600,95.65,95.65,95.65,95.65
1120103,1600,94.87,94.87,94.64,94.64
1120104,1600,94.62,95.28,94.62,95.28
1120105,1600,96.74,96.74,96.74,96.74
1120106,1600,97.21,98.21,97.21,98.21
1120109,1600,97.84,97.84,97.84,97.84
1120110,1600,98.59,98.61,98.59,98.61
1120111,1600,99.24,99.24,99.24,99.24
1120112,1600,98.04,98.18,98.04,98.18
1120113,1600,98.66,99.11,98.66,99.11
1120116,1600,99.9,99.9,99.9,99.9
1120117,1600,100.1,100.1,99.67,100.01
1120118,1600,99.15,99.83,99.15,99.83
1120119,1600,100.47,100.47,100.47,100.47
1120120,1600,99.83,99.83,99.71,99.71
1120123,1600,99.8,99.8,99.25,99.25
1120124,1600,99.49,99.49,99.47,99.47
1120125,1600,100.3,100.3,100.3,100.3
1120126,1600,99.35,99.35,99.35,99.35
1120127,1600,99.01,99.01,99.01,99.01
1120130,1600,99.56,99.56,99.56,99.56
1120131,1600,99.73,99.73,99.69,99.69
1120201,1600,99.91,100.0,99.91,100.0
1120202,1600,100.82,100.82,100.65,100.7
1120203,1600,102.25,102.25,102.25,102.25
1120206,1600,102.15,102.15,102.13,102.13
1120207,1600,101.56,101.56,101.56,101.56
1120208,1600,101.26,101.26,101.26,101.26
1120209,1600,102.01,102.01,102.01,102.01
1120210,1600,102.56,102.56,102.56,102.56
1120213,1600,102.85,102.85,102.85,102.85
1120214,1600,103.56,103.56,103.56,103.56
1120215,1600,105.38,105.38,105.38,105.38
1120216,1600,104.18,104.18,104.18,104.18
1120217,1600,104.03,104.03,104.03,104.03
1120220,1600,104.31,104.31,103.88,103.88
1120221,1600,103.75,104.0,103.75,104.0
1120222,1600,103.87,103.96,103.42,103.42
1120223,1600,102.95,103.55,102.95,103.55
1120224,1600,102.74,102.74,102.74,102.74
1120227,1600,103.29,103.39,103.29,103.39
1120228,1600,103.61,103.61,103.61,103.61
1120229,1600,103.85,104.5,103.85,104.4
1120301,1600,104.98,104.98,104.98,104.98
1120302,1600,106.5,106.5,106.5,106.5
1120305,1600,105.93,105.93,104.76,104.96
1120306,1600,104.75,104.75,104.63,104.63
1120307,1600,104.95,105.3,104.95,105.3
1120308,1600,105.33,105.33,105.33,105.33
1120309,1600,107.22,107.22,107.22,107.22
1120312,1600,106.68,106.68,106.68,106.68
1120313,1600,107.6,108.4,107.6,108.4
1120314,1600,109.75,110.2,109.75,110.2
1120315,1600,110.43,110.43,110.43,110.43
1120316,1600,110.24,110.24,109.49,109.49
1120319,1600,109.55,109.55,109.55,109.55
1120320,1600,109.16,109.16,109.16,109.16
1120321,1600,110.41,110.41,110.41,110.41
1120322,1600,109.84,110.05,109.84,110.05
1120323,1600,109.1,109.1,109.1,109.1
1120326,1600,109.97,109.97,109.97,109.97
1120327,1600,110.96,110.96,110.96,110.96
1120328,1600,110.9,111.02,110.74,110.74
1120329,1600,110.07,110.07,110.07,110.07
1120330,1600,110.52,110.52,109.97,109.97
1120402,1600,110.42,110.63,110.42,110.63
1120403,1600,110.85,110.85,110.85,110.85
1120404,1600,111.47,111.54,110.72,110.72
1120405,1600,111.04,112.1,110.96,112.1
1120410,1600,111.27,111.28,110.83,110.83
1120411,1600,109.84,110.25,109.84,110.25
1120412,1600,110.43,110.43,110.43,110.43
1120413,1600,110.28,110.28,109.92,109.92
1120416,1600,109.5,109.5,108.58,108.58
1120417,1600,109.64,109.64,109.64,109.64
1120418,1600,109.81,109.81,109.81,109.81
1120419,1600,110.29,110.29,109.86,109.86
1120420,1600,108.69,108.69,108.69,108.69
1120423,1600,106.79,106.79,106.79,106.79
1120424,1600,107.42,107.42,106.53,106.53
1120425,1600,108.64,108.64,108.64,108.64
1120426,1600,108.95,108.95,108.83,108.83
1120427,1600,109.63,109.9,109.63,109.9
1120430,1600,109.35,109.35,109.35,109.35
1120502,1600,109.74,110.05,109.74,110.05
1120503,1600,110.06,110.06,110.06,110.06
1120504,1600,107.48,107.48,107.48,107.48
1120507,1600,107.41,107.41,107.41,107.41
1120508,1600,106.11,106.11,106.11,106.11
1120509,1600,107.55,107.55,107.55,107.55
1120510,1600,107.3,107.3,107.3,107.3
1120511,1600,107.54,108.5,107.54,108.5
1120514,1600,107.55,107.73,107.55,107.73
1120515,1600,108.31,108.31,108.31,108.31
1120516,1600,107.77,107.77,107.71,107.71
1120517,1600,107.14,107.14,106.22,106.22
1120518,1600,104.31,104.31,104.31,104.31
1120521,1600,104.65,104.65,104.65,104.65
1120522,1600,106.01,106.8,106.01,106.8
1120523,1600,106.01,106.03,106.01,106.03
1120524,1600,107.15,107.15,107.15,107.15
1120525,1600,107.74,107.74,107.25,107.25
1120528,1600,107.73,107.73,107.73,107.73
1120529,1600,108.07,108.6,108.07,108.6
1120530,1600,108.61,108.61,108.61,108.61
1120531,1600,108.4,108.4,108.4,108.4
1120601,1600,106.38,106.38,106.38,106.38
1120604,1600,104.8,104.8,104.47,104.47
1120605,1600,105.57,105.86,105.54,105.86
1120606,1600,106.72,107.78,106.72,107.78
1120607,1600,108.03,108.05,108.03,108.05
1120608,1600,108.41,108.41,108.41,108.41
1120611,1600,108.71,108.71,108.41,108.71
1120612,1600,108.22,108.22,108.41,108.22
1120613,1600,107.9,107.9,108.41,107.9
1120614,1600,107.29,107.29,107.29,107.29
1120615,1600,107.79,107.79,107.79,107.79
1120618,1600,108.34,109.23,108.34,109.23
1120619,1600,109.8,109.8,109.8,109.8
1120620,1600,109.96,109.96,109.78,109.78
1120621,1600,109.55,109.55,109.55,109.55
1120622,1600,108.95,108.95,108.95,108.95
1120625,1600,107.74,107.74,107.74,107.74
1120626,1600,108.33,108.33,108.33,108.33
1120627,1600,108.96,109.77,108.95,109.77
1120628,1600,108.07,108.07,108.07,108.07
1120629,1600,108.5,109.19,108.5,109.19
1120702,1600,110.64,110.64,110.64,110.64
1120703,1600,111.43,111.43,111.43,111.43
1120704,1600,111.69,112.42,111.69,112.42
1120705,1600,113.11,114.03,113.11,114.03
1120706,1600,112.56,112.56,112.56,112.56
1120709,1600,112.6,112.6,112.6,112.6
1120710,1600,112.85,112.85,112.85,112.85
1120711,1600,111.77,111.77,111.77,111.77
1120712,1600,110.48,110.57,110.48,110.53
1120713,1600,111.87,111.87,111.87,111.87
1120716,1600,112.05,112.05,112.05,112.05
1120717,1600,111.94,111.94,111.94,111.94
1120718,1600,113.73,113.73,113.73,113.73
1120719,1600,115.19,115.19,115.19,115.19
1120720,1600,115.21,115.21,115.21,115.21
1120723,1600,112.79,112.79,112.79,112.79
1120724,1600,113.75,113.75,113.75,113.75
1120725,1600,111.39,111.73,111.39,111.73
1120726,1600,111.52,111.52,111.52,111.52
1120727,1600,112.72,112.72,112.72,112.72
1120730,1600,114.79,114.79,114.79,114.79
1120731,1600,114.72,114.72,114.72,114.72
1120801,1600,114.62,114.62,114.38,114.38
1120802,1600,114.32,114.89,114.32,114.89
1120803,1600,115.42,115.42,115.42,115.42
1120806,1600,115.6,115.6,115.6,115.6
1120807,1600,116.39,116.39,116.39,116.39
1120808,1600,116.98,116.98,116.98,116.98
1120809,1600,117.82,117.82,117.82,117.82
1120810,1600,117.56,117.56,117.56,117.56
1120813,1600,117.48,117.48,117.08,117.08
1120814,1600,118.52,118.52,118.52,118.52
1120815,1600,118.55,118.55,118.55,118.55
1120816,1600,118.5,118.88,118.5,118.88
1120817,1600,120.08,120.08,120.08,120.08
1120820,1600,119.77,119.77,119.77,119.77
1120821,1600,119.67,119.67,118.87,118.87
1120822,1600,118.29,118.29,118.29,118.29
1120823,1600,117.63,117.63,117.63,117.63
1120824,1600,118.07,118.07,117.92,117.92
1120827,1600,118.82,118.82,118.82,118.82
1120828,1600,118.51,118.51,117.99,117.99
1120829,1600,117.97,117.99,117.97,117.99
1120830,1600,117.52,117.52,117.52,117.52
1120831,1600,117.52,117.52,117.52,117.52
1120903,1600,117.54,117.54,117.54,117.54
1120904,1600,116.65,116.65,116.65,116.65
1120905,1600,117.28,117.28,117.28,117.28
1120906,1600,117.5,118.92,117.5,118.92
1120907,1600,117.66,117.66,117.66,117.66
1120910,1600,117.12,117.12,117.01,117.01
1120911,1600,115.87,115.87,115.87,115.87
1120912,1600,115.36,115.39,115.11,115.11
1120913,1600,115.15,115.6,115.15,115.6
1120914,1600,115.93,115.93,115.93,115.93
1120917,1600,115.98,115.98,115.78,115.78
1120918,1600,116.58,116.58,116.58,116.58
1120919,1600,116.73,116.73,116.73,116.73
1120920,1600,117.46,117.54,117.46,117.54
1120921,1600,117.76,117.8,117.76,117.8
1120924,1600,117.25,117.25,117.25,117.25
1120925,1600,117.49,117.49,117.49,117.49
1120926,1600,115.08,115.08,115.08,115.08
1120927,1600,115.97,115.97,115.97,115.97
1120928,1600,115.92,116.11,115.92,116.11
1121001,1600,116.06,116.32,116.06,116.32
1121002,1600,115.97,115.97,115.1,115.1
1121004,1600,115.68,115.68,115.68,115.68
1121005,1600,115.7,115.7,115.7,115.7
1121008,1600,115.19,115.22,114.41,114.41
1121009,1600,113.52,113.52,113.52,113.52
1121010,1600,113.57,113.57,113.26,113.26
1121011,1600,112.82,112.82,112.82,112.82
1121012,1600,111.92,111.92,111.92,111.92
1121015,1600,112.44,112.44,112.44,112.44
1121016,1600,113.26,113.26,113.26,113.26
1121017,1600,112.92,112.92,112.92,112.92
1121018,1600,112.74,112.79,112.74,112.79
1121019,1600,110.65,110.65,110.65,110.65
1121022,1600,109.47,109.5,109.47,109.5
1121023,1600,109.77,109.77,109.77,109.77
1121024,1600,109.5,109.5,109.5,109.5
1121025,1600,109.27,109.27,109.27,109.27
1121026,1600,109.38,109.38,109.38,109.38
1121029,1600,109.71,109.71,109.62,109.62
1121030,1600,109.51,109.51,109.51,109.51
1121031,1600,108.6,108.6,108.6,108.6
1121101,1600,110.71,110.71,110.71,110.71
1121102,1600,111.48,111.48,111.48,111.48
1121105,1600,110.42,111.11,110.42,111.11
1121106,1600,111.89,111.89,111.39,111.39
1121107,1600,109.21,109.21,109.21,109.21
1121108,1600,109.69,109.69,108.92,108.92
1121109,1600,108.08,109.01,107.96,109.01
1121112,1600,108.31,108.31,108.31,108.31
1121113,1600,108.4,108.4,108.4,108.4
1121114,1600,108.2,108.2,107.22,107.22
1121115,1600,105.47,105.47,105.47,105.47
1121116,1600,105.18,105.18,105.18,105.18
1121119,1600,106.57,107.53,106.57,107.53
1121120,1600,108.24,108.24,108.24,108.24
1121121,1600,108.16,108.16,108.16,108.16
1121122,1600,108.1,108.1,107.88,107.88
1121123,1600,108.63,108.63,108.63,108.63
1121126,1600,108.6,108.6,108.48,108.48
1121127,1600,109.5,109.6,109.5,109.6
1121128,1600,109.28,109.28,109.28,109.28
1121129,1600,110.25,110.39,110.25,110.39
1121130,1600,110.56,110.56,109.74,109.74
1121203,1600,109.86,109.86,109.86,109.86
1121204,1600,108.73,108.73,108.73,108.73
1121205,1600,108.39,108.39,108.16,108.16
1121206,1600,108.59,109.52,108.59,109.52
1121207,1600,109.01,109.01,109.01,109.01
1121210,1600,109.79,109.79,109.79,109.79
1121211,1600,110.76,110.76,110.76,110.76
1121212,1600,109.93,109.93,109.93,109.93
1121213,1600,109.09,109.09,109.09,109.09
1121214,1600,107.13,107.13,107.13,107.13
1121217,1600,106.39,107.48,106.29,107.48
1121218,1600,108.89,108.89,108.89,108.89
1121219,1600,109.33,109.33,109.33,109.33
1121220,1600,108.6,108.6,108.49,108.49
1121221,1600,107.6,107.6,107.6,107.6
1121227,1600,106.17,106.17,105.83,105.83
1121228,1600,105.97,105.97,105.97,105.97
1130102,1600,107.98,110.33,107.98,110.33
1130103,1600,111.92,112.14,111.92,112.14
1130104,1600,112.5,112.5,111.66,111.66
1130107,1600,111.41,111.41,111.15,111.15
1130108,1600,110.7,110.95,110.7,110.7
1130109,1600,111.22,111.8,111.22,111.8
1130110,1600,110.3,110.3,110.3,110.3
1130111,1600,109.72,109.72,109.72,109.72
1130114,1600,109.28,109.28,109.28,109.28
1130115,1600,108.97,108.97,108.97,108.97
1130116,1600,109.85,109.85,109.85,109.85
1130117,1600,110.03,110.03,110.03,110.03
1130118,1600,109.86,109.86,109.86,109.86
1130121,1600,110.21,110.4,110.15,110.4
1130122,1600,110.37,110.37,109.69,109.69
1130123,1600,110.46,110.94,110.46,110.94
1130124,1600,109.46,109.77,109.15,109.77
1130125,1600,108.73,108.83,108.58,108.58
1130128,1600,108.73,109.13,108.68,109.13
1130129,1600,108.88,108.88,108.88,108.88
1130130,1600,108.74,108.74,108.22,108.4
1130131,1600,107.84,107.84,107.47,107.47
1130201,1600,107.17,107.46,107.17,107.46
1130204,1600,108.64,108.64,107.82,107.82
1130205,1600,107.77,108.07,107.61,108.07
1130206,1600,108.9,108.9,108.58,108.83
1130207,1600,108.08,108.65,108.08,108.65
1130208,1600,111.07,111.07,111.07,111.07
1130211,1600,110.63,110.63,110.63,110.63
1130212,1600,110.76,110.76,110.06,110.06
1130213,1600,110.07,110.4,110.07,110.33
1130214,1600,110.78,111.18,110.78,111.18
1130215,1600,111.04,111.04,111.04,111.04
1130218,1600,110.86,110.93,110.84,110.91
1130219,1600,110.86,110.93,110.86,110.93
1130220,1600,110.62,111.2,110.46,110.93
1130221,1600,110.7,110.7,110.02,110.02
1130222,1600,110.73,110.73,110.73,110.73
1130225,1600,110.92,111.35,110.92,111.35
1130226,1600,110.55,110.55,110.55,110.55
1130227,1600,111.94,111.94,111.94,111.94
1130228,1600,112.61,112.61,112.61,112.61
1130301,1600,112.34,112.99,112.34,112.99
1130304,1600,113.14,113.14,113.14,113.14
1130305,1600,114.28,115.03,114.28,115.03
1130306,1600,115.26,115.26,115.12,115.12
1130307,1600,114.95,114.95,114.46,114.46
1130308,1600,114.56,115.58,114.56,115.58
1130311,1600,115.34,115.34,115.34,115.34
1130312,1600,114.93,114.93,114.93,114.93
1130313,1600,115.21,115.85,115.21,115.85
1130314,1600,115.86,115.86,115.86,115.86
1130315,1600,115.4,115.4,114.65,114.97
1130318,1600,114.38,115.47,114.37,115.47
1130319,1600,115.47,115.47,115.47,115.47
1130320,1600,115.77,115.77,115.77,115.77
1130321,1600,115.41,115.41,115.41,115.41
1130322,1600,115.29,115.29,115.29,115.29
1130325,1600,116.12,116.12,116.12,116.12
1130326,1600,116.67,116.67,116.67,116.67
1130327,1600,117.54,117.54,117.46,117.46
1130328,1600,117.41,117.41,117.41,117.41
1130402,1600,116.71,117.97,116.71,117.97
1130403,1600,117.18,117.18,117.18,117.18
1130404,1600,116.21,116.21,116.21,116.21
1130405,1600,113.47,113.47,113.47,113.47
1130408,1600,113.93,113.93,113.93,113.93
1130409,1600,115.0,115.0,114.02,114.02
1130410,1600,115.13,116.87,115.13,116.87
1130411,1600,116.94,117.2,116.53,116.82
1130412,1600,116.76,116.76,116.32,116.32
1130415,1600,116.35,116.35,116.35,116.35
1130416,1600,115.01,115.18,115.01,115.18
1130417,1600,114.72,114.72,114.2,114.2
1130418,1600,114.37,114.37,113.07,113.07
1130419,1600,114.0,114.0,114.0,114.0
1130422,1600,114.71,114.71,114.71,114.71
1130423,1600,114.82,117.0,114.82,117.0
1130424,1600,116.66,116.66,116.66,116.66
1130425,1600,117.64,117.65,117.64,117.65
1130426,1600,117.08,117.08,116.63,116.63
1130429,1600,117.25,117.25,117.24,117.24
1130430,1600,116.96,116.96,116.96,116.96
1130502,1600,116.93,119.35,116.93,119.35
1130503,1600,120.37,120.46,120.37,120.46
1130506,1600,120.89,120.89,120.89,120.89
1130507,1600,121.06,121.06,120.93,120.93
1130508,1600,120.73,120.73,120.6,120.6
1130509,1600,121.33,121.33,121.33,121.33
1130510,1600,122.46,123.07,122.46,123.07
1130513,1600,122.68,123.2,122.68,123.2
1130514,1600,123.35,124.14,123.35,124.14
1130515,1600,125.24,125.24,125.24,125.24
1130516,1600,125.15,125.42,125.15,125.42
1130517,1600,125.26,125.99,125.26,125.99
1130520,1600,126.34,126.34,126.34,126.34
1130521,1600,125.75,125.75,125.75,125.75
1130522,1600,125.7,126.58,125.7,126.58
1130523,1600,123.58,124.42,123.42,124.42
1130524,1600,123.7,123.7,123.61,123.61
1130527,1600,124.57,124.57,124.57,124.57
1130528,1600,126.09,126.09,126.09,126.09
1130529,1600,123.96,123.96,123.81,123.81
1130530,1600,124.13,124.13,124.13,124.13
1130531,1600,125.0,125.0,125.0,125.0
1130603,1600,122.98,123.12,121.18,121.18
1130604,1600,122.67,123.7,122.67,123.07
1130605,1600,121.8,121.8,120.98,120.98
1130606,1600,119.9,119.9,119.35,119.35
1130607,1600,121.16,121.16,121.16,121.16
1130610,1600,121.64,121.64,121.64,121.64
1130611,1600,119.82,120.7,119.82,120.7
1130612,1600,119.04,119.04,119.04,119.04
1130613,1600,118.05,118.05,118.05,118.05
1130614,1600,118.7,118.7,118.7,118.7
1130617,1600,120.21,120.21,120.21,120.21
1130618,1600,119.45,120.09,119.45,120.09
1130619,1600,119.98,119.98,119.98,119.98
1130620,1600,119.56,119.68,118.51,118.51
1130621,1600,116.9,116.9,116.9,116.9
1130624,1600,116.0,116.0,116.0,116.0
1130625,1600,117.65,117.65,117.55,117.55
1130626,1600,118.33,119.26,118.33,119.26
1130627,1600,119.27,120.2,119.27,120.2
1130628,1600,119.29,120.36,119.29,120.36
1130701,1600,120.62,121.09,120.12,121.09
1130702,1600,120.61,121.27,120.61,121.15
1130703,1600,120.69,121.28,120.69,121.17
1130704,1600,123.41,123.41,123.41,123.41
1130705,1600,123.47,123.52,123.15,123.15
1130708,1600,124.53,124.6,123.62,123.62
1130709,1600,125.43,125.43,125.43,125.43
1130710,1600,124.91,125.08,124.91,125.08
1130711,1600,125.42,125.42,125.42,125.42
1130712,1600,126.17,126.17,125.8,125.8
1130715,1600,126.55,126.74,126.55,126.74
1130716,1600,125.57,125.57,125.57,125.57
1130717,1600,126.2,126.2,126.2,126.2
1130718,1600,126.18,126.8,126.18,126.8
1130719,1600,124.94,124.94,124.46,124.46
1130722,1600,124.1,124.33,124.1,124.33
1130723,1600,123.58,123.58,123.58,123.58
1130724,1600,123.91,123.91,123.91,123.91
1130725,1600,124.31,124.31,123.47,123.47
1130726,1600,123.4,123.69,123.4,123.69
1130729,1600,123.97,124.24,123.97,124.24
1130730,1600,124.52,125.35,124.52,125.35
1130731,1600,125.38,125.38,125.38,125.38
1130801,1600,125.81,126.55,125.81,126.55
1130802,1600,126.51,126.52,126.44,126.44
1130805,1600,127.15,127.15,127.15,127.15
1130806,1600,127.16,127.16,126.01,126.01
1130807,1600,124.95,125.12,124.95,125.12
1130808,1600,125.8,125.8,125.56,125.58
1130809,1600,125.85,125.85,125.52,125.52
1130812,1600,126.35,126.35,126.35,126.35
1130813,1600,126.84,126.84,126.84,126.84
1130814,1600,127.45,127.45,127.13,127.13
1130815,1600,125.28,125.28,125.28,125.28
1130816,1600,124.11,124.55,123.91,124.55
1130819,1600,124.06,124.78,124.06,124.78
1130820,1600,123.17,123.75,123.17,123.75
1130821,1600,124.05,124.05,124.05,124.05
1130822,1600,124.62,124.62,124.62,124.62
1130823,1600,124.85,125.49,124.85,125.14
1130826,1600,125.5,126.33,125.5,126.33
1130827,1600,124.45,124.45,124.15,124.15
1130828,1600,123.2,123.95,123.2,123.95
1130829,1600,124.66,126.3,124.66,126.3
1130830,1600,125.76,125.76,125.24,125.24
1130902,1600,126.64,126.91,126.64,126.91
1130903,1600,127.12,127.12,126.68,126.68
1130904,1600,126.95,126.95,126.95,126.95
1130905,1600,128.49,128.49,128.49,128.49
1130906,1600,128.35,128.35,128.35,128.35
1130909,1600,128.18,128.18,128.02,128.02
1130910,1600,129.41,129.41,129.27,129.27
1130911,1600,128.22,128.22,128.22,128.22
1130912,1600,129.01,129.01,128.36,128.36
1130913,1600,128.6,128.6,128.6,128.6
1130916,1600,129.52,129.52,128.42,128.42
1130917,1600,127.44,128.34,127.44,128.34
1130918,1600,128.75,128.75,128.66,128.73
1130919,1600,128.64,128.85,128.33,128.55
1130920,1600,128.84,128.84,128.84,128.84
1130923,1600,128.08,128.08,128.08,128.08
1130924,1600,128.91,128.91,128.91,128.91
1130925,1600,128.13,128.13,128.13,128.13
1130926,1600,128.27,128.68,128.27,128.68
1130927,1600,128.3,128.3,128.3,128.3
1130930,1600,127.82,128.06,127.82,128.06
1131001,1600,129.07,129.07,129.07,129.07
1131002,1600,128.86,128.86,128.43,128.43
1131004,1600,127.32,127.76,127.32,127.76
1131007,1600,127.28,128.03,127.28,128.03
1131008,1600,127.29,127.29,125.57,125.57
1131009,1600,125.98,126.07,124.51,124.51
1131010,1600,125.98,127.33,125.98,127.07
1131011,1600,127.77,127.86,127.67,127.86
1131014,1600,127.96,127.96,127.96,127.96
1131015,1600,130.33,130.33,130.33,130.33
1131016,1600,129.26,130.82,129.26,130.82
1131017,1600,129.16,129.62,128.93,129.62
1131018,1600,130.65,131.25,130.65,131.25
1131021,1600,132.1,132.76,131.89,132.32
1131022,1600,132.41,132.41,131.23,131.23
1131023,1600,130.89,130.89,130.48,130.48
1131024,1600,131.16,131.16,131.16,131.16
1131025,1600,131.68,132.46,131.68,131.93
1131028,1600,132.08,132.08,132.08,132.08
1131029,1600,132.19,132.82,132.19,132.82
1131030,1600,133.25,133.25,132.57,132.57
1131031,1600,133.34,134.49,133.31,134.49
1131101,1600,135.02,135.02,134.74,134.74
1131104,1600,134.47,134.47,134.47,134.47
1131105,1600,134.44,135.16,134.44,135.16
1131106,1600,135.54,135.54,134.61,134.61
1131107,1600,134.55,134.55,134.55,134.55
1131108,1600,135.3,135.3,135.3,135.3
1131111,1600,134.88,134.88,134.88,134.88
1131112,1600,134.91,135.02,134.91,134.93
1131113,1600,134.82,135.01,134.82,135.01
1131114,1600,136.26,136.27,136.26,136.27
1131115,1600,136.8,136.8,136.46,136.46
1131118,1600,136.1,136.1,136.1,136.1
1131119,1600,134.91,135.6,134.91,135.09
1131120,1600,134.6,136.04,134.6,136.04
1131121,1600,135.65,135.65,135.65,135.65
1131122,1600,135.58,136.17,135.58,136.1
1131125,1600,136.9,137.04,136.9,137.04
1131126,1600,136.73,136.73,136.73,136.73
1131127,1600,136.84,138.34,136.84,137.74
1131128,1600,137.83,138.08,137.83,138.08
1131129,1600,138.01,138.4,138.01,138.4
1131202,1600,138.73,138.94,138.72,138.73
1131203,1600,138.53,138.53,137.74,137.74
1131204,1600,138.1,138.44,138.1,138.44
1131205,1600,138.04,138.45,137.02,137.02
1131206,1600,137.61,137.93,137.61,137.93
1131209,1600,138.11,138.37,138.11,138.37
1131210,1600,138.21,138.21,137.44,137.7
1131211,1600,137.45,137.45,136.67,136.67
1131212,1600,135.78,135.81,135.78,135.81
1131213,1600,136.05,136.26,135.91,135.91
1131216,1600,136.5,136.5,136.5,136.5
1131217,1600,135.92,135.99,135.72,135.72
1131218,1600,135.39,135.39,135.39,135.39
1131219,1600,137.62,138.09,137.62,138.09
1131220,1600,138.47,139.26,138.47,139.26
1131223,1600,140.27,140.39,140.08,140.24
1131227,1600,140.03,140.08,140.03,140.08
1131230,1600,139.98,140.2,139.98,140.2
1140102,1600,142.58,142.88,140.72,140.72
1140103,1600,140.38,140.38,140.38,140.38
1140106,1600,139.01,139.01,139.01,139.01
1140107,1600,140.87,140.87,140.87,140.87
1140108,1600,140.89,141.74,140.89,141.74
1140109,1600,142.1,142.1,140.8,140.8
1140110,1600,141.49,141.49,139.54,139.54
1140113,1600,140.55,141.24,140.4,141.14
1140114,1600,138.78,140.49,138.78,140.49
1140115,1600,141.64,143.29,141.64,143.0
1140116,1600,142.96,142.96,142.86,142.9
1140117,1600,143.03,143.32,142.9,143.3
1140120,1600,142.89,142.97,142.8,142.9
1140121,1600,143.41,143.83,142.92,142.92
1140122,1600,143.87,144.12,143.87,144.12
1140123,1600,141.74,141.95,141.74,141.95
1140124,1600,142.36,142.36,140.35,140.35
1140127,1600,139.61,139.8,138.61,138.61
1140128,1600,138.3,138.34,137.5,137.86
1140129,1600,139.24,139.24,137.99,137.99
1140130,1600,139.03,140.54,139.03,140.54
1140131,1600,140.12,140.53,139.32,140.38
1140203,1600,140.83,140.83,138.74,138.74
1140204,1600,137.88,138.52,137.39,138.52
1140205,1600,137.92,138.17,137.4,137.4
1140206,1600,138.49,138.99,138.35,138.76
1140207,1600,139.0,140.09,139.0,140.09
1140210,1600,141.0,141.43,141.0,141.3
1140211,1600,142.34,142.34,142.25,142.25
1140212,1600,143.55,144.38,143.55,143.9
1140213,1600,142.64,143.87,142.16,143.87
1140214,1600,143.95,144.26,143.95,144.23
1140217,1600,144.76,144.76,144.57,144.57
1140218,1600,144.38,144.49,144.2,144.49
1140219,1600,144.25,144.25,144.25,144.25
1140220,1600,144.29,144.29,143.75,144.22
1140221,1600,144.92,144.92,144.83,144.83
1140224,1600,144.27,145.29,143.97,145.29
1140225,1600,145.16,145.16,145.16,145.16
1140226,1600,145.48,146.16,145.1,146.16
1140227,1600,145.8,145.8,145.09,145.29
1140228,1600,145.86,145.86,145.43,145.43
1140303,1600,144.47,144.47,143.39,143.39
1140304,1600,145.19,146.06,144.96,146.06
1140305,1600,146.21,146.48,146.21,146.39
1140306,1600,146.86,146.87,145.62,145.62
1140307,1600,145.37,145.49,143.97,143.97
1140310,1600,144.26,144.26,143.99,143.99
1140311,1600,144.4,144.4,144.4,144.4
1140312,1600,143.47,143.59,142.68,143.59
1140313,1600,143.57,143.57,142.5,142.5
1140314,1600,141.5,142.34,141.32,141.32
1140317,1600,142.8,142.8,141.85,142.43
1140318,1600,141.67,143.61,141.67,143.5
1140319,1600,143.81,143.81,143.7,143.7
1140320,1600,144.85,144.85,144.85,144.85
1140321,1600,143.53,144.19,143.53,144.19
1140324,1600,143.76,143.76,140.66,140.66
1140325,1600,141.9,143.18,141.6,141.6
1140326,1600,142.64,142.64,142.18,142.18
1140327,1600,141.12,141.12,139.02,140.18
1140328,1600,140.04,141.33,140.04,141.33
1140331,1600,140.81,141.12,140.81,141.12
1140401,1600,141.0,142.56,141.0,142.56
1140402,1600,143.47,143.74,143.42,143.74
1140403,1600,143.94,144.89,143.89,143.89
1140404,1600,141.34,141.34,141.34,141.34
1140407,1600,139.64,139.64,138.3,138.85
1140408,1600,138.07,138.34,137.61,138.34
1140409,1600,139.03,139.51,139.03,139.23
1140410,1600,140.62,140.62,137.58,137.58
1140411,1600,135.74,135.92,134.83,135.92
1140414,1600,134.98,136.48,134.98,136.48
1140415,1600,135.56,136.32,135.21,135.21
1140416,1600,137.05,137.4,136.89,137.1
1140417,1600,137.01,138.11,137.01,137.93
1140422,1600,140.63,140.63,140.63,140.63
1140423,1600,139.45,139.59,139.45,139.59
1140424,1600,140.19,141.37,140.19,140.45
1140425,1600,138.93,138.93,138.53,138.53
1140428,1600,138.47,138.47,137.92,137.92
1140429,1600,139.05,139.36,139.05,139.36
1140430,1600,139.08,139.08,139.08,139.08
1140502,1600,140.08,140.08,140.08,140.08
1140505,1600,139.93,139.93,139.93,139.93
1140506,1600,140.34,140.34,139.04,139.04
1140507,1600,136.61,136.81,136.38,136.81
1140508,1600,137.65,139.7,136.7,139.7
1140509,1600,138.82,138.82,138.82,138.82
1140512,1600,139.81,141.63,139.81,141.63
1140513,1600,142.11,142.6,142.11,142.6
1140514,1600,142.2,142.53,142.18,142.21
1140515,1600,142.52,142.52,140.24,140.24
1140516,1600,140.54,140.54,140.54,140.54
1140519,1600,141.27,142.47,141.27,142.47
1140520,1600,142.77,142.95,142.77,142.89
1140521,1600,143.22,143.22,143.22,143.22
1140522,1600,143.89,144.85,143.89,144.85
1140523,1600,145.14,145.45,145.14,145.45
1140526,1600,146.24,146.27,146.21,146.27
1140527,1600,146.25,147.43,146.25,147.18
1140528,1600,147.97,148.22,147.78,148.17
1140529,1600,148.1,148.2,148.1,148.2
1140530,1600,148.49,148.5,148.29,148.29
1140602,1600,148.61,148.7,148.18,148.37
1140603,1600,148.31,148.31,147.67,147.89
1140604,1600,148.3,148.7,147.86,148.7
1140605,1600,148.92,149.72,148.67,149.43
1140606,1600,149.9,150.43,149.85,150.43
1140609,1600,150.5,151.34,150.5,151.34
1140610,1600,151.84,152.0,151.43,151.76
1140611,1600,151.77,152.09,151.25,151.94
1140612,1600,151.95,151.95,151.26,151.26
1140613,1600,150.58,150.99,150.53,150.99
1140616,1600,151.97,151.97,150.09,150.09
1140617,1600,151.4,151.42,150.99,150.99
1140618,1600,151.66,151.66,150.63,150.63
1140619,1600,151.26,151.26,150.88,150.88
1140620,1600,151.68,151.69,151.43,151.43
1140623,1600,151.34,151.34,150.99,151.14
1140624,1600,151.5,152.74,151.23,152.74
1140625,1600,150.88,151.32,150.63,151.32
1140626,1600,151.72,151.86,151.72,151.86
1140627,1600,151.9,152.1,151.53,152.1
1140630,1600,152.21,152.38,152.21,152.38
1140701,1600,152.51,153.99,152.5,153.99
1140702,1600,154.59,154.79,154.5,154.62
1140703,1600,154.77,155.7,154.77,155.7
1140704,1600,156.5,156.96,156.1,156.1
1140707,1600,155.72,155.89,155.64,155.64
1140708,1600,153.46,153.46,153.46,153.46
1140709,1600,153.89,154.14,153.89,154.14
1140710,1600,153.49,154.3,153.47,154.3
1140711,1600,154.51,155.02,154.51,155.02
1140714,1600,156.26,156.26,155.92,156.22
1140715,1600,156.3,156.32,155.87,155.87
1140716,1600,156.6,157.41,156.6,157.29
1140717,1600,157.3,157.3,156.41,156.41
1140718,1600,155.44,157.12,155.44,156.91
1140721,1600,157.98,157.98,157.23,157.23
1140722,1600,158.34,159.23,158.34,159.23
1140723,1600,159.4,160.49,159.4,160.27
1140724,1600,160.17,160.44,160.17,160.44
1140725,1600,159.73,159.92,159.28,159.28
1140728,1600,159.46,159.8,158.98,159.61
1140729,1600,159.46,160.05,159.46,159.74
1140730,1600,160.65,161.5,160.55,160.66
1140731,1600,159.56,159.56,158.1,158.1
1140801,1600,156.64,157.05,155.83,156.29
1140804,1600,155.42,157.44,155.42,157.04
1140805,1600,157.69,157.73,157.69,157.73
1140806,1600,157.03,157.71,156.33,157.71
1140807,1600,157.41,157.5,157.41,157.5
1140808,1600,156.1,156.23,156.1,156.23
1140811,1600,157.83,158.61,157.64,158.61
1140812,1600,158.88,158.88,158.07,158.07
1140813,1600,158.95,160.07,158.95,160.07
1140814,1600,160.61,160.61,160.23,160.23
1140815,1600,161.43,161.77,160.45,160.45
1140818,1600,162.3,163.0,162.3,163.0
1140819,1600,163.5,164.04,163.46,164.04
1140820,1600,164.96,164.96,164.41,164.88
1140821,1600,165.0,165.27,164.7,165.07
1140822,1600,165.0,166.15,165.0,166.15
1140825,1600,167.5,167.52,165.77,167.37
1140826,1600,167.56,167.56,167.14,167.37
1140827,1600,168.32,168.32,167.2,167.3
1140828,1600,167.04,167.24,167.04,167.24
1140829,1600,167.81,168.3,167.58,168.3
1140901,1600,168.22,168.58,168.21,168.58
1140902,1600,169.19,169.19,168.93,168.93
1140903,1600,169.31,170.07,168.26,168.26
1140904,1600,168.1,170.99,167.42,170.99
1140905,1600,171.69,171.69,169.42,169.84
1140908,1600,171.77,171.91,170.77,171.78
1140909,1600,172.39,172.39,171.55,171.55
1140910,1600,170.93,171.05,170.05,171.05
1140911,1600,171.58,171.59,170.46,171.04
1140912,1600,171.64,171.74,170.72,170.76
1140915,1600,170.49,170.59,168.89,168.89
1140916,1600,168.47,169.24,168.18,169.24
1140917,1600,170.0,170.07,169.76,170.07
1140918,1600,171.95,171.96,171.95,171.95
1140919,1600,173.11,173.8,173.11,173.14
1140922,1600,172.6,172.6,171.49,171.55
1140923,1600,170.38,171.28,170.02,171.28
1140924,1600,170.43,172.97,170.43,172.97
1140925,1600,174.68,174.68,171.44,171.44
1140926,1600,170.94,171.49,170.93,171.49
1140929,1600,172.68,172.72,171.6,172.72
1140930,1600,174.0,175.16,173.56,174.82
1141001,1600,174.18,174.18,171.74,172.6
1141002,1600,171.1,172.88,169.41,169.41
1141006,1600,174.8,174.8,173.49,173.49
1141007,1600,171.7,172.44,171.11,171.11
1141008,1600,170.06,170.28,169.52,169.52
1141009,1600,172.1,172.25,171.14,172.25
1141010,1600,169.57,169.7,168.18,168.18
1141013,1600,163.94,165.68,162.98,165.1
1141014,1600,163.02,165.0,163.01,164.59
1141015,1600,163.37,163.38,159.0,159.63
1141016,1600,159.69,159.69,156.79,159.54
1141017,1600,158.93,163.23,158.93,163.23
1141020,1600,164.41,164.41,162.63,162.85
1141021,1600,163.28,168.07,163.28,168.07
1141022,1600,169.69,170.83,169.69,170.83
1141023,1600,170.14,172.44,170.14,172.17
1141024,1600,171.78,172.49,170.96,172.16
1141027,1600,173.95,173.95,172.18,172.36
1141028,1600,173.85,173.89,173.55,173.59
1141029,1600,174.3,174.64,173.77,173.77
1141030,1600,176.18,176.51,175.31,175.67
1141031,1600,179.5,179.59,179.36,179.59
1141103,1600,180.25,181.17,179.83,181.02
1141104,1600,180.2,180.84,178.8,178.8
1141105,1600,180.84,181.38,180.02,180.59
1141106,1600,179.67,181.5,179.5,181.5
1141107,1600,182.79,183.01,181.65,181.65
1141110,1600,180.62,182.43,180.62,182.43
1141111,1600,182.86,182.86,182.23,182.23
1141112,1600,180.85,182.47,180.85,182.47
1141113,1600,183.57,183.87,183.0,183.0
1141114,1600,183.6,184.27,182.82,183.48
1141117,1600,182.46,183.48,182.46,182.71
1141118,1600,183.18,183.23,182.6,183.23
1141119,1600,183.35,183.65,182.29,182.29
1141120,1600,182.56,183.87,182.09,183.87
1141121,1600,185.53,187.29,185.53,186.35
1141124,1600,186.23,186.42,186.23,186.41
1141125,1600,187.27,187.65,186.76,186.76
1141126,1600,186.94,187.31,186.47,186.9
1141127,1600,187.7,188.37,187.63,188.27
1141128,1600,188.97,189.73,188.25,189.73
1141201,1600,189.17,189.17,186.62,186.62
1141202,1600,187.29,188.33,187.29,188.33
1141203,1600,188.95,189.8,188.95,189.75
1141204,1600,190.5,190.5,187.84,187.84
1141205,1600,189.25,190.43,189.25,190.43
1141208,1600,190.61,190.8,190.0,190.25
1141209,1600,187.34,187.62,184.16,185.96
1141210,1600,188.08,188.36,186.11,186.62
1141211,1600,184.36,188.1,184.36,188.08
1141212,1600,184.11,184.53,183.15,184.21
1141215,1600,183.6,184.62,181.28,181.28
1141216,1600,180.88,181.83,178.11,181.83
1141217,1600,178.62,180.09,178.42,180.09
1141218,1600,184.19,187.31,184.19,186.71
1141219,1600,189.85,190.25,188.87,190.25
1141222,1600,189.92,190.29,189.57,190.07
1141223,1600,190.56,191.5,190.56,191.17
1141229,1600,192.55,192.55,191.59,192.5
1141230,1600,192.16,192.59,192.16,192.44
1150102,1600,191.89,193.0,190.6,190.6
1150105,1600,191.23,192.0,190.29,190.29
1150106,1600,189.64,190.43,187.66,187.66
1150107,1600,188.42,191.07,188.42,190.57
1150108,1600,192.44,195.38,192.36,194.93
1150109,1600,196.13,196.13,192.32,193.06
1150112,1600,193.28,194.92,191.28,192.23
1150113,1600,191.42,196.19,191.42,195.5
1150114,1600,190.99,192.56,189.0,190.0
1150115,1600,193.11,194.12,192.0,193.03
1150116,1600,190.4,193.83,190.18,193.44
1150119,1600,194.17,194.17,192.91,193.35
1150120,1600,194.91,194.98,193.79,194.08
1150121,1600,196.09,197.15,194.03,196.84
1150122,1600,197.06,201.49,195.93,201.49
1150123,1600,204.3,208.03,204.3,206.06
1150126,1600,206.55,206.6,205.18,205.18
1150127,1600,206.36,206.36,197.72,199.56
1150128,1600,202.33,202.85,200.33,200.9
1150129,1600,198.68,198.84,196.5,198.11
1150130,1600,200.47,202.06,199.94,200.99
1150202,1600,199.31,199.55,197.43,199.55
1150203,1600,201.24,201.4,197.93,197.93
1150204,1600,199.73,201.52,199.56,201.52
1150205,1600,201.07,202.03,200.49,202.03
1150206,1600,202.09,204.36,201.9,204.36
1150209,1600,202.09,202.76,201.6,202.76
1150210,1600,202.51,204.34,202.51,204.34
1150211,1600,205.31,206.62,205.31,206.6
1150212,1600,206.68,207.24,206.36,206.42
1150213,1600,207.41,207.91,207.4,207.66
1150216,1600,208.38,209.41,208.31,209.41
1150217,1600,209.43,209.43,208.45,209.05
1150218,1600,209.25,209.86,209.25,209.86
1150219,1600,208.63,210.67,208.26,210.67
1150220,1600,211.44,212.65,211.44,211.45
1150223,1600,212.7,213.46,212.58,213.0
1150224,1600,213.69,213.83,213.37,213.66
1150225,1600,212.69,213.17,212.51,213.17
1150226,1600,212.87,216.11,212.71,216.11
1150227,1600,216.34,216.77,215.62,216.01
1150302,1600,216.55,217.63,215.32,217.63
1150303,1600,217.49,218.0,215.66,215.66
1150304,1600,217.33,218.32,216.59,218.32
1150305,1600,218.75,219.87,218.7,219.68
1150306,1600,219.69,222.79,219.69,221.06
1150309,1600,220.11,220.88,219.52,220.49
1150310,1600,221.72,222.36,220.1,220.29
1150311,1600,222.43,223.5,222.28,222.29
1150312,1600,220.92,221.88,220.34,221.88
1150313,1600,221.84,224.34,221.84,222.43
1150316,1600,222.85,224.15,222.52,223.48
1150317,1600,223.69,224.07,223.15,224.07
1150318,1600,224.53,224.76,222.91,222.91
1150319,1600,225.74,226.73,225.74,226.33
1150320,1600,226.54,226.6,224.12,224.12
1150323,1600,224.74,224.74,221.69,221.77
1150324,1600,220.36,221.92,220.21,221.92
1150325,1600,220.64,220.64,216.13,216.13
1150326,1600,212.02,215.19,210.89,215.1
1150327,1600,217.51,217.51,215.58,215.58
1150330,1600,219.56,219.77,219.16,219.73
1150331,1600,220.71,221.77,220.71,221.01
1150401,1600,219.85,219.85,217.1,217.2
1150402,1600,216.42,217.11,216.1,216.22
1150407,1600,216.96,219.19,216.96,219.19
1150408,1600,217.19,220.07,217.18,220.07
1150409,1600,220.92,222.64,220.92,222.43
1150410,1600,225.5,226.7,225.4,226.43
1150413,1600,226.82,228.16,226.82,228.16
1150414,1600,226.82,226.82,223.34,223.73
1150415,1600,224.92,226.93,224.92,225.95
1150416,1600,225.87,225.87,223.3,224.12
1150417,1600,222.89,222.89,219.47,219.58
1150420,1600,220.48,223.26,220.48,223.26
1150421,1600,226.19,226.19,224.47,224.47
1150422,1600,224.74,225.52,222.55,225.52
1150423,1600,227.26,227.26,224.26,224.6
1150424,1600,225.78,227.45,224.85,227.15
1150427,1600,228.49,228.65,227.2,227.2
1150428,1600,226.51,226.51,224.05,224.29
1150429,1600,223.34,223.34,219.17,219.17
1150430,1600,217.97,218.87,215.76,216.59
1150504,1600,218.06,219.03,217.88,219.03
1150505,1600,219.47,220.37,214.74,214.74
1150506,1600,213.22,213.41,210.37,210.74
1150507,1600,209.05,212.72,207.53,212.18
1150508,1600,213.82,216.29,213.82,216.23
1150511,1600,216.62,217.77,216.62,217.27
1150512,1600,215.67,215.67,212.4,214.28
1150513,1600,212.74,213.29,212.41,212.41
1150514,1600,212.74,214.63,212.71,214.63
1150515,1600,215.0,216.13,213.8,213.8
1150518,1600,213.67,216.29,213.52,216.29
1150519,1600,220.43,220.73,220.02,220.45
1150520,1600,221.93,221.93,220.19,221.16
1150521,1600,220.65,221.75,219.35,221.75
1150522,1600,221.64,224.45,220.6,223.59
1150526,1600,226.38,226.38,224.0,224.06
1150527,1600,224.0,226.44,224.0,226.18
1150528,1600,226.05,227.17,226.0,226.58
1150529,1600,224.47,225.6,223.82,223.82
1150601,1600,224.97,226.2,223.82,225.16
1150602,1600,223.32,223.61,219.48,220.77
1150603,1600,220.52,222.26,218.92,219.15
1150604,1600,218.02,218.35,217.54,217.54
1150605,1600,217.39,219.93,217.39,219.65
1150608,1600,218.88,218.88,216.22,216.22
1150609,1600,213.19,213.84,213.19,213.71
1150610,1600,213.51,216.15,213.43,216.15
1150611,1600,216.61,218.28,216.6,217.87
1150612,1600,217.08,217.35,215.55,215.55
1150615,1600,215.65,215.65,213.4,214.02
1150616,1600,213.73,215.46,213.38,215.46
1150617,1600,216.13,216.16,215.98,215.98
1150618,1600,214.38,216.5,213.29,216.5
1150619,1600,218.55,219.09,217.76,217.76
1150622,1600,217.23,218.92,217.23,218.11
1150623,1600,220.63,222.55,220.53,221.03
1150624,1600,221.5,222.29,220.6,221.77
1150625,1600,220.53,221.61,220.53,221.04
1150626,1600,219.46,219.84,219.41,219.84
1150629,1600,217.54,218.72,215.57,215.57
1150630,1600,214.41,215.59,213.86,214.88
1150701,1600,216.34,218.55,216.34,217.62
1150702,1600,218.24,218.24,217.23,217.23
1150703,1600,217.75,217.89,217.33,217.33
1150706,1600,216.72,217.83,216.24,217.79
1150707,1600,220.8,220.8,216.21,216.21
1150708,1600,217.83,217.83,215.1,215.36
1150709,1600,216.77,217.54,216.77,216.91
1150710,1600,215.91,215.99,214.68,215.99
1150713,1600,216.47,221.66,216.47,221.66
1150714,1600,223.07,224.02,222.21,224.02
1150715,1600,224.15,225.87,224.15,225.87
1150716,1600,228.0,229.12,227.91,229.12
1150717,1600,231.19,233.21,231.19,233.21
1150720,1600,234.23,235.0,234.05,234.71
1150721,1600,236.1,236.1,233.01,233.01
1150722,1600,230.5,232.07,230.41,231.21
1150723,1600,229.75,230.08,229.75,229.84
1150724,1600,230.14,230.14,228.73,228.81
1150727,1600,223.87,223.87,221.98,221.98
1150728,1600,223.69,224.88,223.59,223.59
1150729,1600,225.65,225.94,225.14,225.89
1150730,1600,227.65,228.3,226.92,228.3
1150731,1600,228.97,229.82,227.2,227.2
1150803,1600,227.29,228.65,227.29,228.65
1150804,1600,227.87,227.87,226.79,226.79
1150805,1600,229.46,232.3,229.12,232.3
1150806,1600,229.58,230.28,225.9,225.9
1150807,1600,225.9,226.73,223.65,223.65
1150810,1600,225.26,226.68,225.26,226.68
1150811,1600,227.08,227.08,223.05,223.05
1150812,1600,220.9,220.9,216.65,217.56
1150813,1600,223.53,223.53,221.93,221.98
1150814,1600,220.96,221.31,219.9,221.1
1150817,1600,222.93,223.89,221.51,223.89
1150818,1600,224.52,225.52,224.51,225.15
1150819,1600,223.86,224.0,221.54,221.56
1150820,1600,220.55,220.55,215.48,215.48
1150821,1600,210.44,211.48,205.42,205.42
1150824,1600,192.41,194.7,185.07,192.48
1150825,1600,192.19,200.7,192.19,200.12
1150826,1600,192.93,198.93,192.93,195.22
1150827,1600,205.63,208.63,205.23,208.63
1150828,1600,209.6,211.32,207.97,211.32
1150831,1600,210.0,210.21,208.61,209.52
1150901,1600,202.87,204.97,201.27,204.1
1150902,1600,202.67,203.38,202.46,203.38
1150903,1600,207.33,210.29,207.33,210.29
1150904,1600,206.52,206.52,205.0,205.32
1150907,1600,207.93,207.93,206.06,206.13
1150908,1600,208.32,209.17,207.72,208.17
1150909,1600,213.33,213.33,210.5,211.03
1150910,1600,208.21,209.64,207.46,207.46
1150911,1600,207.46,207.46,206.05,206.25
1150914,1600,207.84,209.25,207.34,207.34
1150915,1600,208.3,210.35,208.04,210.35
1150916,1600,211.45,211.45,210.8,211.03
1150917,1600,211.0,211.85,211.0,211.73
1150918,1600,209.57,209.57,206.75,208.95
1150921,1600,208.6,212.98,208.47,212.12
1150922,1600,210.23,210.5,207.96,207.98
1150923,1600,209.8,210.68,208.1,208.97
1150924,1600,207.45,208.38,203.56,203.64
1150925,1600,209.6,211.84,208.7,209.0
1150928,1600,207.41,207.41,201.3,201.3
1150929,1600,199.4,201.0,199.0,199.73
1150930,1600,200.96,203.47,200.96,203.47
1151001,1600,207.24,207.24,201.43,202.45
1151002,1600,205.92,206.21,199.99,203.0
1151005,1600,208.71,209.62,207.92,209.62
1151006,1600,210.13,210.36,208.02,208.02
1151007,1600,210.0,210.79,208.03,208.03
1151008,1600,208.0,209.37,207.98,207.98
1151009,1600,209.66,209.8,209.27,209.71
1151012,1600,210.24,210.61,209.57,210.61
1151013,1600,210.35,210.85,208.77,210.59
1151014,1600,207.56,208.27,206.98,206.98
1151015,1600,207.81,210.13,207.81,209.6
1151016,1600,212.64,213.06,212.34,213.06
1151019,1600,213.63,215.01,213.3,215.01
1151020,1600,215.12,215.12,213.94,213.94
1151021,1600,214.13,214.42,214.13,214.42
1151022,1600,213.12,219.18,213.12,219.18
1151023,1600,225.35,229.05,224.9,228.44
1151026,1600,229.0,230.75,227.84,228.78
1151027,1600,228.23,229.08,228.23,228.74
1151028,1600,230.22,230.22,228.95,229.46
1151029,1600,232.68,233.23,232.01,232.61
1151030,1600,231.7,231.7,230.5,231.36
1151102,1600,229.19,231.96,229.19,231.96
1151103,1600,232.89,234.84,232.89,234.84
1151104,1600,236.01,237.3,235.96,236.43
1151105,1600,237.3,237.59,235.62,235.62
1151106,1600,236.05,239.4,235.83,238.72
1151109,1600,238.8,238.8,234.93,234.93
1151110,1600,236.22,237.0,236.14,236.58
1151111,1600,236.32,238.01,235.82,236.47
1151112,1600,235.82,237.74,234.52,234.52
1151113,1600,232.92,233.05,230.46,231.04
1151116,1600,228.23,230.27,228.23,229.42
1151117,1600,233.82,235.93,233.82,235.93
1151118,1600,234.2,236.92,233.42,236.92
1151119,1600,238.88,240.18,237.09,237.09
1151120,1600,238.97,240.48,238.39,240.48
1151123,1600,241.18,241.9,240.75,241.83
1151124,1600,240.3,240.3,237.93,239.05
1151125,1600,239.42,241.58,239.42,240.87
1151126,1600,241.65,242.17,241.59,242.17
1151127,1600,240.75,242.49,240.75,242.03
1151130,1600,241.35,242.96,241.35,241.56
1151201,1600,242.48,242.48,241.43,241.74
1151202,1600,243.04,244.98,243.04,244.28
1151203,1600,244.14,244.83,234.37,234.37
1151204,1600,232.88,234.9,231.1,234.9
1151207,1600,236.99,239.26,236.0,236.0
1151208,1600,235.5,235.56,233.49,235.55
1151209,1600,235.4,235.4,232.15,232.15
1151210,1600,230.21,232.26,229.99,231.96
1151211,1600,232.14,232.14,226.83,226.83
1151214,1600,227.64,228.68,222.33,222.33
1151215,1600,228.12,231.38,227.92,230.99
1151216,1600,231.42,231.58,230.05,230.08
1151217,1600,234.66,236.47,233.65,233.9
1151218,1600,230.53,232.19,229.22,230.03
1151221,1600,227.75,229.46,226.23,226.23
1151222,1600,227.95,228.48,227.51,227.76
1151223,1600,230.55,231.68,230.5,231.68
1151228,1600,230.36,230.36,228.26,228.36
1151229,1600,231.1,234.9,231.1,234.9
1151230,1600,234.25,235.08,234.25,234.53
1160104,1600,227.24,227.24,224.84,225.85
1160105,1600,228.31,230.02,227.53,229.46
1160106,1600,226.29,226.83,224.3,226.83
1160107,1600,222.02,222.02,217.57,220.61
1160108,1600,218.64,219.05,214.87,214.87
1160111,1600,214.6,216.19,213.76,213.76
1160112,1600,214.94,218.92,214.94,217.18
1160113,1600,220.71,220.89,218.06,218.06
1160114,1600,212.29,213.15,208.44,211.99
1160115,1600,211.67,211.67,206.11,206.55
1160118,1600,209.06,209.57,207.74,208.11
1160119,1600,211.4,211.94,208.81,208.81
1160120,1600,203.95,204.1,201.7,203.43
1160121,1600,206.59,211.77,206.59,210.28
1160122,1600,211.47,214.52,211.47,213.86
1160125,1600,214.44,214.44,213.52,214.21
1160126,1600,209.39,213.4,209.39,212.73
1160127,1600,211.33,211.33,210.15,211.04
1160128,1600,210.27,210.29,206.37,207.32
1160129,1600,211.0,213.9,210.1,213.9
1160201,1600,214.72,214.8,213.31,214.8
1160202,1600,213.83,213.99,212.96,213.31
1160203,1600,210.32,211.46,203.18,204.26
1160204,1600,206.71,206.8,203.35,203.35
1160205,1600,202.95,203.61,199.14,199.34
1160208,1600,198.32,198.32,191.7,191.7
1160209,1600,193.74,194.41,189.81,191.25
1160210,1600,191.56,197.72,191.56,195.0
1160211,1600,191.6,191.6,187.4,188.04
1160212,1600,193.74,195.89,192.81,195.89
1160215,1600,198.42,200.47,198.42,200.36
1160216,1600,201.35,201.35,199.14,200.04
1160217,1600,203.67,205.31,203.5,205.31
1160218,1600,206.8,208.59,205.9,206.12
1160219,1600,204.77,205.23,204.77,205.23
1160222,1600,207.84,209.75,207.84,209.75
1160223,1600,209.06,209.56,207.44,207.45
1160224,1600,207.45,207.45,203.62,203.86
1160225,1600,208.3,209.16,208.3,208.5
1160226,1600,211.96,213.58,211.96,212.95
1160229,1600,209.41,214.8,209.41,214.8
1160301,1600,212.51,216.68,212.51,216.68
1160302,1600,218.9,219.37,218.16,218.16
1160303,1600,218.55,218.75,214.81,214.81
1160304,1600,214.08,215.75,214.08,215.75
1160307,1600,215.29,215.75,214.79,215.09
1160308,1600,212.95,212.95,211.58,212.47
1160309,1600,214.0,214.5,212.98,212.98
1160310,1600,218.74,219.59,208.82,208.82
1160311,1600,214.22,214.22,212.1,212.77
1160314,1600,214.08,215.67,213.97,215.67
1160315,1600,214.05,215.33,214.05,215.1
1160316,1600,216.38,216.75,216.38,216.61
1160317,1600,211.38,213.29,211.38,213.29
1160318,1600,213.9,214.44,213.9,214.32
1160321,1600,213.72,215.06,213.7,215.06
1160322,1600,215.07,216.76,214.98,216.76
1160323,1600,217.67,217.68,216.03,216.64
1160324,1600,214.83,216.06,214.83,215.17
1160329,1600,216.48,216.48,214.38,216.09
1160330,1600,217.1,218.0,217.03,217.03
1160331,1600,216.13,216.54,215.9,216.22
1160401,1600,214.8,217.42,214.52,217.42
1160404,1600,218.48,219.21,217.38,217.38
1160405,1600,216.58,216.58,215.5,215.5
1160406,1600,216.72,216.99,216.72,216.99
1160407,1600,217.56,217.56,216.3,216.3
1160408,1600,217.28,217.37,215.24,215.24
1160411,1600,214.69,216.37,214.3,215.03
1160412,1600,213.81,215.61,213.8,215.61
1160413,1600,221.17,221.17,221.17,221.17
1160414,1600,221.7,221.92,221.41,221.92
1160415,1600,221.74,221.74,221.0,221.0
1160418,1600,219.8,220.52,219.8,220.26
1160419,1600,220.9,221.66,218.89,218.89
1160420,1600,218.79,220.58,218.1,220.58
1160421,1600,220.69,220.69,219.63,220.64
1160422,1600,218.51,219.09,217.15,217.15
1160425,1600,218.39,218.39,216.59,216.76
1160426,1600,218.09,218.09,215.91,215.91
1160427,1600,214.05,214.05,213.28,213.28
1160428,1600,215.22,215.22,215.17,215.17
1160429,1600,210.82,210.82,206.3,206.3
1160502,1600,207.45,207.45,206.94,206.94
1160503,1600,207.34,207.34,205.24,206.25
1160504,1600,206.47,206.47,205.49,205.49
1160505,1600,207.11,208.2,206.96,208.05
1160506,1600,206.07,206.07,206.07,206.07
1160509,1600,208.79,208.79,208.77,208.77
1160510,1600,209.92,210.97,209.92,210.97
1160511,1600,211.15,211.15,210.53,210.53
1160512,1600,208.46,208.46,208.24,208.24
1160513,1600,208.53,211.82,208.53,211.82
1160517,1600,212.84,212.84,211.11,211.11
1160518,1600,210.17,211.66,209.61,211.66
1160519,1600,211.42,211.82,210.13,210.13
1160520,1600,212.31,214.52,212.31,214.52
1160523,1600,213.54,214.04,213.54,214.04
1160524,1600,213.48,218.14,213.48,218.14
1160525,1600,219.9,220.43,219.52,219.94
1160526,1600,219.59,220.19,219.59,220.19
1160527,1600,220.56,222.5,220.56,222.5
1160530,1600,222.85,222.92,222.85,222.92
1160531,1600,222.45,222.67,221.94,222.67
1160601,1600,223.23,223.23,221.49,221.85
1160602,1600,221.27,221.85,221.23,221.85
1160603,1600,222.86,223.25,217.5,217.87
1160606,1600,218.73,218.73,218.41,218.62
1160607,1600,218.89,219.39,218.89,218.93
1160608,1600,218.02,218.02,217.22,217.82
1160609,1600,217.68,218.47,217.67,218.47
1160610,1600,217.51,217.78,217.51,217.76
1160613,1600,216.33,216.49,216.01,216.01
1160614,1600,216.08,216.72,215.56,215.56
1160615,1600,216.6,216.96,215.8,215.8
1160616,1600,213.45,215.71,213.45,215.71
1160617,1600,215.99,216.14,212.93,212.93
1160620,1600,213.88,215.73,213.88,215.59
1160621,1600,213.76,215.48,213.76,214.69
1160622,1600,214.4,215.8,214.4,215.8
1160623,1600,214.78,214.78,214.78,214.78
1160624,1600,210.47,214.23,210.47,213.75
1160627,1600,212.13,212.13,209.34,209.34
1160628,1600,210.1,211.77,209.65,211.35
1160629,1600,213.61,215.18,213.61,215.18
1160630,1600,215.4,217.42,215.4,217.42
1160701,1600,217.4,218.92,217.4,218.92
1160704,1600,219.83,219.83,218.69,218.69
1160705,1600,218.59,218.59,216.67,217.9
1160706,1600,218.07,219.3,216.93,219.3
1160707,1600,221.14,221.14,221.02,221.02
1160708,1600,221.21,224.51,221.21,224.51
1160711,1600,226.12,226.88,225.97,226.88
1160712,1600,226.24,227.47,226.1,227.47
1160713,1600,227.39,227.4,225.96,225.96
1160714,1600,227.21,227.58,227.03,227.03
1160715,1600,226.51,228.39,226.25,227.8
1160718,1600,228.12,229.22,228.05,229.08
1160719,1600,228.62,230.12,228.61,229.83
1160720,1600,231.0,232.38,230.56,232.38
1160721,1600,231.63,232.49,231.63,232.49
1160722,1600,232.2,233.25,232.2,233.25
1160725,1600,233.19,233.21,232.99,233.14
1160726,1600,232.79,234.05,232.57,233.01
1160727,1600,234.56,234.87,234.56,234.84
1160728,1600,233.44,233.44,232.98,232.98
1160729,1600,233.93,233.93,232.94,232.94
1160801,1600,233.32,234.06,232.8,234.06
1160802,1600,232.44,232.81,230.16,230.16
1160803,1600,230.98,232.35,230.98,231.77
1160804,1600,233.36,234.18,233.29,233.99
1160805,1600,234.64,238.24,234.35,238.15
1160808,1600,237.68,238.19,237.09,237.09
1160809,1600,237.25,237.75,237.04,237.7
1160810,1600,236.14,236.14,234.82,234.82
1160811,1600,235.89,237.09,235.89,236.5
1160812,1600,236.61,236.84,235.42,236.09
1160815,1600,236.87,237.32,236.82,237.32
1160816,1600,235.76,235.76,234.21,234.21
1160817,1600,234.48,234.48,232.95,232.95
1160818,1600,233.33,233.56,233.18,233.36
1160819,1600,232.92,233.73,232.75,233.73
1160822,1600,234.02,234.02,232.91,232.91
1160823,1600,234.15,234.4,234.0,234.4
1160824,1600,234.41,235.06,234.41,235.06
1160825,1600,233.62,233.62,232.74,233.46
1160826,1600,232.77,235.03,232.76,235.03
1160829,1600,234.97,235.91,234.91,235.86
1160830,1600,235.58,235.69,235.37,235.37
1160831,1600,235.67,235.84,235.15,235.15
1160901,1600,236.2,236.2,233.69,234.0
1160902,1600,235.15,236.61,235.15,236.61
1160905,1600,236.5,236.5,236.19,236.19
1160906,1600,236.39,237.1,235.07,235.53
1160907,1600,236.3,236.51,236.07,236.07
1160908,1600,236.0,236.1,233.76,234.7
1160909,1600,233.46,233.49,232.69,232.69
1160912,1600,227.32,231.45,226.8,231.45
1160913,1600,232.17,232.27,230.31,230.31
1160914,1600,231.86,232.38,231.7,232.33
1160915,1600,232.1,235.14,232.1,235.14
1160916,1600,235.51,237.22,235.51,236.84
1160919,1600,238.13,238.48,236.95,237.43
1160920,1600,236.14,236.92,235.96,236.71
1160921,1600,238.04,238.1,237.23,237.23
1160922,1600,237.49,239.18,237.49,239.18
1160923,1600,239.95,240.0,239.1,239.15
1160926,1600,237.01,237.01,235.12,235.12
1160927,1600,236.29,238.29,236.23,238.29
1160928,1600,238.72,238.88,238.46,238.46
1160929,1600,238.74,238.99,237.35,237.35
1160930,1600,237.45,238.82,237.45,238.76
1161004,1600,239.93,241.01,239.93,240.5
1161005,1600,238.25,239.77,238.25,239.77
1161006,1600,239.97,239.97,239.39,239.39
1161007,1600,240.34,240.97,239.16,239.6
1161010,1600,240.02,241.73,239.84,241.73
1161011,1600,241.85,242.87,240.61,240.61
1161012,1600,240.11,241.15,240.08,241.15
1161013,1600,239.34,239.35,237.95,238.51
1161014,1600,239.77,241.3,239.77,241.3
1161017,1600,240.3,240.3,240.05,240.25
1161018,1600,240.94,242.65,240.94,242.65
1161019,1600,241.39,242.61,241.39,242.61
1161020,1600,242.9,243.06,242.59,242.59
1161021,1600,244.68,245.33,244.68,245.33
1161024,1600,245.95,247.74,245.95,247.74
1161025,1600,248.82,248.82,247.58,247.58
1161026,1600,245.13,245.77,245.0,245.77
1161027,1600,245.03,245.03,244.6,244.6
1161028,1600,242.48,243.55,242.42,243.55
1161031,1600,242.42,242.42,241.71,241.86
1161101,1600,241.31,241.31,237.69,237.69
1161102,1600,235.98,236.55,234.94,234.94
1161103,1600,233.3,235.17,232.97,232.97
1161104,1600,231.91,232.2,231.39,232.14
1161107,1600,235.64,237.91,235.26,237.91
1161108,1600,237.76,238.99,237.22,238.99
1161109,1600,231.76,242.69,231.01,242.69
1161110,1600,244.85,246.7,239.33,239.33
1161111,1600,238.78,240.33,237.92,240.33
1161114,1600,243.84,243.84,241.49,241.49
1161115,1600,240.06,244.48,240.05,244.31
1161116,1600,245.13,247.26,243.84,247.26
1161117,1600,246.45,248.59,246.03,248.59
1161118,1600,250.94,251.05,250.01,250.17
1161121,1600,249.83,251.78,249.25,251.78
1161122,1600,253.33,253.6,252.25,252.25
1161123,1600,253.66,253.66,252.08,252.08
1161124,1600,252.87,253.16,252.69,253.16
1161125,1600,252.26,252.88,252.0,252.88
1161128,1600,251.31,253.31,250.36,253.31
1161129,1600,253.27,253.77,253.27,253.77
1161130,1600,252.81,253.75,252.16,252.64
1161201,1600,249.45,250.21,246.44,246.44
1161202,1600,243.9,245.34,243.21,245.34
1161205,1600,246.48,246.8,244.11,245.87
1161206,1600,244.69,245.6,244.69,245.06
1161207,1600,246.21,246.41,244.98,245.22
1161208,1600,248.4,252.71,247.46,252.32
1161209,1600,252.4,255.68,252.4,255.68
1161212,1600,254.62,254.62,252.58,253.37
1161213,1600,252.64,256.24,252.64,256.24
1161214,1600,255.41,256.22,255.24,255.24
1161215,1600,259.05,262.52,258.68,262.52
1161216,1600,260.27,260.87,259.85,259.85
1161219,1600,259.36,261.11,259.0,261.11
1161220,1600,261.84,263.36,261.84,262.69
1161221,1600,262.67,262.67,261.35,261.35
1161222,1600,260.58,260.82,259.35,259.83
1161223,1600,260.26,260.38,259.69,259.69
1161227,1600,261.01,263.0,260.4,262.27
1161228,1600,261.86,264.03,261.86,262.34
1161229,1600,259.56,259.56,258.17,258.17
1161230,1600,258.51,258.51,257.37,257.89
1170102,1600,255.0,259.19,255.0,257.93
1170103,1600,257.87,261.96,257.87,259.07
1170104,1600,260.11,260.12,259.41,259.45
1170105,1600,257.34,259.22,257.34,257.49
1170106,1600,258.61,260.67,257.94,260.67
1170109,1600,262.64,262.68,261.99,261.99
1170110,1600,261.34,262.87,261.13,262.87
1170111,1600,263.06,266.01,262.81,263.16
1170112,1600,260.92,261.17,258.88,258.88
1170113,1600,261.13,262.9,260.9,262.82
1170116,1600,262.21,263.34,262.21,262.85
1170117,1600,261.0,261.0,259.12,259.71
1170118,1600,260.88,260.88,260.15,260.34
1170119,1600,262.01,263.57,261.0,262.46
1170120,1600,261.14,262.99,261.14,261.59
1170123,1600,258.64,259.56,258.64,259.28
1170124,1600,259.91,260.37,259.87,260.37
1170125,1600,262.85,263.63,262.38,263.47
1170126,1600,265.1,266.63,265.1,266.63
1170127,1600,266.14,266.35,265.6,266.21
1170130,1600,265.73,265.73,263.47,263.47
1170131,1600,263.17,263.8,259.92,259.92
1170201,1600,262.56,263.42,262.47,263.08
1170202,1600,261.96,263.04,261.63,263.04
1170203,1600,263.74,264.15,263.34,263.34
1170206,1600,264.6,265.27,264.6,265.27
1170207,1600,266.74,268.05,266.74,267.53
1170208,1600,268.42,268.73,266.55,267.48
1170209,1600,268.1,269.9,267.7,269.9
1170210,1600,270.74,271.49,270.41,270.41
1170213,1600,271.29,273.22,271.0,273.22
1170214,1600,273.37,274.1,273.2,274.08
1170215,1600,275.54,276.11,275.26,275.4
1170216,1600,275.91,275.91,273.74,273.74
1170217,1600,274.45,275.51,274.0,275.51
1170220,1600,277.58,277.58,276.9,277.29
1170221,1600,278.29,280.14,278.29,279.24
1170222,1600,281.11,281.16,279.93,280.01
1170223,1600,279.7,280.33,277.8,277.8
1170224,1600,277.24,277.89,275.58,277.24
1170227,1600,278.78,279.02,277.27,277.27
1170228,1600,278.86,278.86,277.4,277.78
1170301,1600,279.94,281.47,279.94,281.19
1170302,1600,282.1,283.24,281.63,281.63
1170303,1600,280.89,280.89,279.55,280.09
1170306,1600,278.49,278.69,277.9,278.65
1170307,1600,278.95,279.46,278.95,279.29
1170308,1600,279.3,280.69,279.3,280.69
1170309,1600,280.51,280.56,279.3,279.86
1170310,1600,280.06,280.35,278.7,278.7
1170313,1600,277.97,278.9,277.97,278.9
1170314,1600,279.89,279.89,278.64,278.64
1170315,1600,279.67,280.03,279.33,279.92
1170316,1600,279.61,279.92,278.25,278.25
1170317,1600,277.55,278.27,277.45,278.27
1170320,1600,276.97,278.36,276.82,278.2
1170321,1600,277.93,277.93,273.88,273.88
1170322,1600,271.83,273.88,271.76,273.88
1170323,1600,274.2,275.15,273.99,275.15
1170324,1600,274.76,275.47,274.44,274.98
1170327,1600,270.5,272.08,269.87,272.08
1170328,1600,273.73,273.99,273.73,273.86
1170329,1600,276.87,278.06,276.32,278.0
1170330,1600,279.32,280.1,279.32,280.1
1170331,1600,280.43,281.07,280.1,281.07
1170403,1600,281.84,282.13,280.91,280.93
1170404,1600,280.99,281.37,280.49,281.14
1170405,1600,281.02,283.21,281.02,283.08
1170406,1600,280.41,281.61,280.41,281.61
1170407,1600,280.4,281.84,280.4,281.84
1170410,1600,283.02,283.02,282.35,282.35
1170411,1600,282.44,282.59,279.4,279.4
1170412,1600,280.5,280.86,279.36,279.36
1170413,1600,278.7,280.35,277.97,280.27
1170418,1600,279.84,279.84,277.57,277.57
1170419,1600,277.69,279.88,277.57,279.88
1170420,1600,277.92,278.3,277.5,278.05
1170421,1600,280.82,281.19,280.43,281.1
1170424,1600,280.04,280.15,279.5,279.51
1170425,1600,279.53,280.04,279.53,279.68
1170426,1600,280.54,282.17,280.54,282.16
1170427,1600,280.42,282.95,280.23,282.71
1170428,1600,283.47,283.5,282.25,282.49
1170502,1600,285.12,285.49,284.86,285.44
1170503,1600,284.48,284.81,284.16,284.23
1170504,1600,285.28,285.28,283.66,283.99
1170505,1600,282.76,283.85,282.32,282.32
1170508,1600,283.82,285.3,283.82,285.2
1170509,1600,286.49,288.31,286.1,288.1
1170510,1600,287.87,288.4,287.7,288.24
1170511,1600,288.02,288.03,286.93,287.3
1170512,1600,288.0,288.05,287.14,287.44
1170515,1600,287.78,287.84,286.24,286.72
1170516,1600,286.01,286.01,284.42,284.97
1170517,1600,283.13,284.17,278.97,279.23
1170518,1600,277.76,279.4,275.69,279.24
1170519,1600,279.56,279.81,279.14,279.59
1170522,1600,279.61,279.84,278.02,279.82
1170523,1600,280.35,281.23,280.16,280.53
1170524,1600,282.25,282.55,282.25,282.55
1170525,1600,283.22,284.31,283.22,284.27
1170526,1600,284.96,286.24,284.55,286.16
1170529,1600,286.9,286.9,286.54,286.59
1170530,1600,287.34,287.48,286.25,286.45
1170531,1600,286.61,286.73,284.25,284.25
1170601,1600,285.36,286.1,285.32,285.62
1170602,1600,287.67,288.01,286.0,287.02
1170606,1600,288.06,288.9,288.0,288.48
1170607,1600,287.6,289.3,287.6,288.57
1170608,1600,289.26,290.21,289.08,289.49
1170609,1600,290.82,291.49,290.13,290.13
1170612,1600,281.98,281.98,278.46,281.55
1170613,1600,282.68,282.88,282.11,282.46
1170614,1600,283.29,284.59,281.73,282.34
1170615,1600,280.91,281.27,280.01,281.27
1170616,1600,283.53,283.53,279.98,280.28
1170619,1600,281.98,285.2,281.98,285.15
1170620,1600,286.21,286.5,285.3,285.52
1170621,1600,283.82,285.95,282.83,285.78
1170622,1600,287.16,287.16,286.22,286.71
1170623,1600,286.63,286.92,285.15,285.66
1170626,1600,287.79,288.61,284.58,284.58
1170627,1600,284.69,284.69,281.0,281.38
1170628,1600,275.77,278.65,273.62,277.99
1170629,1600,279.18,279.25,273.3,273.3
1170630,1600,272.82,275.25,272.78,274.13
1170703,1600,274.83,276.57,273.48,274.95
1170704,1600,271.18,273.53,271.04,272.01
1170705,1600,271.59,274.91,271.58,274.91
1170706,1600,275.21,275.21,271.25,272.76
1170707,1600,271.61,274.51,271.03,274.51
1170710,1600,275.27,275.99,274.53,275.71
1170711,1600,276.64,276.64,274.77,275.05
1170712,1600,275.97,279.44,275.8,279.3
1170713,1600,280.05,281.69,280.05,281.14
1170714,1600,280.32,281.16,280.2,280.61
1170717,1600,282.45,282.79,281.58,281.63
1170718,1600,280.81,280.95,278.64,279.96
1170719,1600,282.79,283.78,282.62,283.78
1170720,1600,284.04,285.44,280.73,280.73
1170721,1600,280.52,281.38,279.96,280.27
1170724,1600,280.62,281.39,280.26,281.08
1170725,1600,281.15,281.97,279.88,281.28
1170726,1600,281.91,283.1,281.91,282.34
1170727,1600,282.11,284.23,281.89,284.23
1170728,1600,277.11,277.77,276.41,277.45
1170731,1600,278.92,279.42,275.84,276.15
1170801,1600,276.56,276.88,275.0,276.05
1170802,1600,277.57,277.59,273.77,273.9
1170803,1600,275.49,276.34,274.46,274.46
1170804,1600,274.07,278.0,274.07,277.81
1170807,1600,277.97,278.02,276.82,278.02
1170808,1600,278.08,280.28,277.3,280.28
1170809,1600,277.93,278.23,276.74,277.84
1170810,1600,278.48,278.48,274.75,275.26
1170811,1600,271.87,273.46,270.91,272.76
1170814,1600,274.1,277.74,274.1,277.21
1170815,1600,279.42,280.22,278.51,279.17
1170816,1600,279.28,280.48,279.28,280.48
1170817,1600,278.04,279.21,276.46,276.46
1170818,1600,273.01,274.33,272.5,274.2
1170821,1600,272.75,273.1,269.86,270.89
1170822,1600,273.46,275.86,272.93,275.86
1170823,1600,276.21,276.83,274.02,274.66
1170824,1600,274.66,275.32,272.4,272.4
1170825,1600,274.5,274.96,271.41,271.41
1170828,1600,269.35,270.63,269.32,270.31
1170829,1600,267.08,269.36,265.5,269.02
1170830,1600,272.59,274.18,272.33,274.18
1170831,1600,276.51,278.1,276.48,278.1
1170901,1600,279.47,279.47,278.04,279.2
1170904,1600,277.11,277.67,277.06,277.46
1170905,1600,277.81,278.69,276.38,276.38
1170906,1600,275.58,276.25,274.72,274.72
1170907,1600,275.82,275.82,274.79,274.79
1170908,1600,272.97,273.59,272.97,273.25
1170911,1600,274.24,276.62,274.19,276.06
1170912,1600,277.05,278.26,276.85,276.92
1170913,1600,276.88,278.84,276.3,278.84
1170914,1600,279.0,279.29,278.84,278.99
1170915,1600,276.92,277.77,276.0,277.63
1170918,1600,278.29,278.76,277.47,278.33
1170919,1600,275.63,276.99,275.63,276.99
1170920,1600,276.27,276.54,275.13,275.42
1170921,1600,277.89,277.89,275.66,275.72
1170922,1600,273.59,274.44,273.34,274.02
1170925,1600,275.43,275.88,273.67,273.73
1170926,1600,274.35,276.3,274.35,276.3
1170927,1600,277.89,279.75,277.89,278.38
1170928,1600,280.15,280.15,277.98,278.43
1170929,1600,278.62,279.57,278.56,279.57
1171002,1600,281.46,282.83,281.46,282.14
1171003,1600,282.14,282.14,282.14,282.14
1171004,1600,282.33,282.49,281.41,282.49
1171005,1600,282.42,285.11,282.19,285.11
1171006,1600,286.91,287.31,285.8,285.8
1171009,1600,286.74,286.8,286.26,286.36
1171010,1600,285.33,285.56,283.91,283.91
1171011,1600,284.15,284.15,283.2,283.6
1171012,1600,283.97,284.61,283.55,284.61
1171013,1600,284.45,285.09,284.18,285.09
1171016,1600,286.71,286.82,286.31,286.53
1171017,1600,288.04,288.13,287.88,288.13
1171018,1600,288.51,288.91,287.6,287.81
1171019,1600,286.27,286.27,283.14,284.41
1171020,1600,286.49,287.38,286.47,287.38
1171023,1600,287.6,288.78,287.41,287.41
1171024,1600,286.13,286.37,286.0,286.37
1171025,1600,285.81,285.87,282.25,282.95
1171026,1600,283.9,286.97,283.85,286.51
1171027,1600,290.54,295.98,290.54,295.98
1171030,1600,296.01,297.94,295.64,296.14
1171031,1600,296.14,296.14,296.14,296.14
1171101,1600,298.34,299.2,297.72,297.94
1171102,1600,296.48,296.78,294.2,295.68
1171103,1600,297.23,299.12,296.92,299.12
1171106,1600,299.89,301.84,299.89,301.22
1171107,1600,302.28,302.62,301.4,302.01
1171108,1600,301.99,302.27,301.54,302.27
1171109,1600,302.46,302.52,299.47,299.47
1171110,1600,300.15,300.15,298.92,299.12
1171113,1600,300.62,300.63,298.3,300.03
1171114,1600,299.1,299.1,295.84,296.24
1171115,1600,293.77,294.75,292.46,294.75
1171116,1600,295.75,298.14,295.28,298.13
1171117,1600,297.93,297.93,297.45,297.45
1171120,1600,296.75,298.11,295.98,297.87
1171121,1600,299.6,300.97,299.6,300.97
1171122,1600,300.7,301.47,299.74,299.8
1171123,1600,298.82,299.25,298.57,298.57
1171124,1600,299.15,299.15,297.5,297.5
1171127,1600,297.75,298.26,297.52,297.52
1171128,1600,298.25,299.45,298.25,299.45
1171129,1600,299.84,300.8,295.37,295.37
1171130,1600,294.7,296.29,294.7,295.49
1171201,1600,295.98,296.59,291.93,291.93
1171204,1600,297.32,298.69,294.485,294.485
1171205,1600,292.84,296.79,291.15,296.79
1171206,1600,292.96,295.74,292.53,295.415
1171207,1600,296.63,297.53,295.61,297.275
1171208,1600,299.5,300.61,299.305,299.305
1171211,1600,298.89,299.28,298.11,299.235
1171212,1600,301.48,302.775,300.83,302.775
1171213,1600,302.2,302.22,301.35,301.975
1171214,1600,300.51,302.085,299.45,302.085
1171215,1600,301.27,303.595,300.83,303.595
1171218,1600,306.64,306.67,305.53,305.78
1171219,1600,306.47,306.51,304.15,304.46
1171220,1600,304.45,304.91,301.38,301.63
1171221,1600,302.12,303.25,301.76,303.25
1171222,1600,303.59,303.59,302.67,302.67
1171227,1600,301.04,301.04,299.55,300.31
1171228,1600,299.28,300.17,298.79,298.91
1171229,1600,298.85,298.85,298.23,298.65
1180102,1600,295.35,298.9,294.05,298.8
1180103,1600,300.2,303.0,300.2,302.9
1180104,1600,303.95,303.95,302.55,302.9
1180105,1600,303.85,306.05,303.85,306.05
1180108,1600,308.35,309.35,307.7,309.35
1180109,1600,310.3,311.6,309.8,311.05
1180110,1600,309.6,309.6,307.0,307.9
1180111,1600,310.3,310.3,307.1,307.6
1180112,1600,309.5,309.5,306.1,308.3
1180115,1600,307.9,307.9,305.7,306.25
1180116,1600,307.2,309.3,307.2,308.6
1180117,1600,306.75,308.0,305.85,307.15
1180118,1600,309.1,309.1,307.65,308.45
1180119,1600,307.8,309.85,307.8,309.35
1180122,1600,309.55,311.3,308.9,311.05
1180123,1600,314.25,314.85,313.25,314.35
1180124,1600,313.65,313.65,310.15,310.15
1180125,1600,309.25,311.3,307.15,308.4
1180126,1600,308.65,311.25,308.35,311.25
1180129,1600,313.45,314.4,312.4,314.3
1180130,1600,312.55,312.55,308.1,310.75
1180131,1600,310.1,310.9,309.45,310.1
1180201,1600,311.65,311.65,307.65,308.85
1180202,1600,306.65,306.8,304.3,304.3
1180205,1600,300.0,303.05,297.9,301.7
1180206,1600,290.3,295.9,285.3,289.85
1180207,1600,295.25,302.5,294.8,302.1
1180208,1600,297.85,298.7,292.6,293.6
1180209,1600,287.8,290.0,285.75,287.1
1180212,1600,291.05,294.0,291.05,293.7
1180213,1600,293.3,293.3,291.2,292.15
1180214,1600,295.7,296.45,293.1,295.55
1180215,1600,298.85,299.75,297.0,298.8
1180216,1600,303.15,304.25,302.8,304.0
1180219,1600,304.35,305.0,303.0,303.25
1180220,1600,304.0,306.9,302.25,306.9
1180221,1600,306.45,309.35,305.25,309.35
1180222,1600,304.15,306.65,303.55,306.65
1180223,1600,307.45,308.3,306.7,308.3
1180226,1600,311.2,313.9,311.0,313.65
1180227,1600,314.65,315.9,314.2,314.8
1180228,1600,314.35,316.1,314.15,314.35
1180301,1600,313.25,313.8,310.3,311.5
1180302,1600,306.05,306.1,300.5,302.7
1180305,1600,305.35,307.95,304.8,307.95
1180306,1600,310.6,310.7,307.7,308.1
1180307,1600,306.65,309.35,305.55,308.9
1180308,1600,310.7,313.75,310.55,313.5
1180309,1600,314.4,318.05,314.25,318.05
1180312,1600,321.55,322.15,321.2,321.9
1180313,1600,321.95,322.25,316.6,317.35
1180314,1600,316.8,318.55,315.7,316.25
1180315,1600,316.45,318.05,315.5,317.65
1180316,1600,317.55,319.5,317.25,317.5
1180319,1600,315.55,315.55,307.7,308.1
1180320,1600,309.15,312.1,308.6,312.0
1180321,1600,311.8,312.7,310.25,312.55
1180322,1600,305.75,306.45,302.95,304.95
1180323,1600,300.05,301.9,296.95,298.0
1180326,1600,297.4,298.0,292.15,294.0
1180327,1600,303.65,305.65,301.55,302.3
1180328,1600,293.2,294.05,288.5,290.7
1180329,1600,293.2,295.55,289.95,294.6
1180403,1600,289.55,292.6,287.85,290.95
1180404,1600,290.0,291.4,284.8,291.4
1180405,1600,300.15,301.2,298.25,301.2
1180406,1600,296.35,298.05,295.0,295.65
1180409,1600,294.25,296.25,292.35,296.25
1180410,1600,297.7,297.7,294.3,296.9
1180411,1600,295.6,297.45,293.5,296.35
1180412,1600,296.05,301.5,296.0,300.55
1180413,1600,299.8,301.9,298.9,299.8
1180416,1600,299.6,299.9,298.4,298.7
1180417,1600,301.5,305.9,301.1,305.9
1180418,1600,307.05,307.65,304.8,306.8
1180419,1600,306.6,307.1,304.3,304.95
1180420,1600,304.2,305.8,302.45,302.45
1180423,1600,301.95,305.35,301.65,305.1
1180424,1600,303.55,305.2,298.35,299.45
1180425,1600,296.1,297.3,293.4,297.2
1180426,1600,299.55,304.45,299.55,304.15
1180427,1600,309.9,311.25,304.5,306.0
1180430,1600,306.6,308.55,306.6,306.6
1180502,1600,310.65,311.2,309.1,309.95
1180503,1600,307.7,308.15,304.1,304.65
1180504,1600,308.6,314.1,308.3,314.1
1180507,1600,317.05,318.95,316.8,318.65
1180508,1600,318.1,320.0,317.8,318.95
1180509,1600,320.1,320.85,319.15,319.75
1180510,1600,323.35,324.4,321.85,324.25
1180511,1600,324.8,324.85,322.9,323.6
1180514,1600,324.05,325.15,323.0,324.55
1180515,1600,323.65,325.0,321.85,321.85
1180516,1600,323.55,326.0,323.55,325.9
1180517,1600,325.4,327.15,324.8,327.1
1180518,1600,325.75,326.55,324.0,325.65
1180521,1600,325.65,325.65,325.65,325.65
1180522,1600,326.8,327.4,325.2,326.1
1180523,1600,325.2,326.9,323.85,326.9
1180524,1600,329.85,330.4,326.75,327.85
1180525,1600,331.4,332.95,330.8,332.85
1180528,1600,332.1,334.45,332.1,334.1
1180529,1600,333.3,334.7,332.45,334.2
1180530,1600,334.0,334.2,332.45,333.0
1180531,1600,332.85,333.2,331.6,333.2
1180601,1600,333.0,337.1,332.35,337.1
1180604,1600,338.35,338.95,336.2,338.95
1180605,1600,339.05,342.25,339.05,340.5
1180606,1600,341.1,341.1,337.2,339.65
1180607,1600,340.05,340.15,336.1,336.5
1180608,1600,336.8,337.6,334.65,337.1
1180611,1600,336.65,337.6,336.65,337.45
1180612,1600,339.3,339.6,337.6,339.3
1180613,1600,341.65,342.9,341.1,342.8
1180614,1600,338.1,348.0,338.1,347.7
1180615,1600,350.35,350.35,346.05,346.3
1180618,1600,346.65,347.35,344.65,347.0
1180619,1600,343.85,346.15,343.15,345.075
1180620,1600,348.35,349.95,348.15,349.4
1180621,1600,352.0,352.25,345.15,347.7
1180622,1600,344.75,346.15,343.4,344.525
1180625,1600,342.35,342.35,334.35,334.425
1180626,1600,336.1,337.95,335.5,336.125
1180627,1600,336.05,340.35,334.2,339.925
1180628,1600,337.05,337.8,333.2,336.6
1180629,1600,338.0,339.3,337.4,337.7
1180702,1600,333.95,337.6,333.7,336.75
1180703,1600,339.8,340.8,337.55,338.1
1180704,1600,334.7,336.1,334.45,335.2
1180705,1600,333.45,336.05,333.45,335.975
1180706,1600,337.9,340.175,336.5,340.175
1180709,1600,342.35,343.2,342.0,343.025
1180710,1600,345.45,346.65,345.325,345.325
1180711,1600,341.55,345.0,341.4,343.85
1180712,1600,346.15,349.15,345.7,348.7
1180713,1600,353.0,353.7,351.5,352.2
1180716,1600,350.95,351.6,350.0,350.05
1180717,1600,345.65,350.5,345.65,350.15
1180718,1600,354.05,354.7,351.9,353.35
1180719,1600,353.05,353.95,352.05,353.55
1180720,1600,352.45,352.85,349.6,351.2
1180723,1600,347.45,349.45,347.05,349.45
1180724,1600,353.65,355.1,352.8,353.3
1180725,1600,352.3,354.4,351.75,354.4
1180726,1600,350.9,354.3,350.7,353.75
1180727,1600,355.05,356.6,351.5,352.0
1180730,1600,346.8,347.45,341.65,342.2
1180731,1600,342.05,344.15,341.4,343.85
1180801,1600,346.0,347.15,344.9,346.1
1180802,1600,346.1,350.95,345.4,350.95
1180803,1600,354.15,355.35,353.45,353.45
1180806,1600,356.55,357.25,355.65,356.5
1180807,1600,358.55,358.8,357.4,357.45
1180808,1600,357.35,358.75,357.05,358.75
1180809,1600,358.15,360.0,358.15,360.0
1180810,1600,360.5,362.25,360.1,362.25
1180813,1600,360.9,363.2,360.7,362.15
1180814,1600,362.7,364.45,361.95,364.45
1180815,1600,365.35,365.9,360.0,361.15
1180816,1600,361.95,363.4,361.3,362.4
1180817,1600,360.85,360.85,358.0,358.4
1180820,1600,360.95,361.5,357.75,358.2
1180821,1600,356.9,358.45,356.75,358.45
1180822,1600,355.0,356.6,353.45,356.55
1180823,1600,357.35,359.4,356.75,356.9
1180824,1600,357.65,358.65,356.95,358.65
1180827,1600,360.9,360.9,359.35,360.3
1180828,1600,360.8,360.85,359.45,359.45
1180829,1600,361.8,363.9,361.65,363.9
1180830,1600,364.0,366.35,363.8,365.8
1180831,1600,364.7,367.45,364.1,366.95
1180903,1600,367.55,368.05,367.1,367.95
1180904,1600,369.5,369.85,366.7,367.8
1180905,1600,366.3,366.55,359.3,359.75
1180906,1600,360.0,360.95,355.85,356.8
1180907,1600,356.4,359.9,355.7,359.9
1180910,1600,359.7,359.85,356.4,357.2
1180911,1600,358.1,359.6,356.6,359.4
1180912,1600,361.4,361.9,356.2,358.25
1180913,1600,358.4,360.65,358.4,360.55
1180914,1600,361.25,361.65,360.5,361.15
1180917,1600,360.4,360.4,356.05,356.05
1180918,1600,354.45,358.7,353.7,358.7
1180919,1600,357.8,357.8,356.1,356.4
1180920,1600,357.0,359.0,356.3,359.0
1180921,1600,358.9,360.0,358.3,359.0
1180924,1600,355.3,356.55,351.6,356.25
1180925,1600,358.0,358.55,356.2,357.6
1180926,1600,359.6,360.9,359.2,360.7
1180927,1600,360.45,365.2,359.95,364.75
1180928,1600,365.45,366.55,365.15,366.0
1181001,1600,369.1,370.15,368.6,370.1
1181002,1600,368.0,369.65,367.9,369.65
1181004,1600,368.65,368.85,363.0,363.3
1181005,1600,362.25,362.8,358.05,358.05
1181008,1600,357.9,359.65,355.7,355.7
1181009,1600,357.35,360.1,356.4,359.25
1181010,1600,357.6,357.6,347.65,347.65
1181011,1600,337.15,341.1,334.35,336.95
1181012,1600,342.7,345.25,341.35,342.75
1181015,1600,341.9,343.65,338.95,342.55
1181016,1600,341.25,346.45,341.0,346.45
1181017,1600,353.85,354.1,349.05,349.45
1181018,1600,352.0,352.4,345.75,345.75
1181019,1600,348.25,350.1,346.65,347.1
1181022,1600,344.35,348.95,344.1,348.05
1181023,1600,342.0,342.55,337.5,339.6
1181024,1600,343.25,348.95,341.1,341.1
1181025,1600,334.5,342.05,334.2,342.05
1181026,1600,335.55,336.65,329.85,335.5
1181029,1600,336.7,341.55,333.45,333.45
1181030,1600,331.8,332.25,326.35,330.95
1181031,1600,337.0,345.25,337.0,343.05
1181101,1600,341.15,343.75,339.5,343.25
1181102,1600,346.1,346.4,338.75,340.15
1181105,1600,340.85,342.5,335.5,336.45
1181106,1600,338.5,341.85,337.25,339.7
1181107,1600,342.15,347.45,342.15,347.05
1181108,1600,350.9,351.6,348.85,349.9
1181109,1600,349.9,350.0,345.65,346.05
1181112,1600,349.8,349.8,338.35,338.95
1181113,1600,341.25,342.6,338.0,341.4
1181114,1600,336.35,340.8,334.5,334.85
1181115,1600,335.5,336.0,332.05,335.05
1181116,1600,336.9,336.9,332.45,334.3
1181119,1600,336.55,337.85,326.5,326.5
1181120,1600,321.7,322.5,315.7,321.65
1181121,1600,321.35,324.3,321.15,323.9
1181122,1600,321.25,321.25,317.9,318.7
1181123,1600,319.65,323.45,319.0,322.6
1181126,1600,324.0,326.9,324.0,325.05
1181127,1600,328.15,330.9,325.6,330.65
1181128,1600,332.1,333.65,331.8,332.55
1181129,1600,337.7,338.05,335.7,337.1
1181130,1600,338.05,340.85,337.2,339.65
1181203,1600,349.65,350.2,345.55,346.45
1181204,1600,343.6,345.35,342.05,343.7
1181205,1600,336.25,337.1,334.85,334.85
1181206,1600,330.9,330.9,325.65,327.3
1181207,1600,332.05,334.35,327.65,327.65
1181210,1600,322.4,325.4,321.35,322.5
1181211,1600,327.2,333.7,327.1,331.75
1181212,1600,331.95,335.9,331.95,335.9
1181213,1600,334.65,335.3,331.9,332.6
1181214,1600,328.65,330.95,328.3,330.3
1181217,1600,325.5,325.8,319.9,324.35
1181218,1600,318.05,319.65,317.55,319.25
1181219,1600,317.75,320.0,317.2,318.9
1181220,1600,308.0,309.75,305.95,305.95
1181221,1600,305.9,308.45,303.0,303.6
1181227,1600,303.8,304.0,297.4,300.7
1181228,1600,305.8,309.0,305.8,307.7
1190102,1600,303.2,311.2,299.95,311.15
1190103,1600,304.8,308.5,302.4,305.2
1190104,1600,305.6,312.4,304.25,312.1
1190107,1600,314.1,315.2,311.95,315.2
1190108,1600,316.95,320.55,315.1,316.15
1190109,1600,318.95,320.55,317.85,319.05
1190110,1600,316.25,319.6,315.55,319.6
1190111,1600,319.8,320.25,318.55,319.95
1190114,1600,317.65,319.25,317.0,318.85
1190115,1600,320.25,324.9,319.75,324.9
1190116,1600,326.5,328.85,325.5,327.9
1190117,1600,324.05,327.55,323.85,327.5
1190118,1600,329.45,334.0,329.0,333.85
1190121,1600,331.25,332.1,330.6,331.35
1190122,1600,330.3,331.3,329.2,329.6
1190123,1600,325.75,329.45,325.25,325.25
1190124,1600,326.8,329.65,326.6,328.35
1190125,1600,331.0,332.1,330.3,331.4
1190128,1600,330.35,330.6,324.85,325.35
1190129,1600,325.0,327.8,323.2,323.7
1190130,1600,325.7,328.55,325.5,327.8
1190131,1600,332.95,336.25,332.0,336.2
1190201,1600,336.05,337.15,333.7,335.55
1190204,1600,335.35,338.85,334.8,338.75
1190205,1600,338.4,343.45,338.4,342.65
1190206,1600,343.25,344.25,341.9,343.4
1190207,1600,342.4,343.3,337.65,337.65
1190208,1600,338.0,338.9,336.7,337.6
1190211,1600,340.5,344.05,340.35,342.2
1190212,1600,344.35,345.95,343.35,345.5
1190213,1600,347.65,348.95,346.6,347.2
1190214,1600,348.75,349.4,345.0,346.25
1190215,1600,345.45,350.5,345.45,348.35
1190218,1600,348.85,349.1,347.65,348.9
1190219,1600,349.1,349.1,346.95,348.15
1190220,1600,347.85,349.1,347.0,348.1
1190221,1600,349.0,349.0,344.75,346.75
1190222,1600,346.45,349.4,346.4,349.3
1190225,1600,350.3,352.55,349.8,351.85
1190226,1600,348.95,350.7,348.25,349.85
1190227,1600,348.0,348.55,346.55,348.4
1190228,1600,347.05,349.05,346.7,348.95
1190301,1600,350.75,351.7,349.25,349.25
1190304,1600,353.9,355.4,352.15,352.15
1190305,1600,352.55,354.2,351.65,354.2
1190306,1600,353.8,354.1,351.4,351.55
1190307,1600,350.05,352.85,349.45,351.75
1190308,1600,348.05,348.9,345.25,347.35
1190311,1600,349.9,355.35,349.3,355.3
1190312,1600,356.4,357.25,354.8,357.0
1190313,1600,356.85,359.85,356.55,359.3
1190314,1600,358.85,359.95,358.2,358.85
1190315,1600,358.5,361.5,358.4,361.4
1190318,1600,360.7,361.35,359.65,359.9
1190319,1600,361.2,363.65,361.1,363.05
1190320,1600,362.15,362.45,360.35,360.35
1190321,1600,361.0,366.65,360.4,366.25
1190322,1600,368.1,370.0,364.5,364.75
1190325,1600,360.45,362.45,358.8,360.35
1190326,1600,362.4,366.2,362.3,364.55
1190327,1600,365.85,365.85,360.35,361.9
1190328,1600,362.65,365.65,362.3,363.4
1190329,1600,365.95,366.95,365.2,366.55
1190401,1600,370.45,371.55,369.9,371.35
1190402,1600,372.55,373.95,372.4,373.6
1190403,1600,375.55,377.15,374.5,377.15
1190404,1600,375.35,377.35,374.5,375.1
1190405,1600,376.1,377.65,375.6,377.45
1190408,1600,376.95,377.0,374.15,376.2
1190409,1600,376.85,376.85,374.7,376.1
1190410,1600,375.9,377.9,375.6,377.4
1190411,1600,377.55,378.7,376.6,377.5
1190412,1600,376.3,377.6,375.5,376.05
1190415,1600,376.3,377.6,374.6,375.95
1190416,1600,377.9,379.35,377.9,379.0
1190417,1600,379.25,381.45,378.9,379.15
1190418,1600,378.8,382.5,378.8,381.4
1190423,1600,383.7,388.45,382.75,388.45
1190424,1600,389.3,390.75,388.85,390.75
1190425,1600,393.8,395.6,390.15,393.0
1190426,1600,390.6,392.2,388.7,390.45
1190429,1600,391.95,392.7,391.5,392.2
1190430,1600,389.0,389.0,385.65,386.0
1190502,1600,387.4,389.0,385.9,386.45
1190503,1600,388.0,390.95,387.75,390.25
1190506,1600,383.55,387.85,382.75,387.35
1190507,1600,387.75,387.85,382.0,383.0
1190508,1600,382.25,383.2,378.8,381.1
1190509,1600,377.75,378.65,371.85,373.2
1190510,1600,377.3,378.2,369.5,370.2
1190513,1600,373.4,373.4,364.8,365.2
1190514,1600,365.3,370.7,365.3,370.7
1190515,1600,371.2,374.45,367.1,374.1
1190516,1600,373.8,380.85,372.7,380.85
1190517,1600,378.45,380.3,375.55,379.6
1190520,1600,376.85,377.0,368.7,369.75
1190521,1600,372.25,374.35,370.7,373.55
1190522,1600,372.95,373.65,369.65,372.65
1190523,1600,369.2,369.5,366.05,366.05
1190524,1600,367.0,368.25,364.8,365.6
1190527,1600,365.5,365.85,364.85,365.2
1190528,1600,366.75,367.65,364.5,366.55
1190529,1600,362.25,364.05,361.65,362.3
1190530,1600,363.75,365.15,362.95,363.5
1190531,1600,360.5,360.5,357.6,360.0
1190603,1600,354.8,356.0,351.0,353.25
1190604,1600,346.8,354.8,346.55,354.8
1190605,1600,356.75,359.3,355.4,358.05
1190606,1600,360.0,361.55,357.9,358.9
1190607,1600,361.95,367.25,360.15,366.1
1190611,1600,372.35,375.25,372.0,372.0
1190612,1600,368.95,370.8,368.85,369.6
1190613,1600,369.6,373.8,369.6,372.1
1190614,1600,371.1,373.2,369.9,373.05
1190617,1600,374.45,376.1,373.0,375.1
1190618,1600,375.25,384.55,374.55,383.5
1190619,1600,382.45,382.6,380.25,380.75
1190620,1600,384.65,385.6,382.75,382.75
1190621,1600,382.8,384.3,381.1,383.5
1190624,1600,381.5,381.65,379.9,380.1
1190625,1600,378.45,379.55,376.25,376.6
1190626,1600,374.9,377.8,374.6,376.0
1190627,1600,377.9,378.15,375.4,375.95
1190628,1600,376.85,377.9,375.7,376.6
1190701,1600,385.45,386.1,383.65,384.85
1190702,1600,384.8,385.4,383.1,384.5
1190703,1600,387.75,389.15,387.5,389.15
1190704,1600,390.1,391.05,389.65,390.9
1190705,1600,391.05,391.05,388.05,389.6
1190708,1600,388.95,389.5,386.8,387.95
1190709,1600,386.0,389.95,385.7,389.3
1190710,1600,389.45,394.5,388.75,391.7
1190711,1600,393.6,394.4,393.0,394.15
1190712,1600,392.65,394.1,392.5,394.1
1190715,1600,394.8,395.65,394.0,395.25
1190716,1600,396.4,397.85,396.3,396.7
1190717,1600,396.45,396.55,394.2,394.5
1190718,1600,390.15,393.25,390.0,390.7
1190719,1600,394.55,396.6,394.15,394.55
1190722,1600,391.05,393.7,390.85,393.3
1190723,1600,396.1,398.15,395.65,397.05
1190724,1600,398.5,400.45,397.7,400.3
1190725,1600,402.5,404.0,398.1,398.45
1190726,1600,401.7,403.25,401.05,403.25
1190729,1600,402.3,403.65,399.4,400.45
1190730,1600,401.5,401.5,397.85,399.65
1190731,1600,400.5,401.1,399.65,400.8
1190801,1600,397.45,404.7,396.3,404.45
1190802,1600,391.5,393.05,385.6,386.15
1190805,1600,383.9,383.9,372.6,373.5
1190806,1600,370.3,376.45,369.65,371.8
1190807,1600,374.5,378.5,368.05,373.35
1190808,1600,378.9,382.95,377.5,382.95
1190809,1600,384.7,385.25,379.6,379.95
1190812,1600,385.05,386.0,377.75,378.85
1190813,1600,377.1,389.35,375.25,385.2
1190814,1600,387.0,387.0,378.25,379.3
1190815,1600,378.75,379.35,371.1,377.65
1190816,1600,380.15,384.35,380.15,383.55
1190819,1600,388.05,390.3,386.5,390.15
1190820,1600,390.6,391.6,388.35,389.8
1190821,1600,389.35,391.4,388.95,391.1
1190822,1600,390.5,392.6,387.0,388.7
1190823,1600,392.0,392.35,379.5,379.5
1190826,1600,380.3,383.75,377.95,380.7
1190827,1600,381.05,386.6,380.5,383.2
1190828,1600,382.45,383.25,379.3,383.25
1190829,1600,382.4,390.6,382.4,390.6
1190830,1600,390.5,394.0,389.65,390.9
1190902,1600,390.1,392.65,389.9,391.35
1190903,1600,390.1,392.2,388.15,390.0
1190904,1600,392.65,394.0,389.9,390.95
1190905,1600,395.75,399.2,394.35,398.9
1190906,1600,399.1,400.5,397.6,398.95
1190909,1600,400.3,400.3,397.6,398.75
1190910,1600,396.6,397.1,393.4,393.4
1190911,1600,396.55,401.25,396.25,401.25
1190912,1600,403.0,407.1,401.6,402.8
1190913,1600,400.75,401.95,398.9,399.85
1190916,1600,396.6,400.75,395.7,400.0
1190917,1600,398.85,399.65,398.1,398.55
1190918,1600,399.05,400.15,398.55,398.55
1190919,1600,398.0,403.05,397.8,402.85
1190920,1600,401.0,403.15,400.3,401.3
1190923,1600,399.65,400.15,397.5,398.9
1190924,1600,400.25,401.05,396.95,396.95
1190925,1600,393.35,395.75,389.7,395.35
1190926,1600,398.25,402.4,395.95,396.55
1190927,1600,398.85,400.35,396.05,397.6
1190930,1600,395.15,397.65,395.0,397.65
1191001,1600,401.65,402.6,396.15,396.45
1191002,1600,394.1,394.45,385.35,385.35
1191004,1600,390.25,394.15,388.55,394.15
1191007,1600,394.1,395.95,393.65,395.9
1191008,1600,395.7,395.8,389.2,390.75
1191009,1600,388.65,393.2,388.65,391.8
1191010,1600,391.2,395.8,389.75,395.35
1191011,1600,396.3,400.5,396.3,400.5
1191014,1600,399.3,399.75,395.85,399.5
1191015,1600,401.0,403.4,400.15,402.45
1191016,1600,403.1,403.35,400.5,400.85
1191017,1600,401.5,402.45,399.6,399.6
1191018,1600,399.7,399.75,396.9,396.9
1191021,1600,396.1,398.75,395.9,398.5
1191022,1600,399.85,401.75,398.95,398.95
1191023,1600,395.0,397.55,394.8,397.55
1191024,1600,398.85,402.4,398.45,402.4
1191025,1600,400.45,406.0,399.5,405.45
1191028,1600,406.95,409.75,406.7,409.4
1191029,1600,409.7,409.7,406.55,407.6
1191030,1600,405.8,407.2,404.9,405.75
1191031,1600,407.75,407.8,404.9,405.45
1191101,1600,407.15,409.75,406.7,407.75
1191104,1600,411.05,413.35,411.0,412.9
1191105,1600,414.25,416.6,413.9,416.5
1191106,1600,415.5,415.9,413.95,414.85
1191107,1600,417.6,419.65,416.9,419.55
1191108,1600,416.75,418.85,416.4,418.55
1191111,1600,418.05,418.55,416.85,417.95
1191112,1600,419.8,422.2,419.05,422.1
1191113,1600,420.7,421.2,418.3,420.9
1191114,1600,420.55,421.15,419.3,419.3
1191115,1600,421.95,422.15,420.55,421.85
1191118,1600,423.7,423.7,419.8,420.75
1191119,1600,422.7,423.8,420.7,421.9
1191120,1600,420.7,422.65,420.35,421.85
1191121,1600,418.65,420.05,417.9,418.2
1191122,1600,420.3,421.1,418.65,419.75
1191125,1600,422.3,426.15,422.2,425.95
1191126,1600,426.45,427.2,426.0,427.2
1191127,1600,429.0,430.05,428.45,429.85
1191128,1600,429.35,430.3,429.1,430.15
1191129,1600,429.1,430.7,428.75,428.85
1191202,1600,429.75,431.2,418.95,419.2
1191203,1600,421.45,421.8,413.85,414.6
1191204,1600,416.7,420.9,416.7,420.65
1191205,1600,421.1,421.9,418.3,418.7
1191206,1600,420.85,426.35,420.75,426.2
1191209,1600,425.8,426.9,424.8,425.65
1191210,1600,423.55,425.05,420.8,423.55
1191211,1600,423.95,424.7,423.2,423.95
1191212,1600,423.95,428.45,422.55,425.9
1191213,1600,427.45,430.1,424.0,427.3
1191216,1600,429.3,432.5,429.2,432.35
1191217,1600,432.45,432.5,430.65,431.5
1191218,1600,432.25,434.35,432.15,434.2
1191219,1600,433.4,435.05,432.7,435.05
1191220,1600,436.35,439.9,435.85,439.9
1191223,1600,439.95,441.55,439.7,440.5
1191227,1600,443.5,445.6,440.65,441.85
1191230,1600,440.3,441.0,438.85,439.7
1200102,1600,439.45,443.45,439.45,441.15
1200103,1600,441.7,444.05,439.7,442.35
1200106,1600,440.05,442.35,437.2,442.25
1200107,1600,444.2,446.9,444.0,446.65
1200108,1600,444.2,448.55,443.7,448.55
1200109,1600,453.0,455.25,452.7,454.55
1200110,1600,456.2,457.35,454.7,454.7
1200113,1600,454.05,455.25,453.8,454.7
1200114,1600,456.1,458.55,455.0,456.7
1200115,1600,456.25,457.3,454.6,456.15
1200116,1600,457.0,458.5,456.2,457.5
1200117,1600,460.5,463.65,460.35,461.95
1200120,1600,463.2,464.35,463.0,463.95
1200121,1600,461.45,464.65,460.65,464.65
1200122,1600,466.8,468.45,465.85,467.2
1200123,1600,465.05,467.9,463.7,466.75
1200124,1600,470.25,471.7,468.85,469.3
1200127,1600,459.7,460.2,454.25,456.4
1200128,1600,459.55,462.95,456.9,462.95
1200129,1600,464.7,466.8,462.65,464.8
1200130,1600,459.45,463.6,459.15,461.25
1200131,1600,467.5,467.55,457.05,457.7
1200203,1600,459.55,464.65,457.2,462.65
1200204,1600,466.25,473.85,465.45,473.85
1200205,1600,474.35,482.05,474.35,476.45
1200206,1600,481.5,482.8,477.9,481.95
1200207,1600,482.75,484.3,480.2,484.3
1200210,1600,482.65,487.05,481.1,487.05
1200211,1600,491.6,493.9,490.65,492.1
1200212,1600,491.75,494.65,491.1,494.6
1200213,1600,493.4,497.85,490.4,497.85
1200214,1600,498.9,499.45,496.6,498.6
1200217,1600,500.8,501.0,499.95,500.6
1200218,1600,494.65,499.6,494.2,498.1
1200219,1600,502.3,506.3,501.4,506.3
1200220,1600,506.2,506.2,496.9,496.9
1200221,1600,496.6,498.75,489.95,492.0
1200224,1600,478.3,478.5,468.6,471.25
1200225,1600,476.2,476.2,461.95,464.25
1200226,1600,459.7,466.8,449.0,463.85
1200227,1600,451.6,453.85,434.5,442.1
1200228,1600,424.75,427.65,413.15,426.1
1200302,1600,437.1,437.8,423.25,436.05
1200303,1600,444.9,454.8,439.0,440.5
1200304,1600,438.0,444.85,437.0,442.1
1200305,1600,445.6,445.6,435.85,443.2
1200306,1600,429.45,429.55,411.0,420.4
1200309,1600,390.0,405.6,371.65,398.6
1200310,1600,403.9,413.4,393.5,399.1
1200311,1600,405.0,410.85,400.35,403.7
1200312,1600,383.75,383.75,362.0,374.45
1200313,1600,380.55,391.3,369.3,378.25
1200316,1600,378.2,381.95,350.0,375.65
1200317,1600,368.75,386.55,355.0,379.35
1200318,1600,359.5,377.3,354.75,368.3
1200319,1600,372.45,389.85,369.05,382.7
1200320,1600,399.2,403.3,377.65,379.95
1200323,1600,357.0,380.4,354.3,362.6
1200324,1600,380.25,391.45,377.0,391.45
1200325,1600,396.9,403.2,384.95,393.85
1200326,1600,379.85,396.3,377.0,395.75
1200327,1600,394.0,396.1,386.35,387.8
1200330,1600,387.4,399.0,381.55,398.7
1200331,1600,403.85,410.0,399.45,408.25
1200401,1600,390.95,396.0,388.0,393.0
1200402,1600,389.4,393.9,383.0,393.05
1200403,1600,393.5,400.0,392.2,393.0
1200406,1600,407.5,410.6,405.7,409.9
1200407,1600,423.5,429.1,416.95,422.95
1200408,1600,417.4,423.55,414.7,423.55
1200409,1600,427.0,428.6,420.0,422.95
1200414,1600,436.4,441.8,434.5,440.9
1200415,1600,445.35,445.35,439.85,441.45
1200416,1600,448.55,455.4,445.0,454.0
1200417,1600,462.5,465.15,451.5,451.95
1200420,1600,454.9,457.35,450.8,457.35
1200421,1600,452.35,452.4,432.7,433.7
1200422,1600,441.35,447.25,440.5,446.7
1200423,1600,450.55,456.55,448.55,454.7
1200424,1600,448.55,452.35,447.65,450.55
1200427,1600,459.3,461.7,458.0,460.2
1200428,1600,459.45,462.75,451.85,454.2
1200429,1600,457.75,463.65,455.6,462.9
1200430,1600,469.7,471.5,461.05,461.05
1200504,1600,446.6,452.2,443.85,451.85
1200505,1600,458.15,466.3,458.0,465.8
1200506,1600,467.65,471.25,466.25,470.0
1200507,1600,471.05,475.15,471.05,474.05
1200508,1600,477.9,478.95,474.0,476.3
1200511,1600,480.3,482.1,474.75,481.9
1200512,1600,481.35,484.95,478.7,482.25
1200513,1600,473.1,476.85,468.85,471.05
1200514,1600,468.0,470.25,461.95,466.5
1200515,1600,475.8,475.9,464.15,467.65
1200518,1600,479.35,483.75,479.05,482.9
1200519,1600,483.15,483.85,477.5,483.75
1200520,1600,480.25,485.85,480.05,485.85
1200521,1600,483.25,486.8,481.25,482.75
1200522,1600,478.35,485.0,476.75,483.65
1200525,1600,489.5,492.45,488.95,492.2
1200526,1600,494.4,494.65,484.6,484.6
1200527,1600,486.35,487.75,469.9,474.45
1200528,1600,480.0,483.5,476.5,482.7
1200529,1600,477.75,480.0,474.7,476.55
1200602,1600,485.85,486.85,477.9,480.55
1200603,1600,485.45,487.0,484.45,484.75
1200604,1600,485.25,486.9,479.1,480.25
1200605,1600,478.65,488.7,477.7,488.7
1200608,1600,488.7,490.6,485.5,488.95
1200609,1600,493.5,494.15,490.0,493.25
1200610,1600,495.85,499.2,493.75,498.2
1200611,1600,494.8,495.05,488.0,488.45
1200612,1600,481.6,489.2,479.55,484.05
1200615,1600,472.1,481.0,470.9,480.4
1200616,1600,490.4,500.0,489.55,495.75
1200617,1600,498.1,502.8,498.1,502.8
1200618,1600,499.75,502.9,495.8,500.9
1200619,1600,504.6,507.9,504.4,507.2
1200622,1600,502.2,503.7,500.7,503.3
1200623,1600,506.2,509.9,505.5,509.9
1200624,1600,508.3,510.2,499.9,500.1
1200625,1600,499.65,503.8,496.95,501.0
1200626,1600,506.7,507.7,496.5,499.3
1200629,1600,493.05,495.75,487.1,495.55
1200630,1600,502.1,505.0,499.45,504.1
1200701,1600,508.9,511.7,507.0,511.1
1200702,1600,515.1,520.8,514.3,519.0
1200703,1600,520.4,520.8,517.0,518.2
1200706,1600,522.9,528.5,520.5,528.5
1200707,1600,527.5,533.3,526.2,531.9
1200708,1600,527.0,528.7,523.6,525.1
1200709,1600,528.8,534.1,527.6,529.4
1200710,1600,533.4,535.4,530.0,534.3
1200713,1600,542.0,548.2,541.4,548.2
1200714,1600,530.2,530.4,512.5,522.3
1200715,1600,528.2,530.3,524.2,525.6
1200716,1600,522.8,523.9,516.9,517.8
1200717,1600,523.8,525.4,519.4,522.8
1200720,1600,519.5,531.3,519.3,531.3
1200721,1600,542.6,544.8,533.4,533.4
1200722,1600,530.5,530.8,523.5,526.4
1200723,1600,530.0,530.9,524.7,525.0
1200724,1600,506.5,510.1,500.0,508.3
1200727,1600,506.4,509.1,504.2,504.3
1200728,1600,513.3,514.5,507.5,510.7
1200729,1600,507.3,509.9,506.6,508.8
1200730,1600,508.8,509.1,503.4,508.5
1200731,1600,516.3,519.7,509.8,514.7
1200803,1600,524.1,531.7,522.1,529.6
1200804,1600,530.2,531.7,525.2,528.3
1200805,1600,530.4,530.8,524.4,525.9
1200806,1600,526.1,530.5,525.9,529.3
1200807,1600,533.4,538.2,532.5,535.8
1200810,1600,531.4,533.4,524.0,527.3
1200811,1600,533.3,533.9,524.2,528.9
1200812,1600,525.9,531.4,522.7,530.9
1200813,1600,530.4,535.7,528.3,534.8
1200814,1600,534.2,535.5,529.5,531.4
1200817,1600,531.6,534.7,531.2,534.0
1200818,1600,534.3,536.4,533.0,536.1
1200819,1600,538.1,540.6,535.2,540.6
1200820,1600,535.8,542.1,535.4,541.8
1200821,1600,545.4,552.4,545.0,550.6
1200824,1600,554.5,557.9,550.0,552.6
1200825,1600,557.3,557.4,551.5,555.5
1200826,1600,559.6,565.7,559.3,565.7
1200827,1600,569.8,574.3,567.6,573.3
1200828,1600,567.8,568.9,564.6,567.6
1200831,1600,570.9,570.9,565.7,568.2
1200901,1600,573.2,577.8,570.2,576.3
1200902,1600,587.5,591.7,582.6,582.6
1200903,1600,590.7,591.5,559.6,563.6
1200904,1600,553.6,564.1,531.7,542.2
1200907,1600,542.4,548.4,542.2,548.0
1200908,1600,550.4,550.5,531.9,535.8
1200909,1600,532.7,543.5,532.2,542.1
1200910,1600,543.5,547.4,536.6,543.6
1200911,1600,537.5,539.7,528.0,530.2
1200914,1600,535.3,538.3,531.0,537.8
1200915,1600,536.5,545.5,535.8,545.0
1200916,1600,546.3,547.7,541.4,543.9
1200917,1600,529.3,533.1,520.4,528.1
1200918,1600,527.8,531.0,519.1,519.1
1200921,1600,518.8,519.5,512.4,515.8
1200922,1600,525.5,531.7,524.6,528.9
1200923,1600,536.7,540.3,532.6,532.6
1200924,1600,521.3,529.4,517.4,529.4
1200925,1600,526.7,535.0,524.5,534.8
1200928,1600,543.9,548.9,543.6,545.9
1200929,1600,549.2,549.4,543.5,545.1
1200930,1600,539.7,551.4,538.8,550.4
1201001,1600,551.2,555.5,551.0,554.1
1201002,1600,546.7,551.9,542.6,545.6
1201005,1600,545.2,547.0,542.1,546.5
1201006,1600,548.2,549.7,544.6,545.7
1201007,1600,543.6,547.8,542.5,547.8
1201008,1600,554.0,555.9,552.3,552.4
1201009,1600,553.9,556.8,551.8,556.4
1201012,1600,561.6,573.7,561.6,573.7
1201013,1600,576.7,585.3,576.3,584.0
1201014,1600,583.1,583.6,577.5,577.5
1201015,1600,568.9,571.7,564.8,569.8
1201016,1600,572.4,577.6,571.1,573.2
1201019,1600,573.5,574.6,563.0,565.5
1201020,1600,561.1,562.0,553.0,554.8
1201021,1600,556.7,559.6,551.2,555.2
1201022,1600,553.4,559.0,549.6,552.2
1201023,1600,555.4,556.6,551.5,551.5
1201026,1600,551.0,557.6,546.1,546.1
1201027,1600,549.4,552.7,547.8,550.6
1201028,1600,552.2,552.2,538.0,538.9
1201029,1600,541.4,547.7,537.7,547.1
1201030,1600,536.6,543.9,530.4,535.1
1201102,1600,537.0,543.2,536.3,536.6
1201103,1600,536.2,545.3,534.1,544.2
1201104,1600,551.0,567.2,550.0,566.9
1201105,1600,575.6,578.0,570.4,575.0
1201106,1600,570.7,572.3,564.8,571.1
1201109,1600,583.5,586.2,563.2,580.5
1201110,1600,564.3,565.4,549.1,555.4
1201111,1600,554.7,567.6,553.8,566.1
1201112,1600,566.7,571.6,565.8,567.9
1201113,1600,568.4,569.7,563.6,564.3
1201116,1600,570.5,572.5,566.0,570.7
1201117,1600,572.3,572.3,568.1,568.8
1201118,1600,567.3,570.2,565.8,568.3
1201119,1600,564.9,568.6,562.9,568.6
1201120,1600,568.3,570.6,567.6,570.3
1201123,1600,567.0,569.1,563.5,564.0
1201124,1600,568.8,569.8,564.7,569.5
1201125,1600,573.4,574.7,572.0,573.7
1201126,1600,575.9,578.4,575.9,577.3
1201127,1600,575.7,580.5,575.7,579.1
1201130,1600,575.5,578.2,569.3,572.7
1201201,1600,582.4,583.7,579.6,582.1
1201202,1600,579.9,582.0,574.7,578.9
1201203,1600,579.2,580.8,577.4,579.2
1201204,1600,580.2,581.1,576.7,581.1
1201207,1600,582.6,585.5,581.0,584.7
1201208,1600,585.3,585.8,581.9,584.8
1201209,1600,587.5,588.4,585.8,587.0
1201210,1600,574.8,578.8,569.6,578.2
1201211,1600,574.7,574.7,571.0,571.5
1201214,1600,576.1,582.3,575.1,581.2
1201215,1600,579.7,583.1,578.0,579.4
1201216,1600,584.3,585.2,580.5,585.1
1201217,1600,586.5,587.0,584.4,585.0
1201218,1600,585.8,588.2,583.5,584.8
1201221,1600,588.5,589.0,575.7,579.7
1201222,1600,585.3,588.9,585.0,585.0
1201223,1600,588.7,589.6,584.1,585.7
1201228,1600,589.7,592.4,587.6,591.6
1201229,1600,593.6,594.2,590.0,592.2
1201230,1600,592.8,593.1,591.2,591.3
1210104,1600,594.6,596.1,583.1,584.0
1210105,1600,583.1,587.7,580.1,584.9
1210106,1600,575.2,586.8,571.2,585.8
1210107,1600,582.6,593.8,580.4,592.8
1210108,1600,598.9,601.2,597.1,599.4
1210111,1600,604.5,605.2,599.0,601.8
1210112,1600,600.0,601.4,596.3,598.6
1210113,1600,597.4,601.9,594.4,601.9
1210114,1600,601.4,605.4,599.4,602.8
1210115,1600,598.9,601.4,594.4,599.4
1210118,1600,597.1,598.6,596.7,598.1
1210119,1600,601.6,602.0,597.5,598.8
1210120,1600,605.2,617.2,605.2,616.5
1210121,1600,621.8,623.7,616.7,620.6
1210122,1600,619.0,620.5,615.8,617.8
1210125,1600,623.7,630.0,613.0,621.3
1210126,1600,623.9,626.7,623.0,625.1
1210127,1600,628.2,630.2,615.9,617.7
1210128,1600,606.8,619.0,601.3,617.8
1210129,1600,605.2,611.2,602.8,603.1
1210201,1600,605.0,614.9,605.0,614.9
1210202,1600,622.2,629.7,622.0,629.1
1210203,1600,635.8,635.9,629.1,630.2
1210204,1600,630.0,633.7,630.0,633.1
1210205,1600,640.3,640.7,634.3,635.9
1210208,1600,639.8,640.6,637.4,637.4
1210209,1600,638.0,640.3,635.7,638.4
1210210,1600,639.5,639.6,628.6,632.7
1210211,1600,635.6,638.6,635.5,638.6
1210212,1600,637.8,639.3,636.5,639.2
1210215,1600,643.0,644.7,642.3,644.2
1210216,1600,644.5,646.0,641.3,642.8
1210217,1600,642.1,643.4,634.7,635.1
1210218,1600,637.9,638.3,629.8,632.8
1210219,1600,634.7,638.0,633.7,636.2
1210222,1600,624.4,625.2,617.1,619.1
1210223,1600,616.4,616.6,593.9,605.6
1210224,1600,609.9,616.7,603.0,612.0
1210225,1600,615.0,615.0,602.7,603.7
1210226,1600,593.0,606.0,592.9,606.0
1210301,1600,612.4,617.6,610.9,617.5
1210302,1600,619.9,622.7,612.9,613.3
1210303,1600,614.9,615.5,599.8,604.5
1210304,1600,594.4,597.6,586.8,595.7
1210305,1600,585.3,596.3,578.0,581.9
1210308,1600,589.6,603.4,588.2,598.4
1210309,1600,592.7,605.0,592.1,604.0
1210310,1600,605.6,614.0,602.7,607.7
1210311,1600,610.6,615.8,608.9,615.8
1210312,1600,607.6,611.4,603.6,605.6
1210315,1600,609.7,614.6,609.7,612.5
1210316,1600,620.9,630.2,619.8,626.5
1210317,1600,622.7,623.2,613.0,615.9
1210318,1600,616.9,618.1,611.8,613.3
1210319,1600,608.3,610.9,603.0,610.1
1210322,1600,612.5,621.2,611.9,621.2
1210323,1600,619.0,625.7,617.2,623.0
1210324,1600,623.6,626.6,617.0,618.2
1210325,1600,612.0,614.5,604.4,611.6
1210326,1600,614.6,615.2,607.7,614.7
1210329,1600,617.7,622.1,614.5,618.1
1210330,1600,620.4,621.1,615.9,621.0
1210331,1600,620.2,630.7,619.6,630.7
1210401,1600,633.7,640.1,633.5,637.1
1210406,1600,648.1,650.0,646.0,649.5
1210407,1600,646.4,646.8,641.3,645.3
1210408,1600,651.4,653.3,649.6,650.9
1210409,1600,651.0,652.4,649.1,652.3
1210412,1600,655.4,656.8,651.6,652.5
1210413,1600,654.7,659.4,654.0,657.4
1210414,1600,659.1,662.1,653.3,654.3
1210415,1600,652.8,661.1,652.8,659.2
1210416,1600,659.3,661.6,657.7,659.0
1210419,1600,660.9,661.3,650.4,651.3
1210420,1600,649.9,651.8,643.8,643.8
1210421,1600,646.1,649.6,644.7,649.6
1210422,1600,651.7,654.6,650.3,654.0
1210423,1600,644.7,651.2,643.7,651.1
1210426,1600,649.0,653.7,647.1,653.2
1210427,1600,656.0,656.9,649.8,652.0
1210428,1600,653.5,653.5,648.7,649.7
1210429,1600,652.4,654.2,647.2,647.8
1210430,1600,648.4,652.1,645.8,651.4
1210503,1600,651.2,652.3,644.6,646.2
1210504,1600,646.1,646.8,624.4,631.3
1210505,1600,637.1,642.1,637.1,640.4
1210506,1600,635.5,636.4,627.1,633.1
1210507,1600,637.0,642.4,634.5,640.3
1210510,1600,634.7,635.8,624.6,625.7
1210511,1600,615.3,617.8,605.9,617.8
1210512,1600,618.9,619.8,609.5,609.7
1210513,1600,607.2,617.7,603.7,613.0
1210514,1600,615.3,620.7,613.8,620.7
1210517,1600,621.4,622.2,615.4,615.8
1210518,1600,620.9,621.5,614.8,617.1
1210519,1600,604.7,607.3,599.0,605.9
1210520,1600,611.9,622.6,609.4,622.5
1210521,1600,623.5,627.1,622.5,623.0
1210525,1600,631.9,632.2,628.3,628.3
1210526,1600,631.5,633.5,630.4,632.8
1210527,1600,631.7,634.6,630.0,634.0
1210528,1600,633.6,637.3,633.3,635.6
1210531,1600,634.1,634.3,630.6,630.9
1210601,1600,632.7,635.3,627.1,629.6
1210602,1600,630.7,634.1,629.6,632.9
1210603,1600,632.5,632.9,625.9,630.2
1210604,1600,629.6,638.5,629.2,637.8
1210607,1600,638.4,638.4,634.9,635.3
1210608,1600,640.3,644.7,637.0,638.1
1210609,1600,640.2,642.1,639.4,640.6
1210610,1600,640.2,646.6,637.4,645.3
1210611,1600,646.5,651.6,646.0,651.4
1210614,1600,654.1,654.4,650.0,653.1
1210615,1600,657.8,659.3,653.5,653.5
1210616,1600,653.9,656.4,652.9,654.0
1210617,1600,655.1,671.6,655.1,671.6
1210618,1600,673.3,674.1,667.7,668.5
1210621,1600,668.2,670.6,662.0,668.3
1210622,1600,669.6,674.2,668.1,674.1
1210623,1600,676.7,676.9,673.5,674.4
1210624,1600,676.6,682.1,676.5,681.3
1210625,1600,678.8,681.0,675.8,678.6
1210628,1600,679.2,685.4,679.0,684.7
1210629,1600,686.1,689.7,686.1,688.1
1210630,1600,692.0,694.1,690.0,693.4
1210701,1600,693.2,695.5,690.0,690.6
1210702,1600,693.6,699.6,693.6,697.9
1210705,1600,699.4,700.0,698.2,699.5
1210706,1600,697.5,705.1,696.9,703.9
1210707,1600,706.7,711.2,705.5,706.2
1210708,1600,706.3,706.3,693.9,697.5
1210709,1600,702.3,704.7,698.0,704.5
1210712,1600,705.7,709.0,703.0,706.3
1210713,1600,707.4,716.4,707.3,716.3
1210714,1600,712.5,716.0,711.7,712.5
1210715,1600,711.8,713.1,705.4,708.2
1210716,1600,706.7,710.7,703.3,704.2
1210719,1600,701.4,702.5,690.5,697.2
1210720,1600,701.5,704.3,697.0,704.0
1210721,1600,707.2,708.5,703.8,707.3
1210722,1600,711.8,714.6,708.4,714.5
1210723,1600,718.6,723.3,717.0,723.3
1210726,1600,724.2,724.2,720.0,722.7
1210727,1600,723.3,724.7,708.0,708.0
1210728,1600,714.1,721.7,713.5,718.5
1210729,1600,714.8,716.5,711.8,715.3
1210730,1600,705.0,712.0,704.2,710.6
1210802,1600,714.9,715.4,710.0,714.8
1210803,1600,712.4,714.0,707.3,710.1
1210804,1600,716.1,717.6,713.3,717.4
1210805,1600,719.7,723.5,719.0,722.6
1210806,1600,723.6,725.9,722.6,723.9
1210809,1600,723.2,727.2,723.2,726.3
1210810,1600,727.7,730.3,722.9,724.8
1210811,1600,725.2,727.0,720.0,721.4
1210812,1600,721.4,724.8,719.5,724.8
1210813,1600,726.1,726.2,723.0,723.1
1210816,1600,723.1,724.4,714.8,718.3
1210817,1600,724.4,725.2,719.4,722.9
1210818,1600,723.7,724.5,721.5,722.1
1210819,1600,712.8,721.6,710.2,720.7
1210820,1600,721.1,730.0,717.9,727.9
1210823,1600,729.7,735.5,727.2,735.5
1210824,1600,739.1,740.2,736.0,737.4
1210825,1600,739.6,740.7,736.9,738.0
1210826,1600,735.1,737.7,733.0,734.8
1210827,1600,735.0,738.4,733.4,737.5
1210830,1600,738.8,746.7,738.4,745.6
1210831,1600,747.8,748.0,741.5,745.4
1210901,1600,747.8,748.0,745.0,747.2
1210902,1600,744.9,746.6,743.6,745.1
1210903,1600,742.0,744.1,738.6,744.0
1210906,1600,746.2,747.6,746.1,747.2
1210907,1600,746.3,746.9,742.6,746.4
1210908,1600,747.4,748.8,743.0,744.0
1210909,1600,743.5,748.6,742.7,745.9
1210910,1600,744.3,747.9,742.0,742.6
1210913,1600,742.2,744.5,734.2,735.3
1210914,1600,736.7,740.4,735.0,737.9
1210915,1600,737.4,737.6,731.7,733.7
1210916,1600,741.5,743.0,738.0,738.8
1210917,1600,744.9,744.9,737.4,737.4
1210920,1600,733.4,734.1,721.8,722.2
1210921,1600,726.6,730.1,721.9,727.9
1210922,1600,727.0,729.8,723.8,729.8
1210923,1600,733.9,737.6,731.5,736.0
1210924,1600,733.7,736.0,732.4,734.3
1210927,1600,741.8,741.8,729.2,732.7
1210928,1600,728.6,729.6,714.9,716.0
1210929,1600,718.9,724.0,718.5,718.7
1210930,1600,723.7,725.1,720.3,721.5
1211001,1600,710.3,717.8,708.8,715.5
1211004,1600,714.4,716.2,700.3,701.0
1211005,1600,707.1,716.3,705.0,715.6
1211006,1600,710.7,718.2,706.0,715.3
1211007,1600,727.3,732.6,726.5,731.9
1211008,1600,728.9,733.0,723.7,724.3
1211011,1600,719.6,726.8,717.4,726.1
1211012,1600,713.4,723.2,713.4,718.3
1211013,1600,715.0,722.0,714.5,716.6
1211014,1600,723.4,731.4,723.1,731.1
1211015,1600,733.4,736.2,731.9,735.7
1211018,1600,735.5,740.7,732.8,740.2
1211019,1600,742.7,746.4,742.1,746.4
1211020,1600,746.6,749.2,746.4,746.9
1211021,1600,743.4,749.2,743.2,747.6
1211022,1600,748.2,750.7,744.3,744.3
1211025,1600,746.1,750.8,744.6,750.1
1211026,1600,758.5,764.3,757.6,761.0
1211027,1600,758.4,763.0,755.2,762.3
1211028,1600,760.3,764.9,757.9,760.8
1211029,1600,757.1,769.4,753.5,769.4
1211101,1600,776.0,777.1,770.8,772.9
1211102,1600,772.6,778.8,772.5,777.7
1211103,1600,779.2,780.7,777.9,779.5
1211104,1600,791.0,799.1,789.3,797.6
1211105,1600,798.2,806.1,798.2,802.3
1211108,1600,797.2,800.1,794.9,797.8
1211109,1600,794.8,799.2,789.0,792.6
1211110,1600,792.7,794.2,783.9,791.9
1211111,1600,789.5,794.4,788.2,792.6
1211112,1600,792.8,798.9,790.9,798.9
1211115,1600,800.5,803.4,798.3,800.8
1211116,1600,804.5,812.4,803.2,812.4
1211117,1600,815.0,817.5,812.4,816.8
1211118,1600,816.4,818.2,812.0,817.2
1211119,1600,824.4,831.0,824.4,829.0
1211122,1600,833.4,841.5,832.4,834.1
1211123,1600,820.0,824.4,809.5,812.9
1211124,1600,820.3,823.2,812.5,822.9
1211125,1600,826.9,827.3,824.7,826.3
1211126,1600,814.2,815.9,800.3,803.1
1211129,1600,812.7,818.3,809.4,818.3
1211130,1600,813.4,817.7,808.7,808.7
1211201,1600,814.7,818.9,810.6,817.9
1211202,1600,794.6,798.6,787.0,793.5
1211203,1600,799.5,804.6,781.9,785.6
1211206,1600,789.5,790.7,779.5,788.3
1211207,1600,801.6,818.9,801.6,818.8
1211208,1600,819.7,823.8,810.1,813.1
1211209,1600,817.6,819.5,814.1,817.2
1211210,1600,809.1,817.4,806.7,807.7
1211213,1600,818.6,822.5,808.0,808.0
1211214,1600,808.5,808.8,790.2,791.4
1211215,1600,799.9,799.9,792.2,792.2
1211216,1600,818.6,823.0,799.7,799.7
1211217,1600,791.3,799.9,781.6,793.6
1211220,1600,782.9,783.0,775.9,775.9
1211221,1600,788.9,791.9,782.8,789.3
1211222,1600,799.7,804.6,795.5,804.6
1211223,1600,807.0,815.0,806.3,815.0
1211227,1600,813.5,824.9,813.5,823.4
1211228,1600,826.4,830.4,824.0,824.2
1211229,1600,827.3,829.3,815.2,819.1
1211230,1600,824.0,826.7,823.2,823.9
1220103,1600,817.1,822.3,814.0,820.7
1220104,1600,827.0,829.4,808.0,812.1
1220105,1600,811.3,812.4,803.7,805.6
1220106,1600,788.5,794.5,779.7,790.0
1220107,1600,786.4,791.0,773.2,778.2
1220110,1600,780.3,780.6,756.9,763.3
1220111,1600,778.4,784.6,773.2,783.9
1220112,1600,789.5,792.4,782.6,786.4
1220113,1600,782.0,786.9,775.9,779.4
1220114,1600,763.3,771.1,756.7,768.0
1220117,1600,769.8,774.7,768.7,772.4
1220118,1600,765.3,768.0,757.9,761.9
1220119,1600,751.3,765.6,751.3,753.7
1220120,1600,753.0,764.0,749.5,762.9
1220121,1600,735.8,740.1,724.0,737.6
1220124,1600,725.6,727.8,699.0,699.1
1220125,1600,710.9,720.0,704.5,704.8
1220126,1600,713.7,727.2,713.7,723.9
1220127,1600,706.4,730.1,705.8,726.7
1220128,1600,717.6,721.7,702.8,719.8
1220131,1600,731.5,743.8,728.7,742.7
1220201,1600,748.6,751.6,740.5,749.6
1220202,1600,760.0,763.7,748.3,750.1
1220203,1600,743.1,743.8,728.2,728.2
1220204,1600,729.1,730.1,710.4,720.7
1220207,1600,727.5,732.4,722.7,723.9
1220208,1600,722.4,727.6,717.3,727.6
1220209,1600,732.7,740.7,732.0,739.3
1220210,1600,743.6,743.8,731.2,731.2
1220211,1600,726.6,732.5,721.5,721.5
1220214,1600,711.6,719.0,701.8,717.4
1220215,1600,714.5,726.3,714.3,723.5
1220216,1600,724.0,727.8,715.9,718.2
1220217,1600,723.1,723.9,713.7,715.5
1220218,1600,708.5,711.0,698.0,699.7
1220221,1600,700.2,701.0,687.0,687.8
1220222,1600,682.6,704.0,682.5,692.3
1220223,1600,696.3,701.0,686.0,687.8
1220224,1600,659.8,688.2,659.4,684.5
1220225,1600,697.0,710.7,695.8,710.7
1220228,1600,708.3,719.0,704.5,719.0
1220301,1600,719.7,723.9,712.4,716.5
1220302,1600,713.2,723.7,711.3,722.0
1220303,1600,724.9,733.7,718.7,721.5
1220304,1600,717.8,724.2,711.4,712.6
1220307,1600,706.0,718.1,704.1,707.2
1220308,1600,687.9,695.1,682.0,684.1
1220309,1600,692.9,700.1,691.3,696.6
1220310,1600,700.5,701.6,687.5,688.7
1220311,1600,698.9,710.0,695.1,695.1
1220314,1600,690.5,691.8,676.0,676.3
1220315,1600,668.1,691.0,665.5,690.3
1220316,1600,702.9,711.4,701.0,707.9
1220317,1600,715.0,715.6,706.5,710.7
1220318,1600,716.5,730.9,715.6,730.5
1220321,1600,734.8,740.5,729.0,732.7
1220322,1600,741.0,752.9,737.0,749.9
1220323,1600,751.6,754.9,745.7,750.7
1220324,1600,748.3,753.3,744.0,750.3
1220325,1600,757.9,762.0,748.7,753.9
1220328,1600,759.5,768.6,757.0,760.6
1220329,1600,771.4,774.0,765.2,770.2
1220330,1600,772.4,772.6,764.7,766.7
1220331,1600,766.3,771.2,763.6,765.8
1220401,1600,762.9,765.1,757.7,757.7
1220404,1600,762.3,776.2,759.6,775.7
1220405,1600,780.6,782.5,771.0,772.1
1220406,1600,769.3,770.3,748.9,749.9
1220407,1600,752.4,757.5,747.6,747.7
1220408,1600,759.8,760.9,744.5,748.8
1220411,1600,740.1,741.5,728.5,731.7
1220412,1600,727.0,741.3,724.7,738.3
1220413,1600,734.1,737.8,728.3,737.1
1220414,1600,738.9,743.8,734.1,735.8
1220419,1600,732.6,742.3,724.7,741.9
1220420,1600,736.5,746.3,730.8,732.5
1220421,1600,730.7,741.7,729.7,731.8
1220422,1600,718.1,719.7,711.3,712.5
1220425,1600,698.8,709.6,695.0,705.1
1220426,1600,713.1,715.9,695.5,695.8
1220427,1600,696.2,710.0,693.0,705.1
1220428,1600,710.3,717.0,702.3,707.8
1220429,1600,715.8,720.7,706.0,708.8
1220502,1600,695.0,698.3,686.5,693.3
1220503,1600,704.8,705.3,695.8,703.2
1220504,1600,705.0,706.1,690.5,691.2
1220505,1600,717.5,720.0,693.2,695.9
1220506,1600,691.1,691.3,669.5,683.7
1220509,1600,678.1,679.1,658.3,659.5
1220510,1600,663.7,672.1,653.4,655.8
1220511,1600,665.5,672.3,651.0,659.1
1220512,1600,641.1,658.6,636.0,651.0
1220513,1600,657.7,672.1,656.8,670.6
1220516,1600,668.4,672.2,663.5,664.1
1220517,1600,668.3,677.1,662.5,669.7
1220518,1600,672.5,672.7,654.2,654.2
1220519,1600,642.6,642.7,631.5,640.9
1220520,1600,640.8,647.0,628.2,631.2
1220523,1600,640.0,640.4,626.0,635.5
1220524,1600,622.4,626.8,611.0,613.5
1220525,1600,628.4,631.0,620.0,626.4
1220526,1600,630.0,645.3,629.2,643.2
1220527,1600,646.3,664.6,643.9,664.6
1220530,1600,676.1,677.5,669.6,672.4
1220531,1600,668.4,671.4,660.1,664.6
1220601,1600,668.1,677.2,663.8,666.3
1220602,1600,666.9,669.4,659.2,667.8
1220603,1600,676.9,677.2,660.3,662.8
1220606,1600,667.3,677.2,667.3,669.4
1220607,1600,662.0,671.5,658.7,666.4
1220608,1600,669.7,672.7,666.3,672.4
1220609,1600,665.4,672.2,660.0,667.7
1220610,1600,655.2,659.1,636.5,636.8
1220613,1600,626.8,626.8,614.5,618.8
1220614,1600,622.1,622.4,611.0,615.9
1220615,1600,615.3,625.6,613.0,624.5
1220616,1600,622.4,622.8,598.7,601.2
1220617,1600,603.0,610.3,600.8,607.4
1220620,1600,609.9,611.4,608.0,611.0
1220621,1600,613.6,623.9,612.2,622.2
1220622,1600,613.3,626.0,608.6,623.4
1220623,1600,616.2,628.9,615.4,625.9
1220624,1600,632.7,646.8,632.7,641.8
1220627,1600,649.1,654.0,642.0,644.7
1220628,1600,645.8,652.4,636.3,636.4
1220629,1600,625.3,632.1,623.0,631.2
1220630,1600,622.8,628.1,615.0,623.0
1220701,1600,615.9,629.3,615.6,624.7
1220704,1600,625.8,626.4,623.3,626.4
1220705,1600,631.2,638.5,627.0,634.4
1220706,1600,650.0,658.6,648.1,654.0
1220707,1600,659.8,670.0,658.1,669.5
1220708,1600,671.7,678.4,667.1,676.4
1220711,1600,670.5,677.2,665.6,668.4
1220712,1600,665.8,674.8,663.6,668.3
1220713,1600,665.0,666.7,647.4,657.6
1220714,1600,660.1,660.5,652.8,656.0
1220715,1600,664.7,672.1,660.8,670.5
1220718,1600,676.6,679.3,670.2,675.3
1220719,1600,663.8,672.6,656.9,672.6
1220720,1600,678.4,691.1,677.1,691.1
1220721,1600,688.9,694.6,687.2,694.6
1220722,1600,694.2,701.1,688.7,688.7
1220725,1600,688.5,690.4,678.8,684.3
1220726,1600,681.3,686.5,677.6,677.8
1220727,1600,684.2,694.3,681.9,692.9
1220728,1600,695.1,703.9,691.3,703.5
1220729,1600,712.2,718.6,708.9,710.0
1220801,1600,714.2,720.2,709.4,717.6
1220802,1600,711.8,719.3,708.0,717.8
1220803,1600,717.2,735.4,715.7,735.2
1220804,1600,735.9,740.7,730.7,731.6
1220805,1600,737.3,739.3,729.2,730.3
1220808,1600,738.4,742.9,734.6,735.3
1220809,1600,731.9,732.2,717.2,721.3
1220810,1600,719.6,732.6,718.7,730.0
1220811,1600,737.6,741.5,732.8,734.9
1220812,1600,731.9,743.6,731.7,743.6
1220815,1600,748.3,755.8,745.7,755.1
1220816,1600,760.4,764.1,751.2,757.9
1220817,1600,758.8,758.8,747.3,747.8
1220818,1600,747.5,757.0,747.3,757.0
1220819,1600,753.9,755.0,746.6,746.6
1220822,1600,744.3,744.7,735.0,738.5
1220823,1600,734.8,738.3,729.7,732.5
1220824,1600,733.0,737.6,729.2,735.8
1220825,1600,738.8,742.8,735.1,739.9
1220826,1600,746.0,746.3,724.8,726.0
1220829,1600,711.8,712.4,705.5,707.6
1220830,1600,710.6,714.4,695.0,698.1
1220831,1600,702.9,707.3,692.6,695.2
1220901,1600,687.7,693.0,684.0,688.3
1220902,1600,697.2,704.4,693.4,701.4
1220905,1600,693.8,693.8,688.3,692.8
1220906,1600,692.9,696.7,684.1,691.3
1220907,1600,686.3,692.2,685.6,690.8
1220908,1600,697.2,703.5,689.3,703.0
1220909,1600,697.2,709.0,696.0,709.0
1220912,1600,704.7,713.1,702.5,711.7
1220913,1600,714.0,716.6,690.0,691.5
1220914,1600,686.9,689.3,681.0,686.8
1220915,1600,691.1,691.3,675.6,678.8
1220916,1600,670.0,673.0,663.6,664.7
1220919,1600,668.6,673.5,665.9,669.0
1220920,1600,676.7,678.6,671.7,674.4
1220921,1600,676.1,682.6,675.2,682.5
1220922,1600,666.7,671.0,660.8,662.1
1220923,1600,662.5,664.5,657.0,659.9
1220926,1600,660.0,672.7,658.0,667.7
1220927,1600,669.1,676.3,667.3,667.3
1220928,1600,663.0,669.8,657.9,668.1
1220929,1600,666.7,667.3,646.3,647.0
1220930,1600,649.3,654.0,644.0,651.1
1221003,1600,633.7,645.0,629.3,642.4
1221004,1600,653.6,661.2,652.6,658.6
1221005,1600,653.9,657.9,651.0,654.2
1221006,1600,662.9,671.9,657.8,668.0
1221007,1600,662.4,664.4,645.7,646.1
1221010,1600,641.1,646.6,635.8,638.5
1221011,1600,632.6,636.5,627.7,634.1
1221012,1600,633.1,637.1,630.0,631.7
1221013,1600,629.5,635.3,612.7,632.4
1221014,1600,643.2,649.0,629.5,630.3
1221017,1600,629.9,640.7,626.8,637.6
1221018,1600,646.3,653.2,637.7,637.7
1221019,1600,645.8,649.3,641.1,643.8
1221020,1600,639.3,650.0,636.5,648.3
1221021,1600,636.6,645.7,634.5,642.2
1221024,1600,652.2,657.0,642.3,650.2
1221025,1600,658.0,661.7,654.6,661.3
1221026,1600,651.2,655.6,645.6,654.4
1221027,1600,643.0,646.8,635.9,640.6
1221028,1600,629.5,652.1,628.1,650.2
1221031,1600,656.1,657.5,649.3,654.7
1221101,1600,656.6,660.0,648.3,649.0
1221102,1600,649.7,650.0,641.2,641.2
1221103,1600,631.8,633.0,621.0,625.8
1221104,1600,622.3,626.5,610.7,612.8
1221107,1600,616.4,621.0,614.5,618.4
1221108,1600,620.0,628.8,619.8,628.8
1221109,1600,624.7,625.5,616.5,617.2
1221110,1600,614.0,637.8,613.6,637.8
1221111,1600,647.3,648.2,636.7,639.0
1221114,1600,645.3,648.3,642.0,645.2
1221115,1600,643.9,655.3,642.8,655.1
1221116,1600,649.9,649.9,636.5,639.8
1221117,1600,642.7,643.2,632.1,637.9
1221118,1600,638.2,646.7,636.0,639.6
1221121,1600,642.5,645.4,639.5,640.6
1221122,1600,638.0,641.6,635.7,640.2
1221123,1600,643.9,649.0,643.5,647.3
1221124,1600,646.2,650.1,645.7,648.3
1221125,1600,647.0,647.0,641.8,641.8
1221128,1600,637.7,639.0,629.9,637.8
1221129,1600,637.3,638.7,628.3,629.2
1221130,1600,631.6,634.8,628.7,634.8
1221201,1600,655.1,655.3,645.3,649.6
1221202,1600,647.8,649.7,637.0,643.4
1221205,1600,642.6,644.4,639.1,639.1
1221206,1600,637.2,639.5,624.3,627.1
1221207,1600,627.2,627.2,615.9,620.1
1221208,1600,620.7,626.7,619.0,624.1
1221209,1600,627.3,630.0,621.4,628.4
1221212,1600,623.1,624.7,620.8,622.7
1221213,1600,630.5,648.8,629.9,640.0
1221214,1600,632.1,635.3,628.6,634.2
1221215,1600,621.5,621.5,605.3,607.1
1221216,1600,603.8,606.0,597.8,601.3
1221219,1600,601.0,604.3,593.9,593.9
1221220,1600,587.6,593.9,586.4,589.0
1221221,1600,594.0,602.7,592.8,601.5
1221222,1600,600.5,601.5,583.6,584.8
1221223,1600,585.9,589.8,579.3,584.2
1221227,1600,590.7,591.2,577.0,579.3
1221228,1600,579.1,580.0,572.4,572.8
1221229,1600,573.3,582.6,572.0,582.3
1221230,1600,579.7,580.7,576.2,576.3
1230102,1600,587.2,593.5,587.0,593.5
1230103,1600,588.3,596.6,581.6,581.6
1230104,1600,584.7,586.7,578.8,586.6
1230105,1600,581.6,586.4,578.0,581.5
1230106,1600,579.8,586.0,575.0,584.4
1230109,1600,586.9,597.0,586.6,595.9
1230110,1600,586.1,591.7,583.3,587.1
1230111,1600,591.1,596.3,590.7,595.5
1230112,1600,600.9,603.1,592.8,596.9
1230113,1600,598.8,600.5,594.4,598.7
1230116,1600,603.5,605.5,600.3,603.7
1230117,1600,601.7,609.2,600.0,606.3
1230118,1600,606.6,611.1,602.2,602.2
1230119,1600,598.2,598.9,592.0,592.0
1230120,1600,594.6,600.8,591.9,600.6
1230123,1600,604.6,620.5,603.3,618.6
1230124,1600,618.2,621.1,615.3,618.4
1230125,1600,614.7,614.7,601.9,608.3
1230126,1600,617.6,625.4,617.4,621.9
1230127,1600,625.0,633.6,623.6,633.6
1230130,1600,629.9,629.9,622.6,627.0
1230131,1600,624.3,628.9,619.8,628.4
1230201,1600,629.7,630.9,625.3,627.9
1230202,1600,643.5,664.6,643.5,664.6
1230203,1600,653.9,671.2,653.0,671.2
1230206,1600,659.1,663.4,654.8,663.4
1230207,1600,660.8,665.7,659.4,665.7
1230208,1600,672.0,672.8,660.7,661.1
1230209,1600,665.5,667.6,661.6,661.7
1230210,1600,653.2,656.1,649.1,653.1
1230213,1600,652.5,661.4,652.5,660.7
1230214,1600,661.6,665.3,655.0,657.2
1230215,1600,662.4,669.4,662.2,669.3
1230216,1600,674.7,675.0,664.0,669.5
1230217,1600,659.5,660.8,652.6,652.6
1230220,1600,655.3,658.4,654.9,656.1
1230221,1600,654.0,654.0,645.5,645.7
1230222,1600,644.5,647.1,640.6,645.5
1230223,1600,650.4,654.3,645.7,646.3
1230224,1600,650.6,650.6,641.0,642.5
1230227,1600,647.6,651.3,645.8,646.7
1230228,1600,644.2,648.4,643.3,646.0
1230301,1600,645.3,645.6,618.0,635.5
1230302,1600,631.4,638.0,631.2,636.1
1230303,1600,644.0,653.5,643.0,652.7
1230306,1600,657.5,662.7,656.1,661.8
1230307,1600,655.6,658.3,652.5,656.0
1230308,1600,654.9,657.6,653.0,654.5
1230309,1600,655.9,662.5,652.0,659.3
1230310,1600,642.8,649.9,632.2,642.9
1230313,1600,636.1,638.7,620.6,634.3
1230314,1600,635.1,646.9,632.2,646.1
1230315,1600,645.2,657.3,640.0,652.4
1230316,1600,658.4,677.0,655.1,668.5
1230317,1600,671.6,676.5,665.0,666.8
1230320,1600,664.5,667.3,657.0,661.0
1230321,1600,666.7,669.6,663.9,667.3
1230322,1600,669.6,674.4,668.6,671.4
1230323,1600,661.7,672.4,661.7,670.3
1230324,1600,670.0,672.0,667.0,668.7
1230327,1600,676.4,676.6,670.0,670.3
1230328,1600,667.7,667.7,657.5,659.4
1230329,1600,667.6,670.6,665.0,670.0
1230330,1600,674.1,676.4,672.5,675.1
1230331,1600,676.2,684.0,675.8,683.6
1230403,1600,688.5,688.7,681.1,681.9
1230404,1600,684.1,688.5,679.2,680.7
1230405,1600,680.3,680.8,672.4,673.5
1230406,1600,674.4,675.4,670.2,674.7
1230411,1600,681.7,682.0,674.4,674.7
1230412,1600,673.4,678.9,666.8,668.5
1230413,1600,667.2,670.1,663.4,669.5
1230414,1600,671.9,678.2,669.5,674.3
1230417,1600,677.5,680.5,676.0,677.0
1230418,1600,679.3,684.3,676.9,678.7
1230419,1600,675.6,677.5,673.5,676.6
1230420,1600,675.2,676.0,670.2,674.6
1230421,1600,673.4,673.7,669.0,672.4
1230424,1600,670.3,672.6,665.6,665.6
1230425,1600,665.0,667.4,663.9,665.2
1230426,1600,664.9,665.4,657.1,663.3
1230427,1600,664.0,673.5,663.3,673.1
1230428,1600,677.5,681.5,674.9,677.0
1230502,1600,684.5,687.0,674.9,675.9
1230503,1600,676.7,678.0,673.9,674.6
1230504,1600,670.8,673.1,666.6,672.1
1230505,1600,670.9,682.0,670.4,680.6
1230508,1600,681.6,683.2,679.2,682.6
1230509,1600,685.1,686.9,684.2,686.1
1230510,1600,684.6,691.3,681.7,689.7
1230511,1600,696.1,697.8,692.2,696.7
1230512,1600,697.7,700.8,696.6,696.6
1230515,1600,699.3,700.6,694.8,699.4
1230516,1600,699.9,705.1,698.3,704.7
1230517,1600,704.0,708.6,703.5,707.6
1230518,1600,713.2,727.0,713.2,726.5
1230519,1600,729.7,731.5,724.7,724.7
1230522,1600,726.2,730.4,723.9,729.1
1230523,1600,729.1,730.9,726.9,728.7
1230524,1600,720.4,721.6,714.4,716.8
1230525,1600,732.6,739.0,731.2,737.5
1230526,1600,738.4,755.5,736.4,754.8
1230529,1600,761.5,762.6,760.6,761.4
1230530,1600,764.0,768.8,761.0,764.1
1230531,1600,761.1,764.5,758.3,758.3
1230601,1600,759.0,761.6,754.0,760.3
1230602,1600,764.4,772.4,763.7,771.4
1230605,1600,771.2,778.0,770.8,777.2
1230606,1600,771.9,775.6,771.1,773.6
1230607,1600,773.9,776.6,766.0,768.1
1230608,1600,757.0,763.8,756.0,763.0
1230609,1600,764.0,774.0,762.7,769.1
1230612,1600,772.2,774.2,769.5,774.2
1230613,1600,782.8,786.2,778.9,784.4
1230614,1600,784.9,787.4,779.6,786.3
1230615,1600,787.9,788.5,778.6,786.0
1230616,1600,787.9,793.0,786.9,789.2
1230619,1600,785.3,786.6,783.0,783.5
1230620,1600,783.0,788.2,779.4,782.0
1230621,1600,783.6,785.0,769.8,772.2
1230622,1600,767.2,776.4,764.8,776.4
1230623,1600,779.7,784.6,773.9,776.1
1230626,1600,776.7,780.7,772.0,773.7
1230627,1600,766.9,769.1,764.4,769.1
1230628,1600,773.4,783.9,771.1,781.9
1230629,1600,780.7,783.5,778.0,781.7
1230630,1600,783.4,791.5,783.4,790.0
1230703,1600,793.6,795.7,790.0,790.3
1230704,1600,791.7,793.7,791.7,793.0
1230705,1600,791.0,798.5,788.8,795.2
1230706,1600,792.3,793.7,783.2,785.1
1230707,1600,786.2,789.3,782.3,784.1
1230710,1600,776.7,781.9,775.1,778.0
1230711,1600,778.4,781.6,775.4,778.1
1230712,1600,780.6,786.7,780.6,781.9
1230713,1600,783.6,787.0,783.6,785.5
1230714,1600,789.9,796.0,787.7,793.6
1230717,1600,787.8,793.2,786.9,792.1
1230718,1600,792.4,794.8,791.0,793.6
1230719,1600,803.2,809.1,802.0,808.1
1230720,1600,797.7,802.0,795.0,798.6
1230721,1600,791.3,796.7,790.0,793.1
1230724,1600,788.5,794.8,788.0,791.9
1230725,1600,794.6,801.6,793.8,800.7
1230726,1600,799.5,799.9,791.9,793.7
1230727,1600,799.8,816.4,799.7,813.2
1230728,1600,805.2,813.0,804.9,812.8
1230731,1600,811.6,814.0,809.0,811.9
1230801,1600,816.0,816.0,811.2,815.3
1230802,1600,806.3,809.0,800.9,801.4
1230803,1600,797.0,800.6,794.0,798.1
1230804,1600,801.3,803.7,791.2,796.6
1230807,1600,794.2,796.3,789.0,790.2
1230808,1600,793.6,795.8,786.8,787.6
1230809,1600,795.2,795.2,781.6,782.5
1230810,1600,784.8,791.8,783.5,787.3
1230811,1600,784.2,784.9,777.5,777.7
1230814,1600,780.6,791.3,780.5,788.6
1230815,1600,792.4,792.5,782.8,787.1
1230816,1600,784.5,785.9,782.6,784.0
1230817,1600,779.7,780.9,773.8,774.4
1230818,1600,769.7,770.3,761.6,765.4
1230821,1600,769.0,777.1,768.6,772.3
1230822,1600,778.6,788.0,778.6,785.2
1230823,1600,785.1,794.1,785.0,793.4
1230824,1600,804.9,805.3,785.3,785.6
1230825,1600,780.0,787.3,777.7,782.4
1230828,1600,786.2,794.4,786.2,789.1
1230829,1600,794.0,803.6,791.3,803.6
1230830,1600,805.0,805.4,798.5,803.8
1230831,1600,806.7,817.2,806.7,814.7
1230901,1600,812.6,818.2,811.8,816.3
1230904,1600,818.4,819.8,816.9,817.3
1230905,1600,816.8,825.7,815.3,823.0
1230906,1600,820.2,820.6,814.7,816.3
1230907,1600,813.4,813.6,806.0,810.5
1230908,1600,813.0,815.3,809.1,815.3
1230911,1600,814.1,818.0,812.0,814.1
1230912,1600,819.8,820.4,812.7,814.6
1230913,1600,810.4,815.4,807.4,815.4
1230914,1600,816.6,826.2,814.8,824.6
1230915,1600,828.2,828.2,812.2,812.5
1230918,1600,812.6,813.6,808.4,811.8
1230919,1600,810.2,812.5,802.3,805.1
1230920,1600,809.4,811.1,804.7,805.1
1230921,1600,798.5,798.5,788.7,789.5
1230922,1600,787.1,792.8,786.5,792.6
1230925,1600,788.7,792.8,784.0,792.1
1230926,1600,789.8,790.5,782.6,784.8
1230927,1600,785.9,791.3,785.7,788.2
1230928,1600,790.8,791.9,783.0,791.9
1230929,1600,793.0,801.4,792.6,795.9
1231002,1600,797.3,806.7,793.7,805.2
1231003,1600,806.1,807.2,793.0,793.4
1231004,1600,787.7,796.9,785.6,795.4
1231005,1600,799.1,801.3,788.8,790.5
1231006,1600,795.6,797.7,788.0,797.7
1231009,1600,803.2,805.3,800.0,804.7
1231010,1600,812.3,817.5,808.8,817.5
1231011,1600,813.6,817.5,812.5,814.0
1231012,1600,819.0,827.0,818.9,824.9
1231013,1600,821.0,823.7,814.7,815.5
1231016,1600,812.9,820.2,809.1,819.5
1231017,1600,818.6,819.3,806.0,814.6
1231018,1600,810.7,814.0,809.3,812.1
1231019,1600,804.5,807.2,800.2,803.3
1231020,1600,792.0,794.4,782.9,782.9
1231023,1600,784.7,785.8,774.8,783.4
1231024,1600,783.2,792.9,783.0,790.1
1231025,1600,787.6,790.6,780.4,781.3
1231026,1600,766.9,774.1,765.3,767.0
1231027,1600,766.2,769.6,764.0,767.1
1231030,1600,770.6,772.4,763.2,766.1
1231031,1600,764.9,771.8,764.0,771.1
1231101,1600,774.9,785.4,773.8,784.1
1231102,1600,791.6,797.6,791.2,797.6
1231103,1600,796.8,801.3,794.7,801.3
1231106,1600,801.3,803.9,800.5,802.1
1231107,1600,804.4,816.0,804.1,816.0
1231108,1600,814.5,817.7,811.8,812.5
1231109,1600,814.3,816.8,812.5,815.8
1231110,1600,811.2,820.8,807.4,820.0
1231113,1600,823.8,827.2,821.8,825.1
1231114,1600,825.4,832.2,823.4,828.6
1231115,1600,830.8,835.0,830.3,832.8
1231116,1600,830.0,830.2,824.8,826.4
1231117,1600,832.2,833.0,825.3,827.5
1231120,1600,824.6,830.8,824.0,830.7
1231121,1600,833.3,834.6,826.0,828.3
1231122,1600,830.5,842.4,830.3,839.1
1231123,1600,836.7,837.6,834.7,837.0
1231124,1600,835.0,837.1,830.0,831.9
1231127,1600,829.7,833.8,828.6,833.2
1231128,1600,829.3,830.5,826.0,830.0
1231129,1600,830.9,838.5,830.4,831.5
1231130,1600,833.5,837.0,828.0,828.6
1231201,1600,832.7,836.7,831.0,834.4
1231204,1600,834.4,834.4,834.4,834.4
1231205,1600,834.4,834.4,834.4,834.4
1231206,1600,834.4,834.4,834.4,834.4
1231207,1600,835.5,844.1,834.7,844.1
1231208,1600,844.5,851.4,841.2,849.8
1231211,1600,850.6,858.1,848.5,854.7
1231212,1600,859.0,860.1,855.6,859.6
1231213,1600,865.9,867.6,864.6,865.1
1231214,1600,871.0,871.5,856.5,857.0
1231215,1600,859.6,870.1,859.2,870.1
1231218,1600,867.4,871.0,865.9,870.7
1231219,1600,871.6,873.1,869.3,871.2
1231220,1600,873.6,876.2,871.0,874.8
1231221,1600,868.2,869.3,863.9,866.0
1231222,1600,865.9,870.5,864.2,868.7
1231227,1600,871.4,874.9,864.3,866.8
1231228,1600,869.5,872.0,867.8,870.0
1231229,1600,871.1,873.6,869.3,871.3
1240102,1600,870.4,870.9,859.3,862.9
1240103,1600,860.1,860.8,855.6,857.3
1240104,1600,855.0,855.3,848.0,853.0
1240105,1600,847.8,852.2,846.3,850.3
1240108,1600,849.1,857.7,846.3,857.2
1240109,1600,863.6,867.5,859.5,867.2
1240110,1600,870.9,871.8,867.5,869.3
1240111,1600,875.9,877.7,866.3,866.9
1240112,1600,871.7,877.0,871.0,874.2
1240115,1600,876.9,877.4,874.9,876.4
1240116,1600,871.5,884.5,870.9,883.2
1240117,1600,875.5,878.8,869.9,876.8
1240118,1600,877.7,890.2,877.7,890.2
1240119,1600,893.3,897.1,892.6,896.0
1240122,1600,910.3,912.9,906.3,909.4
1240123,1600,906.6,913.0,904.8,910.0
1240124,1600,917.1,921.8,913.9,919.3
1240125,1600,916.1,925.9,915.0,925.9
1240126,1600,914.4,918.4,911.8,917.5
1240129,1600,917.3,920.8,916.4,920.0
1240130,1600,924.9,927.5,921.0,922.1
1240131,1600,914.3,914.9,901.6,905.0
1240201,1600,910.1,911.9,902.7,903.8
1240202,1600,916.3,929.0,915.2,929.0
1240205,1600,930.2,936.0,928.0,932.0
1240206,1600,936.6,938.3,929.3,930.9
1240207,1600,929.1,940.8,928.7,938.1
1240208,1600,939.2,943.3,938.3,942.4
1240209,1600,942.6,947.2,941.0,945.7
1240212,1600,948.1,953.7,947.9,953.7
1240213,1600,945.9,946.3,931.6,940.0
1240214,1600,940.8,944.4,936.8,939.5
1240215,1600,948.4,948.5,938.5,941.6
1240216,1600,948.6,951.1,936.0,941.7
1240219,1600,935.9,939.4,934.5,938.2
1240220,1600,934.0,934.3,917.7,920.3
1240221,1600,923.4,923.5,917.1,919.3
1240222,1600,935.6,945.0,933.4,945.0
1240223,1600,946.9,952.0,943.9,946.0
1240226,1600,942.6,945.8,941.8,944.8
1240227,1600,942.4,945.5,939.8,942.6
1240228,1600,945.0,945.7,939.0,943.0
1240229,1600,939.1,948.0,936.0,945.4
1240301,1600,955.3,958.7,949.6,957.7
1240304,1600,962.3,964.4,958.4,958.6
1240305,1600,954.3,954.5,937.9,940.6
1240306,1600,944.2,947.8,939.7,944.9
1240307,1600,939.3,953.2,937.5,952.0
1240308,1600,953.6,959.0,947.2,947.7
1240311,1600,938.4,939.8,933.6,938.0
1240312,1600,942.9,950.8,937.3,946.4
1240313,1600,951.2,951.2,940.0,941.7
1240314,1600,946.3,947.8,938.8,945.0
1240315,1600,942.6,946.6,931.8,932.8
1240318,1600,938.3,949.3,936.7,946.6
1240319,1600,942.6,946.6,936.0,943.7
1240320,1600,946.4,951.2,945.7,946.9
1240321,1600,960.4,969.9,959.0,969.2
1240322,1600,966.0,968.7,962.0,965.6
1240325,1600,966.0,967.2,957.5,963.0
1240326,1600,965.0,966.8,962.6,965.2
1240327,1600,963.1,967.5,958.4,960.3
1240328,1600,965.9,967.6,962.8,964.3
1240402,1600,972.3,973.0,953.6,957.4
1240403,1600,958.0,961.3,953.4,960.6
1240404,1600,959.0,963.9,958.0,961.0
1240405,1600,943.6,955.8,942.0,953.2
1240408,1600,952.6,956.3,950.0,952.8
1240409,1600,952.6,954.4,944.2,947.7
1240410,1600,955.8,958.0,946.1,954.7
1240411,1600,957.4,963.7,953.6,963.0
1240412,1600,977.8,978.2,967.2,970.7
1240415,1600,969.6,974.6,965.1,967.1
1240416,1600,950.7,952.7,946.4,951.7
1240417,1600,948.7,953.8,942.2,942.2
1240418,1600,940.0,941.0,931.8,938.7
1240419,1600,925.5,930.4,918.0,918.0
1240422,1600,917.5,921.2,911.9,915.2
1240423,1600,922.4,931.0,918.8,930.1
1240424,1600,938.5,942.0,934.0,935.2
1240425,1600,922.2,924.9,916.9,918.2
1240426,1600,935.5,947.7,933.7,945.4
1240429,1600,946.0,950.4,943.6,943.6
1240430,1600,947.2,947.8,941.1,941.8
1240502,1600,928.2,932.8,923.5,927.9
1240503,1600,937.0,947.6,936.0,945.6
1240506,1600,949.3,952.9,948.3,952.9
1240507,1600,958.3,960.8,955.9,959.7
1240508,1600,961.2,962.1,954.1,959.7
1240509,1600,958.6,961.1,954.9,959.9
1240510,1600,961.7,964.6,959.0,960.5
1240513,1600,963.7,964.1,959.1,961.5
1240514,1600,962.1,964.0,956.4,962.0
1240515,1600,965.1,971.6,963.9,971.2
1240516,1600,977.3,980.1,976.3,979.2
1240517,1600,975.7,978.7,974.0,974.0
1240520,1600,974.6,981.1,974.3,981.1
1240521,1600,980.4,981.5,977.4,981.2
1240522,1600,983.6,987.9,983.0,987.4
1240523,1600,994.2,996.6,987.5,992.6
1240524,1600,983.4,990.7,981.9,990.4
1240527,1600,989.3,991.2,987.8,991.2
1240528,1600,990.5,993.0,986.1,989.5
1240529,1600,989.2,992.7,984.1,991.4
1240530,1600,984.3,987.3,977.8,980.1
1240531,1600,975.3,976.7,961.1,961.8
1240603,1600,978.9,983.6,972.0,974.3
1240604,1600,971.7,977.0,969.7,972.6
1240605,1600,980.3,994.2,979.2,994.0
1240606,1600,999.0,1001.8,996.0,998.2
1240607,1600,999.0,1006.8,996.7,1005.8
1240610,1600,1007.8,1012.8,1005.4,1012.8
1240611,1600,1010.8,1017.2,1009.2,1015.4
1240612,1600,1021.8,1029.2,1019.8,1026.4
1240613,1600,1037.0,1038.6,1033.2,1038.0
1240614,1600,1044.0,1049.8,1040.0,1046.2
1240617,1600,1051.2,1052.6,1046.0,1050.6
1240618,1600,1059.0,1063.6,1055.0,1056.2
1240619,1600,1060.8,1061.4,1058.6,1060.6
1240620,1600,1066.0,1068.4,1056.4,1061.0
1240621,1600,1055.2,1057.0,1049.8,1054.2
1240624,1600,1052.4,1053.0,1040.2,1044.8
1240625,1600,1038.2,1049.2,1036.2,1048.6
1240626,1600,1053.8,1057.6,1050.0,1053.0
1240627,1600,1052.6,1057.4,1051.0,1051.0
1240628,1600,1060.0,1067.4,1057.0,1058.8
1240701,1600,1048.2,1049.8,1039.8,1049.6
1240702,1600,1049.8,1058.6,1047.8,1058.6
1240703,1600,1062.0,1063.8,1056.8,1062.8
1240704,1600,1067.0,1068.0,1064.0,1064.8
1240705,1600,1067.2,1072.8,1064.0,1072.6
1240708,1600,1075.0,1077.2,1072.8,1077.0
1240709,1600,1080.6,1084.2,1080.2,1081.4
1240710,1600,1080.8,1085.2,1080.6,1083.2
1240711,1600,1089.2,1089.4,1067.2,1067.4
1240712,1600,1063.2,1071.0,1057.4,1070.2
1240715,1600,1071.0,1077.2,1066.6,1073.2
1240716,1600,1069.4,1074.4,1064.8,1066.8
1240717,1600,1060.4,1060.4,1039.0,1040.8
1240718,1600,1041.4,1044.2,1027.6,1027.6
1240719,1600,1031.0,1037.2,1026.0,1026.0
1240722,1600,1029.0,1041.0,1028.2,1030.6
1240723,1600,1036.2,1047.0,1034.2,1046.0
1240724,1600,1029.8,1032.0,1010.6,1011.2
1240725,1600,1006.0,1006.0,986.9,1002.0
1240726,1600,997.0,1003.2,993.3,997.2
1240729,1600,1007.6,1015.4,1002.0,1002.0
1240730,1600,1005.8,1011.8,995.9,996.5
1240731,1600,1005.8,1020.4,1005.0,1020.2
1240801,1600,1027.8,1032.4,1011.6,1011.6
1240802,1600,982.2,984.6,956.0,962.8
1240805,1600,916.8,940.7,896.3,937.9
1240806,1600,948.2,952.0,933.8,947.7
1240807,1600,951.0,964.7,947.5,959.8
1240808,1600,935.5,960.1,928.7,957.8
1240809,1600,961.2,970.3,957.4,962.8
1240812,1600,969.0,974.6,963.5,967.1
1240813,1600,974.5,984.4,970.1,984.4
1240814,1600,987.1,987.9,973.2,986.5
1240815,1600,989.2,1010.2,986.5,1009.6
1240816,1600,1018.2,1018.4,1006.0,1010.4
1240819,1600,1008.6,1011.8,1005.0,1010.4
1240820,1600,1021.0,1023.4,1010.6,1014.8
1240821,1600,1013.2,1021.0,1012.0,1014.4
1240822,1600,1016.6,1024.0,1013.2,1013.2
1240823,1600,1006.8,1015.0,999.9,1005.2
1240826,1600,1006.6,1010.8,993.3,998.9
1240827,1600,999.9,1003.8,992.8,999.6
1240828,1600,1003.2,1006.6,989.7,992.1
1240829,1600,990.8,1012.6,990.8,1009.4
1240830,1600,1001.2,1008.6,1000.6,1002.6
1240902,1600,1007.2,1012.6,1005.0,1011.6
1240903,1600,1010.2,1011.6,988.5,992.1
1240904,1600,973.3,982.8,969.4,978.1
1240905,1600,973.2,983.2,966.0,970.7
1240906,1600,965.7,974.7,949.6,951.6
1240909,1600,958.7,966.9,955.5,960.7
1240910,1600,961.7,973.9,960.9,971.0
1240911,1600,971.0,979.3,962.0,968.9
1240912,1600,1001.2,1003.0,992.8,997.8
1240913,1600,1002.6,1006.0,999.1,1005.4
1240916,1600,1001.6,1003.4,990.5,995.0
1240917,1600,999.2,1006.6,999.1,1002.6
1240918,1600,1000.4,1001.4,996.6,997.0
1240919,1600,1008.8,1022.8,1007.6,1020.0
1240920,1600,1012.8,1015.4,1008.0,1011.0
1240923,1600,1016.0,1022.0,1014.0,1020.0
1240924,1600,1023.2,1024.0,1011.8,1019.6
1240925,1600,1014.2,1024.6,1013.4,1024.6
1240926,1600,1036.8,1042.2,1022.6,1023.8
1240927,1600,1029.2,1032.0,1024.4,1025.4
1240930,1600,1022.4,1025.8,1015.6,1025.2
1241001,1600,1029.8,1036.4,1013.2,1018.6
1241002,1600,1019.4,1028.8,1015.6,1028.2
1241003,1600,1023.6,1035.2,1018.8,1028.0
1241004,1600,1026.0,1045.8,1025.6,1034.8
1241007,1600,1042.4,1042.6,1035.8,1040.2
1241008,1600,1029.0,1045.6,1028.8,1044.4
1241009,1600,1045.0,1055.4,1043.4,1055.4
1241010,1600,1059.0,1060.0,1051.0,1059.8
1241011,1600,1057.0,1060.0,1052.8,1057.6
1241014,1600,1059.6,1072.8,1059.0,1067.0
1241015,1600,1072.0,1072.6,1057.2,1061.0
1241016,1600,1061.0,1062.0,1051.8,1058.4
1241017,1600,1067.0,1079.2,1065.6,1070.2
1241018,1600,1068.8,1071.4,1066.8,1070.2
1241021,1600,1068.0,1074.2,1063.0,1067.6
1241022,1600,1071.4,1076.6,1067.6,1073.8
1241023,1600,1078.4,1080.0,1068.0,1069.2
1241024,1600,1070.0,1073.8,1066.6,1069.0
1241025,1600,1069.8,1084.2,1068.6,1082.6
1241028,1600,1082.8,1085.0,1076.6,1077.4
1241029,1600,1077.2,1084.4,1074.8,1082.6
1241030,1600,1088.6,1088.6,1077.2,1079.6
1241031,1600,1062.2,1066.2,1048.0,1050.0
1241101,1600,1051.0,1061.6,1047.2,1060.2
1241104,1600,1052.8,1054.8,1043.4,1051.4
1241105,1600,1049.8,1058.8,1048.8,1058.0
1241106,1600,1093.8,1103.4,1090.2,1100.8
1241107,1600,1106.2,1115.0,1104.4,1114.8
1241108,1600,1121.6,1124.8,1113.4,1124.8
1241111,1600,1132.6,1139.0,1129.6,1132.6
1241112,1600,1134.4,1138.2,1131.8,1135.8
1241113,1600,1133.0,1137.8,1128.4,1137.8
1241114,1600,1138.8,1146.8,1132.4,1135.4
1241115,1600,1123.8,1123.8,1108.2,1109.2
1241118,1600,1110.6,1115.2,1103.8,1115.2
1241119,1600,1112.6,1113.8,1097.0,1113.8
1241120,1600,1120.8,1123.0,1108.6,1114.0
1241121,1600,1118.0,1130.8,1110.0,1127.2
1241122,1600,1130.0,1144.4,1129.8,1138.0
1241125,1600,1141.6,1142.6,1131.0,1135.6
1241126,1600,1135.4,1140.6,1130.2,1139.0
1241127,1600,1137.2,1137.2,1116.2,1118.6
1241128,1600,1129.6,1130.0,1126.0,1128.6
1241129,1600,1126.8,1134.0,1123.8,1133.6
1241202,1600,1139.0,1154.6,1134.6,1153.0
1241203,1600,1152.8,1153.0,1145.0,1152.4
1241204,1600,1158.6,1168.0,1158.0,1162.6
1241205,1600,1163.6,1167.0,1159.4,1162.6
1241206,1600,1158.2,1170.6,1154.8,1167.8
1241209,1600,1172.2,1173.0,1155.8,1160.4
1241210,1600,1161.8,1173.8,1161.0,1167.0
1241211,1600,1165.4,1184.2,1164.0,1183.8
1241212,1600,1182.2,1185.2,1176.4,1180.6
1241213,1600,1186.8,1192.4,1179.8,1183.6
1241216,1600,1186.0,1199.6,1184.0,1198.2
1241217,1600,1200.2,1205.4,1193.6,1201.0
1241218,1600,1200.4,1203.2,1194.2,1201.2
1241219,1600,1169.0,1177.8,1166.4,1173.8
1241220,1600,1158.2,1177.0,1141.0,1177.0
1241223,1600,1177.0,1178.0,1168.4,1174.6
1241227,1600,1192.0,1192.0,1168.4,1175.0
1241230,1600,1174.6,1177.8,1162.6,1163.6
1250102,1600,1168.8,1178.8,1163.0,1178.0
1250103,1600,1171.4,1180.4,1168.0,1180.4
1250106,1600,1183.4,1195.2,1180.4,1191.8
1250107,1600,1182.6,1189.2,1171.8,1175.8
1250108,1600,1174.2,1179.2,1168.6,1175.8
1250109,1600,1170.8,1179.8,1170.2,1174.0
1250110,1600,1172.8,1177.2,1156.0,1160.4
1250113,1600,1160.2,1160.8,1149.8,1156.0
1250114,1600,1165.8,1168.8,1151.4,1154.0
1250115,1600,1151.6,1178.2,1151.4,1176.2
1250116,1600,1188.2,1188.6,1177.0,1178.0
1250117,1600,1174.8,1197.2,1173.6,1191.2
1250120,1600,1190.2,1191.6,1181.2,1185.8
1250121,1600,1184.2,1192.6,1177.6,1180.6
1250122,1600,1192.8,1202.8,1188.6,1202.6
1250123,1600,1197.4,1200.0,1193.6,1198.0
1250124,1600,1194.4,1196.6,1187.4,1190.2
1250127,1600,1157.2,1160.0,1124.2,1147.6
1250128,1600,1163.8,1171.0,1153.4,1167.4
1250129,1600,1183.0,1185.6,1170.4,1173.4
1250130,1600,1183.0,1186.8,1168.6,1175.2
1250131,1600,1191.0,1202.6,1190.8,1199.0
1250203,1600,1179.6,1184.2,1170.8,1182.2
1250204,1600,1180.4,1189.2,1174.0,1187.8
1250205,1600,1177.2,1182.0,1171.6,1182.0
1250206,1600,1194.0,1199.4,1193.4,1195.6
1250207,1600,1198.6,1204.2,1190.0,1193.0
1250210,1600,1198.0,1208.0,1196.0,1207.2
1250211,1600,1201.6,1204.4,1196.2,1202.2
1250212,1600,1197.2,1200.0,1185.2,1192.0
1250213,1600,1195.0,1205.4,1190.6,1202.0
1250214,1600,1205.6,1206.2,1198.0,1200.8
1250217,1600,1210.0,1211.6,1207.2,1209.4
1250218,1600,1214.2,1218.0,1206.0,1209.0
1250219,1600,1214.2,1217.2,1208.6,1216.6
1250220,1600,1211.0,1213.6,1197.0,1200.6
1250221,1600,1202.4,1211.8,1197.0,1200.8
1250224,1600,1183.0,1188.0,1168.6,1176.6
1250225,1600,1164.0,1166.2,1141.0,1142.4
1250226,1600,1156.8,1163.0,1152.8,1160.4
1250227,1600,1158.8,1170.0,1145.0,1155.6
1250228,1600,1132.2,1140.0,1122.0,1135.6
1250303,1600,1150.8,1152.0,1132.2,1136.0
1250304,1600,1114.2,1116.4,1090.8,1095.8
1250305,1600,1099.6,1101.0,1073.4,1073.4
1250306,1600,1086.4,1087.2,1067.6,1076.6
1250307,1600,1064.0,1065.8,1045.4,1045.8
1250310,1600,1059.6,1060.2,1028.6,1033.0
1250311,1600,1022.6,1027.0,1009.0,1016.0
1250312,1600,1020.8,1038.2,1016.2,1032.4
1250313,1600,1024.0,1034.2,1015.2,1018.4
1250314,1600,1023.0,1036.2,1019.6,1033.2
1250317,1600,1030.8,1041.2,1028.0,1030.8
1250318,1600,1033.6,1036.6,1017.0,1022.0
1250319,1600,1022.6,1037.2,1022.2,1035.2
1250320,1600,1043.6,1052.4,1031.4,1039.4
1250321,1600,1037.8,1040.2,1026.2,1038.8
1250324,1600,1056.8,1069.0,1054.2,1068.2
1250325,1600,1068.8,1074.2,1065.4,1071.0
1250326,1600,1075.6,1076.8,1059.4,1060.8
1250327,1600,1056.4,1061.0,1047.8,1055.0
1250328,1600,1044.4,1050.8,1020.2,1022.0
1250331,1600,1004.2,1010.4,995.7,1009.4
1250401,1600,1021.2,1029.0,1011.2,1026.8
1250402,1600,1028.4,1030.2,1013.0,1029.2
1250403,1600,985.7,991.1,956.1,967.1
1250404,1600,956.2,962.5,914.0,925.0
1250407,1600,857.6,955.0,851.8,903.6
1250408,1600,919.6,955.8,919.6,939.3
1250409,1600,887.3,905.4,865.8,891.9
1250410,1600,986.8,989.2,935.9,935.9
1250411,1600,938.2,938.5,910.4,924.3
1250414,1600,951.2,968.6,947.0,948.1
1250415,1600,952.1,963.4,945.0,956.7
1250416,1600,929.9,945.2,924.9,936.1
1250417,1600,929.3,933.6,913.0,918.7
1250422,1600,896.8,911.4,892.6,909.2
1250423,1600,936.3,960.0,935.0,945.7
1250424,1600,938.2,962.8,930.0,960.2
1250425,1600,976.3,976.4,963.6,968.4
1250428,1600,979.6,982.5,966.1,967.8
1250429,1600,976.9,981.1,967.8,975.2
1250430,1600,979.5,982.6,957.6,976.6
1250502,1600,1002.6,1013.0,998.3,1013.0
1250505,1600,1009.4,1012.0,1002.2,1010.6
1250506,1600,1004.2,1004.8,991.0,1001.8
1250507,1600,1002.6,1005.4,992.9,995.8
1250508,1600,1020.2,1024.0,1009.8,1022.0
1250509,1600,1024.2,1028.2,1014.6,1020.0
1250512,1600,1066.0,1080.6,1060.6,1067.6
1250513,1600,1069.6,1088.4,1068.6,1086.2
1250514,1600,1087.6,1089.0,1076.6,1088.0
1250515,1600,1085.4,1092.4,1078.8,1092.4
1250516,1600,1088.0,1096.8,1087.6,1096.8
1250519,1600,1077.8,1088.2,1069.2,1086.6
1250520,1600,1085.6,1090.6,1083.0,1085.4
1250521,1600,1074.2,1083.8,1066.6,1082.8
1250522,1600,1069.6,1078.0,1062.0,1075.4
1250523,1600,1067.6,1069.6,1045.2,1056.8
1250526,1600,1063.6,1069.2,1062.8,1066.6
1250527,1600,1068.2,1078.0,1065.0,1078.0
1250528,1600,1082.8,1089.6,1078.2,1085.0
1250529,1600,1103.4,1107.6,1076.2,1078.6
1250530,1600,1075.8,1080.4,1069.0,1074.2
1250602,1600,1065.8,1074.4,1059.6,1069.0
1250603,1600,1074.6,1089.8,1070.8,1089.0
1250604,1600,1090.0,1093.2,1083.0,1089.0
1250605,1600,1089.8,1095.6,1080.6,1095.0
1250606,1600,1084.4,1098.0,1083.4,1093.4
1250609,1600,1090.2,1098.2,1088.8,1094.2
1250610,1600,1094.8,1096.8,1090.8,1091.8
1250611,1600,1098.4,1102.0,1094.4,1096.6
1250612,1600,1085.8,1086.8,1070.0,1084.0
1250613,1600,1071.2,1083.0,1070.4,1078.8
1250616,1600,1076.8,1086.8,1074.6,1085.2
1250617,1600,1082.2,1087.6,1078.0,1085.8
1250618,1600,1082.6,1088.6,1081.6,1084.4
1250619,1600,1081.6,1082.0,1069.4,1073.2
1250620,1600,1079.0,1089.8,1073.0,1077.8
1250623,1600,1075.6,1085.0,1075.2,1077.8
1250624,1600,1092.2,1093.2,1087.8,1092.0
1250625,1600,1095.8,1102.4,1095.2,1095.4
1250626,1600,1093.0,1097.2,1089.0,1095.2
1250627,1600,1100.6,1104.8,1097.4,1104.6
1250630,1600,1105.6,1109.6,1101.6,1103.0
1250701,1600,1102.4,1102.4,1089.6,1093.4
1250702,1600,1097.4,1102.6,1090.4,1099.8
1250703,1600,1101.6,1114.6,1099.4,1114.0
1250704,1600,1109.0,1109.0,1104.0,1105.2
1250707,1600,1108.8,1114.2,1107.6,1108.8
1250708,1600,1108.8,1114.0,1107.8,1110.6
1250709,1600,1109.4,1122.0,1108.4,1114.8
1250710,1600,1113.6,1121.0,1113.2,1119.8
1250711,1600,1117.2,1119.6,1110.2,1116.0
1250714,1600,1113.2,1120.4,1110.4,1118.8
1250715,1600,1127.2,1134.2,1125.4,1134.2
1250716,1600,1123.8,1133.4,1111.2,1111.2
1250717,1600,1135.4,1140.8,1132.0,1139.4
1250718,1600,1139.8,1139.8,1132.0,1133.8
1250721,1600,1137.6,1141.0,1133.4,1136.8
1250722,1600,1135.4,1137.2,1124.4,1125.6
1250723,1600,1127.8,1129.6,1122.6,1127.0
1250724,1600,1131.0,1134.0,1126.0,1130.4
1250725,1600,1133.2,1137.2,1131.2,1136.2
1250728,1600,1144.8,1151.4,1143.6,1150.4
1250729,1600,1161.8,1169.0,1158.6,1159.0
1250730,1600,1157.8,1168.4,1156.2,1166.2
1250731,1600,1183.4,1188.0,1169.2,1173.0
1250801,1600,1159.8,1159.8,1122.6,1130.8
1250804,1600,1132.0,1145.4,1132.0,1143.8
1250805,1600,1154.0,1156.4,1139.4,1139.4
1250806,1600,1142.8,1143.8,1135.8,1143.6
1250807,1600,1146.8,1159.0,1146.2,1152.8
1250808,1600,1152.2,1160.0,1151.2,1155.6
1250811,1600,1162.2,1168.8,1159.0,1167.0
1250812,1600,1162.0,1168.0,1156.8,1164.6
1250813,1600,1170.0,1173.4,1164.4,1164.8
1250814,1600,1168.0,1174.2,1164.0,1171.0
1250815,1600,1171.4,1171.4,1159.6,1160.6
1250818,1600,1162.8,1164.6,1160.2,1161.2
1250819,1600,1162.6,1164.2,1150.4,1153.6
1250820,1600,1148.2,1150.2,1128.0,1138.8
1250821,1600,1147.4,1147.6,1138.4,1145.0
1250822,1600,1141.4,1154.6,1140.8,1152.8
1250825,1600,1147.6,1154.2,1145.0,1154.2
1250826,1600,1153.2,1155.0,1149.0,1152.6
1250827,1600,1161.0,1165.6,1158.6,1162.2
1250828,1600,1159.8,1164.0,1155.6,1162.0
1250829,1600,1162.8,1163.2,1144.6,1146.8
1250901,1600,1144.2,1148.8,1143.8,1148.8
1250902,1600,1145.8,1147.4,1132.0,1132.0
1250903,1600,1148.6,1153.8,1146.6,1147.2
1250904,1600,1152.4,1158.0,1150.4,1156.4
1250905,1600,1165.0,1166.8,1147.0,1152.0
1250908,1600,1159.8,1164.4,1158.0,1163.4
1250909,1600,1160.4,1164.0,1158.0,1160.8
1250910,1600,1171.8,1175.2,1167.8,1168.4
1250911,1600,1171.4,1175.4,1167.2,1172.6
1250912,1600,1171.6,1178.0,1170.6,1177.6
1250915,1600,1179.6,1182.4,1174.2,1181.0
1250916,1600,1183.0,1185.6,1174.0,1174.4
1250917,1600,1174.8,1176.6,1168.6,1169.2
1250918,1600,1184.0,1195.0,1181.2,1194.0
1250919,1600,1190.4,1197.6,1188.6,1195.8
1250922,1600,1199.8,1202.4,1192.8,1200.8
1250923,1600,1203.8,1205.0,1199.2,1201.8
1250924,1600,1197.8,1204.2,1196.8,1198.2
1250925,1600,1195.2,1199.2,1186.0,1199.0
1250926,1600,1198.4,1203.8,1192.0,1195.0
1250929,1600,1203.4,1208.6,1202.2,1203.8
1250930,1600,1200.8,1203.4,1196.8,1200.6
1251001,1600,1190.8,1207.4,1189.0,1207.4
1251002,1600,1213.2,1219.4,1212.4,1216.8
1251003,1600,1221.2,1222.0,1212.4,1217.2
1251006,1600,1219.8,1228.2,1217.2,1222.6
1251007,1600,1224.2,1231.6,1220.8,1220.8
1251008,1600,1226.4,1236.0,1224.0,1235.6
1251009,1600,1241.4,1242.8,1238.0,1240.8
1251010,1600,1245.0,1249.0,1212.0,1212.4
1251013,1600,1217.2,1225.2,1215.0,1223.8
1251014,1600,1213.2,1217.2,1200.4,1215.4
1251015,1600,1218.2,1229.8,1216.4,1222.0
1251016,1600,1223.2,1228.2,1220.0,1221.4
1251017,1600,1193.2,1219.0,1187.2,1205.2
1251020,1600,1226.6,1237.0,1223.8,1236.6
1251021,1600,1237.0,1242.4,1236.6,1240.2
1251022,1600,1241.0,1244.0,1226.8,1227.0
1251023,1600,1234.4,1236.2,1225.2,1236.2
1251024,1600,1244.0,1252.2,1242.2,1251.0
1251027,1600,1265.0,1269.4,1263.2,1269.0
1251028,1600,1269.4,1278.8,1268.2,1275.8
1251029,1600,1289.0,1290.0,1281.0,1283.2
1251030,1600,1290.0,1292.0,1279.0,1284.0
1251031,1600,1292.8,1296.6,1284.0,1286.8
1251103,1600,1287.2,1301.6,1287.2,1289.8
1251104,1600,1275.2,1286.2,1271.6,1279.0
1251105,1600,1264.8,1279.2,1262.0,1279.0
1251106,1600,1270.6,1277.6,1249.4,1249.4
1251107,1600,1254.2,1255.0,1221.0,1221.8
1251110,1600,1257.0,1267.8,1255.2,1259.8
1251111,1600,1267.8,1268.2,1255.0,1256.4
1251112,1600,1270.4,1274.4,1255.8,1260.0
1251113,1600,1262.2,1263.0,1236.4,1236.8
1251114,1600,1227.4,1242.0,1209.4,1240.2
1251117,1600,1246.2,1248.8,1229.0,1236.0
1251118,1600,1218.8,1225.4,1203.0,1216.6
1251119,1600,1213.2,1235.6,1212.6,1221.8
1251120,1600,1248.6,1255.0,1231.0,1231.0
1251121,1600,1196.6,1206.0,1187.0,1203.6
1251124,1600,1214.6,1234.6,1207.2,1233.0
1251125,1600,1236.6,1237.0,1216.0,1229.6
1251126,1600,1245.0,1249.6,1241.4,1249.6
1251127,1600,1249.4,1251.4,1247.8,1248.4
1251128,1600,1252.4,1259.0,1251.6,1253.8
1251201,1600,1246.4,1251.4,1238.8,1249.8
1251202,1600,1249.4,1265.6,1248.4,1256.0
1251203,1600,1261.8,1262.4,1247.6,1256.8
1251204,1600,1259.0,1262.8,1252.4,1256.6
1251205,1600,1263.4,1271.0,1257.6,1264.0
1251208,1600,1267.4,1271.0,1263.0,1263.8
1251209,1600,1264.6,1266.0,1258.4,1265.2
1251210,1600,1265.2,1267.0,1257.0,1261.8
1251211,1600,1249.8,1257.2,1239.8,1244.2
1251212,1600,1253.4,1254.4,1227.6,1229.6
1251215,1600,1234.2,1239.4,1220.6,1228.0
1251216,1600,1214.0,1222.4,1213.4,1218.2
1251217,1600,1232.0,1236.6,1209.0,1209.0
1251218,1600,1211.8,1231.6,1211.4,1229.0
1251219,1600,1231.2,1240.0,1226.6,1239.2
1251222,1600,1245.4,1246.8,1239.0,1242.2
1251223,1600,1239.4,1243.4,1235.8,1242.6
1251229,1600,1245.4,1247.0,1239.4,1243.4
1251230,1600,1243.2,1245.0,1242.0,1244.8
1260102,1600,1244.6,1252.0,1226.8,1231.4
1260105,1600,1241.6,1251.0,1241.6,1248.4
1260106,1600,1244.4,1255.8,1239.6,1251.6
1260107,1600,1256.4,1264.2,1253.2,1263.0
1260108,1600,1256.8,1261.2,1249.4,1252.0
1260109,1600,1256.0,1267.6,1255.2,1266.2
1260112,1600,1255.4,1267.0,1250.6,1266.0
1260113,1600,1266.2,1272.2,1263.0,1270.0
1260114,1600,1265.8,1266.4,1245.8,1248.0
1260115,1600,1259.2,1275.4,1259.0,1271.4
1260116,1600,1269.0,1270.6,1259.2,1264.2
1260119,1600,1244.0,1246.4,1236.6,1240.8
1260120,1600,1231.4,1235.6,1220.6,1235.6
1260121,1600,1227.0,1242.0,1217.0,1237.2
1260122,1600,1250.0,1255.0,1242.6,1246.6
1260123,1600,1248.8,1254.4,1241.2,1250.0
1260126,1600,1238.8,1244.2,1230.4,1243.6
1260127,1600,1250.6,1251.4,1238.4,1243.0
1260128,1600,1252.8,1256.8,1249.4,1251.6
1260129,1600,1250.6,1253.8,1221.6,1228.4
1260130,1600,1230.4,1245.2,1228.6,1241.2
1260202,1600,1221.8,1253.4,1221.0,1252.4
1260203,1600,1257.0,1258.8,1233.0,1234.6
1260204,1600,1229.8,1232.6,1213.4,1214.0
1260205,1600,1213.4,1216.2,1188.6,1201.2
1260206,1600,1188.4,1211.4,1188.4,1211.4
1260209,1600,1213.8,1218.2,1197.6,1218.0
1260210,1600,1216.0,1221.6,1211.8,1217.4
1260211,1600,1212.0,1226.8,1206.0,1213.2
1260212,1600,1221.4,1223.8,1196.4,1198.4
1260213,1600,1194.4,1201.8,1185.6,1197.0
1260216,1600,1198.2,1201.6,1191.0,1192.4
1260217,1600,1194.4,1200.0,1184.0,1195.8
1260218,1600,1201.6,1215.6,1199.2,1215.4
1260219,1600,1213.4,1214.4,1205.0,1210.2
1260220,1600,1214.0,1220.0,1201.4,1216.4
1260223,1600,1205.4,1214.6,1197.8,1200.6
1260224,1600,1205.4,1216.6,1200.4,1213.8
1260225,1600,1216.2,1231.4,1216.0,1227.2
1260226,1600,1230.0,1233.2,1209.4,1216.6
1260227,1600,1215.8,1217.6,1202.0,1210.8
1260302,1600,1199.2,1225.8,1197.4,1222.2
1260303,1600,1214.2,1220.0,1204.4,1217.4
1260304,1600,1216.4,1237.6,1215.8,1236.8
1260305,1600,1236.4,1244.4,1233.4,1238.4
1260306,1600,1239.4,1240.0,1220.6,1226.4
1260309,1600,1204.8,1222.4,1203.4,1221.0
1260310,1600,1233.4,1239.0,1227.2,1237.8
1260311,1600,1234.4,1243.4,1231.6,1238.6
1260312,1600,1236.0,1236.8,1224.0,1228.0
1260313,1600,1223.6,1238.0,1222.8,1226.2
1260316,1600,1231.0,1235.4,1226.6,1231.4
1260317,1600,1227.0,1237.8,1223.2,1233.8
1260318,1600,1241.4,1242.8,1226.6,1227.2
1260319,1600,1219.8,1222.0,1206.0,1206.0
1260320,1600,1208.4,1210.2,1194.8,1194.8
1260323,1600,1178.2,1214.0,1177.6,1197.0
1260324,1600,1199.8,1200.6,1187.0,1192.0
1260325,1600,1199.8,1204.8,1195.0,1202.0
1260326,1600,1196.2,1196.8,1184.8,1184.8
1260327,1600,1179.6,1179.6,1158.0,1160.4
1260330,1600,1157.2,1167.2,1155.8,1163.8
1260331,1600,1156.6,1164.6,1154.6,1162.4
1260401,1600,1188.2,1191.8,1180.0,1191.8
1260402,1600,1177.6,1196.2,1170.8,1193.0
1260407,1600,1197.2,1203.0,1180.0,1185.8
1260408,1600,1228.2,1231.8,1215.8,1221.0
1260409,1600,1223.4,1224.6,1218.2,1224.0
1260410,1600,1231.6,1234.8,1229.0,1231.8
1260413,1600,1226.2,1235.0,1223.6,1233.0
1260414,1600,1238.8,1249.4,1238.6,1249.4
1260415,1600,1257.8,1266.2,1256.6,1265.6
1260416,1600,1279.6,1284.2,1274.2,1283.6
1260417,1600,1283.0,1298.6,1282.2,1298.6
1260420,1600,1295.4,1300.0,1288.2,1291.0
1260421,1600,1300.4,1304.8,1295.0,1298.4
1260422,1600,1303.6,1315.2,1301.2,1314.0
1260423,1600,1317.0,1323.2,1312.8,1323.2
1260424,1600,1324.8,1333.4,1323.0,1333.4
1260427,1600,1335.2,1337.4,1328.4,1331.2
1260428,1600,1335.4,1336.2,1318.0,1318.0
1260429,1600,1331.4,1334.6,1326.6,1333.4
1260430,1600,1336.2,1346.2,1326.4,1334.2
1260504,1600,1360.8,1364.0,1351.8,1354.6
1260505,1600,1363.8,1374.2,1363.0,1373.6
1260506,1600,1380.8,1390.2,1379.0,1389.8
1260507,1600,1398.0,1405.6,1393.2,1402.8
1260508,1600,1403.2,1417.6,1401.0,1417.6
1260511,1600,1425.0,1429.0,1419.8,1428.0
1260512,1600,1422.0,1427.0,1407.8,1409.4
1260513,1600,1430.0,1438.6,1421.2,1432.2
1260514,1600,1445.4,1459.2,1440.0,1456.8
1260515,1600,1446.4,1448.2,1432.6,1445.0
1260518,1600,1432.2,1444.8,1423.0,1426.0
1260519,1600,1427.2,1433.0,1413.6,1420.8
1260520,1600,1433.0,1446.8,1432.2,1442.8
1260521,1600,1442.6,1450.2,1439.4,1443.4
1260522,1600,1457.8,1466.0,1453.6,1465.8
1260525,1600,1474.4,1475.8,1471.4,1472.4
1260526,1600,1467.8,1483.4,1464.4,1479.0
1260527,1600,1480.6,1493.2,1470.0,1474.6
1260528,1600,1476.6,1488.4,1473.4,1488.4
1260529,1600,1492.2,1502.0,1489.4,1492.0
1260601,1600,1503.2,1506.0,1493.0,1506.0
1260602,1600,1502.2,1511.2,1498.8,1511.2
1260603,1600,1515.0,1521.8,1507.4,1513.4
1260604,1600,1508.0,1508.6,1486.0,1500.8
1260605,1600,1485.2,1490.0,1474.4,1475.0
1260608,1600,1450.2,1477.2,1449.6,1470.2
1260609,1600,1474.8,1479.2,1431.8,1432.4
1260610,1600,1437.8,1450.6,1422.6,1427.6
1260611,1600,1431.2,1445.0,1424.0,1435.8
1260612,1600,1454.4,1474.8,1451.8,1472.8
1260615,1600,1495.0,1511.2,1493.4,1509.6
1260616,1600,1511.8,1517.2,1493.6,1497.0
1260617,1600,1496.0,1497.4,1486.0,1491.8
1260618,1600,1501.0,1518.6,1499.8,1512.8
1260619,1600,1517.6,1521.8,1513.6,1520.6
1260622,1600,1526.2,1539.2,1517.8,1520.0
1260623,1600,1494.0,1501.0,1479.0,1487.6
1260624,1600,1491.6,1498.4,1481.0,1492.8
1260625,1600,1507.8,1515.2,1467.0,1480.4
1260626,1600,1472.6,1477.4,1454.0,1475.0
1260629,1600,1476.0,1486.8,1459.8,1481.2
1260630,1600,1502.8,1517.8,1497.6,1515.4
1260701,1600,1516.8,1520.8,1504.4,1516.0
1260702,1600,1495.6,1507.0,1474.6,1481.6
1260703,1600,1484.4,1491.4,1483.8,1488.8
1260706,1600,1489.2,1500.2,1485.8,1499.0
1260707,1600,1481.4,1482.4,1456.2,1462.0
1260708,1600,1462.2,1468.4,1445.0,1456.0
1260709,1600,1476.8,1492.0,1476.0,1489.8
1260710,1600,1487.0,1496.4,1483.0,1493.8
1260713,1600,1482.4,1487.4,1475.0,1486.0
1260714,1600,1481.8,1489.8,1474.4,1488.2
1260715,1600,1500.2,1500.8,1473.6,1476.8
1260716,1600,1476.0,1476.0,1458.2,1467.8
1260717,1600,1432.4,1441.6,1418.4,1434.4
1260720,1600,1438.4,1459.0,1437.6,1451.8
1260721,1600,1456.6,1466.6,1453.4,1465.6
1260722,1600,1455.6,1467.6,1450.0,1466.6
1260723,1600,1453.4,1458.2,1428.6,1433.2
1260724,1600,1433.2,1441.0,1419.0,1430.4
1260727,1600,1438.4,1441.6,1403.8,1406.6
1260728,1600,1404.6,1409.2,1386.8,1403.8
1260729,1600,1399.2,1406.4,1379.8,1384.8
1260730,1600,1372.4,1401.8,1366.4,1393.0
1260731,1600,1413.8,1429.0,1397.6,1401.0
1260803,1600,1419.0,1431.0,1404.2,1430.0
1260804,1600,1445.8,1473.2,1442.0,1471.6
1260805,1600,1484.6,1490.2,1474.0,1477.6
1260806,1600,1463.0,1472.8,1450.0,1468.2
1260807,1600,1467.4,1476.8,1464.2,1476.8
1260810,1600,1481.8,1484.0,1472.4,1475.0
1260811,1600,1476.0,1481.6,1469.0,1471.6
1260812,1600,1475.8,1485.8,1474.8,1479.8
1260813,1600,1483.8,1501.6,1480.4,1497.0
1260814,1600,1497.6,1499.4,1485.6,1485.6
1260817,1600,1497.0,1497.6,1489.0,1494.6
1260818,1600,1478.6,1479.2,1459.4,1462.6
1260819,1600,1458.6,1464.4,1443.0,1452.8
1260820,1600,1453.8,1454.6,1434.0,1437.2
1260821,1600,1440.2,1447.6,1433.6,1442.8
1260824,1600,1431.2,1436.8,1422.4,1430.4
1260825,1600,1439.4,1444.8,1432.6,1437.6
1260826,1600,1437.0,1442.4,1432.4,1438.2
1260827,1600,1451.0,1459.4,1448.0,1455.2
1260828,1600,1458.8,1471.8,1456.0,1470.6
1260831,1600,1460.2,1461.0,1450.6,1451.0
1260901,1600,1460.6,1461.0,1436.4,1446.2
1260902,1600,1443.0,1445.0,1434.0,1444.0
1260903,1600,1443.0,1458.0,1438.0,1458.0
1260904,1600,1460.4,1466.8,1456.6,1456.8
1260907,1600,1466.2,1466.6,1458.2,1460.4
1260908,1600,1462.8,1465.6,1453.6,1461.0
1260909,1600,1459.2,1460.4,1445.6,1453.0
1260910,1600,1453.4,1454.2,1437.4,1444.2
1260911,1600,1447.6,1459.4,1446.2,1458.6
1260914,1600,1439.2,1450.2,1434.0,1450.2
1260915,1600,1447.8,1451.0,1439.0,1442.4
1260916,1600,1447.2,1454.8,1445.0,1453.4
1260917,1600,1461.4,1472.8,1461.4,1472.0
1260918,1600,1482.0,1485.2,1474.4,1475.2
1260921,1600,1495.6,1500.2,1494.0,1499.2
